{"type":"FeatureCollection","features":[{"type":"Feature","properties":{"id":"bharuch","name":"Bharuch","stateId":"gujarat","stateName":"Gujarat","censuscode":488,"type":"district"},"geometry":{"type":"MultiPolygon","coordinates":[[[[72.65792,21.47014],[72.65792,21.47065],[72.6582,21.47097],[72.6582,21.47098],[72.6582,21.47181],[72.65847,21.4718],[72.65847,21.47209],[72.65903,21.47208],[72.65903,21.47236],[72.6593,21.47236],[72.6593,21.47264],[72.65958,21.47264],[72.65958,21.47292],[72.65986,21.47292],[72.65986,21.4732],[72.66014,21.4732],[72.66014,21.47347],[72.66042,21.47347],[72.66042,21.47466],[72.66042,21.47514],[72.6618,21.47514],[72.6618,21.47542],[72.66209,21.47542],[72.66209,21.47569],[72.66232,21.47569],[72.66236,21.47569],[72.66236,21.47576],[72.66236,21.47625],[72.66264,21.47625],[72.66264,21.47653],[72.66292,21.47653],[72.66292,21.47708],[72.66308,21.47708],[72.66319,21.47708],[72.66319,21.47764],[72.66348,21.47764],[72.66348,21.47792],[72.66402,21.47792],[72.66402,21.47764],[72.66458,21.47764],[72.66458,21.47792],[72.66485,21.47792],[72.66485,21.47875],[72.66514,21.47875],[72.66514,21.47981],[72.66514,21.47986],[72.66541,21.47986],[72.66541,21.4807],[72.6657,21.48069],[72.6657,21.48181],[72.66597,21.48181],[72.66597,21.48236],[72.66625,21.48236],[72.66625,21.48375],[72.66653,21.48375],[72.66653,21.48459],[72.66681,21.48459],[72.66681,21.48642],[72.66681,21.48747],[72.66681,21.48847],[72.66707,21.48847],[72.66707,21.48903],[72.66736,21.48903],[72.66736,21.49208],[72.66707,21.49208],[72.66707,21.49236],[72.66736,21.49236],[72.66736,21.49292],[72.66764,21.49292],[72.66764,21.49347],[72.66792,21.49347],[72.66792,21.49375],[72.6682,21.49375],[72.6682,21.49681],[72.66847,21.49681],[72.66847,21.4982],[72.66875,21.49819],[72.66875,21.49875],[72.66903,21.49875],[72.66903,21.50097],[72.66875,21.50097],[72.66875,21.50208],[72.66903,21.50208],[72.66903,21.50236],[72.6693,21.50236],[72.6693,21.50264],[72.66986,21.50264],[72.66986,21.50292],[72.67042,21.50292],[72.67042,21.50319],[72.67069,21.50319],[72.67069,21.50486],[72.67097,21.50486],[72.67097,21.50542],[72.67124,21.50542],[72.67124,21.50681],[72.67097,21.50681],[72.67097,21.50792],[72.67069,21.50792],[72.67069,21.50903],[72.67042,21.50903],[72.67042,21.50932],[72.67069,21.50932],[72.67069,21.51014],[72.67097,21.51014],[72.67097,21.51125],[72.67125,21.51125],[72.67124,21.5118],[72.67153,21.51181],[72.67153,21.51236],[72.67181,21.51236],[72.67181,21.51292],[72.67347,21.51292],[72.67347,21.5132],[72.67541,21.5132],[72.67541,21.51347],[72.67736,21.51347],[72.67736,21.51375],[72.67764,21.51375],[72.67764,21.51403],[72.67847,21.51403],[72.67847,21.51375],[72.6793,21.51375],[72.6793,21.51403],[72.67986,21.51403],[72.67986,21.51431],[72.68042,21.51431],[72.68042,21.51459],[72.68069,21.51458],[72.6807,21.51486],[72.68097,21.51486],[72.68097,21.51514],[72.68125,21.51513],[72.68125,21.51542],[72.68153,21.51542],[72.68153,21.5157],[72.68181,21.5157],[72.68181,21.51597],[72.68209,21.51597],[72.68209,21.51764],[72.68153,21.51764],[72.68153,21.51736],[72.68125,21.51736],[72.68125,21.51708],[72.68097,21.51708],[72.68097,21.51653],[72.68043,21.51653],[72.68043,21.51625],[72.67986,21.51625],[72.67986,21.51597],[72.67958,21.51597],[72.67958,21.5157],[72.67848,21.5157],[72.67848,21.51542],[72.67792,21.51542],[72.67792,21.5157],[72.67653,21.5157],[72.67653,21.51542],[72.67625,21.51542],[72.67625,21.51513],[72.67597,21.51514],[72.67597,21.51486],[72.67541,21.51486],[72.67541,21.51459],[72.67403,21.51459],[72.67403,21.51431],[72.67237,21.51431],[72.67237,21.51459],[72.6713,21.51458],[72.67133,21.51479],[72.6714,21.51513],[72.67152,21.51513],[72.67152,21.51542],[72.67181,21.51542],[72.67181,21.5157],[72.67208,21.51569],[72.67208,21.51625],[72.67237,21.51625],[72.67237,21.51653],[72.67292,21.51653],[72.67292,21.51681],[72.67319,21.51681],[72.67319,21.51792],[72.67347,21.51792],[72.67347,21.5182],[72.67375,21.5182],[72.67375,21.51875],[72.67403,21.51875],[72.67403,21.5202],[72.67403,21.52042],[72.67417,21.52042],[72.67431,21.52042],[72.67431,21.52064],[72.67434,21.52069],[72.67458,21.52069],[72.67458,21.52109],[72.67467,21.52126],[72.67542,21.52126],[72.67542,21.52153],[72.6757,21.52153],[72.6757,21.52181],[72.67625,21.52181],[72.67625,21.52208],[72.67653,21.52208],[72.67653,21.52236],[72.6768,21.52236],[72.6768,21.52264],[72.67709,21.52264],[72.67709,21.52292],[72.67737,21.52292],[72.67737,21.5232],[72.67792,21.5232],[72.67792,21.52347],[72.67819,21.52347],[72.67819,21.52375],[72.67847,21.52375],[72.67847,21.52403],[72.67875,21.52403],[72.67875,21.52459],[72.6793,21.52458],[72.6793,21.52486],[72.67986,21.52486],[72.67986,21.52514],[72.68043,21.52514],[72.68043,21.52542],[72.68097,21.52542],[72.68097,21.5257],[72.68125,21.5257],[72.68125,21.52597],[72.68153,21.52597],[72.68153,21.52625],[72.68209,21.52625],[72.68209,21.52653],[72.68264,21.52653],[72.68264,21.52681],[72.68459,21.52681],[72.68459,21.52708],[72.68486,21.52707],[72.68486,21.52736],[72.68514,21.52736],[72.68514,21.52764],[72.68542,21.52764],[72.68542,21.52792],[72.68569,21.52792],[72.68569,21.5282],[72.68653,21.5282],[72.68653,21.52847],[72.68757,21.52847],[72.6882,21.52847],[72.6882,21.52831],[72.6882,21.5282],[72.68883,21.5282],[72.68884,21.5282],[72.68903,21.5282],[72.68903,21.52817],[72.68903,21.52792],[72.68986,21.52792],[72.68986,21.52801],[72.68986,21.5282],[72.69014,21.5282],[72.69014,21.52793],[72.69014,21.52792],[72.69021,21.52792],[72.6918,21.52792],[72.6918,21.5277],[72.6918,21.52764],[72.69243,21.52764],[72.69264,21.52764],[72.69264,21.52762],[72.69264,21.52736],[72.69378,21.52736],[72.69436,21.5272],[72.69561,21.52726],[72.69569,21.52727],[72.69569,21.52707],[72.69876,21.52707],[72.69876,21.52722],[72.69876,21.52736],[72.6993,21.52736],[72.6993,21.52725],[72.6993,21.52707],[72.70021,21.52707],[72.70042,21.52707],[72.70042,21.52736],[72.70236,21.52736],[72.70236,21.52764],[72.70403,21.52764],[72.70403,21.52792],[72.70483,21.52792],[72.70569,21.52792],[72.70569,21.5282],[72.70597,21.5282],[72.70597,21.52847],[72.70653,21.52847],[72.70653,21.52875],[72.7068,21.52875],[72.7068,21.52903],[72.70708,21.52903],[72.70708,21.52924],[72.70708,21.52931],[72.70728,21.52931],[72.70764,21.52931],[72.70764,21.52943],[72.70764,21.52958],[72.7081,21.52958],[72.70903,21.52958],[72.70903,21.52986],[72.70959,21.52986],[72.70959,21.53014],[72.71041,21.53014],[72.71041,21.53042],[72.71125,21.53042],[72.71125,21.5307],[72.71208,21.53069],[72.71208,21.53097],[72.71291,21.53097],[72.71291,21.53125],[72.7143,21.53125],[72.7143,21.53153],[72.71458,21.53153],[72.71458,21.53181],[72.7157,21.53181],[72.7157,21.53208],[72.71625,21.53208],[72.71625,21.53236],[72.71671,21.53236],[72.71709,21.53236],[72.71709,21.53264],[72.71763,21.53264],[72.71763,21.53292],[72.71819,21.53292],[72.71819,21.5332],[72.71903,21.53319],[72.71903,21.53347],[72.71985,21.53347],[72.71985,21.53375],[72.72071,21.53375],[72.72071,21.53403],[72.72153,21.53403],[72.72153,21.53431],[72.7218,21.53431],[72.72181,21.53458],[72.72209,21.53458],[72.72209,21.53431],[72.72236,21.53431],[72.72236,21.53458],[72.7243,21.53458],[72.7243,21.53486],[72.72486,21.53486],[72.72486,21.53514],[72.72625,21.53514],[72.72625,21.53486],[72.72681,21.53486],[72.72681,21.53514],[72.72736,21.53514],[72.72736,21.53542],[72.72791,21.53542],[72.72791,21.53569],[72.72903,21.53569],[72.72903,21.53597],[72.72986,21.53597],[72.72986,21.53625],[72.7307,21.53624],[72.7307,21.53653],[72.73208,21.53653],[72.73208,21.53681],[72.73236,21.53681],[72.73236,21.53653],[72.73292,21.53653],[72.73292,21.53708],[72.73375,21.53708],[72.73375,21.53736],[72.73385,21.53736],[72.73431,21.53736],[72.73431,21.53764],[72.73487,21.53764],[72.73487,21.53792],[72.7357,21.53792],[72.7357,21.5382],[72.73634,21.5382],[72.73681,21.5382],[72.73681,21.53847],[72.73708,21.53847],[72.73708,21.53875],[72.73736,21.53875],[72.73736,21.53897],[72.73736,21.53903],[72.73744,21.53903],[72.73764,21.53903],[72.73764,21.53914],[72.73764,21.53958],[72.73792,21.53958],[72.73792,21.53986],[72.7382,21.53986],[72.7382,21.54014],[72.73875,21.54014],[72.73875,21.54042],[72.73903,21.54042],[72.73903,21.54097],[72.7393,21.54097],[72.7393,21.54125],[72.73959,21.54125],[72.73959,21.54153],[72.74014,21.54153],[72.74014,21.54181],[72.74069,21.54181],[72.74069,21.54264],[72.74098,21.54264],[72.74098,21.5432],[72.74153,21.5432],[72.74153,21.54347],[72.74181,21.54347],[72.74181,21.54569],[72.74264,21.54569],[72.74264,21.54708],[72.74236,21.54708],[72.74236,21.54847],[72.74208,21.54847],[72.74208,21.54875],[72.74236,21.54875],[72.74236,21.55014],[72.74208,21.55014],[72.74208,21.55042],[72.74181,21.55042],[72.74181,21.55069],[72.74153,21.5507],[72.74153,21.55097],[72.74125,21.55097],[72.74125,21.55125],[72.74097,21.55124],[72.74097,21.55153],[72.74069,21.55153],[72.74069,21.5518],[72.74069,21.55181],[72.74042,21.55181],[72.74042,21.55209],[72.73986,21.55208],[72.73986,21.55236],[72.73959,21.55236],[72.73959,21.55264],[72.73875,21.55264],[72.73875,21.55292],[72.7382,21.55292],[72.7382,21.5532],[72.73736,21.5532],[72.73736,21.55292],[72.73681,21.55292],[72.73681,21.5532],[72.73597,21.5532],[72.73597,21.55347],[72.73569,21.55347],[72.73569,21.55403],[72.73542,21.55403],[72.73542,21.55486],[72.73569,21.55486],[72.73569,21.55514],[72.73625,21.55514],[72.73625,21.55542],[72.73653,21.55542],[72.73653,21.55597],[72.73681,21.55597],[72.73681,21.55681],[72.73625,21.55681],[72.73625,21.55653],[72.73569,21.55653],[72.73569,21.55625],[72.73487,21.55625],[72.73487,21.55597],[72.73458,21.55597],[72.73458,21.5557],[72.73375,21.5557],[72.73375,21.55542],[72.73347,21.55542],[72.73347,21.55486],[72.73319,21.55486],[72.73319,21.55403],[72.73292,21.55403],[72.73292,21.55264],[72.73319,21.55264],[72.73319,21.55208],[72.73375,21.55209],[72.73375,21.55181],[72.73402,21.55181],[72.73402,21.55153],[72.73431,21.55153],[72.73431,21.55124],[72.73458,21.55125],[72.73458,21.55097],[72.73483,21.55097],[72.73597,21.55097],[72.73597,21.5507],[72.73653,21.5507],[72.73653,21.55097],[72.73681,21.55097],[72.73681,21.5507],[72.73764,21.5507],[72.73764,21.55042],[72.73875,21.55042],[72.73875,21.55014],[72.73938,21.55014],[72.73986,21.55014],[72.73986,21.54986],[72.74014,21.54986],[72.74014,21.54653],[72.73986,21.54653],[72.73986,21.54625],[72.73959,21.54625],[72.73959,21.54569],[72.73986,21.54569],[72.73986,21.54486],[72.73959,21.54486],[72.73959,21.54375],[72.7393,21.54375],[72.7393,21.54347],[72.73903,21.54347],[72.73903,21.54264],[72.73875,21.54264],[72.73875,21.54236],[72.73847,21.54236],[72.73847,21.54208],[72.7382,21.54209],[72.7382,21.54181],[72.73792,21.54181],[72.73792,21.54125],[72.73764,21.54125],[72.73764,21.54097],[72.73736,21.54097],[72.73736,21.5407],[72.73708,21.5407],[72.73708,21.54042],[72.73569,21.54042],[72.73569,21.54014],[72.73514,21.54014],[72.73514,21.53986],[72.73431,21.53986],[72.73431,21.53958],[72.73389,21.53958],[72.73263,21.53958],[72.73263,21.53926],[72.73263,21.53903],[72.73208,21.53903],[72.73208,21.53875],[72.73042,21.53875],[72.73042,21.53847],[72.72875,21.53847],[72.72875,21.5382],[72.72681,21.5382],[72.72681,21.53792],[72.72598,21.53792],[72.72598,21.53764],[72.72486,21.53764],[72.72486,21.53736],[72.72459,21.53736],[72.72459,21.53764],[72.7232,21.53764],[72.7232,21.53736],[72.72157,21.53736],[72.72125,21.53736],[72.72125,21.53708],[72.71931,21.53708],[72.71931,21.53681],[72.71875,21.53681],[72.71875,21.53653],[72.71819,21.53653],[72.71819,21.53624],[72.71681,21.53625],[72.71681,21.53597],[72.71597,21.53597],[72.71597,21.53569],[72.71459,21.53569],[72.71459,21.53542],[72.71291,21.53542],[72.71291,21.53514],[72.71208,21.53514],[72.71208,21.53486],[72.71125,21.53486],[72.71125,21.53458],[72.71098,21.53458],[72.71098,21.53403],[72.71014,21.53403],[72.71014,21.53375],[72.70959,21.53375],[72.70959,21.53347],[72.70931,21.53347],[72.70931,21.53319],[72.70875,21.53319],[72.70875,21.53347],[72.70848,21.53347],[72.70848,21.53319],[72.70792,21.5332],[72.70792,21.53292],[72.70708,21.53292],[72.70708,21.53264],[72.70659,21.53264],[72.70653,21.53264],[72.70653,21.53258],[72.70614,21.53236],[72.70597,21.53236],[72.70597,21.53226],[72.70597,21.53208],[72.70565,21.53208],[72.70487,21.53208],[72.70487,21.53236],[72.70402,21.53236],[72.70402,21.53208],[72.70348,21.53208],[72.70348,21.53236],[72.70236,21.53236],[72.70236,21.53264],[72.70181,21.53264],[72.70181,21.53292],[72.70097,21.53292],[72.70097,21.5332],[72.69876,21.53319],[72.69876,21.53347],[72.69847,21.53347],[72.69847,21.53375],[72.69791,21.53375],[72.69791,21.53403],[72.69708,21.53403],[72.69708,21.53431],[72.69597,21.53431],[72.69597,21.53458],[72.69486,21.53458],[72.69486,21.53431],[72.69431,21.53431],[72.69431,21.53458],[72.69319,21.53458],[72.69319,21.53486],[72.69264,21.53486],[72.69264,21.53458],[72.69236,21.53458],[72.69237,21.53486],[72.69124,21.53486],[72.69124,21.53542],[72.6907,21.53542],[72.6907,21.53569],[72.69014,21.53569],[72.69014,21.53597],[72.68958,21.53597],[72.68958,21.53625],[72.68903,21.53624],[72.68903,21.53653],[72.68847,21.53653],[72.68847,21.53708],[72.68819,21.53708],[72.68819,21.53736],[72.68764,21.53736],[72.68764,21.53764],[72.68736,21.53764],[72.68736,21.5382],[72.68708,21.5382],[72.68708,21.53847],[72.68681,21.53847],[72.68681,21.53871],[72.68681,21.53875],[72.68669,21.53875],[72.68653,21.53875],[72.68653,21.5388],[72.68653,21.53931],[72.68625,21.53931],[72.68625,21.53958],[72.68569,21.53958],[72.68569,21.54014],[72.68542,21.54014],[72.68542,21.5407],[72.68521,21.54084],[72.68514,21.54089],[72.68514,21.54097],[72.68503,21.54097],[72.68459,21.54097],[72.6846,21.54125],[72.68431,21.54125],[72.68431,21.54153],[72.68403,21.54153],[72.68403,21.54292],[72.6832,21.54292],[72.6832,21.54264],[72.68291,21.54264],[72.68291,21.54263],[72.68291,21.54236],[72.68276,21.54236],[72.68264,21.54236],[72.68264,21.54208],[72.68236,21.54209],[72.68236,21.54125],[72.68209,21.54125],[72.68209,21.54093],[72.68209,21.5407],[72.6819,21.5407],[72.68181,21.5407],[72.68181,21.54061],[72.68181,21.54042],[72.68153,21.54042],[72.68153,21.54014],[72.68097,21.54014],[72.68097,21.53986],[72.67848,21.53986],[72.67848,21.53958],[72.67792,21.53958],[72.67792,21.53931],[72.67736,21.53931],[72.67736,21.53875],[72.67625,21.53875],[72.67625,21.53847],[72.67597,21.53847],[72.67597,21.5382],[72.6757,21.5382],[72.6757,21.53792],[72.67542,21.53792],[72.67542,21.53764],[72.67375,21.53764],[72.67375,21.53736],[72.67292,21.53736],[72.67292,21.53708],[72.67181,21.53708],[72.67181,21.53681],[72.67124,21.53681],[72.67124,21.53653],[72.67069,21.53653],[72.67069,21.53597],[72.67042,21.53597],[72.67042,21.53569],[72.66931,21.53569],[72.66931,21.53514],[72.66903,21.53514],[72.66903,21.53486],[72.6682,21.53486],[72.6682,21.53458],[72.66792,21.53458],[72.66792,21.53431],[72.66736,21.53431],[72.66736,21.53375],[72.66681,21.53375],[72.66681,21.53347],[72.66653,21.53347],[72.66653,21.53319],[72.6657,21.5332],[72.6657,21.53264],[72.66541,21.53264],[72.66541,21.53236],[72.66514,21.53236],[72.66514,21.53208],[72.66487,21.53208],[72.66487,21.53181],[72.66458,21.53181],[72.66458,21.53153],[72.66431,21.53153],[72.66431,21.5307],[72.66402,21.5307],[72.66402,21.53042],[72.66375,21.53042],[72.66375,21.52986],[72.66347,21.52986],[72.66347,21.52958],[72.66319,21.52958],[72.66319,21.52903],[72.66264,21.52903],[72.66264,21.52875],[72.66236,21.52875],[72.66236,21.52847],[72.66209,21.52847],[72.66209,21.5282],[72.6618,21.5282],[72.6618,21.52792],[72.66125,21.52792],[72.66125,21.52764],[72.66097,21.52764],[72.66097,21.52736],[72.66042,21.52736],[72.66042,21.5272],[72.66,21.5272],[72.65626,21.52751],[72.65377,21.52751],[72.65096,21.52688],[72.64878,21.52501],[72.64473,21.5247],[72.64161,21.52626],[72.64161,21.52969],[72.64348,21.53094],[72.64473,21.53281],[72.64441,21.53374],[72.6413,21.5353],[72.63693,21.53592],[72.63319,21.53779],[72.6307,21.53904],[72.62821,21.54185],[72.62602,21.54372],[72.62322,21.54559],[72.62072,21.54777],[72.61667,21.55213],[72.61418,21.55463],[72.61262,21.55743],[72.61293,21.55961],[72.61293,21.56179],[72.61293,21.56276],[72.61293,21.56398],[72.61293,21.56678],[72.61293,21.56865],[72.61262,21.57146],[72.61169,21.57364],[72.60982,21.57644],[72.60919,21.57831],[72.60919,21.57987],[72.60792,21.58296],[72.60792,21.5832],[72.60819,21.58319],[72.60819,21.58375],[72.60847,21.58375],[72.60847,21.58403],[72.60875,21.58403],[72.60875,21.58459],[72.60902,21.58459],[72.60902,21.58486],[72.60931,21.58486],[72.60931,21.58542],[72.60958,21.58542],[72.60958,21.58597],[72.60987,21.58597],[72.60987,21.58625],[72.61014,21.58625],[72.61014,21.58653],[72.61042,21.58653],[72.61042,21.58681],[72.6107,21.58681],[72.6107,21.58708],[72.61097,21.58708],[72.61097,21.58736],[72.61125,21.58735],[72.61125,21.58764],[72.61153,21.58764],[72.61153,21.58792],[72.61181,21.58792],[72.61181,21.58819],[72.61208,21.58819],[72.61208,21.58875],[72.61236,21.58875],[72.61236,21.58931],[72.61264,21.58931],[72.61264,21.58958],[72.61292,21.58958],[72.61292,21.58986],[72.61347,21.58986],[72.61347,21.59014],[72.61375,21.59014],[72.61375,21.59041],[72.61403,21.59041],[72.61403,21.59097],[72.61429,21.59097],[72.61429,21.59153],[72.61459,21.59153],[72.61459,21.59181],[72.61486,21.59181],[72.61486,21.59208],[72.61514,21.59208],[72.61514,21.59264],[72.61597,21.59264],[72.61597,21.59292],[72.61681,21.59292],[72.61681,21.59348],[72.61708,21.59347],[72.61708,21.59458],[72.61736,21.59458],[72.61736,21.59514],[72.61764,21.59514],[72.61764,21.59542],[72.6182,21.59542],[72.6182,21.59569],[72.61875,21.59569],[72.61875,21.59597],[72.61958,21.59597],[72.61958,21.59625],[72.6207,21.59625],[72.6207,21.59681],[72.62097,21.59681],[72.62097,21.59736],[72.62125,21.59736],[72.62125,21.59931],[72.62153,21.59931],[72.62153,21.60042],[72.6218,21.60042],[72.6218,21.60208],[72.6221,21.60208],[72.6221,21.6032],[72.62236,21.6032],[72.62236,21.60375],[72.62264,21.60375],[72.62264,21.60403],[72.62292,21.60403],[72.62292,21.60431],[72.62319,21.6043],[72.62319,21.60459],[72.62347,21.60458],[72.62347,21.60486],[72.62375,21.60486],[72.62375,21.60542],[72.62403,21.60542],[72.62403,21.6057],[72.62432,21.60569],[72.62432,21.60653],[72.62486,21.60653],[72.62486,21.60708],[72.62514,21.60708],[72.62514,21.60764],[72.62542,21.60764],[72.62542,21.60848],[72.62597,21.60848],[72.62597,21.60875],[72.62625,21.60875],[72.62625,21.60958],[72.62653,21.60958],[72.62653,21.61042],[72.62681,21.61042],[72.62681,21.61125],[72.62708,21.61125],[72.62708,21.61181],[72.62736,21.61181],[72.62736,21.61236],[72.62708,21.61236],[72.62708,21.61347],[72.62736,21.61347],[72.62736,21.61431],[72.62764,21.61431],[72.62764,21.61458],[72.62791,21.61458],[72.62791,21.61542],[72.6282,21.61542],[72.6282,21.61681],[72.62876,21.6168],[72.62876,21.61708],[72.6293,21.61708],[72.6293,21.61765],[72.63014,21.61765],[72.63014,21.61792],[72.63098,21.61791],[72.63098,21.6182],[72.63208,21.6182],[72.63208,21.61847],[72.63264,21.61847],[72.63264,21.61875],[72.63347,21.61875],[72.63347,21.61903],[72.63403,21.61903],[72.63403,21.61931],[72.63458,21.61931],[72.63458,21.61986],[72.63486,21.61986],[72.63486,21.62014],[72.63513,21.62014],[72.63513,21.62042],[72.63847,21.62042],[72.63847,21.62014],[72.63931,21.62014],[72.63931,21.61986],[72.63958,21.61986],[72.63958,21.61959],[72.6407,21.61959],[72.6407,21.61931],[72.64125,21.61931],[72.64125,21.61903],[72.64153,21.61903],[72.64153,21.61875],[72.64208,21.61875],[72.64208,21.61847],[72.64237,21.61847],[72.64237,21.6182],[72.6432,21.6182],[72.6432,21.61791],[72.64347,21.61792],[72.64347,21.61765],[72.64403,21.61765],[72.64403,21.61736],[72.64542,21.61736],[72.64542,21.61708],[72.64792,21.61708],[72.64792,21.61736],[72.64849,21.61736],[72.64849,21.61765],[72.64875,21.61765],[72.64875,21.61792],[72.64902,21.61791],[72.64902,21.6182],[72.64931,21.6182],[72.64931,21.61847],[72.64958,21.61847],[72.64958,21.61903],[72.64986,21.61903],[72.64986,21.62014],[72.65013,21.62014],[72.65013,21.62042],[72.65042,21.62042],[72.65042,21.62097],[72.6507,21.62097],[72.6507,21.62125],[72.65097,21.62125],[72.65097,21.62181],[72.65125,21.62181],[72.65125,21.62208],[72.6518,21.62208],[72.6518,21.62319],[72.65209,21.62319],[72.65209,21.62347],[72.65236,21.62346],[72.65236,21.62375],[72.65264,21.62375],[72.65264,21.62346],[72.65291,21.62347],[72.65291,21.62334],[72.65291,21.62319],[72.6532,21.62319],[72.6532,21.62347],[72.65375,21.62346],[72.65375,21.62375],[72.65542,21.62375],[72.65542,21.62403],[72.65569,21.62403],[72.65569,21.62431],[72.65598,21.62431],[72.65598,21.62459],[72.65681,21.62458],[72.65681,21.62486],[72.65764,21.62486],[72.65764,21.62514],[72.65792,21.62514],[72.65792,21.62542],[72.6582,21.62542],[72.6582,21.62597],[72.65736,21.62597],[72.65736,21.62625],[72.65708,21.62625],[72.65708,21.6268],[72.65708,21.62681],[72.65711,21.62681],[72.65737,21.62681],[72.65737,21.62694],[72.65737,21.62708],[72.65764,21.62708],[72.65764,21.62736],[72.65792,21.62736],[72.65792,21.62764],[72.65958,21.62764],[72.65958,21.62792],[72.66042,21.62792],[72.66042,21.62819],[72.66319,21.62819],[72.66319,21.62799],[72.66319,21.62792],[72.66355,21.62792],[72.66485,21.62792],[72.66485,21.62774],[72.66485,21.62764],[72.66541,21.62764],[72.66541,21.62736],[72.6657,21.62736],[72.6657,21.62768],[72.6657,21.62792],[72.66597,21.62792],[72.66597,21.62819],[72.66709,21.62819],[72.66709,21.62792],[72.67159,21.62792],[72.67264,21.62792],[72.67264,21.62815],[72.67264,21.62819],[72.67289,21.62819],[72.6732,21.62819],[72.6732,21.62821],[72.6732,21.62847],[72.67347,21.62847],[72.67347,21.62875],[72.6738,21.62875],[72.6743,21.62875],[72.6743,21.62903],[72.67514,21.62903],[72.67514,21.62955],[72.67514,21.62987],[72.6757,21.62986],[72.6757,21.63014],[72.67647,21.63014],[72.67653,21.63014],[72.67653,21.63017],[72.67653,21.63042],[72.6768,21.63042],[72.6768,21.6307],[72.67709,21.63069],[72.67709,21.63097],[72.67737,21.63097],[72.67764,21.63097],[72.67764,21.63127],[72.67764,21.63153],[72.67792,21.63153],[72.67792,21.63209],[72.67847,21.63208],[72.67847,21.63265],[72.67903,21.63265],[72.67903,21.63292],[72.67999,21.63292],[72.68042,21.63292],[72.68042,21.63307],[72.68042,21.6332],[72.6807,21.6332],[72.6807,21.63347],[72.68125,21.63347],[72.68125,21.63403],[72.68153,21.63403],[72.68153,21.63431],[72.68236,21.63431],[72.68236,21.63458],[72.68264,21.63458],[72.68264,21.63486],[72.6832,21.63486],[72.6832,21.63514],[72.68403,21.63514],[72.68403,21.63542],[72.68459,21.63542],[72.68459,21.63569],[72.68486,21.63569],[72.68486,21.63597],[72.68542,21.63597],[72.68542,21.63625],[72.68569,21.63625],[72.68569,21.63653],[72.68598,21.63653],[72.68597,21.6368],[72.68653,21.63681],[72.68653,21.63708],[72.68708,21.63708],[72.68708,21.63736],[72.68736,21.63736],[72.68736,21.63764],[72.68792,21.63764],[72.68792,21.63792],[72.6882,21.63792],[72.6882,21.63847],[72.68847,21.63846],[72.68847,21.63875],[72.68875,21.63875],[72.68875,21.63903],[72.68931,21.63903],[72.68931,21.63931],[72.68958,21.63931],[72.68958,21.63986],[72.69041,21.63986],[72.69041,21.64014],[72.69124,21.64014],[72.69124,21.64015],[72.69124,21.64042],[72.69143,21.64042],[72.6918,21.64042],[72.6918,21.6407],[72.69237,21.64069],[72.69237,21.64153],[72.69264,21.64153],[72.69264,21.64181],[72.69292,21.64181],[72.69292,21.64208],[72.69319,21.64208],[72.69319,21.64253],[72.69319,21.64264],[72.69326,21.64264],[72.69348,21.64264],[72.69348,21.64298],[72.69348,21.64319],[72.69319,21.64319],[72.69319,21.64348],[72.69346,21.64347],[72.69346,21.64403],[72.69375,21.64403],[72.69375,21.64431],[72.69403,21.64431],[72.69403,21.64486],[72.69431,21.64486],[72.69431,21.64514],[72.69458,21.64514],[72.69458,21.6457],[72.69486,21.64569],[72.69486,21.64625],[72.69514,21.64625],[72.69514,21.64653],[72.69542,21.64653],[72.69542,21.64681],[72.6957,21.64681],[72.6957,21.64736],[72.69597,21.64736],[72.69597,21.64765],[72.69625,21.64765],[72.69625,21.6482],[72.69653,21.6482],[72.69653,21.64847],[72.69681,21.64847],[72.69681,21.64875],[72.69654,21.64875],[72.69654,21.64903],[72.69708,21.64903],[72.69708,21.64931],[72.69737,21.64931],[72.69737,21.64958],[72.69764,21.64958],[72.69764,21.64986],[72.69813,21.64986],[72.6982,21.64986],[72.6982,21.64991],[72.6982,21.65014],[72.69847,21.65014],[72.69847,21.65042],[72.69876,21.65042],[72.69876,21.65069],[72.69903,21.65069],[72.69903,21.65097],[72.69958,21.65097],[72.69958,21.65125],[72.70014,21.65125],[72.70042,21.65125],[72.70042,21.65137],[72.70042,21.65153],[72.70097,21.65153],[72.70097,21.65181],[72.70122,21.65181],[72.70236,21.65181],[72.70236,21.65208],[72.70487,21.65208],[72.70487,21.65189],[72.70487,21.65181],[72.70517,21.65181],[72.70541,21.65181],[72.70541,21.65168],[72.70541,21.65153],[72.70567,21.65153],[72.70569,21.65151],[72.70569,21.65147],[72.70569,21.65125],[72.70597,21.65125],[72.70597,21.65097],[72.70625,21.65097],[72.70625,21.65042],[72.7068,21.65042],[72.7068,21.65069],[72.70707,21.65069],[72.70709,21.65069],[72.70709,21.65068],[72.70709,21.65042],[72.70735,21.65042],[72.70735,21.65014],[72.70764,21.65014],[72.70764,21.64958],[72.70833,21.64958],[72.70848,21.64958],[72.70848,21.64945],[72.70848,21.64903],[72.70889,21.64903],[72.70903,21.64903],[72.70903,21.64889],[72.70903,21.64875],[72.70917,21.64875],[72.7093,21.64875],[72.7093,21.64862],[72.7093,21.64847],[72.70945,21.64847],[72.70986,21.64847],[72.70986,21.6482],[72.71041,21.6482],[72.71041,21.64765],[72.7107,21.64765],[72.7107,21.64708],[72.71098,21.64709],[72.71098,21.64653],[72.71125,21.64653],[72.71125,21.64625],[72.71152,21.64625],[72.71152,21.64597],[72.71181,21.64597],[72.71181,21.64529],[72.71181,21.64514],[72.71185,21.64514],[72.71236,21.64514],[72.71236,21.64459],[72.71264,21.64459],[72.71264,21.64431],[72.71291,21.64431],[72.71291,21.64375],[72.71375,21.64375],[72.71375,21.64319],[72.71403,21.64319],[72.71403,21.64264],[72.7143,21.64264],[72.7143,21.64236],[72.71486,21.64236],[72.71486,21.64181],[72.71514,21.64181],[72.71514,21.64153],[72.71542,21.64153],[72.71542,21.64097],[72.71625,21.64097],[72.71625,21.6407],[72.71681,21.6407],[72.71681,21.64042],[72.71736,21.64042],[72.71736,21.64014],[72.71763,21.64014],[72.71763,21.63986],[72.71819,21.63986],[72.71819,21.63958],[72.71931,21.63959],[72.71931,21.63931],[72.72042,21.63931],[72.72042,21.63903],[72.7232,21.63903],[72.7232,21.63875],[72.72625,21.63875],[72.72625,21.63903],[72.7282,21.63903],[72.7282,21.63931],[72.72875,21.63931],[72.72875,21.63959],[72.72931,21.63958],[72.72931,21.63986],[72.73125,21.63986],[72.73125,21.64014],[72.73265,21.64014],[72.73265,21.63986],[72.73292,21.63986],[72.73292,21.63958],[72.73348,21.63959],[72.73348,21.63955],[72.73348,21.63931],[72.73487,21.63931],[72.73487,21.63959],[72.73569,21.63958],[72.73569,21.64014],[72.73597,21.64014],[72.73597,21.6407],[72.73931,21.6407],[72.73931,21.64097],[72.73986,21.64097],[72.73986,21.64125],[72.74014,21.64125],[72.74014,21.64131],[72.74014,21.64181],[72.74042,21.64181],[72.74042,21.64208],[72.74236,21.64208],[72.74236,21.64236],[72.74292,21.64236],[72.74292,21.64208],[72.74403,21.64208],[72.74403,21.64182],[72.74403,21.64181],[72.74459,21.64181],[72.74459,21.64189],[72.74459,21.64208],[72.74534,21.64208],[72.74541,21.64208],[72.74541,21.6421],[72.74541,21.64236],[72.746,21.64236],[72.74736,21.64236],[72.74736,21.64264],[72.74792,21.64264],[72.74792,21.64292],[72.74819,21.64292],[72.74819,21.64319],[72.74848,21.64319],[72.74848,21.64348],[72.74875,21.64347],[72.74875,21.64386],[72.74896,21.64403],[72.74903,21.64403],[72.74903,21.64408],[72.74995,21.64482],[72.75097,21.64628],[72.7503,21.64698],[72.75001,21.64792],[72.75014,21.64792],[72.75014,21.6482],[72.75042,21.6482],[72.75042,21.64847],[72.75069,21.64847],[72.75069,21.64875],[72.75097,21.64875],[72.75097,21.64903],[72.75125,21.64903],[72.75125,21.64931],[72.75097,21.64931],[72.75097,21.64958],[72.75153,21.64958],[72.75153,21.64986],[72.75208,21.64986],[72.75208,21.65014],[72.75236,21.65014],[72.75236,21.64986],[72.75375,21.64986],[72.75375,21.65014],[72.75458,21.65014],[72.75681,21.65014],[72.75681,21.64986],[72.75736,21.64986],[72.75736,21.64958],[72.7582,21.64958],[72.7582,21.64931],[72.75904,21.64931],[72.75904,21.64903],[72.75958,21.64903],[72.75958,21.64875],[72.76041,21.64875],[72.76041,21.64792],[72.76347,21.64792],[72.76347,21.64765],[72.76403,21.64765],[72.76403,21.64736],[72.76625,21.64736],[72.76625,21.64709],[72.76792,21.64709],[72.76792,21.64681],[72.76959,21.64681],[72.76959,21.64653],[72.77014,21.64653],[72.77014,21.64648],[72.77014,21.64625],[72.77098,21.64625],[72.77098,21.64597],[72.77375,21.64597],[72.77375,21.6457],[72.77625,21.6457],[72.77625,21.64541],[72.77963,21.64542],[72.78042,21.64542],[72.78042,21.6453],[72.78042,21.64514],[72.78313,21.64514],[72.7843,21.64514],[72.7843,21.64511],[72.7843,21.64486],[72.78458,21.64486],[72.78458,21.64511],[72.78458,21.64514],[72.78524,21.64514],[72.78736,21.64514],[72.78736,21.64542],[72.78875,21.64541],[72.78875,21.64565],[72.78875,21.6457],[72.78911,21.6457],[72.78987,21.6457],[72.78987,21.64579],[72.78987,21.64597],[72.79097,21.64597],[72.79097,21.64625],[72.79264,21.64625],[72.79264,21.64653],[72.7932,21.64653],[72.7932,21.64681],[72.79403,21.64681],[72.79403,21.64709],[72.79514,21.64709],[72.79514,21.64736],[72.79597,21.64736],[72.79597,21.64765],[72.79681,21.64765],[72.79681,21.64792],[72.79708,21.64792],[72.79708,21.64765],[72.79749,21.64765],[72.79763,21.64765],[72.79763,21.64771],[72.79763,21.64792],[72.79812,21.64792],[72.79847,21.64792],[72.79847,21.64807],[72.79847,21.6482],[72.79876,21.64819],[72.79875,21.64847],[72.79948,21.64847],[72.80042,21.64847],[72.80042,21.64878],[72.80042,21.64903],[72.8014,21.64903],[72.80153,21.64903],[72.80153,21.64908],[72.80153,21.64931],[72.80209,21.64931],[72.80209,21.64958],[72.80292,21.64958],[72.80319,21.64958],[72.8032,21.64986],[72.80321,21.64986],[72.80403,21.64986],[72.80403,21.65014],[72.80486,21.65014],[72.80486,21.65042],[72.80542,21.65042],[72.80542,21.65069],[72.80625,21.65069],[72.80625,21.65097],[72.8068,21.65097],[72.8068,21.65125],[72.80736,21.65125],[72.80736,21.65152],[72.80736,21.65153],[72.80741,21.65153],[72.80791,21.65153],[72.80791,21.65172],[72.80791,21.65181],[72.80815,21.65181],[72.80892,21.65181],[72.80903,21.65181],[72.80903,21.65208],[72.80959,21.65208],[72.80959,21.65236],[72.80986,21.65236],[72.80986,21.65264],[72.81042,21.65264],[72.81042,21.65292],[72.81098,21.65292],[72.81098,21.6532],[72.81129,21.6532],[72.81153,21.6532],[72.81153,21.65347],[72.81208,21.65347],[72.81208,21.65375],[72.81236,21.65375],[72.81236,21.65403],[72.81292,21.65403],[72.81292,21.65431],[72.81375,21.65431],[72.81375,21.65458],[72.81431,21.65458],[72.81431,21.65486],[72.81458,21.65486],[72.81458,21.65514],[72.81486,21.65514],[72.81486,21.65542],[72.81514,21.65542],[72.81514,21.6557],[72.8157,21.65569],[72.8157,21.65597],[72.81597,21.65597],[72.81597,21.6562],[72.81597,21.65621],[72.81597,21.65621],[72.81597,21.65625],[72.81606,21.65625],[72.81606,21.65625],[72.81625,21.65625],[72.81625,21.65634],[72.81625,21.65634],[72.81625,21.65653],[72.81653,21.65653],[72.81653,21.65682],[72.81695,21.65681],[72.81697,21.65681],[72.81698,21.65681],[72.81736,21.65681],[72.81736,21.65709],[72.81792,21.65709],[72.81792,21.65737],[72.81819,21.65736],[72.81819,21.65764],[72.81847,21.65764],[72.81847,21.65792],[72.81903,21.65792],[72.81903,21.65819],[72.81946,21.65819],[72.81955,21.65814],[72.81958,21.65847],[72.81986,21.65847],[72.81986,21.65863],[72.82014,21.65875],[72.82069,21.65875],[72.82069,21.65898],[72.82069,21.65903],[72.82081,21.65903],[72.82097,21.65903],[72.82097,21.65911],[72.82125,21.65931],[72.82164,21.65959],[72.8218,21.65959],[72.8218,21.65971],[72.82201,21.65986],[72.82236,21.65986],[72.82236,21.66016],[72.82236,21.66042],[72.82262,21.66042],[72.82291,21.66042],[72.82291,21.6607],[72.8232,21.6607],[72.8232,21.66087],[72.8232,21.66097],[72.8234,21.66097],[72.82347,21.66097],[72.82347,21.66101],[72.82347,21.66125],[72.82397,21.66125],[72.82403,21.66125],[72.82403,21.66128],[72.82403,21.66153],[72.82445,21.66153],[72.82486,21.66153],[72.82486,21.66182],[72.82486,21.66208],[72.82517,21.66208],[72.82542,21.66208],[72.82542,21.66236],[72.82625,21.66236],[72.82625,21.66264],[72.82653,21.66263],[72.82653,21.66292],[72.82708,21.66292],[72.82708,21.66319],[72.82736,21.66319],[72.82736,21.66347],[72.82764,21.66347],[72.82764,21.66375],[72.82818,21.66375],[72.82818,21.66403],[72.82848,21.66403],[72.82848,21.6643],[72.82903,21.6643],[72.82903,21.66458],[72.82931,21.66458],[72.82931,21.66486],[72.82958,21.66486],[72.82958,21.66501],[72.82958,21.66514],[72.82992,21.66514],[72.83041,21.66514],[72.83041,21.66535],[72.83041,21.66542],[72.83052,21.66542],[72.8307,21.66542],[72.8307,21.66552],[72.8307,21.6657],[72.8311,21.6657],[72.83125,21.6657],[72.83125,21.66576],[72.83125,21.66597],[72.83179,21.66597],[72.8318,21.66598],[72.8318,21.66625],[72.83221,21.66625],[72.83236,21.66625],[72.83236,21.66636],[72.83236,21.66653],[72.83258,21.66653],[72.83319,21.66653],[72.83319,21.66681],[72.83348,21.66681],[72.83348,21.66706],[72.83348,21.66709],[72.83353,21.66709],[72.83403,21.66708],[72.83403,21.66726],[72.83403,21.66736],[72.83422,21.66736],[72.83514,21.66736],[72.83514,21.66781],[72.83514,21.66792],[72.83486,21.66792],[72.83486,21.66876],[72.83459,21.66876],[72.83459,21.66931],[72.8343,21.66931],[72.8343,21.67014],[72.83403,21.67014],[72.83403,21.67069],[72.83374,21.67069],[72.83374,21.67153],[72.83348,21.67153],[72.83348,21.67236],[72.83319,21.67236],[72.83319,21.67252],[72.83319,21.67292],[72.83292,21.67291],[72.83292,21.67296],[72.83292,21.6732],[72.83236,21.6732],[72.83236,21.67291],[72.8318,21.67292],[72.8318,21.67264],[72.83125,21.67264],[72.83125,21.67243],[72.83125,21.67236],[72.83098,21.67236],[72.8307,21.67236],[72.8307,21.67229],[72.8307,21.67208],[72.83014,21.67208],[72.83014,21.6718],[72.82931,21.67182],[72.82931,21.67153],[72.82818,21.67153],[72.82818,21.67125],[72.82736,21.67125],[72.82736,21.67097],[72.82653,21.67098],[72.82653,21.67069],[72.8259,21.67069],[72.82569,21.67069],[72.82569,21.67058],[72.82569,21.67042],[72.82538,21.67042],[72.8243,21.67042],[72.8243,21.67014],[72.8232,21.67014],[72.8232,21.6696],[72.8232,21.66958],[72.82314,21.66958],[72.82264,21.66958],[72.82264,21.66942],[72.82264,21.66931],[72.82226,21.66931],[72.82153,21.66931],[72.82153,21.6691],[72.82153,21.66903],[72.82129,21.66903],[72.82125,21.66903],[72.82125,21.66876],[72.82042,21.66876],[72.82042,21.66847],[72.81958,21.66847],[72.81958,21.6682],[72.81875,21.6682],[72.81875,21.66792],[72.81764,21.66792],[72.81764,21.66764],[72.81709,21.66764],[72.81709,21.66736],[72.81604,21.66736],[72.8157,21.66736],[72.8157,21.66725],[72.8157,21.66708],[72.81524,21.66708],[72.81514,21.66709],[72.81514,21.66705],[72.81514,21.66681],[72.81447,21.66681],[72.81431,21.66681],[72.81431,21.66675],[72.81431,21.66656],[72.81431,21.66625],[72.81319,21.66625],[72.81319,21.66597],[72.81236,21.66597],[72.81236,21.6657],[72.81181,21.6657],[72.81181,21.66542],[72.81069,21.66542],[72.81069,21.66514],[72.8096,21.66514],[72.8096,21.66486],[72.80875,21.66486],[72.80875,21.66458],[72.80764,21.66458],[72.80764,21.6643],[72.80708,21.6643],[72.80708,21.66403],[72.80597,21.66403],[72.80597,21.66375],[72.80486,21.66375],[72.80486,21.66347],[72.80403,21.66347],[72.80403,21.66319],[72.80319,21.66319],[72.80319,21.66292],[72.80209,21.66292],[72.80209,21.66263],[72.80125,21.66264],[72.80125,21.66236],[72.79986,21.66236],[72.79986,21.66208],[72.79931,21.66208],[72.79931,21.66181],[72.79819,21.66181],[72.79819,21.66153],[72.79681,21.66153],[72.79681,21.66181],[72.79486,21.66181],[72.79486,21.66153],[72.79403,21.66153],[72.79403,21.66181],[72.79375,21.66181],[72.79375,21.66194],[72.79375,21.66208],[72.78951,21.66208],[72.78709,21.66208],[72.78709,21.66236],[72.78597,21.66236],[72.78597,21.66255],[72.78597,21.66264],[72.78538,21.66264],[72.78375,21.66263],[72.78375,21.6629],[72.78375,21.66292],[72.78363,21.66292],[72.78237,21.66292],[72.78237,21.66312],[72.78237,21.66319],[72.78188,21.66319],[72.77986,21.66319],[72.77986,21.66347],[72.77903,21.66347],[72.77903,21.66373],[72.77903,21.66375],[72.77897,21.66375],[72.7782,21.66375],[72.7782,21.66397],[72.7782,21.66403],[72.77801,21.66403],[72.77736,21.66403],[72.77736,21.66419],[72.77736,21.6643],[72.77685,21.6643],[72.77653,21.6643],[72.77653,21.66438],[72.77653,21.66458],[72.7757,21.66458],[72.7757,21.66486],[72.77476,21.66486],[72.77402,21.66486],[72.77402,21.66509],[72.77402,21.66514],[72.77386,21.66514],[72.77349,21.66514],[72.77349,21.66526],[72.77349,21.66542],[72.773,21.66542],[72.77264,21.66542],[72.77264,21.66554],[72.77264,21.6657],[72.77219,21.6657],[72.77181,21.6657],[72.77181,21.66583],[72.77181,21.66597],[72.77138,21.66597],[72.77125,21.66597],[72.77125,21.66602],[72.77125,21.66625],[72.77077,21.66625],[72.77064,21.66625],[72.7693,21.66625],[72.7693,21.66653],[72.76903,21.66653],[72.76903,21.66681],[72.76847,21.66681],[72.76847,21.66709],[72.76764,21.66709],[72.76765,21.66736],[72.76681,21.66736],[72.76681,21.66764],[72.76598,21.66764],[72.76598,21.66792],[72.76514,21.66792],[72.76514,21.6682],[72.76403,21.6682],[72.76403,21.66847],[72.76375,21.66847],[72.76375,21.66876],[72.76347,21.66876],[72.76347,21.66903],[72.76264,21.66903],[72.76264,21.66931],[72.76252,21.66931],[72.7618,21.66931],[72.7618,21.66958],[72.76152,21.66958],[72.76152,21.66982],[72.76152,21.66986],[72.76144,21.66986],[72.76126,21.66986],[72.76126,21.66995],[72.76126,21.67014],[72.76089,21.67014],[72.7607,21.67014],[72.7607,21.67024],[72.7607,21.67042],[72.76042,21.67042],[72.76042,21.67069],[72.76014,21.67069],[72.76014,21.67087],[72.76014,21.67098],[72.75986,21.67097],[72.75986,21.67119],[72.75986,21.67125],[72.75977,21.67125],[72.75931,21.67125],[72.75931,21.67153],[72.75875,21.67153],[72.75875,21.67182],[72.75792,21.6718],[72.75792,21.67208],[72.75764,21.67208],[72.75764,21.67236],[72.75681,21.67236],[72.75681,21.67292],[72.75653,21.67291],[72.75653,21.6732],[72.75598,21.6732],[72.75598,21.67347],[72.75569,21.67347],[72.75569,21.67375],[72.75514,21.67375],[72.75514,21.67403],[72.75459,21.67403],[72.75459,21.67431],[72.75403,21.67431],[72.75403,21.67459],[72.75376,21.67459],[72.75376,21.67486],[72.75347,21.67486],[72.75347,21.67514],[72.7532,21.67514],[72.7532,21.67542],[72.75292,21.67542],[72.75291,21.67569],[72.75236,21.6757],[72.75236,21.67653],[72.75181,21.67653],[72.75181,21.67681],[72.75153,21.67681],[72.75153,21.67708],[72.75125,21.67708],[72.75125,21.67764],[72.75097,21.67763],[72.75097,21.67792],[72.7507,21.67792],[72.7507,21.67847],[72.75042,21.67847],[72.75042,21.67875],[72.74986,21.67875],[72.74986,21.67986],[72.74958,21.67986],[72.74958,21.6807],[72.74931,21.6807],[72.74932,21.68125],[72.74903,21.68125],[72.74903,21.68181],[72.74875,21.68181],[72.74875,21.68236],[72.74847,21.68236],[72.74847,21.6832],[72.74819,21.6832],[72.74819,21.68358],[72.74819,21.68376],[72.74811,21.68376],[72.74792,21.68376],[72.74792,21.68403],[72.74764,21.68403],[72.74764,21.68431],[72.74736,21.68431],[72.74736,21.68459],[72.74764,21.68458],[72.74764,21.68486],[72.74736,21.68486],[72.74736,21.68514],[72.74681,21.68514],[72.74681,21.68542],[72.74653,21.68542],[72.74653,21.68597],[72.74597,21.68597],[72.74597,21.68625],[72.7457,21.68625],[72.7457,21.68653],[72.74542,21.68653],[72.74542,21.68681],[72.74514,21.68681],[72.74514,21.68709],[72.74459,21.68708],[72.74459,21.68736],[72.74431,21.68736],[72.74431,21.68764],[72.74375,21.68764],[72.74375,21.68792],[72.74347,21.68792],[72.74347,21.6882],[72.7432,21.6882],[72.7432,21.68847],[72.74236,21.68847],[72.74236,21.68875],[72.74208,21.68875],[72.74208,21.68903],[72.74097,21.68903],[72.74097,21.68931],[72.73986,21.68931],[72.73986,21.68958],[72.73927,21.68958],[72.73625,21.68958],[72.73625,21.68931],[72.73542,21.68931],[72.73542,21.68903],[72.73487,21.68903],[72.73487,21.68875],[72.73402,21.68875],[72.73402,21.68847],[72.73375,21.68847],[72.73375,21.6882],[72.73292,21.6882],[72.73292,21.68792],[72.73265,21.68792],[72.73265,21.68764],[72.73208,21.68764],[72.73208,21.68736],[72.73153,21.68736],[72.73153,21.68709],[72.73097,21.68709],[72.73097,21.68681],[72.7307,21.68681],[72.7307,21.68653],[72.72986,21.68653],[72.72986,21.68625],[72.72931,21.68625],[72.72931,21.68597],[72.72875,21.68597],[72.72875,21.68569],[72.7282,21.68569],[72.7282,21.68542],[72.72764,21.68542],[72.72764,21.68514],[72.72681,21.68514],[72.72681,21.68486],[72.72486,21.68486],[72.72486,21.68458],[72.72375,21.68459],[72.72375,21.68431],[72.72293,21.68431],[72.72293,21.68403],[72.72235,21.68403],[72.72235,21.68376],[72.7218,21.68376],[72.7218,21.68349],[72.72111,21.68347],[72.72097,21.68347],[72.72097,21.6834],[72.72097,21.6832],[72.72071,21.6832],[72.72071,21.68292],[72.72014,21.68292],[72.72014,21.68264],[72.71931,21.68265],[72.71931,21.68236],[72.71903,21.68236],[72.71903,21.68181],[72.71848,21.68181],[72.71848,21.68153],[72.71819,21.68153],[72.71819,21.68125],[72.71763,21.68125],[72.71763,21.68097],[72.71681,21.68097],[72.71681,21.6807],[72.71597,21.6807],[72.71597,21.68042],[72.71542,21.68042],[72.71542,21.68014],[72.71492,21.68014],[72.71486,21.68014],[72.71486,21.68012],[72.71486,21.67986],[72.71458,21.67986],[72.71458,21.67958],[72.71398,21.67958],[72.71347,21.67958],[72.71347,21.67945],[72.71347,21.67931],[72.71299,21.67931],[72.71236,21.67931],[72.71236,21.6792],[72.71236,21.67903],[72.71181,21.67903],[72.71181,21.67875],[72.71125,21.67875],[72.71125,21.67847],[72.70819,21.67847],[72.70819,21.67875],[72.70708,21.67875],[72.70708,21.67903],[72.70514,21.67903],[72.70514,21.67958],[72.70486,21.67958],[72.70486,21.67986],[72.70458,21.67986],[72.70458,21.68004],[72.70458,21.68014],[72.7042,21.68014],[72.70319,21.68014],[72.70319,21.68042],[72.70264,21.68042],[72.70264,21.68014],[72.70208,21.68014],[72.70208,21.67986],[72.70181,21.67986],[72.70181,21.68042],[72.70042,21.68042],[72.70042,21.68014],[72.69986,21.68014],[72.69986,21.68042],[72.6993,21.68042],[72.6993,21.68097],[72.69903,21.68097],[72.69903,21.68114],[72.69903,21.68125],[72.69847,21.68125],[72.69847,21.68153],[72.69791,21.68153],[72.69791,21.6813],[72.69791,21.68125],[72.69708,21.68125],[72.69708,21.68133],[72.69708,21.68153],[72.69625,21.68153],[72.69625,21.68134],[72.69625,21.68125],[72.69569,21.68125],[72.69569,21.68097],[72.69458,21.68097],[72.69458,21.6807],[72.69403,21.6807],[72.69403,21.68042],[72.69253,21.68042],[72.69209,21.68042],[72.69209,21.6803],[72.69209,21.68014],[72.69124,21.68014],[72.69124,21.67986],[72.68903,21.67986],[72.68903,21.67958],[72.68764,21.67958],[72.68764,21.67976],[72.68764,21.67986],[72.68653,21.67986],[72.68653,21.67964],[72.68653,21.67958],[72.68625,21.67958],[72.68625,21.67931],[72.68403,21.67931],[72.68403,21.67958],[72.68125,21.67958],[72.68125,21.67986],[72.68069,21.67986],[72.68069,21.68014],[72.6793,21.68014],[72.6793,21.68042],[72.67875,21.68042],[72.67875,21.6807],[72.67736,21.6807],[72.67736,21.68097],[72.67709,21.68097],[72.67709,21.68125],[72.6768,21.68125],[72.6768,21.68153],[72.67597,21.68153],[72.67597,21.68181],[72.67431,21.68181],[72.67431,21.68208],[72.67375,21.68208],[72.67375,21.68236],[72.67292,21.68236],[72.67292,21.68264],[72.67181,21.68264],[72.67181,21.68292],[72.66959,21.68292],[72.66959,21.6832],[72.66707,21.6832],[72.66707,21.68292],[72.66625,21.68292],[72.66625,21.68264],[72.66556,21.68264],[72.66541,21.68264],[72.66541,21.68236],[72.66431,21.68236],[72.66431,21.68208],[72.66402,21.68208],[72.66402,21.68181],[72.66375,21.68181],[72.66375,21.68153],[72.66348,21.68153],[72.66348,21.68125],[72.66319,21.68125],[72.66319,21.68097],[72.66227,21.68097],[72.66209,21.68097],[72.66209,21.68083],[72.66209,21.6807],[72.66192,21.6807],[72.6618,21.6807],[72.6618,21.6806],[72.6618,21.68043],[72.66153,21.68042],[72.66153,21.68014],[72.66125,21.68014],[72.66125,21.67986],[72.66097,21.67986],[72.66097,21.67958],[72.6607,21.67958],[72.6607,21.67931],[72.66014,21.67931],[72.66014,21.67903],[72.65958,21.67903],[72.65958,21.67847],[72.65903,21.67847],[72.65903,21.67819],[72.65737,21.67819],[72.65737,21.67792],[72.65652,21.67792],[72.65652,21.67763],[72.65625,21.67764],[72.65625,21.67736],[72.65598,21.67736],[72.65598,21.67708],[72.65542,21.67708],[72.65542,21.67736],[72.65291,21.67736],[72.65291,21.67764],[72.65236,21.67764],[72.65236,21.67736],[72.65209,21.67736],[72.65209,21.67764],[72.6518,21.67763],[72.6518,21.67792],[72.65097,21.67792],[72.65097,21.67819],[72.65014,21.67819],[72.65014,21.67847],[72.64625,21.67847],[72.64625,21.67875],[72.64598,21.67875],[72.64598,21.67847],[72.64486,21.67847],[72.64486,21.67875],[72.64126,21.67875],[72.64126,21.67903],[72.63792,21.67903],[72.63792,21.67931],[72.6368,21.67931],[72.6368,21.67903],[72.63541,21.67903],[72.63541,21.67931],[72.63403,21.67931],[72.63403,21.67903],[72.63236,21.67903],[72.63236,21.67931],[72.63098,21.67931],[72.63098,21.67958],[72.6293,21.67958],[72.6293,21.67986],[72.62486,21.67986],[72.62486,21.68014],[72.62458,21.68014],[72.62458,21.67986],[72.62431,21.67986],[72.62432,21.68014],[72.6218,21.68014],[72.6218,21.68042],[72.61625,21.68042],[72.61625,21.68014],[72.61597,21.68014],[72.61597,21.68042],[72.61542,21.68042],[72.61542,21.6807],[72.61486,21.6807],[72.61486,21.68097],[72.61375,21.68097],[72.61375,21.68125],[72.61292,21.68125],[72.61292,21.68153],[72.61236,21.68153],[72.61236,21.68167],[72.61236,21.68181],[72.61181,21.68181],[72.61181,21.68208],[72.60946,21.68208],[72.60848,21.68208],[72.60848,21.68199],[72.60848,21.68181],[72.60819,21.68181],[72.60819,21.68153],[72.60597,21.68153],[72.60597,21.68125],[72.60375,21.68125],[72.60375,21.68097],[72.6032,21.68097],[72.6032,21.68125],[72.60291,21.68125],[72.60291,21.68097],[72.60237,21.68097],[72.60237,21.6807],[72.60125,21.6807],[72.60125,21.68097],[72.60108,21.68097],[72.60098,21.68097],[72.60098,21.68125],[72.60069,21.68125],[72.60069,21.68153],[72.60042,21.68153],[72.60042,21.68125],[72.60014,21.68125],[72.60014,21.68097],[72.59958,21.68097],[72.59958,21.68078],[72.59952,21.68077],[72.59934,21.6807],[72.59847,21.6807],[72.59847,21.68042],[72.59793,21.68042],[72.59793,21.6807],[72.59736,21.6807],[72.59736,21.68042],[72.5973,21.68042],[72.59706,21.68045],[72.59699,21.68042],[72.5968,21.68042],[72.5968,21.68035],[72.5962,21.68013],[72.59525,21.67958],[72.59487,21.67958],[72.59487,21.67935],[72.59487,21.67931],[72.59479,21.67931],[72.59458,21.67931],[72.59458,21.6792],[72.59458,21.67903],[72.59431,21.67903],[72.59431,21.67875],[72.59402,21.67875],[72.59402,21.67847],[72.59375,21.67847],[72.59375,21.67819],[72.59327,21.67819],[72.59319,21.67819],[72.59319,21.67811],[72.59319,21.67792],[72.59303,21.67792],[72.59292,21.67792],[72.59292,21.6778],[72.59292,21.67763],[72.59264,21.67764],[72.59264,21.67708],[72.59236,21.67708],[72.59236,21.67681],[72.5918,21.67681],[72.5918,21.67653],[72.59153,21.67653],[72.59153,21.67625],[72.5907,21.67625],[72.59069,21.67597],[72.59042,21.67597],[72.59042,21.67542],[72.59015,21.67542],[72.59015,21.67514],[72.58903,21.67514],[72.58903,21.67486],[72.58875,21.67486],[72.58875,21.67431],[72.58764,21.67431],[72.58764,21.67459],[72.58681,21.67459],[72.58681,21.67403],[72.58652,21.67403],[72.58652,21.67375],[72.58625,21.67375],[72.58625,21.67347],[72.58542,21.67347],[72.58542,21.6732],[72.58514,21.6732],[72.58514,21.67291],[72.58402,21.67292],[72.58402,21.67264],[72.58375,21.67264],[72.58375,21.67236],[72.58348,21.67236],[72.58348,21.67208],[72.58264,21.67208],[72.58264,21.67236],[72.58236,21.67236],[72.58236,21.67275],[72.58236,21.67292],[72.58208,21.67292],[72.58208,21.67264],[72.58153,21.67264],[72.58153,21.67243],[72.58153,21.67236],[72.5813,21.67236],[72.58125,21.67236],[72.58125,21.67235],[72.58125,21.6718],[72.58098,21.67182],[72.58098,21.67125],[72.5807,21.67125],[72.5807,21.67097],[72.58014,21.67098],[72.58014,21.67069],[72.57931,21.67069],[72.57931,21.67042],[72.57736,21.67042],[72.57736,21.67014],[72.57681,21.67014],[72.57681,21.66986],[72.57625,21.66986],[72.57625,21.66958],[72.57598,21.66958],[72.57598,21.66931],[72.57569,21.66931],[72.57569,21.66903],[72.57542,21.66903],[72.57542,21.66876],[72.57485,21.66876],[72.57485,21.66847],[72.5743,21.66847],[72.5743,21.6682],[72.57347,21.6682],[72.57347,21.66792],[72.57264,21.66792],[72.57264,21.66764],[72.57236,21.66764],[72.57236,21.66736],[72.57208,21.66736],[72.57208,21.66708],[72.57181,21.66709],[72.57181,21.66681],[72.57097,21.66681],[72.57097,21.66653],[72.57042,21.66653],[72.57042,21.66625],[72.56958,21.66625],[72.56958,21.66635],[72.56958,21.66635],[72.56958,21.66653],[72.56904,21.66653],[72.56904,21.66625],[72.56847,21.66625],[72.56847,21.66597],[72.56792,21.66597],[72.56791,21.6657],[72.56736,21.6657],[72.56736,21.66548],[72.56736,21.66548],[72.56736,21.66514],[72.56709,21.66514],[72.56709,21.66486],[72.56597,21.66486],[72.56597,21.66458],[72.56542,21.66458],[72.56542,21.6643],[72.56514,21.6643],[72.56514,21.66375],[72.56486,21.66375],[72.56486,21.66263],[72.56458,21.66264],[72.56458,21.66208],[72.56486,21.66208],[72.56486,21.66181],[72.56403,21.66181],[72.56403,21.66153],[72.56375,21.66153],[72.56375,21.66181],[72.56291,21.66181],[72.56291,21.66153],[72.56264,21.66153],[72.56264,21.65931],[72.56291,21.65931],[72.56291,21.65903],[72.56264,21.65903],[72.56264,21.65875],[72.56181,21.65875],[72.56181,21.65847],[72.56153,21.65847],[72.56153,21.65875],[72.56069,21.65875],[72.56069,21.66022],[72.56069,21.6607],[72.55986,21.6607],[72.55986,21.66042],[72.5596,21.66042],[72.5596,21.66014],[72.55931,21.66014],[72.55931,21.65986],[72.55903,21.65986],[72.55903,21.65959],[72.55875,21.65959],[72.55875,21.65934],[72.55875,21.65931],[72.55853,21.65931],[72.55653,21.65931],[72.55653,21.65903],[72.55375,21.65903],[72.55375,21.65875],[72.55153,21.65875],[72.55153,21.65903],[72.55042,21.65903],[72.55042,21.65875],[72.54986,21.65875],[72.54986,21.65847],[72.54737,21.65847],[72.54737,21.65875],[72.54681,21.65875],[72.54681,21.65903],[72.54652,21.65903],[72.54652,21.65959],[72.54597,21.65959],[72.54597,21.65986],[72.5443,21.65986],[72.5443,21.66014],[72.5432,21.66014],[72.5432,21.66042],[72.54264,21.66042],[72.54264,21.66097],[72.54208,21.66097],[72.54208,21.66125],[72.54181,21.66125],[72.54181,21.66153],[72.54153,21.66153],[72.54153,21.66181],[72.54125,21.66181],[72.54125,21.66236],[72.5407,21.66236],[72.5407,21.66264],[72.53986,21.66263],[72.53986,21.66292],[72.53955,21.66292],[72.53931,21.66311],[72.53931,21.66319],[72.5392,21.66319],[72.53903,21.66334],[72.53903,21.66347],[72.53885,21.66347],[72.53874,21.66356],[72.53874,21.66403],[72.53819,21.66403],[72.53819,21.6643],[72.53764,21.6643],[72.53764,21.66486],[72.53736,21.66486],[72.53736,21.66514],[72.5368,21.66514],[72.5368,21.66542],[72.53653,21.66542],[72.53653,21.6657],[72.53625,21.66569],[72.53625,21.66681],[72.53597,21.66681],[72.53597,21.66736],[72.5357,21.66736],[72.5357,21.66764],[72.53542,21.66764],[72.53542,21.6682],[72.53514,21.6682],[72.53514,21.66847],[72.53486,21.66847],[72.53486,21.66876],[72.53457,21.66876],[72.53457,21.66903],[72.53431,21.66903],[72.5343,21.66958],[72.53403,21.66958],[72.53403,21.67014],[72.53375,21.67014],[72.53375,21.67042],[72.53347,21.67042],[72.53347,21.67069],[72.53292,21.67069],[72.53292,21.67125],[72.53235,21.67125],[72.53235,21.67153],[72.53208,21.67153],[72.53208,21.67236],[72.53235,21.67236],[72.53235,21.67264],[72.53264,21.67264],[72.53264,21.6732],[72.53292,21.6732],[72.53292,21.67347],[72.53264,21.67347],[72.53264,21.67431],[72.53235,21.67431],[72.53235,21.67514],[72.53208,21.67514],[72.53208,21.67486],[72.53153,21.67486],[72.53153,21.67459],[72.53125,21.67459],[72.53125,21.67431],[72.53097,21.67431],[72.53097,21.67486],[72.53069,21.67486],[72.53068,21.67514],[72.53042,21.67514],[72.53042,21.67457],[72.53014,21.67459],[72.53014,21.67486],[72.52959,21.67486],[72.52959,21.67514],[72.5293,21.67514],[72.5293,21.67542],[72.52903,21.67542],[72.52903,21.67569],[72.52875,21.6757],[72.52875,21.67597],[72.52847,21.67597],[72.52847,21.67625],[72.5282,21.67625],[72.5282,21.67681],[72.52764,21.67681],[72.52764,21.67708],[72.52708,21.67708],[72.52708,21.67736],[72.5268,21.67736],[72.5268,21.67764],[72.52656,21.67764],[72.52625,21.67763],[72.52625,21.67792],[72.5257,21.67792],[72.5257,21.67819],[72.52541,21.67819],[72.52541,21.67903],[72.52514,21.67903],[72.52514,21.67931],[72.52487,21.67931],[72.52487,21.67958],[72.52458,21.67958],[72.52458,21.67986],[72.52431,21.67986],[72.52431,21.68014],[72.52403,21.68014],[72.52403,21.68181],[72.52374,21.6818],[72.52375,21.68486],[72.52349,21.68486],[72.52349,21.68514],[72.52375,21.68514],[72.52375,21.68709],[72.52402,21.68708],[72.52402,21.68736],[72.5232,21.68736],[72.5232,21.68764],[72.52292,21.68764],[72.52292,21.6882],[72.52264,21.68819],[72.52264,21.68875],[72.52236,21.68875],[72.52236,21.68903],[72.52209,21.68903],[72.52209,21.68958],[72.52181,21.68958],[72.52181,21.68986],[72.52177,21.68986],[72.522,21.69148],[72.52181,21.69172],[72.52181,21.6918],[72.52209,21.6918],[72.52209,21.69236],[72.52236,21.69236],[72.52236,21.6932],[72.52264,21.6932],[72.52264,21.69403],[72.52236,21.69403],[72.52236,21.69431],[72.52264,21.69431],[72.52264,21.69486],[72.52292,21.69486],[72.52292,21.6957],[72.5232,21.69569],[72.5232,21.69597],[72.52264,21.69597],[72.52264,21.69625],[72.52236,21.69625],[72.52236,21.69653],[72.52209,21.69653],[72.52209,21.69681],[72.52181,21.69681],[72.52181,21.69708],[72.52125,21.69708],[72.52125,21.69681],[72.52098,21.69681],[72.52098,21.6982],[72.52125,21.6982],[72.52125,21.69848],[72.52098,21.69848],[72.52098,21.69875],[72.52069,21.69874],[72.52069,21.69903],[72.52042,21.69903],[72.52042,21.70014],[72.51903,21.70014],[72.51903,21.70042],[72.51875,21.70042],[72.51875,21.7007],[72.51866,21.7007],[72.51868,21.70095],[72.51826,21.70181],[72.51847,21.70181],[72.51847,21.70209],[72.51875,21.70208],[72.51875,21.70292],[72.51903,21.70292],[72.51903,21.7032],[72.5193,21.70319],[72.5193,21.70375],[72.51958,21.70375],[72.51958,21.70403],[72.51986,21.70403],[72.51986,21.70458],[72.51958,21.70458],[72.51958,21.70514],[72.51875,21.70514],[72.51875,21.70542],[72.51847,21.70542],[72.51847,21.70569],[72.51819,21.70569],[72.51819,21.70597],[72.51791,21.70597],[72.51791,21.70681],[72.51764,21.70681],[72.51764,21.70764],[72.51791,21.70764],[72.51791,21.71042],[72.51764,21.71042],[72.51764,21.71264],[72.51791,21.71264],[72.51791,21.71292],[72.51764,21.71292],[72.51764,21.71347],[72.51792,21.71347],[72.51792,21.71458],[72.51875,21.71458],[72.51875,21.71403],[72.51903,21.71403],[72.51903,21.71347],[72.5193,21.71347],[72.5193,21.7132],[72.51959,21.7132],[72.51959,21.71125],[72.5193,21.71125],[72.5193,21.71097],[72.51959,21.71097],[72.51959,21.7107],[72.5193,21.7107],[72.5193,21.70958],[72.51903,21.70959],[72.51903,21.70875],[72.5193,21.70875],[72.5193,21.70793],[72.51958,21.70793],[72.51958,21.70764],[72.51986,21.70764],[72.51986,21.70736],[72.52014,21.70736],[72.52014,21.70708],[72.52069,21.70708],[72.52069,21.70653],[72.52153,21.70653],[72.52153,21.70847],[72.5218,21.70847],[72.5218,21.70903],[72.52153,21.70903],[72.52153,21.70931],[72.52125,21.70931],[72.52125,21.70959],[72.52098,21.70958],[72.52098,21.71014],[72.52069,21.71014],[72.52069,21.7107],[72.52042,21.7107],[72.52042,21.71125],[72.52014,21.71125],[72.52014,21.71153],[72.51986,21.71153],[72.51986,21.71181],[72.52014,21.71181],[72.52014,21.71209],[72.52042,21.71208],[72.52042,21.71236],[72.52069,21.71236],[72.52069,21.71347],[72.52042,21.71347],[72.52042,21.71375],[72.52069,21.71374],[72.52069,21.71403],[72.52098,21.71403],[72.52098,21.71458],[72.52153,21.71458],[72.52153,21.71486],[72.5218,21.71486],[72.5218,21.71625],[72.52236,21.71625],[72.52236,21.71653],[72.52264,21.71653],[72.52264,21.71681],[72.52292,21.71681],[72.52292,21.71708],[72.5232,21.71708],[72.5232,21.71736],[72.52349,21.71736],[72.52349,21.71764],[72.52402,21.71764],[72.52402,21.71792],[72.52431,21.71792],[72.52431,21.7182],[72.52458,21.71819],[72.52458,21.71847],[72.52486,21.71847],[72.52486,21.71875],[72.52514,21.71875],[72.52514,21.71903],[72.52542,21.71903],[72.52542,21.71958],[72.5257,21.71958],[72.5257,21.72014],[72.52597,21.72014],[72.52597,21.72042],[72.52625,21.72042],[72.52625,21.72097],[72.52653,21.72097],[72.52653,21.72125],[72.5268,21.72125],[72.5268,21.72153],[72.52709,21.72153],[72.52709,21.72208],[72.52736,21.72208],[72.52736,21.72347],[72.52764,21.72347],[72.52764,21.72431],[72.52792,21.72431],[72.52792,21.72486],[72.5282,21.72486],[72.5282,21.72514],[72.52847,21.72514],[72.52847,21.7257],[72.52875,21.72568],[72.52875,21.72625],[72.52931,21.72625],[72.52931,21.72736],[72.52959,21.72736],[72.52959,21.72792],[72.52986,21.72792],[72.52986,21.72847],[72.53014,21.72847],[72.53014,21.72875],[72.53069,21.72875],[72.53069,21.72903],[72.53098,21.72903],[72.53098,21.72931],[72.53125,21.72931],[72.53125,21.73014],[72.53152,21.73014],[72.53152,21.73042],[72.53181,21.73042],[72.53181,21.7307],[72.53208,21.73069],[72.53208,21.73125],[72.53235,21.73125],[72.53235,21.73153],[72.53264,21.73153],[72.53264,21.73181],[72.53292,21.73181],[72.53292,21.73208],[72.53347,21.73208],[72.53347,21.73236],[72.53375,21.73236],[72.53375,21.73264],[72.5343,21.73264],[72.53431,21.73292],[72.53486,21.73292],[72.53486,21.73319],[72.53514,21.73319],[72.53514,21.73375],[72.53543,21.73375],[72.53543,21.73403],[72.5357,21.73403],[72.5357,21.73458],[72.53597,21.73458],[72.53597,21.73486],[72.53736,21.73485],[72.53736,21.73514],[72.53882,21.73514],[72.53902,21.73514],[72.53902,21.73542],[72.53931,21.73542],[72.53931,21.7357],[72.54041,21.73569],[72.54041,21.73626],[72.54041,21.73931],[72.5407,21.73931],[72.5407,21.73959],[72.54097,21.73958],[72.54097,21.73986],[72.54125,21.73986],[72.54125,21.74014],[72.54139,21.74014],[72.54153,21.74014],[72.54153,21.74042],[72.54181,21.74042],[72.54181,21.7407],[72.54208,21.74069],[72.54208,21.74125],[72.54264,21.74125],[72.54264,21.74181],[72.54292,21.74181],[72.54292,21.74224],[72.54292,21.74236],[72.54304,21.74236],[72.5432,21.74236],[72.5432,21.74253],[72.5432,21.74292],[72.54343,21.74292],[72.54347,21.74292],[72.54347,21.74301],[72.54347,21.74404],[72.5432,21.74403],[72.5432,21.74486],[72.54264,21.74486],[72.54264,21.7457],[72.54292,21.7457],[72.54292,21.74708],[72.5432,21.74708],[72.5432,21.74736],[72.54347,21.74736],[72.54347,21.74792],[72.54375,21.74792],[72.54375,21.74847],[72.54395,21.74847],[72.54403,21.74847],[72.54403,21.74899],[72.54417,21.74991],[72.54433,21.75202],[72.54439,21.75484],[72.54441,21.75637],[72.54414,21.75722],[72.54408,21.75736],[72.54431,21.75736],[72.54431,21.75847],[72.54403,21.75847],[72.54403,21.75875],[72.54367,21.75875],[72.54347,21.75875],[72.54347,21.75931],[72.5432,21.75931],[72.5432,21.76042],[72.54292,21.76042],[72.54292,21.76153],[72.54347,21.76153],[72.54347,21.76179],[72.54471,21.7618],[72.54514,21.76181],[72.54514,21.76208],[72.54542,21.76208],[72.54542,21.76236],[72.54569,21.76236],[72.54569,21.76264],[72.54597,21.76264],[72.54597,21.76375],[72.54625,21.76375],[72.54625,21.76501],[72.54625,21.76625],[72.54652,21.76625],[72.54652,21.76653],[72.54708,21.76653],[72.54708,21.76681],[72.54737,21.76681],[72.54737,21.76736],[72.54745,21.76736],[72.54764,21.76736],[72.54764,21.76792],[72.54745,21.76792],[72.54737,21.76792],[72.54737,21.76847],[72.54708,21.76847],[72.54708,21.76875],[72.54737,21.76875],[72.54737,21.76931],[72.54758,21.76931],[72.54764,21.76931],[72.54764,21.76955],[72.54766,21.76962],[72.54775,21.76986],[72.54791,21.76986],[72.54791,21.77028],[72.54791,21.77042],[72.54796,21.77042],[72.5482,21.77042],[72.5482,21.77118],[72.5482,21.77236],[72.54847,21.77236],[72.54847,21.77264],[72.54875,21.77264],[72.54875,21.7732],[72.54903,21.7732],[72.54903,21.77347],[72.54925,21.77347],[72.54931,21.77347],[72.54931,21.77366],[72.54931,21.77514],[72.54958,21.77514],[72.54958,21.77792],[72.54986,21.77792],[72.54986,21.77875],[72.55014,21.77875],[72.55014,21.77931],[72.55042,21.77931],[72.55042,21.77939],[72.55042,21.78181],[72.5507,21.78181],[72.5507,21.78319],[72.55097,21.78319],[72.55097,21.78625],[72.55125,21.78625],[72.55125,21.78736],[72.55153,21.78736],[72.55153,21.78792],[72.5518,21.78792],[72.5518,21.79014],[72.55209,21.79014],[72.55209,21.79236],[72.55236,21.79236],[72.55236,21.79292],[72.55264,21.79292],[72.55264,21.79347],[72.55292,21.79347],[72.55292,21.79431],[72.55319,21.79431],[72.55319,21.79458],[72.55347,21.79458],[72.55347,21.79515],[72.55358,21.79515],[72.55375,21.79514],[72.55375,21.79597],[72.55404,21.79597],[72.55404,21.79653],[72.55431,21.79653],[72.55431,21.79708],[72.55458,21.79708],[72.55458,21.79761],[72.5546,21.79764],[72.55486,21.79764],[72.55486,21.79817],[72.55486,21.79818],[72.55486,21.79847],[72.555,21.79847],[72.55495,21.79835],[72.55492,21.79829],[72.55495,21.79836],[72.555,21.79847],[72.55514,21.79847],[72.55514,21.79877],[72.55514,21.79877],[72.55514,21.79877],[72.55514,21.79876],[72.55514,21.79903],[72.55539,21.79903],[72.55534,21.79898],[72.55539,21.79903],[72.55542,21.79903],[72.55542,21.79907],[72.55542,21.79906],[72.55542,21.79958],[72.55569,21.79958],[72.55569,21.80014],[72.55589,21.80014],[72.55589,21.80014],[72.55597,21.80014],[72.55597,21.80034],[72.55612,21.80069],[72.55625,21.80069],[72.55625,21.80096],[72.55626,21.80098],[72.55625,21.80096],[72.55625,21.80153],[72.55653,21.80153],[72.55653,21.80208],[72.55681,21.80208],[72.55681,21.80236],[72.55704,21.80236],[72.55704,21.80236],[72.55709,21.80236],[72.55709,21.80244],[72.5571,21.80247],[72.55708,21.80244],[72.55708,21.80264],[72.55719,21.80264],[72.55716,21.80257],[72.55714,21.80253],[72.55716,21.80257],[72.5572,21.80264],[72.55736,21.80264],[72.55736,21.80295],[72.55749,21.80319],[72.55764,21.80319],[72.55764,21.80344],[72.55766,21.80347],[72.55791,21.80347],[72.55791,21.80375],[72.5582,21.80375],[72.5582,21.80403],[72.55847,21.80403],[72.55847,21.80432],[72.55875,21.8043],[72.55875,21.80458],[72.55903,21.80458],[72.55903,21.80506],[72.5591,21.80514],[72.55931,21.80514],[72.55931,21.80536],[72.55938,21.80542],[72.55959,21.80541],[72.55959,21.8056],[72.55959,21.8056],[72.55959,21.8057],[72.5597,21.8057],[72.55966,21.80566],[72.55971,21.8057],[72.55986,21.8057],[72.55986,21.80583],[72.55993,21.80591],[72.55995,21.80592],[72.55993,21.80591],[72.55986,21.80583],[72.55986,21.80597],[72.55999,21.80597],[72.56,21.80597],[72.56014,21.80597],[72.56014,21.80613],[72.56056,21.80656],[72.56119,21.8071],[72.56164,21.80779],[72.56198,21.80873],[72.56279,21.80984],[72.56344,21.8109],[72.56386,21.81209],[72.56442,21.81294],[72.56476,21.81375],[72.56486,21.81375],[72.56486,21.81399],[72.56488,21.81403],[72.56514,21.81403],[72.56514,21.81458],[72.56541,21.81458],[72.56541,21.81514],[72.5657,21.81514],[72.5657,21.81542],[72.56597,21.81542],[72.56597,21.81597],[72.56625,21.81597],[72.56625,21.81626],[72.56653,21.81625],[72.56653,21.8168],[72.5668,21.8168],[72.5668,21.81708],[72.56709,21.81708],[72.56709,21.81764],[72.56736,21.81764],[72.56736,21.8182],[72.56731,21.8182],[72.5673,21.8182],[72.56733,21.81824],[72.5674,21.81835],[72.56748,21.81892],[72.56748,21.81892],[72.56748,21.81892],[72.56822,21.81937],[72.56853,21.81975],[72.56857,21.81979],[72.56883,21.82011],[72.56923,21.82075],[72.56934,21.82084],[72.56975,21.82123],[72.57001,21.8215],[72.57008,21.82159],[72.57017,21.82171],[72.57037,21.82198],[72.57039,21.82264],[72.57039,21.82264],[72.57039,21.82265],[72.57077,21.82313],[72.5711,21.82355],[72.5711,21.82355],[72.5711,21.82355],[72.57167,21.82362],[72.57177,21.82363],[72.57181,21.82363],[72.57279,21.82373],[72.57289,21.82375],[72.573,21.82377],[72.5736,21.82388],[72.57434,21.82437],[72.57497,21.82487],[72.57578,21.82512],[72.57594,21.82517],[72.57662,21.82576],[72.57676,21.82583],[72.57698,21.82594],[72.57742,21.82616],[72.57842,21.82672],[72.57917,21.82707],[72.57973,21.82751],[72.58006,21.82777],[72.58106,21.82859],[72.58194,21.82945],[72.58273,21.83015],[72.58299,21.83037],[72.58382,21.83108],[72.58392,21.83118],[72.58401,21.83128],[72.58444,21.83172],[72.58499,21.83272],[72.5853,21.8334],[72.5855,21.83383],[72.58557,21.83397],[72.58605,21.83518],[72.58619,21.83535],[72.58651,21.83576],[72.58705,21.83642],[72.58713,21.83651],[72.5879,21.83742],[72.58829,21.83779],[72.5885,21.83799],[72.58857,21.83806],[72.58875,21.83826],[72.58919,21.83876],[72.58975,21.83955],[72.5899,21.83987],[72.59003,21.84014],[72.59014,21.84039],[72.59058,21.84074],[72.59059,21.84075],[72.59082,21.84093],[72.59111,21.84144],[72.59127,21.84172],[72.59131,21.84176],[72.59134,21.84181],[72.59189,21.84247],[72.59278,21.84308],[72.59311,21.84357],[72.59334,21.84392],[72.59362,21.84438],[72.59379,21.84466],[72.59441,21.84535],[72.59493,21.84574],[72.59517,21.84617],[72.59533,21.84647],[72.59557,21.84659],[72.59564,21.84663],[72.59634,21.84698],[72.59673,21.84742],[72.59687,21.84757],[72.59701,21.84773],[72.59724,21.84805],[72.59761,21.84856],[72.59762,21.84858],[72.5985,21.84949],[72.59876,21.85004],[72.59894,21.85043],[72.59933,21.85132],[72.59978,21.85206],[72.60034,21.85285],[72.60059,21.85333],[72.60099,21.85386],[72.60111,21.85401],[72.60129,21.85425],[72.60135,21.85433],[72.60133,21.8547],[72.60132,21.8549],[72.60139,21.85499],[72.60157,21.85527],[72.602,21.8554],[72.60217,21.85545],[72.60221,21.85545],[72.60235,21.85546],[72.60304,21.85549],[72.60399,21.85518],[72.60448,21.85515],[72.60467,21.85539],[72.60469,21.85542],[72.60466,21.85593],[72.60461,21.85674],[72.60495,21.85748],[72.60589,21.85829],[72.60679,21.859],[72.60685,21.85906],[72.60686,21.85907],[72.60736,21.85954],[72.60804,21.86003],[72.60863,21.86032],[72.60983,21.86038],[72.61082,21.86032],[72.61084,21.86033],[72.61095,21.86041],[72.61167,21.86088],[72.61183,21.86128],[72.61196,21.86161],[72.61215,21.86207],[72.61252,21.86261],[72.61286,21.86308],[72.61298,21.86344],[72.61337,21.86459],[72.61456,21.86593],[72.61463,21.86601],[72.61481,21.86622],[72.61528,21.86678],[72.61609,21.86703],[72.6167,21.86802],[72.61674,21.86807],[72.61674,21.86808],[72.61706,21.86917],[72.61711,21.87029],[72.61706,21.87108],[72.61705,21.87126],[72.61704,21.8715],[72.61698,21.87254],[72.61745,21.87394],[72.61821,21.8751],[72.61874,21.87631],[72.61922,21.87745],[72.61935,21.87839],[72.61942,21.8789],[72.61957,21.87976],[72.61967,21.88029],[72.62009,21.8809],[72.62023,21.88108],[72.62044,21.8816],[72.62076,21.88239],[72.62078,21.88247],[72.62084,21.88272],[72.62111,21.88379],[72.62155,21.88434],[72.62178,21.88464],[72.62221,21.88572],[72.6224,21.8862],[72.62277,21.8875],[72.62241,21.88804],[72.62185,21.88832],[72.62136,21.8889],[72.62126,21.88901],[72.62104,21.88975],[72.62092,21.89012],[72.62092,21.89012],[72.62092,21.89012],[72.62091,21.8903],[72.62084,21.89165],[72.62077,21.89282],[72.62093,21.894],[72.6211,21.8958],[72.621,21.89759],[72.62131,21.89888],[72.62151,21.90012],[72.62222,21.90153],[72.6223,21.90169],[72.62236,21.90178],[72.62306,21.9029],[72.62349,21.90354],[72.62382,21.90402],[72.62486,21.90483],[72.62609,21.90551],[72.62723,21.90674],[72.6281,21.9078],[72.62831,21.90822],[72.62874,21.90906],[72.6276,21.91057],[72.62593,21.91243],[72.62462,21.91431],[72.62466,21.91457],[72.625,21.91675],[72.62496,21.91747],[72.62484,21.91965],[72.62462,21.92045],[72.62314,21.92215],[72.62157,21.9224],[72.62168,21.92031],[72.62112,21.91802],[72.62112,21.91802],[72.62112,21.91801],[72.61974,21.91795],[72.6174,21.91945],[72.61437,21.92092],[72.6124,21.92268],[72.61164,21.92337],[72.61094,21.92411],[72.60961,21.92553],[72.60791,21.92804],[72.60791,21.92804],[72.60791,21.92804],[72.60835,21.93242],[72.6106,21.9356],[72.61168,21.93684],[72.6119,21.9371],[72.61353,21.93898],[72.61353,21.93898],[72.61791,21.94113],[72.61928,21.94206],[72.62034,21.94277],[72.62075,21.94305],[72.62341,21.94496],[72.62674,21.94738],[72.62736,21.94784],[72.62766,21.94806],[72.63074,21.95033],[72.63451,21.95218],[72.63512,21.95248],[72.63575,21.95313],[72.6364,21.95381],[72.63676,21.95417],[72.63562,21.9559],[72.63435,21.95682],[72.63431,21.95643],[72.63249,21.95608],[72.63156,21.95591],[72.62939,21.95549],[72.62783,21.95446],[72.62553,21.95301],[72.62439,21.95222],[72.62408,21.952],[72.6235,21.9516],[72.62179,21.95043],[72.62038,21.9493],[72.62023,21.94918],[72.62014,21.94912],[72.61733,21.94717],[72.61511,21.94548],[72.61448,21.94508],[72.6133,21.94434],[72.61241,21.9435],[72.61217,21.94327],[72.61187,21.94299],[72.61097,21.94222],[72.6102,21.94156],[72.60834,21.94007],[72.60792,21.93967],[72.60781,21.93957],[72.60762,21.93939],[72.60701,21.93871],[72.60687,21.93855],[72.60668,21.93835],[72.60563,21.93726],[72.60652,21.93818],[72.60563,21.93727],[72.60562,21.93725],[72.60561,21.93724],[72.60419,21.93583],[72.603,21.93478],[72.60173,21.93364],[72.60163,21.93354],[72.60076,21.93277],[72.60031,21.93237],[72.59844,21.93116],[72.59712,21.93005],[72.59617,21.92918],[72.5951,21.92814],[72.59458,21.92775],[72.59406,21.92737],[72.59366,21.92707],[72.59228,21.92601],[72.59119,21.9252],[72.59024,21.92427],[72.5894,21.92365],[72.58878,21.92313],[72.58851,21.9229],[72.58758,21.92151],[72.58687,21.92089],[72.58655,21.92021],[72.58647,21.92006],[72.58637,21.91991],[72.58629,21.9198],[72.58589,21.91927],[72.58597,21.91781],[72.58581,21.91622],[72.5859,21.91477],[72.58579,21.9133],[72.58564,21.91231],[72.58557,21.91185],[72.58552,21.91147],[72.58548,21.91085],[72.58545,21.91036],[72.58555,21.90873],[72.58555,21.90873],[72.58555,21.90873],[72.58538,21.90732],[72.58541,21.90708],[72.58559,21.90581],[72.58591,21.90448],[72.58652,21.90331],[72.5866,21.90314],[72.58662,21.90311],[72.58697,21.90231],[72.58698,21.9023],[72.587,21.90218],[72.58716,21.90133],[72.58722,21.90022],[72.58722,21.90022],[72.58721,21.90018],[72.58675,21.89856],[72.58648,21.89749],[72.58632,21.89686],[72.58629,21.89672],[72.58574,21.8953],[72.58563,21.89505],[72.58556,21.89491],[72.58491,21.8935],[72.58443,21.89196],[72.58368,21.88978],[72.58367,21.88976],[72.58366,21.88973],[72.58338,21.88906],[72.58318,21.88856],[72.58309,21.88839],[72.58293,21.88803],[72.58262,21.88737],[72.58211,21.88641],[72.58211,21.88641],[72.58211,21.88641],[72.58096,21.88565],[72.57953,21.88441],[72.57816,21.88371],[72.57776,21.8835],[72.57637,21.88273],[72.57545,21.88247],[72.57415,21.8821],[72.57167,21.88157],[72.56956,21.88135],[72.5675,21.88125],[72.56556,21.88109],[72.56379,21.881],[72.56275,21.88095],[72.56119,21.88088],[72.56088,21.88086],[72.56061,21.88085],[72.55938,21.88079],[72.55731,21.88064],[72.5572,21.88063],[72.55689,21.88061],[72.55503,21.88034],[72.55502,21.88034],[72.55502,21.88034],[72.55327,21.88025],[72.55223,21.88011],[72.552,21.88008],[72.55191,21.88007],[72.55179,21.88005],[72.55023,21.87981],[72.54942,21.87934],[72.5489,21.87904],[72.54821,21.87845],[72.54782,21.87811],[72.54667,21.87753],[72.54523,21.8774],[72.54317,21.8773],[72.54129,21.87738],[72.53977,21.8776],[72.53801,21.87769],[72.53563,21.8778],[72.53419,21.87773],[72.53192,21.87809],[72.5309,21.87833],[72.52888,21.87864],[72.52681,21.87871],[72.5258,21.87866],[72.52475,21.87861],[72.52293,21.87863],[72.52213,21.87859],[72.52137,21.87856],[72.52089,21.8785],[72.51975,21.87836],[72.51945,21.87834],[72.51918,21.87833],[72.51838,21.87829],[72.51735,21.87871],[72.51662,21.87949],[72.51644,21.8806],[72.51643,21.88065],[72.51639,21.88085],[72.51643,21.88066],[72.51639,21.88085],[72.516,21.88273],[72.51591,21.88437],[72.51557,21.88581],[72.51523,21.88632],[72.51487,21.88718],[72.51483,21.88794],[72.51481,21.8882],[72.51514,21.8882],[72.51514,21.88847],[72.51681,21.88847],[72.51681,21.88931],[72.51625,21.88931],[72.51625,21.88959],[72.5162,21.88959],[72.51598,21.88959],[72.51598,21.88986],[72.51569,21.88986],[72.51569,21.89014],[72.51542,21.89014],[72.51542,21.89042],[72.51514,21.89042],[72.51514,21.8907],[72.51486,21.8907],[72.51486,21.89097],[72.51458,21.89097],[72.51458,21.89125],[72.51431,21.89125],[72.51431,21.89154],[72.51375,21.89154],[72.51375,21.89181],[72.51348,21.89181],[72.51348,21.89208],[72.51319,21.89208],[72.51319,21.89236],[72.51292,21.89236],[72.51292,21.89264],[72.51264,21.89264],[72.51264,21.89292],[72.51209,21.89292],[72.51209,21.89347],[72.5118,21.89347],[72.5118,21.89403],[72.51153,21.89403],[72.51153,21.89431],[72.51097,21.89431],[72.51097,21.89458],[72.5107,21.89458],[72.5107,21.89486],[72.51041,21.89486],[72.51041,21.89542],[72.51014,21.89542],[72.51014,21.8957],[72.50958,21.8957],[72.50958,21.89597],[72.50931,21.89597],[72.50931,21.89625],[72.50903,21.89625],[72.50903,21.89681],[72.50875,21.89681],[72.50875,21.89709],[72.50847,21.89709],[72.50847,21.89736],[72.50819,21.89735],[72.50819,21.89764],[72.50792,21.89764],[72.50792,21.89792],[72.50764,21.89792],[72.50764,21.90042],[72.50736,21.90042],[72.50736,21.90069],[72.50708,21.90069],[72.50708,21.90125],[72.50681,21.90125],[72.50681,21.90264],[72.50708,21.90264],[72.50708,21.9032],[72.50736,21.9032],[72.50736,21.90458],[72.50708,21.90458],[72.50708,21.90486],[72.50681,21.90486],[72.50681,21.90514],[72.50653,21.90514],[72.50653,21.9057],[72.50625,21.9057],[72.50625,21.90681],[72.50598,21.90681],[72.50598,21.90736],[72.50569,21.90736],[72.50569,21.90819],[72.50542,21.90819],[72.50542,21.90903],[72.50514,21.90903],[72.50514,21.90958],[72.50486,21.90958],[72.50486,21.91236],[72.50514,21.91235],[72.50514,21.91264],[72.50542,21.91264],[72.50542,21.9132],[72.50569,21.9132],[72.50569,21.91375],[72.50596,21.91375],[72.50596,21.91625],[72.50625,21.91625],[72.50625,21.92153],[72.50596,21.92152],[72.50596,21.92514],[72.5057,21.92514],[72.5057,21.92542],[72.50486,21.92542],[72.50486,21.92569],[72.50458,21.9257],[72.50458,21.92847],[72.5043,21.92847],[72.5043,21.92931],[72.50403,21.92931],[72.50403,21.93125],[72.50376,21.93125],[72.50376,21.93181],[72.50347,21.9318],[72.50347,21.93264],[72.5032,21.93264],[72.5032,21.93347],[72.50292,21.93347],[72.50292,21.93458],[72.50264,21.93458],[72.50264,21.93514],[72.50236,21.93514],[72.50236,21.93681],[72.50292,21.93681],[72.50292,21.93708],[72.5032,21.93708],[72.5032,21.93736],[72.50291,21.93736],[72.50291,21.93764],[72.5032,21.93764],[72.5032,21.93875],[72.50291,21.93875],[72.50291,21.93903],[72.5032,21.93903],[72.5032,21.94042],[72.50292,21.94042],[72.50292,21.9407],[72.50264,21.9407],[72.50264,21.94097],[72.50236,21.94097],[72.50236,21.94153],[72.50208,21.94153],[72.50208,21.94181],[72.50236,21.94181],[72.50236,21.94847],[72.50264,21.94846],[72.50264,21.9507],[72.50292,21.95069],[72.50292,21.95209],[72.50264,21.95209],[72.50264,21.95347],[72.50236,21.95347],[72.50236,21.95514],[72.50264,21.95514],[72.50264,21.95597],[72.50291,21.95597],[72.50291,21.95903],[72.5032,21.95903],[72.5032,21.96042],[72.50347,21.96042],[72.50347,21.96208],[72.5032,21.96208],[72.5032,21.96264],[72.50347,21.96264],[72.50347,21.96375],[72.50374,21.96375],[72.50374,21.96403],[72.50403,21.96403],[72.50403,21.9657],[72.5043,21.96569],[72.5043,21.96625],[72.50403,21.96625],[72.50403,21.96682],[72.5043,21.96681],[72.5043,21.96736],[72.50459,21.96736],[72.50459,21.96792],[72.50486,21.96792],[72.50486,21.96847],[72.50459,21.96847],[72.50459,21.97292],[72.50486,21.97292],[72.50486,21.97347],[72.50458,21.97347],[72.50458,21.97458],[72.50486,21.97458],[72.50486,21.97486],[72.50459,21.97486],[72.50459,21.97653],[72.50486,21.97653],[72.50486,21.97708],[72.50514,21.97708],[72.50514,21.97736],[72.50486,21.97736],[72.50486,21.97931],[72.50514,21.97931],[72.50514,21.97986],[72.50542,21.97986],[72.50542,21.98042],[72.50514,21.98042],[72.50514,21.9807],[72.50486,21.9807],[72.50486,21.98097],[72.50514,21.98097],[72.50514,21.98125],[72.50542,21.98125],[72.50542,21.98182],[72.5057,21.98182],[72.5057,21.98264],[72.50542,21.98264],[72.50542,21.98292],[72.50569,21.98292],[72.50569,21.98347],[72.50596,21.98347],[72.50596,21.98431],[72.50625,21.98431],[72.50625,21.9857],[72.50596,21.98569],[72.50596,21.98625],[72.50625,21.98625],[72.50625,21.98681],[72.50653,21.98681],[72.50653,21.98792],[72.50681,21.98792],[72.50681,21.98875],[72.50708,21.98875],[72.50708,21.99097],[72.50736,21.99097],[72.50736,21.99181],[72.50708,21.99181],[72.50708,21.99264],[72.50736,21.99264],[72.50736,21.99431],[72.50764,21.9943],[72.50764,21.99514],[72.50792,21.99514],[72.50792,21.99736],[72.50819,21.99736],[72.50819,21.99764],[72.50847,21.99764],[72.50847,21.99819],[72.50875,21.99819],[72.50875,21.99959],[72.50903,21.99959],[72.50904,21.99986],[72.50904,22.00042],[72.50931,22.00042],[72.50931,22.00153],[72.50958,22.00153],[72.50958,22.00264],[72.50987,22.00264],[72.50987,22.00347],[72.51014,22.00347],[72.51014,22.00458],[72.51041,22.00458],[72.51041,22.00542],[72.5107,22.00542],[72.5107,22.00653],[72.51097,22.00653],[72.51097,22.00764],[72.51126,22.00764],[72.51126,22.00847],[72.51153,22.00847],[72.51153,22.00958],[72.5118,22.00958],[72.5118,22.01042],[72.51209,22.01042],[72.51209,22.01153],[72.51236,22.01153],[72.51236,22.01264],[72.51264,22.01264],[72.51264,22.01347],[72.51292,22.01347],[72.51292,22.01459],[72.51319,22.01458],[72.51319,22.01542],[72.51347,22.01542],[72.51347,22.01653],[72.51375,22.01653],[72.51375,22.01764],[72.51403,22.01764],[72.51403,22.01847],[72.51431,22.01847],[72.51431,22.01931],[72.51458,22.01931],[72.51458,22.02014],[72.51486,22.02014],[72.51486,22.02097],[72.51514,22.02097],[72.51514,22.02153],[72.51542,22.02153],[72.51542,22.02236],[72.51569,22.02236],[72.51569,22.0232],[72.51598,22.0232],[72.51598,22.02403],[72.51625,22.02403],[72.51625,22.02486],[72.51653,22.02486],[72.51653,22.02569],[72.51681,22.02569],[72.51681,22.02653],[72.51708,22.02653],[72.51708,22.02708],[72.51736,22.02708],[72.51736,22.02792],[72.51764,22.02792],[72.51764,22.02875],[72.51792,22.02875],[72.51792,22.02958],[72.51819,22.02958],[72.51819,22.03097],[72.51847,22.03097],[72.51847,22.03264],[72.51875,22.03264],[72.51875,22.03431],[72.51903,22.03431],[72.51903,22.03542],[72.5193,22.03542],[72.5193,22.03653],[72.51958,22.03653],[72.51958,22.03764],[72.51986,22.03764],[72.51986,22.03875],[72.52014,22.03875],[72.52014,22.04042],[72.52042,22.04042],[72.52042,22.04209],[72.52069,22.04208],[72.52069,22.04403],[72.52098,22.04403],[72.52098,22.04569],[72.52125,22.04569],[72.52125,22.04736],[72.52153,22.04736],[72.52153,22.04903],[72.52181,22.04903],[72.52181,22.0507],[72.52209,22.05069],[72.52209,22.05236],[72.52236,22.05236],[72.52236,22.05404],[72.52264,22.05403],[72.52264,22.05597],[72.52292,22.05597],[72.52292,22.0582],[72.5232,22.0582],[72.5232,22.05986],[72.52348,22.05986],[72.52348,22.06125],[72.52374,22.06125],[72.52374,22.06264],[72.52403,22.06264],[72.52403,22.06403],[72.52431,22.06403],[72.52431,22.06542],[72.52458,22.06542],[72.52458,22.0668],[72.52486,22.0668],[72.52486,22.0682],[72.52514,22.0682],[72.52514,22.06959],[72.52542,22.06959],[72.52542,22.07097],[72.5257,22.07097],[72.5257,22.07264],[72.52597,22.07264],[72.52597,22.07403],[72.52625,22.07403],[72.52625,22.07542],[72.52653,22.07542],[72.52653,22.07625],[72.52625,22.07625],[72.52625,22.07681],[72.52653,22.07681],[72.52653,22.07764],[72.5268,22.07764],[72.5268,22.07847],[72.52708,22.07847],[72.52708,22.07931],[72.52736,22.07931],[72.52736,22.08014],[72.52764,22.08014],[72.52764,22.08125],[72.52792,22.08125],[72.52792,22.08208],[72.5282,22.08208],[72.5282,22.08292],[72.52847,22.08292],[72.52847,22.08403],[72.52875,22.08402],[72.52875,22.08514],[72.52903,22.08514],[72.52903,22.08625],[72.5293,22.08625],[72.5293,22.08736],[72.52959,22.08736],[72.52959,22.08819],[72.52987,22.08819],[72.52987,22.08931],[72.53014,22.08931],[72.53014,22.09015],[72.53042,22.09014],[72.53042,22.09097],[72.53069,22.09097],[72.53069,22.09236],[72.53097,22.09236],[72.53097,22.09347],[72.53125,22.09347],[72.53125,22.09431],[72.53152,22.09431],[72.53152,22.09542],[72.53181,22.09542],[72.53181,22.09625],[72.53208,22.09625],[72.53208,22.09681],[72.53237,22.09681],[72.53237,22.0982],[72.53264,22.0982],[72.53264,22.09903],[72.53292,22.09902],[72.53292,22.10014],[72.5332,22.10014],[72.5332,22.10097],[72.53347,22.10097],[72.53347,22.10209],[72.53375,22.10209],[72.53375,22.1032],[72.53403,22.1032],[72.53403,22.10431],[72.5343,22.10431],[72.53431,22.10542],[72.53457,22.10542],[72.53457,22.10653],[72.53486,22.10653],[72.53486,22.10764],[72.53514,22.10764],[72.53514,22.10875],[72.53542,22.10875],[72.53542,22.10958],[72.5357,22.10958],[72.5357,22.11014],[72.53597,22.11014],[72.53597,22.11097],[72.53625,22.11096],[72.53625,22.11181],[72.53653,22.1118],[72.53653,22.11236],[72.53681,22.11236],[72.53681,22.1132],[72.53709,22.11319],[72.53709,22.11403],[72.53736,22.11403],[72.53736,22.11459],[72.53755,22.11459],[72.53764,22.11459],[72.53764,22.11494],[72.53764,22.11597],[72.53792,22.11597],[72.53792,22.11792],[72.53819,22.11792],[72.53819,22.11959],[72.53848,22.11959],[72.53848,22.12014],[72.53875,22.12014],[72.53875,22.12097],[72.53902,22.12097],[72.53902,22.12181],[72.53931,22.12181],[72.53931,22.12236],[72.53958,22.12236],[72.53958,22.12319],[72.53986,22.12319],[72.53986,22.12403],[72.54009,22.12403],[72.54014,22.12403],[72.54014,22.12422],[72.54014,22.12514],[72.54029,22.12514],[72.54041,22.12514],[72.54041,22.12597],[72.5407,22.12597],[72.5407,22.12707],[72.5407,22.12708],[72.54097,22.12708],[72.54097,22.12778],[72.54097,22.12792],[72.54103,22.12792],[72.54125,22.12792],[72.54125,22.12848],[72.54125,22.12903],[72.54153,22.12903],[72.54153,22.13014],[72.54181,22.13014],[72.54181,22.13125],[72.54208,22.13125],[72.54208,22.13236],[72.54236,22.13236],[72.54236,22.13347],[72.54264,22.13347],[72.54264,22.13458],[72.54292,22.13458],[72.54292,22.13569],[72.5432,22.13569],[72.5432,22.13653],[72.54347,22.13653],[72.54347,22.13736],[72.54375,22.13736],[72.54375,22.1382],[72.54403,22.1382],[72.54403,22.13903],[72.5443,22.13903],[72.54431,22.13986],[72.54458,22.13986],[72.54458,22.14042],[72.54486,22.14042],[72.54486,22.14097],[72.54515,22.14097],[72.54515,22.14181],[72.54542,22.14181],[72.54542,22.14236],[72.54556,22.14236],[72.54569,22.14236],[72.54569,22.14316],[72.5457,22.14319],[72.54598,22.14319],[72.54598,22.14431],[72.54625,22.1443],[72.54625,22.14542],[72.54652,22.14542],[72.54652,22.14653],[72.54681,22.14653],[72.54681,22.14744],[72.54681,22.14764],[72.54688,22.14764],[72.54708,22.14764],[72.54708,22.14845],[72.54708,22.14875],[72.54716,22.14875],[72.54737,22.14875],[72.54737,22.1494],[72.54737,22.14986],[72.54754,22.14986],[72.54764,22.14986],[72.54764,22.15011],[72.54764,22.15069],[72.54787,22.15069],[72.54791,22.15069],[72.54791,22.15081],[72.54791,22.15125],[72.54809,22.15125],[72.54819,22.15125],[72.54819,22.15154],[72.54819,22.15181],[72.54827,22.15181],[72.54847,22.15181],[72.54847,22.15236],[72.54875,22.15236],[72.54875,22.1532],[72.54903,22.1532],[72.54903,22.15375],[72.54931,22.15375],[72.54931,22.15431],[72.54959,22.15431],[72.54959,22.15486],[72.54986,22.15486],[72.54986,22.15555],[72.54986,22.1557],[72.54992,22.1557],[72.55014,22.1557],[72.55014,22.15618],[72.55014,22.15625],[72.55018,22.15625],[72.55042,22.15624],[72.55042,22.15672],[72.55042,22.15681],[72.55047,22.15681],[72.5507,22.15681],[72.5507,22.15726],[72.5507,22.15736],[72.55075,22.15736],[72.55097,22.15736],[72.55097,22.1578],[72.55097,22.15819],[72.55117,22.15819],[72.55125,22.15819],[72.55125,22.15834],[72.55125,22.15875],[72.55146,22.15875],[72.55153,22.15875],[72.55153,22.15888],[72.55153,22.15931],[72.55176,22.1593],[72.5518,22.1593],[72.5518,22.15937],[72.5518,22.15986],[72.55206,22.15986],[72.55209,22.15986],[72.55209,22.1599],[72.55209,22.16042],[72.55233,22.16042],[72.55236,22.16042],[72.55236,22.16049],[72.55236,22.16097],[72.55257,22.16097],[72.55264,22.16097],[72.55264,22.16112],[72.55264,22.16153],[72.55285,22.16153],[72.55292,22.16153],[72.55292,22.16166],[72.55292,22.16208],[72.55314,22.16208],[72.55319,22.16208],[72.55319,22.16219],[72.55319,22.16264],[72.55338,22.16264],[72.55348,22.16264],[72.55348,22.16286],[72.55348,22.16347],[72.55375,22.16347],[72.55375,22.16349],[72.55375,22.16403],[72.55402,22.16403],[72.55403,22.16403],[72.55403,22.16406],[72.55403,22.16458],[72.55429,22.16458],[72.55431,22.16458],[72.55431,22.16462],[72.55431,22.16514],[72.55456,22.16514],[72.55458,22.16514],[72.55458,22.16518],[72.55458,22.1657],[72.55483,22.1657],[72.55486,22.1657],[72.55486,22.16577],[72.55486,22.16625],[72.55506,22.16625],[72.55514,22.16625],[72.55514,22.16645],[72.55514,22.16681],[72.55528,22.16681],[72.55542,22.16681],[72.55542,22.16707],[72.55542,22.16736],[72.55563,22.16736],[72.55569,22.16736],[72.55569,22.16744],[72.55569,22.16792],[72.55597,22.16792],[72.55597,22.16847],[72.55625,22.16847],[72.55625,22.16875],[72.55636,22.16875],[72.55653,22.16875],[72.55653,22.16912],[72.55653,22.16931],[72.55663,22.16931],[72.55681,22.16931],[72.55681,22.16958],[72.55709,22.16958],[72.55709,22.17014],[72.55736,22.17014],[72.55736,22.17042],[72.55764,22.17042],[72.55764,22.17097],[72.55792,22.17097],[72.55792,22.17125],[72.5582,22.17124],[72.5582,22.17181],[72.55847,22.17181],[72.55847,22.17208],[72.55875,22.17208],[72.55875,22.17264],[72.55903,22.17264],[72.55903,22.17292],[72.55931,22.17292],[72.55931,22.17347],[72.55959,22.17347],[72.55959,22.17375],[72.55986,22.17375],[72.55986,22.17431],[72.56014,22.17431],[72.56014,22.17459],[72.56042,22.17458],[72.56042,22.17514],[72.56069,22.17514],[72.56069,22.17542],[72.56098,22.17542],[72.56098,22.17597],[72.56125,22.17597],[72.56125,22.17625],[72.56153,22.17625],[72.56153,22.17665],[72.56168,22.17681],[72.56181,22.17681],[72.56181,22.17695],[72.56181,22.17695],[72.56181,22.17708],[72.56192,22.17708],[72.56185,22.177],[72.56183,22.17698],[72.56185,22.177],[72.56193,22.17708],[72.56208,22.17708],[72.56208,22.17735],[72.56216,22.1775],[72.56208,22.17735],[72.56208,22.17764],[72.56224,22.17764],[72.56224,22.17764],[72.56236,22.17764],[72.56236,22.17785],[72.56239,22.1779],[72.56239,22.17791],[72.56239,22.1779],[72.56236,22.17785],[72.56236,22.17792],[72.5624,22.17792],[72.5624,22.17792],[72.56264,22.17792],[72.56264,22.17835],[72.56264,22.17834],[72.56264,22.17847],[72.56271,22.17847],[72.56268,22.17842],[72.56271,22.17847],[72.56291,22.17847],[72.56291,22.17875],[72.56319,22.17875],[72.56319,22.17927],[72.56319,22.17927],[72.56319,22.17931],[72.56321,22.17931],[72.56321,22.17931],[72.56347,22.1793],[72.56347,22.17958],[72.56375,22.17958],[72.56375,22.18005],[72.56383,22.18014],[72.56403,22.18014],[72.56403,22.18041],[72.56403,22.1804],[72.56403,22.18043],[72.56404,22.18043],[72.56404,22.18043],[72.56431,22.18041],[72.56431,22.18079],[72.56441,22.18092],[72.56443,22.18096],[72.56443,22.18097],[72.56458,22.18097],[72.56458,22.18125],[72.56486,22.18125],[72.56486,22.18181],[72.56514,22.18181],[72.56514,22.18209],[72.56541,22.18208],[72.56541,22.18264],[72.5657,22.18264],[72.5657,22.18292],[72.56597,22.18292],[72.56597,22.18343],[72.56597,22.18343],[72.56597,22.18347],[72.566,22.18347],[72.566,22.18347],[72.56625,22.18347],[72.56625,22.18373],[72.56629,22.18375],[72.56653,22.18375],[72.56653,22.18399],[72.56653,22.18399],[72.56653,22.18431],[72.56671,22.18431],[72.56664,22.18418],[72.56672,22.18431],[72.5668,22.18431],[72.5668,22.18446],[72.5668,22.18446],[72.5668,22.18458],[72.56688,22.18458],[72.56686,22.18455],[72.56685,22.18454],[72.56686,22.18455],[72.56688,22.18458],[72.56709,22.18458],[72.56709,22.18493],[72.56722,22.18514],[72.56736,22.18514],[72.56736,22.18537],[72.5674,22.18542],[72.56764,22.18542],[72.56764,22.18582],[72.56774,22.18597],[72.56792,22.18597],[72.56792,22.18625],[72.56819,22.18624],[72.56819,22.18671],[72.56826,22.18681],[72.56848,22.18681],[72.56848,22.18709],[72.56875,22.18708],[72.56875,22.18756],[72.56883,22.18764],[72.56904,22.18764],[72.56904,22.18786],[72.56905,22.18787],[72.56904,22.18786],[72.56904,22.18792],[72.5691,22.18792],[72.5691,22.18792],[72.56931,22.18792],[72.56931,22.18814],[72.56936,22.1882],[72.56958,22.1882],[72.56958,22.18842],[72.5696,22.18844],[72.56962,22.18846],[72.5696,22.18844],[72.56958,22.18842],[72.56958,22.18847],[72.56963,22.18847],[72.56963,22.18847],[72.56963,22.18847],[72.56986,22.18847],[72.56986,22.18871],[72.56986,22.18871],[72.56986,22.18875],[72.5699,22.18875],[72.56989,22.18874],[72.56989,22.18874],[72.5699,22.18875],[72.57014,22.18875],[72.57014,22.189],[72.57015,22.18901],[72.57015,22.18901],[72.57014,22.189],[72.57014,22.18903],[72.57017,22.18903],[72.57017,22.18903],[72.57017,22.18903],[72.57042,22.18903],[72.57042,22.18931],[72.5707,22.18931],[72.5707,22.18958],[72.57097,22.18958],[72.57097,22.18986],[72.57125,22.18986],[72.57126,22.19037],[72.57126,22.19038],[72.57126,22.19037],[72.57125,22.19037],[72.57125,22.19042],[72.57131,22.19042],[72.57131,22.19042],[72.57153,22.19042],[72.57153,22.19061],[72.57154,22.19062],[72.57152,22.19061],[72.57152,22.19069],[72.57161,22.19069],[72.57162,22.19069],[72.57181,22.19069],[72.57181,22.19087],[72.57181,22.19086],[72.57181,22.19097],[72.57193,22.19097],[72.57193,22.19097],[72.57208,22.19097],[72.57208,22.19111],[72.57208,22.19111],[72.57208,22.19125],[72.57224,22.19125],[72.57218,22.19119],[72.57217,22.19118],[72.57218,22.19119],[72.57224,22.19125],[72.57236,22.19125],[72.57236,22.19135],[72.57236,22.19135],[72.57236,22.19153],[72.57256,22.19153],[72.57256,22.19153],[72.57264,22.19153],[72.57264,22.1916],[72.57275,22.1917],[72.5728,22.19176],[72.57275,22.1917],[72.57264,22.1916],[72.57264,22.1918],[72.57284,22.1918],[72.57284,22.1918],[72.57292,22.1918],[72.57292,22.1919],[72.57307,22.19208],[72.5732,22.19208],[72.5732,22.19224],[72.5732,22.19224],[72.5732,22.19237],[72.5733,22.19237],[72.57331,22.19237],[72.57347,22.19237],[72.57347,22.19257],[72.57353,22.19264],[72.57376,22.19264],[72.57376,22.19291],[72.57375,22.19291],[72.57375,22.19292],[72.57377,22.19292],[72.57377,22.19292],[72.57403,22.19292],[72.57403,22.19319],[72.57403,22.19319],[72.57403,22.1932],[72.57404,22.1932],[72.57404,22.1932],[72.57404,22.1932],[72.5743,22.1932],[72.5743,22.19347],[72.57459,22.19347],[72.57459,22.19375],[72.57514,22.19375],[72.57514,22.19403],[72.57542,22.19403],[72.57542,22.19431],[72.57569,22.19431],[72.57569,22.19459],[72.57597,22.19458],[72.57597,22.19486],[72.57625,22.19486],[72.57625,22.19514],[72.57653,22.19514],[72.57653,22.19542],[72.57681,22.19542],[72.57681,22.1957],[72.57708,22.1957],[72.57708,22.19597],[72.57736,22.19597],[72.57736,22.19625],[72.57764,22.19625],[72.57764,22.19653],[72.57792,22.19653],[72.57792,22.19681],[72.5782,22.19681],[72.5782,22.19708],[72.57848,22.19708],[72.57848,22.19736],[72.57875,22.19736],[72.57875,22.19764],[72.57903,22.19764],[72.57903,22.19792],[72.57931,22.19792],[72.57931,22.19819],[72.57958,22.19819],[72.57958,22.19847],[72.57986,22.19847],[72.57986,22.19875],[72.58014,22.19875],[72.58014,22.19903],[72.58042,22.19903],[72.58041,22.1993],[72.5807,22.19931],[72.5807,22.19958],[72.58097,22.19958],[72.58097,22.19986],[72.58125,22.19986],[72.58125,22.20014],[72.58153,22.20014],[72.58153,22.20042],[72.5818,22.20042],[72.5818,22.2007],[72.58209,22.2007],[72.58209,22.20097],[72.58264,22.20097],[72.58264,22.20125],[72.58292,22.20125],[72.58292,22.20154],[72.58319,22.20154],[72.58319,22.20181],[72.58375,22.20181],[72.58375,22.20209],[72.58402,22.20208],[72.58403,22.20236],[72.58459,22.20236],[72.58459,22.20264],[72.58486,22.20264],[72.58486,22.20292],[72.58514,22.20292],[72.58514,22.2032],[72.5857,22.2032],[72.5857,22.20347],[72.58598,22.20347],[72.58598,22.20375],[72.58625,22.20375],[72.58625,22.20403],[72.58681,22.20403],[72.58681,22.20431],[72.58708,22.20431],[72.58708,22.20458],[72.58736,22.20458],[72.58736,22.20486],[72.58791,22.20486],[72.58791,22.20514],[72.5882,22.20514],[72.5882,22.20542],[72.58847,22.20542],[72.58847,22.20569],[72.58903,22.20569],[72.58903,22.20597],[72.5893,22.20597],[72.5893,22.20625],[72.58986,22.20625],[72.58986,22.20653],[72.59015,22.20653],[72.59015,22.20681],[72.59042,22.2068],[72.59042,22.20708],[72.59097,22.20708],[72.59097,22.20736],[72.59125,22.20735],[72.59125,22.20764],[72.59153,22.20764],[72.59153,22.20792],[72.59209,22.20791],[72.59209,22.2082],[72.59236,22.2082],[72.59236,22.20847],[72.59292,22.20847],[72.59292,22.20875],[72.59348,22.20875],[72.59348,22.20903],[72.59375,22.20903],[72.59375,22.20931],[72.59431,22.20931],[72.59431,22.20959],[72.59487,22.20959],[72.59487,22.20986],[72.59541,22.20986],[72.59541,22.21014],[72.5957,22.21014],[72.5957,22.21042],[72.59625,22.21041],[72.59625,22.2107],[72.5968,22.2107],[72.59681,22.21097],[72.59736,22.21097],[72.59736,22.21125],[72.59793,22.21125],[72.59793,22.21153],[72.5982,22.21153],[72.5982,22.21171],[72.59828,22.21179],[72.59829,22.2118],[72.59828,22.21179],[72.5982,22.21171],[72.5982,22.21181],[72.5983,22.21181],[72.5983,22.21181],[72.59875,22.21181],[72.59875,22.21208],[72.5993,22.21208],[72.5993,22.21236],[72.59986,22.21236],[72.59986,22.21264],[72.60014,22.21264],[72.60014,22.21292],[72.60069,22.21292],[72.60069,22.21319],[72.60125,22.21319],[72.60125,22.21348],[72.60236,22.21348],[72.60236,22.21375],[72.60347,22.21375],[72.60347,22.21403],[72.60431,22.21403],[72.60431,22.21431],[72.60542,22.21431],[72.60542,22.21458],[72.60653,22.21458],[72.60653,22.21486],[72.60764,22.21486],[72.60764,22.21514],[72.60847,22.21514],[72.60847,22.21542],[72.60958,22.21542],[72.60958,22.2157],[72.6107,22.2157],[72.6107,22.21597],[72.61125,22.21597],[72.61125,22.21625],[72.61181,22.21625],[72.61181,22.21654],[72.61264,22.21654],[72.61264,22.21681],[72.6132,22.21681],[72.6132,22.21703],[72.61337,22.21705],[72.61347,22.21707],[72.61337,22.21706],[72.6132,22.21703],[72.6132,22.21708],[72.61359,22.21708],[72.61359,22.21708],[72.61359,22.21708],[72.61375,22.21708],[72.61375,22.2171],[72.61428,22.21717],[72.61375,22.2171],[72.61375,22.21736],[72.61486,22.21736],[72.61486,22.21764],[72.61569,22.21764],[72.61569,22.21736],[72.61571,22.21736],[72.6157,22.21736],[72.61571,22.21736],[72.62097,22.21736],[72.62097,22.21764],[72.62542,22.21764],[72.62542,22.21792],[72.63811,22.21792],[72.63846,22.21791],[72.63874,22.21791],[72.63846,22.21791],[72.63811,22.21792],[72.63958,22.21792],[72.63958,22.21789],[72.63957,22.21789],[72.63958,22.21789],[72.63958,22.21764],[72.63986,22.21764],[72.63986,22.21736],[72.64208,22.21736],[72.64208,22.21708],[72.64237,22.21708],[72.64237,22.21681],[72.64292,22.21681],[72.64292,22.21736],[72.64486,22.21736],[72.64486,22.21708],[72.64736,22.21708],[72.64736,22.21681],[72.64849,22.21681],[72.64849,22.21654],[72.64875,22.21654],[72.64875,22.21625],[72.64931,22.21625],[72.64931,22.21597],[72.65042,22.21597],[72.65042,22.2157],[72.6507,22.2157],[72.6507,22.21542],[72.65208,22.21542],[72.65208,22.21514],[72.65264,22.21514],[72.65264,22.21486],[72.65347,22.21486],[72.65347,22.21458],[72.65403,22.21458],[72.65403,22.21431],[72.65459,22.21431],[72.65459,22.21403],[72.65514,22.21403],[72.65514,22.21375],[72.65598,22.21375],[72.65598,22.21347],[72.65652,22.21348],[72.65652,22.21319],[72.65708,22.21319],[72.65708,22.21292],[72.65764,22.21292],[72.65764,22.21266],[72.65794,22.21265],[72.65847,22.21264],[72.65847,22.21254],[72.65847,22.21236],[72.65897,22.21236],[72.65897,22.21236],[72.65897,22.21236],[72.65903,22.21236],[72.65903,22.21231],[72.65903,22.21231],[72.65903,22.21208],[72.6593,22.21208],[72.6593,22.21181],[72.65958,22.21181],[72.65958,22.21153],[72.66,22.21153],[72.66,22.21153],[72.66014,22.21153],[72.66014,22.21141],[72.66014,22.21141],[72.66014,22.21125],[72.66034,22.21125],[72.66034,22.21125],[72.66042,22.21125],[72.66042,22.21118],[72.66042,22.21118],[72.66042,22.21097],[72.66067,22.21097],[72.66067,22.21097],[72.66097,22.21097],[72.66097,22.21072],[72.66097,22.21072],[72.66097,22.2107],[72.661,22.2107],[72.661,22.2107],[72.66125,22.2107],[72.66125,22.21049],[72.66125,22.21049],[72.66125,22.21041],[72.66134,22.21041],[72.66134,22.21041],[72.6618,22.21042],[72.6618,22.21014],[72.66209,22.21014],[72.66209,22.20986],[72.66236,22.20986],[72.66236,22.20964],[72.66236,22.20964],[72.66236,22.20959],[72.66244,22.20958],[72.66244,22.20958],[72.66263,22.20958],[72.66263,22.20933],[72.66264,22.20932],[72.66264,22.20903],[72.66285,22.20903],[72.66285,22.20903],[72.66292,22.20903],[72.66292,22.20893],[72.66292,22.20893],[72.66292,22.20875],[72.66305,22.20875],[72.66305,22.20875],[72.66319,22.20875],[72.66319,22.20858],[72.66319,22.20858],[72.66319,22.20847],[72.66336,22.20847],[72.66336,22.20847],[72.66347,22.20847],[72.66347,22.2084],[72.66347,22.2084],[72.66347,22.2082],[72.66375,22.2082],[72.66375,22.20791],[72.66422,22.20792],[72.66422,22.20792],[72.66431,22.20792],[72.66431,22.20787],[72.66431,22.20786],[72.66431,22.20764],[72.66465,22.20764],[72.66465,22.20764],[72.66485,22.20764],[72.66485,22.20751],[72.66485,22.20751],[72.66485,22.20735],[72.66509,22.20736],[72.66509,22.20735],[72.66541,22.20736],[72.66541,22.20714],[72.66541,22.20714],[72.66541,22.20708],[72.6655,22.20708],[72.6655,22.20708],[72.6657,22.20708],[72.6657,22.20696],[72.6657,22.20696],[72.6657,22.2068],[72.66594,22.20681],[72.66594,22.20681],[72.66597,22.20681],[72.66597,22.20679],[72.66597,22.20679],[72.66597,22.20653],[72.66625,22.20653],[72.66625,22.20625],[72.66653,22.20625],[72.66653,22.20597],[72.66681,22.20597],[72.66681,22.20569],[72.66736,22.20569],[72.66736,22.20542],[72.66847,22.20542],[72.66847,22.20514],[72.66875,22.20514],[72.66875,22.20486],[72.66903,22.20486],[72.66903,22.20458],[72.66931,22.20458],[72.66931,22.20431],[72.67015,22.20431],[72.67015,22.20375],[72.67042,22.20375],[72.67042,22.20347],[72.67098,22.20347],[72.67098,22.20292],[72.67124,22.20292],[72.67124,22.20264],[72.67152,22.20264],[72.67152,22.20236],[72.67202,22.20236],[72.67209,22.20236],[72.67264,22.20236],[72.67264,22.20222],[72.67264,22.20208],[72.6732,22.20208],[72.67347,22.20209],[72.67347,22.20202],[72.67347,22.20153],[72.67375,22.20154],[72.67375,22.20125],[72.67403,22.20125],[72.67403,22.20097],[72.67431,22.20097],[72.67431,22.2007],[72.67486,22.2007],[72.67486,22.20042],[72.67542,22.20042],[72.67542,22.20014],[72.67597,22.20014],[72.67597,22.19986],[72.67653,22.19986],[72.67653,22.19958],[72.67792,22.19958],[72.67792,22.19931],[72.6793,22.1993],[72.6793,22.19903],[72.67986,22.19903],[72.67986,22.19875],[72.68069,22.19875],[72.68069,22.19847],[72.68125,22.19847],[72.68125,22.19819],[72.68181,22.19819],[72.68181,22.19792],[72.68209,22.19792],[72.68209,22.19764],[72.68264,22.19764],[72.68264,22.19736],[72.6832,22.19736],[72.6832,22.19708],[72.68375,22.19708],[72.68375,22.19681],[72.68403,22.19681],[72.68403,22.19653],[72.6846,22.19653],[72.6846,22.19625],[72.68514,22.19625],[72.68514,22.19597],[72.68569,22.19597],[72.68569,22.1957],[72.68598,22.1957],[72.68598,22.19542],[72.68653,22.19542],[72.68653,22.19514],[72.68708,22.19514],[72.68708,22.19486],[72.68764,22.19486],[72.68764,22.19458],[72.68792,22.19459],[72.68792,22.19431],[72.68847,22.19431],[72.68847,22.19403],[72.68875,22.19403],[72.68875,22.19375],[72.68931,22.19375],[72.68931,22.1932],[72.68958,22.1932],[72.68958,22.19292],[72.69014,22.19292],[72.69014,22.19237],[72.69041,22.19237],[72.69041,22.19208],[72.6907,22.19208],[72.6907,22.1918],[72.69097,22.1918],[72.69097,22.19125],[72.69124,22.19125],[72.69124,22.19097],[72.6918,22.19097],[72.6918,22.19042],[72.69209,22.19042],[72.69209,22.19014],[72.69236,22.19014],[72.69236,22.18986],[72.69264,22.18986],[72.69264,22.18958],[72.69319,22.18958],[72.69319,22.18931],[72.69346,22.18931],[72.69346,22.18875],[72.69403,22.18875],[72.69403,22.18847],[72.69486,22.18847],[72.69486,22.1882],[72.69542,22.1882],[72.69542,22.18764],[72.69597,22.18764],[72.69597,22.18736],[72.69625,22.18736],[72.69625,22.18708],[72.69708,22.18709],[72.69708,22.18681],[72.69791,22.18681],[72.69791,22.18653],[72.6982,22.18653],[72.6982,22.18624],[72.69876,22.18625],[72.69876,22.18597],[72.69903,22.18597],[72.69903,22.18569],[72.6993,22.18569],[72.6993,22.18514],[72.69959,22.18514],[72.69959,22.18458],[72.70014,22.18458],[72.70014,22.18431],[72.70125,22.18431],[72.70125,22.18403],[72.70348,22.18403],[72.70348,22.18375],[72.70541,22.18375],[72.70541,22.18403],[72.70625,22.18403],[72.70625,22.18431],[72.70653,22.18431],[72.70653,22.18486],[72.70708,22.18486],[72.70708,22.18514],[72.70736,22.18514],[72.70736,22.18569],[72.70764,22.18569],[72.70764,22.18597],[72.70959,22.18597],[72.70959,22.18569],[72.71153,22.18569],[72.71153,22.18542],[72.7132,22.18542],[72.7132,22.18514],[72.71486,22.18514],[72.71486,22.18486],[72.71569,22.18486],[72.7157,22.18458],[72.71597,22.18458],[72.71597,22.18431],[72.71654,22.18431],[72.71654,22.18403],[72.71736,22.18403],[72.71736,22.18375],[72.72011,22.18375],[72.72014,22.18375],[72.72014,22.18373],[72.72014,22.18347],[72.72065,22.18347],[72.72125,22.18347],[72.72125,22.1832],[72.72293,22.1832],[72.72293,22.18292],[72.72347,22.18292],[72.72347,22.18264],[72.72459,22.18264],[72.72459,22.18236],[72.72569,22.18236],[72.72569,22.18209],[72.72598,22.18209],[72.72598,22.18181],[72.72737,22.18181],[72.72737,22.18153],[72.72764,22.18153],[72.72764,22.18125],[72.72791,22.18125],[72.72791,22.18097],[72.72903,22.18097],[72.72903,22.1807],[72.72931,22.1807],[72.72931,22.18041],[72.73014,22.18043],[72.73014,22.18014],[72.73042,22.18014],[72.73042,22.17958],[72.73097,22.17958],[72.73097,22.1793],[72.73125,22.17931],[72.73125,22.17903],[72.73154,22.17903],[72.73154,22.17875],[72.73208,22.17875],[72.73208,22.17847],[72.73292,22.17847],[72.73292,22.17792],[72.73347,22.17792],[72.73347,22.17764],[72.73431,22.17764],[72.73431,22.17737],[72.73514,22.17737],[72.73514,22.17708],[72.73625,22.17708],[72.73625,22.17681],[72.73653,22.17681],[72.73653,22.17653],[72.73681,22.17653],[72.73681,22.17625],[72.73792,22.17625],[72.73792,22.17653],[72.73847,22.17653],[72.73847,22.17625],[72.7393,22.17625],[72.7393,22.17597],[72.73986,22.17597],[72.73986,22.1757],[72.74042,22.1757],[72.74042,22.17542],[72.74097,22.17542],[72.74097,22.17514],[72.74181,22.17514],[72.74181,22.17486],[72.74236,22.17486],[72.74236,22.17459],[72.74347,22.17459],[72.74347,22.17431],[72.74459,22.17431],[72.74459,22.17403],[72.74597,22.17403],[72.74597,22.17375],[72.7471,22.17375],[72.74709,22.17347],[72.74819,22.17347],[72.74819,22.1732],[72.75208,22.1732],[72.75403,22.1732],[72.75403,22.17347],[72.75514,22.17347],[72.75514,22.17375],[72.75625,22.17375],[72.75625,22.17403],[72.75764,22.17403],[72.75764,22.17431],[72.7582,22.17431],[72.7582,22.17459],[72.75875,22.17459],[72.75875,22.17486],[72.75931,22.17486],[72.75931,22.17514],[72.75986,22.17514],[72.75986,22.17542],[72.76014,22.17542],[72.76014,22.17597],[72.76041,22.17597],[72.76041,22.17625],[72.7607,22.17625],[72.7607,22.17653],[72.76097,22.17653],[72.76097,22.17681],[72.76126,22.17681],[72.76126,22.17708],[72.76152,22.17708],[72.76152,22.17737],[72.7618,22.17737],[72.7618,22.17764],[72.76209,22.17764],[72.76209,22.17792],[72.76236,22.17792],[72.76236,22.17819],[72.76209,22.17819],[72.76209,22.17903],[72.7618,22.17903],[72.7618,22.17931],[72.76209,22.1793],[72.76209,22.17958],[72.76236,22.17958],[72.76236,22.17986],[72.76264,22.17986],[72.76264,22.18043],[72.76292,22.18041],[72.76292,22.1807],[72.76319,22.1807],[72.76319,22.18097],[72.76347,22.18097],[72.76347,22.18125],[72.76375,22.18125],[72.76375,22.18153],[72.76403,22.18153],[72.76403,22.18181],[72.76431,22.18181],[72.76431,22.18209],[72.76459,22.18208],[72.76459,22.18264],[72.76514,22.18264],[72.76514,22.18292],[72.76542,22.18292],[72.76542,22.18347],[72.76569,22.18347],[72.76569,22.18403],[72.76598,22.18403],[72.76598,22.18431],[72.76625,22.18431],[72.76625,22.18458],[72.76681,22.18458],[72.76681,22.18486],[72.76708,22.18486],[72.76708,22.18514],[72.76736,22.18514],[72.76736,22.18542],[72.76764,22.18542],[72.76764,22.18597],[72.76791,22.18597],[72.76791,22.18681],[72.7682,22.18681],[72.7682,22.18709],[72.76847,22.18708],[72.76847,22.18736],[72.76875,22.18736],[72.76875,22.18764],[72.76903,22.18764],[72.76903,22.1882],[72.7693,22.1882],[72.7693,22.18847],[72.76958,22.18847],[72.76958,22.18875],[72.77014,22.18875],[72.77014,22.18903],[72.77042,22.18903],[72.77042,22.18986],[72.77069,22.18986],[72.77069,22.19042],[72.77098,22.19042],[72.77098,22.19069],[72.77125,22.19069],[72.77125,22.19097],[72.77153,22.19097],[72.77153,22.19125],[72.77181,22.19125],[72.77181,22.1918],[72.77209,22.1918],[72.77209,22.19208],[72.77236,22.19208],[72.77236,22.19237],[72.77264,22.19237],[72.77264,22.19292],[72.77292,22.19292],[72.77292,22.1932],[72.7732,22.1932],[72.7732,22.19347],[72.77348,22.19347],[72.77348,22.19375],[72.77375,22.19375],[72.77375,22.19403],[72.77403,22.19403],[72.77403,22.19431],[72.77431,22.19431],[72.77431,22.19486],[72.77458,22.19486],[72.77458,22.19542],[72.77487,22.19542],[72.77487,22.1957],[72.77514,22.19569],[72.77514,22.19625],[72.77541,22.19625],[72.77541,22.19681],[72.7757,22.19681],[72.7757,22.19708],[72.77597,22.19708],[72.77597,22.19764],[72.77625,22.19764],[72.77625,22.19819],[72.77653,22.19818],[72.77653,22.19875],[72.7768,22.19875],[72.7768,22.19903],[72.77736,22.19903],[72.77736,22.19986],[72.77764,22.19986],[72.77764,22.20014],[72.77792,22.20014],[72.77792,22.20097],[72.7782,22.20097],[72.7782,22.20125],[72.77847,22.20125],[72.77847,22.20236],[72.77875,22.20236],[72.77875,22.20292],[72.77903,22.20292],[72.77903,22.2032],[72.7793,22.20319],[72.7793,22.20375],[72.77959,22.20375],[72.77959,22.20569],[72.77986,22.20569],[72.77986,22.20625],[72.78014,22.20625],[72.78014,22.20653],[72.78042,22.20653],[72.78042,22.20736],[72.78069,22.20736],[72.78069,22.2082],[72.78098,22.2082],[72.78098,22.20847],[72.78125,22.20847],[72.78125,22.20875],[72.78153,22.20875],[72.78153,22.20959],[72.78181,22.20958],[72.78181,22.21014],[72.78208,22.21014],[72.78208,22.21042],[72.78236,22.21041],[72.78236,22.21264],[72.78263,22.21264],[72.78263,22.21292],[72.78291,22.21292],[72.78291,22.21348],[72.7832,22.21347],[72.7832,22.21375],[72.78347,22.21375],[72.78347,22.21431],[72.78375,22.21431],[72.78375,22.21458],[72.78403,22.21458],[72.78403,22.21514],[72.7843,22.21514],[72.78431,22.21542],[72.78459,22.21542],[72.78459,22.21597],[72.78486,22.21597],[72.78486,22.21654],[72.78514,22.21654],[72.78514,22.21681],[72.78542,22.21681],[72.78542,22.21736],[72.78569,22.21736],[72.78569,22.21764],[72.78597,22.21764],[72.78597,22.2182],[72.78625,22.21819],[72.78625,22.21847],[72.78653,22.21847],[72.78653,22.21903],[72.7868,22.21903],[72.7868,22.21931],[72.78709,22.21931],[72.78709,22.21986],[72.78736,22.21986],[72.78736,22.22042],[72.78764,22.22042],[72.78764,22.22069],[72.78792,22.22069],[72.78792,22.22125],[72.78848,22.22125],[72.78848,22.22153],[72.78876,22.22153],[72.78876,22.22181],[72.78903,22.22181],[72.78903,22.22209],[72.78931,22.22209],[72.78931,22.22236],[72.78958,22.22235],[72.78958,22.22264],[72.78987,22.22264],[72.78987,22.22347],[72.79014,22.22347],[72.79014,22.22375],[72.79041,22.22375],[72.79041,22.22431],[72.7907,22.22431],[72.7907,22.22514],[72.79097,22.22514],[72.79097,22.22542],[72.79125,22.22542],[72.79125,22.22569],[72.79153,22.22569],[72.79153,22.22625],[72.79181,22.22625],[72.79181,22.22708],[72.79209,22.22708],[72.79209,22.22736],[72.79264,22.22736],[72.79264,22.22764],[72.79292,22.22764],[72.79292,22.22931],[72.7932,22.22931],[72.7932,22.22959],[72.79347,22.22958],[72.79347,22.22986],[72.79375,22.22986],[72.79375,22.23042],[72.79403,22.23042],[72.79403,22.2307],[72.79431,22.2307],[72.79431,22.23097],[72.79459,22.23097],[72.79459,22.23153],[72.79486,22.23152],[72.79486,22.23181],[72.79514,22.23181],[72.79514,22.23236],[72.79542,22.23236],[72.79542,22.23264],[72.79569,22.23264],[72.79569,22.23292],[72.79598,22.23292],[72.79598,22.23347],[72.79625,22.23347],[72.79625,22.23375],[72.79652,22.23375],[72.79652,22.23403],[72.79681,22.23403],[72.79681,22.23458],[72.79708,22.23458],[72.79708,22.23486],[72.79737,22.23486],[72.79737,22.23542],[72.79764,22.23542],[72.79764,22.2357],[72.79792,22.2357],[72.79792,22.23597],[72.79819,22.23597],[72.79819,22.23653],[72.79847,22.23653],[72.79847,22.23681],[72.79875,22.23681],[72.79875,22.23736],[72.79903,22.23736],[72.79903,22.23765],[72.79931,22.23765],[72.79931,22.23792],[72.79959,22.23792],[72.79959,22.23847],[72.79986,22.23847],[72.79986,22.23875],[72.80042,22.23875],[72.80042,22.23903],[72.8007,22.23903],[72.8007,22.23958],[72.80097,22.23958],[72.80097,22.23986],[72.80153,22.23986],[72.80153,22.24014],[72.80179,22.24014],[72.80179,22.24042],[72.80209,22.24042],[72.80209,22.24069],[72.80264,22.24069],[72.80264,22.24097],[72.80292,22.24097],[72.80292,22.24153],[72.80319,22.24153],[72.80319,22.24181],[72.80375,22.24181],[72.80375,22.24208],[72.80431,22.24208],[72.80431,22.24236],[72.80514,22.24236],[72.80514,22.24264],[72.80569,22.24264],[72.80569,22.24292],[72.80597,22.24292],[72.80597,22.24347],[72.80625,22.24346],[72.80625,22.24375],[72.80653,22.24375],[72.80653,22.24431],[72.80681,22.24431],[72.80681,22.24459],[72.80736,22.24459],[72.80736,22.24486],[72.80764,22.24486],[72.80764,22.24514],[72.80791,22.24514],[72.80791,22.24542],[72.80847,22.24542],[72.80847,22.2457],[72.80875,22.2457],[72.80875,22.24597],[72.8093,22.24597],[72.8093,22.24625],[72.81014,22.24625],[72.81014,22.24653],[72.81069,22.24652],[72.81069,22.24681],[72.81125,22.24681],[72.81125,22.24708],[72.81208,22.24708],[72.81208,22.24736],[72.81264,22.24736],[72.81264,22.24764],[72.81375,22.24764],[72.81375,22.24792],[72.81597,22.24792],[72.81597,22.24764],[72.81709,22.24764],[72.81709,22.24792],[72.81736,22.24792],[72.81736,22.24764],[72.81819,22.24764],[72.81819,22.24708],[72.81848,22.24708],[72.81848,22.24681],[72.81903,22.24681],[72.81903,22.24652],[72.81986,22.24653],[72.81986,22.24597],[72.82042,22.24597],[72.82042,22.2457],[72.82097,22.2457],[72.82097,22.24542],[72.82125,22.24542],[72.82125,22.24514],[72.8218,22.24514],[72.8218,22.24458],[72.82208,22.24459],[72.82208,22.24431],[72.82237,22.24431],[72.82237,22.24375],[72.82291,22.24375],[72.82291,22.24346],[72.82347,22.24347],[72.82347,22.24264],[72.8243,22.24264],[72.8243,22.24208],[72.82486,22.24208],[72.82486,22.24181],[72.82542,22.24181],[72.82542,22.24153],[72.82569,22.24153],[72.82569,22.24125],[72.82625,22.24125],[72.82625,22.24069],[72.82708,22.24069],[72.82708,22.24042],[72.82793,22.24042],[72.82793,22.24014],[72.83014,22.24014],[72.83014,22.23986],[72.83041,22.23986],[72.83041,22.23958],[72.83097,22.23958],[72.83097,22.23931],[72.83153,22.23931],[72.83153,22.23903],[72.83348,22.23903],[72.83348,22.23875],[72.8343,22.23875],[72.8343,22.23847],[72.83486,22.23847],[72.83486,22.2382],[72.83625,22.2382],[72.83625,22.23847],[72.83652,22.23847],[72.83652,22.2382],[72.8382,22.2382],[72.8382,22.23792],[72.83903,22.23792],[72.83903,22.23765],[72.83987,22.23765],[72.83987,22.23736],[72.84181,22.23736],[72.84181,22.23709],[72.84403,22.23709],[72.84403,22.23681],[72.84625,22.23681],[72.84625,22.23653],[72.84792,22.23653],[72.84792,22.23625],[72.84847,22.23625],[72.84847,22.23597],[72.8493,22.23597],[72.8493,22.2357],[72.84986,22.2357],[72.84986,22.23514],[72.85042,22.23514],[72.85042,22.23486],[72.85125,22.23486],[72.85125,22.23458],[72.85152,22.23458],[72.85152,22.2343],[72.85208,22.23431],[72.85208,22.23403],[72.85235,22.23403],[72.85235,22.23375],[72.85264,22.23375],[72.85264,22.23347],[72.8532,22.23347],[72.8532,22.23319],[72.85347,22.23319],[72.85347,22.23292],[72.85403,22.23292],[72.85403,22.23264],[72.85457,22.23264],[72.85457,22.23236],[72.85514,22.23236],[72.85514,22.23208],[72.85542,22.23208],[72.85542,22.23181],[72.8557,22.23181],[72.8557,22.23152],[72.85597,22.23153],[72.85597,22.23125],[72.85653,22.23125],[72.85653,22.23097],[72.85709,22.23097],[72.85709,22.2307],[72.85736,22.2307],[72.85736,22.23042],[72.85791,22.23042],[72.85791,22.23014],[72.85847,22.23014],[72.85847,22.22986],[72.85875,22.22986],[72.85875,22.22958],[72.85903,22.22959],[72.85903,22.22931],[72.85931,22.22931],[72.85931,22.22903],[72.85987,22.22903],[72.85987,22.22875],[72.86042,22.22875],[72.86042,22.2282],[72.86068,22.2282],[72.86068,22.22792],[72.86125,22.22792],[72.86125,22.22764],[72.86153,22.22764],[72.86153,22.22736],[72.86181,22.22736],[72.86181,22.22708],[72.86209,22.22708],[72.86209,22.2268],[72.86236,22.2268],[72.86236,22.22653],[72.86264,22.22653],[72.86264,22.22625],[72.86292,22.22625],[72.86291,22.22597],[72.86403,22.22597],[72.86403,22.22569],[72.86475,22.22569],[72.86745,22.22063],[72.86745,22.22063],[72.86836,22.2189],[72.8689,22.21735],[72.86965,22.21624],[72.87318,22.2109],[72.87966,22.19958],[72.8801,22.18203],[72.8823,22.17574],[72.88694,22.17297],[72.89209,22.17471],[72.89671,22.17733],[72.90038,22.18303],[72.90642,22.18562],[72.91304,22.18738],[72.91855,22.19067],[72.92384,22.18899],[72.92864,22.18159],[72.93047,22.16956],[72.92707,22.16686],[72.92206,22.16547],[72.91766,22.16204],[72.91117,22.16068],[72.90384,22.16183],[72.89784,22.16046],[72.8919,22.16267],[72.89058,22.16577],[72.88532,22.16618],[72.88085,22.16263],[72.8683,22.15567],[72.86606,22.1504],[72.867,22.14112],[72.87008,22.13752],[72.87602,22.1371],[72.88163,22.12395],[72.88285,22.11964],[72.88164,22.11619],[72.87743,22.11293],[72.87679,22.10809],[72.87903,22.10526],[72.88396,22.09589],[72.88746,22.09193],[72.89225,22.09027],[72.90102,22.09024],[72.90273,22.08199],[72.90644,22.07715],[72.90774,22.0714],[72.90735,22.06655],[72.91522,22.06319],[72.9188,22.05993],[72.92236,22.0581],[72.92376,22.05357],[72.91251,22.04471],[72.91816,22.04397],[72.92515,22.04497],[72.92897,22.04367],[72.93153,22.03933],[72.93569,22.03912],[72.94014,22.04202],[72.94449,22.04372],[72.94998,22.04805],[72.95523,22.04779],[72.97083,22.04573],[72.97397,22.04724],[72.98078,22.04726],[72.98688,22.04158],[72.98931,22.036],[72.99097,22.02676],[72.99859,22.01809],[72.99991,22.01808],[73.00388,22.01621],[73.00873,22.01528],[73.01026,22.01099],[73.01439,22.00955],[73.01672,22.00494],[73.0234,22.00053],[73.02542,21.99691],[73.03191,21.99592],[73.03606,21.99761],[73.03938,22.00073],[73.04717,22.00375],[73.05011,22.00377],[73.05124,22.00378],[73.05121,22.0043],[73.05124,22.00482],[73.0513,22.00534],[73.05142,22.00585],[73.05157,22.00635],[73.05177,22.00684],[73.05202,22.00731],[73.05229,22.00776],[73.05262,22.00818],[73.05299,22.00858],[73.05338,22.00895],[73.05381,22.00929],[73.05427,22.00959],[73.05474,22.00985],[73.05525,22.01008],[73.05577,22.01027],[73.05632,22.01041],[73.05686,22.01052],[73.05742,22.01058],[73.05798,22.01059],[73.05854,22.01057],[73.0591,22.01059],[73.05966,22.01061],[73.06021,22.01061],[73.06078,22.01059],[73.06133,22.01056],[73.0619,22.01051],[73.06245,22.01044],[73.06301,22.01036],[73.06355,22.01025],[73.0641,22.01013],[73.06465,22.00998],[73.06518,22.00983],[73.06571,22.00966],[73.06622,22.00947],[73.06674,22.00926],[73.06725,22.00903],[73.06776,22.00878],[73.06825,22.00853],[73.06872,22.00825],[73.0692,22.00796],[73.06966,22.00766],[73.0701,22.00734],[73.07055,22.007],[73.07097,22.00666],[73.07139,22.0063],[73.07179,22.00592],[73.07218,22.00554],[73.07255,22.00514],[73.07292,22.00473],[73.07327,22.00431],[73.07362,22.00387],[73.07397,22.00343],[73.07429,22.00297],[73.07463,22.00251],[73.07498,22.00205],[73.07535,22.00156],[73.07573,22.00105],[73.06429,22.00103],[73.07043,21.98353],[73.06061,21.97846],[73.05171,21.97586],[73.05296,21.97279],[73.05321,21.95848],[73.05554,21.94557],[73.05147,21.93851],[73.04571,21.93727],[73.03658,21.9371],[73.03165,21.93757],[73.01799,21.94074],[73.00003,21.93054],[72.997,21.92862],[72.99515,21.92352],[72.99807,21.91459],[72.99999,21.91251],[73.00679,21.91449],[73.01988,21.91915],[73.03707,21.91952],[73.03846,21.9263],[73.04445,21.92778],[73.04569,21.93257],[73.05004,21.93374],[73.05502,21.9234],[73.0569,21.92125],[73.06016,21.92085],[73.06916,21.92259],[73.07428,21.92592],[73.07908,21.92801],[73.08773,21.92956],[73.09121,21.92855],[73.09464,21.92075],[73.09286,21.91835],[73.08972,21.91707],[73.0661,21.91217],[73.06479,21.90097],[73.06195,21.89358],[73.06155,21.8851],[73.06317,21.88076],[73.07288,21.87628],[73.08733,21.87932],[73.09376,21.87071],[73.1098,21.87513],[73.11863,21.87529],[73.12343,21.87614],[73.1283,21.87573],[73.12989,21.87447],[73.12952,21.86941],[73.13614,21.86687],[73.13692,21.86326],[73.14027,21.86257],[73.15117,21.86034],[73.1689,21.84692],[73.17474,21.83882],[73.18524,21.82931],[73.203,21.82191],[73.21041,21.8198],[73.21798,21.82048],[73.22852,21.82331],[73.24878,21.84148],[73.2521,21.86238],[73.23041,21.8923],[73.22474,21.90997],[73.22679,21.91609],[73.23331,21.92241],[73.24352,21.92987],[73.25081,21.93274],[73.26047,21.93211],[73.26764,21.92981],[73.27382,21.92341],[73.28387,21.90117],[73.30008,21.88948],[73.30008,21.88948],[73.30032,21.88285],[73.30132,21.87857],[73.30463,21.86434],[73.30714,21.85357],[73.30407,21.85003],[73.30171,21.83232],[73.3061,21.82754],[73.3117,21.82613],[73.31709,21.82877],[73.3341,21.83403],[73.33912,21.82071],[73.33831,21.81708],[73.33638,21.81432],[73.33904,21.80863],[73.3427,21.80825],[73.34777,21.80773],[73.36134,21.80464],[73.36194,21.80264],[73.36777,21.8005],[73.37684,21.77915],[73.38009,21.77718],[73.38567,21.77613],[73.39411,21.77318],[73.39803,21.76589],[73.39687,21.75948],[73.40875,21.74674],[73.40591,21.73261],[73.40305,21.72677],[73.39508,21.72236],[73.39443,21.71773],[73.40519,21.71553],[73.4111,21.70961],[73.43317,21.71592],[73.43526,21.70975],[73.46676,21.71876],[73.47101,21.7158],[73.47499,21.71273],[73.48331,21.7052],[73.48904,21.70287],[73.4908,21.69115],[73.49283,21.68857],[73.50003,21.68166],[73.50449,21.67764],[73.49298,21.67512],[73.48945,21.6734],[73.48675,21.67112],[73.47939,21.66283],[73.47573,21.65511],[73.47676,21.65037],[73.48075,21.64345],[73.48262,21.64206],[73.4877,21.63831],[73.48726,21.63525],[73.48305,21.63205],[73.48154,21.62938],[73.48336,21.62246],[73.48334,21.61693],[73.48428,21.60997],[73.47701,21.60754],[73.47357,21.60536],[73.47461,21.59822],[73.47359,21.59108],[73.46223,21.57778],[73.45761,21.57546],[73.45113,21.5691],[73.4502,21.5675],[73.44315,21.55539],[73.44112,21.54867],[73.44085,21.54221],[73.44465,21.53638],[73.44874,21.53011],[73.45117,21.52261],[73.45117,21.52261],[73.44577,21.52314],[73.43576,21.52254],[73.4292,21.52145],[73.42474,21.51981],[73.42054,21.51266],[73.40128,21.50669],[73.38846,21.5128],[73.38349,21.51294],[73.35818,21.50965],[73.35305,21.51065],[73.34768,21.5103],[73.34638,21.50671],[73.33754,21.49646],[73.32441,21.48511],[73.31853,21.48781],[73.31205,21.49444],[73.30994,21.50032],[73.30694,21.50437],[73.30087,21.50463],[73.28636,21.50319],[73.27445,21.50551],[73.26378,21.50047],[73.25519,21.49302],[73.24841,21.49127],[73.24157,21.49104],[73.22789,21.49323],[73.21419,21.50202],[73.2049,21.50179],[73.19556,21.50399],[73.18427,21.50182],[73.17453,21.49299],[73.16528,21.49438],[73.14508,21.49575],[73.13521,21.49091],[73.121,21.48188],[73.11634,21.49623],[73.10315,21.49581],[73.10425,21.50491],[73.08575,21.50148],[73.08009,21.50319],[73.08186,21.53047],[73.08015,21.54073],[73.07482,21.55362],[73.06904,21.55938],[73.06294,21.56271],[73.05556,21.56468],[73.04662,21.5363],[73.03898,21.53231],[73.03942,21.52419],[73.04858,21.51073],[73.0535,21.50628],[73.05625,21.50125],[73.0581,21.49462],[73.05681,21.48558],[73.05349,21.48068],[73.04666,21.47626],[73.04205,21.47548],[73.03734,21.48181],[73.03111,21.48037],[73.02646,21.4801],[73.02498,21.48686],[73.01894,21.49047],[73.01958,21.51132],[73.02109,21.5171],[73.01917,21.5226],[73.01342,21.52258],[73.01017,21.52138],[73.00003,21.53342],[72.99667,21.53585],[72.98935,21.5368],[72.98586,21.53533],[72.98594,21.52564],[72.98462,21.51946],[72.98053,21.51811],[72.95579,21.51568],[72.94256,21.51057],[72.94306,21.50478],[72.94535,21.49774],[72.95433,21.48378],[72.95293,21.48048],[72.94706,21.47595],[72.92456,21.46495],[72.92396,21.4594],[72.92175,21.4521],[72.91833,21.44636],[72.91332,21.43505],[72.90989,21.42973],[72.90596,21.42839],[72.89829,21.42961],[72.89191,21.433],[72.88827,21.43737],[72.88397,21.44031],[72.88065,21.43899],[72.87845,21.43524],[72.87766,21.43153],[72.87232,21.4318],[72.86924,21.43508],[72.87243,21.43959],[72.87598,21.442],[72.87917,21.44692],[72.87671,21.4502],[72.87191,21.45221],[72.86996,21.44467],[72.86425,21.44489],[72.8543,21.4499],[72.84915,21.44918],[72.83737,21.44581],[72.8291,21.43696],[72.82495,21.4256],[72.82011,21.42086],[72.8138,21.41966],[72.80269,21.42063],[72.79336,21.42019],[72.78655,21.42339],[72.78604,21.43105],[72.78885,21.43871],[72.78926,21.44421],[72.78753,21.45333],[72.78113,21.45728],[72.77426,21.45618],[72.77042,21.45335],[72.76711,21.44673],[72.76548,21.44724],[72.76547,21.44724],[72.7617,21.44841],[72.75815,21.45006],[72.75508,21.45445],[72.75432,21.46053],[72.74363,21.46844],[72.73878,21.46999],[72.73597,21.46842],[72.72799,21.46597],[72.71326,21.46704],[72.70419,21.46423],[72.69733,21.45987],[72.6906,21.45332],[72.6868,21.4469],[72.68675,21.44681],[72.68624,21.44681],[72.68624,21.44736],[72.68653,21.44736],[72.68653,21.44764],[72.68681,21.44764],[72.68681,21.44847],[72.68708,21.44847],[72.68708,21.44958],[72.68736,21.44958],[72.68736,21.45125],[72.68764,21.45125],[72.68764,21.45236],[72.68792,21.45236],[72.68792,21.4532],[72.68819,21.45319],[72.68819,21.45375],[72.68875,21.45375],[72.68875,21.45486],[72.68903,21.45486],[72.68903,21.45542],[72.68931,21.45542],[72.68931,21.45598],[72.68958,21.45597],[72.68958,21.45625],[72.68986,21.45625],[72.68986,21.45681],[72.69014,21.45681],[72.69014,21.45764],[72.69041,21.45764],[72.69041,21.45792],[72.6907,21.45791],[72.6907,21.45847],[72.69097,21.45847],[72.69097,21.45903],[72.69126,21.45903],[72.69126,21.45931],[72.69153,21.45931],[72.69153,21.45959],[72.6918,21.45959],[72.6918,21.45986],[72.69209,21.45986],[72.69209,21.46042],[72.69237,21.46042],[72.69237,21.4607],[72.69265,21.4607],[72.69264,21.46098],[72.69282,21.46098],[72.69292,21.46098],[72.69292,21.46113],[72.69333,21.46181],[72.69346,21.46181],[72.69346,21.46197],[72.69346,21.46197],[72.69346,21.46236],[72.69375,21.46236],[72.69375,21.46292],[72.69403,21.46292],[72.69403,21.46319],[72.69431,21.46319],[72.69431,21.46375],[72.69486,21.46375],[72.69486,21.46403],[72.69541,21.46402],[72.69541,21.46431],[72.69584,21.46431],[72.69565,21.46414],[72.69584,21.46431],[72.69625,21.46431],[72.69625,21.46458],[72.69681,21.46458],[72.69681,21.46502],[72.69681,21.46514],[72.69625,21.46514],[72.69625,21.46542],[72.69597,21.46542],[72.69597,21.4657],[72.6957,21.4657],[72.6957,21.46597],[72.69541,21.46597],[72.69542,21.46625],[72.69431,21.46625],[72.69431,21.46597],[72.69403,21.46597],[72.69403,21.4657],[72.69348,21.4657],[72.69348,21.46542],[72.69319,21.46542],[72.69319,21.46514],[72.69292,21.46514],[72.69292,21.46486],[72.69264,21.46486],[72.69264,21.46458],[72.6918,21.46458],[72.6918,21.46431],[72.69153,21.46431],[72.69153,21.46402],[72.69126,21.46403],[72.69126,21.46375],[72.69097,21.46375],[72.69097,21.46347],[72.6907,21.46347],[72.6907,21.46319],[72.69029,21.46319],[72.69014,21.46319],[72.69014,21.46301],[72.69014,21.46264],[72.68986,21.46264],[72.68986,21.46236],[72.68959,21.46237],[72.68958,21.46237],[72.68958,21.46208],[72.68933,21.46208],[72.68931,21.46208],[72.68931,21.46207],[72.68931,21.46181],[72.68908,21.46181],[72.68903,21.46181],[72.68903,21.46176],[72.68903,21.46153],[72.68878,21.46153],[72.68875,21.46153],[72.68875,21.4615],[72.68875,21.4607],[72.68847,21.4607],[72.68847,21.46014],[72.68819,21.46014],[72.68819,21.45986],[72.68792,21.45986],[72.68792,21.45959],[72.68736,21.45959],[72.68736,21.45903],[72.68708,21.45903],[72.68708,21.45875],[72.68681,21.45875],[72.68681,21.4582],[72.68653,21.4582],[72.68653,21.45791],[72.68624,21.45792],[72.68624,21.45736],[72.68597,21.45736],[72.68597,21.45708],[72.68542,21.45709],[72.68542,21.4568],[72.68514,21.45681],[72.68514,21.45653],[72.68495,21.45653],[72.68486,21.45653],[72.68486,21.45638],[72.68486,21.45569],[72.68459,21.45569],[72.68459,21.45542],[72.68434,21.45542],[72.68431,21.45542],[72.68431,21.45535],[72.68431,21.45458],[72.68403,21.45458],[72.68403,21.45431],[72.68375,21.45431],[72.68375,21.45375],[72.68347,21.45375],[72.68347,21.45347],[72.68335,21.45347],[72.6832,21.45347],[72.6832,21.45326],[72.6832,21.45292],[72.68294,21.45292],[72.68291,21.45292],[72.68291,21.45288],[72.68291,21.45264],[72.68273,21.45264],[72.68264,21.45264],[72.68264,21.45252],[72.68264,21.45181],[72.68236,21.45181],[72.68236,21.45153],[72.68214,21.45153],[72.68209,21.45153],[72.68209,21.45144],[72.68209,21.4507],[72.68236,21.4507],[72.68236,21.44931],[72.68209,21.44931],[72.68209,21.44904],[72.68181,21.44904],[72.68181,21.44875],[72.68125,21.44875],[72.68125,21.44847],[72.68042,21.44847],[72.68042,21.44819],[72.68014,21.44819],[72.68014,21.44792],[72.67986,21.44792],[72.67986,21.44764],[72.6793,21.44764],[72.6793,21.44736],[72.67903,21.44736],[72.67903,21.44743],[72.67903,21.44764],[72.67847,21.44764],[72.67847,21.44736],[72.67819,21.44736],[72.67819,21.44708],[72.67763,21.44708],[72.67764,21.44736],[72.67653,21.44736],[72.67653,21.44764],[72.67625,21.44764],[72.67625,21.44792],[72.67264,21.44792],[72.67264,21.44764],[72.67181,21.44764],[72.67181,21.44736],[72.67097,21.44736],[72.67097,21.44708],[72.66931,21.44708],[72.66931,21.44681],[72.66903,21.44681],[72.66903,21.44653],[72.66875,21.44653],[72.66875,21.44625],[72.66847,21.44625],[72.66847,21.44569],[72.66764,21.4457],[72.66764,21.44542],[72.66707,21.44542],[72.66707,21.44514],[72.66625,21.44514],[72.66625,21.44486],[72.66597,21.44486],[72.66597,21.44458],[72.6657,21.44459],[72.6657,21.4443],[72.66514,21.44431],[72.66514,21.44403],[72.66458,21.44403],[72.66458,21.44375],[72.66431,21.44375],[72.66431,21.44347],[72.66375,21.44348],[72.66375,21.44319],[72.66319,21.4432],[72.66319,21.44292],[72.66264,21.44292],[72.66264,21.44264],[72.66236,21.44264],[72.66236,21.44236],[72.66209,21.44237],[72.66209,21.44217],[72.66209,21.44208],[72.66192,21.44208],[72.6618,21.44208],[72.6618,21.44202],[72.6618,21.4418],[72.66153,21.4418],[72.66153,21.44153],[72.66109,21.44153],[72.6607,21.44153],[72.6607,21.44125],[72.66042,21.44125],[72.66042,21.44105],[72.66042,21.44097],[72.66026,21.44097],[72.6593,21.44097],[72.6593,21.44069],[72.65903,21.44069],[72.65903,21.44045],[72.65903,21.44042],[72.65849,21.44042],[72.65847,21.44042],[72.65847,21.44014],[72.65792,21.44014],[72.65792,21.43985],[72.65737,21.43986],[72.65737,21.43958],[72.65653,21.43958],[72.65653,21.43931],[72.65626,21.43931],[72.65626,21.43903],[72.65569,21.43903],[72.65569,21.43875],[72.65514,21.43875],[72.65514,21.43847],[72.65486,21.43847],[72.65486,21.4382],[72.65431,21.4382],[72.65431,21.43792],[72.65347,21.43792],[72.65347,21.43764],[72.65291,21.43764],[72.65291,21.43736],[72.65264,21.43736],[72.65264,21.43716],[72.65264,21.43681],[72.65236,21.43681],[72.65236,21.43625],[72.6518,21.43625],[72.6518,21.43597],[72.6507,21.43597],[72.6507,21.43625],[72.64986,21.43625],[72.64986,21.43627],[72.64986,21.43653],[72.64792,21.43653],[72.64792,21.43597],[72.64681,21.43597],[72.64681,21.43542],[72.64653,21.43542],[72.64653,21.43514],[72.64625,21.43514],[72.64625,21.43495],[72.64625,21.43486],[72.64598,21.43486],[72.64598,21.43458],[72.64569,21.43458],[72.64569,21.43375],[72.64514,21.43375],[72.64514,21.43513],[72.64514,21.43542],[72.64486,21.43542],[72.64486,21.43597],[72.64463,21.43597],[72.64458,21.43597],[72.64458,21.43611],[72.64458,21.43625],[72.64456,21.43625],[72.6443,21.43625],[72.6443,21.43792],[72.64403,21.43792],[72.64403,21.43847],[72.64375,21.43847],[72.64375,21.43875],[72.64403,21.43875],[72.64403,21.43931],[72.64375,21.43931],[72.64375,21.43958],[72.6432,21.43958],[72.6432,21.44125],[72.64347,21.44125],[72.64347,21.44153],[72.64375,21.44153],[72.64375,21.4418],[72.64403,21.4418],[72.64403,21.44208],[72.64417,21.44208],[72.6443,21.44208],[72.6443,21.44264],[72.64458,21.44264],[72.64458,21.4432],[72.64486,21.44319],[72.64486,21.44348],[72.64514,21.44347],[72.64514,21.44375],[72.64569,21.44375],[72.64569,21.44431],[72.64598,21.4443],[72.64598,21.44459],[72.64625,21.44458],[72.64625,21.44486],[72.64736,21.44486],[72.64738,21.44514],[72.64792,21.44514],[72.64792,21.4457],[72.64819,21.44569],[72.64819,21.44598],[72.64849,21.44598],[72.64849,21.44653],[72.64875,21.44653],[72.64875,21.44708],[72.64902,21.44708],[72.64902,21.44764],[72.64958,21.44764],[72.64958,21.44819],[72.64986,21.44819],[72.64986,21.44921],[72.64986,21.4493],[72.64989,21.4493],[72.65013,21.44931],[72.65013,21.45003],[72.65013,21.4507],[72.65024,21.4507],[72.65042,21.4507],[72.65042,21.45097],[72.6507,21.45097],[72.6507,21.45153],[72.65097,21.45153],[72.65097,21.4532],[72.65125,21.45319],[72.65125,21.45764],[72.65153,21.45764],[72.65153,21.45986],[72.6518,21.45986],[72.6518,21.46014],[72.65208,21.46014],[72.65208,21.46042],[72.65219,21.46042],[72.65236,21.46042],[72.65236,21.46098],[72.65264,21.46098],[72.65264,21.46125],[72.65236,21.46125],[72.65236,21.46208],[72.65264,21.46208],[72.65264,21.46236],[72.65347,21.46236],[72.65347,21.46264],[72.65403,21.46264],[72.65403,21.46319],[72.6543,21.46319],[72.6543,21.46375],[72.65459,21.46375],[72.65459,21.46403],[72.65486,21.46402],[72.65486,21.46431],[72.65514,21.46431],[72.65514,21.46375],[72.65569,21.46375],[72.65569,21.46431],[72.65598,21.46431],[72.65598,21.46486],[72.65626,21.46486],[72.65626,21.46542],[72.65598,21.46542],[72.65598,21.4657],[72.65431,21.4657],[72.65431,21.46542],[72.65375,21.46542],[72.65375,21.46514],[72.65348,21.46514],[72.65347,21.46486],[72.65326,21.46486],[72.65236,21.46486],[72.65236,21.46514],[72.65208,21.46514],[72.65208,21.46542],[72.65236,21.46542],[72.65236,21.4657],[72.65291,21.4657],[72.65291,21.46597],[72.65347,21.46597],[72.65347,21.46625],[72.65403,21.46625],[72.65403,21.46653],[72.65431,21.46653],[72.65431,21.46708],[72.65459,21.46708],[72.65459,21.46736],[72.65486,21.46736],[72.65486,21.46792],[72.65514,21.46792],[72.65514,21.4682],[72.65542,21.46819],[72.65542,21.46847],[72.65598,21.46847],[72.65598,21.46875],[72.65626,21.46875],[72.65626,21.46903],[72.65655,21.46903],[72.65708,21.46903],[72.65708,21.46931],[72.65737,21.46931],[72.65737,21.46959],[72.65764,21.46958],[72.65764,21.47015],[72.65792,21.47014]]],[[[72.71736,21.66542],[72.71819,21.66542],[72.71819,21.66569],[72.72041,21.66569],[72.72041,21.66597],[72.72264,21.66597],[72.72264,21.66569],[72.72375,21.66569],[72.72375,21.66542],[72.72403,21.66542],[72.72403,21.66514],[72.7243,21.66514],[72.7243,21.66486],[72.72459,21.66486],[72.72459,21.66458],[72.72514,21.66458],[72.72514,21.66431],[72.72542,21.66431],[72.72542,21.66375],[72.72598,21.66375],[72.72597,21.66347],[72.72625,21.66347],[72.72625,21.66319],[72.72681,21.66319],[72.72681,21.66292],[72.72736,21.66292],[72.72736,21.66263],[72.72791,21.66264],[72.72791,21.66236],[72.72848,21.66236],[72.72847,21.66208],[72.72903,21.66208],[72.72903,21.66181],[72.72958,21.66181],[72.72958,21.66153],[72.72986,21.66153],[72.72986,21.66097],[72.73125,21.66097],[72.73125,21.66125],[72.73264,21.66125],[72.73264,21.66097],[72.73375,21.66097],[72.73375,21.66069],[72.73431,21.66069],[72.73431,21.66042],[72.73597,21.66042],[72.73597,21.66014],[72.73627,21.66014],[72.73681,21.66014],[72.73681,21.65986],[72.73736,21.65986],[72.73736,21.65959],[72.73792,21.65959],[72.73792,21.65903],[72.73903,21.65903],[72.73903,21.65931],[72.74097,21.65931],[72.74097,21.65903],[72.74181,21.65903],[72.74181,21.65875],[72.74236,21.65875],[72.74236,21.65847],[72.74292,21.65847],[72.74292,21.65875],[72.74319,21.65875],[72.74319,21.65819],[72.74403,21.65819],[72.74403,21.65875],[72.74512,21.65875],[72.74597,21.65875],[72.74597,21.65847],[72.74653,21.65847],[72.74653,21.65819],[72.7468,21.65819],[72.7468,21.65792],[72.74736,21.65792],[72.74736,21.65764],[72.74819,21.65764],[72.74819,21.65736],[72.74847,21.65736],[72.74847,21.65708],[72.74875,21.65708],[72.74875,21.6568],[72.74931,21.65682],[72.74931,21.65653],[72.74958,21.65653],[72.74958,21.65625],[72.74986,21.65625],[72.74986,21.65597],[72.75014,21.65597],[72.75014,21.65569],[72.75069,21.6557],[72.75069,21.65458],[72.75097,21.65458],[72.75097,21.65292],[72.75042,21.65292],[72.75042,21.65236],[72.75014,21.65236],[72.75014,21.65208],[72.74986,21.65208],[72.74986,21.65153],[72.74931,21.65153],[72.74931,21.65125],[72.74903,21.65125],[72.74903,21.65097],[72.74875,21.65097],[72.74875,21.65069],[72.74847,21.65069],[72.74847,21.65042],[72.74819,21.65042],[72.74819,21.65014],[72.74792,21.65014],[72.74792,21.64931],[72.74736,21.64931],[72.74736,21.64903],[72.74709,21.64903],[72.74709,21.64847],[72.7468,21.64847],[72.7468,21.6482],[72.74652,21.6482],[72.74652,21.64765],[72.74597,21.64765],[72.74597,21.6468],[72.7457,21.64681],[72.7457,21.64653],[72.74541,21.64653],[72.74541,21.64625],[72.74458,21.64625],[72.74458,21.64597],[72.74431,21.64597],[72.74431,21.6457],[72.74347,21.6457],[72.74347,21.64541],[72.74236,21.64542],[72.74236,21.64514],[72.74208,21.64514],[72.74208,21.64486],[72.73986,21.64486],[72.73986,21.64459],[72.73903,21.64459],[72.73903,21.64431],[72.73847,21.64431],[72.73847,21.64403],[72.73792,21.64403],[72.73792,21.64375],[72.73736,21.64375],[72.73736,21.64403],[72.73708,21.64403],[72.73708,21.64375],[72.73625,21.64375],[72.73625,21.64514],[72.73681,21.64514],[72.73681,21.64625],[72.73597,21.64625],[72.73597,21.64708],[72.73542,21.64708],[72.73542,21.64681],[72.73375,21.64681],[72.73375,21.64653],[72.73292,21.64653],[72.73292,21.64625],[72.73236,21.64625],[72.73236,21.64597],[72.7307,21.64597],[72.7307,21.6457],[72.73041,21.6457],[72.73041,21.64541],[72.73014,21.64542],[72.73014,21.64514],[72.72958,21.64514],[72.72958,21.64486],[72.72931,21.64486],[72.72931,21.64514],[72.72903,21.64514],[72.72903,21.64486],[72.72875,21.64486],[72.72875,21.64459],[72.72848,21.64459],[72.72848,21.64431],[72.7282,21.64431],[72.7282,21.64403],[72.72681,21.64403],[72.72681,21.64375],[72.72486,21.64375],[72.72486,21.64347],[72.7243,21.64347],[72.7243,21.64375],[72.72403,21.64375],[72.72403,21.64347],[72.72347,21.64347],[72.72347,21.64319],[72.7218,21.64319],[72.7218,21.64347],[72.72125,21.64347],[72.72125,21.64375],[72.72041,21.64375],[72.72041,21.64403],[72.71985,21.64403],[72.71985,21.64431],[72.71931,21.64431],[72.71931,21.64459],[72.7168,21.64459],[72.7168,21.64514],[72.71625,21.64514],[72.71625,21.64542],[72.71597,21.64541],[72.71597,21.6457],[72.7157,21.6457],[72.71569,21.64597],[72.71542,21.64597],[72.71542,21.64765],[72.71569,21.64765],[72.7157,21.6482],[72.71597,21.6482],[72.71597,21.64958],[72.71625,21.64958],[72.71625,21.65097],[72.71597,21.65097],[72.71597,21.65125],[72.7157,21.65125],[72.71569,21.65153],[72.71542,21.65153],[72.71542,21.65181],[72.71514,21.65181],[72.71514,21.65208],[72.71486,21.65208],[72.71486,21.65236],[72.71473,21.65236],[72.7143,21.65236],[72.7143,21.65264],[72.71375,21.65264],[72.71375,21.65292],[72.71347,21.65292],[72.71347,21.65319],[72.7132,21.65319],[72.7132,21.65347],[72.71291,21.65347],[72.71291,21.65375],[72.71264,21.65375],[72.71264,21.65431],[72.71236,21.65431],[72.71236,21.65486],[72.71208,21.65486],[72.71208,21.6557],[72.71181,21.6557],[72.71181,21.65625],[72.71152,21.65625],[72.71152,21.65653],[72.71098,21.65653],[72.71098,21.65736],[72.71069,21.65736],[72.71069,21.65764],[72.71042,21.65764],[72.71042,21.65819],[72.71014,21.65819],[72.71014,21.65903],[72.71041,21.65903],[72.71041,21.65986],[72.71069,21.65986],[72.71069,21.66014],[72.71098,21.66014],[72.71098,21.66042],[72.71125,21.66042],[72.71125,21.66069],[72.71152,21.66069],[72.71152,21.66097],[72.71181,21.66097],[72.71181,21.66125],[72.71236,21.66125],[72.71236,21.66153],[72.71264,21.66153],[72.71264,21.66208],[72.71291,21.66208],[72.71291,21.66236],[72.7132,21.66236],[72.7132,21.66264],[72.71347,21.66263],[72.71347,21.66292],[72.71375,21.66292],[72.71375,21.6632],[72.71403,21.66319],[72.71403,21.66347],[72.71458,21.66347],[72.71458,21.66375],[72.71486,21.66375],[72.71486,21.66403],[72.71542,21.66403],[72.71542,21.6643],[72.71597,21.66431],[72.71597,21.66458],[72.71653,21.66458],[72.71653,21.66486],[72.7168,21.66486],[72.7168,21.66514],[72.71736,21.66514],[72.71736,21.66542]]],[[[72.59264,21.63847],[72.59375,21.63846],[72.59375,21.63875],[72.59402,21.63875],[72.59402,21.63903],[72.5957,21.63903],[72.5957,21.63875],[72.59597,21.63875],[72.59596,21.63764],[72.5957,21.63764],[72.5957,21.63736],[72.59541,21.63736],[72.59541,21.63653],[72.59514,21.63653],[72.59514,21.63569],[72.59486,21.6357],[72.59486,21.63542],[72.59458,21.63542],[72.59458,21.63486],[72.59431,21.63486],[72.59431,21.63458],[72.59375,21.63458],[72.59375,21.63431],[72.59458,21.63431],[72.59458,21.63403],[72.59514,21.63403],[72.59514,21.63319],[72.59541,21.63319],[72.59541,21.63307],[72.59541,21.63095],[72.59541,21.63069],[72.5957,21.6307],[72.5957,21.63042],[72.59596,21.63042],[72.59596,21.63014],[72.59736,21.63014],[72.59736,21.63097],[72.59764,21.63097],[72.59764,21.63125],[72.59792,21.63125],[72.59792,21.63153],[72.59875,21.63153],[72.59875,21.63125],[72.59902,21.63125],[72.59902,21.63153],[72.59937,21.63153],[72.59958,21.63153],[72.59958,21.63181],[72.59986,21.63181],[72.59986,21.63236],[72.60047,21.63236],[72.60098,21.63236],[72.60098,21.63208],[72.60125,21.63208],[72.60125,21.63125],[72.60094,21.63125],[72.60069,21.63125],[72.60069,21.631],[72.60069,21.63069],[72.60094,21.63069],[72.60149,21.63069],[72.60208,21.63069],[72.60208,21.63097],[72.60236,21.63097],[72.60236,21.63125],[72.60264,21.63125],[72.60264,21.63153],[72.6032,21.63153],[72.6032,21.63125],[72.60347,21.63125],[72.60347,21.63097],[72.60375,21.63097],[72.60375,21.63181],[72.60403,21.6318],[72.60403,21.63208],[72.60431,21.63208],[72.60431,21.63236],[72.60458,21.63236],[72.60458,21.63265],[72.60515,21.63265],[72.60515,21.63292],[72.60541,21.63292],[72.60541,21.63319],[72.6057,21.6332],[72.6057,21.63347],[72.60541,21.63347],[72.60541,21.63458],[72.60709,21.63458],[72.60709,21.63486],[72.60792,21.63486],[72.60792,21.63514],[72.60847,21.63514],[72.60847,21.63486],[72.60875,21.63486],[72.60875,21.63514],[72.60902,21.63514],[72.60902,21.63486],[72.60958,21.63486],[72.60958,21.63514],[72.60986,21.63514],[72.60986,21.63542],[72.61069,21.63542],[72.61069,21.63569],[72.61153,21.63569],[72.61153,21.63486],[72.61125,21.63486],[72.61125,21.63458],[72.61097,21.63458],[72.61097,21.63431],[72.61069,21.63431],[72.61069,21.63347],[72.61042,21.63347],[72.61042,21.63319],[72.61014,21.63319],[72.61014,21.63264],[72.60931,21.63265],[72.60931,21.63292],[72.60819,21.63292],[72.60819,21.63265],[72.60764,21.63265],[72.60764,21.63236],[72.60736,21.63236],[72.60736,21.63208],[72.6068,21.63208],[72.6068,21.6318],[72.60653,21.63181],[72.60653,21.63153],[72.60625,21.63153],[72.60625,21.63125],[72.60597,21.63125],[72.60597,21.63097],[72.6057,21.63097],[72.6057,21.63069],[72.60515,21.6307],[72.60515,21.63042],[72.60486,21.63042],[72.60486,21.63014],[72.60458,21.63014],[72.60458,21.62986],[72.60431,21.62986],[72.60431,21.62958],[72.60347,21.62959],[72.60347,21.62903],[72.6032,21.62903],[72.6032,21.62847],[72.60291,21.62847],[72.60291,21.62792],[72.60264,21.62792],[72.60264,21.62764],[72.60236,21.62764],[72.60236,21.62736],[72.60208,21.62736],[72.60208,21.62681],[72.60152,21.62681],[72.60152,21.62625],[72.60181,21.62625],[72.60181,21.62569],[72.60208,21.62569],[72.60208,21.62458],[72.60236,21.62458],[72.60236,21.62403],[72.60291,21.62403],[72.60291,21.62346],[72.60264,21.62347],[72.60264,21.62319],[72.60291,21.62319],[72.60291,21.62153],[72.60264,21.62153],[72.60264,21.62042],[72.60236,21.62042],[72.60236,21.62014],[72.60209,21.62014],[72.60209,21.61958],[72.60181,21.61958],[72.60181,21.61931],[72.60125,21.61931],[72.60125,21.61903],[72.60098,21.61903],[72.60098,21.61875],[72.60042,21.61875],[72.60042,21.61847],[72.59986,21.61847],[72.59986,21.6182],[72.59958,21.6182],[72.59958,21.61764],[72.5992,21.61765],[72.59902,21.61765],[72.59902,21.61736],[72.59847,21.61736],[72.59847,21.61765],[72.59764,21.61765],[72.59764,21.61792],[72.59736,21.61791],[72.59736,21.6182],[72.59708,21.6182],[72.59708,21.61958],[72.59625,21.61958],[72.59625,21.61931],[72.59569,21.61931],[72.59569,21.61903],[72.59541,21.61903],[72.59541,21.61875],[72.59431,21.61875],[72.59431,21.61903],[72.59375,21.61903],[72.59375,21.61875],[72.59319,21.61875],[72.59319,21.61903],[72.59264,21.61903],[72.59264,21.61931],[72.59209,21.61931],[72.59209,21.61958],[72.5918,21.61958],[72.5918,21.61986],[72.59153,21.61986],[72.59153,21.62014],[72.59125,21.62014],[72.59125,21.62042],[72.5907,21.62042],[72.59069,21.62071],[72.59042,21.62071],[72.59042,21.62181],[72.59014,21.62181],[72.59014,21.62208],[72.58986,21.62208],[72.58986,21.62236],[72.59015,21.62236],[72.59015,21.62292],[72.59042,21.62292],[72.59042,21.62319],[72.59097,21.62319],[72.59097,21.62375],[72.59125,21.62375],[72.59125,21.62458],[72.59097,21.62458],[72.59097,21.62514],[72.5907,21.62514],[72.59069,21.62597],[72.59042,21.62597],[72.59042,21.62653],[72.59015,21.62652],[72.59015,21.62681],[72.5893,21.62681],[72.5893,21.62736],[72.58903,21.62736],[72.58903,21.62792],[72.58875,21.62792],[72.58875,21.62903],[72.58847,21.62903],[72.58847,21.62959],[72.5882,21.62959],[72.5882,21.63014],[72.5879,21.63014],[72.5879,21.6307],[72.5882,21.6307],[72.5882,21.63236],[72.58847,21.63236],[72.58847,21.63258],[72.58847,21.63292],[72.58875,21.63292],[72.58875,21.63319],[72.58903,21.63319],[72.58903,21.63375],[72.5893,21.63375],[72.5893,21.63403],[72.59042,21.63403],[72.59042,21.63417],[72.59042,21.63542],[72.59097,21.63542],[72.59097,21.63569],[72.59125,21.63569],[72.59125,21.63597],[72.59153,21.63597],[72.59153,21.63625],[72.59209,21.63625],[72.59209,21.63681],[72.59236,21.63681],[72.59236,21.6382],[72.59264,21.6382],[72.59264,21.63847]]],[[[72.67124,21.44625],[72.67514,21.44625],[72.67514,21.44653],[72.6757,21.44653],[72.6757,21.44681],[72.67597,21.44681],[72.67597,21.44598],[72.67625,21.44598],[72.67625,21.44431],[72.67597,21.44431],[72.67597,21.44395],[72.67597,21.4432],[72.6757,21.4432],[72.6757,21.44292],[72.67516,21.44292],[72.67486,21.44292],[72.67486,21.44264],[72.67458,21.44264],[72.67458,21.44239],[72.67458,21.44236],[72.67455,21.44236],[72.67403,21.44237],[72.67403,21.44208],[72.67375,21.44208],[72.67375,21.4418],[72.67347,21.4418],[72.67347,21.44163],[72.67347,21.44125],[72.67319,21.44125],[72.67319,21.44069],[72.67292,21.44069],[72.67292,21.44042],[72.67264,21.44042],[72.67264,21.44014],[72.67181,21.44014],[72.67181,21.43985],[72.67098,21.43986],[72.67098,21.43958],[72.67042,21.43958],[72.67042,21.43903],[72.66879,21.43903],[72.6682,21.43903],[72.6682,21.43875],[72.66764,21.43875],[72.66764,21.43847],[72.66625,21.43847],[72.66625,21.4382],[72.66597,21.4382],[72.66597,21.43847],[72.6657,21.43847],[72.6657,21.43875],[72.66514,21.43875],[72.66514,21.43919],[72.66514,21.43931],[72.66487,21.43931],[72.66487,21.43958],[72.66375,21.43958],[72.66375,21.44095],[72.66376,21.44097],[72.66402,21.44097],[72.66402,21.44153],[72.66431,21.44153],[72.66431,21.4418],[72.66458,21.4418],[72.66458,21.44208],[72.66487,21.44208],[72.66487,21.44237],[72.66514,21.44236],[72.66514,21.44292],[72.66541,21.44292],[72.66541,21.4432],[72.66597,21.44319],[72.66597,21.44348],[72.66707,21.44347],[72.66707,21.44375],[72.66764,21.44375],[72.66764,21.44403],[72.66792,21.44403],[72.66792,21.44431],[72.66847,21.4443],[72.66847,21.44459],[72.66903,21.44458],[72.66903,21.44514],[72.66959,21.44514],[72.66959,21.44542],[72.67042,21.44542],[72.67042,21.4457],[72.67069,21.44569],[72.67069,21.44598],[72.67124,21.44598],[72.67124,21.44625]]],[[[72.60625,21.62847],[72.60792,21.62847],[72.60792,21.62875],[72.60819,21.62875],[72.60819,21.62903],[72.60958,21.62903],[72.60958,21.62875],[72.60931,21.62875],[72.60931,21.62792],[72.60902,21.62792],[72.60902,21.62708],[72.60875,21.62708],[72.60875,21.62653],[72.60847,21.62653],[72.60847,21.62569],[72.60819,21.62569],[72.60819,21.62486],[72.60792,21.62486],[72.60792,21.62431],[72.60764,21.62431],[72.60764,21.62403],[72.60792,21.62403],[72.60792,21.62292],[72.60764,21.62292],[72.60764,21.62236],[72.60736,21.62236],[72.60736,21.62181],[72.60764,21.62181],[72.60764,21.62097],[72.60792,21.62097],[72.60792,21.6207],[72.60764,21.62071],[72.60764,21.62014],[72.60736,21.62014],[72.60736,21.61903],[72.6068,21.61903],[72.6068,21.61931],[72.60625,21.61931],[72.60625,21.61958],[72.60515,21.61958],[72.60515,21.62014],[72.60541,21.62014],[72.60541,21.62097],[72.60515,21.62097],[72.60515,21.62181],[72.60486,21.62181],[72.60486,21.62319],[72.60515,21.62319],[72.60515,21.62403],[72.60541,21.62403],[72.60541,21.62486],[72.6057,21.62486],[72.6057,21.62569],[72.60597,21.62569],[72.60597,21.62736],[72.60625,21.62736],[72.60625,21.62847]]],[[[72.59569,21.64069],[72.59569,21.64097],[72.59596,21.64097],[72.59596,21.64125],[72.59653,21.64125],[72.59653,21.64097],[72.59764,21.64097],[72.59764,21.64069],[72.59791,21.64069],[72.59791,21.64042],[72.5982,21.64042],[72.5982,21.64014],[72.59847,21.64014],[72.59847,21.63986],[72.59958,21.63986],[72.59958,21.63958],[72.59986,21.63958],[72.59986,21.63986],[72.60014,21.63986],[72.60014,21.64014],[72.60098,21.64014],[72.60098,21.64042],[72.60208,21.64042],[72.60208,21.64125],[72.60264,21.64125],[72.60264,21.64097],[72.60236,21.64097],[72.60236,21.64069],[72.60264,21.64069],[72.60264,21.63986],[72.60208,21.63986],[72.60208,21.6393],[72.60181,21.63931],[72.60181,21.63875],[72.60014,21.63875],[72.60014,21.63846],[72.59986,21.63847],[72.59986,21.63819],[72.59958,21.6382],[72.59958,21.63792],[72.5993,21.63792],[72.5993,21.63736],[72.59958,21.63736],[72.59958,21.63708],[72.59875,21.63708],[72.59875,21.63736],[72.5982,21.63736],[72.5982,21.63764],[72.59791,21.63764],[72.59791,21.63847],[72.59764,21.63846],[72.59764,21.63875],[72.59736,21.63875],[72.59736,21.63903],[72.59708,21.63903],[72.59708,21.63958],[72.5968,21.63958],[72.5968,21.64014],[72.59625,21.64014],[72.59625,21.64042],[72.59597,21.64042],[72.59597,21.64069],[72.59569,21.64069]]],[[[72.54347,21.75598],[72.54403,21.75598],[72.54403,21.75736],[72.54408,21.75736],[72.54414,21.75722],[72.54441,21.75637],[72.54439,21.75483],[72.54433,21.75202],[72.54417,21.74991],[72.54403,21.74899],[72.54403,21.74931],[72.54375,21.7493],[72.54375,21.74958],[72.54347,21.74958],[72.54347,21.75014],[72.5432,21.75014],[72.5432,21.75069],[72.54291,21.75069],[72.54291,21.75458],[72.5432,21.75458],[72.5432,21.75514],[72.54347,21.75514],[72.54347,21.75598]]],[[[72.58264,21.62819],[72.58319,21.62819],[72.58319,21.62875],[72.58347,21.62875],[72.58347,21.62903],[72.58459,21.62903],[72.58459,21.62708],[72.5843,21.62708],[72.5843,21.62625],[72.58402,21.62625],[72.58402,21.62597],[72.58153,21.62597],[72.58153,21.62625],[72.58125,21.62625],[72.58125,21.62708],[72.58153,21.62708],[72.58153,21.62736],[72.58208,21.62736],[72.58208,21.62764],[72.58236,21.62764],[72.58236,21.62792],[72.58264,21.62792],[72.58264,21.62819]]],[[[72.56403,21.81292],[72.56431,21.81292],[72.56431,21.81347],[72.56458,21.81347],[72.56458,21.81375],[72.56476,21.81375],[72.56442,21.81294],[72.56386,21.81209],[72.56344,21.8109],[72.56279,21.80984],[72.56197,21.80873],[72.56164,21.80779],[72.56119,21.8071],[72.56056,21.80656],[72.56014,21.80613],[72.56014,21.80653],[72.56042,21.80653],[72.56042,21.80709],[72.56069,21.80709],[72.56069,21.80764],[72.56096,21.80764],[72.56096,21.8082],[72.56125,21.8082],[72.56125,21.80875],[72.56153,21.80875],[72.56153,21.80931],[72.56181,21.80931],[72.56181,21.80958],[72.56208,21.80958],[72.56208,21.81014],[72.56236,21.81013],[72.56236,21.81042],[72.56264,21.81042],[72.56264,21.81097],[72.56291,21.81097],[72.56291,21.81153],[72.56319,21.81153],[72.56319,21.81181],[72.56347,21.81181],[72.56347,21.81208],[72.56375,21.81208],[72.56375,21.81236],[72.56403,21.81236],[72.56403,21.81292]]],[[[72.61597,21.63792],[72.61653,21.63792],[72.61653,21.6382],[72.61681,21.63819],[72.61681,21.63847],[72.61708,21.63847],[72.61708,21.63764],[72.61681,21.63764],[72.61681,21.63736],[72.61653,21.63736],[72.61653,21.63708],[72.61625,21.63708],[72.61625,21.63681],[72.61597,21.6368],[72.61597,21.63625],[72.61569,21.63625],[72.61569,21.63597],[72.61542,21.63597],[72.61542,21.63569],[72.61514,21.6357],[72.61514,21.63542],[72.61459,21.63542],[72.61459,21.63597],[72.61429,21.63597],[72.61429,21.63653],[72.61459,21.63653],[72.61459,21.63681],[72.61486,21.63681],[72.61486,21.63708],[72.61542,21.63708],[72.61542,21.63736],[72.61569,21.63736],[72.61569,21.63764],[72.61597,21.63764],[72.61597,21.63792]]],[[[72.74958,21.64708],[72.74958,21.64765],[72.74986,21.64765],[72.74986,21.64792],[72.75001,21.64792],[72.7503,21.64698],[72.75096,21.64628],[72.74995,21.64482],[72.74903,21.64408],[72.74903,21.64459],[72.74931,21.64458],[72.74931,21.64597],[72.74958,21.64597],[72.74958,21.64653],[72.74986,21.64653],[72.74986,21.64708],[72.74958,21.64708]]],[[[72.61069,21.63154],[72.61069,21.63181],[72.61098,21.63181],[72.61125,21.6318],[72.61125,21.63208],[72.61181,21.63208],[72.61181,21.63153],[72.61153,21.63153],[72.61153,21.63125],[72.61125,21.63125],[72.61125,21.6307],[72.61114,21.6307],[72.61096,21.6307],[72.61096,21.63042],[72.6107,21.63042],[72.61069,21.63042],[72.61069,21.63034],[72.61069,21.62986],[72.61059,21.62986],[72.61042,21.62986],[72.61042,21.62958],[72.60986,21.62959],[72.60986,21.63042],[72.61014,21.63042],[72.61014,21.63125],[72.61042,21.63125],[72.61042,21.63153],[72.61069,21.63154]]],[[[72.61736,21.6393],[72.61903,21.6393],[72.61903,21.63958],[72.61958,21.63958],[72.61958,21.6393],[72.62015,21.63931],[72.62015,21.63903],[72.61903,21.63903],[72.61903,21.63875],[72.61847,21.63875],[72.61847,21.63846],[72.61764,21.63846],[72.61764,21.63903],[72.61708,21.63903],[72.61708,21.63958],[72.61736,21.63958],[72.61736,21.6393]]],[[[72.69561,21.52726],[72.69436,21.5272],[72.69378,21.52736],[72.69569,21.52736],[72.69569,21.52727],[72.69561,21.52726]]],[[[72.69292,21.46113],[72.69292,21.46181],[72.69334,21.46181],[72.69292,21.46113]]],[[[72.67097,21.51458],[72.67097,21.51486],[72.67125,21.51486],[72.67125,21.51514],[72.6714,21.51513],[72.67133,21.51479],[72.6713,21.51458],[72.67097,21.51458]]],[[[72.82125,21.65931],[72.82125,21.65959],[72.82164,21.65959],[72.82125,21.65931]]],[[[72.68486,21.44361],[72.68486,21.44403],[72.68511,21.44403],[72.68486,21.44361]]],[[[72.65792,21.47065],[72.65792,21.47097],[72.65819,21.47097],[72.65792,21.47065]]],[[[72.70614,21.53236],[72.70653,21.53258],[72.70653,21.53236],[72.70614,21.53236]]],[[[72.82097,21.65911],[72.82097,21.65931],[72.82125,21.65931],[72.82097,21.65911]]],[[[72.55597,21.80034],[72.55597,21.80069],[72.55612,21.80069],[72.55597,21.80034]]],[[[72.68514,21.5407],[72.68514,21.54089],[72.68521,21.54084],[72.68541,21.5407],[72.68514,21.5407]]],[[[72.74875,21.64386],[72.74875,21.64403],[72.74896,21.64403],[72.74875,21.64386]]],[[[72.81986,21.65863],[72.81986,21.65875],[72.82014,21.65875],[72.81986,21.65863]]],[[[72.54765,21.76962],[72.54764,21.76955],[72.54764,21.76986],[72.54775,21.76986],[72.54765,21.76962]]],[[[72.8218,21.65971],[72.8218,21.65986],[72.82201,21.65986],[72.8218,21.65971]]],[[[72.55736,21.80295],[72.55736,21.80319],[72.55749,21.80319],[72.55736,21.80295]]],[[[72.57291,22.1919],[72.57291,22.19208],[72.57307,22.19208],[72.57291,22.1919]]],[[[72.68514,21.4441],[72.68514,21.44431],[72.68527,21.44431],[72.68514,21.4441]]],[[[72.56709,22.18493],[72.56709,22.18514],[72.56722,22.18514],[72.56709,22.18493]]],[[[72.56441,22.18092],[72.56431,22.18079],[72.56431,22.18097],[72.56443,22.18097],[72.56443,22.18097],[72.56443,22.18096],[72.56441,22.18092]]],[[[72.56153,22.17665],[72.56153,22.17681],[72.56168,22.17681],[72.56153,22.17665]]],[[[72.67458,21.52109],[72.67458,21.52126],[72.67467,21.52126],[72.67458,21.52109]]],[[[72.56764,22.18582],[72.56764,22.18597],[72.56773,22.18597],[72.56764,22.18582]]],[[[72.56375,22.18005],[72.56375,22.18014],[72.56383,22.18014],[72.56375,22.18005]]],[[[72.56875,22.18756],[72.56875,22.18764],[72.56883,22.18764],[72.56875,22.18756]]],[[[72.56819,22.18671],[72.56819,22.18681],[72.56826,22.18681],[72.56819,22.18671]]],[[[72.55903,21.80505],[72.55903,21.80514],[72.5591,21.80514],[72.55903,21.80505]]],[[[72.5593,21.80536],[72.5593,21.80542],[72.55938,21.80542],[72.5593,21.80536]]],[[[72.57347,22.19257],[72.57347,22.19264],[72.57353,22.19264],[72.57347,22.19257]]],[[[72.5693,22.18814],[72.5693,22.18819],[72.56936,22.18819],[72.5693,22.18814]]],[[[72.56736,22.18536],[72.56736,22.18542],[72.56739,22.18542],[72.56736,22.18536]]],[[[72.67431,21.52064],[72.67431,21.52069],[72.67434,21.52069],[72.67431,21.52064]]],[[[72.56486,21.81399],[72.56486,21.81403],[72.56488,21.81403],[72.56486,21.81399]]],[[[72.55764,21.80344],[72.55764,21.80347],[72.55766,21.80347],[72.55764,21.80344]]],[[[72.56625,22.18373],[72.56625,22.18375],[72.56629,22.18375],[72.56625,22.18373]]],[[[72.70567,21.65153],[72.70569,21.65153],[72.70569,21.65151],[72.70567,21.65153]]],[[[72.68542,21.44456],[72.68542,21.44459],[72.68543,21.44459],[72.68542,21.44456]]],[[[72.55458,21.79761],[72.55458,21.79764],[72.5546,21.79764],[72.55458,21.79761]]]]}}]}