{"type":"FeatureCollection","features":[{"type":"Feature","properties":{"id":"jamnagar","name":"Jamnagar","stateId":"gujarat","stateName":"Gujarat","censuscode":477,"type":"district"},"geometry":{"type":"MultiPolygon","coordinates":[[[[70.43653,22.96423],[70.43809,22.9622],[70.45251,22.94952],[70.46983,22.93978],[70.48735,22.93281],[70.49569,22.93231],[70.51038,22.93385],[70.51883,22.93189],[70.53628,22.92353],[70.54137,22.92235],[70.54137,22.92235],[70.54449,22.92164],[70.54766,22.92804],[70.5511,22.92814],[70.56733,22.91353],[70.57267,22.91333],[70.57637,22.91563],[70.57943,22.91509],[70.58112,22.90969],[70.58624,22.90487],[70.59138,22.902],[70.59495,22.8948],[70.595,22.89307],[70.59713,22.88993],[70.60062,22.88893],[70.60449,22.88041],[70.6084,22.87841],[70.61288,22.87792],[70.61496,22.87699],[70.62281,22.8774],[70.62641,22.87258],[70.63024,22.86909],[70.63421,22.8664],[70.63899,22.86481],[70.64576,22.85921],[70.64761,22.85151],[70.65308,22.84401],[70.65655,22.8411],[70.66129,22.83441],[70.662,22.83134],[70.65658,22.82797],[70.64884,22.8257],[70.64232,22.82261],[70.64772,22.81396],[70.65054,22.80532],[70.65102,22.79433],[70.64988,22.7904],[70.64841,22.78983],[70.64796,22.78671],[70.64451,22.78377],[70.64124,22.78258],[70.63508,22.77793],[70.62515,22.77718],[70.62071,22.77304],[70.61477,22.76463],[70.61967,22.73764],[70.62352,22.72715],[70.63077,22.72057],[70.63761,22.72516],[70.63852,22.71664],[70.64301,22.70875],[70.64402,22.70452],[70.64265,22.7014],[70.63469,22.70272],[70.63303,22.70163],[70.63172,22.69672],[70.62005,22.69338],[70.61435,22.69295],[70.61269,22.6914],[70.61126,22.68811],[70.61136,22.68556],[70.61443,22.65865],[70.6147,22.65303],[70.61289,22.64812],[70.61072,22.64455],[70.60629,22.64012],[70.60162,22.63755],[70.57396,22.63133],[70.5738,22.62573],[70.57167,22.61648],[70.54972,22.57137],[70.54728,22.56375],[70.54738,22.55912],[70.55268,22.54666],[70.55754,22.54003],[70.56226,22.54157],[70.56576,22.54409],[70.57004,22.55188],[70.57334,22.55227],[70.5795,22.54882],[70.5902,22.5376],[70.59555,22.53334],[70.6013,22.53239],[70.60153,22.5296],[70.59919,22.52817],[70.59074,22.52643],[70.57682,22.52095],[70.57032,22.51994],[70.56274,22.52999],[70.5447,22.53125],[70.53673,22.52892],[70.53256,22.5161],[70.5263,22.51214],[70.52761,22.50664],[70.53177,22.49742],[70.53488,22.49509],[70.5431,22.49887],[70.55026,22.50004],[70.56664,22.50742],[70.57528,22.5098],[70.58102,22.49866],[70.58583,22.48603],[70.56173,22.4846],[70.54107,22.47736],[70.54416,22.47191],[70.55011,22.46575],[70.55003,22.46164],[70.54647,22.46004],[70.53441,22.45703],[70.52778,22.46343],[70.52112,22.46451],[70.51721,22.46372],[70.51409,22.46466],[70.50746,22.48084],[70.50151,22.48873],[70.49703,22.48511],[70.4955,22.47448],[70.49694,22.46961],[70.50311,22.46986],[70.50364,22.46564],[70.49727,22.46336],[70.49936,22.45317],[70.49555,22.45047],[70.48631,22.44999],[70.47967,22.45274],[70.47455,22.45804],[70.46898,22.46713],[70.46586,22.46727],[70.46298,22.46456],[70.4619,22.45815],[70.4588,22.45013],[70.45298,22.44847],[70.45978,22.43919],[70.45843,22.43741],[70.44563,22.4326],[70.44548,22.42827],[70.45254,22.42239],[70.4601,22.41802],[70.46304,22.41928],[70.46863,22.42423],[70.4712,22.42491],[70.47639,22.42361],[70.48245,22.42578],[70.48771,22.42645],[70.5036,22.42671],[70.50629,22.41415],[70.50291,22.41151],[70.49049,22.40972],[70.48643,22.39383],[70.47904,22.38381],[70.47377,22.38071],[70.47399,22.37574],[70.47805,22.37114],[70.48486,22.36562],[70.49029,22.36397],[70.50653,22.36135],[70.50996,22.36249],[70.51286,22.35802],[70.5169,22.35904],[70.51895,22.35405],[70.52779,22.3403],[70.52172,22.33611],[70.51645,22.33406],[70.51508,22.32892],[70.49733,22.32178],[70.48972,22.32696],[70.48123,22.32712],[70.47274,22.32606],[70.46899,22.32238],[70.46926,22.3163],[70.47064,22.31179],[70.47441,22.30709],[70.49199,22.29665],[70.49755,22.28656],[70.50416,22.27855],[70.50911,22.26788],[70.51531,22.25316],[70.51919,22.24742],[70.52155,22.24544],[70.53366,22.24896],[70.54642,22.23004],[70.565,22.23353],[70.57492,22.23815],[70.57687,22.22924],[70.58425,22.20953],[70.58728,22.20651],[70.5918,22.20643],[70.59458,22.20301],[70.59816,22.20073],[70.61173,22.19388],[70.61067,22.19019],[70.6003,22.19158],[70.5841,22.18664],[70.58037,22.18342],[70.57991,22.17869],[70.5811,22.17435],[70.58466,22.16784],[70.58117,22.16521],[70.56956,22.1622],[70.56549,22.15529],[70.5627,22.1479],[70.56139,22.14329],[70.56522,22.13199],[70.56374,22.12847],[70.5702,22.11861],[70.575,22.11673],[70.58092,22.11641],[70.58598,22.11742],[70.5865,22.11268],[70.58501,22.10777],[70.58321,22.10367],[70.57934,22.09884],[70.57539,22.1009],[70.56124,22.09849],[70.55616,22.09516],[70.55295,22.08986],[70.54967,22.08069],[70.55893,22.08069],[70.55987,22.07421],[70.55367,22.06714],[70.54712,22.06138],[70.54828,22.0519],[70.54759,22.04797],[70.5578,22.04428],[70.56241,22.03956],[70.56798,22.03582],[70.56794,22.02919],[70.56696,22.0281],[70.55819,22.02023],[70.54338,22.00972],[70.53531,22.00561],[70.52635,22.00327],[70.51764,22.00287],[70.51411,22.00066],[70.51241,21.99915],[70.50912,21.99974],[70.50686,21.99929],[70.50285,21.99578],[70.49926,21.99742],[70.49888,22.00066],[70.4969,22.00494],[70.49741,22.01256],[70.50042,22.01705],[70.50849,22.01921],[70.51818,22.01858],[70.52015,22.02187],[70.52446,22.03728],[70.52961,22.04084],[70.52695,22.0453],[70.52142,22.04788],[70.51442,22.04976],[70.5062,22.05061],[70.49495,22.05449],[70.48361,22.05501],[70.47045,22.05426],[70.45661,22.0523],[70.45374,22.05059],[70.45497,22.04306],[70.45274,22.03712],[70.44529,22.03386],[70.43676,22.03159],[70.41493,22.02862],[70.41329,22.02967],[70.41666,22.0337],[70.41271,22.0354],[70.40607,22.03415],[70.39986,22.03516],[70.39689,22.03887],[70.38411,22.04055],[70.37335,22.04626],[70.36262,22.04584],[70.35495,22.04748],[70.3493,22.05069],[70.34632,22.05151],[70.32881,22.04857],[70.32574,22.04199],[70.3257,22.03327],[70.32732,22.0258],[70.3263,22.01754],[70.31837,22.01282],[70.30953,22.01337],[70.29838,22.01255],[70.29623,22.00926],[70.30319,22.00056],[70.30402,21.99698],[70.30234,21.9937],[70.29916,21.99348],[70.29679,21.99505],[70.29462,21.99742],[70.29336,22.00055],[70.29141,22.00338],[70.28718,22.00427],[70.28051,22.00053],[70.27886,21.99787],[70.27727,21.9969],[70.27404,21.99853],[70.2733,22.00053],[70.26892,22.00244],[70.26656,22.00306],[70.26414,22.00231],[70.26345,22.00052],[70.25879,21.99407],[70.2551,21.98438],[70.25192,21.97157],[70.25164,21.96765],[70.24802,21.96511],[70.23822,21.96254],[70.23426,21.96308],[70.23031,21.96505],[70.21571,21.96491],[70.20639,21.96171],[70.20606,21.95882],[70.20981,21.95396],[70.21245,21.9487],[70.21648,21.93517],[70.2172,21.92698],[70.21525,21.90764],[70.20578,21.89946],[70.19781,21.89556],[70.1951,21.89303],[70.19028,21.89304],[70.18797,21.89426],[70.18419,21.89467],[70.17789,21.89429],[70.17647,21.89885],[70.17375,21.92334],[70.16678,21.93629],[70.16112,21.93809],[70.1446,21.94084],[70.14209,21.93323],[70.14124,21.92654],[70.14136,21.91955],[70.14024,21.91678],[70.14256,21.91002],[70.14029,21.90806],[70.13943,21.8938],[70.13488,21.88243],[70.12881,21.87979],[70.12458,21.87703],[70.12228,21.87225],[70.12591,21.86842],[70.12729,21.86501],[70.11705,21.85972],[70.11365,21.85506],[70.10996,21.85154],[70.09741,21.84759],[70.09103,21.83541],[70.09196,21.83021],[70.10306,21.82956],[70.10786,21.82695],[70.10918,21.82377],[70.10543,21.82083],[70.10346,21.81806],[70.10095,21.81761],[70.09756,21.82062],[70.09339,21.81912],[70.08315,21.81949],[70.08124,21.81817],[70.08522,21.81134],[70.09228,21.80227],[70.08976,21.80002],[70.07231,21.80029],[70.05803,21.79933],[70.04628,21.79525],[70.03467,21.79342],[70.03008,21.79124],[70.03472,21.78407],[70.04915,21.77285],[70.05078,21.77013],[70.05249,21.76308],[70.05568,21.75753],[70.06206,21.75486],[70.06673,21.75092],[70.07306,21.73399],[70.07506,21.73237],[70.07381,21.72902],[70.06592,21.71882],[70.0604,21.70802],[70.05584,21.70162],[70.05032,21.69812],[70.04032,21.69703],[70.03502,21.69791],[70.0287,21.70092],[70.02489,21.70399],[70.02113,21.70781],[70.01948,21.7152],[70.02021,21.72265],[70.01959,21.74483],[70.01279,21.74796],[70.00859,21.75726],[70.00847,21.78123],[70.01137,21.79353],[70.01159,21.79895],[70.00984,21.80086],[70.00004,21.80422],[69.99048,21.80803],[69.98596,21.80619],[69.97555,21.79931],[69.97036,21.7974],[69.96312,21.7973],[69.95939,21.79596],[69.94965,21.78961],[69.94611,21.79335],[69.93333,21.78019],[69.92815,21.77783],[69.91575,21.77888],[69.90872,21.7772],[69.88118,21.76726],[69.87928,21.76787],[69.87583,21.77319],[69.86985,21.77998],[69.86544,21.77543],[69.86749,21.75435],[69.86714,21.7354],[69.86352,21.735],[69.86025,21.73235],[69.85346,21.73067],[69.84648,21.73039],[69.83934,21.73255],[69.83407,21.74134],[69.81759,21.74026],[69.81697,21.74461],[69.81419,21.75061],[69.81016,21.76729],[69.81339,21.77361],[69.81579,21.78595],[69.81745,21.81291],[69.81662,21.81918],[69.81523,21.82246],[69.81209,21.82329],[69.79896,21.82298],[69.78889,21.82359],[69.76752,21.82031],[69.75953,21.82135],[69.7516,21.82692],[69.73994,21.83138],[69.73514,21.82801],[69.73226,21.82379],[69.72534,21.81829],[69.72535,21.8086],[69.72425,21.80406],[69.71896,21.79707],[69.71405,21.79289],[69.70946,21.79612],[69.7069,21.79527],[69.7015,21.79508],[69.69877,21.80564],[69.69598,21.80792],[69.69197,21.8096],[69.69127,21.81521],[69.68803,21.81859],[69.68311,21.81927],[69.67662,21.81864],[69.67538,21.81503],[69.67631,21.81052],[69.66543,21.81168],[69.65719,21.83429],[69.65329,21.83656],[69.64531,21.83626],[69.63703,21.83247],[69.63493,21.82909],[69.63226,21.82724],[69.63318,21.82302],[69.63331,21.81386],[69.63316,21.80759],[69.63213,21.80258],[69.61834,21.80156],[69.61636,21.80263],[69.61589,21.80581],[69.61353,21.80716],[69.61278,21.81278],[69.61344,21.82996],[69.60988,21.82985],[69.6095,21.83501],[69.60936,21.84417],[69.61122,21.86334],[69.61564,21.8677],[69.61881,21.86908],[69.62656,21.86793],[69.63061,21.86805],[69.63237,21.86878],[69.63555,21.8741],[69.64733,21.87017],[69.65747,21.86911],[69.6591,21.87076],[69.6667,21.88421],[69.66818,21.89224],[69.66734,21.89953],[69.67233,21.90199],[69.67285,21.9046],[69.66731,21.92233],[69.67109,21.92453],[69.682,21.92534],[69.68547,21.91472],[69.68628,21.90963],[69.69152,21.91215],[69.70771,21.92642],[69.70742,21.92932],[69.70886,21.93195],[69.71925,21.93489],[69.72339,21.9375],[69.72262,21.94017],[69.72578,21.95501],[69.72171,21.95616],[69.7166,21.97435],[69.69488,21.9775],[69.68935,21.97742],[69.68404,21.95843],[69.65167,21.95445],[69.65709,21.92821],[69.65701,21.9217],[69.65188,21.91959],[69.64234,21.91741],[69.63367,21.91787],[69.62907,21.92203],[69.62094,21.94],[69.61762,21.94058],[69.6158,21.94298],[69.61232,21.9456],[69.61111,21.94477],[69.60767,21.94437],[69.59022,21.94525],[69.58096,21.94482],[69.56543,21.94022],[69.55266,21.9323],[69.54781,21.9284],[69.54372,21.92271],[69.54201,21.91809],[69.54106,21.91193],[69.53555,21.89119],[69.53246,21.88841],[69.52551,21.88987],[69.50552,21.8997],[69.50253,21.89466],[69.49919,21.89275],[69.49475,21.89378],[69.488,21.89367],[69.48722,21.87324],[69.48477,21.87314],[69.48947,21.85866],[69.48953,21.85483],[69.48642,21.85392],[69.47662,21.85254],[69.46668,21.85249],[69.44897,21.8508],[69.43632,21.87332],[69.42821,21.88218],[69.42396,21.88076],[69.42087,21.87973],[69.41362,21.88312],[69.40739,21.89048],[69.40376,21.88968],[69.4026,21.88804],[69.4006,21.8848],[69.39466,21.88153],[69.38981,21.87713],[69.38609,21.87127],[69.3848,21.86408],[69.38505,21.85117],[69.3813,21.84225],[69.38075,21.8342],[69.37834,21.82846],[69.37403,21.82765],[69.37403,21.82792],[69.37375,21.82792],[69.37375,21.8282],[69.37319,21.8282],[69.37319,21.82847],[69.37292,21.82847],[69.37292,21.82875],[69.37263,21.82875],[69.37263,21.82903],[69.37236,21.82903],[69.37236,21.82931],[69.37181,21.82931],[69.37181,21.82958],[69.37153,21.82958],[69.37153,21.82986],[69.37125,21.82986],[69.37125,21.83014],[69.37097,21.83014],[69.37097,21.83042],[69.37042,21.83042],[69.37042,21.83069],[69.37014,21.83069],[69.37014,21.83097],[69.36986,21.83097],[69.36986,21.83126],[69.36959,21.83126],[69.36959,21.83153],[69.36903,21.83153],[69.36903,21.83181],[69.36875,21.8318],[69.36875,21.83208],[69.36847,21.83208],[69.36847,21.83236],[69.36792,21.83236],[69.36792,21.83264],[69.36736,21.83264],[69.36736,21.83292],[69.36681,21.83291],[69.36681,21.8332],[69.36625,21.8332],[69.36625,21.83347],[69.36569,21.83347],[69.36569,21.83375],[69.36514,21.83375],[69.36514,21.83403],[69.36459,21.83403],[69.36459,21.83431],[69.36403,21.83431],[69.36403,21.83459],[69.36347,21.83459],[69.36347,21.83486],[69.36292,21.83486],[69.36292,21.83514],[69.36195,21.83514],[69.36153,21.83514],[69.36153,21.83522],[69.36153,21.83542],[69.36097,21.83542],[69.36097,21.8357],[69.36042,21.8357],[69.36042,21.83625],[69.36014,21.83625],[69.36014,21.83653],[69.35958,21.83653],[69.35958,21.83681],[69.35903,21.83681],[69.35903,21.83708],[69.35819,21.83707],[69.35819,21.83736],[69.3567,21.83736],[69.35597,21.83736],[69.35597,21.83764],[69.35514,21.83764],[69.35514,21.83792],[69.35431,21.83792],[69.35431,21.83819],[69.35375,21.83819],[69.35375,21.83847],[69.35291,21.83847],[69.35291,21.83875],[69.35213,21.83875],[69.35208,21.83875],[69.35208,21.83877],[69.35208,21.83903],[69.35181,21.83903],[69.35181,21.83931],[69.35153,21.83931],[69.35153,21.83958],[69.35098,21.83958],[69.35098,21.83986],[69.35069,21.83986],[69.35069,21.84014],[69.35042,21.84014],[69.35042,21.84042],[69.35014,21.84042],[69.35014,21.8407],[69.34959,21.8407],[69.34959,21.84097],[69.3493,21.84097],[69.3493,21.84125],[69.34903,21.84125],[69.34903,21.84153],[69.34875,21.84153],[69.34875,21.84181],[69.34847,21.84181],[69.34847,21.84208],[69.34792,21.84208],[69.34792,21.84236],[69.34764,21.84236],[69.34764,21.84264],[69.34736,21.84264],[69.34736,21.84292],[69.34708,21.84292],[69.34708,21.8432],[69.34653,21.84319],[69.34653,21.84347],[69.34625,21.84347],[69.34625,21.84375],[69.34597,21.84375],[69.34597,21.84403],[69.34571,21.84403],[69.34571,21.84431],[69.34542,21.84431],[69.34542,21.84458],[69.34487,21.84458],[69.34487,21.84486],[69.34458,21.84486],[69.34458,21.84514],[69.34431,21.84514],[69.34431,21.84542],[69.34403,21.84542],[69.34403,21.84569],[69.34375,21.84569],[69.34375,21.84597],[69.34319,21.84597],[69.34319,21.84625],[69.34292,21.84624],[69.34292,21.84653],[69.34265,21.84653],[69.34265,21.84681],[69.34236,21.84681],[69.34236,21.84709],[69.3418,21.84708],[69.3418,21.84736],[69.34153,21.84736],[69.34153,21.84764],[69.34125,21.84764],[69.34125,21.84792],[69.34097,21.84792],[69.34097,21.8482],[69.34042,21.8482],[69.34042,21.84847],[69.34014,21.84847],[69.34014,21.84875],[69.33986,21.84875],[69.33986,21.84903],[69.3393,21.84903],[69.3393,21.84931],[69.33903,21.84931],[69.33903,21.84958],[69.33847,21.84958],[69.33847,21.84986],[69.3382,21.84986],[69.3382,21.85014],[69.33791,21.85014],[69.33791,21.85042],[69.33737,21.85042],[69.33737,21.85069],[69.33708,21.85069],[69.33708,21.85097],[69.33681,21.85097],[69.33681,21.85125],[69.33637,21.85125],[69.33625,21.85125],[69.33625,21.85134],[69.33625,21.85153],[69.33603,21.85153],[69.33598,21.85153],[69.33598,21.85157],[69.33598,21.8518],[69.3357,21.85181],[69.3357,21.85208],[69.33536,21.85208],[69.33514,21.85208],[69.33514,21.85227],[69.33514,21.85236],[69.33502,21.85236],[69.33486,21.85236],[69.33486,21.8525],[69.33486,21.85264],[69.33467,21.85264],[69.3343,21.85264],[69.3343,21.8529],[69.3343,21.85292],[69.33426,21.85292],[69.33403,21.85292],[69.33403,21.85309],[69.33403,21.8532],[69.33387,21.8532],[69.33375,21.8532],[69.33375,21.85328],[69.33375,21.85347],[69.33348,21.85347],[69.33319,21.85347],[69.33319,21.85367],[69.33319,21.85375],[69.33308,21.85375],[69.33292,21.85375],[69.33292,21.85386],[69.33292,21.85403],[69.33268,21.85403],[69.33264,21.85403],[69.33265,21.85406],[69.33264,21.85431],[69.33228,21.85431],[69.33209,21.85431],[69.33209,21.85445],[69.33209,21.85459],[69.33189,21.85458],[69.3318,21.85458],[69.3318,21.85465],[69.3318,21.85486],[69.33153,21.85486],[69.33153,21.85514],[69.33125,21.85514],[69.33125,21.85543],[69.33074,21.85542],[69.3307,21.85542],[69.3307,21.85545],[69.3307,21.8557],[69.33042,21.8557],[69.33042,21.85597],[69.33014,21.85597],[69.33014,21.85625],[69.32986,21.85625],[69.32986,21.85653],[69.32931,21.85653],[69.32931,21.85681],[69.32903,21.85681],[69.32903,21.85708],[69.32875,21.85708],[69.32875,21.85736],[69.32848,21.85736],[69.32848,21.85764],[69.32792,21.85764],[69.32792,21.85792],[69.32764,21.85792],[69.32764,21.85819],[69.32736,21.85819],[69.32736,21.85847],[69.32708,21.85847],[69.32708,21.85875],[69.32653,21.85875],[69.32653,21.85903],[69.32625,21.85903],[69.32625,21.85931],[69.32598,21.8593],[69.32598,21.85958],[69.32569,21.85958],[69.32569,21.85986],[69.32514,21.85986],[69.32514,21.86014],[69.32486,21.86014],[69.32486,21.86042],[69.32459,21.86041],[69.32459,21.8607],[69.3243,21.8607],[69.3243,21.86097],[69.32376,21.86097],[69.32376,21.86125],[69.32347,21.86124],[69.32347,21.86153],[69.3232,21.86153],[69.3232,21.86181],[69.32291,21.86181],[69.32291,21.86209],[69.32264,21.86209],[69.32264,21.86236],[69.32236,21.86236],[69.32236,21.86264],[69.32208,21.86264],[69.32208,21.86292],[69.32181,21.86292],[69.32181,21.86319],[69.32153,21.8632],[69.32153,21.86347],[69.32125,21.86347],[69.32125,21.86375],[69.32097,21.86375],[69.32097,21.86403],[69.32069,21.86403],[69.32069,21.86431],[69.32042,21.86431],[69.32042,21.86458],[69.31986,21.86458],[69.31986,21.86486],[69.31958,21.86486],[69.31958,21.86514],[69.31931,21.86514],[69.31931,21.86542],[69.31903,21.86542],[69.31903,21.86569],[69.31875,21.86569],[69.31875,21.86597],[69.31848,21.86597],[69.31848,21.86625],[69.31819,21.86625],[69.31819,21.86653],[69.31792,21.86653],[69.31792,21.86681],[69.31764,21.86681],[69.31764,21.86708],[69.31736,21.86708],[69.31736,21.86737],[69.31709,21.86736],[69.31709,21.86764],[69.3168,21.86764],[69.3168,21.86792],[69.31653,21.86792],[69.31653,21.8682],[69.31601,21.8682],[69.31597,21.8682],[69.31597,21.86823],[69.31597,21.86847],[69.31572,21.86847],[69.3157,21.86847],[69.3157,21.8685],[69.3157,21.86875],[69.31544,21.86875],[69.31541,21.86875],[69.31541,21.86878],[69.31541,21.86903],[69.31515,21.86903],[69.31514,21.86904],[69.31514,21.86931],[69.31483,21.86931],[69.31458,21.86931],[69.31458,21.86944],[69.31458,21.86958],[69.31432,21.86958],[69.31431,21.86959],[69.31431,21.86986],[69.31403,21.86986],[69.31403,21.87014],[69.31347,21.87014],[69.31347,21.87043],[69.31319,21.87043],[69.31319,21.8707],[69.31292,21.8707],[69.31292,21.87097],[69.31264,21.87097],[69.31264,21.87125],[69.31208,21.87125],[69.31208,21.87153],[69.31182,21.87153],[69.31182,21.87181],[69.31153,21.87181],[69.31153,21.87208],[69.31125,21.87208],[69.31125,21.87236],[69.31069,21.87236],[69.31069,21.87264],[69.31042,21.87264],[69.31042,21.87292],[69.31014,21.87292],[69.31014,21.87319],[69.30959,21.87319],[69.30959,21.87347],[69.30929,21.87347],[69.30929,21.87375],[69.30903,21.87375],[69.30903,21.87403],[69.3082,21.87403],[69.3082,21.87459],[69.30791,21.87458],[69.30791,21.87486],[69.30764,21.87486],[69.30764,21.87514],[69.30736,21.87514],[69.30736,21.87542],[69.30681,21.87542],[69.30681,21.8757],[69.30653,21.8757],[69.30653,21.87597],[69.30625,21.87597],[69.30625,21.87625],[69.30597,21.87624],[69.30597,21.87653],[69.30569,21.87653],[69.30569,21.87681],[69.30514,21.87681],[69.30514,21.87708],[69.30486,21.87708],[69.30486,21.87736],[69.30458,21.87736],[69.30458,21.87764],[69.30431,21.87764],[69.30431,21.87792],[69.30403,21.87792],[69.30403,21.87819],[69.30375,21.87819],[69.30375,21.87847],[69.30331,21.87847],[69.30319,21.87847],[69.30319,21.87858],[69.30319,21.87875],[69.30301,21.87875],[69.30292,21.87875],[69.30292,21.87884],[69.30292,21.87903],[69.30271,21.87903],[69.30264,21.87903],[69.30264,21.87909],[69.30264,21.87931],[69.30237,21.87931],[69.30236,21.87958],[69.30209,21.87958],[69.30209,21.87986],[69.3018,21.87986],[69.3018,21.88014],[69.30153,21.88014],[69.30153,21.88042],[69.30097,21.88042],[69.30097,21.8807],[69.3007,21.8807],[69.3007,21.88097],[69.30041,21.88097],[69.30041,21.88125],[69.30014,21.88125],[69.30014,21.88153],[69.29986,21.88153],[69.29986,21.88181],[69.29959,21.88181],[69.29959,21.88209],[69.29931,21.88209],[69.29931,21.88181],[69.299,21.88181],[69.29875,21.88181],[69.29875,21.88196],[69.29875,21.88209],[69.29855,21.88209],[69.29847,21.88208],[69.29847,21.88213],[69.29847,21.88237],[69.29819,21.88237],[69.29819,21.88264],[69.29847,21.88264],[69.29847,21.88292],[69.2982,21.88292],[69.2982,21.88319],[69.29792,21.88319],[69.29792,21.88347],[69.29764,21.88347],[69.29764,21.88375],[69.29735,21.88375],[69.29735,21.88403],[69.29708,21.88403],[69.29708,21.88431],[69.29625,21.88431],[69.29625,21.88458],[69.29597,21.88458],[69.29597,21.88486],[69.29569,21.88486],[69.29569,21.88514],[69.29542,21.88514],[69.29542,21.88569],[69.29514,21.88569],[69.29514,21.88598],[69.29486,21.88597],[69.29486,21.88625],[69.2946,21.88625],[69.2946,21.88653],[69.29431,21.88653],[69.29431,21.88675],[69.29431,21.88681],[69.29423,21.88681],[69.29403,21.8868],[69.29403,21.88695],[69.29403,21.88708],[69.29385,21.88708],[69.29347,21.88708],[69.29347,21.88736],[69.29347,21.88736],[69.29347,21.88736],[69.2932,21.88736],[69.2932,21.88756],[69.2932,21.88764],[69.29309,21.88764],[69.29292,21.88764],[69.29292,21.88776],[69.29292,21.88792],[69.2927,21.88792],[69.29264,21.88792],[69.29264,21.88797],[69.29264,21.8882],[69.29236,21.8882],[69.29236,21.88847],[69.29208,21.88847],[69.29208,21.88875],[69.29181,21.88875],[69.29181,21.88903],[69.29125,21.88903],[69.29125,21.88931],[69.29097,21.88931],[69.29097,21.88959],[69.2907,21.88959],[69.2907,21.88986],[69.29041,21.88986],[69.29041,21.89014],[69.29014,21.89014],[69.29014,21.89042],[69.28958,21.89042],[69.28958,21.8907],[69.28931,21.8907],[69.28931,21.89097],[69.28875,21.89097],[69.28875,21.89125],[69.28847,21.89125],[69.28847,21.89154],[69.28792,21.89154],[69.28792,21.89181],[69.28764,21.89181],[69.28764,21.89208],[69.28709,21.89208],[69.28709,21.89236],[69.2868,21.89236],[69.2868,21.89264],[69.28625,21.89264],[69.28625,21.89292],[69.28597,21.89292],[69.28597,21.89319],[69.2857,21.89319],[69.2857,21.89347],[69.28514,21.89347],[69.28514,21.89375],[69.28486,21.89375],[69.28486,21.89403],[69.28435,21.89403],[69.28434,21.89403],[69.28431,21.89403],[69.28431,21.89406],[69.28431,21.89406],[69.2843,21.89431],[69.28403,21.89431],[69.28403,21.89458],[69.28359,21.89458],[69.28359,21.89458],[69.2832,21.89458],[69.28321,21.89486],[69.28321,21.89487],[69.2832,21.89486],[69.28292,21.89486],[69.28292,21.89507],[69.28292,21.89507],[69.28292,21.89542],[69.28264,21.89542],[69.28264,21.8957],[69.28237,21.8957],[69.28237,21.89625],[69.28208,21.89625],[69.28208,21.89653],[69.28181,21.89653],[69.28181,21.89681],[69.28153,21.89681],[69.28153,21.89709],[69.28125,21.89709],[69.28125,21.89736],[69.28098,21.89735],[69.28098,21.89764],[69.28069,21.89764],[69.28069,21.89792],[69.28042,21.89792],[69.28042,21.8982],[69.28014,21.8982],[69.28014,21.89847],[69.27986,21.89847],[69.27986,21.89875],[69.27959,21.89875],[69.27959,21.89903],[69.27931,21.89903],[69.27931,21.89931],[69.27903,21.89931],[69.27903,21.89959],[69.27875,21.89958],[69.27875,21.89986],[69.27847,21.89986],[69.27847,21.90014],[69.2782,21.90014],[69.2782,21.90042],[69.27792,21.90042],[69.27792,21.90069],[69.27764,21.90069],[69.27764,21.90125],[69.27736,21.90125],[69.27736,21.90153],[69.27708,21.90153],[69.27708,21.90181],[69.2768,21.90181],[69.2768,21.90208],[69.27653,21.90208],[69.27653,21.90236],[69.27624,21.90236],[69.27624,21.90264],[69.27597,21.90264],[69.27597,21.90292],[69.2757,21.90292],[69.2757,21.9032],[69.27541,21.90319],[69.27541,21.90348],[69.27514,21.90348],[69.27514,21.90375],[69.27458,21.90375],[69.27458,21.90403],[69.27431,21.90403],[69.27431,21.90431],[69.27403,21.90431],[69.27403,21.90458],[69.27375,21.90458],[69.27375,21.90486],[69.27349,21.90486],[69.27349,21.90514],[69.27318,21.90514],[69.27318,21.90542],[69.27292,21.90542],[69.27292,21.9057],[69.27263,21.90569],[69.27263,21.90597],[69.27209,21.90597],[69.27209,21.90625],[69.27153,21.90625],[69.27153,21.90654],[69.27098,21.90654],[69.27098,21.90681],[69.27041,21.90681],[69.27041,21.90708],[69.26986,21.90708],[69.26986,21.90736],[69.26958,21.90736],[69.26958,21.90764],[69.2693,21.90764],[69.2693,21.90792],[69.26903,21.90792],[69.26903,21.90819],[69.26875,21.90819],[69.26875,21.90847],[69.2682,21.90847],[69.2682,21.90875],[69.26791,21.90875],[69.26791,21.90903],[69.26764,21.90903],[69.26764,21.90931],[69.26737,21.90931],[69.26737,21.90958],[69.26708,21.90958],[69.26708,21.90986],[69.26681,21.90986],[69.26681,21.91014],[69.26653,21.91014],[69.26653,21.91042],[69.26625,21.91042],[69.26625,21.91069],[69.26598,21.91069],[69.26598,21.91097],[69.26569,21.91097],[69.26569,21.91125],[69.26542,21.91125],[69.26542,21.91153],[69.26514,21.91153],[69.26514,21.91181],[69.26486,21.91181],[69.26486,21.91208],[69.26458,21.91208],[69.26458,21.91236],[69.2643,21.91235],[69.2643,21.91264],[69.26403,21.91264],[69.26403,21.9132],[69.26375,21.9132],[69.26375,21.91347],[69.26347,21.91347],[69.26347,21.91375],[69.26319,21.91375],[69.26319,21.91403],[69.26292,21.91403],[69.26292,21.9143],[69.26264,21.9143],[69.26264,21.91458],[69.26236,21.91458],[69.26236,21.91486],[69.26208,21.91486],[69.26208,21.91514],[69.2618,21.91514],[69.2618,21.91542],[69.26127,21.91542],[69.26124,21.91542],[69.26124,21.91545],[69.26124,21.91571],[69.26099,21.91571],[69.26097,21.91571],[69.26097,21.91572],[69.26097,21.91625],[69.2607,21.91625],[69.2607,21.91653],[69.26019,21.91653],[69.26014,21.91653],[69.26014,21.91657],[69.26014,21.91681],[69.25991,21.91681],[69.25987,21.91681],[69.25987,21.91685],[69.25987,21.91709],[69.25963,21.91708],[69.25958,21.91708],[69.25958,21.91713],[69.25958,21.91736],[69.25936,21.91736],[69.25931,21.91736],[69.25931,21.91741],[69.25931,21.91764],[69.25907,21.91764],[69.25875,21.91764],[69.25875,21.91792],[69.25847,21.91792],[69.25847,21.9182],[69.2582,21.91819],[69.2582,21.91848],[69.25792,21.91848],[69.25792,21.91875],[69.25736,21.91875],[69.25736,21.91931],[69.25708,21.91931],[69.25708,21.91958],[69.2568,21.91958],[69.25681,21.91986],[69.25653,21.91986],[69.25653,21.92014],[69.25625,21.92014],[69.25625,21.92042],[69.25598,21.92042],[69.25598,21.92074],[69.25598,21.92097],[69.25574,21.92097],[69.25569,21.92097],[69.25569,21.92102],[69.25569,21.92125],[69.25546,21.92125],[69.25542,21.92125],[69.25542,21.9213],[69.25542,21.92153],[69.25519,21.92153],[69.25486,21.92152],[69.25486,21.92181],[69.25459,21.92181],[69.25459,21.92208],[69.2543,21.92208],[69.2543,21.92236],[69.25403,21.92236],[69.25403,21.92264],[69.25375,21.92264],[69.25375,21.92292],[69.25347,21.92292],[69.25347,21.9232],[69.2532,21.9232],[69.2532,21.92347],[69.25291,21.92347],[69.25291,21.92375],[69.25264,21.92375],[69.25264,21.92403],[69.25236,21.92403],[69.25236,21.92431],[69.25208,21.9243],[69.25208,21.92459],[69.25181,21.92459],[69.25181,21.92486],[69.25153,21.92486],[69.25153,21.92514],[69.25125,21.92514],[69.25125,21.92542],[69.25097,21.92542],[69.25097,21.92569],[69.25069,21.9257],[69.25069,21.92602],[69.25069,21.92653],[69.25042,21.92653],[69.25042,21.92709],[69.25014,21.92708],[69.25014,21.92736],[69.24986,21.92736],[69.24986,21.92792],[69.24958,21.92792],[69.24958,21.9282],[69.24931,21.9282],[69.24931,21.92847],[69.24903,21.92847],[69.24903,21.92875],[69.24875,21.92875],[69.24875,21.92903],[69.24847,21.92903],[69.24847,21.92931],[69.24819,21.92931],[69.24819,21.92958],[69.24792,21.92958],[69.24792,21.92986],[69.24736,21.92986],[69.24736,21.93014],[69.2471,21.93014],[69.2471,21.93042],[69.24681,21.93042],[69.24681,21.9307],[69.24653,21.9307],[69.24653,21.93097],[69.24624,21.93097],[69.24626,21.93125],[69.2457,21.93125],[69.2457,21.93153],[69.24542,21.93153],[69.24542,21.93181],[69.24514,21.93181],[69.24514,21.93209],[69.24486,21.93209],[69.24486,21.93236],[69.24459,21.93236],[69.24459,21.93264],[69.24402,21.93264],[69.24402,21.93292],[69.24375,21.93292],[69.24375,21.9332],[69.24347,21.9332],[69.24347,21.93347],[69.2433,21.93347],[69.2432,21.93347],[69.2432,21.93364],[69.2432,21.93375],[69.24314,21.93375],[69.24264,21.93375],[69.24264,21.93403],[69.24236,21.93403],[69.24236,21.93431],[69.24208,21.93431],[69.24208,21.93458],[69.24125,21.93458],[69.24125,21.93486],[69.24069,21.93486],[69.24069,21.93514],[69.24042,21.93514],[69.24042,21.93542],[69.24014,21.93542],[69.24014,21.93567],[69.24014,21.93569],[69.24009,21.93569],[69.23986,21.93569],[69.23986,21.9358],[69.23986,21.93625],[69.23959,21.93625],[69.23959,21.93653],[69.2393,21.93652],[69.2393,21.93681],[69.23903,21.93681],[69.23903,21.93708],[69.23875,21.93708],[69.23875,21.93736],[69.2382,21.93736],[69.2382,21.93764],[69.23796,21.93764],[69.23792,21.93764],[69.23792,21.93769],[69.23792,21.93792],[69.23776,21.93792],[69.23709,21.93792],[69.23709,21.9382],[69.23653,21.9382],[69.23653,21.93847],[69.23625,21.93847],[69.23625,21.93931],[69.23597,21.93931],[69.23597,21.93959],[69.23569,21.93959],[69.23569,21.94014],[69.23487,21.94014],[69.23487,21.94042],[69.23458,21.94042],[69.23458,21.9407],[69.23431,21.9407],[69.23431,21.94097],[69.23403,21.94097],[69.23403,21.94125],[69.23375,21.94125],[69.23375,21.94153],[69.23348,21.94153],[69.23348,21.94181],[69.23319,21.94181],[69.23319,21.94208],[69.23292,21.94208],[69.23292,21.94236],[69.23265,21.94236],[69.23265,21.94265],[69.23209,21.94265],[69.23209,21.94292],[69.23179,21.94292],[69.23179,21.9432],[69.23153,21.9432],[69.23153,21.94347],[69.23125,21.94347],[69.23126,21.94375],[69.23097,21.94375],[69.23097,21.94403],[69.2307,21.94403],[69.2307,21.94431],[69.23041,21.94431],[69.23042,21.94486],[69.23014,21.94486],[69.23014,21.94542],[69.22986,21.94542],[69.22986,21.94597],[69.22958,21.94597],[69.22958,21.94625],[69.22931,21.94625],[69.22931,21.94653],[69.22903,21.94653],[69.22903,21.94681],[69.22875,21.94681],[69.22875,21.94708],[69.22847,21.94708],[69.22847,21.94736],[69.22819,21.94736],[69.22819,21.94764],[69.22791,21.94764],[69.22791,21.94792],[69.22764,21.94792],[69.22764,21.94819],[69.22737,21.94819],[69.22737,21.94847],[69.22708,21.94846],[69.22708,21.94903],[69.22681,21.94903],[69.22681,21.94931],[69.22653,21.94931],[69.22653,21.94958],[69.22625,21.94958],[69.22625,21.94986],[69.22598,21.94986],[69.22598,21.95014],[69.22569,21.95014],[69.22569,21.95042],[69.22542,21.95042],[69.22542,21.9507],[69.22486,21.95069],[69.22486,21.95097],[69.22459,21.95097],[69.22459,21.95125],[69.2243,21.95125],[69.2243,21.95153],[69.22403,21.95153],[69.22403,21.95181],[69.22375,21.9518],[69.22375,21.95209],[69.22347,21.95209],[69.22347,21.95236],[69.2232,21.95236],[69.2232,21.95264],[69.22293,21.95264],[69.22293,21.95292],[69.22264,21.95292],[69.22264,21.9532],[69.22236,21.9532],[69.22236,21.95347],[69.22209,21.95347],[69.22209,21.95375],[69.22181,21.95375],[69.2218,21.95403],[69.22153,21.95403],[69.22153,21.95431],[69.22125,21.95431],[69.22125,21.95459],[69.22097,21.95459],[69.22097,21.95486],[69.22071,21.95486],[69.22071,21.95514],[69.22042,21.95514],[69.22042,21.95542],[69.22014,21.95542],[69.22014,21.95569],[69.21987,21.95569],[69.21987,21.95597],[69.21958,21.95597],[69.21958,21.95625],[69.21932,21.95625],[69.21932,21.95653],[69.21903,21.95653],[69.21903,21.95681],[69.21875,21.95681],[69.21875,21.95708],[69.21848,21.95708],[69.21848,21.95736],[69.21819,21.95736],[69.21819,21.95765],[69.21792,21.95765],[69.21792,21.95792],[69.21763,21.95792],[69.21763,21.9582],[69.2168,21.95819],[69.2168,21.95875],[69.21653,21.95875],[69.21653,21.95903],[69.21625,21.95903],[69.21625,21.95931],[69.21597,21.95931],[69.21597,21.95959],[69.2157,21.95959],[69.2157,21.95986],[69.21541,21.95986],[69.21541,21.96014],[69.21514,21.96014],[69.21514,21.96042],[69.21486,21.96042],[69.21486,21.9607],[69.21458,21.9607],[69.21458,21.96097],[69.2143,21.96097],[69.2143,21.96125],[69.21403,21.96125],[69.21403,21.96153],[69.21375,21.96153],[69.21375,21.96208],[69.21347,21.96208],[69.21347,21.96236],[69.21319,21.96236],[69.21319,21.96264],[69.2129,21.96264],[69.2129,21.96292],[69.21264,21.96292],[69.21264,21.96319],[69.21237,21.96319],[69.21237,21.96347],[69.21208,21.96347],[69.21208,21.96375],[69.21153,21.96375],[69.21153,21.96403],[69.21125,21.96403],[69.21125,21.96431],[69.21098,21.96431],[69.21098,21.96486],[69.2107,21.96486],[69.2107,21.96514],[69.21042,21.96514],[69.21042,21.96542],[69.21014,21.96541],[69.21014,21.9657],[69.20986,21.9657],[69.20986,21.96597],[69.20959,21.96597],[69.20959,21.96625],[69.2093,21.96625],[69.2093,21.96653],[69.20903,21.96653],[69.20903,21.96708],[69.20875,21.96708],[69.20875,21.96736],[69.20848,21.96736],[69.20848,21.96764],[69.20819,21.96764],[69.20819,21.9682],[69.20792,21.9682],[69.20792,21.96847],[69.20764,21.96847],[69.20764,21.96875],[69.20736,21.96875],[69.20736,21.96903],[69.20709,21.96903],[69.20709,21.96959],[69.2068,21.96958],[69.2068,21.96986],[69.20653,21.96986],[69.20653,21.97014],[69.20625,21.97014],[69.20625,21.97042],[69.20597,21.97042],[69.20597,21.97097],[69.2057,21.97097],[69.2057,21.97125],[69.2054,21.97125],[69.2054,21.97153],[69.20514,21.97153],[69.20514,21.97209],[69.20486,21.97208],[69.20486,21.97236],[69.20458,21.97236],[69.20458,21.97264],[69.20431,21.97263],[69.20431,21.97292],[69.20402,21.97292],[69.20402,21.97347],[69.20375,21.97347],[69.20375,21.97375],[69.20348,21.97375],[69.20348,21.97403],[69.2032,21.97403],[69.2032,21.97458],[69.20292,21.97458],[69.20292,21.97486],[69.20264,21.97486],[69.20264,21.97514],[69.20236,21.97514],[69.20236,21.97569],[69.20208,21.97569],[69.20208,21.97596],[69.20208,21.97597],[69.20207,21.97597],[69.20198,21.97597],[69.2018,21.97597],[69.20181,21.9762],[69.20181,21.97625],[69.20176,21.97625],[69.20153,21.97625],[69.20153,21.97646],[69.20153,21.9768],[69.20125,21.9768],[69.20125,21.97708],[69.20096,21.97708],[69.20096,21.97764],[69.20069,21.97764],[69.20069,21.97792],[69.20042,21.97792],[69.20042,21.9782],[69.20014,21.97819],[69.20014,21.97847],[69.19986,21.97847],[69.19986,21.97903],[69.19959,21.97903],[69.19959,21.97931],[69.1993,21.9793],[69.1993,21.97959],[69.19903,21.97958],[69.19903,21.97986],[69.19876,21.97986],[69.19876,21.98042],[69.19847,21.98042],[69.19847,21.98014],[69.19821,21.98014],[69.19821,21.98042],[69.19764,21.98042],[69.19764,21.9807],[69.19737,21.9807],[69.19737,21.98097],[69.19764,21.98097],[69.19764,21.98125],[69.1979,21.98125],[69.1979,21.98182],[69.19847,21.98181],[69.19847,21.98208],[69.19876,21.98208],[69.19876,21.98236],[69.19903,21.98236],[69.19903,21.98264],[69.1993,21.98264],[69.1993,21.98236],[69.19986,21.98236],[69.19986,21.98264],[69.20042,21.98264],[69.20042,21.98292],[69.20097,21.98292],[69.20097,21.98319],[69.20125,21.98319],[69.20125,21.98403],[69.20153,21.98403],[69.20153,21.98458],[69.20125,21.98458],[69.20125,21.98486],[69.19986,21.98486],[69.19986,21.98458],[69.1993,21.98458],[69.1993,21.98375],[69.19903,21.98375],[69.19903,21.98347],[69.1979,21.98347],[69.1979,21.98375],[69.19708,21.98375],[69.19708,21.98347],[69.19569,21.98347],[69.19569,21.98375],[69.19349,21.98375],[69.19349,21.98375],[69.19292,21.98375],[69.19292,21.98403],[69.19264,21.98403],[69.19264,21.98431],[69.19236,21.98431],[69.19236,21.98458],[69.19209,21.98458],[69.19209,21.98486],[69.1918,21.98486],[69.1918,21.98514],[69.19153,21.98514],[69.19153,21.98542],[69.19126,21.98542],[69.19126,21.9857],[69.19097,21.9857],[69.19097,21.98597],[69.19041,21.98597],[69.19041,21.98625],[69.19014,21.98625],[69.19014,21.98653],[69.18986,21.98653],[69.18986,21.98681],[69.18958,21.98681],[69.18958,21.98709],[69.18931,21.98709],[69.18931,21.98736],[69.18903,21.98736],[69.18903,21.98764],[69.18875,21.98763],[69.18875,21.98792],[69.18847,21.98792],[69.18847,21.98819],[69.18819,21.9882],[69.18819,21.98847],[69.18792,21.98847],[69.18792,21.98875],[69.18764,21.98875],[69.18764,21.98903],[69.18736,21.98903],[69.18736,21.98946],[69.18736,21.98946],[69.18736,21.98958],[69.18725,21.98958],[69.18725,21.98958],[69.18708,21.98958],[69.18708,21.98976],[69.18708,21.98976],[69.18708,21.98986],[69.18698,21.98986],[69.18698,21.98986],[69.18682,21.98986],[69.18682,21.99004],[69.18682,21.99004],[69.18682,21.99014],[69.18672,21.99014],[69.18672,21.99014],[69.18653,21.99014],[69.18653,21.99033],[69.18653,21.99034],[69.18653,21.99042],[69.18645,21.99042],[69.18645,21.99042],[69.18625,21.99042],[69.18625,21.99063],[69.18625,21.99063],[69.18625,21.9907],[69.18619,21.9907],[69.18619,21.9907],[69.18597,21.99069],[69.18597,21.99092],[69.18597,21.99092],[69.18597,21.99097],[69.18593,21.99097],[69.18592,21.99097],[69.18569,21.99097],[69.18569,21.99121],[69.18569,21.99122],[69.18569,21.99125],[69.18566,21.99125],[69.18566,21.99125],[69.18542,21.99125],[69.18542,21.9915],[69.18542,21.99151],[69.18542,21.99181],[69.18514,21.9918],[69.18514,21.99208],[69.18487,21.99209],[69.18486,21.99236],[69.1846,21.99236],[69.1846,21.99236],[69.18459,21.99236],[69.18459,21.99238],[69.18459,21.99238],[69.18459,21.99264],[69.18434,21.99264],[69.18434,21.99264],[69.18431,21.99264],[69.18431,21.99267],[69.18431,21.99267],[69.18431,21.99292],[69.18407,21.99292],[69.18407,21.99292],[69.18403,21.99291],[69.18403,21.99296],[69.18403,21.99296],[69.18403,21.9932],[69.18381,21.99319],[69.18381,21.99319],[69.18375,21.99319],[69.18375,21.99326],[69.18375,21.99326],[69.18375,21.99376],[69.18347,21.99376],[69.18347,21.99403],[69.1832,21.99403],[69.1832,21.99431],[69.18292,21.99431],[69.18292,21.99459],[69.18264,21.99459],[69.18264,21.99486],[69.18236,21.99486],[69.18236,21.99514],[69.18209,21.99514],[69.18209,21.99542],[69.18181,21.99542],[69.18181,21.9957],[69.18153,21.9957],[69.18153,21.99597],[69.18125,21.99597],[69.18125,21.99625],[69.18097,21.99625],[69.18097,21.99653],[69.1807,21.99653],[69.1807,21.99708],[69.18042,21.99708],[69.18042,21.99736],[69.18014,21.99736],[69.18014,21.99764],[69.17986,21.99764],[69.17986,21.99792],[69.17958,21.99792],[69.17958,21.99819],[69.17931,21.99819],[69.17931,21.99847],[69.17903,21.99847],[69.17903,21.99875],[69.17875,21.99875],[69.17875,21.99903],[69.17847,21.99903],[69.17847,21.99931],[69.17819,21.99931],[69.17819,21.99959],[69.17772,21.99958],[69.17772,21.99958],[69.17708,21.99957],[69.17708,22.00014],[69.17679,22.00014],[69.17679,22.00042],[69.17653,22.00042],[69.17653,22.00083],[69.17653,22.00083],[69.17653,22.00097],[69.1764,22.00097],[69.17639,22.00097],[69.17625,22.00097],[69.17625,22.00113],[69.17625,22.00113],[69.17625,22.00125],[69.17613,22.00125],[69.17613,22.00125],[69.17597,22.00125],[69.17597,22.00142],[69.17597,22.00142],[69.17597,22.00153],[69.17587,22.00153],[69.17586,22.00153],[69.1757,22.00153],[69.1757,22.0017],[69.1757,22.00171],[69.1757,22.00208],[69.17541,22.00208],[69.17541,22.00236],[69.17514,22.00236],[69.17514,22.00264],[69.17486,22.00264],[69.17486,22.00319],[69.17458,22.00319],[69.17458,22.00347],[69.17431,22.00347],[69.17431,22.00375],[69.17402,22.00375],[69.17402,22.00403],[69.17375,22.00403],[69.17375,22.0043],[69.17322,22.0043],[69.17322,22.0043],[69.1732,22.0043],[69.1732,22.00433],[69.1732,22.00434],[69.1732,22.00458],[69.17296,22.00458],[69.17296,22.00458],[69.17292,22.00458],[69.17292,22.00462],[69.17292,22.00462],[69.17292,22.00486],[69.17269,22.00486],[69.17269,22.00486],[69.17264,22.00486],[69.17264,22.00491],[69.17264,22.00492],[69.17264,22.00514],[69.17243,22.00514],[69.17242,22.00514],[69.17236,22.00514],[69.17236,22.00521],[69.17236,22.00521],[69.17236,22.00542],[69.17216,22.00542],[69.17216,22.00542],[69.17208,22.00542],[69.17208,22.0055],[69.17208,22.0055],[69.17208,22.0057],[69.1719,22.0057],[69.17189,22.0057],[69.17181,22.00569],[69.17181,22.00579],[69.17181,22.00579],[69.17181,22.00597],[69.17163,22.00597],[69.17163,22.00597],[69.17152,22.00597],[69.17152,22.00609],[69.17152,22.00609],[69.17152,22.00625],[69.17137,22.00625],[69.17137,22.00625],[69.17125,22.00625],[69.17125,22.00637],[69.17125,22.00637],[69.17125,22.00653],[69.1711,22.00653],[69.1711,22.00653],[69.17098,22.00653],[69.17098,22.00665],[69.17098,22.00666],[69.17098,22.00681],[69.17084,22.00681],[69.17083,22.00681],[69.17069,22.00681],[69.17069,22.00696],[69.17069,22.00696],[69.17069,22.00709],[69.17057,22.00708],[69.17057,22.00708],[69.17042,22.00708],[69.17042,22.00724],[69.17042,22.00725],[69.17042,22.00736],[69.17031,22.00736],[69.17031,22.00736],[69.17015,22.00736],[69.17015,22.00753],[69.17015,22.00754],[69.17015,22.00764],[69.17004,22.00764],[69.17004,22.00764],[69.16986,22.00764],[69.16986,22.00783],[69.16986,22.00783],[69.16986,22.00792],[69.17014,22.00792],[69.17014,22.0082],[69.16986,22.0082],[69.16986,22.00847],[69.16959,22.00847],[69.16959,22.00875],[69.1693,22.00874],[69.1693,22.00903],[69.16903,22.00903],[69.16903,22.00931],[69.16875,22.00931],[69.16875,22.00958],[69.16847,22.00958],[69.16847,22.00986],[69.1682,22.00986],[69.1682,22.01042],[69.16792,22.01042],[69.16792,22.01097],[69.16764,22.01097],[69.16764,22.01125],[69.16681,22.01125],[69.16681,22.01208],[69.16653,22.01208],[69.16653,22.01236],[69.16625,22.01236],[69.16625,22.01264],[69.16597,22.01264],[69.16597,22.01292],[69.1657,22.01292],[69.1657,22.0132],[69.16541,22.0132],[69.16541,22.01347],[69.16514,22.01347],[69.16514,22.01403],[69.16485,22.01403],[69.16485,22.01431],[69.16458,22.01431],[69.16458,22.01487],[69.16431,22.01487],[69.16431,22.01514],[69.16348,22.01514],[69.16348,22.01542],[69.16292,22.01542],[69.16292,22.0157],[69.16264,22.0157],[69.16264,22.01597],[69.16236,22.01597],[69.16236,22.01625],[69.16208,22.01625],[69.16208,22.01653],[69.16179,22.01653],[69.16179,22.01681],[69.16153,22.01681],[69.16153,22.01708],[69.16125,22.01708],[69.16125,22.01736],[69.16097,22.01736],[69.16097,22.01764],[69.1607,22.01764],[69.1607,22.01793],[69.16042,22.01792],[69.16042,22.01819],[69.16014,22.01819],[69.16014,22.01847],[69.15986,22.01847],[69.15986,22.01875],[69.15958,22.01875],[69.15958,22.01958],[69.15931,22.01958],[69.1593,22.01986],[69.15904,22.01986],[69.15904,22.02042],[69.15875,22.02041],[69.15875,22.0207],[69.1582,22.0207],[69.1582,22.02097],[69.15792,22.02097],[69.15792,22.02125],[69.15764,22.02125],[69.15764,22.02181],[69.15737,22.02181],[69.15737,22.02209],[69.15708,22.02209],[69.15708,22.02236],[69.15681,22.02236],[69.15681,22.02292],[69.15652,22.02292],[69.15652,22.0232],[69.15625,22.0232],[69.15625,22.02375],[69.15598,22.02374],[69.15598,22.02431],[69.15569,22.02431],[69.15569,22.02486],[69.15542,22.02486],[69.15542,22.02514],[69.15514,22.02514],[69.15514,22.02542],[69.15486,22.02542],[69.15486,22.02569],[69.15459,22.02569],[69.15459,22.02597],[69.1543,22.02597],[69.1543,22.02653],[69.15403,22.02653],[69.15403,22.02681],[69.15345,22.02681],[69.1532,22.02681],[69.1532,22.02708],[69.15208,22.02708],[69.15208,22.02736],[69.1518,22.02736],[69.1518,22.02764],[69.15153,22.02764],[69.15153,22.02792],[69.15125,22.02792],[69.15125,22.0282],[69.15097,22.0282],[69.15097,22.02847],[69.1507,22.02847],[69.1507,22.02903],[69.15041,22.02903],[69.15041,22.02931],[69.15014,22.02931],[69.15014,22.02958],[69.14985,22.02958],[69.14985,22.02987],[69.14958,22.02987],[69.14958,22.03014],[69.14931,22.03014],[69.14931,22.03042],[69.14903,22.03042],[69.14903,22.0307],[69.14875,22.03069],[69.14875,22.03097],[69.14848,22.03097],[69.14849,22.03125],[69.14819,22.03125],[69.14819,22.03153],[69.14792,22.03153],[69.14792,22.03181],[69.14764,22.03181],[69.14764,22.03236],[69.14736,22.03236],[69.14736,22.03264],[69.14709,22.03264],[69.14709,22.03292],[69.14681,22.03292],[69.14681,22.03319],[69.14653,22.03319],[69.14653,22.03347],[69.14625,22.03347],[69.14625,22.03375],[69.14597,22.03375],[69.14597,22.03403],[69.14569,22.03403],[69.14569,22.03431],[69.14542,22.03431],[69.14542,22.03459],[69.14514,22.03458],[69.14514,22.03486],[69.14486,22.03486],[69.14486,22.03514],[69.14458,22.03514],[69.14458,22.03542],[69.1443,22.03542],[69.1443,22.0357],[69.14403,22.0357],[69.14403,22.03597],[69.14375,22.03597],[69.14375,22.03625],[69.14347,22.03625],[69.14347,22.03681],[69.1432,22.03681],[69.1432,22.03708],[69.14291,22.03708],[69.14291,22.03736],[69.14264,22.03736],[69.14264,22.03764],[69.14236,22.03764],[69.14236,22.03792],[69.14208,22.03792],[69.14208,22.03819],[69.14181,22.03819],[69.14181,22.03847],[69.14153,22.03847],[69.14153,22.03875],[69.14125,22.03875],[69.14125,22.03903],[69.14098,22.03903],[69.14098,22.0393],[69.1407,22.0393],[69.1407,22.03958],[69.14042,22.03958],[69.14042,22.03986],[69.13986,22.03986],[69.13986,22.04014],[69.13958,22.04014],[69.13958,22.04042],[69.13931,22.04042],[69.13931,22.0407],[69.13903,22.0407],[69.13903,22.04097],[69.13875,22.04097],[69.13875,22.04125],[69.13847,22.04125],[69.13847,22.04181],[69.13819,22.04181],[69.13819,22.04209],[69.13791,22.04208],[69.13791,22.04236],[69.13764,22.04236],[69.13764,22.04264],[69.13736,22.04264],[69.13736,22.04292],[69.1368,22.04292],[69.1368,22.0432],[69.13653,22.04319],[69.13653,22.04375],[69.13626,22.04375],[69.13626,22.04403],[69.13597,22.04403],[69.13597,22.04431],[69.1357,22.04431],[69.1357,22.04458],[69.13541,22.04458],[69.13541,22.04514],[69.13514,22.04514],[69.13514,22.04542],[69.13487,22.04542],[69.13487,22.04569],[69.13458,22.04569],[69.13458,22.04597],[69.13431,22.04597],[69.13431,22.04625],[69.13404,22.04625],[69.13404,22.04653],[69.13375,22.04653],[69.13375,22.04681],[69.13347,22.0468],[69.13347,22.04708],[69.13319,22.04708],[69.13319,22.04764],[69.13292,22.04764],[69.13292,22.0482],[69.13264,22.0482],[69.13264,22.04847],[69.13236,22.04847],[69.13236,22.04875],[69.13208,22.04875],[69.13208,22.04903],[69.13181,22.04903],[69.13181,22.04931],[69.13153,22.04931],[69.13153,22.04959],[69.13125,22.04959],[69.13125,22.04986],[69.13069,22.04986],[69.13069,22.05014],[69.13042,22.05014],[69.13042,22.05042],[69.13014,22.05042],[69.13014,22.05069],[69.12986,22.0507],[69.12986,22.05097],[69.12959,22.05097],[69.12959,22.05125],[69.1293,22.05125],[69.1293,22.05153],[69.12903,22.05153],[69.12903,22.05181],[69.12876,22.05181],[69.12876,22.05208],[69.12847,22.05208],[69.12847,22.05264],[69.1282,22.05264],[69.1282,22.05292],[69.12792,22.05292],[69.12792,22.05319],[69.12764,22.05319],[69.12764,22.05347],[69.12736,22.05347],[69.12736,22.05375],[69.12681,22.05375],[69.12681,22.05404],[69.12653,22.05404],[69.12653,22.05431],[69.12625,22.05431],[69.12625,22.05458],[69.12597,22.05458],[69.12597,22.05486],[69.1257,22.05486],[69.1257,22.05487],[69.1257,22.0557],[69.12542,22.0557],[69.12542,22.05597],[69.12514,22.05597],[69.12514,22.05625],[69.12486,22.05625],[69.12486,22.05653],[69.12458,22.05653],[69.12458,22.05681],[69.12431,22.05681],[69.12431,22.05709],[69.12403,22.05709],[69.12403,22.05736],[69.12375,22.05736],[69.12375,22.05764],[69.12347,22.05764],[69.12347,22.05792],[69.12319,22.05792],[69.12319,22.0582],[69.12292,22.0582],[69.12292,22.05847],[69.12264,22.05847],[69.12264,22.05903],[69.12236,22.05903],[69.12236,22.05931],[69.12209,22.05931],[69.12209,22.05958],[69.12125,22.05958],[69.12125,22.05986],[69.12097,22.05985],[69.12097,22.06014],[69.1207,22.06014],[69.1207,22.06042],[69.12042,22.06042],[69.12042,22.06069],[69.12014,22.06069],[69.12014,22.06125],[69.11987,22.06125],[69.11987,22.06153],[69.11958,22.06153],[69.11958,22.06181],[69.11931,22.06181],[69.11931,22.06209],[69.11903,22.06208],[69.11903,22.06236],[69.11875,22.06236],[69.11875,22.06264],[69.11847,22.06264],[69.11847,22.06292],[69.1182,22.06292],[69.1182,22.0632],[69.11792,22.0632],[69.11792,22.06347],[69.11764,22.06347],[69.11764,22.06375],[69.11736,22.06375],[69.11736,22.06486],[69.11708,22.06486],[69.11708,22.06514],[69.1168,22.06514],[69.1168,22.06542],[69.11598,22.06542],[69.11598,22.06569],[69.11569,22.06569],[69.11569,22.06598],[69.11542,22.06598],[69.11542,22.06625],[69.11514,22.06625],[69.11514,22.06653],[69.11486,22.06653],[69.11486,22.0668],[69.11459,22.0668],[69.11459,22.06708],[69.11431,22.06708],[69.11431,22.06736],[69.11403,22.06736],[69.11403,22.06764],[69.11374,22.06764],[69.11374,22.06792],[69.11347,22.06792],[69.11347,22.0682],[69.1132,22.0682],[69.1132,22.06875],[69.11292,22.06875],[69.11292,22.06904],[69.11264,22.06904],[69.11264,22.06931],[69.11236,22.06931],[69.11236,22.06959],[69.11208,22.06958],[69.11208,22.06986],[69.11236,22.06986],[69.11236,22.07014],[69.11208,22.07014],[69.11208,22.07042],[69.11181,22.07042],[69.11181,22.07097],[69.11152,22.07097],[69.11152,22.07125],[69.11125,22.07125],[69.11125,22.07097],[69.11097,22.07097],[69.11097,22.07125],[69.11068,22.07125],[69.11068,22.07181],[69.11042,22.07181],[69.11042,22.07236],[69.11014,22.07236],[69.11014,22.07264],[69.10987,22.07264],[69.10987,22.07292],[69.10958,22.07292],[69.10958,22.07319],[69.10902,22.07319],[69.10902,22.07292],[69.10881,22.07292],[69.10875,22.07292],[69.10875,22.07299],[69.10875,22.07319],[69.10858,22.07319],[69.10848,22.07319],[69.10848,22.07333],[69.10848,22.07347],[69.10836,22.07347],[69.10819,22.07347],[69.10819,22.07368],[69.10819,22.07403],[69.10792,22.07403],[69.10792,22.07458],[69.10764,22.07458],[69.10764,22.07486],[69.10725,22.07486],[69.10709,22.07486],[69.10709,22.07506],[69.10709,22.07514],[69.10703,22.07514],[69.1068,22.07514],[69.1068,22.07543],[69.1068,22.0757],[69.10658,22.0757],[69.10653,22.0757],[69.10653,22.07576],[69.10653,22.07625],[69.10625,22.07625],[69.10625,22.07653],[69.10597,22.07653],[69.10597,22.07709],[69.1057,22.07709],[69.1057,22.07736],[69.10542,22.07736],[69.10542,22.07764],[69.10514,22.07764],[69.10514,22.07792],[69.10486,22.07792],[69.10486,22.07847],[69.10458,22.07847],[69.10458,22.07875],[69.10431,22.07875],[69.10431,22.07903],[69.10403,22.07903],[69.10403,22.07931],[69.10375,22.07931],[69.10375,22.07986],[69.10347,22.07986],[69.10347,22.08014],[69.1032,22.08014],[69.1032,22.08042],[69.10291,22.08042],[69.10291,22.08069],[69.10264,22.08069],[69.10264,22.08125],[69.10236,22.08125],[69.10236,22.08153],[69.10208,22.08153],[69.10208,22.08181],[69.10181,22.08181],[69.10181,22.08208],[69.10168,22.08208],[69.10151,22.08208],[69.10151,22.08249],[69.10151,22.08264],[69.10145,22.08264],[69.10125,22.08264],[69.10125,22.08292],[69.10098,22.08292],[69.10098,22.0832],[69.10069,22.08319],[69.10069,22.08375],[69.10042,22.08375],[69.10042,22.08403],[69.10014,22.08403],[69.10014,22.08431],[69.09986,22.08431],[69.09986,22.08486],[69.09959,22.08486],[69.09959,22.08514],[69.0993,22.08514],[69.0993,22.0857],[69.09903,22.0857],[69.09903,22.08597],[69.09876,22.08597],[69.09876,22.08653],[69.09847,22.08653],[69.09847,22.08681],[69.0982,22.08681],[69.0982,22.08708],[69.09793,22.08708],[69.09793,22.08764],[69.09764,22.08764],[69.09764,22.08792],[69.09736,22.08792],[69.09736,22.08819],[69.09709,22.08819],[69.09709,22.08847],[69.09681,22.08847],[69.0968,22.08903],[69.09653,22.08903],[69.09653,22.08931],[69.09625,22.08931],[69.09625,22.08958],[69.09597,22.08958],[69.09597,22.08986],[69.09571,22.08986],[69.09571,22.09015],[69.09542,22.09014],[69.09542,22.0907],[69.09514,22.0907],[69.09514,22.09097],[69.09486,22.09097],[69.09486,22.09125],[69.09458,22.09125],[69.09458,22.09153],[69.09431,22.09153],[69.09431,22.09181],[69.09403,22.09181],[69.09403,22.09236],[69.09375,22.09236],[69.09375,22.09264],[69.09348,22.09264],[69.09348,22.09292],[69.09319,22.09292],[69.09319,22.09347],[69.09292,22.09347],[69.09292,22.09375],[69.09264,22.09375],[69.09264,22.09403],[69.09236,22.09403],[69.09236,22.09431],[69.09209,22.09431],[69.09209,22.09458],[69.09181,22.09458],[69.09181,22.09486],[69.09153,22.09486],[69.09153,22.09514],[69.09125,22.09514],[69.09125,22.09569],[69.09097,22.09569],[69.09097,22.09597],[69.0907,22.09596],[69.0907,22.09625],[69.09042,22.09625],[69.09042,22.09653],[69.09014,22.09653],[69.09014,22.09681],[69.08986,22.09681],[69.08986,22.09708],[69.08957,22.09708],[69.08957,22.09764],[69.0893,22.09764],[69.0893,22.09792],[69.08903,22.09792],[69.08903,22.0982],[69.08875,22.0982],[69.08875,22.09847],[69.08847,22.09847],[69.08847,22.09875],[69.0882,22.09875],[69.0882,22.09903],[69.08791,22.09902],[69.08791,22.09931],[69.08764,22.09931],[69.08764,22.09972],[69.08764,22.09973],[69.08764,22.09986],[69.08748,22.09986],[69.08748,22.09986],[69.08736,22.09986],[69.08736,22.09997],[69.08736,22.09997],[69.08736,22.10014],[69.08717,22.10014],[69.08716,22.10014],[69.08708,22.10014],[69.08708,22.10021],[69.08708,22.10021],[69.08708,22.10042],[69.08685,22.10042],[69.08685,22.10042],[69.08681,22.10042],[69.08681,22.10045],[69.08681,22.10045],[69.08681,22.10069],[69.08653,22.1007],[69.08653,22.10097],[69.08625,22.10097],[69.08625,22.10125],[69.08599,22.10125],[69.08599,22.10153],[69.08558,22.10153],[69.08558,22.10153],[69.08542,22.10153],[69.08542,22.10167],[69.08542,22.10167],[69.08542,22.1018],[69.08527,22.1018],[69.08526,22.1018],[69.08513,22.1018],[69.08513,22.10192],[69.08513,22.10192],[69.08513,22.10209],[69.08494,22.10209],[69.08494,22.10209],[69.08486,22.10208],[69.08486,22.10215],[69.08486,22.10216],[69.08486,22.10236],[69.08463,22.10236],[69.08463,22.10236],[69.08459,22.10236],[69.08459,22.1024],[69.08459,22.1024],[69.08459,22.10264],[69.08431,22.10264],[69.08431,22.10264],[69.0843,22.10264],[69.0843,22.10265],[69.0843,22.10265],[69.0843,22.10292],[69.08403,22.10292],[69.08403,22.1032],[69.08375,22.1032],[69.08375,22.10347],[69.08348,22.10347],[69.08348,22.10375],[69.08304,22.10375],[69.08304,22.10375],[69.08292,22.10375],[69.08292,22.10386],[69.08292,22.10386],[69.08292,22.10403],[69.08272,22.10403],[69.08272,22.10403],[69.08264,22.10403],[69.08264,22.1041],[69.08264,22.1041],[69.08264,22.10431],[69.0824,22.10431],[69.0824,22.10431],[69.08236,22.10431],[69.08236,22.10434],[69.08236,22.10435],[69.08236,22.10459],[69.08209,22.10458],[69.08209,22.10458],[69.08208,22.10458],[69.08208,22.10459],[69.08208,22.10459],[69.08208,22.10486],[69.0818,22.10486],[69.0818,22.10515],[69.08153,22.10515],[69.08153,22.10542],[69.08125,22.10542],[69.08125,22.1057],[69.08097,22.1057],[69.08097,22.10597],[69.0805,22.10597],[69.0805,22.10597],[69.08041,22.10597],[69.08041,22.10605],[69.08041,22.10605],[69.08041,22.10625],[69.08018,22.10625],[69.08018,22.10625],[69.08014,22.10625],[69.08014,22.10628],[69.08014,22.10629],[69.08014,22.10653],[69.07986,22.10653],[69.07986,22.10681],[69.07958,22.10681],[69.07958,22.10708],[69.07931,22.10708],[69.07931,22.10736],[69.07903,22.10736],[69.07903,22.10764],[69.07875,22.10764],[69.07875,22.10792],[69.07848,22.10792],[69.07848,22.10819],[69.07796,22.10819],[69.07796,22.10819],[69.07792,22.10819],[69.07792,22.10822],[69.07792,22.10822],[69.07792,22.10847],[69.07763,22.10848],[69.07763,22.10875],[69.07736,22.10875],[69.07736,22.10903],[69.07708,22.10903],[69.07708,22.10931],[69.07681,22.10931],[69.07681,22.10958],[69.07653,22.10958],[69.07653,22.10986],[69.07625,22.10986],[69.07625,22.11014],[69.07597,22.11014],[69.07597,22.11042],[69.07542,22.11042],[69.07542,22.1107],[69.07514,22.1107],[69.07514,22.11097],[69.07486,22.11096],[69.07486,22.11125],[69.07459,22.11125],[69.07459,22.11153],[69.0743,22.11153],[69.0743,22.11181],[69.07403,22.1118],[69.07403,22.11209],[69.07376,22.11209],[69.07376,22.11236],[69.07347,22.11236],[69.07347,22.11264],[69.07291,22.11264],[69.07291,22.11292],[69.07264,22.11292],[69.07264,22.11319],[69.07237,22.1132],[69.07237,22.11347],[69.07208,22.11347],[69.07208,22.11375],[69.07183,22.11375],[69.07183,22.11403],[69.07154,22.11403],[69.07154,22.11432],[69.07125,22.11431],[69.07125,22.11459],[69.07097,22.11458],[69.07097,22.11486],[69.07042,22.11486],[69.07042,22.11514],[69.07014,22.11514],[69.07014,22.11542],[69.06986,22.11542],[69.06986,22.11569],[69.06958,22.11569],[69.06958,22.11597],[69.06931,22.11597],[69.06931,22.11625],[69.06903,22.11625],[69.06903,22.11653],[69.06875,22.11653],[69.06875,22.11681],[69.06847,22.11681],[69.06847,22.11709],[69.06797,22.11709],[69.06797,22.11709],[69.06792,22.11709],[69.06792,22.11714],[69.06792,22.11714],[69.06792,22.11736],[69.0677,22.11736],[69.0677,22.11736],[69.06764,22.11736],[69.06764,22.11742],[69.06764,22.11742],[69.06764,22.11764],[69.06742,22.11764],[69.06742,22.11764],[69.06736,22.11764],[69.06736,22.1177],[69.06736,22.1177],[69.06736,22.11792],[69.06715,22.11792],[69.06715,22.11792],[69.06709,22.11792],[69.06709,22.11798],[69.06709,22.11798],[69.06709,22.1182],[69.06687,22.1182],[69.06687,22.1182],[69.0668,22.1182],[69.0668,22.11826],[69.0668,22.11827],[69.0668,22.11847],[69.0666,22.11847],[69.0666,22.11847],[69.06653,22.11847],[69.06653,22.11854],[69.06653,22.11854],[69.06653,22.11875],[69.06632,22.11875],[69.06632,22.11875],[69.06625,22.11875],[69.06625,22.11882],[69.06625,22.11883],[69.06625,22.11903],[69.06604,22.11903],[69.06604,22.11903],[69.06597,22.11903],[69.06597,22.1191],[69.06597,22.1191],[69.06597,22.11931],[69.06577,22.11931],[69.06577,22.11931],[69.0657,22.11931],[69.0657,22.11938],[69.0657,22.11938],[69.0657,22.11959],[69.06549,22.11959],[69.06549,22.11959],[69.06542,22.11959],[69.06542,22.11966],[69.06542,22.11966],[69.06542,22.11986],[69.06522,22.11986],[69.06521,22.11986],[69.06514,22.11986],[69.06515,22.11993],[69.06515,22.11994],[69.06514,22.12014],[69.06495,22.12013],[69.06494,22.12013],[69.06486,22.12013],[69.06486,22.12022],[69.06486,22.12022],[69.06486,22.1207],[69.06458,22.1207],[69.06458,22.12097],[69.06431,22.12097],[69.06431,22.12125],[69.06403,22.12125],[69.06403,22.12153],[69.06375,22.12153],[69.06375,22.12181],[69.06347,22.12181],[69.06347,22.12208],[69.06319,22.12208],[69.06319,22.12236],[69.06292,22.12236],[69.06292,22.12264],[69.06263,22.12264],[69.06263,22.12292],[69.06218,22.12292],[69.06218,22.12292],[69.06208,22.12292],[69.06208,22.12302],[69.06208,22.12302],[69.06208,22.12319],[69.06191,22.12319],[69.06191,22.12319],[69.06181,22.12319],[69.06181,22.12329],[69.06181,22.1233],[69.06181,22.12347],[69.06163,22.12347],[69.06163,22.12347],[69.06125,22.12347],[69.06125,22.12375],[69.06097,22.12375],[69.06097,22.12403],[69.06042,22.12403],[69.06042,22.12431],[69.06014,22.12431],[69.06014,22.12458],[69.05959,22.12458],[69.0596,22.12486],[69.05931,22.12486],[69.05931,22.12514],[69.05874,22.12514],[69.05874,22.12542],[69.05847,22.12542],[69.05847,22.1257],[69.05792,22.1257],[69.05792,22.12597],[69.05764,22.12597],[69.05764,22.12626],[69.05736,22.12626],[69.05736,22.12653],[69.05709,22.12653],[69.05709,22.12681],[69.05681,22.12681],[69.05681,22.12708],[69.05652,22.12708],[69.05652,22.12736],[69.05625,22.12736],[69.05625,22.12764],[69.05597,22.12764],[69.05597,22.12792],[69.0557,22.12792],[69.0557,22.1282],[69.05542,22.1282],[69.05542,22.12847],[69.05514,22.12847],[69.05514,22.12903],[69.05486,22.12903],[69.05486,22.1293],[69.05458,22.1293],[69.05458,22.12958],[69.05431,22.12958],[69.05431,22.13014],[69.05403,22.13014],[69.05403,22.1307],[69.05375,22.1307],[69.05375,22.13097],[69.05346,22.13097],[69.05346,22.13125],[69.05292,22.13125],[69.05292,22.13181],[69.05264,22.13181],[69.05264,22.13209],[69.05209,22.13207],[69.05209,22.13236],[69.0518,22.13236],[69.0518,22.13292],[69.05153,22.13292],[69.05153,22.1332],[69.05125,22.13319],[69.05125,22.13375],[69.05097,22.13375],[69.05097,22.13403],[69.0507,22.13403],[69.0507,22.13448],[69.0507,22.13448],[69.0507,22.13458],[69.0506,22.13458],[69.05059,22.13458],[69.05042,22.13458],[69.05042,22.13476],[69.05042,22.13476],[69.05042,22.13486],[69.05032,22.13486],[69.05031,22.13486],[69.05014,22.13486],[69.05014,22.13504],[69.05014,22.13504],[69.05014,22.13514],[69.05004,22.13514],[69.05004,22.13514],[69.04986,22.13513],[69.04986,22.13532],[69.04986,22.13532],[69.04986,22.13542],[69.04976,22.13542],[69.04976,22.13542],[69.04959,22.13542],[69.04959,22.1356],[69.04959,22.1356],[69.04959,22.13569],[69.04949,22.13569],[69.04949,22.13569],[69.04903,22.13569],[69.04903,22.13597],[69.04875,22.13597],[69.04875,22.13625],[69.04847,22.13625],[69.04847,22.13653],[69.04819,22.13653],[69.04819,22.13681],[69.04792,22.13681],[69.04792,22.13708],[69.04766,22.13708],[69.04766,22.13754],[69.04766,22.13754],[69.04766,22.13764],[69.04756,22.13764],[69.04756,22.13764],[69.04737,22.13764],[69.04737,22.13786],[69.04737,22.13787],[69.04737,22.1382],[69.04715,22.1382],[69.04715,22.1382],[69.04708,22.1382],[69.04708,22.1383],[69.04708,22.1383],[69.04708,22.13875],[69.04681,22.13875],[69.04681,22.13903],[69.04662,22.13903],[69.04661,22.13903],[69.04651,22.13903],[69.04651,22.13919],[69.04651,22.13919],[69.04651,22.13931],[69.04644,22.13931],[69.04644,22.13931],[69.04625,22.13931],[69.04625,22.13903],[69.04597,22.13903],[69.04597,22.13931],[69.04569,22.1393],[69.04569,22.13959],[69.04598,22.13959],[69.04598,22.13986],[69.04569,22.13986],[69.04569,22.14014],[69.04542,22.14014],[69.04542,22.14042],[69.04514,22.14042],[69.04514,22.14097],[69.04486,22.14097],[69.04486,22.14126],[69.04459,22.14126],[69.04459,22.14153],[69.0443,22.14153],[69.0443,22.14181],[69.04375,22.14181],[69.04375,22.14208],[69.04347,22.14208],[69.04347,22.14236],[69.0432,22.14236],[69.0432,22.14264],[69.04291,22.14264],[69.04291,22.14319],[69.04264,22.14319],[69.04264,22.14344],[69.04264,22.14347],[69.04261,22.14347],[69.04236,22.14347],[69.04236,22.14369],[69.04236,22.14403],[69.04209,22.14403],[69.04209,22.14431],[69.04181,22.1443],[69.04181,22.14486],[69.04152,22.14486],[69.04152,22.14514],[69.04125,22.14514],[69.04125,22.14542],[69.04097,22.14542],[69.04097,22.1457],[69.0407,22.1457],[69.0407,22.14597],[69.04041,22.14597],[69.04041,22.14625],[69.04021,22.14625],[69.04014,22.14625],[69.04014,22.14636],[69.04014,22.14736],[69.03986,22.14736],[69.03986,22.14764],[69.03958,22.14764],[69.03958,22.14792],[69.03931,22.14792],[69.03931,22.1482],[69.03902,22.1482],[69.03902,22.14903],[69.03875,22.14903],[69.03875,22.14931],[69.03848,22.14931],[69.03848,22.14958],[69.03819,22.14958],[69.03819,22.15014],[69.03792,22.15014],[69.03792,22.15042],[69.03764,22.15042],[69.03764,22.15069],[69.03736,22.15069],[69.03736,22.15097],[69.03709,22.15097],[69.03709,22.15125],[69.0368,22.15125],[69.0368,22.15153],[69.03653,22.15153],[69.03653,22.15181],[69.03615,22.15181],[69.03597,22.15181],[69.03597,22.15201],[69.03597,22.15208],[69.03591,22.15208],[69.0357,22.15208],[69.0357,22.15234],[69.0357,22.15236],[69.03568,22.15236],[69.03542,22.15236],[69.03542,22.15259],[69.03543,22.15264],[69.03536,22.15264],[69.03514,22.15264],[69.03514,22.15283],[69.03514,22.15292],[69.03503,22.15292],[69.03486,22.15291],[69.03486,22.15306],[69.03486,22.15347],[69.03458,22.15347],[69.03458,22.15375],[69.03431,22.15375],[69.0343,22.15403],[69.03375,22.15403],[69.03375,22.15431],[69.03347,22.15431],[69.03347,22.15458],[69.03321,22.15458],[69.03321,22.15514],[69.03292,22.15514],[69.03292,22.15542],[69.03265,22.15542],[69.03265,22.1557],[69.03237,22.1557],[69.03237,22.15597],[69.03208,22.15597],[69.03208,22.15625],[69.03181,22.15624],[69.03181,22.15653],[69.03152,22.15653],[69.03152,22.15681],[69.03125,22.15681],[69.03125,22.15708],[69.03098,22.15708],[69.03098,22.15736],[69.03069,22.15736],[69.03069,22.15764],[69.03042,22.15764],[69.03042,22.15847],[69.03069,22.15847],[69.03069,22.15903],[69.03042,22.15903],[69.03042,22.15931],[69.02986,22.15931],[69.02986,22.15959],[69.02958,22.15958],[69.02958,22.15986],[69.0293,22.15986],[69.0293,22.16014],[69.02903,22.16014],[69.02903,22.16042],[69.02875,22.16042],[69.02875,22.1607],[69.02847,22.1607],[69.02847,22.16097],[69.0282,22.16097],[69.0282,22.16125],[69.02791,22.16125],[69.02791,22.16153],[69.02764,22.16153],[69.02764,22.16208],[69.02736,22.16208],[69.02736,22.16236],[69.02708,22.16236],[69.02708,22.16264],[69.0268,22.16264],[69.0268,22.16292],[69.02653,22.16292],[69.02653,22.16319],[69.02625,22.16319],[69.02625,22.16347],[69.02597,22.16347],[69.02597,22.16403],[69.02542,22.16403],[69.02542,22.16458],[69.02514,22.16458],[69.02514,22.16486],[69.02486,22.16486],[69.02486,22.16543],[69.02458,22.16543],[69.02458,22.1657],[69.02431,22.16569],[69.02431,22.16597],[69.02403,22.16597],[69.02403,22.16625],[69.02375,22.16625],[69.02375,22.16655],[69.02375,22.16681],[69.02348,22.16681],[69.02348,22.16681],[69.02348,22.16681],[69.02348,22.16709],[69.0232,22.16708],[69.0232,22.16736],[69.02292,22.16736],[69.02292,22.16792],[69.02264,22.16792],[69.02264,22.1682],[69.02236,22.1682],[69.02236,22.16847],[69.02209,22.16847],[69.02209,22.16875],[69.0218,22.16875],[69.0218,22.16903],[69.02153,22.16903],[69.02153,22.16931],[69.02125,22.16931],[69.02125,22.16958],[69.02098,22.16958],[69.02098,22.16986],[69.02069,22.16986],[69.02069,22.17014],[69.02014,22.17014],[69.02014,22.17042],[69.01986,22.17042],[69.01986,22.17069],[69.01959,22.17069],[69.01959,22.17097],[69.0193,22.17097],[69.0193,22.17125],[69.01903,22.17124],[69.01903,22.17153],[69.01875,22.17153],[69.01875,22.17181],[69.01847,22.17181],[69.01847,22.17208],[69.0182,22.17208],[69.0182,22.17264],[69.0179,22.17264],[69.0179,22.17292],[69.01764,22.17292],[69.01764,22.1732],[69.01737,22.1732],[69.01737,22.17347],[69.01725,22.17347],[69.01708,22.17347],[69.01708,22.17375],[69.01681,22.17375],[69.01681,22.17431],[69.01652,22.17431],[69.01652,22.17459],[69.01625,22.17459],[69.01625,22.17486],[69.01598,22.17486],[69.01598,22.17514],[69.01514,22.17514],[69.01514,22.17542],[69.01458,22.17542],[69.01458,22.17569],[69.01418,22.1757],[69.01403,22.1757],[69.01403,22.17585],[69.01403,22.17597],[69.01391,22.17597],[69.01375,22.17597],[69.01375,22.17615],[69.01375,22.17625],[69.01365,22.17625],[69.01347,22.17625],[69.01347,22.17644],[69.01347,22.17681],[69.01319,22.17681],[69.01319,22.17708],[69.01292,22.17708],[69.01292,22.17737],[69.01264,22.17737],[69.01264,22.17764],[69.01236,22.17764],[69.01236,22.17792],[69.01209,22.17792],[69.01209,22.17819],[69.0118,22.17819],[69.0118,22.17847],[69.01155,22.17847],[69.01155,22.17875],[69.01126,22.17875],[69.01097,22.17875],[69.01097,22.17903],[69.0107,22.17903],[69.0107,22.17931],[69.01042,22.1793],[69.01042,22.17958],[69.00986,22.17958],[69.00986,22.17986],[69.00958,22.17986],[69.00958,22.18014],[69.00931,22.18014],[69.00931,22.18043],[69.00875,22.18041],[69.00875,22.1807],[69.00847,22.1807],[69.00847,22.18097],[69.00819,22.18097],[69.00819,22.18125],[69.00792,22.18125],[69.00792,22.18153],[69.00764,22.18153],[69.00764,22.18209],[69.00736,22.18209],[69.00736,22.18236],[69.00708,22.18236],[69.00708,22.18264],[69.00681,22.18264],[69.00681,22.18292],[69.00653,22.18292],[69.00653,22.1832],[69.00625,22.1832],[69.00625,22.18347],[69.00597,22.18347],[69.00597,22.18375],[69.00569,22.18375],[69.00569,22.18431],[69.00542,22.18431],[69.00542,22.18458],[69.00514,22.18458],[69.00514,22.18486],[69.00486,22.18486],[69.00486,22.18514],[69.00459,22.18514],[69.00459,22.18542],[69.0043,22.18542],[69.0043,22.18587],[69.0043,22.18597],[69.00421,22.18597],[69.00403,22.18597],[69.00403,22.18615],[69.00403,22.18625],[69.00393,22.18625],[69.00374,22.18624],[69.00374,22.18644],[69.00374,22.18653],[69.00365,22.18653],[69.00347,22.18653],[69.00347,22.18671],[69.00347,22.18681],[69.00337,22.18681],[69.0032,22.18681],[69.0032,22.18699],[69.0032,22.18736],[69.00291,22.18736],[69.00291,22.18764],[69.00264,22.18764],[69.00264,22.18792],[69.00236,22.18792],[69.00236,22.1882],[69.00208,22.18819],[69.00208,22.18875],[69.00181,22.18875],[69.00181,22.18903],[69.00153,22.18903],[69.00153,22.18931],[69.00125,22.18931],[69.00125,22.18958],[69.00097,22.18958],[69.00097,22.19014],[69.00069,22.19014],[69.00069,22.19042],[69.00016,22.19042],[69.00014,22.19042],[68.99986,22.19042],[68.99986,22.19069],[68.99958,22.19069],[68.99958,22.19097],[68.99931,22.19097],[68.99931,22.19125],[68.99903,22.19125],[68.99903,22.19179],[68.99903,22.1918],[68.99902,22.1918],[68.99875,22.1918],[68.99875,22.19208],[68.99847,22.19208],[68.99847,22.19248],[68.99847,22.19264],[68.99833,22.19264],[68.99819,22.19264],[68.99819,22.19282],[68.99819,22.19292],[68.99811,22.19292],[68.99792,22.19292],[68.99792,22.19315],[68.99792,22.1932],[68.99787,22.1932],[68.99764,22.1932],[68.99764,22.19347],[68.99736,22.19347],[68.99736,22.19375],[68.99709,22.19375],[68.99709,22.19415],[68.99709,22.19431],[68.99697,22.19431],[68.99681,22.19431],[68.99681,22.19451],[68.99681,22.19459],[68.99674,22.19459],[68.99653,22.19459],[68.99653,22.19483],[68.99654,22.19486],[68.99651,22.19486],[68.99625,22.19486],[68.99625,22.19514],[68.99597,22.19514],[68.99597,22.19542],[68.9957,22.19542],[68.9957,22.1957],[68.99542,22.1957],[68.99542,22.19597],[68.99514,22.19597],[68.99514,22.19653],[68.99486,22.19653],[68.99486,22.19681],[68.99459,22.19681],[68.99459,22.19708],[68.99431,22.19708],[68.99431,22.19736],[68.99403,22.19736],[68.99403,22.19764],[68.99375,22.19764],[68.99375,22.19792],[68.99347,22.19792],[68.99347,22.19819],[68.9932,22.19819],[68.9932,22.19847],[68.99292,22.19847],[68.99292,22.19875],[68.99264,22.19875],[68.99264,22.19903],[68.99236,22.19903],[68.99236,22.19931],[68.99208,22.19931],[68.99208,22.19986],[68.99181,22.19986],[68.99181,22.20014],[68.99153,22.20014],[68.99153,22.20042],[68.99125,22.20042],[68.99125,22.2007],[68.99098,22.2007],[68.99098,22.20097],[68.99069,22.20097],[68.99069,22.20125],[68.99041,22.20125],[68.99041,22.20154],[68.99014,22.20154],[68.99014,22.20181],[68.98986,22.20181],[68.98986,22.20236],[68.98959,22.20236],[68.98959,22.20264],[68.98929,22.20264],[68.98929,22.20292],[68.98903,22.20292],[68.98903,22.2032],[68.98875,22.2032],[68.98875,22.20347],[68.98847,22.20347],[68.98847,22.20375],[68.9882,22.20375],[68.9882,22.20403],[68.98791,22.20403],[68.98791,22.20458],[68.98764,22.20458],[68.98764,22.20486],[68.98735,22.20486],[68.98735,22.20514],[68.98708,22.20514],[68.98708,22.20542],[68.98653,22.20542],[68.98653,22.20569],[68.98625,22.20569],[68.98625,22.20625],[68.98597,22.20625],[68.98597,22.20708],[68.9857,22.20708],[68.9857,22.20736],[68.98542,22.20735],[68.98542,22.20764],[68.98514,22.20764],[68.98514,22.20792],[68.98487,22.20791],[68.98487,22.20847],[68.98458,22.20847],[68.98458,22.20875],[68.98403,22.20875],[68.98403,22.20931],[68.98348,22.20931],[68.98348,22.20986],[68.98292,22.20986],[68.98292,22.21014],[68.98264,22.21014],[68.98264,22.21042],[68.98236,22.21041],[68.98236,22.2107],[68.98209,22.2107],[68.98209,22.21097],[68.9818,22.21097],[68.9818,22.21125],[68.98153,22.21125],[68.98153,22.21153],[68.98125,22.21153],[68.98125,22.21181],[68.98097,22.21181],[68.98097,22.21236],[68.9807,22.21236],[68.9807,22.21264],[68.98042,22.21264],[68.98042,22.21319],[68.98014,22.21319],[68.98014,22.21375],[68.97986,22.21375],[68.97986,22.21403],[68.97958,22.21403],[68.97958,22.21501],[68.97958,22.21542],[68.97931,22.21542],[68.97931,22.2157],[68.97903,22.21569],[68.97903,22.21681],[68.97875,22.21681],[68.97875,22.21708],[68.97847,22.21708],[68.97847,22.21736],[68.9782,22.21736],[68.9782,22.21764],[68.97791,22.21764],[68.97791,22.2182],[68.97764,22.21819],[68.97764,22.21847],[68.97735,22.21847],[68.97735,22.21875],[68.97708,22.21875],[68.97708,22.21903],[68.97681,22.21903],[68.97681,22.21958],[68.97653,22.21958],[68.97653,22.21986],[68.97625,22.21986],[68.97625,22.22014],[68.97597,22.22014],[68.97597,22.22069],[68.97569,22.22069],[68.97569,22.22097],[68.97541,22.22097],[68.97541,22.22125],[68.97514,22.22125],[68.97514,22.22181],[68.97486,22.22181],[68.97486,22.22209],[68.97459,22.22209],[68.97459,22.22211],[68.97459,22.22236],[68.97444,22.22236],[68.9743,22.22235],[68.9743,22.22259],[68.9743,22.22292],[68.97404,22.22292],[68.97403,22.22292],[68.97403,22.22293],[68.97403,22.2232],[68.97383,22.2232],[68.97375,22.2232],[68.97375,22.2233],[68.97375,22.22347],[68.97361,22.22347],[68.97347,22.22347],[68.97347,22.22365],[68.97347,22.22403],[68.9732,22.22403],[68.9732,22.22431],[68.97296,22.22431],[68.97292,22.22431],[68.97292,22.22436],[68.97292,22.22486],[68.97253,22.22486],[68.97236,22.22486],[68.97236,22.22507],[68.97237,22.22514],[68.97231,22.22514],[68.97208,22.22514],[68.97208,22.22542],[68.97181,22.22542],[68.9718,22.22569],[68.97153,22.22569],[68.97153,22.22597],[68.97125,22.22597],[68.97125,22.2265],[68.97125,22.2268],[68.97101,22.2268],[68.97097,22.2268],[68.97097,22.22685],[68.97097,22.2282],[68.9707,22.2282],[68.9707,22.22848],[68.97042,22.22848],[68.97042,22.22986],[68.97014,22.22986],[68.97014,22.23014],[68.96958,22.23014],[68.96958,22.2307],[68.96931,22.23069],[68.96931,22.23125],[68.96902,22.23125],[68.96902,22.23181],[68.96819,22.23181],[68.96819,22.23264],[68.96764,22.23264],[68.96764,22.23292],[68.96736,22.23292],[68.96736,22.23319],[68.96713,22.23319],[68.96709,22.23319],[68.96709,22.23327],[68.96709,22.23347],[68.96697,22.23347],[68.9668,22.23347],[68.9668,22.23375],[68.96653,22.23375],[68.96653,22.23403],[68.96597,22.23403],[68.96597,22.23431],[68.9657,22.2343],[68.9657,22.23458],[68.96542,22.23458],[68.96542,22.23486],[68.96486,22.23486],[68.96486,22.23514],[68.96459,22.23514],[68.96459,22.2357],[68.96403,22.23569],[68.96403,22.23625],[68.96375,22.23625],[68.96375,22.23653],[68.96347,22.23653],[68.96347,22.23703],[68.96347,22.23709],[68.96341,22.23709],[68.9632,22.23709],[68.9632,22.23728],[68.9632,22.23736],[68.96309,22.23736],[68.96236,22.23736],[68.96236,22.23765],[68.96153,22.23765],[68.96153,22.23792],[68.96069,22.23792],[68.96069,22.2382],[68.95931,22.2382],[68.95931,22.23792],[68.95903,22.23792],[68.95903,22.23765],[68.95847,22.23765],[68.95847,22.23708],[68.95819,22.23709],[68.95819,22.23736],[68.95792,22.23736],[68.95792,22.23765],[68.95737,22.23765],[68.95737,22.23792],[68.95764,22.23792],[68.95764,22.2384],[68.95764,22.23847],[68.95748,22.23847],[68.95736,22.23847],[68.95736,22.23852],[68.95737,22.23875],[68.95708,22.23875],[68.95708,22.23986],[68.9568,22.23986],[68.9568,22.24042],[68.9567,22.24042],[68.95625,22.24042],[68.95625,22.24097],[68.95597,22.24097],[68.95597,22.24175],[68.95597,22.24181],[68.95593,22.24181],[68.9557,22.24181],[68.9557,22.24219],[68.9557,22.24236],[68.95559,22.24236],[68.95541,22.24236],[68.95541,22.24264],[68.95514,22.24264],[68.95514,22.24292],[68.95487,22.24292],[68.95487,22.24347],[68.95458,22.24346],[68.95458,22.24375],[68.95403,22.24375],[68.95403,22.24403],[68.95431,22.24403],[68.95431,22.24442],[68.95431,22.24486],[68.95407,22.24486],[68.95403,22.24486],[68.95403,22.24495],[68.95403,22.24542],[68.95384,22.24542],[68.95375,22.24542],[68.95375,22.24565],[68.95375,22.24597],[68.95362,22.24597],[68.9532,22.24597],[68.9532,22.24704],[68.9532,22.24708],[68.95318,22.24708],[68.95292,22.24708],[68.95292,22.24773],[68.95292,22.24847],[68.95264,22.24847],[68.95264,22.24896],[68.95264,22.25125],[68.95288,22.25125],[68.95292,22.25125],[68.95292,22.25162],[68.95292,22.25236],[68.95319,22.25236],[68.95319,22.25265],[68.95375,22.25265],[68.95375,22.25292],[68.95403,22.25292],[68.95403,22.25319],[68.95431,22.25319],[68.95431,22.25347],[68.95458,22.25347],[68.95458,22.25375],[68.95486,22.25375],[68.95486,22.25403],[68.95542,22.25403],[68.95542,22.25458],[68.9557,22.25458],[68.9557,22.25514],[68.95597,22.25514],[68.95597,22.25542],[68.95625,22.25542],[68.95625,22.25571],[68.9568,22.25571],[68.9568,22.25542],[68.95709,22.25542],[68.95709,22.25598],[68.95764,22.25597],[68.95764,22.25736],[68.95792,22.25736],[68.95792,22.25792],[68.95764,22.25792],[68.95764,22.25819],[68.95736,22.25819],[68.95736,22.25847],[68.95708,22.25846],[68.95708,22.25931],[68.9568,22.25931],[68.9568,22.2601],[68.9568,22.26014],[68.95677,22.26014],[68.95653,22.26014],[68.95653,22.26048],[68.95653,22.26069],[68.95646,22.26069],[68.95597,22.26069],[68.95597,22.26153],[68.9557,22.26153],[68.9557,22.26203],[68.9557,22.26208],[68.95566,22.26208],[68.95514,22.26208],[68.95514,22.26264],[68.95486,22.26264],[68.95486,22.26292],[68.95458,22.26292],[68.95458,22.26375],[68.9543,22.26375],[68.9543,22.26403],[68.95403,22.26403],[68.95403,22.26459],[68.95431,22.26459],[68.95431,22.26486],[68.95403,22.26486],[68.95403,22.26514],[68.95375,22.26514],[68.95375,22.2657],[68.95348,22.26569],[68.95348,22.26625],[68.95319,22.26625],[68.95319,22.26681],[68.95292,22.26681],[68.95292,22.26736],[68.95264,22.26736],[68.95264,22.26819],[68.95236,22.26819],[68.95236,22.26875],[68.95208,22.26875],[68.95208,22.26909],[68.95208,22.26931],[68.95181,22.26931],[68.95181,22.27042],[68.95153,22.27042],[68.95153,22.2707],[68.95151,22.2707],[68.95124,22.27069],[68.95124,22.2713],[68.95124,22.27153],[68.95114,22.27153],[68.95098,22.27153],[68.95098,22.27188],[68.95098,22.27236],[68.95076,22.27236],[68.95069,22.27236],[68.95069,22.2725],[68.95069,22.2732],[68.95042,22.2732],[68.95042,22.27347],[68.95025,22.27347],[68.95014,22.27347],[68.95014,22.27371],[68.95014,22.27375],[68.95012,22.27375],[68.94986,22.27375],[68.94986,22.27403],[68.94959,22.27403],[68.94959,22.27431],[68.9493,22.27431],[68.9493,22.27507],[68.9493,22.27514],[68.94926,22.27514],[68.94903,22.27514],[68.94903,22.2755],[68.94903,22.27569],[68.94891,22.27569],[68.94876,22.27569],[68.94876,22.27593],[68.94876,22.27625],[68.94856,22.27625],[68.94847,22.27625],[68.94847,22.27638],[68.94847,22.27682],[68.9482,22.27682],[68.9482,22.27736],[68.94791,22.27736],[68.94791,22.27792],[68.94764,22.27792],[68.94764,22.27847],[68.94736,22.27847],[68.94736,22.27903],[68.94708,22.27903],[68.94708,22.27959],[68.94681,22.27958],[68.94681,22.27986],[68.94655,22.27986],[68.94654,22.27986],[68.94654,22.27991],[68.94654,22.28042],[68.94632,22.28042],[68.94625,22.28042],[68.94625,22.28057],[68.94625,22.2807],[68.9462,22.2807],[68.94597,22.28069],[68.94597,22.28097],[68.94569,22.28097],[68.94569,22.28153],[68.94543,22.28153],[68.94543,22.28181],[68.94514,22.28181],[68.94514,22.28237],[68.94486,22.28236],[68.94486,22.28292],[68.94458,22.28292],[68.94458,22.28347],[68.94431,22.28347],[68.94431,22.28403],[68.94403,22.28403],[68.94403,22.28458],[68.94375,22.28458],[68.94375,22.28514],[68.94348,22.28514],[68.94348,22.28597],[68.94319,22.28597],[68.94319,22.28681],[68.94292,22.28681],[68.94292,22.28792],[68.94264,22.28792],[68.94264,22.28859],[68.94264,22.28876],[68.94256,22.28876],[68.94236,22.28875],[68.94236,22.28919],[68.94236,22.2893],[68.9423,22.2893],[68.94209,22.2893],[68.94209,22.28981],[68.94209,22.29125],[68.9418,22.29125],[68.9418,22.29182],[68.94153,22.29182],[68.94153,22.29236],[68.94125,22.29236],[68.94125,22.29292],[68.94097,22.29292],[68.94097,22.2932],[68.94087,22.29319],[68.9407,22.29319],[68.9407,22.29359],[68.9407,22.29403],[68.94046,22.29403],[68.94041,22.29403],[68.94041,22.29414],[68.94041,22.29486],[68.94014,22.29486],[68.94014,22.29597],[68.93989,22.29597],[68.93988,22.29597],[68.93986,22.29597],[68.93986,22.29618],[68.93986,22.29619],[68.93986,22.29621],[68.93986,22.29621],[68.93986,22.29621],[68.93986,22.29653],[68.93982,22.29653],[68.93982,22.29653],[68.93931,22.29653],[68.93931,22.29709],[68.93903,22.29708],[68.93903,22.29931],[68.93875,22.29931],[68.93875,22.3002],[68.93875,22.30042],[68.93861,22.30042],[68.93847,22.30042],[68.93847,22.30064],[68.93847,22.3007],[68.93843,22.3007],[68.93819,22.3007],[68.93819,22.30108],[68.93819,22.30125],[68.93807,22.30125],[68.93792,22.30125],[68.93792,22.30149],[68.93792,22.30181],[68.93771,22.30181],[68.93764,22.30181],[68.93764,22.30192],[68.93764,22.30264],[68.93742,22.30264],[68.93736,22.30264],[68.93736,22.30281],[68.93736,22.30319],[68.93725,22.30319],[68.93708,22.30319],[68.93708,22.30374],[68.93708,22.30431],[68.93691,22.30431],[68.93681,22.30431],[68.93681,22.30474],[68.93681,22.30597],[68.93664,22.30597],[68.93653,22.30597],[68.93653,22.30671],[68.93653,22.30764],[68.93645,22.30764],[68.93625,22.30764],[68.93625,22.31014],[68.93598,22.31014],[68.93598,22.31209],[68.93625,22.31209],[68.93625,22.3132],[68.93653,22.31319],[68.93653,22.31431],[68.93678,22.31431],[68.93681,22.31431],[68.93681,22.31437],[68.93681,22.31486],[68.93702,22.31486],[68.93708,22.31486],[68.93708,22.31501],[68.93708,22.31542],[68.93726,22.31542],[68.93736,22.31542],[68.93736,22.31566],[68.93736,22.3157],[68.93738,22.3157],[68.93764,22.3157],[68.93764,22.31625],[68.93792,22.31625],[68.93792,22.31653],[68.9382,22.31653],[68.9382,22.31708],[68.93847,22.31708],[68.93847,22.31822],[68.93847,22.31847],[68.93857,22.31847],[68.93875,22.31847],[68.93875,22.3189],[68.93875,22.32042],[68.93903,22.32042],[68.93903,22.32097],[68.9393,22.32097],[68.9393,22.32125],[68.93958,22.32125],[68.93958,22.32236],[68.93986,22.32236],[68.93986,22.32375],[68.94014,22.32375],[68.94014,22.32487],[68.94042,22.32486],[68.94042,22.32597],[68.9407,22.32597],[68.9407,22.32709],[68.94097,22.32709],[68.94097,22.3282],[68.94125,22.32819],[68.94125,22.32931],[68.94153,22.32931],[68.94153,22.33042],[68.9418,22.33042],[68.9418,22.33125],[68.94209,22.33125],[68.94209,22.33181],[68.94235,22.33181],[68.94236,22.33181],[68.94236,22.33183],[68.94236,22.33236],[68.94254,22.33236],[68.94264,22.33236],[68.94264,22.33249],[68.94264,22.33292],[68.94292,22.33292],[68.94292,22.3332],[68.94348,22.3332],[68.94348,22.33292],[68.94431,22.33292],[68.94431,22.33264],[68.94486,22.33264],[68.94486,22.33236],[68.94514,22.33236],[68.94514,22.33208],[68.94569,22.33208],[68.94569,22.33184],[68.94569,22.33181],[68.94579,22.33181],[68.94625,22.33181],[68.94625,22.33173],[68.94625,22.33153],[68.94791,22.33153],[68.94903,22.33153],[68.94903,22.33181],[68.95012,22.33181],[68.95042,22.33181],[68.95042,22.33189],[68.95042,22.33208],[68.95116,22.33208],[68.95181,22.33208],[68.95181,22.33236],[68.95236,22.33236],[68.95236,22.33292],[68.9532,22.33292],[68.9532,22.3332],[68.95348,22.3332],[68.95348,22.33347],[68.95375,22.33347],[68.95375,22.33375],[68.95403,22.33374],[68.95403,22.33403],[68.95431,22.33403],[68.95431,22.33431],[68.95458,22.33431],[68.95458,22.33459],[68.95486,22.33458],[68.95486,22.33514],[68.95514,22.33514],[68.95514,22.33597],[68.95541,22.33597],[68.95541,22.33625],[68.95514,22.33625],[68.95514,22.33643],[68.95514,22.33708],[68.95541,22.33708],[68.95541,22.33764],[68.9557,22.33764],[68.9557,22.33792],[68.95598,22.33792],[68.95598,22.33792],[68.95625,22.33792],[68.95625,22.33819],[68.95653,22.33819],[68.95653,22.33931],[68.9568,22.33931],[68.9568,22.34125],[68.95669,22.34125],[68.95653,22.34125],[68.95653,22.34264],[68.95625,22.34264],[68.95625,22.3432],[68.95597,22.3432],[68.95597,22.34514],[68.9557,22.34514],[68.9557,22.34569],[68.95597,22.34568],[68.95597,22.34625],[68.95625,22.34625],[68.95625,22.34681],[68.95653,22.34681],[68.95653,22.34736],[68.9568,22.34736],[68.9568,22.34792],[68.95709,22.34792],[68.95709,22.34847],[68.95737,22.34847],[68.95737,22.34903],[68.95764,22.34903],[68.95764,22.34931],[68.95792,22.34931],[68.95792,22.34986],[68.95819,22.34986],[68.95819,22.35014],[68.95792,22.35014],[68.95792,22.35089],[68.95792,22.35097],[68.95795,22.35097],[68.95847,22.35097],[68.95847,22.35153],[68.95875,22.35153],[68.95875,22.35181],[68.95903,22.3518],[68.95903,22.35347],[68.95875,22.35347],[68.95875,22.35431],[68.95847,22.35431],[68.95847,22.35459],[68.95819,22.35458],[68.95819,22.35514],[68.95804,22.35514],[68.95792,22.35514],[68.95792,22.3557],[68.95796,22.3557],[68.95819,22.35569],[68.95819,22.35903],[68.95792,22.35903],[68.95792,22.35986],[68.95764,22.35986],[68.95764,22.3607],[68.95736,22.3607],[68.95737,22.36125],[68.95732,22.36125],[68.95709,22.36125],[68.95709,22.36209],[68.9568,22.36209],[68.9568,22.36236],[68.95709,22.36236],[68.95708,22.36319],[68.9568,22.3632],[68.9568,22.36375],[68.95653,22.36375],[68.95653,22.36486],[68.95668,22.36486],[68.9568,22.36486],[68.9568,22.36571],[68.9568,22.36653],[68.95709,22.36653],[68.95709,22.36708],[68.95723,22.36708],[68.95736,22.36708],[68.95736,22.36764],[68.95764,22.36764],[68.95764,22.36792],[68.95792,22.36791],[68.95792,22.36839],[68.95792,22.36847],[68.95799,22.36847],[68.95819,22.36847],[68.95819,22.36869],[68.95819,22.36903],[68.95847,22.36903],[68.95847,22.36931],[68.95875,22.3693],[68.95875,22.36986],[68.95879,22.36986],[68.95903,22.36985],[68.95903,22.37042],[68.9593,22.37042],[68.9593,22.3707],[68.95959,22.3707],[68.95959,22.37125],[68.95986,22.37125],[68.95986,22.37181],[68.96014,22.37181],[68.96014,22.37229],[68.96014,22.37236],[68.96021,22.37236],[68.96043,22.37236],[68.96043,22.37257],[68.96043,22.37292],[68.96069,22.37292],[68.96069,22.37347],[68.96099,22.37347],[68.96099,22.37403],[68.96125,22.37403],[68.96125,22.37459],[68.96152,22.37459],[68.96152,22.37486],[68.96181,22.37486],[68.96181,22.37542],[68.96208,22.37542],[68.96208,22.3757],[68.96236,22.37569],[68.96236,22.37625],[68.96264,22.37625],[68.96264,22.37653],[68.96292,22.37653],[68.96292,22.37708],[68.9632,22.37708],[68.9632,22.37736],[68.96347,22.37736],[68.96347,22.37792],[68.96375,22.37792],[68.96375,22.37819],[68.96403,22.37819],[68.96403,22.37847],[68.96458,22.37847],[68.96458,22.37875],[68.96486,22.37875],[68.96486,22.37904],[68.96514,22.37903],[68.96514,22.37986],[68.96542,22.37986],[68.96542,22.38014],[68.9657,22.38014],[68.9657,22.38042],[68.96597,22.38042],[68.96597,22.3807],[68.96625,22.3807],[68.96625,22.38097],[68.96634,22.38097],[68.96653,22.38097],[68.96653,22.38125],[68.9668,22.38125],[68.9668,22.38236],[68.96709,22.38236],[68.96709,22.38403],[68.96736,22.38403],[68.96736,22.38514],[68.96764,22.38514],[68.96764,22.38597],[68.96792,22.38597],[68.96792,22.38708],[68.96819,22.38708],[68.96819,22.38792],[68.96848,22.38792],[68.96848,22.38893],[68.96848,22.38903],[68.96856,22.38903],[68.96875,22.38903],[68.96875,22.38932],[68.96875,22.38986],[68.96902,22.38986],[68.96902,22.39098],[68.96931,22.39098],[68.96931,22.39153],[68.96986,22.39153],[68.96986,22.39181],[68.97014,22.39181],[68.97014,22.39208],[68.97064,22.39208],[68.9707,22.39208],[68.9707,22.39217],[68.9707,22.39236],[68.97083,22.39236],[68.97097,22.39236],[68.97097,22.39257],[68.97097,22.39292],[68.9712,22.39292],[68.97125,22.39292],[68.97125,22.39298],[68.97125,22.39319],[68.9714,22.39319],[68.97153,22.39319],[68.97153,22.39339],[68.97153,22.39375],[68.97178,22.39375],[68.9718,22.39375],[68.9718,22.39379],[68.97181,22.39431],[68.97208,22.3943],[68.97208,22.39458],[68.97234,22.39458],[68.97236,22.39458],[68.97236,22.39461],[68.97236,22.39514],[68.97264,22.39514],[68.97264,22.39542],[68.97292,22.39542],[68.97292,22.39597],[68.9732,22.39597],[68.9732,22.39625],[68.97346,22.39625],[68.97347,22.39625],[68.97347,22.39627],[68.97347,22.39681],[68.97375,22.39681],[68.97375,22.39736],[68.97403,22.39736],[68.97403,22.39764],[68.97424,22.39764],[68.9743,22.39764],[68.9743,22.39774],[68.9743,22.3982],[68.97455,22.3982],[68.97459,22.3982],[68.97459,22.39825],[68.97459,22.39847],[68.97471,22.39847],[68.97514,22.39847],[68.97514,22.39903],[68.97542,22.39903],[68.97542,22.39958],[68.97569,22.39958],[68.97569,22.40015],[68.97597,22.40014],[68.97597,22.40069],[68.97625,22.40069],[68.97625,22.40125],[68.97652,22.40125],[68.97652,22.40153],[68.97681,22.40153],[68.97681,22.40208],[68.97708,22.40208],[68.97708,22.40236],[68.97735,22.40236],[68.97735,22.40292],[68.97764,22.40292],[68.97764,22.4032],[68.97791,22.40319],[68.97791,22.40375],[68.9782,22.40375],[68.9782,22.40431],[68.97847,22.40431],[68.97847,22.40458],[68.97875,22.40458],[68.97875,22.40514],[68.97903,22.40514],[68.97903,22.40542],[68.97931,22.40542],[68.97931,22.40597],[68.97958,22.40596],[68.97958,22.40625],[68.97986,22.40625],[68.97986,22.40681],[68.98014,22.40681],[68.98014,22.40708],[68.98042,22.40708],[68.98042,22.40764],[68.9807,22.40764],[68.9807,22.40792],[68.98097,22.40792],[68.98097,22.40847],[68.98125,22.40847],[68.98125,22.40875],[68.98153,22.40875],[68.98153,22.40931],[68.98181,22.40931],[68.98181,22.40959],[68.98209,22.40958],[68.98209,22.41014],[68.98236,22.41014],[68.98236,22.41042],[68.98264,22.41042],[68.98264,22.41097],[68.98292,22.41097],[68.98292,22.41125],[68.98319,22.41125],[68.98319,22.41181],[68.98347,22.41181],[68.98347,22.41236],[68.98375,22.41236],[68.98375,22.41264],[68.98403,22.41264],[68.98403,22.41319],[68.98431,22.41319],[68.98431,22.41375],[68.98458,22.41375],[68.98458,22.41409],[68.98458,22.4143],[68.98487,22.4143],[68.98487,22.41458],[68.98514,22.41458],[68.98514,22.41486],[68.98561,22.41486],[68.98569,22.41486],[68.98569,22.41493],[68.98569,22.41515],[68.98597,22.41515],[68.98597,22.41542],[68.9863,22.41542],[68.98653,22.41542],[68.98653,22.41566],[68.98653,22.4157],[68.98657,22.4157],[68.98681,22.4157],[68.98681,22.41594],[68.98681,22.41598],[68.98684,22.41598],[68.98735,22.41597],[68.98735,22.41625],[68.98764,22.41625],[68.98764,22.41653],[68.98792,22.41653],[68.98792,22.41681],[68.9882,22.41681],[68.9882,22.41653],[68.98875,22.41653],[68.98875,22.41681],[68.98903,22.41681],[68.98903,22.41709],[68.98959,22.41708],[68.98959,22.41764],[68.98986,22.41764],[68.98986,22.41784],[68.98986,22.41792],[68.99006,22.41792],[68.99042,22.41792],[68.99042,22.41803],[68.99042,22.4182],[68.99069,22.4182],[68.99069,22.41847],[68.99142,22.41847],[68.99142,22.41847],[68.99142,22.41847],[68.99153,22.41847],[68.99153,22.41866],[68.99153,22.41866],[68.99153,22.41867],[68.99153,22.41903],[68.99174,22.41903],[68.99174,22.41903],[68.99174,22.41903],[68.99181,22.41903],[68.99181,22.41915],[68.99181,22.41915],[68.99181,22.41915],[68.99181,22.41931],[68.9919,22.41931],[68.9919,22.41931],[68.9919,22.41931],[68.99208,22.41931],[68.99208,22.41958],[68.99264,22.41958],[68.99264,22.41986],[68.99292,22.41986],[68.99292,22.42042],[68.99347,22.42042],[68.99347,22.42097],[68.99375,22.42096],[68.99375,22.42153],[68.99403,22.42153],[68.99403,22.42208],[68.99431,22.42208],[68.99431,22.42236],[68.99459,22.42236],[68.99459,22.4232],[68.99486,22.42319],[68.99486,22.42363],[68.99486,22.42363],[68.99486,22.42363],[68.99486,22.42375],[68.99497,22.42375],[68.99497,22.42375],[68.99497,22.42375],[68.99514,22.42375],[68.99514,22.42395],[68.99514,22.42395],[68.99514,22.42395],[68.99514,22.42403],[68.99521,22.42403],[68.99521,22.42403],[68.99521,22.42403],[68.99542,22.42403],[68.99542,22.42426],[68.99542,22.42426],[68.99542,22.42427],[68.99542,22.42459],[68.99486,22.42459],[68.99486,22.42486],[68.99514,22.42486],[68.99514,22.42514],[68.99541,22.42514],[68.99541,22.42542],[68.99597,22.42542],[68.99597,22.4257],[68.99625,22.4257],[68.99625,22.42597],[68.99653,22.42597],[68.99653,22.42625],[68.99681,22.42625],[68.99681,22.42653],[68.99709,22.42653],[68.99709,22.42681],[68.99736,22.42681],[68.99736,22.42709],[68.99764,22.42709],[68.99764,22.42736],[68.99792,22.42736],[68.99792,22.42764],[68.99819,22.42764],[68.99819,22.42792],[68.99861,22.42792],[68.99861,22.42792],[68.99861,22.42792],[68.99875,22.42792],[68.99875,22.42808],[68.99875,22.42808],[68.99875,22.42809],[68.99875,22.42819],[68.99885,22.42819],[68.99885,22.42819],[68.99885,22.42819],[68.99903,22.42819],[68.99903,22.42841],[68.99903,22.42841],[68.99903,22.42841],[68.99903,22.42847],[68.99909,22.42847],[68.99909,22.42847],[68.99909,22.42847],[68.99931,22.42847],[68.99931,22.42873],[68.99931,22.42873],[68.99931,22.42873],[68.99931,22.42875],[68.99933,22.42875],[68.99933,22.42875],[68.99934,22.42875],[68.99958,22.42875],[68.99958,22.42903],[68.99986,22.42903],[68.99986,22.42931],[69.00014,22.42931],[69.00042,22.42931],[69.00042,22.43],[69.00042,22.43],[69.00042,22.43014],[69.00054,22.43014],[69.00054,22.43014],[69.00069,22.43013],[69.00069,22.43031],[69.00069,22.43031],[69.00069,22.43042],[69.00079,22.43042],[69.00079,22.43042],[69.00097,22.43042],[69.00097,22.43063],[69.00097,22.43063],[69.00097,22.4307],[69.00103,22.4307],[69.00103,22.4307],[69.00125,22.4307],[69.00125,22.43095],[69.00125,22.43095],[69.00125,22.43097],[69.00127,22.43097],[69.00127,22.43097],[69.00153,22.43097],[69.00153,22.43125],[69.00181,22.43125],[69.00181,22.43159],[69.00181,22.43181],[69.002,22.43181],[69.00208,22.43181],[69.00208,22.4319],[69.00208,22.43209],[69.00224,22.43209],[69.00236,22.43209],[69.00236,22.43222],[69.00236,22.43236],[69.00248,22.43236],[69.00264,22.43236],[69.00264,22.43254],[69.00264,22.43264],[69.00273,22.43264],[69.00292,22.43264],[69.00292,22.43286],[69.00292,22.4332],[69.0032,22.4332],[69.0032,22.43347],[69.00345,22.43347],[69.00347,22.43347],[69.00347,22.4335],[69.00347,22.43403],[69.00394,22.43403],[69.00403,22.43403],[69.00403,22.43375],[69.00486,22.43375],[69.00486,22.43403],[69.00514,22.43403],[69.00514,22.43541],[69.00514,22.43542],[69.00516,22.43542],[69.00541,22.43542],[69.00541,22.43567],[69.00541,22.43653],[69.00569,22.43653],[69.00569,22.43764],[69.00598,22.43764],[69.00598,22.4382],[69.00625,22.4382],[69.00625,22.43847],[69.00653,22.43847],[69.00653,22.43875],[69.00708,22.43875],[69.00708,22.43903],[69.00736,22.43903],[69.00736,22.43932],[69.00764,22.43931],[69.00764,22.43958],[69.00792,22.43958],[69.00792,22.43986],[69.00875,22.43986],[69.00875,22.44014],[69.00904,22.44014],[69.00904,22.44042],[69.00958,22.44042],[69.00958,22.44069],[69.01042,22.44069],[69.01042,22.44097],[69.0107,22.44097],[69.0107,22.44125],[69.01097,22.44125],[69.01097,22.4418],[69.01126,22.4418],[69.01126,22.44208],[69.0118,22.44208],[69.0118,22.44236],[69.01264,22.44236],[69.01264,22.44264],[69.01292,22.44264],[69.01292,22.44292],[69.01319,22.44292],[69.01319,22.4432],[69.01375,22.4432],[69.01375,22.44348],[69.01403,22.44348],[69.01403,22.4432],[69.01458,22.4432],[69.01458,22.44348],[69.01486,22.44347],[69.01486,22.44403],[69.01514,22.44403],[69.01514,22.44431],[69.01542,22.44431],[69.01542,22.44459],[69.01569,22.44458],[69.01569,22.44486],[69.01598,22.44486],[69.01598,22.44514],[69.01625,22.44513],[69.01625,22.44542],[69.01737,22.44542],[69.01737,22.4457],[69.01764,22.44569],[69.01764,22.44647],[69.01764,22.44653],[69.01774,22.44653],[69.0179,22.44653],[69.0179,22.44662],[69.0179,22.44681],[69.01824,22.44681],[69.01847,22.44681],[69.01847,22.44694],[69.01847,22.44708],[69.01873,22.44708],[69.02014,22.44708],[69.02014,22.44736],[69.02069,22.44736],[69.02069,22.44764],[69.02153,22.44764],[69.02153,22.44792],[69.02209,22.44792],[69.02209,22.4482],[69.02292,22.44819],[69.02292,22.44847],[69.0232,22.44847],[69.0232,22.44875],[69.02348,22.44875],[69.02348,22.4493],[69.02375,22.44931],[69.02375,22.44958],[69.02528,22.44958],[69.0257,22.44958],[69.0257,22.44984],[69.0257,22.44986],[69.02572,22.44986],[69.02625,22.44986],[69.02625,22.45014],[69.0268,22.45014],[69.0268,22.45042],[69.02736,22.45042],[69.02736,22.4507],[69.02791,22.4507],[69.02791,22.45122],[69.02791,22.45126],[69.02797,22.45126],[69.0282,22.45126],[69.0282,22.4514],[69.0282,22.45153],[69.02841,22.45153],[69.02847,22.45153],[69.02847,22.45157],[69.02847,22.45209],[69.02875,22.45208],[69.02875,22.45236],[69.02903,22.45236],[69.02903,22.45264],[69.02958,22.45264],[69.02958,22.45292],[69.03013,22.45292],[69.03013,22.4532],[69.03042,22.4532],[69.03042,22.45347],[69.03125,22.45347],[69.03125,22.45375],[69.03153,22.45375],[69.03153,22.45431],[69.03181,22.45431],[69.03181,22.4545],[69.03181,22.45458],[69.032,22.45458],[69.03208,22.45458],[69.03208,22.45462],[69.03208,22.45486],[69.03263,22.45486],[69.03376,22.45486],[69.03403,22.45486],[69.03403,22.45503],[69.03403,22.45511],[69.03403,22.45514],[69.03421,22.45514],[69.03421,22.45514],[69.0343,22.45514],[69.0343,22.4552],[69.0343,22.4552],[69.03431,22.45542],[69.03465,22.45542],[69.03465,22.45542],[69.03514,22.45542],[69.03514,22.45569],[69.03542,22.45569],[69.03542,22.4559],[69.03542,22.4559],[69.03542,22.45597],[69.03554,22.45597],[69.03554,22.45597],[69.03597,22.45597],[69.03597,22.45624],[69.03597,22.45624],[69.03597,22.45625],[69.03599,22.45625],[69.03599,22.45625],[69.03709,22.45625],[69.03709,22.45653],[69.03792,22.45653],[69.03792,22.45681],[69.03848,22.45681],[69.03848,22.45708],[69.03875,22.45707],[69.03875,22.45736],[69.03958,22.45736],[69.03958,22.45764],[69.03986,22.45764],[69.03986,22.45792],[69.04041,22.45792],[69.04041,22.4582],[69.04097,22.4582],[69.04097,22.45847],[69.04152,22.45847],[69.04152,22.45875],[69.04181,22.45875],[69.04181,22.45847],[69.04208,22.45847],[69.04208,22.45875],[69.04264,22.45875],[69.04264,22.45903],[69.04291,22.45903],[69.04291,22.45931],[69.0432,22.45931],[69.0432,22.45959],[69.04375,22.45959],[69.04375,22.45986],[69.04375,22.45986],[69.04377,22.45986],[69.04403,22.45986],[69.04403,22.45996],[69.04403,22.46014],[69.04453,22.46014],[69.04459,22.46014],[69.04459,22.46016],[69.04459,22.46042],[69.04515,22.46042],[69.04515,22.4607],[69.04569,22.4607],[69.04569,22.46097],[69.04651,22.46097],[69.04651,22.46125],[69.04681,22.46125],[69.04681,22.46153],[69.04708,22.46153],[69.04708,22.46181],[69.04764,22.46181],[69.04764,22.46208],[69.04847,22.46208],[69.04847,22.46236],[69.04903,22.46236],[69.04903,22.46264],[69.04958,22.46264],[69.04958,22.46292],[69.05014,22.46292],[69.05014,22.4632],[69.05097,22.46319],[69.05097,22.46347],[69.05153,22.46347],[69.05153,22.46375],[69.05209,22.46375],[69.05209,22.46403],[69.05264,22.46403],[69.05264,22.46431],[69.05319,22.46431],[69.05319,22.46458],[69.05375,22.46458],[69.05375,22.46486],[69.05431,22.46486],[69.05431,22.46514],[69.05486,22.46514],[69.05486,22.46542],[69.05542,22.46542],[69.05542,22.4657],[69.05597,22.4657],[69.05597,22.46597],[69.05652,22.46597],[69.05652,22.46625],[69.05697,22.46625],[69.05736,22.46624],[69.05736,22.46653],[69.0582,22.46653],[69.0582,22.46681],[69.05874,22.46681],[69.05874,22.46708],[69.05931,22.46708],[69.05931,22.46736],[69.05986,22.46736],[69.05986,22.46764],[69.06014,22.46764],[69.06014,22.46866],[69.06014,22.46875],[69.06026,22.46875],[69.06042,22.46875],[69.06042,22.46887],[69.06042,22.46903],[69.06063,22.46903],[69.06098,22.46903],[69.06098,22.46929],[69.06098,22.46931],[69.061,22.46931],[69.06125,22.46931],[69.06125,22.4695],[69.06125,22.46958],[69.06137,22.46958],[69.06181,22.46958],[69.06181,22.46987],[69.06208,22.46986],[69.06208,22.47012],[69.06208,22.47012],[69.06208,22.47014],[69.06211,22.47014],[69.06211,22.47014],[69.06263,22.47014],[69.06263,22.47042],[69.06292,22.47042],[69.06292,22.47069],[69.06347,22.47069],[69.06347,22.47117],[69.06347,22.47117],[69.06347,22.47153],[69.06375,22.47153],[69.06375,22.47209],[69.06403,22.47208],[69.06403,22.47264],[69.06431,22.47264],[69.06431,22.4732],[69.06458,22.47319],[69.06458,22.47375],[69.06486,22.47375],[69.06486,22.47403],[69.06514,22.47403],[69.06514,22.47431],[69.06542,22.47431],[69.06542,22.47458],[69.06569,22.47458],[69.06569,22.47486],[69.06597,22.47486],[69.06597,22.47514],[69.06625,22.47514],[69.06625,22.47543],[69.06653,22.47543],[69.06653,22.47625],[69.0668,22.47625],[69.0668,22.4768],[69.06736,22.4768],[69.06736,22.47708],[69.06625,22.47708],[69.06625,22.47764],[69.06653,22.47764],[69.06653,22.47855],[69.06653,22.47903],[69.0668,22.47903],[69.0668,22.47931],[69.06709,22.47931],[69.06709,22.47959],[69.06736,22.47958],[69.06736,22.48014],[69.06792,22.48014],[69.06792,22.48003],[69.06792,22.47986],[69.06811,22.47986],[69.06875,22.47986],[69.06875,22.47931],[69.06903,22.47931],[69.06903,22.47903],[69.06903,22.4782],[69.06931,22.4782],[69.06931,22.47792],[69.06958,22.47792],[69.06958,22.47773],[69.06958,22.47773],[69.06958,22.47764],[69.06986,22.47764],[69.06986,22.47736],[69.07125,22.47736],[69.07125,22.47764],[69.07183,22.47764],[69.07183,22.47792],[69.07208,22.47792],[69.07208,22.4782],[69.07514,22.4782],[69.07514,22.47847],[69.07708,22.47847],[69.07708,22.47875],[69.07792,22.47875],[69.07792,22.47903],[69.07875,22.47903],[69.07875,22.47931],[69.07931,22.47931],[69.07931,22.47903],[69.07979,22.47903],[69.07986,22.47903],[69.07986,22.47885],[69.07986,22.47847],[69.07998,22.47847],[69.08014,22.47847],[69.08014,22.4782],[69.08008,22.4782],[69.07986,22.4782],[69.07986,22.47792],[69.08014,22.47792],[69.08014,22.4768],[69.08042,22.4768],[69.08042,22.47569],[69.08097,22.47569],[69.08097,22.47542],[69.08153,22.47543],[69.08153,22.47514],[69.08253,22.47514],[69.08292,22.47514],[69.08292,22.47458],[69.08319,22.47458],[69.08319,22.47431],[69.08403,22.47431],[69.08403,22.47403],[69.08481,22.47403],[69.08513,22.47403],[69.08513,22.47292],[69.08542,22.47292],[69.08542,22.47236],[69.08513,22.47236],[69.08513,22.47181],[69.08486,22.47181],[69.08486,22.47153],[69.08348,22.47153],[69.08348,22.47125],[69.08319,22.47125],[69.08319,22.47097],[69.08292,22.47097],[69.08292,22.47069],[69.08264,22.47069],[69.08264,22.46987],[69.08259,22.46987],[69.08236,22.46987],[69.08236,22.46931],[69.08209,22.46931],[69.08209,22.46903],[69.08115,22.46903],[69.08097,22.46903],[69.08097,22.46884],[69.08097,22.46875],[69.0809,22.46875],[69.0807,22.46875],[69.0807,22.46853],[69.0807,22.46847],[69.08064,22.46847],[69.08042,22.46847],[69.08042,22.46823],[69.08042,22.46792],[69.08014,22.46792],[69.08014,22.46764],[69.07987,22.46764],[69.07986,22.46764],[69.07986,22.46763],[69.07986,22.46736],[69.07961,22.46736],[69.07958,22.46736],[69.07958,22.46733],[69.07958,22.46708],[69.07931,22.46708],[69.07931,22.46681],[69.07903,22.46681],[69.07903,22.46653],[69.07875,22.46653],[69.07875,22.46597],[69.07848,22.46597],[69.07848,22.4657],[69.07792,22.4657],[69.07792,22.46542],[69.07767,22.46542],[69.07763,22.46542],[69.07763,22.46536],[69.07763,22.46514],[69.07747,22.46514],[69.07736,22.46514],[69.07736,22.46498],[69.07736,22.46486],[69.07728,22.46486],[69.07708,22.46486],[69.07708,22.46458],[69.07681,22.46458],[69.07681,22.4634],[69.07681,22.46319],[69.07675,22.4632],[69.07653,22.4632],[69.07653,22.46264],[69.07625,22.46264],[69.07625,22.46181],[69.07597,22.46181],[69.07597,22.46097],[69.07569,22.46097],[69.07569,22.46014],[69.07542,22.46014],[69.07542,22.4593],[69.07514,22.45931],[69.07514,22.45875],[69.07486,22.45875],[69.07486,22.45792],[69.07459,22.45792],[69.07459,22.45736],[69.0743,22.45736],[69.0743,22.45681],[69.07432,22.45681],[69.07459,22.45681],[69.07459,22.45542],[69.07486,22.45542],[69.07486,22.4546],[69.07486,22.4543],[69.07474,22.4543],[69.07459,22.45431],[69.07459,22.45403],[69.0743,22.45403],[69.0743,22.45375],[69.07403,22.45375],[69.07403,22.45347],[69.07376,22.45347],[69.07376,22.45287],[69.07376,22.45264],[69.07348,22.45264],[69.07347,22.45264],[69.07347,22.45263],[69.07347,22.45208],[69.07284,22.45208],[69.07208,22.45209],[69.07208,22.45181],[69.07183,22.45181],[69.07183,22.45153],[69.07154,22.45153],[69.07154,22.45126],[69.06958,22.45126],[69.06958,22.45153],[69.06917,22.45153],[69.06903,22.45153],[69.06903,22.45181],[69.06875,22.45181],[69.06875,22.45209],[69.06764,22.45209],[69.06764,22.45181],[69.06709,22.45181],[69.06709,22.45153],[69.0668,22.45153],[69.0668,22.45126],[69.06653,22.45126],[69.06653,22.45111],[69.06653,22.45097],[69.06627,22.45097],[69.06626,22.45097],[69.06626,22.4507],[69.06597,22.4507],[69.06597,22.45014],[69.0654,22.45014],[69.0654,22.44986],[69.06431,22.44986],[69.06431,22.44958],[69.06403,22.44958],[69.06403,22.44931],[69.06348,22.44931],[69.06347,22.4493],[69.06347,22.44903],[69.06329,22.44903],[69.06319,22.44903],[69.06319,22.44887],[69.06319,22.44875],[69.06311,22.44875],[69.06292,22.44875],[69.06292,22.44847],[69.06236,22.44847],[69.06236,22.44819],[69.06208,22.4482],[69.06208,22.44792],[69.06182,22.44792],[69.06182,22.44766],[69.06182,22.44764],[69.06178,22.44764],[69.06153,22.44764],[69.06153,22.44747],[69.06153,22.44708],[69.06125,22.44708],[69.06125,22.44653],[69.06069,22.44653],[69.06069,22.44597],[69.06014,22.44597],[69.06014,22.4457],[69.05959,22.4457],[69.05959,22.44542],[69.05931,22.44542],[69.05931,22.44513],[69.05874,22.44514],[69.05874,22.44486],[69.05834,22.44486],[69.0582,22.44486],[69.0582,22.44473],[69.0582,22.44458],[69.05798,22.44458],[69.05792,22.44459],[69.05792,22.44454],[69.05792,22.44431],[69.05759,22.44431],[69.05736,22.44431],[69.05736,22.44415],[69.05736,22.44403],[69.0572,22.44403],[69.05709,22.44403],[69.05709,22.44395],[69.05709,22.44375],[69.05681,22.44375],[69.05681,22.44348],[69.05652,22.44348],[69.05652,22.4432],[69.05601,22.4432],[69.05597,22.4432],[69.05597,22.44317],[69.05597,22.44292],[69.05569,22.44292],[69.05569,22.44264],[69.05542,22.44264],[69.05542,22.44236],[69.05486,22.44236],[69.05486,22.44208],[69.05458,22.44208],[69.05458,22.4418],[69.05432,22.4418],[69.05431,22.4418],[69.05431,22.44178],[69.05431,22.44153],[69.05414,22.44153],[69.05403,22.44153],[69.05403,22.44137],[69.05403,22.44125],[69.05396,22.44125],[69.05346,22.44125],[69.05346,22.44097],[69.05319,22.44097],[69.05319,22.44069],[69.05292,22.44069],[69.05292,22.44042],[69.05264,22.44042],[69.05264,22.44014],[69.05209,22.44014],[69.05209,22.43986],[69.05181,22.43986],[69.05181,22.43958],[69.05153,22.43958],[69.05153,22.43903],[69.05125,22.43903],[69.05125,22.43875],[69.05097,22.43875],[69.05097,22.43826],[69.05097,22.43819],[69.05087,22.43819],[69.0507,22.4382],[69.0507,22.43809],[69.0507,22.43764],[69.05042,22.43764],[69.05042,22.43736],[69.05014,22.43736],[69.05014,22.43681],[69.04653,22.43681],[69.04653,22.43709],[69.04598,22.43709],[69.04598,22.43681],[69.04515,22.43681],[69.04515,22.43653],[69.04486,22.43653],[69.04486,22.43597],[69.04459,22.43597],[69.04459,22.43569],[69.04431,22.43569],[69.04431,22.43542],[69.04403,22.43542],[69.04403,22.43458],[69.04375,22.43458],[69.04375,22.43264],[69.04403,22.43264],[69.04403,22.43213],[69.04403,22.43125],[69.0443,22.43125],[69.0443,22.43042],[69.04459,22.43042],[69.04459,22.42986],[69.04486,22.42986],[69.04486,22.42931],[69.04515,22.42931],[69.04515,22.42875],[69.04542,22.42875],[69.04542,22.42819],[69.04569,22.42819],[69.04569,22.42764],[69.04597,22.42764],[69.04597,22.42709],[69.04625,22.42709],[69.04625,22.42653],[69.04651,22.42653],[69.04651,22.42597],[69.04681,22.42597],[69.04681,22.42542],[69.04708,22.42542],[69.04708,22.42486],[69.04737,22.42486],[69.04737,22.42431],[69.04766,22.42432],[69.04766,22.42403],[69.04792,22.42403],[69.04792,22.42347],[69.0482,22.42347],[69.0482,22.42292],[69.04847,22.42292],[69.04847,22.42264],[69.04875,22.42264],[69.04875,22.42208],[69.04903,22.42208],[69.04903,22.42181],[69.04931,22.42181],[69.04931,22.42125],[69.04958,22.42125],[69.04958,22.42096],[69.04986,22.42097],[69.04986,22.42042],[69.05014,22.42042],[69.05014,22.41986],[69.05042,22.41986],[69.05042,22.41931],[69.05069,22.41931],[69.05069,22.41875],[69.05097,22.41875],[69.05097,22.41847],[69.05125,22.41847],[69.05125,22.41792],[69.05153,22.41792],[69.05153,22.41736],[69.0518,22.41736],[69.0518,22.41681],[69.05209,22.41681],[69.05209,22.41625],[69.05236,22.41625],[69.05236,22.4157],[69.05264,22.4157],[69.05264,22.41486],[69.05292,22.41486],[69.05292,22.4143],[69.05319,22.4143],[69.05319,22.41375],[69.05346,22.41375],[69.05346,22.41319],[69.05375,22.41319],[69.05375,22.41264],[69.05403,22.41264],[69.05403,22.41236],[69.05431,22.41236],[69.05431,22.41181],[69.05458,22.41181],[69.05458,22.41125],[69.05486,22.41125],[69.05486,22.41069],[69.05514,22.4107],[69.05514,22.41042],[69.05542,22.41042],[69.05542,22.41014],[69.05597,22.41014],[69.05597,22.40986],[69.05625,22.40986],[69.05625,22.40958],[69.05681,22.40959],[69.05681,22.40931],[69.05709,22.40931],[69.05709,22.40902],[69.05847,22.40903],[69.05847,22.40875],[69.05931,22.40875],[69.05931,22.40847],[69.05986,22.40847],[69.05986,22.40819],[69.06014,22.40819],[69.06014,22.40792],[69.06042,22.40792],[69.06042,22.40764],[69.06069,22.40764],[69.06069,22.40736],[69.06125,22.40736],[69.06125,22.40653],[69.06153,22.40653],[69.06153,22.40514],[69.06182,22.40514],[69.06182,22.40403],[69.06208,22.40403],[69.06208,22.40208],[69.06264,22.40208],[69.06264,22.40181],[69.06292,22.40181],[69.06292,22.40153],[69.06319,22.40153],[69.06319,22.40125],[69.06347,22.40125],[69.06347,22.40097],[69.06375,22.40097],[69.06375,22.40069],[69.06403,22.40069],[69.06403,22.40042],[69.06431,22.40042],[69.06431,22.40015],[69.06458,22.40015],[69.06458,22.39986],[69.06486,22.39986],[69.06486,22.39958],[69.06514,22.39958],[69.06514,22.39931],[69.0654,22.39931],[69.0654,22.39903],[69.06597,22.39903],[69.06597,22.39875],[69.06623,22.39875],[69.06625,22.39847],[69.06653,22.39847],[69.06653,22.3982],[69.0668,22.3982],[69.0668,22.39792],[69.06709,22.39792],[69.06709,22.39764],[69.06736,22.39764],[69.06736,22.39736],[69.06764,22.39736],[69.06764,22.39709],[69.06792,22.39709],[69.06792,22.39681],[69.06819,22.39681],[69.06819,22.39653],[69.06847,22.39653],[69.06847,22.39625],[69.06875,22.39625],[69.06875,22.39597],[69.06931,22.39597],[69.06931,22.3957],[69.07014,22.3957],[69.07014,22.39542],[69.07069,22.39542],[69.07069,22.39514],[69.07115,22.39514],[69.07125,22.39514],[69.07125,22.39486],[69.07208,22.39486],[69.07208,22.39458],[69.07264,22.39458],[69.07264,22.3943],[69.0732,22.39431],[69.0732,22.39402],[69.07403,22.39403],[69.07403,22.39375],[69.07459,22.39375],[69.07459,22.39347],[69.07598,22.39347],[69.07598,22.39319],[69.07736,22.39319],[69.07736,22.39292],[69.07848,22.39292],[69.07848,22.39264],[69.07986,22.39264],[69.07986,22.39236],[69.08264,22.39236],[69.08264,22.39264],[69.08377,22.39264],[69.08377,22.39292],[69.08486,22.39292],[69.08486,22.39319],[69.08598,22.39319],[69.08598,22.39347],[69.08682,22.39347],[69.08682,22.39375],[69.08792,22.39375],[69.08792,22.39403],[69.08875,22.39402],[69.08875,22.39431],[69.08957,22.39431],[69.08957,22.39402],[69.08986,22.39402],[69.08986,22.39431],[69.09042,22.3943],[69.09042,22.39458],[69.09153,22.39458],[69.09153,22.39486],[69.0918,22.39486],[69.0918,22.39514],[69.09236,22.39514],[69.09236,22.39542],[69.09292,22.39542],[69.09292,22.3957],[69.09348,22.3957],[69.09348,22.39597],[69.09375,22.39597],[69.09375,22.39653],[69.09403,22.39653],[69.09403,22.39709],[69.09431,22.39709],[69.09431,22.39736],[69.09486,22.39736],[69.09486,22.39764],[69.09542,22.39764],[69.09542,22.39792],[69.09736,22.39792],[69.09736,22.3982],[69.09764,22.3982],[69.09764,22.39847],[69.0982,22.39847],[69.0982,22.39875],[69.09847,22.39875],[69.09847,22.39903],[69.09875,22.39903],[69.09875,22.39958],[69.09903,22.39958],[69.09903,22.40042],[69.09931,22.40042],[69.09931,22.40097],[69.09959,22.40097],[69.09959,22.40208],[69.0993,22.40208],[69.0993,22.40292],[69.09875,22.40292],[69.09875,22.4032],[69.09847,22.40319],[69.09847,22.40375],[69.0982,22.40375],[69.0982,22.40431],[69.09847,22.40431],[69.09847,22.40506],[69.09847,22.40514],[69.09853,22.40514],[69.09875,22.40514],[69.09875,22.40546],[69.09875,22.40571],[69.09875,22.40819],[69.09931,22.40819],[69.09931,22.40847],[69.09959,22.40847],[69.09959,22.40875],[69.10014,22.40875],[69.10014,22.40903],[69.10069,22.40902],[69.10069,22.40931],[69.10153,22.40931],[69.10153,22.40959],[69.10208,22.40958],[69.10208,22.40986],[69.10264,22.40986],[69.10264,22.41014],[69.10291,22.41014],[69.10291,22.40986],[69.1032,22.40986],[69.1032,22.40959],[69.10375,22.40959],[69.10375,22.40931],[69.10597,22.40931],[69.10597,22.40959],[69.10653,22.40958],[69.10653,22.40986],[69.10762,22.40986],[69.10958,22.40986],[69.10958,22.41014],[69.10987,22.41014],[69.10987,22.40986],[69.11014,22.40986],[69.11014,22.40958],[69.1107,22.40959],[69.1107,22.40931],[69.11152,22.40931],[69.11152,22.40902],[69.11181,22.40903],[69.11181,22.40875],[69.11208,22.40875],[69.11209,22.40726],[69.11209,22.40708],[69.11236,22.40708],[69.11236,22.40653],[69.11264,22.40653],[69.11264,22.40625],[69.11292,22.40625],[69.11292,22.40597],[69.1132,22.40597],[69.1132,22.40569],[69.11347,22.4057],[69.11347,22.40542],[69.11374,22.40542],[69.11374,22.40514],[69.11403,22.40514],[69.11403,22.40486],[69.11542,22.40486],[69.11542,22.40514],[69.11708,22.40514],[69.11708,22.40486],[69.11875,22.40486],[69.11875,22.40458],[69.11931,22.40458],[69.11931,22.40431],[69.11958,22.40431],[69.11958,22.40403],[69.11987,22.40403],[69.11987,22.40375],[69.12014,22.40375],[69.12014,22.40347],[69.12042,22.40347],[69.12042,22.4032],[69.1207,22.4032],[69.1207,22.40292],[69.12097,22.40292],[69.12097,22.40264],[69.12125,22.40264],[69.12125,22.40208],[69.12153,22.40208],[69.12153,22.40181],[69.12181,22.40181],[69.12181,22.40153],[69.12236,22.40153],[69.12236,22.40125],[69.12293,22.40125],[69.12292,22.40097],[69.12319,22.40097],[69.12319,22.40069],[69.12348,22.40069],[69.12348,22.40042],[69.12375,22.40042],[69.12375,22.40015],[69.12403,22.40015],[69.12403,22.39986],[69.12542,22.39986],[69.12542,22.39958],[69.12625,22.39958],[69.12625,22.39931],[69.12681,22.39931],[69.12681,22.39903],[69.12708,22.39903],[69.12708,22.39875],[69.12736,22.39875],[69.12736,22.39847],[69.12764,22.39847],[69.12764,22.3982],[69.12847,22.3982],[69.12847,22.39792],[69.12903,22.39792],[69.12903,22.3982],[69.1293,22.3982],[69.1293,22.39847],[69.12959,22.39847],[69.12959,22.40042],[69.12986,22.40042],[69.12986,22.40069],[69.13014,22.40069],[69.13014,22.40097],[69.13042,22.40097],[69.13042,22.40153],[69.13069,22.40153],[69.13069,22.40292],[69.13264,22.40292],[69.13264,22.4032],[69.13292,22.4032],[69.13292,22.40292],[69.13319,22.40292],[69.13319,22.40236],[69.13347,22.40236],[69.13347,22.40208],[69.13487,22.40208],[69.13487,22.40236],[69.1357,22.40236],[69.1357,22.40264],[69.13597,22.40264],[69.13597,22.40292],[69.13626,22.40292],[69.13626,22.4032],[69.13653,22.4032],[69.13653,22.40347],[69.1368,22.40347],[69.1368,22.40375],[69.13986,22.40375],[69.13986,22.40347],[69.14237,22.40347],[69.14237,22.4032],[69.1443,22.4032],[69.1443,22.40292],[69.14653,22.40292],[69.14653,22.40264],[69.14849,22.40264],[69.14849,22.40292],[69.14875,22.40292],[69.14875,22.40347],[69.14902,22.40347],[69.14902,22.40375],[69.14931,22.40375],[69.14931,22.40403],[69.14985,22.40403],[69.14985,22.40431],[69.15014,22.40431],[69.15014,22.40458],[69.1507,22.40458],[69.1507,22.40486],[69.15125,22.40486],[69.15125,22.40514],[69.15153,22.40514],[69.15153,22.4057],[69.15209,22.40569],[69.15209,22.40597],[69.15236,22.40596],[69.15236,22.40625],[69.15264,22.40625],[69.15264,22.40653],[69.15291,22.40653],[69.15291,22.40681],[69.15347,22.40681],[69.15347,22.40708],[69.15375,22.40708],[69.15375,22.40736],[69.15403,22.40736],[69.15403,22.40764],[69.15431,22.40764],[69.15431,22.40819],[69.15459,22.40819],[69.15459,22.40847],[69.15486,22.40847],[69.15486,22.40875],[69.15514,22.40875],[69.15514,22.40931],[69.15542,22.40931],[69.15542,22.41097],[69.15569,22.41097],[69.15569,22.41181],[69.15598,22.41181],[69.15598,22.41209],[69.15681,22.41209],[69.15681,22.41236],[69.15736,22.41236],[69.15736,22.41264],[69.15875,22.41264],[69.15875,22.41316],[69.15875,22.41319],[69.15881,22.41319],[69.1593,22.41319],[69.15931,22.41347],[69.15958,22.41347],[69.15958,22.41375],[69.16014,22.41375],[69.16014,22.41403],[69.16042,22.41403],[69.16042,22.41427],[69.16042,22.4143],[69.16049,22.4143],[69.16097,22.4143],[69.16098,22.41458],[69.16153,22.41458],[69.16153,22.41478],[69.16153,22.41486],[69.16208,22.41486],[69.16208,22.41515],[69.16236,22.41515],[69.16236,22.41486],[69.16264,22.41486],[69.16264,22.41479],[69.16264,22.41458],[69.16319,22.41458],[69.16319,22.4143],[69.16375,22.4143],[69.16375,22.41403],[69.16402,22.41403],[69.16402,22.41375],[69.16458,22.41375],[69.16458,22.41347],[69.16487,22.41347],[69.16487,22.41319],[69.16514,22.41319],[69.16514,22.41292],[69.16541,22.41292],[69.16541,22.41264],[69.16625,22.41264],[69.16625,22.41292],[69.16653,22.41292],[69.16653,22.41375],[69.16681,22.41375],[69.16681,22.41403],[69.16792,22.41403],[69.16792,22.4143],[69.16986,22.4143],[69.16986,22.41598],[69.17042,22.41597],[69.17042,22.41625],[69.17069,22.41625],[69.17069,22.41653],[69.17098,22.41653],[69.17098,22.41681],[69.17236,22.41681],[69.17236,22.41709],[69.17264,22.41708],[69.17264,22.41736],[69.17292,22.41736],[69.17292,22.41792],[69.1732,22.41792],[69.1732,22.4182],[69.17292,22.4182],[69.17292,22.41847],[69.17153,22.41847],[69.17153,22.41958],[69.17125,22.41958],[69.17125,22.41986],[69.17005,22.41986],[69.1693,22.41986],[69.1693,22.41994],[69.1693,22.42014],[69.16986,22.42014],[69.16986,22.42042],[69.17014,22.42042],[69.17014,22.42097],[69.17042,22.42096],[69.17042,22.42181],[69.17069,22.42181],[69.17069,22.42208],[69.17208,22.42208],[69.17208,22.42181],[69.17292,22.42181],[69.17292,22.42208],[69.1732,22.42208],[69.1732,22.42181],[69.17347,22.42181],[69.17347,22.42208],[69.17375,22.42208],[69.17375,22.42264],[69.17402,22.42264],[69.17402,22.42277],[69.17402,22.42292],[69.17421,22.42292],[69.17458,22.42292],[69.17458,22.4232],[69.17514,22.4232],[69.17514,22.42347],[69.17541,22.42347],[69.17541,22.42375],[69.1757,22.42375],[69.1757,22.42428],[69.1757,22.42432],[69.17577,22.42432],[69.17679,22.42432],[69.17679,22.42403],[69.17708,22.42403],[69.17708,22.42375],[69.17736,22.42375],[69.17736,22.42347],[69.17763,22.42347],[69.17763,22.42236],[69.17792,22.42236],[69.17792,22.42208],[69.17848,22.42208],[69.17848,22.42181],[69.17958,22.42181],[69.17958,22.42153],[69.18209,22.42153],[69.18209,22.42125],[69.18292,22.42125],[69.18292,22.42097],[69.18653,22.42096],[69.18653,22.42125],[69.18682,22.42125],[69.18682,22.42153],[69.18875,22.42153],[69.18875,22.42181],[69.19014,22.42181],[69.19014,22.42208],[69.19126,22.42208],[69.19126,22.42236],[69.19153,22.42236],[69.19153,22.42264],[69.19208,22.42264],[69.19208,22.42292],[69.19236,22.42292],[69.19236,22.4232],[69.19292,22.4232],[69.19292,22.42347],[69.19347,22.42347],[69.19347,22.42375],[69.19403,22.42375],[69.19403,22.42319],[69.19431,22.4232],[69.19431,22.42153],[69.19458,22.42153],[69.19458,22.42125],[69.19515,22.42125],[69.19514,22.42069],[69.19486,22.42069],[69.19486,22.42042],[69.19431,22.42042],[69.19431,22.42014],[69.19403,22.42014],[69.19403,22.41958],[69.19375,22.41958],[69.19375,22.41875],[69.19347,22.41875],[69.19347,22.41847],[69.19319,22.41847],[69.19319,22.4182],[69.19292,22.4182],[69.19292,22.41736],[69.19264,22.41736],[69.19264,22.41625],[69.19236,22.41625],[69.19236,22.41375],[69.19264,22.41375],[69.19264,22.41236],[69.19292,22.41236],[69.19292,22.41097],[69.19319,22.41097],[69.19319,22.40986],[69.19347,22.40986],[69.19347,22.40875],[69.19375,22.40875],[69.19375,22.40819],[69.19403,22.40819],[69.19403,22.40764],[69.19431,22.40764],[69.19431,22.40708],[69.19458,22.40708],[69.19458,22.40681],[69.19486,22.40681],[69.19486,22.40625],[69.19515,22.40625],[69.19514,22.40597],[69.19542,22.40597],[69.19542,22.40542],[69.19569,22.40542],[69.19569,22.40486],[69.19597,22.40486],[69.19597,22.40458],[69.19612,22.40458],[69.19653,22.40458],[69.19653,22.40431],[69.19708,22.40431],[69.19708,22.40403],[69.1979,22.40403],[69.1979,22.40375],[69.19847,22.40375],[69.19847,22.40347],[69.19903,22.40347],[69.19903,22.4032],[69.19986,22.4032],[69.19986,22.40347],[69.20014,22.40347],[69.20014,22.40458],[69.20069,22.40458],[69.20069,22.40431],[69.20348,22.40431],[69.20348,22.40403],[69.20318,22.40403],[69.20318,22.40375],[69.20348,22.40375],[69.20348,22.40347],[69.20375,22.40347],[69.20375,22.4032],[69.20402,22.4032],[69.20402,22.40309],[69.20402,22.40292],[69.20431,22.40292],[69.20431,22.40181],[69.20281,22.40181],[69.20236,22.40181],[69.20236,22.4016],[69.20236,22.40153],[69.20208,22.40153],[69.20208,22.40125],[69.20153,22.40125],[69.20153,22.40097],[69.2007,22.40097],[69.20069,22.40097],[69.20069,22.40069],[69.20035,22.40069],[69.19958,22.40069],[69.19958,22.40014],[69.1993,22.40015],[69.1993,22.39958],[69.19903,22.39958],[69.19903,22.39903],[69.19876,22.39903],[69.19876,22.39875],[69.19847,22.39875],[69.19847,22.3982],[69.19821,22.3982],[69.1982,22.39792],[69.1982,22.39764],[69.1979,22.39764],[69.1979,22.39747],[69.19792,22.39653],[69.19821,22.39653],[69.19821,22.39597],[69.19865,22.39597],[69.19876,22.39597],[69.19875,22.39487],[69.19847,22.39486],[69.19847,22.39458],[69.19805,22.39458],[69.19792,22.39458],[69.19792,22.39403],[69.1981,22.39403],[69.1982,22.39403],[69.1982,22.39375],[69.1993,22.39375],[69.1993,22.39347],[69.19964,22.39347],[69.19986,22.39347],[69.19986,22.39314],[69.19986,22.39236],[69.20014,22.39236],[69.20014,22.39181],[69.20019,22.39181],[69.20042,22.39181],[69.20042,22.39069],[69.20028,22.39069],[69.20014,22.3907],[69.20014,22.39047],[69.20014,22.39042],[69.19958,22.39042],[69.19958,22.39054],[69.19958,22.3907],[69.19906,22.3907],[69.19845,22.3907],[69.19839,22.3907],[69.1982,22.3907],[69.1982,22.39042],[69.1979,22.39042],[69.1979,22.38958],[69.19811,22.38958],[69.1982,22.38959],[69.1982,22.38923],[69.1982,22.38847],[69.19847,22.38847],[69.19847,22.38792],[69.19843,22.38792],[69.19821,22.38792],[69.19821,22.38767],[69.19821,22.38764],[69.19812,22.38764],[69.19736,22.38764],[69.19736,22.38743],[69.19736,22.38736],[69.19709,22.38736],[69.19597,22.38736],[69.19597,22.38729],[69.19597,22.38708],[69.19486,22.38708],[69.19486,22.38681],[69.19377,22.38681],[69.1918,22.38681],[69.1918,22.38658],[69.1918,22.38653],[69.19119,22.38653],[69.19082,22.38653],[69.1907,22.38653],[69.1907,22.38642],[69.1907,22.38641],[69.1907,22.38625],[69.19055,22.38625],[69.19003,22.38625],[69.18931,22.38625],[69.18931,22.38602],[69.18931,22.38597],[69.18916,22.38597],[69.18819,22.38597],[69.18819,22.38553],[69.18819,22.38542],[69.18805,22.38542],[69.18792,22.38542],[69.18792,22.38532],[69.18792,22.38514],[69.1877,22.38514],[69.18764,22.38514],[69.18764,22.38509],[69.18764,22.38486],[69.18736,22.38486],[69.18708,22.38486],[69.18708,22.38464],[69.18708,22.38458],[69.18701,22.38458],[69.18681,22.38458],[69.18681,22.38442],[69.18681,22.38431],[69.18667,22.38431],[69.18653,22.38431],[69.18653,22.3842],[69.18653,22.38403],[69.18637,22.38403],[69.18596,22.38403],[69.18596,22.38375],[69.18569,22.38375],[69.18569,22.38347],[69.18514,22.38347],[69.18514,22.3832],[69.18486,22.3832],[69.18486,22.38292],[69.18459,22.38292],[69.18459,22.38264],[69.18403,22.38264],[69.18403,22.38236],[69.18375,22.38236],[69.18375,22.38181],[69.18347,22.38181],[69.18347,22.38153],[69.18321,22.38153],[69.18321,22.38097],[69.18292,22.38097],[69.18292,22.3807],[69.18264,22.3807],[69.18264,22.38014],[69.18236,22.38014],[69.18236,22.37958],[69.18209,22.37958],[69.18209,22.3793],[69.18181,22.3793],[69.18181,22.37875],[69.18153,22.37875],[69.18153,22.37847],[69.18042,22.37847],[69.18042,22.37819],[69.17958,22.37819],[69.17958,22.37792],[69.17875,22.37792],[69.17875,22.37668],[69.17875,22.37598],[69.17903,22.37598],[69.17903,22.37569],[69.17931,22.3757],[69.17931,22.37542],[69.17986,22.37542],[69.17986,22.37514],[69.18014,22.37514],[69.18014,22.37486],[69.18181,22.37486],[69.18181,22.37514],[69.18209,22.37514],[69.18209,22.37542],[69.18236,22.37542],[69.18236,22.37625],[69.18292,22.37625],[69.18292,22.37431],[69.18321,22.37431],[69.18321,22.37292],[69.18292,22.37292],[69.18292,22.37212],[69.18292,22.37209],[69.18292,22.37181],[69.1829,22.37181],[69.18264,22.37181],[69.18264,22.37125],[69.18236,22.37125],[69.18236,22.3707],[69.18181,22.3707],[69.18181,22.37042],[69.18125,22.37042],[69.18125,22.36958],[69.18097,22.36959],[69.18097,22.36947],[69.18097,22.36931],[69.1807,22.36931],[69.1807,22.36851],[69.1807,22.36847],[69.18068,22.36847],[69.18042,22.36847],[69.18042,22.36797],[69.18042,22.3668],[69.17986,22.3668],[69.17986,22.36703],[69.17986,22.36708],[69.17931,22.36708],[69.17931,22.36736],[69.17875,22.36736],[69.17875,22.36764],[69.17847,22.36764],[69.17847,22.36792],[69.17736,22.36792],[69.17736,22.36764],[69.17708,22.36764],[69.17708,22.36597],[69.17681,22.36597],[69.17681,22.3657],[69.17625,22.3657],[69.17625,22.36542],[69.17653,22.36542],[69.17653,22.36431],[69.17625,22.36431],[69.17625,22.36404],[69.1757,22.36404],[69.1757,22.36375],[69.17486,22.36375],[69.17486,22.36347],[69.17403,22.36347],[69.17403,22.36292],[69.17375,22.36292],[69.17375,22.36264],[69.17347,22.36264],[69.17347,22.36208],[69.17375,22.36209],[69.17375,22.36181],[69.17431,22.36181],[69.17431,22.36085],[69.17431,22.36069],[69.1742,22.36069],[69.17403,22.3607],[69.17403,22.36046],[69.17403,22.35958],[69.17338,22.35958],[69.17292,22.35958],[69.17292,22.35903],[69.17264,22.35903],[69.17264,22.35859],[69.17264,22.35764],[69.17292,22.35764],[69.17292,22.35736],[69.17319,22.35736],[69.17319,22.35681],[69.17375,22.35681],[69.17375,22.35653],[69.17402,22.35653],[69.17402,22.35625],[69.17486,22.35625],[69.17486,22.35597],[69.1757,22.35597],[69.1757,22.35625],[69.17653,22.35625],[69.17653,22.35653],[69.1776,22.35653],[69.17764,22.35653],[69.17764,22.3565],[69.17764,22.35625],[69.17792,22.35625],[69.17792,22.35597],[69.17763,22.35597],[69.17763,22.35514],[69.17736,22.35514],[69.17736,22.35485],[69.17709,22.35486],[69.17709,22.35459],[69.17681,22.35459],[69.17681,22.35403],[69.17653,22.35403],[69.17653,22.35383],[69.17653,22.35375],[69.17639,22.35375],[69.17625,22.35375],[69.17625,22.35357],[69.17625,22.35347],[69.17617,22.35347],[69.17597,22.35347],[69.17597,22.3532],[69.1757,22.3532],[69.1757,22.35292],[69.17514,22.35292],[69.17514,22.35264],[69.17486,22.35264],[69.17486,22.35236],[69.17458,22.35236],[69.17458,22.35218],[69.17458,22.35208],[69.17431,22.35208],[69.17431,22.35153],[69.17402,22.35153],[69.17402,22.35103],[69.17402,22.35069],[69.17375,22.35069],[69.17375,22.34847],[69.17403,22.34847],[69.17403,22.3482],[69.17625,22.3482],[69.17625,22.34764],[69.17597,22.34764],[69.17597,22.34736],[69.1757,22.34736],[69.1757,22.34701],[69.1757,22.34681],[69.17547,22.34681],[69.17541,22.34681],[69.17541,22.34709],[69.17514,22.34709],[69.17514,22.34681],[69.17458,22.34681],[69.17458,22.34653],[69.17347,22.34653],[69.17347,22.34681],[69.17302,22.34681],[69.17264,22.34681],[69.17264,22.34709],[69.17181,22.34708],[69.17181,22.34764],[69.17153,22.34764],[69.17153,22.3482],[69.17125,22.3482],[69.17125,22.34847],[69.17042,22.34847],[69.17042,22.3482],[69.17014,22.3482],[69.17014,22.34792],[69.16986,22.34792],[69.16986,22.34764],[69.16959,22.34764],[69.16959,22.34708],[69.16931,22.34709],[69.16931,22.34681],[69.16903,22.34681],[69.16903,22.34653],[69.16875,22.34653],[69.16875,22.34582],[69.16875,22.34568],[69.16821,22.34569],[69.1682,22.34569],[69.1682,22.34569],[69.1682,22.34542],[69.16792,22.34542],[69.16792,22.34514],[69.16764,22.34514],[69.16764,22.34486],[69.16792,22.34486],[69.16792,22.34458],[69.1682,22.34458],[69.1682,22.34431],[69.16847,22.34431],[69.16847,22.34403],[69.16875,22.34403],[69.16875,22.34375],[69.16903,22.34375],[69.16903,22.34291],[69.16931,22.34292],[69.16931,22.34264],[69.16959,22.34264],[69.16959,22.34125],[69.1693,22.34125],[69.1693,22.34069],[69.16903,22.3407],[69.16903,22.33986],[69.16875,22.33987],[69.16875,22.33931],[69.16847,22.33931],[69.16847,22.33792],[69.16903,22.33792],[69.16903,22.33764],[69.16969,22.33764],[69.16986,22.33764],[69.16986,22.33735],[69.16986,22.33708],[69.16959,22.33708],[69.16959,22.33542],[69.1693,22.33542],[69.1693,22.33514],[69.16903,22.33514],[69.16903,22.33458],[69.16875,22.33459],[69.16875,22.33403],[69.16903,22.33403],[69.16903,22.33264],[69.16875,22.33264],[69.16875,22.33236],[69.16847,22.33236],[69.16847,22.33125],[69.1682,22.33125],[69.1682,22.33014],[69.16792,22.33014],[69.16792,22.32852],[69.16792,22.32846],[69.16792,22.32819],[69.168,22.32819],[69.1682,22.3282],[69.1682,22.32745],[69.1682,22.32744],[69.1682,22.32653],[69.16764,22.32653],[69.16764,22.32625],[69.16736,22.32625],[69.16736,22.32603],[69.16736,22.32597],[69.16693,22.32597],[69.16681,22.32597],[69.16681,22.32582],[69.16681,22.32569],[69.16672,22.3257],[69.16653,22.3257],[69.16653,22.32542],[69.16625,22.32542],[69.16625,22.32375],[69.16597,22.32375],[69.16597,22.32327],[69.16597,22.32319],[69.16592,22.32319],[69.16541,22.32319],[69.16541,22.32292],[69.16431,22.32292],[69.16431,22.32275],[69.16431,22.32264],[69.16402,22.32264],[69.16402,22.32208],[69.16375,22.32208],[69.16375,22.32181],[69.16348,22.32181],[69.16348,22.32153],[69.16319,22.32153],[69.16319,22.32125],[69.16286,22.32125],[69.16264,22.32125],[69.16264,22.32097],[69.16236,22.32097],[69.16236,22.32042],[69.16208,22.32042],[69.16208,22.32014],[69.16179,22.32014],[69.16179,22.31958],[69.16125,22.31959],[69.16125,22.31922],[69.16125,22.31903],[69.1612,22.31903],[69.16097,22.31903],[69.16097,22.31874],[69.1607,22.31875],[69.1607,22.31847],[69.16042,22.31847],[69.16042,22.31793],[69.16042,22.31792],[69.16039,22.31792],[69.16038,22.31792],[69.16014,22.31792],[69.16014,22.31784],[69.16014,22.31764],[69.1597,22.31764],[69.15958,22.31764],[69.15958,22.31756],[69.15958,22.31736],[69.15943,22.31736],[69.1593,22.31736],[69.1593,22.31702],[69.1593,22.3168],[69.15922,22.3168],[69.15903,22.3168],[69.15903,22.31653],[69.15875,22.31653],[69.15875,22.31625],[69.15844,22.31625],[69.1582,22.31625],[69.1582,22.31597],[69.15792,22.31597],[69.15792,22.31515],[69.15792,22.31292],[69.1582,22.31293],[69.1582,22.31181],[69.15847,22.31181],[69.15847,22.31069],[69.15875,22.31069],[69.15875,22.30986],[69.15904,22.30986],[69.15903,22.30931],[69.15922,22.30931],[69.1593,22.30931],[69.1593,22.30909],[69.1593,22.30875],[69.15951,22.30875],[69.15958,22.30875],[69.15958,22.30864],[69.15958,22.3082],[69.15984,22.3082],[69.15986,22.3082],[69.15986,22.30818],[69.15986,22.30764],[69.16014,22.30764],[69.16014,22.30708],[69.16042,22.30709],[69.16042,22.30653],[69.1607,22.30653],[69.1607,22.30625],[69.16097,22.30625],[69.16097,22.30569],[69.16125,22.3057],[69.16125,22.30542],[69.16153,22.30542],[69.16153,22.30486],[69.16179,22.30486],[69.16179,22.30458],[69.16209,22.30458],[69.16209,22.30403],[69.16236,22.30403],[69.16236,22.30376],[69.16261,22.30376],[69.16264,22.30376],[69.16264,22.30372],[69.16264,22.30319],[69.16292,22.30319],[69.16292,22.30292],[69.16315,22.30292],[69.16319,22.30292],[69.16319,22.30286],[69.16319,22.30236],[69.16348,22.30236],[69.16348,22.30208],[69.16369,22.30208],[69.16375,22.30208],[69.16375,22.302],[69.16375,22.30181],[69.16387,22.30181],[69.16402,22.30181],[69.16402,22.30158],[69.16402,22.30125],[69.16423,22.30125],[69.16431,22.30125],[69.16431,22.30113],[69.16431,22.30097],[69.16441,22.30097],[69.16458,22.30097],[69.16458,22.30071],[69.16458,22.30042],[69.16477,22.30042],[69.16485,22.30042],[69.16485,22.30029],[69.16485,22.30014],[69.16496,22.30014],[69.16514,22.30014],[69.16514,22.29991],[69.16514,22.29986],[69.16517,22.29986],[69.16541,22.29986],[69.16541,22.29956],[69.16541,22.2993],[69.16561,22.29931],[69.1657,22.29931],[69.1657,22.2992],[69.1657,22.29903],[69.16583,22.29903],[69.16597,22.29903],[69.16597,22.29886],[69.16597,22.29875],[69.16605,22.29875],[69.16625,22.29875],[69.16625,22.2985],[69.16625,22.29847],[69.16628,22.29847],[69.16653,22.29847],[69.16653,22.2982],[69.16681,22.2982],[69.16681,22.29779],[69.16681,22.29764],[69.16693,22.29764],[69.16709,22.29764],[69.16709,22.29745],[69.16709,22.29736],[69.16715,22.29736],[69.16736,22.29736],[69.16736,22.2971],[69.16736,22.29709],[69.16737,22.29709],[69.16764,22.29709],[69.16764,22.29681],[69.16792,22.29681],[69.16792,22.29653],[69.1682,22.29653],[69.1682,22.29603],[69.1682,22.29597],[69.16825,22.29597],[69.16847,22.29597],[69.16847,22.29569],[69.16875,22.29569],[69.16875,22.29542],[69.16903,22.29542],[69.16903,22.29514],[69.1693,22.29514],[69.1693,22.29486],[69.16959,22.29486],[69.16959,22.29455],[69.16959,22.29431],[69.16984,22.29431],[69.16986,22.29431],[69.16986,22.2943],[69.16986,22.29403],[69.17014,22.29403],[69.17015,22.29375],[69.17042,22.29375],[69.17042,22.29347],[69.17069,22.29347],[69.17069,22.2932],[69.17098,22.2932],[69.17098,22.29292],[69.17125,22.29292],[69.17125,22.29264],[69.17162,22.29264],[69.17181,22.29264],[69.17181,22.29247],[69.17181,22.29236],[69.17192,22.29236],[69.17208,22.29236],[69.17208,22.2922],[69.17208,22.29208],[69.17221,22.29208],[69.17236,22.29209],[69.17236,22.29194],[69.17236,22.29181],[69.1725,22.29181],[69.17264,22.29182],[69.17264,22.29169],[69.17264,22.29153],[69.1728,22.29153],[69.17292,22.29153],[69.17292,22.29142],[69.17292,22.29125],[69.1731,22.29125],[69.17319,22.29125],[69.17319,22.29117],[69.17319,22.29097],[69.1734,22.29097],[69.17347,22.29097],[69.17347,22.2909],[69.17347,22.2907],[69.17369,22.2907],[69.17375,22.2907],[69.17375,22.29063],[69.17375,22.29042],[69.17399,22.29042],[69.17402,22.29042],[69.17402,22.29039],[69.17402,22.29014],[69.17431,22.29014],[69.17431,22.28986],[69.17464,22.28986],[69.17486,22.28986],[69.17486,22.28967],[69.17486,22.28958],[69.17496,22.28958],[69.17514,22.28958],[69.17514,22.28943],[69.17514,22.2893],[69.17529,22.2893],[69.17541,22.2893],[69.17541,22.2892],[69.17541,22.28903],[69.17562,22.28903],[69.1757,22.28903],[69.1757,22.28896],[69.1757,22.28876],[69.17593,22.28876],[69.17597,22.28876],[69.17597,22.28872],[69.17597,22.28847],[69.17625,22.28847],[69.17625,22.28819],[69.17653,22.28819],[69.17653,22.28792],[69.17679,22.28792],[69.17679,22.28764],[69.17708,22.28764],[69.17708,22.28736],[69.17736,22.28736],[69.17736,22.28708],[69.17763,22.28708],[69.17763,22.28681],[69.17814,22.28681],[69.17819,22.28681],[69.17819,22.28676],[69.17819,22.28653],[69.17843,22.28653],[69.17847,22.28653],[69.17847,22.28649],[69.17847,22.28625],[69.17871,22.28625],[69.17875,22.28625],[69.17875,22.28622],[69.17875,22.28597],[69.179,22.28597],[69.17903,22.28597],[69.17903,22.28594],[69.17903,22.2857],[69.17929,22.2857],[69.17931,22.2857],[69.17931,22.28567],[69.17931,22.28542],[69.17957,22.28542],[69.17958,22.28542],[69.17958,22.28541],[69.17958,22.28514],[69.17986,22.28514],[69.17986,22.28486],[69.18014,22.28486],[69.18014,22.28458],[69.18043,22.28458],[69.1807,22.28458],[69.1807,22.28433],[69.1807,22.28431],[69.18072,22.28431],[69.18097,22.28431],[69.18097,22.28406],[69.18097,22.28403],[69.181,22.28403],[69.18125,22.28403],[69.18125,22.28378],[69.18125,22.28375],[69.18128,22.28375],[69.18153,22.28375],[69.18153,22.28352],[69.18153,22.28347],[69.18157,22.28347],[69.18181,22.28347],[69.18181,22.28324],[69.18181,22.28319],[69.18186,22.28319],[69.18209,22.28319],[69.18209,22.28296],[69.18209,22.28292],[69.18212,22.28292],[69.18236,22.28292],[69.18236,22.28266],[69.18236,22.28263],[69.18239,22.28263],[69.18264,22.28264],[69.18264,22.28237],[69.1832,22.28237],[69.1832,22.28208],[69.18347,22.28208],[69.18347,22.28181],[69.18375,22.28181],[69.18375,22.28153],[69.18403,22.28153],[69.18403,22.28125],[69.18431,22.28125],[69.18431,22.28097],[69.18459,22.28097],[69.18459,22.28069],[69.18475,22.28069],[69.18486,22.2807],[69.18486,22.28042],[69.18514,22.28042],[69.18514,22.28014],[69.18542,22.28014],[69.18542,22.27986],[69.18569,22.27986],[69.18569,22.2796],[69.18569,22.27958],[69.18572,22.27958],[69.18596,22.27959],[69.18596,22.27939],[69.18596,22.27931],[69.18606,22.27931],[69.18653,22.27931],[69.18653,22.27903],[69.18682,22.27903],[69.18682,22.27875],[69.18764,22.27875],[69.18764,22.27847],[69.18792,22.27847],[69.18792,22.2782],[69.18847,22.2782],[69.18847,22.27792],[69.18875,22.27792],[69.18875,22.27764],[69.18902,22.27764],[69.18902,22.27736],[69.18958,22.27736],[69.18958,22.27708],[69.18986,22.27708],[69.18986,22.27681],[69.19014,22.27682],[69.19014,22.27653],[69.19041,22.27653],[69.19041,22.27625],[69.1907,22.27625],[69.1907,22.27597],[69.19126,22.27597],[69.19126,22.27569],[69.19153,22.27569],[69.19153,22.27542],[69.1918,22.27542],[69.1918,22.27514],[69.19208,22.27514],[69.19208,22.27486],[69.19236,22.27486],[69.19236,22.27458],[69.19264,22.27458],[69.19264,22.27431],[69.19292,22.27431],[69.19292,22.27403],[69.19375,22.27403],[69.19375,22.27375],[69.19403,22.27375],[69.19403,22.27347],[69.19431,22.27347],[69.19431,22.2732],[69.19458,22.2732],[69.19458,22.27292],[69.19486,22.27292],[69.19486,22.27264],[69.19515,22.27264],[69.19515,22.27236],[69.19542,22.27236],[69.19542,22.27209],[69.1957,22.27209],[69.1957,22.27181],[69.19597,22.27181],[69.19597,22.27153],[69.19625,22.27153],[69.19625,22.27125],[69.19681,22.27125],[69.19681,22.27097],[69.19737,22.27097],[69.19737,22.2707],[69.19792,22.2707],[69.19792,22.27042],[69.19821,22.27042],[69.19821,22.27014],[69.19876,22.27014],[69.19876,22.26986],[69.19903,22.26986],[69.19903,22.26958],[69.1993,22.26958],[69.1993,22.26931],[69.19959,22.26931],[69.19959,22.26903],[69.20014,22.26903],[69.20014,22.26875],[69.20042,22.26875],[69.20042,22.26847],[69.20069,22.26847],[69.20069,22.26819],[69.20097,22.26819],[69.20097,22.26792],[69.20125,22.26792],[69.20125,22.26765],[69.20181,22.26765],[69.20181,22.26736],[69.20208,22.26736],[69.20208,22.26708],[69.20236,22.26708],[69.20236,22.26681],[69.20264,22.26681],[69.20264,22.26653],[69.20318,22.26653],[69.20318,22.26625],[69.20403,22.26625],[69.20402,22.26597],[69.20431,22.26597],[69.20431,22.2657],[69.20487,22.2657],[69.20487,22.26542],[69.20514,22.26542],[69.20514,22.26514],[69.2057,22.26514],[69.2057,22.26487],[69.2057,22.26486],[69.20572,22.26486],[69.20597,22.26486],[69.20597,22.26474],[69.20597,22.26459],[69.20628,22.26459],[69.20653,22.26459],[69.20653,22.26447],[69.20653,22.26431],[69.20687,22.26431],[69.20819,22.26431],[69.20819,22.26403],[69.20875,22.26403],[69.20875,22.26375],[69.2093,22.26375],[69.2093,22.26347],[69.21014,22.26347],[69.21014,22.2632],[69.2107,22.2632],[69.2107,22.26292],[69.21125,22.26292],[69.21125,22.26264],[69.21181,22.26264],[69.21181,22.26236],[69.21237,22.26236],[69.21237,22.26208],[69.21292,22.26208],[69.21292,22.26181],[69.21347,22.2618],[69.21347,22.26153],[69.2143,22.26153],[69.2143,22.26125],[69.21486,22.26125],[69.21486,22.26097],[69.21514,22.26097],[69.21514,22.26069],[69.21625,22.26069],[69.21625,22.26042],[69.21709,22.26042],[69.21709,22.26014],[69.21792,22.26014],[69.21792,22.25986],[69.21842,22.25986],[69.21875,22.25986],[69.21875,22.25958],[69.21958,22.25958],[69.21958,22.25931],[69.22018,22.25931],[69.22042,22.25931],[69.22042,22.25918],[69.22042,22.25903],[69.22069,22.25903],[69.22153,22.25903],[69.22153,22.25875],[69.2218,22.25875],[69.2218,22.25846],[69.22264,22.25847],[69.22264,22.25819],[69.22347,22.25819],[69.22347,22.25792],[69.22653,22.25792],[69.22653,22.25819],[69.22787,22.25819],[69.22791,22.25819],[69.22791,22.25792],[69.23125,22.25792],[69.23125,22.25819],[69.23181,22.25819],[69.23181,22.25792],[69.23264,22.25792],[69.23264,22.25819],[69.23375,22.25819],[69.23375,22.25847],[69.23514,22.25846],[69.23514,22.25875],[69.23653,22.25875],[69.23653,22.25903],[69.23764,22.25903],[69.23764,22.25931],[69.23875,22.25931],[69.23875,22.25986],[69.23903,22.25986],[69.23903,22.26014],[69.2393,22.26014],[69.2393,22.26042],[69.23986,22.26042],[69.23986,22.26069],[69.24014,22.26069],[69.24014,22.26097],[69.24042,22.26097],[69.24042,22.26143],[69.24042,22.26153],[69.24069,22.26153],[69.24069,22.26208],[69.24125,22.26208],[69.24125,22.26264],[69.24069,22.26264],[69.24069,22.26292],[69.24042,22.26292],[69.24042,22.2632],[69.24069,22.2632],[69.24069,22.26375],[69.24153,22.26375],[69.24153,22.26459],[69.24208,22.26459],[69.24208,22.26486],[69.2432,22.26486],[69.2432,22.26459],[69.24541,22.26459],[69.24542,22.26486],[69.2457,22.26486],[69.2457,22.26514],[69.24653,22.26514],[69.24653,22.26431],[69.24681,22.26431],[69.24681,22.26375],[69.2471,22.26375],[69.24709,22.26347],[69.24736,22.26347],[69.24736,22.2632],[69.24764,22.2632],[69.24764,22.26292],[69.24792,22.26292],[69.24792,22.26264],[69.24819,22.26264],[69.24819,22.26236],[69.24875,22.26236],[69.24875,22.26232],[69.24875,22.26208],[69.24931,22.26208],[69.24931,22.26181],[69.24958,22.2618],[69.24958,22.26153],[69.24986,22.26153],[69.24986,22.26097],[69.25042,22.26097],[69.25042,22.26125],[69.2507,22.26125],[69.2507,22.26208],[69.25097,22.26208],[69.25097,22.26292],[69.25125,22.26292],[69.25125,22.2632],[69.25153,22.2632],[69.25153,22.26388],[69.25153,22.26403],[69.25181,22.26403],[69.25181,22.26486],[69.2507,22.26486],[69.2507,22.26459],[69.25014,22.26459],[69.25014,22.26431],[69.24958,22.26431],[69.24958,22.26542],[69.24931,22.26542],[69.24931,22.26597],[69.24903,22.26597],[69.24903,22.26708],[69.24986,22.26708],[69.24986,22.26681],[69.25069,22.26681],[69.25069,22.26653],[69.25153,22.26653],[69.25153,22.26681],[69.25236,22.26681],[69.25236,22.26708],[69.25264,22.26708],[69.25264,22.26736],[69.2532,22.26736],[69.2532,22.26765],[69.25403,22.26765],[69.25403,22.26792],[69.25459,22.26792],[69.25459,22.26819],[69.25487,22.26819],[69.25542,22.26819],[69.25542,22.26847],[69.25653,22.26847],[69.25653,22.26875],[69.25708,22.26875],[69.25708,22.26903],[69.25792,22.26903],[69.25792,22.26875],[69.2582,22.26875],[69.2582,22.26903],[69.26153,22.26903],[69.26153,22.26875],[69.26319,22.26875],[69.26319,22.26903],[69.26347,22.26903],[69.26347,22.26931],[69.26319,22.26931],[69.26319,22.26986],[69.26347,22.26986],[69.26347,22.27014],[69.26791,22.27014],[69.26791,22.27042],[69.26903,22.27042],[69.26903,22.27014],[69.26986,22.27014],[69.26986,22.27042],[69.27125,22.27042],[69.27125,22.2707],[69.27236,22.2707],[69.27236,22.27097],[69.27348,22.27097],[69.27348,22.2707],[69.27351,22.2707],[69.27375,22.2707],[69.27375,22.27042],[69.27403,22.27042],[69.27403,22.26903],[69.27541,22.26903],[69.27541,22.26931],[69.2757,22.26931],[69.2757,22.26986],[69.27597,22.26986],[69.27597,22.27042],[69.27653,22.27042],[69.27653,22.27097],[69.27663,22.27097],[69.27708,22.27097],[69.27708,22.27125],[69.27739,22.27125],[69.27764,22.27125],[69.27764,22.27153],[69.2782,22.27153],[69.2782,22.27181],[69.27875,22.27181],[69.27875,22.27153],[69.27931,22.27153],[69.27931,22.27181],[69.28014,22.27181],[69.28014,22.27153],[69.28042,22.27153],[69.28042,22.27125],[69.28125,22.27125],[69.28125,22.27153],[69.28208,22.27153],[69.28208,22.27181],[69.28292,22.27181],[69.28292,22.27209],[69.28375,22.27209],[69.28375,22.27236],[69.2843,22.27236],[69.28431,22.27264],[69.28458,22.27264],[69.28458,22.27292],[69.28486,22.27292],[69.28486,22.27375],[69.28514,22.27375],[69.28514,22.27403],[69.2868,22.27403],[69.2868,22.27431],[69.28709,22.27431],[69.28709,22.27458],[69.28764,22.27458],[69.28764,22.27486],[69.28931,22.27486],[69.28931,22.27514],[69.29008,22.27514],[69.29014,22.27514],[69.29014,22.27518],[69.29014,22.27542],[69.29041,22.27542],[69.29041,22.27569],[69.29095,22.27569],[69.29097,22.27569],[69.29097,22.27571],[69.29097,22.27597],[69.29125,22.27597],[69.29125,22.27625],[69.29153,22.27625],[69.29153,22.27653],[69.29181,22.27653],[69.29181,22.27682],[69.29208,22.27682],[69.29208,22.27727],[69.29208,22.27736],[69.29236,22.27736],[69.29236,22.27764],[69.29264,22.27764],[69.29264,22.27792],[69.2932,22.27792],[69.2932,22.2782],[69.29347,22.2782],[69.29347,22.27847],[69.29375,22.27847],[69.29375,22.27875],[69.29403,22.27875],[69.29403,22.27903],[69.29431,22.27903],[69.29431,22.27931],[69.2945,22.27931],[69.2946,22.27931],[69.2946,22.27955],[69.2946,22.27959],[69.29462,22.27959],[69.29486,22.27958],[69.29486,22.27986],[69.29515,22.27986],[69.29515,22.28181],[69.29486,22.28181],[69.29486,22.28208],[69.29459,22.28208],[69.29459,22.28237],[69.29437,22.28237],[69.29375,22.28237],[69.29375,22.28319],[69.29347,22.28319],[69.29347,22.28403],[69.2932,22.28403],[69.2932,22.28458],[69.29264,22.28458],[69.29264,22.28542],[69.29236,22.28542],[69.29236,22.2857],[69.29209,22.2857],[69.29209,22.28597],[69.29236,22.28597],[69.29236,22.28625],[69.29311,22.28625],[69.29347,22.28625],[69.29347,22.28597],[69.29417,22.28597],[69.29486,22.28597],[69.29486,22.2857],[69.29514,22.2857],[69.29514,22.28514],[69.29542,22.28514],[69.29542,22.28438],[69.29542,22.28431],[69.29515,22.28431],[69.29515,22.28375],[69.29542,22.28375],[69.29542,22.28347],[69.29625,22.28347],[69.29625,22.28403],[69.29681,22.28403],[69.29681,22.28458],[69.29708,22.28458],[69.29708,22.2857],[69.29681,22.28569],[69.29681,22.28609],[69.29681,22.28625],[69.29688,22.28625],[69.29708,22.28625],[69.29708,22.28653],[69.29737,22.28653],[69.29737,22.28693],[69.29737,22.28708],[69.2976,22.28708],[69.29764,22.28708],[69.29764,22.28711],[69.29764,22.28736],[69.29792,22.28736],[69.29792,22.28764],[69.29914,22.28764],[69.29922,22.28764],[69.29958,22.28765],[69.29958,22.28792],[69.30097,22.28792],[69.30097,22.28764],[69.30122,22.28764],[69.3016,22.28764],[69.30347,22.28764],[69.30347,22.28792],[69.30375,22.28792],[69.30375,22.28764],[69.30625,22.28764],[69.30625,22.28736],[69.30708,22.28736],[69.30708,22.28708],[69.30792,22.28708],[69.30792,22.28681],[69.3082,22.28681],[69.3082,22.28653],[69.30875,22.28653],[69.30875,22.28681],[69.30908,22.28681],[69.30931,22.28681],[69.30931,22.28697],[69.30931,22.28708],[69.30948,22.28708],[69.31014,22.28708],[69.31014,22.28736],[69.31042,22.28736],[69.31042,22.28749],[69.31042,22.28764],[69.31153,22.28764],[69.31153,22.28736],[69.31235,22.28736],[69.31235,22.28764],[69.31284,22.28764],[69.31292,22.28764],[69.31292,22.28774],[69.31292,22.28792],[69.31302,22.28792],[69.3132,22.28792],[69.3132,22.28819],[69.31375,22.28819],[69.31375,22.28928],[69.31375,22.28986],[69.31319,22.28986],[69.31319,22.29014],[69.31292,22.29014],[69.31292,22.29042],[69.31264,22.29042],[69.31264,22.29097],[69.31235,22.29097],[69.31235,22.29125],[69.31208,22.29125],[69.31208,22.29182],[69.31375,22.29182],[69.31375,22.29153],[69.31403,22.29153],[69.31403,22.2907],[69.31542,22.2907],[69.31542,22.29097],[69.31653,22.29097],[69.31653,22.2907],[69.31841,22.2907],[69.31848,22.2907],[69.31848,22.29097],[69.31875,22.29097],[69.31875,22.29125],[69.31986,22.29125],[69.31986,22.29153],[69.32014,22.29153],[69.32014,22.29182],[69.32042,22.29181],[69.32042,22.29209],[69.32069,22.29208],[69.32069,22.29236],[69.32125,22.29236],[69.32125,22.29264],[69.32154,22.29264],[69.32154,22.29292],[69.32181,22.29292],[69.32181,22.2932],[69.32199,22.2932],[69.32208,22.2932],[69.32208,22.29337],[69.32208,22.29347],[69.32214,22.29347],[69.32236,22.29347],[69.32236,22.29375],[69.32264,22.29375],[69.32264,22.29403],[69.32291,22.29403],[69.32291,22.29431],[69.32347,22.29431],[69.32347,22.29458],[69.32403,22.29457],[69.32403,22.29486],[69.32429,22.29486],[69.32429,22.29514],[69.32458,22.29514],[69.32458,22.29542],[69.32486,22.29542],[69.32486,22.29613],[69.32486,22.29653],[69.32459,22.29653],[69.32459,22.29653],[69.32459,22.29696],[69.32459,22.29736],[69.32458,22.29736],[69.3243,22.29736],[69.3243,22.29847],[69.32456,22.29847],[69.32458,22.29847],[69.32458,22.29907],[69.32458,22.29931],[69.32475,22.29931],[69.32542,22.2993],[69.32542,22.29959],[69.32569,22.29958],[69.32569,22.30042],[69.32598,22.30042],[69.32598,22.30081],[69.32598,22.30097],[69.32625,22.30097],[69.32625,22.30153],[69.32542,22.30153],[69.32542,22.30181],[69.32485,22.30181],[69.3243,22.30181],[69.3243,22.30208],[69.32403,22.30208],[69.32403,22.30264],[69.32376,22.30264],[69.32376,22.30347],[69.32403,22.30347],[69.32403,22.30376],[69.32429,22.30376],[69.32429,22.30403],[69.32597,22.30403],[69.32597,22.30254],[69.32597,22.30236],[69.32625,22.30236],[69.32625,22.30208],[69.32653,22.30208],[69.32653,22.30236],[69.32681,22.30236],[69.32681,22.30264],[69.32708,22.30264],[69.32708,22.30346],[69.32708,22.30403],[69.32903,22.30403],[69.32903,22.30376],[69.32986,22.30376],[69.32986,22.30319],[69.33014,22.30319],[69.33014,22.30292],[69.33125,22.30292],[69.33125,22.30319],[69.33209,22.30319],[69.33209,22.30347],[69.33264,22.30347],[69.33264,22.30376],[69.33276,22.30376],[69.33319,22.30376],[69.33319,22.30403],[69.33348,22.30403],[69.33348,22.30431],[69.33403,22.30431],[69.33403,22.30458],[69.3343,22.30458],[69.3343,22.30486],[69.33459,22.30486],[69.33459,22.30514],[69.33486,22.30514],[69.33486,22.3057],[69.33514,22.3057],[69.33514,22.30681],[69.33542,22.30681],[69.33542,22.30709],[69.3357,22.30709],[69.3357,22.30736],[69.33599,22.30736],[69.33599,22.3082],[69.33625,22.3082],[69.33625,22.30958],[69.33641,22.30958],[69.33652,22.30957],[69.33652,22.31014],[69.33681,22.31014],[69.33681,22.31097],[69.33708,22.31097],[69.33708,22.31125],[69.33736,22.31125],[69.33736,22.31181],[69.33764,22.31181],[69.33764,22.31597],[69.33792,22.31597],[69.33792,22.3168],[69.33764,22.3168],[69.33764,22.31764],[69.33736,22.31764],[69.33736,22.3182],[69.33708,22.3182],[69.33708,22.31847],[69.33681,22.31847],[69.33681,22.31875],[69.33652,22.31874],[69.33652,22.31903],[69.33625,22.31903],[69.33625,22.31959],[69.33599,22.31958],[69.33599,22.32014],[69.3357,22.32014],[69.3357,22.32042],[69.33542,22.32042],[69.33542,22.32125],[69.33514,22.32125],[69.33514,22.32153],[69.33319,22.32153],[69.33319,22.32125],[69.33236,22.32125],[69.33236,22.32153],[69.33208,22.32153],[69.33208,22.32254],[69.33208,22.32264],[69.3318,22.32264],[69.3318,22.32302],[69.3318,22.32319],[69.33167,22.32319],[69.33153,22.32319],[69.33153,22.32339],[69.33153,22.32347],[69.33146,22.32347],[69.33097,22.32347],[69.33097,22.32415],[69.33097,22.32431],[69.33085,22.32431],[69.33071,22.32431],[69.33072,22.3245],[69.33071,22.32542],[69.33097,22.32542],[69.33097,22.3257],[69.33125,22.3257],[69.33125,22.32611],[69.33125,22.32625],[69.33153,22.32625],[69.33153,22.32653],[69.3318,22.32653],[69.3318,22.32681],[69.33097,22.32681],[69.33097,22.32709],[69.33071,22.32708],[69.33071,22.32764],[69.33042,22.32764],[69.33042,22.3282],[69.3307,22.3282],[69.3307,22.32792],[69.33097,22.32792],[69.33097,22.3282],[69.33209,22.3282],[69.33209,22.32847],[69.33292,22.32847],[69.33292,22.32875],[69.33348,22.32875],[69.33348,22.32931],[69.33375,22.32931],[69.33375,22.32986],[69.33403,22.32986],[69.33403,22.33014],[69.3341,22.33014],[69.3343,22.33014],[69.3343,22.33042],[69.3357,22.33042],[69.3357,22.33014],[69.33625,22.33014],[69.33625,22.32986],[69.33875,22.32986],[69.33875,22.33014],[69.33903,22.33014],[69.33903,22.33042],[69.34014,22.33042],[69.34014,22.33014],[69.34042,22.33014],[69.34042,22.32986],[69.34097,22.32986],[69.34097,22.32958],[69.34153,22.32958],[69.34153,22.32931],[69.3418,22.32931],[69.3418,22.32903],[69.34236,22.32903],[69.34236,22.32875],[69.34265,22.32875],[69.34264,22.32847],[69.34403,22.32847],[69.34403,22.3282],[69.34542,22.3282],[69.34542,22.32792],[69.3468,22.32793],[69.3468,22.32764],[69.34812,22.32764],[69.3482,22.32764],[69.3482,22.32736],[69.34959,22.32736],[69.34959,22.32708],[69.35069,22.32709],[69.35069,22.32681],[69.3532,22.32681],[69.3532,22.32667],[69.3532,22.32653],[69.35353,22.32653],[69.35375,22.32653],[69.35375,22.32643],[69.35375,22.32625],[69.35403,22.32625],[69.35403,22.32597],[69.35431,22.32597],[69.35431,22.32597],[69.35431,22.32542],[69.35451,22.32542],[69.35459,22.32542],[69.35459,22.32487],[69.35542,22.32487],[69.35542,22.32458],[69.35625,22.32458],[69.35625,22.32431],[69.35709,22.3243],[69.35709,22.32403],[69.35792,22.32403],[69.35792,22.32375],[69.35875,22.32375],[69.35875,22.32347],[69.35931,22.32347],[69.35931,22.32319],[69.36014,22.32319],[69.36014,22.32292],[69.36097,22.32292],[69.36097,22.32264],[69.36181,22.32264],[69.36181,22.32236],[69.36264,22.32236],[69.36264,22.32208],[69.36653,22.32208],[69.36653,22.32181],[69.36708,22.32181],[69.36708,22.32153],[69.36736,22.32153],[69.36736,22.31958],[69.36708,22.31959],[69.36708,22.31903],[69.36682,22.31903],[69.36682,22.31874],[69.36653,22.31875],[69.36653,22.31847],[69.36625,22.31847],[69.36625,22.3182],[69.36597,22.3182],[69.36597,22.31792],[69.36542,22.31792],[69.36542,22.31764],[69.36429,22.31764],[69.36429,22.3168],[69.36459,22.3168],[69.36459,22.31664],[69.36459,22.31653],[69.36681,22.31653],[69.36681,22.31668],[69.36681,22.3168],[69.36764,22.3168],[69.36764,22.31708],[69.36875,22.31708],[69.36875,22.31736],[69.37041,22.31736],[69.37041,22.31764],[69.37097,22.31764],[69.37097,22.31792],[69.37209,22.31792],[69.37209,22.3182],[69.37292,22.3182],[69.37292,22.31847],[69.37347,22.31847],[69.37347,22.31875],[69.37403,22.31874],[69.37403,22.31903],[69.37458,22.31903],[69.37458,22.31931],[69.37514,22.31931],[69.37514,22.31959],[69.37556,22.31958],[69.37569,22.31958],[69.37569,22.31986],[69.37625,22.31986],[69.37625,22.32097],[69.37614,22.32097],[69.37597,22.32097],[69.37597,22.32125],[69.37569,22.32125],[69.37569,22.32181],[69.37597,22.32181],[69.37597,22.32208],[69.37736,22.32208],[69.37736,22.32181],[69.37892,22.32181],[69.37903,22.32181],[69.37903,22.32208],[69.38042,22.32208],[69.38042,22.32236],[69.38319,22.32236],[69.38319,22.32208],[69.38403,22.32208],[69.38403,22.32181],[69.38514,22.32181],[69.38514,22.32153],[69.38541,22.32153],[69.38541,22.32097],[69.3857,22.32097],[69.3857,22.31903],[69.38597,22.31903],[69.38597,22.31874],[69.38626,22.31875],[69.38626,22.31847],[69.3868,22.31847],[69.3868,22.31903],[69.38708,22.31903],[69.38708,22.31931],[69.38736,22.31931],[69.38736,22.31986],[69.38763,22.31986],[69.38763,22.32014],[69.38792,22.32014],[69.38792,22.32042],[69.38819,22.32042],[69.38819,22.3207],[69.38847,22.3207],[69.38847,22.32097],[69.38903,22.32097],[69.38903,22.32125],[69.38986,22.32125],[69.38986,22.32153],[69.39014,22.32153],[69.39014,22.32125],[69.3907,22.32125],[69.3907,22.32097],[69.39681,22.32097],[69.39681,22.3207],[69.39792,22.3207],[69.39792,22.32042],[69.39903,22.32042],[69.39903,22.32014],[69.40014,22.32014],[69.40014,22.31986],[69.40041,22.31986],[69.40041,22.31958],[69.40097,22.31959],[69.40097,22.31903],[69.40125,22.31903],[69.40125,22.31847],[69.40153,22.31847],[69.40153,22.31792],[69.4018,22.31792],[69.4018,22.31736],[69.40208,22.31736],[69.40208,22.3168],[69.40236,22.3168],[69.40236,22.31625],[69.40264,22.31625],[69.40264,22.31602],[69.40264,22.31597],[69.4032,22.31597],[69.4032,22.31605],[69.4032,22.31625],[69.4093,22.31625],[69.4093,22.31608],[69.4093,22.31597],[69.41376,22.31597],[69.41379,22.31597],[69.41736,22.31597],[69.41736,22.31569],[69.41888,22.31569],[69.41931,22.31569],[69.41931,22.31581],[69.41931,22.31597],[69.41994,22.31597],[69.42014,22.31597],[69.42014,22.31602],[69.42014,22.31625],[69.421,22.31625],[69.42125,22.31625],[69.42125,22.31641],[69.42125,22.31653],[69.42144,22.31653],[69.42264,22.31653],[69.42264,22.3168],[69.42347,22.3168],[69.42347,22.31708],[69.42403,22.31708],[69.42403,22.31736],[69.42458,22.31736],[69.42458,22.31764],[69.42486,22.31764],[69.42486,22.31792],[69.42542,22.31792],[69.42542,22.3182],[69.42597,22.3182],[69.42597,22.31847],[69.42653,22.31847],[69.42653,22.31875],[69.4268,22.31874],[69.4268,22.31903],[69.42764,22.31903],[69.42764,22.31931],[69.42819,22.31931],[69.42819,22.31959],[69.42875,22.31958],[69.42875,22.31986],[69.4293,22.31986],[69.4293,22.32042],[69.42958,22.32042],[69.42958,22.3207],[69.42986,22.3207],[69.42986,22.32097],[69.43042,22.32097],[69.43042,22.3207],[69.4307,22.3207],[69.4307,22.32014],[69.43125,22.32014],[69.43125,22.32042],[69.43181,22.32042],[69.43181,22.3207],[69.43209,22.3207],[69.43209,22.32097],[69.43236,22.32097],[69.43236,22.32125],[69.4332,22.32125],[69.4332,22.32153],[69.43403,22.32153],[69.43403,22.32181],[69.43486,22.32181],[69.43486,22.32208],[69.43568,22.32208],[69.43568,22.32236],[69.43597,22.32236],[69.43597,22.32264],[69.43653,22.32264],[69.43653,22.32292],[69.43708,22.32292],[69.43708,22.32319],[69.43736,22.32319],[69.43736,22.32403],[69.43708,22.32403],[69.43708,22.32458],[69.43736,22.32458],[69.43736,22.32505],[69.43736,22.32514],[69.43749,22.32514],[69.43764,22.32514],[69.43764,22.32525],[69.43764,22.32542],[69.43788,22.32542],[69.43792,22.32542],[69.43792,22.32545],[69.43792,22.3257],[69.43826,22.3257],[69.43847,22.32569],[69.43847,22.32585],[69.43847,22.32597],[69.43863,22.32597],[69.43874,22.32597],[69.43874,22.32607],[69.43874,22.32625],[69.43891,22.32625],[69.43903,22.32625],[69.43903,22.32638],[69.43903,22.32653],[69.43917,22.32653],[69.43931,22.32653],[69.43931,22.32669],[69.43931,22.32681],[69.43942,22.32681],[69.43958,22.32681],[69.43958,22.32699],[69.43958,22.32709],[69.43968,22.32709],[69.43986,22.32708],[69.43986,22.32728],[69.43986,22.32736],[69.43993,22.32736],[69.44014,22.32736],[69.44014,22.32764],[69.44041,22.32764],[69.44041,22.32793],[69.4407,22.32792],[69.4407,22.3282],[69.44041,22.32819],[69.44041,22.32882],[69.44041,22.32931],[69.44109,22.32931],[69.44153,22.32931],[69.44153,22.32986],[69.44181,22.32986],[69.44181,22.33011],[69.44181,22.33042],[69.44236,22.33042],[69.44236,22.33069],[69.44292,22.33069],[69.44292,22.33097],[69.44625,22.33097],[69.44625,22.33125],[69.44736,22.33125],[69.44736,22.33153],[69.44876,22.33153],[69.44876,22.33181],[69.4493,22.33181],[69.4493,22.33208],[69.44986,22.33208],[69.44986,22.33236],[69.45042,22.33236],[69.45042,22.33264],[69.45125,22.33264],[69.45125,22.33292],[69.45153,22.33292],[69.45153,22.3332],[69.45208,22.3332],[69.45208,22.33347],[69.45236,22.33347],[69.45236,22.33403],[69.45264,22.33403],[69.45264,22.33459],[69.45292,22.33459],[69.45292,22.33486],[69.45319,22.33486],[69.45319,22.33514],[69.45375,22.33514],[69.45375,22.33542],[69.45431,22.33542],[69.45431,22.3357],[69.45486,22.3357],[69.45486,22.33542],[69.45514,22.33542],[69.45514,22.33514],[69.45541,22.33514],[69.45541,22.33486],[69.45569,22.33486],[69.45569,22.33459],[69.45597,22.33459],[69.45597,22.33431],[69.45625,22.33431],[69.45625,22.33403],[69.45653,22.33403],[69.45653,22.33374],[69.4568,22.33375],[69.4568,22.33349],[69.4568,22.33347],[69.45689,22.33347],[69.45709,22.33347],[69.45709,22.33344],[69.45709,22.3332],[69.45736,22.3332],[69.45736,22.33292],[69.45764,22.33292],[69.45764,22.33236],[69.45848,22.33236],[69.45848,22.33292],[69.45903,22.33292],[69.45903,22.33317],[69.45903,22.3332],[69.45931,22.3332],[69.45931,22.33347],[69.45959,22.33347],[69.45959,22.33375],[69.46042,22.33375],[69.46042,22.33347],[69.4607,22.33347],[69.4607,22.3332],[69.46098,22.3332],[69.46098,22.33292],[69.46125,22.33292],[69.46125,22.33224],[69.46125,22.33208],[69.46133,22.33208],[69.46153,22.33208],[69.46153,22.33167],[69.46153,22.33153],[69.4616,22.33153],[69.46181,22.33153],[69.46181,22.33125],[69.46222,22.33125],[69.46236,22.33125],[69.46236,22.33101],[69.46236,22.33097],[69.4625,22.33097],[69.4632,22.33097],[69.4632,22.33077],[69.4632,22.33069],[69.46344,22.33069],[69.46459,22.33069],[69.46459,22.33042],[69.46514,22.33042],[69.46514,22.33026],[69.46514,22.33014],[69.46562,22.33014],[69.46604,22.33014],[69.46736,22.33014],[69.46736,22.33042],[69.46792,22.33042],[69.46792,22.33051],[69.46792,22.33069],[69.46819,22.33069],[69.46819,22.33097],[69.46864,22.33097],[69.46875,22.33097],[69.46875,22.33117],[69.46875,22.33125],[69.46885,22.33125],[69.46902,22.33125],[69.46902,22.33137],[69.46902,22.33153],[69.46924,22.33153],[69.46931,22.33153],[69.46931,22.33158],[69.46931,22.33181],[69.46958,22.33181],[69.46958,22.33208],[69.46986,22.33208],[69.46986,22.33236],[69.47014,22.33236],[69.47014,22.33264],[69.47042,22.33264],[69.47042,22.33292],[69.47347,22.33292],[69.47347,22.3332],[69.47475,22.3332],[69.47486,22.3332],[69.47486,22.33347],[69.47551,22.33347],[69.47598,22.33347],[69.47598,22.33367],[69.47598,22.33375],[69.47616,22.33375],[69.47681,22.33374],[69.47681,22.33397],[69.47681,22.33403],[69.47708,22.33403],[69.47708,22.33459],[69.47736,22.33458],[69.47736,22.33514],[69.47792,22.33514],[69.47792,22.33486],[69.47875,22.33486],[69.47875,22.33459],[69.47903,22.33459],[69.47903,22.33431],[69.47912,22.33431],[69.47959,22.33431],[69.47959,22.33403],[69.48042,22.33403],[69.48042,22.33431],[69.4807,22.33431],[69.4807,22.33459],[69.48209,22.33459],[69.48209,22.33486],[69.48265,22.33486],[69.48265,22.33514],[69.48319,22.33514],[69.48319,22.33542],[69.48402,22.33542],[69.48402,22.3357],[69.48458,22.3357],[69.48458,22.33597],[69.48514,22.33597],[69.48514,22.33625],[69.48542,22.33625],[69.48542,22.33653],[69.48569,22.33653],[69.48569,22.33681],[69.48597,22.33681],[69.48597,22.33708],[69.48625,22.33708],[69.48625,22.33736],[69.48681,22.33736],[69.48681,22.33764],[69.48764,22.33764],[69.48764,22.33792],[69.48792,22.33792],[69.48792,22.33819],[69.4882,22.33819],[69.4882,22.33792],[69.48847,22.33792],[69.48847,22.33819],[69.48875,22.33819],[69.48875,22.33865],[69.48875,22.33987],[69.48847,22.33987],[69.48847,22.34264],[69.4882,22.34264],[69.4882,22.3472],[69.4882,22.34764],[69.48808,22.34764],[69.48792,22.34764],[69.48792,22.34822],[69.48792,22.34841],[69.48792,22.34847],[69.48795,22.34847],[69.4882,22.34847],[69.4882,22.34875],[69.48847,22.34875],[69.48847,22.34903],[69.48875,22.34903],[69.48875,22.34931],[69.48903,22.34931],[69.48903,22.35156],[69.48903,22.35181],[69.4891,22.35181],[69.4893,22.35181],[69.4893,22.35269],[69.4893,22.35292],[69.48934,22.35292],[69.48959,22.35292],[69.48959,22.35403],[69.48986,22.35403],[69.48986,22.35486],[69.49014,22.35486],[69.49014,22.35566],[69.49014,22.35566],[69.49014,22.3557],[69.49017,22.35569],[69.49017,22.35569],[69.49042,22.3557],[69.49042,22.35595],[69.49042,22.35595],[69.49042,22.35597],[69.49044,22.35597],[69.49044,22.35597],[69.49069,22.35597],[69.49069,22.35624],[69.49069,22.35624],[69.49069,22.35625],[69.49071,22.35625],[69.49071,22.35625],[69.49097,22.35625],[69.49097,22.35653],[69.49125,22.35653],[69.49125,22.35681],[69.49181,22.35681],[69.49181,22.35708],[69.49208,22.35708],[69.49208,22.35764],[69.49236,22.35764],[69.49236,22.35799],[69.49236,22.35799],[69.49236,22.35819],[69.49255,22.35819],[69.49256,22.35819],[69.49264,22.35819],[69.49264,22.35828],[69.49264,22.35835],[69.49264,22.35853],[69.49264,22.35903],[69.49287,22.35903],[69.49319,22.35903],[69.49319,22.35931],[69.49347,22.35931],[69.49347,22.35958],[69.49375,22.35958],[69.49375,22.36014],[69.49403,22.36014],[69.49403,22.36042],[69.49431,22.36042],[69.49431,22.3607],[69.49486,22.3607],[69.49486,22.36097],[69.49514,22.36097],[69.49514,22.36125],[69.49541,22.36125],[69.49541,22.36153],[69.4957,22.36153],[69.4957,22.36209],[69.49596,22.36208],[69.49596,22.36264],[69.49625,22.36264],[69.49625,22.36292],[69.49653,22.36292],[69.49653,22.3632],[69.49681,22.36319],[69.49681,22.36375],[69.4971,22.36375],[69.4971,22.36404],[69.49736,22.36404],[69.49736,22.36431],[69.49764,22.36431],[69.49764,22.36458],[69.49792,22.36458],[69.49792,22.36486],[69.49819,22.36486],[69.49819,22.36514],[69.49847,22.36514],[69.49847,22.36542],[69.49875,22.36542],[69.49875,22.3657],[69.49903,22.3657],[69.49903,22.36597],[69.49958,22.36597],[69.49958,22.36625],[69.49986,22.36625],[69.49986,22.36653],[69.50042,22.36653],[69.50042,22.36681],[69.5007,22.3668],[69.5007,22.36702],[69.5007,22.36708],[69.50089,22.36708],[69.50153,22.36708],[69.50153,22.36729],[69.50153,22.36736],[69.50173,22.36736],[69.50236,22.36736],[69.50236,22.36757],[69.50236,22.36764],[69.50257,22.36764],[69.50291,22.36764],[69.50291,22.36775],[69.50291,22.36792],[69.50341,22.36792],[69.50376,22.36791],[69.50376,22.36803],[69.50376,22.3682],[69.50421,22.3682],[69.50514,22.3682],[69.50514,22.36847],[69.50597,22.36847],[69.50597,22.36875],[69.50708,22.36875],[69.50708,22.36903],[69.50764,22.36903],[69.50764,22.36931],[69.50819,22.36931],[69.50819,22.36959],[69.50875,22.36959],[69.50875,22.36986],[69.50931,22.36985],[69.50931,22.37014],[69.50986,22.37014],[69.50986,22.37042],[69.51041,22.37042],[69.51041,22.3707],[69.5107,22.3707],[69.5107,22.37097],[69.51126,22.37097],[69.51126,22.37125],[69.51153,22.37125],[69.51153,22.37136],[69.51153,22.37153],[69.51195,22.37153],[69.51208,22.37153],[69.51208,22.37158],[69.51208,22.37181],[69.51236,22.37181],[69.51236,22.37208],[69.51291,22.37208],[69.51291,22.37236],[69.51303,22.37236],[69.51319,22.37236],[69.51319,22.37264],[69.51375,22.37264],[69.51375,22.37292],[69.51403,22.37292],[69.51403,22.37347],[69.51431,22.37347],[69.51431,22.37375],[69.51458,22.37375],[69.51458,22.37403],[69.51486,22.37403],[69.51486,22.37431],[69.51542,22.37431],[69.51542,22.37459],[69.51598,22.37458],[69.51598,22.37486],[69.51625,22.37486],[69.51625,22.37514],[69.51653,22.37514],[69.51653,22.37542],[69.51681,22.37542],[69.51681,22.3757],[69.51709,22.37569],[69.51709,22.37598],[69.51736,22.37598],[69.51736,22.37625],[69.51764,22.37625],[69.51764,22.37653],[69.51791,22.37653],[69.51791,22.37681],[69.5182,22.37681],[69.5182,22.37708],[69.51847,22.37708],[69.51847,22.37736],[69.51875,22.37736],[69.51875,22.37792],[69.51903,22.37792],[69.51903,22.37819],[69.5193,22.37819],[69.5193,22.37847],[69.51958,22.37847],[69.51958,22.37875],[69.51986,22.37875],[69.51986,22.37904],[69.52014,22.37903],[69.52014,22.3793],[69.52125,22.3793],[69.52125,22.38014],[69.52153,22.38014],[69.52153,22.3807],[69.52181,22.3807],[69.52181,22.38209],[69.52209,22.38208],[69.52209,22.38236],[69.52236,22.38236],[69.52236,22.38292],[69.52264,22.38292],[69.52264,22.38347],[69.52292,22.38347],[69.52292,22.38458],[69.5232,22.38458],[69.5232,22.38486],[69.52348,22.38486],[69.52348,22.38569],[69.52371,22.38569],[69.52375,22.38569],[69.52375,22.38627],[69.52375,22.38736],[69.52353,22.38736],[69.52348,22.38736],[69.52348,22.38784],[69.52349,22.38875],[69.5232,22.38875],[69.5232,22.38903],[69.52292,22.38903],[69.52292,22.38931],[69.52264,22.38931],[69.52264,22.38959],[69.52236,22.38959],[69.52236,22.38986],[69.52209,22.38986],[69.52209,22.39014],[69.5218,22.39014],[69.5218,22.39042],[69.52153,22.39042],[69.52153,22.3907],[69.52125,22.39069],[69.52125,22.39098],[69.52097,22.39098],[69.52097,22.39125],[69.52069,22.39125],[69.52069,22.39153],[69.52042,22.39153],[69.52042,22.39181],[69.52014,22.39181],[69.52014,22.39208],[69.51997,22.39208],[69.51903,22.39208],[69.51903,22.39236],[69.51847,22.39236],[69.51847,22.39264],[69.5182,22.39264],[69.5182,22.39292],[69.51792,22.39292],[69.51792,22.39319],[69.51764,22.39319],[69.51764,22.39347],[69.51736,22.39347],[69.51736,22.39375],[69.51681,22.39375],[69.51681,22.39431],[69.51653,22.3943],[69.51653,22.39458],[69.51625,22.39458],[69.51625,22.39514],[69.51598,22.39514],[69.51598,22.39944],[69.51598,22.39958],[69.5157,22.39958],[69.5157,22.40093],[69.5157,22.40195],[69.5157,22.40384],[69.5157,22.40486],[69.51598,22.40486],[69.51598,22.40542],[69.51569,22.40542],[69.51569,22.4057],[69.51625,22.4057],[69.51625,22.40625],[69.51653,22.40626],[69.51653,22.40681],[69.51681,22.40681],[69.51681,22.40736],[69.51689,22.40736],[69.51709,22.40736],[69.51709,22.40792],[69.51737,22.40792],[69.51737,22.40847],[69.51764,22.40847],[69.51764,22.40903],[69.51792,22.40903],[69.51792,22.41097],[69.51764,22.41097],[69.51764,22.41153],[69.51736,22.41153],[69.51736,22.41209],[69.51708,22.41208],[69.51709,22.41264],[69.51681,22.41264],[69.51681,22.41292],[69.51653,22.41292],[69.51653,22.41347],[69.51625,22.41347],[69.51625,22.41364],[69.51625,22.41403],[69.51598,22.41403],[69.51598,22.41458],[69.5157,22.41458],[69.5157,22.41486],[69.51542,22.41486],[69.51542,22.41574],[69.51542,22.41598],[69.51514,22.41597],[69.51514,22.41681],[69.51458,22.41681],[69.51458,22.41709],[69.51403,22.41708],[69.51403,22.41736],[69.51153,22.41736],[69.51153,22.41764],[69.51096,22.41764],[69.51096,22.41792],[69.5107,22.41792],[69.5107,22.4182],[69.51042,22.4182],[69.51042,22.41847],[69.5102,22.41847],[69.51014,22.41847],[69.51014,22.41854],[69.51014,22.41903],[69.50987,22.41903],[69.50987,22.41958],[69.51014,22.41958],[69.51014,22.42042],[69.50987,22.42042],[69.50987,22.42069],[69.50958,22.42069],[69.50958,22.42097],[69.50931,22.42097],[69.50931,22.42236],[69.50708,22.42236],[69.50708,22.42208],[69.50654,22.42208],[69.50653,22.42208],[69.50653,22.42236],[69.50625,22.42236],[69.50625,22.42264],[69.50542,22.42264],[69.50542,22.42292],[69.50514,22.42292],[69.50514,22.42347],[69.50486,22.42347],[69.50486,22.42375],[69.50403,22.42375],[69.50403,22.42432],[69.50376,22.42431],[69.50347,22.42431],[69.50347,22.42459],[69.5032,22.42458],[69.5032,22.42514],[69.50292,22.42514],[69.50291,22.42569],[69.50264,22.4257],[69.50264,22.42625],[69.50236,22.42625],[69.50236,22.42653],[69.50236,22.42681],[69.50209,22.42681],[69.50209,22.42875],[69.50181,22.42875],[69.50181,22.42958],[69.50153,22.42958],[69.50153,22.43153],[69.50125,22.43153],[69.50125,22.43181],[69.5007,22.43181],[69.5007,22.43209],[69.50042,22.43209],[69.50042,22.43236],[69.50014,22.43236],[69.50014,22.43264],[69.49986,22.43264],[69.49986,22.43292],[69.49958,22.43292],[69.49958,22.4332],[69.49931,22.4332],[69.49931,22.43347],[69.49902,22.43347],[69.49902,22.43375],[69.49875,22.43375],[69.49875,22.43403],[69.49847,22.43403],[69.49847,22.43514],[69.49819,22.43514],[69.49819,22.43569],[69.49875,22.43569],[69.49875,22.43542],[69.49932,22.43542],[69.49932,22.43514],[69.49958,22.43514],[69.49958,22.43486],[69.49986,22.43486],[69.49986,22.43458],[69.50042,22.43458],[69.50042,22.43431],[69.50097,22.43431],[69.50097,22.43403],[69.50125,22.43403],[69.50125,22.43375],[69.50209,22.43375],[69.50208,22.43347],[69.50236,22.43347],[69.50236,22.4332],[69.50264,22.4332],[69.50264,22.43236],[69.50292,22.43236],[69.50292,22.43209],[69.5032,22.43209],[69.5032,22.42986],[69.50347,22.42986],[69.50347,22.42792],[69.50375,22.42792],[69.50375,22.42736],[69.50392,22.42736],[69.50403,22.42736],[69.50403,22.42658],[69.50459,22.4266],[69.50459,22.42681],[69.50486,22.42681],[69.50486,22.42709],[69.50542,22.42709],[69.50542,22.42736],[69.50681,22.42736],[69.50681,22.42625],[69.50708,22.42625],[69.50708,22.42597],[69.50736,22.42597],[69.50736,22.42542],[69.50625,22.42542],[69.50625,22.42486],[69.50653,22.42486],[69.50653,22.42459],[69.50681,22.42459],[69.50681,22.42403],[69.50708,22.42403],[69.50708,22.42375],[69.50764,22.42375],[69.50764,22.42432],[69.50792,22.42431],[69.50792,22.42486],[69.50819,22.42486],[69.50819,22.42514],[69.50847,22.42514],[69.50847,22.42542],[69.50903,22.42542],[69.50903,22.4257],[69.51458,22.4257],[69.51458,22.42542],[69.51514,22.42542],[69.51514,22.4257],[69.51708,22.4257],[69.51708,22.42597],[69.51875,22.42597],[69.51875,22.42625],[69.51955,22.42625],[69.51958,22.42625],[69.51958,22.42653],[69.52292,22.42653],[69.52292,22.42625],[69.5232,22.42625],[69.5232,22.42532],[69.5232,22.42486],[69.52348,22.42486],[69.52348,22.42459],[69.52375,22.42459],[69.52375,22.42431],[69.52431,22.42432],[69.52431,22.42403],[69.52458,22.42403],[69.52458,22.42375],[69.52561,22.42375],[69.5268,22.42375],[69.5268,22.42347],[69.52709,22.42347],[69.52709,22.4232],[69.52764,22.4232],[69.52764,22.42292],[69.52792,22.42292],[69.52792,22.42264],[69.52847,22.42264],[69.52847,22.42236],[69.52875,22.42236],[69.52875,22.42208],[69.52903,22.42208],[69.52903,22.42181],[69.52959,22.42181],[69.52959,22.42153],[69.52986,22.42153],[69.52986,22.42125],[69.53042,22.42125],[69.53042,22.42096],[69.53069,22.42097],[69.53069,22.42069],[69.53098,22.42069],[69.53098,22.42042],[69.53152,22.42042],[69.53152,22.42014],[69.53181,22.42014],[69.53181,22.41986],[69.53209,22.41986],[69.53208,22.41958],[69.53237,22.41958],[69.53237,22.41931],[69.53264,22.41931],[69.53264,22.41903],[69.53292,22.41903],[69.53292,22.4186],[69.53292,22.41847],[69.53306,22.41847],[69.5332,22.41847],[69.5332,22.41835],[69.5332,22.4182],[69.53337,22.4182],[69.53339,22.4182],[69.53347,22.4182],[69.53347,22.41764],[69.53375,22.41764],[69.53375,22.41708],[69.53403,22.41709],[69.53403,22.41681],[69.5343,22.41681],[69.5343,22.41597],[69.53458,22.41598],[69.53458,22.41514],[69.53484,22.41515],[69.53486,22.41515],[69.53486,22.41507],[69.53486,22.41486],[69.53492,22.41486],[69.53542,22.41486],[69.53542,22.41458],[69.5357,22.41458],[69.5357,22.41403],[69.53597,22.41403],[69.53597,22.4135],[69.53597,22.41319],[69.5357,22.41319],[69.5357,22.41181],[69.53543,22.41181],[69.53543,22.41069],[69.5357,22.4107],[69.5357,22.41042],[69.53597,22.41042],[69.53597,22.41014],[69.53625,22.41014],[69.53625,22.41009],[69.53625,22.40986],[69.53653,22.40986],[69.53653,22.41011],[69.53653,22.41014],[69.5368,22.41014],[69.5368,22.41042],[69.53709,22.41042],[69.53709,22.41014],[69.53931,22.41014],[69.53931,22.40958],[69.53958,22.40959],[69.53958,22.40903],[69.53987,22.40903],[69.53987,22.40875],[69.54153,22.40875],[69.54153,22.40847],[69.54209,22.40847],[69.54209,22.40822],[69.54209,22.40819],[69.54214,22.40819],[69.54236,22.40819],[69.54236,22.40809],[69.54236,22.40792],[69.54271,22.40792],[69.54292,22.40792],[69.54292,22.40782],[69.54292,22.40764],[69.5432,22.40764],[69.5432,22.40736],[69.54353,22.40736],[69.54375,22.40736],[69.54375,22.40715],[69.54375,22.40708],[69.54382,22.40708],[69.54403,22.40708],[69.54403,22.40688],[69.54403,22.40681],[69.54411,22.40681],[69.54459,22.40681],[69.54459,22.40653],[69.54514,22.40653],[69.54514,22.40625],[69.54542,22.40625],[69.54542,22.40596],[69.54598,22.40597],[69.54598,22.40569],[69.54625,22.4057],[69.54625,22.40562],[69.54625,22.40542],[69.54736,22.40542],[69.54736,22.40514],[69.54819,22.40514],[69.54819,22.40486],[69.54875,22.40486],[69.54875,22.40458],[69.54986,22.40458],[69.54986,22.40468],[69.54986,22.40486],[69.55013,22.40486],[69.55013,22.40514],[69.55042,22.40514],[69.55042,22.40486],[69.5507,22.40486],[69.5507,22.40431],[69.55097,22.40431],[69.55097,22.40347],[69.55125,22.40347],[69.55125,22.40292],[69.55153,22.40292],[69.55153,22.40236],[69.55179,22.40236],[69.55179,22.40208],[69.55209,22.40208],[69.55209,22.40126],[69.55236,22.40125],[69.55236,22.40069],[69.55264,22.40069],[69.55264,22.40014],[69.55292,22.40015],[69.55292,22.39958],[69.55319,22.39958],[69.55319,22.39875],[69.55292,22.39875],[69.55292,22.39792],[69.55267,22.39792],[69.55264,22.39792],[69.55264,22.39783],[69.55264,22.39708],[69.55242,22.39708],[69.55236,22.39709],[69.55236,22.39686],[69.55236,22.39625],[69.55213,22.39625],[69.55209,22.39625],[69.55209,22.39615],[69.55209,22.39542],[69.55181,22.39542],[69.55179,22.39542],[69.55179,22.39539],[69.55179,22.39458],[69.55153,22.39458],[69.55153,22.39375],[69.55151,22.39375],[69.55097,22.39375],[69.55097,22.39403],[69.55042,22.39402],[69.55042,22.39419],[69.55042,22.39431],[69.54973,22.39431],[69.54959,22.3943],[69.54959,22.39439],[69.54959,22.39458],[69.54924,22.39458],[69.54875,22.39458],[69.54875,22.39403],[69.54903,22.39403],[69.54903,22.39375],[69.54931,22.39375],[69.54931,22.39319],[69.54959,22.39319],[69.54959,22.39306],[69.54959,22.39292],[69.55013,22.39292],[69.55013,22.39264],[69.55042,22.39264],[69.55042,22.39236],[69.5507,22.39236],[69.5507,22.39208],[69.55097,22.39208],[69.55097,22.39181],[69.55125,22.39181],[69.55125,22.39153],[69.55153,22.39153],[69.55153,22.39147],[69.55153,22.39125],[69.55179,22.39125],[69.55179,22.39098],[69.55209,22.39098],[69.55209,22.39069],[69.55236,22.3907],[69.55236,22.39014],[69.55264,22.39014],[69.55264,22.38986],[69.55292,22.38986],[69.55292,22.38958],[69.55319,22.38959],[69.55319,22.38931],[69.55342,22.38931],[69.55347,22.38931],[69.55347,22.38903],[69.55375,22.38903],[69.55375,22.38881],[69.55375,22.38875],[69.55486,22.38875],[69.55486,22.3889],[69.55486,22.38903],[69.55514,22.38903],[69.55514,22.38875],[69.55569,22.38875],[69.55569,22.38847],[69.55597,22.38847],[69.55597,22.38794],[69.55597,22.38681],[69.55626,22.3868],[69.55625,22.38403],[69.55653,22.38403],[69.55653,22.38286],[69.55653,22.38153],[69.55681,22.38153],[69.55681,22.38145],[69.55681,22.38042],[69.55709,22.38042],[69.55709,22.3793],[69.55736,22.3793],[69.55736,22.37903],[69.55709,22.37904],[69.55709,22.37764],[69.55736,22.37764],[69.55736,22.37658],[69.55736,22.37542],[69.55671,22.37542],[69.55158,22.37542],[69.5507,22.37542],[69.5507,22.37514],[69.55042,22.37514],[69.55042,22.37488],[69.55042,22.37486],[69.55013,22.37486],[69.55013,22.37431],[69.55042,22.37431],[69.55042,22.37403],[69.55093,22.37403],[69.55097,22.37403],[69.55097,22.37375],[69.55153,22.37375],[69.55153,22.37347],[69.55125,22.37347],[69.55125,22.37319],[69.55093,22.37319],[69.5507,22.37319],[69.5507,22.37309],[69.5507,22.37264],[69.55042,22.37264],[69.55042,22.37236],[69.5507,22.37236],[69.5507,22.37227],[69.5507,22.37181],[69.55125,22.37181],[69.55125,22.37153],[69.55179,22.37153],[69.55179,22.37125],[69.55236,22.37125],[69.55236,22.37097],[69.55292,22.37097],[69.55292,22.3707],[69.55347,22.3707],[69.55347,22.37042],[69.55431,22.37042],[69.55431,22.37014],[69.55486,22.37014],[69.55486,22.36985],[69.55542,22.36986],[69.55542,22.36959],[69.55597,22.36959],[69.55597,22.36931],[69.55653,22.36931],[69.55653,22.36903],[69.55709,22.36903],[69.55709,22.36875],[69.55764,22.36875],[69.55764,22.36847],[69.55792,22.36847],[69.55792,22.3682],[69.5582,22.3682],[69.5582,22.36791],[69.55847,22.36792],[69.55847,22.36764],[69.55875,22.36764],[69.55875,22.36736],[69.55929,22.36736],[69.55931,22.36736],[69.55931,22.36731],[69.55931,22.36708],[69.55936,22.36708],[69.55959,22.36708],[69.55959,22.3668],[69.55986,22.36681],[69.55986,22.3665],[69.55986,22.365],[69.55986,22.36442],[69.55986,22.36404],[69.55959,22.36404],[69.55959,22.36375],[69.55986,22.36375],[69.55986,22.36319],[69.56014,22.3632],[69.56014,22.36264],[69.56042,22.36264],[69.56042,22.36236],[69.56069,22.36236],[69.56069,22.36181],[69.56097,22.36181],[69.56097,22.36153],[69.56125,22.36153],[69.56125,22.36097],[69.56153,22.36097],[69.56153,22.36042],[69.56182,22.36042],[69.56182,22.35986],[69.56207,22.35986],[69.56264,22.35986],[69.56264,22.3594],[69.56264,22.35931],[69.56292,22.35931],[69.56292,22.35903],[69.56309,22.35903],[69.56319,22.35903],[69.56319,22.35881],[69.56319,22.35825],[69.56319,22.35819],[69.56314,22.35819],[69.56292,22.35819],[69.56292,22.35795],[69.56292,22.35792],[69.56289,22.35792],[69.56236,22.35792],[69.56236,22.35736],[69.56207,22.35736],[69.56207,22.35698],[69.56207,22.35681],[69.56193,22.35681],[69.56125,22.35681],[69.56125,22.35653],[69.56153,22.35653],[69.56153,22.35636],[69.56153,22.35625],[69.56182,22.35625],[69.56181,22.35599],[69.56181,22.3557],[69.56264,22.3557],[69.56264,22.35597],[69.56319,22.35597],[69.56319,22.35625],[69.56375,22.35625],[69.56375,22.35653],[69.56458,22.35653],[69.56458,22.35681],[69.56514,22.35681],[69.56514,22.35708],[69.5657,22.35708],[69.5657,22.35736],[69.56624,22.35736],[69.56624,22.35764],[69.56653,22.35764],[69.56653,22.35792],[69.5668,22.35792],[69.5668,22.35819],[69.56709,22.35819],[69.56709,22.3587],[69.56709,22.35875],[69.56712,22.35875],[69.56736,22.35875],[69.56736,22.35903],[69.56764,22.35903],[69.56764,22.35931],[69.56792,22.35931],[69.56792,22.35958],[69.56819,22.35958],[69.56819,22.35986],[69.56847,22.35986],[69.56847,22.36042],[69.56875,22.36042],[69.56875,22.36153],[69.56889,22.36153],[69.56903,22.36153],[69.56903,22.36292],[69.56931,22.36292],[69.56931,22.36311],[69.56931,22.36347],[69.56958,22.36347],[69.56958,22.36375],[69.56986,22.36375],[69.56986,22.36404],[69.57014,22.36404],[69.57014,22.36431],[69.57042,22.36431],[69.57042,22.36458],[69.57069,22.36458],[69.57069,22.36486],[69.57097,22.36486],[69.57097,22.36514],[69.57125,22.36514],[69.57125,22.36542],[69.57153,22.36542],[69.57153,22.3657],[69.57208,22.3657],[69.57208,22.36597],[69.57236,22.36597],[69.57236,22.36625],[69.57264,22.36625],[69.57264,22.36653],[69.57291,22.36653],[69.57291,22.36681],[69.57347,22.3668],[69.57347,22.36708],[69.57375,22.36708],[69.57375,22.36736],[69.57403,22.36736],[69.57403,22.36792],[69.57458,22.36791],[69.57458,22.3682],[69.57569,22.3682],[69.57569,22.36847],[69.5768,22.36847],[69.57783,22.36847],[69.5782,22.36847],[69.5782,22.36827],[69.5782,22.3682],[69.57834,22.3682],[69.57875,22.3682],[69.57875,22.36797],[69.57875,22.36791],[69.57885,22.36792],[69.57903,22.36792],[69.57903,22.36782],[69.57903,22.36764],[69.57935,22.36764],[69.57958,22.36764],[69.57958,22.36751],[69.57958,22.36736],[69.57985,22.36736],[69.58014,22.36736],[69.58014,22.3672],[69.58014,22.36708],[69.58035,22.36708],[69.58042,22.36708],[69.58042,22.36704],[69.58042,22.3668],[69.58056,22.36681],[69.58097,22.36681],[69.58097,22.36617],[69.58097,22.36597],[69.58109,22.36597],[69.58125,22.36597],[69.58125,22.36574],[69.58125,22.36542],[69.58149,22.36542],[69.58153,22.36542],[69.58153,22.36537],[69.58153,22.36486],[69.5818,22.36486],[69.5818,22.36458],[69.58199,22.36458],[69.58209,22.36458],[69.58209,22.36403],[69.58236,22.36404],[69.58236,22.3636],[69.58236,22.36347],[69.58246,22.36347],[69.58264,22.36347],[69.58264,22.36325],[69.58264,22.3632],[69.58269,22.3632],[69.58292,22.3632],[69.58292,22.36291],[69.58292,22.36264],[69.58314,22.36264],[69.58319,22.36264],[69.58319,22.36259],[69.58319,22.36208],[69.58292,22.36209],[69.58292,22.36167],[69.58292,22.36153],[69.58447,22.36153],[69.58486,22.36153],[69.58486,22.36181],[69.58518,22.36181],[69.5857,22.36181],[69.5857,22.36158],[69.5857,22.36153],[69.5858,22.36153],[69.58587,22.36153],[69.58681,22.36153],[69.58681,22.36174],[69.58681,22.36209],[69.58714,22.36209],[69.58764,22.36209],[69.58764,22.36236],[69.58791,22.36236],[69.58791,22.36263],[69.58791,22.36264],[69.58875,22.36264],[69.58875,22.36249],[69.58875,22.36236],[69.58902,22.36236],[69.58903,22.36236],[69.58903,22.36209],[69.58958,22.36209],[69.58958,22.36181],[69.58986,22.36181],[69.58986,22.36153],[69.59023,22.36153],[69.59041,22.36153],[69.59041,22.36135],[69.59041,22.36125],[69.59052,22.36125],[69.59069,22.36125],[69.5907,22.36107],[69.5907,22.36097],[69.5908,22.36097],[69.59125,22.36097],[69.59125,22.36042],[69.59153,22.36042],[69.59153,22.35986],[69.59181,22.35986],[69.59181,22.35931],[69.59209,22.35931],[69.59209,22.35875],[69.59237,22.35875],[69.59236,22.35681],[69.59209,22.35681],[69.59209,22.35625],[69.5918,22.35625],[69.5918,22.35597],[69.59159,22.35597],[69.59153,22.35597],[69.59153,22.35586],[69.59153,22.35542],[69.59128,22.35542],[69.59125,22.35542],[69.59125,22.35537],[69.59125,22.35485],[69.59097,22.35486],[69.59097,22.35459],[69.59076,22.35459],[69.5907,22.35459],[69.5907,22.35448],[69.59069,22.35403],[69.59041,22.35403],[69.59041,22.35375],[69.59014,22.35375],[69.59014,22.35347],[69.58958,22.35347],[69.58958,22.35319],[69.58931,22.3532],[69.58931,22.35292],[69.58875,22.35292],[69.58875,22.35264],[69.58847,22.35264],[69.58847,22.35236],[69.58792,22.35236],[69.58792,22.35208],[69.58736,22.35208],[69.58736,22.3518],[69.58681,22.35182],[69.58681,22.35153],[69.58631,22.35153],[69.58624,22.35153],[69.58624,22.3515],[69.58624,22.35125],[69.58582,22.35125],[69.5857,22.35125],[69.5857,22.35118],[69.5857,22.35097],[69.58533,22.35097],[69.58486,22.35097],[69.58486,22.35071],[69.58486,22.35069],[69.58484,22.35069],[69.58431,22.35069],[69.58431,22.35042],[69.58403,22.35042],[69.58403,22.35014],[69.58375,22.35014],[69.58375,22.34995],[69.58375,22.34986],[69.58363,22.34986],[69.58348,22.34986],[69.58348,22.34976],[69.58348,22.34958],[69.58322,22.34958],[69.58319,22.34958],[69.58319,22.34956],[69.58319,22.34931],[69.58292,22.34931],[69.58292,22.34903],[69.58252,22.34903],[69.58236,22.34903],[69.58236,22.34888],[69.58236,22.34875],[69.58221,22.34875],[69.58208,22.34875],[69.58208,22.34863],[69.58208,22.34847],[69.5819,22.34847],[69.5818,22.34847],[69.5818,22.34838],[69.5818,22.3482],[69.58157,22.3482],[69.58125,22.3482],[69.58125,22.34797],[69.58125,22.34792],[69.58118,22.34792],[69.58097,22.34792],[69.58097,22.34777],[69.58097,22.34764],[69.58079,22.34764],[69.5804,22.34764],[69.5804,22.34737],[69.5804,22.34736],[69.58039,22.34736],[69.58014,22.34736],[69.58014,22.34708],[69.57987,22.34709],[69.57987,22.34681],[69.57958,22.34681],[69.57958,22.34625],[69.57931,22.34625],[69.57931,22.34458],[69.57903,22.34458],[69.57903,22.34347],[69.57875,22.34347],[69.57875,22.34264],[69.57903,22.34264],[69.57903,22.34097],[69.57931,22.34097],[69.57931,22.34093],[69.57931,22.3409],[69.57931,22.33986],[69.57903,22.33987],[69.57903,22.33875],[69.57875,22.33875],[69.57875,22.33819],[69.5782,22.33819],[69.5782,22.33792],[69.57764,22.33792],[69.57764,22.33764],[69.57708,22.33764],[69.57708,22.33736],[69.57597,22.33736],[69.57597,22.33708],[69.57458,22.33708],[69.57458,22.33653],[69.5743,22.33653],[69.5743,22.33625],[69.57375,22.33625],[69.57375,22.33597],[69.57347,22.33597],[69.57347,22.3357],[69.5732,22.3357],[69.5732,22.33544],[69.57291,22.33542],[69.57291,22.33514],[69.57236,22.33514],[69.57236,22.33486],[69.57208,22.33486],[69.57208,22.33431],[69.57181,22.33431],[69.57181,22.33097],[69.57208,22.33097],[69.57208,22.33042],[69.57236,22.33042],[69.57236,22.32986],[69.57264,22.32986],[69.57264,22.32931],[69.57291,22.32931],[69.57291,22.32903],[69.5732,22.32903],[69.5732,22.32847],[69.57347,22.32847],[69.57347,22.32792],[69.57375,22.32793],[69.57375,22.32736],[69.57403,22.32736],[69.57403,22.32653],[69.5743,22.32653],[69.5743,22.32625],[69.57458,22.32625],[69.57458,22.32542],[69.57486,22.32542],[69.57486,22.32431],[69.57514,22.3243],[69.57514,22.32347],[69.57542,22.32347],[69.57542,22.32042],[69.57514,22.32042],[69.57514,22.31931],[69.57486,22.31931],[69.57486,22.31903],[69.57569,22.31903],[69.57569,22.31931],[69.57598,22.31931],[69.57598,22.31959],[69.57625,22.31958],[69.57625,22.32014],[69.57653,22.32014],[69.57653,22.32264],[69.57681,22.32264],[69.57681,22.32292],[69.57653,22.32292],[69.57653,22.32487],[69.57625,22.32487],[69.57625,22.32542],[69.57597,22.32542],[69.57597,22.32653],[69.57569,22.32653],[69.57569,22.32709],[69.57542,22.32709],[69.57542,22.3282],[69.57514,22.3282],[69.57514,22.32847],[69.57486,22.32847],[69.57486,22.32875],[69.57458,22.32875],[69.57458,22.32931],[69.5743,22.32931],[69.5743,22.32958],[69.57403,22.32958],[69.57403,22.33014],[69.57375,22.33014],[69.57375,22.33097],[69.57347,22.33097],[69.57347,22.33153],[69.5732,22.33153],[69.5732,22.33236],[69.57292,22.33236],[69.57292,22.3332],[69.5732,22.3332],[69.5732,22.33347],[69.57347,22.33347],[69.57347,22.33403],[69.57375,22.33403],[69.57375,22.33431],[69.57403,22.33431],[69.57403,22.33459],[69.57458,22.33459],[69.57458,22.33471],[69.57458,22.33514],[69.57514,22.33514],[69.57514,22.33542],[69.57542,22.33542],[69.57542,22.3357],[69.57569,22.3357],[69.57569,22.33597],[69.57597,22.33597],[69.57597,22.33625],[69.57681,22.33625],[69.57681,22.33653],[69.57875,22.33653],[69.57875,22.33681],[69.57931,22.33681],[69.57931,22.33708],[69.57958,22.33708],[69.57958,22.33736],[69.57986,22.33736],[69.57986,22.33764],[69.58014,22.33764],[69.58014,22.33819],[69.58042,22.33819],[69.58042,22.33958],[69.5807,22.33958],[69.5807,22.34264],[69.58055,22.34264],[69.5804,22.34264],[69.5804,22.34375],[69.58062,22.34375],[69.5807,22.34375],[69.5807,22.34466],[69.5807,22.34486],[69.58085,22.34486],[69.58097,22.34486],[69.58097,22.34503],[69.58097,22.34514],[69.58106,22.34514],[69.58125,22.34514],[69.58125,22.34541],[69.58126,22.34542],[69.58153,22.34542],[69.58153,22.34569],[69.5818,22.34568],[69.5818,22.34614],[69.5818,22.34625],[69.58189,22.34625],[69.58236,22.34625],[69.58236,22.34653],[69.58292,22.34653],[69.58292,22.34681],[69.58348,22.34681],[69.58348,22.34709],[69.58403,22.34708],[69.58403,22.34736],[69.58514,22.34736],[69.58514,22.34764],[69.5857,22.34764],[69.5857,22.34792],[69.58653,22.34792],[69.58653,22.3482],[69.58708,22.3482],[69.58708,22.34847],[69.58764,22.34847],[69.58764,22.34875],[69.5882,22.34875],[69.5882,22.34899],[69.5882,22.34903],[69.58826,22.34903],[69.58903,22.34903],[69.58903,22.34931],[69.58958,22.34931],[69.58958,22.34958],[69.59014,22.34958],[69.59014,22.34986],[69.5907,22.34986],[69.5907,22.35014],[69.59097,22.35014],[69.59097,22.35042],[69.59153,22.35042],[69.59153,22.35069],[69.59209,22.35069],[69.59209,22.35097],[69.59263,22.35097],[69.59263,22.35125],[69.59292,22.35125],[69.59292,22.35153],[69.59348,22.35153],[69.59348,22.35181],[69.59403,22.3518],[69.59403,22.35208],[69.59431,22.35208],[69.59431,22.35229],[69.59431,22.35236],[69.59487,22.35236],[69.59487,22.35233],[69.59487,22.35208],[69.59542,22.35208],[69.59542,22.35153],[69.59571,22.35153],[69.59571,22.35097],[69.59597,22.35097],[69.59597,22.35014],[69.59624,22.35014],[69.59625,22.35014],[69.59625,22.34994],[69.59625,22.34991],[69.59625,22.34895],[69.59625,22.34792],[69.59682,22.34792],[69.59708,22.34792],[69.59708,22.34856],[69.59708,22.34875],[69.59715,22.34875],[69.59736,22.34875],[69.59736,22.34903],[69.59764,22.34903],[69.59764,22.34958],[69.5982,22.34958],[69.5982,22.34986],[69.59847,22.34986],[69.59847,22.35014],[69.59875,22.35014],[69.59875,22.35042],[69.59903,22.35042],[69.59903,22.35069],[69.59931,22.35069],[69.59931,22.35042],[69.59973,22.35042],[69.59986,22.35042],[69.59986,22.34958],[69.60014,22.34958],[69.60014,22.34875],[69.60042,22.34875],[69.60042,22.34847],[69.60069,22.34847],[69.60069,22.34842],[69.60069,22.3482],[69.60097,22.3482],[69.60097,22.34764],[69.60125,22.34764],[69.60125,22.34736],[69.60152,22.34736],[69.60152,22.34708],[69.60208,22.34708],[69.60208,22.34736],[69.60237,22.34736],[69.60237,22.3482],[69.60208,22.3482],[69.60208,22.34847],[69.60181,22.34847],[69.60181,22.34903],[69.60152,22.34903],[69.60152,22.34941],[69.60152,22.34986],[69.60125,22.34986],[69.60125,22.35042],[69.60152,22.35042],[69.60152,22.35125],[69.60208,22.35125],[69.60208,22.35097],[69.60237,22.35097],[69.60237,22.35069],[69.60375,22.35069],[69.60375,22.35097],[69.60457,22.35097],[69.60457,22.35125],[69.60486,22.35125],[69.60486,22.35097],[69.60514,22.35097],[69.60514,22.35069],[69.60542,22.35069],[69.60542,22.3503],[69.60542,22.34986],[69.6057,22.34986],[69.6057,22.34958],[69.60597,22.34958],[69.60597,22.34709],[69.60542,22.34709],[69.60542,22.34653],[69.60597,22.34653],[69.60597,22.34625],[69.60625,22.34625],[69.60625,22.34375],[69.60597,22.34375],[69.60597,22.34236],[69.6057,22.34236],[69.6057,22.34097],[69.60597,22.34097],[69.60597,22.3407],[69.60625,22.3407],[69.60625,22.33986],[69.60653,22.33987],[69.60653,22.33974],[69.60653,22.33875],[69.60679,22.33875],[69.60679,22.33847],[69.60736,22.33847],[69.60736,22.33931],[69.60709,22.33931],[69.60709,22.34014],[69.60692,22.34014],[69.60679,22.34014],[69.60679,22.34181],[69.60653,22.34181],[69.60653,22.34347],[69.60679,22.34347],[69.60679,22.34792],[69.60709,22.34792],[69.60709,22.34903],[69.60736,22.34903],[69.60736,22.34931],[69.60863,22.34931],[69.60902,22.34931],[69.60902,22.3487],[69.60902,22.34819],[69.6093,22.3482],[69.60931,22.34818],[69.60931,22.34764],[69.60958,22.34764],[69.60958,22.34708],[69.60987,22.34709],[69.60987,22.34625],[69.61014,22.34625],[69.61014,22.34568],[69.61042,22.34569],[69.61042,22.34516],[69.61042,22.34486],[69.6107,22.34486],[69.6107,22.34431],[69.61097,22.34431],[69.61097,22.34375],[69.61125,22.34375],[69.61125,22.34291],[69.61153,22.34292],[69.61153,22.34236],[69.61181,22.34236],[69.61181,22.34181],[69.61208,22.34181],[69.61208,22.34153],[69.61236,22.34153],[69.61236,22.34086],[69.61236,22.34071],[69.61236,22.34041],[69.61221,22.34042],[69.61208,22.34042],[69.61208,22.34016],[69.61208,22.33958],[69.61181,22.33958],[69.61181,22.33875],[69.61153,22.33875],[69.61153,22.33819],[69.61125,22.33819],[69.61125,22.33764],[69.61097,22.33764],[69.61097,22.33681],[69.61077,22.33681],[69.61069,22.33681],[69.61069,22.3365],[69.61069,22.33597],[69.61062,22.33597],[69.61042,22.33597],[69.61042,22.33486],[69.61014,22.33486],[69.61014,22.33236],[69.60987,22.33236],[69.60987,22.33153],[69.60958,22.33153],[69.60958,22.33097],[69.60931,22.33097],[69.60931,22.33069],[69.60903,22.33069],[69.60903,22.33014],[69.60847,22.33014],[69.60847,22.32958],[69.60819,22.32958],[69.60819,22.32931],[69.60792,22.32931],[69.60792,22.32875],[69.60764,22.32875],[69.60764,22.3282],[69.60709,22.3282],[69.60709,22.32764],[69.60679,22.32764],[69.60679,22.32736],[69.60653,22.32736],[69.60653,22.32709],[69.60625,22.32709],[69.60625,22.32569],[69.60681,22.32569],[69.60681,22.32597],[69.60709,22.32597],[69.60709,22.32625],[69.60736,22.32625],[69.60736,22.32709],[69.60764,22.32709],[69.60764,22.32736],[69.60792,22.32736],[69.60792,22.32793],[69.60819,22.32792],[69.60819,22.3282],[69.60848,22.3282],[69.60848,22.32847],[69.60875,22.32847],[69.60875,22.32875],[69.60902,22.32875],[69.60902,22.32903],[69.60931,22.32903],[69.60931,22.32931],[69.60958,22.32931],[69.60958,22.33042],[69.60987,22.33042],[69.60987,22.33069],[69.61014,22.33068],[69.61014,22.33125],[69.61042,22.33125],[69.61042,22.33208],[69.61069,22.33208],[69.61069,22.33264],[69.61097,22.33264],[69.61097,22.33459],[69.61125,22.33458],[69.61125,22.3353],[69.61125,22.3357],[69.61138,22.3357],[69.61153,22.3357],[69.61153,22.33615],[69.61153,22.33625],[69.61156,22.33625],[69.61181,22.33625],[69.61181,22.33681],[69.61209,22.33681],[69.61209,22.33708],[69.61236,22.33708],[69.61236,22.33764],[69.61264,22.33764],[69.61264,22.33792],[69.6132,22.33792],[69.6132,22.33764],[69.61403,22.33764],[69.61403,22.33792],[69.6143,22.33792],[69.6143,22.33903],[69.61459,22.33903],[69.61459,22.33958],[69.61486,22.33958],[69.61486,22.34014],[69.61514,22.34014],[69.61514,22.3407],[69.61542,22.3407],[69.61542,22.34097],[69.61569,22.34097],[69.61569,22.34208],[69.61542,22.34208],[69.61542,22.34236],[69.61569,22.34236],[69.61569,22.3432],[69.61597,22.3432],[69.61597,22.34431],[69.61654,22.34431],[69.61654,22.34514],[69.6168,22.34514],[69.6168,22.34569],[69.61708,22.34568],[69.61708,22.34625],[69.61736,22.34625],[69.61736,22.34681],[69.61708,22.34681],[69.61708,22.34709],[69.61696,22.34708],[69.6168,22.34708],[69.6168,22.34764],[69.61654,22.34764],[69.61654,22.34792],[69.6168,22.34792],[69.6168,22.3482],[69.61708,22.3482],[69.61708,22.34847],[69.61736,22.34847],[69.61736,22.34875],[69.61764,22.34875],[69.61764,22.34931],[69.61792,22.34931],[69.61792,22.35042],[69.61764,22.35042],[69.61764,22.35097],[69.61736,22.35097],[69.61736,22.35153],[69.61708,22.35153],[69.61708,22.35208],[69.6168,22.35208],[69.6168,22.35459],[69.61708,22.35458],[69.61708,22.35542],[69.61736,22.35542],[69.61736,22.3557],[69.61764,22.35569],[69.61764,22.35625],[69.61792,22.35625],[69.61792,22.35625],[69.61792,22.35653],[69.61819,22.35653],[69.61819,22.35681],[69.61875,22.35681],[69.61875,22.35708],[69.61986,22.35708],[69.61986,22.35764],[69.61959,22.35764],[69.61959,22.35847],[69.61931,22.35847],[69.61931,22.35903],[69.61902,22.35903],[69.61902,22.35931],[69.61847,22.35931],[69.61847,22.35958],[69.6182,22.35958],[69.6182,22.35986],[69.61792,22.35986],[69.61792,22.36181],[69.61764,22.36181],[69.61764,22.36375],[69.61736,22.36375],[69.61736,22.36458],[69.61708,22.36458],[69.61708,22.36514],[69.6168,22.36514],[69.6168,22.36585],[69.6168,22.36681],[69.61708,22.36681],[69.61708,22.36736],[69.61736,22.36736],[69.61736,22.36764],[69.61764,22.36764],[69.61764,22.3682],[69.61792,22.3682],[69.61792,22.36847],[69.62014,22.36847],[69.62014,22.3682],[69.6207,22.3682],[69.6207,22.36791],[69.62153,22.36792],[69.62153,22.36764],[69.62181,22.36764],[69.62181,22.36736],[69.6221,22.36736],[69.62209,22.36708],[69.62264,22.36708],[69.62264,22.36736],[69.62292,22.36736],[69.62292,22.36708],[69.62348,22.36708],[69.62348,22.36653],[69.62375,22.36653],[69.62375,22.36486],[69.62403,22.36486],[69.62403,22.36458],[69.62431,22.36458],[69.62431,22.36431],[69.62486,22.36431],[69.62486,22.36404],[69.62569,22.36404],[69.62569,22.36375],[69.62681,22.36375],[69.62681,22.36347],[69.62764,22.36347],[69.62764,22.3632],[69.62792,22.3632],[69.62792,22.36292],[69.62847,22.36292],[69.62847,22.3632],[69.62958,22.3632],[69.62958,22.36292],[69.63014,22.36292],[69.63014,22.36264],[69.63069,22.36264],[69.63069,22.36236],[69.63098,22.36236],[69.63098,22.36209],[69.63153,22.36209],[69.63153,22.36181],[69.63208,22.36181],[69.63208,22.36153],[69.63264,22.36153],[69.63264,22.36125],[69.63318,22.36125],[69.63318,22.36097],[69.63347,22.36097],[69.63347,22.3607],[69.63396,22.3607],[69.63403,22.3607],[69.63403,22.36065],[69.63403,22.36042],[69.63431,22.36042],[69.63431,22.36014],[69.63486,22.36014],[69.63486,22.35986],[69.63514,22.35986],[69.63514,22.35931],[69.63541,22.35931],[69.63541,22.35903],[69.63597,22.35903],[69.63597,22.35875],[69.63626,22.35875],[69.63626,22.35847],[69.63903,22.35847],[69.63903,22.35875],[69.63958,22.35875],[69.63958,22.35903],[69.64069,22.35903],[69.64069,22.35875],[69.64125,22.35875],[69.64125,22.35847],[69.64153,22.35847],[69.64153,22.35819],[69.64181,22.35819],[69.64181,22.35764],[69.64208,22.35764],[69.64208,22.35736],[69.64236,22.35736],[69.64236,22.35708],[69.64264,22.35708],[69.64264,22.35653],[69.64291,22.35653],[69.64291,22.35625],[69.64315,22.35625],[69.64319,22.35625],[69.64319,22.35615],[69.64319,22.35613],[69.64319,22.35597],[69.64326,22.35597],[69.64427,22.35597],[69.64458,22.35597],[69.64458,22.3565],[69.64458,22.35653],[69.64461,22.35653],[69.64486,22.35653],[69.64486,22.35677],[69.64486,22.35681],[69.64491,22.35681],[69.64514,22.35681],[69.64514,22.35703],[69.64514,22.35736],[69.64569,22.35736],[69.64569,22.35792],[69.64625,22.35792],[69.64625,22.35736],[69.6468,22.35736],[69.6468,22.35764],[69.64764,22.35764],[69.64764,22.35819],[69.64931,22.35819],[69.64931,22.35847],[69.65125,22.35847],[69.65125,22.35875],[69.65292,22.35875],[69.65292,22.35903],[69.65459,22.35903],[69.65459,22.35958],[69.65486,22.35958],[69.65486,22.35986],[69.65569,22.35986],[69.65569,22.36014],[69.65598,22.36014],[69.65598,22.36042],[69.65652,22.36042],[69.65652,22.36044],[69.65652,22.36181],[69.65681,22.36181],[69.65681,22.36375],[69.65708,22.36375],[69.65708,22.36458],[69.65681,22.36458],[69.65681,22.36486],[69.65652,22.36486],[69.65652,22.36514],[69.65625,22.36514],[69.65625,22.36542],[69.65598,22.36542],[69.65598,22.36625],[69.65569,22.36625],[69.65569,22.36736],[69.65542,22.36736],[69.65542,22.36969],[69.65542,22.36986],[69.65546,22.36986],[69.65598,22.36985],[69.65598,22.37014],[69.65625,22.37014],[69.65625,22.37042],[69.65652,22.37042],[69.65652,22.3707],[69.65681,22.3707],[69.65681,22.37181],[69.65708,22.37181],[69.65708,22.37431],[69.65681,22.37431],[69.65681,22.37486],[69.65653,22.37486],[69.65653,22.3757],[69.65625,22.37569],[69.65625,22.37625],[69.65598,22.37625],[69.65598,22.37681],[69.65625,22.37681],[69.65625,22.37708],[69.65652,22.37708],[69.65652,22.37764],[69.65681,22.37764],[69.65681,22.37792],[69.65708,22.37792],[69.65708,22.37819],[69.65764,22.37819],[69.65764,22.37847],[69.65792,22.37847],[69.65792,22.37875],[69.65846,22.37875],[69.65846,22.37904],[69.65875,22.37903],[69.65875,22.3793],[69.65903,22.3793],[69.65903,22.38264],[69.6593,22.38264],[69.65931,22.3832],[69.65959,22.3832],[69.65959,22.38347],[69.65986,22.38347],[69.65986,22.38403],[69.66014,22.38403],[69.66014,22.38458],[69.66042,22.38458],[69.66043,22.38486],[69.66014,22.38486],[69.66014,22.38792],[69.6607,22.38792],[69.6607,22.38821],[69.66125,22.3882],[69.66125,22.38847],[69.66264,22.38847],[69.66264,22.38875],[69.66319,22.38875],[69.66319,22.38903],[69.66348,22.38903],[69.66348,22.38959],[69.66375,22.38958],[69.66375,22.39042],[69.66402,22.39042],[69.66402,22.39375],[69.66486,22.39375],[69.66486,22.39347],[69.66541,22.39347],[69.66541,22.39319],[69.66625,22.39319],[69.66625,22.39292],[69.66681,22.39292],[69.66681,22.39264],[69.66736,22.39264],[69.66736,22.39292],[69.66792,22.39292],[69.66792,22.39319],[69.66847,22.39319],[69.66847,22.39347],[69.66875,22.39347],[69.66875,22.39375],[69.66931,22.39375],[69.66931,22.39403],[69.66959,22.39402],[69.66959,22.39431],[69.66986,22.3943],[69.66986,22.39458],[69.67014,22.39458],[69.67014,22.39486],[69.67069,22.39486],[69.67069,22.39514],[69.67097,22.39514],[69.67097,22.39542],[69.67125,22.39542],[69.67125,22.39514],[69.67152,22.39514],[69.67152,22.39486],[69.6718,22.39486],[69.6718,22.39458],[69.67208,22.39458],[69.67208,22.39486],[69.67237,22.39486],[69.67237,22.39458],[69.67264,22.39458],[69.67264,22.3943],[69.67292,22.39431],[69.67292,22.39402],[69.67319,22.39402],[69.67319,22.39431],[69.67375,22.3943],[69.67375,22.39458],[69.67431,22.39458],[69.67431,22.39486],[69.67514,22.39486],[69.67514,22.39458],[69.67653,22.39458],[69.67653,22.3943],[69.67709,22.39431],[69.67709,22.39402],[69.67792,22.39402],[69.67792,22.39431],[69.67931,22.3943],[69.67931,22.39458],[69.68014,22.39458],[69.68014,22.39486],[69.68042,22.39486],[69.68042,22.39514],[69.68125,22.39514],[69.68125,22.39542],[69.68682,22.39542],[69.68682,22.39514],[69.68875,22.39514],[69.68875,22.39486],[69.6908,22.39486],[69.69287,22.39486],[69.69347,22.39486],[69.69347,22.39496],[69.69347,22.39514],[69.69448,22.39514],[69.69569,22.39514],[69.69569,22.39534],[69.69569,22.39542],[69.69682,22.39542],[69.69737,22.39542],[69.69737,22.39546],[69.69737,22.3957],[69.69903,22.3957],[69.69903,22.39597],[69.6993,22.39597],[69.6993,22.39653],[69.69959,22.39653],[69.69959,22.39709],[69.69986,22.39708],[69.69986,22.39764],[69.69989,22.39764],[69.70014,22.39764],[69.70014,22.39847],[69.69959,22.39847],[69.69959,22.39811],[69.69959,22.39792],[69.6993,22.39792],[69.6993,22.39813],[69.6993,22.3982],[69.69903,22.3982],[69.69903,22.39847],[69.69847,22.39847],[69.69847,22.39875],[69.6982,22.39875],[69.6982,22.39903],[69.69792,22.39903],[69.69792,22.40071],[69.69792,22.40347],[69.69764,22.40347],[69.69764,22.40903],[69.69737,22.40903],[69.69737,22.40959],[69.69708,22.40959],[69.69708,22.41097],[69.69681,22.41097],[69.69681,22.41154],[69.69654,22.41153],[69.69654,22.41165],[69.69654,22.41209],[69.69625,22.41209],[69.69625,22.41236],[69.69597,22.41236],[69.69597,22.41264],[69.69569,22.41264],[69.69569,22.41375],[69.69514,22.41375],[69.69514,22.41403],[69.69486,22.41403],[69.69486,22.41458],[69.69457,22.41458],[69.69457,22.41469],[69.69457,22.4157],[69.69431,22.4157],[69.69431,22.41598],[69.69403,22.41597],[69.69403,22.41625],[69.69375,22.41625],[69.69375,22.41681],[69.69403,22.41681],[69.69403,22.41709],[69.69375,22.41708],[69.69375,22.41764],[69.69347,22.41764],[69.69347,22.41792],[69.69319,22.41792],[69.69319,22.41875],[69.69292,22.41875],[69.69292,22.41958],[69.69264,22.41958],[69.69264,22.41986],[69.69236,22.41986],[69.69236,22.42014],[69.69264,22.42014],[69.69264,22.42042],[69.69236,22.42042],[69.69236,22.42125],[69.69264,22.42125],[69.69264,22.42153],[69.69292,22.42153],[69.69292,22.42181],[69.69348,22.42181],[69.69348,22.42208],[69.69375,22.42208],[69.69375,22.42264],[69.69403,22.42264],[69.69403,22.4232],[69.69419,22.4232],[69.69431,22.4232],[69.69431,22.42375],[69.69457,22.42375],[69.69457,22.42432],[69.69486,22.42431],[69.69486,22.42459],[69.69514,22.42458],[69.69514,22.42514],[69.69542,22.42514],[69.69542,22.4257],[69.69569,22.42569],[69.69569,22.42625],[69.69597,22.42625],[69.69597,22.42681],[69.69625,22.42681],[69.69625,22.42736],[69.69654,22.42736],[69.69654,22.42764],[69.69681,22.42764],[69.69681,22.42819],[69.69708,22.42819],[69.69708,22.42847],[69.69736,22.42847],[69.69736,22.42875],[69.69763,22.42875],[69.69763,22.429],[69.69763,22.42903],[69.69776,22.42903],[69.69791,22.42903],[69.69791,22.42906],[69.69791,22.42931],[69.69847,22.42931],[69.69847,22.42958],[69.69876,22.42958],[69.69876,22.43014],[69.69903,22.43013],[69.69903,22.43042],[69.6993,22.43042],[69.6993,22.43097],[69.69958,22.43097],[69.69958,22.43125],[69.69986,22.43125],[69.69986,22.43153],[69.70014,22.43153],[69.70014,22.43209],[69.70042,22.43209],[69.70042,22.43236],[69.7007,22.43236],[69.7007,22.43264],[69.7008,22.43264],[69.70097,22.43264],[69.70097,22.43292],[69.70125,22.43292],[69.70125,22.4332],[69.70153,22.4332],[69.70153,22.43347],[69.70181,22.43347],[69.70181,22.43375],[69.70208,22.43375],[69.70208,22.43403],[69.70181,22.43403],[69.70181,22.43431],[69.70153,22.43431],[69.70153,22.43458],[69.70125,22.43458],[69.70125,22.43514],[69.70097,22.43514],[69.70097,22.43542],[69.70069,22.43542],[69.70069,22.43569],[69.70048,22.43569],[69.70042,22.43569],[69.70042,22.43597],[69.70014,22.43597],[69.70014,22.43653],[69.69986,22.43653],[69.69986,22.43709],[69.69958,22.43708],[69.69958,22.43764],[69.6993,22.43764],[69.6993,22.43805],[69.6993,22.4382],[69.69921,22.4382],[69.69903,22.4382],[69.69903,22.43847],[69.69876,22.43847],[69.69876,22.43903],[69.69847,22.43903],[69.69847,22.43958],[69.6982,22.43958],[69.6982,22.44014],[69.69792,22.44014],[69.69792,22.44069],[69.69764,22.44069],[69.69764,22.44097],[69.69737,22.44097],[69.69737,22.44236],[69.69763,22.44236],[69.69763,22.44264],[69.69791,22.44264],[69.69791,22.44292],[69.69708,22.44292],[69.69708,22.4432],[69.69606,22.4432],[69.69427,22.4432],[69.68014,22.4432],[69.68014,22.44292],[69.67938,22.44292],[69.67931,22.44292],[69.67931,22.44288],[69.67931,22.44264],[69.67903,22.44264],[69.67903,22.44236],[69.67875,22.44236],[69.67875,22.44208],[69.67848,22.44208],[69.67848,22.4418],[69.67819,22.4418],[69.67819,22.44125],[69.67792,22.44125],[69.67792,22.44069],[69.67764,22.44069],[69.67764,22.43958],[69.67704,22.43958],[69.67653,22.43958],[69.67653,22.43931],[69.67547,22.43931],[69.67459,22.43931],[69.67459,22.43971],[69.67459,22.43986],[69.67431,22.43986],[69.67431,22.44014],[69.67414,22.44014],[69.67403,22.44014],[69.67403,22.44042],[69.67319,22.44042],[69.67319,22.44014],[69.67292,22.44014],[69.67292,22.43958],[69.67237,22.43958],[69.67237,22.43931],[69.6718,22.43931],[69.6718,22.43958],[69.67208,22.43958],[69.67208,22.43986],[69.6718,22.43986],[69.6718,22.44042],[69.67152,22.44042],[69.67152,22.44125],[69.67264,22.44125],[69.67264,22.44153],[69.67356,22.44153],[69.67375,22.44153],[69.67375,22.4418],[69.67347,22.4418],[69.67347,22.44236],[69.67319,22.44236],[69.67319,22.44292],[69.67292,22.44292],[69.67292,22.44348],[69.67264,22.44347],[69.67264,22.44403],[69.67237,22.44403],[69.67237,22.44459],[69.67208,22.44459],[69.67208,22.44514],[69.6718,22.44513],[69.6718,22.44681],[69.67153,22.44681],[69.67153,22.44958],[69.6718,22.44958],[69.6718,22.45067],[69.6718,22.4507],[69.67208,22.4507],[69.67208,22.45064],[69.67208,22.45042],[69.67264,22.45042],[69.67264,22.45014],[69.67287,22.45014],[69.67319,22.45014],[69.67319,22.44986],[69.67347,22.44986],[69.67347,22.44903],[69.67319,22.44903],[69.67319,22.44847],[69.67292,22.44847],[69.67292,22.44819],[69.6728,22.4482],[69.67264,22.4482],[69.67264,22.44779],[69.67264,22.44562],[69.67264,22.44513],[69.67286,22.44514],[69.67292,22.44514],[69.67292,22.44501],[69.67292,22.44486],[69.67299,22.44486],[69.67319,22.44486],[69.67319,22.44444],[69.67319,22.44431],[69.67325,22.44431],[69.67346,22.44431],[69.67346,22.44403],[69.67375,22.44403],[69.67375,22.44338],[69.67375,22.4432],[69.67387,22.4432],[69.67403,22.4432],[69.67403,22.44295],[69.67403,22.44264],[69.67423,22.44264],[69.67431,22.44264],[69.67431,22.44252],[69.67431,22.44236],[69.67441,22.44236],[69.67486,22.44236],[69.67486,22.44225],[69.67486,22.44208],[69.67542,22.44208],[69.67542,22.44234],[69.67542,22.44236],[69.67557,22.44236],[69.67597,22.44236],[69.67597,22.44254],[69.67597,22.44264],[69.67617,22.44264],[69.67653,22.44264],[69.67653,22.44282],[69.67653,22.44292],[69.6768,22.44292],[69.6768,22.4432],[69.67736,22.4432],[69.67736,22.44348],[69.67819,22.44347],[69.67819,22.44375],[69.67875,22.44375],[69.67931,22.44375],[69.67931,22.44403],[69.68236,22.44403],[69.68236,22.44431],[69.68708,22.44431],[69.68708,22.44459],[69.68764,22.44459],[69.68764,22.44431],[69.6882,22.44431],[69.6882,22.44459],[69.68847,22.44459],[69.68847,22.44514],[69.68819,22.44513],[69.68819,22.44542],[69.68792,22.44542],[69.68792,22.44653],[69.68764,22.44653],[69.68764,22.44708],[69.68792,22.44708],[69.68792,22.44736],[69.68819,22.44736],[69.68819,22.44764],[69.68876,22.44764],[69.68876,22.4482],[69.68903,22.44819],[69.68903,22.44847],[69.68931,22.44847],[69.68931,22.44903],[69.68958,22.44903],[69.68958,22.4493],[69.68986,22.44931],[69.68986,22.44958],[69.69014,22.44958],[69.69014,22.45014],[69.69041,22.45014],[69.69041,22.45042],[69.6907,22.45042],[69.6907,22.45097],[69.69097,22.45097],[69.69097,22.45126],[69.69153,22.45126],[69.69153,22.45153],[69.6918,22.45153],[69.6918,22.45181],[69.69236,22.45181],[69.69236,22.45209],[69.69292,22.45208],[69.69292,22.45236],[69.69347,22.45236],[69.69347,22.45264],[69.69375,22.45264],[69.69375,22.45292],[69.69431,22.45292],[69.69431,22.4532],[69.69542,22.4532],[69.69542,22.45347],[69.69653,22.45347],[69.69653,22.45375],[69.69736,22.45375],[69.69736,22.45403],[69.6982,22.45403],[69.6982,22.45458],[69.69847,22.45458],[69.69847,22.45486],[69.69876,22.45486],[69.69876,22.45514],[69.69903,22.45514],[69.69903,22.45569],[69.6993,22.45569],[69.6993,22.45597],[69.69958,22.45597],[69.69958,22.45625],[69.69986,22.45625],[69.69986,22.45653],[69.70014,22.45653],[69.70014,22.45681],[69.70042,22.45681],[69.70042,22.45736],[69.70097,22.45736],[69.70097,22.45625],[69.70125,22.45625],[69.70125,22.45542],[69.70097,22.45542],[69.70097,22.45486],[69.70069,22.45486],[69.70069,22.45458],[69.70014,22.45458],[69.70014,22.45347],[69.70042,22.45347],[69.70042,22.45236],[69.70069,22.45236],[69.70069,22.45153],[69.70083,22.45153],[69.70097,22.45153],[69.70097,22.45042],[69.7007,22.45042],[69.7007,22.44958],[69.70042,22.44958],[69.70042,22.44875],[69.69986,22.44875],[69.69986,22.44792],[69.70014,22.44792],[69.70014,22.44764],[69.70042,22.44764],[69.70042,22.44708],[69.70275,22.44708],[69.70348,22.44708],[69.70348,22.44736],[69.70403,22.44736],[69.70403,22.44764],[69.70431,22.44764],[69.70431,22.4482],[69.70458,22.4482],[69.70458,22.44875],[69.70486,22.44875],[69.70486,22.44903],[69.70514,22.44903],[69.70514,22.44958],[69.70541,22.44958],[69.70541,22.45014],[69.7057,22.45014],[69.7057,22.45126],[69.70597,22.45125],[69.70597,22.45209],[69.70625,22.45208],[69.70625,22.45236],[69.70653,22.45236],[69.70653,22.45292],[69.7068,22.45292],[69.7068,22.4532],[69.70709,22.4532],[69.70709,22.45347],[69.70736,22.45347],[69.70736,22.45403],[69.70764,22.45403],[69.70764,22.45458],[69.70792,22.45458],[69.70792,22.45486],[69.70819,22.45486],[69.70819,22.45514],[69.70847,22.45514],[69.70847,22.45542],[69.70875,22.45542],[69.70875,22.45569],[69.70903,22.45569],[69.70903,22.45597],[69.7093,22.45597],[69.7093,22.45625],[69.70959,22.45625],[69.70959,22.45681],[69.70986,22.45681],[69.70986,22.45708],[69.71042,22.45707],[69.71042,22.45736],[69.7107,22.45736],[69.7107,22.45764],[69.71099,22.45764],[69.71099,22.45792],[69.71152,22.45792],[69.71152,22.4582],[69.71181,22.4582],[69.71181,22.45847],[69.71208,22.45847],[69.71208,22.45875],[69.71236,22.45875],[69.71236,22.45903],[69.71292,22.45903],[69.71292,22.45931],[69.71347,22.45931],[69.71347,22.45946],[69.71347,22.45959],[69.71403,22.45959],[69.71403,22.45986],[69.7143,22.45986],[69.7143,22.46014],[69.71486,22.46014],[69.71486,22.46042],[69.71542,22.46042],[69.71542,22.4607],[69.71653,22.4607],[69.71653,22.46097],[69.71736,22.46097],[69.71736,22.46125],[69.71848,22.46125],[69.71848,22.46153],[69.71917,22.46153],[69.71958,22.46153],[69.71958,22.46181],[69.72042,22.46181],[69.72042,22.46208],[69.7207,22.46208],[69.7207,22.46236],[69.72097,22.46236],[69.72097,22.46264],[69.72153,22.46264],[69.72153,22.46292],[69.72208,22.46292],[69.72208,22.4632],[69.72236,22.4632],[69.72236,22.46375],[69.72264,22.46375],[69.72264,22.46458],[69.72514,22.46458],[69.72514,22.46542],[69.72542,22.46542],[69.72542,22.46681],[69.72459,22.46681],[69.72459,22.46708],[69.72375,22.46708],[69.72375,22.46736],[69.72293,22.46736],[69.72293,22.46764],[69.72264,22.46764],[69.72264,22.46847],[69.72236,22.46847],[69.72236,22.46875],[69.72264,22.46875],[69.72264,22.46903],[69.7232,22.46903],[69.7232,22.46931],[69.72347,22.46931],[69.72347,22.46958],[69.72403,22.46958],[69.72403,22.46987],[69.72459,22.46986],[69.72459,22.47042],[69.72514,22.47042],[69.72514,22.47069],[69.72542,22.47069],[69.72542,22.47097],[69.72569,22.47097],[69.72569,22.47125],[69.72598,22.47125],[69.72598,22.47153],[69.72625,22.47153],[69.72625,22.47181],[69.72653,22.47181],[69.72653,22.47209],[69.72681,22.47208],[69.72681,22.47236],[69.72708,22.47236],[69.72708,22.47264],[69.72737,22.47264],[69.72737,22.4732],[69.72742,22.4732],[69.72791,22.4732],[69.72791,22.47347],[69.7282,22.47347],[69.7282,22.47375],[69.72903,22.47375],[69.72903,22.47403],[69.72931,22.47403],[69.72931,22.47375],[69.72958,22.47375],[69.72958,22.47403],[69.73014,22.47403],[69.73014,22.47375],[69.73065,22.47375],[69.7307,22.47375],[69.7307,22.47347],[69.73097,22.47347],[69.73097,22.4732],[69.73125,22.4732],[69.73125,22.47236],[69.73153,22.47236],[69.73153,22.47208],[69.73181,22.47209],[69.73181,22.47181],[69.73209,22.47181],[69.73209,22.47153],[69.73236,22.47153],[69.73236,22.47125],[69.73264,22.47125],[69.73264,22.47084],[69.73264,22.47069],[69.73292,22.47069],[69.73292,22.47042],[69.73353,22.47042],[69.73374,22.47042],[69.73374,22.47032],[69.73374,22.47014],[69.73402,22.47014],[69.73402,22.46986],[69.73431,22.46987],[69.73431,22.46958],[69.73486,22.46958],[69.73486,22.46931],[69.73542,22.46931],[69.73542,22.46903],[69.73569,22.46903],[69.73569,22.46875],[69.73597,22.46875],[69.73597,22.46792],[69.73625,22.46792],[69.73625,22.46708],[69.73653,22.46708],[69.73653,22.46625],[69.73681,22.46625],[69.73681,22.46597],[69.73709,22.46597],[69.73709,22.4657],[69.73736,22.4657],[69.73736,22.46542],[69.73764,22.46542],[69.73764,22.46458],[69.73791,22.46458],[69.73791,22.46347],[69.7382,22.46347],[69.73821,22.46319],[69.73847,22.4632],[69.73847,22.46264],[69.73875,22.46264],[69.73875,22.46153],[69.73903,22.46153],[69.73903,22.4607],[69.73929,22.4607],[69.73929,22.46042],[69.73959,22.46042],[69.73959,22.46017],[69.73959,22.45958],[69.73986,22.45959],[69.73986,22.45931],[69.74014,22.45931],[69.74014,22.45903],[69.74042,22.45903],[69.74042,22.45819],[69.74069,22.4582],[69.74069,22.45736],[69.74086,22.45736],[69.74098,22.45736],[69.74097,22.45486],[69.74069,22.45486],[69.74069,22.45292],[69.74042,22.45292],[69.74042,22.45264],[69.74014,22.45264],[69.74014,22.44903],[69.73987,22.44903],[69.73987,22.44847],[69.73835,22.44847],[69.73796,22.44848],[69.73764,22.44847],[69.73764,22.44842],[69.73764,22.44819],[69.73736,22.4482],[69.73736,22.44792],[69.73764,22.44792],[69.73764,22.44768],[69.73764,22.44764],[69.73769,22.44764],[69.73792,22.44764],[69.73792,22.44757],[69.73791,22.44736],[69.7382,22.44736],[69.7382,22.44653],[69.73847,22.44653],[69.73847,22.44597],[69.7382,22.44597],[69.7382,22.4457],[69.73791,22.4457],[69.73791,22.44542],[69.73736,22.44542],[69.73736,22.44513],[69.73709,22.44514],[69.73709,22.44486],[69.73653,22.44486],[69.73653,22.44476],[69.73653,22.44458],[69.73542,22.44459],[69.73542,22.44431],[69.73486,22.44431],[69.73486,22.44393],[69.73486,22.44375],[69.73498,22.44375],[69.73514,22.44375],[69.73514,22.44358],[69.73514,22.44347],[69.73632,22.44347],[69.73796,22.44348],[69.7382,22.44348],[69.7382,22.4432],[69.73875,22.4432],[69.73875,22.44292],[69.73929,22.44292],[69.73929,22.44254],[69.73929,22.44097],[69.73959,22.44097],[69.73959,22.44014],[69.74069,22.44014],[69.74069,22.43986],[69.74153,22.43986],[69.74153,22.43958],[69.74236,22.43958],[69.74236,22.43931],[69.74264,22.43932],[69.74264,22.43708],[69.74375,22.43709],[69.74375,22.43653],[69.74403,22.43653],[69.74403,22.43626],[69.74431,22.43626],[69.74431,22.43542],[69.74459,22.43542],[69.74459,22.43514],[69.74486,22.43514],[69.74486,22.43486],[69.74514,22.43486],[69.74514,22.43458],[69.7457,22.43458],[69.7457,22.43431],[69.74597,22.43431],[69.74597,22.43375],[69.74619,22.43375],[69.74625,22.43375],[69.74625,22.43342],[69.74625,22.43282],[69.74625,22.43264],[69.74608,22.43264],[69.74597,22.43264],[69.74597,22.43252],[69.74597,22.43236],[69.74582,22.43236],[69.7457,22.43236],[69.7457,22.43222],[69.7457,22.43181],[69.74514,22.43181],[69.74514,22.43153],[69.74486,22.43153],[69.74486,22.43125],[69.74459,22.43125],[69.74459,22.43086],[69.74459,22.43069],[69.74468,22.43069],[69.74473,22.43069],[69.74486,22.4307],[69.74486,22.43042],[69.7457,22.43042],[69.7457,22.42986],[69.74597,22.42986],[69.74597,22.42973],[69.74597,22.42931],[69.74625,22.42931],[69.74625,22.42903],[69.74633,22.42903],[69.74681,22.42903],[69.74681,22.42931],[69.74764,22.42931],[69.74764,22.42958],[69.74819,22.42958],[69.74819,22.42986],[69.74875,22.42986],[69.74875,22.43014],[69.74903,22.43014],[69.74903,22.42986],[69.74932,22.42986],[69.74931,22.42903],[69.74958,22.42903],[69.74958,22.42875],[69.74986,22.42875],[69.74986,22.42819],[69.75014,22.42819],[69.75014,22.42792],[69.75042,22.42792],[69.75042,22.42764],[69.75069,22.42764],[69.75069,22.42736],[69.75264,22.42736],[69.75264,22.42709],[69.7532,22.42709],[69.7532,22.42681],[69.75347,22.42681],[69.75347,22.42653],[69.75403,22.42653],[69.75403,22.42625],[69.7543,22.42625],[69.7543,22.42597],[69.75514,22.42597],[69.75514,22.42625],[69.75569,22.42625],[69.75569,22.42653],[69.75597,22.42653],[69.75597,22.42736],[69.75569,22.42736],[69.75569,22.43014],[69.75555,22.43014],[69.75542,22.43014],[69.75542,22.43181],[69.75569,22.43181],[69.75569,22.43209],[69.75596,22.43209],[69.75598,22.43209],[69.75598,22.43218],[69.75598,22.43347],[69.75623,22.43347],[69.75625,22.43347],[69.75625,22.43355],[69.75625,22.43458],[69.75653,22.43458],[69.75653,22.43569],[69.75681,22.43569],[69.75681,22.43681],[69.75708,22.43681],[69.75708,22.43764],[69.75733,22.43764],[69.75736,22.43764],[69.75736,22.43792],[69.75764,22.43792],[69.75764,22.43932],[69.75791,22.43932],[69.75791,22.44042],[69.75819,22.44042],[69.75819,22.44151],[69.75819,22.44153],[69.75825,22.44153],[69.75827,22.44153],[69.75866,22.44153],[69.75875,22.44153],[69.75875,22.4418],[69.75903,22.4418],[69.75903,22.44153],[69.75958,22.44153],[69.75958,22.44125],[69.75986,22.44125],[69.75986,22.44097],[69.76014,22.44097],[69.76014,22.44069],[69.76042,22.44069],[69.76042,22.44042],[69.7607,22.44042],[69.7607,22.43986],[69.76097,22.43986],[69.76097,22.43903],[69.76125,22.43903],[69.76125,22.43764],[69.76153,22.43764],[69.76153,22.43597],[69.7618,22.43597],[69.7618,22.43264],[69.76208,22.43264],[69.76208,22.43208],[69.76236,22.43209],[69.76236,22.43181],[69.76264,22.43181],[69.76264,22.43153],[69.76292,22.43153],[69.76292,22.43125],[69.76319,22.43125],[69.76319,22.43097],[69.76348,22.43097],[69.76348,22.4307],[69.76375,22.4307],[69.76375,22.43042],[69.76404,22.43042],[69.76404,22.43013],[69.7643,22.43014],[69.7643,22.42986],[69.76458,22.42986],[69.76458,22.42958],[69.76486,22.42958],[69.76486,22.42931],[69.76514,22.42931],[69.76514,22.42903],[69.76568,22.42903],[69.76568,22.42887],[69.76568,22.42875],[69.7658,22.42875],[69.76598,22.42875],[69.76598,22.4285],[69.76598,22.42847],[69.76599,22.42847],[69.76625,22.42847],[69.76625,22.4281],[69.76625,22.42792],[69.76637,22.42792],[69.76653,22.42792],[69.76653,22.42769],[69.76653,22.42764],[69.76657,22.42764],[69.76681,22.42764],[69.76681,22.42736],[69.76708,22.42736],[69.76708,22.42709],[69.76736,22.42709],[69.76736,22.42683],[69.76736,22.42681],[69.76739,22.42681],[69.7682,22.42681],[69.7682,22.42653],[69.76847,22.42653],[69.76847,22.42625],[69.76875,22.42625],[69.76875,22.42597],[69.7693,22.42597],[69.7693,22.4257],[69.76959,22.4257],[69.76959,22.42542],[69.76985,22.42542],[69.76985,22.42514],[69.77042,22.42514],[69.77042,22.42486],[69.77069,22.42486],[69.77069,22.42459],[69.77098,22.42459],[69.77098,22.42437],[69.77098,22.42431],[69.77106,22.42431],[69.77153,22.42432],[69.77153,22.42403],[69.7718,22.42403],[69.7718,22.42381],[69.7718,22.42375],[69.77189,22.42375],[69.77209,22.42375],[69.77209,22.42361],[69.77209,22.42347],[69.77229,22.42347],[69.77264,22.42347],[69.77264,22.4232],[69.77292,22.4232],[69.77292,22.42292],[69.7732,22.42292],[69.7732,22.42264],[69.77348,22.42264],[69.77348,22.42181],[69.77375,22.42181],[69.77375,22.42153],[69.77403,22.42153],[69.77403,22.42125],[69.77431,22.42125],[69.77431,22.42042],[69.77458,22.42042],[69.77458,22.41958],[69.77486,22.41958],[69.77486,22.41875],[69.77514,22.41875],[69.77514,22.41847],[69.77597,22.41847],[69.77597,22.4182],[69.77625,22.4182],[69.77625,22.41792],[69.77653,22.41792],[69.77653,22.41764],[69.7768,22.41764],[69.7768,22.41736],[69.77708,22.41736],[69.77708,22.41708],[69.77764,22.41709],[69.77764,22.41681],[69.77791,22.41681],[69.77791,22.41597],[69.77819,22.41598],[69.7782,22.4143],[69.77847,22.4143],[69.77847,22.41403],[69.77875,22.41403],[69.77875,22.41333],[69.77875,22.41319],[69.77877,22.41319],[69.77903,22.41319],[69.77903,22.41264],[69.77931,22.41264],[69.7793,22.41236],[69.77986,22.41236],[69.77986,22.41209],[69.78152,22.41209],[69.78152,22.41181],[69.78236,22.41181],[69.78236,22.41153],[69.78321,22.41153],[69.78321,22.41125],[69.78403,22.41125],[69.78403,22.41097],[69.7843,22.41097],[69.7843,22.4107],[69.78459,22.4107],[69.78459,22.41042],[69.78485,22.41042],[69.78485,22.41014],[69.78514,22.41014],[69.78514,22.40819],[69.78542,22.40819],[69.78542,22.40792],[69.78597,22.40792],[69.78597,22.40764],[69.7868,22.40764],[69.7868,22.40792],[69.78736,22.40792],[69.78736,22.40819],[69.78764,22.40819],[69.78764,22.40847],[69.78792,22.40847],[69.78792,22.40875],[69.78931,22.40875],[69.78931,22.40819],[69.78903,22.40819],[69.78903,22.40792],[69.78875,22.40792],[69.78875,22.40764],[69.78848,22.40764],[69.78848,22.40708],[69.78819,22.40708],[69.78819,22.40653],[69.78848,22.40653],[69.78848,22.40625],[69.78819,22.40625],[69.78819,22.4057],[69.78902,22.4057],[69.78902,22.40542],[69.78958,22.40542],[69.78958,22.40514],[69.79041,22.40514],[69.79041,22.40486],[69.79125,22.40486],[69.79125,22.40458],[69.79181,22.40458],[69.79181,22.40431],[69.79207,22.40431],[69.79207,22.40403],[69.79236,22.40403],[69.79236,22.40375],[69.79264,22.40375],[69.79264,22.40347],[69.79361,22.40347],[69.79459,22.40347],[69.79459,22.40375],[69.79486,22.40375],[69.79486,22.40403],[69.79569,22.40403],[69.79569,22.40375],[69.79625,22.40375],[69.79625,22.40264],[69.79652,22.40264],[69.79652,22.40097],[69.79681,22.40097],[69.79681,22.40014],[69.79708,22.40015],[69.79708,22.39986],[69.79764,22.39986],[69.79764,22.40015],[69.79792,22.40015],[69.79792,22.40042],[69.7982,22.40042],[69.7982,22.40097],[69.79847,22.40097],[69.79847,22.40125],[69.79875,22.40125],[69.79875,22.40153],[69.79903,22.40153],[69.79903,22.40208],[69.79931,22.40208],[69.79931,22.40375],[69.79958,22.40375],[69.79958,22.40403],[69.79986,22.40403],[69.79986,22.40431],[69.80042,22.40431],[69.80042,22.40458],[69.80125,22.40458],[69.80125,22.40486],[69.80153,22.40486],[69.80153,22.40514],[69.80209,22.40514],[69.80209,22.40486],[69.80347,22.40486],[69.80347,22.40458],[69.80458,22.40458],[69.80458,22.40431],[69.80473,22.40431],[69.80486,22.40431],[69.80486,22.40403],[69.80542,22.40403],[69.80542,22.40375],[69.80569,22.40375],[69.80569,22.40403],[69.80596,22.40403],[69.80596,22.40431],[69.80625,22.40431],[69.80625,22.40458],[69.80647,22.40458],[69.80681,22.40458],[69.80681,22.40486],[69.80709,22.40486],[69.80709,22.40504],[69.80709,22.40597],[69.80791,22.40596],[69.80791,22.40625],[69.8082,22.40625],[69.8082,22.40653],[69.80847,22.40653],[69.80847,22.40681],[69.80875,22.40681],[69.80875,22.40736],[69.80902,22.40736],[69.80902,22.40764],[69.80931,22.40764],[69.80931,22.40792],[69.80953,22.40792],[69.80959,22.40792],[69.80959,22.40804],[69.80959,22.40819],[69.80966,22.40819],[69.80986,22.40819],[69.80986,22.40847],[69.81014,22.40847],[69.81014,22.40819],[69.81069,22.40819],[69.81069,22.40847],[69.81098,22.40847],[69.81098,22.40903],[69.81069,22.40902],[69.81069,22.40986],[69.81097,22.40986],[69.81097,22.41042],[69.81125,22.41042],[69.81125,22.41125],[69.81153,22.41125],[69.81153,22.41292],[69.81181,22.41292],[69.81181,22.41347],[69.81208,22.41347],[69.81208,22.41375],[69.81236,22.41375],[69.81236,22.4143],[69.81292,22.4143],[69.81292,22.41458],[69.81375,22.41458],[69.81375,22.41486],[69.81431,22.41486],[69.81431,22.41515],[69.81486,22.41515],[69.81486,22.41542],[69.81515,22.41542],[69.81515,22.4157],[69.81542,22.4157],[69.81542,22.41598],[69.8157,22.41597],[69.8157,22.41674],[69.8157,22.41681],[69.81571,22.41681],[69.81597,22.41681],[69.81597,22.41709],[69.81625,22.41708],[69.81625,22.41736],[69.81653,22.41736],[69.81653,22.41764],[69.8168,22.41764],[69.8168,22.41792],[69.81708,22.41792],[69.81708,22.4182],[69.81764,22.41819],[69.81764,22.41931],[69.81792,22.41931],[69.81792,22.41986],[69.81819,22.41986],[69.81819,22.42042],[69.81847,22.42042],[69.81847,22.42153],[69.81875,22.42153],[69.81875,22.42181],[69.81848,22.42181],[69.81848,22.42236],[69.81819,22.42236],[69.81819,22.42264],[69.81792,22.42264],[69.81792,22.42292],[69.81736,22.42292],[69.81736,22.42347],[69.81819,22.42347],[69.81819,22.4232],[69.81875,22.4232],[69.81875,22.42292],[69.81958,22.42292],[69.81958,22.42347],[69.81986,22.42347],[69.81986,22.42542],[69.8207,22.42542],[69.8207,22.4257],[69.82097,22.4257],[69.82097,22.42597],[69.82125,22.42597],[69.82125,22.42625],[69.82181,22.42625],[69.82181,22.42653],[69.82208,22.42653],[69.82208,22.42681],[69.82236,22.42681],[69.82236,22.42709],[69.82264,22.42709],[69.82264,22.42736],[69.82292,22.42736],[69.82292,22.42847],[69.8232,22.42847],[69.8232,22.42931],[69.82347,22.42931],[69.82347,22.42986],[69.82347,22.43042],[69.82376,22.43042],[69.82376,22.4308],[69.82376,22.43097],[69.82403,22.43097],[69.82403,22.43209],[69.82376,22.43208],[69.82376,22.43264],[69.82347,22.43264],[69.82347,22.4332],[69.8232,22.43319],[69.8232,22.43324],[69.8232,22.43403],[69.82292,22.43403],[69.82292,22.43458],[69.82264,22.43458],[69.82264,22.43494],[69.82264,22.43514],[69.82291,22.43514],[69.82291,22.43542],[69.8232,22.43542],[69.8232,22.43569],[69.82347,22.43569],[69.82347,22.43597],[69.82376,22.43597],[69.82376,22.43653],[69.82403,22.43653],[69.82403,22.43681],[69.8243,22.43681],[69.8243,22.43764],[69.82458,22.43764],[69.82458,22.43792],[69.82486,22.43792],[69.82486,22.43903],[69.82514,22.43903],[69.82514,22.43958],[69.82569,22.43958],[69.82569,22.43931],[69.82598,22.43931],[69.82598,22.43958],[69.82625,22.43958],[69.82625,22.43986],[69.82681,22.43986],[69.82681,22.44014],[69.82709,22.44014],[69.82709,22.44042],[69.82736,22.44042],[69.82736,22.44069],[69.82764,22.44069],[69.82764,22.44125],[69.82792,22.44125],[69.82792,22.44153],[69.8282,22.44153],[69.8282,22.44208],[69.82848,22.44207],[69.82848,22.44264],[69.82875,22.44264],[69.82875,22.44292],[69.82903,22.44292],[69.82903,22.44486],[69.82875,22.44486],[69.82875,22.44542],[69.82848,22.44542],[69.82848,22.44625],[69.82819,22.44625],[69.82819,22.44681],[69.82792,22.44681],[69.82792,22.44708],[69.82736,22.44708],[69.82736,22.44764],[69.82709,22.44764],[69.82709,22.44792],[69.82681,22.44792],[69.82681,22.4482],[69.82653,22.44819],[69.82653,22.44847],[69.82632,22.44847],[69.82597,22.44847],[69.82597,22.44875],[69.82569,22.44875],[69.82569,22.44903],[69.82514,22.44903],[69.82514,22.44931],[69.82459,22.44931],[69.82459,22.44958],[69.8243,22.44958],[69.8243,22.44986],[69.82347,22.44986],[69.82347,22.45014],[69.8232,22.45014],[69.8232,22.4504],[69.8232,22.45042],[69.82315,22.45042],[69.82264,22.45042],[69.82264,22.45062],[69.82264,22.4507],[69.82242,22.4507],[69.82181,22.4507],[69.82181,22.45093],[69.82181,22.45097],[69.82171,22.45097],[69.82125,22.45097],[69.82125,22.45115],[69.82125,22.45126],[69.82112,22.45126],[69.82093,22.45208],[69.82125,22.45208],[69.82125,22.45264],[69.82154,22.45264],[69.82154,22.45292],[69.82181,22.45292],[69.82181,22.4532],[69.82208,22.45319],[69.82208,22.45403],[69.82236,22.45403],[69.82236,22.45514],[69.82264,22.45514],[69.82264,22.45569],[69.8232,22.45569],[69.8232,22.45597],[69.82347,22.45597],[69.82347,22.45653],[69.82376,22.45653],[69.82376,22.45681],[69.82403,22.45681],[69.82403,22.45708],[69.8243,22.45707],[69.8243,22.45736],[69.82486,22.45736],[69.82486,22.45764],[69.82514,22.45764],[69.82514,22.45792],[69.82708,22.45792],[69.82708,22.4582],[69.82764,22.4582],[69.82764,22.45701],[69.82764,22.45653],[69.82736,22.45653],[69.82736,22.45597],[69.82764,22.45597],[69.82764,22.45569],[69.8282,22.45569],[69.8282,22.45375],[69.82848,22.45375],[69.82848,22.45153],[69.82903,22.45153],[69.82903,22.45097],[69.82931,22.45097],[69.82931,22.4507],[69.82958,22.4507],[69.82958,22.45014],[69.82986,22.45014],[69.82986,22.44986],[69.83069,22.44986],[69.83069,22.45097],[69.83264,22.45097],[69.83264,22.45209],[69.83291,22.45208],[69.83291,22.45236],[69.83319,22.45236],[69.83319,22.45264],[69.83348,22.45264],[69.83348,22.45292],[69.83375,22.45292],[69.83375,22.4532],[69.8343,22.45319],[69.8343,22.45403],[69.83459,22.45403],[69.83459,22.45542],[69.8343,22.45542],[69.8343,22.45653],[69.83403,22.45653],[69.83403,22.45708],[69.83348,22.45707],[69.83348,22.45792],[69.83431,22.45792],[69.83431,22.45931],[69.83459,22.4593],[69.83459,22.46764],[69.83486,22.46764],[69.83486,22.47007],[69.83486,22.47097],[69.83501,22.47097],[69.83514,22.47097],[69.83514,22.47201],[69.83514,22.47292],[69.83486,22.47292],[69.83486,22.47347],[69.83459,22.47347],[69.83459,22.47375],[69.8343,22.47375],[69.8343,22.47413],[69.8343,22.47431],[69.8341,22.47431],[69.83403,22.47431],[69.83403,22.47439],[69.83403,22.47458],[69.8343,22.47458],[69.8343,22.47486],[69.83459,22.47486],[69.83459,22.47543],[69.83542,22.47543],[69.83542,22.47514],[69.8357,22.47514],[69.8357,22.47458],[69.83598,22.47458],[69.83598,22.47431],[69.83625,22.47431],[69.83625,22.47236],[69.83598,22.47236],[69.83598,22.46967],[69.83598,22.46964],[69.83598,22.46431],[69.83574,22.46431],[69.8357,22.46431],[69.8357,22.46269],[69.8357,22.46263],[69.8357,22.4608],[69.8357,22.46077],[69.8357,22.46014],[69.83542,22.46014],[69.83542,22.45792],[69.83598,22.45792],[69.83598,22.4582],[69.83625,22.45819],[69.83625,22.46014],[69.83653,22.46014],[69.83653,22.4621],[69.83653,22.46257],[69.83753,22.46164],[69.83764,22.46138],[69.83764,22.46125],[69.83736,22.46125],[69.83736,22.45958],[69.83708,22.45959],[69.83708,22.45952],[69.83708,22.4582],[69.83681,22.4582],[69.83681,22.45708],[69.83653,22.45708],[69.83653,22.45514],[69.83625,22.45514],[69.83625,22.45403],[69.83681,22.45403],[69.83681,22.45458],[69.83764,22.45458],[69.83764,22.45486],[69.83847,22.45486],[69.83847,22.45458],[69.8393,22.45458],[69.8393,22.45486],[69.83986,22.45486],[69.83986,22.45514],[69.8407,22.45514],[69.8407,22.45569],[69.84097,22.45569],[69.84097,22.45597],[69.84181,22.45597],[69.84181,22.45569],[69.84264,22.45569],[69.84264,22.45542],[69.84348,22.45542],[69.84348,22.45514],[69.84375,22.45514],[69.84375,22.45486],[69.84542,22.45486],[69.84542,22.4543],[69.84736,22.45431],[69.84736,22.45458],[69.84764,22.45458],[69.84764,22.45431],[69.84875,22.45431],[69.84875,22.45403],[69.84986,22.45403],[69.84986,22.45375],[69.85042,22.45375],[69.85042,22.45347],[69.85098,22.45347],[69.85098,22.4532],[69.85125,22.4532],[69.85125,22.45292],[69.85181,22.45292],[69.85181,22.45264],[69.85236,22.45264],[69.85236,22.45208],[69.85264,22.45209],[69.85264,22.45181],[69.8532,22.45181],[69.8532,22.45153],[69.85347,22.45153],[69.85347,22.45126],[69.85403,22.45126],[69.85403,22.45097],[69.85431,22.45097],[69.85431,22.4507],[69.85486,22.4507],[69.85486,22.45042],[69.85503,22.45042],[69.85542,22.45042],[69.85542,22.45014],[69.8557,22.45014],[69.8557,22.44986],[69.85597,22.44986],[69.85597,22.44958],[69.85625,22.44958],[69.85625,22.44931],[69.85653,22.4493],[69.85653,22.44903],[69.8568,22.44903],[69.8568,22.44886],[69.8568,22.44875],[69.85696,22.44875],[69.85765,22.44875],[69.85764,22.44847],[69.85792,22.44847],[69.85792,22.44819],[69.85875,22.4482],[69.85875,22.44792],[69.8593,22.44792],[69.8593,22.44764],[69.85958,22.44764],[69.85958,22.44736],[69.86013,22.44736],[69.86013,22.44708],[69.86042,22.44708],[69.86042,22.44681],[69.86236,22.44681],[69.86236,22.44708],[69.86264,22.44708],[69.86264,22.44681],[69.86431,22.44681],[69.86431,22.44708],[69.86514,22.44708],[69.86514,22.44736],[69.86681,22.44736],[69.86681,22.44708],[69.86736,22.44708],[69.86736,22.44681],[69.86764,22.44681],[69.86764,22.44663],[69.86764,22.44653],[69.86981,22.44653],[69.86984,22.44653],[69.87014,22.44653],[69.87014,22.44681],[69.87153,22.44681],[69.87153,22.44708],[69.87264,22.44708],[69.87264,22.44736],[69.87375,22.44736],[69.87375,22.4482],[69.87348,22.44819],[69.87347,22.4493],[69.87375,22.44931],[69.87375,22.44958],[69.87403,22.44958],[69.87403,22.44931],[69.87432,22.4493],[69.87431,22.44875],[69.87458,22.44875],[69.87458,22.4482],[69.87486,22.4482],[69.87486,22.44792],[69.87543,22.44792],[69.87543,22.4482],[69.87597,22.44819],[69.87597,22.44847],[69.87625,22.44847],[69.87625,22.44875],[69.87681,22.44875],[69.87681,22.44903],[69.87708,22.44903],[69.87708,22.4493],[69.87748,22.4493],[69.87764,22.44931],[69.87764,22.44945],[69.87764,22.44958],[69.87779,22.44958],[69.87792,22.44958],[69.87792,22.44969],[69.87792,22.44986],[69.8781,22.44986],[69.87847,22.44986],[69.87847,22.45014],[69.87875,22.45014],[69.87875,22.45042],[69.87903,22.45042],[69.87903,22.4507],[69.8793,22.4507],[69.8793,22.45097],[69.87959,22.45097],[69.87959,22.45126],[69.87986,22.45126],[69.87986,22.45175],[69.87986,22.45181],[69.87992,22.45181],[69.88014,22.45181],[69.88014,22.45206],[69.88014,22.45209],[69.88016,22.45209],[69.88042,22.45208],[69.88042,22.45236],[69.88069,22.45236],[69.88069,22.45264],[69.88097,22.45264],[69.88097,22.45292],[69.88153,22.45292],[69.88153,22.4532],[69.88181,22.4532],[69.88181,22.45347],[69.88208,22.45347],[69.88208,22.45375],[69.88236,22.45375],[69.88236,22.45403],[69.88208,22.45403],[69.88208,22.45431],[69.88181,22.4543],[69.88181,22.45533],[69.88181,22.45542],[69.88184,22.45542],[69.88208,22.45542],[69.88208,22.45569],[69.88236,22.45569],[69.88236,22.45625],[69.88264,22.45625],[69.88264,22.45653],[69.88292,22.45653],[69.88292,22.45708],[69.88319,22.45707],[69.88319,22.45764],[69.88347,22.45764],[69.88347,22.45792],[69.88487,22.45792],[69.88487,22.4582],[69.88597,22.4582],[69.88597,22.45847],[69.88736,22.45847],[69.88736,22.45875],[69.88792,22.45875],[69.88792,22.45903],[69.88848,22.45903],[69.88848,22.45931],[69.88931,22.45931],[69.88931,22.46003],[69.88931,22.46097],[69.88958,22.46097],[69.88958,22.46125],[69.89014,22.46125],[69.89014,22.46153],[69.89069,22.46153],[69.89069,22.46181],[69.89098,22.46181],[69.89098,22.46236],[69.89125,22.46236],[69.89125,22.46292],[69.89153,22.46292],[69.89153,22.4632],[69.89181,22.46319],[69.89181,22.46347],[69.89208,22.46347],[69.89208,22.46375],[69.89236,22.46375],[69.89236,22.46403],[69.89291,22.46403],[69.89291,22.46431],[69.8932,22.46431],[69.8932,22.46458],[69.89347,22.46458],[69.89347,22.46486],[69.89403,22.46486],[69.89403,22.46514],[69.8943,22.46514],[69.8943,22.46542],[69.89514,22.46542],[69.89514,22.4657],[69.89597,22.4657],[69.89597,22.46597],[69.89709,22.46597],[69.89709,22.46625],[69.89849,22.46624],[69.89849,22.46653],[69.89891,22.46653],[69.89931,22.46653],[69.89931,22.46696],[69.89931,22.46736],[69.89958,22.46736],[69.89958,22.46764],[69.9003,22.46764],[69.90041,22.46764],[69.90041,22.46767],[69.90041,22.46792],[69.90202,22.46792],[69.90237,22.46792],[69.90237,22.46764],[69.9032,22.46764],[69.9032,22.46792],[69.90375,22.46792],[69.90375,22.46736],[69.90431,22.46736],[69.90431,22.46708],[69.90459,22.46708],[69.90459,22.46681],[69.90486,22.46681],[69.90486,22.46624],[69.90431,22.46625],[69.90431,22.46597],[69.90375,22.46597],[69.90375,22.46431],[69.90403,22.46431],[69.90403,22.46403],[69.9043,22.46403],[69.9043,22.4632],[69.90459,22.4632],[69.90459,22.46292],[69.90486,22.46292],[69.90486,22.46264],[69.90541,22.46264],[69.90541,22.46292],[69.90598,22.46292],[69.90598,22.46264],[69.90681,22.46264],[69.90681,22.46236],[69.90764,22.46236],[69.90764,22.46208],[69.90791,22.46208],[69.90791,22.46125],[69.90764,22.46125],[69.90764,22.4607],[69.90736,22.4607],[69.90736,22.46042],[69.90791,22.46042],[69.90791,22.46014],[69.90821,22.46014],[69.90821,22.45986],[69.90847,22.45986],[69.90847,22.46014],[69.90875,22.46014],[69.90875,22.45986],[69.91011,22.45986],[69.91014,22.45986],[69.91014,22.45979],[69.91014,22.45959],[69.91042,22.45959],[69.91042,22.45903],[69.9107,22.45903],[69.9107,22.45875],[69.91097,22.45875],[69.91097,22.45819],[69.91125,22.4582],[69.91125,22.45764],[69.91153,22.45764],[69.91153,22.45736],[69.9118,22.45736],[69.9118,22.45707],[69.91209,22.45708],[69.91209,22.45681],[69.91236,22.45681],[69.91236,22.45653],[69.91264,22.45653],[69.91264,22.45625],[69.91403,22.45625],[69.91403,22.45708],[69.91375,22.45707],[69.91375,22.45736],[69.91348,22.45736],[69.91348,22.45764],[69.91319,22.45764],[69.91319,22.45792],[69.91292,22.45792],[69.91292,22.4582],[69.91264,22.4582],[69.91264,22.45931],[69.91236,22.45931],[69.91236,22.45986],[69.91209,22.45986],[69.91209,22.46014],[69.91181,22.46014],[69.91181,22.46097],[69.91155,22.46097],[69.91153,22.46097],[69.91153,22.46107],[69.91153,22.46208],[69.91136,22.46208],[69.91125,22.46208],[69.91125,22.46264],[69.91097,22.46264],[69.91097,22.46347],[69.9107,22.46347],[69.9107,22.46431],[69.91043,22.46431],[69.91043,22.46542],[69.91014,22.46542],[69.91014,22.46623],[69.91014,22.46625],[69.91013,22.46625],[69.90986,22.46625],[69.90986,22.46691],[69.90986,22.46708],[69.90973,22.46708],[69.90958,22.46708],[69.90958,22.46728],[69.90958,22.46792],[69.90986,22.46792],[69.90986,22.46764],[69.91014,22.46764],[69.91014,22.46736],[69.91042,22.46736],[69.91042,22.46708],[69.91097,22.46708],[69.91097,22.46736],[69.91125,22.46736],[69.91125,22.4682],[69.91097,22.4682],[69.91097,22.47042],[69.91125,22.47042],[69.91125,22.47097],[69.91097,22.47097],[69.91097,22.47236],[69.9107,22.47236],[69.9107,22.47292],[69.91042,22.47292],[69.91042,22.4732],[69.91014,22.47319],[69.91014,22.47375],[69.90986,22.47375],[69.90986,22.47543],[69.91014,22.47542],[69.91014,22.47569],[69.9107,22.47569],[69.9107,22.47597],[69.91097,22.47597],[69.91097,22.47792],[69.91125,22.47792],[69.91125,22.47847],[69.91153,22.47847],[69.91153,22.47875],[69.9116,22.47875],[69.9118,22.47875],[69.9118,22.47931],[69.91209,22.47931],[69.91209,22.4807],[69.91194,22.48069],[69.9118,22.48069],[69.9118,22.48292],[69.91209,22.48292],[69.91209,22.48514],[69.91236,22.48514],[69.91236,22.48653],[69.91264,22.48653],[69.91264,22.4882],[69.91292,22.48819],[69.91292,22.48903],[69.91319,22.48903],[69.91319,22.48958],[69.91351,22.48958],[69.91375,22.48958],[69.91375,22.48986],[69.91402,22.48986],[69.91402,22.49014],[69.91431,22.49014],[69.91431,22.49043],[69.91458,22.49042],[69.91458,22.49069],[69.91487,22.49069],[69.91487,22.49097],[69.91514,22.49097],[69.91514,22.49125],[69.91541,22.49125],[69.91541,22.49153],[69.9157,22.49153],[69.9157,22.49181],[69.91597,22.49181],[69.91597,22.49208],[69.91625,22.49208],[69.91625,22.49236],[69.91681,22.49236],[69.91681,22.49264],[69.91735,22.49264],[69.91735,22.49292],[69.91792,22.49292],[69.91792,22.4932],[69.9182,22.4932],[69.9182,22.49347],[69.91847,22.49347],[69.91847,22.49375],[69.91875,22.49375],[69.91875,22.49459],[69.91847,22.49459],[69.91847,22.49474],[69.91847,22.49486],[69.91857,22.49486],[69.91875,22.49486],[69.91875,22.49507],[69.91875,22.4957],[69.91903,22.4957],[69.91903,22.49597],[69.91931,22.49597],[69.91931,22.49625],[69.91971,22.49624],[69.91986,22.49624],[69.91986,22.49653],[69.92014,22.49653],[69.92014,22.49705],[69.92014,22.49764],[69.92041,22.49764],[69.92041,22.49792],[69.92061,22.49792],[69.92069,22.49792],[69.92069,22.49807],[69.92069,22.49847],[69.92091,22.49847],[69.92097,22.49847],[69.92097,22.49858],[69.92097,22.49903],[69.92121,22.49903],[69.92125,22.49903],[69.92125,22.4991],[69.92125,22.49959],[69.92146,22.49958],[69.92152,22.49958],[69.92152,22.49973],[69.92152,22.50014],[69.92167,22.50014],[69.92181,22.50014],[69.92181,22.50042],[69.92208,22.50042],[69.92208,22.50097],[69.92236,22.50097],[69.92236,22.50153],[69.92264,22.50153],[69.92264,22.5019],[69.92264,22.50208],[69.92286,22.50208],[69.92292,22.50208],[69.92292,22.50214],[69.92292,22.50292],[69.9232,22.50292],[69.9232,22.50319],[69.92347,22.50319],[69.92347,22.50347],[69.92375,22.50347],[69.92375,22.50363],[69.92375,22.50375],[69.92403,22.50375],[69.92403,22.50403],[69.92431,22.50403],[69.92431,22.50458],[69.92459,22.50458],[69.92459,22.50486],[69.92486,22.50486],[69.92486,22.50514],[69.92514,22.50514],[69.92514,22.50542],[69.9257,22.50541],[69.9257,22.5057],[69.92597,22.5057],[69.92597,22.50597],[69.92625,22.50597],[69.92625,22.50625],[69.92654,22.50625],[69.92654,22.50653],[69.92709,22.50653],[69.92709,22.50681],[69.92736,22.50681],[69.92736,22.50709],[69.92764,22.50709],[69.92764,22.50736],[69.92792,22.50736],[69.92792,22.50764],[69.92847,22.50764],[69.92847,22.50792],[69.92875,22.50792],[69.92875,22.5082],[69.92903,22.5082],[69.92903,22.50847],[69.92958,22.50847],[69.92958,22.50875],[69.92986,22.50875],[69.92986,22.50903],[69.93042,22.50903],[69.93042,22.50931],[69.9307,22.50931],[69.9307,22.50958],[69.93125,22.50958],[69.93125,22.50986],[69.93153,22.50986],[69.93153,22.50992],[69.93153,22.51014],[69.93264,22.51014],[69.93264,22.51042],[69.9332,22.51042],[69.9332,22.51018],[69.9332,22.51014],[69.93375,22.51014],[69.93375,22.51021],[69.93375,22.51042],[69.934,22.51042],[69.93403,22.51042],[69.93403,22.51048],[69.93403,22.51098],[69.93423,22.51097],[69.93431,22.51097],[69.93431,22.51114],[69.93431,22.51154],[69.93448,22.51153],[69.93459,22.51153],[69.93459,22.51169],[69.93459,22.51208],[69.93487,22.51208],[69.93486,22.51264],[69.93526,22.51264],[69.93597,22.51264],[69.93597,22.51292],[69.93682,22.51292],[69.93682,22.51318],[69.93682,22.5132],[69.93695,22.5132],[69.93736,22.51319],[69.93736,22.51327],[69.93736,22.51347],[69.93819,22.51347],[69.93819,22.51375],[69.93958,22.51375],[69.93958,22.51347],[69.93963,22.51347],[69.93965,22.51347],[69.94046,22.51347],[69.9407,22.51347],[69.9407,22.51335],[69.9407,22.51319],[69.94097,22.5132],[69.94125,22.5132],[69.94125,22.51305],[69.94125,22.51292],[69.9415,22.51292],[69.94154,22.51292],[69.94154,22.5129],[69.94154,22.51264],[69.94201,22.51264],[69.94209,22.51264],[69.94209,22.5126],[69.94209,22.51236],[69.94236,22.51236],[69.94236,22.51208],[69.94292,22.51208],[69.94292,22.51181],[69.94347,22.5118],[69.94348,22.51153],[69.94375,22.51154],[69.94375,22.51125],[69.94403,22.51125],[69.94403,22.51097],[69.94431,22.51098],[69.94431,22.51069],[69.94458,22.51069],[69.94458,22.51042],[69.94486,22.51042],[69.94486,22.51014],[69.94514,22.51014],[69.94514,22.50986],[69.94542,22.50986],[69.94542,22.50958],[69.9457,22.50958],[69.9457,22.50931],[69.94597,22.50931],[69.94597,22.50903],[69.94625,22.50903],[69.94625,22.50875],[69.94653,22.50875],[69.94653,22.50847],[69.94681,22.50847],[69.94681,22.5082],[69.94708,22.5082],[69.94708,22.50804],[69.94708,22.50792],[69.94735,22.50792],[69.94735,22.50764],[69.94745,22.50764],[69.94764,22.50764],[69.94764,22.50736],[69.94791,22.50736],[69.94791,22.50708],[69.94875,22.50709],[69.94875,22.50681],[69.94903,22.50681],[69.94903,22.50653],[69.94958,22.50653],[69.94958,22.50625],[69.95014,22.50625],[69.95014,22.50597],[69.95098,22.50597],[69.95098,22.5057],[69.95153,22.5057],[69.95153,22.50541],[69.95237,22.50541],[69.95292,22.50542],[69.95292,22.50515],[69.95294,22.50514],[69.95318,22.50514],[69.95318,22.50501],[69.95318,22.50486],[69.9535,22.50486],[69.95375,22.50486],[69.95375,22.50474],[69.95375,22.50458],[69.95403,22.50458],[69.95403,22.5043],[69.95431,22.5043],[69.95431,22.50403],[69.95514,22.50403],[69.95514,22.50347],[69.95542,22.50347],[69.95542,22.50236],[69.9557,22.50237],[69.9557,22.50208],[69.95597,22.50208],[69.95597,22.50153],[69.95625,22.50153],[69.95625,22.50125],[69.95597,22.50125],[69.95597,22.50026],[69.95597,22.50014],[69.95625,22.50014],[69.95625,22.49958],[69.95653,22.49959],[69.95653,22.49653],[69.95625,22.49653],[69.95625,22.49542],[69.95736,22.49542],[69.95736,22.49597],[69.95764,22.49597],[69.95764,22.50014],[69.95736,22.50014],[69.95736,22.50056],[69.95736,22.50125],[69.95709,22.50125],[69.95709,22.50208],[69.9568,22.50208],[69.9568,22.50264],[69.95652,22.50264],[69.95652,22.50292],[69.95625,22.50292],[69.95625,22.50347],[69.95597,22.50347],[69.95597,22.50403],[69.9557,22.50403],[69.9557,22.5043],[69.95542,22.5043],[69.95542,22.50437],[69.95542,22.50458],[69.95566,22.50458],[69.9557,22.50458],[69.9557,22.5048],[69.9557,22.50512],[69.9557,22.5053],[69.9557,22.50542],[69.95597,22.50542],[69.95597,22.50597],[69.95625,22.50597],[69.95625,22.50653],[69.95653,22.50653],[69.95653,22.50709],[69.9568,22.50708],[69.9568,22.50726],[69.9568,22.50734],[69.9568,22.50736],[69.95685,22.50736],[69.95708,22.50736],[69.95708,22.50758],[69.95708,22.50764],[69.95712,22.50764],[69.95792,22.50764],[69.95792,22.50792],[69.95875,22.50792],[69.95875,22.5082],[69.95903,22.50819],[69.95903,22.50931],[69.95875,22.50931],[69.95875,22.50942],[69.95875,22.50958],[69.95819,22.50958],[69.95819,22.50931],[69.95764,22.50931],[69.95764,22.50875],[69.95708,22.50875],[69.95708,22.50865],[69.95708,22.50847],[69.95625,22.50847],[69.95625,22.5082],[69.95607,22.5082],[69.9557,22.5082],[69.9557,22.50847],[69.95348,22.50847],[69.95348,22.50875],[69.95292,22.50875],[69.95292,22.50903],[69.95181,22.50903],[69.95181,22.50931],[69.95125,22.50931],[69.95125,22.50958],[69.95097,22.50958],[69.95097,22.50986],[69.95069,22.50986],[69.95069,22.51042],[69.95042,22.51042],[69.95042,22.51074],[69.95042,22.51125],[69.95014,22.51125],[69.95014,22.51154],[69.94986,22.51153],[69.94986,22.51208],[69.94958,22.51208],[69.94958,22.51236],[69.9493,22.51236],[69.9493,22.51264],[69.94903,22.51264],[69.94903,22.51292],[69.9481,22.51292],[69.94791,22.51292],[69.94791,22.51308],[69.94791,22.5132],[69.94776,22.5132],[69.94737,22.51319],[69.94737,22.51347],[69.94708,22.51347],[69.94708,22.51375],[69.94653,22.51375],[69.94653,22.51403],[69.94625,22.51403],[69.94625,22.51431],[69.9457,22.51431],[69.9457,22.51459],[69.94542,22.51459],[69.94542,22.51486],[69.94486,22.51486],[69.94486,22.51542],[69.94458,22.51542],[69.94458,22.51579],[69.94458,22.51653],[69.94431,22.51653],[69.94431,22.51736],[69.94458,22.51735],[69.94458,22.51792],[69.94486,22.51792],[69.94486,22.51847],[69.94514,22.51847],[69.94514,22.51875],[69.94542,22.51875],[69.94542,22.51931],[69.94569,22.51931],[69.94569,22.51986],[69.94597,22.51986],[69.94597,22.52014],[69.94625,22.52014],[69.94625,22.51986],[69.94653,22.51986],[69.94653,22.51958],[69.94737,22.51958],[69.94737,22.52042],[69.94708,22.52042],[69.94708,22.5207],[69.94681,22.5207],[69.94681,22.52181],[69.94653,22.5218],[69.94653,22.52348],[69.94628,22.52347],[69.94625,22.52347],[69.94625,22.52425],[69.94625,22.52597],[69.94612,22.52597],[69.94597,22.52597],[69.94597,22.52649],[69.94597,22.52847],[69.94653,22.52847],[69.94653,22.52875],[69.94735,22.52875],[69.94735,22.52903],[69.94847,22.52903],[69.94847,22.52931],[69.9493,22.52931],[69.9493,22.52944],[69.9493,22.52958],[69.95014,22.52958],[69.95014,22.52986],[69.95207,22.52986],[69.95265,22.52986],[69.95403,22.52986],[69.95403,22.53014],[69.95431,22.53014],[69.95431,22.5307],[69.95458,22.53069],[69.95458,22.53097],[69.95514,22.53097],[69.95514,22.53125],[69.9554,22.53125],[69.9554,22.53153],[69.95597,22.53153],[69.95597,22.53181],[69.95625,22.53181],[69.95625,22.53208],[69.95653,22.53208],[69.95653,22.53236],[69.95708,22.53235],[69.95708,22.53264],[69.95736,22.53264],[69.95736,22.53292],[69.9575,22.53292],[69.95792,22.53292],[69.95792,22.53319],[69.95819,22.53319],[69.95819,22.53347],[69.95848,22.53347],[69.95848,22.53375],[69.95903,22.53375],[69.95903,22.53403],[69.9593,22.53403],[69.9593,22.53431],[69.95986,22.53431],[69.95986,22.53459],[69.96014,22.53458],[69.96014,22.53486],[69.96042,22.53486],[69.96042,22.53514],[69.96098,22.53514],[69.96098,22.53542],[69.96125,22.53542],[69.96125,22.5357],[69.96153,22.5357],[69.96153,22.53597],[69.96208,22.53597],[69.96208,22.53625],[69.96236,22.53625],[69.96236,22.53653],[69.96264,22.53653],[69.96264,22.53671],[69.96264,22.53708],[69.96291,22.53708],[69.96291,22.53736],[69.96375,22.53736],[69.96375,22.53764],[69.9643,22.53764],[69.9643,22.53792],[69.96514,22.53792],[69.96514,22.53819],[69.96571,22.53819],[69.96571,22.53848],[69.96653,22.53848],[69.96653,22.53875],[69.96736,22.53875],[69.96736,22.53903],[69.9684,22.53903],[69.96848,22.53903],[69.96848,22.53906],[69.96848,22.5393],[69.96921,22.5393],[69.96958,22.5393],[69.96958,22.53942],[69.96958,22.53958],[69.97015,22.53958],[69.97042,22.53958],[69.97042,22.53966],[69.97042,22.53986],[69.97097,22.53986],[69.97097,22.54014],[69.97202,22.54014],[69.97208,22.54014],[69.97208,22.54016],[69.97208,22.54042],[69.97265,22.54042],[69.97347,22.54042],[69.97347,22.5407],[69.97375,22.5407],[69.97375,22.54042],[69.97434,22.54042],[69.97435,22.54042],[69.97496,22.54042],[69.97681,22.54042],[69.97681,22.54014],[69.97765,22.54014],[69.97765,22.54042],[69.97875,22.54042],[69.97875,22.54014],[69.97986,22.54014],[69.97986,22.54042],[69.98014,22.54042],[69.98014,22.5407],[69.9807,22.5407],[69.9807,22.54097],[69.98125,22.54097],[69.98125,22.54125],[69.98181,22.54125],[69.98181,22.54153],[69.98226,22.54152],[69.98236,22.54153],[69.98236,22.54181],[69.98319,22.54181],[69.98319,22.54209],[69.98348,22.54209],[69.98348,22.54181],[69.98402,22.54181],[69.98402,22.54152],[69.98431,22.54153],[69.98431,22.54097],[69.98458,22.54097],[69.98458,22.5407],[69.98487,22.5407],[69.98487,22.54044],[69.98487,22.53958],[69.98458,22.53958],[69.98458,22.53875],[69.98431,22.53875],[69.98431,22.53819],[69.98403,22.53819],[69.98403,22.53764],[69.98375,22.53764],[69.98375,22.53736],[69.98346,22.53736],[69.98346,22.53708],[69.98319,22.53708],[69.98319,22.53653],[69.98292,22.53653],[69.98292,22.53625],[69.98236,22.53625],[69.98236,22.53597],[69.98209,22.53597],[69.98209,22.5357],[69.98181,22.5357],[69.98181,22.53542],[69.98153,22.53542],[69.98153,22.53514],[69.98207,22.53514],[69.98209,22.53486],[69.98292,22.53486],[69.98292,22.53513],[69.98319,22.53514],[69.98319,22.53542],[69.98348,22.53542],[69.98348,22.5357],[69.98375,22.5357],[69.98375,22.53597],[69.98402,22.53597],[69.98402,22.53653],[69.98431,22.53653],[69.98431,22.53681],[69.98458,22.53681],[69.98458,22.53708],[69.98487,22.53708],[69.98487,22.53764],[69.98514,22.53764],[69.98514,22.53792],[69.98542,22.53792],[69.98542,22.53848],[69.9857,22.53847],[69.9857,22.5393],[69.98597,22.5393],[69.98597,22.54032],[69.98597,22.54042],[69.9857,22.54042],[69.9857,22.54153],[69.98542,22.54152],[69.98542,22.54181],[69.98514,22.54181],[69.98514,22.54209],[69.98487,22.54208],[69.98487,22.54236],[69.98431,22.54236],[69.98431,22.54264],[69.98402,22.54264],[69.98402,22.54292],[69.98388,22.54292],[69.98236,22.54292],[69.98236,22.54283],[69.98236,22.54264],[69.98153,22.54264],[69.98153,22.54236],[69.98097,22.54236],[69.98097,22.54222],[69.98097,22.54209],[69.98042,22.54209],[69.98042,22.54181],[69.98014,22.54181],[69.98014,22.54152],[69.97708,22.54153],[69.97708,22.54125],[69.97641,22.54125],[69.97569,22.54125],[69.97569,22.54153],[69.97542,22.54152],[69.97542,22.54181],[69.97514,22.54181],[69.97514,22.54209],[69.97486,22.54208],[69.97486,22.54222],[69.97486,22.54236],[69.97494,22.54236],[69.97514,22.54236],[69.97514,22.54241],[69.97514,22.54264],[69.97569,22.54264],[69.97569,22.54292],[69.97625,22.54292],[69.97625,22.5432],[69.97791,22.5432],[69.97791,22.54347],[69.97867,22.54347],[69.97957,22.54347],[69.97957,22.54375],[69.98244,22.54375],[69.98246,22.54375],[69.98319,22.54375],[69.98319,22.54383],[69.98319,22.54403],[69.98375,22.54403],[69.98375,22.54431],[69.98542,22.54431],[69.98542,22.54458],[69.98681,22.54458],[69.98681,22.54486],[69.9882,22.54486],[69.9882,22.54514],[69.98959,22.54514],[69.98959,22.54542],[69.99069,22.54542],[69.99069,22.54569],[69.99208,22.54569],[69.99208,22.54597],[69.99319,22.54597],[69.99319,22.54625],[69.99431,22.54625],[69.99431,22.54653],[69.99565,22.54653],[69.99569,22.54653],[69.99569,22.54655],[69.99569,22.54681],[69.99653,22.54681],[69.99709,22.54681],[69.99709,22.54694],[69.99709,22.54708],[69.99875,22.54708],[69.99875,22.54736],[70,22.54736],[70.00125,22.54736],[70.00125,22.54714],[70.00125,22.54708],[70.00144,22.54708],[70.00153,22.54708],[70.00153,22.54706],[70.00153,22.54681],[70.00208,22.54681],[70.00208,22.54653],[70.00264,22.54653],[70.00264,22.54597],[70.00292,22.54597],[70.00292,22.54431],[70.00377,22.54431],[70.00403,22.54431],[70.00403,22.54569],[70.0043,22.54569],[70.0043,22.54653],[70.00486,22.54653],[70.00486,22.54681],[70.00523,22.54681],[70.00542,22.54681],[70.00542,22.54696],[70.00542,22.54708],[70.00572,22.54708],[70.00598,22.54708],[70.00598,22.54717],[70.00598,22.54736],[70.00658,22.54736],[70.00681,22.54736],[70.00681,22.54744],[70.00681,22.54765],[70.00748,22.54765],[70.00763,22.54765],[70.00763,22.5477],[70.00763,22.54792],[70.00827,22.54792],[70.00875,22.54792],[70.00875,22.54809],[70.00875,22.5482],[70.00907,22.5482],[70.00958,22.5482],[70.00958,22.54825],[70.00958,22.54847],[70.01041,22.54847],[70.01041,22.54875],[70.01097,22.54875],[70.01097,22.54847],[70.01109,22.54847],[70.01153,22.54847],[70.01153,22.5482],[70.0118,22.5482],[70.0118,22.54792],[70.01264,22.54792],[70.01264,22.54765],[70.01347,22.54765],[70.01347,22.54736],[70.01431,22.54736],[70.01431,22.54708],[70.01486,22.54708],[70.01486,22.54681],[70.01621,22.54681],[70.01986,22.54681],[70.01986,22.54708],[70.02041,22.54708],[70.02041,22.54736],[70.02069,22.54736],[70.02069,22.54765],[70.02098,22.54765],[70.02098,22.54792],[70.02125,22.54792],[70.02125,22.54805],[70.02125,22.5482],[70.02153,22.5482],[70.02153,22.54847],[70.02209,22.54847],[70.02209,22.54875],[70.02236,22.54875],[70.02236,22.54903],[70.02264,22.54903],[70.02264,22.54929],[70.02264,22.54931],[70.02273,22.54931],[70.02348,22.54931],[70.02348,22.54959],[70.02375,22.54959],[70.02375,22.54986],[70.02403,22.54986],[70.02403,22.55023],[70.02403,22.55042],[70.02424,22.55042],[70.02431,22.55042],[70.02431,22.55048],[70.02431,22.5507],[70.02455,22.5507],[70.02487,22.5507],[70.02487,22.55097],[70.0268,22.55097],[70.0268,22.5507],[70.02709,22.5507],[70.02709,22.55057],[70.02709,22.55042],[70.02736,22.55042],[70.02736,22.55014],[70.02792,22.55014],[70.02792,22.54986],[70.02814,22.54986],[70.02819,22.54986],[70.0282,22.54974],[70.0282,22.54959],[70.02825,22.54959],[70.02847,22.54959],[70.02847,22.54903],[70.02847,22.5482],[70.0282,22.5482],[70.02819,22.54696],[70.02819,22.54681],[70.02806,22.54681],[70.02792,22.54681],[70.02792,22.54664],[70.02792,22.54653],[70.02782,22.54653],[70.02764,22.54653],[70.02764,22.54634],[70.02764,22.54625],[70.02757,22.54625],[70.02736,22.54625],[70.02736,22.54608],[70.02736,22.54597],[70.0272,22.54597],[70.02709,22.54597],[70.02709,22.54589],[70.02709,22.54569],[70.02678,22.54569],[70.02653,22.54569],[70.02653,22.54553],[70.02653,22.54542],[70.02637,22.54542],[70.02625,22.54542],[70.02625,22.54534],[70.02625,22.54514],[70.02597,22.54514],[70.02597,22.54486],[70.0257,22.54486],[70.0257,22.54458],[70.0253,22.54458],[70.02514,22.54458],[70.02514,22.54439],[70.02514,22.54431],[70.02507,22.54431],[70.02486,22.54431],[70.02485,22.54405],[70.02484,22.54404],[70.02458,22.54403],[70.02458,22.54388],[70.02458,22.54375],[70.02431,22.54375],[70.02431,22.54347],[70.02389,22.54347],[70.02375,22.54347],[70.02375,22.5432],[70.02348,22.5432],[70.02348,22.54264],[70.0232,22.54264],[70.0232,22.54208],[70.02292,22.54209],[70.02292,22.54153],[70.02264,22.54153],[70.02264,22.54097],[70.02236,22.54097],[70.02236,22.54042],[70.02209,22.54042],[70.02209,22.53958],[70.02348,22.53958],[70.02348,22.53986],[70.02375,22.53986],[70.02375,22.54042],[70.02403,22.54042],[70.02403,22.5407],[70.02431,22.5407],[70.02431,22.54097],[70.02458,22.54097],[70.02458,22.54125],[70.02487,22.54125],[70.02487,22.54153],[70.02514,22.54153],[70.02514,22.54209],[70.02541,22.54208],[70.02541,22.54236],[70.0257,22.54236],[70.0257,22.54257],[70.0257,22.54264],[70.0258,22.54264],[70.02597,22.54264],[70.02597,22.54276],[70.02597,22.54292],[70.02621,22.54292],[70.02625,22.54292],[70.02625,22.54295],[70.02625,22.5432],[70.02662,22.5432],[70.0268,22.5432],[70.0268,22.54331],[70.0268,22.54347],[70.02707,22.54347],[70.02736,22.54347],[70.02736,22.54366],[70.02736,22.54375],[70.02751,22.54375],[70.02792,22.54375],[70.02792,22.544],[70.02792,22.54403],[70.02796,22.54403],[70.0282,22.54403],[70.0282,22.54418],[70.0282,22.54431],[70.0284,22.54431],[70.02875,22.54431],[70.02875,22.54456],[70.02875,22.54458],[70.02878,22.54458],[70.0293,22.54458],[70.0293,22.545],[70.0293,22.54514],[70.02947,22.54514],[70.02959,22.54514],[70.02959,22.54523],[70.02959,22.54569],[70.02986,22.54569],[70.02986,22.54625],[70.03014,22.54625],[70.03014,22.54716],[70.03014,22.54792],[70.03042,22.54792],[70.03042,22.55181],[70.03067,22.55181],[70.03069,22.55181],[70.03069,22.55236],[70.03098,22.55236],[70.03098,22.55286],[70.03098,22.55292],[70.03109,22.55292],[70.03125,22.55292],[70.03125,22.55302],[70.03125,22.55347],[70.03151,22.55346],[70.03151,22.55375],[70.0318,22.55375],[70.0318,22.55431],[70.03208,22.5543],[70.03208,22.55458],[70.03236,22.55458],[70.03236,22.55486],[70.03264,22.55486],[70.03264,22.55542],[70.03292,22.55542],[70.03292,22.5557],[70.0332,22.5557],[70.0332,22.55597],[70.03347,22.55597],[70.03347,22.55628],[70.03347,22.55653],[70.03369,22.55653],[70.03375,22.55653],[70.03375,22.5566],[70.03375,22.55681],[70.03393,22.55681],[70.03403,22.55681],[70.03403,22.55692],[70.03403,22.55709],[70.03417,22.55709],[70.0343,22.55709],[70.03431,22.55725],[70.03431,22.55736],[70.03442,22.55736],[70.03457,22.55736],[70.03457,22.55745],[70.03457,22.55764],[70.03491,22.55764],[70.03514,22.55764],[70.03514,22.55778],[70.03514,22.55792],[70.0354,22.55792],[70.03543,22.55792],[70.03543,22.55794],[70.03543,22.5582],[70.0357,22.5582],[70.0357,22.55847],[70.03597,22.55847],[70.03597,22.55875],[70.03653,22.55875],[70.03653,22.55903],[70.04014,22.55903],[70.04014,22.55959],[70.03986,22.55959],[70.03986,22.56042],[70.03958,22.56042],[70.03958,22.56069],[70.03931,22.56069],[70.03931,22.56097],[70.03902,22.56097],[70.03902,22.56292],[70.03959,22.56292],[70.04026,22.56292],[70.04041,22.56292],[70.04041,22.56236],[70.0407,22.56236],[70.0407,22.56209],[70.04097,22.56209],[70.04097,22.56181],[70.04125,22.56181],[70.04125,22.56125],[70.04153,22.56125],[70.04153,22.56042],[70.04181,22.56042],[70.04181,22.55986],[70.04193,22.55986],[70.04208,22.55986],[70.04208,22.55931],[70.04236,22.55931],[70.04236,22.55875],[70.04264,22.55875],[70.04264,22.5582],[70.04292,22.5582],[70.04292,22.55792],[70.0432,22.55792],[70.0432,22.55742],[70.0432,22.55736],[70.04347,22.55736],[70.04347,22.55709],[70.04375,22.55709],[70.04375,22.55681],[70.04414,22.55681],[70.04431,22.55681],[70.04431,22.55663],[70.04431,22.55653],[70.0444,22.55653],[70.04458,22.55653],[70.04458,22.55632],[70.04458,22.55625],[70.04468,22.55625],[70.04515,22.55625],[70.04514,22.55606],[70.04514,22.55597],[70.04534,22.55597],[70.04569,22.55597],[70.04569,22.55583],[70.04569,22.5557],[70.04601,22.5557],[70.04625,22.5557],[70.04625,22.5556],[70.04625,22.55542],[70.04667,22.55542],[70.0468,22.55542],[70.0468,22.55536],[70.0468,22.55514],[70.04708,22.55514],[70.04708,22.55486],[70.04764,22.55486],[70.04764,22.55458],[70.0482,22.55458],[70.0482,22.5543],[70.04891,22.55431],[70.04903,22.55431],[70.04903,22.55425],[70.04903,22.55403],[70.04947,22.55403],[70.04988,22.55403],[70.04988,22.55383],[70.04988,22.55375],[70.05004,22.55375],[70.0507,22.55375],[70.0507,22.55346],[70.05153,22.55347],[70.05153,22.5532],[70.05236,22.5532],[70.05236,22.55292],[70.05319,22.55292],[70.05319,22.55264],[70.05403,22.55264],[70.05403,22.55236],[70.05486,22.55236],[70.05486,22.55208],[70.05597,22.55208],[70.05597,22.55181],[70.05709,22.55181],[70.05709,22.55169],[70.05709,22.55153],[70.05773,22.55153],[70.05773,22.55153],[70.05847,22.55153],[70.05847,22.55125],[70.0596,22.55125],[70.05959,22.55097],[70.06014,22.55097],[70.06014,22.5508],[70.06014,22.5507],[70.06042,22.5507],[70.06042,22.55042],[70.06097,22.55042],[70.06097,22.55014],[70.06142,22.55014],[70.06153,22.55014],[70.06153,22.55005],[70.06153,22.54986],[70.06177,22.54986],[70.06208,22.54986],[70.06208,22.54961],[70.06208,22.54959],[70.06212,22.54959],[70.06236,22.54959],[70.06236,22.54939],[70.06236,22.54931],[70.06257,22.54931],[70.06292,22.54931],[70.06292,22.54917],[70.06292,22.54903],[70.06319,22.54903],[70.06319,22.54875],[70.06347,22.54875],[70.06347,22.54847],[70.06375,22.54847],[70.06375,22.54792],[70.06403,22.54792],[70.06403,22.54736],[70.06431,22.54736],[70.06431,22.54708],[70.06458,22.54708],[70.06458,22.54681],[70.06514,22.54681],[70.06514,22.54708],[70.0657,22.54708],[70.0657,22.54721],[70.0657,22.54736],[70.06597,22.54736],[70.06597,22.54765],[70.06653,22.54765],[70.06653,22.54792],[70.0668,22.54792],[70.0668,22.5482],[70.06709,22.5482],[70.06709,22.54847],[70.06736,22.54847],[70.06736,22.54875],[70.06778,22.54877],[70.06791,22.54877],[70.06791,22.54892],[70.06791,22.54903],[70.06801,22.54903],[70.06847,22.54903],[70.06847,22.54931],[70.06848,22.54931],[70.06903,22.54931],[70.06903,22.54945],[70.06903,22.54959],[70.06956,22.54959],[70.06958,22.54959],[70.06958,22.54986],[70.07042,22.54986],[70.07042,22.55014],[70.07264,22.55014],[70.07264,22.54988],[70.07264,22.54986],[70.07388,22.54986],[70.0743,22.54986],[70.0743,22.54972],[70.0743,22.54959],[70.07469,22.54959],[70.07542,22.54959],[70.07542,22.54933],[70.07542,22.54931],[70.0755,22.54931],[70.07653,22.54931],[70.07653,22.54903],[70.07736,22.54903],[70.07736,22.54875],[70.07848,22.54875],[70.07848,22.54847],[70.07958,22.54847],[70.07958,22.5482],[70.0807,22.5482],[70.0807,22.54792],[70.08153,22.54792],[70.08153,22.54765],[70.08264,22.54765],[70.08264,22.54736],[70.08319,22.54736],[70.08319,22.54708],[70.08375,22.54708],[70.08375,22.54681],[70.0843,22.54681],[70.0843,22.54629],[70.0843,22.54597],[70.08446,22.54597],[70.08459,22.54597],[70.08459,22.54547],[70.08459,22.54542],[70.0846,22.54542],[70.08486,22.54542],[70.08486,22.54514],[70.0857,22.54514],[70.0857,22.54486],[70.08732,22.54486],[70.08736,22.54486],[70.08736,22.54492],[70.08736,22.54542],[70.08764,22.54542],[70.08764,22.54597],[70.0893,22.54597],[70.0893,22.54625],[70.0907,22.54625],[70.0907,22.54653],[70.09435,22.54653],[70.09439,22.54653],[70.09541,22.54653],[70.09541,22.54661],[70.09541,22.54681],[70.09736,22.54681],[70.09736,22.54708],[70.10125,22.54708],[70.10125,22.54698],[70.10125,22.54681],[70.1025,22.54681],[70.10254,22.54681],[70.10375,22.54681],[70.10375,22.54669],[70.10375,22.54653],[70.10475,22.54653],[70.10476,22.54653],[70.10542,22.54653],[70.10542,22.54608],[70.10542,22.54597],[70.10554,22.54597],[70.10625,22.54597],[70.10625,22.54625],[70.1064,22.54625],[70.10653,22.54625],[70.10653,22.54642],[70.10653,22.54653],[70.10679,22.54653],[70.10679,22.54681],[70.11153,22.54681],[70.11153,22.54708],[70.11486,22.54708],[70.11486,22.54736],[70.11569,22.54736],[70.11569,22.54765],[70.11625,22.54765],[70.11625,22.54792],[70.11681,22.54792],[70.11681,22.5482],[70.11764,22.5482],[70.11764,22.54792],[70.11847,22.54792],[70.11847,22.54765],[70.11931,22.54765],[70.11931,22.54736],[70.11959,22.54736],[70.11959,22.54708],[70.11986,22.54708],[70.11986,22.5467],[70.11986,22.54653],[70.12008,22.54653],[70.12014,22.54653],[70.12014,22.54649],[70.12014,22.54625],[70.12041,22.54625],[70.12041,22.54597],[70.12071,22.54597],[70.12125,22.54597],[70.12125,22.54569],[70.12181,22.54569],[70.12181,22.54597],[70.12264,22.54597],[70.12264,22.54625],[70.12292,22.54625],[70.12292,22.54653],[70.12319,22.54653],[70.12319,22.54681],[70.12375,22.54681],[70.12375,22.54708],[70.12403,22.54708],[70.12403,22.54736],[70.12432,22.54736],[70.12432,22.54765],[70.12638,22.54765],[70.1264,22.54765],[70.12736,22.54765],[70.12736,22.54771],[70.12736,22.54792],[70.12876,22.54792],[70.12876,22.5482],[70.12895,22.5482],[70.13752,22.5482],[70.13753,22.5482],[70.13764,22.5482],[70.13764,22.54821],[70.13764,22.54847],[70.13792,22.54847],[70.13792,22.54875],[70.13847,22.54875],[70.13847,22.54903],[70.13875,22.54903],[70.13875,22.54931],[70.13903,22.54931],[70.13903,22.54959],[70.1393,22.54959],[70.1393,22.54986],[70.13986,22.54986],[70.13986,22.55014],[70.14015,22.55014],[70.14015,22.55042],[70.14098,22.55042],[70.14098,22.55014],[70.14171,22.55014],[70.14173,22.55014],[70.14181,22.55014],[70.14181,22.54986],[70.14264,22.54986],[70.14264,22.54959],[70.14347,22.54958],[70.14347,22.55042],[70.14375,22.55042],[70.14376,22.55152],[70.14375,22.55153],[70.14377,22.55153],[70.14403,22.55153],[70.14403,22.55177],[70.14403,22.55208],[70.14437,22.55208],[70.14458,22.55208],[70.14458,22.55223],[70.14458,22.55236],[70.1448,22.55236],[70.14486,22.55236],[70.14486,22.5524],[70.14486,22.55264],[70.14526,22.55264],[70.14542,22.55264],[70.14542,22.55274],[70.14542,22.55292],[70.14596,22.55292],[70.14653,22.55292],[70.14653,22.55307],[70.14653,22.5532],[70.14699,22.5532],[70.147,22.5532],[70.14736,22.5532],[70.14736,22.55324],[70.14736,22.55347],[70.14931,22.55347],[70.14931,22.5532],[70.1507,22.5532],[70.1507,22.55304],[70.1507,22.55292],[70.15175,22.55292],[70.15177,22.55292],[70.15221,22.55292],[70.15375,22.55292],[70.15375,22.5532],[70.15459,22.5532],[70.15459,22.55339],[70.15459,22.55347],[70.15514,22.55347],[70.15514,22.55342],[70.15514,22.5532],[70.15584,22.5532],[70.15625,22.5532],[70.15625,22.55298],[70.15625,22.55292],[70.15638,22.55292],[70.15652,22.55292],[70.15652,22.55285],[70.15652,22.55264],[70.15692,22.55264],[70.15708,22.55264],[70.15708,22.55256],[70.15708,22.55236],[70.15734,22.55236],[70.15736,22.55236],[70.15736,22.55234],[70.15736,22.55208],[70.15763,22.55208],[70.15819,22.55208],[70.15819,22.55264],[70.15847,22.55264],[70.15847,22.55292],[70.15875,22.55292],[70.15875,22.55265],[70.15958,22.55264],[70.15958,22.55236],[70.1607,22.55236],[70.1607,22.55208],[70.16125,22.55208],[70.16125,22.55181],[70.1618,22.55181],[70.1618,22.55153],[70.16266,22.55153],[70.16292,22.55153],[70.16292,22.55181],[70.16319,22.55181],[70.16319,22.55208],[70.16403,22.55208],[70.16403,22.55292],[70.16458,22.55292],[70.16458,22.5532],[70.16487,22.5532],[70.16487,22.55347],[70.16541,22.55346],[70.16541,22.55375],[70.1657,22.55375],[70.1657,22.55403],[70.16597,22.55403],[70.16597,22.55431],[70.16625,22.55431],[70.16625,22.55486],[70.16653,22.55486],[70.16653,22.55514],[70.16681,22.55514],[70.16681,22.55542],[70.16764,22.55542],[70.16764,22.5557],[70.1682,22.5557],[70.1682,22.55597],[70.16903,22.55597],[70.16903,22.55625],[70.16931,22.55625],[70.16931,22.55653],[70.16959,22.55653],[70.16959,22.55681],[70.16986,22.55681],[70.16986,22.55709],[70.17095,22.55708],[70.17125,22.55708],[70.17125,22.55728],[70.17125,22.55764],[70.17152,22.55764],[70.17152,22.55792],[70.17181,22.55792],[70.17181,22.55847],[70.17208,22.55847],[70.17208,22.55903],[70.17181,22.55903],[70.17181,22.55959],[70.17208,22.55959],[70.17208,22.56014],[70.17237,22.56014],[70.17237,22.56069],[70.17292,22.56069],[70.17292,22.56097],[70.1732,22.56097],[70.1732,22.56125],[70.17347,22.56125],[70.17347,22.56153],[70.17403,22.56153],[70.17403,22.56181],[70.17431,22.56181],[70.17431,22.56236],[70.17452,22.56236],[70.17458,22.56236],[70.17458,22.56282],[70.17458,22.56292],[70.17459,22.56292],[70.17486,22.56292],[70.17486,22.56375],[70.17514,22.56375],[70.17514,22.56431],[70.17486,22.56431],[70.17486,22.56458],[70.17478,22.56458],[70.17459,22.56458],[70.17459,22.56486],[70.17431,22.56486],[70.17431,22.56514],[70.17403,22.56514],[70.17403,22.56542],[70.17431,22.56542],[70.17431,22.56569],[70.17458,22.56569],[70.17458,22.56625],[70.17486,22.56625],[70.17486,22.56708],[70.17514,22.56708],[70.17514,22.56764],[70.17542,22.56764],[70.17542,22.56847],[70.1757,22.56846],[70.1757,22.56903],[70.17597,22.56903],[70.17597,22.56931],[70.17625,22.56931],[70.17625,22.56986],[70.17653,22.56986],[70.17653,22.57014],[70.1768,22.57014],[70.1768,22.57042],[70.17736,22.57042],[70.17736,22.5707],[70.17765,22.5707],[70.17903,22.5707],[70.17903,22.57097],[70.1793,22.57097],[70.1793,22.57125],[70.17958,22.57125],[70.17958,22.57181],[70.17986,22.57181],[70.17986,22.57241],[70.17986,22.57264],[70.18014,22.57264],[70.18014,22.57336],[70.18014,22.57375],[70.18042,22.57375],[70.18042,22.57434],[70.18042,22.57459],[70.18069,22.57459],[70.18069,22.57542],[70.18125,22.57542],[70.18125,22.57514],[70.18153,22.57514],[70.18153,22.57486],[70.18236,22.57486],[70.18236,22.57514],[70.18264,22.57514],[70.18264,22.5757],[70.18291,22.5757],[70.18291,22.57625],[70.1832,22.57625],[70.1832,22.57681],[70.18347,22.57681],[70.18347,22.57736],[70.18375,22.57736],[70.18375,22.58042],[70.18486,22.58042],[70.18486,22.58069],[70.18569,22.58069],[70.18569,22.58097],[70.18625,22.58097],[70.18625,22.58125],[70.18653,22.58125],[70.18653,22.58153],[70.18666,22.58153],[70.18682,22.58153],[70.18682,22.58181],[70.18708,22.5818],[70.18708,22.58208],[70.18736,22.58208],[70.18736,22.58375],[70.18847,22.58375],[70.18847,22.58403],[70.1882,22.58403],[70.1882,22.58459],[70.18809,22.58458],[70.18792,22.58458],[70.18792,22.58514],[70.1882,22.58514],[70.1882,22.58542],[70.18888,22.58542],[70.18986,22.58542],[70.18986,22.58514],[70.19041,22.58514],[70.19041,22.58486],[70.1907,22.58486],[70.1907,22.58459],[70.19097,22.58459],[70.19097,22.58431],[70.19126,22.58431],[70.19126,22.58403],[70.19209,22.58403],[70.19209,22.58292],[70.19431,22.58292],[70.19431,22.58431],[70.19458,22.58431],[70.19458,22.58486],[70.19486,22.58486],[70.19486,22.58542],[70.19514,22.58542],[70.19514,22.58625],[70.19542,22.58625],[70.19542,22.58682],[70.19568,22.58682],[70.19568,22.58764],[70.19597,22.58764],[70.19597,22.58903],[70.19458,22.58903],[70.19458,22.58736],[70.1943,22.58736],[70.1943,22.58682],[70.19403,22.58682],[70.19403,22.58597],[70.19319,22.58597],[70.19319,22.58653],[70.19292,22.58653],[70.19292,22.58931],[70.19319,22.58931],[70.19319,22.59097],[70.19348,22.59097],[70.19348,22.59236],[70.19375,22.59236],[70.19375,22.59292],[70.19403,22.59292],[70.19403,22.59486],[70.19375,22.59486],[70.19375,22.59597],[70.19346,22.59597],[70.19346,22.59681],[70.19319,22.59681],[70.19319,22.5982],[70.19346,22.59819],[70.19346,22.59876],[70.19458,22.59876],[70.19458,22.59931],[70.19431,22.59931],[70.19431,22.59958],[70.19458,22.59958],[70.19458,22.60014],[70.19486,22.60014],[70.19486,22.60069],[70.19458,22.60069],[70.19458,22.60097],[70.1943,22.60097],[70.1943,22.60125],[70.19403,22.60125],[70.19403,22.6018],[70.19431,22.6018],[70.19431,22.60208],[70.19486,22.60208],[70.19486,22.6018],[70.1957,22.6018],[70.1957,22.60236],[70.19542,22.60236],[70.19542,22.60264],[70.19486,22.60264],[70.19486,22.60292],[70.19458,22.60292],[70.19458,22.6032],[70.19455,22.6032],[70.1943,22.6032],[70.1943,22.60375],[70.19484,22.60375],[70.19514,22.60375],[70.19514,22.60426],[70.19514,22.60431],[70.19517,22.60431],[70.19542,22.60431],[70.19542,22.60473],[70.19542,22.60486],[70.1955,22.60486],[70.19568,22.60486],[70.19568,22.60518],[70.19568,22.60542],[70.19542,22.60542],[70.19542,22.60597],[70.19625,22.60597],[70.19625,22.60589],[70.19625,22.60486],[70.19681,22.60486],[70.19681,22.60514],[70.19737,22.60514],[70.19737,22.60542],[70.19792,22.60542],[70.19792,22.6057],[70.19847,22.6057],[70.19847,22.60542],[70.19875,22.60542],[70.19876,22.60542],[70.19876,22.60514],[70.1993,22.60514],[70.1993,22.60457],[70.19959,22.60459],[70.19959,22.60375],[70.20069,22.60375],[70.20069,22.60486],[70.20042,22.60486],[70.20042,22.6057],[70.20098,22.6057],[70.20098,22.60514],[70.20125,22.60514],[70.20125,22.60457],[70.20208,22.60457],[70.20208,22.60542],[70.20236,22.60542],[70.20236,22.60486],[70.20292,22.60486],[70.20292,22.60542],[70.20318,22.60542],[70.20318,22.60653],[70.20292,22.60653],[70.20292,22.60681],[70.20264,22.60681],[70.20264,22.60736],[70.20236,22.60736],[70.20236,22.60759],[70.20236,22.60792],[70.20153,22.60792],[70.20153,22.60763],[70.20069,22.60764],[70.20069,22.60736],[70.20014,22.60736],[70.20014,22.60708],[70.19986,22.60708],[70.19986,22.60681],[70.19876,22.60681],[70.19876,22.60653],[70.19847,22.60653],[70.19847,22.60875],[70.19903,22.60875],[70.19903,22.60903],[70.1993,22.60903],[70.1993,22.60931],[70.19959,22.60931],[70.19959,22.60958],[70.19986,22.60958],[70.19986,22.60986],[70.19959,22.60986],[70.19959,22.61014],[70.19903,22.61014],[70.19903,22.6107],[70.19876,22.6107],[70.19876,22.61097],[70.1982,22.61097],[70.1982,22.61125],[70.19764,22.61125],[70.19764,22.61153],[70.19681,22.61153],[70.19681,22.61125],[70.19597,22.61125],[70.19597,22.61073],[70.19597,22.6107],[70.1958,22.6107],[70.19514,22.6107],[70.19514,22.61125],[70.19486,22.61125],[70.19486,22.61236],[70.19514,22.61236],[70.19514,22.61292],[70.1957,22.61292],[70.1957,22.6132],[70.19625,22.6132],[70.19625,22.61292],[70.19654,22.61292],[70.19654,22.6127],[70.19654,22.61264],[70.19681,22.61264],[70.19681,22.61236],[70.19737,22.61236],[70.19737,22.61272],[70.19737,22.61292],[70.19816,22.61292],[70.19847,22.61292],[70.19847,22.61319],[70.1982,22.6132],[70.1982,22.61323],[70.1982,22.61376],[70.19791,22.61376],[70.19791,22.61431],[70.1982,22.61431],[70.1982,22.61464],[70.1982,22.61542],[70.19792,22.61542],[70.19792,22.61597],[70.19764,22.61597],[70.19764,22.61625],[70.19737,22.61625],[70.19737,22.61666],[70.19737,22.61681],[70.19764,22.61681],[70.19764,22.61708],[70.19792,22.61708],[70.19792,22.61679],[70.19792,22.61653],[70.1982,22.61653],[70.1982,22.61597],[70.19876,22.61597],[70.19876,22.61542],[70.19959,22.61542],[70.19959,22.61597],[70.1993,22.61597],[70.1993,22.61625],[70.19903,22.61625],[70.19903,22.61681],[70.1993,22.6168],[70.1993,22.61736],[70.20014,22.61736],[70.20014,22.61764],[70.20069,22.61764],[70.20069,22.61792],[70.20098,22.61792],[70.20098,22.6182],[70.20153,22.6182],[70.20153,22.61847],[70.20181,22.61847],[70.20181,22.61903],[70.20153,22.61903],[70.20153,22.61959],[70.20181,22.61959],[70.20181,22.61986],[70.20236,22.61986],[70.20236,22.62014],[70.20318,22.62014],[70.20318,22.61957],[70.20403,22.61957],[70.20403,22.62014],[70.20541,22.62014],[70.20541,22.62042],[70.20597,22.62042],[70.20597,22.6207],[70.20625,22.6207],[70.20625,22.62097],[70.20708,22.62097],[70.20708,22.62125],[70.20764,22.62125],[70.20764,22.62153],[70.20792,22.62153],[70.20792,22.62181],[70.20848,22.62181],[70.20848,22.62208],[70.20875,22.62208],[70.20875,22.62236],[70.20903,22.62236],[70.20903,22.62319],[70.20848,22.62319],[70.20848,22.62403],[70.20819,22.62403],[70.20819,22.62431],[70.20792,22.62431],[70.20792,22.62514],[70.20819,22.62514],[70.20819,22.62542],[70.20848,22.62542],[70.20848,22.62514],[70.21014,22.62514],[70.21014,22.62486],[70.20986,22.62486],[70.20986,22.62403],[70.21014,22.62403],[70.21014,22.62375],[70.21042,22.62375],[70.21042,22.62319],[70.21153,22.62319],[70.21153,22.62347],[70.21181,22.62347],[70.21181,22.62403],[70.21208,22.62403],[70.21208,22.62459],[70.21237,22.62459],[70.21237,22.62486],[70.21264,22.62486],[70.21264,22.62625],[70.21208,22.62625],[70.21208,22.62597],[70.21181,22.62597],[70.21181,22.62625],[70.21153,22.62625],[70.21153,22.62653],[70.21181,22.62653],[70.21181,22.62681],[70.21208,22.62681],[70.21208,22.62764],[70.21153,22.62764],[70.21153,22.62792],[70.21125,22.62792],[70.21125,22.62903],[70.2107,22.62903],[70.2107,22.6293],[70.21153,22.6293],[70.21153,22.62987],[70.21208,22.62986],[70.21208,22.63014],[70.21347,22.63014],[70.21347,22.62986],[70.21375,22.62987],[70.21375,22.6293],[70.21403,22.6293],[70.21403,22.62792],[70.21486,22.62792],[70.21486,22.62819],[70.21514,22.62819],[70.21514,22.62792],[70.21541,22.62792],[70.21541,22.62764],[70.21653,22.62764],[70.21653,22.62792],[70.21764,22.62792],[70.21764,22.6293],[70.21792,22.6293],[70.21792,22.63014],[70.21847,22.63014],[70.21847,22.62986],[70.21875,22.62987],[70.21875,22.62958],[70.21985,22.62958],[70.21985,22.63014],[70.21958,22.63014],[70.21958,22.63209],[70.21985,22.63208],[70.21985,22.63236],[70.22014,22.63236],[70.22014,22.63403],[70.22042,22.63403],[70.22042,22.63431],[70.22014,22.63431],[70.22014,22.63458],[70.21875,22.63458],[70.21875,22.63431],[70.21818,22.63431],[70.21818,22.63403],[70.21847,22.63403],[70.21847,22.63347],[70.21818,22.63347],[70.21818,22.63375],[70.21792,22.63375],[70.21792,22.63403],[70.21764,22.63403],[70.21764,22.63431],[70.21653,22.63431],[70.21653,22.63487],[70.21597,22.63487],[70.21597,22.63458],[70.2157,22.63458],[70.21569,22.63431],[70.21569,22.63403],[70.21541,22.63403],[70.21541,22.63347],[70.21458,22.63347],[70.21458,22.63375],[70.2143,22.63375],[70.2143,22.63403],[70.21375,22.63403],[70.21375,22.63431],[70.21403,22.63431],[70.21403,22.63487],[70.2143,22.63487],[70.2143,22.63542],[70.21459,22.63542],[70.21459,22.63569],[70.2157,22.63569],[70.2157,22.63597],[70.2168,22.63597],[70.2168,22.63625],[70.21764,22.63625],[70.21764,22.63653],[70.21792,22.63653],[70.21792,22.63736],[70.21736,22.63736],[70.21736,22.6382],[70.2168,22.6382],[70.2168,22.63793],[70.21653,22.63793],[70.21653,22.63903],[70.21597,22.63903],[70.21597,22.63931],[70.21542,22.63931],[70.21542,22.63959],[70.2157,22.63958],[70.2157,22.64042],[70.21597,22.64042],[70.21597,22.64097],[70.21625,22.64097],[70.21625,22.64153],[70.21653,22.64153],[70.21653,22.64097],[70.21681,22.64097],[70.21681,22.64042],[70.21709,22.64042],[70.21709,22.64014],[70.21736,22.64014],[70.21736,22.63958],[70.21764,22.63959],[70.21764,22.63875],[70.21847,22.63875],[70.21847,22.6382],[70.21902,22.6382],[70.21902,22.63931],[70.21931,22.63931],[70.21931,22.63903],[70.21958,22.63903],[70.21958,22.63875],[70.21985,22.63875],[70.21985,22.63847],[70.21958,22.63847],[70.21958,22.6382],[70.21931,22.6382],[70.21931,22.63736],[70.22014,22.63736],[70.22014,22.63793],[70.22071,22.63793],[70.22071,22.6382],[70.22125,22.6382],[70.22125,22.63847],[70.22153,22.63847],[70.22153,22.63875],[70.22207,22.63875],[70.22207,22.63903],[70.22236,22.63903],[70.22236,22.63847],[70.22347,22.63847],[70.22347,22.63875],[70.22375,22.63875],[70.22375,22.63903],[70.22431,22.63903],[70.22431,22.63931],[70.22486,22.63931],[70.22486,22.63959],[70.22514,22.63958],[70.22514,22.63986],[70.22598,22.63986],[70.22598,22.64042],[70.22569,22.64042],[70.22569,22.6407],[70.22542,22.6407],[70.22542,22.64097],[70.22514,22.64097],[70.22514,22.64208],[70.22542,22.64208],[70.22542,22.64264],[70.22598,22.64264],[70.22598,22.64292],[70.22653,22.64292],[70.22653,22.64319],[70.22708,22.64319],[70.22708,22.64403],[70.22652,22.64403],[70.22652,22.64431],[70.22681,22.64431],[70.22681,22.64459],[70.22735,22.64458],[70.22735,22.64486],[70.22764,22.64486],[70.22764,22.64514],[70.22791,22.64514],[70.22791,22.64542],[70.2282,22.64542],[70.2282,22.64597],[70.22875,22.64597],[70.22875,22.6457],[70.22931,22.6457],[70.22931,22.64597],[70.22959,22.64597],[70.22959,22.6457],[70.23014,22.64569],[70.23014,22.64625],[70.23041,22.64625],[70.23041,22.64681],[70.2307,22.64681],[70.2307,22.64764],[70.23041,22.64764],[70.23041,22.64903],[70.2307,22.64903],[70.2307,22.64958],[70.23097,22.64958],[70.23097,22.64987],[70.23153,22.64987],[70.23153,22.65014],[70.23236,22.65014],[70.23236,22.64987],[70.23208,22.64987],[70.23208,22.64958],[70.23181,22.64958],[70.23181,22.64931],[70.23236,22.64931],[70.23236,22.64958],[70.23292,22.64958],[70.23292,22.64903],[70.23458,22.64903],[70.23458,22.64931],[70.23487,22.64931],[70.23487,22.64987],[70.23514,22.64987],[70.23514,22.65042],[70.23487,22.65042],[70.23487,22.65069],[70.2343,22.65069],[70.2343,22.65208],[70.23402,22.65208],[70.23402,22.65236],[70.23375,22.65236],[70.23375,22.65264],[70.23264,22.65264],[70.23264,22.65153],[70.23208,22.65153],[70.23208,22.65264],[70.23125,22.65264],[70.23125,22.65347],[70.22986,22.65347],[70.22986,22.65375],[70.22958,22.65375],[70.22958,22.65514],[70.22931,22.65514],[70.22931,22.65542],[70.22903,22.65542],[70.22903,22.65597],[70.22931,22.65597],[70.22931,22.65653],[70.22903,22.65653],[70.22903,22.65737],[70.22931,22.65737],[70.22931,22.65708],[70.23014,22.65708],[70.23014,22.65681],[70.2307,22.65681],[70.2307,22.65653],[70.23125,22.65653],[70.23125,22.65597],[70.23208,22.65597],[70.23208,22.65569],[70.23236,22.6557],[70.23236,22.65542],[70.23265,22.65542],[70.23265,22.65486],[70.23402,22.65486],[70.23402,22.65514],[70.23458,22.65514],[70.23458,22.65542],[70.23487,22.65542],[70.23487,22.6557],[70.2357,22.65569],[70.2357,22.65597],[70.23597,22.65597],[70.23597,22.65708],[70.2357,22.65708],[70.2357,22.65737],[70.23542,22.65736],[70.23542,22.65792],[70.23514,22.65792],[70.23514,22.65819],[70.23487,22.65819],[70.23487,22.65889],[70.23487,22.65903],[70.23458,22.65903],[70.23458,22.65959],[70.23487,22.65958],[70.23487,22.65986],[70.23533,22.65986],[70.23542,22.65986],[70.23542,22.6601],[70.23542,22.66014],[70.23544,22.66014],[70.23569,22.66014],[70.23569,22.66042],[70.23625,22.66042],[70.23625,22.6607],[70.23653,22.6607],[70.23653,22.66091],[70.23653,22.66097],[70.23697,22.66097],[70.23699,22.66097],[70.23792,22.66097],[70.23792,22.6607],[70.23847,22.6607],[70.23847,22.66097],[70.23875,22.66097],[70.23875,22.66125],[70.23903,22.66125],[70.23903,22.66153],[70.23929,22.66153],[70.23929,22.66181],[70.23959,22.66181],[70.23959,22.66208],[70.23986,22.66208],[70.23986,22.66236],[70.24097,22.66236],[70.24097,22.66252],[70.24097,22.66264],[70.24152,22.66264],[70.24292,22.66264],[70.24292,22.66292],[70.24264,22.66292],[70.24264,22.66319],[70.24236,22.66319],[70.24236,22.66347],[70.24211,22.66347],[70.24208,22.66347],[70.24208,22.66353],[70.24208,22.66375],[70.24199,22.66375],[70.24181,22.66375],[70.24181,22.66398],[70.24181,22.66403],[70.24161,22.66403],[70.24153,22.66403],[70.24153,22.66405],[70.24153,22.6643],[70.24125,22.6643],[70.24125,22.66486],[70.24097,22.66485],[70.24097,22.66514],[70.24069,22.66514],[70.24069,22.66542],[70.24042,22.66542],[70.24042,22.6657],[70.24016,22.6657],[70.24014,22.6657],[70.24014,22.66588],[70.24014,22.66607],[70.24014,22.66653],[70.24026,22.66653],[70.24042,22.66653],[70.24042,22.66709],[70.24069,22.66708],[70.24069,22.66736],[70.24098,22.66736],[70.24098,22.6682],[70.24069,22.6682],[70.24069,22.66847],[70.24097,22.66847],[70.24097,22.66903],[70.24125,22.66903],[70.24125,22.66875],[70.24153,22.66875],[70.24153,22.66919],[70.24153,22.66958],[70.24208,22.66958],[70.24208,22.66931],[70.24236,22.66931],[70.24236,22.66958],[70.24264,22.66958],[70.24264,22.66931],[70.2429,22.66931],[70.24291,22.66931],[70.24347,22.66931],[70.24347,22.66938],[70.24347,22.66986],[70.24375,22.66986],[70.24375,22.67014],[70.24459,22.67014],[70.24459,22.67042],[70.24463,22.67042],[70.24486,22.67042],[70.24486,22.67031],[70.24486,22.66986],[70.24515,22.66986],[70.24541,22.66986],[70.24541,22.67125],[70.24514,22.67125],[70.24514,22.67153],[70.24486,22.67153],[70.24486,22.67181],[70.24459,22.67181],[70.24459,22.67236],[70.24486,22.67236],[70.24486,22.67209],[70.24542,22.67209],[70.24542,22.67181],[70.2457,22.67181],[70.2457,22.67209],[70.24597,22.67209],[70.24597,22.67181],[70.24625,22.67181],[70.24625,22.67125],[70.24653,22.67125],[70.24653,22.67153],[70.24681,22.67153],[70.24681,22.67181],[70.24653,22.67181],[70.24653,22.67236],[70.24625,22.67236],[70.24625,22.67264],[70.24597,22.67264],[70.24597,22.6732],[70.24542,22.6732],[70.24542,22.67459],[70.24486,22.67459],[70.24486,22.67431],[70.24431,22.67431],[70.24431,22.67459],[70.24375,22.67458],[70.24375,22.67514],[70.24403,22.67514],[70.24403,22.67542],[70.24431,22.67542],[70.24431,22.67486],[70.24486,22.67486],[70.24486,22.67514],[70.24514,22.67514],[70.24514,22.67542],[70.24486,22.67542],[70.24486,22.67597],[70.24375,22.67597],[70.24375,22.6757],[70.24319,22.67569],[70.2432,22.67514],[70.24292,22.67514],[70.24292,22.67486],[70.24264,22.67486],[70.24264,22.67514],[70.24208,22.67514],[70.24208,22.67569],[70.24125,22.6757],[70.24125,22.67597],[70.24097,22.67597],[70.24097,22.67625],[70.24069,22.67625],[70.24069,22.67653],[70.24042,22.67653],[70.24042,22.67681],[70.24014,22.67681],[70.24014,22.67708],[70.23918,22.67708],[70.23875,22.67708],[70.23875,22.67819],[70.23931,22.67819],[70.23931,22.67847],[70.2396,22.67847],[70.2396,22.67875],[70.23986,22.67875],[70.23986,22.67903],[70.24014,22.67903],[70.24014,22.67958],[70.24042,22.67958],[70.24042,22.68014],[70.24069,22.68014],[70.24069,22.67985],[70.24125,22.67985],[70.24125,22.68042],[70.24153,22.68042],[70.24153,22.68153],[70.24181,22.68153],[70.24181,22.68181],[70.24292,22.68181],[70.24292,22.68153],[70.24319,22.68153],[70.24319,22.68125],[70.24292,22.68125],[70.24292,22.68097],[70.24264,22.68097],[70.24264,22.6807],[70.24236,22.6807],[70.24236,22.68042],[70.24208,22.68042],[70.24208,22.67985],[70.24292,22.67986],[70.24292,22.67931],[70.24319,22.67931],[70.24319,22.67903],[70.24375,22.67903],[70.24375,22.67847],[70.24427,22.67847],[70.24459,22.67847],[70.24459,22.67931],[70.24541,22.67931],[70.24541,22.68042],[70.24514,22.68042],[70.24514,22.68125],[70.24541,22.68125],[70.24541,22.68153],[70.24514,22.68153],[70.24514,22.6817],[70.24514,22.68236],[70.24541,22.68236],[70.24541,22.68264],[70.2457,22.68264],[70.2457,22.68292],[70.24597,22.68292],[70.24597,22.6832],[70.24625,22.6832],[70.24625,22.68347],[70.24689,22.68347],[70.24819,22.68347],[70.24819,22.68375],[70.24875,22.68375],[70.24875,22.68431],[70.24903,22.68431],[70.24903,22.68514],[70.24932,22.68514],[70.24932,22.68542],[70.24903,22.68542],[70.24903,22.68742],[70.24903,22.68764],[70.2493,22.68764],[70.24932,22.68765],[70.24932,22.68792],[70.24958,22.68792],[70.24958,22.6882],[70.24986,22.68819],[70.24986,22.68896],[70.24986,22.68904],[70.24981,22.68904],[70.24848,22.68903],[70.24848,22.68915],[70.24848,22.68986],[70.24908,22.68986],[70.24931,22.68986],[70.24931,22.68989],[70.24931,22.69014],[70.24958,22.69014],[70.24958,22.68986],[70.25069,22.68986],[70.25069,22.69014],[70.25097,22.69014],[70.25097,22.69042],[70.24931,22.69042],[70.24931,22.69069],[70.24903,22.69069],[70.24903,22.69097],[70.24986,22.69097],[70.24986,22.69125],[70.25014,22.69125],[70.25014,22.69153],[70.25125,22.69153],[70.25125,22.6918],[70.25153,22.6918],[70.25153,22.69069],[70.25181,22.69069],[70.25181,22.69097],[70.25236,22.69097],[70.25236,22.69153],[70.25208,22.69153],[70.25208,22.69208],[70.25264,22.69208],[70.25264,22.69264],[70.2532,22.69264],[70.2532,22.69292],[70.25208,22.69292],[70.25208,22.6932],[70.25181,22.6932],[70.25181,22.69347],[70.25208,22.69347],[70.25208,22.69375],[70.25181,22.69375],[70.25181,22.69403],[70.25154,22.69403],[70.25154,22.69292],[70.25125,22.69292],[70.25125,22.6932],[70.25097,22.6932],[70.25097,22.69347],[70.25082,22.69347],[70.25069,22.69347],[70.25069,22.69431],[70.25042,22.69431],[70.25042,22.69459],[70.25042,22.69486],[70.25069,22.69486],[70.25069,22.69458],[70.25097,22.69458],[70.25097,22.69486],[70.25125,22.69486],[70.25125,22.69431],[70.25153,22.69431],[70.25153,22.69459],[70.25181,22.69458],[70.25181,22.69486],[70.25208,22.69486],[70.25208,22.69514],[70.25181,22.69514],[70.25181,22.69625],[70.25153,22.69625],[70.25153,22.69597],[70.25125,22.69597],[70.25125,22.69569],[70.25097,22.69569],[70.25097,22.69542],[70.25069,22.69542],[70.25069,22.69514],[70.24986,22.69514],[70.24986,22.69542],[70.24955,22.69542],[70.24931,22.69542],[70.24931,22.69565],[70.24931,22.69569],[70.24903,22.69569],[70.24903,22.69625],[70.24875,22.69625],[70.24875,22.69653],[70.24848,22.69653],[70.24848,22.69597],[70.24764,22.69597],[70.24764,22.69625],[70.2471,22.69625],[70.2471,22.69653],[70.24653,22.69653],[70.24653,22.69597],[70.24597,22.69597],[70.24597,22.69653],[70.2457,22.69653],[70.2457,22.69625],[70.245,22.69625],[70.24486,22.69625],[70.24486,22.69642],[70.24486,22.69653],[70.24514,22.69653],[70.24514,22.69681],[70.24459,22.69681],[70.24459,22.69675],[70.24459,22.69653],[70.24319,22.69653],[70.24319,22.69625],[70.24208,22.69625],[70.24208,22.69653],[70.24153,22.69653],[70.24153,22.69625],[70.24069,22.69625],[70.24069,22.69569],[70.23959,22.69569],[70.23959,22.69597],[70.23903,22.69597],[70.23903,22.69625],[70.23875,22.69625],[70.23875,22.69681],[70.23903,22.69681],[70.23903,22.69764],[70.23929,22.69764],[70.23929,22.69792],[70.2396,22.69792],[70.2396,22.69903],[70.23931,22.69903],[70.23931,22.69958],[70.23903,22.69958],[70.23903,22.70014],[70.23875,22.70014],[70.23875,22.70042],[70.23847,22.70042],[70.23847,22.70181],[70.23875,22.70181],[70.23875,22.70236],[70.23929,22.70236],[70.23929,22.70208],[70.23959,22.70209],[70.23959,22.70236],[70.23986,22.70236],[70.23986,22.70264],[70.24042,22.70264],[70.24042,22.70292],[70.24125,22.70292],[70.24125,22.7032],[70.24236,22.7032],[70.24236,22.70347],[70.24292,22.70347],[70.24292,22.70403],[70.2432,22.70403],[70.2432,22.70458],[70.24347,22.70458],[70.24347,22.70486],[70.24366,22.70486],[70.24431,22.70486],[70.24431,22.70514],[70.24486,22.70514],[70.24486,22.70597],[70.24514,22.70597],[70.24514,22.70653],[70.24486,22.70653],[70.24486,22.70681],[70.24404,22.70681],[70.24375,22.70681],[70.24375,22.70653],[70.24347,22.70653],[70.24347,22.70625],[70.24319,22.70625],[70.24319,22.70597],[70.24292,22.70597],[70.24292,22.70569],[70.24236,22.70569],[70.24236,22.70542],[70.24208,22.70542],[70.24208,22.70514],[70.24181,22.70514],[70.24181,22.70486],[70.24153,22.70486],[70.24153,22.70431],[70.24125,22.70431],[70.24125,22.70402],[70.24097,22.70402],[70.24097,22.70431],[70.24069,22.70431],[70.24069,22.70458],[70.24042,22.70458],[70.24042,22.70514],[70.24069,22.70514],[70.24069,22.70597],[70.24125,22.70597],[70.24125,22.70625],[70.24153,22.70625],[70.24153,22.70681],[70.24125,22.70681],[70.24125,22.70736],[70.24153,22.70736],[70.24153,22.70792],[70.24181,22.70792],[70.24181,22.7082],[70.24208,22.7082],[70.24208,22.70847],[70.24264,22.70847],[70.24264,22.70903],[70.24292,22.70903],[70.24292,22.70931],[70.2432,22.70931],[70.2432,22.70903],[70.24347,22.70903],[70.24347,22.70931],[70.24375,22.70931],[70.24375,22.70959],[70.24403,22.70959],[70.24403,22.70986],[70.24431,22.70986],[70.24431,22.71042],[70.24597,22.71042],[70.24597,22.71097],[70.24625,22.71097],[70.24625,22.71125],[70.24653,22.71125],[70.24653,22.71153],[70.24764,22.71153],[70.24764,22.71181],[70.24875,22.71181],[70.24875,22.71208],[70.24931,22.71208],[70.24931,22.7107],[70.24903,22.7107],[70.24903,22.70885],[70.24903,22.70875],[70.24958,22.70875],[70.24958,22.70736],[70.24931,22.70736],[70.24931,22.70681],[70.24903,22.70681],[70.24903,22.70514],[70.24932,22.70514],[70.24932,22.70486],[70.25014,22.70486],[70.25014,22.70542],[70.25042,22.70542],[70.25042,22.70597],[70.2507,22.70597],[70.2507,22.70569],[70.25097,22.70569],[70.25097,22.70542],[70.25125,22.70542],[70.25125,22.70514],[70.25181,22.70514],[70.25181,22.70486],[70.2532,22.70486],[70.2532,22.70597],[70.25429,22.70597],[70.25429,22.70625],[70.25486,22.70625],[70.25486,22.70653],[70.25514,22.70653],[70.25514,22.70736],[70.25486,22.70736],[70.25486,22.70764],[70.25514,22.70764],[70.25514,22.70792],[70.25542,22.70792],[70.25542,22.70847],[70.25514,22.70847],[70.25514,22.70894],[70.25514,22.71042],[70.25486,22.71042],[70.25487,22.71153],[70.25488,22.71153],[70.2551,22.71153],[70.25514,22.71153],[70.25514,22.71236],[70.25542,22.71236],[70.25542,22.71264],[70.25486,22.71264],[70.25486,22.71292],[70.25403,22.71292],[70.25403,22.7132],[70.25347,22.7132],[70.25347,22.71458],[70.25403,22.71458],[70.25403,22.71486],[70.25429,22.71486],[70.25429,22.71431],[70.25514,22.71431],[70.25514,22.71514],[70.25486,22.71514],[70.25486,22.71597],[70.25459,22.71597],[70.25459,22.71708],[70.25429,22.71708],[70.25429,22.71764],[70.25403,22.71764],[70.25403,22.71847],[70.25375,22.71847],[70.25375,22.71931],[70.25347,22.71931],[70.25347,22.71986],[70.25375,22.71986],[70.25375,22.72042],[70.25403,22.72042],[70.25403,22.72097],[70.25429,22.72097],[70.25429,22.72153],[70.25486,22.72153],[70.25486,22.72181],[70.25542,22.72181],[70.25542,22.72236],[70.25514,22.72236],[70.25514,22.72264],[70.25459,22.72264],[70.25459,22.7232],[70.25486,22.72319],[70.25486,22.72403],[70.25514,22.72403],[70.25514,22.72431],[70.25542,22.72431],[70.25542,22.72403],[70.25569,22.72403],[70.25569,22.72375],[70.25597,22.72375],[70.25597,22.72347],[70.25792,22.72347],[70.25792,22.72431],[70.25847,22.72431],[70.25847,22.72515],[70.25875,22.72515],[70.25875,22.72653],[70.2582,22.72653],[70.2582,22.7268],[70.25736,22.7268],[70.25736,22.72653],[70.25653,22.72653],[70.25653,22.72625],[70.25458,22.72625],[70.25458,22.72597],[70.2543,22.72597],[70.2543,22.72431],[70.25403,22.72431],[70.25403,22.72403],[70.25375,22.72403],[70.25375,22.72375],[70.25257,22.72375],[70.25208,22.72375],[70.25208,22.72431],[70.25125,22.72431],[70.25125,22.72458],[70.25097,22.72458],[70.25097,22.72569],[70.25153,22.72569],[70.25153,22.72597],[70.25181,22.72597],[70.25181,22.72625],[70.25208,22.72625],[70.25208,22.72653],[70.25292,22.72653],[70.25292,22.7268],[70.25376,22.7268],[70.25376,22.72708],[70.25403,22.72708],[70.25403,22.72764],[70.2543,22.72764],[70.2543,22.7282],[70.25403,22.72819],[70.25403,22.72875],[70.25375,22.72875],[70.25375,22.72931],[70.2532,22.72931],[70.2532,22.73014],[70.25347,22.73014],[70.25347,22.72986],[70.25375,22.72986],[70.25375,22.72958],[70.25403,22.72959],[70.25403,22.72931],[70.25429,22.72931],[70.25429,22.72903],[70.25458,22.72903],[70.25458,22.72875],[70.25542,22.72875],[70.25542,22.72903],[70.25569,22.72903],[70.25569,22.72931],[70.25542,22.72931],[70.25542,22.72986],[70.25459,22.72986],[70.25459,22.7307],[70.2543,22.7307],[70.2543,22.73097],[70.25403,22.73096],[70.25403,22.73236],[70.2532,22.73236],[70.2532,22.73292],[70.25292,22.73292],[70.25292,22.73347],[70.2532,22.73347],[70.2532,22.73375],[70.25403,22.73375],[70.25403,22.73319],[70.2543,22.73319],[70.2543,22.73264],[70.25458,22.73264],[70.25458,22.73236],[70.25514,22.73236],[70.25514,22.73181],[70.25542,22.73181],[70.25542,22.73069],[70.25569,22.7307],[70.25569,22.73042],[70.25625,22.73042],[70.25625,22.73014],[70.25847,22.73014],[70.25847,22.73042],[70.25903,22.73042],[70.25903,22.7307],[70.25958,22.7307],[70.25958,22.73097],[70.25986,22.73096],[70.25986,22.73125],[70.26042,22.73125],[70.26042,22.73097],[70.26071,22.73096],[70.26071,22.73264],[70.26097,22.73264],[70.26097,22.73292],[70.26153,22.73292],[70.26153,22.73319],[70.26209,22.73319],[70.26209,22.73347],[70.2618,22.73347],[70.2618,22.73458],[70.26209,22.73458],[70.26209,22.73486],[70.26236,22.73486],[70.26236,22.73514],[70.26209,22.73514],[70.26209,22.7357],[70.26264,22.7357],[70.26264,22.73736],[70.26292,22.73736],[70.26292,22.73764],[70.26319,22.73764],[70.26319,22.73792],[70.26403,22.73792],[70.26403,22.7382],[70.26458,22.7382],[70.26458,22.73764],[70.26431,22.73764],[70.26431,22.73736],[70.26403,22.73736],[70.26403,22.73681],[70.26431,22.73681],[70.26431,22.73625],[70.26598,22.73625],[70.26598,22.73653],[70.26625,22.73653],[70.26625,22.73681],[70.26652,22.73681],[70.26652,22.73709],[70.26681,22.73709],[70.26681,22.73736],[70.26737,22.73736],[70.26737,22.73709],[70.26764,22.73709],[70.26764,22.73653],[70.2682,22.73653],[70.2682,22.73625],[70.26875,22.73625],[70.26875,22.73597],[70.2693,22.73597],[70.2693,22.7357],[70.26959,22.7357],[70.26959,22.73542],[70.26986,22.73542],[70.26986,22.73486],[70.26959,22.73486],[70.26959,22.73431],[70.2693,22.73432],[70.2693,22.73403],[70.27014,22.73403],[70.27014,22.73375],[70.27042,22.73375],[70.27042,22.73319],[70.27098,22.73319],[70.27098,22.73375],[70.27125,22.73375],[70.27125,22.73347],[70.27138,22.73347],[70.27153,22.73347],[70.27153,22.73264],[70.27209,22.73264],[70.27209,22.73319],[70.27264,22.73319],[70.27264,22.73347],[70.27431,22.73347],[70.27431,22.73319],[70.27458,22.73319],[70.27458,22.73236],[70.27486,22.73236],[70.27486,22.73208],[70.27514,22.73208],[70.27514,22.73181],[70.27542,22.73181],[70.27542,22.73125],[70.27597,22.73125],[70.27597,22.73208],[70.2757,22.73208],[70.2757,22.73347],[70.27542,22.73347],[70.27542,22.73395],[70.27542,22.73458],[70.27606,22.73458],[70.27625,22.73458],[70.27625,22.73478],[70.27625,22.73486],[70.27634,22.73486],[70.27653,22.73486],[70.27653,22.73505],[70.27653,22.73514],[70.27662,22.73514],[70.27708,22.73514],[70.27708,22.73542],[70.27736,22.73542],[70.27736,22.7357],[70.27764,22.73569],[70.27764,22.73664],[70.27764,22.73681],[70.27792,22.73681],[70.27792,22.73736],[70.2782,22.73736],[70.2782,22.73764],[70.27959,22.73764],[70.27959,22.73792],[70.27986,22.73792],[70.27986,22.73847],[70.27959,22.73847],[70.27959,22.73931],[70.27986,22.73931],[70.27986,22.73959],[70.28014,22.73958],[70.28014,22.73986],[70.28042,22.73986],[70.28042,22.74014],[70.28069,22.74014],[70.28069,22.7407],[70.28125,22.7407],[70.28125,22.74014],[70.28237,22.74014],[70.28237,22.7407],[70.28264,22.74069],[70.28264,22.74125],[70.28321,22.74125],[70.28321,22.74153],[70.28347,22.74153],[70.28347,22.74181],[70.28403,22.7418],[70.28403,22.74208],[70.2843,22.74208],[70.28431,22.74264],[70.28479,22.74264],[70.28486,22.74264],[70.28486,22.74289],[70.28486,22.74292],[70.28514,22.74292],[70.28514,22.74264],[70.2857,22.74264],[70.2857,22.74305],[70.2857,22.7432],[70.28597,22.74319],[70.28597,22.74375],[70.28625,22.74375],[70.28625,22.74431],[70.28653,22.74431],[70.28653,22.74459],[70.28681,22.74459],[70.28681,22.74486],[70.28708,22.74486],[70.28708,22.74431],[70.28765,22.7443],[70.28765,22.74514],[70.28792,22.74514],[70.28792,22.74542],[70.28819,22.74542],[70.28819,22.7457],[70.28848,22.7457],[70.28848,22.74597],[70.28875,22.74597],[70.28875,22.74681],[70.28819,22.74681],[70.28819,22.74653],[70.28792,22.74653],[70.28792,22.74597],[70.28765,22.74597],[70.28765,22.74626],[70.28736,22.74626],[70.28736,22.74653],[70.28543,22.74653],[70.28543,22.74681],[70.28375,22.74681],[70.28375,22.74708],[70.28321,22.74708],[70.28321,22.74764],[70.28291,22.74764],[70.28291,22.74792],[70.28208,22.74792],[70.28208,22.74819],[70.28237,22.74819],[70.28237,22.74847],[70.28264,22.74847],[70.28264,22.74875],[70.28321,22.74875],[70.2832,22.74847],[70.28403,22.74847],[70.28403,22.74819],[70.2843,22.74819],[70.2843,22.74792],[70.28486,22.74792],[70.28486,22.74764],[70.28514,22.74764],[70.28514,22.74736],[70.28543,22.74736],[70.28542,22.74708],[70.28653,22.74708],[70.28653,22.74736],[70.2868,22.74736],[70.2868,22.74764],[70.28765,22.74764],[70.28765,22.74792],[70.28903,22.74792],[70.28903,22.74819],[70.28931,22.74819],[70.28931,22.74847],[70.28958,22.74847],[70.28958,22.74875],[70.28986,22.74875],[70.28986,22.74847],[70.29014,22.74847],[70.29014,22.74819],[70.29181,22.74819],[70.29181,22.74875],[70.29236,22.74875],[70.29236,22.74932],[70.29264,22.74932],[70.29264,22.74903],[70.29292,22.74903],[70.29292,22.74875],[70.29346,22.74875],[70.29346,22.74932],[70.2932,22.74931],[70.2932,22.74959],[70.29375,22.74958],[70.29375,22.74986],[70.29459,22.74986],[70.29459,22.75042],[70.29486,22.75042],[70.29486,22.75097],[70.29459,22.75097],[70.29459,22.75125],[70.29403,22.75125],[70.29403,22.75264],[70.29514,22.75264],[70.29514,22.75292],[70.29569,22.75292],[70.29569,22.75236],[70.29625,22.75236],[70.29625,22.75208],[70.29652,22.75208],[70.29652,22.75181],[70.29694,22.75181],[70.29708,22.75181],[70.29708,22.75253],[70.29708,22.75264],[70.29682,22.75264],[70.29682,22.75292],[70.29708,22.75292],[70.29708,22.75347],[70.29764,22.75347],[70.29764,22.75375],[70.29819,22.75375],[70.29819,22.75403],[70.29847,22.75403],[70.29847,22.75375],[70.29903,22.75375],[70.29903,22.75458],[70.29931,22.75458],[70.29931,22.75486],[70.29847,22.75486],[70.29847,22.75514],[70.29819,22.75513],[70.29819,22.75542],[70.29792,22.75542],[70.29792,22.75653],[70.29819,22.75653],[70.29819,22.75736],[70.29875,22.75736],[70.29875,22.75681],[70.29923,22.75681],[70.29931,22.75681],[70.29931,22.75709],[70.29959,22.75708],[70.29959,22.75764],[70.29986,22.75764],[70.29986,22.75806],[70.29986,22.75847],[70.30042,22.75847],[70.30042,22.75875],[70.3007,22.75875],[70.3007,22.75931],[70.30097,22.75931],[70.30097,22.75986],[70.30125,22.75986],[70.30125,22.76014],[70.30179,22.76014],[70.30179,22.75931],[70.30153,22.75931],[70.30153,22.75847],[70.30125,22.75847],[70.30125,22.75837],[70.30125,22.75764],[70.30217,22.75764],[70.30263,22.75764],[70.30319,22.75764],[70.30319,22.75847],[70.30292,22.75847],[70.30292,22.75986],[70.30276,22.75986],[70.30263,22.75986],[70.30263,22.76042],[70.30236,22.76042],[70.30236,22.76069],[70.30209,22.76069],[70.30209,22.76097],[70.30181,22.76097],[70.30181,22.76236],[70.30209,22.76236],[70.30209,22.76431],[70.30181,22.76431],[70.30181,22.76459],[70.30209,22.76458],[70.30209,22.76514],[70.30263,22.76514],[70.30263,22.76542],[70.30292,22.76542],[70.30292,22.76597],[70.30236,22.76597],[70.30236,22.76625],[70.30209,22.76625],[70.30209,22.76653],[70.30179,22.76653],[70.30179,22.76681],[70.30292,22.76681],[70.30292,22.76708],[70.30319,22.76708],[70.30319,22.76681],[70.30347,22.76681],[70.30347,22.76597],[70.30375,22.76597],[70.30375,22.76542],[70.30403,22.76542],[70.30403,22.76514],[70.30458,22.76514],[70.30458,22.7657],[70.30486,22.7657],[70.30486,22.76597],[70.30507,22.76597],[70.30514,22.76597],[70.30514,22.76625],[70.30542,22.76625],[70.30542,22.76681],[70.30502,22.76681],[70.30486,22.76681],[70.30486,22.76708],[70.30458,22.76707],[70.30458,22.76736],[70.30431,22.76736],[70.30431,22.76764],[70.30458,22.76764],[70.30458,22.76847],[70.30431,22.76847],[70.30431,22.76875],[70.30375,22.76875],[70.30375,22.76847],[70.30292,22.76847],[70.30292,22.76931],[70.30264,22.76931],[70.30264,22.76958],[70.30125,22.76958],[70.30125,22.76931],[70.3007,22.76931],[70.3007,22.76958],[70.30042,22.76958],[70.30042,22.7707],[70.30097,22.7707],[70.30097,22.77097],[70.30125,22.77097],[70.30125,22.77125],[70.30097,22.77125],[70.30097,22.77153],[70.30125,22.77153],[70.30125,22.77181],[70.30153,22.77181],[70.30153,22.77153],[70.30264,22.77153],[70.30264,22.77236],[70.30292,22.77236],[70.30292,22.77264],[70.30347,22.77264],[70.30347,22.77236],[70.30403,22.77236],[70.30403,22.77264],[70.30375,22.77264],[70.30375,22.7732],[70.30431,22.7732],[70.30431,22.77375],[70.30458,22.77375],[70.30458,22.77431],[70.30514,22.77431],[70.30514,22.77458],[70.30569,22.77458],[70.30569,22.77514],[70.30542,22.77514],[70.30542,22.77542],[70.3057,22.77542],[70.3057,22.77597],[70.30597,22.77597],[70.30597,22.77625],[70.30681,22.77624],[70.30681,22.77736],[70.30709,22.77736],[70.30709,22.77764],[70.30681,22.77764],[70.30681,22.77792],[70.30709,22.77792],[70.30709,22.77847],[70.30681,22.77847],[70.30681,22.78014],[70.30569,22.78014],[70.30569,22.77986],[70.30542,22.77986],[70.30542,22.77958],[70.30486,22.77958],[70.30486,22.77931],[70.30403,22.77931],[70.30403,22.77903],[70.30375,22.77903],[70.30375,22.77875],[70.30319,22.77875],[70.30319,22.77847],[70.30264,22.77847],[70.30264,22.7782],[70.30153,22.7782],[70.30153,22.77792],[70.30125,22.77792],[70.30125,22.77764],[70.30097,22.77764],[70.30097,22.77792],[70.30042,22.77792],[70.30042,22.7782],[70.30097,22.7782],[70.30097,22.77847],[70.30153,22.77847],[70.30153,22.77875],[70.30179,22.77875],[70.30179,22.77903],[70.30209,22.77903],[70.30209,22.77931],[70.30236,22.77931],[70.30236,22.77986],[70.30263,22.77986],[70.30263,22.78042],[70.30319,22.78042],[70.30319,22.7807],[70.30403,22.78069],[70.30403,22.78097],[70.30458,22.78097],[70.30458,22.78125],[70.30486,22.78125],[70.30486,22.78153],[70.30542,22.78153],[70.30542,22.78181],[70.3057,22.78181],[70.3057,22.78208],[70.30597,22.78208],[70.30597,22.78236],[70.30764,22.78236],[70.30764,22.78347],[70.30736,22.78347],[70.30736,22.78403],[70.30764,22.78403],[70.30764,22.78431],[70.30875,22.78431],[70.30875,22.78459],[70.30903,22.78458],[70.30903,22.78486],[70.3096,22.78486],[70.3096,22.78514],[70.30986,22.78514],[70.30986,22.78597],[70.31014,22.78597],[70.31014,22.78625],[70.31042,22.78625],[70.31042,22.78653],[70.31069,22.78653],[70.31069,22.78681],[70.31182,22.78681],[70.31182,22.78653],[70.31208,22.78653],[70.31208,22.78569],[70.31271,22.78569],[70.31292,22.7857],[70.31292,22.786],[70.31292,22.78708],[70.31264,22.78708],[70.31264,22.78792],[70.31236,22.78792],[70.31236,22.78875],[70.31208,22.78875],[70.31208,22.78987],[70.31181,22.78987],[70.31181,22.79125],[70.31125,22.79124],[70.31125,22.79153],[70.31097,22.79153],[70.31097,22.79209],[70.31069,22.79208],[70.31069,22.79236],[70.30986,22.79236],[70.30986,22.79208],[70.3096,22.79208],[70.3096,22.79264],[70.30986,22.79264],[70.30986,22.79292],[70.31014,22.79292],[70.31014,22.7932],[70.31069,22.7932],[70.31069,22.79347],[70.31097,22.79347],[70.31097,22.79403],[70.31069,22.79403],[70.31069,22.79431],[70.30986,22.7943],[70.30986,22.79486],[70.3093,22.79486],[70.3093,22.79514],[70.30903,22.79514],[70.30903,22.79542],[70.3093,22.79542],[70.3093,22.79597],[70.31042,22.79597],[70.31042,22.79625],[70.31097,22.79625],[70.31097,22.79653],[70.31208,22.79653],[70.31208,22.79597],[70.31236,22.79597],[70.31236,22.79542],[70.3132,22.79542],[70.3132,22.79597],[70.31375,22.79597],[70.31375,22.79625],[70.31486,22.79625],[70.31486,22.79653],[70.3157,22.79653],[70.3157,22.79708],[70.31626,22.79708],[70.31626,22.79681],[70.31646,22.79681],[70.31653,22.79681],[70.31653,22.79653],[70.31709,22.79653],[70.31709,22.79681],[70.31736,22.79681],[70.31736,22.79737],[70.31792,22.79737],[70.31792,22.79708],[70.31819,22.79708],[70.31819,22.79681],[70.31847,22.79681],[70.31847,22.79653],[70.31986,22.79653],[70.31986,22.79681],[70.32014,22.79681],[70.32014,22.79737],[70.32042,22.79737],[70.32042,22.79764],[70.3207,22.79764],[70.3207,22.7982],[70.32097,22.79819],[70.32097,22.79875],[70.32014,22.79875],[70.32014,22.79903],[70.31819,22.79903],[70.31819,22.79847],[70.31792,22.79847],[70.31792,22.79903],[70.31783,22.79903],[70.31763,22.79903],[70.31763,22.79931],[70.3168,22.79931],[70.3168,22.79875],[70.31626,22.79875],[70.31626,22.79986],[70.31653,22.79986],[70.31653,22.80043],[70.3168,22.80042],[70.3168,22.8007],[70.31763,22.80069],[70.31763,22.80153],[70.31709,22.80153],[70.31709,22.80208],[70.31736,22.80208],[70.31736,22.80264],[70.31763,22.80264],[70.31763,22.80292],[70.31792,22.80292],[70.31792,22.80375],[70.31819,22.80375],[70.31819,22.80459],[70.31847,22.80458],[70.31847,22.80542],[70.31875,22.80542],[70.31875,22.8057],[70.31903,22.8057],[70.31903,22.80597],[70.31986,22.80597],[70.31986,22.80653],[70.32014,22.80653],[70.32014,22.80709],[70.3207,22.80709],[70.3207,22.80736],[70.32097,22.80736],[70.32097,22.80764],[70.32125,22.80764],[70.32125,22.80792],[70.32153,22.80792],[70.32153,22.80734],[70.32153,22.80542],[70.32181,22.80542],[70.32181,22.80514],[70.32208,22.80514],[70.32208,22.80486],[70.32236,22.80486],[70.32236,22.80458],[70.32264,22.80459],[70.32264,22.80319],[70.32291,22.80319],[70.32291,22.80292],[70.32347,22.80292],[70.32347,22.80319],[70.32376,22.80319],[70.32376,22.80459],[70.32403,22.80458],[70.32403,22.80514],[70.3243,22.80514],[70.3243,22.80542],[70.32458,22.80542],[70.32458,22.8057],[70.32486,22.8057],[70.32486,22.80597],[70.32514,22.80597],[70.32514,22.80681],[70.32542,22.8068],[70.32542,22.80792],[70.32514,22.80792],[70.32514,22.80847],[70.3243,22.80847],[70.3243,22.80903],[70.32403,22.80903],[70.32403,22.81014],[70.32459,22.81014],[70.32459,22.81042],[70.32486,22.81042],[70.32486,22.81069],[70.32514,22.81069],[70.32514,22.81042],[70.32569,22.81042],[70.32569,22.81097],[70.32597,22.81097],[70.32597,22.81153],[70.32625,22.81153],[70.32625,22.81237],[70.32653,22.81236],[70.32653,22.8132],[70.32682,22.81319],[70.32682,22.81375],[70.32736,22.81375],[70.32736,22.81403],[70.32792,22.81403],[70.32792,22.81431],[70.32848,22.81431],[70.32848,22.81458],[70.32903,22.81458],[70.32903,22.81486],[70.32931,22.81486],[70.32931,22.81542],[70.33125,22.81542],[70.33125,22.81597],[70.33097,22.81597],[70.33097,22.81653],[70.3307,22.81653],[70.3307,22.81764],[70.33097,22.81764],[70.33097,22.81792],[70.33125,22.81792],[70.33125,22.8182],[70.33153,22.8182],[70.33153,22.81848],[70.3318,22.81848],[70.3318,22.81959],[70.33208,22.81958],[70.33208,22.81986],[70.33236,22.81986],[70.33236,22.82014],[70.33264,22.82014],[70.33264,22.8207],[70.33292,22.82069],[70.33292,22.82181],[70.33264,22.82181],[70.33264,22.82208],[70.33292,22.82208],[70.33292,22.82236],[70.33348,22.82236],[70.33348,22.82208],[70.33443,22.82208],[70.33514,22.82208],[70.33514,22.82236],[70.33542,22.82236],[70.33542,22.82264],[70.3357,22.82264],[70.3357,22.82319],[70.33598,22.82319],[70.33598,22.82347],[70.33514,22.82347],[70.33514,22.82363],[70.33514,22.82431],[70.33542,22.82431],[70.33542,22.82458],[70.33558,22.82458],[70.33736,22.82458],[70.33736,22.82542],[70.33708,22.82542],[70.33708,22.82625],[70.33736,22.82625],[70.33736,22.82709],[70.33791,22.82709],[70.33791,22.82736],[70.3382,22.82735],[70.3382,22.82764],[70.33875,22.82764],[70.33875,22.8282],[70.33847,22.82819],[70.33847,22.82931],[70.33875,22.82931],[70.33875,22.83042],[70.33903,22.83041],[70.33903,22.83153],[70.33893,22.83153],[70.33847,22.83153],[70.33847,22.83209],[70.33876,22.83208],[70.33876,22.83292],[70.3382,22.83292],[70.3382,22.8332],[70.33791,22.83319],[70.33791,22.83348],[70.33764,22.83348],[70.33764,22.83375],[70.33736,22.83375],[70.33736,22.83431],[70.33708,22.83431],[70.33708,22.83486],[70.33736,22.83486],[70.33736,22.83542],[70.33764,22.83542],[70.33764,22.83597],[70.33736,22.83597],[70.33736,22.83736],[70.33764,22.83736],[70.33764,22.83886],[70.33764,22.83903],[70.33772,22.83903],[70.33791,22.83903],[70.33791,22.83946],[70.33791,22.84014],[70.3382,22.84014],[70.3382,22.84097],[70.33847,22.84097],[70.33847,22.84181],[70.33876,22.84181],[70.33876,22.84264],[70.33903,22.84264],[70.33903,22.84347],[70.3393,22.84347],[70.3393,22.84403],[70.33959,22.84403],[70.33959,22.84458],[70.33986,22.84458],[70.33986,22.84542],[70.34014,22.84542],[70.34014,22.84597],[70.34041,22.84597],[70.34041,22.84681],[70.3407,22.84681],[70.3407,22.84736],[70.34097,22.84736],[70.34097,22.84792],[70.34125,22.84792],[70.34125,22.84848],[70.34153,22.84848],[70.34153,22.84875],[70.3418,22.84875],[70.3418,22.84903],[70.34209,22.84903],[70.34209,22.84931],[70.34234,22.84931],[70.34236,22.84931],[70.34236,22.84936],[70.34236,22.84958],[70.34246,22.84958],[70.34292,22.84958],[70.34292,22.84986],[70.34319,22.84986],[70.34319,22.85014],[70.34348,22.85014],[70.34348,22.85042],[70.34375,22.85042],[70.34375,22.85069],[70.34403,22.85069],[70.34403,22.85097],[70.34431,22.85097],[70.34431,22.85153],[70.34458,22.85153],[70.34458,22.85208],[70.34486,22.85208],[70.34486,22.85264],[70.34514,22.85264],[70.34514,22.8532],[70.34542,22.8532],[70.34542,22.85375],[70.34571,22.85375],[70.34571,22.85403],[70.34597,22.85403],[70.34597,22.85431],[70.34625,22.85431],[70.34625,22.85486],[70.34653,22.85486],[70.34653,22.85514],[70.3468,22.85514],[70.34681,22.8557],[70.34709,22.8557],[70.34709,22.85597],[70.34736,22.85597],[70.34736,22.85625],[70.34764,22.85625],[70.34764,22.85681],[70.34792,22.85681],[70.34792,22.85708],[70.3482,22.85708],[70.3482,22.85848],[70.34847,22.85847],[70.34847,22.85931],[70.34875,22.85931],[70.34875,22.85959],[70.34931,22.85959],[70.34931,22.85986],[70.34959,22.85986],[70.34959,22.86014],[70.34986,22.86014],[70.34986,22.86042],[70.35042,22.86042],[70.35042,22.86181],[70.35069,22.86181],[70.35069,22.86236],[70.35099,22.86236],[70.35099,22.86292],[70.35125,22.86292],[70.35125,22.8632],[70.35152,22.86319],[70.35152,22.86375],[70.35181,22.86375],[70.35181,22.86431],[70.35208,22.86431],[70.35208,22.86486],[70.35235,22.86486],[70.35235,22.86542],[70.35291,22.86542],[70.35291,22.86569],[70.3532,22.86569],[70.3532,22.86653],[70.35291,22.86653],[70.35291,22.86708],[70.3532,22.86708],[70.3532,22.86764],[70.35347,22.86764],[70.35347,22.8682],[70.35374,22.86819],[70.35374,22.86875],[70.35403,22.86875],[70.35403,22.86986],[70.35374,22.86986],[70.35374,22.87045],[70.35374,22.8707],[70.35388,22.8707],[70.35431,22.8707],[70.35431,22.87097],[70.35457,22.87097],[70.35457,22.87125],[70.35597,22.87125],[70.35597,22.87153],[70.35623,22.87153],[70.35625,22.87153],[70.35625,22.87163],[70.35625,22.87208],[70.35635,22.87208],[70.3568,22.87208],[70.3568,22.87236],[70.35709,22.87236],[70.35709,22.87265],[70.35736,22.87265],[70.35736,22.87375],[70.35765,22.87375],[70.35765,22.87403],[70.35792,22.87403],[70.35792,22.87431],[70.35819,22.87431],[70.35819,22.87459],[70.35847,22.87458],[70.35847,22.87486],[70.35875,22.87486],[70.35875,22.87514],[70.35903,22.87514],[70.35903,22.8757],[70.35931,22.8757],[70.35931,22.87597],[70.35958,22.87597],[70.35958,22.87625],[70.35987,22.87625],[70.35987,22.87681],[70.36014,22.87681],[70.36014,22.87708],[70.36042,22.87708],[70.36042,22.87736],[70.36069,22.87736],[70.36069,22.87792],[70.36097,22.87792],[70.36097,22.87819],[70.36125,22.87819],[70.36125,22.87875],[70.36153,22.87875],[70.36153,22.87903],[70.36181,22.87903],[70.36181,22.8793],[70.36209,22.8793],[70.36209,22.87986],[70.36236,22.87986],[70.36236,22.88014],[70.36264,22.88014],[70.36264,22.8807],[70.36292,22.8807],[70.36292,22.88097],[70.3632,22.88097],[70.3632,22.88125],[70.36347,22.88125],[70.36347,22.88181],[70.36375,22.88181],[70.36375,22.88209],[70.36403,22.88208],[70.36403,22.88236],[70.3643,22.88236],[70.3643,22.88264],[70.36459,22.88264],[70.36459,22.88319],[70.36486,22.88319],[70.36486,22.88347],[70.36513,22.88347],[70.36513,22.88375],[70.36542,22.88375],[70.36542,22.88403],[70.36568,22.88403],[70.36568,22.88459],[70.36597,22.88459],[70.36597,22.88486],[70.36625,22.88486],[70.36625,22.88514],[70.36653,22.88514],[70.36653,22.88569],[70.3668,22.88569],[70.3668,22.88598],[70.36708,22.88597],[70.36708,22.88653],[70.36736,22.88653],[70.36736,22.8868],[70.36764,22.88681],[70.36764,22.88708],[70.36792,22.88708],[70.36792,22.88765],[70.36819,22.88765],[70.36819,22.88792],[70.36847,22.88792],[70.36847,22.88847],[70.36873,22.88847],[70.36873,22.88875],[70.36903,22.88875],[70.36903,22.88931],[70.36931,22.88931],[70.36931,22.88959],[70.36959,22.88958],[70.36959,22.89014],[70.36986,22.89014],[70.36986,22.89042],[70.37014,22.89042],[70.37014,22.8907],[70.37041,22.89069],[70.37041,22.89125],[70.3707,22.89125],[70.3707,22.89153],[70.37097,22.89153],[70.37097,22.89181],[70.37125,22.89181],[70.37125,22.89235],[70.37125,22.89236],[70.37126,22.89236],[70.37153,22.89236],[70.37153,22.89264],[70.37181,22.89264],[70.37181,22.89305],[70.37181,22.89319],[70.37191,22.89319],[70.37209,22.89319],[70.37209,22.89342],[70.37209,22.89347],[70.37213,22.89347],[70.37236,22.89347],[70.37236,22.89375],[70.37264,22.89375],[70.37264,22.89413],[70.37264,22.89431],[70.37279,22.89431],[70.37292,22.89431],[70.37292,22.89448],[70.37292,22.89458],[70.373,22.89458],[70.37319,22.89458],[70.37319,22.89483],[70.37319,22.89486],[70.37322,22.89486],[70.37347,22.89486],[70.37347,22.89518],[70.37347,22.89542],[70.37366,22.89542],[70.37375,22.89542],[70.37375,22.89554],[70.37375,22.8957],[70.37388,22.8957],[70.37403,22.8957],[70.37403,22.8959],[70.37403,22.89597],[70.37409,22.89597],[70.37432,22.89597],[70.37432,22.89625],[70.37432,22.89653],[70.37454,22.89653],[70.37458,22.89653],[70.37458,22.89659],[70.37458,22.89681],[70.37476,22.89681],[70.37486,22.89681],[70.37486,22.89694],[70.37486,22.89708],[70.37498,22.89708],[70.37514,22.89708],[70.37514,22.89729],[70.37514,22.89764],[70.37542,22.89764],[70.37542,22.89792],[70.37564,22.89792],[70.37569,22.89792],[70.37569,22.89798],[70.37569,22.8982],[70.37586,22.8982],[70.37597,22.8982],[70.37597,22.89833],[70.37597,22.89875],[70.37625,22.89875],[70.37625,22.89903],[70.37653,22.89903],[70.37653,22.89931],[70.37675,22.89931],[70.37681,22.89931],[70.37681,22.89939],[70.37681,22.89986],[70.37708,22.89986],[70.37708,22.90014],[70.37736,22.90014],[70.37736,22.90042],[70.37762,22.90042],[70.37764,22.90042],[70.37764,22.90044],[70.37764,22.9007],[70.37784,22.9007],[70.37792,22.9007],[70.37792,22.90079],[70.37792,22.90097],[70.37807,22.90097],[70.3782,22.90097],[70.3782,22.90114],[70.3782,22.90153],[70.37847,22.90153],[70.37847,22.90181],[70.37873,22.90181],[70.37876,22.90181],[70.37876,22.90185],[70.37876,22.90208],[70.37895,22.90208],[70.37903,22.90208],[70.37903,22.90219],[70.37903,22.90236],[70.37917,22.90236],[70.3793,22.90236],[70.3793,22.90254],[70.3793,22.90264],[70.37938,22.90264],[70.37958,22.90264],[70.37958,22.90289],[70.37958,22.9032],[70.37983,22.9032],[70.37986,22.9032],[70.37986,22.90324],[70.37986,22.90347],[70.38005,22.90347],[70.38014,22.90347],[70.38014,22.90359],[70.38014,22.90375],[70.38027,22.90375],[70.38042,22.90375],[70.38042,22.90394],[70.38042,22.90403],[70.38048,22.90403],[70.38068,22.90403],[70.38068,22.90429],[70.38068,22.90431],[70.38069,22.90431],[70.38098,22.90431],[70.38098,22.90458],[70.38125,22.90458],[70.38125,22.90486],[70.38153,22.90486],[70.38153,22.90514],[70.38181,22.90514],[70.38181,22.90542],[70.38208,22.90542],[70.38208,22.90569],[70.38236,22.90569],[70.38236,22.90597],[70.38264,22.90597],[70.38264,22.90653],[70.38292,22.90653],[70.38292,22.90681],[70.3832,22.90681],[70.3832,22.90708],[70.38347,22.90708],[70.38347,22.90764],[70.38375,22.90764],[70.38375,22.90792],[70.38403,22.90792],[70.38403,22.90819],[70.38431,22.90819],[70.38431,22.90876],[70.38458,22.90876],[70.38458,22.90931],[70.38487,22.90931],[70.38487,22.90959],[70.38514,22.90958],[70.38514,22.90975],[70.38514,22.90986],[70.38597,22.90986],[70.38597,22.90981],[70.38597,22.90958],[70.38653,22.90959],[70.38653,22.90931],[70.3875,22.90931],[70.38762,22.90931],[70.38792,22.90931],[70.38792,22.90959],[70.38847,22.90958],[70.38847,22.90986],[70.38903,22.90986],[70.38903,22.91014],[70.38958,22.91014],[70.38958,22.91042],[70.39014,22.91042],[70.39014,22.91069],[70.3907,22.91069],[70.3907,22.91097],[70.39125,22.91097],[70.39125,22.91125],[70.39181,22.91125],[70.39181,22.91153],[70.39236,22.91153],[70.39236,22.91182],[70.39292,22.91181],[70.39292,22.91208],[70.39347,22.91208],[70.39347,22.91236],[70.39403,22.91236],[70.39403,22.91264],[70.39458,22.91264],[70.39458,22.91292],[70.39542,22.91292],[70.39542,22.91319],[70.39598,22.91319],[70.39598,22.91344],[70.39598,22.91347],[70.3968,22.91347],[70.3968,22.91375],[70.39736,22.91375],[70.39736,22.91403],[70.3982,22.91403],[70.3982,22.9143],[70.39875,22.9143],[70.39875,22.91458],[70.39931,22.91458],[70.39931,22.91486],[70.40014,22.91486],[70.40014,22.91514],[70.4007,22.91514],[70.4007,22.91542],[70.40153,22.91542],[70.40153,22.9157],[70.40209,22.9157],[70.40209,22.91597],[70.40292,22.91597],[70.40292,22.91625],[70.40347,22.91625],[70.40347,22.91653],[70.4043,22.91653],[70.4043,22.91681],[70.40486,22.91681],[70.40486,22.91709],[70.40514,22.91708],[70.40514,22.91736],[70.40569,22.91736],[70.40569,22.91764],[70.40598,22.91763],[70.40598,22.91792],[70.40653,22.91792],[70.40653,22.9182],[70.40681,22.9182],[70.40681,22.91792],[70.40688,22.91792],[70.40737,22.91792],[70.40737,22.9182],[70.40764,22.9182],[70.40764,22.9184],[70.40764,22.91847],[70.40775,22.91847],[70.4082,22.91847],[70.4082,22.91875],[70.40875,22.91875],[70.40875,22.91903],[70.40903,22.91903],[70.40903,22.91931],[70.40957,22.91931],[70.40957,22.91969],[70.40957,22.9207],[70.41014,22.9207],[70.41014,22.92042],[70.41043,22.92042],[70.41043,22.92035],[70.41043,22.91986],[70.41181,22.91986],[70.4118,22.91931],[70.41209,22.91931],[70.41209,22.91875],[70.41236,22.91875],[70.41236,22.91819],[70.41348,22.9182],[70.41348,22.91847],[70.41319,22.91847],[70.41319,22.91903],[70.41292,22.91903],[70.41292,22.91958],[70.41264,22.91958],[70.41264,22.92014],[70.41236,22.92014],[70.41236,22.92236],[70.41264,22.92236],[70.41264,22.92274],[70.41264,22.92292],[70.41319,22.92292],[70.41319,22.92264],[70.41375,22.92264],[70.41375,22.9232],[70.41403,22.9232],[70.41403,22.92348],[70.41431,22.92347],[70.41431,22.92376],[70.41458,22.92376],[70.41458,22.92403],[70.41486,22.92403],[70.41486,22.92431],[70.41514,22.9243],[70.41514,22.92458],[70.41541,22.92458],[70.41541,22.92486],[70.4157,22.92486],[70.4157,22.92542],[70.41597,22.92542],[70.41597,22.92569],[70.41625,22.92569],[70.41625,22.92597],[70.41653,22.92597],[70.41653,22.92625],[70.41681,22.92625],[70.41681,22.92653],[70.41709,22.92653],[70.41709,22.92681],[70.41736,22.92681],[70.41736,22.92709],[70.41789,22.92709],[70.41792,22.92709],[70.41792,22.92736],[70.4182,22.92736],[70.4182,22.92792],[70.41847,22.92792],[70.41847,22.9282],[70.41875,22.9282],[70.41875,22.92847],[70.41903,22.92847],[70.41903,22.92875],[70.4193,22.92875],[70.4193,22.92903],[70.41958,22.92903],[70.41958,22.92958],[70.41986,22.92957],[70.41986,22.92986],[70.42014,22.92986],[70.42014,22.93014],[70.42042,22.93014],[70.42042,22.93042],[70.42069,22.93042],[70.42069,22.9307],[70.42097,22.93069],[70.42097,22.93125],[70.42125,22.93125],[70.42125,22.93153],[70.42181,22.93153],[70.42181,22.93181],[70.42208,22.93181],[70.42208,22.93209],[70.42237,22.93209],[70.42237,22.93236],[70.42319,22.93236],[70.42319,22.93264],[70.42347,22.93264],[70.42347,22.93283],[70.42347,22.9332],[70.42375,22.9332],[70.42375,22.93375],[70.42403,22.93375],[70.42403,22.93431],[70.42431,22.93431],[70.42431,22.93486],[70.42458,22.93486],[70.42458,22.93542],[70.42486,22.93542],[70.42486,22.93597],[70.42514,22.93597],[70.42514,22.93653],[70.42542,22.93653],[70.42542,22.93709],[70.4257,22.93708],[70.4257,22.93764],[70.42597,22.93764],[70.42597,22.93819],[70.42625,22.93819],[70.42625,22.93931],[70.42653,22.93931],[70.42653,22.94014],[70.42665,22.94014],[70.42681,22.94014],[70.42681,22.94097],[70.42653,22.94097],[70.42653,22.94153],[70.42647,22.94153],[70.42625,22.94153],[70.42625,22.94208],[70.42596,22.94208],[70.42596,22.94292],[70.42625,22.94292],[70.42625,22.94347],[70.42653,22.94347],[70.42653,22.94431],[70.4268,22.94431],[70.4268,22.94487],[70.42706,22.94486],[70.42709,22.94486],[70.42709,22.94502],[70.42709,22.9457],[70.4272,22.94569],[70.42736,22.94569],[70.42736,22.94681],[70.42764,22.94681],[70.42764,22.94764],[70.42792,22.94764],[70.42792,22.94819],[70.42819,22.94819],[70.42819,22.94875],[70.42848,22.94875],[70.42848,22.95096],[70.42848,22.95098],[70.42875,22.95097],[70.42875,22.95174],[70.42875,22.95292],[70.42903,22.95292],[70.42903,22.95347],[70.42931,22.95347],[70.42931,22.95403],[70.42956,22.95403],[70.42958,22.95403],[70.42958,22.95408],[70.42958,22.95486],[70.42986,22.95487],[70.42986,22.95597],[70.43014,22.95597],[70.43014,22.95681],[70.43042,22.95681],[70.43042,22.95792],[70.4307,22.95792],[70.4307,22.95847],[70.43097,22.95847],[70.43097,22.95903],[70.43125,22.95903],[70.43125,22.95931],[70.43144,22.95931],[70.43153,22.95931],[70.43153,22.95955],[70.43153,22.95959],[70.43154,22.95959],[70.43181,22.95958],[70.43181,22.95987],[70.43209,22.95987],[70.43209,22.96042],[70.43264,22.96042],[70.43264,22.9607],[70.43292,22.9607],[70.43292,22.96097],[70.4332,22.96097],[70.4332,22.96125],[70.43375,22.96125],[70.43375,22.96153],[70.43431,22.96153],[70.43431,22.96125],[70.43515,22.96125],[70.43515,22.96181],[70.43542,22.96181],[70.43542,22.96236],[70.43569,22.96236],[70.43569,22.96292],[70.43598,22.96292],[70.43598,22.96347],[70.43625,22.96347],[70.43625,22.96375],[70.43653,22.96378],[70.43653,22.96423]]],[[[70.00375,22.5932],[70.00882,22.5932],[70.00903,22.5932],[70.00903,22.59315],[70.00903,22.59292],[70.00958,22.59292],[70.00958,22.59263],[70.01014,22.59264],[70.01014,22.59236],[70.01097,22.59236],[70.01097,22.59208],[70.01153,22.59208],[70.01153,22.59181],[70.01208,22.59181],[70.01208,22.59153],[70.01292,22.59153],[70.01292,22.59125],[70.01334,22.59125],[70.01403,22.59125],[70.01403,22.59097],[70.01486,22.59097],[70.01486,22.59069],[70.01569,22.59069],[70.01569,22.59042],[70.01656,22.59042],[70.01682,22.59042],[70.01682,22.59014],[70.01764,22.59014],[70.01764,22.58986],[70.01819,22.58986],[70.01819,22.58957],[70.01875,22.58958],[70.01875,22.58931],[70.0191,22.58931],[70.0193,22.58931],[70.0193,22.58916],[70.0193,22.58903],[70.01949,22.58903],[70.01986,22.58903],[70.01986,22.58877],[70.01986,22.58875],[70.01989,22.58875],[70.02236,22.58875],[70.02236,22.58847],[70.02264,22.58847],[70.02264,22.58819],[70.02292,22.58819],[70.02292,22.58792],[70.02319,22.58792],[70.02319,22.58764],[70.02348,22.58764],[70.02348,22.58736],[70.02375,22.58736],[70.02375,22.58708],[70.02402,22.58708],[70.02402,22.58681],[70.02431,22.58682],[70.02431,22.58653],[70.02458,22.58653],[70.02458,22.58625],[70.02486,22.58625],[70.02486,22.58526],[70.02486,22.58514],[70.02503,22.58514],[70.02514,22.58514],[70.02514,22.58506],[70.02514,22.58375],[70.02541,22.58375],[70.02541,22.58292],[70.0257,22.58292],[70.0257,22.58208],[70.02597,22.58208],[70.02597,22.58125],[70.02625,22.58125],[70.02625,22.58042],[70.02653,22.58042],[70.02653,22.58014],[70.02653,22.57959],[70.0268,22.57959],[70.0268,22.57875],[70.02683,22.57875],[70.02708,22.57875],[70.02708,22.57792],[70.02736,22.57792],[70.02736,22.57708],[70.02764,22.57708],[70.02764,22.57597],[70.02792,22.57597],[70.02792,22.57514],[70.02819,22.57514],[70.02819,22.57347],[70.02792,22.57347],[70.02792,22.57069],[70.02764,22.57069],[70.02764,22.56903],[70.02736,22.56903],[70.02736,22.56846],[70.02708,22.56847],[70.02708,22.56792],[70.02653,22.56792],[70.02653,22.5682],[70.02563,22.5682],[70.02514,22.5682],[70.02514,22.56764],[70.02486,22.56764],[70.02486,22.56716],[70.02486,22.5668],[70.02459,22.5668],[70.02458,22.5668],[70.02458,22.56679],[70.02458,22.56625],[70.02431,22.56625],[70.02431,22.56569],[70.02402,22.56569],[70.02402,22.56542],[70.02356,22.56542],[70.02348,22.56542],[70.02348,22.56531],[70.02348,22.56514],[70.02335,22.56514],[70.02319,22.56514],[70.02319,22.56492],[70.02319,22.56486],[70.02315,22.56486],[70.02292,22.56486],[70.02292,22.56458],[70.02236,22.56458],[70.02236,22.56431],[70.02209,22.56431],[70.02209,22.56403],[70.0218,22.56403],[70.0218,22.56375],[70.02153,22.56375],[70.02153,22.56347],[70.02097,22.56347],[70.02097,22.56319],[70.02069,22.56319],[70.02069,22.56292],[70.02041,22.56292],[70.02041,22.56265],[70.01986,22.56265],[70.01986,22.56236],[70.01957,22.56236],[70.01957,22.56208],[70.01903,22.56208],[70.01903,22.56181],[70.01847,22.56181],[70.01847,22.56153],[70.01819,22.56153],[70.01819,22.56125],[70.01791,22.56125],[70.01791,22.56097],[70.01764,22.56097],[70.01764,22.56069],[70.01708,22.56069],[70.01708,22.56042],[70.01682,22.56042],[70.01682,22.56014],[70.01653,22.56014],[70.01653,22.55986],[70.01597,22.55986],[70.01597,22.55959],[70.01569,22.55959],[70.01569,22.55931],[70.01542,22.55931],[70.01542,22.55908],[70.01542,22.55903],[70.01534,22.55903],[70.01514,22.55903],[70.01514,22.55889],[70.01514,22.55875],[70.01492,22.55875],[70.01458,22.55875],[70.01458,22.55852],[70.01458,22.55847],[70.0145,22.55847],[70.0143,22.55847],[70.0143,22.55834],[70.0143,22.5582],[70.01409,22.5582],[70.01403,22.5582],[70.01403,22.55816],[70.01403,22.55792],[70.01365,22.55792],[70.01347,22.55792],[70.01347,22.55782],[70.01347,22.55764],[70.01316,22.55764],[70.01208,22.55764],[70.01208,22.55736],[70.0118,22.55736],[70.0118,22.55708],[70.01125,22.55708],[70.01125,22.55681],[70.01097,22.55681],[70.01097,22.55653],[70.0107,22.55653],[70.0107,22.55625],[70.01041,22.55625],[70.01041,22.55604],[70.01041,22.55597],[70.01029,22.55597],[70.00986,22.55597],[70.00986,22.55572],[70.00986,22.5557],[70.00982,22.5557],[70.00958,22.5557],[70.00958,22.55556],[70.00958,22.55542],[70.00934,22.55542],[70.00931,22.55542],[70.00931,22.5554],[70.00931,22.55514],[70.00903,22.55514],[70.00903,22.55486],[70.00847,22.55486],[70.00847,22.55458],[70.00819,22.55458],[70.00819,22.55431],[70.00792,22.55431],[70.00792,22.55403],[70.00695,22.55403],[70.00692,22.55403],[70.00681,22.55403],[70.00681,22.55402],[70.00681,22.55395],[70.00681,22.55375],[70.00648,22.55375],[70.00327,22.55375],[70.00153,22.55375],[70.00153,22.55346],[70.00042,22.55347],[70.00042,22.5532],[69.99986,22.5532],[69.99875,22.5532],[69.99875,22.55253],[69.99875,22.55236],[69.99849,22.55236],[69.99792,22.55236],[69.99792,22.55208],[69.99764,22.55208],[69.99764,22.55181],[69.99736,22.55181],[69.99736,22.55162],[69.99736,22.55153],[69.99723,22.55153],[69.99709,22.55153],[69.99709,22.55144],[69.99709,22.55125],[69.9968,22.55125],[69.9968,22.55097],[69.99638,22.55097],[69.99514,22.55097],[69.99514,22.5507],[69.99486,22.55069],[69.99486,22.55014],[69.99514,22.55014],[69.99514,22.55014],[69.99514,22.54986],[69.99486,22.54986],[69.99486,22.54958],[69.99432,22.54958],[69.99431,22.54958],[69.99431,22.54958],[69.99431,22.54931],[69.99402,22.54931],[69.99402,22.54903],[69.9935,22.54903],[69.99347,22.54903],[69.99347,22.54901],[69.99347,22.54895],[69.99347,22.54875],[69.99319,22.54875],[69.99319,22.54847],[69.99264,22.54847],[69.99264,22.5482],[69.99042,22.5482],[69.99042,22.54792],[69.98958,22.54792],[69.98958,22.54765],[69.98875,22.54765],[69.98875,22.54736],[69.98794,22.54736],[69.98764,22.54736],[69.98764,22.54732],[69.98764,22.54708],[69.98681,22.54708],[69.98681,22.54681],[69.98597,22.54681],[69.98597,22.54653],[69.98431,22.54653],[69.98431,22.54625],[69.98402,22.54625],[69.98402,22.54653],[69.98264,22.54653],[69.98264,22.54663],[69.98264,22.54681],[69.98153,22.54681],[69.98153,22.54708],[69.97931,22.54708],[69.97931,22.54681],[69.97903,22.54681],[69.97903,22.54625],[69.9782,22.54625],[69.9782,22.54653],[69.97791,22.54653],[69.97791,22.54708],[69.97764,22.54708],[69.97764,22.54765],[69.97735,22.54765],[69.97735,22.54792],[69.97514,22.54792],[69.97514,22.54765],[69.97474,22.54765],[69.97459,22.54765],[69.97459,22.54751],[69.97459,22.54736],[69.97403,22.54736],[69.97403,22.54708],[69.97284,22.54708],[69.97264,22.54708],[69.97264,22.54703],[69.97264,22.54681],[69.97208,22.54681],[69.97208,22.54653],[69.9718,22.54653],[69.9718,22.54625],[69.97041,22.54625],[69.97041,22.54597],[69.96848,22.54597],[69.96848,22.54569],[69.96736,22.54569],[69.96736,22.5457],[69.96736,22.54597],[69.9668,22.54597],[69.9668,22.54569],[69.96625,22.54569],[69.96625,22.54542],[69.96509,22.54542],[69.96375,22.54542],[69.96375,22.54559],[69.96375,22.54569],[69.96291,22.54569],[69.96291,22.54597],[69.96264,22.54597],[69.96265,22.54625],[69.96181,22.54625],[69.96181,22.54653],[69.96153,22.54653],[69.96153,22.54681],[69.96125,22.54681],[69.96125,22.54736],[69.96098,22.54736],[69.96098,22.54765],[69.96069,22.54765],[69.96069,22.54792],[69.96042,22.54792],[69.96042,22.5482],[69.96014,22.5482],[69.96014,22.54847],[69.95986,22.54847],[69.95986,22.54875],[69.95958,22.54875],[69.95958,22.54903],[69.9593,22.54903],[69.9593,22.5488],[69.9593,22.54875],[69.95903,22.54875],[69.95903,22.54899],[69.95903,22.54903],[69.95898,22.54903],[69.95875,22.54903],[69.95875,22.5492],[69.95875,22.54931],[69.9586,22.54931],[69.95847,22.54931],[69.95847,22.5494],[69.95847,22.54958],[69.95823,22.54958],[69.95792,22.54958],[69.95792,22.54981],[69.95792,22.55014],[69.95764,22.55014],[69.95764,22.55069],[69.95736,22.55071],[69.95736,22.55125],[69.95708,22.55125],[69.95708,22.55357],[69.95708,22.55375],[69.9568,22.55375],[69.9568,22.55486],[69.95653,22.55486],[69.95653,22.55708],[69.9568,22.55708],[69.9568,22.5582],[69.95708,22.5582],[69.95708,22.55959],[69.9568,22.55958],[69.9568,22.56069],[69.95708,22.56069],[69.95708,22.56153],[69.95736,22.56153],[69.95736,22.56265],[69.95764,22.56265],[69.95764,22.56375],[69.95792,22.56375],[69.95792,22.56458],[69.95819,22.56458],[69.95819,22.56542],[69.95847,22.56542],[69.95847,22.56625],[69.95875,22.56625],[69.95875,22.5668],[69.95903,22.5668],[69.95903,22.56736],[69.9593,22.56736],[69.9593,22.56792],[69.95958,22.56792],[69.95958,22.56875],[69.95986,22.56875],[69.95986,22.56931],[69.96014,22.56931],[69.96014,22.56986],[69.96042,22.56986],[69.96042,22.57042],[69.96069,22.57042],[69.96069,22.57097],[69.96098,22.57097],[69.96098,22.57153],[69.96125,22.57153],[69.96125,22.57191],[69.96125,22.57208],[69.96138,22.57208],[69.96148,22.57208],[69.96153,22.57208],[69.96153,22.57212],[69.96153,22.57236],[69.96153,22.57292],[69.96181,22.57292],[69.96181,22.57347],[69.96208,22.57347],[69.96208,22.57403],[69.96236,22.57403],[69.96236,22.57459],[69.96265,22.57459],[69.96265,22.57514],[69.96291,22.57514],[69.96291,22.5757],[69.96319,22.5757],[69.96319,22.57597],[69.96347,22.57597],[69.96347,22.57625],[69.96375,22.57625],[69.96375,22.57653],[69.96403,22.57653],[69.96403,22.57681],[69.9643,22.57681],[69.9643,22.57708],[69.96458,22.57708],[69.96458,22.57736],[69.96486,22.57736],[69.96486,22.57765],[69.96514,22.57765],[69.96514,22.57792],[69.96597,22.57792],[69.96597,22.57819],[69.96653,22.57819],[69.96653,22.57847],[69.96823,22.57847],[69.96875,22.57847],[69.96875,22.57819],[69.96902,22.57819],[69.96902,22.57792],[69.97014,22.57792],[69.97014,22.57819],[69.97292,22.57819],[69.97292,22.57847],[69.97347,22.57847],[69.97347,22.57875],[69.97375,22.57875],[69.97375,22.57903],[69.9743,22.57903],[69.9743,22.57931],[69.97486,22.57931],[69.97486,22.57959],[69.97514,22.57958],[69.97514,22.58014],[69.97542,22.58014],[69.97542,22.5807],[69.97819,22.5807],[69.97819,22.58097],[69.97903,22.58097],[69.97903,22.58125],[69.97957,22.58125],[69.97957,22.58153],[69.98097,22.58153],[69.98097,22.58181],[69.98125,22.58181],[69.98125,22.58153],[69.98179,22.58153],[69.98179,22.58181],[69.98264,22.58181],[69.98264,22.58208],[69.98319,22.58208],[69.98319,22.58236],[69.98402,22.58236],[69.98402,22.58264],[69.98458,22.58264],[69.98458,22.58292],[69.98486,22.58292],[69.98486,22.5832],[69.98514,22.5832],[69.98514,22.58347],[69.98542,22.58347],[69.98542,22.58375],[69.98597,22.58375],[69.98597,22.58347],[69.98681,22.58347],[69.98681,22.5832],[69.98736,22.5832],[69.98736,22.58347],[69.98764,22.58347],[69.98764,22.58375],[69.98847,22.58375],[69.98847,22.58347],[69.98903,22.58347],[69.98903,22.58375],[69.9893,22.58375],[69.9893,22.58403],[69.98958,22.58403],[69.98958,22.58431],[69.98986,22.58431],[69.98986,22.58458],[69.99097,22.58458],[69.99097,22.58431],[69.99208,22.58431],[69.99208,22.58458],[69.99292,22.58458],[69.99292,22.58486],[69.99319,22.58486],[69.99319,22.58542],[69.99347,22.58542],[69.99347,22.58597],[69.99375,22.58597],[69.99375,22.58653],[69.99402,22.58653],[69.99402,22.58708],[69.99431,22.58708],[69.99431,22.58764],[69.99458,22.58764],[69.99458,22.58792],[69.99486,22.58792],[69.99486,22.58819],[69.99514,22.58819],[69.99514,22.58847],[69.9954,22.58847],[69.9954,22.58875],[69.99625,22.58875],[69.99625,22.58931],[69.99709,22.58931],[69.99709,22.58958],[69.99736,22.58958],[69.99736,22.58847],[69.99792,22.58847],[69.99792,22.58903],[69.99819,22.58903],[69.99819,22.58931],[69.99847,22.58931],[69.99847,22.58958],[69.99875,22.58958],[69.99875,22.58986],[69.99931,22.58986],[69.99931,22.59042],[69.99958,22.59042],[69.99958,22.59069],[70.00014,22.59069],[70.00042,22.59069],[70.00042,22.59097],[70.00097,22.59097],[70.00097,22.59125],[70.00125,22.59125],[70.00125,22.59153],[70.00153,22.59153],[70.00153,22.59181],[70.00208,22.59181],[70.00208,22.59208],[70.00236,22.59208],[70.00236,22.59236],[70.00291,22.59236],[70.00291,22.59264],[70.0032,22.59263],[70.0032,22.59292],[70.00375,22.59292],[70.00375,22.5932]]],[[[69.62764,22.45949],[69.62764,22.4593],[69.6282,22.4593],[69.6282,22.45903],[69.62875,22.45903],[69.62875,22.45875],[69.62903,22.45875],[69.62903,22.45847],[69.62928,22.45847],[69.6293,22.45847],[69.6293,22.45843],[69.6293,22.45792],[69.62959,22.45792],[69.62959,22.45764],[69.62989,22.45764],[69.63042,22.45764],[69.63042,22.45736],[69.63069,22.45736],[69.63069,22.45707],[69.63097,22.45708],[69.63097,22.45681],[69.63181,22.45681],[69.63181,22.45653],[69.63208,22.45653],[69.63208,22.45625],[69.63264,22.45625],[69.63264,22.45597],[69.63347,22.45597],[69.63347,22.45569],[69.63431,22.45569],[69.63431,22.45514],[69.63458,22.45514],[69.63458,22.45486],[69.63486,22.45486],[69.63486,22.4543],[69.63514,22.45431],[69.63514,22.45403],[69.6357,22.45403],[69.6357,22.45375],[69.63625,22.45375],[69.63625,22.45347],[69.63708,22.45347],[69.63708,22.45319],[69.63764,22.45319],[69.63764,22.45292],[69.63819,22.45292],[69.63819,22.45264],[69.63875,22.45264],[69.63875,22.45236],[69.63903,22.45236],[69.63903,22.45208],[69.6393,22.45208],[69.6393,22.45181],[69.63958,22.45181],[69.63958,22.45153],[69.64014,22.45153],[69.64014,22.45126],[69.64042,22.45126],[69.64042,22.45097],[69.64069,22.45097],[69.64069,22.4507],[69.64181,22.4507],[69.64181,22.45097],[69.64264,22.45097],[69.64264,22.4507],[69.64319,22.4507],[69.64319,22.45014],[69.64348,22.45014],[69.64348,22.44931],[69.64375,22.44931],[69.64375,22.44875],[69.64403,22.44875],[69.64403,22.4482],[69.6443,22.4482],[69.6443,22.44764],[69.64458,22.44764],[69.64458,22.44708],[69.64486,22.44708],[69.64486,22.44653],[69.64514,22.44653],[69.64514,22.44597],[69.64541,22.44597],[69.64541,22.44542],[69.64569,22.44542],[69.64569,22.44486],[69.64597,22.44486],[69.64597,22.44431],[69.64625,22.44431],[69.64625,22.44375],[69.64652,22.44375],[69.64652,22.4432],[69.6468,22.4432],[69.6468,22.44264],[69.64709,22.44264],[69.64709,22.44207],[69.64736,22.44208],[69.64736,22.44097],[69.64709,22.44097],[69.64709,22.44014],[69.64736,22.44014],[69.64736,22.43986],[69.64709,22.43986],[69.64709,22.43931],[69.64736,22.43932],[69.64736,22.43903],[69.64764,22.43903],[69.64764,22.43875],[69.64792,22.43875],[69.64792,22.43847],[69.64819,22.43847],[69.64819,22.43819],[69.64848,22.43819],[69.64848,22.43708],[69.64819,22.43708],[69.64819,22.43653],[69.64792,22.43653],[69.64792,22.43597],[69.64764,22.43597],[69.64764,22.43542],[69.64709,22.43542],[69.64709,22.43514],[69.64597,22.43514],[69.64597,22.43486],[69.64514,22.43486],[69.64514,22.43458],[69.64486,22.43458],[69.64486,22.43403],[69.64514,22.43403],[69.64514,22.43375],[69.64541,22.43375],[69.64541,22.43347],[69.64569,22.43347],[69.64569,22.43292],[69.64597,22.43292],[69.64597,22.43264],[69.6468,22.43264],[69.6468,22.43236],[69.64764,22.43236],[69.64764,22.43208],[69.64986,22.43208],[69.64986,22.4318],[69.6507,22.4318],[69.6507,22.43153],[69.6518,22.43153],[69.6518,22.43125],[69.65236,22.43125],[69.65236,22.43153],[69.65347,22.43153],[69.65347,22.43125],[69.6543,22.43125],[69.6543,22.43069],[69.65459,22.43069],[69.65459,22.43014],[69.65486,22.43014],[69.65486,22.42958],[69.65514,22.42958],[69.65514,22.42931],[69.65569,22.42931],[69.65569,22.42903],[69.65598,22.42903],[69.65598,22.42875],[69.65652,22.42875],[69.65652,22.42847],[69.65681,22.42847],[69.65681,22.42819],[69.65708,22.42819],[69.65708,22.42625],[69.65681,22.42625],[69.65681,22.42569],[69.65652,22.42569],[69.65652,22.42514],[69.65625,22.42514],[69.65625,22.42486],[69.65597,22.42486],[69.65597,22.42458],[69.65542,22.42458],[69.65542,22.42431],[69.65514,22.42432],[69.65514,22.42403],[69.65486,22.42403],[69.65486,22.42375],[69.65459,22.42375],[69.65459,22.42347],[69.65375,22.42347],[69.65375,22.4232],[69.6532,22.4232],[69.6532,22.42292],[69.65265,22.42292],[69.65265,22.42264],[69.65208,22.42264],[69.65208,22.42236],[69.65153,22.42236],[69.65153,22.42208],[69.65125,22.42208],[69.65125,22.42181],[69.65068,22.42181],[69.64958,22.42181],[69.64958,22.42208],[69.64931,22.42208],[69.64931,22.42181],[69.64903,22.42181],[69.64903,22.42153],[69.64848,22.42153],[69.64848,22.42096],[69.64819,22.42097],[69.64819,22.4207],[69.64792,22.4207],[69.64792,22.42042],[69.64764,22.42042],[69.64764,22.41986],[69.64736,22.41986],[69.64736,22.41958],[69.64709,22.41958],[69.64709,22.41875],[69.6468,22.41875],[69.6468,22.41832],[69.6468,22.41819],[69.64665,22.41819],[69.64653,22.41819],[69.64653,22.41808],[69.64653,22.41764],[69.64604,22.41764],[69.64569,22.41764],[69.64569,22.41736],[69.64541,22.41736],[69.64541,22.41708],[69.64541,22.41681],[69.64511,22.41681],[69.64486,22.41681],[69.64486,22.41658],[69.64486,22.41653],[69.6448,22.41653],[69.64458,22.41653],[69.64458,22.41633],[69.64458,22.41625],[69.64449,22.41625],[69.6443,22.41625],[69.6443,22.41609],[69.6443,22.41597],[69.64417,22.41597],[69.64347,22.41597],[69.64347,22.4157],[69.64236,22.4157],[69.64236,22.41542],[69.64208,22.41542],[69.64208,22.41515],[69.64181,22.41515],[69.64181,22.41384],[69.64181,22.41319],[69.64152,22.4132],[69.64152,22.41292],[69.64125,22.41292],[69.64125,22.41236],[69.64098,22.41236],[69.64098,22.41209],[69.64069,22.41209],[69.64069,22.41181],[69.64042,22.41181],[69.64042,22.41153],[69.64014,22.41153],[69.64014,22.41125],[69.63986,22.41125],[69.63986,22.41069],[69.63958,22.41069],[69.63958,22.41042],[69.63931,22.41042],[69.63931,22.41014],[69.63903,22.41014],[69.63903,22.40986],[69.63875,22.40986],[69.63875,22.40875],[69.63847,22.40875],[69.63847,22.40819],[69.63819,22.40819],[69.63819,22.40792],[69.63792,22.40792],[69.63792,22.40764],[69.63735,22.40764],[69.63735,22.40736],[69.63708,22.40736],[69.63708,22.40708],[69.6368,22.40708],[69.6368,22.40681],[69.63653,22.40681],[69.63653,22.40653],[69.63458,22.40653],[69.63458,22.40681],[69.63292,22.40681],[69.63292,22.40708],[69.63236,22.40708],[69.63236,22.40736],[69.63181,22.40736],[69.63181,22.40764],[69.63125,22.40764],[69.63125,22.40792],[69.63097,22.40792],[69.63097,22.40819],[69.63069,22.40819],[69.63069,22.40847],[69.63042,22.40847],[69.63042,22.40875],[69.6293,22.40875],[69.6293,22.40903],[69.62903,22.40902],[69.62903,22.40931],[69.6282,22.40931],[69.6282,22.40958],[69.62736,22.40958],[69.62736,22.40986],[69.62681,22.40986],[69.62681,22.41014],[69.62597,22.41014],[69.62597,22.41042],[69.62542,22.41042],[69.62542,22.41069],[69.62514,22.41069],[69.62458,22.41069],[69.62458,22.41097],[69.62403,22.41097],[69.62403,22.41125],[69.62319,22.41125],[69.62319,22.41153],[69.62235,22.41153],[69.62235,22.41181],[69.6218,22.41181],[69.6218,22.41209],[69.62097,22.41209],[69.62097,22.41236],[69.62041,22.41236],[69.62041,22.41264],[69.61958,22.41264],[69.61958,22.41292],[69.61902,22.41292],[69.61902,22.4132],[69.6182,22.4132],[69.6182,22.41347],[69.61764,22.41347],[69.61764,22.41375],[69.61708,22.41375],[69.61708,22.41403],[69.61625,22.41403],[69.61625,22.41431],[69.61569,22.41431],[69.61569,22.41458],[69.61514,22.41458],[69.61514,22.4157],[69.61486,22.4157],[69.61486,22.41594],[69.61486,22.41597],[69.61474,22.41597],[69.61458,22.41597],[69.61458,22.41602],[69.61458,22.41625],[69.6143,22.41625],[69.6143,22.41653],[69.61276,22.41653],[69.61208,22.41653],[69.61208,22.41672],[69.61208,22.41681],[69.61176,22.41681],[69.61042,22.41681],[69.61042,22.41708],[69.60986,22.41708],[69.60986,22.41734],[69.60986,22.41736],[69.6098,22.41736],[69.60875,22.41736],[69.60875,22.41764],[69.60792,22.41764],[69.60792,22.41789],[69.60792,22.41792],[69.60781,22.41792],[69.60764,22.41792],[69.60764,22.41797],[69.60764,22.41847],[69.60709,22.41847],[69.60709,22.41875],[69.60679,22.41875],[69.60679,22.41903],[69.60653,22.41903],[69.60653,22.41931],[69.60625,22.41931],[69.60625,22.41958],[69.60597,22.41958],[69.60597,22.41986],[69.6057,22.41986],[69.6057,22.42014],[69.60514,22.42014],[69.60514,22.42042],[69.60486,22.42042],[69.60486,22.4207],[69.60458,22.4207],[69.60458,22.42097],[69.60431,22.42096],[69.60431,22.42125],[69.60403,22.42125],[69.60403,22.42153],[69.60375,22.42153],[69.60375,22.42181],[69.60347,22.42181],[69.60347,22.42208],[69.60319,22.42208],[69.60319,22.42236],[69.60291,22.42236],[69.60291,22.4232],[69.60236,22.4232],[69.60236,22.42292],[69.60208,22.42292],[69.60208,22.42236],[69.60187,22.42236],[69.60014,22.42236],[69.60014,22.42264],[69.59986,22.42264],[69.59986,22.42292],[69.59903,22.42292],[69.59903,22.4232],[69.59875,22.4232],[69.59875,22.42347],[69.59847,22.42347],[69.59847,22.42375],[69.5982,22.42375],[69.5982,22.42403],[69.59764,22.42403],[69.59764,22.42432],[69.59736,22.42431],[69.59736,22.42458],[69.59597,22.42458],[69.59597,22.42486],[69.5957,22.42486],[69.5957,22.42514],[69.59541,22.42514],[69.59541,22.42542],[69.59514,22.42542],[69.59514,22.42569],[69.59486,22.42569],[69.59486,22.42597],[69.59458,22.42597],[69.59458,22.42625],[69.59402,22.42625],[69.59402,22.42653],[69.59375,22.42653],[69.59375,22.42681],[69.59348,22.42681],[69.59348,22.42709],[69.59319,22.42709],[69.59319,22.42736],[69.59292,22.42736],[69.59292,22.42764],[69.59263,22.42764],[69.59263,22.42792],[69.59236,22.42792],[69.59236,22.42819],[69.59209,22.42819],[69.59209,22.43038],[69.59209,22.43069],[69.59171,22.43069],[69.59153,22.43069],[69.59153,22.43085],[69.59153,22.4318],[69.59125,22.4318],[69.59125,22.43292],[69.5907,22.43292],[69.59069,22.43347],[69.59014,22.43347],[69.59014,22.43486],[69.58986,22.43486],[69.58986,22.43514],[69.58903,22.43514],[69.58903,22.43542],[69.58875,22.43542],[69.58875,22.43597],[69.58847,22.43597],[69.58847,22.43708],[69.58819,22.43708],[69.58819,22.43875],[69.58847,22.43875],[69.58847,22.43932],[69.58875,22.43931],[69.58875,22.43958],[69.5893,22.43958],[69.5893,22.43986],[69.58958,22.43986],[69.58958,22.44014],[69.58986,22.44014],[69.58986,22.44067],[69.58986,22.44153],[69.59014,22.44153],[69.59014,22.44181],[69.59041,22.44181],[69.59041,22.44208],[69.59069,22.44208],[69.5907,22.44236],[69.59125,22.44236],[69.59125,22.4432],[69.5918,22.4432],[69.5918,22.44375],[69.59237,22.44375],[69.59237,22.44403],[69.59263,22.44403],[69.59263,22.44458],[69.59292,22.44458],[69.59292,22.44486],[69.59319,22.44486],[69.59319,22.44514],[69.59348,22.44513],[69.59348,22.44542],[69.59402,22.44542],[69.59402,22.4457],[69.59486,22.4457],[69.59486,22.44597],[69.59541,22.44597],[69.59541,22.44625],[69.59625,22.44625],[69.59625,22.44653],[69.5968,22.44653],[69.5968,22.44681],[69.59764,22.44681],[69.59764,22.44708],[69.5982,22.44708],[69.5982,22.44736],[69.59903,22.44736],[69.59903,22.44764],[69.60014,22.44764],[69.60014,22.44792],[69.60069,22.44792],[69.60069,22.4482],[69.60208,22.4482],[69.60208,22.44847],[69.60264,22.44847],[69.60264,22.44875],[69.6032,22.44875],[69.6032,22.44903],[69.60375,22.44903],[69.60375,22.44931],[69.60431,22.44931],[69.60431,22.44958],[69.60486,22.44958],[69.60486,22.44986],[69.60542,22.44986],[69.60542,22.45014],[69.60597,22.45014],[69.60597,22.45042],[69.60653,22.45042],[69.60653,22.4507],[69.60709,22.4507],[69.60709,22.45097],[69.60792,22.45097],[69.60792,22.45126],[69.61125,22.45126],[69.61125,22.45097],[69.61181,22.45097],[69.61181,22.4507],[69.61291,22.4507],[69.61291,22.45097],[69.6132,22.45097],[69.6132,22.45153],[69.61347,22.45153],[69.61347,22.45181],[69.61375,22.45181],[69.61375,22.45236],[69.61403,22.45236],[69.61403,22.45264],[69.6143,22.45264],[69.6143,22.4527],[69.6143,22.45347],[69.61458,22.45347],[69.61458,22.45375],[69.61486,22.45375],[69.61486,22.45403],[69.61513,22.45403],[69.61513,22.45431],[69.61569,22.45431],[69.61569,22.45458],[69.61597,22.45458],[69.61597,22.45486],[69.61654,22.45486],[69.61654,22.45514],[69.6168,22.45514],[69.6168,22.45542],[69.61736,22.45542],[69.61736,22.45569],[69.6182,22.45569],[69.6182,22.45597],[69.61847,22.45597],[69.61847,22.45625],[69.61875,22.45625],[69.61875,22.45681],[69.61958,22.45681],[69.61958,22.45708],[69.62014,22.45707],[69.62014,22.45736],[69.6207,22.45736],[69.6207,22.45764],[69.62153,22.45764],[69.62153,22.45792],[69.62236,22.45792],[69.62236,22.45819],[69.62292,22.45819],[69.62292,22.45847],[69.62375,22.45847],[69.62375,22.45875],[69.62403,22.45875],[69.62403,22.45895],[69.62403,22.45903],[69.62454,22.45903],[69.62486,22.45903],[69.62486,22.45908],[69.62486,22.4593],[69.62542,22.4593],[69.62542,22.45958],[69.62764,22.45958],[69.62764,22.45949]]],[[[69.91875,22.5532],[69.91875,22.55292],[69.91903,22.55292],[69.91903,22.55264],[69.9193,22.55264],[69.9193,22.55236],[69.91986,22.55236],[69.91986,22.55208],[69.92013,22.55208],[69.92013,22.55181],[69.92041,22.55181],[69.92041,22.55153],[69.92069,22.55153],[69.92069,22.55125],[69.92125,22.55125],[69.92125,22.55097],[69.92152,22.55097],[69.92152,22.5507],[69.92181,22.55069],[69.92181,22.55042],[69.92208,22.55042],[69.92208,22.55014],[69.92236,22.55014],[69.92236,22.54986],[69.92264,22.54986],[69.92264,22.54958],[69.92319,22.54958],[69.92319,22.54931],[69.92347,22.54931],[69.92347,22.54903],[69.92403,22.54903],[69.92403,22.54875],[69.92431,22.54875],[69.92431,22.54847],[69.92486,22.54847],[69.92486,22.5482],[69.92514,22.5482],[69.92514,22.54792],[69.9257,22.54792],[69.9257,22.54765],[69.92654,22.54765],[69.92654,22.54736],[69.92709,22.54736],[69.92709,22.54708],[69.92792,22.54708],[69.92792,22.54681],[69.92847,22.54681],[69.92847,22.54653],[69.92931,22.54653],[69.92931,22.54625],[69.92986,22.54625],[69.92986,22.54597],[69.93069,22.54597],[69.93069,22.54569],[69.93125,22.54569],[69.93125,22.54542],[69.93181,22.54542],[69.93181,22.54486],[69.93208,22.54486],[69.93208,22.54458],[69.93236,22.54458],[69.93236,22.54208],[69.93235,22.54208],[69.93208,22.54208],[69.93208,22.54042],[69.93251,22.54042],[69.93264,22.54042],[69.93264,22.54014],[69.9332,22.54014],[69.9332,22.53992],[69.9332,22.53903],[69.93291,22.53903],[69.93291,22.53764],[69.93276,22.53764],[69.93208,22.53764],[69.93208,22.53653],[69.93286,22.53653],[69.93307,22.53653],[69.93375,22.53653],[69.93375,22.53597],[69.93403,22.53597],[69.93403,22.53567],[69.93403,22.53542],[69.9342,22.53542],[69.9343,22.53542],[69.9343,22.53528],[69.9343,22.53403],[69.93403,22.53403],[69.93403,22.53375],[69.93375,22.53375],[69.93375,22.53347],[69.9332,22.53347],[69.9332,22.53319],[69.93316,22.53319],[69.93291,22.53319],[69.93291,22.53292],[69.93208,22.53292],[69.93208,22.53264],[69.93125,22.53264],[69.93125,22.53235],[69.93097,22.53236],[69.93097,22.53208],[69.93042,22.53208],[69.93042,22.53181],[69.92986,22.53181],[69.92986,22.53153],[69.92958,22.53153],[69.92958,22.5307],[69.93153,22.5307],[69.93153,22.53125],[69.93235,22.53125],[69.93235,22.53153],[69.93291,22.53153],[69.93291,22.53181],[69.9332,22.53181],[69.9332,22.53208],[69.93326,22.53208],[69.93347,22.53208],[69.93347,22.53236],[69.93403,22.53235],[69.93403,22.53264],[69.9343,22.53264],[69.9343,22.53292],[69.93458,22.53292],[69.93458,22.53319],[69.93486,22.53319],[69.93486,22.53347],[69.93546,22.53347],[69.93569,22.53347],[69.93569,22.53319],[69.93597,22.53319],[69.93597,22.53223],[69.93597,22.52983],[69.93597,22.52792],[69.93569,22.52792],[69.93569,22.52736],[69.93541,22.52736],[69.93541,22.52681],[69.93514,22.52681],[69.93514,22.52625],[69.93486,22.52625],[69.93486,22.52569],[69.93458,22.5257],[69.93458,22.52542],[69.93514,22.52542],[69.93514,22.52514],[69.93538,22.52514],[69.93569,22.52514],[69.93569,22.52542],[69.93597,22.52542],[69.93597,22.5257],[69.93625,22.52569],[69.93625,22.52654],[69.93642,22.52654],[69.93653,22.52654],[69.93653,22.52681],[69.93681,22.52681],[69.93681,22.52693],[69.93681,22.52816],[69.93681,22.52903],[69.93707,22.52903],[69.93708,22.52903],[69.93708,22.52905],[69.93708,22.52958],[69.9368,22.52958],[69.9368,22.52986],[69.93708,22.52986],[69.93708,22.53181],[69.93764,22.53181],[69.93764,22.53153],[69.93765,22.53153],[69.93792,22.53153],[69.93792,22.53125],[69.93848,22.53125],[69.93847,22.53097],[69.93875,22.53097],[69.93875,22.5307],[69.93931,22.5307],[69.93931,22.53042],[69.93958,22.53042],[69.93958,22.53014],[69.93998,22.53014],[69.94041,22.53014],[69.94041,22.52986],[69.9407,22.52986],[69.9407,22.52958],[69.94097,22.52958],[69.94097,22.52931],[69.94154,22.52931],[69.94154,22.52875],[69.94209,22.52875],[69.94209,22.5282],[69.94236,22.5282],[69.94236,22.52764],[69.94292,22.52764],[69.94292,22.52681],[69.94319,22.52681],[69.94319,22.52569],[69.94347,22.5257],[69.94347,22.52514],[69.94347,22.52486],[69.94354,22.52486],[69.94375,22.52486],[69.94375,22.52403],[69.94403,22.52403],[69.94403,22.52348],[69.94431,22.52348],[69.94431,22.52292],[69.94403,22.52292],[69.94403,22.52285],[69.94403,22.52222],[69.94403,22.5218],[69.94387,22.5218],[69.94375,22.52181],[69.94375,22.5215],[69.94375,22.52097],[69.94354,22.52097],[69.94347,22.52097],[69.94347,22.52079],[69.94347,22.52042],[69.94333,22.52042],[69.94319,22.52042],[69.94319,22.52007],[69.94319,22.51986],[69.94305,22.51986],[69.94292,22.51986],[69.94292,22.51968],[69.94292,22.51958],[69.94285,22.51958],[69.94264,22.51958],[69.94264,22.51929],[69.94264,22.51903],[69.94246,22.51903],[69.94236,22.51903],[69.94236,22.51889],[69.94236,22.51875],[69.94226,22.51875],[69.94209,22.51875],[69.94209,22.51851],[69.94209,22.51847],[69.94207,22.51847],[69.9418,22.51847],[69.9418,22.51819],[69.94153,22.51819],[69.94153,22.51792],[69.94041,22.51792],[69.94041,22.51819],[69.93995,22.51819],[69.93792,22.51819],[69.93792,22.51847],[69.93708,22.51847],[69.93708,22.51875],[69.93653,22.51875],[69.93653,22.51847],[69.93375,22.51847],[69.93375,22.51868],[69.93375,22.51875],[69.93344,22.51875],[69.9332,22.51875],[69.9332,22.51881],[69.9332,22.51903],[69.93291,22.51903],[69.93291,22.51986],[69.93284,22.51986],[69.93264,22.51986],[69.93264,22.52014],[69.93125,22.52014],[69.93125,22.51958],[69.93097,22.51958],[69.93097,22.51954],[69.93097,22.51903],[69.93069,22.51903],[69.93069,22.51813],[69.93069,22.51792],[69.93036,22.51792],[69.93014,22.51792],[69.93014,22.51778],[69.93014,22.51764],[69.92993,22.51764],[69.92958,22.51764],[69.92958,22.51742],[69.92958,22.51735],[69.92948,22.51735],[69.92903,22.51736],[69.92903,22.51708],[69.92819,22.51708],[69.92819,22.51681],[69.92764,22.51681],[69.92764,22.51653],[69.92709,22.51653],[69.92709,22.5163],[69.92709,22.51625],[69.92697,22.51625],[69.92657,22.51625],[69.92597,22.51625],[69.92597,22.51597],[69.92541,22.51597],[69.92541,22.51569],[69.92514,22.51569],[69.92514,22.51557],[69.92514,22.51542],[69.92475,22.51542],[69.92457,22.51542],[69.92457,22.51535],[69.92457,22.51514],[69.924,22.51514],[69.92375,22.51514],[69.92375,22.51505],[69.92375,22.51486],[69.92326,22.51486],[69.92319,22.51486],[69.92319,22.51483],[69.92319,22.51458],[69.92259,22.51458],[69.92236,22.51458],[69.92236,22.51449],[69.92236,22.51431],[69.92193,22.51431],[69.92152,22.51431],[69.92152,22.51414],[69.92152,22.51403],[69.92125,22.51403],[69.92097,22.51403],[69.92097,22.51391],[69.92097,22.51375],[69.92058,22.51375],[69.92013,22.51375],[69.92013,22.51357],[69.92013,22.51347],[69.9199,22.51347],[69.9193,22.51347],[69.9193,22.51328],[69.9193,22.51319],[69.91879,22.5132],[69.91847,22.5132],[69.91847,22.51315],[69.91847,22.51292],[69.91792,22.51292],[69.91792,22.51264],[69.91708,22.51264],[69.91708,22.51236],[69.91625,22.51236],[69.91625,22.51208],[69.9157,22.51208],[69.9157,22.51181],[69.91236,22.51181],[69.91236,22.51208],[69.9117,22.51208],[69.91042,22.51208],[69.91042,22.51264],[69.90958,22.51264],[69.90958,22.51292],[69.90847,22.51292],[69.90847,22.5132],[69.90791,22.51319],[69.90791,22.51347],[69.90541,22.51347],[69.90541,22.51375],[69.90375,22.51375],[69.90375,22.51403],[69.90347,22.51403],[69.90347,22.51431],[69.9007,22.51431],[69.9007,22.51403],[69.89914,22.51403],[69.89736,22.51403],[69.89736,22.51375],[69.89709,22.51375],[69.89709,22.51264],[69.89736,22.51264],[69.89736,22.51181],[69.89653,22.51181],[69.89653,22.51208],[69.89597,22.51208],[69.89597,22.51236],[69.89514,22.51236],[69.89514,22.51264],[69.89458,22.51264],[69.89458,22.51292],[69.89375,22.51292],[69.89375,22.5132],[69.8932,22.51319],[69.8932,22.51347],[69.89264,22.51347],[69.89264,22.51375],[69.89236,22.51375],[69.89236,22.51403],[69.89181,22.51403],[69.89181,22.51431],[69.89069,22.51431],[69.89069,22.51458],[69.89042,22.51458],[69.89042,22.51486],[69.89014,22.51486],[69.89014,22.51514],[69.88986,22.51514],[69.88986,22.51542],[69.88903,22.51542],[69.88903,22.51569],[69.88819,22.51569],[69.88819,22.51597],[69.88764,22.51597],[69.88764,22.51612],[69.88764,22.51681],[69.88736,22.51681],[69.88736,22.51708],[69.88653,22.51708],[69.88653,22.51736],[69.88597,22.51735],[69.88597,22.51764],[69.88486,22.51764],[69.88486,22.51792],[69.8843,22.51792],[69.8843,22.51903],[69.88458,22.51903],[69.88458,22.51958],[69.8843,22.51958],[69.8843,22.51986],[69.88347,22.51986],[69.88347,22.52014],[69.88125,22.52014],[69.88125,22.52042],[69.88042,22.52042],[69.88042,22.5207],[69.87955,22.5207],[69.87625,22.5207],[69.87625,22.52097],[69.87403,22.52097],[69.87403,22.52125],[69.87319,22.52125],[69.87319,22.52153],[69.87281,22.52153],[69.87264,22.52153],[69.87264,22.52181],[69.87153,22.52181],[69.87153,22.52208],[69.87041,22.52208],[69.87041,22.52236],[69.87014,22.52236],[69.87014,22.52264],[69.8693,22.52264],[69.8693,22.52292],[69.86903,22.52292],[69.86903,22.5232],[69.86879,22.5232],[69.86847,22.5232],[69.86847,22.52348],[69.86764,22.52348],[69.86764,22.52375],[69.86736,22.52375],[69.86736,22.52403],[69.86681,22.52403],[69.86681,22.52431],[69.86653,22.52431],[69.86653,22.52458],[69.86625,22.52458],[69.86625,22.52431],[69.86597,22.52431],[69.86597,22.52458],[69.86542,22.52458],[69.86542,22.52486],[69.86486,22.52486],[69.86486,22.52514],[69.86459,22.52514],[69.86459,22.52542],[69.8643,22.52542],[69.8643,22.5257],[69.86403,22.5257],[69.86403,22.52597],[69.86347,22.52597],[69.86347,22.52625],[69.8632,22.52625],[69.8632,22.52654],[69.86292,22.52654],[69.86292,22.52681],[69.86264,22.52681],[69.86264,22.52708],[69.86236,22.52708],[69.86236,22.52931],[69.8632,22.52931],[69.8632,22.52958],[69.8643,22.52958],[69.8643,22.52986],[69.86459,22.52986],[69.86459,22.53042],[69.86486,22.53042],[69.86486,22.5307],[69.86513,22.5307],[69.86513,22.53097],[69.86542,22.53097],[69.86542,22.53125],[69.86569,22.53125],[69.86569,22.53097],[69.86736,22.53097],[69.86736,22.5307],[69.86847,22.5307],[69.86847,22.53042],[69.86958,22.53042],[69.86958,22.53014],[69.87041,22.53014],[69.87041,22.52986],[69.87097,22.52986],[69.87097,22.52958],[69.87292,22.52958],[69.87292,22.52931],[69.87353,22.52931],[69.87375,22.52931],[69.87375,22.52921],[69.87375,22.52904],[69.87412,22.52903],[69.87458,22.52903],[69.87458,22.52882],[69.87458,22.52875],[69.87472,22.52875],[69.87543,22.52875],[69.87542,22.52849],[69.87542,22.52847],[69.87564,22.52847],[69.87681,22.52847],[69.87681,22.52839],[69.87681,22.5282],[69.87764,22.5282],[69.87764,22.52792],[69.8782,22.52792],[69.8782,22.52764],[69.87875,22.52764],[69.87903,22.52764],[69.87903,22.52736],[69.87959,22.52736],[69.87958,22.52708],[69.88042,22.52708],[69.88042,22.52681],[69.88124,22.52681],[69.88124,22.52654],[69.88181,22.52654],[69.88181,22.52625],[69.88264,22.52625],[69.88264,22.52569],[69.88347,22.5257],[69.88347,22.52542],[69.88403,22.52542],[69.88403,22.52514],[69.88458,22.52514],[69.88458,22.52486],[69.88541,22.52486],[69.88541,22.52458],[69.88625,22.52458],[69.88625,22.52431],[69.88819,22.52431],[69.88819,22.52403],[69.88931,22.52403],[69.88931,22.52375],[69.88986,22.52375],[69.88986,22.52348],[69.89042,22.52347],[69.89042,22.52375],[69.89098,22.52375],[69.89098,22.52403],[69.89181,22.52403],[69.89181,22.52431],[69.89236,22.52431],[69.89236,22.52458],[69.89291,22.52458],[69.89291,22.52486],[69.8932,22.52486],[69.8932,22.52514],[69.89347,22.52514],[69.89347,22.52348],[69.89375,22.52348],[69.89375,22.5232],[69.89458,22.5232],[69.89458,22.52292],[69.89514,22.52292],[69.89514,22.5232],[69.89542,22.5232],[69.89542,22.52348],[69.89569,22.52348],[69.89569,22.52375],[69.89597,22.52375],[69.89597,22.52403],[69.89624,22.52403],[69.89624,22.52431],[69.8968,22.52431],[69.8968,22.52458],[69.89764,22.52458],[69.89764,22.52486],[69.89875,22.52486],[69.89875,22.52514],[69.89903,22.52514],[69.89903,22.52542],[69.89931,22.52542],[69.89931,22.5257],[69.89958,22.5257],[69.89958,22.52597],[69.89931,22.52597],[69.89931,22.52681],[69.89958,22.52681],[69.89958,22.52708],[69.9007,22.52708],[69.9007,22.52736],[69.90097,22.52736],[69.90097,22.52764],[69.90125,22.52764],[69.90125,22.52847],[69.9004,22.52847],[69.9004,22.52875],[69.89931,22.52875],[69.89819,22.52875],[69.89819,22.53014],[69.89848,22.53014],[69.89848,22.53042],[69.89819,22.53042],[69.89819,22.53097],[69.89847,22.53097],[69.89847,22.53375],[69.89958,22.53375],[69.89958,22.53403],[69.89986,22.53403],[69.89986,22.53486],[69.89958,22.53486],[69.89958,22.53542],[69.89931,22.53542],[69.89931,22.53569],[69.89903,22.53569],[69.89903,22.53625],[69.89875,22.53625],[69.89875,22.53819],[69.89903,22.53819],[69.89903,22.53848],[69.90014,22.53848],[69.90014,22.53875],[69.9004,22.53875],[69.9004,22.53903],[69.9007,22.53903],[69.9007,22.54097],[69.9004,22.54097],[69.9004,22.54236],[69.90014,22.54236],[69.90014,22.54375],[69.89986,22.54375],[69.89986,22.54514],[69.90014,22.54514],[69.90014,22.54569],[69.9004,22.54569],[69.9004,22.54625],[69.9007,22.54625],[69.9007,22.54653],[69.90097,22.54653],[69.90097,22.54681],[69.90125,22.54681],[69.90125,22.54708],[69.90153,22.54708],[69.90153,22.54736],[69.90208,22.54736],[69.90208,22.54765],[69.90237,22.54765],[69.90237,22.54792],[69.90319,22.54792],[69.9032,22.54829],[69.9032,22.54847],[69.90375,22.54847],[69.90375,22.54903],[69.90486,22.54903],[69.90486,22.54931],[69.90652,22.54931],[69.90652,22.54903],[69.90681,22.54903],[69.90681,22.54847],[69.90652,22.54847],[69.90652,22.5482],[69.90681,22.5482],[69.90681,22.54597],[69.90803,22.54597],[69.90819,22.54597],[69.90819,22.54608],[69.90819,22.54625],[69.90845,22.54625],[69.90875,22.54625],[69.90875,22.54644],[69.90875,22.54653],[69.90888,22.54653],[69.91014,22.54653],[69.91014,22.54681],[69.91041,22.54681],[69.91041,22.54708],[69.9107,22.54708],[69.9107,22.54736],[69.91097,22.54736],[69.91097,22.5479],[69.91097,22.54792],[69.911,22.54792],[69.91125,22.54792],[69.91125,22.54808],[69.91125,22.54875],[69.91153,22.54875],[69.91153,22.54931],[69.91125,22.54931],[69.91125,22.54958],[69.91097,22.54958],[69.91097,22.54986],[69.90958,22.54986],[69.90958,22.54958],[69.90791,22.54958],[69.90791,22.54986],[69.90764,22.54986],[69.90764,22.55042],[69.90736,22.55042],[69.90736,22.55153],[69.90875,22.55153],[69.90875,22.55181],[69.91041,22.55181],[69.91041,22.55208],[69.91153,22.55208],[69.91153,22.55236],[69.91263,22.55236],[69.91263,22.55264],[69.91348,22.55264],[69.91348,22.55292],[69.91458,22.55292],[69.91458,22.55264],[69.9157,22.55264],[69.9157,22.55292],[69.91681,22.55292],[69.91681,22.5532],[69.91875,22.5532]]],[[[69.1368,22.47764],[69.1368,22.47736],[69.13736,22.47736],[69.13736,22.47708],[69.13764,22.47708],[69.13764,22.47681],[69.13792,22.47681],[69.13792,22.47708],[69.14236,22.47708],[69.14236,22.47736],[69.1432,22.47736],[69.1432,22.47708],[69.14347,22.47708],[69.14347,22.47653],[69.14375,22.47653],[69.14375,22.47625],[69.14404,22.47625],[69.14403,22.47542],[69.1443,22.47543],[69.1443,22.47514],[69.14486,22.47514],[69.14486,22.47486],[69.14542,22.47486],[69.14542,22.47458],[69.1468,22.47458],[69.1468,22.47431],[69.14764,22.47431],[69.14764,22.47403],[69.14806,22.47403],[69.14848,22.47403],[69.14848,22.47361],[69.14848,22.47153],[69.14875,22.47153],[69.14875,22.47125],[69.14903,22.47125],[69.14902,22.47097],[69.14931,22.47097],[69.14931,22.47069],[69.14958,22.47069],[69.14958,22.47042],[69.14978,22.47042],[69.15014,22.47042],[69.15014,22.47014],[69.1504,22.47014],[69.1504,22.46875],[69.15014,22.46875],[69.15014,22.46847],[69.14986,22.46847],[69.14986,22.4682],[69.14969,22.4682],[69.14958,22.4682],[69.14958,22.46792],[69.14931,22.46792],[69.14931,22.46764],[69.14903,22.46764],[69.14903,22.46736],[69.14875,22.46736],[69.14875,22.46708],[69.14792,22.46708],[69.14792,22.46681],[69.14736,22.46681],[69.14736,22.46653],[69.1471,22.46653],[69.1471,22.46597],[69.1468,22.46597],[69.1468,22.46514],[69.14709,22.46514],[69.14709,22.46458],[69.1468,22.46458],[69.1468,22.46319],[69.14653,22.4632],[69.14653,22.46292],[69.14625,22.46292],[69.14625,22.46264],[69.14569,22.46264],[69.14569,22.46236],[69.14486,22.46236],[69.14486,22.46208],[69.1443,22.46208],[69.1443,22.46236],[69.14404,22.46236],[69.14404,22.46264],[69.14347,22.46264],[69.14347,22.4632],[69.1432,22.46319],[69.1432,22.46347],[69.14291,22.46347],[69.14291,22.46375],[69.14236,22.46375],[69.14236,22.46403],[69.14153,22.46403],[69.14153,22.46431],[69.14069,22.46431],[69.14069,22.46458],[69.13986,22.46458],[69.13986,22.46292],[69.13958,22.46292],[69.13958,22.46264],[69.13903,22.46264],[69.13903,22.46236],[69.13736,22.46236],[69.13736,22.46264],[69.13709,22.46264],[69.13709,22.46347],[69.1368,22.46347],[69.1368,22.46403],[69.13653,22.46403],[69.13653,22.46431],[69.13625,22.46431],[69.13625,22.46458],[69.13541,22.46458],[69.13541,22.46486],[69.13514,22.46486],[69.13514,22.46542],[69.13486,22.46542],[69.13486,22.46569],[69.13458,22.46569],[69.13458,22.46597],[69.13402,22.46597],[69.13402,22.46569],[69.13347,22.46569],[69.13347,22.46597],[69.13292,22.46597],[69.13292,22.46625],[69.13264,22.46624],[69.13264,22.46653],[69.13208,22.46653],[69.13208,22.46624],[69.1318,22.46625],[69.1318,22.46597],[69.13153,22.46597],[69.13153,22.46569],[69.13125,22.46569],[69.13125,22.46542],[69.12986,22.46542],[69.12986,22.46569],[69.12847,22.46569],[69.12847,22.46542],[69.12653,22.46542],[69.12653,22.46569],[69.12625,22.46569],[69.12625,22.46625],[69.12597,22.46624],[69.12597,22.46681],[69.12569,22.46681],[69.12569,22.46708],[69.12514,22.46708],[69.12514,22.46736],[69.12458,22.46736],[69.12458,22.46764],[69.12431,22.46764],[69.12431,22.46792],[69.12375,22.46792],[69.12375,22.4682],[69.12319,22.4682],[69.12319,22.46847],[69.12236,22.46847],[69.12236,22.4682],[69.12125,22.4682],[69.12125,22.46792],[69.12097,22.46792],[69.12097,22.46764],[69.11987,22.46764],[69.11987,22.46736],[69.11847,22.46736],[69.11847,22.46708],[69.11792,22.46708],[69.11792,22.46681],[69.11736,22.46681],[69.11736,22.46653],[69.11708,22.46653],[69.11708,22.46624],[69.11653,22.46625],[69.11653,22.46597],[69.11597,22.46597],[69.11597,22.46569],[69.1143,22.46569],[69.1143,22.46542],[69.11374,22.46542],[69.11374,22.46514],[69.1132,22.46514],[69.1132,22.46486],[69.11264,22.46486],[69.11264,22.46458],[69.11208,22.46458],[69.11208,22.46431],[69.11152,22.46431],[69.11152,22.46403],[69.11097,22.46403],[69.11097,22.46375],[69.11068,22.46375],[69.11068,22.46347],[69.11042,22.46347],[69.11042,22.46319],[69.11014,22.4632],[69.11014,22.46264],[69.10986,22.46264],[69.10986,22.46236],[69.10931,22.46236],[69.10931,22.46181],[69.10875,22.46181],[69.10875,22.46125],[69.10847,22.46125],[69.10847,22.4607],[69.10819,22.4607],[69.10819,22.45792],[69.10847,22.45792],[69.10847,22.45755],[69.10847,22.45653],[69.10875,22.45653],[69.10875,22.45569],[69.10902,22.45569],[69.10902,22.45403],[69.10931,22.45403],[69.10931,22.45236],[69.10902,22.45236],[69.10902,22.45208],[69.10875,22.45208],[69.10875,22.44875],[69.10847,22.44875],[69.10847,22.44847],[69.10819,22.44847],[69.10819,22.44792],[69.10812,22.44792],[69.10793,22.44792],[69.10793,22.44708],[69.10763,22.44708],[69.10763,22.44597],[69.10736,22.44597],[69.10736,22.44486],[69.10709,22.44486],[69.10709,22.44236],[69.10736,22.44236],[69.10736,22.44181],[69.10763,22.44181],[69.10763,22.44091],[69.10763,22.4407],[69.10756,22.4407],[69.10736,22.4407],[69.10736,22.44017],[69.10736,22.43931],[69.10764,22.43932],[69.10764,22.43875],[69.10793,22.43875],[69.10793,22.43792],[69.10819,22.43792],[69.10819,22.43764],[69.10847,22.43764],[69.10847,22.43736],[69.10792,22.43736],[69.10792,22.43708],[69.10709,22.43708],[69.10709,22.43681],[69.1068,22.43681],[69.1068,22.43653],[69.10653,22.43653],[69.10653,22.43626],[69.10625,22.43626],[69.10625,22.43514],[69.10597,22.43514],[69.10597,22.43486],[69.1057,22.43486],[69.1057,22.43458],[69.10529,22.43458],[69.10514,22.43458],[69.10514,22.43433],[69.10514,22.43431],[69.10512,22.43431],[69.10486,22.43431],[69.10486,22.43406],[69.10486,22.43403],[69.10483,22.43403],[69.10458,22.43403],[69.10458,22.43379],[69.10458,22.43375],[69.10454,22.43375],[69.10431,22.43375],[69.10431,22.43353],[69.10431,22.43347],[69.10425,22.43347],[69.10403,22.43347],[69.10403,22.43326],[69.10403,22.43292],[69.10375,22.43292],[69.10375,22.43264],[69.10338,22.43264],[69.10151,22.43264],[69.10151,22.43292],[69.10097,22.43292],[69.10097,22.43319],[69.10014,22.43319],[69.10014,22.43292],[69.09959,22.43292],[69.09959,22.43264],[69.0993,22.43264],[69.0993,22.43236],[69.09903,22.43236],[69.09903,22.4318],[69.09847,22.4318],[69.09847,22.43153],[69.09597,22.43153],[69.09597,22.43125],[69.09514,22.43125],[69.09514,22.43097],[69.09486,22.43097],[69.09486,22.43069],[69.09431,22.43069],[69.09431,22.43042],[69.09402,22.43042],[69.09402,22.43013],[69.09347,22.43014],[69.09347,22.42986],[69.09319,22.42986],[69.09319,22.42958],[69.09264,22.42958],[69.09264,22.42931],[69.09236,22.42931],[69.09236,22.42903],[69.0918,22.42903],[69.0918,22.42881],[69.0918,22.42875],[69.09167,22.42875],[69.09153,22.42875],[69.09153,22.42857],[69.09153,22.42847],[69.09146,22.42847],[69.09125,22.42847],[69.09125,22.4282],[69.09125,22.42819],[69.09125,22.42819],[69.0907,22.42819],[69.0907,22.42792],[69.09042,22.42792],[69.09042,22.42736],[69.09014,22.42736],[69.09014,22.42681],[69.08986,22.42681],[69.08986,22.42653],[69.08957,22.42653],[69.08957,22.42597],[69.0893,22.42597],[69.0893,22.42375],[69.08903,22.42375],[69.08903,22.42347],[69.08875,22.42347],[69.08875,22.4232],[69.08847,22.4232],[69.08847,22.42264],[69.0882,22.42264],[69.0882,22.42208],[69.08791,22.42208],[69.08791,22.42181],[69.08736,22.42181],[69.08736,22.42153],[69.08653,22.42153],[69.08653,22.42125],[69.08598,22.42125],[69.08598,22.42097],[69.08486,22.42096],[69.08486,22.42125],[69.08459,22.42125],[69.08459,22.42153],[69.08431,22.42153],[69.08431,22.42208],[69.08376,22.42208],[69.08376,22.42264],[69.08347,22.42264],[69.08347,22.42375],[69.08376,22.42375],[69.08376,22.42542],[69.08403,22.42542],[69.08403,22.42648],[69.08403,22.42653],[69.08405,22.42653],[69.08459,22.42653],[69.08459,22.42681],[69.08486,22.42681],[69.08486,22.42736],[69.08513,22.42736],[69.08513,22.42875],[69.08542,22.42875],[69.08542,22.42903],[69.08569,22.42903],[69.08569,22.42931],[69.08598,22.42931],[69.08598,22.42958],[69.08569,22.42958],[69.08569,22.43012],[69.08569,22.43042],[69.08542,22.43042],[69.08542,22.43097],[69.08542,22.43125],[69.08513,22.43125],[69.08513,22.4318],[69.08486,22.4318],[69.08486,22.43208],[69.08513,22.43208],[69.08513,22.43264],[69.08542,22.43264],[69.08542,22.43292],[69.08653,22.43292],[69.08653,22.43319],[69.08708,22.43319],[69.08708,22.43347],[69.08764,22.43347],[69.08764,22.43375],[69.0882,22.43375],[69.0882,22.43403],[69.08875,22.43403],[69.08875,22.43431],[69.08908,22.43431],[69.0893,22.43431],[69.0893,22.43459],[69.0893,22.43486],[69.08952,22.43486],[69.08957,22.43486],[69.08957,22.43492],[69.08957,22.43542],[69.08986,22.43542],[69.08986,22.43569],[69.0902,22.43569],[69.09042,22.43569],[69.09042,22.43597],[69.09042,22.43597],[69.09042,22.43597],[69.09069,22.43597],[69.09069,22.43625],[69.09069,22.43631],[69.0907,22.43681],[69.09097,22.43681],[69.09097,22.43736],[69.0907,22.43736],[69.09069,22.43792],[69.09014,22.43792],[69.09014,22.43847],[69.09069,22.43847],[69.0907,22.43875],[69.09153,22.43875],[69.09153,22.43903],[69.09209,22.43903],[69.09209,22.43932],[69.09236,22.43931],[69.09236,22.43958],[69.09264,22.43958],[69.09264,22.43986],[69.09319,22.43986],[69.09319,22.44014],[69.09379,22.44014],[69.09431,22.44014],[69.09431,22.44042],[69.09514,22.44042],[69.09514,22.4407],[69.09541,22.4407],[69.09541,22.44097],[69.09569,22.44097],[69.09569,22.44125],[69.09597,22.44125],[69.09597,22.44236],[69.09514,22.44236],[69.09514,22.44292],[69.09486,22.44292],[69.09486,22.44347],[69.09514,22.44347],[69.09514,22.44431],[69.09541,22.44431],[69.09541,22.44597],[69.09422,22.44597],[69.09402,22.44597],[69.09402,22.44625],[69.09348,22.44625],[69.09348,22.44681],[69.09319,22.44681],[69.09319,22.44736],[69.09292,22.44736],[69.09292,22.44792],[69.09264,22.44792],[69.09264,22.44847],[69.09236,22.44847],[69.09236,22.44903],[69.09264,22.44903],[69.09264,22.44931],[69.09319,22.44931],[69.09319,22.44958],[69.09348,22.44958],[69.09348,22.45014],[69.0935,22.45014],[69.09375,22.45014],[69.09375,22.45042],[69.09402,22.45042],[69.09402,22.45126],[69.0933,22.45126],[69.09264,22.45126],[69.09264,22.45153],[69.09236,22.45153],[69.09236,22.45208],[69.09316,22.45208],[69.09375,22.45208],[69.09375,22.45153],[69.09402,22.45153],[69.09402,22.45403],[69.09375,22.45403],[69.09375,22.45431],[69.09347,22.45431],[69.09347,22.45458],[69.09319,22.45458],[69.09319,22.45486],[69.09292,22.45486],[69.09292,22.45542],[69.09264,22.45542],[69.09264,22.45569],[69.09242,22.45569],[69.09236,22.45569],[69.09236,22.45581],[69.09236,22.45653],[69.09209,22.45653],[69.09209,22.45736],[69.09236,22.45736],[69.09236,22.45903],[69.09264,22.45903],[69.09264,22.45958],[69.09292,22.45958],[69.09292,22.45986],[69.09319,22.45986],[69.09319,22.46014],[69.09348,22.46014],[69.09348,22.46151],[69.09348,22.46153],[69.09352,22.46153],[69.09597,22.46153],[69.09597,22.46181],[69.09847,22.46181],[69.09847,22.46208],[69.09959,22.46208],[69.09959,22.46236],[69.10014,22.46236],[69.10014,22.46264],[69.10069,22.46264],[69.10069,22.46292],[69.10125,22.46292],[69.10125,22.4632],[69.10152,22.46319],[69.10152,22.46347],[69.10208,22.46347],[69.10208,22.46375],[69.10236,22.46375],[69.10236,22.46403],[69.10291,22.46403],[69.10291,22.46431],[69.10319,22.46431],[69.10319,22.46458],[69.10375,22.46458],[69.10375,22.46486],[69.10403,22.46486],[69.10403,22.46514],[69.10458,22.46514],[69.10458,22.46542],[69.10486,22.46542],[69.10486,22.46569],[69.10541,22.46569],[69.10541,22.46597],[69.1057,22.46597],[69.1057,22.46625],[69.10665,22.46625],[69.10793,22.46624],[69.10793,22.46653],[69.10958,22.46653],[69.10958,22.46681],[69.11014,22.46681],[69.11014,22.46688],[69.11014,22.46708],[69.1107,22.46708],[69.1107,22.46736],[69.11125,22.46736],[69.11125,22.46764],[69.11152,22.46764],[69.11152,22.46792],[69.11207,22.46792],[69.11207,22.4682],[69.11264,22.4682],[69.11264,22.46847],[69.1132,22.46847],[69.1132,22.46875],[69.11347,22.46875],[69.11347,22.46903],[69.11403,22.46903],[69.11403,22.46931],[69.11459,22.46931],[69.11459,22.46958],[69.11486,22.46958],[69.11486,22.46986],[69.11542,22.46986],[69.11542,22.47014],[69.11625,22.47014],[69.11625,22.47042],[69.11653,22.47042],[69.11653,22.47069],[69.11708,22.47069],[69.11708,22.47097],[69.11764,22.47097],[69.11764,22.47125],[69.11819,22.47125],[69.11819,22.47153],[69.11903,22.47153],[69.11903,22.47181],[69.11958,22.47181],[69.11958,22.47209],[69.12014,22.47208],[69.12014,22.47236],[69.12125,22.47236],[69.12125,22.47264],[69.12153,22.47264],[69.12153,22.47292],[69.12208,22.47292],[69.12208,22.4732],[69.12236,22.4732],[69.12236,22.47347],[69.12293,22.47347],[69.12293,22.47375],[69.12319,22.47375],[69.12319,22.47403],[69.12375,22.47403],[69.12375,22.47431],[69.12403,22.47431],[69.12403,22.47458],[69.12458,22.47458],[69.12458,22.47486],[69.12486,22.47486],[69.12486,22.47514],[69.12514,22.47514],[69.12514,22.47543],[69.12569,22.47542],[69.12569,22.4757],[69.12875,22.4757],[69.12875,22.47597],[69.12986,22.47597],[69.12986,22.47625],[69.13097,22.47625],[69.13097,22.47653],[69.1318,22.47653],[69.1318,22.47681],[69.13292,22.47681],[69.13292,22.47708],[69.13352,22.47708],[69.13402,22.47708],[69.13402,22.47734],[69.13402,22.47736],[69.13406,22.47736],[69.13514,22.47736],[69.13514,22.47764],[69.1368,22.47764]]],[[[69.32429,22.52764],[69.32429,22.52736],[69.32486,22.52736],[69.32486,22.52708],[69.32542,22.52708],[69.32542,22.52681],[69.32596,22.52681],[69.32596,22.52654],[69.32625,22.52654],[69.32625,22.52625],[69.32681,22.52625],[69.32681,22.52597],[69.32736,22.52597],[69.32736,22.5257],[69.32792,22.5257],[69.32792,22.52542],[69.32875,22.52542],[69.32875,22.52514],[69.32903,22.52514],[69.32903,22.52486],[69.32931,22.52486],[69.32931,22.52458],[69.33014,22.52458],[69.33014,22.52441],[69.33014,22.52431],[69.33097,22.52431],[69.33097,22.52443],[69.33097,22.52458],[69.33125,22.52458],[69.33125,22.52486],[69.3318,22.52486],[69.3318,22.52514],[69.33208,22.52514],[69.33208,22.52542],[69.33236,22.52542],[69.33236,22.5257],[69.33292,22.5257],[69.33292,22.52597],[69.33403,22.52597],[69.33403,22.5257],[69.33986,22.5257],[69.33986,22.52542],[69.34042,22.52542],[69.34042,22.52514],[69.34251,22.52514],[69.34319,22.52514],[69.34319,22.5252],[69.34319,22.52542],[69.34347,22.52542],[69.34347,22.52597],[69.34402,22.52597],[69.34402,22.52625],[69.34431,22.52625],[69.34431,22.52654],[69.34486,22.52654],[69.34486,22.52681],[69.34569,22.52681],[69.34569,22.52708],[69.34847,22.52708],[69.34847,22.52681],[69.34875,22.52681],[69.34875,22.52625],[69.3493,22.52625],[69.3493,22.52597],[69.34942,22.52597],[69.34959,22.52597],[69.34959,22.52542],[69.34986,22.52542],[69.34986,22.5257],[69.35013,22.52569],[69.35013,22.52614],[69.35013,22.52625],[69.35042,22.52625],[69.35042,22.52654],[69.35125,22.52654],[69.35125,22.52625],[69.35152,22.52625],[69.35152,22.52597],[69.35181,22.52597],[69.35181,22.5257],[69.35208,22.5257],[69.35208,22.52542],[69.35235,22.52542],[69.35235,22.52514],[69.35264,22.52514],[69.35264,22.52486],[69.3532,22.52486],[69.3532,22.52458],[69.35347,22.52458],[69.35347,22.52433],[69.35347,22.52431],[69.35351,22.52431],[69.35403,22.52431],[69.35403,22.52403],[69.35459,22.52403],[69.35459,22.52375],[69.35486,22.52375],[69.35486,22.52358],[69.35486,22.52348],[69.35503,22.52348],[69.35514,22.52348],[69.35514,22.52342],[69.35514,22.5232],[69.35542,22.5232],[69.35542,22.52292],[69.35597,22.52292],[69.35597,22.52264],[69.35625,22.52264],[69.35625,22.52236],[69.35653,22.52236],[69.35653,22.52208],[69.3568,22.52208],[69.3568,22.52181],[69.35709,22.52181],[69.35709,22.52125],[69.35736,22.52125],[69.35736,22.52097],[69.35759,22.52097],[69.35764,22.52097],[69.35764,22.5209],[69.35764,22.5207],[69.35776,22.5207],[69.35792,22.5207],[69.35792,22.52043],[69.35792,22.52014],[69.35809,22.52014],[69.35819,22.52014],[69.35819,22.51997],[69.35819,22.51986],[69.35826,22.51986],[69.35847,22.51986],[69.35847,22.51958],[69.35875,22.51958],[69.35875,22.51931],[69.35902,22.51931],[69.35902,22.51875],[69.35931,22.51875],[69.35931,22.51847],[69.35958,22.51847],[69.35958,22.51819],[69.35986,22.51819],[69.35986,22.51764],[69.36014,22.51764],[69.36014,22.51708],[69.36042,22.51708],[69.36042,22.51653],[69.36069,22.51653],[69.36069,22.51625],[69.36097,22.51625],[69.36097,22.51569],[69.36125,22.51569],[69.36125,22.51514],[69.36236,22.51514],[69.36236,22.51486],[69.36264,22.51486],[69.36264,22.51458],[69.36291,22.51458],[69.36291,22.51375],[69.36347,22.51375],[69.36346,22.5132],[69.36375,22.5132],[69.36375,22.513],[69.36375,22.51236],[69.36347,22.51236],[69.36347,22.51181],[69.3632,22.5118],[69.3632,22.51153],[69.36264,22.51154],[69.36264,22.51125],[69.36236,22.51125],[69.36236,22.51097],[69.36187,22.51097],[69.36181,22.51097],[69.36181,22.51092],[69.36181,22.51069],[69.36152,22.51069],[69.36125,22.51069],[69.36125,22.51048],[69.36125,22.51042],[69.36117,22.51042],[69.36014,22.51042],[69.36014,22.51014],[69.35931,22.51014],[69.35931,22.50986],[69.35819,22.50986],[69.35819,22.50958],[69.35709,22.50958],[69.35709,22.50931],[69.35653,22.50931],[69.35653,22.50903],[69.35625,22.50903],[69.35625,22.50847],[69.35597,22.50847],[69.35597,22.50819],[69.3557,22.50819],[69.3557,22.50792],[69.35542,22.50792],[69.35542,22.50764],[69.35514,22.50764],[69.35514,22.50736],[69.35458,22.50736],[69.35458,22.50708],[69.35431,22.50708],[69.35431,22.50681],[69.35403,22.50681],[69.35403,22.50653],[69.35375,22.50653],[69.35375,22.50625],[69.35347,22.50625],[69.35347,22.50597],[69.3532,22.50597],[69.3532,22.5057],[69.35264,22.5057],[69.35264,22.50541],[69.35236,22.50542],[69.35236,22.50514],[69.35208,22.50514],[69.35208,22.50486],[69.35152,22.50486],[69.35152,22.50458],[69.35042,22.50458],[69.35042,22.50431],[69.35013,22.50431],[69.35013,22.50403],[69.3493,22.50403],[69.3493,22.50431],[69.34847,22.50431],[69.34847,22.50403],[69.34795,22.50403],[69.34708,22.50403],[69.34708,22.50428],[69.34708,22.50431],[69.347,22.50431],[69.34653,22.50431],[69.34653,22.50444],[69.34653,22.50458],[69.34625,22.50458],[69.34625,22.50486],[69.34542,22.50486],[69.34542,22.50514],[69.34486,22.50514],[69.34486,22.50542],[69.34402,22.50541],[69.34402,22.5057],[69.34347,22.5057],[69.34347,22.50597],[69.34292,22.50597],[69.34292,22.50625],[69.34236,22.50625],[69.34236,22.50653],[69.34153,22.50653],[69.34153,22.50681],[69.34097,22.50681],[69.34097,22.50708],[69.34042,22.50708],[69.34042,22.50736],[69.33971,22.50736],[69.33661,22.50736],[69.33514,22.50736],[69.33514,22.50764],[69.33459,22.50764],[69.33459,22.50792],[69.33403,22.50792],[69.33403,22.50812],[69.33403,22.50819],[69.33377,22.50819],[69.33347,22.50819],[69.33347,22.50828],[69.33347,22.50847],[69.33292,22.50847],[69.33292,22.50875],[69.33264,22.50875],[69.33264,22.50903],[69.33208,22.50903],[69.33208,22.50931],[69.33153,22.50931],[69.33153,22.50958],[69.33097,22.50958],[69.33097,22.50986],[69.33041,22.50986],[69.33042,22.51014],[69.32986,22.51014],[69.32986,22.51042],[69.32958,22.51042],[69.32958,22.51069],[69.32903,22.51069],[69.32903,22.51097],[69.32875,22.51097],[69.32875,22.51125],[69.32819,22.51125],[69.32819,22.51154],[69.32792,22.51153],[69.32792,22.5118],[69.32736,22.51181],[69.32736,22.51208],[69.32708,22.51208],[69.32708,22.51236],[69.32653,22.51236],[69.32653,22.51264],[69.32625,22.51264],[69.32625,22.51292],[69.32569,22.51292],[69.32569,22.5132],[69.32514,22.51319],[69.32514,22.51347],[69.32486,22.51347],[69.32486,22.51375],[69.32429,22.51375],[69.32429,22.51403],[69.32403,22.51403],[69.32403,22.51431],[69.32347,22.51431],[69.32347,22.51458],[69.3232,22.51458],[69.3232,22.51486],[69.32264,22.51486],[69.32264,22.51514],[69.32236,22.51514],[69.32236,22.51542],[69.32181,22.51542],[69.32181,22.51569],[69.32152,22.51569],[69.32152,22.51597],[69.32125,22.51597],[69.32125,22.51625],[69.32069,22.51625],[69.32069,22.51653],[69.32042,22.51653],[69.32042,22.51681],[69.32014,22.51681],[69.32014,22.51708],[69.31986,22.51708],[69.31986,22.51736],[69.31931,22.51735],[69.31931,22.51764],[69.31903,22.51764],[69.31903,22.51792],[69.31875,22.51792],[69.31875,22.51819],[69.31819,22.51819],[69.31819,22.51847],[69.31792,22.51847],[69.31792,22.51875],[69.31764,22.51875],[69.31764,22.51903],[69.31709,22.51903],[69.31709,22.51931],[69.31653,22.51931],[69.31653,22.51958],[69.31652,22.51958],[69.31597,22.51958],[69.31597,22.51986],[69.3157,22.51986],[69.3157,22.5207],[69.31541,22.52069],[69.31541,22.52292],[69.3157,22.52292],[69.3157,22.52348],[69.31597,22.52348],[69.31597,22.52403],[69.31625,22.52403],[69.31625,22.52458],[69.31653,22.52458],[69.31653,22.52486],[69.3168,22.52486],[69.3168,22.52514],[69.31709,22.52514],[69.31709,22.52542],[69.31736,22.52542],[69.31736,22.5257],[69.31786,22.5257],[69.31792,22.5257],[69.31792,22.52573],[69.31792,22.52597],[69.31835,22.52597],[69.3193,22.52597],[69.3193,22.5261],[69.3193,22.52625],[69.31986,22.52625],[69.31986,22.52654],[69.32042,22.52654],[69.32042,22.52681],[69.32069,22.52681],[69.32069,22.52708],[69.32125,22.52708],[69.32125,22.52736],[69.32181,22.52736],[69.32181,22.52764],[69.32429,22.52764]]],[[[69.30209,22.47403],[69.30209,22.47347],[69.30236,22.47347],[69.30236,22.4732],[69.30264,22.4732],[69.30264,22.47236],[69.30292,22.47236],[69.30292,22.47231],[69.30292,22.47208],[69.30319,22.47209],[69.30319,22.47181],[69.30347,22.47181],[69.30347,22.47125],[69.30375,22.47125],[69.30375,22.47042],[69.30403,22.47042],[69.30403,22.46986],[69.30431,22.46986],[69.30431,22.46958],[69.30486,22.46958],[69.30486,22.46986],[69.30514,22.46986],[69.30514,22.47042],[69.30486,22.47042],[69.30486,22.47069],[69.30458,22.47069],[69.30458,22.47153],[69.30486,22.47153],[69.30486,22.47181],[69.30708,22.47181],[69.30708,22.47209],[69.30903,22.47209],[69.30903,22.47181],[69.31292,22.47181],[69.31292,22.47201],[69.31292,22.47209],[69.31514,22.47208],[69.31514,22.47236],[69.31875,22.47236],[69.31875,22.47208],[69.3193,22.47209],[69.3193,22.47204],[69.3193,22.47181],[69.31986,22.47181],[69.31986,22.47153],[69.32042,22.47153],[69.32042,22.47125],[69.32097,22.47125],[69.32097,22.47097],[69.32181,22.47097],[69.32181,22.47069],[69.32236,22.47069],[69.32236,22.47042],[69.32291,22.47042],[69.32291,22.47014],[69.32347,22.47014],[69.32347,22.46986],[69.32403,22.46986],[69.32403,22.46958],[69.32459,22.46958],[69.32459,22.46903],[69.32486,22.46903],[69.32486,22.4682],[69.32514,22.4682],[69.32514,22.46792],[69.32486,22.46792],[69.32486,22.46764],[69.32514,22.46764],[69.32514,22.46736],[69.32542,22.46736],[69.32542,22.46708],[69.32569,22.46708],[69.32569,22.46681],[69.32596,22.46681],[69.32596,22.46624],[69.32625,22.46625],[69.32625,22.46514],[69.32653,22.46514],[69.32653,22.46458],[69.32681,22.46458],[69.32681,22.46431],[69.32708,22.46431],[69.32708,22.46403],[69.32735,22.46403],[69.32735,22.46375],[69.32764,22.46375],[69.32764,22.46347],[69.32786,22.46347],[69.32792,22.46347],[69.32792,22.46325],[69.32792,22.46208],[69.32764,22.46208],[69.32764,22.46042],[69.32735,22.46042],[69.32735,22.45875],[69.32708,22.45875],[69.32708,22.45764],[69.32681,22.45764],[69.32681,22.45708],[69.32653,22.45708],[69.32653,22.45681],[69.32625,22.45681],[69.32625,22.45653],[69.32596,22.45653],[69.32596,22.45625],[69.32569,22.45625],[69.32569,22.45597],[69.32542,22.45597],[69.32542,22.45569],[69.32514,22.45569],[69.32514,22.45542],[69.32486,22.45542],[69.32486,22.45514],[69.32458,22.45514],[69.32458,22.45486],[69.32429,22.45486],[69.32429,22.45458],[69.32403,22.45458],[69.32403,22.45431],[69.32375,22.45431],[69.32375,22.45403],[69.32347,22.45403],[69.32347,22.45375],[69.3232,22.45375],[69.3232,22.45347],[69.32291,22.45347],[69.32291,22.45319],[69.32264,22.45319],[69.32264,22.45264],[69.32208,22.45264],[69.32208,22.45236],[69.32181,22.45236],[69.32181,22.45208],[69.32152,22.45208],[69.32152,22.45153],[69.32069,22.45153],[69.32069,22.45135],[69.32069,22.45126],[69.32042,22.45126],[69.32042,22.45097],[69.31819,22.45097],[69.31819,22.45126],[69.31736,22.45126],[69.31736,22.45152],[69.31736,22.45153],[69.31716,22.45153],[69.31625,22.45153],[69.31625,22.45126],[69.31597,22.45126],[69.31597,22.45153],[69.31532,22.45153],[69.31069,22.45153],[69.31069,22.45208],[69.31042,22.45208],[69.31042,22.45181],[69.31014,22.45181],[69.31014,22.45153],[69.3096,22.45153],[69.3096,22.45181],[69.30847,22.45181],[69.30847,22.45208],[69.30764,22.45208],[69.30764,22.45236],[69.30654,22.45236],[69.30654,22.45264],[69.30569,22.45264],[69.30569,22.45292],[69.30542,22.45292],[69.30542,22.45311],[69.30542,22.45319],[69.30526,22.45319],[69.30431,22.45319],[69.30431,22.45347],[69.30347,22.45347],[69.30347,22.45319],[69.30264,22.45319],[69.30264,22.45292],[69.30125,22.45292],[69.30125,22.45319],[69.30097,22.45319],[69.30097,22.45347],[69.3007,22.45347],[69.3007,22.45375],[69.30014,22.45375],[69.30014,22.45431],[69.29986,22.4543],[69.29986,22.45542],[69.29958,22.45542],[69.29958,22.45569],[69.29931,22.45569],[69.29931,22.45625],[69.29902,22.45625],[69.29902,22.45653],[69.29819,22.45653],[69.29819,22.45681],[69.29792,22.45681],[69.29792,22.45708],[69.29735,22.45707],[69.29735,22.45736],[69.29708,22.45736],[69.29708,22.45764],[69.29687,22.45764],[69.29625,22.45764],[69.29625,22.45792],[69.29597,22.45792],[69.29597,22.45819],[69.29513,22.45819],[69.29513,22.45847],[69.29403,22.45847],[69.29403,22.45875],[69.29291,22.45875],[69.29291,22.4593],[69.2932,22.4593],[69.2932,22.45986],[69.29347,22.45986],[69.29347,22.46042],[69.29375,22.46042],[69.29375,22.46097],[69.29403,22.46097],[69.29403,22.46153],[69.2943,22.46153],[69.2943,22.46208],[69.2946,22.46208],[69.2946,22.46264],[69.29486,22.46264],[69.29486,22.46292],[69.29513,22.46292],[69.29513,22.46347],[69.29542,22.46347],[69.29542,22.46375],[69.29569,22.46375],[69.29569,22.46486],[69.29597,22.46486],[69.29597,22.46542],[69.29625,22.46542],[69.29625,22.46569],[69.29652,22.46569],[69.29652,22.46653],[69.29681,22.46653],[69.29681,22.46681],[69.29708,22.46681],[69.29708,22.46736],[69.29735,22.46736],[69.29735,22.46792],[69.29764,22.46792],[69.29764,22.4682],[69.29792,22.4682],[69.29792,22.46903],[69.2982,22.46903],[69.2982,22.46986],[69.29847,22.46986],[69.29847,22.47069],[69.29875,22.47069],[69.29875,22.47125],[69.29902,22.47125],[69.29902,22.47153],[69.29931,22.47153],[69.29931,22.47181],[69.29957,22.47181],[69.29957,22.47236],[69.29986,22.47236],[69.29986,22.47253],[69.29986,22.47264],[69.30014,22.47264],[69.30014,22.47292],[69.30042,22.47292],[69.30042,22.4732],[69.3007,22.47319],[69.3007,22.47375],[69.30125,22.47375],[69.30125,22.47403],[69.30209,22.47403]]],[[[70.52826,22.38917],[70.5272,22.38605],[70.51468,22.38652],[70.50833,22.38835],[70.50395,22.39132],[70.50586,22.39392],[70.5158,22.4004],[70.51618,22.40323],[70.5132,22.40579],[70.51346,22.40886],[70.52119,22.41251],[70.52193,22.41367],[70.52193,22.41767],[70.52983,22.41744],[70.5322,22.41535],[70.53506,22.40203],[70.53082,22.39922],[70.52885,22.39553],[70.52826,22.38917]]],[[[70.53183,22.43542],[70.52926,22.4337],[70.52671,22.43608],[70.52216,22.44339],[70.51056,22.45617],[70.51345,22.45865],[70.51963,22.45943],[70.52242,22.45652],[70.52921,22.44614],[70.5365,22.4395],[70.53789,22.43609],[70.53183,22.43542]]],[[[69.94431,22.55125],[69.95208,22.55125],[69.95208,22.55097],[69.95236,22.55097],[69.95236,22.5507],[69.95264,22.55069],[69.95264,22.55042],[69.95292,22.55042],[69.95292,22.55014],[69.95318,22.55014],[69.95318,22.54986],[69.95348,22.54986],[69.95348,22.54958],[69.95375,22.54958],[69.95375,22.54931],[69.95403,22.54931],[69.95403,22.54903],[69.95431,22.54903],[69.95431,22.54875],[69.95458,22.54875],[69.95458,22.54847],[69.95486,22.54847],[69.95486,22.5482],[69.95514,22.5482],[69.95514,22.54792],[69.9554,22.54792],[69.9554,22.54765],[69.9557,22.54765],[69.9557,22.54708],[69.95597,22.54708],[69.95597,22.54681],[69.95625,22.54681],[69.95625,22.54653],[69.95652,22.54653],[69.95652,22.54625],[69.9568,22.54625],[69.9568,22.54597],[69.95708,22.54597],[69.95708,22.54569],[69.95736,22.54569],[69.95736,22.54514],[69.95764,22.54514],[69.95764,22.54403],[69.95736,22.54403],[69.95736,22.54375],[69.95708,22.54375],[69.95708,22.54347],[69.9568,22.54347],[69.9568,22.54292],[69.95652,22.54292],[69.95652,22.54264],[69.95625,22.54264],[69.95625,22.54236],[69.95597,22.54236],[69.95597,22.54181],[69.9557,22.54181],[69.9557,22.54152],[69.95541,22.54153],[69.95541,22.54125],[69.95514,22.54125],[69.95514,22.5407],[69.95486,22.5407],[69.95486,22.54014],[69.95458,22.54014],[69.95458,22.5393],[69.95431,22.5393],[69.95431,22.53847],[69.95403,22.53848],[69.95403,22.53792],[69.95382,22.53792],[69.95375,22.53792],[69.95375,22.53787],[69.95375,22.53736],[69.95348,22.53736],[69.95348,22.53708],[69.95319,22.53708],[69.95319,22.53681],[69.95264,22.53681],[69.95264,22.53653],[69.95208,22.53653],[69.95208,22.53625],[69.95125,22.53625],[69.95125,22.53597],[69.95069,22.53597],[69.95069,22.53569],[69.95014,22.53569],[69.95014,22.53542],[69.949,22.53542],[69.94857,22.53542],[69.9482,22.53542],[69.9482,22.53549],[69.9482,22.53569],[69.94704,22.53569],[69.94653,22.53569],[69.94653,22.53579],[69.94653,22.53597],[69.94569,22.53597],[69.94569,22.53625],[69.94458,22.53625],[69.94458,22.53653],[69.94375,22.53653],[69.94375,22.53681],[69.94292,22.53681],[69.94292,22.53708],[69.94209,22.53708],[69.94209,22.53736],[69.94153,22.53736],[69.94154,22.53764],[69.9407,22.53764],[69.9407,22.53792],[69.94014,22.53792],[69.94014,22.53819],[69.93986,22.53819],[69.93986,22.53848],[69.93875,22.53848],[69.93875,22.53903],[69.93847,22.53903],[69.93847,22.53958],[69.93819,22.53958],[69.93819,22.54045],[69.93819,22.54154],[69.93819,22.54208],[69.93847,22.54208],[69.93847,22.54569],[69.93875,22.54569],[69.93875,22.54625],[69.93902,22.54625],[69.93902,22.54681],[69.93931,22.54681],[69.93931,22.54765],[69.93958,22.54764],[69.93958,22.5482],[69.93986,22.5482],[69.93986,22.54847],[69.94014,22.54847],[69.94014,22.54875],[69.9407,22.54875],[69.9407,22.54903],[69.94097,22.54903],[69.94097,22.54931],[69.94125,22.54931],[69.94125,22.54958],[69.94153,22.54958],[69.94153,22.54986],[69.9418,22.54986],[69.9418,22.55037],[69.9418,22.55042],[69.94211,22.55042],[69.94264,22.55042],[69.94264,22.5505],[69.94264,22.55069],[69.94292,22.5507],[69.94292,22.55097],[69.94431,22.55097],[69.94431,22.55125]]],[[[69.33542,22.38903],[69.33542,22.38875],[69.33598,22.38875],[69.33597,22.38847],[69.33681,22.38847],[69.33681,22.38764],[69.33708,22.38764],[69.33708,22.38736],[69.33764,22.38736],[69.33764,22.38708],[69.33791,22.38708],[69.33791,22.38681],[69.3382,22.38681],[69.3382,22.38708],[69.33847,22.38708],[69.33847,22.38736],[69.33903,22.38736],[69.33903,22.38708],[69.3393,22.38708],[69.3393,22.38681],[69.33958,22.38681],[69.33958,22.38625],[69.33986,22.38625],[69.33986,22.38431],[69.33958,22.38431],[69.33958,22.38236],[69.33986,22.38236],[69.33986,22.38208],[69.34042,22.38208],[69.34042,22.38097],[69.34014,22.38097],[69.34014,22.3807],[69.33986,22.3807],[69.33986,22.38042],[69.33836,22.38042],[69.3382,22.38042],[69.3382,22.38014],[69.33764,22.38014],[69.33764,22.37986],[69.33736,22.37986],[69.33736,22.3793],[69.33708,22.3793],[69.33708,22.37875],[69.33681,22.37875],[69.33681,22.37819],[69.33652,22.37819],[69.33652,22.37777],[69.33652,22.37764],[69.33641,22.37764],[69.33486,22.37764],[69.33486,22.37736],[69.33403,22.37736],[69.33403,22.37708],[69.33347,22.37708],[69.33347,22.37625],[69.33319,22.37625],[69.33319,22.37542],[69.33292,22.37542],[69.33292,22.37505],[69.33292,22.37486],[69.33319,22.37486],[69.33319,22.37375],[69.33348,22.37375],[69.33347,22.37347],[69.33375,22.37347],[69.33375,22.37319],[69.33347,22.37319],[69.33347,22.37264],[69.33208,22.37264],[69.33208,22.37292],[69.3318,22.37292],[69.3318,22.37319],[69.33153,22.37319],[69.33153,22.37375],[69.33125,22.37375],[69.33125,22.37486],[69.32903,22.37486],[69.32903,22.37514],[69.32792,22.37514],[69.32792,22.37542],[69.32764,22.37542],[69.32764,22.37569],[69.32735,22.37569],[69.32735,22.37598],[69.32708,22.37598],[69.32708,22.37625],[69.32681,22.37625],[69.32681,22.37653],[69.32625,22.37653],[69.32625,22.37681],[69.32597,22.37681],[69.32597,22.37708],[69.32569,22.37708],[69.32569,22.37736],[69.32542,22.37736],[69.32542,22.37764],[69.32514,22.37764],[69.32514,22.37819],[69.32458,22.37819],[69.32458,22.37875],[69.3243,22.37875],[69.3243,22.37926],[69.3243,22.37958],[69.32403,22.37958],[69.32403,22.37986],[69.32397,22.37986],[69.32375,22.37986],[69.32375,22.38014],[69.32264,22.38014],[69.32264,22.38097],[69.32291,22.38097],[69.32291,22.38236],[69.32347,22.38236],[69.32347,22.38264],[69.32403,22.38264],[69.32403,22.38319],[69.3243,22.38319],[69.3243,22.38347],[69.32486,22.38347],[69.32486,22.38375],[69.32624,22.38375],[69.32848,22.38375],[69.32848,22.38347],[69.32903,22.38347],[69.32903,22.38319],[69.33014,22.38319],[69.33014,22.38347],[69.33041,22.38347],[69.33041,22.38375],[69.3307,22.38375],[69.3307,22.38486],[69.33042,22.38486],[69.33042,22.38542],[69.33014,22.38542],[69.33014,22.38587],[69.33014,22.38625],[69.33085,22.38625],[69.33153,22.38625],[69.33153,22.38597],[69.33264,22.38597],[69.33264,22.38625],[69.3343,22.38625],[69.3343,22.38736],[69.33375,22.38736],[69.33375,22.38764],[69.33348,22.38764],[69.33348,22.38769],[69.33348,22.38792],[69.33375,22.38792],[69.33375,22.38821],[69.3343,22.3882],[69.3343,22.38847],[69.33459,22.38847],[69.33459,22.38875],[69.33486,22.38875],[69.33486,22.38903],[69.33542,22.38903]]],[[[69.94875,22.60597],[69.94875,22.6057],[69.94967,22.6057],[69.94986,22.6057],[69.94986,22.60542],[69.95042,22.60542],[69.95042,22.60514],[69.95069,22.60514],[69.95069,22.60486],[69.95096,22.60486],[69.95096,22.60457],[69.95153,22.60457],[69.95153,22.60514],[69.95181,22.60514],[69.95181,22.60542],[69.95208,22.60542],[69.95208,22.6057],[69.95292,22.6057],[69.95292,22.60542],[69.95403,22.60542],[69.95403,22.60514],[69.95486,22.60514],[69.95486,22.60486],[69.9557,22.60486],[69.9557,22.60457],[69.95625,22.60458],[69.95625,22.60431],[69.9568,22.60431],[69.9568,22.60403],[69.95708,22.60403],[69.95708,22.60375],[69.95819,22.60375],[69.95819,22.60347],[69.95875,22.60347],[69.95875,22.6032],[69.9593,22.6032],[69.9593,22.60292],[69.95958,22.60292],[69.95958,22.60236],[69.96014,22.60236],[69.96014,22.60208],[69.96042,22.60208],[69.96042,22.6018],[69.96097,22.6018],[69.96097,22.60153],[69.96153,22.60153],[69.96153,22.60125],[69.96181,22.60125],[69.96181,22.60097],[69.96195,22.60097],[69.96264,22.60097],[69.96264,22.6007],[69.96291,22.6007],[69.96291,22.60042],[69.96319,22.60042],[69.96319,22.60014],[69.96375,22.60014],[69.96375,22.59903],[69.96347,22.59903],[69.96347,22.59876],[69.96291,22.59876],[69.96291,22.59847],[69.96264,22.59847],[69.96264,22.59819],[69.96236,22.59819],[69.96236,22.59792],[69.96153,22.59792],[69.96153,22.59764],[69.96098,22.59764],[69.96098,22.59736],[69.96042,22.59736],[69.96042,22.59708],[69.96014,22.59708],[69.96014,22.59681],[69.95986,22.59681],[69.95986,22.59625],[69.95958,22.59625],[69.95958,22.59597],[69.95819,22.59597],[69.95819,22.59569],[69.95764,22.59569],[69.95764,22.59542],[69.95708,22.59542],[69.95708,22.59514],[69.9568,22.59514],[69.9568,22.59486],[69.95458,22.59486],[69.95458,22.59514],[69.95403,22.59514],[69.95403,22.59542],[69.95319,22.59542],[69.95319,22.59569],[69.95292,22.59569],[69.95292,22.59597],[69.95208,22.59597],[69.95208,22.59625],[69.95181,22.59625],[69.95181,22.59653],[69.95153,22.59653],[69.95153,22.59681],[69.95125,22.59681],[69.95125,22.59708],[69.95096,22.59708],[69.95096,22.5971],[69.95096,22.59764],[69.95069,22.59764],[69.95069,22.59792],[69.95042,22.59792],[69.95042,22.59819],[69.94958,22.59819],[69.94958,22.59876],[69.94903,22.59876],[69.94903,22.59903],[69.94875,22.59903],[69.94875,22.60153],[69.94903,22.60153],[69.94903,22.60375],[69.94875,22.60375],[69.94875,22.60403],[69.94847,22.60403],[69.94847,22.60431],[69.9482,22.60431],[69.9482,22.60454],[69.9482,22.60458],[69.94791,22.60457],[69.94791,22.60514],[69.94764,22.60514],[69.94764,22.6057],[69.94791,22.60569],[69.94791,22.60625],[69.94847,22.60625],[69.94847,22.60597],[69.94875,22.60597]]],[[[69.45264,22.35819],[69.45264,22.35792],[69.45319,22.35792],[69.45319,22.35764],[69.45404,22.35764],[69.45404,22.35736],[69.45431,22.35736],[69.45431,22.35708],[69.45458,22.35709],[69.45458,22.35681],[69.45514,22.35681],[69.45514,22.35653],[69.45541,22.35653],[69.45541,22.35625],[69.45597,22.35625],[69.45597,22.35597],[69.45653,22.35597],[69.45653,22.35569],[69.45709,22.35569],[69.45709,22.35514],[69.45736,22.35514],[69.45736,22.35485],[69.45764,22.35486],[69.45764,22.35431],[69.45791,22.35431],[69.45791,22.35403],[69.45819,22.35403],[69.45819,22.35347],[69.45847,22.35347],[69.45847,22.35264],[69.45819,22.35264],[69.45819,22.35208],[69.45736,22.35208],[69.45736,22.3518],[69.45569,22.35181],[69.45569,22.35153],[69.45486,22.35153],[69.45486,22.35125],[69.45402,22.35125],[69.45402,22.35097],[69.45375,22.35097],[69.45375,22.35069],[69.44986,22.35069],[69.44986,22.35097],[69.44875,22.35097],[69.44875,22.35125],[69.4479,22.35125],[69.4479,22.35153],[69.44681,22.35153],[69.44681,22.35181],[69.44597,22.3518],[69.44597,22.35184],[69.44597,22.35208],[69.44486,22.35208],[69.44486,22.35236],[69.44403,22.35236],[69.44403,22.35264],[69.44319,22.35264],[69.44319,22.35292],[69.44236,22.35292],[69.44236,22.3532],[69.44153,22.35319],[69.44153,22.35347],[69.4407,22.35347],[69.4407,22.35375],[69.43986,22.35375],[69.43986,22.35403],[69.43958,22.35403],[69.43958,22.35375],[69.43903,22.35375],[69.43903,22.35403],[69.43819,22.35403],[69.43819,22.35431],[69.43736,22.35431],[69.43736,22.35458],[69.43764,22.35458],[69.43764,22.35514],[69.43792,22.35514],[69.43792,22.35542],[69.43819,22.35542],[69.43819,22.35569],[69.43847,22.35569],[69.43847,22.35597],[69.43874,22.35597],[69.43874,22.35625],[69.43931,22.35625],[69.43931,22.35646],[69.43931,22.35653],[69.43958,22.35653],[69.43958,22.35681],[69.44097,22.35681],[69.44097,22.35709],[69.44347,22.35709],[69.44347,22.35681],[69.44358,22.35681],[69.44486,22.35681],[69.44486,22.35709],[69.44542,22.35709],[69.44542,22.35681],[69.44569,22.35681],[69.44569,22.35653],[69.44708,22.35653],[69.44708,22.35681],[69.44791,22.35681],[69.44791,22.35709],[69.4482,22.35708],[69.4482,22.35736],[69.44875,22.35736],[69.44875,22.35764],[69.4493,22.35764],[69.4493,22.35792],[69.45014,22.35792],[69.45014,22.35819],[69.45166,22.35819],[69.45264,22.35819]]],[[[69.48652,22.39625],[69.48681,22.39625],[69.48681,22.39597],[69.48708,22.39597],[69.48708,22.3957],[69.48736,22.3957],[69.48736,22.39542],[69.48764,22.39542],[69.48764,22.39458],[69.48792,22.39458],[69.48792,22.39431],[69.4882,22.39431],[69.4882,22.39402],[69.48847,22.39403],[69.48847,22.39375],[69.48875,22.39375],[69.48875,22.39292],[69.48903,22.39292],[69.48903,22.39153],[69.48875,22.39153],[69.48875,22.39069],[69.48847,22.39069],[69.48847,22.39042],[69.4882,22.39042],[69.4882,22.38986],[69.48764,22.38986],[69.48764,22.38958],[69.48736,22.38958],[69.48736,22.38903],[69.48708,22.38903],[69.48708,22.38875],[69.48681,22.38875],[69.48681,22.38847],[69.48625,22.38847],[69.48625,22.3882],[69.48597,22.38821],[69.48597,22.38792],[69.48479,22.38792],[69.48458,22.38792],[69.48458,22.38764],[69.48375,22.38764],[69.48375,22.38792],[69.48292,22.38792],[69.48292,22.38821],[69.48097,22.3882],[69.48097,22.38847],[69.48042,22.38847],[69.48042,22.39014],[69.48014,22.39014],[69.48014,22.39069],[69.48042,22.39069],[69.48042,22.39181],[69.4807,22.39181],[69.4807,22.39375],[69.48097,22.39375],[69.48097,22.39403],[69.48153,22.39402],[69.48153,22.39431],[69.4818,22.39431],[69.4818,22.39486],[69.48209,22.39486],[69.48209,22.39508],[69.48209,22.3957],[69.48236,22.3957],[69.48236,22.39597],[69.48263,22.39597],[69.48263,22.39875],[69.48319,22.39875],[69.48319,22.39847],[69.48375,22.39847],[69.48375,22.3982],[69.4843,22.3982],[69.4843,22.39792],[69.48458,22.39792],[69.48458,22.39764],[69.48514,22.39764],[69.48514,22.39736],[69.48542,22.39736],[69.48542,22.39708],[69.48625,22.39708],[69.48625,22.39653],[69.48652,22.39653],[69.48652,22.39625]]],[[[70.01847,22.55847],[70.02348,22.55847],[70.02348,22.5582],[70.02403,22.5582],[70.02403,22.55792],[70.02431,22.55792],[70.02431,22.55764],[70.02486,22.55764],[70.02486,22.5568],[70.02514,22.55681],[70.02514,22.55597],[70.02486,22.55597],[70.02486,22.55542],[70.02458,22.55542],[70.02458,22.55514],[70.02375,22.55514],[70.02375,22.55486],[70.02319,22.55486],[70.02319,22.55458],[70.02236,22.55458],[70.02236,22.55431],[70.02153,22.55431],[70.02153,22.55403],[70.02041,22.55403],[70.02041,22.55375],[70.01957,22.55375],[70.01957,22.55346],[70.01764,22.55347],[70.01764,22.5532],[70.01569,22.5532],[70.01569,22.55292],[70.01403,22.55292],[70.01403,22.55264],[70.01347,22.55264],[70.01347,22.5532],[70.01319,22.55319],[70.01319,22.55375],[70.01292,22.55375],[70.01292,22.55403],[70.01264,22.55403],[70.01264,22.55458],[70.01292,22.55458],[70.01292,22.55486],[70.01319,22.55486],[70.01319,22.55514],[70.01347,22.55514],[70.01347,22.55542],[70.01375,22.55542],[70.01375,22.5557],[70.01403,22.5557],[70.01403,22.55597],[70.0143,22.55597],[70.0143,22.55625],[70.01458,22.55625],[70.01458,22.55653],[70.01514,22.55653],[70.01514,22.55681],[70.01542,22.55681],[70.01542,22.55708],[70.01597,22.55708],[70.01597,22.55736],[70.01625,22.55736],[70.01625,22.55764],[70.01682,22.55764],[70.01682,22.55792],[70.01764,22.55792],[70.01764,22.5582],[70.01847,22.5582],[70.01847,22.55847]]],[[[70.01125,22.55375],[70.01125,22.55346],[70.01153,22.55347],[70.01153,22.5532],[70.0118,22.5532],[70.0118,22.55292],[70.01236,22.55292],[70.01236,22.55264],[70.01264,22.55264],[70.01264,22.55236],[70.01208,22.55236],[70.01208,22.55208],[70.01153,22.55208],[70.01153,22.55181],[70.01097,22.55181],[70.01097,22.55153],[70.01041,22.55153],[70.01041,22.55125],[70.01014,22.55125],[70.01014,22.55097],[70.00958,22.55097],[70.00958,22.5507],[70.00903,22.55069],[70.00903,22.55042],[70.00818,22.55042],[70.00818,22.55014],[70.00708,22.55014],[70.00708,22.54986],[70.00625,22.54986],[70.00625,22.54958],[70.00569,22.54958],[70.00569,22.54931],[70.00486,22.54931],[70.00486,22.54903],[70.00042,22.54903],[70.00042,22.54875],[69.99986,22.54875],[69.99875,22.54875],[69.99875,22.54847],[69.99625,22.54847],[69.99625,22.54875],[69.99597,22.54875],[69.99597,22.54911],[69.99597,22.54931],[69.99625,22.54931],[69.99625,22.54958],[69.99653,22.54958],[69.99653,22.54986],[69.99709,22.54986],[69.99709,22.55014],[69.99736,22.55014],[69.99736,22.55042],[69.99792,22.55042],[69.99792,22.55069],[69.99875,22.55069],[69.99875,22.55097],[69.99903,22.55097],[69.99903,22.55125],[69.99958,22.55125],[69.99958,22.55153],[69.99986,22.55153],[69.99986,22.55181],[70.00014,22.55181],[70.00042,22.55181],[70.00042,22.55208],[70.00069,22.55208],[70.00069,22.55236],[70.00208,22.55236],[70.00208,22.55208],[70.00361,22.55208],[70.00375,22.55208],[70.00375,22.55181],[70.00818,22.55181],[70.00818,22.55264],[70.00847,22.55264],[70.00847,22.55292],[70.00903,22.55292],[70.00903,22.5532],[70.00931,22.5532],[70.00931,22.55347],[70.00958,22.55346],[70.00958,22.55375],[70.01125,22.55375]]],[[[70.02431,22.5532],[70.02431,22.55292],[70.02458,22.55292],[70.02458,22.5522],[70.02458,22.55181],[70.02409,22.55181],[70.02403,22.55181],[70.02403,22.55177],[70.02403,22.55153],[70.02377,22.55153],[70.02375,22.55153],[70.02375,22.55151],[70.02375,22.55125],[70.02351,22.55125],[70.02348,22.55125],[70.02348,22.55121],[70.02348,22.55097],[70.02325,22.55097],[70.02319,22.55097],[70.02319,22.55091],[70.02319,22.55069],[70.02299,22.55069],[70.02292,22.55069],[70.02292,22.55061],[70.02292,22.55042],[70.02276,22.55042],[70.02264,22.55042],[70.02264,22.55024],[70.02264,22.55014],[70.02257,22.55014],[70.02236,22.55014],[70.02236,22.54986],[70.02209,22.54986],[70.02209,22.54958],[70.02153,22.54958],[70.02153,22.54931],[70.02097,22.54931],[70.02097,22.54903],[70.02069,22.54903],[70.02069,22.54875],[70.02041,22.54875],[70.02041,22.54819],[70.01986,22.5482],[70.01986,22.54792],[70.01791,22.54792],[70.01791,22.54765],[70.01764,22.54765],[70.01764,22.54792],[70.01569,22.54792],[70.01569,22.5482],[70.01458,22.5482],[70.01458,22.54847],[70.01375,22.54847],[70.01376,22.54875],[70.01292,22.54875],[70.01292,22.54903],[70.01236,22.54903],[70.01236,22.54931],[70.0118,22.54931],[70.0118,22.54958],[70.0116,22.54958],[70.01153,22.54958],[70.01153,22.54986],[70.01181,22.54986],[70.01236,22.54986],[70.01236,22.55014],[70.01292,22.55014],[70.01292,22.55042],[70.01375,22.55042],[70.01376,22.55069],[70.01458,22.5507],[70.01458,22.55097],[70.01514,22.55097],[70.01514,22.55117],[70.01514,22.55125],[70.01557,22.55125],[70.01597,22.55125],[70.01597,22.55132],[70.01597,22.55153],[70.01716,22.55153],[70.01791,22.55153],[70.01791,22.55166],[70.01791,22.55181],[70.01864,22.55181],[70.01986,22.55181],[70.01986,22.55205],[70.01986,22.55208],[70.02,22.55208],[70.02097,22.55208],[70.02097,22.55231],[70.02097,22.55236],[70.02115,22.55236],[70.0218,22.55236],[70.0218,22.55253],[70.0218,22.55264],[70.0222,22.55264],[70.02292,22.55264],[70.02292,22.55283],[70.02292,22.55292],[70.02324,22.55292],[70.02375,22.55292],[70.02375,22.5532],[70.02431,22.5532]]],[[[69.40513,22.53264],[69.40513,22.53208],[69.40542,22.53208],[69.40542,22.53097],[69.40569,22.53097],[69.40569,22.52903],[69.40599,22.52903],[69.40599,22.52847],[69.40625,22.52847],[69.40625,22.52792],[69.40652,22.52792],[69.40652,22.52708],[69.40625,22.52708],[69.40625,22.52653],[69.40599,22.52654],[69.40599,22.52542],[69.4057,22.52542],[69.4057,22.52514],[69.40513,22.52514],[69.40513,22.52486],[69.40489,22.52486],[69.40459,22.52486],[69.40459,22.52459],[69.40459,22.52458],[69.40458,22.52458],[69.40431,22.52458],[69.40431,22.52434],[69.40431,22.52431],[69.40427,22.52431],[69.4032,22.52431],[69.40319,22.52458],[69.40291,22.52458],[69.40291,22.52486],[69.40264,22.52486],[69.40264,22.52514],[69.40236,22.52514],[69.40236,22.52542],[69.40208,22.52542],[69.40208,22.52625],[69.4018,22.52625],[69.4018,22.5282],[69.40208,22.52819],[69.40208,22.52903],[69.40236,22.52903],[69.40236,22.52986],[69.40264,22.52986],[69.40264,22.53042],[69.40291,22.53042],[69.40291,22.53125],[69.40319,22.53125],[69.4032,22.53208],[69.40347,22.53208],[69.40347,22.53236],[69.40375,22.53235],[69.40375,22.53264],[69.40457,22.53264],[69.40513,22.53264]]],[[[69.96042,22.54375],[69.96042,22.54347],[69.96071,22.54347],[69.96097,22.54347],[69.96097,22.54319],[69.96166,22.54319],[69.96181,22.54319],[69.96181,22.54316],[69.96181,22.54292],[69.96265,22.54292],[69.96265,22.54264],[69.96291,22.54264],[69.96291,22.54236],[69.96347,22.54236],[69.96347,22.54181],[69.96319,22.54181],[69.96319,22.54152],[69.96264,22.54153],[69.96264,22.54125],[69.96252,22.54125],[69.96252,22.54125],[69.96181,22.54125],[69.96181,22.54114],[69.96181,22.54097],[69.96152,22.54097],[69.96152,22.5407],[69.96098,22.5407],[69.96098,22.54042],[69.96069,22.54042],[69.96069,22.54014],[69.96042,22.54014],[69.96042,22.53986],[69.95986,22.53986],[69.95986,22.53958],[69.95959,22.53958],[69.95959,22.5393],[69.9593,22.5393],[69.9593,22.53903],[69.95903,22.53903],[69.95903,22.53875],[69.95903,22.53848],[69.95849,22.53848],[69.95819,22.53848],[69.95819,22.53833],[69.95819,22.53819],[69.95792,22.53819],[69.95764,22.53819],[69.95764,22.53806],[69.95764,22.53805],[69.95764,22.53792],[69.95753,22.53792],[69.95737,22.53792],[69.95652,22.53792],[69.95652,22.53764],[69.95625,22.53764],[69.95625,22.53737],[69.95625,22.53736],[69.95617,22.53736],[69.95597,22.53736],[69.95597,22.53733],[69.95597,22.53708],[69.95541,22.53708],[69.95541,22.53681],[69.95514,22.53681],[69.95514,22.53653],[69.95486,22.53653],[69.95486,22.53625],[69.95458,22.53625],[69.95458,22.53597],[69.95403,22.53597],[69.95403,22.53653],[69.95431,22.53653],[69.95431,22.53681],[69.95458,22.53681],[69.95458,22.53708],[69.95486,22.53708],[69.95486,22.53717],[69.95486,22.53751],[69.95486,22.53764],[69.95506,22.53764],[69.9554,22.53764],[69.9554,22.53787],[69.9554,22.53792],[69.95547,22.53792],[69.9557,22.53792],[69.9557,22.53807],[69.9557,22.53848],[69.95597,22.53848],[69.95597,22.53903],[69.95625,22.53903],[69.95625,22.5393],[69.95647,22.5393],[69.95653,22.5393],[69.95653,22.53946],[69.95653,22.53986],[69.95669,22.53986],[69.9568,22.53986],[69.9568,22.54012],[69.9568,22.54014],[69.95681,22.54014],[69.95708,22.54014],[69.95708,22.5407],[69.95736,22.5407],[69.95736,22.54115],[69.95736,22.54125],[69.95743,22.54125],[69.95764,22.54125],[69.95764,22.54151],[69.95764,22.54153],[69.95765,22.54153],[69.95792,22.54153],[69.95792,22.54187],[69.95792,22.54208],[69.95809,22.54208],[69.95819,22.54208],[69.95819,22.54222],[69.95819,22.54264],[69.95847,22.54264],[69.95847,22.54292],[69.95875,22.54292],[69.95875,22.54319],[69.95903,22.54319],[69.95903,22.54347],[69.9593,22.54347],[69.9593,22.54375],[69.96042,22.54375]]],[[[69.19597,22.37431],[69.19597,22.37236],[69.19625,22.37236],[69.19625,22.3707],[69.19597,22.3707],[69.19597,22.37014],[69.19569,22.37014],[69.19569,22.36903],[69.19542,22.36903],[69.19542,22.36847],[69.19514,22.36847],[69.19514,22.3682],[69.19486,22.3682],[69.19486,22.36792],[69.19458,22.36792],[69.19458,22.36764],[69.19403,22.36764],[69.19403,22.36792],[69.19375,22.36792],[69.19375,22.36875],[69.19319,22.36875],[69.19319,22.36903],[69.19292,22.36903],[69.19292,22.36931],[69.19131,22.36931],[69.18986,22.36931],[69.18986,22.36958],[69.19014,22.36958],[69.19014,22.37014],[69.19097,22.37014],[69.19097,22.37042],[69.19153,22.37042],[69.19153,22.3707],[69.19185,22.3707],[69.19209,22.3707],[69.19209,22.37097],[69.19264,22.37097],[69.19264,22.37125],[69.19292,22.37125],[69.19292,22.37153],[69.19319,22.37153],[69.19319,22.37208],[69.19375,22.37208],[69.19375,22.37264],[69.19431,22.37264],[69.19431,22.37319],[69.19458,22.37319],[69.19458,22.37401],[69.19458,22.37458],[69.19542,22.37458],[69.19542,22.37431],[69.19553,22.37431],[69.19597,22.37431]]],[[[70.24764,22.69125],[70.24764,22.68986],[70.24792,22.68986],[70.24792,22.68931],[70.24736,22.68931],[70.24736,22.68904],[70.24681,22.68904],[70.24681,22.68875],[70.24736,22.68875],[70.24736,22.68859],[70.24736,22.68819],[70.24681,22.6882],[70.24681,22.68792],[70.24597,22.68792],[70.24597,22.68764],[70.2457,22.68764],[70.2457,22.68792],[70.24541,22.68792],[70.24541,22.68708],[70.24486,22.68709],[70.24486,22.68681],[70.24431,22.68681],[70.24431,22.68736],[70.24403,22.68736],[70.24403,22.68681],[70.24347,22.68681],[70.24347,22.68709],[70.2432,22.68709],[70.2432,22.68681],[70.24264,22.68681],[70.24264,22.68764],[70.24375,22.68764],[70.24375,22.68792],[70.24403,22.68792],[70.24403,22.6882],[70.24431,22.6882],[70.24431,22.68847],[70.24292,22.68847],[70.24292,22.6882],[70.24208,22.68819],[70.24208,22.68931],[70.24181,22.68931],[70.24181,22.68958],[70.24236,22.68958],[70.24236,22.68931],[70.24264,22.68931],[70.24264,22.68986],[70.2432,22.68986],[70.2432,22.68958],[70.24347,22.68958],[70.24347,22.69069],[70.24375,22.69069],[70.24375,22.69125],[70.24431,22.69125],[70.24431,22.69153],[70.24514,22.69153],[70.24514,22.69125],[70.2457,22.69125],[70.2457,22.69079],[70.2457,22.69069],[70.24597,22.69069],[70.24597,22.69042],[70.24625,22.69042],[70.24625,22.69097],[70.24653,22.69097],[70.24653,22.69125],[70.24625,22.69125],[70.24625,22.6918],[70.24681,22.6918],[70.24681,22.69153],[70.24736,22.69153],[70.24736,22.69125],[70.24764,22.69125]]],[[[70.04458,22.57236],[70.04458,22.57208],[70.04486,22.57208],[70.04486,22.57181],[70.04514,22.57181],[70.04514,22.57153],[70.04542,22.57153],[70.04542,22.57134],[70.04542,22.57125],[70.04556,22.57125],[70.04597,22.57125],[70.04597,22.57098],[70.04597,22.56991],[70.04597,22.56986],[70.04593,22.56986],[70.04569,22.56986],[70.04569,22.56958],[70.04542,22.56958],[70.04542,22.56915],[70.04542,22.56903],[70.04533,22.56903],[70.04514,22.56903],[70.04514,22.56884],[70.04514,22.56875],[70.04503,22.56875],[70.04486,22.56875],[70.04486,22.56861],[70.04486,22.56846],[70.04469,22.56847],[70.04458,22.56847],[70.04458,22.56839],[70.04458,22.56792],[70.0443,22.56792],[70.0443,22.56764],[70.04403,22.56764],[70.04403,22.56736],[70.04375,22.56736],[70.04375,22.56708],[70.04347,22.56708],[70.04347,22.56736],[70.04329,22.56736],[70.04222,22.56736],[70.04208,22.56736],[70.04208,22.57014],[70.04236,22.57014],[70.04236,22.57042],[70.04264,22.57042],[70.04264,22.57069],[70.04291,22.57069],[70.04291,22.57097],[70.0432,22.57097],[70.0432,22.57125],[70.04347,22.57125],[70.04347,22.57153],[70.04375,22.57153],[70.04375,22.57208],[70.04403,22.57208],[70.04403,22.57236],[70.04458,22.57236]]],[[[70.24653,22.71458],[70.24653,22.7132],[70.24625,22.7132],[70.24625,22.71292],[70.24597,22.71292],[70.24597,22.71264],[70.2457,22.71264],[70.2457,22.71208],[70.24541,22.71208],[70.24541,22.71181],[70.24514,22.71181],[70.24514,22.71236],[70.24347,22.71236],[70.24347,22.7132],[70.24375,22.71319],[70.24375,22.71681],[70.24347,22.71681],[70.24347,22.71931],[70.24319,22.71931],[70.24319,22.72014],[70.24403,22.72014],[70.24403,22.71902],[70.24431,22.71903],[70.24431,22.71764],[70.24458,22.71764],[70.24458,22.71708],[70.24486,22.71708],[70.24486,22.71653],[70.24514,22.71653],[70.24514,22.71569],[70.2457,22.7157],[70.2457,22.71514],[70.24597,22.71514],[70.24597,22.71486],[70.24625,22.71486],[70.24625,22.71458],[70.24653,22.71458]]],[[[70.21709,22.64597],[70.21736,22.64597],[70.21736,22.64625],[70.21792,22.64625],[70.21792,22.64597],[70.21819,22.64597],[70.21819,22.64542],[70.21847,22.64542],[70.21847,22.64486],[70.21875,22.64486],[70.21875,22.64458],[70.21958,22.64458],[70.21958,22.64431],[70.21985,22.64431],[70.21985,22.64374],[70.22014,22.64375],[70.22014,22.64347],[70.22097,22.64347],[70.22097,22.64319],[70.21931,22.64319],[70.21931,22.64292],[70.21902,22.64292],[70.21902,22.64236],[70.21931,22.64236],[70.21931,22.64208],[70.21958,22.64208],[70.21958,22.64125],[70.21985,22.64125],[70.21985,22.64097],[70.22014,22.64097],[70.22014,22.64069],[70.22041,22.64069],[70.22041,22.64014],[70.22014,22.64014],[70.22014,22.64042],[70.21986,22.64042],[70.21986,22.64069],[70.21792,22.64068],[70.21792,22.64181],[70.21818,22.64181],[70.21818,22.64264],[70.21736,22.64264],[70.21736,22.64236],[70.21709,22.64236],[70.21709,22.64208],[70.2168,22.64208],[70.2168,22.64319],[70.21709,22.64319],[70.21709,22.64514],[70.2168,22.64514],[70.2168,22.64542],[70.21542,22.64542],[70.21542,22.64569],[70.21569,22.64569],[70.2157,22.64681],[70.21597,22.64681],[70.21597,22.64653],[70.21625,22.64653],[70.21625,22.64625],[70.21709,22.64625],[70.21709,22.64597]]],[[[69.08903,22.49069],[69.08903,22.49042],[69.0893,22.49043],[69.0893,22.49014],[69.08903,22.49014],[69.08903,22.48986],[69.08875,22.48986],[69.08875,22.48931],[69.08847,22.48931],[69.08847,22.48875],[69.0882,22.48875],[69.0882,22.48847],[69.08791,22.48847],[69.08791,22.48819],[69.08764,22.48819],[69.08764,22.48792],[69.08682,22.48792],[69.08682,22.48737],[69.08653,22.48737],[69.08653,22.48708],[69.08681,22.48708],[69.08681,22.4868],[69.08653,22.48681],[69.08653,22.48653],[69.08625,22.48653],[69.08625,22.48625],[69.08598,22.48625],[69.08598,22.48597],[69.08542,22.48597],[69.08542,22.48569],[69.08513,22.48569],[69.08513,22.48542],[69.08486,22.48542],[69.08486,22.48514],[69.08403,22.48514],[69.08403,22.48569],[69.08431,22.48569],[69.08431,22.48597],[69.08459,22.48597],[69.08459,22.48708],[69.08486,22.48708],[69.08486,22.48764],[69.08513,22.48764],[69.08513,22.48819],[69.08542,22.4882],[69.08542,22.48847],[69.08569,22.48847],[69.08569,22.48875],[69.08598,22.48875],[69.08598,22.48903],[69.08653,22.48903],[69.08653,22.48931],[69.08681,22.48931],[69.08681,22.48958],[69.08708,22.48958],[69.08708,22.48986],[69.08736,22.48986],[69.08736,22.49014],[69.08791,22.49014],[69.08791,22.49043],[69.08847,22.49042],[69.08847,22.49069],[69.08903,22.49069]]],[[[69.95736,22.53597],[69.95736,22.53542],[69.95764,22.53542],[69.95764,22.53514],[69.95736,22.53514],[69.95736,22.53486],[69.95723,22.53486],[69.95708,22.53486],[69.95708,22.53431],[69.9568,22.53431],[69.9568,22.53403],[69.9554,22.53403],[69.9554,22.53375],[69.95514,22.53375],[69.95514,22.53347],[69.95431,22.53347],[69.95431,22.53319],[69.95403,22.53319],[69.95403,22.53292],[69.95375,22.53292],[69.95375,22.53264],[69.95237,22.53264],[69.95236,22.53292],[69.95264,22.53292],[69.95264,22.53347],[69.95292,22.53347],[69.95292,22.53375],[69.95318,22.53375],[69.95318,22.53403],[69.95348,22.53403],[69.95348,22.53458],[69.95375,22.53458],[69.95375,22.53486],[69.95403,22.53486],[69.95403,22.53514],[69.95458,22.53514],[69.95458,22.53542],[69.95486,22.53542],[69.95486,22.53569],[69.95514,22.53569],[69.95514,22.53597],[69.95708,22.53597],[69.95736,22.53597]]],[[[69.94486,22.53236],[69.94486,22.53208],[69.94569,22.53208],[69.94569,22.53181],[69.94653,22.53181],[69.94653,22.53153],[69.94708,22.53153],[69.94708,22.53125],[69.94735,22.53125],[69.94735,22.53097],[69.94764,22.53097],[69.94764,22.53042],[69.94735,22.53042],[69.94735,22.53014],[69.94681,22.53014],[69.94681,22.52986],[69.94625,22.52986],[69.94625,22.52958],[69.94542,22.52958],[69.94542,22.52986],[69.94458,22.52986],[69.94458,22.53014],[69.94403,22.53014],[69.94403,22.53042],[69.94347,22.53042],[69.94347,22.53208],[69.94375,22.53208],[69.94375,22.53236],[69.94486,22.53236]]],[[[70.24264,22.68458],[70.24264,22.68431],[70.24375,22.68431],[70.24375,22.6832],[70.24347,22.6832],[70.24347,22.68236],[70.24292,22.68236],[70.24292,22.68292],[70.24319,22.68292],[70.24319,22.68347],[70.24292,22.68347],[70.24292,22.68375],[70.24235,22.68375],[70.24235,22.68292],[70.24181,22.68292],[70.24181,22.68208],[70.24125,22.68208],[70.24125,22.68236],[70.24013,22.68236],[70.24013,22.68208],[70.23986,22.68208],[70.23986,22.6818],[70.2393,22.6818],[70.2393,22.68208],[70.23903,22.68208],[70.23903,22.6832],[70.23875,22.6832],[70.23875,22.68347],[70.23903,22.68347],[70.23903,22.68375],[70.2396,22.68375],[70.2396,22.68403],[70.24014,22.68403],[70.24014,22.68375],[70.24042,22.68375],[70.24042,22.68347],[70.24069,22.68347],[70.24069,22.68403],[70.24097,22.68403],[70.24097,22.68431],[70.24208,22.68431],[70.24208,22.68458],[70.24264,22.68458]]],[[[69.18403,22.36764],[69.18403,22.36736],[69.18486,22.36736],[69.18486,22.36708],[69.18569,22.36708],[69.18569,22.36514],[69.18542,22.36514],[69.18542,22.36404],[69.1843,22.36404],[69.1843,22.36431],[69.18403,22.36431],[69.18403,22.36486],[69.18375,22.36486],[69.18375,22.36542],[69.18361,22.36542],[69.18347,22.36542],[69.18347,22.3657],[69.18321,22.36569],[69.18321,22.3662],[69.18321,22.36625],[69.18317,22.36625],[69.18292,22.36625],[69.18292,22.3666],[69.18292,22.36681],[69.18277,22.36681],[69.18264,22.36681],[69.18264,22.36701],[69.18264,22.36736],[69.18291,22.36736],[69.18291,22.36764],[69.18403,22.36764]]],[[[69.28014,22.41792],[69.28014,22.41764],[69.28042,22.41764],[69.28042,22.41736],[69.28069,22.41736],[69.28069,22.41653],[69.28098,22.41653],[69.28098,22.41597],[69.28069,22.41597],[69.28069,22.4157],[69.28014,22.4157],[69.28014,22.41597],[69.27986,22.41597],[69.27986,22.41542],[69.27959,22.41542],[69.27959,22.41515],[69.27903,22.41515],[69.27903,22.41542],[69.2782,22.41542],[69.27819,22.4157],[69.27792,22.4157],[69.27792,22.41597],[69.27764,22.41597],[69.27764,22.41708],[69.27792,22.41708],[69.27792,22.41764],[69.27819,22.41764],[69.2782,22.41792],[69.28014,22.41792]]],[[[70.03986,22.56764],[70.03986,22.56736],[70.04014,22.56736],[70.04014,22.56703],[70.04014,22.5668],[70.04039,22.5668],[70.04041,22.5668],[70.04041,22.56679],[70.04041,22.56653],[70.04053,22.56653],[70.04097,22.56653],[70.04097,22.56647],[70.04097,22.56529],[70.04097,22.56514],[70.04084,22.56514],[70.04069,22.56514],[70.04069,22.56496],[70.04069,22.56458],[70.04043,22.56458],[70.04041,22.56458],[70.04041,22.56455],[70.04041,22.56431],[70.04029,22.56431],[70.03917,22.56431],[70.03875,22.56431],[70.03875,22.56458],[70.03847,22.56458],[70.03847,22.5668],[70.03875,22.5668],[70.03875,22.56708],[70.03902,22.56708],[70.03902,22.56736],[70.03931,22.56736],[70.03931,22.56792],[70.03958,22.56792],[70.03958,22.56764],[70.03986,22.56764]]],[[[70.18181,22.58375],[70.18181,22.58347],[70.18208,22.58347],[70.18208,22.5832],[70.18236,22.5832],[70.18236,22.58292],[70.18264,22.58292],[70.18264,22.58264],[70.1832,22.58264],[70.1832,22.58097],[70.18097,22.58097],[70.18097,22.58125],[70.18069,22.58125],[70.18069,22.58153],[70.18014,22.58153],[70.18014,22.58264],[70.18042,22.58264],[70.18042,22.58292],[70.18069,22.58292],[70.18069,22.58347],[70.18125,22.58347],[70.18125,22.58375],[70.18181,22.58375]]],[[[69.20236,22.38764],[69.20236,22.38653],[69.20208,22.38653],[69.20208,22.38625],[69.20096,22.38625],[69.20096,22.38569],[69.20069,22.3857],[69.20069,22.38486],[69.20042,22.38486],[69.20042,22.38458],[69.20014,22.38458],[69.20014,22.38431],[69.19986,22.38431],[69.19986,22.38403],[69.19958,22.38403],[69.19958,22.38431],[69.1993,22.38431],[69.1993,22.38542],[69.19958,22.38542],[69.19958,22.3857],[69.1993,22.3857],[69.1993,22.38597],[69.19958,22.38597],[69.19958,22.38708],[69.19986,22.38708],[69.19986,22.38736],[69.20014,22.38736],[69.20014,22.38764],[69.20236,22.38764]]],[[[69.27875,22.42014],[69.27875,22.41986],[69.27903,22.41986],[69.27903,22.42014],[69.27931,22.42014],[69.27931,22.41986],[69.27959,22.41986],[69.27959,22.41931],[69.27931,22.41931],[69.27931,22.41903],[69.2782,22.41903],[69.2782,22.41847],[69.27792,22.41847],[69.27792,22.41819],[69.27653,22.41819],[69.27653,22.41847],[69.27597,22.41847],[69.27597,22.41875],[69.27541,22.41875],[69.27541,22.41903],[69.27514,22.41903],[69.27514,22.41931],[69.27541,22.41931],[69.27541,22.41959],[69.2757,22.41958],[69.2757,22.41986],[69.27708,22.41986],[69.27708,22.41958],[69.27736,22.41958],[69.27736,22.41986],[69.27792,22.41986],[69.27792,22.42014],[69.27875,22.42014]]],[[[70.19041,22.59986],[70.19041,22.59958],[70.1907,22.59958],[70.1907,22.59947],[70.1907,22.59931],[70.19097,22.59931],[70.19097,22.59903],[70.19124,22.59903],[70.19124,22.59876],[70.19153,22.59876],[70.19153,22.59847],[70.1918,22.59847],[70.1918,22.59819],[70.19153,22.59819],[70.19153,22.59792],[70.19124,22.59792],[70.19124,22.59764],[70.18931,22.59764],[70.18931,22.59792],[70.18903,22.59792],[70.18903,22.59847],[70.18875,22.59847],[70.18875,22.59958],[70.18931,22.59958],[70.18931,22.59986],[70.19041,22.59986]]],[[[69.31042,22.30625],[69.31042,22.30597],[69.31069,22.30597],[69.31069,22.30514],[69.31097,22.30514],[69.31097,22.30486],[69.31125,22.30486],[69.31125,22.30458],[69.31153,22.30458],[69.31153,22.30431],[69.31181,22.30431],[69.31181,22.30403],[69.31208,22.30403],[69.31208,22.30347],[69.31181,22.30347],[69.31181,22.30319],[69.31042,22.30319],[69.31042,22.30347],[69.31014,22.30347],[69.31014,22.30376],[69.30986,22.30376],[69.30986,22.30403],[69.30958,22.30403],[69.30958,22.30458],[69.30929,22.30458],[69.30929,22.30514],[69.30958,22.30514],[69.30958,22.3057],[69.30986,22.3057],[69.30986,22.30597],[69.31014,22.30597],[69.31014,22.30625],[69.31042,22.30625]]],[[[69.14208,22.45764],[69.14208,22.45707],[69.14181,22.45708],[69.14181,22.45561],[69.14181,22.45431],[69.14192,22.45431],[69.14208,22.45431],[69.14208,22.45375],[69.14236,22.45375],[69.14236,22.45347],[69.14264,22.45347],[69.14264,22.45292],[69.14181,22.45292],[69.14181,22.45319],[69.14153,22.45319],[69.14153,22.45347],[69.14125,22.45347],[69.14125,22.45392],[69.14125,22.45403],[69.14107,22.45403],[69.14098,22.45403],[69.14098,22.45409],[69.14098,22.45458],[69.14069,22.45458],[69.14069,22.45502],[69.14069,22.45597],[69.14097,22.45597],[69.14097,22.45681],[69.14125,22.45681],[69.14125,22.45736],[69.14153,22.45736],[69.14153,22.45764],[69.14208,22.45764]]],[[[70.23569,22.68458],[70.23569,22.68431],[70.23597,22.68431],[70.23597,22.68403],[70.23569,22.68403],[70.23569,22.68375],[70.23654,22.68375],[70.23653,22.68347],[70.23708,22.68347],[70.23708,22.6832],[70.23847,22.6832],[70.23847,22.68236],[70.2382,22.68236],[70.2382,22.68208],[70.23764,22.68208],[70.23764,22.68236],[70.23736,22.68236],[70.23736,22.68264],[70.23542,22.68264],[70.23542,22.68236],[70.23514,22.68236],[70.23514,22.6832],[70.23486,22.6832],[70.23486,22.68403],[70.23458,22.68403],[70.23458,22.68431],[70.23486,22.68431],[70.23486,22.68458],[70.23569,22.68458]]],[[[69.21319,22.38486],[69.21319,22.38458],[69.21403,22.38458],[69.21403,22.38431],[69.21486,22.38431],[69.21486,22.38403],[69.21514,22.38403],[69.21514,22.38319],[69.21486,22.38319],[69.21486,22.38292],[69.21458,22.38292],[69.21458,22.38264],[69.2143,22.38264],[69.2143,22.38236],[69.21347,22.38236],[69.21347,22.38319],[69.21319,22.38319],[69.21319,22.38347],[69.2129,22.38347],[69.2129,22.38375],[69.21264,22.38375],[69.21264,22.38403],[69.21236,22.38403],[69.21236,22.38458],[69.21264,22.38458],[69.21264,22.38486],[69.21319,22.38486]]]]}}]}