{"type":"FeatureCollection","features":[{"type":"Feature","properties":{"id":"kachchh","name":"Kachchh","stateId":"gujarat","stateName":"Gujarat","censuscode":468,"type":"district"},"geometry":{"type":"MultiPolygon","coordinates":[[[[71.30738,24.55469],[71.30264,24.55169],[71.29714,24.55187],[71.29415,24.55118],[71.29271,24.54991],[71.29202,24.54725],[71.2706,24.54688],[71.26653,24.5455],[71.26079,24.53514],[71.25948,24.52142],[71.2596,24.51198],[71.26104,24.50868],[71.26778,24.50931],[71.27478,24.5126],[71.29413,24.51789],[71.31192,24.51878],[71.34932,24.51766],[71.35081,24.5128],[71.3518,24.50289],[71.3513,24.49942],[71.34899,24.49861],[71.34811,24.49531],[71.34624,24.4926],[71.34024,24.48601],[71.34044,24.48473],[71.34561,24.47963],[71.34685,24.47407],[71.34374,24.47234],[71.34104,24.46286],[71.33718,24.46136],[71.33599,24.45789],[71.33137,24.45188],[71.32869,24.44343],[71.33037,24.44227],[71.33517,24.44226],[71.33954,24.4397],[71.3504,24.43516],[71.35133,24.4329],[71.34796,24.4325],[71.3436,24.43309],[71.34385,24.42533],[71.34322,24.42238],[71.33175,24.4135],[71.33144,24.40591],[71.33018,24.40377],[71.32969,24.3981],[71.33038,24.39527],[71.33331,24.39382],[71.33842,24.39455],[71.34366,24.39159],[71.34752,24.3906],[71.3512,24.39331],[71.35625,24.38989],[71.36491,24.39177],[71.36972,24.39037],[71.37314,24.3918],[71.37638,24.39203],[71.37881,24.39099],[71.38237,24.39329],[71.3904,24.3648],[71.39134,24.35709],[71.39483,24.35164],[71.39508,24.34915],[71.39352,24.34673],[71.39016,24.34766],[71.38686,24.34698],[71.38835,24.34269],[71.39103,24.33927],[71.38443,24.33911],[71.38181,24.33675],[71.37932,24.33565],[71.3772,24.3319],[71.37459,24.33214],[71.36836,24.33077],[71.36431,24.32776],[71.35417,24.32768],[71.34837,24.32856],[71.347,24.32549],[71.34227,24.32226],[71.3323,24.32205],[71.32526,24.32051],[71.32184,24.32185],[71.32022,24.31919],[71.3201,24.31728],[71.31468,24.31301],[71.31239,24.30867],[71.30585,24.30383],[71.31005,24.29074],[71.3105,24.28571],[71.30951,24.28045],[71.31377,24.2724],[71.31213,24.25481],[71.30921,24.2543],[71.29898,24.25906],[71.29411,24.26057],[71.28963,24.26058],[71.28896,24.25711],[71.31098,24.2462],[71.31485,24.24162],[71.31337,24.2392],[71.30707,24.23973],[71.30365,24.2391],[71.30135,24.23853],[71.29912,24.23604],[71.30691,24.23297],[71.3124,24.22965],[71.32095,24.20871],[71.32434,24.20263],[71.32715,24.20153],[71.33307,24.20186],[71.33526,24.19862],[71.33593,24.18885],[71.33858,24.18249],[71.34095,24.1815],[71.34552,24.18843],[71.34869,24.18951],[71.35324,24.18882],[71.35634,24.19002],[71.36014,24.18938],[71.36941,24.19068],[71.37171,24.18987],[71.36987,24.1868],[71.37103,24.17877],[71.36793,24.17502],[71.36583,24.17399],[71.36115,24.1755],[71.35841,24.17499],[71.35632,24.17049],[71.35341,24.16801],[71.3419,24.1674],[71.33556,24.16469],[71.33302,24.1628],[71.33952,24.15799],[71.33661,24.15481],[71.33063,24.15558],[71.32696,24.15506],[71.32313,24.14826],[71.31814,24.15063],[71.31332,24.15538],[71.30791,24.16353],[71.30503,24.16655],[71.30221,24.16886],[71.29854,24.16794],[71.29296,24.17367],[71.2899,24.1757],[71.28716,24.17599],[71.28542,24.17496],[71.2828,24.17496],[71.27627,24.16179],[71.29003,24.15252],[71.28979,24.14947],[71.28562,24.14866],[71.28407,24.1474],[71.28187,24.14023],[71.27895,24.13757],[71.27878,24.13377],[71.28235,24.13283],[71.28875,24.13646],[71.29316,24.13733],[71.30241,24.13361],[71.30864,24.1332],[71.315,24.13435],[71.31787,24.13365],[71.31782,24.13088],[71.31498,24.12677],[71.31885,24.12463],[71.33277,24.13223],[71.33657,24.13332],[71.33913,24.13031],[71.34339,24.1188],[71.34393,24.11048],[71.34277,24.10835],[71.33785,24.10675],[71.33399,24.10392],[71.32983,24.10231],[71.32723,24.09664],[71.32737,24.0908],[71.32475,24.08432],[71.31727,24.07249],[71.31643,24.06963],[71.31642,24.06095],[71.31761,24.05815],[71.32076,24.05553],[71.32542,24.05474],[71.32826,24.05194],[71.32769,24.04943],[71.32278,24.04575],[71.31627,24.03917],[71.31161,24.03197],[71.30618,24.02633],[71.2971,24.01296],[71.28618,23.99842],[71.28658,23.99842],[71.28782,23.99053],[71.29176,23.98796],[71.29841,23.98679],[71.31021,23.98773],[71.31269,23.98659],[71.31612,23.98165],[71.31612,23.98165],[71.31276,23.97759],[71.30817,23.97411],[71.29717,23.96485],[71.29717,23.96484],[71.29713,23.96481],[71.30005,23.95863],[71.30006,23.95863],[71.30275,23.95295],[71.30292,23.95037],[71.30149,23.95022],[71.30148,23.95021],[71.30147,23.95021],[71.29088,23.94901],[71.29028,23.94778],[71.28976,23.94674],[71.29801,23.93635],[71.29806,23.93616],[71.29806,23.93616],[71.29912,23.93235],[71.29897,23.92884],[71.29501,23.92668],[71.29499,23.92668],[71.29498,23.92667],[71.29494,23.92667],[71.29087,23.92601],[71.28529,23.92621],[71.28487,23.92619],[71.28479,23.92623],[71.27928,23.92759],[71.27731,23.93052],[71.27729,23.93054],[71.27347,23.93338],[71.27346,23.93337],[71.27207,23.93152],[71.27205,23.93151],[71.27264,23.92676],[71.27191,23.92323],[71.27156,23.92296],[71.26929,23.92116],[71.26926,23.92116],[71.26925,23.92115],[71.2667,23.92135],[71.26669,23.92135],[71.2645,23.92151],[71.26323,23.92251],[71.26042,23.9247],[71.25836,23.92811],[71.25799,23.92872],[71.25272,23.93097],[71.24856,23.9288],[71.24855,23.9288],[71.25025,23.9205],[71.25026,23.92048],[71.25036,23.91998],[71.25036,23.91998],[71.24803,23.91948],[71.23959,23.91768],[71.23182,23.92641],[71.22794,23.92871],[71.22593,23.9299],[71.22593,23.9299],[71.22249,23.93051],[71.21904,23.93113],[71.2128,23.93058],[71.2118,23.9305],[71.21175,23.93048],[71.20604,23.92814],[71.20536,23.92772],[71.20536,23.92772],[71.20084,23.92459],[71.19746,23.92223],[71.1918,23.91934],[71.18679,23.9206],[71.18471,23.92113],[71.18469,23.92113],[71.1813,23.92386],[71.18124,23.92387],[71.17682,23.92445],[71.17681,23.92442],[71.17468,23.91997],[71.17437,23.91986],[71.1542,23.9126],[71.14999,23.91245],[71.1496,23.9123],[71.14432,23.90964],[71.13719,23.90752],[71.13345,23.90749],[71.13027,23.90747],[71.13014,23.90742],[71.12622,23.90588],[71.11927,23.90592],[71.11927,23.90592],[71.11236,23.90497],[71.10014,23.90081],[71.09728,23.89673],[71.09728,23.89672],[71.09625,23.89523],[71.08508,23.87565],[71.07558,23.85873],[71.07558,23.85873],[71.07534,23.85825],[71.07137,23.84549],[71.07137,23.84549],[71.07131,23.84528],[71.06952,23.84238],[71.06915,23.84178],[71.06868,23.8416],[71.06445,23.8399],[71.06442,23.83989],[71.06203,23.83558],[71.06358,23.83222],[71.06819,23.82796],[71.06863,23.82423],[71.0687,23.82367],[71.06833,23.82299],[71.06692,23.82035],[71.06689,23.81891],[71.06685,23.81712],[71.06493,23.81105],[71.06131,23.80314],[71.0613,23.80314],[71.05734,23.80356],[71.05045,23.80687],[71.05019,23.80699],[71.05019,23.80699],[71.04292,23.79822],[71.04292,23.79821],[71.04288,23.79817],[71.04288,23.79815],[71.04304,23.79773],[71.04681,23.78761],[71.04682,23.78761],[71.04682,23.7876],[71.05678,23.78274],[71.05568,23.7808],[71.05568,23.7808],[71.05446,23.77864],[71.0544,23.76681],[71.05444,23.76669],[71.0544,23.76618],[71.0544,23.76618],[71.05435,23.75572],[71.05757,23.74523],[71.06418,23.73814],[71.06916,23.73368],[71.06917,23.73366],[71.0702,23.7315],[71.07071,23.73043],[71.07071,23.73043],[71.0672,23.7286],[71.06462,23.72726],[71.06432,23.72015],[71.06434,23.72009],[71.06401,23.71473],[71.06331,23.71387],[71.05911,23.70873],[71.05911,23.70872],[71.05968,23.70172],[71.06732,23.69386],[71.06732,23.69385],[71.06745,23.69354],[71.06901,23.68965],[71.06901,23.68964],[71.06841,23.68533],[71.06841,23.68533],[71.06685,23.68269],[71.06503,23.6822],[71.05359,23.6791],[71.04763,23.67605],[71.04763,23.67605],[71.04727,23.67587],[71.04689,23.67559],[71.04158,23.67178],[71.03717,23.66579],[71.03459,23.65802],[71.03366,23.64884],[71.0356,23.6428],[71.03566,23.64261],[71.03755,23.63671],[71.03992,23.63258],[71.04153,23.62976],[71.04184,23.6296],[71.0443,23.62837],[71.04434,23.62835],[71.04762,23.62384],[71.04841,23.62276],[71.05402,23.62105],[71.05961,23.61934],[71.06011,23.61883],[71.0632,23.61568],[71.06761,23.60753],[71.07174,23.60408],[71.07383,23.60232],[71.08115,23.6002],[71.08494,23.5991],[71.08495,23.59911],[71.08983,23.60263],[71.08985,23.60345],[71.09027,23.62146],[71.09027,23.6215],[71.09552,23.62163],[71.10112,23.61691],[71.10225,23.61596],[71.10423,23.61609],[71.10621,23.61623],[71.1393,23.62887],[71.14251,23.63291],[71.14255,23.63672],[71.14256,23.63705],[71.1422,23.63723],[71.13725,23.63969],[71.13498,23.64527],[71.13519,23.64713],[71.13669,23.6606],[71.14173,23.66567],[71.1468,23.66941],[71.14832,23.67285],[71.15037,23.67748],[71.15253,23.68461],[71.15398,23.68673],[71.154,23.68676],[71.15693,23.69104],[71.15926,23.69326],[71.15953,23.69352],[71.16162,23.69552],[71.16936,23.70035],[71.16945,23.7004],[71.16949,23.70043],[71.17421,23.70466],[71.17821,23.71063],[71.1763,23.71218],[71.17491,23.7133],[71.16911,23.71507],[71.1691,23.71508],[71.16584,23.71781],[71.16584,23.71781],[71.16235,23.7191],[71.15318,23.71239],[71.15316,23.71242],[71.15064,23.71477],[71.14789,23.71733],[71.14789,23.71736],[71.14789,23.71736],[71.14822,23.72074],[71.1483,23.72153],[71.14667,23.72581],[71.14666,23.72991],[71.14666,23.73011],[71.14666,23.73012],[71.15925,23.72921],[71.16867,23.72751],[71.16913,23.72742],[71.17038,23.72794],[71.17399,23.72943],[71.17399,23.73466],[71.17399,23.73466],[71.17399,23.73935],[71.17399,23.73938],[71.18851,23.73793],[71.19246,23.73573],[71.20121,23.73478],[71.20962,23.73243],[71.21441,23.72823],[71.22055,23.71851],[71.22405,23.71298],[71.22405,23.71298],[71.22352,23.71191],[71.21999,23.70477],[71.21992,23.70326],[71.21972,23.6992],[71.22185,23.69615],[71.22341,23.69393],[71.22009,23.68546],[71.21931,23.68462],[71.21687,23.682],[71.22088,23.6726],[71.22088,23.67256],[71.22083,23.66875],[71.22262,23.66119],[71.22262,23.66119],[71.2227,23.66085],[71.22834,23.65724],[71.24117,23.65562],[71.24647,23.65495],[71.25327,23.65245],[71.25791,23.6515],[71.26296,23.65047],[71.27312,23.65036],[71.2753,23.65009],[71.29356,23.64781],[71.30336,23.64659],[71.30959,23.64736],[71.31906,23.64855],[71.32104,23.64906],[71.343,23.65481],[71.34602,23.65527],[71.34621,23.6553],[71.35171,23.65615],[71.35618,23.65613],[71.3562,23.65612],[71.36262,23.65361],[71.3702,23.65171],[71.37785,23.64979],[71.37785,23.64979],[71.37709,23.64663],[71.37662,23.6447],[71.37683,23.64415],[71.37683,23.64415],[71.37862,23.63939],[71.38209,23.6355],[71.38931,23.62035],[71.39053,23.61312],[71.39119,23.61105],[71.39119,23.61105],[71.39345,23.60389],[71.39346,23.60387],[71.39452,23.60442],[71.39776,23.60609],[71.4111,23.62052],[71.41532,23.62406],[71.42183,23.62765],[71.42295,23.61578],[71.42308,23.61439],[71.42573,23.60277],[71.42109,23.598],[71.42109,23.59799],[71.42125,23.59596],[71.4214,23.59405],[71.41868,23.58507],[71.41776,23.57614],[71.41951,23.57076],[71.42185,23.5673],[71.42188,23.5673],[71.43839,23.56627],[71.45615,23.56238],[71.47009,23.55738],[71.47008,23.55735],[71.46913,23.55499],[71.44918,23.539],[71.44595,23.48043],[71.44836,23.47214],[71.45304,23.47327],[71.45856,23.47644],[71.47936,23.49705],[71.49051,23.49998],[71.49663,23.50506],[71.5106,23.5234],[71.51789,23.52832],[71.52019,23.52331],[71.52025,23.5098],[71.51967,23.50736],[71.51628,23.50165],[71.51183,23.49703],[71.50995,23.48536],[71.50807,23.47895],[71.50861,23.4755],[71.51337,23.47537],[71.53258,23.48151],[71.53282,23.47801],[71.52858,23.47096],[71.52831,23.46842],[71.53137,23.46658],[71.54113,23.46735],[71.5637,23.46632],[71.56766,23.46249],[71.57202,23.45952],[71.58296,23.45577],[71.5864,23.4525],[71.59133,23.44483],[71.59477,23.43714],[71.59688,23.43148],[71.5958,23.42387],[71.5934,23.41445],[71.58439,23.39483],[71.58384,23.38947],[71.58538,23.38035],[71.58381,23.36877],[71.5845,23.36302],[71.58814,23.35879],[71.59762,23.35655],[71.60312,23.35701],[71.60985,23.36197],[71.61757,23.36218],[71.62473,23.35749],[71.63538,23.34688],[71.64184,23.33844],[71.64477,23.33228],[71.64481,23.32388],[71.6418,23.31807],[71.63343,23.31101],[71.63347,23.30808],[71.64201,23.30163],[71.64639,23.29212],[71.6485,23.29111],[71.66384,23.29388],[71.66922,23.2937],[71.66971,23.28854],[71.66521,23.2839],[71.65782,23.28215],[71.63501,23.2602],[71.63223,23.25583],[71.63111,23.24719],[71.62937,23.2433],[71.62242,23.23598],[71.61813,23.22945],[71.61946,23.22251],[71.62598,23.20447],[71.6354,23.19234],[71.64581,23.18358],[71.65164,23.18111],[71.66916,23.17598],[71.67618,23.17249],[71.68426,23.17201],[71.69147,23.17727],[71.69725,23.18445],[71.70044,23.18543],[71.7094,23.1791],[71.71442,23.17701],[71.7157,23.17399],[71.71659,23.16682],[71.71257,23.15294],[71.70976,23.15036],[71.69809,23.15117],[71.68832,23.15351],[71.66088,23.16265],[71.65672,23.16493],[71.64855,23.17219],[71.64254,23.17409],[71.63069,23.16948],[71.62537,23.16633],[71.62085,23.16222],[71.62335,23.15565],[71.62687,23.15043],[71.62491,23.14505],[71.61462,23.14386],[71.60918,23.1444],[71.60353,23.14285],[71.5938,23.13742],[71.58407,23.14091],[71.57629,23.14616],[71.56657,23.14925],[71.54391,23.15983],[71.53985,23.16348],[71.53378,23.16595],[71.5269,23.16386],[71.5201,23.16016],[71.51167,23.159],[71.50672,23.15976],[71.50139,23.15765],[71.49518,23.1562],[71.47868,23.15379],[71.47299,23.15056],[71.46867,23.14628],[71.4645,23.14499],[71.45272,23.14503],[71.44812,23.14764],[71.44105,23.1502],[71.4339,23.15016],[71.42707,23.14863],[71.41712,23.15027],[71.39823,23.1558],[71.39257,23.15447],[71.38844,23.15857],[71.37254,23.1622],[71.36916,23.16541],[71.3645,23.17514],[71.3592,23.17895],[71.34885,23.17809],[71.34569,23.17515],[71.34378,23.17113],[71.34121,23.16964],[71.34039,23.16692],[71.33583,23.1666],[71.33384,23.16753],[71.33443,23.17335],[71.3334,23.17609],[71.32819,23.17776],[71.32114,23.18738],[71.3178,23.18765],[71.31497,23.18317],[71.31325,23.17818],[71.31229,23.16884],[71.31026,23.16834],[71.30838,23.17054],[71.30478,23.17173],[71.3037,23.17413],[71.30121,23.18276],[71.29954,23.18364],[71.29384,23.17748],[71.29088,23.17719],[71.28891,23.17278],[71.28689,23.17211],[71.28047,23.17249],[71.2793,23.16809],[71.28603,23.1603],[71.28383,23.15467],[71.2813,23.15501],[71.27814,23.15949],[71.27393,23.16107],[71.26894,23.16067],[71.26174,23.15598],[71.25757,23.15778],[71.23702,23.15533],[71.22128,23.14821],[71.21448,23.14927],[71.21381,23.15673],[71.20992,23.17568],[71.20627,23.18031],[71.20209,23.18304],[71.1932,23.19084],[71.18068,23.19069],[71.17454,23.18912],[71.16933,23.18722],[71.15906,23.18153],[71.15817,23.18324],[71.15611,23.19906],[71.15017,23.20019],[71.14582,23.20223],[71.14373,23.20534],[71.13836,23.20896],[71.12383,23.20329],[71.11706,23.20209],[71.11329,23.20276],[71.10732,23.20152],[71.08852,23.19192],[71.07383,23.18286],[71.06968,23.17902],[71.06981,23.17539],[71.06114,23.17543],[71.04491,23.17101],[71.03507,23.17343],[71.02211,23.17501],[71.01427,23.17499],[70.99998,23.17096],[70.99625,23.17061],[70.98929,23.1732],[70.98603,23.17358],[70.98336,23.17297],[70.98169,23.16733],[70.97785,23.16153],[70.97356,23.1611],[70.97053,23.16168],[70.96239,23.15619],[70.95986,23.15699],[70.95927,23.16081],[70.96121,23.16703],[70.95917,23.16967],[70.96187,23.17369],[70.95602,23.17297],[70.95055,23.16708],[70.94874,23.16165],[70.94905,23.15657],[70.95174,23.15262],[70.95597,23.14942],[70.95759,23.1465],[70.95211,23.14328],[70.95674,23.14062],[70.96362,23.13986],[70.96385,23.13639],[70.95531,23.13678],[70.95165,23.13847],[70.94923,23.13646],[70.94918,23.13299],[70.9452,23.13134],[70.94387,23.13654],[70.93987,23.13859],[70.92964,23.13593],[70.93018,23.14008],[70.93704,23.14475],[70.93951,23.14889],[70.94026,23.15218],[70.93991,23.15504],[70.93604,23.1585],[70.92905,23.15998],[70.91475,23.16131],[70.90328,23.16131],[70.8901,23.15921],[70.88868,23.15471],[70.89014,23.15022],[70.88827,23.14119],[70.8926,23.13815],[70.89742,23.14143],[70.90133,23.13289],[70.89463,23.13021],[70.88962,23.1306],[70.88698,23.13286],[70.8829,23.13352],[70.87958,23.13115],[70.8796,23.12559],[70.8784,23.12213],[70.875,23.12104],[70.87113,23.12275],[70.87438,23.12895],[70.87529,23.13502],[70.87493,23.1374],[70.86734,23.13733],[70.86425,23.13828],[70.84989,23.14672],[70.83429,23.15074],[70.82877,23.1565],[70.82506,23.15502],[70.82764,23.1492],[70.8495,23.13971],[70.85423,23.13444],[70.85632,23.12842],[70.85336,23.12361],[70.84664,23.1175],[70.84307,23.11636],[70.84087,23.11641],[70.84093,23.11021],[70.83972,23.10832],[70.83667,23.11065],[70.83348,23.10997],[70.83298,23.10528],[70.83516,23.09787],[70.8327,23.09479],[70.83154,23.08751],[70.82756,23.0792],[70.82427,23.07881],[70.82226,23.08459],[70.82309,23.09605],[70.82622,23.09911],[70.82677,23.10345],[70.82391,23.10624],[70.82345,23.1095],[70.82808,23.11769],[70.82712,23.12056],[70.831,23.1258],[70.82986,23.12867],[70.82731,23.13122],[70.81982,23.13244],[70.81509,23.13573],[70.81745,23.1391],[70.81529,23.14263],[70.81452,23.14555],[70.81205,23.14683],[70.81202,23.14817],[70.81654,23.15851],[70.81656,23.16164],[70.80944,23.16291],[70.79949,23.15906],[70.79599,23.15844],[70.79222,23.1526],[70.78927,23.14999],[70.78603,23.14995],[70.7842,23.15248],[70.78552,23.15576],[70.79032,23.16124],[70.79004,23.16432],[70.78579,23.1654],[70.78206,23.16095],[70.77822,23.159],[70.77421,23.16233],[70.77197,23.16308],[70.77062,23.1652],[70.77153,23.1675],[70.76436,23.16655],[70.75869,23.16063],[70.76377,23.15187],[70.76409,23.14791],[70.75598,23.13949],[70.75362,23.14012],[70.75121,23.14388],[70.74669,23.14476],[70.73994,23.14238],[70.73199,23.13737],[70.70002,23.12251],[70.69828,23.1215],[70.69827,23.1215],[70.68571,23.11424],[70.67024,23.1038],[70.64483,23.08507],[70.63897,23.08075],[70.63683,23.07897],[70.63337,23.0761],[70.62996,23.06941],[70.62577,23.0612],[70.6205,23.06014],[70.60748,23.06207],[70.5989,23.06002],[70.5989,23.06002],[70.59749,23.05872],[70.59472,23.05616],[70.59534,23.0482],[70.59675,23.04473],[70.60061,23.03522],[70.6006,23.03522],[70.59475,23.03244],[70.58796,23.03114],[70.58796,23.03114],[70.58663,23.0314],[70.57109,23.03451],[70.56346,23.03116],[70.56346,23.03116],[70.56077,23.02747],[70.55398,23.01819],[70.55153,23.00986],[70.54889,23.00087],[70.54393,22.97336],[70.54275,22.96677],[70.54068,22.95931],[70.54068,22.95931],[70.53553,22.96137],[70.53511,22.96167],[70.53511,22.96167],[70.53309,22.96312],[70.52843,22.96378],[70.51841,22.96158],[70.51055,22.96104],[70.5046,22.96199],[70.49094,22.96507],[70.48238,22.97072],[70.47626,22.97318],[70.46401,22.96682],[70.45935,22.96603],[70.45205,22.96519],[70.44574,22.96684],[70.43847,22.96743],[70.43847,22.96792],[70.43875,22.96792],[70.43875,22.96847],[70.43903,22.96847],[70.43903,22.96875],[70.43931,22.96875],[70.43931,22.96931],[70.43958,22.96931],[70.43958,22.96986],[70.43986,22.96986],[70.43986,22.97042],[70.44014,22.97042],[70.44014,22.97097],[70.44041,22.97097],[70.44041,22.97153],[70.4407,22.97153],[70.4407,22.97181],[70.44096,22.97181],[70.44096,22.97236],[70.44125,22.97236],[70.44125,22.97292],[70.44153,22.97292],[70.44153,22.97347],[70.4418,22.97347],[70.4418,22.97403],[70.44209,22.97403],[70.44209,22.97431],[70.44236,22.97431],[70.44236,22.97486],[70.44264,22.97485],[70.44264,22.97514],[70.44153,22.97514],[70.44153,22.97542],[70.44128,22.97542],[70.44125,22.97542],[70.44125,22.97538],[70.44125,22.97514],[70.44105,22.97514],[70.43986,22.97514],[70.43986,22.97485],[70.43931,22.97486],[70.43931,22.97458],[70.43764,22.97458],[70.43764,22.97514],[70.43792,22.97514],[70.43792,22.97542],[70.43847,22.97542],[70.43847,22.97569],[70.43958,22.97569],[70.43958,22.97597],[70.44125,22.97597],[70.44125,22.97625],[70.4418,22.97625],[70.4418,22.97653],[70.44216,22.97653],[70.44236,22.97653],[70.44236,22.97679],[70.44236,22.9768],[70.44237,22.9768],[70.44264,22.9768],[70.44264,22.97708],[70.44319,22.97708],[70.44319,22.97737],[70.44347,22.97736],[70.44347,22.97764],[70.44375,22.97764],[70.44375,22.97792],[70.44431,22.97791],[70.44431,22.9782],[70.44458,22.9782],[70.44458,22.97848],[70.44486,22.97847],[70.44486,22.97875],[70.44514,22.97875],[70.44514,22.97903],[70.44542,22.97903],[70.44542,22.97931],[70.44597,22.97931],[70.44597,22.97959],[70.44625,22.97958],[70.44625,22.97986],[70.44654,22.97986],[70.44654,22.98014],[70.44681,22.98014],[70.44681,22.98042],[70.44737,22.98042],[70.44737,22.9807],[70.44764,22.98069],[70.44764,22.98098],[70.4482,22.98098],[70.4482,22.98125],[70.44876,22.98125],[70.44876,22.98153],[70.44903,22.98153],[70.44903,22.98181],[70.4493,22.98181],[70.4493,22.98208],[70.44959,22.98208],[70.44959,22.98235],[70.44959,22.98236],[70.44961,22.98236],[70.45015,22.98236],[70.45015,22.98264],[70.45042,22.98264],[70.45042,22.98287],[70.45042,22.98292],[70.45049,22.98292],[70.45125,22.98292],[70.45125,22.98319],[70.45181,22.98319],[70.45181,22.98375],[70.45236,22.98375],[70.45236,22.98404],[70.45264,22.98404],[70.45264,22.98429],[70.45264,22.98431],[70.45267,22.98431],[70.4532,22.98431],[70.4532,22.98458],[70.45375,22.98458],[70.45375,22.98486],[70.45403,22.98486],[70.45403,22.98514],[70.45431,22.98514],[70.45431,22.98568],[70.45431,22.9857],[70.45432,22.9857],[70.45458,22.9857],[70.45458,22.98597],[70.45486,22.98597],[70.45486,22.98625],[70.45514,22.98625],[70.45514,22.98653],[70.45541,22.98653],[70.45541,22.98681],[70.4557,22.98681],[70.4557,22.98709],[70.45597,22.98708],[70.45597,22.98764],[70.45625,22.98764],[70.45625,22.98792],[70.45653,22.98792],[70.45653,22.98848],[70.45653,22.98875],[70.45674,22.98875],[70.4568,22.98875],[70.4568,22.98883],[70.4568,22.98903],[70.45696,22.98903],[70.45708,22.98903],[70.45708,22.98918],[70.45708,22.98931],[70.45718,22.98931],[70.45736,22.98931],[70.45736,22.98953],[70.45736,22.98958],[70.4574,22.98958],[70.45764,22.98958],[70.45764,22.98989],[70.45764,22.99042],[70.4579,22.99042],[70.45792,22.99042],[70.45792,22.99047],[70.45792,22.99125],[70.45819,22.99125],[70.45819,22.99181],[70.45848,22.99181],[70.45848,22.99236],[70.45875,22.99236],[70.45875,22.99292],[70.459,22.99292],[70.45903,22.99292],[70.45903,22.99299],[70.45903,22.9932],[70.45912,22.99319],[70.4593,22.99319],[70.4593,22.99359],[70.4593,22.99403],[70.45949,22.99403],[70.45959,22.99403],[70.45959,22.99425],[70.45959,22.99459],[70.45974,22.99459],[70.45986,22.99459],[70.45986,22.99486],[70.46014,22.99486],[70.46014,22.99542],[70.46042,22.99542],[70.46042,22.9957],[70.4607,22.9957],[70.4607,22.99653],[70.46099,22.99653],[70.46099,22.99681],[70.46125,22.99681],[70.46125,22.99736],[70.46153,22.99736],[70.46153,22.99764],[70.46181,22.99764],[70.46181,22.99819],[70.46209,22.99819],[70.46209,22.99893],[70.46209,22.99904],[70.46216,22.99904],[70.46237,22.99903],[70.46237,22.99932],[70.46237,22.99959],[70.46256,22.99958],[70.46264,22.99958],[70.46264,22.9997],[70.46264,22.99986],[70.46276,22.99986],[70.46291,22.99986],[70.46291,23.00007],[70.46291,23.00042],[70.46316,23.00042],[70.46375,23.00042],[70.46375,23.0007],[70.46403,23.0007],[70.46403,23.00097],[70.4643,23.00097],[70.4643,23.00153],[70.46458,23.00153],[70.46458,23.00181],[70.46486,23.00181],[70.46486,23.00236],[70.46513,23.00236],[70.46513,23.00264],[70.46542,23.00264],[70.46542,23.00319],[70.4657,23.00319],[70.4657,23.00375],[70.46597,23.00375],[70.46597,23.0043],[70.46653,23.0043],[70.46653,23.00458],[70.4668,23.00458],[70.4668,23.00514],[70.46709,23.00514],[70.46709,23.0057],[70.46736,23.0057],[70.46736,23.00625],[70.46764,23.00625],[70.46764,23.00679],[70.46764,23.00681],[70.46765,23.00681],[70.46792,23.00681],[70.46792,23.00722],[70.46792,23.00736],[70.46802,23.00736],[70.46819,23.00736],[70.46819,23.00763],[70.46819,23.00792],[70.46839,23.00792],[70.46848,23.00792],[70.46848,23.00805],[70.46848,23.0082],[70.46857,23.0082],[70.46875,23.00819],[70.46875,23.00847],[70.46875,23.00875],[70.46894,23.00875],[70.46902,23.00875],[70.46902,23.00887],[70.46902,23.00903],[70.46912,23.00903],[70.46931,23.00903],[70.46931,23.00931],[70.46931,23.00958],[70.46949,23.00958],[70.46958,23.00958],[70.46958,23.00972],[70.46958,23.00986],[70.46968,23.00986],[70.46986,23.00986],[70.46986,23.01014],[70.47014,23.01014],[70.47014,23.01042],[70.47041,23.01042],[70.47041,23.01069],[70.4707,23.01069],[70.4707,23.01125],[70.47097,23.01125],[70.47097,23.0118],[70.47125,23.01181],[70.47125,23.01224],[70.47125,23.01236],[70.47133,23.01236],[70.47153,23.01236],[70.47153,23.01266],[70.47153,23.0132],[70.47176,23.0132],[70.4718,23.0132],[70.4718,23.01331],[70.47181,23.01403],[70.47209,23.01403],[70.47209,23.01459],[70.47234,23.01458],[70.47236,23.01458],[70.47236,23.01462],[70.47236,23.01542],[70.47264,23.01542],[70.47264,23.01625],[70.47293,23.01625],[70.47293,23.01681],[70.4732,23.01681],[70.4732,23.01764],[70.47347,23.01764],[70.47347,23.01819],[70.47375,23.01819],[70.47375,23.01875],[70.47403,23.01875],[70.47403,23.01931],[70.4743,23.01931],[70.4743,23.01986],[70.47458,23.01986],[70.47458,23.01988],[70.47458,23.02042],[70.47481,23.02042],[70.47486,23.02042],[70.47486,23.02053],[70.47486,23.02097],[70.47505,23.02097],[70.47514,23.02097],[70.47514,23.02118],[70.47514,23.02153],[70.47529,23.02153],[70.47542,23.02153],[70.47542,23.02186],[70.47542,23.02236],[70.47562,23.02236],[70.47569,23.02236],[70.47569,23.02255],[70.47569,23.02321],[70.47595,23.02321],[70.47598,23.02321],[70.47598,23.02329],[70.47598,23.02403],[70.47625,23.02403],[70.47625,23.02486],[70.47653,23.02486],[70.47653,23.02569],[70.47681,23.02569],[70.47681,23.02653],[70.47706,23.02653],[70.47706,23.02736],[70.47736,23.02736],[70.47736,23.02792],[70.47764,23.02792],[70.47764,23.02847],[70.47791,23.02847],[70.47791,23.02903],[70.4782,23.02903],[70.4782,23.02958],[70.47847,23.02958],[70.47847,23.0296],[70.47847,23.03014],[70.47868,23.03014],[70.47875,23.03014],[70.47875,23.03032],[70.47875,23.0307],[70.4789,23.0307],[70.47903,23.0307],[70.47903,23.03102],[70.47903,23.03125],[70.47912,23.03125],[70.47931,23.03125],[70.47931,23.03174],[70.47931,23.03209],[70.47945,23.03209],[70.47958,23.03209],[70.47958,23.03241],[70.47958,23.03292],[70.47979,23.03292],[70.47986,23.03292],[70.47986,23.03305],[70.47986,23.03403],[70.48014,23.03403],[70.48014,23.03459],[70.48042,23.03459],[70.48042,23.03486],[70.4807,23.03486],[70.4807,23.03515],[70.48092,23.03515],[70.48097,23.03515],[70.48097,23.03525],[70.48097,23.03542],[70.48106,23.03542],[70.48125,23.03542],[70.48125,23.0358],[70.48125,23.03625],[70.48148,23.03625],[70.48153,23.03625],[70.48153,23.03635],[70.48153,23.03736],[70.48181,23.03736],[70.48181,23.03819],[70.48209,23.03819],[70.48209,23.03903],[70.48236,23.03903],[70.48236,23.03986],[70.48264,23.03986],[70.48264,23.04042],[70.48292,23.04042],[70.48292,23.04125],[70.4832,23.04125],[70.4832,23.04181],[70.48347,23.04181],[70.48347,23.04236],[70.48375,23.04236],[70.48375,23.0432],[70.48402,23.04319],[70.48402,23.04375],[70.48431,23.04375],[70.48431,23.04432],[70.48458,23.04432],[70.48458,23.04486],[70.48487,23.04486],[70.48487,23.04569],[70.48514,23.04569],[70.48514,23.04681],[70.48542,23.04681],[70.48542,23.04736],[70.4857,23.04736],[70.4857,23.0482],[70.48597,23.04819],[70.48597,23.04875],[70.48626,23.04875],[70.48626,23.04931],[70.48653,23.04931],[70.48653,23.04986],[70.48681,23.04986],[70.48681,23.05042],[70.48708,23.05042],[70.48708,23.05181],[70.48736,23.05181],[70.48736,23.05208],[70.48764,23.05208],[70.48764,23.05319],[70.48792,23.05319],[70.48792,23.05458],[70.4882,23.05458],[70.4882,23.05514],[70.48847,23.05514],[70.48847,23.05597],[70.48875,23.05597],[70.48875,23.05653],[70.48903,23.05653],[70.48903,23.05736],[70.48929,23.05736],[70.48929,23.05792],[70.48959,23.05792],[70.48959,23.05875],[70.48986,23.05875],[70.48986,23.05932],[70.49014,23.05932],[70.49014,23.06014],[70.49042,23.06014],[70.49042,23.06097],[70.49069,23.06097],[70.49069,23.06174],[70.49094,23.06181],[70.49097,23.06264],[70.49125,23.06264],[70.49125,23.06431],[70.49153,23.06431],[70.49153,23.06569],[70.49181,23.06569],[70.49181,23.06625],[70.49208,23.06625],[70.49208,23.06847],[70.49236,23.06847],[70.49236,23.07236],[70.49264,23.07236],[70.49264,23.07292],[70.49292,23.07292],[70.49292,23.07348],[70.49309,23.07347],[70.49319,23.07347],[70.49319,23.07403],[70.49347,23.07403],[70.49347,23.07514],[70.49324,23.07514],[70.49264,23.07514],[70.49264,23.07542],[70.49153,23.07542],[70.49153,23.0757],[70.49042,23.0757],[70.49042,23.07597],[70.48929,23.07597],[70.48929,23.07625],[70.4882,23.07625],[70.4882,23.07653],[70.48708,23.07653],[70.48708,23.07681],[70.48597,23.07681],[70.48597,23.07709],[70.48487,23.07709],[70.48487,23.07736],[70.48458,23.07736],[70.48458,23.07709],[70.48458,23.07681],[70.48431,23.07681],[70.48431,23.07653],[70.48402,23.07653],[70.48402,23.07597],[70.48375,23.07597],[70.48375,23.0757],[70.48347,23.0757],[70.48347,23.07514],[70.4832,23.07514],[70.4832,23.07458],[70.48292,23.07458],[70.48292,23.07403],[70.48264,23.07403],[70.48264,23.07375],[70.48236,23.07375],[70.48236,23.07347],[70.48209,23.07348],[70.48209,23.07319],[70.48181,23.07319],[70.48181,23.07292],[70.48153,23.07292],[70.48153,23.07236],[70.48125,23.07236],[70.48125,23.07208],[70.4807,23.07208],[70.4807,23.07181],[70.48042,23.07181],[70.48042,23.07153],[70.47986,23.07153],[70.47986,23.07126],[70.47931,23.07126],[70.47931,23.07097],[70.47875,23.07097],[70.47875,23.07069],[70.4782,23.07069],[70.4782,23.07042],[70.47736,23.07042],[70.47736,23.07014],[70.47681,23.07014],[70.47681,23.06986],[70.47598,23.06986],[70.47598,23.06959],[70.47486,23.06959],[70.47486,23.06931],[70.47375,23.06931],[70.47375,23.06903],[70.47236,23.06903],[70.47236,23.06875],[70.47125,23.06875],[70.47125,23.06847],[70.46875,23.06847],[70.46875,23.0682],[70.46764,23.0682],[70.46764,23.06792],[70.46653,23.06792],[70.46653,23.06764],[70.46513,23.06764],[70.46513,23.06736],[70.46403,23.06736],[70.46403,23.06708],[70.46264,23.06708],[70.46264,23.0668],[70.4607,23.0668],[70.4607,23.06653],[70.45875,23.06653],[70.45875,23.06625],[70.45458,23.06625],[70.45458,23.06597],[70.45403,23.06597],[70.45403,23.06569],[70.45375,23.06569],[70.45375,23.06542],[70.44876,23.06542],[70.44876,23.06513],[70.44625,23.06514],[70.44625,23.06486],[70.44597,23.06486],[70.44597,23.06514],[70.4457,23.06514],[70.4457,23.06486],[70.44486,23.06486],[70.44486,23.06458],[70.44319,23.06458],[70.44319,23.06431],[70.44264,23.06431],[70.44264,23.06403],[70.4418,23.06403],[70.4418,23.06375],[70.44096,23.06375],[70.44096,23.06347],[70.44014,23.06347],[70.44014,23.0632],[70.43931,23.0632],[70.43931,23.06292],[70.43875,23.06292],[70.43875,23.06264],[70.43792,23.06264],[70.43792,23.06236],[70.43736,23.06236],[70.43736,23.06207],[70.43708,23.06209],[70.43708,23.06181],[70.43653,23.06181],[70.43653,23.06153],[70.43625,23.06153],[70.43625,23.06125],[70.43569,23.06125],[70.43569,23.06097],[70.43542,23.06097],[70.43542,23.0607],[70.43514,23.0607],[70.43514,23.06042],[70.4346,23.06042],[70.4346,23.06014],[70.43431,23.06014],[70.43431,23.05986],[70.43375,23.05986],[70.43375,23.05958],[70.43322,23.05958],[70.4332,23.05958],[70.4332,23.05957],[70.4332,23.05931],[70.43291,23.05932],[70.43291,23.05903],[70.43264,23.05903],[70.43264,23.05875],[70.43236,23.05875],[70.43236,23.05847],[70.43181,23.05847],[70.43181,23.0582],[70.43153,23.0582],[70.43153,23.05792],[70.43125,23.05792],[70.43125,23.05764],[70.43097,23.05764],[70.43097,23.05736],[70.43042,23.05736],[70.43042,23.05708],[70.43014,23.05708],[70.43014,23.05681],[70.42986,23.05681],[70.42986,23.05653],[70.42931,23.05653],[70.42931,23.05626],[70.42902,23.05626],[70.42902,23.05597],[70.42875,23.05597],[70.42875,23.0557],[70.42848,23.0557],[70.42848,23.05542],[70.42792,23.05542],[70.42792,23.05514],[70.42764,23.05514],[70.42764,23.05486],[70.42736,23.05486],[70.42736,23.05458],[70.42709,23.05458],[70.42709,23.05431],[70.4268,23.05431],[70.4268,23.05403],[70.42653,23.05403],[70.42653,23.05375],[70.42596,23.05375],[70.42596,23.05347],[70.4257,23.05347],[70.4257,23.05319],[70.42542,23.05319],[70.42542,23.05292],[70.42514,23.05292],[70.42514,23.05264],[70.42486,23.05264],[70.42486,23.05236],[70.42403,23.05236],[70.42403,23.05208],[70.42375,23.05208],[70.42375,23.05181],[70.42347,23.05181],[70.42347,23.05125],[70.42319,23.05125],[70.42319,23.05099],[70.42264,23.05097],[70.42264,23.05042],[70.42181,23.05042],[70.42181,23.04986],[70.42153,23.04986],[70.42153,23.04959],[70.42125,23.04959],[70.42125,23.04931],[70.42097,23.04931],[70.42097,23.04903],[70.42042,23.04903],[70.42042,23.04875],[70.42014,23.04875],[70.42014,23.04847],[70.41986,23.04847],[70.41986,23.0482],[70.41931,23.0482],[70.41931,23.04764],[70.41888,23.04764],[70.41875,23.04764],[70.41875,23.04743],[70.41875,23.04681],[70.41847,23.04681],[70.41847,23.04653],[70.4182,23.04653],[70.4182,23.04625],[70.418,23.04625],[70.41792,23.04625],[70.41792,23.04613],[70.41792,23.04598],[70.41782,23.04598],[70.41764,23.04598],[70.41764,23.04569],[70.41736,23.04569],[70.41736,23.04525],[70.41736,23.04514],[70.41729,23.04514],[70.41708,23.04514],[70.41708,23.04486],[70.41681,23.04486],[70.41681,23.04458],[70.41653,23.04458],[70.41653,23.04424],[70.41653,23.04403],[70.41633,23.04403],[70.41625,23.04403],[70.41625,23.04395],[70.41625,23.04375],[70.41606,23.04375],[70.41597,23.04375],[70.41597,23.04366],[70.41597,23.04347],[70.41578,23.04347],[70.4157,23.04347],[70.4157,23.04338],[70.4157,23.04292],[70.41541,23.04292],[70.41541,23.04264],[70.41514,23.04264],[70.41514,23.04236],[70.41486,23.04236],[70.41486,23.04208],[70.41458,23.04209],[70.41458,23.04181],[70.41431,23.04181],[70.41431,23.04153],[70.41402,23.04153],[70.41402,23.04125],[70.41375,23.04125],[70.41375,23.04096],[70.41336,23.04097],[70.41319,23.04097],[70.41319,23.0408],[70.41319,23.0407],[70.4131,23.0407],[70.41292,23.0407],[70.41292,23.04052],[70.41292,23.04014],[70.41264,23.04014],[70.41264,23.03958],[70.41236,23.03958],[70.41236,23.0393],[70.41209,23.0393],[70.41209,23.03903],[70.4118,23.03903],[70.4118,23.03875],[70.41153,23.03875],[70.41153,23.03847],[70.41097,23.03847],[70.41097,23.03792],[70.41043,23.03792],[70.41043,23.03764],[70.41014,23.03764],[70.41014,23.03736],[70.40986,23.03736],[70.40986,23.03708],[70.40959,23.03708],[70.40959,23.03681],[70.40903,23.03681],[70.40903,23.03653],[70.40875,23.03653],[70.40875,23.03625],[70.40847,23.03625],[70.40847,23.03597],[70.4082,23.03597],[70.4082,23.0357],[70.40764,23.0357],[70.40764,23.03542],[70.40735,23.03542],[70.40735,23.03515],[70.40723,23.03515],[70.40708,23.03515],[70.40708,23.03486],[70.40681,23.03486],[70.40681,23.03458],[70.40653,23.03459],[70.40653,23.03431],[70.40625,23.03431],[70.40625,23.03403],[70.40598,23.03403],[70.40598,23.03375],[70.40569,23.03375],[70.40569,23.03347],[70.40542,23.03347],[70.40542,23.0332],[70.40514,23.0332],[70.40514,23.03264],[70.40485,23.03264],[70.40485,23.03209],[70.40459,23.03209],[70.40459,23.03181],[70.4043,23.03181],[70.4043,23.03125],[70.40403,23.03125],[70.40403,23.03097],[70.40375,23.03097],[70.40375,23.03069],[70.40347,23.0307],[70.40347,23.03042],[70.4032,23.03042],[70.40319,23.02986],[70.40292,23.02986],[70.40292,23.02958],[70.40264,23.02958],[70.40264,23.02931],[70.40236,23.02931],[70.40236,23.02902],[70.40209,23.02903],[70.40209,23.02958],[70.40179,23.02958],[70.40179,23.03014],[70.40153,23.03014],[70.40153,23.0307],[70.40125,23.0307],[70.40125,23.03042],[70.40097,23.03042],[70.40097,23.03014],[70.4007,23.03014],[70.4007,23.02986],[70.40042,23.02986],[70.40042,23.02931],[70.40014,23.02931],[70.40014,23.02902],[70.39987,23.02903],[70.39987,23.02875],[70.39958,23.02875],[70.39958,23.02847],[70.39931,23.02847],[70.39931,23.0282],[70.39903,23.0282],[70.39903,23.02792],[70.39875,23.02792],[70.39875,23.02764],[70.39848,23.02764],[70.39848,23.02736],[70.3982,23.02736],[70.3982,23.02708],[70.39792,23.02708],[70.39792,23.02681],[70.39764,23.02681],[70.39764,23.02653],[70.39736,23.02653],[70.39736,23.02625],[70.39709,23.02625],[70.39709,23.02596],[70.39681,23.02597],[70.39681,23.02569],[70.39653,23.02569],[70.39653,23.02542],[70.39625,23.02542],[70.39625,23.02458],[70.39653,23.02458],[70.39653,23.02125],[70.39625,23.02125],[70.39625,23.02015],[70.39606,23.02015],[70.39598,23.02015],[70.39598,23.01772],[70.39598,23.0177],[70.39598,23.01708],[70.39625,23.01708],[70.39625,23.0157],[70.39598,23.0157],[70.39598,23.01459],[70.39569,23.01459],[70.39569,23.0132],[70.39542,23.0132],[70.39542,23.01153],[70.39514,23.01153],[70.39514,23.00986],[70.39486,23.00986],[70.39486,23.00819],[70.39459,23.0082],[70.39459,23.00653],[70.3943,23.00653],[70.3943,23.00514],[70.39403,23.00514],[70.39403,23.00403],[70.39375,23.00403],[70.39375,23.00347],[70.39347,23.00347],[70.39347,23.00319],[70.39319,23.00319],[70.39319,23.00264],[70.39347,23.00264],[70.39347,23.00208],[70.39375,23.00208],[70.39375,23.00153],[70.39291,23.00153],[70.39291,23.00125],[70.39236,23.00125],[70.39236,23.00097],[70.39208,23.00097],[70.39208,23.0007],[70.39157,23.0007],[70.39125,23.0007],[70.39125,23.00042],[70.38958,23.00042],[70.38958,23.00014],[70.38958,22.99958],[70.38931,22.99959],[70.38931,22.99931],[70.38875,22.99931],[70.38875,22.99904],[70.38819,22.99904],[70.38819,22.99875],[70.38764,22.99875],[70.38764,22.99847],[70.3868,22.99847],[70.3868,22.99819],[70.38514,22.99819],[70.38514,22.99847],[70.38403,22.99847],[70.38403,22.99819],[70.38292,22.99819],[70.38292,22.99792],[70.38264,22.99792],[70.38264,22.99764],[70.38292,22.99764],[70.38292,22.99736],[70.38404,22.99736],[70.38404,22.99764],[70.38514,22.99764],[70.38514,22.99736],[70.38681,22.99736],[70.38681,22.99764],[70.38875,22.99764],[70.38875,22.99792],[70.39213,22.99792],[70.39236,22.99792],[70.39236,22.99764],[70.39264,22.99764],[70.39264,22.99736],[70.39291,22.99736],[70.39291,22.99708],[70.39319,22.99708],[70.39319,22.99681],[70.39347,22.99681],[70.39347,22.99662],[70.39347,22.99653],[70.39367,22.99653],[70.39375,22.99653],[70.39375,22.99649],[70.39375,22.99625],[70.39403,22.99625],[70.39403,22.99598],[70.3943,22.99598],[70.3943,22.99542],[70.39437,22.99542],[70.39458,22.99542],[70.39458,22.99357],[70.39458,22.99153],[70.39466,22.99153],[70.39486,22.99153],[70.39486,22.98736],[70.39459,22.98736],[70.39459,22.98307],[70.39459,22.98305],[70.39459,22.98147],[70.39459,22.97347],[70.39437,22.97347],[70.3943,22.97347],[70.3943,22.9724],[70.3943,22.97238],[70.3943,22.96958],[70.39403,22.96958],[70.39403,22.96764],[70.39375,22.96764],[70.39375,22.96568],[70.39347,22.9657],[70.39347,22.96319],[70.39319,22.96319],[70.39319,22.96264],[70.39291,22.96264],[70.39291,22.96208],[70.39264,22.96208],[70.39264,22.96153],[70.39236,22.96153],[70.39236,22.96097],[70.39208,22.96097],[70.39208,22.96042],[70.39181,22.96042],[70.39181,22.95987],[70.39153,22.95987],[70.39153,22.9593],[70.39125,22.95931],[70.39125,22.95875],[70.39098,22.95875],[70.39098,22.95792],[70.39069,22.95792],[70.39069,22.95736],[70.39042,22.95736],[70.39042,22.95681],[70.39014,22.95681],[70.39014,22.95597],[70.38986,22.95597],[70.38986,22.95542],[70.38958,22.95542],[70.38958,22.95486],[70.38931,22.95486],[70.38931,22.95431],[70.38903,22.95431],[70.38903,22.95374],[70.38875,22.95375],[70.38875,22.95347],[70.38848,22.95347],[70.38848,22.95292],[70.38819,22.95292],[70.38819,22.95236],[70.38797,22.95236],[70.38792,22.95236],[70.38792,22.9522],[70.38792,22.95209],[70.38788,22.95209],[70.38764,22.95209],[70.38764,22.95153],[70.38736,22.95153],[70.38736,22.95097],[70.38709,22.95098],[70.38709,22.94968],[70.38709,22.94875],[70.3868,22.94875],[70.3868,22.94819],[70.38653,22.94819],[70.38653,22.94792],[70.38636,22.94792],[70.38626,22.94793],[70.38626,22.94767],[70.38626,22.94736],[70.38612,22.94736],[70.38597,22.94736],[70.38597,22.94708],[70.3857,22.94708],[70.3857,22.94665],[70.3857,22.94653],[70.38554,22.94653],[70.38541,22.94653],[70.38541,22.94643],[70.38541,22.94625],[70.38516,22.94625],[70.38514,22.94625],[70.38514,22.94624],[70.38514,22.94597],[70.38487,22.94597],[70.38487,22.9457],[70.38458,22.9457],[70.38458,22.94542],[70.38431,22.94542],[70.38431,22.94514],[70.38404,22.94514],[70.38404,22.94487],[70.38375,22.94487],[70.38375,22.94458],[70.3832,22.94459],[70.3832,22.94431],[70.38292,22.94431],[70.38292,22.94403],[70.38236,22.94403],[70.38236,22.94375],[70.38181,22.94375],[70.38181,22.94347],[70.38125,22.94347],[70.38125,22.9432],[70.38068,22.9432],[70.38068,22.94292],[70.37967,22.94292],[70.37874,22.94292],[70.37874,22.94264],[70.3782,22.94264],[70.3782,22.94236],[70.37764,22.94236],[70.37764,22.94208],[70.37708,22.94208],[70.37708,22.94181],[70.37653,22.94181],[70.37653,22.94155],[70.37653,22.94153],[70.37649,22.94153],[70.37597,22.94153],[70.37597,22.94131],[70.37597,22.94125],[70.37582,22.94125],[70.37514,22.94125],[70.37514,22.94097],[70.37458,22.94097],[70.37458,22.94079],[70.37458,22.94069],[70.3743,22.94069],[70.37375,22.94069],[70.37375,22.94052],[70.37375,22.94042],[70.37343,22.94042],[70.37319,22.94042],[70.37319,22.94034],[70.37319,22.94014],[70.37255,22.94014],[70.37236,22.94014],[70.37236,22.94008],[70.37236,22.93986],[70.37209,22.93986],[70.37209,22.93958],[70.37153,22.93958],[70.37153,22.93931],[70.37125,22.93931],[70.37125,22.93903],[70.3707,22.93903],[70.3707,22.93874],[70.37042,22.93875],[70.37042,22.93847],[70.36986,22.93847],[70.36986,22.93819],[70.36959,22.93819],[70.36959,22.93792],[70.36912,22.93792],[70.36873,22.93792],[70.36873,22.93775],[70.36873,22.93764],[70.36841,22.93764],[70.36819,22.93764],[70.36819,22.93757],[70.36819,22.93736],[70.36757,22.93736],[70.36736,22.93736],[70.36736,22.9373],[70.36736,22.93708],[70.3668,22.93709],[70.3668,22.93681],[70.36597,22.93681],[70.36597,22.93653],[70.36542,22.93653],[70.36542,22.93625],[70.36486,22.93625],[70.36486,22.93597],[70.36403,22.93597],[70.36403,22.93569],[70.36347,22.9357],[70.36347,22.93542],[70.36287,22.93542],[70.36236,22.93542],[70.36236,22.93516],[70.36236,22.93514],[70.36233,22.93514],[70.362,22.93514],[70.36097,22.93514],[70.36097,22.93486],[70.35987,22.93486],[70.35987,22.93458],[70.35848,22.93458],[70.35848,22.93431],[70.35792,22.93431],[70.35792,22.93403],[70.35709,22.93403],[70.35709,22.93375],[70.35653,22.93375],[70.35653,22.93347],[70.35597,22.93347],[70.35597,22.9332],[70.35514,22.9332],[70.35514,22.93293],[70.35457,22.93293],[70.35457,22.93264],[70.35403,22.93264],[70.35403,22.93236],[70.3532,22.93236],[70.3532,22.93209],[70.35264,22.93209],[70.35264,22.9319],[70.35264,22.93181],[70.35233,22.93181],[70.35181,22.93181],[70.35181,22.93165],[70.35181,22.93153],[70.35142,22.93153],[70.35125,22.93153],[70.35125,22.93148],[70.35125,22.93125],[70.35068,22.93125],[70.35068,22.93097],[70.34956,22.93097],[70.34764,22.93097],[70.34764,22.93048],[70.34764,22.93042],[70.34665,22.93042],[70.34514,22.93042],[70.34514,22.9307],[70.34348,22.9307],[70.34348,22.93097],[70.34209,22.93097],[70.34209,22.93125],[70.34041,22.93125],[70.34041,22.93153],[70.33959,22.93153],[70.33959,22.93181],[70.33875,22.93181],[70.33875,22.93209],[70.33764,22.93209],[70.33764,22.93236],[70.33681,22.93236],[70.33681,22.93264],[70.33599,22.93264],[70.33599,22.93293],[70.33514,22.93293],[70.33514,22.9332],[70.33431,22.9332],[70.33431,22.93347],[70.33348,22.93347],[70.33348,22.93375],[70.33236,22.93375],[70.33236,22.93403],[70.33153,22.93403],[70.33153,22.93431],[70.3307,22.93431],[70.3307,22.93458],[70.32957,22.93458],[70.32957,22.93486],[70.32848,22.93486],[70.32848,22.93514],[70.32764,22.93514],[70.32764,22.93542],[70.32653,22.93542],[70.32653,22.9357],[70.32542,22.93569],[70.32542,22.93597],[70.32458,22.93597],[70.32458,22.93625],[70.32376,22.93625],[70.32376,22.93653],[70.32291,22.93653],[70.32291,22.93681],[70.32208,22.93681],[70.32208,22.93709],[70.32153,22.93709],[70.32153,22.93736],[70.32097,22.93736],[70.32097,22.93764],[70.3207,22.93764],[70.3207,22.93792],[70.32014,22.93792],[70.32014,22.93819],[70.31986,22.93819],[70.31986,22.93847],[70.31931,22.93847],[70.31931,22.93875],[70.31903,22.93874],[70.31903,22.93903],[70.3168,22.93903],[70.3168,22.93931],[70.31653,22.93931],[70.31653,22.93958],[70.31626,22.93958],[70.31626,22.93986],[70.31597,22.93986],[70.31597,22.94014],[70.3157,22.94014],[70.3157,22.94042],[70.31542,22.94042],[70.31542,22.94069],[70.31486,22.94069],[70.31486,22.94097],[70.31457,22.94097],[70.31457,22.94125],[70.31319,22.94125],[70.31319,22.94153],[70.31292,22.94153],[70.31292,22.94208],[70.31153,22.94208],[70.31153,22.94181],[70.31125,22.94181],[70.31125,22.94153],[70.31029,22.94153],[70.31014,22.94153],[70.31014,22.94161],[70.31014,22.94181],[70.30986,22.94181],[70.30986,22.94208],[70.3096,22.94208],[70.3096,22.94264],[70.3093,22.94264],[70.3093,22.94347],[70.30903,22.94347],[70.30903,22.94375],[70.30876,22.94375],[70.30876,22.94403],[70.3082,22.94403],[70.3082,22.94431],[70.30792,22.94431],[70.30792,22.94459],[70.30764,22.94458],[70.30764,22.94487],[70.30736,22.94487],[70.30736,22.94514],[70.30709,22.94514],[70.30709,22.94542],[70.30681,22.94542],[70.30681,22.94597],[70.30653,22.94597],[70.30653,22.94625],[70.30625,22.94625],[70.30625,22.94681],[70.30597,22.94681],[70.30597,22.94875],[70.30625,22.94875],[70.30625,22.9493],[70.30653,22.94931],[70.30653,22.94958],[70.30681,22.94958],[70.30681,22.94986],[70.30709,22.94986],[70.30709,22.95042],[70.30736,22.95042],[70.30736,22.95092],[70.30736,22.95107],[70.30736,22.95125],[70.307,22.95125],[70.30458,22.95125],[70.30458,22.95097],[70.30403,22.95098],[70.30403,22.9507],[70.30347,22.9507],[70.30347,22.95042],[70.30292,22.95042],[70.30292,22.95014],[70.30211,22.95014],[70.30209,22.95014],[70.30209,22.95013],[70.30209,22.94986],[70.30167,22.94986],[70.30153,22.94986],[70.30153,22.94977],[70.30153,22.94958],[70.30121,22.94958],[70.30097,22.94958],[70.30097,22.94949],[70.30097,22.94931],[70.30053,22.94931],[70.30042,22.94931],[70.30042,22.94927],[70.30042,22.94903],[70.29986,22.94903],[70.29986,22.94875],[70.29959,22.94875],[70.29959,22.94894],[70.29959,22.94903],[70.29931,22.94903],[70.29931,22.94882],[70.29931,22.94875],[70.29913,22.94875],[70.29792,22.94875],[70.29792,22.94848],[70.29792,22.94847],[70.2979,22.94847],[70.29764,22.94847],[70.29764,22.94828],[70.29764,22.94819],[70.29753,22.94819],[70.29737,22.94819],[70.29737,22.94808],[70.29737,22.94792],[70.29716,22.94793],[70.29708,22.94793],[70.29708,22.94787],[70.29708,22.94764],[70.29677,22.94764],[70.29652,22.94764],[70.29652,22.94745],[70.29652,22.94736],[70.29649,22.94736],[70.29625,22.94736],[70.29625,22.94708],[70.29569,22.94708],[70.29569,22.94681],[70.29514,22.94681],[70.29514,22.94653],[70.29459,22.94653],[70.29459,22.94625],[70.2943,22.94625],[70.2943,22.94597],[70.29375,22.94597],[70.29375,22.9457],[70.2932,22.9457],[70.2932,22.94542],[70.29181,22.94542],[70.29181,22.94514],[70.29097,22.94514],[70.29097,22.94487],[70.28958,22.94487],[70.28958,22.94514],[70.28875,22.94514],[70.28875,22.94542],[70.28819,22.94542],[70.28819,22.94514],[70.28792,22.94514],[70.28792,22.94542],[70.28736,22.94542],[70.28736,22.9457],[70.28708,22.9457],[70.28708,22.94597],[70.28653,22.94597],[70.28653,22.94625],[70.28625,22.94625],[70.28625,22.94653],[70.28597,22.94653],[70.28597,22.94681],[70.2857,22.94681],[70.2857,22.94708],[70.28542,22.94708],[70.28542,22.94681],[70.28514,22.94681],[70.28514,22.94708],[70.28431,22.94708],[70.2843,22.94736],[70.28403,22.94736],[70.28403,22.94764],[70.28321,22.94764],[70.28321,22.94793],[70.28264,22.94792],[70.28264,22.94819],[70.28208,22.94819],[70.28208,22.94847],[70.28098,22.94847],[70.28098,22.94875],[70.2793,22.94875],[70.2793,22.94903],[70.27986,22.94903],[70.27986,22.94931],[70.27959,22.94931],[70.27959,22.94986],[70.2793,22.94986],[70.2793,22.9507],[70.27903,22.9507],[70.27903,22.95098],[70.27847,22.95098],[70.27847,22.95042],[70.2782,22.95042],[70.2782,22.95098],[70.27764,22.95097],[70.27764,22.95125],[70.27708,22.95125],[70.27708,22.95153],[70.27571,22.95153],[70.27571,22.95181],[70.27542,22.9518],[70.27542,22.95209],[70.2757,22.95209],[70.2757,22.95236],[70.27597,22.95236],[70.27597,22.95264],[70.27486,22.95264],[70.27486,22.95236],[70.27458,22.95236],[70.27458,22.9518],[70.27431,22.9518],[70.27431,22.95236],[70.27403,22.95236],[70.27403,22.95264],[70.27349,22.95264],[70.27349,22.95292],[70.2732,22.95292],[70.2732,22.9532],[70.27292,22.9532],[70.27292,22.95347],[70.27236,22.95347],[70.27236,22.95375],[70.27209,22.95374],[70.27209,22.95403],[70.2718,22.95403],[70.2718,22.95431],[70.27153,22.95431],[70.27153,22.95458],[70.27125,22.95458],[70.27125,22.95514],[70.27014,22.95514],[70.27014,22.95542],[70.26939,22.95542],[70.26875,22.95542],[70.26875,22.95569],[70.26903,22.95569],[70.26903,22.95625],[70.26847,22.95625],[70.26847,22.95653],[70.2682,22.95653],[70.2682,22.95632],[70.2682,22.95625],[70.26792,22.95625],[70.26792,22.95664],[70.26792,22.95708],[70.26764,22.95708],[70.26764,22.95736],[70.26736,22.95736],[70.26736,22.95764],[70.26708,22.95764],[70.26708,22.9582],[70.26681,22.9582],[70.26681,22.95847],[70.26652,22.95847],[70.26652,22.95903],[70.26625,22.95903],[70.26625,22.95931],[70.26598,22.95931],[70.26598,22.95959],[70.26569,22.95958],[70.26569,22.96014],[70.26542,22.96014],[70.26542,22.96042],[70.2657,22.96042],[70.2657,22.96097],[70.26598,22.96097],[70.26598,22.96125],[70.26625,22.96125],[70.26625,22.96153],[70.26598,22.96153],[70.26598,22.96181],[70.2657,22.96181],[70.2657,22.96208],[70.26542,22.96208],[70.26542,22.96236],[70.26486,22.96236],[70.26486,22.96264],[70.26348,22.96264],[70.26348,22.96292],[70.26264,22.96292],[70.26264,22.96319],[70.26217,22.96319],[70.26209,22.96319],[70.26209,22.96327],[70.26209,22.96347],[70.26187,22.96347],[70.2618,22.96347],[70.2618,22.96353],[70.2618,22.96375],[70.26157,22.96375],[70.26153,22.96375],[70.26153,22.96379],[70.26153,22.96403],[70.26127,22.96403],[70.26126,22.96403],[70.26126,22.96404],[70.26126,22.96431],[70.26098,22.96431],[70.26097,22.96458],[70.26069,22.96458],[70.26069,22.96486],[70.26042,22.96486],[70.26039,22.96514],[70.26014,22.96514],[70.26014,22.96542],[70.25987,22.96541],[70.25987,22.9657],[70.25958,22.9657],[70.25958,22.96597],[70.25931,22.96597],[70.25931,22.96625],[70.25904,22.96625],[70.25904,22.96653],[70.25875,22.96653],[70.25875,22.96681],[70.25847,22.96681],[70.25847,22.96708],[70.25798,22.96708],[70.25792,22.96708],[70.25792,22.96714],[70.25792,22.96736],[70.25768,22.96736],[70.25764,22.96736],[70.25764,22.96739],[70.25764,22.96764],[70.25737,22.96764],[70.25735,22.96764],[70.25735,22.96766],[70.25735,22.96792],[70.25708,22.96792],[70.25708,22.9682],[70.25681,22.9682],[70.25681,22.96847],[70.25653,22.96847],[70.25653,22.96875],[70.25625,22.96875],[70.25625,22.96903],[70.25597,22.96903],[70.25597,22.96931],[70.25566,22.96931],[70.25542,22.96931],[70.25542,22.96955],[70.25542,22.96958],[70.25538,22.96958],[70.25514,22.96958],[70.25514,22.96982],[70.25514,22.96986],[70.2551,22.96986],[70.25486,22.96986],[70.25486,22.9701],[70.25486,22.97014],[70.25482,22.97014],[70.25458,22.97014],[70.25458,22.97038],[70.25458,22.97042],[70.25454,22.97042],[70.2543,22.97042],[70.2543,22.97056],[70.2543,22.97069],[70.25408,22.9707],[70.25403,22.97069],[70.25403,22.97073],[70.25403,22.97097],[70.25363,22.97097],[70.25347,22.97097],[70.25347,22.97107],[70.25347,22.97125],[70.2532,22.97125],[70.2532,22.97153],[70.25291,22.97153],[70.25291,22.97181],[70.25236,22.97181],[70.25236,22.97209],[70.25208,22.97208],[70.25208,22.97236],[70.25181,22.97236],[70.25181,22.97264],[70.25125,22.97264],[70.25125,22.97292],[70.25097,22.97292],[70.25097,22.9732],[70.2507,22.9732],[70.2507,22.97347],[70.24986,22.97347],[70.24986,22.97325],[70.24986,22.9732],[70.24931,22.9732],[70.24931,22.97292],[70.24848,22.97292],[70.24848,22.97306],[70.24848,22.9732],[70.24819,22.9732],[70.24819,22.97348],[70.24819,22.97375],[70.24792,22.97375],[70.24792,22.97388],[70.24792,22.97403],[70.24781,22.97403],[70.24736,22.97403],[70.24736,22.97431],[70.24709,22.97431],[70.24709,22.97458],[70.24653,22.97458],[70.24653,22.97486],[70.24625,22.97485],[70.24625,22.97505],[70.24625,22.97514],[70.24605,22.97514],[70.2457,22.97514],[70.2457,22.9753],[70.2457,22.97542],[70.24545,22.97542],[70.24542,22.97542],[70.24542,22.97543],[70.24542,22.97569],[70.24486,22.97569],[70.24486,22.97597],[70.24459,22.97597],[70.24459,22.97625],[70.24431,22.97625],[70.24431,22.97653],[70.24375,22.97653],[70.24375,22.9768],[70.24347,22.9768],[70.24347,22.97708],[70.24292,22.97708],[70.24292,22.97737],[70.24264,22.97736],[70.24264,22.97764],[70.24208,22.97764],[70.24208,22.97792],[70.24181,22.97791],[70.24181,22.9782],[70.24069,22.9782],[70.24069,22.97848],[70.23986,22.97847],[70.23986,22.97875],[70.23927,22.97875],[70.23875,22.97875],[70.23875,22.97903],[70.23792,22.97903],[70.23792,22.97931],[70.23764,22.97931],[70.23764,22.97959],[70.23653,22.97959],[70.23654,22.97986],[70.23625,22.97986],[70.23625,22.97958],[70.23542,22.97959],[70.23542,22.97931],[70.23487,22.97931],[70.23487,22.97903],[70.23402,22.97903],[70.23402,22.97875],[70.23347,22.97875],[70.23347,22.97847],[70.23264,22.97848],[70.23264,22.9782],[70.2318,22.9782],[70.2318,22.97791],[70.23125,22.97792],[70.23125,22.97764],[70.23041,22.97764],[70.23041,22.97736],[70.22986,22.97737],[70.22986,22.97708],[70.22931,22.97708],[70.22931,22.97647],[70.22931,22.97569],[70.22959,22.97569],[70.22959,22.97458],[70.22986,22.97458],[70.22986,22.97209],[70.23014,22.97209],[70.23014,22.96986],[70.22986,22.96986],[70.22986,22.9682],[70.22958,22.9682],[70.22958,22.96681],[70.22931,22.96681],[70.22931,22.96625],[70.22903,22.96625],[70.22903,22.96597],[70.22774,22.96597],[70.22708,22.96597],[70.22708,22.96625],[70.22681,22.96625],[70.22681,22.96653],[70.22652,22.96653],[70.22652,22.96681],[70.22625,22.96681],[70.22625,22.96708],[70.22598,22.96708],[70.22598,22.96736],[70.22542,22.96736],[70.22542,22.96764],[70.22514,22.96764],[70.22514,22.96792],[70.22486,22.96792],[70.22486,22.9682],[70.22459,22.9682],[70.22459,22.96847],[70.22431,22.96847],[70.22431,22.96875],[70.22403,22.96875],[70.22403,22.96903],[70.22375,22.96903],[70.22375,22.96931],[70.22347,22.96931],[70.22347,22.96956],[70.22347,22.96958],[70.22345,22.96958],[70.22292,22.96958],[70.22292,22.96986],[70.22264,22.96986],[70.22264,22.97014],[70.22236,22.97014],[70.22236,22.9704],[70.22236,22.97042],[70.22231,22.97042],[70.22181,22.97042],[70.2218,22.97069],[70.22153,22.97069],[70.22153,22.97083],[70.22153,22.97097],[70.22127,22.97097],[70.22125,22.97098],[70.22125,22.97125],[70.22074,22.97125],[70.22071,22.97125],[70.22071,22.97127],[70.22071,22.97153],[70.22042,22.97153],[70.22042,22.97181],[70.22014,22.97181],[70.22014,22.97209],[70.21958,22.97208],[70.21958,22.97236],[70.21931,22.97236],[70.21931,22.97264],[70.21875,22.97264],[70.21875,22.97292],[70.21847,22.97292],[70.21847,22.9732],[70.21792,22.9732],[70.21792,22.97347],[70.21764,22.97347],[70.21764,22.97375],[70.21736,22.97375],[70.21736,22.97403],[70.2168,22.97403],[70.2168,22.97431],[70.21653,22.97431],[70.21653,22.97458],[70.21597,22.97458],[70.21597,22.97486],[70.2157,22.97485],[70.2157,22.97514],[70.21514,22.97514],[70.21514,22.97542],[70.21459,22.97542],[70.21459,22.97569],[70.21403,22.97569],[70.21403,22.97597],[70.21347,22.97597],[70.21347,22.97625],[70.2132,22.97625],[70.2132,22.97653],[70.21264,22.97653],[70.21264,22.9768],[70.21208,22.9768],[70.21208,22.97708],[70.21153,22.97708],[70.21153,22.97737],[70.21099,22.97736],[70.21099,22.97764],[70.21042,22.97764],[70.21042,22.97792],[70.20986,22.97791],[70.20986,22.9782],[70.20959,22.9782],[70.20959,22.97848],[70.20903,22.97847],[70.20903,22.97875],[70.20848,22.97875],[70.20848,22.97903],[70.20792,22.97903],[70.20792,22.97931],[70.20764,22.97931],[70.20764,22.97959],[70.20708,22.97958],[70.20708,22.97986],[70.20653,22.97986],[70.20653,22.98014],[70.20624,22.98014],[70.20624,22.98042],[70.20597,22.98042],[70.20597,22.9807],[70.20569,22.98069],[70.20569,22.98125],[70.20541,22.98125],[70.20541,22.98153],[70.20514,22.98153],[70.20514,22.98181],[70.20487,22.98181],[70.20487,22.98208],[70.20458,22.98208],[70.20458,22.98236],[70.20431,22.98236],[70.20431,22.98292],[70.20403,22.98292],[70.20403,22.98319],[70.20375,22.98319],[70.20375,22.98347],[70.2035,22.98347],[70.20347,22.98404],[70.2032,22.98403],[70.2032,22.98486],[70.20292,22.98486],[70.20292,22.9857],[70.20264,22.98569],[70.20264,22.98653],[70.20236,22.98653],[70.20236,22.98748],[70.20236,22.98764],[70.20208,22.98764],[70.20208,22.98875],[70.20181,22.98875],[70.20181,22.99014],[70.20153,22.99014],[70.20153,22.99153],[70.20125,22.99153],[70.20125,22.99254],[70.19936,22.99298],[70.19847,22.99298],[70.19847,22.99181],[70.1982,22.99181],[70.1982,22.99069],[70.19792,22.99069],[70.19792,22.98958],[70.1982,22.98958],[70.1982,22.98875],[70.19847,22.98875],[70.19847,22.98792],[70.19876,22.98792],[70.19876,22.98708],[70.19903,22.98709],[70.19903,22.98625],[70.1993,22.98625],[70.1993,22.98486],[70.19959,22.98486],[70.19959,22.98375],[70.19986,22.98375],[70.19986,22.98319],[70.20014,22.98319],[70.20014,22.98264],[70.20043,22.98264],[70.20043,22.98208],[70.20069,22.98208],[70.20069,22.98153],[70.20097,22.98153],[70.20097,22.98125],[70.20125,22.98125],[70.20125,22.98098],[70.20153,22.98098],[70.20153,22.98069],[70.20181,22.9807],[70.20181,22.98042],[70.20208,22.98042],[70.20208,22.98014],[70.20236,22.98014],[70.20236,22.97958],[70.20264,22.97959],[70.20264,22.97931],[70.20292,22.97931],[70.20292,22.97903],[70.20318,22.97903],[70.20318,22.97875],[70.20347,22.97875],[70.20347,22.97847],[70.20375,22.97848],[70.20375,22.9782],[70.20403,22.9782],[70.20403,22.97791],[70.20458,22.97792],[70.20458,22.97764],[70.20486,22.97764],[70.20486,22.97736],[70.20514,22.97737],[70.20514,22.97708],[70.20569,22.97708],[70.20569,22.9768],[70.20597,22.9768],[70.20597,22.97653],[70.20624,22.97653],[70.20624,22.97625],[70.2068,22.97625],[70.2068,22.97597],[70.20709,22.97597],[70.20709,22.97569],[70.20819,22.97569],[70.20819,22.97542],[70.20869,22.97542],[70.20931,22.97542],[70.20931,22.97514],[70.21042,22.97514],[70.21042,22.97485],[70.2107,22.97486],[70.2107,22.97458],[70.21125,22.97458],[70.21125,22.97431],[70.21153,22.97431],[70.21153,22.97403],[70.21181,22.97403],[70.21181,22.97375],[70.21237,22.97375],[70.21237,22.97347],[70.21264,22.97347],[70.21264,22.9732],[70.21292,22.9732],[70.21292,22.97292],[70.21347,22.97292],[70.21347,22.97264],[70.21375,22.97264],[70.21375,22.97236],[70.2143,22.97236],[70.2143,22.97208],[70.21459,22.97209],[70.21459,22.97181],[70.21486,22.97181],[70.21486,22.97153],[70.21541,22.97153],[70.21541,22.97125],[70.21569,22.97125],[70.2157,22.97097],[70.21597,22.97097],[70.21597,22.97069],[70.21653,22.97069],[70.21653,22.97042],[70.2168,22.97042],[70.2168,22.97014],[70.21736,22.97014],[70.21736,22.96986],[70.21764,22.96986],[70.21764,22.96958],[70.21792,22.96958],[70.21792,22.96931],[70.21847,22.96931],[70.21847,22.96903],[70.21875,22.96903],[70.21875,22.96875],[70.21902,22.96875],[70.21902,22.96847],[70.21958,22.96847],[70.21958,22.9682],[70.21995,22.9682],[70.22014,22.9682],[70.22014,22.96802],[70.22014,22.96792],[70.22024,22.96792],[70.22071,22.96792],[70.22071,22.96747],[70.22071,22.96736],[70.22082,22.96736],[70.22097,22.96736],[70.22097,22.96721],[70.22097,22.96708],[70.2211,22.96708],[70.22125,22.96708],[70.22125,22.96694],[70.22125,22.96681],[70.22139,22.96681],[70.22153,22.96681],[70.22153,22.96668],[70.22153,22.96653],[70.22168,22.96653],[70.2218,22.96653],[70.2218,22.96641],[70.2218,22.96625],[70.22197,22.96625],[70.22207,22.96625],[70.22207,22.96615],[70.22207,22.96568],[70.22236,22.9657],[70.22236,22.96541],[70.22264,22.96542],[70.22264,22.96514],[70.22293,22.96514],[70.22292,22.96458],[70.2232,22.96458],[70.2232,22.96431],[70.22347,22.96431],[70.22347,22.96403],[70.22375,22.96403],[70.22375,22.96347],[70.22403,22.96347],[70.22403,22.96319],[70.22431,22.96319],[70.22431,22.96264],[70.2246,22.96264],[70.2246,22.96153],[70.22486,22.96153],[70.22486,22.9607],[70.22514,22.9607],[70.22514,22.96014],[70.22486,22.96014],[70.22486,22.95987],[70.22431,22.95987],[70.22431,22.95958],[70.22403,22.95959],[70.22403,22.95931],[70.22347,22.95931],[70.22347,22.95903],[70.2232,22.95903],[70.2232,22.95875],[70.22264,22.95875],[70.22264,22.95847],[70.22236,22.95847],[70.22236,22.9582],[70.2218,22.9582],[70.2218,22.95792],[70.22153,22.95792],[70.22153,22.95764],[70.22097,22.95764],[70.22097,22.95736],[70.22042,22.95736],[70.22042,22.95708],[70.22014,22.95708],[70.22014,22.95681],[70.21985,22.95681],[70.21985,22.95653],[70.21933,22.95653],[70.21932,22.95643],[70.21931,22.95625],[70.21875,22.95625],[70.21875,22.95597],[70.21764,22.95597],[70.21764,22.95569],[70.21709,22.95569],[70.21709,22.95542],[70.21625,22.95542],[70.21625,22.95486],[70.21597,22.95486],[70.21597,22.95458],[70.21458,22.95458],[70.21458,22.95486],[70.2143,22.95486],[70.2143,22.95514],[70.21375,22.95514],[70.21375,22.95458],[70.21347,22.95458],[70.21347,22.95403],[70.21291,22.95403],[70.21291,22.95374],[70.21237,22.95375],[70.21237,22.95292],[70.21153,22.95292],[70.21153,22.95264],[70.21042,22.95264],[70.21042,22.95236],[70.20959,22.95236],[70.20959,22.95209],[70.20875,22.95209],[70.20875,22.9518],[70.20708,22.95181],[70.20708,22.95153],[70.20569,22.95153],[70.20569,22.95125],[70.20549,22.95125],[70.20403,22.95125],[70.20403,22.95098],[70.20236,22.95098],[70.20236,22.9507],[70.20098,22.9507],[70.20098,22.95098],[70.19876,22.95098],[70.19876,22.9507],[70.1982,22.9507],[70.1982,22.95042],[70.19791,22.95042],[70.19791,22.95014],[70.19708,22.95014],[70.19708,22.95042],[70.19737,22.95042],[70.19737,22.9507],[70.19708,22.9507],[70.19708,22.95098],[70.19681,22.95097],[70.19681,22.95125],[70.19625,22.95125],[70.19625,22.95097],[70.19542,22.95098],[70.19542,22.9507],[70.19458,22.9507],[70.19458,22.95042],[70.19486,22.95042],[70.19486,22.95014],[70.18986,22.95014],[70.18986,22.9507],[70.18958,22.9507],[70.18958,22.95098],[70.18903,22.95098],[70.18903,22.9507],[70.18708,22.9507],[70.18708,22.95042],[70.18264,22.95042],[70.18264,22.9507],[70.18127,22.9507],[70.1807,22.9507],[70.1807,22.95098],[70.17736,22.95097],[70.17736,22.95125],[70.17625,22.95125],[70.17625,22.95098],[70.1757,22.95098],[70.1757,22.9507],[70.17542,22.9507],[70.17542,22.95014],[70.17458,22.95014],[70.17458,22.95042],[70.17375,22.95042],[70.17375,22.9507],[70.17347,22.9507],[70.17347,22.95042],[70.17292,22.95042],[70.17292,22.95014],[70.17264,22.95014],[70.17264,22.94986],[70.17237,22.94986],[70.17237,22.94958],[70.17208,22.94958],[70.17208,22.94931],[70.17181,22.94931],[70.17181,22.94903],[70.17125,22.94903],[70.17125,22.94875],[70.17097,22.94875],[70.17097,22.94847],[70.17069,22.94847],[70.17069,22.94819],[70.17042,22.94819],[70.17042,22.94792],[70.16903,22.94792],[70.16903,22.94819],[70.16875,22.94819],[70.16875,22.94792],[70.1682,22.94793],[70.1682,22.94764],[70.16792,22.94764],[70.16792,22.94736],[70.16764,22.94736],[70.16764,22.94708],[70.16736,22.94708],[70.16736,22.94653],[70.16707,22.94653],[70.16707,22.94625],[70.16681,22.94625],[70.16681,22.94569],[70.16653,22.9457],[70.16653,22.94542],[70.16625,22.94542],[70.16625,22.94514],[70.16597,22.94514],[70.16597,22.94497],[70.16597,22.94487],[70.16579,22.94487],[70.1657,22.94487],[70.1657,22.94483],[70.1657,22.94458],[70.16541,22.94459],[70.16541,22.94403],[70.16514,22.94403],[70.16514,22.94347],[70.16444,22.94347],[70.16347,22.94347],[70.16347,22.9432],[70.16319,22.9432],[70.16319,22.94292],[70.16292,22.94292],[70.16292,22.94264],[70.16236,22.94264],[70.1618,22.94264],[70.1618,22.94292],[70.16126,22.94292],[70.16126,22.9432],[70.1607,22.9432],[70.1607,22.94347],[70.16042,22.94347],[70.16042,22.94411],[70.16042,22.94459],[70.15971,22.94458],[70.15958,22.94458],[70.15958,22.94466],[70.15958,22.94487],[70.15986,22.94487],[70.15986,22.94514],[70.15958,22.94514],[70.15958,22.94542],[70.15903,22.94542],[70.15903,22.9457],[70.15875,22.9457],[70.15875,22.94597],[70.15847,22.94597],[70.15847,22.94625],[70.15792,22.94625],[70.15792,22.94597],[70.15764,22.94597],[70.15764,22.94625],[70.15681,22.94625],[70.15681,22.94653],[70.15625,22.94653],[70.15625,22.94681],[70.15486,22.94681],[70.15486,22.94708],[70.15431,22.94708],[70.15431,22.94697],[70.15431,22.94681],[70.15375,22.94681],[70.15375,22.94708],[70.15347,22.94708],[70.15347,22.94736],[70.1532,22.94736],[70.1532,22.94764],[70.15291,22.94764],[70.15291,22.94793],[70.15264,22.94792],[70.15264,22.94812],[70.15264,22.94847],[70.15213,22.94847],[70.15209,22.94847],[70.15209,22.9485],[70.15209,22.94875],[70.15173,22.94875],[70.15153,22.94875],[70.15153,22.94889],[70.15153,22.94903],[70.15133,22.94903],[70.15097,22.94903],[70.15097,22.94928],[70.15097,22.94931],[70.15092,22.94931],[70.1507,22.94931],[70.1507,22.94947],[70.1507,22.94958],[70.15042,22.94958],[70.15014,22.94958],[70.15014,22.94969],[70.15014,22.94986],[70.14986,22.94986],[70.14986,22.95014],[70.14932,22.95014],[70.14932,22.95042],[70.14903,22.95042],[70.14903,22.9507],[70.1476,22.9507],[70.14514,22.9507],[70.14514,22.95098],[70.14458,22.95097],[70.14458,22.95125],[70.14375,22.95125],[70.14375,22.95153],[70.14319,22.95153],[70.14319,22.95181],[70.14264,22.9518],[70.14264,22.95209],[70.14208,22.95209],[70.14208,22.95236],[70.14153,22.95236],[70.14153,22.95264],[70.14125,22.95264],[70.14125,22.95292],[70.14098,22.95292],[70.14098,22.9532],[70.1407,22.9532],[70.1407,22.95347],[70.14042,22.95347],[70.14042,22.95375],[70.14015,22.95374],[70.14015,22.95403],[70.13986,22.95403],[70.13986,22.95431],[70.13958,22.95431],[70.13958,22.95458],[70.1393,22.95458],[70.13931,22.95486],[70.13903,22.95486],[70.13903,22.95514],[70.13875,22.95514],[70.13875,22.95542],[70.13848,22.95542],[70.13848,22.95569],[70.13819,22.95569],[70.13819,22.95597],[70.13792,22.95597],[70.13792,22.95625],[70.13764,22.95625],[70.13764,22.95653],[70.13736,22.95653],[70.13736,22.95681],[70.13708,22.95681],[70.13708,22.95708],[70.1368,22.95708],[70.1368,22.95736],[70.13653,22.95736],[70.13653,22.95764],[70.13625,22.95764],[70.13625,22.95792],[70.1357,22.95792],[70.1357,22.9582],[70.13542,22.9582],[70.13542,22.95847],[70.13514,22.95847],[70.13514,22.95875],[70.13486,22.95875],[70.13486,22.95903],[70.13458,22.95903],[70.13458,22.95931],[70.13431,22.95931],[70.13431,22.95951],[70.13431,22.95959],[70.1342,22.95958],[70.13375,22.95958],[70.13375,22.95987],[70.13347,22.95987],[70.13347,22.96008],[70.13347,22.96014],[70.13339,22.96014],[70.13319,22.96014],[70.13319,22.96028],[70.13319,22.96042],[70.13297,22.96042],[70.13264,22.96042],[70.13264,22.96065],[70.13264,22.9607],[70.13257,22.9607],[70.13236,22.9607],[70.13236,22.96078],[70.13236,22.96097],[70.13181,22.96097],[70.13181,22.96125],[70.13065,22.96125],[70.13014,22.96125],[70.13014,22.96139],[70.13014,22.96153],[70.12903,22.96153],[70.12903,22.96143],[70.12903,22.96125],[70.12797,22.96125],[70.12681,22.96125],[70.12681,22.96105],[70.12681,22.96097],[70.12653,22.96097],[70.12653,22.9607],[70.12319,22.9607],[70.12319,22.96097],[70.12292,22.96097],[70.12292,22.96125],[70.12236,22.96125],[70.12236,22.96153],[70.12181,22.96153],[70.12181,22.96181],[70.12125,22.96181],[70.12125,22.96236],[70.12097,22.96236],[70.12097,22.96291],[70.12097,22.96292],[70.1207,22.96292],[70.1207,22.96338],[70.1207,22.96347],[70.12064,22.96347],[70.12041,22.96347],[70.12041,22.96387],[70.12041,22.96403],[70.12031,22.96403],[70.12014,22.96403],[70.12014,22.96433],[70.12014,22.96458],[70.12004,22.96458],[70.11986,22.96458],[70.11986,22.9657],[70.12011,22.9657],[70.12014,22.9657],[70.12014,22.96616],[70.12014,22.96736],[70.12022,22.96736],[70.12042,22.96736],[70.12042,22.96847],[70.1207,22.96847],[70.1207,22.96903],[70.12097,22.96903],[70.12097,22.96958],[70.12125,22.96958],[70.12125,22.96982],[70.12125,22.97014],[70.12153,22.97014],[70.12153,22.97069],[70.12181,22.97069],[70.12181,22.97125],[70.1221,22.97125],[70.1221,22.97181],[70.12236,22.97181],[70.12236,22.97232],[70.12236,22.97236],[70.12241,22.97236],[70.12264,22.97236],[70.12264,22.97256],[70.12264,22.97264],[70.12274,22.97264],[70.12319,22.97264],[70.12319,22.97292],[70.12375,22.97292],[70.12375,22.9732],[70.12403,22.9732],[70.12403,22.97347],[70.12458,22.97347],[70.12458,22.97375],[70.12515,22.97375],[70.12515,22.97403],[70.12542,22.97403],[70.12542,22.97431],[70.12597,22.97431],[70.12597,22.97458],[70.12625,22.97458],[70.12625,22.97486],[70.12681,22.97485],[70.12681,22.97514],[70.12708,22.97514],[70.12708,22.97542],[70.12764,22.97542],[70.12764,22.97569],[70.12792,22.97569],[70.12792,22.97597],[70.12847,22.97597],[70.12847,22.97625],[70.12874,22.97627],[70.12875,22.97653],[70.1289,22.97653],[70.1293,22.97653],[70.1293,22.9768],[70.12959,22.9768],[70.12959,22.97708],[70.12986,22.97708],[70.12986,22.97764],[70.13014,22.97764],[70.13014,22.97792],[70.13042,22.97792],[70.13042,22.97848],[70.13069,22.97847],[70.13069,22.97903],[70.13096,22.97903],[70.13096,22.97931],[70.13125,22.97931],[70.13125,22.97986],[70.13153,22.97986],[70.13153,22.98075],[70.13153,22.98125],[70.13181,22.98125],[70.13181,22.98292],[70.13236,22.98292],[70.13236,22.98319],[70.13292,22.98319],[70.13292,22.98347],[70.13319,22.98347],[70.13319,22.98404],[70.13347,22.98404],[70.13347,22.98431],[70.13375,22.98431],[70.13375,22.98486],[70.13403,22.98486],[70.13403,22.9857],[70.1332,22.9857],[70.1332,22.98597],[70.13264,22.98597],[70.13264,22.98625],[70.13208,22.98625],[70.13208,22.98653],[70.13153,22.98653],[70.13153,22.98681],[70.13098,22.98681],[70.13098,22.98709],[70.13042,22.98709],[70.13042,22.98736],[70.12986,22.98736],[70.12986,22.98792],[70.12959,22.98792],[70.12959,22.98819],[70.1293,22.9882],[70.1293,22.98875],[70.12903,22.98875],[70.12903,22.98931],[70.12875,22.98931],[70.12875,22.99042],[70.12903,22.99042],[70.12903,22.99209],[70.1293,22.99208],[70.1293,22.99264],[70.12959,22.99264],[70.12959,22.9932],[70.12986,22.99319],[70.12986,22.99375],[70.13014,22.99375],[70.13014,22.99431],[70.13042,22.99431],[70.13042,22.99486],[70.13069,22.99486],[70.13069,22.99542],[70.13096,22.99542],[70.13096,22.99598],[70.13125,22.99598],[70.13125,22.99625],[70.13153,22.99625],[70.13153,22.99681],[70.13181,22.99681],[70.13181,22.99736],[70.13208,22.99736],[70.13208,22.99792],[70.13236,22.99792],[70.13236,22.99847],[70.13264,22.99847],[70.13264,22.99875],[70.13292,22.99875],[70.13292,22.99904],[70.1332,22.99903],[70.1332,22.99959],[70.13292,22.99959],[70.13292,22.99995],[70.13292,23.00014],[70.13319,23.00014],[70.13319,23.00042],[70.13375,23.00042],[70.13375,23.0007],[70.13403,23.0007],[70.13403,23.00097],[70.13431,23.00097],[70.13431,23.00125],[70.13486,23.00125],[70.13486,23.00153],[70.13514,23.00153],[70.13514,23.00181],[70.13542,23.00181],[70.13542,23.00208],[70.1357,23.00208],[70.1357,23.00236],[70.13597,23.00236],[70.13597,23.00264],[70.13625,23.00264],[70.13625,23.00292],[70.13653,23.00292],[70.13653,23.00319],[70.1368,23.00319],[70.1368,23.00347],[70.13736,23.00347],[70.13736,23.00375],[70.13764,23.00375],[70.13764,23.00403],[70.13792,23.00403],[70.13792,23.0043],[70.13819,23.0043],[70.13819,23.00458],[70.13848,23.00458],[70.13848,23.00487],[70.13875,23.00486],[70.13875,23.00514],[70.13903,23.00514],[70.13903,23.00542],[70.13931,23.00542],[70.13931,23.0057],[70.13958,23.0057],[70.13958,23.00598],[70.14014,23.00598],[70.14014,23.00625],[70.14042,23.00625],[70.14042,23.00653],[70.14068,23.00653],[70.14068,23.00681],[70.14098,23.00681],[70.14098,23.00709],[70.14153,23.00709],[70.14153,23.00736],[70.14181,23.00736],[70.14181,23.00764],[70.14208,23.00764],[70.14208,23.00792],[70.14237,23.00792],[70.14237,23.0082],[70.14264,23.0082],[70.14264,23.00847],[70.1429,23.00847],[70.1429,23.00875],[70.14319,23.00875],[70.14319,23.00903],[70.14347,23.00903],[70.14347,23.01014],[70.14375,23.01014],[70.14375,23.0118],[70.14403,23.01181],[70.14403,23.01216],[70.14201,23.01261],[70.14125,23.01258],[70.14125,23.01181],[70.14098,23.01181],[70.14098,23.01098],[70.14068,23.01098],[70.14068,23.01014],[70.14042,23.01014],[70.14042,23.00931],[70.14015,23.00931],[70.14015,23.00875],[70.13986,23.00875],[70.13986,23.00847],[70.1393,23.00847],[70.1393,23.0082],[70.13903,23.0082],[70.13903,23.00792],[70.13847,23.00792],[70.13847,23.00764],[70.13819,23.00764],[70.13819,23.00736],[70.13792,23.00736],[70.13792,23.00708],[70.13764,23.00709],[70.13764,23.00681],[70.13709,23.00681],[70.13709,23.00653],[70.1368,23.00653],[70.1368,23.00625],[70.13653,23.00625],[70.13653,23.00597],[70.13625,23.00598],[70.13625,23.0057],[70.13597,23.0057],[70.13597,23.00542],[70.13541,23.00542],[70.13541,23.00514],[70.13486,23.00514],[70.13486,23.00486],[70.13403,23.00487],[70.13403,23.00458],[70.13375,23.00458],[70.13375,23.0043],[70.13347,23.0043],[70.13347,23.00403],[70.13319,23.00403],[70.13319,23.00375],[70.13264,23.00375],[70.13264,23.00347],[70.13208,23.00347],[70.13208,23.00319],[70.13181,23.00319],[70.13181,23.00292],[70.13153,23.00292],[70.13153,23.00236],[70.13125,23.00236],[70.13125,23.00208],[70.13098,23.00208],[70.13098,23.00181],[70.13069,23.00181],[70.13069,23.00125],[70.13042,23.00125],[70.13042,23.00097],[70.13014,23.00097],[70.13014,23.0007],[70.12986,23.0007],[70.12986,23.00014],[70.12959,23.00014],[70.12959,22.99986],[70.12959,22.99931],[70.1293,22.99931],[70.1293,22.99875],[70.12903,22.99875],[70.12903,22.99847],[70.12876,22.99847],[70.12876,22.99792],[70.12847,22.99792],[70.12847,22.99708],[70.1282,22.99708],[70.1282,22.99653],[70.1279,22.99653],[70.1279,22.99625],[70.12764,22.99625],[70.12764,22.9957],[70.12736,22.9957],[70.12736,22.99542],[70.12708,22.99542],[70.12708,22.99514],[70.12681,22.99514],[70.12681,22.99486],[70.12653,22.99486],[70.12653,22.99431],[70.12625,22.99431],[70.12625,22.99403],[70.12597,22.99403],[70.12597,22.99375],[70.12569,22.99375],[70.12569,22.99319],[70.12542,22.9932],[70.12542,22.99209],[70.12514,22.99209],[70.12514,22.99153],[70.12486,22.99153],[70.12486,22.99014],[70.12458,22.99014],[70.12458,22.98736],[70.12431,22.98736],[70.12431,22.98625],[70.12403,22.98625],[70.12403,22.98514],[70.12375,22.98514],[70.12375,22.98375],[70.12347,22.98375],[70.12347,22.98264],[70.12319,22.98264],[70.12319,22.98208],[70.12236,22.98208],[70.12236,22.98181],[70.12097,22.98181],[70.12097,22.98098],[70.1207,22.98098],[70.1207,22.98042],[70.12041,22.98042],[70.12041,22.98014],[70.12014,22.98014],[70.12014,22.97958],[70.11986,22.97959],[70.11986,22.97931],[70.11959,22.97931],[70.11959,22.97903],[70.11931,22.97903],[70.11931,22.97875],[70.11902,22.97875],[70.11902,22.97847],[70.11875,22.97848],[70.11875,22.97809],[70.11875,22.97792],[70.11849,22.97792],[70.11847,22.97792],[70.11847,22.9779],[70.11847,22.97764],[70.11819,22.97764],[70.11819,22.97736],[70.11792,22.97737],[70.11792,22.97708],[70.11736,22.97708],[70.11736,22.9768],[70.11708,22.9768],[70.11708,22.97653],[70.11653,22.97653],[70.11653,22.97625],[70.11625,22.97625],[70.11625,22.97597],[70.11569,22.97597],[70.11569,22.97569],[70.11542,22.97569],[70.11542,22.97542],[70.11507,22.97542],[70.11486,22.97542],[70.11486,22.97514],[70.11459,22.97514],[70.11459,22.97485],[70.11431,22.97486],[70.11431,22.97458],[70.11403,22.97458],[70.11403,22.97431],[70.11375,22.97431],[70.11375,22.97403],[70.11321,22.97403],[70.11321,22.97375],[70.11292,22.97375],[70.11292,22.97347],[70.11264,22.97347],[70.11264,22.97264],[70.11236,22.97264],[70.11236,22.97153],[70.11208,22.97153],[70.11208,22.97014],[70.11181,22.97014],[70.11181,22.96875],[70.11153,22.96875],[70.11153,22.96806],[70.11153,22.96764],[70.11125,22.96764],[70.11125,22.96625],[70.11097,22.96625],[70.11097,22.96486],[70.11069,22.96486],[70.11069,22.96347],[70.11042,22.96347],[70.11042,22.96208],[70.1107,22.96208],[70.1107,22.96097],[70.11097,22.96097],[70.11097,22.96014],[70.11125,22.96014],[70.11125,22.95987],[70.11153,22.95987],[70.11153,22.9593],[70.11181,22.95931],[70.11181,22.95903],[70.11196,22.95903],[70.11208,22.95903],[70.11208,22.95884],[70.11208,22.95875],[70.11219,22.95875],[70.11236,22.95875],[70.11236,22.95862],[70.11236,22.95819],[70.11264,22.9582],[70.11264,22.95792],[70.11292,22.95792],[70.11292,22.95764],[70.11347,22.95764],[70.11347,22.95736],[70.11375,22.95736],[70.11375,22.95708],[70.11431,22.95708],[70.11431,22.95681],[70.11471,22.95681],[70.11486,22.95681],[70.11486,22.95669],[70.11486,22.95653],[70.11507,22.95653],[70.11514,22.95653],[70.11514,22.95648],[70.11514,22.95625],[70.11543,22.95625],[70.11569,22.95625],[70.11569,22.95605],[70.11569,22.95597],[70.1158,22.95597],[70.11625,22.95597],[70.11625,22.95569],[70.11653,22.95569],[70.11653,22.95542],[70.11708,22.95542],[70.11708,22.95514],[70.11736,22.95514],[70.11736,22.95486],[70.11764,22.95486],[70.11764,22.95461],[70.11764,22.95458],[70.11769,22.95458],[70.1182,22.95458],[70.1182,22.95431],[70.11847,22.95431],[70.11847,22.95403],[70.11875,22.95403],[70.11875,22.95382],[70.11875,22.95374],[70.11886,22.95374],[70.11903,22.95375],[70.11903,22.95363],[70.11903,22.95347],[70.11925,22.95347],[70.11931,22.95347],[70.11931,22.95343],[70.11931,22.9532],[70.11963,22.9532],[70.11986,22.9532],[70.11986,22.95304],[70.11986,22.95292],[70.12002,22.95292],[70.12014,22.95292],[70.12014,22.95283],[70.12014,22.95264],[70.12041,22.95264],[70.12041,22.95236],[70.1208,22.95236],[70.12097,22.95236],[70.12097,22.95224],[70.12097,22.95208],[70.12119,22.95208],[70.12125,22.95209],[70.12125,22.95205],[70.12125,22.9518],[70.1216,22.95181],[70.12181,22.95181],[70.12181,22.9517],[70.12181,22.95153],[70.12213,22.95153],[70.12236,22.95153],[70.12236,22.95141],[70.12236,22.95125],[70.12264,22.95125],[70.12264,22.95097],[70.12319,22.95098],[70.12319,22.9507],[70.12374,22.9507],[70.12375,22.9507],[70.12375,22.95042],[70.12403,22.95042],[70.12403,22.95014],[70.12458,22.95014],[70.12458,22.94986],[70.12514,22.94986],[70.12514,22.94958],[70.1257,22.94958],[70.1257,22.94931],[70.12625,22.9493],[70.12625,22.94681],[70.12653,22.94681],[70.12653,22.94653],[70.12432,22.94653],[70.12432,22.94681],[70.12319,22.94681],[70.12319,22.94708],[70.12181,22.94708],[70.12181,22.94736],[70.12125,22.94736],[70.12125,22.94764],[70.12097,22.94764],[70.12097,22.94793],[70.12042,22.94792],[70.12042,22.94819],[70.11986,22.94819],[70.11986,22.94847],[70.11959,22.94847],[70.11959,22.94875],[70.11902,22.94875],[70.11902,22.94903],[70.11875,22.94903],[70.11875,22.94931],[70.1182,22.94931],[70.1182,22.94958],[70.11764,22.94958],[70.11764,22.94986],[70.11736,22.94986],[70.11736,22.95014],[70.11681,22.95014],[70.11681,22.95042],[70.11653,22.95042],[70.11653,22.9507],[70.11598,22.9507],[70.11598,22.95098],[70.11569,22.95097],[70.11569,22.95125],[70.11514,22.95125],[70.11514,22.95153],[70.11459,22.95153],[70.11459,22.95181],[70.11403,22.9518],[70.11403,22.95209],[70.11347,22.95209],[70.11347,22.95236],[70.11292,22.95236],[70.11292,22.95264],[70.11097,22.95264],[70.11097,22.95236],[70.10958,22.95236],[70.10958,22.95209],[70.10931,22.95209],[70.10931,22.9518],[70.10902,22.95181],[70.10902,22.95153],[70.10875,22.95153],[70.10875,22.95125],[70.10819,22.95125],[70.10819,22.95097],[70.10792,22.95098],[70.10792,22.9507],[70.10764,22.9507],[70.10764,22.95042],[70.10736,22.95042],[70.10736,22.94986],[70.10709,22.94986],[70.10709,22.94903],[70.10679,22.94903],[70.10679,22.94819],[70.10653,22.94819],[70.10653,22.94764],[70.10625,22.94764],[70.10625,22.94708],[70.10597,22.94708],[70.10597,22.94625],[70.1057,22.94625],[70.1057,22.94569],[70.10542,22.9457],[70.10542,22.94514],[70.10514,22.94514],[70.10514,22.94458],[70.10486,22.94459],[70.10486,22.94375],[70.10458,22.94375],[70.10458,22.9432],[70.10431,22.9432],[70.10431,22.94264],[70.10402,22.94264],[70.10402,22.94208],[70.10375,22.94208],[70.10375,22.94181],[70.10125,22.94181],[70.10125,22.94208],[70.09986,22.94208],[70.09986,22.94236],[70.0982,22.94236],[70.0982,22.94264],[70.09764,22.94264],[70.09764,22.94292],[70.09736,22.94292],[70.09736,22.94375],[70.09708,22.94375],[70.09708,22.94542],[70.09681,22.94542],[70.0968,22.94708],[70.09653,22.94708],[70.09653,22.94819],[70.09625,22.94819],[70.09625,22.94875],[70.09597,22.94875],[70.09597,22.94931],[70.0957,22.94931],[70.0957,22.94958],[70.09541,22.94958],[70.09541,22.95014],[70.09571,22.95014],[70.09571,22.95042],[70.09541,22.95042],[70.09541,22.95098],[70.09514,22.95097],[70.09514,22.95125],[70.09458,22.95125],[70.09458,22.95153],[70.09431,22.95153],[70.09431,22.95181],[70.09348,22.9518],[70.09348,22.95209],[70.09264,22.95209],[70.09264,22.95236],[70.09179,22.95236],[70.09179,22.95264],[70.09097,22.95264],[70.09097,22.95208],[70.09125,22.95209],[70.09125,22.9518],[70.09179,22.95181],[70.09179,22.95153],[70.09236,22.95153],[70.09236,22.95125],[70.09348,22.95125],[70.09348,22.95098],[70.09375,22.95098],[70.09375,22.95042],[70.09402,22.95042],[70.09402,22.94903],[70.09431,22.94903],[70.09431,22.94653],[70.09458,22.94653],[70.09458,22.94542],[70.09485,22.94542],[70.09485,22.94514],[70.09514,22.94514],[70.09514,22.94487],[70.09541,22.94487],[70.09541,22.94431],[70.09571,22.94431],[70.09571,22.94403],[70.09597,22.94403],[70.09597,22.94375],[70.09625,22.94375],[70.09625,22.94347],[70.09653,22.94347],[70.09653,22.94292],[70.0968,22.94292],[70.0968,22.94264],[70.09708,22.94264],[70.09708,22.94236],[70.09736,22.94236],[70.09736,22.94181],[70.09764,22.94181],[70.09764,22.94153],[70.09793,22.94153],[70.09793,22.94097],[70.0982,22.94097],[70.0982,22.94042],[70.09847,22.94042],[70.09847,22.94014],[70.09875,22.94014],[70.09875,22.93958],[70.09903,22.93958],[70.09903,22.93931],[70.0993,22.93931],[70.0993,22.93903],[70.09958,22.93903],[70.09958,22.93847],[70.09986,22.93847],[70.09986,22.93819],[70.10098,22.93819],[70.10098,22.93847],[70.10181,22.93847],[70.10181,22.93875],[70.10236,22.93874],[70.10236,22.93903],[70.10264,22.93903],[70.10264,22.93931],[70.1032,22.93931],[70.1032,22.93958],[70.10347,22.93958],[70.10347,22.93986],[70.10375,22.93986],[70.10375,22.94014],[70.10402,22.94014],[70.10402,22.94042],[70.10459,22.94042],[70.10459,22.94069],[70.10486,22.94069],[70.10486,22.94097],[70.10514,22.94097],[70.10514,22.94125],[70.10542,22.94125],[70.10542,22.94181],[70.1057,22.94181],[70.1057,22.94208],[70.10597,22.94208],[70.10597,22.94236],[70.10625,22.94236],[70.10625,22.94264],[70.10653,22.94264],[70.10653,22.9432],[70.10681,22.9432],[70.10681,22.94347],[70.10708,22.94347],[70.10708,22.94375],[70.10736,22.94375],[70.10736,22.94431],[70.10764,22.94431],[70.10764,22.94459],[70.10792,22.94458],[70.10792,22.94487],[70.10819,22.94487],[70.10819,22.94542],[70.10848,22.94542],[70.10848,22.9457],[70.10875,22.9457],[70.10875,22.94597],[70.10902,22.94597],[70.10902,22.94653],[70.10931,22.94653],[70.10931,22.94681],[70.10958,22.94681],[70.10958,22.94736],[70.10987,22.94736],[70.10987,22.94764],[70.11014,22.94764],[70.11014,22.94793],[70.11042,22.94792],[70.11042,22.94847],[70.11069,22.94847],[70.11069,22.94875],[70.11097,22.94875],[70.11097,22.9493],[70.11125,22.94931],[70.11125,22.94958],[70.11264,22.94958],[70.11264,22.94931],[70.11321,22.9493],[70.1132,22.94903],[70.11347,22.94903],[70.11347,22.94875],[70.11403,22.94875],[70.11403,22.94847],[70.11431,22.94847],[70.11431,22.94819],[70.11459,22.94819],[70.11459,22.94792],[70.11486,22.94793],[70.11486,22.94764],[70.11542,22.94764],[70.11542,22.94736],[70.11569,22.94736],[70.11569,22.94708],[70.11598,22.94708],[70.11598,22.94681],[70.11653,22.94681],[70.11653,22.94653],[70.11681,22.94653],[70.11681,22.94625],[70.11736,22.94625],[70.11736,22.94597],[70.11792,22.94597],[70.11792,22.9457],[70.1182,22.9457],[70.1182,22.94542],[70.11875,22.94542],[70.11875,22.94514],[70.11986,22.94514],[70.11986,22.94487],[70.12125,22.94487],[70.12125,22.94458],[70.12236,22.94459],[70.12236,22.94431],[70.12403,22.94431],[70.12403,22.94403],[70.12597,22.94403],[70.12597,22.94375],[70.12879,22.94375],[70.13153,22.94375],[70.13153,22.94353],[70.13153,22.94347],[70.13204,22.94347],[70.13458,22.94347],[70.13458,22.9432],[70.13514,22.9432],[70.13514,22.94292],[70.1357,22.94292],[70.1357,22.94264],[70.13625,22.94264],[70.13625,22.94236],[70.1368,22.94236],[70.1368,22.94208],[70.13736,22.94208],[70.13736,22.94181],[70.13764,22.94181],[70.13764,22.94156],[70.13764,22.94153],[70.1377,22.94153],[70.13819,22.94153],[70.13819,22.94125],[70.13903,22.94125],[70.13903,22.94069],[70.1393,22.94069],[70.1393,22.94044],[70.1393,22.93764],[70.13903,22.93764],[70.13903,22.9332],[70.13875,22.9332],[70.13875,22.93236],[70.13848,22.93236],[70.13848,22.93181],[70.13819,22.93181],[70.13819,22.93125],[70.13792,22.93125],[70.13792,22.93097],[70.13764,22.93097],[70.13764,22.9307],[70.13736,22.9307],[70.13736,22.93014],[70.13708,22.93014],[70.13708,22.92958],[70.1368,22.92958],[70.1368,22.92931],[70.13653,22.92931],[70.13653,22.92903],[70.13625,22.92903],[70.13625,22.92875],[70.13597,22.92875],[70.13597,22.92819],[70.1357,22.9282],[70.1357,22.92764],[70.13541,22.92764],[70.13541,22.92736],[70.13486,22.92736],[70.13486,22.92708],[70.13458,22.92709],[70.13458,22.92681],[70.13403,22.92681],[70.13403,22.92653],[70.13375,22.92653],[70.13375,22.92625],[70.13347,22.92625],[70.13347,22.92597],[70.1332,22.92597],[70.1332,22.9257],[70.13292,22.92569],[70.13292,22.92542],[70.13264,22.92542],[70.13264,22.92514],[70.13236,22.92514],[70.13236,22.92486],[70.13208,22.92486],[70.13208,22.92458],[70.13153,22.92458],[70.13153,22.9243],[70.13096,22.92431],[70.13096,22.92403],[70.13014,22.92403],[70.13014,22.92376],[70.12959,22.92376],[70.12959,22.92347],[70.12903,22.92348],[70.12903,22.9232],[70.12847,22.9232],[70.12847,22.92292],[70.1279,22.92292],[70.1279,22.92264],[70.12736,22.92264],[70.12736,22.92236],[70.12681,22.92236],[70.12681,22.92208],[70.12597,22.92208],[70.12597,22.92181],[70.12542,22.92181],[70.12542,22.92153],[70.12486,22.92153],[70.12486,22.92125],[70.12431,22.92125],[70.12431,22.92097],[70.12319,22.92097],[70.12319,22.92069],[70.12264,22.9207],[70.12264,22.92042],[70.1221,22.92042],[70.1221,22.92014],[70.12181,22.92014],[70.12181,22.91958],[70.12153,22.91958],[70.12153,22.91931],[70.12125,22.91931],[70.12125,22.91903],[70.12097,22.91903],[70.12097,22.91847],[70.1207,22.91847],[70.1207,22.9182],[70.12042,22.9182],[70.12042,22.91792],[70.12014,22.91792],[70.12014,22.91769],[70.12014,22.91763],[70.12001,22.91763],[70.11986,22.91764],[70.11986,22.91757],[70.11986,22.91736],[70.11959,22.91736],[70.11959,22.91708],[70.11867,22.91708],[70.1182,22.91709],[70.11819,22.91689],[70.1182,22.91681],[70.11801,22.91681],[70.11792,22.91681],[70.11792,22.91677],[70.11792,22.91653],[70.11764,22.91653],[70.11764,22.91625],[70.11736,22.91625],[70.11736,22.91597],[70.11708,22.91597],[70.11708,22.9157],[70.11681,22.9157],[70.11681,22.91557],[70.11681,22.91542],[70.11625,22.91542],[70.11625,22.91514],[70.11596,22.91514],[70.11596,22.91486],[70.11459,22.91486],[70.11459,22.9143],[70.11431,22.9143],[70.11431,22.91403],[70.11387,22.91403],[70.11375,22.91403],[70.11375,22.9138],[70.11375,22.91375],[70.11372,22.91375],[70.11292,22.91375],[70.11292,22.91319],[70.11264,22.91319],[70.11264,22.91264],[70.11208,22.91264],[70.11208,22.91236],[70.11153,22.91236],[70.11153,22.91208],[70.11097,22.91208],[70.11097,22.91181],[70.11069,22.91182],[70.11069,22.91153],[70.11014,22.91153],[70.11014,22.91125],[70.10958,22.91125],[70.10958,22.91097],[70.10902,22.91097],[70.10902,22.91069],[70.10848,22.91069],[70.10848,22.91042],[70.10819,22.91042],[70.10819,22.91014],[70.10764,22.91014],[70.10764,22.90986],[70.10708,22.90986],[70.10708,22.90958],[70.10653,22.90959],[70.10653,22.90931],[70.10597,22.90931],[70.10597,22.90903],[70.10458,22.90903],[70.10458,22.90876],[70.10347,22.90876],[70.10347,22.90847],[70.10208,22.90847],[70.10208,22.90819],[70.10014,22.90819],[70.10014,22.90792],[70.09793,22.90792],[70.09793,22.90764],[70.08875,22.90764],[70.08875,22.90792],[70.08708,22.90792],[70.08708,22.90819],[70.086,22.90819],[70.08542,22.90819],[70.08542,22.90835],[70.08542,22.90847],[70.08499,22.90847],[70.0843,22.90847],[70.0843,22.90856],[70.0843,22.90876],[70.08403,22.90876],[70.08403,22.90903],[70.08264,22.90903],[70.08264,22.90876],[70.0818,22.90876],[70.0818,22.90831],[70.0818,22.90819],[70.08209,22.90819],[70.08209,22.90764],[70.08236,22.90764],[70.08236,22.90736],[70.08264,22.90736],[70.08264,22.90708],[70.08292,22.90708],[70.08292,22.90681],[70.08264,22.90681],[70.08264,22.90653],[70.08236,22.90653],[70.08236,22.90625],[70.08208,22.90625],[70.08208,22.90597],[70.08153,22.90597],[70.08153,22.90625],[70.08125,22.90625],[70.08125,22.90681],[70.07848,22.90681],[70.07848,22.90653],[70.07792,22.90653],[70.07792,22.90625],[70.07736,22.90625],[70.07736,22.90597],[70.07625,22.90597],[70.07625,22.90569],[70.07598,22.90569],[70.07598,22.90597],[70.07569,22.90597],[70.07569,22.90569],[70.07542,22.90569],[70.07542,22.90542],[70.07291,22.90542],[70.07291,22.90514],[70.07208,22.90514],[70.07208,22.90486],[70.07125,22.90486],[70.07125,22.90458],[70.06931,22.90458],[70.06931,22.90431],[70.06903,22.90431],[70.06903,22.90403],[70.06764,22.90403],[70.06764,22.90431],[70.06653,22.90431],[70.06653,22.90403],[70.06625,22.90403],[70.06625,22.90375],[70.06597,22.90375],[70.06597,22.90347],[70.06486,22.90347],[70.06487,22.90375],[70.06458,22.90375],[70.06458,22.90403],[70.06375,22.90403],[70.06375,22.90431],[70.06236,22.90431],[70.06236,22.90403],[70.06042,22.90403],[70.06042,22.90375],[70.05709,22.90375],[70.05709,22.90403],[70.05597,22.90403],[70.05597,22.90431],[70.05458,22.90431],[70.05458,22.90403],[70.05375,22.90403],[70.05375,22.90375],[70.05319,22.90375],[70.05319,22.90347],[70.05264,22.90347],[70.05264,22.9032],[70.05236,22.9032],[70.05236,22.90292],[70.0518,22.90292],[70.0518,22.90263],[70.05153,22.90264],[70.05153,22.90236],[70.05097,22.90236],[70.05097,22.90208],[70.05014,22.90208],[70.05014,22.90125],[70.05042,22.90125],[70.05042,22.9007],[70.05014,22.9007],[70.05014,22.90042],[70.04988,22.90042],[70.04988,22.90014],[70.04958,22.90014],[70.04958,22.89986],[70.04903,22.89986],[70.04903,22.89957],[70.04847,22.89959],[70.04847,22.89931],[70.04458,22.89931],[70.04458,22.89903],[70.04374,22.89903],[70.04374,22.89875],[70.04292,22.89875],[70.04292,22.89847],[70.04236,22.89847],[70.04236,22.8982],[70.04153,22.8982],[70.04153,22.89792],[70.03902,22.89792],[70.03902,22.89764],[70.0357,22.89764],[70.0357,22.89736],[70.0343,22.89736],[70.0343,22.89708],[70.03347,22.89708],[70.03347,22.89681],[70.03292,22.89681],[70.03292,22.89625],[70.03264,22.89625],[70.03264,22.89542],[70.03208,22.89542],[70.03208,22.8957],[70.03181,22.8957],[70.03181,22.89597],[70.03151,22.89597],[70.03151,22.89625],[70.03125,22.89625],[70.03125,22.89708],[70.03097,22.89708],[70.03097,22.89736],[70.03014,22.89736],[70.03014,22.89764],[70.02959,22.89764],[70.02959,22.89847],[70.0293,22.89847],[70.02931,22.89875],[70.02876,22.89875],[70.02876,22.89903],[70.02764,22.89903],[70.02764,22.89931],[70.02736,22.89931],[70.02736,22.89959],[70.02653,22.89957],[70.02653,22.89986],[70.02625,22.89986],[70.02625,22.90014],[70.02597,22.90014],[70.02597,22.90042],[70.02542,22.90042],[70.02542,22.9007],[70.02487,22.9007],[70.02487,22.90097],[70.02458,22.90097],[70.02458,22.90125],[70.02403,22.90125],[70.02403,22.90153],[70.02125,22.90153],[70.02125,22.90125],[70.02069,22.90125],[70.02069,22.90069],[70.02098,22.9007],[70.02098,22.90058],[70.02098,22.90042],[70.02069,22.90042],[70.02069,22.90014],[70.02014,22.90014],[70.02014,22.89957],[70.01986,22.89959],[70.01986,22.89931],[70.01903,22.89931],[70.01903,22.89959],[70.01847,22.89959],[70.01847,22.89931],[70.01792,22.89931],[70.01792,22.89959],[70.01764,22.89957],[70.01764,22.90014],[70.01819,22.90014],[70.01819,22.9007],[70.01847,22.90069],[70.01847,22.90125],[70.01819,22.90125],[70.01819,22.90153],[70.01736,22.90153],[70.01736,22.90125],[70.01708,22.90125],[70.01708,22.90069],[70.01681,22.9007],[70.01681,22.90042],[70.0157,22.90042],[70.0157,22.9007],[70.01542,22.90069],[70.01542,22.90125],[70.01514,22.90125],[70.01514,22.90208],[70.01486,22.90208],[70.01486,22.90097],[70.01347,22.90097],[70.01347,22.90125],[70.01264,22.90125],[70.01264,22.90097],[70.01236,22.90097],[70.01236,22.9007],[70.01292,22.9007],[70.01292,22.90042],[70.01319,22.90042],[70.01319,22.89986],[70.01264,22.89986],[70.01264,22.89957],[70.01209,22.89959],[70.01209,22.89986],[70.0118,22.89986],[70.0118,22.90014],[70.01126,22.90014],[70.01126,22.9007],[70.0107,22.90069],[70.0107,22.90125],[70.01126,22.90125],[70.01126,22.90208],[70.01042,22.90208],[70.01042,22.90181],[70.01014,22.90181],[70.01014,22.90069],[70.00958,22.9007],[70.00958,22.90042],[70.00875,22.90042],[70.00875,22.90014],[70.00847,22.90014],[70.00847,22.89957],[70.0082,22.89959],[70.0082,22.89931],[70.00736,22.89931],[70.00736,22.89959],[70.00625,22.89957],[70.00625,22.89986],[70.00569,22.89986],[70.00569,22.90014],[70.00514,22.90014],[70.00514,22.90042],[70.00486,22.90042],[70.00486,22.90014],[70.00403,22.90014],[70.00403,22.89986],[70.00375,22.89986],[70.00375,22.90014],[70.00236,22.90014],[70.00236,22.89986],[70.00121,22.89986],[70.00069,22.89986],[70.00069,22.90014],[70.00042,22.90014],[70.00042,22.90042],[70.00014,22.90042],[70.00014,22.90252],[70.00014,22.90292],[69.99986,22.90292],[69.99597,22.90292],[69.99597,22.90263],[69.99542,22.90264],[69.99542,22.90236],[69.99486,22.90236],[69.99486,22.90208],[69.99431,22.90208],[69.99431,22.90181],[69.99347,22.90181],[69.99347,22.90153],[69.99292,22.90153],[69.99292,22.90125],[69.99208,22.90125],[69.99208,22.90097],[69.99153,22.90097],[69.99153,22.9007],[69.99069,22.9007],[69.99069,22.90042],[69.99014,22.90042],[69.99014,22.90022],[69.99014,22.90014],[69.98981,22.90014],[69.98959,22.90014],[69.98959,22.90009],[69.98959,22.89986],[69.98859,22.89986],[69.98792,22.89986],[69.98792,22.89971],[69.98792,22.89959],[69.98739,22.89959],[69.98597,22.89959],[69.98597,22.89931],[69.98542,22.89931],[69.98542,22.89913],[69.98542,22.89903],[69.98498,22.89903],[69.98402,22.89903],[69.98402,22.89881],[69.98402,22.89875],[69.98376,22.89875],[69.98292,22.89875],[69.98292,22.89856],[69.98292,22.89847],[69.98255,22.89847],[69.98153,22.89847],[69.98153,22.89824],[69.98153,22.8982],[69.98135,22.8982],[69.98014,22.8982],[69.98014,22.89792],[69.9782,22.89792],[69.9782,22.89764],[69.97625,22.89764],[69.97625,22.89736],[69.97403,22.89736],[69.97403,22.89708],[69.97209,22.89708],[69.97209,22.89681],[69.96987,22.89681],[69.96987,22.89653],[69.96875,22.89653],[69.96875,22.89625],[69.96736,22.89625],[69.96736,22.89597],[69.96625,22.89597],[69.96625,22.8957],[69.96486,22.8957],[69.96486,22.89542],[69.96347,22.89542],[69.96347,22.89514],[69.96181,22.89514],[69.96181,22.89486],[69.96014,22.89486],[69.96014,22.89431],[69.95903,22.89431],[69.95903,22.89458],[69.95848,22.89458],[69.95848,22.89486],[69.95819,22.89486],[69.95819,22.89514],[69.95764,22.89514],[69.95764,22.89542],[69.95736,22.89542],[69.95736,22.8957],[69.95625,22.8957],[69.95625,22.89597],[69.95597,22.89597],[69.95597,22.8957],[69.9557,22.8957],[69.9557,22.89542],[69.9554,22.89542],[69.9554,22.89431],[69.95403,22.89431],[69.95403,22.89403],[69.95153,22.89403],[69.95153,22.89319],[69.95125,22.89319],[69.95125,22.89293],[69.95125,22.89292],[69.95115,22.89292],[69.94791,22.89292],[69.94791,22.89264],[69.94681,22.89264],[69.94681,22.89292],[69.94597,22.89292],[69.94597,22.89264],[69.94458,22.89264],[69.94458,22.89236],[69.94403,22.89236],[69.94403,22.89264],[69.94041,22.89264],[69.94041,22.89292],[69.93736,22.89292],[69.93736,22.89319],[69.93708,22.89319],[69.93708,22.89292],[69.93682,22.89292],[69.93682,22.89208],[69.93653,22.89208],[69.93653,22.89153],[69.93625,22.89153],[69.93625,22.89014],[69.93597,22.89014],[69.93597,22.88986],[69.93569,22.88986],[69.93569,22.88764],[69.93541,22.88765],[69.93541,22.88743],[69.93541,22.88708],[69.93514,22.88708],[69.93514,22.88653],[69.93486,22.88653],[69.93486,22.88625],[69.93459,22.88625],[69.93459,22.88569],[69.93431,22.88569],[69.93431,22.88542],[69.93403,22.88542],[69.93403,22.88514],[69.93347,22.88514],[69.93347,22.88486],[69.9332,22.88486],[69.9332,22.88459],[69.93291,22.88459],[69.93291,22.88431],[69.93235,22.88431],[69.93235,22.88403],[69.93209,22.88403],[69.93209,22.88375],[69.93181,22.88375],[69.93181,22.88347],[69.93153,22.88347],[69.93153,22.88319],[69.93131,22.88319],[69.93097,22.88319],[69.93097,22.88292],[69.93069,22.88292],[69.93069,22.88264],[69.93042,22.88264],[69.93042,22.88236],[69.92986,22.88236],[69.92986,22.88208],[69.92958,22.88209],[69.92958,22.88181],[69.92931,22.88181],[69.92931,22.88153],[69.92903,22.88153],[69.92903,22.88125],[69.92875,22.88125],[69.92875,22.88097],[69.92854,22.88097],[69.92848,22.88097],[69.92848,22.8807],[69.92819,22.8807],[69.92819,22.88042],[69.92792,22.88042],[69.92792,22.88014],[69.92679,22.88014],[69.92679,22.87986],[69.92625,22.87986],[69.92625,22.87958],[69.92597,22.87958],[69.92597,22.8793],[69.9257,22.8793],[69.9257,22.87903],[69.92542,22.87903],[69.92542,22.87875],[69.92486,22.87875],[69.92486,22.87846],[69.92459,22.87847],[69.92459,22.87819],[69.92403,22.87819],[69.92403,22.87792],[69.92375,22.87792],[69.92375,22.87764],[69.92347,22.87764],[69.92347,22.87736],[69.9232,22.87736],[69.9232,22.87708],[69.92292,22.87708],[69.92292,22.87681],[69.92236,22.87681],[69.92236,22.87653],[69.92208,22.87653],[69.92208,22.87625],[69.92152,22.87625],[69.92152,22.87597],[69.92125,22.87597],[69.92125,22.8757],[69.92069,22.8757],[69.92069,22.87542],[69.92041,22.87542],[69.92041,22.87514],[69.91986,22.87514],[69.91986,22.87486],[69.91959,22.87486],[69.91959,22.87458],[69.91903,22.87459],[69.91903,22.87431],[69.91882,22.87431],[69.91875,22.87431],[69.91875,22.87403],[69.91847,22.87403],[69.91847,22.87347],[69.9182,22.87347],[69.9182,22.87292],[69.91764,22.87292],[69.91764,22.8732],[69.91264,22.8732],[69.91264,22.87292],[69.9118,22.87292],[69.9118,22.87236],[69.91153,22.87236],[69.91153,22.87117],[69.91153,22.87014],[69.91125,22.87014],[69.91125,22.86959],[69.91097,22.86959],[69.91097,22.8693],[69.9107,22.8693],[69.90986,22.86931],[69.90986,22.86903],[69.9093,22.86903],[69.9093,22.86875],[69.90875,22.86875],[69.90875,22.86819],[69.90847,22.8682],[69.90847,22.86792],[69.90821,22.86792],[69.90821,22.86764],[69.90791,22.86764],[69.90791,22.86736],[69.90736,22.86736],[69.90736,22.86708],[69.90653,22.86708],[69.90653,22.86681],[69.90569,22.86681],[69.90569,22.86625],[69.90431,22.86625],[69.90431,22.86653],[69.90292,22.86653],[69.90292,22.86625],[69.90237,22.86625],[69.90237,22.86597],[69.90209,22.86597],[69.90209,22.86569],[69.9018,22.86569],[69.9018,22.86542],[69.90153,22.86542],[69.90153,22.86514],[69.90041,22.86514],[69.90041,22.86542],[69.89736,22.86542],[69.89736,22.86514],[69.89709,22.86514],[69.89709,22.86542],[69.89542,22.86542],[69.89542,22.86569],[69.89292,22.86569],[69.89292,22.86597],[69.89153,22.86597],[69.89153,22.86625],[69.89042,22.86625],[69.89042,22.86653],[69.88986,22.86652],[69.88986,22.86681],[69.88958,22.86681],[69.88958,22.86708],[69.88903,22.86708],[69.88903,22.86764],[69.88875,22.86764],[69.88875,22.86792],[69.88848,22.86792],[69.88848,22.8682],[69.88792,22.8682],[69.88792,22.86847],[69.88764,22.86847],[69.88764,22.86875],[69.88737,22.86875],[69.88737,22.86903],[69.88709,22.86903],[69.88709,22.86959],[69.88653,22.86958],[69.88653,22.86986],[69.88597,22.86986],[69.88597,22.87014],[69.88514,22.87014],[69.88514,22.87042],[69.88458,22.87042],[69.88458,22.8707],[69.88381,22.8707],[69.88375,22.8707],[69.88375,22.87078],[69.88375,22.87097],[69.88362,22.87097],[69.88181,22.87097],[69.88181,22.87125],[69.88069,22.87125],[69.88069,22.8713],[69.88069,22.8713],[69.88069,22.87153],[69.87959,22.87153],[69.87959,22.87181],[69.87847,22.87181],[69.87847,22.87208],[69.87736,22.87208],[69.87736,22.87236],[69.87569,22.87236],[69.87569,22.87208],[69.87348,22.87208],[69.87348,22.87181],[69.87125,22.87181],[69.87125,22.87153],[69.86875,22.87153],[69.86875,22.87181],[69.8682,22.87181],[69.8682,22.87208],[69.86792,22.87208],[69.86792,22.87292],[69.86681,22.87292],[69.86681,22.87265],[69.86569,22.87265],[69.86569,22.87236],[69.86514,22.87236],[69.86514,22.87208],[69.86459,22.87208],[69.86459,22.87181],[69.86375,22.87181],[69.86375,22.87153],[69.86292,22.87153],[69.86292,22.87125],[69.86208,22.87125],[69.86208,22.87097],[69.86125,22.87097],[69.86125,22.8707],[69.86069,22.8707],[69.86069,22.87042],[69.85987,22.87042],[69.85987,22.87014],[69.85902,22.87014],[69.85902,22.86986],[69.85819,22.86986],[69.85819,22.86958],[69.85736,22.86959],[69.85736,22.86854],[69.85736,22.86854],[69.85736,22.86764],[69.85765,22.86764],[69.85764,22.86681],[69.85819,22.86681],[69.85819,22.86652],[69.85848,22.86653],[69.85848,22.86625],[69.85875,22.86625],[69.85875,22.86542],[69.85902,22.86542],[69.85902,22.86514],[69.85958,22.86514],[69.85958,22.86458],[69.86014,22.86458],[69.86014,22.86264],[69.86042,22.86264],[69.86042,22.86153],[69.86069,22.86153],[69.86069,22.86125],[69.86097,22.86125],[69.86097,22.86069],[69.86125,22.8607],[69.86125,22.86014],[69.86153,22.86014],[69.86153,22.85958],[69.86181,22.85959],[69.86181,22.85903],[69.86208,22.85903],[69.86208,22.85847],[69.86125,22.85847],[69.86125,22.85875],[69.86097,22.85875],[69.86097,22.85903],[69.86069,22.85903],[69.86069,22.85931],[69.86042,22.85931],[69.86042,22.85986],[69.86013,22.85986],[69.86013,22.86014],[69.85987,22.86014],[69.85987,22.8607],[69.85958,22.86069],[69.85958,22.86153],[69.8593,22.86153],[69.8593,22.86236],[69.85902,22.86236],[69.85902,22.86264],[69.85875,22.86264],[69.85875,22.86375],[69.85847,22.86375],[69.85847,22.86403],[69.85819,22.86403],[69.85819,22.86458],[69.85792,22.86458],[69.85792,22.86542],[69.85764,22.86542],[69.85764,22.86569],[69.85708,22.86569],[69.85708,22.86597],[69.85681,22.86597],[69.85681,22.86653],[69.85653,22.86653],[69.85653,22.86708],[69.85625,22.86708],[69.85625,22.86764],[69.85597,22.86764],[69.85597,22.86792],[69.8557,22.86792],[69.8557,22.8682],[69.85555,22.8682],[69.85555,22.8682],[69.85375,22.8682],[69.85375,22.86792],[69.85291,22.86792],[69.85291,22.86764],[69.85208,22.86764],[69.85208,22.86736],[69.85069,22.86736],[69.85069,22.86708],[69.84986,22.86708],[69.84986,22.86681],[69.84903,22.86681],[69.84903,22.86652],[69.8482,22.86653],[69.8482,22.86625],[69.84736,22.86625],[69.84736,22.86597],[69.84653,22.86597],[69.84653,22.86569],[69.8457,22.86569],[69.8457,22.86542],[69.84486,22.86542],[69.84486,22.86514],[69.84402,22.86514],[69.84402,22.86486],[69.84319,22.86486],[69.84319,22.86458],[69.84236,22.86458],[69.84236,22.86431],[69.84125,22.86431],[69.84125,22.86403],[69.84097,22.86403],[69.84097,22.86377],[69.84097,22.86375],[69.84091,22.86375],[69.84042,22.86375],[69.84042,22.8636],[69.84042,22.86346],[69.83998,22.86347],[69.83986,22.86347],[69.83986,22.86344],[69.83986,22.8632],[69.83958,22.86319],[69.83959,22.86292],[69.83847,22.86292],[69.83847,22.86264],[69.83764,22.86264],[69.83764,22.86236],[69.83708,22.86236],[69.83708,22.86209],[69.83653,22.86209],[69.83653,22.86181],[69.83599,22.86181],[69.83599,22.86153],[69.83514,22.86153],[69.83514,22.86125],[69.83459,22.86125],[69.83459,22.86097],[69.83403,22.86097],[69.83403,22.8607],[69.83348,22.8607],[69.83348,22.86042],[69.83291,22.86042],[69.83291,22.86014],[69.83236,22.86014],[69.83236,22.85986],[69.8318,22.85986],[69.8318,22.85959],[69.83125,22.85959],[69.83125,22.85931],[69.83041,22.85931],[69.83041,22.85903],[69.82986,22.85903],[69.82986,22.85875],[69.82931,22.85875],[69.82931,22.85847],[69.82875,22.85848],[69.82875,22.85819],[69.8282,22.85819],[69.8282,22.85792],[69.82792,22.85792],[69.82792,22.85765],[69.82736,22.85765],[69.82736,22.85736],[69.82681,22.85736],[69.82681,22.85708],[69.82625,22.85708],[69.82625,22.85681],[69.82597,22.85681],[69.82597,22.85653],[69.82542,22.85653],[69.82542,22.85625],[69.82486,22.85625],[69.82486,22.85597],[69.8243,22.85597],[69.8243,22.8557],[69.82403,22.8557],[69.82403,22.85548],[69.82403,22.85548],[69.82403,22.85542],[69.8239,22.85542],[69.82397,22.85545],[69.8239,22.85542],[69.82347,22.85542],[69.82347,22.85522],[69.82347,22.85522],[69.82347,22.85514],[69.82329,22.85514],[69.82329,22.85514],[69.82291,22.85514],[69.82291,22.85497],[69.82267,22.85486],[69.82236,22.85486],[69.82236,22.85472],[69.82236,22.85471],[69.82236,22.85458],[69.82208,22.85458],[69.82208,22.85431],[69.82147,22.85431],[69.82198,22.85455],[69.82147,22.85431],[69.82125,22.85431],[69.82125,22.85421],[69.82086,22.85403],[69.82014,22.85403],[69.82014,22.85375],[69.81903,22.85375],[69.81903,22.85331],[69.81903,22.85331],[69.81903,22.8532],[69.81874,22.8532],[69.81875,22.8532],[69.81894,22.85328],[69.81875,22.8532],[69.81847,22.8532],[69.81847,22.85309],[69.81847,22.85309],[69.81847,22.85292],[69.81819,22.85292],[69.81819,22.85264],[69.81728,22.85264],[69.81754,22.85274],[69.81729,22.85264],[69.81709,22.85264],[69.81709,22.85257],[69.81584,22.85208],[69.81501,22.85208],[69.81497,22.85181],[69.81366,22.85075],[69.81247,22.84997],[69.81063,22.84997],[69.80866,22.8501],[69.80629,22.85049],[69.80418,22.85059],[69.80353,22.85062],[69.80156,22.85062],[69.80126,22.85038],[69.79998,22.84931],[69.79867,22.84826],[69.79656,22.84589],[69.79446,22.84471],[69.7917,22.84234],[69.78801,22.83866],[69.7814,22.8344],[69.78065,22.83392],[69.77749,22.83156],[69.77565,22.83037],[69.77264,22.82997],[69.77264,22.82986],[69.77236,22.82986],[69.77236,22.82958],[69.77181,22.82958],[69.77181,22.82931],[69.77153,22.82931],[69.77153,22.82875],[69.77098,22.82875],[69.77098,22.82847],[69.77042,22.82847],[69.77042,22.8282],[69.76986,22.8282],[69.76986,22.82792],[69.7682,22.82792],[69.7682,22.82764],[69.76764,22.82764],[69.76764,22.82735],[69.76737,22.82736],[69.76737,22.82709],[69.76708,22.82709],[69.76708,22.82653],[69.76681,22.82653],[69.76681,22.82625],[69.76625,22.82625],[69.76625,22.82597],[69.7657,22.82597],[69.7657,22.8257],[69.76486,22.8257],[69.76486,22.82542],[69.76404,22.82542],[69.76404,22.82514],[69.76236,22.82514],[69.76236,22.82486],[69.76153,22.82486],[69.76153,22.82458],[69.7607,22.82458],[69.7607,22.82431],[69.75986,22.82431],[69.75986,22.82403],[69.75903,22.82403],[69.75903,22.82375],[69.75847,22.82375],[69.75847,22.82347],[69.7582,22.82347],[69.7582,22.82319],[69.75792,22.82319],[69.75792,22.82292],[69.75764,22.82292],[69.75764,22.82264],[69.75708,22.82264],[69.75708,22.82236],[69.75653,22.82236],[69.75653,22.82208],[69.75625,22.82208],[69.75625,22.82181],[69.75597,22.82181],[69.75597,22.82154],[69.75542,22.82154],[69.75542,22.82125],[69.75514,22.82125],[69.75514,22.82097],[69.75459,22.82097],[69.75459,22.8207],[69.75403,22.8207],[69.75403,22.82042],[69.75347,22.82042],[69.75347,22.82014],[69.7532,22.82014],[69.7532,22.81986],[69.75264,22.81986],[69.75264,22.81958],[69.75236,22.81959],[69.75236,22.81933],[69.75236,22.81903],[69.75208,22.81903],[69.75208,22.81847],[69.75181,22.81848],[69.75181,22.8182],[69.75153,22.8182],[69.75153,22.81764],[69.75125,22.81764],[69.75125,22.81708],[69.75097,22.81708],[69.75097,22.8168],[69.7507,22.8168],[69.7507,22.81625],[69.75042,22.81625],[69.75042,22.81569],[69.75014,22.81569],[69.75014,22.81542],[69.74986,22.81542],[69.74986,22.81486],[69.74958,22.81486],[69.74958,22.81431],[69.74932,22.81431],[69.74932,22.81347],[69.74903,22.81347],[69.74903,22.81292],[69.74874,22.81292],[69.74874,22.81237],[69.74847,22.81237],[69.74847,22.81181],[69.74819,22.81181],[69.74819,22.81153],[69.74792,22.81153],[69.74792,22.81042],[69.74764,22.81042],[69.74764,22.80903],[69.74736,22.80903],[69.74736,22.80847],[69.74709,22.80847],[69.74709,22.80792],[69.74681,22.80792],[69.74681,22.80736],[69.74653,22.80736],[69.74653,22.80681],[69.74625,22.80681],[69.74625,22.80625],[69.74597,22.80625],[69.74597,22.8057],[69.7457,22.8057],[69.7457,22.80514],[69.74541,22.80514],[69.74541,22.80458],[69.74514,22.80459],[69.74514,22.80403],[69.74486,22.80403],[69.74486,22.80347],[69.74459,22.80347],[69.74459,22.80208],[69.74486,22.80208],[69.74486,22.80181],[69.74514,22.80181],[69.74514,22.8007],[69.74486,22.80069],[69.74486,22.80014],[69.74514,22.80014],[69.74514,22.79931],[69.74541,22.79931],[69.74541,22.79875],[69.7457,22.79875],[69.7457,22.79819],[69.74597,22.7982],[69.74597,22.79792],[69.74625,22.79792],[69.74625,22.79653],[69.74653,22.79653],[69.74653,22.79625],[69.74681,22.79625],[69.74681,22.79597],[69.74653,22.79597],[69.74653,22.79481],[69.74653,22.79458],[69.74681,22.79458],[69.74681,22.79375],[69.74625,22.79375],[69.74625,22.79347],[69.74597,22.79347],[69.74597,22.7932],[69.7457,22.7932],[69.7457,22.79292],[69.7452,22.79292],[69.74514,22.79292],[69.74514,22.79287],[69.74514,22.79264],[69.74489,22.79264],[69.74486,22.79264],[69.74486,22.79262],[69.74486,22.79236],[69.74459,22.79236],[69.74459,22.79264],[69.74431,22.79264],[69.74431,22.79236],[69.74403,22.79236],[69.74403,22.79171],[69.74403,22.79124],[69.74381,22.79125],[69.74375,22.79125],[69.74375,22.79112],[69.74375,22.79063],[69.74375,22.79042],[69.74347,22.79042],[69.74347,22.78903],[69.74319,22.78903],[69.74319,22.78818],[69.74292,22.78819],[69.74292,22.78792],[69.74264,22.78792],[69.74264,22.78736],[69.74236,22.78736],[69.74236,22.78708],[69.74208,22.78708],[69.74208,22.78653],[69.74181,22.78653],[69.74181,22.78514],[69.74153,22.78514],[69.74153,22.78486],[69.74069,22.78486],[69.74069,22.78458],[69.74042,22.78459],[69.74042,22.78431],[69.74014,22.78431],[69.74014,22.78375],[69.73986,22.78375],[69.73986,22.78347],[69.73959,22.78347],[69.73959,22.78319],[69.73931,22.78319],[69.73931,22.78292],[69.73903,22.78292],[69.73903,22.78264],[69.73875,22.78264],[69.73875,22.78236],[69.73847,22.78236],[69.73847,22.78208],[69.7382,22.78208],[69.7382,22.78153],[69.73792,22.78153],[69.73792,22.78125],[69.73764,22.78125],[69.73764,22.78097],[69.73736,22.78097],[69.73736,22.78069],[69.7367,22.78069],[69.7357,22.78069],[69.7357,22.78097],[69.73542,22.78097],[69.73542,22.78125],[69.73431,22.78125],[69.73431,22.78097],[69.73403,22.78097],[69.73403,22.78055],[69.73403,22.77903],[69.73374,22.77903],[69.73374,22.77875],[69.73361,22.77875],[69.73347,22.77875],[69.73347,22.77819],[69.73319,22.7782],[69.73319,22.77792],[69.73292,22.77792],[69.73292,22.77708],[69.73264,22.77708],[69.73264,22.77681],[69.73236,22.77681],[69.73236,22.77582],[69.73236,22.77486],[69.7321,22.77486],[69.73209,22.77431],[69.7318,22.77431],[69.7318,22.77388],[69.7318,22.77375],[69.73169,22.77375],[69.73153,22.77375],[69.73153,22.77356],[69.73153,22.7732],[69.73125,22.7732],[69.73125,22.77264],[69.73097,22.77264],[69.73097,22.77236],[69.73054,22.77236],[69.73042,22.77236],[69.73042,22.77221],[69.73042,22.77209],[69.73031,22.77209],[69.73014,22.77209],[69.73014,22.77188],[69.73014,22.77181],[69.73009,22.77181],[69.72986,22.77181],[69.72986,22.77153],[69.72986,22.77125],[69.72963,22.77125],[69.72958,22.77125],[69.72958,22.77119],[69.72958,22.77097],[69.72939,22.77097],[69.72903,22.77097],[69.72903,22.7707],[69.72875,22.7707],[69.72875,22.77032],[69.72875,22.77014],[69.72857,22.77014],[69.72847,22.77014],[69.72847,22.77004],[69.72847,22.76986],[69.72829,22.76986],[69.7282,22.76986],[69.7282,22.76977],[69.7282,22.76958],[69.72801,22.76958],[69.72791,22.76958],[69.72791,22.76949],[69.72791,22.76931],[69.72773,22.76931],[69.72764,22.76931],[69.72764,22.76922],[69.72764,22.76875],[69.72736,22.76875],[69.72736,22.76847],[69.72708,22.76847],[69.72708,22.76819],[69.72683,22.76819],[69.72681,22.76819],[69.72681,22.76816],[69.72681,22.76736],[69.72652,22.76736],[69.72652,22.76707],[69.72625,22.76708],[69.72625,22.76653],[69.72598,22.76653],[69.72598,22.76625],[69.72569,22.76625],[69.72569,22.76597],[69.72486,22.76597],[69.72486,22.7657],[69.72459,22.7657],[69.72459,22.76514],[69.72439,22.76514],[69.7243,22.76514],[69.7243,22.76469],[69.7243,22.76468],[69.7243,22.76403],[69.72416,22.76403],[69.72403,22.76403],[69.72403,22.7639],[69.72403,22.76375],[69.72371,22.76375],[69.72347,22.76375],[69.72347,22.76365],[69.72347,22.76347],[69.7232,22.76348],[69.7232,22.76292],[69.72293,22.76292],[69.72293,22.76264],[69.72208,22.76264],[69.72208,22.76292],[69.7207,22.76292],[69.7207,22.76264],[69.72042,22.76264],[69.72042,22.76236],[69.72014,22.76236],[69.72014,22.76175],[69.72014,22.76137],[69.72014,22.76014],[69.71986,22.76014],[69.71986,22.75931],[69.71958,22.75931],[69.71958,22.75875],[69.71931,22.75875],[69.71931,22.7582],[69.71902,22.7582],[69.71902,22.75792],[69.71876,22.75792],[69.71876,22.75708],[69.71848,22.75709],[69.71848,22.75653],[69.71819,22.75653],[69.71819,22.75625],[69.71792,22.75625],[69.71792,22.75597],[69.71772,22.75597],[69.71764,22.75597],[69.71764,22.75581],[69.71764,22.75542],[69.71744,22.75542],[69.71736,22.75542],[69.71736,22.75527],[69.71736,22.75458],[69.71709,22.75458],[69.71709,22.75431],[69.71684,22.75431],[69.71681,22.75431],[69.71681,22.75426],[69.71681,22.75403],[69.71667,22.75403],[69.71653,22.75403],[69.71653,22.7538],[69.71653,22.75347],[69.71634,22.75347],[69.71625,22.75347],[69.71625,22.75333],[69.71625,22.75319],[69.71617,22.75319],[69.71597,22.75319],[69.71597,22.75292],[69.7157,22.75292],[69.7157,22.75241],[69.7157,22.75236],[69.71567,22.75236],[69.71542,22.75236],[69.71542,22.75194],[69.71541,22.75181],[69.71514,22.75181],[69.71514,22.75153],[69.71403,22.75153],[69.71403,22.75097],[69.7143,22.75097],[69.7143,22.7507],[69.71486,22.7507],[69.71486,22.75042],[69.71514,22.75042],[69.71514,22.75014],[69.71538,22.75014],[69.71542,22.75014],[69.71542,22.74958],[69.71569,22.74959],[69.71569,22.74819],[69.71542,22.74819],[69.71542,22.7457],[69.71514,22.7457],[69.71514,22.74486],[69.71542,22.74486],[69.71542,22.74459],[69.71569,22.74459],[69.7157,22.74381],[69.7157,22.74375],[69.71573,22.74375],[69.71597,22.74375],[69.71597,22.74328],[69.71597,22.74181],[69.71625,22.74181],[69.71625,22.74125],[69.7157,22.74125],[69.7157,22.74097],[69.71458,22.74097],[69.71458,22.74125],[69.71347,22.74125],[69.71347,22.74097],[69.7132,22.74097],[69.7132,22.7407],[69.71347,22.7407],[69.71347,22.74014],[69.71375,22.74014],[69.71375,22.73931],[69.7132,22.73931],[69.7132,22.73903],[69.71208,22.73903],[69.71208,22.73875],[69.71152,22.73875],[69.71152,22.73847],[69.71125,22.73847],[69.71125,22.7382],[69.71109,22.7382],[69.70931,22.7382],[69.70931,22.73836],[69.70931,22.73847],[69.70875,22.73847],[69.70875,22.73875],[69.70847,22.73875],[69.70847,22.7382],[69.70819,22.73819],[69.70819,22.73792],[69.70792,22.73792],[69.70792,22.73736],[69.70764,22.73736],[69.70764,22.73675],[69.70764,22.73597],[69.70747,22.73597],[69.70736,22.73597],[69.70736,22.73544],[69.70736,22.73514],[69.7073,22.73514],[69.70708,22.73514],[69.70708,22.73486],[69.7068,22.73486],[69.7068,22.73375],[69.70653,22.73375],[69.70653,22.73236],[69.70674,22.73236],[69.7068,22.73236],[69.70683,22.73069],[69.70709,22.7307],[69.70709,22.73042],[69.70745,22.73042],[69.70765,22.73042],[69.70819,22.73042],[69.70819,22.7307],[69.70875,22.7307],[69.70875,22.73097],[69.70903,22.73097],[69.70931,22.73097],[69.70931,22.73071],[69.70931,22.7307],[69.70932,22.7307],[69.71014,22.7307],[69.71014,22.72986],[69.70959,22.72986],[69.70959,22.72958],[69.70925,22.72958],[69.70902,22.72958],[69.70847,22.72959],[69.70847,22.72939],[69.70847,22.72931],[69.7079,22.72931],[69.70708,22.72931],[69.70708,22.72919],[69.70708,22.72903],[69.70597,22.72903],[69.70597,22.72875],[69.7057,22.72875],[69.7057,22.72847],[69.70542,22.72847],[69.70542,22.7282],[69.70514,22.7282],[69.70514,22.72792],[69.70348,22.72792],[69.70348,22.7282],[69.7032,22.7282],[69.7032,22.72847],[69.70292,22.72847],[69.70292,22.72903],[69.70319,22.72903],[69.70319,22.72931],[69.70348,22.72931],[69.70348,22.72959],[69.70444,22.72958],[69.70486,22.72958],[69.70486,22.72981],[69.70486,22.72986],[69.70495,22.72986],[69.70514,22.72986],[69.70514,22.72997],[69.70514,22.73014],[69.70524,22.73014],[69.70541,22.73014],[69.70541,22.73042],[69.7057,22.73042],[69.7057,22.73124],[69.7057,22.73223],[69.7057,22.73347],[69.70597,22.73347],[69.70597,22.73458],[69.70614,22.73458],[69.70625,22.73458],[69.70625,22.73538],[69.70625,22.7357],[69.7063,22.7357],[69.70653,22.73569],[69.70653,22.7373],[69.70653,22.73814],[69.70653,22.73986],[69.70625,22.73986],[69.70625,22.74014],[69.70597,22.74013],[69.70597,22.74042],[69.70542,22.74042],[69.70542,22.7407],[69.70375,22.7407],[69.70375,22.74097],[69.70292,22.74097],[69.70292,22.7407],[69.70181,22.7407],[69.70181,22.74097],[69.70042,22.74097],[69.70042,22.74125],[69.6982,22.74125],[69.6982,22.74153],[69.69763,22.74153],[69.69763,22.74181],[69.69708,22.7418],[69.69708,22.74208],[69.69681,22.74208],[69.69681,22.74236],[69.69557,22.74236],[69.69457,22.74236],[69.69457,22.74264],[69.69375,22.74264],[69.69375,22.74292],[69.69292,22.74292],[69.69292,22.7432],[69.69264,22.7432],[69.69264,22.74347],[69.69209,22.74347],[69.69209,22.74375],[69.6918,22.74375],[69.6918,22.74403],[69.69097,22.74403],[69.69097,22.74431],[69.69042,22.74431],[69.69042,22.74459],[69.68986,22.74459],[69.68986,22.74486],[69.68958,22.74486],[69.68958,22.74514],[69.68931,22.74514],[69.68931,22.74542],[69.68876,22.74542],[69.68876,22.7457],[69.68847,22.7457],[69.68847,22.74597],[69.68819,22.74597],[69.68819,22.74626],[69.68817,22.74626],[69.68736,22.74626],[69.68736,22.74653],[69.68682,22.74653],[69.68682,22.74681],[69.68653,22.74681],[69.68653,22.74708],[69.68625,22.74708],[69.68625,22.74739],[69.68625,22.74764],[69.68598,22.74764],[69.68598,22.74819],[69.68524,22.74819],[69.68486,22.74819],[69.68486,22.74847],[69.68459,22.74847],[69.6846,22.74871],[69.6846,22.74875],[69.68454,22.74875],[69.68431,22.74875],[69.68431,22.74894],[69.68431,22.74903],[69.68419,22.74903],[69.68403,22.74903],[69.68403,22.74916],[69.68403,22.74932],[69.68384,22.74931],[69.68375,22.74931],[69.68375,22.74939],[69.68375,22.74959],[69.6835,22.74958],[69.68347,22.74958],[69.68347,22.74961],[69.68347,22.74986],[69.6832,22.74986],[69.6832,22.75014],[69.68291,22.75014],[69.68291,22.75042],[69.68243,22.75042],[69.68236,22.75042],[69.68236,22.75046],[69.68236,22.7507],[69.68208,22.7507],[69.68208,22.75097],[69.68157,22.75097],[69.68153,22.75097],[69.68153,22.751],[69.68153,22.75125],[69.68125,22.75125],[69.68125,22.75153],[69.68097,22.75153],[69.68097,22.75181],[69.68069,22.75181],[69.68069,22.75154],[69.68042,22.75153],[69.68042,22.75125],[69.67959,22.75125],[69.67959,22.75153],[69.67931,22.75153],[69.67931,22.75181],[69.67903,22.75181],[69.67903,22.75208],[69.67875,22.75207],[69.67875,22.75264],[69.67847,22.75264],[69.67847,22.7532],[69.67847,22.75375],[69.67819,22.75375],[69.67819,22.75403],[69.67792,22.75403],[69.67792,22.75431],[69.67764,22.75431],[69.67764,22.75458],[69.67736,22.75458],[69.67736,22.75486],[69.67709,22.75486],[69.67709,22.75514],[69.67625,22.75513],[69.67625,22.75542],[69.67557,22.75542],[69.67514,22.75542],[69.67514,22.75568],[69.67514,22.7557],[69.6751,22.7557],[69.67486,22.7557],[69.67486,22.75581],[69.67486,22.75597],[69.67452,22.75597],[69.67403,22.75597],[69.67403,22.7562],[69.67403,22.75625],[69.67347,22.75625],[69.67347,22.75709],[69.67153,22.75709],[69.67153,22.75681],[69.66986,22.75681],[69.66986,22.75709],[69.66903,22.75709],[69.66903,22.75681],[69.66847,22.75681],[69.66847,22.75653],[69.66792,22.75653],[69.66792,22.75625],[69.66764,22.75625],[69.66764,22.75597],[69.66597,22.75597],[69.66597,22.75625],[69.66514,22.75625],[69.66514,22.75597],[69.66375,22.75597],[69.66375,22.75625],[69.66319,22.75625],[69.66319,22.75653],[69.66264,22.75653],[69.66264,22.75681],[69.66236,22.75681],[69.66236,22.75958],[69.66264,22.75958],[69.66264,22.76042],[69.66292,22.76042],[69.66292,22.76097],[69.66319,22.76097],[69.66319,22.76126],[69.66348,22.76125],[69.66348,22.7618],[69.66375,22.76181],[69.66375,22.76208],[69.66402,22.76208],[69.66402,22.76264],[69.66431,22.76264],[69.66431,22.7632],[69.66459,22.7632],[69.66459,22.76403],[69.66487,22.76403],[69.66487,22.76459],[69.66514,22.76459],[69.66514,22.76597],[69.66541,22.76597],[69.66541,22.76653],[69.6657,22.76653],[69.6657,22.77097],[69.66597,22.77097],[69.66597,22.77236],[69.6657,22.77236],[69.6657,22.77347],[69.66597,22.77347],[69.66597,22.77403],[69.66625,22.77403],[69.66625,22.77486],[69.66653,22.77486],[69.66653,22.77569],[69.66681,22.77569],[69.66681,22.77597],[69.66709,22.77597],[69.66709,22.77625],[69.66736,22.77624],[69.66736,22.77653],[69.66709,22.77653],[69.66709,22.77708],[69.66681,22.77708],[69.66681,22.77736],[69.66625,22.77736],[69.66625,22.77708],[69.6657,22.77708],[69.6657,22.77681],[69.66541,22.77681],[69.66541,22.77653],[69.66514,22.77653],[69.66514,22.77624],[69.66458,22.77625],[69.66458,22.77597],[69.66431,22.77597],[69.66431,22.77403],[69.66402,22.77403],[69.66402,22.77069],[69.66431,22.7707],[69.66431,22.76875],[69.66402,22.76875],[69.66402,22.76653],[69.66375,22.76653],[69.66375,22.76569],[69.66348,22.7657],[69.66348,22.76486],[69.66319,22.76486],[69.66319,22.76403],[69.66292,22.76403],[69.66292,22.76347],[69.66264,22.76348],[69.66264,22.76292],[69.66236,22.76292],[69.66236,22.76236],[69.66209,22.76236],[69.66209,22.76181],[69.66179,22.76181],[69.66179,22.76153],[69.66152,22.76153],[69.66152,22.76097],[69.66125,22.76097],[69.66125,22.76042],[69.66097,22.76042],[69.66097,22.75986],[69.6607,22.75986],[69.6607,22.75847],[69.66014,22.75847],[69.66014,22.7582],[69.65986,22.7582],[69.65986,22.75792],[69.65958,22.75792],[69.65958,22.75708],[69.6593,22.75709],[69.6593,22.75653],[69.65875,22.75653],[69.65875,22.75681],[69.65792,22.75681],[69.65792,22.75709],[69.65736,22.75708],[69.65736,22.75736],[69.65652,22.75736],[69.65652,22.75764],[69.65598,22.75764],[69.65598,22.75792],[69.65542,22.75792],[69.65542,22.7582],[69.65514,22.7582],[69.65514,22.75847],[69.65486,22.75847],[69.65486,22.75903],[69.65459,22.75903],[69.65459,22.75931],[69.65403,22.75931],[69.65403,22.75958],[69.65347,22.75958],[69.65347,22.75986],[69.6532,22.75986],[69.6532,22.76014],[69.65292,22.76014],[69.65292,22.76042],[69.65264,22.76042],[69.65264,22.76069],[69.65236,22.76069],[69.65236,22.76097],[69.65208,22.76097],[69.65208,22.76126],[69.6518,22.76126],[69.6518,22.76153],[69.65153,22.76153],[69.65153,22.76181],[69.65125,22.76181],[69.65125,22.76208],[69.65097,22.76208],[69.65097,22.76236],[69.64986,22.76236],[69.64986,22.76264],[69.64931,22.76264],[69.64931,22.76292],[69.64849,22.76292],[69.64849,22.7632],[69.64792,22.7632],[69.64792,22.76348],[69.64709,22.76347],[69.64709,22.76403],[69.64681,22.76403],[69.64681,22.76459],[69.64652,22.76458],[69.64652,22.76542],[69.64598,22.76542],[69.64598,22.76597],[69.64486,22.76597],[69.64486,22.7657],[69.64319,22.7657],[69.64319,22.76597],[69.64291,22.76597],[69.64291,22.76625],[69.64264,22.76625],[69.64264,22.76653],[69.64291,22.76653],[69.64291,22.76681],[69.64264,22.76681],[69.64264,22.76736],[69.64236,22.76736],[69.64236,22.76792],[69.64208,22.76792],[69.64208,22.76847],[69.64181,22.76847],[69.64181,22.76903],[69.64153,22.76903],[69.64153,22.76958],[69.64125,22.76958],[69.64125,22.76986],[69.64098,22.76986],[69.64098,22.77042],[69.6407,22.77042],[69.6407,22.7707],[69.64042,22.77069],[69.64042,22.77125],[69.64014,22.77125],[69.64014,22.77153],[69.63986,22.77153],[69.63986,22.77209],[69.63958,22.77208],[69.63958,22.77264],[69.63931,22.77264],[69.63931,22.7732],[69.63903,22.7732],[69.63903,22.77375],[69.63875,22.77375],[69.63875,22.77569],[69.63847,22.77569],[69.63847,22.77681],[69.63792,22.77681],[69.63792,22.77958],[69.63764,22.77958],[69.63764,22.77986],[69.63735,22.77986],[69.63735,22.78014],[69.63708,22.78014],[69.63708,22.78181],[69.63736,22.78181],[69.63736,22.78319],[69.63764,22.78319],[69.63764,22.78403],[69.63736,22.78403],[69.63736,22.78459],[69.63764,22.78458],[69.63764,22.78681],[69.63735,22.78681],[69.63735,22.78875],[69.63709,22.78875],[69.63709,22.78987],[69.6368,22.78986],[69.6368,22.79042],[69.63653,22.79042],[69.63653,22.7907],[69.63626,22.7907],[69.63626,22.79098],[69.63597,22.79097],[69.63597,22.79181],[69.6357,22.79181],[69.6357,22.79236],[69.63541,22.79236],[69.63541,22.79292],[69.63514,22.79292],[69.63514,22.7932],[69.63487,22.7932],[69.63487,22.79347],[69.63431,22.79347],[69.63431,22.79431],[69.63403,22.79431],[69.63403,22.79458],[69.63375,22.79458],[69.63375,22.79542],[69.63318,22.79542],[69.63318,22.7943],[69.63347,22.79431],[69.63347,22.79403],[69.63375,22.79403],[69.63375,22.79347],[69.63403,22.79347],[69.63403,22.7932],[69.63431,22.7932],[69.63431,22.79236],[69.63458,22.79236],[69.63458,22.79181],[69.63486,22.79181],[69.63486,22.79124],[69.63514,22.79125],[69.63514,22.79098],[69.63542,22.79098],[69.63542,22.79042],[69.63597,22.79042],[69.63597,22.78986],[69.63626,22.78987],[69.63626,22.78875],[69.63653,22.78875],[69.63653,22.78818],[69.6368,22.78819],[69.6368,22.78459],[69.63653,22.78459],[69.63653,22.78431],[69.63626,22.78431],[69.63626,22.78403],[69.63597,22.78403],[69.63597,22.78292],[69.6357,22.78292],[69.6357,22.78236],[69.63514,22.78236],[69.63514,22.78208],[69.63487,22.78208],[69.63487,22.78153],[69.63458,22.78153],[69.63458,22.7807],[69.63431,22.7807],[69.63431,22.77903],[69.63458,22.77903],[69.63458,22.77736],[69.63486,22.77736],[69.63486,22.77653],[69.63514,22.77653],[69.63514,22.77597],[69.63542,22.77597],[69.63542,22.77569],[69.6357,22.77569],[69.6357,22.77542],[69.63597,22.77542],[69.63597,22.77486],[69.63626,22.77486],[69.63626,22.77403],[69.63653,22.77403],[69.63653,22.77375],[69.6368,22.77375],[69.6368,22.77347],[69.63709,22.77347],[69.63709,22.7732],[69.63735,22.7732],[69.63735,22.77264],[69.63764,22.77264],[69.63764,22.77236],[69.63792,22.77236],[69.63792,22.77209],[69.63819,22.77209],[69.63819,22.77181],[69.63848,22.77181],[69.63848,22.77097],[69.63875,22.77097],[69.63875,22.7707],[69.63903,22.7707],[69.63903,22.77042],[69.63931,22.77042],[69.63931,22.76986],[69.63958,22.76986],[69.63958,22.76958],[69.63986,22.76958],[69.63986,22.76903],[69.64014,22.76903],[69.64014,22.76875],[69.64042,22.76875],[69.64042,22.76819],[69.6407,22.76819],[69.6407,22.76792],[69.64098,22.76792],[69.64098,22.76764],[69.64125,22.76764],[69.64125,22.76653],[69.64069,22.76653],[69.64069,22.76625],[69.63986,22.76625],[69.63986,22.76597],[69.63958,22.76597],[69.63958,22.76542],[69.63875,22.76542],[69.63875,22.7657],[69.63848,22.7657],[69.63848,22.76597],[69.63792,22.76597],[69.63792,22.7657],[69.63736,22.7657],[69.63736,22.76542],[69.63626,22.76542],[69.63626,22.76514],[69.63486,22.76514],[69.63486,22.76486],[69.63431,22.76486],[69.63431,22.76459],[69.63347,22.76459],[69.63347,22.76431],[69.63264,22.76431],[69.63264,22.76403],[69.63181,22.76403],[69.63181,22.76375],[69.63097,22.76375],[69.63097,22.76347],[69.63021,22.76347],[69.62958,22.76348],[69.62959,22.76375],[69.62903,22.76375],[69.62903,22.76403],[69.62847,22.76403],[69.62847,22.76431],[69.62792,22.76431],[69.62792,22.76459],[69.62708,22.76459],[69.62708,22.76481],[69.62708,22.76486],[69.6267,22.76486],[69.62625,22.76486],[69.62625,22.76493],[69.62625,22.76514],[69.62458,22.76514],[69.62458,22.76486],[69.62448,22.76486],[69.62447,22.76486],[69.6221,22.76486],[69.6221,22.76514],[69.62181,22.76514],[69.62181,22.76597],[69.6221,22.76597],[69.6221,22.76681],[69.62181,22.76681],[69.62181,22.76708],[69.62153,22.76707],[69.62153,22.76736],[69.61959,22.76736],[69.61959,22.76764],[69.61736,22.76764],[69.61736,22.76736],[69.61625,22.76736],[69.61625,22.76707],[69.61486,22.76708],[69.61486,22.76681],[69.61459,22.76681],[69.61459,22.76653],[69.6143,22.76653],[69.6143,22.76625],[69.61403,22.76625],[69.61403,22.76597],[69.61292,22.76597],[69.61292,22.76625],[69.61208,22.76625],[69.61208,22.76653],[69.61125,22.76653],[69.61125,22.76681],[69.61069,22.76681],[69.61069,22.76653],[69.61041,22.76653],[69.61041,22.76681],[69.61014,22.76681],[69.61014,22.76708],[69.60931,22.76708],[69.60931,22.76681],[69.60902,22.76681],[69.60902,22.76569],[69.60931,22.7657],[69.60931,22.76542],[69.60958,22.76542],[69.60958,22.76514],[69.60987,22.76514],[69.60987,22.7643],[69.61014,22.76431],[69.61014,22.76356],[69.61118,22.76329],[69.61422,22.76282],[69.61656,22.76212],[69.61703,22.76049],[69.61586,22.75721],[69.60978,22.75698],[69.60136,22.75768],[69.59802,22.75958],[69.59736,22.75958],[69.59736,22.75986],[69.59681,22.75986],[69.5968,22.76014],[69.59625,22.76014],[69.59625,22.76042],[69.59514,22.76042],[69.59514,22.76055],[69.59461,22.76012],[69.59125,22.76052],[69.5882,22.7617],[69.58672,22.7618],[69.58543,22.7618],[69.58326,22.7616],[69.58011,22.76229],[69.57784,22.76377],[69.57567,22.76525],[69.5738,22.76673],[69.57232,22.76791],[69.57188,22.76847],[69.57145,22.76903],[69.57102,22.76958],[69.57042,22.76958],[69.57042,22.76986],[69.56958,22.76986],[69.56958,22.77014],[69.56875,22.77014],[69.56875,22.77042],[69.56819,22.77042],[69.56819,22.77097],[69.56792,22.77097],[69.56792,22.77125],[69.56764,22.77125],[69.56764,22.77153],[69.56709,22.77153],[69.56709,22.77181],[69.56626,22.77181],[69.56626,22.77209],[69.5657,22.77209],[69.5657,22.77236],[69.56514,22.77236],[69.56514,22.77264],[69.56486,22.77264],[69.56486,22.77292],[69.56458,22.77292],[69.56458,22.7732],[69.56431,22.7732],[69.56431,22.77347],[69.56375,22.77347],[69.56375,22.77375],[69.56319,22.77375],[69.56319,22.77403],[69.56292,22.77403],[69.56292,22.77431],[69.56264,22.77431],[69.56264,22.77458],[69.56236,22.77458],[69.56236,22.77486],[69.56207,22.77486],[69.56207,22.77514],[69.56182,22.77514],[69.56182,22.77542],[69.56125,22.77542],[69.56125,22.77569],[69.56097,22.77569],[69.56097,22.77681],[69.56069,22.77681],[69.56069,22.77708],[69.56042,22.77708],[69.56042,22.77736],[69.56014,22.77736],[69.56014,22.77764],[69.55986,22.77764],[69.55986,22.77736],[69.55959,22.77736],[69.55959,22.77764],[69.55931,22.77764],[69.55931,22.7782],[69.55875,22.7782],[69.55875,22.77847],[69.55847,22.77847],[69.55847,22.77875],[69.5582,22.77875],[69.5582,22.77903],[69.55792,22.77903],[69.55792,22.77931],[69.55764,22.77931],[69.55764,22.77986],[69.55736,22.77986],[69.55736,22.78014],[69.55709,22.78014],[69.55709,22.78042],[69.55681,22.78042],[69.55681,22.7807],[69.55653,22.7807],[69.55653,22.78125],[69.55626,22.78125],[69.55626,22.78153],[69.55597,22.78153],[69.55597,22.78181],[69.5557,22.78181],[69.5557,22.78208],[69.55542,22.78208],[69.55542,22.78264],[69.55514,22.78264],[69.55514,22.78292],[69.55486,22.78292],[69.55486,22.78347],[69.55458,22.78347],[69.55458,22.78375],[69.55431,22.78375],[69.55431,22.78403],[69.55403,22.78403],[69.55403,22.78459],[69.55375,22.78458],[69.55375,22.78486],[69.55347,22.78486],[69.55347,22.78514],[69.5532,22.78514],[69.5532,22.78543],[69.55292,22.78542],[69.55292,22.7857],[69.55264,22.78569],[69.55264,22.78653],[69.55236,22.78653],[69.55236,22.78708],[69.55209,22.78708],[69.55209,22.78819],[69.55264,22.78819],[69.55264,22.78847],[69.55319,22.78847],[69.55319,22.78875],[69.55375,22.78875],[69.55375,22.78903],[69.55431,22.78903],[69.55431,22.7893],[69.55441,22.7893],[69.55542,22.7893],[69.55542,22.78947],[69.55542,22.78987],[69.55569,22.78986],[69.55569,22.79014],[69.55597,22.79014],[69.55597,22.79042],[69.55626,22.79042],[69.55626,22.79153],[69.55597,22.79153],[69.55597,22.79181],[69.5557,22.79181],[69.5557,22.79209],[69.55514,22.79208],[69.55514,22.79236],[69.55458,22.79236],[69.55458,22.79208],[69.55403,22.79208],[69.55403,22.79236],[69.55347,22.79236],[69.55347,22.79208],[69.55292,22.79209],[69.55292,22.79153],[69.55264,22.79153],[69.55264,22.79124],[69.55209,22.79125],[69.55209,22.79098],[69.55181,22.79098],[69.55181,22.79042],[69.55153,22.79042],[69.55153,22.78958],[69.55097,22.78958],[69.55097,22.78903],[69.5507,22.78903],[69.5507,22.78867],[69.5507,22.78819],[69.55041,22.78819],[69.55041,22.78792],[69.55013,22.78792],[69.55013,22.78653],[69.54986,22.78653],[69.54986,22.78625],[69.54983,22.78625],[69.54993,22.78507],[69.54993,22.78399],[69.55003,22.78241],[69.55072,22.78133],[69.55092,22.78083],[69.54973,22.77985],[69.54815,22.77935],[69.54569,22.78024],[69.54372,22.78182],[69.54095,22.7834],[69.5379,22.78458],[69.53277,22.78586],[69.52961,22.78586],[69.52725,22.78596],[69.52458,22.78606],[69.5232,22.78626],[69.5231,22.78567],[69.5231,22.78488],[69.52182,22.78488],[69.51926,22.78547],[69.51827,22.78616],[69.51748,22.78714],[69.51679,22.78744],[69.51571,22.78685],[69.5159,22.78596],[69.5162,22.78517],[69.5161,22.78488],[69.51502,22.78478],[69.51373,22.78488],[69.51225,22.78547],[69.51137,22.78557],[69.50614,22.78685],[69.50097,22.78763],[69.50097,22.78736],[69.49736,22.78736],[69.49736,22.78764],[69.4971,22.78764],[69.4971,22.78792],[69.49596,22.78792],[69.49596,22.78764],[69.4957,22.78764],[69.4957,22.78736],[69.49486,22.78736],[69.49486,22.78764],[69.49458,22.78764],[69.49458,22.78792],[69.49292,22.78792],[69.49292,22.78764],[69.49236,22.78764],[69.49236,22.78736],[69.49181,22.78736],[69.49181,22.78708],[69.49125,22.78708],[69.49125,22.78681],[69.49097,22.78681],[69.49097,22.78653],[69.49069,22.78653],[69.49069,22.78681],[69.49014,22.78681],[69.49014,22.78736],[69.48986,22.78736],[69.48986,22.78764],[69.4882,22.78764],[69.4882,22.78736],[69.48597,22.78736],[69.48597,22.78708],[69.48542,22.78708],[69.48542,22.78792],[69.48458,22.78792],[69.48458,22.78764],[69.4843,22.78764],[69.4843,22.78736],[69.48402,22.78736],[69.48402,22.78681],[69.48347,22.78681],[69.48347,22.78653],[69.48319,22.78653],[69.48319,22.78625],[69.48292,22.78625],[69.48292,22.78597],[69.48264,22.78597],[69.48264,22.7857],[69.48403,22.7857],[69.48403,22.78597],[69.48458,22.78597],[69.48458,22.78625],[69.48542,22.78625],[69.48542,22.78597],[69.48625,22.78597],[69.48625,22.78625],[69.48708,22.78625],[69.48708,22.78597],[69.48736,22.78597],[69.48736,22.7857],[69.48764,22.7857],[69.48764,22.78514],[69.48792,22.78514],[69.48792,22.78486],[69.4882,22.78486],[69.4882,22.78458],[69.48875,22.78459],[69.48875,22.78431],[69.48903,22.78431],[69.48903,22.78403],[69.48986,22.78403],[69.48986,22.78375],[69.49042,22.78375],[69.49042,22.78347],[69.49264,22.78347],[69.49264,22.78319],[69.4932,22.78319],[69.4932,22.78292],[69.49347,22.78292],[69.49347,22.78276],[69.49401,22.78271],[69.4949,22.78241],[69.49598,22.78241],[69.49657,22.78241],[69.49726,22.78231],[69.49756,22.78231],[69.49677,22.78152],[69.49647,22.78064],[69.49549,22.78004],[69.4948,22.77916],[69.49342,22.77837],[69.49105,22.77797],[69.48809,22.77807],[69.48661,22.77807],[69.48569,22.77816],[69.48569,22.77792],[69.48487,22.77792],[69.48487,22.77764],[69.48375,22.77764],[69.48375,22.7774],[69.48375,22.77736],[69.48326,22.77736],[69.4818,22.77736],[69.4818,22.77708],[69.48153,22.77708],[69.48153,22.77681],[69.48098,22.77681],[69.48098,22.77653],[69.4807,22.77653],[69.4807,22.77624],[69.48042,22.77625],[69.48042,22.77597],[69.48014,22.77597],[69.48014,22.77569],[69.47959,22.77569],[69.47959,22.77542],[69.47931,22.77542],[69.47931,22.77514],[69.47847,22.77514],[69.47847,22.77486],[69.47736,22.77486],[69.47736,22.77458],[69.47554,22.77458],[69.47459,22.77458],[69.47459,22.77431],[69.47403,22.77431],[69.47403,22.77403],[69.47375,22.77403],[69.47375,22.77369],[69.47375,22.77347],[69.47236,22.77347],[69.47236,22.77372],[69.47236,22.77375],[69.47185,22.77375],[69.47153,22.77375],[69.47153,22.77377],[69.47153,22.77403],[69.46986,22.77403],[69.46986,22.77387],[69.46986,22.77375],[69.46958,22.77375],[69.46958,22.77389],[69.46958,22.77403],[69.46931,22.77403],[69.46931,22.77431],[69.46875,22.77431],[69.46875,22.77458],[69.46848,22.77458],[69.46848,22.77486],[69.46819,22.77486],[69.46819,22.77542],[69.46764,22.77542],[69.46764,22.77569],[69.46709,22.77569],[69.46709,22.77597],[69.4657,22.77597],[69.4657,22.77625],[69.46514,22.77624],[69.46514,22.77653],[69.46458,22.77653],[69.46458,22.77681],[69.4643,22.77681],[69.4643,22.77736],[69.46347,22.77736],[69.46347,22.77764],[69.46291,22.77764],[69.46291,22.77792],[69.46208,22.77792],[69.46208,22.7782],[69.46153,22.7782],[69.46153,22.77847],[69.46125,22.77847],[69.46125,22.77875],[69.4607,22.77875],[69.4607,22.77903],[69.45986,22.77903],[69.45986,22.77931],[69.45736,22.77931],[69.45736,22.77958],[69.45569,22.77958],[69.45569,22.77931],[69.45514,22.77931],[69.45514,22.77903],[69.45431,22.77903],[69.45431,22.77931],[69.45306,22.77931],[69.45264,22.77931],[69.45264,22.77953],[69.45264,22.77958],[69.45252,22.77958],[69.45098,22.77958],[69.45098,22.77986],[69.45014,22.77986],[69.44945,22.77986],[69.44858,22.77903],[69.44834,22.77762],[69.446,22.77762],[69.43852,22.78253],[69.43455,22.78604],[69.43151,22.78908],[69.43151,22.78988],[69.43151,22.79014],[69.43104,22.79014],[69.43097,22.79014],[69.43097,22.79018],[69.43097,22.79042],[69.43069,22.79042],[69.43069,22.7907],[69.43014,22.7907],[69.43014,22.79098],[69.42958,22.79098],[69.42958,22.79125],[69.4293,22.79124],[69.4293,22.79153],[69.42903,22.79153],[69.42903,22.79181],[69.42875,22.79181],[69.42875,22.79209],[69.42847,22.79208],[69.42847,22.79236],[69.42819,22.79236],[69.42819,22.79264],[69.42792,22.79264],[69.42792,22.79292],[69.42764,22.79292],[69.42764,22.7932],[69.42736,22.7932],[69.42736,22.79347],[69.42709,22.79347],[69.42709,22.79375],[69.4268,22.79375],[69.4268,22.79403],[69.42653,22.79403],[69.42653,22.79431],[69.42625,22.79431],[69.42625,22.79458],[69.42597,22.79458],[69.42597,22.79486],[69.4257,22.79486],[69.4257,22.79514],[69.42542,22.79514],[69.42542,22.79542],[69.42486,22.79542],[69.42486,22.79569],[69.42459,22.79569],[69.42459,22.79597],[69.42403,22.79597],[69.42403,22.79625],[69.42374,22.79625],[69.42374,22.79653],[69.42319,22.79653],[69.42319,22.79681],[69.42292,22.79681],[69.42292,22.79708],[69.42237,22.79708],[69.42237,22.79737],[69.42208,22.79737],[69.42208,22.79764],[69.42151,22.79764],[69.42151,22.79792],[69.42125,22.79792],[69.42125,22.7982],[69.42069,22.7982],[69.42069,22.79847],[69.42042,22.79847],[69.42042,22.79875],[69.41986,22.79875],[69.41986,22.79903],[69.41959,22.79903],[69.41959,22.79931],[69.41875,22.79931],[69.41875,22.79959],[69.4182,22.79959],[69.4182,22.79986],[69.41764,22.79986],[69.41764,22.80014],[69.41597,22.80014],[69.41597,22.80069],[69.41569,22.8007],[69.41569,22.80097],[69.41541,22.80097],[69.41541,22.80125],[69.41514,22.80125],[69.41514,22.80153],[69.41486,22.80153],[69.41486,22.80181],[69.41431,22.80181],[69.41431,22.80208],[69.41375,22.80208],[69.41375,22.80236],[69.41292,22.80236],[69.41292,22.80264],[69.41209,22.80264],[69.41209,22.80292],[69.41153,22.80292],[69.41153,22.80319],[69.41097,22.80319],[69.41097,22.80347],[69.4107,22.80347],[69.4107,22.80375],[69.41043,22.80375],[69.41043,22.80403],[69.40986,22.80403],[69.40986,22.80431],[69.40959,22.80431],[69.40959,22.80459],[69.40931,22.80458],[69.4093,22.80486],[69.40847,22.80486],[69.40847,22.80514],[69.40792,22.80514],[69.40792,22.80542],[69.40737,22.80542],[69.40737,22.8057],[69.40681,22.8057],[69.40681,22.80597],[69.40653,22.80597],[69.40653,22.80625],[69.4057,22.80624],[69.4057,22.80653],[69.40459,22.80653],[69.40459,22.80681],[69.40403,22.80681],[69.40403,22.80709],[69.40347,22.80709],[69.40347,22.80736],[69.40291,22.80736],[69.40291,22.80764],[69.40236,22.80764],[69.40236,22.8082],[69.40208,22.8082],[69.40208,22.80847],[69.4018,22.80847],[69.4018,22.80875],[69.40153,22.80875],[69.40153,22.80903],[69.40041,22.80903],[69.40041,22.80931],[69.39931,22.80931],[69.39931,22.80958],[69.39875,22.80958],[69.39875,22.80986],[69.3982,22.80986],[69.3982,22.81014],[69.39764,22.81014],[69.39764,22.81042],[69.39709,22.81042],[69.39709,22.81069],[69.39653,22.81069],[69.39653,22.81097],[69.39598,22.81097],[69.39598,22.81125],[69.39542,22.81125],[69.39542,22.81153],[69.39458,22.81153],[69.39458,22.81181],[69.39403,22.81181],[69.39403,22.81209],[69.39347,22.81208],[69.39347,22.81237],[69.3929,22.81237],[69.3929,22.81264],[69.39236,22.81264],[69.39236,22.81292],[69.39181,22.81292],[69.39181,22.8132],[69.39125,22.8132],[69.39125,22.81347],[69.3907,22.81347],[69.3907,22.81375],[69.38986,22.81375],[69.38986,22.81403],[69.38903,22.81403],[69.38903,22.81431],[69.38487,22.81431],[69.38487,22.81458],[69.38403,22.81458],[69.38403,22.81486],[69.38347,22.81486],[69.38347,22.81514],[69.38264,22.81514],[69.38264,22.81542],[69.38208,22.81542],[69.38208,22.81569],[69.38153,22.81569],[69.38153,22.81597],[69.38042,22.81597],[69.38042,22.81625],[69.37959,22.81625],[69.37959,22.81653],[69.37847,22.81653],[69.37847,22.8168],[69.37764,22.8168],[69.37764,22.81708],[69.37653,22.81708],[69.37653,22.81737],[69.37569,22.81736],[69.37569,22.81764],[69.37514,22.81764],[69.37514,22.81792],[69.37403,22.81792],[69.37403,22.8182],[69.37347,22.8182],[69.37347,22.81848],[69.37153,22.81847],[69.37153,22.81875],[69.37097,22.81875],[69.37097,22.81903],[69.3707,22.81903],[69.3707,22.81931],[69.36875,22.81931],[69.36875,22.81959],[69.36736,22.81958],[69.36736,22.81986],[69.36653,22.81986],[69.36653,22.82014],[69.36597,22.82014],[69.36597,22.82042],[69.36514,22.82042],[69.36514,22.82014],[69.36486,22.82014],[69.36486,22.82042],[69.36431,22.82042],[69.36431,22.8207],[69.36375,22.8207],[69.36375,22.82097],[69.36264,22.82097],[69.36264,22.82125],[69.36209,22.82125],[69.36209,22.82208],[69.36181,22.82208],[69.36181,22.82236],[69.36125,22.82236],[69.36125,22.82264],[69.36069,22.82264],[69.36069,22.82236],[69.36014,22.82236],[69.36014,22.82264],[69.35819,22.82264],[69.35819,22.82236],[69.35792,22.82236],[69.35792,22.82208],[69.35653,22.82208],[69.35653,22.82181],[69.35597,22.82181],[69.35597,22.82154],[69.35542,22.82154],[69.35542,22.82125],[69.35514,22.82125],[69.35514,22.81986],[69.35459,22.81986],[69.35459,22.81978],[69.35459,22.81978],[69.35459,22.81959],[69.35431,22.81959],[69.35431,22.81903],[69.35403,22.81903],[69.35403,22.81875],[69.35375,22.81875],[69.35375,22.81847],[69.3532,22.81848],[69.3532,22.8182],[69.35291,22.8182],[69.35291,22.81792],[69.35235,22.81792],[69.35235,22.81764],[69.35208,22.81764],[69.35208,22.8182],[69.35181,22.8182],[69.35181,22.81903],[69.35153,22.81903],[69.35153,22.81959],[69.35181,22.81958],[69.35181,22.81986],[69.35208,22.81986],[69.35208,22.82014],[69.35235,22.82014],[69.35235,22.8204],[69.35235,22.8204],[69.35235,22.82042],[69.35264,22.82042],[69.35264,22.8207],[69.35291,22.82069],[69.35291,22.82125],[69.3532,22.82125],[69.3532,22.82154],[69.35347,22.82154],[69.35347,22.82181],[69.35375,22.82181],[69.35375,22.82292],[69.35403,22.82292],[69.35403,22.82375],[69.35431,22.82375],[69.35431,22.82486],[69.35459,22.82486],[69.35459,22.8257],[69.35486,22.8257],[69.35486,22.82625],[69.35514,22.82625],[69.35514,22.82653],[69.35542,22.82653],[69.35542,22.82681],[69.3557,22.82681],[69.3557,22.82736],[69.35597,22.82736],[69.35597,22.82847],[69.3557,22.82847],[69.3557,22.82875],[69.35514,22.82875],[69.35514,22.82847],[69.35486,22.82847],[69.35486,22.82792],[69.35459,22.82792],[69.35459,22.82764],[69.35431,22.82764],[69.35431,22.82735],[69.3532,22.82736],[69.3532,22.82681],[69.35291,22.82681],[69.35291,22.82653],[69.35264,22.82653],[69.35264,22.82597],[69.35237,22.82597],[69.35237,22.82375],[69.35208,22.82375],[69.35208,22.82347],[69.35153,22.82347],[69.35153,22.82319],[69.35125,22.82319],[69.35125,22.82236],[69.35098,22.82236],[69.35098,22.82181],[69.35069,22.82181],[69.35069,22.82086],[69.35069,22.82086],[69.35069,22.82069],[69.34847,22.8207],[69.34847,22.82042],[69.34681,22.82042],[69.3468,22.8207],[69.34597,22.8207],[69.34597,22.82097],[69.3457,22.82097],[69.34571,22.82125],[69.34514,22.82125],[69.34514,22.82154],[69.34458,22.82154],[69.34458,22.82181],[69.34431,22.82181],[69.34431,22.82208],[69.34403,22.82208],[69.34403,22.82181],[69.34348,22.82181],[69.34348,22.82208],[69.34292,22.82208],[69.34292,22.82236],[69.34264,22.82236],[69.34265,22.82264],[69.34209,22.82264],[69.34209,22.82292],[69.34181,22.82292],[69.34181,22.82319],[69.34153,22.82319],[69.34153,22.82341],[69.34153,22.82342],[69.34153,22.82347],[69.34133,22.82347],[69.34132,22.82348],[69.34131,22.82348],[69.34125,22.82347],[69.34125,22.82349],[69.34125,22.8235],[69.34125,22.82375],[69.3407,22.82375],[69.3407,22.82403],[69.34014,22.82403],[69.34014,22.82431],[69.33986,22.82431],[69.33986,22.82458],[69.3393,22.82458],[69.3393,22.82486],[69.33875,22.82486],[69.33875,22.82514],[69.3382,22.82514],[69.3382,22.82542],[69.33764,22.82542],[69.33764,22.8257],[69.33708,22.8257],[69.33708,22.82597],[69.33681,22.82597],[69.33681,22.82625],[69.33625,22.82625],[69.33625,22.82653],[69.33599,22.82653],[69.33599,22.82681],[69.33542,22.82681],[69.33542,22.82709],[69.33486,22.82709],[69.33486,22.82736],[69.33403,22.82735],[69.33403,22.82764],[69.33236,22.82764],[69.33236,22.82792],[69.3318,22.82792],[69.3318,22.8282],[69.33153,22.8282],[69.33153,22.82847],[69.33125,22.82847],[69.33125,22.82875],[69.32958,22.82875],[69.32958,22.82903],[69.32931,22.82903],[69.32931,22.82931],[69.32848,22.82931],[69.32848,22.82958],[69.32708,22.82958],[69.32708,22.82986],[69.32625,22.82986],[69.32625,22.83014],[69.32598,22.83014],[69.32598,22.83042],[69.32514,22.83042],[69.32514,22.83069],[69.32376,22.83069],[69.32376,22.83097],[69.32264,22.83097],[69.32264,22.83125],[69.32125,22.83125],[69.32125,22.83153],[69.32069,22.83153],[69.32069,22.83125],[69.32014,22.83125],[69.32014,22.83153],[69.31958,22.83153],[69.31958,22.83181],[69.31931,22.83181],[69.31931,22.83209],[69.31875,22.83208],[69.31875,22.83236],[69.31431,22.83236],[69.31431,22.83264],[69.31403,22.83264],[69.31403,22.83236],[69.31264,22.83236],[69.31264,22.83264],[69.31153,22.83264],[69.31153,22.83236],[69.30959,22.83236],[69.30959,22.83236],[69.30375,22.83236],[69.30375,22.83208],[69.30319,22.83208],[69.30319,22.83236],[69.30264,22.83236],[69.30264,22.83209],[69.30236,22.83208],[69.30236,22.83236],[69.3007,22.83236],[69.3007,22.83208],[69.30042,22.83209],[69.30042,22.83181],[69.30014,22.83181],[69.30014,22.83153],[69.29958,22.83153],[69.29958,22.83125],[69.29931,22.83125],[69.29931,22.83097],[69.29847,22.83097],[69.29847,22.83069],[69.29764,22.83069],[69.29764,22.83042],[69.29652,22.83042],[69.29652,22.83014],[69.29597,22.83014],[69.29597,22.82986],[69.29542,22.82986],[69.29542,22.82958],[69.29431,22.82958],[69.29431,22.82931],[69.29326,22.82931],[69.29326,22.82931],[69.2932,22.82931],[69.2932,22.82928],[69.2932,22.82928],[69.2932,22.82903],[69.29264,22.82903],[69.29264,22.82903],[69.29181,22.82903],[69.29181,22.82875],[69.29097,22.82875],[69.29097,22.82847],[69.28958,22.82847],[69.28958,22.8282],[69.28903,22.8282],[69.28903,22.82792],[69.28818,22.82792],[69.28818,22.82764],[69.28736,22.82764],[69.28736,22.82735],[69.28653,22.82736],[69.28653,22.82709],[69.2857,22.82709],[69.2857,22.82681],[69.2843,22.82681],[69.2843,22.82653],[69.28237,22.82653],[69.28237,22.82625],[69.28014,22.82625],[69.28014,22.82597],[69.27653,22.82597],[69.27653,22.8257],[69.27403,22.8257],[69.27403,22.82597],[69.27348,22.82597],[69.27348,22.8257],[69.27318,22.8257],[69.27318,22.82542],[69.2718,22.82542],[69.2718,22.82514],[69.27043,22.82514],[69.27043,22.82486],[69.26875,22.82486],[69.26875,22.82458],[69.26847,22.82458],[69.26847,22.82431],[69.26737,22.82431],[69.26737,22.82403],[69.26681,22.82403],[69.26681,22.82431],[69.26625,22.82431],[69.26625,22.82458],[69.26598,22.82458],[69.26598,22.82486],[69.2657,22.82486],[69.2657,22.82458],[69.26542,22.82458],[69.26542,22.82486],[69.26514,22.82486],[69.26514,22.82514],[69.26486,22.82514],[69.26486,22.82542],[69.2643,22.82542],[69.2643,22.8257],[69.26348,22.8257],[69.26348,22.82597],[69.26292,22.82597],[69.26292,22.82625],[69.26208,22.82625],[69.26208,22.82653],[69.26153,22.82653],[69.26153,22.82681],[69.26097,22.82681],[69.26097,22.82709],[69.26042,22.82709],[69.26042,22.82736],[69.26014,22.82736],[69.26014,22.82748],[69.26014,22.82764],[69.25961,22.82764],[69.25903,22.82764],[69.25904,22.82782],[69.25904,22.82792],[69.2587,22.82792],[69.25736,22.82792],[69.25736,22.8282],[69.25598,22.8282],[69.25598,22.82847],[69.25514,22.82847],[69.25514,22.82875],[69.25403,22.82875],[69.25403,22.82903],[69.25291,22.82903],[69.25291,22.82931],[69.25181,22.82931],[69.25181,22.82958],[69.25014,22.82958],[69.25014,22.82986],[69.24862,22.82986],[69.2471,22.82986],[69.2471,22.83014],[69.24653,22.83014],[69.24653,22.83042],[69.24597,22.83042],[69.24597,22.83069],[69.24542,22.83069],[69.24542,22.83097],[69.24486,22.83097],[69.24486,22.83125],[69.24431,22.83125],[69.24431,22.83153],[69.24402,22.83153],[69.24402,22.83125],[69.24347,22.83125],[69.24347,22.83153],[69.24264,22.83153],[69.24264,22.83181],[69.24153,22.83181],[69.24153,22.83209],[69.24069,22.83208],[69.24069,22.83236],[69.23986,22.83236],[69.23986,22.83264],[69.2393,22.83264],[69.2393,22.83292],[69.2393,22.83292],[69.2382,22.83292],[69.2382,22.8332],[69.23764,22.83319],[69.23764,22.83348],[69.23653,22.83348],[69.23653,22.83319],[69.23625,22.83319],[69.23625,22.83348],[69.23542,22.83348],[69.23542,22.83319],[69.23514,22.83319],[69.23514,22.83348],[69.23458,22.83348],[69.23458,22.83375],[69.23432,22.83375],[69.23432,22.83403],[69.23264,22.83403],[69.23264,22.83431],[69.23209,22.83431],[69.23209,22.83459],[69.2307,22.83458],[69.2307,22.83514],[69.23041,22.83514],[69.23041,22.83597],[69.23014,22.83597],[69.23014,22.83764],[69.22986,22.83764],[69.22986,22.83792],[69.23014,22.83792],[69.23014,22.83903],[69.22986,22.83903],[69.22986,22.83931],[69.23014,22.83931],[69.23014,22.84042],[69.22986,22.84042],[69.22986,22.8407],[69.22959,22.8407],[69.22959,22.84097],[69.22931,22.84097],[69.22931,22.84125],[69.22903,22.84125],[69.22903,22.84153],[69.22875,22.84153],[69.22875,22.84208],[69.22847,22.84208],[69.22847,22.84236],[69.22819,22.84236],[69.22819,22.84208],[69.22791,22.84208],[69.22791,22.84153],[69.22764,22.84153],[69.22764,22.84042],[69.22736,22.84042],[69.22736,22.83986],[69.22764,22.83986],[69.22764,22.83958],[69.22737,22.83958],[69.22737,22.83931],[69.22708,22.83931],[69.22708,22.83875],[69.22652,22.83875],[69.22652,22.83847],[69.22598,22.83847],[69.22598,22.83819],[69.22542,22.83819],[69.22542,22.83792],[69.22486,22.83792],[69.22486,22.83764],[69.22459,22.83764],[69.22459,22.83736],[69.22403,22.83736],[69.22403,22.83708],[69.22375,22.83708],[69.22375,22.83653],[69.22347,22.83654],[69.22347,22.83625],[69.2232,22.83625],[69.2232,22.83597],[69.22209,22.83597],[69.22209,22.83625],[69.2215,22.83625],[69.2215,22.83625],[69.22125,22.83625],[69.22125,22.83654],[69.21986,22.83654],[69.21986,22.83681],[69.21875,22.83681],[69.21875,22.83708],[69.21347,22.83708],[69.21347,22.83681],[69.21047,22.83681],[69.20819,22.83681],[69.20819,22.83708],[69.20792,22.83708],[69.20792,22.83736],[69.20736,22.83736],[69.20736,22.83764],[69.20709,22.83764],[69.20709,22.83847],[69.20736,22.83847],[69.20736,22.83875],[69.20764,22.83875],[69.20764,22.83903],[69.2078,22.83903],[69.20792,22.83903],[69.20792,22.83986],[69.20764,22.83986],[69.20764,22.84014],[69.20647,22.84014],[69.20597,22.84014],[69.20597,22.83986],[69.20458,22.83986],[69.20458,22.83958],[69.20348,22.83958],[69.20348,22.83931],[69.20264,22.83931],[69.20264,22.83958],[69.20236,22.83958],[69.20236,22.83986],[69.2018,22.83986],[69.20181,22.84014],[69.20153,22.84014],[69.20153,22.83986],[69.20146,22.83986],[69.20146,22.83986],[69.20042,22.83986],[69.20042,22.84014],[69.20014,22.84014],[69.20014,22.83986],[69.19986,22.83986],[69.19986,22.83958],[69.19958,22.83958],[69.19958,22.83931],[69.1993,22.83931],[69.1993,22.83903],[69.19903,22.83903],[69.19903,22.83875],[69.19847,22.83875],[69.19847,22.83847],[69.19736,22.83847],[69.19736,22.83903],[69.19708,22.83903],[69.19708,22.83931],[69.19653,22.83931],[69.19653,22.83958],[69.19625,22.83958],[69.19625,22.83986],[69.19597,22.83986],[69.19597,22.84014],[69.19569,22.84014],[69.19569,22.84042],[69.19514,22.84042],[69.19514,22.8407],[69.19486,22.8407],[69.19486,22.84097],[69.19375,22.84097],[69.19375,22.8407],[69.19209,22.8407],[69.19209,22.84097],[69.19153,22.84097],[69.19153,22.84125],[69.1907,22.84125],[69.1907,22.84153],[69.19014,22.84153],[69.19014,22.84181],[69.18986,22.84181],[69.18986,22.84208],[69.18931,22.84208],[69.18931,22.84236],[69.18902,22.84235],[69.18902,22.84264],[69.18819,22.84264],[69.18819,22.84292],[69.18764,22.84292],[69.18764,22.8432],[69.18736,22.84319],[69.18736,22.84347],[69.18653,22.84347],[69.18653,22.84375],[69.18625,22.84375],[69.18625,22.84403],[69.18596,22.84403],[69.18596,22.84431],[69.18569,22.84431],[69.18569,22.84458],[69.18542,22.84458],[69.18542,22.84487],[69.18514,22.84486],[69.18514,22.84514],[69.18403,22.84514],[69.18403,22.84542],[69.18375,22.84542],[69.18375,22.84569],[69.1832,22.84569],[69.1832,22.84597],[69.18236,22.84597],[69.18236,22.84625],[69.18153,22.84625],[69.18153,22.84653],[69.18097,22.84653],[69.18097,22.84681],[69.18042,22.84681],[69.18042,22.84709],[69.18014,22.84708],[69.18014,22.84736],[69.17986,22.84736],[69.17986,22.84764],[69.17958,22.84764],[69.17958,22.84792],[69.17931,22.84792],[69.17931,22.8482],[69.17903,22.84819],[69.17903,22.84848],[69.17875,22.84848],[69.17875,22.84875],[69.17847,22.84875],[69.17847,22.84903],[69.17819,22.84903],[69.17819,22.84931],[69.17792,22.84931],[69.17792,22.84958],[69.17763,22.84958],[69.17764,22.84986],[69.17736,22.84986],[69.17736,22.85014],[69.17709,22.85014],[69.17708,22.8503],[69.17708,22.85042],[69.17686,22.85042],[69.17653,22.85042],[69.17653,22.85058],[69.17653,22.85069],[69.17625,22.85069],[69.17625,22.85097],[69.17597,22.85097],[69.17597,22.85125],[69.17541,22.85125],[69.17541,22.85153],[69.17514,22.85153],[69.17514,22.85125],[69.17486,22.85125],[69.17486,22.85153],[69.1747,22.85153],[69.17375,22.85153],[69.17375,22.8518],[69.17347,22.8518],[69.17347,22.85208],[69.1732,22.85208],[69.1732,22.85236],[69.17308,22.85236],[69.17292,22.85236],[69.17292,22.85264],[69.17264,22.85264],[69.17264,22.85292],[69.17236,22.85292],[69.17236,22.8532],[69.17181,22.8532],[69.17181,22.85347],[69.17125,22.85347],[69.17125,22.85375],[69.17098,22.85375],[69.17098,22.85403],[69.17069,22.85403],[69.17069,22.85431],[69.17042,22.85431],[69.17042,22.85459],[69.16986,22.85458],[69.16986,22.85486],[69.16959,22.85486],[69.16959,22.85514],[69.16903,22.85514],[69.16903,22.85542],[69.16875,22.85542],[69.16875,22.8557],[69.1682,22.85569],[69.1682,22.85653],[69.16708,22.85653],[69.16708,22.85681],[69.16625,22.85681],[69.16625,22.85708],[69.1657,22.85708],[69.1657,22.85736],[69.16541,22.85736],[69.16541,22.85765],[69.16487,22.85764],[69.16487,22.85807],[69.16487,22.85808],[69.16487,22.85819],[69.16438,22.85819],[69.16438,22.85819],[69.16431,22.85819],[69.16431,22.85822],[69.16431,22.85822],[69.16431,22.85848],[69.16402,22.85847],[69.16402,22.85875],[69.16375,22.85875],[69.16375,22.85903],[69.16275,22.85903],[69.16274,22.85903],[69.16264,22.85903],[69.16264,22.85909],[69.16264,22.85909],[69.16264,22.85931],[69.16221,22.85931],[69.16221,22.85931],[69.1618,22.85931],[69.1618,22.85952],[69.1618,22.85952],[69.1618,22.85959],[69.16168,22.85958],[69.16168,22.85958],[69.16153,22.85958],[69.16153,22.85966],[69.16153,22.85966],[69.16153,22.86014],[69.16125,22.86014],[69.16125,22.86042],[69.16008,22.86042],[69.16007,22.86042],[69.15986,22.86042],[69.15986,22.86053],[69.15986,22.86053],[69.15986,22.8607],[69.15958,22.8607],[69.15958,22.86097],[69.15903,22.86097],[69.15903,22.86125],[69.15847,22.86125],[69.15847,22.86125],[69.1582,22.86125],[69.1582,22.86139],[69.1582,22.86139],[69.1582,22.86153],[69.15793,22.86153],[69.15793,22.86153],[69.15792,22.86154],[69.15792,22.86154],[69.15792,22.86181],[69.1574,22.86181],[69.1574,22.86181],[69.15737,22.86181],[69.15737,22.86182],[69.15737,22.86183],[69.15737,22.86209],[69.15687,22.86209],[69.15686,22.86209],[69.15681,22.86209],[69.15681,22.86211],[69.15681,22.86212],[69.15681,22.86236],[69.15634,22.86236],[69.15634,22.86236],[69.15598,22.86236],[69.15598,22.86254],[69.15598,22.86254],[69.15598,22.86264],[69.1558,22.86264],[69.15579,22.86264],[69.15542,22.86264],[69.15542,22.86284],[69.15542,22.86284],[69.15542,22.86292],[69.15526,22.86292],[69.15526,22.86292],[69.15514,22.86292],[69.15514,22.86298],[69.15514,22.86298],[69.15514,22.86319],[69.15486,22.8632],[69.15486,22.86347],[69.15459,22.86346],[69.15459,22.86375],[69.15366,22.86375],[69.15366,22.86375],[69.15347,22.86375],[69.15347,22.86385],[69.15347,22.86385],[69.15347,22.86403],[69.1532,22.86403],[69.1532,22.86431],[69.15259,22.86431],[69.15258,22.86431],[69.15236,22.86431],[69.15236,22.86443],[69.15236,22.86443],[69.15236,22.86458],[69.15208,22.86458],[69.15208,22.86486],[69.15153,22.86486],[69.15153,22.86514],[69.15098,22.86514],[69.15098,22.86514],[69.15097,22.86514],[69.15097,22.86515],[69.15097,22.86542],[69.15045,22.86542],[69.15045,22.86542],[69.15014,22.86542],[69.15014,22.86558],[69.15014,22.86558],[69.15014,22.86569],[69.14992,22.86569],[69.14992,22.86569],[69.14931,22.86569],[69.14931,22.86597],[69.14903,22.86597],[69.14903,22.86615],[69.14903,22.86616],[69.14903,22.86625],[69.14885,22.86625],[69.14885,22.86625],[69.14709,22.86625],[69.14709,22.86653],[69.14653,22.86653],[69.14653,22.86708],[69.14625,22.86708],[69.14625,22.86736],[69.14608,22.86736],[69.14569,22.86736],[69.14569,22.86709],[69.14542,22.86708],[69.14542,22.86736],[69.14486,22.86736],[69.14486,22.86764],[69.1443,22.86764],[69.1443,22.86792],[69.14375,22.86792],[69.14375,22.8682],[69.14347,22.8682],[69.14347,22.86847],[69.14181,22.86847],[69.14181,22.86875],[69.14125,22.86875],[69.14125,22.86903],[69.14042,22.86903],[69.14042,22.86931],[69.13958,22.8693],[69.13958,22.86959],[69.13903,22.86958],[69.13903,22.86986],[69.13819,22.86986],[69.13819,22.87014],[69.13791,22.87014],[69.13791,22.87042],[69.13736,22.87042],[69.13736,22.8707],[69.13626,22.8707],[69.13626,22.87097],[69.13597,22.87097],[69.13597,22.87125],[69.13541,22.87125],[69.13541,22.87153],[69.13487,22.87153],[69.13487,22.87181],[69.13403,22.87181],[69.13403,22.87208],[69.13319,22.87208],[69.13319,22.87236],[69.13208,22.87236],[69.13208,22.87265],[69.13153,22.87264],[69.13153,22.8732],[69.13098,22.8732],[69.13098,22.87347],[69.13042,22.87347],[69.13042,22.87375],[69.12959,22.87375],[69.12959,22.87403],[69.12903,22.87403],[69.12903,22.87431],[69.12876,22.87431],[69.12876,22.87459],[69.1282,22.87458],[69.1282,22.87486],[69.12791,22.87486],[69.12791,22.87514],[69.12764,22.87514],[69.12764,22.87542],[69.12681,22.87542],[69.12681,22.8757],[69.12653,22.8757],[69.12653,22.8759],[69.12653,22.8759],[69.12653,22.87597],[69.12634,22.87597],[69.12625,22.87597],[69.12625,22.87601],[69.12625,22.87601],[69.12625,22.87625],[69.12568,22.87625],[69.12568,22.87653],[69.12542,22.87653],[69.12542,22.87681],[69.12514,22.87681],[69.12514,22.87708],[69.12486,22.87708],[69.12486,22.87736],[69.12431,22.87736],[69.12432,22.87764],[69.12403,22.87764],[69.12403,22.87792],[69.12348,22.87792],[69.12348,22.87819],[69.12319,22.87819],[69.12319,22.87847],[69.12292,22.87847],[69.12293,22.87875],[69.12264,22.87875],[69.12264,22.87903],[69.12209,22.87903],[69.12209,22.8793],[69.12181,22.8793],[69.12181,22.87958],[69.12153,22.87958],[69.12153,22.87969],[69.12153,22.8797],[69.12153,22.8797],[69.12153,22.87986],[69.12125,22.87986],[69.12125,22.88014],[69.12097,22.88014],[69.12097,22.88042],[69.1207,22.88042],[69.1207,22.8807],[69.12041,22.8807],[69.12041,22.88125],[69.12014,22.88125],[69.12014,22.88181],[69.11931,22.88181],[69.11931,22.88209],[69.11875,22.88208],[69.11875,22.88236],[69.11847,22.88236],[69.11847,22.88264],[69.11792,22.88264],[69.11792,22.88292],[69.11764,22.88292],[69.11764,22.88319],[69.11736,22.88319],[69.11736,22.88347],[69.11708,22.88347],[69.11708,22.88375],[69.1168,22.88375],[69.1168,22.88403],[69.11653,22.88403],[69.11653,22.88431],[69.11569,22.88431],[69.11569,22.88459],[69.11514,22.88459],[69.11514,22.88542],[69.11486,22.88542],[69.11486,22.88569],[69.11459,22.88569],[69.11459,22.88598],[69.1143,22.88597],[69.1143,22.88625],[69.11403,22.88625],[69.11403,22.88653],[69.11374,22.88653],[69.11374,22.88681],[69.1132,22.88681],[69.1132,22.88708],[69.11264,22.88708],[69.11264,22.88736],[69.11181,22.88736],[69.11181,22.88765],[69.11152,22.88765],[69.11152,22.88792],[69.11125,22.88792],[69.11125,22.8882],[69.1107,22.8882],[69.1107,22.88847],[69.11042,22.88847],[69.11042,22.88903],[69.10987,22.88903],[69.10987,22.88931],[69.10958,22.88931],[69.10958,22.88959],[69.10931,22.88959],[69.10931,22.88986],[69.10902,22.88986],[69.10902,22.89014],[69.10819,22.89014],[69.10819,22.89042],[69.10764,22.89042],[69.10764,22.8907],[69.10709,22.8907],[69.10709,22.89097],[69.10653,22.89097],[69.10653,22.89125],[69.10625,22.89125],[69.10625,22.89147],[69.1057,22.89153],[69.1057,22.89181],[69.10542,22.89181],[69.10542,22.89208],[69.10514,22.89208],[69.10514,22.89236],[69.10486,22.89236],[69.10486,22.89264],[69.10431,22.89264],[69.10431,22.89292],[69.10403,22.89292],[69.10403,22.89319],[69.10375,22.89319],[69.10375,22.89347],[69.10362,22.89347],[69.10347,22.89347],[69.10347,22.89375],[69.1032,22.89375],[69.1032,22.89403],[69.10291,22.89403],[69.10291,22.89422],[69.10291,22.89422],[69.10291,22.89423],[69.10291,22.89431],[69.10276,22.89431],[69.10276,22.89431],[69.10276,22.89431],[69.10237,22.89431],[69.10237,22.89453],[69.10237,22.89453],[69.10237,22.89453],[69.10237,22.89458],[69.10227,22.89458],[69.10227,22.89458],[69.10227,22.89458],[69.10208,22.89458],[69.10208,22.89469],[69.10208,22.89469],[69.10208,22.89469],[69.10208,22.89486],[69.1018,22.89486],[69.1018,22.89514],[69.10127,22.89514],[69.10127,22.89514],[69.10127,22.89514],[69.10125,22.89514],[69.10125,22.89515],[69.10125,22.89515],[69.10125,22.89515],[69.10125,22.89542],[69.10098,22.89542],[69.10098,22.8957],[69.10042,22.8957],[69.10042,22.89597],[69.09986,22.89597],[69.09986,22.89625],[69.09959,22.89625],[69.09959,22.89653],[69.09931,22.89653],[69.09931,22.89681],[69.09875,22.89681],[69.09875,22.89708],[69.09847,22.89708],[69.09847,22.89736],[69.09736,22.89736],[69.09736,22.89764],[69.09708,22.89764],[69.09708,22.89792],[69.09681,22.89792],[69.0968,22.8982],[69.09597,22.8982],[69.09597,22.89847],[69.0957,22.89847],[69.09571,22.89875],[69.09542,22.89875],[69.09542,22.89903],[69.09431,22.89903],[69.09431,22.89903],[69.09431,22.89903],[69.09402,22.89903],[69.09402,22.89919],[69.09402,22.89919],[69.09402,22.89931],[69.09382,22.89931],[69.09381,22.89931],[69.09348,22.89931],[69.09348,22.8995],[69.09348,22.8995],[69.09348,22.89959],[69.09333,22.89958],[69.09333,22.89958],[69.09319,22.89957],[69.09319,22.89966],[69.09319,22.89966],[69.09319,22.89986],[69.09282,22.89986],[69.09282,22.89986],[69.09264,22.89986],[69.09264,22.89997],[69.09264,22.89997],[69.09264,22.90014],[69.09236,22.90014],[69.09236,22.90042],[69.09183,22.90042],[69.09183,22.90042],[69.09181,22.90042],[69.09181,22.90043],[69.09181,22.90043],[69.09181,22.9007],[69.09133,22.9007],[69.09133,22.9007],[69.09125,22.9007],[69.09125,22.90074],[69.09125,22.90074],[69.09125,22.90097],[69.09097,22.90097],[69.09097,22.90125],[69.0907,22.90125],[69.0907,22.90153],[69.09042,22.90153],[69.09042,22.90168],[69.09042,22.90181],[69.08986,22.90181],[69.08986,22.90208],[69.0893,22.90208],[69.0893,22.90236],[69.08903,22.90236],[69.08903,22.90264],[69.08875,22.90263],[69.08875,22.90292],[69.08847,22.90292],[69.08847,22.9032],[69.0882,22.9032],[69.0882,22.90347],[69.08736,22.90347],[69.08736,22.90375],[69.08625,22.90375],[69.08625,22.90403],[69.0857,22.90403],[69.0857,22.90431],[69.08542,22.90431],[69.08542,22.90486],[69.08486,22.90486],[69.08486,22.90514],[69.0843,22.90514],[69.0843,22.90542],[69.08375,22.90542],[69.08375,22.90569],[69.08292,22.90569],[69.08292,22.90597],[69.08264,22.90597],[69.08264,22.90625],[69.08208,22.90625],[69.08208,22.90653],[69.08153,22.90653],[69.08153,22.90681],[69.08125,22.90681],[69.08125,22.90708],[69.0807,22.90708],[69.0807,22.90736],[69.08041,22.90736],[69.08041,22.90764],[69.08027,22.90764],[69.08026,22.90764],[69.08026,22.90764],[69.08014,22.90764],[69.08014,22.90792],[69.07958,22.90792],[69.07958,22.90819],[69.07931,22.90819],[69.07931,22.90847],[69.07848,22.90847],[69.07848,22.90876],[69.07792,22.90876],[69.07792,22.90903],[69.07763,22.90903],[69.07763,22.90931],[69.07736,22.90931],[69.07736,22.90959],[69.07681,22.90959],[69.07681,22.90986],[69.07625,22.90986],[69.07625,22.91014],[69.07597,22.91014],[69.07597,22.91042],[69.07569,22.91042],[69.07569,22.91069],[69.07542,22.91069],[69.07542,22.91097],[69.07486,22.91097],[69.07486,22.91125],[69.0743,22.91125],[69.0743,22.91153],[69.07403,22.91153],[69.07403,22.91208],[69.07376,22.91208],[69.07376,22.91236],[69.07236,22.91236],[69.07236,22.91264],[69.07208,22.91264],[69.07208,22.91292],[69.07153,22.91292],[69.07153,22.91319],[69.07097,22.91319],[69.07097,22.91347],[69.07042,22.91347],[69.07042,22.91375],[69.06958,22.91375],[69.06958,22.91403],[69.06931,22.91403],[69.06931,22.91458],[69.06903,22.91458],[69.06903,22.91486],[69.06875,22.91486],[69.06875,22.91514],[69.06847,22.91514],[69.06847,22.91542],[69.06819,22.91542],[69.06819,22.9157],[69.06792,22.9157],[69.06792,22.91597],[69.06763,22.91597],[69.06763,22.91597],[69.06763,22.91597],[69.06736,22.91597],[69.06736,22.91625],[69.0668,22.91625],[69.0668,22.91653],[69.06653,22.91653],[69.06653,22.91681],[69.0657,22.91681],[69.0657,22.91709],[69.06486,22.91708],[69.06486,22.91736],[69.0632,22.91736],[69.0632,22.91764],[69.06292,22.91763],[69.06292,22.91792],[69.06264,22.91792],[69.06264,22.9182],[69.06208,22.9182],[69.06208,22.91847],[69.06153,22.91847],[69.06153,22.91875],[69.06042,22.91875],[69.06042,22.91903],[69.06014,22.91903],[69.06014,22.91931],[69.05986,22.91931],[69.05986,22.91958],[69.05931,22.91958],[69.05931,22.91986],[69.05874,22.91986],[69.05874,22.92014],[69.05847,22.92014],[69.05847,22.92042],[69.0582,22.92042],[69.0582,22.9207],[69.05792,22.92069],[69.05792,22.92097],[69.05764,22.92097],[69.05764,22.92125],[69.05709,22.92125],[69.05709,22.92153],[69.05652,22.92153],[69.05652,22.92181],[69.05625,22.92181],[69.05625,22.92208],[69.0557,22.92208],[69.0557,22.92236],[69.05514,22.92236],[69.05514,22.92264],[69.05458,22.92264],[69.05458,22.92292],[69.05403,22.92292],[69.05403,22.9232],[69.05319,22.9232],[69.05319,22.92348],[69.05236,22.92347],[69.05236,22.92403],[69.05209,22.92403],[69.05209,22.92416],[69.05209,22.92431],[69.05153,22.9243],[69.05153,22.92458],[69.05125,22.92458],[69.05125,22.92486],[69.05069,22.92486],[69.05069,22.92514],[69.05042,22.92514],[69.05042,22.92542],[69.04986,22.92542],[69.04986,22.92569],[69.04931,22.9257],[69.04931,22.92597],[69.04875,22.92597],[69.04875,22.92625],[69.04847,22.92625],[69.04847,22.92653],[69.0482,22.92653],[69.0482,22.92681],[69.04792,22.92681],[69.04792,22.92709],[69.04708,22.92708],[69.04708,22.92736],[69.04651,22.92736],[69.04651,22.92764],[69.04625,22.92764],[69.04625,22.92792],[69.04598,22.92792],[69.04598,22.9282],[69.04569,22.9282],[69.04569,22.92847],[69.04542,22.92847],[69.04542,22.92875],[69.04515,22.92875],[69.04515,22.92903],[69.04486,22.92903],[69.04486,22.92931],[69.04459,22.92931],[69.04459,22.92958],[69.04403,22.92957],[69.04403,22.92986],[69.04264,22.92986],[69.04264,22.93014],[69.04152,22.93014],[69.04152,22.93042],[69.04125,22.93042],[69.04125,22.9307],[69.0407,22.9307],[69.0407,22.93097],[69.03931,22.93097],[69.03931,22.93153],[69.03903,22.93153],[69.03903,22.93181],[69.03848,22.93181],[69.03848,22.93209],[69.03819,22.93209],[69.03819,22.93236],[69.03764,22.93236],[69.03764,22.93264],[69.0368,22.93264],[69.0368,22.93293],[69.03625,22.93293],[69.03625,22.9332],[69.03486,22.9332],[69.03486,22.93347],[69.03375,22.93347],[69.03375,22.93375],[69.03294,22.93375],[69.03294,22.93375],[69.03294,22.93375],[69.03265,22.93375],[69.03265,22.93393],[69.03265,22.93393],[69.03265,22.93393],[69.03265,22.93403],[69.03248,22.93403],[69.03248,22.93403],[69.03248,22.93403],[69.03235,22.93403],[69.03235,22.93411],[69.03235,22.93411],[69.03235,22.93411],[69.03235,22.93431],[69.03208,22.93431],[69.03208,22.93458],[69.03181,22.93458],[69.03181,22.93486],[69.03111,22.93486],[69.03111,22.93486],[69.03111,22.93486],[69.03098,22.93486],[69.03098,22.93494],[69.03098,22.93494],[69.03098,22.93494],[69.03098,22.93514],[69.03069,22.93514],[69.03069,22.93542],[69.03042,22.93542],[69.03042,22.9357],[69.02973,22.9357],[69.02973,22.9357],[69.02973,22.9357],[69.02903,22.93569],[69.02903,22.93597],[69.02875,22.93597],[69.02875,22.93625],[69.02847,22.93625],[69.02847,22.93646],[69.02847,22.93646],[69.02847,22.93646],[69.02847,22.93653],[69.02836,22.93653],[69.02835,22.93653],[69.02835,22.93653],[69.02764,22.93653],[69.02764,22.93681],[69.02709,22.93681],[69.02709,22.93709],[69.02625,22.93708],[69.02625,22.93736],[69.02597,22.93736],[69.02597,22.93762],[69.02597,22.93762],[69.02597,22.93762],[69.02597,22.93764],[69.02591,22.93764],[69.02591,22.93764],[69.02591,22.93764],[69.02541,22.93764],[69.02541,22.93784],[69.02541,22.93784],[69.02541,22.93784],[69.02541,22.93792],[69.02521,22.93792],[69.02521,22.93792],[69.02521,22.93792],[69.02514,22.93792],[69.02514,22.93794],[69.02514,22.93795],[69.02514,22.93795],[69.02514,22.93819],[69.02487,22.93819],[69.02487,22.93847],[69.02431,22.93847],[69.02431,22.93875],[69.02375,22.93874],[69.02375,22.93903],[69.02348,22.93903],[69.02348,22.93931],[69.0232,22.93931],[69.0232,22.93958],[69.02292,22.93958],[69.02292,22.93986],[69.02264,22.93986],[69.02264,22.94014],[69.02236,22.94014],[69.02236,22.94042],[69.02181,22.94042],[69.02181,22.94069],[69.02125,22.94069],[69.02125,22.94097],[69.02098,22.94097],[69.02098,22.94125],[69.02042,22.94125],[69.02042,22.94153],[69.01959,22.94153],[69.01959,22.94181],[69.01875,22.94181],[69.01875,22.94208],[69.01792,22.94208],[69.01792,22.94236],[69.01735,22.94236],[69.01735,22.94264],[69.01708,22.94264],[69.01708,22.94292],[69.01681,22.94292],[69.01681,22.9432],[69.01542,22.9432],[69.01542,22.94347],[69.01514,22.94347],[69.01514,22.94375],[69.01486,22.94375],[69.01486,22.94403],[69.01347,22.94403],[69.01347,22.94431],[69.01292,22.94431],[69.01292,22.94459],[69.01264,22.94458],[69.01264,22.94487],[69.01155,22.94487],[69.01155,22.94514],[69.01126,22.94514],[69.01126,22.9457],[69.01097,22.9457],[69.01097,22.94597],[69.01041,22.94597],[69.01041,22.94625],[69.00986,22.94625],[69.00986,22.94653],[69.00931,22.94653],[69.00931,22.94681],[69.00903,22.94681],[69.00903,22.94708],[69.00819,22.94708],[69.00819,22.94736],[69.00764,22.94736],[69.00764,22.94764],[69.00736,22.94764],[69.00736,22.94793],[69.00681,22.94792],[69.00681,22.94819],[69.00625,22.94819],[69.00625,22.94847],[69.00597,22.94847],[69.00597,22.94875],[69.00514,22.94875],[69.00514,22.94903],[69.00459,22.94903],[69.00459,22.94931],[69.00376,22.94931],[69.00376,22.94958],[69.0032,22.94958],[69.0032,22.94986],[69.00235,22.94986],[69.00235,22.95014],[69.00097,22.95014],[69.00097,22.95042],[69.00069,22.95042],[69.00069,22.95098],[69.00014,22.95098],[68.99958,22.95097],[68.99958,22.95125],[68.99903,22.95125],[68.99903,22.95153],[68.99819,22.95153],[68.99819,22.95181],[68.99764,22.9518],[68.99764,22.95209],[68.99709,22.95209],[68.99709,22.95236],[68.99654,22.95236],[68.99654,22.95264],[68.9957,22.95264],[68.9957,22.95292],[68.99514,22.95292],[68.99514,22.9532],[68.99459,22.9532],[68.99459,22.95347],[68.99403,22.95347],[68.99403,22.95375],[68.99319,22.95374],[68.99319,22.95403],[68.99264,22.95403],[68.99264,22.95431],[68.99208,22.95431],[68.99208,22.95458],[68.99125,22.95458],[68.99125,22.95486],[68.99041,22.95486],[68.99041,22.95514],[68.98986,22.95514],[68.98986,22.95542],[68.98903,22.95542],[68.98903,22.95569],[68.98847,22.95569],[68.98847,22.95597],[68.98764,22.95597],[68.98764,22.95625],[68.98708,22.95625],[68.98708,22.95653],[68.98681,22.95653],[68.98681,22.95681],[68.98625,22.95681],[68.98625,22.95708],[68.98597,22.95708],[68.98597,22.95736],[68.98542,22.95736],[68.98542,22.95764],[68.98514,22.95764],[68.98514,22.95792],[68.98458,22.95792],[68.98458,22.9582],[68.98403,22.9582],[68.98403,22.95847],[68.98375,22.95847],[68.98375,22.95875],[68.98319,22.95875],[68.98319,22.95903],[68.98264,22.95903],[68.98264,22.95931],[68.98209,22.95931],[68.98209,22.95959],[68.9818,22.95958],[68.9818,22.95987],[68.98125,22.95987],[68.98125,22.96014],[68.9807,22.96014],[68.9807,22.96042],[68.98042,22.96042],[68.98042,22.9607],[68.97986,22.9607],[68.97986,22.96097],[68.97903,22.96097],[68.97903,22.96125],[68.9782,22.96125],[68.9782,22.96153],[68.97764,22.96153],[68.97764,22.96181],[68.97737,22.96181],[68.97737,22.96208],[68.97569,22.96208],[68.97569,22.96181],[68.97542,22.96181],[68.97542,22.96208],[68.97514,22.96208],[68.97514,22.96236],[68.97486,22.96236],[68.97486,22.96264],[68.97403,22.96264],[68.97403,22.96292],[68.97292,22.96292],[68.97292,22.96319],[68.97208,22.96319],[68.97208,22.96347],[68.97097,22.96347],[68.97097,22.96375],[68.97042,22.96375],[68.97042,22.96431],[68.96958,22.96431],[68.96958,22.96542],[68.96903,22.96541],[68.96903,22.96597],[68.96875,22.96597],[68.96875,22.96653],[68.96819,22.96653],[68.96819,22.96681],[68.96792,22.96681],[68.96792,22.96708],[68.96736,22.96708],[68.96736,22.96736],[68.96709,22.96736],[68.96709,22.96764],[68.9668,22.96764],[68.9668,22.9682],[68.96542,22.9682],[68.96542,22.96847],[68.96486,22.96847],[68.96486,22.97014],[68.96459,22.97014],[68.96459,22.97069],[68.9643,22.97069],[68.9643,22.97097],[68.96264,22.97097],[68.96264,22.97069],[68.96069,22.97069],[68.96069,22.97097],[68.96014,22.97097],[68.96014,22.97125],[68.95959,22.97125],[68.95959,22.97181],[68.95903,22.97181],[68.95903,22.97209],[68.95847,22.97208],[68.95847,22.97236],[68.95792,22.97236],[68.95792,22.97292],[68.95764,22.97292],[68.95764,22.9732],[68.95625,22.9732],[68.95625,22.97347],[68.95597,22.97347],[68.95597,22.97375],[68.95541,22.97375],[68.95541,22.97403],[68.95486,22.97403],[68.95486,22.97431],[68.95458,22.97431],[68.95458,22.97458],[68.95403,22.97458],[68.95403,22.97486],[68.95375,22.97485],[68.95375,22.97514],[68.95319,22.97514],[68.95319,22.97542],[68.95292,22.97542],[68.95292,22.97569],[68.95236,22.97569],[68.95236,22.97597],[68.95181,22.97597],[68.95181,22.97625],[68.95153,22.97625],[68.95153,22.97653],[68.95098,22.97653],[68.95098,22.9768],[68.95042,22.9768],[68.95042,22.97708],[68.95014,22.97708],[68.95014,22.97737],[68.94959,22.97736],[68.94959,22.97764],[68.9493,22.97764],[68.9493,22.97792],[68.94876,22.97791],[68.94876,22.9782],[68.9482,22.9782],[68.9482,22.97848],[68.94791,22.97847],[68.94791,22.97875],[68.94736,22.97875],[68.94736,22.97903],[68.94681,22.97903],[68.94681,22.97931],[68.94625,22.97931],[68.94625,22.97959],[68.94597,22.97958],[68.94597,22.97986],[68.94543,22.97986],[68.94543,22.98014],[68.94486,22.98014],[68.94486,22.98042],[68.94375,22.98042],[68.94375,22.9807],[68.94292,22.98069],[68.94292,22.98098],[68.94128,22.98097],[68.9407,22.98097],[68.9407,22.98135],[68.9407,22.98153],[68.94041,22.98153],[68.94041,22.98181],[68.93998,22.98181],[68.93958,22.98181],[68.93958,22.98208],[68.93903,22.98208],[68.93903,22.98236],[68.93875,22.98236],[68.93875,22.98262],[68.93847,22.98264],[68.93847,22.98278],[68.93847,22.98292],[68.93826,22.98292],[68.93792,22.98292],[68.93792,22.98319],[68.93764,22.98319],[68.93764,22.98331],[68.93764,22.98347],[68.9374,22.98347],[68.93708,22.98347],[68.93708,22.98375],[68.93696,22.98375],[68.93681,22.98375],[68.93681,22.98385],[68.93682,22.98404],[68.93653,22.98404],[68.93653,22.98431],[68.93625,22.98431],[68.93625,22.98458],[68.93598,22.98458],[68.93598,22.98486],[68.93569,22.98486],[68.93569,22.98514],[68.93514,22.98514],[68.93514,22.98542],[68.93486,22.98542],[68.93486,22.9857],[68.93459,22.9857],[68.93459,22.98597],[68.9343,22.98597],[68.9343,22.98625],[68.93403,22.98625],[68.93403,22.98653],[68.93375,22.98653],[68.93375,22.98681],[68.9332,22.98681],[68.9332,22.98709],[68.93292,22.98709],[68.93292,22.98736],[68.93236,22.98736],[68.93236,22.98764],[68.93208,22.98764],[68.93208,22.98792],[68.93153,22.98792],[68.93153,22.98819],[68.93125,22.9882],[68.93125,22.98847],[68.93097,22.98847],[68.93097,22.98875],[68.93069,22.98875],[68.93069,22.98903],[68.93042,22.98903],[68.93042,22.98931],[68.93014,22.98931],[68.93014,22.98958],[68.92986,22.98958],[68.92986,22.98986],[68.92958,22.98985],[68.92958,22.99014],[68.92931,22.99014],[68.92931,22.99069],[68.92903,22.99069],[68.92903,22.99097],[68.92875,22.99097],[68.92875,22.99125],[68.92847,22.99125],[68.92847,22.99153],[68.92819,22.99153],[68.92819,22.99181],[68.92792,22.99181],[68.92792,22.99209],[68.92764,22.99209],[68.92764,22.99236],[68.92653,22.99236],[68.92653,22.99264],[68.9257,22.99264],[68.9257,22.99292],[68.92542,22.99292],[68.92542,22.9932],[68.92486,22.9932],[68.92486,22.99347],[68.92458,22.99347],[68.92459,22.99375],[68.92432,22.99375],[68.92432,22.99403],[68.92403,22.99403],[68.92403,22.99431],[68.92347,22.99431],[68.92347,22.99459],[68.92181,22.99459],[68.92181,22.99486],[68.92152,22.99486],[68.92152,22.99514],[68.92015,22.99514],[68.92015,22.99542],[68.91959,22.99542],[68.91959,22.9957],[68.91903,22.9957],[68.91903,22.99598],[68.91847,22.99598],[68.91847,22.99625],[68.91792,22.99625],[68.91792,22.99653],[68.91736,22.99653],[68.91736,22.99681],[68.91681,22.99681],[68.91681,22.99708],[68.91653,22.99708],[68.91653,22.99736],[68.91597,22.99736],[68.91597,22.99764],[68.9157,22.99764],[68.9157,22.99792],[68.91458,22.99792],[68.91458,22.99819],[68.91403,22.99819],[68.91403,22.99847],[68.91375,22.99847],[68.91375,22.99875],[68.91319,22.99875],[68.91319,22.99904],[68.91292,22.99904],[68.91292,22.99931],[68.91181,22.99931],[68.91181,22.99959],[68.91153,22.99958],[68.91153,22.99986],[68.91125,22.99986],[68.91125,23.00014],[68.91097,23.00014],[68.91097,23.00042],[68.9107,23.00042],[68.9107,23.0007],[68.91043,23.00069],[68.91043,23.00125],[68.91014,23.00125],[68.91014,23.00153],[68.90986,23.00153],[68.90986,23.00181],[68.90931,23.00181],[68.9093,23.00208],[68.90903,23.00208],[68.90903,23.00236],[68.90875,23.00236],[68.90875,23.00292],[68.90847,23.00292],[68.90847,23.00347],[68.9082,23.00347],[68.90821,23.00375],[68.90791,23.00375],[68.90791,23.00403],[68.90764,23.00403],[68.90764,23.0043],[68.90737,23.0043],[68.90737,23.00458],[68.90708,23.00458],[68.90708,23.00487],[68.90681,23.00486],[68.90681,23.00542],[68.90652,23.00542],[68.90652,23.0057],[68.90625,23.0057],[68.90625,23.00598],[68.90598,23.00598],[68.90598,23.00625],[68.90569,23.00625],[68.90569,23.00653],[68.90486,23.00653],[68.90486,23.00681],[68.90431,23.00681],[68.90431,23.00709],[68.90375,23.00708],[68.90375,23.00736],[68.90347,23.00736],[68.90347,23.00764],[68.90292,23.00764],[68.90292,23.00792],[68.90264,23.00792],[68.90264,23.0082],[68.90209,23.0082],[68.90209,23.00847],[68.9018,23.00847],[68.9018,23.00875],[68.90125,23.00875],[68.90125,23.00903],[68.90097,23.00903],[68.90097,23.01098],[68.89986,23.01098],[68.89986,23.01014],[68.90015,23.01014],[68.90014,23.00931],[68.90041,23.00931],[68.90041,23.00875],[68.90014,23.00875],[68.90014,23.00847],[68.90042,23.00847],[68.90042,23.0082],[68.90097,23.0082],[68.90097,23.00792],[68.90125,23.00792],[68.90125,23.00764],[68.9018,23.00764],[68.9018,23.00736],[68.90208,23.00736],[68.90208,23.00708],[68.90236,23.00709],[68.90236,23.00681],[68.90264,23.00681],[68.90264,23.00653],[68.90292,23.00653],[68.90292,23.00625],[68.90319,23.00625],[68.90319,23.00597],[68.90347,23.00598],[68.90347,23.0057],[68.90375,23.0057],[68.90375,23.00542],[68.90241,23.00542],[68.9024,23.00542],[68.90236,23.00542],[68.90236,23.00545],[68.90236,23.00545],[68.90236,23.0057],[68.90209,23.0057],[68.90209,23.00598],[68.90157,23.00597],[68.90157,23.00597],[68.90153,23.00597],[68.90153,23.006],[68.90153,23.006],[68.90153,23.00625],[68.90115,23.00625],[68.90114,23.00625],[68.90097,23.00625],[68.90097,23.00636],[68.90097,23.00637],[68.90097,23.00653],[68.90072,23.00653],[68.90072,23.00653],[68.90015,23.00653],[68.90015,23.00681],[68.89958,23.00681],[68.89958,23.00709],[68.89903,23.00709],[68.89903,23.00736],[68.89875,23.00736],[68.89875,23.00764],[68.8982,23.00764],[68.8982,23.00792],[68.89792,23.00792],[68.89792,23.0082],[68.89736,23.0082],[68.89736,23.00847],[68.89709,23.00847],[68.89709,23.00875],[68.89653,23.00875],[68.89653,23.00903],[68.89625,23.00903],[68.89625,23.00931],[68.89569,23.00931],[68.89569,23.00958],[68.89542,23.00958],[68.89542,23.00986],[68.89486,23.00986],[68.89486,23.01014],[68.8943,23.01014],[68.8943,23.01042],[68.89375,23.01042],[68.89375,23.01069],[68.8932,23.01069],[68.8932,23.01098],[68.89264,23.01098],[68.89264,23.01125],[68.89208,23.01125],[68.89208,23.01153],[68.89181,23.01153],[68.89181,23.01176],[68.89181,23.01176],[68.89181,23.01181],[68.8917,23.01181],[68.89169,23.01181],[68.89125,23.01181],[68.89125,23.01201],[68.89125,23.01201],[68.89125,23.01208],[68.89109,23.01208],[68.89109,23.01208],[68.89098,23.01208],[68.89098,23.01213],[68.89098,23.01213],[68.89098,23.01236],[68.89069,23.01236],[68.89069,23.01264],[68.89014,23.01264],[68.89014,23.01292],[68.88986,23.01292],[68.88986,23.0132],[68.88903,23.0132],[68.88903,23.01347],[68.88819,23.01347],[68.88819,23.01375],[68.88764,23.01375],[68.88764,23.01403],[68.88709,23.01402],[68.88709,23.01431],[68.88653,23.01431],[68.88653,23.01459],[68.88597,23.01459],[68.88597,23.01486],[68.8857,23.01486],[68.8857,23.01514],[68.88515,23.01514],[68.88515,23.01542],[68.88458,23.01542],[68.88458,23.0157],[68.88431,23.0157],[68.88431,23.01597],[68.88375,23.01597],[68.88375,23.01625],[68.88347,23.01625],[68.88347,23.01653],[68.88292,23.01653],[68.88292,23.01681],[68.88236,23.01681],[68.88236,23.01708],[68.88208,23.01708],[68.88208,23.01736],[68.88153,23.01736],[68.88153,23.01764],[68.88097,23.01764],[68.88097,23.01792],[68.88069,23.01792],[68.88069,23.01819],[68.88014,23.01819],[68.88014,23.01848],[68.87959,23.01847],[68.87959,23.01875],[68.87902,23.01875],[68.87902,23.01903],[68.87875,23.01903],[68.87875,23.01931],[68.8782,23.01931],[68.8782,23.01959],[68.87764,23.01958],[68.87764,23.01986],[68.87708,23.01986],[68.87708,23.02015],[68.87653,23.02015],[68.87653,23.02042],[68.87597,23.02042],[68.87597,23.0207],[68.8757,23.0207],[68.8757,23.02097],[68.87514,23.02097],[68.87514,23.02125],[68.87458,23.02125],[68.87458,23.02153],[68.87403,23.02153],[68.87403,23.02181],[68.87348,23.02181],[68.87348,23.02209],[68.87319,23.02208],[68.87319,23.02264],[68.87292,23.02264],[68.87292,23.02292],[68.87264,23.02292],[68.87264,23.02347],[68.87236,23.02347],[68.87236,23.02375],[68.87181,23.02375],[68.87181,23.02403],[68.87153,23.02403],[68.87153,23.02431],[68.87097,23.02431],[68.87097,23.02458],[68.8707,23.02458],[68.8707,23.02486],[68.87014,23.02486],[68.87014,23.02514],[68.86986,23.02514],[68.86986,23.02542],[68.86931,23.02542],[68.86931,23.02569],[68.86902,23.02569],[68.86902,23.02597],[68.86847,23.02596],[68.86847,23.02625],[68.86764,23.02625],[68.86764,23.02653],[68.86708,23.02653],[68.86708,23.02681],[68.86625,23.02681],[68.86625,23.02708],[68.86569,23.02708],[68.86569,23.02736],[68.86542,23.02736],[68.86542,23.02764],[68.86486,23.02764],[68.86486,23.02792],[68.86459,23.02792],[68.86459,23.0282],[68.86403,23.0282],[68.86403,23.02847],[68.86375,23.02847],[68.86375,23.02875],[68.8632,23.02875],[68.8632,23.02903],[68.86292,23.02902],[68.86292,23.02931],[68.86236,23.02931],[68.86236,23.02958],[68.86209,23.02958],[68.86209,23.02986],[68.86153,23.02986],[68.86153,23.03014],[68.86069,23.03014],[68.86069,23.03042],[68.86014,23.03042],[68.86014,23.0307],[68.85958,23.03069],[68.85958,23.03097],[68.85901,23.03097],[68.85901,23.03125],[68.85819,23.03125],[68.85819,23.03153],[68.85765,23.03153],[68.85765,23.03181],[68.85708,23.03181],[68.85708,23.03209],[68.85681,23.03208],[68.85681,23.03237],[68.85625,23.03236],[68.85625,23.03264],[68.85597,23.03264],[68.85597,23.03292],[68.85541,23.03292],[68.85541,23.0332],[68.85514,23.0332],[68.85514,23.03347],[68.85458,23.03347],[68.85458,23.03375],[68.85431,23.03375],[68.85431,23.03403],[68.85375,23.03403],[68.85375,23.03431],[68.8532,23.03431],[68.8532,23.03459],[68.85264,23.03458],[68.85264,23.03486],[68.85208,23.03486],[68.85208,23.03515],[68.85152,23.03515],[68.85152,23.03542],[68.85098,23.03542],[68.85098,23.0357],[68.85069,23.0357],[68.85069,23.03597],[68.85014,23.03597],[68.85014,23.03625],[68.84959,23.03625],[68.84959,23.03653],[68.8493,23.03653],[68.8493,23.03681],[68.84875,23.03681],[68.84875,23.03708],[68.84847,23.03708],[68.84847,23.03736],[68.84792,23.03736],[68.84793,23.03764],[68.84736,23.03764],[68.84736,23.03792],[68.84709,23.03792],[68.84709,23.03819],[68.84653,23.03819],[68.84653,23.03847],[68.84625,23.03847],[68.84625,23.03875],[68.84571,23.03875],[68.84571,23.03903],[68.84514,23.03903],[68.84514,23.0393],[68.84487,23.0393],[68.84487,23.03958],[68.84431,23.03958],[68.84431,23.03986],[68.84402,23.03986],[68.84402,23.04014],[68.84348,23.04014],[68.84348,23.04042],[68.84291,23.04042],[68.84291,23.0407],[68.84209,23.0407],[68.84209,23.04097],[68.84153,23.04096],[68.84153,23.04125],[68.84125,23.04125],[68.84125,23.04153],[68.84097,23.04153],[68.84097,23.04181],[68.8393,23.04181],[68.8393,23.04209],[68.83875,23.04208],[68.83875,23.04236],[68.83791,23.04236],[68.83791,23.04264],[68.83737,23.04264],[68.83737,23.04347],[68.83598,23.04347],[68.83599,23.04375],[68.8357,23.04375],[68.8357,23.04403],[68.83514,23.04403],[68.83514,23.04432],[68.83486,23.04431],[68.83486,23.04458],[68.8343,23.04458],[68.83431,23.04486],[68.83404,23.04486],[68.83404,23.04514],[68.83348,23.04514],[68.83348,23.04542],[68.83319,23.04542],[68.83319,23.04569],[68.83292,23.04569],[68.83292,23.04598],[68.83236,23.04597],[68.83236,23.04625],[68.83208,23.04625],[68.83208,23.04653],[68.8318,23.04653],[68.8318,23.04681],[68.83125,23.04681],[68.83125,23.04709],[68.83097,23.04709],[68.83097,23.04736],[68.8307,23.04736],[68.8307,23.04764],[68.83014,23.04764],[68.83014,23.04792],[68.82987,23.04792],[68.82987,23.0482],[68.82958,23.0482],[68.82958,23.04847],[68.82902,23.04847],[68.82903,23.04875],[68.82875,23.04875],[68.82875,23.04903],[68.82819,23.04903],[68.82819,23.04931],[68.82792,23.04931],[68.82792,23.04959],[68.82736,23.04959],[68.82736,23.04986],[68.8268,23.04986],[68.8268,23.05014],[68.82653,23.05013],[68.82653,23.05042],[68.82598,23.05042],[68.82597,23.05069],[68.82542,23.0507],[68.82542,23.05097],[68.82514,23.05097],[68.82514,23.05125],[68.82459,23.05125],[68.82459,23.05153],[68.8243,23.05153],[68.8243,23.05181],[68.82376,23.05181],[68.82376,23.05208],[68.82347,23.05208],[68.82347,23.05236],[68.82291,23.05236],[68.82291,23.05264],[68.82264,23.05264],[68.82264,23.05292],[68.82208,23.05292],[68.82208,23.05319],[68.82153,23.05319],[68.82153,23.05347],[68.82125,23.05347],[68.82125,23.05375],[68.82069,23.05375],[68.82069,23.05403],[68.82014,23.05403],[68.82014,23.05431],[68.81986,23.05431],[68.81986,23.05458],[68.81931,23.05458],[68.81931,23.05514],[68.81874,23.05514],[68.81874,23.05542],[68.81848,23.05542],[68.81848,23.0557],[68.81792,23.0557],[68.81792,23.05597],[68.81764,23.05597],[68.81764,23.05626],[68.81709,23.05626],[68.81709,23.05653],[68.8168,23.05653],[68.8168,23.05681],[68.81653,23.05681],[68.81653,23.05708],[68.81848,23.05708],[68.81848,23.05681],[68.81903,23.05681],[68.81903,23.05653],[68.81958,23.05653],[68.81958,23.05626],[68.81986,23.05626],[68.81986,23.05597],[68.82014,23.05597],[68.82014,23.0557],[68.8207,23.0557],[68.8207,23.05514],[68.82097,23.05514],[68.82097,23.05486],[68.82154,23.05486],[68.82153,23.05458],[68.82181,23.05458],[68.82181,23.05431],[68.8232,23.05431],[68.8232,23.05458],[68.82347,23.05458],[68.82347,23.05486],[68.8232,23.05486],[68.8232,23.05514],[68.82208,23.05514],[68.82208,23.05542],[68.82153,23.05542],[68.82153,23.0557],[68.82125,23.0557],[68.82125,23.05597],[68.82097,23.05597],[68.82097,23.05626],[68.82069,23.05626],[68.82069,23.05653],[68.82042,23.05653],[68.82042,23.05681],[68.82014,23.05681],[68.82014,23.05708],[68.81986,23.05708],[68.81986,23.05736],[68.81958,23.05736],[68.81958,23.05764],[68.81931,23.05764],[68.81931,23.05792],[68.81736,23.05792],[68.81736,23.0582],[68.81653,23.0582],[68.81653,23.05792],[68.81624,23.05792],[68.81624,23.0582],[68.8157,23.0582],[68.8157,23.05847],[68.81541,23.05847],[68.81541,23.05875],[68.81514,23.05875],[68.81514,23.05903],[68.81458,23.05903],[68.81458,23.05932],[68.81431,23.05932],[68.81431,23.05986],[68.81458,23.05986],[68.81458,23.0607],[68.81486,23.06069],[68.81486,23.06125],[68.81514,23.06125],[68.81514,23.06153],[68.81541,23.06153],[68.81541,23.06181],[68.8157,23.06181],[68.8157,23.06292],[68.81597,23.06292],[68.81597,23.06347],[68.8157,23.06347],[68.8157,23.06375],[68.81597,23.06375],[68.81597,23.06431],[68.8157,23.06431],[68.8157,23.06486],[68.81541,23.06486],[68.81541,23.06542],[68.81514,23.06542],[68.81514,23.06625],[68.81486,23.06625],[68.81486,23.0668],[68.81458,23.0668],[68.81458,23.06736],[68.81431,23.06736],[68.81431,23.06708],[68.81403,23.06708],[68.81403,23.06653],[68.81431,23.06653],[68.81431,23.06625],[68.81403,23.06625],[68.81403,23.06542],[68.81431,23.06542],[68.81431,23.06486],[68.81458,23.06486],[68.81458,23.06458],[68.81486,23.06458],[68.81486,23.0632],[68.81458,23.0632],[68.81458,23.06292],[68.81431,23.06292],[68.81431,23.06264],[68.81403,23.06264],[68.81403,23.06236],[68.81375,23.06236],[68.81375,23.06207],[68.81347,23.06209],[68.81347,23.06181],[68.81319,23.06181],[68.81319,23.06153],[68.81264,23.06153],[68.81264,23.06125],[68.81236,23.06125],[68.81236,23.06097],[68.81208,23.06097],[68.81208,23.0607],[68.8082,23.0607],[68.8082,23.06097],[68.80736,23.06097],[68.80736,23.06125],[68.80653,23.06125],[68.80653,23.06153],[68.80597,23.06153],[68.80597,23.06181],[68.80514,23.06181],[68.80514,23.06236],[68.80458,23.06236],[68.80458,23.06264],[68.80431,23.06264],[68.80431,23.06292],[68.80375,23.06292],[68.80375,23.0632],[68.80292,23.0632],[68.80292,23.06347],[68.80264,23.06347],[68.80264,23.06375],[68.80209,23.06375],[68.80209,23.06403],[68.8018,23.06403],[68.8018,23.06431],[68.80153,23.06431],[68.80153,23.06458],[68.8007,23.06458],[68.8007,23.06486],[68.80041,23.06486],[68.80041,23.06514],[68.79986,23.06513],[68.79986,23.06542],[68.79958,23.06542],[68.79958,23.06569],[68.79903,23.06569],[68.79903,23.06597],[68.79875,23.06597],[68.79875,23.06625],[68.79819,23.06625],[68.79819,23.06653],[68.79764,23.06653],[68.79764,23.0668],[68.79708,23.0668],[68.79708,23.06708],[68.79625,23.06708],[68.79625,23.06736],[68.79569,23.06736],[68.79569,23.06764],[68.79515,23.06764],[68.79515,23.06792],[68.79459,23.06792],[68.79459,23.0682],[68.79403,23.0682],[68.79403,23.06847],[68.79375,23.06847],[68.79375,23.06875],[68.7932,23.06875],[68.7932,23.06903],[68.79264,23.06903],[68.79264,23.06931],[68.79209,23.06931],[68.79209,23.06959],[68.7918,23.06958],[68.7918,23.06986],[68.79125,23.06986],[68.79125,23.07014],[68.7907,23.07014],[68.7907,23.07042],[68.79014,23.07042],[68.79014,23.07069],[68.78958,23.07069],[68.78958,23.07097],[68.78902,23.07097],[68.78902,23.07126],[68.78876,23.07126],[68.78876,23.07153],[68.78819,23.07153],[68.78819,23.07181],[68.78764,23.07181],[68.78764,23.07208],[68.78709,23.07208],[68.78709,23.07236],[68.78625,23.07236],[68.78625,23.07264],[68.78542,23.07264],[68.78542,23.07292],[68.78486,23.07292],[68.78486,23.07319],[68.78403,23.07319],[68.78403,23.07348],[68.7832,23.07348],[68.7832,23.07375],[68.78236,23.07375],[68.78236,23.07403],[68.78125,23.07403],[68.78125,23.07431],[68.78042,23.07431],[68.78042,23.07458],[68.77959,23.07458],[68.77959,23.07486],[68.77875,23.07486],[68.77875,23.07514],[68.77764,23.07514],[68.77764,23.07542],[68.7768,23.07542],[68.7768,23.0757],[68.7757,23.0757],[68.7757,23.07597],[68.77486,23.07597],[68.77487,23.07625],[68.77376,23.07625],[68.77376,23.07653],[68.77264,23.07653],[68.77264,23.07681],[68.77153,23.07681],[68.77153,23.07709],[68.77042,23.07709],[68.77042,23.07736],[68.76903,23.07736],[68.76903,23.07764],[68.76791,23.07764],[68.76791,23.07792],[68.76681,23.07792],[68.76681,23.0782],[68.76579,23.0782],[68.76542,23.0782],[68.76542,23.07847],[68.76431,23.07847],[68.76431,23.07875],[68.76236,23.07875],[68.76236,23.07903],[68.7618,23.07903],[68.7618,23.07931],[68.76126,23.07931],[68.76126,23.07958],[68.76097,23.07958],[68.76097,23.07986],[68.76041,23.07986],[68.76041,23.08014],[68.75986,23.08014],[68.75986,23.08042],[68.75931,23.08042],[68.75931,23.08069],[68.75903,23.08069],[68.75903,23.08097],[68.75847,23.08097],[68.75847,23.08125],[68.75819,23.08125],[68.75819,23.08153],[68.75792,23.08153],[68.75792,23.08181],[68.75736,23.08181],[68.75736,23.08236],[68.75708,23.08236],[68.75708,23.08292],[68.75681,23.08292],[68.75681,23.08347],[68.75653,23.08347],[68.75653,23.08403],[68.75625,23.08403],[68.75625,23.08431],[68.75542,23.08431],[68.75542,23.08458],[68.75486,23.08458],[68.75486,23.08486],[68.75403,23.08486],[68.75403,23.08514],[68.75375,23.08514],[68.75375,23.08542],[68.75347,23.08542],[68.75347,23.08597],[68.7532,23.08597],[68.7532,23.08625],[68.75291,23.08624],[68.75291,23.08653],[68.75263,23.08653],[68.75263,23.08681],[68.75208,23.08681],[68.75208,23.08709],[68.75181,23.08708],[68.75181,23.08736],[68.75153,23.08736],[68.75153,23.08764],[68.75125,23.08764],[68.75125,23.08792],[68.7507,23.08792],[68.7507,23.0882],[68.75042,23.0882],[68.75042,23.08847],[68.75014,23.08847],[68.75014,23.08875],[68.74986,23.08875],[68.74986,23.08903],[68.74958,23.08903],[68.74958,23.08931],[68.74931,23.08931],[68.74932,23.08986],[68.74903,23.08986],[68.74903,23.09014],[68.74875,23.09014],[68.74875,23.09042],[68.74848,23.09042],[68.74848,23.0907],[68.74819,23.0907],[68.74819,23.09097],[68.74792,23.09097],[68.74792,23.09125],[68.74736,23.09125],[68.74736,23.09153],[68.7471,23.09153],[68.7471,23.09181],[68.74653,23.09181],[68.74653,23.09208],[68.74625,23.09208],[68.74625,23.09236],[68.74597,23.09236],[68.74597,23.09264],[68.7457,23.09264],[68.7457,23.09292],[68.74541,23.09292],[68.74541,23.0932],[68.74514,23.09319],[68.74514,23.09347],[68.74486,23.09347],[68.74486,23.09375],[68.74458,23.09375],[68.74458,23.09403],[68.74431,23.09403],[68.74431,23.09431],[68.74403,23.09431],[68.74403,23.09458],[68.74375,23.09458],[68.74375,23.09486],[68.74403,23.09486],[68.74403,23.09517],[68.74403,23.09543],[68.74375,23.09542],[68.74375,23.09597],[68.74346,23.09597],[68.74346,23.09625],[68.74292,23.09625],[68.74292,23.09653],[68.74236,23.09653],[68.74236,23.09681],[68.74181,23.09681],[68.74181,23.09708],[68.74153,23.09708],[68.74153,23.09736],[68.74097,23.09736],[68.74097,23.09764],[68.74042,23.09764],[68.74042,23.09792],[68.74014,23.09792],[68.74014,23.09819],[68.73986,23.09819],[68.73986,23.09847],[68.73959,23.09847],[68.73959,23.09875],[68.7393,23.09875],[68.7393,23.09903],[68.73875,23.09903],[68.73875,23.09931],[68.73847,23.09931],[68.73847,23.09958],[68.7382,23.09958],[68.7382,23.09986],[68.73792,23.09986],[68.73792,23.10014],[68.73765,23.10014],[68.73765,23.10042],[68.73736,23.10042],[68.73736,23.10069],[68.73709,23.10069],[68.73709,23.10097],[68.73653,23.10097],[68.73653,23.10125],[68.73625,23.10124],[68.73625,23.10153],[68.73597,23.10153],[68.73597,23.10181],[68.7357,23.10181],[68.7357,23.10208],[68.73542,23.10208],[68.73542,23.10236],[68.73487,23.10236],[68.73487,23.10264],[68.73459,23.10264],[68.73459,23.10292],[68.73431,23.10292],[68.73431,23.1032],[68.73375,23.1032],[68.73375,23.10347],[68.73347,23.10347],[68.73347,23.10375],[68.73319,23.10375],[68.73319,23.10403],[68.73264,23.10403],[68.73264,23.10431],[68.73236,23.10431],[68.73236,23.10459],[68.73209,23.10458],[68.73209,23.10486],[68.7318,23.10486],[68.7318,23.10514],[68.73125,23.10514],[68.73125,23.10542],[68.73097,23.10542],[68.73097,23.1057],[68.7307,23.1057],[68.7307,23.10597],[68.73042,23.10597],[68.73042,23.10625],[68.72986,23.10625],[68.72986,23.10653],[68.72958,23.10653],[68.72958,23.10681],[68.72931,23.10681],[68.72931,23.10708],[68.72903,23.10708],[68.72903,23.10737],[68.72846,23.10737],[68.72846,23.10764],[68.7282,23.10764],[68.7282,23.10792],[68.72764,23.10792],[68.72764,23.10819],[68.72737,23.10819],[68.72737,23.10847],[68.72681,23.10847],[68.72681,23.10875],[68.72652,23.10875],[68.72652,23.10903],[68.72598,23.10903],[68.72598,23.10931],[68.72569,23.10931],[68.72569,23.10958],[68.72514,23.10958],[68.72514,23.10986],[68.72459,23.10986],[68.72459,23.11014],[68.72403,23.11014],[68.72403,23.11043],[68.72375,23.11042],[68.72375,23.1107],[68.7232,23.1107],[68.7232,23.11097],[68.72264,23.11097],[68.72265,23.11125],[68.72181,23.11125],[68.7218,23.11153],[68.72125,23.11153],[68.72125,23.11181],[68.72097,23.1118],[68.72097,23.11236],[68.72071,23.11236],[68.72071,23.11292],[68.72041,23.11292],[68.72041,23.11318],[68.72014,23.1132],[68.72014,23.11347],[68.71986,23.11347],[68.71986,23.11375],[68.71958,23.11375],[68.71958,23.11403],[68.71902,23.11403],[68.71902,23.11431],[68.71848,23.11431],[68.71848,23.11459],[68.71819,23.11458],[68.71819,23.11486],[68.71792,23.11486],[68.71792,23.11514],[68.71736,23.11514],[68.71736,23.11542],[68.71709,23.11542],[68.71709,23.1157],[68.71681,23.1157],[68.71681,23.11597],[68.71653,23.11597],[68.71653,23.11625],[68.71625,23.11624],[68.71625,23.11653],[68.7157,23.11653],[68.7157,23.11681],[68.71542,23.11681],[68.71542,23.11708],[68.71486,23.11708],[68.71486,23.11736],[68.71458,23.11736],[68.71458,23.11764],[68.71403,23.11764],[68.71403,23.11792],[68.71375,23.11792],[68.71375,23.1182],[68.71347,23.1182],[68.71347,23.11847],[68.71291,23.11847],[68.71291,23.11875],[68.71264,23.11875],[68.71264,23.11903],[68.71208,23.11903],[68.71208,23.11931],[68.71181,23.11931],[68.71181,23.11959],[68.71125,23.11959],[68.71125,23.11986],[68.71099,23.11986],[68.71099,23.12014],[68.71042,23.12014],[68.71042,23.12042],[68.71014,23.12042],[68.71014,23.1207],[68.70959,23.1207],[68.70959,23.12097],[68.7093,23.12097],[68.7093,23.12125],[68.70819,23.12125],[68.70819,23.12153],[68.70792,23.12153],[68.70792,23.12181],[68.70736,23.12181],[68.70736,23.12208],[68.70708,23.12208],[68.70708,23.12237],[68.7068,23.12237],[68.7068,23.12264],[68.70625,23.12264],[68.70625,23.12292],[68.70597,23.12292],[68.70597,23.12319],[68.7057,23.12319],[68.7057,23.12347],[68.70514,23.12347],[68.70514,23.12375],[68.70486,23.12375],[68.70486,23.12403],[68.70431,23.12403],[68.70431,23.12431],[68.70403,23.12431],[68.70403,23.12458],[68.70348,23.12458],[68.70348,23.12486],[68.70319,23.12486],[68.70319,23.12514],[68.70292,23.12514],[68.70292,23.12542],[68.70236,23.12542],[68.70236,23.12569],[68.70208,23.12569],[68.70208,23.12597],[68.70181,23.12597],[68.70181,23.12625],[68.70154,23.12625],[68.70154,23.12653],[68.70097,23.12653],[68.70097,23.12681],[68.70069,23.12681],[68.70069,23.12708],[68.70014,23.12708],[68.70014,23.12736],[68.69986,23.12736],[68.69986,23.12764],[68.6993,23.12764],[68.6993,23.12792],[68.69903,23.12792],[68.69903,23.1282],[68.69847,23.1282],[68.69847,23.12847],[68.69764,23.12847],[68.69764,23.12875],[68.69681,23.12875],[68.69681,23.12903],[68.69653,23.12903],[68.69653,23.12931],[68.69597,23.12931],[68.69597,23.12958],[68.69542,23.12958],[68.69542,23.12986],[68.69514,23.12986],[68.69514,23.13014],[68.69458,23.13014],[68.69458,23.13042],[68.69403,23.13042],[68.69403,23.1307],[68.69375,23.1307],[68.69375,23.13097],[68.69319,23.13097],[68.69319,23.13125],[68.69264,23.13125],[68.69264,23.13154],[68.69235,23.13154],[68.69235,23.13181],[68.6918,23.13181],[68.6918,23.13209],[68.69153,23.13208],[68.69153,23.13236],[68.69097,23.13236],[68.69097,23.13264],[68.69041,23.13264],[68.69041,23.13292],[68.69014,23.13292],[68.69014,23.1332],[68.68958,23.1332],[68.68958,23.13347],[68.68931,23.13347],[68.68931,23.13375],[68.68875,23.13375],[68.68875,23.13403],[68.68819,23.13403],[68.68819,23.13431],[68.68792,23.13431],[68.68792,23.13458],[68.68736,23.13458],[68.68736,23.13486],[68.68708,23.13486],[68.68708,23.13514],[68.68654,23.13514],[68.68654,23.13542],[68.68625,23.13542],[68.68625,23.13569],[68.68569,23.13569],[68.68569,23.13597],[68.68542,23.13597],[68.68542,23.13625],[68.68486,23.13625],[68.68486,23.13653],[68.6846,23.13653],[68.6846,23.13681],[68.68403,23.13681],[68.68403,23.13708],[68.68374,23.13708],[68.68374,23.13737],[68.6832,23.13735],[68.6832,23.13764],[68.68291,23.13764],[68.68291,23.13792],[68.68236,23.13792],[68.68236,23.1382],[68.68209,23.13819],[68.68209,23.13848],[68.68153,23.13847],[68.68153,23.13875],[68.68125,23.13875],[68.68125,23.13903],[68.68069,23.13903],[68.68069,23.13931],[68.68042,23.1393],[68.68042,23.13958],[68.67903,23.13958],[68.67903,23.13986],[68.67875,23.13986],[68.67875,23.14014],[68.67778,23.14014],[68.67764,23.14014],[68.67764,23.14026],[68.67764,23.14042],[68.67743,23.14042],[68.67709,23.14042],[68.67709,23.1407],[68.67653,23.1407],[68.67653,23.14097],[68.67597,23.14097],[68.67597,23.14125],[68.67542,23.14125],[68.67542,23.14153],[68.67458,23.14153],[68.67458,23.14181],[68.67431,23.14181],[68.67431,23.14208],[68.67319,23.14208],[68.67319,23.14236],[68.67264,23.14236],[68.67264,23.14264],[68.67237,23.14264],[68.67237,23.14292],[68.67181,23.14292],[68.67181,23.14319],[68.67125,23.14319],[68.67125,23.14348],[68.67069,23.14348],[68.67069,23.14375],[68.67015,23.14375],[68.67015,23.14403],[68.66958,23.14403],[68.66958,23.14431],[68.66903,23.14431],[68.66903,23.14458],[68.66847,23.14458],[68.66847,23.14486],[68.6682,23.14486],[68.6682,23.14514],[68.66764,23.14514],[68.66764,23.14542],[68.66709,23.14542],[68.66709,23.1457],[68.66681,23.1457],[68.66681,23.14597],[68.66625,23.14597],[68.66625,23.14625],[68.66597,23.14625],[68.66597,23.14654],[68.66541,23.14653],[68.66541,23.14681],[68.66487,23.14681],[68.66487,23.14709],[68.66431,23.14709],[68.66431,23.14736],[68.66375,23.14736],[68.66375,23.14764],[68.66348,23.14764],[68.66348,23.14792],[68.66292,23.14792],[68.66292,23.1482],[68.66236,23.1482],[68.66236,23.14847],[68.66209,23.14847],[68.66209,23.14875],[68.66153,23.14875],[68.66153,23.14903],[68.66097,23.14903],[68.66097,23.14931],[68.66035,23.14931],[68.66014,23.14931],[68.66014,23.14948],[68.66014,23.14958],[68.65958,23.14958],[68.65958,23.14986],[68.65903,23.14986],[68.65903,23.15014],[68.65875,23.15014],[68.65875,23.15042],[68.65847,23.15042],[68.65847,23.15069],[68.6582,23.15069],[68.6582,23.15097],[68.65792,23.15097],[68.65792,23.15125],[68.65764,23.15125],[68.65764,23.15153],[68.65737,23.15153],[68.65737,23.15209],[68.65708,23.15209],[68.65708,23.15236],[68.65624,23.15235],[68.65624,23.15264],[68.65569,23.15264],[68.65569,23.15292],[68.65542,23.15291],[68.65542,23.15319],[68.65486,23.15319],[68.65486,23.15347],[68.65459,23.15347],[68.65459,23.15375],[68.6543,23.15375],[68.6543,23.15403],[68.65375,23.15403],[68.65375,23.15431],[68.65347,23.15431],[68.65347,23.15458],[68.65292,23.15458],[68.65292,23.15486],[68.65264,23.15486],[68.65264,23.15514],[68.65236,23.15514],[68.65236,23.15571],[68.65209,23.1557],[68.65209,23.15597],[68.6518,23.15597],[68.6518,23.15625],[68.65153,23.15625],[68.65153,23.15681],[68.65125,23.15681],[68.65125,23.15708],[68.65097,23.15708],[68.65097,23.15764],[68.6507,23.15764],[68.6507,23.15792],[68.65042,23.15792],[68.65042,23.15819],[68.65014,23.15819],[68.65014,23.15848],[68.64958,23.15848],[68.64958,23.15875],[68.64931,23.15875],[68.64931,23.15903],[68.64903,23.15903],[68.64903,23.15931],[68.64875,23.15931],[68.64875,23.16014],[68.64792,23.16014],[68.64792,23.16042],[68.64764,23.16042],[68.64764,23.16097],[68.64736,23.16097],[68.64736,23.16153],[68.64709,23.16152],[68.64709,23.16181],[68.64681,23.16181],[68.64681,23.16208],[68.64653,23.16208],[68.64653,23.16236],[68.64625,23.16236],[68.64625,23.16264],[68.64598,23.16264],[68.64598,23.16292],[68.64569,23.16292],[68.64569,23.16319],[68.64542,23.16319],[68.64542,23.16347],[68.64514,23.16347],[68.64514,23.16397],[68.64514,23.16397],[68.64514,23.16403],[68.64508,23.16403],[68.64508,23.16403],[68.64486,23.16403],[68.64486,23.16424],[68.64486,23.16424],[68.64486,23.1643],[68.64479,23.1643],[68.64479,23.1643],[68.64375,23.1643],[68.64375,23.16487],[68.64347,23.16486],[68.64347,23.16514],[68.64181,23.16514],[68.64181,23.16542],[68.64152,23.16542],[68.64152,23.16598],[68.64124,23.16597],[68.64124,23.16653],[68.64098,23.16653],[68.64098,23.16681],[68.6407,23.1668],[68.6407,23.16709],[68.64042,23.16708],[68.64042,23.16736],[68.63986,23.16736],[68.63986,23.16765],[68.63958,23.16765],[68.63958,23.16792],[68.63903,23.16792],[68.63903,23.1682],[68.63848,23.1682],[68.63848,23.16847],[68.63792,23.16847],[68.63792,23.16875],[68.63764,23.16875],[68.63764,23.16903],[68.63709,23.16903],[68.63709,23.16931],[68.6368,23.16931],[68.6368,23.16958],[68.63597,23.16958],[68.63597,23.16986],[68.6357,23.16986],[68.6357,23.17014],[68.63514,23.17014],[68.63514,23.17042],[68.63458,23.17042],[68.63458,23.17069],[68.63431,23.17069],[68.63431,23.17097],[68.63375,23.17097],[68.63375,23.17125],[68.63365,23.17125],[68.63365,23.17125],[68.63347,23.17125],[68.63347,23.17153],[68.63292,23.17153],[68.63292,23.17181],[68.63264,23.17181],[68.63264,23.17208],[68.63236,23.17208],[68.63236,23.17236],[68.63207,23.17236],[68.63208,23.17264],[68.63181,23.17264],[68.63181,23.17292],[68.63153,23.17292],[68.63153,23.1732],[68.63125,23.1732],[68.63125,23.17347],[68.63096,23.17346],[68.63096,23.17375],[68.63069,23.17375],[68.63069,23.17431],[68.63042,23.17431],[68.63042,23.17597],[68.63069,23.17597],[68.63069,23.17653],[68.63098,23.17653],[68.63098,23.17708],[68.63125,23.17708],[68.63125,23.17736],[68.63236,23.17736],[68.63236,23.17764],[68.63347,23.17764],[68.63347,23.17736],[68.63404,23.17736],[68.63403,23.17708],[68.63458,23.17708],[68.63458,23.17681],[68.63486,23.17681],[68.63486,23.17625],[68.63514,23.17625],[68.63514,23.17597],[68.63542,23.17597],[68.63542,23.1757],[68.6357,23.1757],[68.6357,23.17542],[68.63541,23.17542],[68.63541,23.17514],[68.63514,23.17514],[68.63514,23.17486],[68.63487,23.17486],[68.63487,23.17459],[68.63431,23.17459],[68.63431,23.17431],[68.63514,23.17431],[68.63514,23.17336],[68.63514,23.17336],[68.63514,23.17292],[68.63486,23.17292],[68.63486,23.17264],[68.63458,23.17264],[68.63458,23.17208],[68.63542,23.17208],[68.63542,23.17236],[68.63597,23.17236],[68.63597,23.17264],[68.63602,23.17264],[68.63603,23.17264],[68.63653,23.17264],[68.63653,23.17236],[68.6368,23.17236],[68.6368,23.17208],[68.63709,23.17208],[68.63709,23.17181],[68.63764,23.17181],[68.63764,23.17153],[68.63792,23.17153],[68.63792,23.17125],[68.6382,23.17125],[68.63819,23.17097],[68.63848,23.17097],[68.63848,23.17069],[68.63903,23.17069],[68.63903,23.17042],[68.63931,23.17042],[68.63931,23.17014],[68.63986,23.17014],[68.63986,23.16986],[68.64014,23.16986],[68.64014,23.16958],[68.6407,23.16958],[68.6407,23.16931],[68.64124,23.16931],[68.64124,23.16903],[68.64181,23.16903],[68.64181,23.16875],[68.64236,23.16875],[68.64236,23.16847],[68.64292,23.16847],[68.64292,23.1682],[68.64403,23.1682],[68.64403,23.16792],[68.64486,23.16792],[68.64486,23.16765],[68.64542,23.16765],[68.64542,23.16736],[68.64598,23.16736],[68.64598,23.16708],[68.64486,23.16709],[68.64486,23.1668],[68.64403,23.16681],[68.64403,23.16653],[68.64598,23.16653],[68.64598,23.16625],[68.64625,23.16625],[68.64625,23.16597],[68.64653,23.16598],[68.64653,23.1657],[68.6468,23.1657],[68.6468,23.16542],[68.64737,23.16542],[68.64737,23.16486],[68.64764,23.16487],[68.64764,23.1643],[68.64792,23.1643],[68.64792,23.16375],[68.6482,23.16375],[68.6482,23.16347],[68.64848,23.16347],[68.64848,23.16292],[68.64875,23.16292],[68.64875,23.16264],[68.64903,23.16264],[68.64903,23.16208],[68.64931,23.16208],[68.64931,23.16181],[68.64958,23.16181],[68.64958,23.16152],[68.64987,23.16153],[68.64987,23.16125],[68.65014,23.16125],[68.65014,23.16097],[68.65042,23.16097],[68.65042,23.1607],[68.6507,23.1607],[68.6507,23.16042],[68.65097,23.16042],[68.65097,23.15931],[68.65125,23.15931],[68.65125,23.15903],[68.65153,23.15903],[68.65153,23.15848],[68.6518,23.15848],[68.6518,23.15819],[68.65209,23.15819],[68.65209,23.15792],[68.65236,23.15792],[68.65236,23.15764],[68.65264,23.15764],[68.65264,23.15708],[68.65292,23.15708],[68.65292,23.15681],[68.65318,23.15681],[68.6532,23.15653],[68.65347,23.15653],[68.65347,23.15618],[68.65347,23.15618],[68.65347,23.15597],[68.65374,23.15597],[68.65375,23.15597],[68.65375,23.15596],[68.65375,23.1557],[68.65403,23.15571],[68.65403,23.15542],[68.6543,23.15542],[68.6543,23.15514],[68.65477,23.15514],[68.65477,23.15514],[68.65486,23.15514],[68.65486,23.15507],[68.65486,23.15506],[68.65486,23.15486],[68.65511,23.15486],[68.65512,23.15486],[68.65513,23.15486],[68.65513,23.15484],[68.65513,23.15484],[68.65513,23.15431],[68.65542,23.15431],[68.65542,23.15375],[68.65569,23.15375],[68.65569,23.15347],[68.65625,23.15347],[68.65625,23.15319],[68.65681,23.15319],[68.65681,23.15291],[68.65735,23.15292],[68.65735,23.15264],[68.65773,23.15264],[68.65773,23.15264],[68.65792,23.15264],[68.65792,23.15248],[68.65792,23.15248],[68.65792,23.15235],[68.65806,23.15235],[68.65806,23.15235],[68.65809,23.15235],[68.65809,23.15235],[68.65847,23.15236],[68.65847,23.15209],[68.65875,23.15209],[68.65875,23.15181],[68.65931,23.15181],[68.65931,23.15153],[68.65958,23.15153],[68.65958,23.15125],[68.6607,23.15125],[68.6607,23.15153],[68.66125,23.15153],[68.66125,23.15181],[68.66153,23.15181],[68.66153,23.15153],[68.66209,23.15153],[68.66209,23.15125],[68.66319,23.15125],[68.66319,23.15097],[68.66375,23.15097],[68.66375,23.15069],[68.66403,23.15069],[68.66403,23.15042],[68.66458,23.15042],[68.66458,23.15014],[68.66486,23.15014],[68.66486,23.14986],[68.66514,23.14986],[68.66514,23.14958],[68.66541,23.14958],[68.66541,23.14931],[68.66597,23.14931],[68.66597,23.14903],[68.66625,23.14903],[68.66625,23.14875],[68.66653,23.14875],[68.66653,23.14847],[68.66681,23.14847],[68.66681,23.1482],[68.66708,23.1482],[68.66708,23.14792],[68.66736,23.14792],[68.66736,23.14764],[68.66764,23.14764],[68.66764,23.14736],[68.6682,23.14736],[68.6682,23.14709],[68.66847,23.14709],[68.66847,23.14681],[68.66875,23.14681],[68.66875,23.14597],[68.67125,23.14597],[68.67125,23.1457],[68.67153,23.1457],[68.67153,23.14542],[68.67181,23.14542],[68.67181,23.14486],[68.67208,23.14486],[68.67208,23.14431],[68.67237,23.14431],[68.67237,23.14403],[68.67264,23.14403],[68.67264,23.14375],[68.67319,23.14375],[68.67319,23.14348],[68.6741,23.14348],[68.67431,23.14348],[68.67431,23.14319],[68.67542,23.14319],[68.67542,23.14292],[68.67597,23.14292],[68.67597,23.14264],[68.6768,23.14264],[68.6768,23.14236],[68.67764,23.14236],[68.67764,23.14208],[68.67848,23.14208],[68.67848,23.14181],[68.67903,23.14181],[68.67903,23.14153],[68.67986,23.14153],[68.67986,23.14181],[68.68049,23.14181],[68.68153,23.14181],[68.68153,23.14208],[68.68097,23.14208],[68.68097,23.14236],[68.68069,23.14236],[68.68069,23.14264],[68.68014,23.14264],[68.68014,23.14292],[68.6798,23.14292],[68.67931,23.14292],[68.67931,23.14319],[68.67792,23.14319],[68.67792,23.14348],[68.67764,23.14348],[68.67764,23.14403],[68.67735,23.14403],[68.67735,23.14486],[68.6768,23.14486],[68.6768,23.14514],[68.67653,23.14514],[68.67653,23.14542],[68.67597,23.14542],[68.67597,23.1457],[68.6757,23.1457],[68.6757,23.14597],[68.67514,23.14597],[68.67514,23.14625],[68.67486,23.14625],[68.67486,23.14654],[68.67181,23.14653],[68.67181,23.14681],[68.67125,23.14681],[68.67125,23.14709],[68.67097,23.14708],[68.67097,23.14764],[68.67069,23.14764],[68.67069,23.1482],[68.67042,23.1482],[68.67042,23.14875],[68.67015,23.14875],[68.67015,23.14931],[68.66986,23.14931],[68.66986,23.14958],[68.66958,23.14958],[68.66958,23.14986],[68.66903,23.14986],[68.66903,23.15014],[68.66875,23.15014],[68.66875,23.15042],[68.66847,23.15042],[68.66847,23.15069],[68.6682,23.15069],[68.6682,23.15097],[68.66792,23.15097],[68.66792,23.15153],[68.66764,23.15153],[68.66764,23.15181],[68.66736,23.15181],[68.66736,23.15209],[68.66708,23.15208],[68.66708,23.15264],[68.66681,23.15264],[68.66681,23.15292],[68.66597,23.15291],[68.66597,23.15319],[68.66487,23.15319],[68.66487,23.15347],[68.66402,23.15347],[68.66403,23.15375],[68.66331,23.15375],[68.66319,23.15375],[68.66319,23.15385],[68.66319,23.15403],[68.66301,23.15403],[68.65835,23.15403],[68.65821,23.15403],[68.65821,23.15431],[68.65763,23.15431],[68.65763,23.15431],[68.65737,23.15431],[68.65737,23.15458],[68.65708,23.15458],[68.65708,23.15486],[68.65652,23.15486],[68.65652,23.15514],[68.65598,23.15514],[68.65598,23.15542],[68.65569,23.15542],[68.65569,23.15597],[68.65513,23.15597],[68.65513,23.15625],[68.65486,23.15625],[68.65486,23.15736],[68.65459,23.15736],[68.65459,23.15959],[68.6543,23.15958],[68.6543,23.16014],[68.65403,23.16014],[68.65403,23.1607],[68.65375,23.16069],[68.65375,23.16125],[68.65347,23.16125],[68.65347,23.16181],[68.6532,23.16181],[68.6532,23.16236],[68.65292,23.16236],[68.65292,23.16264],[68.65264,23.16264],[68.65264,23.16292],[68.65236,23.16292],[68.65236,23.16347],[68.65208,23.16347],[68.65208,23.16375],[68.6518,23.16375],[68.6518,23.16403],[68.65153,23.16403],[68.65153,23.1643],[68.65125,23.1643],[68.65125,23.16458],[68.65097,23.16458],[68.65097,23.16514],[68.6507,23.16514],[68.6507,23.16542],[68.65042,23.16542],[68.65042,23.16598],[68.6507,23.16598],[68.6507,23.16709],[68.65097,23.16708],[68.65097,23.16736],[68.6507,23.16736],[68.6507,23.16765],[68.65042,23.16764],[68.65042,23.168],[68.65042,23.168],[68.65042,23.1682],[68.65022,23.1682],[68.65022,23.1682],[68.65014,23.1682],[68.65014,23.16827],[68.65014,23.16828],[68.65014,23.16847],[68.64994,23.16847],[68.64994,23.16847],[68.64986,23.16847],[68.64986,23.16855],[68.64986,23.16855],[68.64986,23.16903],[68.64958,23.16903],[68.64958,23.16923],[68.64958,23.16931],[68.64931,23.16931],[68.64931,23.16942],[68.64931,23.16986],[68.64903,23.16986],[68.64903,23.17014],[68.64875,23.17014],[68.64875,23.17069],[68.64848,23.17069],[68.64848,23.17097],[68.6482,23.17097],[68.6482,23.17125],[68.64792,23.17125],[68.64792,23.17097],[68.64696,23.17097],[68.64696,23.17097],[68.64669,23.17097],[68.64653,23.17097],[68.64653,23.17125],[68.64623,23.17125],[68.64598,23.17125],[68.64593,23.17147],[68.64586,23.17153],[68.64514,23.17153],[68.64514,23.17181],[68.64459,23.17181],[68.64459,23.17208],[68.6443,23.17208],[68.6443,23.17236],[68.64403,23.17236],[68.64403,23.17264],[68.64375,23.17264],[68.64375,23.1732],[68.64363,23.1732],[68.64319,23.1732],[68.64319,23.17347],[68.64291,23.17346],[68.64291,23.17375],[68.64319,23.17375],[68.64319,23.17403],[68.64292,23.17403],[68.64292,23.17486],[68.64264,23.17486],[68.64264,23.17569],[68.64237,23.1757],[68.64237,23.17653],[68.64208,23.17652],[68.64208,23.17736],[68.64181,23.17736],[68.64181,23.17819],[68.64153,23.17819],[68.64153,23.17875],[68.64124,23.17875],[68.64124,23.17931],[68.64098,23.17931],[68.64098,23.17959],[68.64069,23.17959],[68.64069,23.17986],[68.64042,23.17986],[68.64042,23.18042],[68.64014,23.18041],[68.64014,23.1807],[68.63986,23.1807],[68.63986,23.18097],[68.63958,23.18097],[68.63958,23.18153],[68.63931,23.18153],[68.63931,23.18181],[68.63903,23.18181],[68.63903,23.18209],[68.63848,23.18209],[68.63848,23.18214],[68.63848,23.18214],[68.63848,23.18236],[68.6382,23.18236],[68.6382,23.18265],[68.63764,23.18265],[68.63764,23.18292],[68.63736,23.18292],[68.63736,23.1832],[68.63709,23.1832],[68.63709,23.18347],[68.63653,23.18347],[68.63653,23.18375],[68.63626,23.18375],[68.63626,23.18403],[68.63541,23.18403],[68.63541,23.18431],[68.63487,23.18431],[68.63487,23.18458],[68.63403,23.18458],[68.63404,23.18486],[68.63264,23.18486],[68.63264,23.18514],[68.63096,23.18514],[68.63096,23.18542],[68.63071,23.18542],[68.62959,23.18542],[68.62959,23.18569],[68.62653,23.18569],[68.62653,23.18597],[68.62681,23.18597],[68.62681,23.18625],[68.62653,23.18625],[68.62653,23.18681],[68.62625,23.18681],[68.62625,23.18709],[68.62514,23.18708],[68.62514,23.18736],[68.62486,23.18736],[68.62486,23.18764],[68.62458,23.18764],[68.62458,23.18792],[68.62431,23.18792],[68.62431,23.1882],[68.62375,23.1882],[68.62375,23.18847],[68.62347,23.18846],[68.62347,23.18903],[68.6232,23.18903],[68.6232,23.18931],[68.62209,23.18931],[68.62209,23.18958],[68.62181,23.18958],[68.62181,23.19014],[68.62153,23.19014],[68.62153,23.19042],[68.62125,23.19042],[68.62125,23.19097],[68.62097,23.19097],[68.62097,23.19125],[68.6207,23.19125],[68.6207,23.19153],[68.62042,23.19153],[68.62042,23.19208],[68.62014,23.19208],[68.62014,23.19237],[68.61986,23.19236],[68.61986,23.19264],[68.61959,23.19264],[68.61959,23.19292],[68.61931,23.19292],[68.61931,23.1932],[68.61903,23.1932],[68.61903,23.19348],[68.61875,23.19347],[68.61875,23.19375],[68.61847,23.19375],[68.61847,23.19403],[68.61819,23.19403],[68.61819,23.19459],[68.61792,23.19459],[68.61792,23.19514],[68.6168,23.19514],[68.6168,23.19542],[68.61625,23.19542],[68.61625,23.1957],[68.61598,23.1957],[68.61598,23.19597],[68.61542,23.19597],[68.61542,23.19625],[68.61514,23.19625],[68.61514,23.19653],[68.61459,23.19653],[68.61459,23.19681],[68.61431,23.19681],[68.61431,23.19708],[68.61375,23.19708],[68.61375,23.19736],[68.61347,23.19736],[68.61347,23.19765],[68.61292,23.19765],[68.61292,23.19792],[68.61264,23.19792],[68.61264,23.19819],[68.61236,23.19819],[68.61236,23.19847],[68.61181,23.19847],[68.61181,23.19903],[68.61153,23.19903],[68.61153,23.19931],[68.61125,23.19931],[68.61125,23.19958],[68.61069,23.19958],[68.61069,23.20014],[68.61042,23.20014],[68.61042,23.20042],[68.61014,23.20042],[68.61014,23.20097],[68.60987,23.20097],[68.60987,23.20125],[68.60958,23.20125],[68.60958,23.20153],[68.60931,23.20153],[68.60931,23.20181],[68.60903,23.20181],[68.60903,23.20209],[68.60875,23.20209],[68.60875,23.20236],[68.60847,23.20236],[68.60847,23.20264],[68.60819,23.20264],[68.60819,23.20292],[68.60792,23.20292],[68.60792,23.2032],[68.60764,23.2032],[68.60764,23.20347],[68.60709,23.20347],[68.60709,23.20375],[68.6068,23.20375],[68.6068,23.20403],[68.60625,23.20403],[68.60625,23.20431],[68.60597,23.20431],[68.60597,23.20458],[68.60542,23.20458],[68.60542,23.20486],[68.60513,23.20486],[68.60513,23.20514],[68.60457,23.20514],[68.60457,23.20542],[68.60375,23.20542],[68.60375,23.20569],[68.6032,23.20569],[68.6032,23.20598],[68.60291,23.20597],[68.60291,23.20625],[68.60235,23.20625],[68.60235,23.20653],[68.60209,23.20653],[68.60209,23.20682],[68.60152,23.20681],[68.60152,23.20709],[68.60097,23.20709],[68.60098,23.20736],[68.60069,23.20736],[68.60069,23.20764],[68.60042,23.20764],[68.60042,23.2082],[68.59986,23.2082],[68.59986,23.20847],[68.59959,23.20847],[68.59959,23.20875],[68.5993,23.20875],[68.5993,23.20903],[68.59875,23.20903],[68.59875,23.20931],[68.59847,23.20931],[68.59847,23.20959],[68.5982,23.20959],[68.5982,23.20986],[68.59764,23.20986],[68.59764,23.21014],[68.59736,23.21014],[68.59736,23.21042],[68.59708,23.21042],[68.59708,23.2107],[68.59653,23.2107],[68.59653,23.21097],[68.59625,23.21097],[68.59625,23.21125],[68.5957,23.21125],[68.5957,23.21153],[68.59514,23.21153],[68.59514,23.21181],[68.59464,23.21181],[68.59464,23.21181],[68.59458,23.21181],[68.59458,23.21185],[68.59458,23.21185],[68.59458,23.21208],[68.59431,23.21208],[68.5943,23.21208],[68.59402,23.21208],[68.59402,23.21232],[68.59402,23.21232],[68.59402,23.21236],[68.59397,23.21236],[68.59396,23.21236],[68.59375,23.21236],[68.59375,23.21254],[68.59375,23.21254],[68.59375,23.21264],[68.59363,23.21264],[68.59363,23.21264],[68.59348,23.21263],[68.59348,23.21276],[68.59348,23.21276],[68.59348,23.21292],[68.59328,23.21292],[68.59328,23.21292],[68.59319,23.21292],[68.59319,23.21299],[68.59319,23.213],[68.59319,23.21319],[68.59295,23.21319],[68.59295,23.21319],[68.59292,23.21319],[68.59292,23.21322],[68.59292,23.21322],[68.59292,23.21347],[68.59266,23.21347],[68.59266,23.21347],[68.59264,23.21347],[68.59264,23.21349],[68.59264,23.2135],[68.59264,23.21375],[68.59237,23.21375],[68.59237,23.21375],[68.59209,23.21375],[68.59209,23.21403],[68.59209,23.21403],[68.59209,23.21403],[68.59153,23.21403],[68.59153,23.21431],[68.59125,23.21431],[68.59125,23.21484],[68.59125,23.21485],[68.59125,23.21514],[68.59097,23.21514],[68.59097,23.2157],[68.5907,23.2157],[68.5907,23.21597],[68.59042,23.21597],[68.59042,23.21625],[68.59015,23.21625],[68.59015,23.21653],[68.58986,23.21653],[68.58986,23.21681],[68.58959,23.21681],[68.58959,23.21708],[68.5893,23.21708],[68.5893,23.21736],[68.58903,23.21736],[68.58903,23.21764],[68.58875,23.21764],[68.58875,23.21792],[68.58847,23.21792],[68.58847,23.21847],[68.5882,23.21847],[68.5882,23.21876],[68.58791,23.21876],[68.58791,23.21903],[68.58764,23.21903],[68.58764,23.21931],[68.58737,23.21931],[68.58737,23.21958],[68.58708,23.21958],[68.58708,23.21987],[68.58681,23.21986],[68.58681,23.22014],[68.58653,23.22014],[68.58653,23.22042],[68.58625,23.22042],[68.58625,23.22097],[68.58598,23.22097],[68.58599,23.22125],[68.58569,23.22125],[68.58569,23.22153],[68.58542,23.22153],[68.58542,23.22182],[68.58514,23.22182],[68.58514,23.22236],[68.58486,23.22236],[68.58486,23.2232],[68.58459,23.22319],[68.58459,23.22403],[68.5843,23.22403],[68.5843,23.22486],[68.58403,23.22486],[68.58403,23.22514],[68.58431,23.22514],[68.58431,23.22847],[68.58459,23.22847],[68.58459,23.22875],[68.58486,23.22875],[68.58486,23.22931],[68.58514,23.22931],[68.58514,23.22959],[68.58542,23.22958],[68.58542,23.23014],[68.58514,23.23014],[68.58514,23.23042],[68.58459,23.23042],[68.58459,23.23292],[68.58486,23.23292],[68.58486,23.23348],[68.58514,23.23347],[68.58514,23.23403],[68.58542,23.23403],[68.58542,23.23459],[68.58569,23.23459],[68.58569,23.23486],[68.58599,23.23486],[68.58599,23.23514],[68.58625,23.23514],[68.58625,23.23542],[68.58681,23.23542],[68.58681,23.2357],[68.58708,23.2357],[68.58708,23.23597],[68.58736,23.23597],[68.58736,23.23625],[68.58764,23.23625],[68.58764,23.23653],[68.58792,23.23653],[68.58792,23.23681],[68.5882,23.23681],[68.5882,23.23709],[68.58847,23.23709],[68.58847,23.23736],[68.58903,23.23736],[68.58903,23.23764],[68.5893,23.23764],[68.5893,23.23792],[68.58959,23.23792],[68.58959,23.2382],[68.58986,23.2382],[68.58986,23.23847],[68.5907,23.23847],[68.5907,23.23875],[68.59153,23.23875],[68.59153,23.23903],[68.59236,23.23903],[68.59236,23.23931],[68.59319,23.23931],[68.59319,23.23958],[68.59402,23.23957],[68.59402,23.23986],[68.59486,23.23986],[68.59486,23.24014],[68.59513,23.24014],[68.59514,23.24014],[68.5957,23.24014],[68.5957,23.24042],[68.59903,23.24042],[68.59903,23.23931],[68.59875,23.23931],[68.59875,23.23829],[68.59875,23.23829],[68.59875,23.23764],[68.59847,23.23764],[68.59847,23.23625],[68.59875,23.23625],[68.59875,23.23569],[68.59903,23.2357],[68.59903,23.23459],[68.5993,23.23459],[68.5993,23.23431],[68.60014,23.23431],[68.60014,23.23292],[68.60042,23.23292],[68.60042,23.23264],[68.60098,23.23264],[68.60098,23.23208],[68.60125,23.23208],[68.60125,23.23181],[68.60152,23.23181],[68.60152,23.23153],[68.60098,23.23153],[68.60098,23.23125],[68.60014,23.23125],[68.60014,23.23097],[68.59986,23.23097],[68.59986,23.23042],[68.59959,23.23042],[68.59959,23.23014],[68.59903,23.23014],[68.59903,23.22903],[68.59875,23.22903],[68.59875,23.22875],[68.60042,23.22875],[68.60042,23.22847],[68.60097,23.22847],[68.60097,23.22792],[68.60125,23.22792],[68.60125,23.22708],[68.60069,23.22708],[68.60069,23.2268],[68.60014,23.2268],[68.60014,23.22653],[68.59986,23.22653],[68.59986,23.22375],[68.59959,23.22375],[68.59959,23.22292],[68.59986,23.22292],[68.59986,23.22236],[68.60014,23.22236],[68.60014,23.22182],[68.60042,23.22182],[68.60042,23.22125],[68.60069,23.22125],[68.60069,23.22069],[68.60097,23.2207],[68.60097,23.21875],[68.60125,23.21876],[68.60125,23.21847],[68.60152,23.21847],[68.60152,23.21876],[68.60181,23.21876],[68.60181,23.21903],[68.60209,23.21903],[68.60209,23.21931],[68.60237,23.21931],[68.60237,23.21958],[68.60264,23.21958],[68.60264,23.21987],[68.60375,23.21987],[68.60375,23.21958],[68.60431,23.21958],[68.60431,23.21931],[68.60457,23.21931],[68.60457,23.21903],[68.60513,23.21903],[68.60513,23.21876],[68.60542,23.21875],[68.60542,23.22043],[68.60542,23.2207],[68.60555,23.2207],[68.60792,23.2207],[68.60792,23.22097],[68.60903,23.22097],[68.60903,23.2207],[68.60958,23.2207],[68.60958,23.21847],[68.60931,23.21847],[68.60931,23.21792],[68.60987,23.21792],[68.60987,23.21764],[68.61126,23.21764],[68.61126,23.21792],[68.61153,23.21792],[68.61153,23.2182],[68.61181,23.21819],[68.61181,23.21847],[68.61236,23.21847],[68.61236,23.21876],[68.6132,23.21876],[68.6132,23.2182],[68.61347,23.2182],[68.61347,23.21708],[68.61431,23.21708],[68.61431,23.21736],[68.61459,23.21736],[68.61459,23.21764],[68.61486,23.21764],[68.61486,23.21792],[68.61514,23.21792],[68.61514,23.2182],[68.61542,23.21819],[68.61542,23.21847],[68.61569,23.21847],[68.61569,23.21876],[68.6168,23.21876],[68.6168,23.21903],[68.61819,23.21903],[68.61819,23.21653],[68.62013,23.21653],[68.62013,23.21625],[68.62041,23.21625],[68.62041,23.21597],[68.62097,23.21597],[68.62097,23.21681],[68.62292,23.21681],[68.62292,23.21653],[68.62375,23.21653],[68.62375,23.21569],[68.62431,23.2157],[68.62431,23.21597],[68.62597,23.21597],[68.62597,23.21625],[68.62653,23.21625],[68.62653,23.21597],[68.62681,23.21597],[68.62681,23.2157],[68.62708,23.2157],[68.62708,23.21514],[68.62736,23.21514],[68.62736,23.21486],[68.62764,23.21486],[68.62764,23.21458],[68.62903,23.21458],[68.62903,23.21431],[68.6293,23.21431],[68.6293,23.21403],[68.62959,23.21403],[68.62959,23.21375],[68.62986,23.21375],[68.62986,23.21347],[68.63014,23.21347],[68.63014,23.21319],[68.63069,23.21319],[68.63069,23.21347],[68.63096,23.21347],[68.63096,23.21403],[68.63125,23.21403],[68.63125,23.21431],[68.63153,23.21431],[68.63153,23.21542],[68.63125,23.21542],[68.63125,23.21597],[68.6293,23.21597],[68.6293,23.21625],[68.62903,23.21625],[68.62903,23.21653],[68.62874,23.21653],[68.62874,23.21681],[68.62847,23.21681],[68.62847,23.21736],[68.62874,23.21736],[68.62874,23.21764],[68.6293,23.21764],[68.6293,23.21792],[68.62959,23.21792],[68.62959,23.2182],[68.63014,23.21819],[68.63014,23.21847],[68.63096,23.21847],[68.63096,23.21876],[68.63153,23.21876],[68.63153,23.21903],[68.63404,23.21903],[68.63404,23.21931],[68.63487,23.21931],[68.63487,23.21958],[68.63514,23.21958],[68.63514,23.22014],[68.63486,23.22014],[68.63486,23.22042],[68.63458,23.22042],[68.63458,23.22097],[68.63431,23.22097],[68.63431,23.22125],[68.63404,23.22125],[68.63404,23.22153],[68.63431,23.22153],[68.63431,23.22182],[68.63458,23.22182],[68.63458,23.22153],[68.63486,23.22153],[68.63486,23.22125],[68.63514,23.22125],[68.63514,23.22097],[68.63542,23.22097],[68.63542,23.2207],[68.63626,23.2207],[68.63626,23.22042],[68.6368,23.22042],[68.6368,23.22153],[68.63764,23.22153],[68.63764,23.22182],[68.63792,23.22181],[68.63792,23.22209],[68.63986,23.22208],[68.63986,23.22236],[68.63958,23.22236],[68.63958,23.22264],[68.63931,23.22264],[68.63931,23.22292],[68.63903,23.22292],[68.63903,23.2232],[68.63653,23.2232],[68.63653,23.22347],[68.63626,23.22347],[68.63626,23.22375],[68.63375,23.22375],[68.63375,23.22403],[68.63347,23.22403],[68.63347,23.22431],[68.63316,23.22431],[68.63153,23.22431],[68.63153,23.22458],[68.63096,23.22457],[68.63096,23.22486],[68.62903,23.22486],[68.62903,23.22457],[68.62876,23.22458],[68.62876,23.22431],[68.62847,23.22431],[68.62847,23.22403],[68.6282,23.22403],[68.6282,23.22375],[68.62791,23.22375],[68.62791,23.22319],[68.62764,23.2232],[68.62764,23.22292],[68.62736,23.22292],[68.62736,23.22264],[68.62708,23.22264],[68.62708,23.22236],[68.62681,23.22236],[68.62681,23.22182],[68.62653,23.22182],[68.62653,23.22153],[68.62626,23.22153],[68.62626,23.22125],[68.62569,23.22125],[68.62569,23.22097],[68.62486,23.22097],[68.62486,23.2207],[68.62403,23.2207],[68.62403,23.22097],[68.62347,23.22097],[68.62348,23.22125],[68.62319,23.22125],[68.62319,23.22171],[68.62319,23.22347],[68.62347,23.22347],[68.62347,23.22403],[68.62375,23.22403],[68.62375,23.22431],[68.62348,23.22431],[68.62348,23.22458],[68.62319,23.22458],[68.62319,23.22486],[68.62347,23.22486],[68.62347,23.22514],[68.62375,23.22514],[68.62375,23.22542],[68.62431,23.22542],[68.62431,23.22569],[68.62458,23.22569],[68.62458,23.22597],[68.62486,23.22597],[68.62486,23.22625],[68.62375,23.22625],[68.62375,23.22597],[68.62348,23.22597],[68.62348,23.22569],[68.62264,23.22569],[68.62264,23.22458],[68.62236,23.22458],[68.62236,23.22375],[68.6221,23.22375],[68.6221,23.22319],[68.62181,23.2232],[68.62181,23.22292],[68.62125,23.22292],[68.62125,23.22266],[68.62097,23.22264],[68.62097,23.22236],[68.6207,23.22236],[68.6207,23.22264],[68.62042,23.22264],[68.62042,23.22313],[68.62041,23.22403],[68.6207,23.22403],[68.6207,23.22431],[68.62097,23.22431],[68.62097,23.22458],[68.62125,23.22457],[68.62125,23.22486],[68.61931,23.22486],[68.61931,23.22514],[68.61875,23.22514],[68.61875,23.22486],[68.61903,23.22486],[68.61903,23.22384],[68.61903,23.22209],[68.61931,23.22209],[68.61931,23.21987],[68.61903,23.21986],[68.61903,23.22014],[68.61875,23.22014],[68.61875,23.2207],[68.61847,23.2207],[68.61847,23.22097],[68.61819,23.22097],[68.61819,23.22125],[68.61792,23.22125],[68.61792,23.22182],[68.61764,23.22182],[68.61764,23.22236],[68.61736,23.22236],[68.61736,23.2232],[68.61707,23.22319],[68.61707,23.22375],[68.6168,23.22375],[68.6168,23.22403],[68.61653,23.22403],[68.61653,23.22458],[68.61625,23.22458],[68.61625,23.22528],[68.61625,23.22569],[68.61598,23.22569],[68.61598,23.22597],[68.61569,23.22597],[68.61569,23.22625],[68.61542,23.22625],[68.61542,23.22653],[68.61486,23.22653],[68.61486,23.2268],[68.61431,23.2268],[68.61431,23.22708],[68.61375,23.22708],[68.61375,23.22764],[68.61347,23.22763],[68.61347,23.22792],[68.6132,23.22792],[68.6132,23.22847],[68.61292,23.22847],[68.61292,23.22903],[68.61264,23.22903],[68.61264,23.22931],[68.61236,23.22931],[68.61236,23.22986],[68.61208,23.22986],[68.61208,23.23014],[68.61181,23.23014],[68.61181,23.2307],[68.61153,23.2307],[68.61153,23.23125],[68.61126,23.23125],[68.61126,23.23181],[68.61097,23.23181],[68.61097,23.23208],[68.61069,23.23208],[68.61069,23.23264],[68.61042,23.23264],[68.61042,23.23319],[68.61014,23.23319],[68.61014,23.23376],[68.60987,23.23376],[68.60987,23.23403],[68.60958,23.23403],[68.60958,23.23459],[68.60931,23.23459],[68.60931,23.23486],[68.60819,23.23486],[68.60819,23.23514],[68.60792,23.23514],[68.60792,23.23542],[68.60736,23.23542],[68.60736,23.2357],[68.60709,23.2357],[68.60709,23.23597],[68.6068,23.23597],[68.6068,23.23625],[68.60653,23.23625],[68.60653,23.23681],[68.60625,23.23681],[68.60625,23.23691],[68.60625,23.23691],[68.60625,23.23709],[68.60597,23.23709],[68.60597,23.23736],[68.6057,23.23736],[68.6057,23.23792],[68.60542,23.23792],[68.60542,23.23819],[68.60513,23.2382],[68.60513,23.23875],[68.60486,23.23875],[68.60486,23.23903],[68.60459,23.23903],[68.60459,23.23958],[68.60431,23.23957],[68.60431,23.23986],[68.60457,23.23986],[68.60457,23.24042],[68.60513,23.24042],[68.60513,23.24014],[68.6057,23.24014],[68.6057,23.24061],[68.6057,23.24082],[68.6057,23.24097],[68.60542,23.24097],[68.60542,23.24125],[68.60513,23.24125],[68.60513,23.24181],[68.60486,23.24181],[68.60486,23.24208],[68.60431,23.24208],[68.60431,23.24236],[68.60375,23.24236],[68.60375,23.24293],[68.60486,23.24292],[68.60486,23.2432],[68.60542,23.2432],[68.60542,23.24347],[68.60625,23.24347],[68.60625,23.24375],[68.60709,23.24375],[68.60709,23.24347],[68.60736,23.24347],[68.60736,23.2432],[68.60931,23.2432],[68.60931,23.24292],[68.61027,23.24293],[68.61027,23.24293],[68.61097,23.24293],[68.61097,23.24264],[68.61292,23.24264],[68.61291,23.24236],[68.61513,23.24236],[68.61513,23.24264],[68.61792,23.24264],[68.61792,23.24293],[68.62264,23.24292],[68.62264,23.2432],[68.62458,23.2432],[68.62458,23.24292],[68.62486,23.24292],[68.62486,23.2432],[68.62542,23.2432],[68.62542,23.24347],[68.62597,23.24347],[68.62597,23.24375],[68.62681,23.24375],[68.62681,23.24403],[68.62736,23.24403],[68.62736,23.24431],[68.62791,23.24431],[68.62791,23.24458],[68.6293,23.24458],[68.6293,23.24431],[68.62959,23.24431],[68.62959,23.24403],[68.62986,23.24403],[68.62986,23.24348],[68.63014,23.24347],[68.63014,23.2432],[68.63069,23.2432],[68.63069,23.24431],[68.63055,23.2443],[68.63042,23.2443],[68.63042,23.24514],[68.62791,23.24514],[68.62791,23.24681],[68.6282,23.24681],[68.6282,23.24709],[68.62986,23.24709],[68.62986,23.24681],[68.63014,23.24681],[68.63014,23.24653],[68.63042,23.24653],[68.63042,23.24597],[68.63125,23.24597],[68.63125,23.2457],[68.63153,23.2457],[68.63153,23.2455],[68.63153,23.24542],[68.63236,23.24542],[68.63236,23.2457],[68.63264,23.2457],[68.63264,23.24625],[68.63431,23.24625],[68.63431,23.24653],[68.63514,23.24653],[68.63514,23.24625],[68.63597,23.24625],[68.63597,23.24653],[68.63709,23.24653],[68.63709,23.24597],[68.63736,23.24597],[68.63736,23.24542],[68.63792,23.24542],[68.63792,23.2457],[68.63848,23.2457],[68.63848,23.24597],[68.63875,23.24597],[68.63875,23.2457],[68.63931,23.2457],[68.63931,23.24486],[68.63958,23.24486],[68.63958,23.24458],[68.64042,23.24458],[68.64042,23.24486],[68.64069,23.24486],[68.64069,23.24514],[68.64098,23.24514],[68.64098,23.24542],[68.64124,23.24542],[68.64124,23.2457],[68.64264,23.2457],[68.64264,23.24597],[68.64291,23.24597],[68.64291,23.24625],[68.64319,23.24625],[68.64319,23.24736],[68.64291,23.24736],[68.64291,23.24764],[68.64264,23.24764],[68.64264,23.24792],[68.64237,23.24792],[68.64237,23.2482],[68.64125,23.2482],[68.64125,23.24792],[68.64098,23.24792],[68.64098,23.24764],[68.64042,23.24764],[68.64042,23.24792],[68.64014,23.24792],[68.64014,23.24903],[68.63903,23.24903],[68.63903,23.24931],[68.63931,23.24931],[68.63931,23.24986],[68.63958,23.24986],[68.63958,23.24958],[68.64181,23.24958],[68.64181,23.24986],[68.64264,23.24986],[68.64264,23.25014],[68.64237,23.25014],[68.64237,23.2507],[68.64264,23.25069],[68.64264,23.25125],[68.64375,23.25125],[68.64375,23.25181],[68.6443,23.25181],[68.6443,23.25153],[68.64458,23.25153],[68.64458,23.25125],[68.64486,23.25125],[68.64486,23.25097],[68.64569,23.25097],[68.64569,23.25153],[68.64598,23.25153],[68.64598,23.25181],[68.64625,23.25181],[68.64625,23.25208],[68.64653,23.25208],[68.64653,23.25236],[68.6468,23.25236],[68.6468,23.25292],[68.64653,23.25292],[68.64653,23.25304],[68.64653,23.25319],[68.64598,23.25319],[68.64598,23.25347],[68.64627,23.25347],[68.64709,23.25347],[68.64709,23.25375],[68.64849,23.25375],[68.64849,23.25403],[68.6482,23.25403],[68.6482,23.25458],[68.64792,23.25458],[68.64792,23.25487],[68.64764,23.25487],[68.64764,23.25514],[68.6468,23.25514],[68.6468,23.25625],[68.64709,23.25625],[68.64709,23.25653],[68.64736,23.25653],[68.64736,23.25709],[68.64764,23.25708],[68.64764,23.25736],[68.64792,23.25736],[68.64792,23.25764],[68.64849,23.25764],[68.64849,23.25793],[68.64875,23.25792],[68.64875,23.25819],[68.64958,23.25819],[68.64958,23.25847],[68.65041,23.25847],[68.65041,23.25875],[68.6518,23.25875],[68.6518,23.25903],[68.6532,23.25903],[68.6532,23.25931],[68.65403,23.25931],[68.65403,23.25958],[68.65513,23.25958],[68.65513,23.25986],[68.65598,23.25986],[68.65598,23.26014],[68.65624,23.26014],[68.65624,23.26042],[68.65653,23.26042],[68.65653,23.26069],[68.65764,23.26069],[68.65764,23.26098],[68.65847,23.26097],[68.65847,23.26125],[68.65903,23.26125],[68.65903,23.26153],[68.6593,23.26153],[68.65931,23.2618],[68.65959,23.26181],[68.65959,23.26208],[68.65986,23.26208],[68.65986,23.26264],[68.66014,23.26264],[68.66014,23.26681],[68.66042,23.26681],[68.66042,23.26708],[68.6607,23.26708],[68.6607,23.26736],[68.66125,23.26736],[68.66125,23.26764],[68.66153,23.26764],[68.66153,23.26792],[68.66236,23.26792],[68.66236,23.26819],[68.66292,23.26819],[68.66292,23.26847],[68.66375,23.26847],[68.66375,23.26875],[68.66431,23.26875],[68.66431,23.26903],[68.66514,23.26903],[68.66514,23.26931],[68.6657,23.26931],[68.6657,23.26958],[68.66708,23.26958],[68.66708,23.26987],[68.66875,23.26987],[68.66875,23.26958],[68.67042,23.26958],[68.67042,23.26987],[68.67181,23.26987],[68.67181,23.27014],[68.67152,23.27014],[68.67152,23.27125],[68.67125,23.27125],[68.67125,23.27236],[68.67097,23.27236],[68.67097,23.27264],[68.67015,23.27264],[68.67015,23.27236],[68.66931,23.27236],[68.66931,23.27208],[68.66875,23.27208],[68.66875,23.27181],[68.66792,23.27181],[68.66792,23.27153],[68.66708,23.27153],[68.66708,23.27125],[68.66348,23.27125],[68.66348,23.27208],[68.66125,23.27208],[68.66125,23.27181],[68.6582,23.27181],[68.6582,23.27208],[68.65625,23.27208],[68.65625,23.27181],[68.65542,23.27181],[68.65542,23.27153],[68.65236,23.27153],[68.65236,23.27125],[68.65208,23.27125],[68.65208,23.27097],[68.6518,23.27097],[68.6518,23.2707],[68.65125,23.2707],[68.65125,23.27042],[68.65097,23.27042],[68.65097,23.27014],[68.6507,23.27014],[68.6507,23.26987],[68.65014,23.26987],[68.65014,23.26958],[68.64987,23.26958],[68.64987,23.26931],[68.64931,23.26931],[68.64931,23.26903],[68.64737,23.26903],[68.64737,23.26875],[68.64598,23.26875],[68.64598,23.26847],[68.64459,23.26847],[68.64459,23.26819],[68.64403,23.26819],[68.64403,23.26792],[68.64375,23.26792],[68.64375,23.26764],[68.64319,23.26764],[68.64319,23.26736],[68.64291,23.26736],[68.64291,23.26708],[68.64264,23.26708],[68.64264,23.26653],[68.64233,23.26653],[68.64069,23.26653],[68.64069,23.26681],[68.64042,23.26681],[68.64042,23.26708],[68.64014,23.26708],[68.64014,23.26736],[68.63986,23.26736],[68.63986,23.26764],[68.63958,23.26764],[68.63958,23.26847],[68.63792,23.26847],[68.63792,23.26875],[68.63764,23.26875],[68.63764,23.26931],[68.63736,23.26931],[68.63736,23.27014],[68.63709,23.27014],[68.63709,23.2707],[68.6368,23.27069],[68.6368,23.27125],[68.63653,23.27125],[68.63653,23.27208],[68.63626,23.27208],[68.63626,23.27264],[68.63597,23.27264],[68.63597,23.27347],[68.63626,23.27347],[68.63626,23.27431],[68.63597,23.27431],[68.63597,23.27486],[68.6357,23.27486],[68.6357,23.2757],[68.63541,23.27568],[68.63541,23.27625],[68.63514,23.27625],[68.63514,23.27653],[68.63486,23.27653],[68.63486,23.27736],[68.63458,23.27736],[68.63458,23.2782],[68.63431,23.27819],[68.63431,23.27903],[68.63404,23.27903],[68.63404,23.28014],[68.63375,23.28014],[68.63375,23.28097],[68.63347,23.28097],[68.63347,23.28181],[68.63319,23.28181],[68.63319,23.28264],[68.63292,23.28264],[68.63292,23.28347],[68.63264,23.28347],[68.63264,23.28431],[68.63236,23.28431],[68.63236,23.28486],[68.63207,23.28485],[68.63207,23.28542],[68.63181,23.28542],[68.63181,23.28569],[68.63153,23.28569],[68.63153,23.28625],[68.63125,23.28625],[68.63125,23.28681],[68.63096,23.28681],[68.63096,23.28736],[68.63069,23.28736],[68.63069,23.28819],[68.63042,23.28819],[68.63042,23.28903],[68.63014,23.28903],[68.63014,23.28986],[68.62986,23.28986],[68.62986,23.29042],[68.62959,23.29042],[68.62959,23.29098],[68.6293,23.29098],[68.6293,23.29236],[68.62959,23.29236],[68.62959,23.2941],[68.62959,23.2941],[68.62959,23.29514],[68.62986,23.29514],[68.62986,23.29542],[68.63014,23.29542],[68.63014,23.29569],[68.63153,23.29569],[68.63153,23.29597],[68.63208,23.29597],[68.63208,23.29597],[68.63292,23.29597],[68.63292,23.29625],[68.63319,23.29625],[68.63319,23.29597],[68.63458,23.29597],[68.63458,23.29569],[68.6368,23.29569],[68.6368,23.29542],[68.63792,23.29542],[68.63792,23.29569],[68.63848,23.29569],[68.63848,23.29542],[68.63903,23.29542],[68.63903,23.29569],[68.63958,23.29569],[68.63958,23.29597],[68.63986,23.29597],[68.63986,23.29625],[68.64042,23.29625],[68.64042,23.29653],[68.64903,23.29653],[68.64903,23.29625],[68.64958,23.29625],[68.64958,23.29597],[68.65042,23.29597],[68.65042,23.29569],[68.6507,23.29569],[68.6507,23.29514],[68.65097,23.29514],[68.65097,23.29486],[68.65153,23.29486],[68.65153,23.29458],[68.65264,23.29458],[68.65264,23.29486],[68.6532,23.29486],[68.6532,23.29514],[68.65347,23.29514],[68.65347,23.29542],[68.65459,23.29542],[68.65459,23.29514],[68.65513,23.29514],[68.65513,23.29486],[68.65569,23.29486],[68.65569,23.29514],[68.65624,23.29514],[68.65624,23.29486],[68.65681,23.29486],[68.65681,23.29514],[68.65792,23.29514],[68.65792,23.29542],[68.6593,23.29542],[68.65931,23.29569],[68.6607,23.29569],[68.6607,23.29597],[68.66153,23.29597],[68.66153,23.29625],[68.66209,23.29625],[68.66209,23.29653],[68.66292,23.29653],[68.66292,23.29681],[68.66348,23.29681],[68.66348,23.29708],[68.66431,23.29708],[68.66431,23.29736],[68.66486,23.29736],[68.66486,23.29764],[68.66541,23.29764],[68.66541,23.29792],[68.6657,23.29792],[68.6657,23.2982],[68.66625,23.2982],[68.66625,23.29847],[68.66681,23.29847],[68.66681,23.29875],[68.66736,23.29875],[68.66736,23.29903],[68.66903,23.29903],[68.66903,23.29931],[68.67042,23.2993],[68.67042,23.29958],[68.67208,23.29958],[68.67208,23.29986],[68.67403,23.29985],[68.67403,23.30014],[68.67458,23.30014],[68.67458,23.29985],[68.67819,23.29986],[68.67819,23.29958],[68.67903,23.29958],[68.67903,23.30014],[68.67931,23.30014],[68.67931,23.3007],[68.67958,23.3007],[68.67958,23.30097],[68.68264,23.30097],[68.68264,23.3007],[68.6832,23.3007],[68.6832,23.30042],[68.68431,23.30042],[68.68431,23.3007],[68.68459,23.3007],[68.68459,23.30097],[68.68486,23.30097],[68.68486,23.30125],[68.68514,23.30125],[68.68514,23.30153],[68.68569,23.30153],[68.68569,23.30181],[68.68598,23.30181],[68.68598,23.30209],[68.68625,23.30208],[68.68625,23.30236],[68.68654,23.30236],[68.68654,23.30292],[68.68792,23.30292],[68.68792,23.30347],[68.68819,23.30347],[68.68819,23.30375],[68.68865,23.30375],[68.68875,23.30398],[68.68875,23.30403],[68.68877,23.30403],[68.68883,23.30417],[68.69093,23.30557],[68.6928,23.30674],[68.69467,23.30744],[68.69491,23.30908],[68.69477,23.30986],[68.69431,23.30986],[68.69431,23.30958],[68.69375,23.30958],[68.69375,23.30931],[68.69319,23.30931],[68.69319,23.30904],[68.69292,23.30904],[68.69292,23.30875],[68.69235,23.30875],[68.69235,23.30847],[68.6918,23.30847],[68.6918,23.30875],[68.69097,23.30875],[68.69097,23.30904],[68.68931,23.30904],[68.68931,23.30875],[68.68819,23.30875],[68.68819,23.30847],[68.68764,23.30847],[68.68764,23.3082],[68.68682,23.3082],[68.68682,23.30792],[68.68625,23.30792],[68.68625,23.30764],[68.68542,23.30764],[68.68542,23.30736],[68.68403,23.30736],[68.68403,23.30709],[68.68264,23.30709],[68.68264,23.30681],[68.68042,23.30681],[68.68042,23.30709],[68.68014,23.30708],[68.68014,23.30792],[68.67986,23.30792],[68.67986,23.3082],[68.67681,23.3082],[68.67681,23.30847],[68.67653,23.30847],[68.67653,23.30736],[68.67681,23.30736],[68.67681,23.30709],[68.67875,23.30709],[68.67875,23.30653],[68.67847,23.30653],[68.67847,23.30569],[68.67819,23.3057],[68.67819,23.30542],[68.67735,23.30542],[68.67735,23.30514],[68.67625,23.30514],[68.67625,23.30542],[68.6757,23.30542],[68.6757,23.3057],[68.67542,23.30569],[68.67542,23.30653],[68.6757,23.30653],[68.6757,23.30736],[68.67542,23.30736],[68.67542,23.3082],[68.67514,23.3082],[68.67514,23.30764],[68.67486,23.30764],[68.67486,23.30736],[68.67459,23.30736],[68.67459,23.30709],[68.67486,23.30709],[68.67486,23.30681],[68.67459,23.30681],[68.67459,23.30625],[68.67431,23.30625],[68.67431,23.30458],[68.67403,23.30458],[68.67403,23.30403],[68.67375,23.30403],[68.67375,23.30375],[68.67319,23.30375],[68.67319,23.30403],[68.67264,23.30403],[68.67264,23.30431],[68.67237,23.30431],[68.67237,23.30458],[68.67208,23.30458],[68.67208,23.30486],[68.67181,23.30486],[68.67181,23.30542],[68.67153,23.30542],[68.67153,23.3057],[68.67125,23.30569],[68.67125,23.30625],[68.67097,23.30625],[68.67097,23.30653],[68.67015,23.30653],[68.67015,23.30625],[68.66958,23.30625],[68.66958,23.30598],[68.66875,23.30598],[68.66875,23.30514],[68.66903,23.30514],[68.66903,23.30375],[68.66875,23.30375],[68.66875,23.30347],[68.66847,23.30347],[68.66847,23.3032],[68.6682,23.3032],[68.6682,23.30292],[68.66764,23.30292],[68.66764,23.3032],[68.66736,23.30319],[68.66736,23.30431],[68.66681,23.30431],[68.66681,23.30403],[68.66597,23.30403],[68.66597,23.30375],[68.66541,23.30375],[68.66541,23.30347],[68.66514,23.30347],[68.66514,23.3032],[68.66458,23.3032],[68.66458,23.30292],[68.66431,23.30292],[68.66431,23.3032],[68.66375,23.3032],[68.66375,23.30347],[68.66348,23.30347],[68.66348,23.30375],[68.66319,23.30375],[68.66319,23.30403],[68.66292,23.30403],[68.66292,23.30431],[68.66264,23.30431],[68.66264,23.30458],[68.66236,23.30458],[68.66237,23.30514],[68.66209,23.30514],[68.66209,23.3057],[68.66153,23.3057],[68.66153,23.30542],[68.6607,23.30542],[68.6607,23.30514],[68.66042,23.30514],[68.66042,23.30486],[68.66014,23.30486],[68.66014,23.30458],[68.65986,23.30458],[68.65986,23.30431],[68.65958,23.30431],[68.65958,23.30375],[68.65931,23.30375],[68.65931,23.30347],[68.65875,23.30347],[68.65875,23.30375],[68.65847,23.30375],[68.65847,23.30403],[68.6582,23.30403],[68.6582,23.30458],[68.65847,23.30458],[68.65847,23.30514],[68.65875,23.30514],[68.65875,23.30598],[68.65903,23.30598],[68.65903,23.30653],[68.6593,23.30653],[68.65931,23.30736],[68.65958,23.30736],[68.65958,23.3082],[68.65986,23.3082],[68.65986,23.30904],[68.66014,23.30904],[68.66014,23.31042],[68.66043,23.31042],[68.66043,23.31903],[68.6607,23.31903],[68.6607,23.31986],[68.66097,23.31986],[68.66097,23.32014],[68.66153,23.32014],[68.66153,23.32042],[68.66181,23.32042],[68.66181,23.3207],[68.66209,23.32069],[68.66209,23.32098],[68.66264,23.32098],[68.66264,23.32125],[68.66292,23.32125],[68.66292,23.32153],[68.66348,23.32153],[68.66348,23.32181],[68.66375,23.32181],[68.66375,23.32208],[68.66431,23.32208],[68.66431,23.32236],[68.66625,23.32236],[68.66625,23.32264],[68.66736,23.32264],[68.66736,23.32292],[68.6682,23.32292],[68.6682,23.32347],[68.66847,23.32347],[68.66847,23.32403],[68.66931,23.32403],[68.66931,23.32487],[68.66903,23.32486],[68.66903,23.32514],[68.66875,23.32514],[68.66875,23.32542],[68.66792,23.32542],[68.66792,23.32514],[68.66764,23.32514],[68.66764,23.32486],[68.66709,23.32487],[68.66709,23.32458],[68.66681,23.32458],[68.66681,23.32431],[68.66653,23.32431],[68.66653,23.32402],[68.66625,23.32403],[68.66625,23.32375],[68.66597,23.32375],[68.66597,23.32347],[68.66487,23.32347],[68.66487,23.32319],[68.66375,23.32319],[68.66375,23.32292],[68.66264,23.32292],[68.66264,23.32347],[68.66292,23.32347],[68.66292,23.32403],[68.6607,23.32403],[68.6607,23.32347],[68.66042,23.32347],[68.66042,23.32292],[68.65959,23.32292],[68.65959,23.32319],[68.65903,23.32319],[68.65903,23.32292],[68.65875,23.32292],[68.65875,23.32236],[68.65903,23.32236],[68.65903,23.32181],[68.65931,23.32181],[68.65931,23.32153],[68.65875,23.32153],[68.65875,23.32125],[68.6582,23.32125],[68.6582,23.32097],[68.65792,23.32098],[68.65792,23.32042],[68.65764,23.32042],[68.65764,23.31986],[68.65735,23.31986],[68.65735,23.31958],[68.65764,23.31959],[68.65764,23.31931],[68.65792,23.31931],[68.65792,23.31875],[68.65821,23.31875],[68.6582,23.31792],[68.65847,23.31792],[68.65847,23.3168],[68.65875,23.31681],[68.65875,23.31542],[68.65903,23.31542],[68.65903,23.31431],[68.65931,23.31431],[68.65931,23.31319],[68.65903,23.31319],[68.65903,23.31292],[68.65875,23.31292],[68.65875,23.31264],[68.65903,23.31264],[68.65903,23.30986],[68.65875,23.30986],[68.65875,23.30875],[68.65847,23.30875],[68.65847,23.3082],[68.65821,23.3082],[68.65821,23.30764],[68.65792,23.30764],[68.65792,23.30708],[68.65764,23.30709],[68.65764,23.30653],[68.65735,23.30653],[68.65735,23.30542],[68.65708,23.30542],[68.65708,23.30458],[68.65681,23.30458],[68.65681,23.3032],[68.65653,23.3032],[68.65653,23.30292],[68.65569,23.30292],[68.65569,23.30264],[68.65347,23.30264],[68.65347,23.30292],[68.65236,23.30292],[68.65236,23.3032],[68.65264,23.30319],[68.65264,23.30431],[68.65209,23.30431],[68.65209,23.30458],[68.6518,23.30458],[68.6518,23.30514],[68.65097,23.30514],[68.65097,23.30486],[68.6507,23.30486],[68.6507,23.30431],[68.65014,23.30431],[68.65014,23.30458],[68.64986,23.30458],[68.64986,23.30486],[68.64958,23.30486],[68.64958,23.30542],[68.64931,23.30542],[68.64931,23.3057],[68.64903,23.30569],[68.64903,23.30653],[68.64931,23.30653],[68.64931,23.30764],[68.64903,23.30764],[68.64903,23.30792],[68.64849,23.30792],[68.64849,23.3082],[68.6482,23.3082],[68.6482,23.30847],[68.64792,23.30847],[68.64792,23.31014],[68.64764,23.31014],[68.64764,23.31153],[68.64736,23.31153],[68.64736,23.31319],[68.64709,23.31319],[68.64709,23.31431],[68.64681,23.31431],[68.64681,23.31458],[68.64709,23.31458],[68.64709,23.31486],[68.64681,23.31486],[68.64681,23.3157],[68.64653,23.31569],[68.64653,23.31625],[68.64625,23.31625],[68.64625,23.31736],[68.64598,23.31736],[68.64598,23.31847],[68.64569,23.31847],[68.64569,23.31931],[68.64542,23.31931],[68.64542,23.31986],[68.64514,23.31986],[68.64514,23.32098],[68.64486,23.32098],[68.64486,23.32181],[68.64458,23.32181],[68.64458,23.32264],[68.6443,23.32264],[68.6443,23.32292],[68.64403,23.32292],[68.64403,23.32319],[68.64375,23.32319],[68.64375,23.32292],[68.64347,23.32292],[68.64347,23.32264],[68.64291,23.32264],[68.64291,23.32236],[68.64264,23.32236],[68.64264,23.32208],[68.64237,23.32208],[68.64237,23.32181],[68.64208,23.32181],[68.64208,23.32153],[68.64181,23.32153],[68.64181,23.32125],[68.64152,23.32125],[68.64152,23.32097],[68.64124,23.32098],[68.64124,23.32042],[68.64098,23.32042],[68.64098,23.32014],[68.64069,23.32014],[68.64069,23.31986],[68.64042,23.31986],[68.64042,23.31958],[68.63986,23.31959],[68.63986,23.31931],[68.63903,23.31931],[68.63903,23.31903],[68.6382,23.31903],[68.6382,23.31875],[68.63792,23.31875],[68.63792,23.31847],[68.63764,23.31847],[68.63764,23.3182],[68.63736,23.31821],[68.63736,23.31792],[68.63709,23.31792],[68.63709,23.31736],[68.6368,23.31736],[68.6368,23.31681],[68.63653,23.31681],[68.63653,23.31653],[68.6357,23.31653],[68.6357,23.31681],[68.63542,23.31681],[68.63542,23.31708],[68.63514,23.31708],[68.63514,23.31736],[68.63486,23.31736],[68.63486,23.31764],[68.63458,23.31764],[68.63458,23.31792],[68.63404,23.31792],[68.63404,23.31821],[68.63375,23.3182],[68.63375,23.31847],[68.63347,23.31847],[68.63347,23.31875],[68.63319,23.31875],[68.63319,23.31903],[68.63292,23.31903],[68.63292,23.31931],[68.63319,23.31931],[68.63319,23.32292],[68.63292,23.32292],[68.63292,23.32347],[68.63264,23.32347],[68.63264,23.32403],[68.63292,23.32403],[68.63292,23.3243],[68.6332,23.32431],[68.6332,23.32487],[68.63347,23.32486],[68.63347,23.32542],[68.63375,23.32542],[68.63375,23.32625],[68.63404,23.32625],[68.63404,23.32681],[68.63431,23.3268],[68.63431,23.32709],[68.63458,23.32708],[68.63458,23.32736],[68.63486,23.32736],[68.63486,23.32764],[68.63514,23.32764],[68.63514,23.32792],[68.63542,23.32792],[68.63542,23.3282],[68.6357,23.32819],[68.6357,23.32875],[68.63597,23.32875],[68.63597,23.32903],[68.63626,23.32903],[68.63626,23.32931],[68.63653,23.32931],[68.63653,23.32986],[68.6368,23.32986],[68.6368,23.33015],[68.63709,23.33015],[68.63709,23.33042],[68.63736,23.33042],[68.63736,23.33097],[68.63764,23.33097],[68.63764,23.33125],[68.63736,23.33125],[68.63736,23.33153],[68.63653,23.33153],[68.63653,23.33125],[68.63626,23.33125],[68.63626,23.33097],[68.63597,23.33097],[68.63597,23.33069],[68.6357,23.33069],[68.6357,23.33042],[68.63541,23.33042],[68.63541,23.33015],[68.63514,23.33015],[68.63514,23.32986],[68.63486,23.32986],[68.63486,23.32958],[68.63431,23.32958],[68.63431,23.32931],[68.63347,23.32931],[68.63347,23.32958],[68.63319,23.32958],[68.63319,23.33015],[68.63292,23.33014],[68.63292,23.33097],[68.63264,23.33097],[68.63264,23.33153],[68.63375,23.33153],[68.63375,23.33125],[68.63487,23.33125],[68.63487,23.33208],[68.63458,23.33208],[68.63458,23.33264],[68.63431,23.33264],[68.63431,23.33292],[68.63403,23.33292],[68.63403,23.33347],[68.63431,23.33347],[68.63431,23.33403],[68.63403,23.33403],[68.63403,23.33431],[68.63375,23.33431],[68.63375,23.33459],[68.63347,23.33459],[68.63347,23.33486],[68.63207,23.33486],[68.63207,23.33514],[68.63096,23.33514],[68.63096,23.33542],[68.62791,23.33542],[68.62791,23.3357],[68.62653,23.3357],[68.62653,23.33597],[68.62597,23.33596],[68.62597,23.33625],[68.62569,23.33625],[68.62569,23.33681],[68.62542,23.33681],[68.62542,23.33764],[68.62514,23.33764],[68.62514,23.33847],[68.62486,23.33847],[68.62486,23.33903],[68.62458,23.33903],[68.62458,23.33958],[68.62486,23.33958],[68.62486,23.33986],[68.62514,23.33986],[68.62514,23.34042],[68.62542,23.34042],[68.62542,23.34125],[68.62569,23.34125],[68.62569,23.34209],[68.62542,23.34209],[68.62542,23.34264],[68.62569,23.34264],[68.62569,23.3432],[68.62597,23.3432],[68.62597,23.34347],[68.62653,23.34347],[68.62653,23.34375],[68.62681,23.34375],[68.62681,23.34458],[68.62569,23.34458],[68.62569,23.34625],[68.62681,23.34625],[68.62681,23.34653],[68.62708,23.34653],[68.62708,23.34681],[68.62736,23.34681],[68.62736,23.34653],[68.62764,23.34653],[68.62764,23.34597],[68.62736,23.34597],[68.62736,23.34486],[68.62764,23.34486],[68.62764,23.34431],[68.6293,23.34431],[68.6293,23.34375],[68.62959,23.34375],[68.62959,23.34347],[68.62876,23.34347],[68.62876,23.34292],[68.62903,23.34292],[68.62903,23.34264],[68.63014,23.34264],[68.63014,23.34236],[68.63181,23.34236],[68.63181,23.34181],[68.63153,23.34181],[68.63153,23.34153],[68.63125,23.34153],[68.63125,23.34125],[68.63096,23.34125],[68.63096,23.34097],[68.6332,23.34097],[68.6332,23.34041],[68.63347,23.34042],[68.63347,23.33958],[68.63375,23.33958],[68.63375,23.33931],[68.63486,23.33931],[68.63486,23.33986],[68.63458,23.33986],[68.63458,23.34014],[68.63431,23.34014],[68.63431,23.34069],[68.63403,23.34069],[68.63403,23.34097],[68.63486,23.34097],[68.63486,23.34125],[68.63541,23.34125],[68.63541,23.34209],[68.6357,23.34209],[68.6357,23.34292],[68.63653,23.34292],[68.63653,23.3432],[68.6368,23.3432],[68.6368,23.34375],[68.63709,23.34375],[68.63709,23.34486],[68.6368,23.34486],[68.6368,23.34542],[68.63709,23.34542],[68.63709,23.34625],[68.6368,23.34625],[68.6368,23.34681],[68.63458,23.34681],[68.63458,23.34709],[68.63431,23.34708],[68.63431,23.34736],[68.63404,23.34736],[68.63404,23.34792],[68.63375,23.34792],[68.63375,23.34958],[68.63347,23.34958],[68.63347,23.35014],[68.6332,23.35014],[68.6332,23.35208],[68.63236,23.35208],[68.63236,23.35237],[68.62959,23.35237],[68.62959,23.35208],[68.6293,23.35208],[68.6293,23.3518],[68.62847,23.3518],[68.62847,23.35125],[68.62791,23.35125],[68.62791,23.35153],[68.62736,23.35153],[68.62736,23.3518],[68.62681,23.3518],[68.62681,23.35292],[68.62653,23.35292],[68.62653,23.35375],[68.62626,23.35375],[68.62626,23.35403],[68.62542,23.35403],[68.62542,23.35347],[68.62514,23.35347],[68.62514,23.35375],[68.62458,23.35375],[68.62458,23.3532],[68.62431,23.3532],[68.62431,23.35264],[68.62347,23.35264],[68.62347,23.35125],[68.62375,23.35125],[68.62375,23.35096],[68.62403,23.35097],[68.62403,23.35069],[68.62375,23.35069],[68.62375,23.35014],[68.62347,23.35014],[68.62347,23.35042],[68.62292,23.35042],[68.62292,23.35069],[68.62264,23.35069],[68.62264,23.35125],[68.62236,23.35125],[68.62236,23.35292],[68.62264,23.35292],[68.62264,23.35375],[68.62292,23.35375],[68.62292,23.35403],[68.6221,23.35403],[68.6221,23.35375],[68.62153,23.35375],[68.62153,23.35542],[68.62209,23.35542],[68.62209,23.3557],[68.62236,23.35569],[68.62236,23.35709],[68.62209,23.35708],[68.6221,23.35736],[68.62181,23.35736],[68.62181,23.35764],[68.62153,23.35764],[68.62153,23.35792],[68.62125,23.35792],[68.62125,23.35819],[68.6207,23.35819],[68.6207,23.35792],[68.62041,23.35792],[68.62041,23.35764],[68.61986,23.35764],[68.61986,23.35736],[68.61707,23.35736],[68.61707,23.35764],[68.61653,23.35764],[68.61653,23.35792],[68.61598,23.35792],[68.61598,23.35819],[68.61569,23.35819],[68.61569,23.35847],[68.61513,23.35847],[68.61514,23.35875],[68.61486,23.35875],[68.61486,23.35903],[68.61459,23.35903],[68.61459,23.35958],[68.6143,23.35958],[68.6143,23.36042],[68.61459,23.36042],[68.61459,23.3607],[68.61486,23.3607],[68.61486,23.36097],[68.61513,23.36097],[68.61514,23.36125],[68.61486,23.36125],[68.61486,23.36209],[68.61459,23.36209],[68.61459,23.36236],[68.61431,23.36236],[68.61431,23.36181],[68.61403,23.36181],[68.61403,23.36153],[68.6132,23.36153],[68.6132,23.36181],[68.61291,23.36181],[68.61291,23.36458],[68.6132,23.36458],[68.6132,23.36514],[68.6143,23.36514],[68.6143,23.36542],[68.61513,23.36542],[68.61513,23.36569],[68.61625,23.36569],[68.61625,23.36542],[68.61653,23.36542],[68.61653,23.36514],[68.6168,23.36514],[68.6168,23.36486],[68.61736,23.36486],[68.61736,23.36458],[68.6182,23.36458],[68.6182,23.36431],[68.61931,23.36431],[68.61931,23.36458],[68.61959,23.36458],[68.61959,23.36542],[68.61903,23.36542],[68.61903,23.36569],[68.61875,23.36569],[68.61875,23.36598],[68.61819,23.36597],[68.61819,23.36626],[68.61707,23.36626],[68.61707,23.36653],[68.61653,23.36653],[68.61653,23.36681],[68.61569,23.3668],[68.61569,23.36709],[68.61291,23.36709],[68.61292,23.36736],[68.61264,23.36736],[68.61264,23.36764],[68.61208,23.36764],[68.61208,23.36792],[68.61181,23.36791],[68.61181,23.36819],[68.61153,23.36819],[68.61153,23.36875],[68.61125,23.36875],[68.61125,23.36931],[68.61097,23.36931],[68.61097,23.36986],[68.61069,23.36986],[68.61069,23.37042],[68.60902,23.37042],[68.60902,23.3707],[68.60875,23.3707],[68.60875,23.37375],[68.60819,23.37375],[68.60819,23.37403],[68.60792,23.37403],[68.60792,23.37431],[68.60764,23.37431],[68.60764,23.37459],[68.60709,23.37458],[68.60709,23.37486],[68.6057,23.37486],[68.6057,23.37514],[68.60542,23.37513],[68.60542,23.37542],[68.60514,23.37542],[68.60514,23.3757],[68.60542,23.37569],[68.60542,23.37625],[68.60625,23.37625],[68.60625,23.37653],[68.60653,23.37653],[68.60653,23.37681],[68.60431,23.37681],[68.60431,23.37708],[68.6032,23.37708],[68.6032,23.3782],[68.60375,23.37819],[68.60375,23.37847],[68.60431,23.37847],[68.60431,23.37875],[68.60459,23.37875],[68.60459,23.3793],[68.60486,23.3793],[68.60486,23.37987],[68.6057,23.37986],[68.6057,23.38042],[68.60597,23.38042],[68.60597,23.38098],[68.60513,23.38097],[68.60513,23.38126],[68.60457,23.38126],[68.60457,23.38153],[68.60403,23.38153],[68.60403,23.38181],[68.60347,23.3818],[68.60347,23.38209],[68.6032,23.38209],[68.6032,23.38236],[68.60264,23.38236],[68.60264,23.38264],[68.60237,23.38264],[68.60237,23.3832],[68.60208,23.3832],[68.60208,23.38347],[68.60152,23.38347],[68.60152,23.38375],[68.60069,23.38375],[68.60069,23.38403],[68.60042,23.38403],[68.60042,23.38431],[68.60014,23.38431],[68.60014,23.38458],[68.5993,23.38458],[68.5993,23.38431],[68.59903,23.38431],[68.59903,23.38403],[68.59875,23.38403],[68.59875,23.38375],[68.59847,23.38375],[68.59847,23.38347],[68.59792,23.38347],[68.59792,23.3832],[68.59736,23.3832],[68.59736,23.38292],[68.59708,23.38292],[68.59708,23.38264],[68.5968,23.38264],[68.5968,23.38236],[68.59625,23.38236],[68.59625,23.38208],[68.59597,23.38209],[68.59597,23.38153],[68.59625,23.38153],[68.59625,23.37903],[68.59653,23.37903],[68.59653,23.37847],[68.5968,23.37847],[68.5968,23.37819],[68.59903,23.3782],[68.59903,23.37764],[68.59959,23.37764],[68.59959,23.37736],[68.60014,23.37736],[68.60014,23.37681],[68.59986,23.37681],[68.59986,23.37625],[68.59959,23.37625],[68.59959,23.37347],[68.59986,23.37347],[68.59986,23.37292],[68.60014,23.37292],[68.60014,23.37264],[68.60042,23.37264],[68.60042,23.37236],[68.60098,23.37236],[68.60097,23.37208],[68.60125,23.37208],[68.60125,23.37181],[68.60152,23.37181],[68.60152,23.37125],[68.60181,23.37125],[68.60181,23.37097],[68.60208,23.37097],[68.60208,23.3707],[68.60235,23.3707],[68.60235,23.37042],[68.60291,23.37042],[68.60291,23.36986],[68.6032,23.36986],[68.6032,23.36903],[68.60291,23.36903],[68.60291,23.36792],[68.60264,23.36792],[68.60264,23.36708],[68.60291,23.36709],[68.60291,23.3668],[68.6032,23.36681],[68.6032,23.36626],[68.60347,23.36626],[68.60347,23.36569],[68.60375,23.36569],[68.60375,23.36542],[68.60403,23.36542],[68.60403,23.36514],[68.60457,23.36514],[68.60457,23.36486],[68.60486,23.36486],[68.60486,23.36431],[68.60513,23.36431],[68.60513,23.36403],[68.60542,23.36403],[68.60542,23.36347],[68.6057,23.36347],[68.6057,23.36292],[68.60542,23.36292],[68.60542,23.36236],[68.60403,23.36236],[68.60403,23.36209],[68.60347,23.36209],[68.60347,23.36181],[68.60235,23.36181],[68.60235,23.36153],[68.60264,23.36153],[68.60264,23.36125],[68.60291,23.36125],[68.60291,23.36097],[68.6032,23.36097],[68.6032,23.36042],[68.60347,23.36042],[68.60347,23.35986],[68.6032,23.35986],[68.6032,23.35931],[68.60237,23.35931],[68.60237,23.35958],[68.60208,23.35958],[68.60208,23.36014],[68.60098,23.36013],[68.60098,23.36042],[68.60069,23.36042],[68.60069,23.3607],[68.60042,23.3607],[68.60042,23.36097],[68.60014,23.36097],[68.60014,23.36153],[68.59986,23.36153],[68.59986,23.36236],[68.60042,23.36236],[68.60042,23.36264],[68.60069,23.36264],[68.60069,23.3632],[68.60097,23.3632],[68.60097,23.36347],[68.60069,23.36347],[68.60069,23.36375],[68.60042,23.36375],[68.60042,23.36403],[68.60014,23.36403],[68.60014,23.36598],[68.59986,23.36597],[68.59986,23.36653],[68.59959,23.36653],[68.59959,23.36709],[68.5993,23.36708],[68.5993,23.36764],[68.59903,23.36764],[68.59903,23.36819],[68.59875,23.36819],[68.59875,23.36875],[68.59847,23.36875],[68.59847,23.36903],[68.5982,23.36903],[68.5982,23.36959],[68.59792,23.36959],[68.59792,23.36986],[68.59764,23.36986],[68.59764,23.37014],[68.59653,23.37014],[68.59653,23.37042],[68.59597,23.37042],[68.59597,23.3707],[68.5957,23.3707],[68.5957,23.37097],[68.59542,23.37097],[68.59542,23.37125],[68.59514,23.37125],[68.59514,23.37153],[68.59486,23.37153],[68.59486,23.37181],[68.59458,23.37181],[68.59458,23.37236],[68.59431,23.37236],[68.59431,23.37319],[68.59402,23.37319],[68.59402,23.37375],[68.59375,23.37375],[68.59375,23.37431],[68.59348,23.37431],[68.59348,23.37459],[68.59292,23.37459],[68.59292,23.37431],[68.59153,23.37431],[68.59153,23.37459],[68.59125,23.37458],[68.59125,23.37486],[68.5907,23.37486],[68.5907,23.37514],[68.59042,23.37513],[68.59042,23.37542],[68.59014,23.37542],[68.59014,23.3757],[68.58986,23.37569],[68.58986,23.37653],[68.58959,23.37653],[68.58959,23.37736],[68.5893,23.37736],[68.5893,23.37764],[68.58903,23.37764],[68.58903,23.37792],[68.58875,23.37792],[68.58875,23.3782],[68.58847,23.37819],[68.58847,23.37987],[68.58764,23.37986],[68.58764,23.38042],[68.58791,23.38042],[68.58791,23.3807],[68.58764,23.3807],[68.58764,23.38098],[68.58709,23.38097],[68.58709,23.38126],[68.58653,23.38126],[68.58653,23.38153],[68.58598,23.38153],[68.58598,23.38236],[68.58625,23.38236],[68.58625,23.38264],[68.58569,23.38264],[68.58569,23.38292],[68.58431,23.38292],[68.58431,23.3832],[68.58375,23.38319],[68.58375,23.38375],[68.58403,23.38375],[68.58403,23.38486],[68.58375,23.38486],[68.58375,23.38569],[68.58348,23.38569],[68.58348,23.38625],[68.58459,23.38625],[68.58459,23.38681],[68.58403,23.38681],[68.58403,23.38708],[68.58292,23.38708],[68.58292,23.38736],[68.58236,23.38736],[68.58236,23.38764],[68.5818,23.38764],[68.5818,23.3882],[68.58153,23.3882],[68.58153,23.38903],[68.58125,23.38903],[68.58125,23.38959],[68.58097,23.38959],[68.58097,23.38986],[68.58014,23.38986],[68.58014,23.38959],[68.57987,23.38959],[68.57987,23.38931],[68.57958,23.38931],[68.57958,23.38903],[68.57931,23.38903],[68.57931,23.38875],[68.57875,23.38875],[68.57875,23.38847],[68.57848,23.38847],[68.57848,23.38708],[68.57875,23.38708],[68.57875,23.38653],[68.57848,23.38653],[68.57848,23.38597],[68.57792,23.38597],[68.57792,23.38625],[68.57764,23.38625],[68.57764,23.38653],[68.57708,23.38653],[68.57708,23.38681],[68.57681,23.38681],[68.57681,23.38708],[68.57625,23.38708],[68.57625,23.38736],[68.57597,23.38736],[68.57597,23.38764],[68.57515,23.38764],[68.57515,23.38792],[68.57403,23.38792],[68.57403,23.3882],[68.57376,23.3882],[68.57376,23.38931],[68.57403,23.38931],[68.57403,23.38959],[68.5743,23.38958],[68.5743,23.39014],[68.57291,23.39014],[68.57291,23.39042],[68.57264,23.39042],[68.57264,23.39125],[68.57291,23.39125],[68.57291,23.39181],[68.57181,23.39181],[68.57181,23.39153],[68.57153,23.39153],[68.57153,23.39125],[68.57097,23.39125],[68.57097,23.39097],[68.57042,23.39097],[68.57042,23.3907],[68.57014,23.3907],[68.57014,23.39014],[68.56986,23.39014],[68.56986,23.38958],[68.56958,23.38959],[68.56958,23.3882],[68.56931,23.3882],[68.56931,23.38847],[68.56903,23.38847],[68.56903,23.3882],[68.56819,23.3882],[68.56819,23.38792],[68.56875,23.38792],[68.56875,23.38736],[68.56931,23.38736],[68.56931,23.38708],[68.56958,23.38708],[68.56958,23.38681],[68.56986,23.3868],[68.56986,23.38653],[68.57014,23.38653],[68.57014,23.38625],[68.57042,23.38625],[68.57042,23.38597],[68.57069,23.38597],[68.57069,23.38569],[68.57097,23.38569],[68.57097,23.38542],[68.57125,23.38542],[68.57125,23.38458],[68.57153,23.38458],[68.57153,23.38431],[68.57181,23.38431],[68.57181,23.38375],[68.57208,23.38375],[68.57208,23.38347],[68.57237,23.38347],[68.57237,23.38292],[68.5732,23.38292],[68.5732,23.38403],[68.57291,23.38403],[68.57291,23.38458],[68.57264,23.38458],[68.57264,23.38486],[68.57208,23.38486],[68.57208,23.38542],[68.57181,23.38542],[68.57181,23.38625],[68.57153,23.38625],[68.57153,23.38653],[68.57125,23.38653],[68.57125,23.3868],[68.57208,23.3868],[68.57208,23.38653],[68.57236,23.38653],[68.57236,23.38625],[68.5732,23.38625],[68.5732,23.38653],[68.57376,23.38653],[68.57376,23.38569],[68.57403,23.38569],[68.57403,23.38514],[68.5743,23.38514],[68.5743,23.38486],[68.57459,23.38486],[68.57458,23.38458],[68.57486,23.38458],[68.57486,23.38431],[68.57542,23.38431],[68.57542,23.38403],[68.57569,23.38403],[68.57569,23.38375],[68.57597,23.38375],[68.57597,23.38347],[68.57681,23.38347],[68.57681,23.3832],[68.57736,23.3832],[68.57736,23.38264],[68.57764,23.38264],[68.57764,23.38236],[68.57792,23.38236],[68.57792,23.38208],[68.5782,23.38209],[68.5782,23.3818],[68.57848,23.38181],[68.57848,23.38153],[68.57875,23.38153],[68.57875,23.38097],[68.57903,23.38098],[68.57903,23.37987],[68.57931,23.37987],[68.57931,23.37958],[68.57958,23.37958],[68.57958,23.37903],[68.58014,23.37903],[68.58014,23.37792],[68.57986,23.37792],[68.57986,23.37736],[68.57958,23.37736],[68.57958,23.37708],[68.57987,23.37708],[68.57987,23.37653],[68.58041,23.37653],[68.58041,23.37625],[68.57958,23.37625],[68.57958,23.37597],[68.57875,23.37597],[68.57875,23.37625],[68.57236,23.37625],[68.57236,23.37597],[68.57208,23.37597],[68.57208,23.3757],[68.57181,23.3757],[68.57181,23.37542],[68.57097,23.37542],[68.57097,23.37513],[68.57069,23.37513],[68.57069,23.37542],[68.57042,23.37542],[68.57042,23.3757],[68.57014,23.37569],[68.57014,23.37653],[68.57042,23.37653],[68.57042,23.37681],[68.57014,23.37681],[68.57014,23.37708],[68.56986,23.37708],[68.56986,23.37736],[68.56958,23.37736],[68.56958,23.37764],[68.56875,23.37764],[68.56875,23.37792],[68.56819,23.37792],[68.56819,23.3782],[68.56764,23.37819],[68.56764,23.37847],[68.56736,23.37847],[68.56736,23.3793],[68.56709,23.3793],[68.56709,23.37987],[68.5668,23.37986],[68.5668,23.38014],[68.56736,23.38014],[68.56736,23.38042],[68.56819,23.38042],[68.56819,23.38126],[68.56764,23.38126],[68.56764,23.38153],[68.56541,23.38153],[68.56541,23.38181],[68.56375,23.3818],[68.56375,23.38209],[68.56347,23.38208],[68.56347,23.38236],[68.56319,23.38236],[68.56319,23.38264],[68.56292,23.38264],[68.56292,23.38292],[68.56264,23.38292],[68.56264,23.3832],[68.56236,23.38319],[68.56236,23.38375],[68.56208,23.38375],[68.56208,23.38458],[68.56181,23.38458],[68.56181,23.38569],[68.56153,23.38569],[68.56153,23.38625],[68.5596,23.38625],[68.5596,23.38653],[68.55903,23.38653],[68.55903,23.38681],[68.55875,23.38681],[68.55875,23.38708],[68.55847,23.38707],[68.55847,23.38764],[68.5582,23.38764],[68.5582,23.3882],[68.55791,23.3882],[68.55791,23.38875],[68.55764,23.38875],[68.55764,23.38903],[68.55736,23.38903],[68.55736,23.38959],[68.55708,23.38958],[68.55708,23.39264],[68.55736,23.39264],[68.55736,23.39375],[68.55764,23.39375],[68.55764,23.39431],[68.55791,23.39431],[68.55791,23.39514],[68.5582,23.39514],[68.5582,23.3957],[68.55959,23.3957],[68.55959,23.39486],[68.55986,23.39486],[68.55986,23.39431],[68.56014,23.39431],[68.56014,23.39375],[68.56042,23.39375],[68.56042,23.3932],[68.56069,23.3932],[68.56069,23.39292],[68.56097,23.39292],[68.56097,23.39236],[68.56125,23.39236],[68.56125,23.39181],[68.56153,23.39181],[68.56153,23.39125],[68.56182,23.39125],[68.56181,23.39097],[68.56292,23.39097],[68.56292,23.39153],[68.56264,23.39153],[68.56264,23.39208],[68.56236,23.39208],[68.56236,23.39264],[68.56208,23.39264],[68.56208,23.3932],[68.56182,23.3932],[68.56182,23.39375],[68.56153,23.39375],[68.56153,23.39431],[68.56125,23.39431],[68.56125,23.39486],[68.56182,23.39486],[68.56181,23.39459],[68.56264,23.39459],[68.56264,23.39431],[68.56319,23.39431],[68.56319,23.39375],[68.56375,23.39375],[68.56375,23.39681],[68.56403,23.39681],[68.56403,23.39847],[68.56431,23.39847],[68.56431,23.40014],[68.56458,23.40014],[68.56458,23.40153],[68.56431,23.40153],[68.56431,23.40181],[68.56403,23.40181],[68.56403,23.40236],[68.56375,23.40236],[68.56375,23.40292],[68.56347,23.40292],[68.56347,23.40347],[68.56319,23.40347],[68.56319,23.40403],[68.56292,23.40403],[68.56292,23.40458],[68.56264,23.40458],[68.56264,23.40681],[68.56236,23.40681],[68.56236,23.41125],[68.56208,23.41124],[68.56208,23.41375],[68.56181,23.41375],[68.56181,23.41458],[68.56153,23.41458],[68.56153,23.4157],[68.56125,23.4157],[68.56125,23.41653],[68.56097,23.41653],[68.56097,23.41764],[68.56069,23.41764],[68.56069,23.41875],[68.56042,23.41875],[68.56042,23.41931],[68.56014,23.41931],[68.56014,23.41958],[68.55959,23.41958],[68.5596,23.41986],[68.5593,23.41986],[68.5593,23.42014],[68.55875,23.42014],[68.55875,23.42043],[68.55653,23.42043],[68.55653,23.42014],[68.55514,23.42014],[68.55514,23.41958],[68.55542,23.41958],[68.55542,23.41903],[68.55569,23.41903],[68.55569,23.41819],[68.55542,23.4182],[68.55542,23.41764],[68.55514,23.41764],[68.55514,23.41708],[68.55486,23.41709],[68.55486,23.41681],[68.55458,23.41681],[68.55458,23.41653],[68.55402,23.41653],[68.55402,23.41625],[68.55319,23.41625],[68.55319,23.41542],[68.55264,23.41542],[68.55264,23.41514],[68.55209,23.41514],[68.55209,23.41542],[68.551,23.41542],[68.55098,23.4157],[68.55042,23.4157],[68.55042,23.41597],[68.54847,23.41597],[68.54847,23.41625],[68.54792,23.41625],[68.54792,23.41653],[68.54737,23.41653],[68.54737,23.41681],[68.54708,23.41681],[68.54708,23.41737],[68.54652,23.41737],[68.54652,23.41764],[68.54597,23.41764],[68.54597,23.41792],[68.54569,23.41792],[68.54569,23.41931],[68.54542,23.41931],[68.54542,23.41958],[68.54486,23.41958],[68.54486,23.42014],[68.54403,23.42014],[68.54403,23.42043],[68.54375,23.42042],[68.54375,23.42069],[68.54431,23.42069],[68.54431,23.42042],[68.54486,23.42042],[68.54486,23.42098],[68.54514,23.42098],[68.54514,23.42125],[68.54542,23.42125],[68.54542,23.42097],[68.54569,23.42098],[68.54569,23.42069],[68.54598,23.42069],[68.54598,23.42042],[68.54652,23.42043],[68.54652,23.42014],[68.54708,23.42014],[68.54708,23.41986],[68.54792,23.41986],[68.54792,23.42014],[68.5482,23.42014],[68.5482,23.42069],[68.54847,23.42069],[68.54847,23.42153],[68.54875,23.42153],[68.54875,23.42125],[68.54959,23.42125],[68.54959,23.42236],[68.55042,23.42236],[68.55042,23.42292],[68.55014,23.42292],[68.55014,23.4232],[68.54875,23.4232],[68.54875,23.42347],[68.54847,23.42347],[68.54847,23.42375],[68.54764,23.42375],[68.54764,23.42347],[68.54708,23.42347],[68.54708,23.42209],[68.54681,23.42209],[68.54681,23.42181],[68.54625,23.42181],[68.54625,23.42209],[68.54569,23.42209],[68.54569,23.42236],[68.54375,23.42236],[68.54375,23.42292],[68.54347,23.42292],[68.54347,23.42347],[68.54264,23.42347],[68.54264,23.4232],[68.54209,23.4232],[68.54209,23.42292],[68.54181,23.42292],[68.54181,23.42264],[68.54097,23.42264],[68.54097,23.42236],[68.54041,23.42236],[68.54041,23.42209],[68.53958,23.42209],[68.53958,23.42181],[68.53764,23.42181],[68.53764,23.42153],[68.5368,23.42153],[68.5368,23.42125],[68.5357,23.42125],[68.5357,23.42153],[68.53597,23.42153],[68.53597,23.42209],[68.53625,23.42209],[68.53625,23.42347],[68.53431,23.42347],[68.5343,23.42375],[68.53403,23.42375],[68.53403,23.42514],[68.53458,23.42514],[68.53458,23.42542],[68.53486,23.42542],[68.53486,23.42847],[68.53458,23.42847],[68.53458,23.42875],[68.53431,23.42875],[68.5343,23.43042],[68.53403,23.43042],[68.53403,23.4307],[68.53375,23.4307],[68.53375,23.43097],[68.53347,23.43097],[68.53347,23.43125],[68.5332,23.43125],[68.5332,23.43181],[68.53291,23.4318],[68.53291,23.43237],[68.53264,23.43236],[68.53264,23.43347],[68.5332,23.43347],[68.5332,23.43292],[68.53347,23.43292],[68.53347,23.43208],[68.53375,23.43208],[68.53375,23.43153],[68.53403,23.43153],[68.53403,23.43097],[68.5343,23.43097],[68.5343,23.4307],[68.53459,23.4307],[68.53459,23.43042],[68.53486,23.43042],[68.53486,23.43014],[68.53514,23.43014],[68.53514,23.42986],[68.53543,23.42986],[68.53542,23.42958],[68.5357,23.42958],[68.5357,23.42931],[68.53598,23.42931],[68.53598,23.42903],[68.53625,23.42903],[68.53625,23.42764],[68.53736,23.42764],[68.53736,23.42736],[68.53709,23.42736],[68.53709,23.42681],[68.5368,23.42681],[68.5368,23.42653],[68.53709,23.42653],[68.53709,23.42542],[68.53736,23.42542],[68.53736,23.42486],[68.53764,23.42486],[68.53764,23.42459],[68.53792,23.42459],[68.53792,23.42431],[68.53931,23.42431],[68.53931,23.42459],[68.5407,23.42458],[68.5407,23.42514],[68.54097,23.42514],[68.54097,23.42569],[68.5407,23.4257],[68.5407,23.42597],[68.54041,23.42597],[68.54041,23.42625],[68.54014,23.42624],[68.54014,23.42681],[68.53987,23.42681],[68.53987,23.42708],[68.53958,23.42708],[68.53958,23.42736],[68.53931,23.42736],[68.53931,23.42764],[68.53902,23.42764],[68.53902,23.42792],[68.53875,23.42792],[68.53875,23.42819],[68.53848,23.42819],[68.53848,23.42875],[68.53819,23.42875],[68.53819,23.42903],[68.53792,23.42903],[68.53792,23.42931],[68.53764,23.42931],[68.53764,23.42958],[68.53736,23.42958],[68.53736,23.42986],[68.53709,23.42986],[68.53709,23.43014],[68.5368,23.43014],[68.5368,23.43042],[68.53653,23.43042],[68.53653,23.4307],[68.53625,23.4307],[68.53625,23.43097],[68.5357,23.43097],[68.5357,23.43125],[68.53542,23.43125],[68.53542,23.43181],[68.53514,23.4318],[68.53514,23.43264],[68.53486,23.43264],[68.53486,23.4332],[68.53458,23.4332],[68.53458,23.43375],[68.53514,23.43375],[68.53514,23.43486],[68.53486,23.43486],[68.53486,23.43542],[68.53459,23.43542],[68.53459,23.4357],[68.53431,23.43569],[68.5343,23.43625],[68.53403,23.43625],[68.53403,23.43653],[68.53375,23.43653],[68.53375,23.43709],[68.53347,23.43708],[68.53347,23.43764],[68.5332,23.43764],[68.5332,23.4382],[68.53291,23.4382],[68.53291,23.43847],[68.53264,23.43847],[68.53264,23.43903],[68.53237,23.43903],[68.53237,23.43958],[68.53208,23.43958],[68.53208,23.44097],[68.53181,23.44097],[68.53181,23.44236],[68.53152,23.44236],[68.53152,23.44292],[68.53125,23.44292],[68.53125,23.4432],[68.53098,23.4432],[68.53098,23.44347],[68.53069,23.44347],[68.53069,23.44403],[68.53042,23.44403],[68.53042,23.44486],[68.53014,23.44486],[68.53014,23.44597],[68.52985,23.44597],[68.52985,23.44681],[68.53069,23.44681],[68.53069,23.44708],[68.53098,23.44708],[68.53098,23.44736],[68.53125,23.44735],[68.53125,23.44792],[68.53098,23.44792],[68.53098,23.44819],[68.53042,23.44819],[68.53042,23.44848],[68.52959,23.44847],[68.52959,23.44875],[68.5293,23.44875],[68.5293,23.44931],[68.52903,23.44931],[68.52903,23.44986],[68.52875,23.44986],[68.52875,23.45014],[68.52847,23.45014],[68.52847,23.45042],[68.5282,23.45041],[68.5282,23.4507],[68.52792,23.4507],[68.52792,23.45097],[68.52764,23.45097],[68.52764,23.45125],[68.52736,23.45125],[68.52736,23.45153],[68.52708,23.45153],[68.52708,23.45181],[68.5268,23.45181],[68.5268,23.45209],[68.52653,23.45209],[68.52653,23.45236],[68.52625,23.45236],[68.52625,23.45292],[68.52597,23.45292],[68.52597,23.45431],[68.5257,23.45431],[68.5257,23.45542],[68.52542,23.45542],[68.52542,23.45569],[68.52514,23.45569],[68.52514,23.45597],[68.52485,23.45597],[68.52485,23.45625],[68.52458,23.45625],[68.52458,23.45654],[68.52431,23.45654],[68.52431,23.45681],[68.52403,23.45681],[68.52403,23.45708],[68.52375,23.45708],[68.52375,23.45736],[68.52348,23.45736],[68.52349,23.45764],[68.5232,23.45764],[68.5232,23.4582],[68.52292,23.4582],[68.52292,23.45847],[68.52264,23.45847],[68.52264,23.45875],[68.52236,23.45875],[68.52236,23.45958],[68.52209,23.45958],[68.52209,23.46014],[68.5218,23.46014],[68.5218,23.4607],[68.52153,23.4607],[68.52153,23.46125],[68.52125,23.46125],[68.52125,23.46181],[68.52098,23.46181],[68.52098,23.46264],[68.5218,23.46264],[68.5218,23.46375],[68.52153,23.46375],[68.52153,23.46403],[68.52125,23.46403],[68.52125,23.46458],[68.52098,23.46458],[68.52098,23.46542],[68.52125,23.46542],[68.52125,23.46625],[68.52153,23.46625],[68.52153,23.46681],[68.52181,23.46681],[68.52181,23.46736],[68.52068,23.46736],[68.52068,23.46764],[68.51958,23.46764],[68.51958,23.4682],[68.5193,23.4682],[68.5193,23.46903],[68.51903,23.46903],[68.51903,23.47042],[68.5193,23.47042],[68.5193,23.47097],[68.51903,23.47097],[68.51903,23.47125],[68.51792,23.47125],[68.51792,23.47153],[68.51764,23.47152],[68.51764,23.47236],[68.51736,23.47236],[68.51736,23.47292],[68.51708,23.47292],[68.51708,23.47347],[68.51681,23.47347],[68.51681,23.47403],[68.51653,23.47403],[68.51653,23.47458],[68.51625,23.47458],[68.51625,23.47514],[68.51598,23.47514],[68.51598,23.47542],[68.51487,23.47542],[68.51487,23.47514],[68.51458,23.47514],[68.51458,23.47486],[68.51431,23.47486],[68.51431,23.47458],[68.51403,23.47458],[68.51403,23.47375],[68.51458,23.47375],[68.51458,23.47403],[68.51569,23.47403],[68.51569,23.47347],[68.51598,23.47347],[68.51598,23.47292],[68.51625,23.47292],[68.51625,23.47236],[68.51598,23.47236],[68.51598,23.47125],[68.51569,23.47125],[68.51569,23.47014],[68.51542,23.47014],[68.51542,23.46848],[68.51458,23.46848],[68.51458,23.46875],[68.51431,23.46875],[68.51431,23.46931],[68.51403,23.46931],[68.51403,23.46986],[68.51375,23.46986],[68.51375,23.47042],[68.51348,23.47042],[68.51348,23.47097],[68.51319,23.47097],[68.51319,23.47125],[68.51292,23.47125],[68.51292,23.47181],[68.51236,23.47181],[68.51236,23.47125],[68.51209,23.47125],[68.51209,23.47014],[68.51236,23.47014],[68.51236,23.46792],[68.51264,23.46792],[68.51264,23.46736],[68.51319,23.46736],[68.51319,23.46708],[68.51403,23.46708],[68.51403,23.46681],[68.51569,23.46681],[68.51569,23.46764],[68.51598,23.46764],[68.51598,23.4682],[68.51736,23.4682],[68.51736,23.46653],[68.51708,23.46653],[68.51708,23.46625],[68.51736,23.46625],[68.51736,23.46486],[68.51764,23.46486],[68.51764,23.46347],[68.51792,23.46347],[68.51792,23.46292],[68.5182,23.46292],[68.5182,23.46235],[68.51847,23.46236],[68.51847,23.46209],[68.51875,23.46209],[68.51875,23.46153],[68.51903,23.46153],[68.51903,23.46125],[68.5193,23.46125],[68.5193,23.4607],[68.51958,23.4607],[68.51958,23.45929],[68.51903,23.45931],[68.51903,23.45958],[68.51875,23.45958],[68.51875,23.46014],[68.51847,23.46014],[68.51847,23.4607],[68.5182,23.4607],[68.5182,23.46125],[68.51791,23.46125],[68.51791,23.46181],[68.51764,23.46181],[68.51764,23.46209],[68.51736,23.46208],[68.51736,23.46292],[68.51708,23.46292],[68.51708,23.46375],[68.51653,23.46375],[68.51653,23.46347],[68.51625,23.46347],[68.51625,23.46236],[68.51598,23.46236],[68.51598,23.46181],[68.51625,23.46181],[68.51625,23.46125],[68.51653,23.46125],[68.51653,23.46014],[68.51681,23.46014],[68.51681,23.45847],[68.51708,23.45847],[68.51708,23.45764],[68.51736,23.45764],[68.51737,23.45727],[68.51737,23.45708],[68.51764,23.45708],[68.51764,23.45681],[68.51791,23.45681],[68.51791,23.45625],[68.5182,23.45625],[68.5182,23.45597],[68.51847,23.45597],[68.51847,23.45542],[68.51875,23.45542],[68.51875,23.45514],[68.5193,23.45514],[68.5193,23.45486],[68.51958,23.45486],[68.51958,23.45458],[68.52014,23.45458],[68.52014,23.45431],[68.52125,23.45431],[68.52125,23.45486],[68.52153,23.45486],[68.52153,23.45542],[68.52181,23.45542],[68.52181,23.45597],[68.52153,23.45597],[68.52153,23.45654],[68.52125,23.45653],[68.52125,23.45708],[68.52098,23.45708],[68.52098,23.45931],[68.52153,23.45931],[68.52153,23.45847],[68.52181,23.45847],[68.52181,23.4582],[68.52209,23.4582],[68.52209,23.45792],[68.52236,23.45792],[68.52236,23.45736],[68.52264,23.45736],[68.52264,23.45708],[68.52292,23.45708],[68.52292,23.45681],[68.52349,23.45681],[68.52349,23.45625],[68.52375,23.45625],[68.52375,23.45597],[68.52403,23.45597],[68.52403,23.45569],[68.52431,23.45569],[68.52431,23.45542],[68.52485,23.45542],[68.52485,23.45486],[68.52458,23.45486],[68.52458,23.45431],[68.52431,23.45431],[68.52431,23.45375],[68.52403,23.45375],[68.52403,23.45125],[68.52431,23.45125],[68.52431,23.45041],[68.52458,23.45042],[68.52458,23.44958],[68.52487,23.44958],[68.52487,23.44848],[68.52458,23.44848],[68.52458,23.44792],[68.52431,23.44792],[68.52431,23.44764],[68.52403,23.44764],[68.52403,23.44736],[68.52375,23.44736],[68.52375,23.44708],[68.52348,23.44708],[68.52348,23.44681],[68.5232,23.44681],[68.5232,23.44653],[68.52209,23.44653],[68.52209,23.44681],[68.52181,23.44681],[68.52181,23.44708],[68.52153,23.44708],[68.52153,23.44736],[68.52125,23.44735],[68.52125,23.44764],[68.52098,23.44764],[68.52098,23.44819],[68.52069,23.44819],[68.52069,23.44848],[68.52098,23.44847],[68.52098,23.44875],[68.52125,23.44875],[68.52125,23.44903],[68.52153,23.44903],[68.52153,23.4493],[68.52181,23.44931],[68.52181,23.44958],[68.51959,23.44958],[68.51959,23.44986],[68.5193,23.44986],[68.5193,23.45014],[68.51875,23.45014],[68.51875,23.45042],[68.51847,23.45041],[68.51847,23.4507],[68.51875,23.4507],[68.51875,23.45097],[68.51903,23.45097],[68.51903,23.4507],[68.5193,23.4507],[68.5193,23.45041],[68.51986,23.45042],[68.51986,23.45014],[68.52042,23.45014],[68.52042,23.44986],[68.52068,23.44986],[68.52068,23.45014],[68.52098,23.45014],[68.52098,23.4507],[68.52069,23.4507],[68.52069,23.45097],[68.52014,23.45097],[68.52014,23.45209],[68.51986,23.45209],[68.51986,23.45236],[68.51959,23.45236],[68.51959,23.45209],[68.5193,23.45209],[68.5193,23.45181],[68.51847,23.45181],[68.51847,23.45236],[68.51903,23.45236],[68.51903,23.45264],[68.5193,23.45264],[68.5193,23.4532],[68.51903,23.45319],[68.51903,23.45348],[68.51875,23.45348],[68.51875,23.45375],[68.5182,23.45375],[68.5182,23.45403],[68.51791,23.45403],[68.51791,23.45431],[68.51737,23.45431],[68.51737,23.45458],[68.51708,23.45458],[68.51707,23.45486],[68.51681,23.45486],[68.51681,23.45514],[68.51653,23.45514],[68.51653,23.45569],[68.51625,23.45569],[68.51625,23.45625],[68.51598,23.45625],[68.51598,23.45683],[68.51569,23.45681],[68.51569,23.45736],[68.51542,23.45736],[68.51542,23.45792],[68.51458,23.45792],[68.51458,23.45736],[68.51431,23.45736],[68.51431,23.45653],[68.51403,23.45654],[68.51403,23.4564],[68.51403,23.45542],[68.51375,23.45542],[68.51375,23.45431],[68.51347,23.45431],[68.51347,23.45348],[68.51319,23.45348],[68.51319,23.45292],[68.51292,23.45292],[68.51292,23.4532],[68.51264,23.45319],[68.51264,23.45348],[68.51236,23.45348],[68.51236,23.45375],[68.51208,23.45375],[68.51208,23.45403],[68.51181,23.45403],[68.51181,23.45431],[68.51153,23.45431],[68.51153,23.45458],[68.5118,23.45458],[68.5118,23.45486],[68.51208,23.45486],[68.51208,23.45514],[68.51236,23.45514],[68.51236,23.45597],[68.51264,23.45597],[68.51264,23.45636],[68.51264,23.45681],[68.51292,23.45681],[68.51292,23.45708],[68.51319,23.45708],[68.51319,23.45736],[68.51292,23.45736],[68.51292,23.45764],[68.51264,23.45764],[68.51264,23.45736],[68.51236,23.45736],[68.51236,23.45708],[68.51209,23.45708],[68.51209,23.45681],[68.51181,23.45681],[68.51181,23.45667],[68.5118,23.45597],[68.51153,23.45597],[68.51153,23.45542],[68.5107,23.45542],[68.5107,23.45514],[68.51042,23.45514],[68.51042,23.45569],[68.51014,23.45569],[68.51014,23.45681],[68.51042,23.45681],[68.51042,23.45717],[68.51041,23.45736],[68.5107,23.45736],[68.5107,23.4582],[68.51041,23.45819],[68.51041,23.45875],[68.50847,23.45875],[68.50847,23.45931],[68.5082,23.45931],[68.5082,23.45986],[68.50792,23.45986],[68.50792,23.46042],[68.50764,23.46042],[68.50764,23.46097],[68.50708,23.46097],[68.50708,23.46153],[68.50681,23.46153],[68.50681,23.46209],[68.50653,23.46208],[68.50653,23.46264],[68.50625,23.46264],[68.50625,23.4632],[68.50597,23.46319],[68.50597,23.46375],[68.50542,23.46375],[68.50542,23.46403],[68.50486,23.46403],[68.50486,23.46431],[68.5043,23.46431],[68.5043,23.46458],[68.50375,23.46458],[68.50375,23.46486],[68.5032,23.46486],[68.5032,23.46514],[68.50264,23.46514],[68.50264,23.46542],[68.50236,23.46542],[68.50236,23.46625],[68.50264,23.46625],[68.50264,23.46653],[68.50291,23.46653],[68.50291,23.46681],[68.5032,23.46681],[68.5032,23.46708],[68.50347,23.46708],[68.50347,23.46736],[68.50403,23.46736],[68.50403,23.46764],[68.50486,23.46764],[68.50486,23.46736],[68.50514,23.46736],[68.50514,23.46708],[68.50542,23.46708],[68.50542,23.46653],[68.50568,23.46653],[68.50568,23.46625],[68.50597,23.46625],[68.50597,23.46458],[68.50625,23.46458],[68.50625,23.46431],[68.50653,23.46431],[68.50653,23.46375],[68.50681,23.46375],[68.50681,23.46347],[68.50708,23.46347],[68.50708,23.46292],[68.50736,23.46292],[68.50736,23.46264],[68.50847,23.46264],[68.50847,23.46292],[68.50903,23.46292],[68.50903,23.4632],[68.51042,23.4632],[68.51042,23.46347],[68.51153,23.46347],[68.51153,23.46431],[68.5118,23.46431],[68.5118,23.46597],[68.51209,23.46597],[68.51209,23.46708],[68.51153,23.46708],[68.51153,23.46736],[68.51126,23.46736],[68.51126,23.46764],[68.51097,23.46764],[68.51097,23.46792],[68.51041,23.46792],[68.51041,23.4682],[68.51014,23.4682],[68.51014,23.46848],[68.50986,23.46848],[68.50986,23.46875],[68.50958,23.46875],[68.50958,23.46903],[68.50931,23.46903],[68.50931,23.46958],[68.50903,23.46958],[68.50903,23.46986],[68.50986,23.46986],[68.50986,23.47014],[68.51014,23.47014],[68.51014,23.47042],[68.51042,23.47042],[68.51042,23.47069],[68.5107,23.47069],[68.5107,23.47153],[68.51041,23.47152],[68.51041,23.47236],[68.50986,23.47236],[68.50986,23.47264],[68.50958,23.47264],[68.50958,23.47292],[68.51153,23.47292],[68.51153,23.47375],[68.51097,23.47375],[68.51097,23.47403],[68.51041,23.47403],[68.51041,23.47431],[68.50958,23.47431],[68.50958,23.47458],[68.50847,23.47458],[68.50847,23.47431],[68.50792,23.47431],[68.50792,23.47403],[68.50764,23.47403],[68.50764,23.47347],[68.50792,23.47347],[68.50792,23.47292],[68.50764,23.47292],[68.50764,23.47236],[68.50736,23.47236],[68.50736,23.47181],[68.50708,23.47181],[68.50708,23.47152],[68.50459,23.47152],[68.50459,23.47181],[68.50403,23.47181],[68.50403,23.47208],[68.50375,23.47208],[68.50375,23.47236],[68.50347,23.47236],[68.50347,23.47292],[68.50292,23.47292],[68.50292,23.47319],[68.50264,23.47319],[68.50264,23.47347],[68.50208,23.47347],[68.50208,23.47375],[68.50181,23.47375],[68.50181,23.47431],[68.50153,23.47431],[68.50153,23.47458],[68.50125,23.47458],[68.50125,23.47514],[68.50097,23.47514],[68.50097,23.47542],[68.5007,23.47542],[68.5007,23.47597],[68.50042,23.47597],[68.50042,23.47653],[68.50069,23.47653],[68.50069,23.47903],[68.50014,23.47903],[68.50014,23.47959],[68.50042,23.47958],[68.50042,23.48014],[68.5007,23.48014],[68.5007,23.4807],[68.50097,23.48069],[68.50097,23.48181],[68.50069,23.48181],[68.50069,23.48292],[68.50042,23.48292],[68.50042,23.48347],[68.50014,23.48346],[68.50014,23.48431],[68.49987,23.48431],[68.49987,23.48542],[68.50014,23.48542],[68.50014,23.48597],[68.50042,23.48597],[68.50042,23.48625],[68.50069,23.48625],[68.50069,23.48681],[68.50097,23.4868],[68.50097,23.48709],[68.5007,23.48709],[68.5007,23.4882],[68.50097,23.4882],[68.50097,23.48847],[68.50125,23.48847],[68.50125,23.48903],[68.50153,23.48903],[68.50153,23.49014],[68.50181,23.49014],[68.50181,23.4907],[68.50208,23.49069],[68.50208,23.49125],[68.50236,23.49125],[68.50236,23.49181],[68.5032,23.49181],[68.5032,23.49153],[68.50347,23.49153],[68.50347,23.49125],[68.50375,23.49125],[68.50375,23.49069],[68.50403,23.4907],[68.50403,23.49042],[68.5043,23.49042],[68.5043,23.49014],[68.50459,23.49014],[68.50459,23.48986],[68.50486,23.48986],[68.50486,23.48959],[68.50681,23.48959],[68.50681,23.48931],[68.50819,23.48931],[68.50819,23.48903],[68.50986,23.48903],[68.50986,23.48847],[68.51014,23.48847],[68.51014,23.48792],[68.51041,23.48792],[68.51041,23.48736],[68.5107,23.48736],[68.5107,23.48709],[68.51097,23.48709],[68.51097,23.4868],[68.51126,23.48681],[68.51126,23.48625],[68.51153,23.48625],[68.51153,23.48597],[68.5118,23.48597],[68.5118,23.4857],[68.51209,23.4857],[68.51209,23.48542],[68.51264,23.48542],[68.51264,23.48514],[68.51292,23.48514],[68.51292,23.48486],[68.51458,23.48486],[68.51458,23.48514],[68.51542,23.48514],[68.51542,23.48542],[68.51598,23.48542],[68.51598,23.4857],[68.51653,23.4857],[68.51653,23.48597],[68.51708,23.48597],[68.51708,23.48625],[68.51736,23.48625],[68.51736,23.48681],[68.51764,23.4868],[68.51764,23.48736],[68.51791,23.48736],[68.51791,23.48792],[68.5182,23.48792],[68.5182,23.4882],[68.51875,23.4882],[68.51875,23.48847],[68.51903,23.48847],[68.51903,23.48903],[68.51875,23.48903],[68.51875,23.48959],[68.51681,23.48959],[68.51681,23.48931],[68.51625,23.48931],[68.51625,23.48903],[68.51569,23.48903],[68.51569,23.48875],[68.51542,23.48875],[68.51542,23.48847],[68.51486,23.48847],[68.51486,23.4882],[68.51431,23.48819],[68.51431,23.48792],[68.51375,23.48792],[68.51375,23.48764],[68.51292,23.48764],[68.51292,23.48792],[68.51264,23.48792],[68.51264,23.48847],[68.51236,23.48847],[68.51236,23.48903],[68.51264,23.48903],[68.51264,23.48875],[68.51292,23.48875],[68.51292,23.48847],[68.51375,23.48847],[68.51375,23.48903],[68.51347,23.48903],[68.51347,23.48931],[68.51319,23.48931],[68.51319,23.48959],[68.51292,23.48959],[68.51292,23.49125],[68.51319,23.49125],[68.51319,23.49181],[68.51403,23.49181],[68.51403,23.49153],[68.51431,23.49153],[68.51431,23.49125],[68.51487,23.49125],[68.51487,23.49181],[68.51542,23.49181],[68.51542,23.49236],[68.51514,23.49236],[68.51514,23.49265],[68.51458,23.49265],[68.51458,23.49292],[68.51209,23.49292],[68.51209,23.4932],[68.51153,23.4932],[68.51153,23.49347],[68.5107,23.49347],[68.5107,23.49375],[68.50819,23.49375],[68.50819,23.49403],[68.50486,23.49403],[68.50486,23.49375],[68.50264,23.49375],[68.50264,23.49403],[68.50208,23.49403],[68.50208,23.4942],[68.50208,23.49431],[68.50181,23.49431],[68.50181,23.49459],[68.50125,23.49459],[68.50125,23.49431],[68.49986,23.49431],[68.49986,23.49403],[68.49903,23.49403],[68.49903,23.49431],[68.49931,23.49431],[68.49931,23.49486],[68.49958,23.49486],[68.49958,23.49542],[68.49986,23.49542],[68.49986,23.49625],[68.50014,23.49625],[68.50014,23.49653],[68.50042,23.49653],[68.50042,23.49681],[68.50069,23.49681],[68.50069,23.49736],[68.50042,23.49736],[68.50042,23.49792],[68.50125,23.49792],[68.50125,23.49819],[68.50208,23.49819],[68.50208,23.49847],[68.50236,23.49846],[68.50236,23.49875],[68.50291,23.49875],[68.50291,23.49903],[68.50347,23.49903],[68.50347,23.49931],[68.50376,23.49931],[68.50376,23.49958],[68.50403,23.49958],[68.50403,23.50006],[68.50403,23.50042],[68.50376,23.50042],[68.50376,23.50069],[68.50347,23.50069],[68.50347,23.50097],[68.5032,23.50097],[68.5032,23.50125],[68.50291,23.50125],[68.50291,23.50181],[68.50264,23.50181],[68.50264,23.50208],[68.50153,23.50208],[68.50153,23.50292],[68.50181,23.50292],[68.50181,23.50347],[68.50208,23.50347],[68.50208,23.50375],[68.5032,23.50375],[68.5032,23.50347],[68.50514,23.50347],[68.50514,23.50375],[68.50486,23.50375],[68.50486,23.50431],[68.50459,23.50431],[68.50459,23.50486],[68.5043,23.50486],[68.5043,23.50542],[68.50403,23.50542],[68.50403,23.5057],[68.50376,23.5057],[68.50376,23.50597],[68.50153,23.50597],[68.50153,23.50486],[68.50097,23.50486],[68.50097,23.50458],[68.50042,23.50459],[68.50042,23.5043],[68.50014,23.50431],[68.50014,23.50403],[68.49987,23.50403],[68.49987,23.50319],[68.50014,23.5032],[68.50014,23.50264],[68.50069,23.50264],[68.50069,23.50125],[68.50097,23.50125],[68.50097,23.50097],[68.50125,23.50097],[68.50125,23.50069],[68.50208,23.50069],[68.50208,23.50097],[68.50236,23.50097],[68.50236,23.50042],[68.50264,23.50042],[68.50264,23.50014],[68.50236,23.50011],[68.50236,23.49986],[68.50208,23.49986],[68.50208,23.49958],[68.50153,23.49958],[68.50153,23.49931],[68.50097,23.49931],[68.50097,23.49903],[68.50069,23.49903],[68.50069,23.49875],[68.50014,23.49875],[68.50014,23.49846],[68.49875,23.49847],[68.49875,23.49819],[68.49709,23.49819],[68.49709,23.49847],[68.49681,23.49846],[68.49681,23.49875],[68.49652,23.49875],[68.4957,23.49875],[68.4957,23.49903],[68.49541,23.49903],[68.49541,23.49931],[68.49514,23.49931],[68.49514,23.49958],[68.49486,23.49958],[68.49486,23.50014],[68.49459,23.50014],[68.49459,23.50042],[68.49208,23.50042],[68.49208,23.50097],[68.49181,23.50097],[68.49181,23.50264],[68.49208,23.50264],[68.49208,23.5032],[68.49236,23.50319],[68.49236,23.50375],[68.49264,23.50375],[68.49264,23.50403],[68.49292,23.50403],[68.49292,23.50375],[68.49319,23.50375],[68.49319,23.50319],[68.49347,23.5032],[68.49347,23.50292],[68.49431,23.50292],[68.49431,23.5032],[68.49459,23.5032],[68.49459,23.50431],[68.49431,23.5043],[68.49431,23.50653],[68.49459,23.50653],[68.49459,23.50736],[68.49541,23.50736],[68.49541,23.50708],[68.49597,23.50709],[68.49597,23.50681],[68.49653,23.50681],[68.49653,23.50709],[68.49681,23.50708],[68.49681,23.50792],[68.49653,23.50792],[68.49653,23.51042],[68.49681,23.51042],[68.49681,23.51097],[68.4971,23.51097],[68.4971,23.51153],[68.49736,23.51153],[68.49736,23.51208],[68.49764,23.51208],[68.49764,23.51264],[68.49792,23.51264],[68.49792,23.5132],[68.49819,23.5132],[68.49819,23.51375],[68.49847,23.51375],[68.49847,23.51431],[68.49875,23.51431],[68.49875,23.51486],[68.49903,23.51486],[68.49903,23.51514],[68.49847,23.51514],[68.49847,23.51486],[68.49819,23.51486],[68.49819,23.51459],[68.49792,23.51459],[68.49792,23.51486],[68.49764,23.51486],[68.49764,23.51514],[68.49736,23.51514],[68.49736,23.51542],[68.49681,23.51542],[68.49681,23.5157],[68.49624,23.5157],[68.49624,23.51597],[68.4957,23.51597],[68.4957,23.51625],[68.49514,23.51625],[68.49514,23.51653],[68.49459,23.51653],[68.49459,23.51764],[68.49486,23.51764],[68.49486,23.51931],[68.49514,23.51931],[68.49514,23.52153],[68.49541,23.52153],[68.49541,23.52375],[68.4957,23.52375],[68.4957,23.52486],[68.49541,23.52486],[68.49541,23.52514],[68.49514,23.52514],[68.49514,23.52542],[68.49486,23.52542],[68.49486,23.52597],[68.49459,23.52597],[68.49459,23.52625],[68.49431,23.52625],[68.49431,23.52681],[68.49403,23.52681],[68.49403,23.52708],[68.49374,23.52708],[68.49374,23.52736],[68.49347,23.52736],[68.49347,23.52764],[68.49319,23.52764],[68.49319,23.52792],[68.49292,23.52791],[68.49292,23.52819],[68.49264,23.52819],[68.49264,23.52847],[68.49236,23.52847],[68.49236,23.52903],[68.49208,23.52903],[68.49208,23.52958],[68.49181,23.52958],[68.49181,23.53014],[68.49153,23.53014],[68.49153,23.53097],[68.49125,23.53097],[68.49125,23.53153],[68.49098,23.53153],[68.49098,23.53208],[68.4907,23.53208],[68.4907,23.53264],[68.49042,23.53264],[68.49042,23.53375],[68.49014,23.53375],[68.49014,23.53514],[68.48986,23.53514],[68.48986,23.53597],[68.49014,23.53597],[68.49014,23.53625],[68.49042,23.53625],[68.49042,23.53653],[68.4907,23.53653],[68.4907,23.53681],[68.49098,23.53681],[68.49098,23.53708],[68.49125,23.53708],[68.49125,23.53736],[68.49098,23.53736],[68.49098,23.53764],[68.49042,23.53763],[68.49042,23.53792],[68.48986,23.53792],[68.48986,23.53958],[68.48959,23.53958],[68.48959,23.54042],[68.48931,23.54042],[68.48931,23.54097],[68.48903,23.54097],[68.48903,23.54125],[68.48875,23.54125],[68.48875,23.54153],[68.48847,23.54153],[68.48847,23.54209],[68.4882,23.54208],[68.4882,23.54264],[68.48792,23.54264],[68.48792,23.5432],[68.48764,23.54319],[68.48764,23.54376],[68.48736,23.54376],[68.48736,23.54403],[68.48709,23.54403],[68.48709,23.54458],[68.48681,23.54458],[68.48681,23.54514],[68.48653,23.54514],[68.48653,23.54542],[68.48625,23.54542],[68.48625,23.54597],[68.48597,23.54597],[68.48597,23.54653],[68.4857,23.54653],[68.4857,23.54681],[68.48542,23.54681],[68.48542,23.54736],[68.48514,23.54736],[68.48514,23.54792],[68.48458,23.54792],[68.48458,23.5482],[68.48402,23.54819],[68.48402,23.54931],[68.48625,23.54931],[68.48625,23.54903],[68.48708,23.54903],[68.48708,23.54875],[68.48764,23.54875],[68.48764,23.54847],[68.48875,23.54847],[68.48875,23.54903],[68.49014,23.54903],[68.49014,23.54875],[68.49125,23.54875],[68.49125,23.54847],[68.49208,23.54847],[68.49208,23.54903],[68.49181,23.54903],[68.49181,23.54931],[68.49153,23.54931],[68.49153,23.54959],[68.49208,23.54959],[68.49208,23.54931],[68.49264,23.54931],[68.49264,23.54819],[68.49292,23.5482],[68.49292,23.54764],[68.49319,23.54764],[68.49319,23.54736],[68.49375,23.54736],[68.49375,23.54708],[68.49403,23.54708],[68.49403,23.54681],[68.49431,23.54681],[68.49431,23.54653],[68.49459,23.54653],[68.49459,23.54625],[68.49514,23.54625],[68.49514,23.54653],[68.49542,23.54653],[68.49542,23.54708],[68.49597,23.54708],[68.49597,23.54736],[68.49736,23.54736],[68.49736,23.54792],[68.49709,23.54792],[68.49709,23.54847],[68.49681,23.54847],[68.49681,23.54959],[68.49624,23.54957],[68.49624,23.55014],[68.49597,23.55014],[68.49597,23.5507],[68.49514,23.5507],[68.49514,23.54959],[68.49486,23.54959],[68.49486,23.54875],[68.49403,23.54875],[68.49403,23.54931],[68.49375,23.54931],[68.49375,23.54986],[68.49403,23.54986],[68.49403,23.55097],[68.49431,23.55097],[68.49431,23.55264],[68.49403,23.55264],[68.49403,23.55293],[68.49374,23.55293],[68.49374,23.55375],[68.49403,23.55375],[68.49403,23.55431],[68.49431,23.5543],[68.49431,23.55458],[68.49459,23.55458],[68.49459,23.55514],[68.49486,23.55514],[68.49486,23.55625],[68.49514,23.55625],[68.49514,23.55736],[68.49486,23.55736],[68.49486,23.55875],[68.49514,23.55875],[68.49514,23.55958],[68.49486,23.55958],[68.49486,23.55986],[68.49319,23.55986],[68.49319,23.56042],[68.49347,23.56042],[68.49347,23.56209],[68.49374,23.56208],[68.49374,23.56403],[68.49347,23.56403],[68.49347,23.56653],[68.49319,23.56653],[68.49319,23.56903],[68.49292,23.56903],[68.49292,23.57153],[68.49264,23.57153],[68.49264,23.57319],[68.49236,23.57319],[68.49236,23.57431],[68.49208,23.57431],[68.49208,23.57458],[68.49153,23.57458],[68.49153,23.57486],[68.49125,23.57486],[68.49125,23.57597],[68.49097,23.57597],[68.49098,23.57625],[68.4907,23.57625],[68.4907,23.57653],[68.49042,23.57653],[68.49042,23.57736],[68.48959,23.57736],[68.48959,23.57764],[68.48764,23.57764],[68.48764,23.57792],[68.48736,23.57792],[68.48736,23.57847],[68.48764,23.57847],[68.48764,23.57903],[68.48793,23.57903],[68.48793,23.57987],[68.48764,23.57987],[68.48764,23.58125],[68.48736,23.58125],[68.48736,23.58736],[68.48709,23.58736],[68.48709,23.58847],[68.48736,23.58847],[68.48736,23.5907],[68.48708,23.59069],[68.48708,23.59181],[68.48681,23.59181],[68.48681,23.59292],[68.48653,23.59292],[68.48653,23.59597],[68.48681,23.59597],[68.48681,23.59653],[68.48708,23.59653],[68.48708,23.59681],[68.48764,23.59681],[68.48764,23.59736],[68.48793,23.59736],[68.48793,23.59764],[68.4882,23.59764],[68.4882,23.59792],[68.48847,23.59792],[68.48847,23.5982],[68.48875,23.5982],[68.48875,23.59847],[68.48986,23.59847],[68.48986,23.59903],[68.49014,23.59903],[68.49014,23.59958],[68.49042,23.59958],[68.49042,23.59986],[68.49069,23.59986],[68.49069,23.60014],[68.49098,23.60014],[68.49098,23.60069],[68.49125,23.60069],[68.49125,23.60203],[68.49125,23.60264],[68.49153,23.60264],[68.49153,23.60292],[68.49181,23.60292],[68.49181,23.6032],[68.49208,23.6032],[68.49208,23.60404],[68.49236,23.60404],[68.49236,23.60486],[68.49264,23.60486],[68.49264,23.60597],[68.49292,23.60597],[68.49292,23.60653],[68.49319,23.60653],[68.49319,23.60681],[68.49375,23.60681],[68.49375,23.60708],[68.49431,23.60708],[68.49431,23.60736],[68.49459,23.60736],[68.49459,23.60764],[68.49486,23.60764],[68.49486,23.60819],[68.49459,23.60819],[68.49459,23.60875],[68.49347,23.60875],[68.49347,23.60903],[68.49236,23.60903],[68.49236,23.60959],[68.49208,23.60959],[68.49208,23.61136],[68.49208,23.61181],[68.49181,23.61181],[68.49181,23.61375],[68.49153,23.61375],[68.49153,23.61486],[68.49125,23.61486],[68.49125,23.61598],[68.49097,23.61598],[68.49097,23.61764],[68.49125,23.61764],[68.49125,23.61904],[68.49153,23.61903],[68.49153,23.61931],[68.49181,23.6193],[68.49181,23.62014],[68.49208,23.62014],[68.49208,23.62181],[68.49236,23.62181],[68.49236,23.62347],[68.49208,23.62347],[68.49208,23.62375],[68.49153,23.62375],[68.49153,23.62459],[68.49125,23.62458],[68.49125,23.62542],[68.49098,23.62542],[68.49098,23.62597],[68.49014,23.62597],[68.49014,23.62625],[68.48986,23.62625],[68.48986,23.62653],[68.48903,23.62653],[68.48903,23.62792],[68.48931,23.62792],[68.48931,23.62819],[68.48986,23.62819],[68.48986,23.62847],[68.49014,23.62847],[68.49014,23.62903],[68.48959,23.62903],[68.48959,23.6293],[68.48903,23.6293],[68.48903,23.62958],[68.48875,23.62958],[68.48875,23.6307],[68.48903,23.6307],[68.48903,23.63153],[68.48875,23.63153],[68.48875,23.63236],[68.48903,23.63236],[68.48903,23.63292],[68.48931,23.63292],[68.48931,23.63319],[68.48959,23.63319],[68.48959,23.63375],[68.4893,23.63375],[68.4893,23.63514],[68.48903,23.63514],[68.48903,23.63542],[68.48986,23.63542],[68.48986,23.6357],[68.49014,23.6357],[68.49014,23.63598],[68.49042,23.63597],[68.49042,23.63625],[68.4907,23.63625],[68.4907,23.63653],[68.49098,23.63653],[68.49098,23.63708],[68.49125,23.63708],[68.49125,23.63736],[68.49181,23.63736],[68.49181,23.63764],[68.49208,23.63764],[68.49208,23.63736],[68.49236,23.63736],[68.49236,23.63708],[68.49292,23.63708],[68.49292,23.63764],[68.49319,23.63764],[68.49319,23.63792],[68.49347,23.63792],[68.49347,23.6382],[68.4932,23.6382],[68.4932,23.63847],[68.49292,23.63847],[68.49292,23.63931],[68.4932,23.63931],[68.4932,23.63959],[68.49347,23.63958],[68.49347,23.63986],[68.49374,23.63986],[68.49374,23.64015],[68.49403,23.64015],[68.49403,23.64042],[68.49431,23.64042],[68.49431,23.64097],[68.49459,23.64097],[68.49459,23.64153],[68.49486,23.64153],[68.49486,23.64208],[68.49514,23.64208],[68.49514,23.64236],[68.49541,23.64236],[68.49541,23.64292],[68.4957,23.64292],[68.4957,23.64319],[68.49624,23.64319],[68.49624,23.64347],[68.49653,23.64347],[68.49653,23.64375],[68.4971,23.64375],[68.4971,23.64403],[68.49736,23.64403],[68.49736,23.64419],[68.49736,23.64431],[68.49781,23.64431],[68.49903,23.64431],[68.49903,23.64458],[68.49887,23.64458],[68.49875,23.64458],[68.49875,23.64486],[68.49848,23.64486],[68.49848,23.6457],[68.49875,23.64569],[68.49875,23.64764],[68.49903,23.64764],[68.49903,23.64847],[68.49875,23.64847],[68.49875,23.64931],[68.49847,23.64931],[68.49847,23.64986],[68.49736,23.64986],[68.49736,23.65014],[68.4971,23.65014],[68.4971,23.65042],[68.49681,23.65042],[68.49681,23.65292],[68.49736,23.65292],[68.49736,23.6532],[68.49764,23.6532],[68.49764,23.65347],[68.49819,23.65347],[68.49819,23.65375],[68.49875,23.65375],[68.49875,23.65403],[68.49903,23.65403],[68.49903,23.65431],[68.49931,23.65431],[68.49931,23.65486],[68.49958,23.65486],[68.49958,23.65515],[68.49987,23.65515],[68.49987,23.6557],[68.50014,23.6557],[68.50014,23.65625],[68.50042,23.65625],[68.50042,23.65681],[68.5007,23.65681],[68.5007,23.65708],[68.50264,23.65708],[68.50264,23.65681],[68.5043,23.65681],[68.5043,23.65736],[68.50459,23.65736],[68.50459,23.65819],[68.50542,23.65819],[68.50542,23.65847],[68.50568,23.65847],[68.50568,23.65903],[68.50681,23.65903],[68.50681,23.65875],[68.50764,23.65875],[68.50764,23.65847],[68.50792,23.65847],[68.50792,23.65819],[68.50847,23.65819],[68.50847,23.65792],[68.50904,23.65792],[68.50904,23.65764],[68.51014,23.65764],[68.51014,23.65847],[68.51041,23.65847],[68.51041,23.65931],[68.5107,23.65931],[68.5107,23.65986],[68.51097,23.65986],[68.51097,23.66042],[68.5118,23.66042],[68.5118,23.66069],[68.51264,23.66069],[68.51264,23.66042],[68.51598,23.66042],[68.51598,23.66069],[68.51737,23.66069],[68.51737,23.66042],[68.51764,23.66042],[68.51764,23.66014],[68.51875,23.66014],[68.51875,23.65819],[68.51903,23.65819],[68.51903,23.65736],[68.5193,23.65736],[68.5193,23.6532],[68.51959,23.6532],[68.51959,23.65264],[68.51986,23.65264],[68.51986,23.65236],[68.52014,23.65236],[68.52014,23.65181],[68.52042,23.65181],[68.52042,23.65153],[68.5218,23.65153],[68.5218,23.65125],[68.5232,23.65125],[68.5232,23.65153],[68.52404,23.65153],[68.52404,23.65181],[68.52514,23.65181],[68.52514,23.65209],[68.52541,23.65209],[68.52541,23.65264],[68.5257,23.65264],[68.5257,23.6532],[68.52597,23.65319],[68.52597,23.65375],[68.52625,23.65375],[68.52625,23.65542],[68.52653,23.65542],[68.52653,23.65597],[68.5268,23.65597],[68.5268,23.65736],[68.52708,23.65736],[68.52708,23.65764],[68.52736,23.65764],[68.52736,23.65819],[68.52764,23.65819],[68.52764,23.65847],[68.52792,23.65847],[68.52792,23.65875],[68.5282,23.65875],[68.5282,23.65903],[68.52847,23.65903],[68.52847,23.65931],[68.52875,23.65931],[68.52875,23.65958],[68.52903,23.65958],[68.52903,23.65931],[68.53153,23.65931],[68.53153,23.65958],[68.53208,23.65958],[68.53208,23.65986],[68.53347,23.65986],[68.53347,23.65958],[68.53597,23.65958],[68.53597,23.65986],[68.53625,23.65986],[68.53625,23.66042],[68.53653,23.66042],[68.53653,23.66069],[68.53736,23.66069],[68.53736,23.66097],[68.53792,23.66096],[68.53792,23.66125],[68.53819,23.66125],[68.53819,23.66153],[68.53848,23.66153],[68.53848,23.66208],[68.53875,23.66208],[68.53875,23.66236],[68.53902,23.66236],[68.53903,23.66264],[68.53848,23.66264],[68.53848,23.66292],[68.53653,23.66292],[68.53653,23.66264],[68.53625,23.66264],[68.53625,23.66236],[68.53597,23.66236],[68.53597,23.66208],[68.5357,23.66208],[68.5357,23.66181],[68.53486,23.66181],[68.53486,23.66153],[68.53403,23.66153],[68.53403,23.66125],[68.53264,23.66125],[68.53264,23.66153],[68.53236,23.66153],[68.53236,23.66181],[68.53125,23.66181],[68.53125,23.66208],[68.52986,23.66208],[68.52986,23.66181],[68.5293,23.66181],[68.5293,23.66153],[68.52875,23.66153],[68.52875,23.66125],[68.5282,23.66125],[68.52819,23.66096],[68.52792,23.66097],[68.52792,23.66069],[68.52764,23.66069],[68.52764,23.66042],[68.52736,23.66042],[68.52736,23.65986],[68.52708,23.65986],[68.52708,23.65958],[68.5268,23.65958],[68.5268,23.65931],[68.52653,23.65931],[68.52653,23.65875],[68.52625,23.65875],[68.52625,23.65819],[68.52597,23.65819],[68.52597,23.65708],[68.5257,23.65708],[68.5257,23.65542],[68.52541,23.65542],[68.52541,23.65431],[68.52458,23.65431],[68.52458,23.65403],[68.52431,23.65403],[68.52431,23.65347],[68.52403,23.65347],[68.52403,23.6532],[68.52348,23.6532],[68.52348,23.65347],[68.52209,23.65347],[68.52209,23.65403],[68.5218,23.65403],[68.5218,23.65431],[68.52042,23.65431],[68.52042,23.65458],[68.52014,23.65458],[68.52014,23.65486],[68.52042,23.65486],[68.52042,23.6557],[68.52068,23.6557],[68.52068,23.65653],[68.52042,23.65653],[68.52042,23.65708],[68.52014,23.65708],[68.52014,23.65764],[68.51986,23.65764],[68.51986,23.65847],[68.51958,23.65847],[68.51958,23.66014],[68.5193,23.66014],[68.5193,23.66125],[68.51875,23.66125],[68.51875,23.66153],[68.51847,23.66153],[68.51847,23.66181],[68.51792,23.66181],[68.51792,23.66208],[68.51737,23.66208],[68.51737,23.66347],[68.51764,23.66347],[68.51764,23.66375],[68.51791,23.66375],[68.51791,23.66403],[68.5182,23.66403],[68.5182,23.66458],[68.51847,23.66458],[68.51847,23.66486],[68.51875,23.66486],[68.51875,23.66542],[68.51847,23.66542],[68.51847,23.66681],[68.51875,23.66681],[68.51875,23.66792],[68.51903,23.66792],[68.51903,23.66847],[68.5193,23.66847],[68.5193,23.66875],[68.51958,23.66875],[68.51958,23.66931],[68.51986,23.66931],[68.51986,23.66958],[68.52014,23.66958],[68.52014,23.66986],[68.52069,23.66986],[68.52069,23.67014],[68.52098,23.67013],[68.52098,23.67042],[68.52153,23.67042],[68.52153,23.67069],[68.52181,23.67069],[68.52181,23.67097],[68.52209,23.67097],[68.52209,23.67125],[68.52236,23.67125],[68.52236,23.67208],[68.52264,23.67208],[68.52264,23.67292],[68.52292,23.67292],[68.52292,23.67347],[68.5232,23.67347],[68.5232,23.67403],[68.52349,23.67403],[68.52349,23.67431],[68.52375,23.6743],[68.52375,23.67486],[68.52404,23.67486],[68.52404,23.67514],[68.52458,23.67514],[68.52458,23.67542],[68.52487,23.67542],[68.52487,23.6757],[68.52542,23.6757],[68.52542,23.67597],[68.5257,23.67597],[68.5257,23.67626],[68.52625,23.67625],[68.52625,23.67709],[68.52653,23.67708],[68.52653,23.67875],[68.52681,23.67875],[68.52681,23.68153],[68.52709,23.68153],[68.52709,23.68347],[68.52736,23.68347],[68.52736,23.68681],[68.52708,23.68681],[68.52709,23.68736],[68.52681,23.68736],[68.52681,23.68792],[68.52653,23.68792],[68.52653,23.6882],[68.52625,23.68819],[68.52625,23.68847],[68.52597,23.68847],[68.52597,23.68875],[68.5257,23.68875],[68.5257,23.68903],[68.52514,23.68903],[68.52514,23.68931],[68.52487,23.68931],[68.52487,23.68958],[68.52458,23.68958],[68.52458,23.69042],[68.52487,23.69042],[68.52487,23.6907],[68.52542,23.6907],[68.52542,23.69042],[68.52597,23.69042],[68.52597,23.69014],[68.52625,23.69014],[68.52625,23.68986],[68.52653,23.68986],[68.52653,23.68958],[68.5268,23.68958],[68.5268,23.68931],[68.52736,23.68931],[68.52736,23.68903],[68.52764,23.68903],[68.52764,23.68875],[68.52792,23.68875],[68.52792,23.68847],[68.52959,23.68847],[68.52959,23.68875],[68.52985,23.68875],[68.52985,23.68903],[68.53014,23.68903],[68.53014,23.68931],[68.53069,23.68931],[68.53069,23.68903],[68.53208,23.68903],[68.53208,23.68931],[68.53237,23.68931],[68.53237,23.68958],[68.53264,23.68958],[68.53264,23.68986],[68.53291,23.68986],[68.53291,23.69014],[68.53321,23.69014],[68.5332,23.68958],[68.53347,23.68958],[68.53347,23.68931],[68.5357,23.68931],[68.5357,23.68958],[68.53597,23.68958],[68.53597,23.69014],[68.5368,23.69014],[68.5368,23.69042],[68.53736,23.69042],[68.53736,23.6907],[68.53819,23.6907],[68.53819,23.69097],[68.53875,23.69097],[68.53875,23.69153],[68.53903,23.69153],[68.53903,23.69208],[68.53931,23.69208],[68.53931,23.69292],[68.53958,23.69292],[68.53958,23.69347],[68.53986,23.69347],[68.53986,23.69403],[68.54153,23.69403],[68.54153,23.69431],[68.54181,23.6943],[68.54181,23.69486],[68.54208,23.69486],[68.54208,23.69514],[68.54236,23.69514],[68.54236,23.69542],[68.54292,23.69542],[68.54292,23.6957],[68.5432,23.6957],[68.5432,23.69597],[68.54347,23.69597],[68.54347,23.69625],[68.5443,23.69625],[68.5443,23.69653],[68.54542,23.69653],[68.54542,23.69681],[68.54625,23.69681],[68.54625,23.69736],[68.54652,23.69736],[68.54652,23.69819],[68.54681,23.69819],[68.54681,23.69875],[68.54708,23.69875],[68.54708,23.6993],[68.54737,23.69931],[68.54737,23.69986],[68.54764,23.69986],[68.54764,23.7007],[68.54792,23.7007],[68.54792,23.70125],[68.54819,23.70125],[68.54819,23.70181],[68.54847,23.70181],[68.54847,23.70236],[68.54875,23.70236],[68.54875,23.70292],[68.54903,23.70292],[68.54903,23.70375],[68.54931,23.70375],[68.54931,23.70431],[68.54958,23.70431],[68.54958,23.70486],[68.54986,23.70486],[68.54986,23.70542],[68.55014,23.70542],[68.55014,23.70625],[68.55042,23.70624],[68.55042,23.70681],[68.5507,23.70681],[68.5507,23.70736],[68.55098,23.70736],[68.55098,23.70792],[68.55125,23.70792],[68.55125,23.70875],[68.55153,23.70875],[68.55153,23.70931],[68.55181,23.70931],[68.55181,23.70986],[68.55209,23.70986],[68.55209,23.71042],[68.55236,23.71042],[68.55236,23.71097],[68.55264,23.71097],[68.55264,23.71153],[68.55292,23.71153],[68.55292,23.71208],[68.55319,23.71208],[68.55319,23.71236],[68.55347,23.71236],[68.55347,23.71292],[68.55375,23.71292],[68.55375,23.71347],[68.55402,23.71347],[68.55402,23.71375],[68.55431,23.71375],[68.55431,23.71403],[68.55458,23.71403],[68.55458,23.71458],[68.55486,23.71458],[68.55486,23.71486],[68.55514,23.71486],[68.55514,23.71514],[68.55542,23.71514],[68.55542,23.7157],[68.5557,23.7157],[68.5557,23.71597],[68.55597,23.71597],[68.55597,23.71625],[68.55625,23.71625],[68.55625,23.71653],[68.55653,23.71653],[68.55653,23.71708],[68.55681,23.71708],[68.55681,23.71736],[68.55708,23.71736],[68.55708,23.71764],[68.55736,23.71764],[68.55736,23.71792],[68.55764,23.71792],[68.55764,23.7182],[68.55791,23.7182],[68.55791,23.71875],[68.5582,23.71875],[68.5582,23.71903],[68.55847,23.71903],[68.55847,23.71931],[68.55903,23.71931],[68.55903,23.71958],[68.55986,23.71958],[68.55986,23.71986],[68.56042,23.71986],[68.56042,23.72014],[68.56097,23.72014],[68.56097,23.72042],[68.56153,23.72042],[68.56153,23.72069],[68.56208,23.72069],[68.56208,23.72097],[68.56264,23.72097],[68.56264,23.72125],[68.56319,23.72124],[68.56319,23.72153],[68.56375,23.72153],[68.56375,23.72181],[68.56431,23.72181],[68.56431,23.72209],[68.5657,23.72208],[68.5657,23.72236],[68.5668,23.72236],[68.5668,23.72264],[68.56736,23.72264],[68.56736,23.72292],[68.56792,23.72292],[68.56792,23.7232],[68.56848,23.7232],[68.56848,23.72347],[68.56903,23.72347],[68.56903,23.72375],[68.56958,23.72375],[68.56958,23.72403],[68.57014,23.72403],[68.57014,23.72431],[68.57069,23.72431],[68.57069,23.72458],[68.57125,23.72458],[68.57125,23.72486],[68.57264,23.72486],[68.57264,23.72458],[68.5732,23.72458],[68.5732,23.72431],[68.57376,23.72431],[68.57376,23.72403],[68.57403,23.72403],[68.57403,23.72375],[68.5743,23.72375],[68.5743,23.72319],[68.57458,23.7232],[68.57458,23.72292],[68.57486,23.72292],[68.57486,23.72264],[68.57515,23.72264],[68.57515,23.72208],[68.57542,23.72209],[68.57542,23.72181],[68.57569,23.72181],[68.57569,23.72124],[68.57598,23.72125],[68.57598,23.72097],[68.57625,23.72097],[68.57625,23.72069],[68.57653,23.72069],[68.57653,23.72042],[68.57708,23.72042],[68.57708,23.72014],[68.57764,23.72014],[68.57764,23.72042],[68.57736,23.72042],[68.57736,23.72125],[68.57708,23.72124],[68.57708,23.72181],[68.57681,23.72181],[68.57681,23.72264],[68.57653,23.72264],[68.57653,23.72375],[68.57625,23.72375],[68.57625,23.72458],[68.57681,23.72458],[68.57681,23.72486],[68.57736,23.72486],[68.57736,23.72514],[68.57764,23.72514],[68.57764,23.72542],[68.5782,23.72542],[68.5782,23.72569],[68.57848,23.72569],[68.57848,23.72597],[68.57875,23.72597],[68.57875,23.72653],[68.57903,23.72653],[68.57903,23.72708],[68.57931,23.72708],[68.57931,23.72764],[68.57958,23.72764],[68.57958,23.7282],[68.57987,23.72819],[68.57987,23.72847],[68.58041,23.72847],[68.58041,23.72875],[68.58097,23.72875],[68.58097,23.72903],[68.58208,23.72903],[68.58208,23.72931],[68.58319,23.7293],[68.58319,23.72959],[68.58486,23.72958],[68.58486,23.72986],[68.58653,23.72986],[68.58653,23.73014],[68.58764,23.73014],[68.58764,23.73043],[68.58875,23.73042],[68.58875,23.7307],[68.58959,23.7307],[68.58959,23.73097],[68.59042,23.73097],[68.59042,23.73125],[68.59125,23.73125],[68.59125,23.73153],[68.59209,23.73153],[68.59209,23.73125],[68.59236,23.73125],[68.59236,23.73097],[68.59264,23.73097],[68.59264,23.7307],[68.59348,23.7307],[68.59348,23.73042],[68.59431,23.73043],[68.59431,23.73014],[68.59542,23.73014],[68.59542,23.73097],[68.59514,23.73097],[68.59514,23.73181],[68.59542,23.73181],[68.59542,23.73236],[68.5957,23.73236],[68.5957,23.73264],[68.59597,23.73264],[68.59597,23.73292],[68.59625,23.73292],[68.59625,23.73319],[68.59653,23.73319],[68.59653,23.73347],[68.5968,23.73347],[68.59681,23.73375],[68.59708,23.73375],[68.59708,23.73403],[68.59764,23.73403],[68.59764,23.73431],[68.59792,23.73431],[68.59792,23.73458],[68.5982,23.73458],[68.5982,23.7357],[68.59847,23.73569],[68.59847,23.73653],[68.59875,23.73653],[68.59875,23.73681],[68.59903,23.73681],[68.59903,23.73736],[68.5993,23.73736],[68.5993,23.73764],[68.59903,23.73764],[68.59903,23.73819],[68.59875,23.7382],[68.59875,23.73875],[68.59847,23.73875],[68.59847,23.73903],[68.59792,23.73903],[68.59792,23.73931],[68.59764,23.73931],[68.59764,23.73958],[68.59792,23.73958],[68.59792,23.74014],[68.5982,23.74014],[68.5982,23.74042],[68.60125,23.74042],[68.60125,23.7457],[68.60152,23.7457],[68.60152,23.74625],[68.60181,23.74625],[68.60181,23.74681],[68.60208,23.74681],[68.60208,23.74708],[68.60235,23.74708],[68.60235,23.74736],[68.60264,23.74736],[68.60264,23.74764],[68.60291,23.74764],[68.60291,23.74819],[68.6032,23.74819],[68.6032,23.74847],[68.60347,23.74847],[68.60347,23.74875],[68.60403,23.74875],[68.60403,23.74847],[68.60736,23.74847],[68.60736,23.74875],[68.60764,23.74875],[68.60764,23.74986],[68.61153,23.74986],[68.61153,23.75014],[68.61208,23.75014],[68.61208,23.75042],[68.61236,23.75042],[68.61236,23.7507],[68.61264,23.7507],[68.61264,23.75097],[68.6132,23.75097],[68.6132,23.75125],[68.61347,23.75125],[68.61347,23.75154],[68.61375,23.75154],[68.61375,23.75181],[68.61486,23.75181],[68.61486,23.75208],[68.61598,23.75208],[68.61598,23.75236],[68.61707,23.75236],[68.61707,23.75264],[68.61903,23.75264],[68.61903,23.75292],[68.62097,23.75292],[68.62097,23.75319],[68.62125,23.75319],[68.62125,23.75347],[68.62153,23.75347],[68.62153,23.75403],[68.62181,23.75403],[68.62181,23.75431],[68.62403,23.7543],[68.62403,23.75458],[68.62431,23.75458],[68.62431,23.75542],[68.62458,23.75542],[68.62458,23.7557],[68.62486,23.75569],[68.62486,23.75597],[68.62542,23.75597],[68.62542,23.75625],[68.62569,23.75625],[68.62569,23.75653],[68.62597,23.75653],[68.62597,23.75681],[68.62653,23.7568],[68.62653,23.75709],[68.62708,23.75709],[68.62708,23.75736],[68.62764,23.75735],[68.62764,23.75764],[68.6282,23.75764],[68.6282,23.75792],[68.62847,23.75792],[68.62847,23.7582],[68.62903,23.7582],[68.62903,23.75847],[68.6293,23.75847],[68.6293,23.75875],[68.62959,23.75875],[68.62959,23.75903],[68.63069,23.75903],[68.63069,23.75875],[68.63096,23.75875],[68.63096,23.75847],[68.63125,23.75847],[68.63125,23.7582],[68.63153,23.7582],[68.63153,23.75792],[68.63264,23.75792],[68.63264,23.75847],[68.63292,23.75847],[68.63292,23.75903],[68.63264,23.75903],[68.63264,23.75986],[68.63236,23.75986],[68.63236,23.76097],[68.63208,23.76097],[68.63207,23.7618],[68.63236,23.76181],[68.63236,23.76236],[68.63264,23.76236],[68.63264,23.76292],[68.63292,23.76292],[68.63292,23.76348],[68.63319,23.76348],[68.63319,23.76403],[68.63347,23.76403],[68.63347,23.76431],[68.63375,23.76431],[68.63375,23.76486],[68.63404,23.76486],[68.63404,23.76542],[68.63431,23.76542],[68.63431,23.76597],[68.63458,23.76597],[68.63458,23.76654],[68.63487,23.76653],[68.63487,23.76708],[68.63514,23.76708],[68.63514,23.76764],[68.63542,23.76764],[68.63542,23.76819],[68.6357,23.76819],[68.6357,23.76875],[68.63597,23.76875],[68.63597,23.76931],[68.63626,23.7693],[68.63626,23.76958],[68.63653,23.76958],[68.63653,23.77014],[68.6368,23.77014],[68.6368,23.7707],[68.63709,23.7707],[68.63709,23.77125],[68.63736,23.77125],[68.63736,23.77153],[68.63764,23.77153],[68.63764,23.77209],[68.63792,23.77209],[68.63792,23.77236],[68.6382,23.77235],[68.6382,23.77292],[68.63847,23.77292],[68.63847,23.7732],[68.63875,23.7732],[68.63875,23.77375],[68.63903,23.77375],[68.63903,23.77431],[68.63931,23.77431],[68.63931,23.77458],[68.63958,23.77458],[68.63958,23.77514],[68.63986,23.77514],[68.63986,23.77542],[68.64014,23.77542],[68.64014,23.77597],[68.64042,23.77597],[68.64042,23.77625],[68.64069,23.77625],[68.64069,23.77681],[68.64098,23.77681],[68.64098,23.77708],[68.64124,23.77708],[68.64124,23.77764],[68.64153,23.77764],[68.64153,23.77792],[68.64181,23.77792],[68.64181,23.77848],[68.64208,23.77848],[68.64208,23.77875],[68.64236,23.77875],[68.64236,23.77903],[68.64264,23.77903],[68.64264,23.77958],[68.64292,23.77958],[68.64292,23.77986],[68.64319,23.77986],[68.64319,23.78014],[68.64347,23.78014],[68.64347,23.7807],[68.64375,23.78069],[68.64375,23.78097],[68.64403,23.78097],[68.64403,23.78125],[68.6443,23.78125],[68.6443,23.78181],[68.64459,23.78181],[68.64459,23.78208],[68.64486,23.78208],[68.64486,23.78237],[68.64514,23.78236],[68.64514,23.78292],[68.64542,23.78292],[68.64542,23.78347],[68.64569,23.78347],[68.64569,23.78375],[68.64598,23.78375],[68.64598,23.78431],[68.64625,23.78431],[68.64625,23.78486],[68.64653,23.78486],[68.64653,23.78542],[68.64681,23.78542],[68.64681,23.7857],[68.64709,23.78569],[68.64709,23.78625],[68.64737,23.78625],[68.64737,23.78681],[68.64764,23.78681],[68.64764,23.78708],[68.64792,23.78708],[68.64792,23.78765],[68.6482,23.78765],[68.6482,23.78792],[68.64848,23.78792],[68.64848,23.78847],[68.64875,23.78847],[68.64875,23.78875],[68.64903,23.78875],[68.64903,23.7893],[68.64931,23.7893],[68.64931,23.78958],[68.64958,23.78958],[68.64958,23.79014],[68.64986,23.79014],[68.64986,23.79071],[68.65014,23.79071],[68.65014,23.79153],[68.65042,23.79153],[68.65042,23.79209],[68.6507,23.79208],[68.6507,23.79292],[68.65097,23.79292],[68.65097,23.79347],[68.6507,23.79346],[68.6507,23.79375],[68.65097,23.79375],[68.65097,23.79403],[68.65125,23.79403],[68.65125,23.79431],[68.6518,23.79431],[68.6518,23.79458],[68.65208,23.79458],[68.65208,23.79514],[68.65236,23.79514],[68.65236,23.79542],[68.65264,23.79542],[68.65264,23.79569],[68.65292,23.79569],[68.65292,23.79598],[68.6532,23.79598],[68.6532,23.79653],[68.65347,23.79652],[68.65347,23.79681],[68.65375,23.7968],[68.65375,23.79708],[68.65403,23.79708],[68.65403,23.79736],[68.6543,23.79736],[68.6543,23.79764],[68.65459,23.79764],[68.65459,23.79792],[68.65486,23.79791],[68.65486,23.7982],[68.65513,23.79819],[68.65513,23.79875],[68.65542,23.79875],[68.65542,23.79903],[68.65569,23.79903],[68.65569,23.79931],[68.65598,23.79931],[68.65598,23.79959],[68.65625,23.79959],[68.65625,23.79986],[68.65652,23.79986],[68.65652,23.80014],[68.65681,23.80014],[68.65681,23.80042],[68.65708,23.80042],[68.65708,23.8007],[68.65737,23.8007],[68.65737,23.80097],[68.65764,23.80097],[68.65764,23.80125],[68.65792,23.80125],[68.65792,23.80153],[68.65821,23.80153],[68.65821,23.80181],[68.65847,23.80181],[68.65847,23.80208],[68.65875,23.80208],[68.65875,23.80265],[68.65903,23.80265],[68.65903,23.80292],[68.6593,23.80292],[68.65931,23.80319],[68.65986,23.80319],[68.65986,23.80347],[68.66043,23.80347],[68.66043,23.80375],[68.66097,23.80375],[68.66097,23.80403],[68.66153,23.80403],[68.66153,23.80431],[68.66209,23.80431],[68.66209,23.80458],[68.66236,23.80458],[68.66236,23.80486],[68.66264,23.80486],[68.66264,23.80542],[68.66292,23.80542],[68.66292,23.8057],[68.66319,23.8057],[68.66319,23.80597],[68.66375,23.80597],[68.66375,23.80625],[68.66402,23.80625],[68.66402,23.80653],[68.66431,23.80653],[68.66431,23.80681],[68.66458,23.80681],[68.66458,23.80708],[68.66487,23.80708],[68.66487,23.80736],[68.66541,23.80736],[68.66541,23.80764],[68.6657,23.80764],[68.6657,23.80792],[68.66597,23.80792],[68.66597,23.8082],[68.66625,23.8082],[68.66625,23.80847],[68.66681,23.80846],[68.66681,23.80875],[68.66764,23.80875],[68.66764,23.80903],[68.6682,23.80903],[68.6682,23.80931],[68.66903,23.80931],[68.66903,23.80959],[68.66958,23.80958],[68.66958,23.80986],[68.66986,23.80986],[68.66986,23.81042],[68.67013,23.81042],[68.67013,23.81069],[68.67125,23.81069],[68.67125,23.81097],[68.67237,23.81097],[68.67237,23.81069],[68.67431,23.81069],[68.67431,23.81097],[68.67542,23.81097],[68.67542,23.81069],[68.6757,23.81069],[68.6757,23.81014],[68.67597,23.81014],[68.67597,23.80931],[68.67625,23.80931],[68.67625,23.80875],[68.67653,23.80875],[68.67653,23.8082],[68.6768,23.8082],[68.6768,23.80764],[68.67792,23.80764],[68.67792,23.80875],[68.67764,23.80875],[68.67764,23.80959],[68.67735,23.80958],[68.67735,23.81014],[68.67709,23.81014],[68.67709,23.81125],[68.67681,23.81125],[68.67681,23.81209],[68.67709,23.81209],[68.67709,23.8132],[68.67735,23.81319],[68.67735,23.81431],[68.67792,23.81431],[68.67792,23.81459],[68.67819,23.81458],[68.67819,23.81486],[68.67875,23.81486],[68.67875,23.81514],[68.67931,23.81514],[68.67931,23.81542],[68.67958,23.81542],[68.67958,23.81569],[68.68014,23.81569],[68.68014,23.81597],[68.68041,23.81597],[68.68041,23.81625],[68.68097,23.81625],[68.68097,23.81653],[68.68153,23.81653],[68.68153,23.8168],[68.68181,23.8168],[68.68181,23.81708],[68.68236,23.81708],[68.68236,23.81736],[68.68264,23.81736],[68.68264,23.81792],[68.68291,23.81792],[68.68291,23.81875],[68.68264,23.81875],[68.68264,23.81931],[68.68347,23.81931],[68.68347,23.81959],[68.68403,23.81958],[68.68403,23.81986],[68.6846,23.81986],[68.6846,23.82014],[68.68486,23.82014],[68.68486,23.82042],[68.68542,23.82042],[68.68542,23.82069],[68.68598,23.82069],[68.68598,23.82097],[68.68653,23.82097],[68.68653,23.82125],[68.68682,23.82125],[68.68682,23.82153],[68.68736,23.82153],[68.68736,23.82181],[68.68847,23.82181],[68.68847,23.82208],[68.68931,23.82208],[68.68931,23.82236],[68.69041,23.82236],[68.69041,23.82264],[68.69458,23.82264],[68.69458,23.82292],[68.69681,23.82292],[68.69681,23.8232],[68.69847,23.8232],[68.69847,23.82348],[68.69986,23.82347],[68.69986,23.82375],[68.70154,23.82375],[68.70154,23.82403],[68.7032,23.82403],[68.70319,23.8243],[68.70487,23.8243],[68.70487,23.82458],[68.70625,23.82458],[68.70625,23.82486],[68.70764,23.82486],[68.70764,23.82514],[68.70903,23.82514],[68.70903,23.82542],[68.71099,23.82542],[68.71099,23.8257],[68.71736,23.8257],[68.71736,23.82597],[68.71848,23.82597],[68.71848,23.82625],[68.71931,23.82625],[68.71931,23.82653],[68.72014,23.82653],[68.72014,23.82682],[68.72097,23.82681],[68.72097,23.82709],[68.7218,23.82708],[68.72181,23.82736],[68.72265,23.82736],[68.72265,23.82764],[68.72347,23.82764],[68.72347,23.82792],[68.72431,23.82792],[68.72431,23.8282],[68.72486,23.8282],[68.72486,23.82847],[68.72569,23.82847],[68.72569,23.82875],[68.72625,23.82875],[68.72625,23.82903],[68.72652,23.82903],[68.72652,23.82931],[68.72708,23.82931],[68.72708,23.82958],[68.72736,23.82957],[68.72736,23.82986],[68.72791,23.82986],[68.72791,23.83014],[68.7282,23.83014],[68.7282,23.83042],[68.72875,23.83042],[68.72875,23.83069],[68.72986,23.83069],[68.72986,23.83097],[68.7307,23.83097],[68.7307,23.83125],[68.73125,23.83125],[68.73125,23.83153],[68.7318,23.83153],[68.7318,23.83181],[68.73236,23.83181],[68.73236,23.83208],[68.73264,23.83208],[68.73264,23.83236],[68.73319,23.83236],[68.73319,23.83264],[68.73375,23.83263],[68.73375,23.83292],[68.73431,23.83292],[68.73431,23.8332],[68.73487,23.8332],[68.73487,23.83347],[68.73542,23.83347],[68.73542,23.83375],[68.73597,23.83375],[68.73597,23.83403],[68.73653,23.83403],[68.73653,23.83431],[68.73709,23.83431],[68.73709,23.83459],[68.73736,23.83459],[68.73736,23.83486],[68.73765,23.83486],[68.73765,23.83542],[68.73792,23.83542],[68.73792,23.8357],[68.7382,23.8357],[68.7382,23.83597],[68.73903,23.83597],[68.73903,23.83625],[68.73986,23.83625],[68.73986,23.83653],[68.74097,23.83653],[68.74097,23.83681],[68.74181,23.83681],[68.74181,23.83709],[68.74264,23.83708],[68.74264,23.83903],[68.74319,23.83903],[68.74319,23.83931],[68.74375,23.83931],[68.74375,23.83986],[68.74403,23.83986],[68.74403,23.84182],[68.74375,23.84181],[68.74375,23.84236],[68.74319,23.84236],[68.74319,23.84264],[68.74292,23.84264],[68.74292,23.84347],[68.74319,23.84347],[68.74319,23.84375],[68.74264,23.84375],[68.74264,23.84347],[68.74236,23.84347],[68.74236,23.84319],[68.74208,23.8432],[68.74208,23.84292],[68.74153,23.84292],[68.74153,23.84264],[68.74125,23.84264],[68.74125,23.84236],[68.74098,23.84236],[68.74098,23.84208],[68.74069,23.84208],[68.74069,23.84181],[68.74014,23.84182],[68.74014,23.84153],[68.73986,23.84153],[68.73986,23.84125],[68.73959,23.84125],[68.73959,23.84097],[68.73931,23.84097],[68.73931,23.8407],[68.73903,23.8407],[68.73903,23.84042],[68.73847,23.84042],[68.73847,23.84014],[68.7382,23.84014],[68.7382,23.83986],[68.73792,23.83986],[68.73792,23.83958],[68.73764,23.83958],[68.73764,23.83931],[68.73708,23.83931],[68.73708,23.83903],[68.73681,23.83903],[68.73681,23.83876],[68.73653,23.83876],[68.73653,23.83847],[68.73625,23.83847],[68.73625,23.8382],[68.73597,23.8382],[68.73597,23.83792],[68.73542,23.83792],[68.73542,23.83764],[68.73514,23.83764],[68.73514,23.83736],[68.73487,23.83736],[68.73487,23.83708],[68.73458,23.83709],[68.73458,23.83681],[68.73402,23.83681],[68.73402,23.83653],[68.73375,23.83653],[68.73375,23.83625],[68.73347,23.83625],[68.73347,23.83597],[68.73319,23.83597],[68.73319,23.8357],[68.73264,23.8357],[68.73264,23.83542],[68.73236,23.83542],[68.73236,23.83514],[68.73209,23.83514],[68.73209,23.83486],[68.73153,23.83486],[68.73153,23.83459],[68.73125,23.83459],[68.73125,23.83431],[68.73097,23.83431],[68.73097,23.83403],[68.73042,23.83403],[68.73042,23.83375],[68.73014,23.83375],[68.73014,23.83347],[68.72986,23.83347],[68.72986,23.8332],[68.72959,23.8332],[68.72959,23.83292],[68.72931,23.83292],[68.72931,23.83263],[68.72903,23.83264],[68.72903,23.83236],[68.72875,23.83236],[68.72875,23.83208],[68.72847,23.83208],[68.72847,23.83181],[68.7282,23.83181],[68.7282,23.83153],[68.72791,23.83153],[68.72791,23.83125],[68.72764,23.83125],[68.72764,23.83097],[68.7232,23.83097],[68.7232,23.83125],[68.72293,23.83125],[68.72293,23.83153],[68.72236,23.83153],[68.72236,23.83181],[68.72209,23.83181],[68.72209,23.83208],[68.72236,23.83208],[68.72236,23.83236],[68.7232,23.83236],[68.7232,23.83264],[68.72403,23.83263],[68.72403,23.83292],[68.72486,23.83292],[68.72486,23.8332],[68.72542,23.8332],[68.72542,23.83347],[68.72625,23.83347],[68.72625,23.83375],[68.72708,23.83375],[68.72708,23.83403],[68.72764,23.83403],[68.72764,23.83431],[68.7282,23.83431],[68.7282,23.83459],[68.72847,23.83459],[68.72847,23.83486],[68.72903,23.83486],[68.72903,23.83514],[68.72958,23.83514],[68.72958,23.83542],[68.73014,23.83542],[68.73014,23.8357],[68.73042,23.8357],[68.73042,23.83597],[68.73097,23.83597],[68.73097,23.83625],[68.73152,23.83625],[68.73152,23.83653],[68.73209,23.83653],[68.73209,23.83681],[68.73236,23.83681],[68.73236,23.83709],[68.73292,23.83708],[68.73292,23.83736],[68.73265,23.83736],[68.73265,23.83764],[68.73209,23.83764],[68.73209,23.83792],[68.73181,23.83792],[68.73181,23.8382],[68.73125,23.8382],[68.73125,23.83847],[68.73097,23.83847],[68.73097,23.83876],[68.7307,23.83876],[68.7307,23.83903],[68.73014,23.83903],[68.73014,23.83931],[68.72986,23.83931],[68.72986,23.83958],[68.73014,23.83958],[68.73014,23.83986],[68.73097,23.83986],[68.73097,23.83958],[68.73153,23.83958],[68.73153,23.83931],[68.73209,23.83931],[68.73209,23.83903],[68.73236,23.83903],[68.73236,23.83876],[68.73292,23.83876],[68.73292,23.83847],[68.73348,23.83847],[68.73348,23.8382],[68.73402,23.8382],[68.73402,23.83792],[68.73487,23.83792],[68.73487,23.8382],[68.73514,23.83819],[68.73514,23.83876],[68.73542,23.83876],[68.73542,23.83931],[68.73569,23.83931],[68.73569,23.84125],[68.73597,23.84125],[68.73597,23.84182],[68.73625,23.84181],[68.73625,23.84236],[68.73653,23.84236],[68.73653,23.84264],[68.73681,23.84264],[68.73681,23.8432],[68.73708,23.8432],[68.73708,23.84375],[68.73597,23.84375],[68.73597,23.84347],[68.73514,23.84347],[68.73514,23.84319],[68.73375,23.84319],[68.73375,23.84347],[68.73347,23.84347],[68.73347,23.84375],[68.73319,23.84375],[68.73319,23.84403],[68.73292,23.84403],[68.73292,23.84431],[68.73264,23.84431],[68.73264,23.84458],[68.73236,23.84457],[68.73236,23.84514],[68.73209,23.84514],[68.73209,23.84542],[68.73125,23.84542],[68.73125,23.84569],[68.73097,23.84569],[68.73097,23.84597],[68.73042,23.84597],[68.73042,23.84625],[68.72569,23.84625],[68.72569,23.84681],[68.72542,23.84681],[68.72542,23.84736],[68.72514,23.84736],[68.72514,23.84792],[68.72542,23.84792],[68.72542,23.84819],[68.72569,23.84819],[68.72569,23.84847],[68.72598,23.84847],[68.72598,23.84875],[68.72625,23.84875],[68.72625,23.84931],[68.72653,23.84931],[68.72653,23.84958],[68.72681,23.84958],[68.72681,23.84986],[68.72708,23.84986],[68.72708,23.85014],[68.72736,23.85014],[68.72736,23.8507],[68.72764,23.8507],[68.72764,23.85125],[68.72791,23.85125],[68.72791,23.85208],[68.7282,23.85208],[68.7282,23.85292],[68.72847,23.85292],[68.72847,23.85347],[68.72875,23.85347],[68.72875,23.85431],[68.72903,23.85431],[68.72903,23.85486],[68.72958,23.85486],[68.72958,23.85514],[68.72986,23.85514],[68.72986,23.85542],[68.73042,23.85542],[68.73042,23.8557],[68.73097,23.8557],[68.73097,23.85597],[68.73152,23.85597],[68.73152,23.85625],[68.7318,23.85625],[68.7318,23.85653],[68.73236,23.85653],[68.73236,23.85681],[68.73292,23.85681],[68.73292,23.85708],[68.73347,23.85708],[68.73347,23.85736],[68.73375,23.85736],[68.73375,23.85764],[68.73431,23.85764],[68.73431,23.85792],[68.73487,23.85792],[68.73487,23.85819],[68.73542,23.85819],[68.73542,23.85847],[68.73569,23.85847],[68.73569,23.85875],[68.73625,23.85875],[68.73625,23.85903],[68.73681,23.85903],[68.73681,23.85931],[68.73709,23.85931],[68.73709,23.85958],[68.73736,23.85958],[68.73736,23.85986],[68.73792,23.85986],[68.73792,23.86014],[68.73847,23.86014],[68.73847,23.86042],[68.73931,23.86042],[68.73931,23.8607],[68.73986,23.8607],[68.73986,23.86097],[68.74014,23.86097],[68.74014,23.8607],[68.74042,23.8607],[68.74042,23.86097],[68.74236,23.86097],[68.74236,23.8607],[68.74347,23.8607],[68.74347,23.86042],[68.74403,23.86042],[68.74403,23.86014],[68.7457,23.86014],[68.7457,23.85986],[68.7468,23.85986],[68.7468,23.86014],[68.74709,23.86014],[68.74709,23.8607],[68.74736,23.86069],[68.74736,23.86181],[68.74764,23.8618],[68.74764,23.86209],[68.74792,23.86209],[68.74792,23.86236],[68.74819,23.86236],[68.74819,23.86264],[68.74848,23.86264],[68.74848,23.8632],[68.74875,23.8632],[68.74875,23.86347],[68.74903,23.86347],[68.74903,23.86375],[68.74847,23.86375],[68.74847,23.86347],[68.74792,23.86347],[68.74792,23.8632],[68.7471,23.86319],[68.74709,23.86292],[68.74653,23.86292],[68.74653,23.86319],[68.74625,23.8632],[68.74625,23.86347],[68.74597,23.86347],[68.74597,23.86375],[68.7457,23.86375],[68.7457,23.86542],[68.74597,23.86542],[68.74597,23.86597],[68.74625,23.86597],[68.74625,23.86625],[68.7468,23.86625],[68.7468,23.86653],[68.7471,23.86653],[68.7471,23.86681],[68.74764,23.86681],[68.74764,23.86708],[68.74792,23.86708],[68.74792,23.86736],[68.74819,23.86736],[68.74819,23.86764],[68.74875,23.86764],[68.74875,23.86792],[68.74903,23.86792],[68.74903,23.8682],[68.74931,23.8682],[68.74931,23.86847],[68.74958,23.86847],[68.74958,23.86875],[68.75014,23.86874],[68.75014,23.86903],[68.75042,23.86903],[68.75042,23.86931],[68.75097,23.86931],[68.75097,23.86959],[68.75125,23.86959],[68.75125,23.86986],[68.75181,23.86986],[68.75181,23.87014],[68.75208,23.87014],[68.75208,23.87042],[68.75263,23.87042],[68.75263,23.8707],[68.75292,23.8707],[68.75292,23.87097],[68.7532,23.87097],[68.7532,23.87125],[68.75375,23.87125],[68.75375,23.87153],[68.75403,23.87153],[68.75403,23.87181],[68.7543,23.87181],[68.7543,23.87208],[68.75459,23.87208],[68.75459,23.87236],[68.75514,23.87236],[68.75514,23.87264],[68.75542,23.87264],[68.75542,23.87292],[68.75569,23.87292],[68.75569,23.87319],[68.75625,23.87319],[68.75625,23.87347],[68.75681,23.87347],[68.75681,23.87375],[68.75708,23.87375],[68.75708,23.87403],[68.75764,23.87403],[68.75764,23.87431],[68.75847,23.87431],[68.75847,23.87458],[68.75903,23.87458],[68.75903,23.87487],[68.76126,23.87487],[68.76126,23.87542],[68.75903,23.87542],[68.75903,23.87569],[68.75653,23.87569],[68.75653,23.87542],[68.75542,23.87542],[68.75542,23.87514],[68.7543,23.87514],[68.7543,23.87487],[68.75403,23.87487],[68.75403,23.87431],[68.75375,23.87431],[68.75375,23.87403],[68.75347,23.87403],[68.75347,23.87347],[68.7532,23.87347],[68.7532,23.87319],[68.75292,23.87319],[68.75292,23.87292],[68.75263,23.87292],[68.75263,23.87264],[68.75208,23.87264],[68.75208,23.87236],[68.75181,23.87236],[68.75181,23.87208],[68.75153,23.87208],[68.75153,23.87181],[68.75125,23.87181],[68.75125,23.87153],[68.75097,23.87153],[68.75097,23.87125],[68.75042,23.87125],[68.75042,23.87097],[68.74986,23.87097],[68.74986,23.8707],[68.74903,23.8707],[68.74903,23.87042],[68.74847,23.87042],[68.74847,23.87014],[68.74819,23.87014],[68.74819,23.86986],[68.74764,23.86986],[68.74764,23.86959],[68.74736,23.86959],[68.74736,23.86931],[68.7468,23.86931],[68.7468,23.86903],[68.74653,23.86903],[68.74653,23.86874],[68.74625,23.86875],[68.74625,23.86847],[68.7457,23.86847],[68.7457,23.8682],[68.74542,23.8682],[68.74542,23.86792],[68.74514,23.86792],[68.74514,23.86764],[68.74486,23.86764],[68.74486,23.86736],[68.74431,23.86736],[68.74431,23.86708],[68.7432,23.86708],[68.7432,23.86681],[68.74208,23.86681],[68.74208,23.86625],[68.74181,23.86625],[68.74181,23.86597],[68.74153,23.86597],[68.74153,23.8657],[68.74125,23.8657],[68.74125,23.86542],[68.74097,23.86542],[68.74097,23.86514],[68.74042,23.86514],[68.74042,23.86486],[68.74014,23.86486],[68.74014,23.86459],[68.73986,23.86459],[68.73986,23.86431],[68.7393,23.86431],[68.7393,23.86403],[68.73875,23.86403],[68.73875,23.86375],[68.7382,23.86375],[68.7382,23.86347],[68.73764,23.86347],[68.73764,23.8632],[68.73708,23.86319],[68.73709,23.86292],[68.73653,23.86293],[68.73653,23.86264],[68.73569,23.86264],[68.73569,23.86236],[68.73487,23.86236],[68.73487,23.86209],[68.73014,23.86209],[68.73014,23.8618],[68.72986,23.86181],[68.72986,23.86125],[68.72958,23.86125],[68.72958,23.86097],[68.72931,23.86097],[68.72931,23.8607],[68.72903,23.8607],[68.72903,23.86042],[68.72875,23.86042],[68.72875,23.86014],[68.72846,23.86014],[68.72846,23.85986],[68.72791,23.85986],[68.72791,23.85958],[68.72708,23.85958],[68.72708,23.85931],[68.71848,23.85931],[68.71848,23.85903],[68.71819,23.85903],[68.71819,23.85875],[68.71792,23.85875],[68.71792,23.85847],[68.71764,23.85847],[68.71764,23.85819],[68.71709,23.85819],[68.71709,23.85792],[68.7168,23.85792],[68.7168,23.85764],[68.71625,23.85764],[68.71625,23.85736],[68.71208,23.85736],[68.71208,23.85764],[68.70903,23.85764],[68.70903,23.85792],[68.70709,23.85792],[68.70709,23.85819],[68.70487,23.85819],[68.70487,23.85792],[68.70348,23.85792],[68.70348,23.85764],[68.70319,23.85764],[68.70319,23.85736],[68.70292,23.85736],[68.70292,23.8568],[68.70181,23.85681],[68.70181,23.85708],[68.70097,23.85708],[68.70097,23.85736],[68.70042,23.85736],[68.70042,23.85764],[68.69986,23.85764],[68.69986,23.85792],[68.6993,23.85792],[68.6993,23.85819],[68.69876,23.85819],[68.69876,23.85847],[68.6982,23.85847],[68.6982,23.85875],[68.69654,23.85875],[68.69654,23.85903],[68.69597,23.85903],[68.69597,23.85931],[68.69542,23.85931],[68.69542,23.85958],[68.69486,23.85958],[68.69486,23.85986],[68.69431,23.85986],[68.69431,23.86014],[68.69375,23.86014],[68.69375,23.86042],[68.69348,23.86042],[68.69348,23.8607],[68.69292,23.8607],[68.69292,23.86097],[68.68903,23.86097],[68.68903,23.86125],[68.68736,23.86125],[68.68736,23.86153],[68.68374,23.86153],[68.68374,23.86181],[68.67792,23.86181],[68.67792,23.86153],[68.6768,23.86153],[68.6768,23.86125],[68.67486,23.86125],[68.67486,23.86153],[68.67181,23.86153],[68.67181,23.86125],[68.67097,23.86125],[68.67097,23.86097],[68.67042,23.86097],[68.67042,23.8607],[68.66958,23.8607],[68.66958,23.86042],[68.66903,23.86042],[68.66903,23.86014],[68.66875,23.86014],[68.66875,23.85986],[68.6682,23.85986],[68.6682,23.85958],[68.66792,23.85958],[68.66792,23.85931],[68.66736,23.85931],[68.66736,23.85903],[68.66708,23.85903],[68.66708,23.85875],[68.66681,23.85875],[68.66681,23.85847],[68.66625,23.85847],[68.66625,23.85819],[68.6657,23.85819],[68.6657,23.85792],[68.66514,23.85792],[68.66514,23.85764],[68.66431,23.85764],[68.66431,23.85792],[68.66236,23.85792],[68.66236,23.85819],[68.66153,23.85819],[68.66153,23.85847],[68.66014,23.85847],[68.66014,23.85792],[68.66043,23.85792],[68.66043,23.85764],[68.6607,23.85764],[68.6607,23.85736],[68.66097,23.85736],[68.66097,23.85708],[68.66125,23.85708],[68.66125,23.85681],[68.66153,23.85681],[68.66153,23.85653],[68.66236,23.85653],[68.66236,23.85681],[68.66264,23.85681],[68.66264,23.85708],[68.66375,23.85708],[68.66375,23.85681],[68.66403,23.85681],[68.66403,23.85653],[68.66431,23.85653],[68.66431,23.85681],[68.66541,23.85681],[68.66541,23.85597],[68.66514,23.85597],[68.66514,23.85542],[68.66486,23.85542],[68.66486,23.85486],[68.66514,23.85486],[68.66514,23.85458],[68.66541,23.85459],[68.66541,23.85431],[68.6657,23.85431],[68.6657,23.85403],[68.66597,23.85403],[68.66597,23.85347],[68.66625,23.85347],[68.66625,23.85264],[68.66597,23.85264],[68.66597,23.85208],[68.6657,23.85208],[68.6657,23.85181],[68.66487,23.85181],[68.66487,23.85153],[68.66431,23.85153],[68.66431,23.85125],[68.66402,23.85125],[68.66402,23.85097],[68.66348,23.85097],[68.66348,23.8507],[68.66292,23.8507],[68.66292,23.85042],[68.66237,23.85042],[68.66237,23.85014],[68.66209,23.85014],[68.66209,23.84986],[68.66153,23.84986],[68.66153,23.84958],[68.66097,23.84958],[68.66097,23.84931],[68.6607,23.84931],[68.6607,23.84903],[68.66014,23.84903],[68.66014,23.84875],[68.65986,23.84875],[68.65986,23.84847],[68.6593,23.84847],[68.6593,23.84819],[68.65903,23.84819],[68.65903,23.84792],[68.65847,23.84792],[68.65847,23.84763],[68.6582,23.84764],[68.6582,23.84736],[68.65764,23.84736],[68.65764,23.84708],[68.65737,23.84708],[68.65737,23.84681],[68.65681,23.84681],[68.65681,23.84653],[68.65624,23.84653],[68.65624,23.84625],[68.65542,23.84625],[68.65542,23.84597],[68.65375,23.84597],[68.65375,23.84625],[68.65264,23.84625],[68.65264,23.84653],[68.6518,23.84653],[68.6518,23.84681],[68.65042,23.84681],[68.65042,23.84708],[68.64986,23.84708],[68.64986,23.84736],[68.64958,23.84736],[68.64958,23.84792],[68.6482,23.84792],[68.6482,23.84763],[68.64792,23.84764],[68.64792,23.84708],[68.6482,23.84708],[68.6482,23.84653],[68.64849,23.84653],[68.64849,23.84597],[68.64875,23.84597],[68.64875,23.84569],[68.64903,23.84569],[68.64903,23.84542],[68.64931,23.84542],[68.64931,23.84514],[68.64958,23.84514],[68.64958,23.84486],[68.64987,23.84486],[68.64987,23.84458],[68.65014,23.84458],[68.65014,23.84431],[68.64986,23.84431],[68.64986,23.84403],[68.64958,23.84403],[68.64958,23.84431],[68.64903,23.84431],[68.64903,23.84458],[68.64848,23.84458],[68.64848,23.84486],[68.6482,23.84486],[68.6482,23.84514],[68.64792,23.84514],[68.64792,23.84542],[68.64709,23.84542],[68.64709,23.84569],[68.64653,23.84569],[68.64653,23.84597],[68.64625,23.84597],[68.64625,23.84625],[68.64486,23.84625],[68.64486,23.84597],[68.64459,23.84597],[68.64459,23.84569],[68.64486,23.84569],[68.64486,23.84514],[68.64514,23.84514],[68.64514,23.84486],[68.64625,23.84486],[68.64625,23.84458],[68.64653,23.84458],[68.64653,23.84431],[68.64737,23.84431],[68.64737,23.84375],[68.64764,23.84375],[68.64764,23.84347],[68.64792,23.84347],[68.64792,23.84319],[68.64849,23.8432],[68.64849,23.84292],[68.64792,23.84292],[68.64792,23.84264],[68.64737,23.84264],[68.64737,23.84236],[68.64709,23.84236],[68.64709,23.84181],[68.6468,23.84182],[68.6468,23.83958],[68.64653,23.83958],[68.64653,23.83931],[68.64625,23.83931],[68.64625,23.83903],[68.64598,23.83903],[68.64598,23.83876],[68.64569,23.83876],[68.64569,23.83847],[68.64542,23.83847],[68.64542,23.8382],[68.64514,23.8382],[68.64514,23.83792],[68.6443,23.83792],[68.6443,23.83764],[68.64347,23.83764],[68.64347,23.83736],[68.64264,23.83736],[68.64264,23.83708],[68.64125,23.83709],[68.64125,23.83681],[68.64014,23.83681],[68.64014,23.83653],[68.63875,23.83653],[68.63875,23.83625],[68.63736,23.83625],[68.63736,23.83597],[68.63458,23.83597],[68.63458,23.8357],[68.63181,23.8357],[68.63181,23.83542],[68.62708,23.83542],[68.62708,23.8357],[68.62542,23.8357],[68.62542,23.83597],[68.62403,23.83597],[68.62403,23.83625],[68.62236,23.83625],[68.62236,23.83653],[68.6207,23.83653],[68.6207,23.83681],[68.61931,23.83681],[68.61931,23.83709],[68.61819,23.83708],[68.61819,23.83736],[68.6168,23.83736],[68.6168,23.83764],[68.61514,23.83764],[68.61514,23.83792],[68.61486,23.83792],[68.61486,23.83876],[68.61459,23.83876],[68.61459,23.83903],[68.6143,23.83903],[68.6143,23.83876],[68.61403,23.83876],[68.61403,23.83819],[68.61375,23.8382],[68.61375,23.83792],[68.61347,23.83792],[68.61347,23.83764],[68.61236,23.83764],[68.61236,23.83792],[68.61209,23.83792],[68.61209,23.8382],[68.61181,23.8382],[68.61181,23.83847],[68.61097,23.83847],[68.61097,23.8382],[68.60486,23.8382],[68.60486,23.83847],[68.60431,23.83847],[68.60431,23.83876],[68.60375,23.83876],[68.60375,23.83903],[68.6032,23.83903],[68.6032,23.83931],[68.60264,23.83931],[68.60264,23.83958],[68.60208,23.83958],[68.60208,23.83986],[68.60235,23.83986],[68.60235,23.84042],[68.60208,23.84042],[68.60208,23.84097],[68.60181,23.84097],[68.60181,23.84182],[68.60208,23.84181],[68.60209,23.84375],[68.60181,23.84375],[68.60181,23.84403],[68.60152,23.84403],[68.60152,23.84458],[68.60125,23.84458],[68.60125,23.84486],[68.60098,23.84486],[68.60098,23.84514],[68.60069,23.84514],[68.60069,23.84542],[68.60014,23.84542],[68.60014,23.84653],[68.60042,23.84653],[68.60042,23.84708],[68.60181,23.84708],[68.60181,23.84736],[68.60237,23.84736],[68.60237,23.84764],[68.60264,23.84763],[68.60264,23.84792],[68.60291,23.84792],[68.60291,23.84819],[68.6032,23.84819],[68.6032,23.84847],[68.60347,23.84847],[68.60347,23.84875],[68.60375,23.84875],[68.60375,23.84903],[68.60403,23.84903],[68.60403,23.84931],[68.60431,23.84931],[68.60431,23.84958],[68.60457,23.84958],[68.60457,23.84986],[68.60431,23.84986],[68.60431,23.85014],[68.60375,23.85014],[68.60375,23.84986],[68.60347,23.84986],[68.60347,23.84958],[68.6032,23.84958],[68.6032,23.84903],[68.60264,23.84903],[68.60264,23.84875],[68.60235,23.84875],[68.60235,23.84847],[68.60208,23.84847],[68.60208,23.84819],[68.60181,23.84819],[68.60181,23.84792],[68.59986,23.84792],[68.59986,23.84763],[68.59903,23.84764],[68.59903,23.84736],[68.59875,23.84736],[68.59875,23.84569],[68.59903,23.84569],[68.59903,23.84514],[68.5993,23.84514],[68.5993,23.84486],[68.59959,23.84486],[68.59959,23.84458],[68.60042,23.84458],[68.60042,23.84431],[68.60069,23.84431],[68.60069,23.84403],[68.60098,23.84403],[68.60098,23.84264],[68.60069,23.84264],[68.60069,23.84125],[68.60042,23.84125],[68.60042,23.84042],[68.60014,23.84042],[68.60014,23.83958],[68.59709,23.83958],[68.59709,23.83931],[68.59597,23.83931],[68.59597,23.83903],[68.59486,23.83903],[68.59486,23.83876],[68.59375,23.83876],[68.59375,23.83847],[68.59264,23.83847],[68.59264,23.8382],[68.59181,23.8382],[68.59181,23.83792],[68.59042,23.83792],[68.59042,23.83764],[68.59015,23.83764],[68.59015,23.83736],[68.58986,23.83736],[68.58986,23.83708],[68.5893,23.83709],[68.5893,23.83681],[68.58875,23.83681],[68.58875,23.83653],[68.5882,23.83653],[68.5882,23.83625],[68.58791,23.83625],[68.58791,23.83597],[68.58764,23.83597],[68.58764,23.83542],[68.58736,23.83542],[68.58736,23.83514],[68.58681,23.83514],[68.58681,23.83458],[68.58652,23.83459],[68.58652,23.83431],[68.58625,23.83431],[68.58625,23.83403],[68.58599,23.83403],[68.58599,23.83375],[68.58542,23.83375],[68.58542,23.83347],[68.58514,23.83347],[68.58514,23.8332],[68.58486,23.8332],[68.58486,23.83264],[68.58459,23.83264],[68.58459,23.83236],[68.5843,23.83236],[68.5843,23.83208],[68.58403,23.83208],[68.58403,23.83181],[68.58375,23.83181],[68.58375,23.83153],[68.58348,23.83153],[68.58348,23.83097],[68.58319,23.83097],[68.58319,23.83069],[68.58292,23.83069],[68.58292,23.83042],[68.58264,23.83042],[68.58264,23.83014],[68.58236,23.83014],[68.58236,23.82986],[68.58208,23.82986],[68.58208,23.82957],[68.5818,23.82958],[68.5818,23.82931],[68.58153,23.82931],[68.58153,23.82903],[68.58125,23.82903],[68.58125,23.82875],[68.58097,23.82875],[68.58097,23.82847],[68.5807,23.82847],[68.5807,23.8282],[68.58042,23.8282],[68.58042,23.82764],[68.58014,23.82764],[68.58014,23.82708],[68.57987,23.82709],[68.57987,23.82653],[68.57958,23.82653],[68.57958,23.82597],[68.57875,23.82597],[68.57875,23.8257],[68.57848,23.8257],[68.57848,23.82542],[68.57792,23.82542],[68.57792,23.82514],[68.57764,23.82514],[68.57764,23.82486],[68.57736,23.82486],[68.57736,23.8243],[68.57708,23.82431],[68.57708,23.82403],[68.57681,23.82403],[68.57681,23.82375],[68.57653,23.82375],[68.57653,23.82347],[68.57625,23.82348],[68.57625,23.82292],[68.57597,23.82292],[68.57597,23.82264],[68.57569,23.82264],[68.57569,23.82236],[68.57542,23.82236],[68.57542,23.82181],[68.57515,23.82181],[68.57515,23.82153],[68.57486,23.82153],[68.57486,23.82125],[68.57458,23.82125],[68.57458,23.82069],[68.5743,23.82069],[68.5743,23.82014],[68.57403,23.82014],[68.57403,23.81958],[68.57376,23.81959],[68.57376,23.81903],[68.57347,23.81903],[68.57347,23.81847],[68.5732,23.81847],[68.5732,23.81792],[68.57291,23.81792],[68.57291,23.81736],[68.57264,23.81736],[68.57264,23.8168],[68.57237,23.8168],[68.57237,23.81625],[68.57208,23.81625],[68.57208,23.81569],[68.57181,23.81569],[68.57181,23.81542],[68.57153,23.81542],[68.57153,23.81486],[68.57125,23.81486],[68.57125,23.81458],[68.57097,23.81459],[68.57097,23.81403],[68.57069,23.81403],[68.57069,23.81319],[68.57042,23.8132],[68.57042,23.81209],[68.57014,23.81209],[68.57014,23.81097],[68.56986,23.81097],[68.56986,23.81042],[68.56958,23.81042],[68.56958,23.80958],[68.56931,23.80959],[68.56931,23.80903],[68.56903,23.80903],[68.56903,23.8082],[68.56875,23.8082],[68.56875,23.80764],[68.56847,23.80764],[68.56847,23.80708],[68.56819,23.80708],[68.56819,23.80653],[68.56792,23.80653],[68.56792,23.80569],[68.56764,23.8057],[68.56764,23.80486],[68.56736,23.80486],[68.56736,23.80431],[68.56709,23.80431],[68.56709,23.80347],[68.5668,23.80347],[68.5668,23.80292],[68.56653,23.80292],[68.56653,23.80236],[68.56625,23.80236],[68.56625,23.80153],[68.56595,23.80153],[68.56595,23.80097],[68.5657,23.80097],[68.5657,23.80014],[68.56541,23.80014],[68.56541,23.79959],[68.56514,23.79959],[68.56514,23.79903],[68.56486,23.79903],[68.56486,23.79847],[68.56458,23.79847],[68.56458,23.79791],[68.56431,23.79792],[68.56431,23.79764],[68.56403,23.79764],[68.56403,23.79736],[68.56375,23.79736],[68.56375,23.7968],[68.56347,23.79681],[68.56347,23.79652],[68.5632,23.79653],[68.5632,23.79625],[68.56292,23.79625],[68.56292,23.79569],[68.56264,23.79569],[68.56264,23.79542],[68.56236,23.79542],[68.56236,23.79514],[68.56208,23.79514],[68.56208,23.79458],[68.56181,23.79458],[68.56181,23.79431],[68.56153,23.79431],[68.56153,23.79403],[68.56125,23.79403],[68.56125,23.79375],[68.56097,23.79375],[68.56097,23.79319],[68.56069,23.7932],[68.56069,23.79292],[68.56042,23.79292],[68.56042,23.79264],[68.56014,23.79264],[68.56014,23.79236],[68.55986,23.79236],[68.55986,23.79208],[68.5593,23.79209],[68.5593,23.79181],[68.55903,23.79181],[68.55903,23.79153],[68.55875,23.79153],[68.55875,23.79125],[68.55847,23.79125],[68.55847,23.79071],[68.5582,23.79071],[68.5582,23.79042],[68.55791,23.79042],[68.55791,23.79014],[68.55764,23.79014],[68.55764,23.78958],[68.55736,23.78958],[68.55736,23.7893],[68.55708,23.7893],[68.55708,23.78903],[68.55681,23.78903],[68.55681,23.78847],[68.55653,23.78847],[68.55653,23.78819],[68.55625,23.78819],[68.55625,23.78792],[68.55597,23.78792],[68.55597,23.78736],[68.55569,23.78736],[68.55569,23.78681],[68.55542,23.78681],[68.55542,23.78625],[68.55514,23.78625],[68.55514,23.78569],[68.55486,23.7857],[68.55486,23.78514],[68.55458,23.78514],[68.55458,23.78486],[68.55431,23.78486],[68.55431,23.78431],[68.55402,23.78431],[68.55402,23.78403],[68.55375,23.78403],[68.55375,23.78375],[68.55319,23.78375],[68.55319,23.78347],[68.55292,23.78347],[68.55292,23.78292],[68.55264,23.78292],[68.55264,23.78264],[68.55292,23.78264],[68.55292,23.78236],[68.55264,23.78237],[68.55264,23.78181],[68.55236,23.78181],[68.55236,23.78125],[68.55209,23.78125],[68.55209,23.7807],[68.55179,23.7807],[68.55179,23.78042],[68.55153,23.78042],[68.55153,23.78014],[68.55125,23.78014],[68.55125,23.77986],[68.55097,23.77986],[68.55097,23.77958],[68.5507,23.77958],[68.5507,23.77931],[68.55042,23.77931],[68.55042,23.77903],[68.55014,23.77903],[68.55014,23.77875],[68.54986,23.77875],[68.54986,23.77848],[68.54958,23.77848],[68.54958,23.77819],[68.54931,23.7782],[68.54931,23.77792],[68.54903,23.77792],[68.54903,23.77764],[68.54875,23.77764],[68.54875,23.77736],[68.54847,23.77736],[68.54847,23.77708],[68.5482,23.77708],[68.5482,23.77681],[68.54792,23.77681],[68.54792,23.77625],[68.54764,23.77625],[68.54764,23.77597],[68.54737,23.77597],[68.54737,23.77542],[68.54708,23.77542],[68.54708,23.77486],[68.54681,23.77486],[68.54681,23.77458],[68.54652,23.77458],[68.54652,23.77403],[68.54625,23.77403],[68.54625,23.77375],[68.54597,23.77375],[68.54597,23.7732],[68.54569,23.7732],[68.54569,23.77264],[68.54542,23.77264],[68.54542,23.77208],[68.54514,23.77209],[68.54514,23.77153],[68.54486,23.77153],[68.54486,23.77097],[68.54459,23.77097],[68.54459,23.7707],[68.54431,23.7707],[68.54431,23.77041],[68.54403,23.77042],[68.54403,23.77014],[68.54375,23.77014],[68.54375,23.76986],[68.5432,23.76986],[68.5432,23.76903],[68.54292,23.76903],[68.54292,23.76847],[68.54264,23.76847],[68.54264,23.76819],[68.54236,23.76819],[68.54236,23.76764],[68.54208,23.76764],[68.54208,23.76736],[68.54181,23.76736],[68.54181,23.76708],[68.54153,23.76708],[68.54153,23.76653],[68.54125,23.76654],[68.54125,23.76625],[68.54097,23.76625],[68.54097,23.76597],[68.5407,23.76597],[68.5407,23.76542],[68.54041,23.76542],[68.54041,23.76486],[68.54014,23.76486],[68.54014,23.76431],[68.53986,23.76431],[68.53986,23.76403],[68.53958,23.76403],[68.53958,23.76348],[68.53931,23.76348],[68.53931,23.76292],[68.53902,23.76292],[68.53902,23.76264],[68.53875,23.76264],[68.53875,23.76208],[68.53848,23.76208],[68.53848,23.76181],[68.53819,23.76181],[68.53819,23.76153],[68.53792,23.76153],[68.53792,23.76097],[68.53764,23.76097],[68.53764,23.76042],[68.53736,23.76042],[68.53736,23.76014],[68.53709,23.76014],[68.53709,23.75986],[68.5368,23.75986],[68.5368,23.75958],[68.53653,23.75958],[68.53653,23.75903],[68.53625,23.75903],[68.53625,23.75875],[68.53597,23.75875],[68.53597,23.75847],[68.5357,23.75847],[68.5357,23.75792],[68.53543,23.75792],[68.53543,23.75764],[68.53514,23.75764],[68.53514,23.75708],[68.53486,23.75709],[68.53486,23.7568],[68.53458,23.75681],[68.53458,23.75653],[68.53403,23.75653],[68.53403,23.75625],[68.53347,23.75625],[68.53347,23.75597],[68.53208,23.75597],[68.53208,23.75625],[68.53069,23.75625],[68.53069,23.75597],[68.53042,23.75597],[68.53042,23.75569],[68.52985,23.7557],[68.52985,23.75542],[68.52903,23.75542],[68.52903,23.7557],[68.52875,23.75569],[68.52875,23.75597],[68.52847,23.75597],[68.52847,23.75625],[68.52792,23.75625],[68.52792,23.75653],[68.52764,23.75653],[68.52764,23.75681],[68.52709,23.7568],[68.52709,23.75709],[68.5268,23.75709],[68.5268,23.75736],[68.52625,23.75735],[68.52625,23.75792],[68.52597,23.75792],[68.52597,23.7582],[68.5257,23.75819],[68.5257,23.75875],[68.52541,23.75875],[68.52541,23.75903],[68.52514,23.75903],[68.52514,23.76069],[68.52541,23.76069],[68.52541,23.76125],[68.5257,23.76125],[68.5257,23.76264],[68.52597,23.76264],[68.52597,23.76375],[68.52625,23.76375],[68.52625,23.76625],[68.52653,23.76625],[68.52653,23.76681],[68.52681,23.76681],[68.52681,23.76875],[68.52653,23.76875],[68.52653,23.76958],[68.5268,23.76958],[68.52681,23.77125],[68.52653,23.77125],[68.52653,23.77264],[68.52625,23.77264],[68.52625,23.77347],[68.52597,23.77347],[68.52597,23.77375],[68.5257,23.77375],[68.5257,23.77431],[68.52541,23.77431],[68.52541,23.77514],[68.52514,23.77514],[68.52514,23.77569],[68.52487,23.77569],[68.52487,23.77597],[68.52458,23.77597],[68.52458,23.77625],[68.52431,23.77625],[68.52431,23.77681],[68.52403,23.77681],[68.52403,23.77708],[68.52348,23.77708],[68.52349,23.77736],[68.52292,23.77736],[68.52292,23.77764],[68.52236,23.77764],[68.52236,23.7782],[68.52209,23.77819],[68.52209,23.77848],[68.52153,23.77848],[68.52153,23.77875],[68.52098,23.77875],[68.52098,23.77903],[68.52014,23.77903],[68.52014,23.77931],[68.51903,23.77931],[68.51903,23.77958],[68.51875,23.77958],[68.51875,23.77986],[68.51847,23.77986],[68.51847,23.78014],[68.5182,23.78014],[68.5182,23.78042],[68.51791,23.78042],[68.51791,23.7807],[68.51736,23.7807],[68.51736,23.78181],[68.51708,23.78181],[68.51708,23.78208],[68.51681,23.78208],[68.51681,23.78264],[68.51653,23.78264],[68.51653,23.78319],[68.51625,23.78319],[68.51625,23.78403],[68.51653,23.78403],[68.51653,23.78459],[68.51625,23.78458],[68.51625,23.78486],[68.51542,23.78486],[68.51542,23.78542],[68.5157,23.78542],[68.5157,23.78597],[68.51598,23.78597],[68.51598,23.78653],[68.51625,23.78653],[68.51625,23.78847],[68.51653,23.78847],[68.51653,23.79042],[68.51681,23.79042],[68.51681,23.79071],[68.51708,23.7907],[68.51708,23.79097],[68.51791,23.79097],[68.51791,23.79125],[68.51764,23.79125],[68.51764,23.79236],[68.51736,23.79236],[68.51736,23.79375],[68.51764,23.79375],[68.51764,23.79486],[68.51791,23.79486],[68.51791,23.79542],[68.5182,23.79542],[68.5182,23.79569],[68.51875,23.79569],[68.51875,23.79598],[68.51903,23.79597],[68.51903,23.79625],[68.5193,23.79625],[68.5193,23.79653],[68.51986,23.79652],[68.51986,23.79681],[68.52014,23.7968],[68.52014,23.79736],[68.52068,23.79736],[68.52068,23.79764],[68.52153,23.79764],[68.52153,23.79792],[68.52209,23.79791],[68.52209,23.7982],[68.52264,23.7982],[68.52264,23.79847],[68.52292,23.79847],[68.52292,23.79875],[68.52349,23.79875],[68.52349,23.79903],[68.52404,23.79903],[68.52404,23.79931],[68.52431,23.79931],[68.52431,23.79959],[68.52487,23.79959],[68.52487,23.79986],[68.52514,23.79986],[68.52514,23.80014],[68.52541,23.80014],[68.52541,23.80042],[68.52792,23.80042],[68.52792,23.80014],[68.53098,23.80014],[68.53098,23.80042],[68.53125,23.80042],[68.53125,23.80097],[68.53152,23.80097],[68.53152,23.80153],[68.53181,23.80153],[68.53181,23.80181],[68.53208,23.80181],[68.53208,23.80236],[68.53236,23.80236],[68.53236,23.80292],[68.53264,23.80292],[68.53264,23.80319],[68.53291,23.80319],[68.53291,23.80375],[68.53321,23.80375],[68.53321,23.80403],[68.53347,23.80403],[68.53347,23.80431],[68.53375,23.80431],[68.53375,23.80486],[68.53403,23.80486],[68.53403,23.8057],[68.5343,23.8057],[68.53431,23.80597],[68.53486,23.80597],[68.53486,23.80625],[68.53514,23.80625],[68.53514,23.80792],[68.53486,23.80792],[68.53486,23.80903],[68.53459,23.80903],[68.53459,23.80959],[68.53431,23.80958],[68.53431,23.81125],[68.53458,23.81125],[68.53458,23.81153],[68.53486,23.81153],[68.53486,23.81181],[68.53514,23.81181],[68.53514,23.81236],[68.53543,23.81236],[68.53543,23.81264],[68.5357,23.81264],[68.5357,23.8132],[68.53625,23.8132],[68.53625,23.81347],[68.53653,23.81347],[68.53653,23.81403],[68.5368,23.81403],[68.5368,23.81459],[68.53709,23.81458],[68.53709,23.81486],[68.53736,23.81486],[68.53736,23.81514],[68.53709,23.81514],[68.53709,23.81542],[68.53653,23.81542],[68.53653,23.81514],[68.53625,23.81514],[68.53625,23.81459],[68.53598,23.81459],[68.53598,23.81403],[68.53543,23.81403],[68.53543,23.81375],[68.53514,23.81375],[68.53514,23.81319],[68.53486,23.8132],[68.53486,23.81264],[68.53458,23.81264],[68.53458,23.81236],[68.5343,23.81236],[68.5343,23.81181],[68.53375,23.81181],[68.53375,23.81153],[68.53347,23.81153],[68.53347,23.80958],[68.53375,23.80959],[68.53375,23.80903],[68.53403,23.80903],[68.53403,23.80792],[68.5343,23.80792],[68.5343,23.80736],[68.53403,23.80736],[68.53403,23.80708],[68.53375,23.80708],[68.53375,23.80653],[68.53347,23.80653],[68.53347,23.80625],[68.5332,23.80625],[68.5332,23.80597],[68.53291,23.80597],[68.53291,23.80514],[68.53264,23.80514],[68.53264,23.80458],[68.53237,23.80458],[68.53237,23.80431],[68.53208,23.80431],[68.53208,23.80375],[68.53181,23.80375],[68.53181,23.80347],[68.53153,23.80347],[68.53153,23.80292],[68.53125,23.80292],[68.53125,23.80265],[68.53098,23.80265],[68.53098,23.80208],[68.53069,23.80208],[68.53069,23.80181],[68.53042,23.80181],[68.53042,23.80153],[68.53014,23.80153],[68.53014,23.80125],[68.52903,23.80125],[68.52903,23.80153],[68.5282,23.80153],[68.5282,23.80181],[68.52709,23.80181],[68.52709,23.80208],[68.52597,23.80208],[68.52597,23.80236],[68.5257,23.80236],[68.5257,23.80265],[68.52541,23.80265],[68.52541,23.80375],[68.52514,23.80375],[68.52514,23.80514],[68.52487,23.80514],[68.52487,23.8057],[68.52458,23.8057],[68.52458,23.80597],[68.52431,23.80597],[68.52431,23.80625],[68.52403,23.80625],[68.52403,23.80681],[68.52375,23.80681],[68.52375,23.80736],[68.52349,23.80736],[68.52349,23.80764],[68.5232,23.80764],[68.5232,23.80792],[68.52292,23.80792],[68.52292,23.80847],[68.52264,23.80846],[68.52264,23.80875],[68.52236,23.80875],[68.52236,23.80931],[68.52209,23.80931],[68.52209,23.81014],[68.52181,23.81014],[68.52181,23.81097],[68.52153,23.81097],[68.52153,23.81153],[68.5218,23.81153],[68.5218,23.81236],[68.52209,23.81236],[68.52209,23.81292],[68.52236,23.81292],[68.52236,23.81375],[68.52264,23.81375],[68.52264,23.81459],[68.52292,23.81458],[68.52292,23.81597],[68.5232,23.81597],[68.5232,23.81625],[68.52292,23.81625],[68.52292,23.81708],[68.52264,23.81708],[68.52264,23.81765],[68.52236,23.81765],[68.52236,23.81792],[68.5218,23.81792],[68.5218,23.8182],[68.52153,23.8182],[68.52153,23.81847],[68.52125,23.81847],[68.52125,23.81875],[68.52098,23.81875],[68.52098,23.81903],[68.52068,23.81903],[68.52068,23.81931],[68.52014,23.81931],[68.52014,23.81959],[68.51958,23.81958],[68.51958,23.81986],[68.51903,23.81986],[68.51903,23.82014],[68.51875,23.82014],[68.51875,23.82042],[68.5182,23.82042],[68.5182,23.82069],[68.51791,23.82069],[68.51791,23.82125],[68.51708,23.82125],[68.51708,23.82153],[68.51625,23.82153],[68.51625,23.82181],[68.5157,23.82181],[68.5157,23.82208],[68.51542,23.82208],[68.51542,23.82236],[68.51486,23.82236],[68.51486,23.82264],[68.51542,23.82264],[68.51542,23.82292],[68.51514,23.82292],[68.51514,23.82348],[68.51487,23.82347],[68.51487,23.82403],[68.51514,23.82403],[68.51514,23.82486],[68.51598,23.82486],[68.51598,23.82514],[68.51653,23.82514],[68.51653,23.82542],[68.51736,23.82542],[68.51736,23.8257],[68.51792,23.8257],[68.51792,23.82597],[68.51847,23.82597],[68.51847,23.82625],[68.5193,23.82625],[68.5193,23.82653],[68.52236,23.82653],[68.52236,23.82682],[68.5232,23.82681],[68.5232,23.82709],[68.52403,23.82709],[68.52403,23.82736],[68.52681,23.82736],[68.52681,23.82764],[68.53125,23.82764],[68.53125,23.82792],[68.5343,23.82792],[68.53431,23.8282],[68.53486,23.8282],[68.53486,23.82847],[68.5357,23.82847],[68.5357,23.82875],[68.53625,23.82875],[68.53625,23.82903],[68.5368,23.82903],[68.5368,23.82931],[68.53736,23.82931],[68.53736,23.82958],[68.53764,23.82957],[68.53764,23.82986],[68.53792,23.82986],[68.53792,23.83042],[68.53819,23.83042],[68.53819,23.83097],[68.53848,23.83097],[68.53848,23.83125],[68.53931,23.83125],[68.53931,23.83153],[68.53986,23.83153],[68.53986,23.83181],[68.54014,23.83181],[68.54014,23.83208],[68.5407,23.83208],[68.5407,23.83236],[68.54097,23.83236],[68.54097,23.83264],[68.54153,23.83263],[68.54153,23.83292],[68.54209,23.83292],[68.54209,23.8332],[68.54264,23.8332],[68.54264,23.83347],[68.54292,23.83347],[68.54292,23.83375],[68.5432,23.83375],[68.5432,23.83403],[68.54459,23.83403],[68.54459,23.83431],[68.54486,23.83431],[68.54486,23.83459],[68.54514,23.83459],[68.54514,23.83486],[68.54542,23.83486],[68.54542,23.83514],[68.54569,23.83514],[68.54569,23.83542],[68.54598,23.83542],[68.54598,23.8357],[68.54652,23.8357],[68.54652,23.83597],[68.54681,23.83597],[68.54681,23.83625],[68.54708,23.83625],[68.54708,23.83653],[68.54737,23.83653],[68.54737,23.83681],[68.54764,23.83681],[68.54764,23.83709],[68.54792,23.83708],[68.54792,23.83736],[68.54819,23.83736],[68.54819,23.83764],[68.54847,23.83764],[68.54847,23.83792],[68.54875,23.83792],[68.54875,23.8382],[68.54903,23.8382],[68.54903,23.83847],[68.54931,23.83847],[68.54931,23.83876],[68.54958,23.83876],[68.54958,23.83903],[68.54986,23.83903],[68.54986,23.83931],[68.55014,23.83931],[68.55014,23.83986],[68.55042,23.83986],[68.55042,23.84014],[68.5507,23.84014],[68.5507,23.8407],[68.55097,23.8407],[68.55097,23.84125],[68.55125,23.84125],[68.55125,23.84236],[68.55153,23.84236],[68.55153,23.8432],[68.55179,23.8432],[68.55179,23.84403],[68.55209,23.84403],[68.55209,23.84458],[68.55236,23.84457],[68.55236,23.84514],[68.55264,23.84514],[68.55264,23.84569],[68.55292,23.84569],[68.55292,23.84625],[68.55319,23.84625],[68.55319,23.84681],[68.55347,23.84681],[68.55347,23.84736],[68.55375,23.84736],[68.55375,23.84847],[68.55402,23.84847],[68.55402,23.84931],[68.55431,23.84931],[68.55431,23.85014],[68.55458,23.85014],[68.55458,23.8507],[68.55486,23.8507],[68.55486,23.85125],[68.55514,23.85125],[68.55514,23.85181],[68.55542,23.8518],[68.55542,23.85264],[68.55569,23.85264],[68.55569,23.8532],[68.55597,23.8532],[68.55597,23.85403],[68.55625,23.85403],[68.55625,23.85459],[68.55653,23.85458],[68.55653,23.85486],[68.55681,23.85486],[68.55681,23.85542],[68.55708,23.85542],[68.55708,23.8557],[68.55736,23.85569],[68.55736,23.85625],[68.55764,23.85625],[68.55764,23.85653],[68.55792,23.85653],[68.55792,23.85681],[68.5582,23.85681],[68.5582,23.85708],[68.55847,23.85708],[68.55847,23.85736],[68.55903,23.85736],[68.55903,23.85764],[68.5593,23.85764],[68.5593,23.85792],[68.55959,23.85792],[68.55959,23.85819],[68.56042,23.85819],[68.56042,23.85847],[68.56097,23.85847],[68.56097,23.85875],[68.56125,23.85875],[68.56125,23.85903],[68.56182,23.85903],[68.56182,23.85931],[68.56208,23.85931],[68.56208,23.85958],[68.56236,23.85958],[68.56236,23.85986],[68.56264,23.85986],[68.56264,23.86014],[68.56292,23.86014],[68.56292,23.86042],[68.5632,23.86042],[68.5632,23.8607],[68.56347,23.8607],[68.56347,23.86097],[68.56375,23.86097],[68.56375,23.86125],[68.56403,23.86125],[68.56403,23.86153],[68.56431,23.86153],[68.56431,23.86181],[68.56458,23.8618],[68.56458,23.86209],[68.56486,23.86209],[68.56486,23.86236],[68.56514,23.86236],[68.56514,23.86264],[68.56541,23.86264],[68.56541,23.86293],[68.5657,23.86292],[68.5657,23.8632],[68.56595,23.86319],[68.56595,23.86375],[68.56626,23.86375],[68.56626,23.86459],[68.56653,23.86458],[68.56653,23.86514],[68.5668,23.86514],[68.5668,23.86625],[68.56709,23.86625],[68.56709,23.86764],[68.56736,23.86764],[68.56736,23.8682],[68.56764,23.8682],[68.56764,23.86959],[68.56792,23.86959],[68.56792,23.87097],[68.56819,23.87097],[68.56819,23.87208],[68.56848,23.87208],[68.56848,23.87319],[68.56875,23.87319],[68.56875,23.87403],[68.56903,23.87403],[68.56903,23.87458],[68.56931,23.87458],[68.56931,23.87514],[68.56958,23.87514],[68.56958,23.87597],[68.56986,23.87597],[68.56986,23.87653],[68.57014,23.87653],[68.57014,23.87708],[68.57042,23.87708],[68.57042,23.87764],[68.57069,23.87764],[68.57069,23.8782],[68.57097,23.87819],[68.57097,23.87875],[68.57125,23.87875],[68.57125,23.87931],[68.57153,23.87931],[68.57153,23.87986],[68.57181,23.87986],[68.57181,23.88014],[68.57236,23.88014],[68.57236,23.88042],[68.57264,23.88042],[68.57264,23.8807],[68.57291,23.8807],[68.57291,23.88097],[68.57347,23.88097],[68.57347,23.88125],[68.5743,23.88125],[68.5743,23.88153],[68.57459,23.88153],[68.57459,23.88181],[68.57514,23.88181],[68.57514,23.88209],[68.57569,23.88208],[68.57569,23.88236],[68.57681,23.88236],[68.57681,23.88264],[68.57736,23.88264],[68.57736,23.8832],[68.57792,23.8832],[68.57792,23.88347],[68.57875,23.88347],[68.57875,23.88375],[68.58014,23.88374],[68.58014,23.88403],[68.58153,23.88403],[68.58153,23.88431],[68.58236,23.88431],[68.58236,23.88458],[68.58348,23.88458],[68.58348,23.88486],[68.5843,23.88486],[68.5843,23.88514],[68.58514,23.88514],[68.58514,23.88542],[68.58542,23.88542],[68.58542,23.88569],[68.58598,23.88569],[68.58598,23.88597],[68.58625,23.88597],[68.58625,23.88625],[68.58653,23.88625],[68.58653,23.88653],[68.58709,23.88653],[68.58709,23.88681],[68.58737,23.88681],[68.58737,23.88708],[68.58764,23.88708],[68.58764,23.88736],[68.5882,23.88736],[68.5882,23.88764],[68.58847,23.88764],[68.58847,23.88792],[68.58903,23.88792],[68.58903,23.8882],[68.58959,23.88819],[68.58959,23.88847],[68.59014,23.88847],[68.59014,23.88875],[68.59042,23.88875],[68.59042,23.88903],[68.59097,23.88903],[68.59097,23.88931],[68.59153,23.8893],[68.59153,23.88959],[68.59209,23.88958],[68.59209,23.88987],[68.59264,23.88987],[68.59264,23.89014],[68.59319,23.89014],[68.59319,23.89042],[68.59375,23.89042],[68.59375,23.8907],[68.59431,23.8907],[68.59431,23.89097],[68.59486,23.89097],[68.59486,23.89125],[68.5957,23.89125],[68.5957,23.89153],[68.59625,23.89153],[68.59625,23.89181],[68.5968,23.89181],[68.5968,23.89195],[68.59681,23.89208],[68.59792,23.89208],[68.59792,23.89236],[68.59847,23.89236],[68.59847,23.89292],[68.59875,23.89292],[68.59875,23.89347],[68.59903,23.89347],[68.59903,23.89375],[68.5993,23.89375],[68.5993,23.89403],[68.59959,23.89403],[68.59959,23.89431],[68.59986,23.89431],[68.59986,23.89458],[68.60014,23.89458],[68.60014,23.89486],[68.60042,23.89486],[68.60042,23.89514],[68.60069,23.89514],[68.60069,23.89542],[68.60097,23.89542],[68.60097,23.8957],[68.60125,23.8957],[68.60125,23.89597],[68.60152,23.89597],[68.60152,23.89625],[68.60181,23.89625],[68.60181,23.89653],[68.60237,23.89653],[68.60237,23.89681],[68.60264,23.89681],[68.60264,23.89709],[68.60291,23.89709],[68.60291,23.89736],[68.6032,23.89736],[68.6032,23.89764],[68.60347,23.89764],[68.60347,23.89792],[68.60375,23.89792],[68.60375,23.8982],[68.60403,23.8982],[68.60403,23.89847],[68.60431,23.89847],[68.60431,23.89875],[68.60457,23.89875],[68.60457,23.89903],[68.60513,23.89903],[68.60513,23.89931],[68.6057,23.89931],[68.6057,23.89958],[68.60625,23.89958],[68.60625,23.89986],[68.60653,23.89986],[68.60653,23.90014],[68.60709,23.90014],[68.60709,23.90042],[68.60764,23.90042],[68.60764,23.90069],[68.60819,23.90069],[68.60819,23.90097],[68.60902,23.90097],[68.60902,23.90125],[68.60958,23.90125],[68.60958,23.90153],[68.61042,23.90153],[68.61042,23.90181],[68.61097,23.90181],[68.61097,23.90208],[68.61181,23.90208],[68.61181,23.90236],[68.61236,23.90236],[68.61236,23.90264],[68.61292,23.90264],[68.61292,23.90292],[68.61347,23.90291],[68.61347,23.9032],[68.61598,23.9032],[68.61598,23.90291],[68.61625,23.90292],[68.61625,23.90264],[68.6168,23.90264],[68.6168,23.90236],[68.61736,23.90236],[68.61736,23.90208],[68.6182,23.90208],[68.6182,23.90181],[68.61875,23.90181],[68.61875,23.90153],[68.61986,23.90153],[68.61986,23.90125],[68.62264,23.90125],[68.62264,23.90097],[68.62486,23.90097],[68.62486,23.90069],[68.62597,23.90069],[68.62597,23.90042],[68.62653,23.90042],[68.62653,23.90014],[68.62708,23.90014],[68.62708,23.89986],[68.62764,23.89986],[68.62764,23.89958],[68.62791,23.89958],[68.62791,23.89931],[68.62847,23.89931],[68.62847,23.89903],[68.62959,23.89903],[68.62959,23.89875],[68.63014,23.89875],[68.63014,23.89847],[68.63069,23.89847],[68.63069,23.8982],[68.63153,23.8982],[68.63153,23.89792],[68.63207,23.89792],[68.63207,23.89764],[68.63404,23.89764],[68.63404,23.89736],[68.63458,23.89736],[68.63458,23.89709],[68.63487,23.89709],[68.63487,23.89681],[68.63514,23.89681],[68.63514,23.89653],[68.63541,23.89653],[68.63541,23.89625],[68.63597,23.89625],[68.63597,23.89597],[68.63626,23.89597],[68.63626,23.8957],[68.6368,23.8957],[68.6368,23.89542],[68.63764,23.89542],[68.63764,23.89514],[68.6382,23.89514],[68.63819,23.89486],[68.63847,23.89486],[68.63847,23.89514],[68.63875,23.89514],[68.63875,23.89542],[68.63848,23.89542],[68.63848,23.8957],[68.63819,23.8957],[68.63819,23.89597],[68.63764,23.89597],[68.63764,23.89625],[68.63709,23.89625],[68.63709,23.89653],[68.6368,23.89653],[68.6368,23.89681],[68.63626,23.89681],[68.63626,23.89709],[68.63597,23.89709],[68.63597,23.89736],[68.63626,23.89736],[68.63626,23.89764],[68.63792,23.89764],[68.63792,23.89792],[68.63875,23.89792],[68.63875,23.89847],[68.63903,23.89847],[68.63903,23.89903],[68.63931,23.89903],[68.63931,23.89931],[68.63986,23.89931],[68.63986,23.89958],[68.64014,23.89958],[68.64014,23.89986],[68.64069,23.89986],[68.64069,23.90014],[68.64098,23.90014],[68.64098,23.90042],[68.64125,23.90042],[68.64125,23.90069],[68.64152,23.90069],[68.64152,23.90097],[68.64208,23.90097],[68.64208,23.90125],[68.64236,23.90125],[68.64236,23.90153],[68.64264,23.90153],[68.64264,23.90181],[68.64292,23.90181],[68.64292,23.90208],[68.64319,23.90208],[68.64319,23.90236],[68.64347,23.90236],[68.64347,23.90264],[68.64403,23.90264],[68.64403,23.90292],[68.6443,23.90291],[68.6443,23.9032],[68.64459,23.9032],[68.64459,23.90347],[68.64486,23.90347],[68.64486,23.90375],[68.64514,23.90375],[68.64514,23.90403],[68.64542,23.90403],[68.64542,23.90431],[68.64598,23.90431],[68.64598,23.90458],[68.64653,23.90458],[68.64653,23.90486],[68.6468,23.90485],[68.6468,23.90514],[68.64709,23.90514],[68.64709,23.90542],[68.64737,23.90542],[68.64737,23.9057],[68.64792,23.9057],[68.64792,23.90597],[68.6482,23.90597],[68.6482,23.90625],[68.64875,23.90625],[68.64875,23.90653],[68.64903,23.90653],[68.64903,23.90681],[68.64931,23.90681],[68.64931,23.90708],[68.64987,23.90708],[68.64987,23.90736],[68.65014,23.90736],[68.65014,23.90764],[68.65042,23.90764],[68.65042,23.90819],[68.6507,23.90819],[68.6507,23.90875],[68.65097,23.90875],[68.65097,23.90903],[68.65125,23.90903],[68.65125,23.90959],[68.65153,23.90958],[68.65153,23.91014],[68.6518,23.91014],[68.6518,23.91042],[68.65209,23.91042],[68.65209,23.9107],[68.65236,23.91069],[68.65236,23.91098],[68.65264,23.91098],[68.65264,23.91125],[68.65292,23.91125],[68.65292,23.91153],[68.6532,23.91153],[68.6532,23.91181],[68.65347,23.91181],[68.65347,23.91208],[68.65375,23.91208],[68.65375,23.91236],[68.65403,23.91236],[68.65403,23.91264],[68.6543,23.91264],[68.6543,23.91292],[68.65459,23.91292],[68.65459,23.91319],[68.65486,23.91319],[68.65486,23.91347],[68.65513,23.91347],[68.65513,23.91375],[68.65569,23.91375],[68.65569,23.91404],[68.65625,23.91403],[68.65625,23.9143],[68.65653,23.9143],[68.65653,23.91458],[68.65708,23.91458],[68.65708,23.91486],[68.65903,23.91486],[68.65903,23.91514],[68.65931,23.91514],[68.65931,23.9157],[68.65959,23.91569],[68.65959,23.91597],[68.65986,23.91597],[68.65986,23.91625],[68.66014,23.91625],[68.66014,23.91681],[68.66042,23.9168],[68.66042,23.91709],[68.66097,23.91708],[68.66097,23.91736],[68.66153,23.91736],[68.66153,23.91708],[68.66292,23.91708],[68.66292,23.91736],[68.66319,23.91736],[68.66319,23.91792],[68.66264,23.91792],[68.66264,23.92042],[68.66237,23.92042],[68.66237,23.92264],[68.6618,23.92264],[68.6618,23.92236],[68.66097,23.92236],[68.66097,23.92208],[68.66014,23.92208],[68.66014,23.92181],[68.65958,23.92181],[68.65958,23.92153],[68.65986,23.92153],[68.65986,23.91958],[68.65959,23.91958],[68.65959,23.91931],[68.65931,23.91931],[68.65931,23.91875],[68.65903,23.91875],[68.65903,23.91847],[68.65875,23.91847],[68.65875,23.9182],[68.65847,23.9182],[68.65847,23.91792],[68.65821,23.91792],[68.65821,23.91764],[68.65764,23.91764],[68.65764,23.91736],[68.65735,23.91736],[68.65735,23.91708],[68.65542,23.91709],[68.65542,23.9168],[68.65403,23.91681],[68.65403,23.91653],[68.65375,23.91653],[68.65375,23.91625],[68.65347,23.91625],[68.65347,23.91597],[68.65292,23.91597],[68.65292,23.91569],[68.65208,23.9157],[68.65208,23.91542],[68.6518,23.91542],[68.6518,23.91486],[68.65153,23.91486],[68.65153,23.91458],[68.65125,23.91458],[68.65125,23.9143],[68.6507,23.9143],[68.6507,23.91403],[68.65041,23.91404],[68.65041,23.91375],[68.65014,23.91375],[68.65014,23.91347],[68.64958,23.91347],[68.64958,23.91319],[68.64931,23.91319],[68.64931,23.91264],[68.64903,23.91264],[68.64903,23.91208],[68.64875,23.91208],[68.64875,23.91181],[68.64849,23.91181],[68.64849,23.91153],[68.64792,23.91153],[68.64792,23.91125],[68.64764,23.91125],[68.64764,23.91098],[68.64709,23.91098],[68.64709,23.91069],[68.64681,23.9107],[68.64681,23.91042],[68.64653,23.91042],[68.64653,23.91014],[68.64598,23.91014],[68.64598,23.90986],[68.64569,23.90986],[68.64569,23.90958],[68.64542,23.90959],[68.64542,23.90931],[68.64486,23.90931],[68.64486,23.90903],[68.64458,23.90903],[68.64458,23.90875],[68.6443,23.90875],[68.6443,23.90819],[68.64403,23.90819],[68.64403,23.90764],[68.64375,23.90764],[68.64375,23.90736],[68.64347,23.90736],[68.64347,23.90708],[68.64319,23.90708],[68.64319,23.90681],[68.64291,23.90681],[68.64291,23.90653],[68.64264,23.90653],[68.64264,23.90625],[68.64236,23.90625],[68.64236,23.9057],[68.64208,23.9057],[68.64208,23.90542],[68.64181,23.90542],[68.64181,23.90514],[68.64153,23.90514],[68.64153,23.90485],[68.64125,23.90486],[68.64125,23.90458],[68.64098,23.90458],[68.64098,23.90431],[68.64042,23.90431],[68.64042,23.90403],[68.63986,23.90403],[68.63986,23.90375],[68.63903,23.90375],[68.63903,23.90347],[68.63819,23.90347],[68.63819,23.9032],[68.63403,23.9032],[68.63403,23.90347],[68.63319,23.90347],[68.63319,23.90375],[68.63207,23.90375],[68.63207,23.90403],[68.63125,23.90403],[68.63125,23.90431],[68.63042,23.90431],[68.63042,23.90458],[68.62986,23.90458],[68.62986,23.90486],[68.62903,23.90485],[68.62903,23.90514],[68.62847,23.90514],[68.62847,23.90542],[68.62764,23.90542],[68.62764,23.9057],[68.62708,23.9057],[68.62708,23.90597],[68.62514,23.90597],[68.62514,23.90625],[68.62097,23.90625],[68.62097,23.90653],[68.61986,23.90653],[68.61986,23.90681],[68.61959,23.90681],[68.61959,23.90708],[68.61931,23.90708],[68.61931,23.90764],[68.61903,23.90764],[68.61903,23.90792],[68.61875,23.90792],[68.61875,23.90819],[68.61764,23.90819],[68.61764,23.90931],[68.61736,23.90931],[68.61736,23.91042],[68.61764,23.91042],[68.61764,23.91292],[68.61792,23.91292],[68.61792,23.91347],[68.61819,23.91347],[68.61819,23.91375],[68.61847,23.91375],[68.61847,23.9143],[68.61875,23.9143],[68.61875,23.91486],[68.61903,23.91486],[68.61903,23.91542],[68.61931,23.91542],[68.61931,23.91625],[68.61959,23.91625],[68.61959,23.9182],[68.61986,23.9182],[68.61986,23.92069],[68.61959,23.92069],[68.61959,23.92236],[68.61986,23.92236],[68.61986,23.9232],[68.62013,23.92319],[68.62013,23.92403],[68.62042,23.92403],[68.62042,23.92459],[68.6207,23.92459],[68.6207,23.92486],[68.62097,23.92486],[68.62097,23.92514],[68.62125,23.92514],[68.62125,23.92542],[68.62181,23.92542],[68.62181,23.9257],[68.6221,23.92569],[68.6221,23.92598],[68.62236,23.92598],[68.62236,23.92569],[68.62264,23.92569],[68.62264,23.92598],[68.62292,23.92598],[68.62292,23.92625],[68.62264,23.92625],[68.62264,23.92681],[68.62236,23.92681],[68.62236,23.92736],[68.62097,23.92736],[68.62097,23.92708],[68.61959,23.92708],[68.61959,23.92681],[68.61931,23.92681],[68.61931,23.92653],[68.61903,23.92653],[68.61903,23.92625],[68.61847,23.92625],[68.61847,23.92598],[68.61819,23.92598],[68.61819,23.92458],[68.61792,23.92459],[68.61792,23.92403],[68.61764,23.92403],[68.61764,23.92375],[68.61736,23.92375],[68.61736,23.92347],[68.61708,23.92347],[68.61708,23.9232],[68.6168,23.9232],[68.6168,23.92292],[68.61653,23.92292],[68.61653,23.92264],[68.61625,23.92264],[68.61625,23.92236],[68.61598,23.92236],[68.61598,23.92208],[68.61542,23.92208],[68.61542,23.92236],[68.61514,23.92236],[68.61514,23.92264],[68.6143,23.92264],[68.6143,23.92292],[68.61403,23.92292],[68.61403,23.9232],[68.61375,23.92319],[68.61375,23.92375],[68.61347,23.92375],[68.61347,23.92486],[68.6132,23.92486],[68.6132,23.92653],[68.61292,23.92653],[68.61292,23.92792],[68.61264,23.92792],[68.61264,23.92875],[68.61236,23.92875],[68.61236,23.92931],[68.61208,23.92931],[68.61208,23.92986],[68.61181,23.92986],[68.61181,23.93014],[68.61153,23.93014],[68.61153,23.9307],[68.61125,23.9307],[68.61125,23.93097],[68.61097,23.93097],[68.61097,23.93153],[68.6107,23.93153],[68.6107,23.93181],[68.61042,23.93181],[68.61042,23.93236],[68.61014,23.93236],[68.61014,23.93264],[68.60987,23.93264],[68.60987,23.93292],[68.60958,23.93292],[68.60958,23.9332],[68.60931,23.9332],[68.60931,23.93375],[68.60902,23.93375],[68.60902,23.93403],[68.60875,23.93403],[68.60875,23.93431],[68.60848,23.93431],[68.60848,23.93458],[68.60819,23.93458],[68.60819,23.93486],[68.60792,23.93486],[68.60792,23.93514],[68.60765,23.93514],[68.60765,23.93542],[68.60709,23.93542],[68.60709,23.93569],[68.60681,23.93569],[68.60681,23.93597],[68.60653,23.93597],[68.60653,23.93625],[68.60625,23.93625],[68.60625,23.93653],[68.60597,23.93653],[68.60597,23.93681],[68.60514,23.93681],[68.60514,23.93709],[68.60431,23.93708],[68.60431,23.93736],[68.6032,23.93736],[68.6032,23.93764],[68.60209,23.93764],[68.60209,23.93792],[68.59986,23.93792],[68.59986,23.9382],[68.5993,23.9382],[68.5993,23.93847],[68.59875,23.93847],[68.59875,23.93875],[68.5982,23.93875],[68.5982,23.93903],[68.59764,23.93903],[68.59764,23.93931],[68.59709,23.93931],[68.59709,23.93958],[68.59681,23.93958],[68.5968,23.94014],[68.59653,23.94014],[68.59653,23.94069],[68.59625,23.94069],[68.59625,23.94125],[68.59597,23.94125],[68.59597,23.9418],[68.59403,23.9418],[68.59403,23.94153],[68.59209,23.94153],[68.59209,23.94125],[68.59042,23.94125],[68.59042,23.94098],[68.58847,23.94098],[68.58847,23.94069],[68.58737,23.94069],[68.58737,23.93931],[68.58764,23.93931],[68.58764,23.93875],[68.58791,23.93875],[68.58791,23.93708],[68.58764,23.93709],[68.58764,23.93431],[68.58736,23.93431],[68.58736,23.93347],[68.58764,23.93347],[68.58764,23.93292],[68.58791,23.93292],[68.58791,23.93153],[68.58764,23.93153],[68.58764,23.93125],[68.58736,23.93125],[68.58736,23.93097],[68.58708,23.93097],[68.58708,23.9307],[68.58737,23.9307],[68.58737,23.93041],[68.58764,23.93042],[68.58764,23.93014],[68.58791,23.93014],[68.58791,23.92904],[68.5882,23.92904],[68.5882,23.92875],[68.58791,23.92875],[68.58791,23.92653],[68.5882,23.92653],[68.5882,23.92625],[68.58847,23.92625],[68.58847,23.92514],[68.58875,23.92514],[68.58875,23.92375],[68.58847,23.92375],[68.58847,23.92236],[68.58599,23.92236],[68.58599,23.92264],[68.58542,23.92264],[68.58542,23.92292],[68.58486,23.92292],[68.58486,23.9232],[68.58403,23.9232],[68.58403,23.92347],[68.58264,23.92347],[68.58264,23.92375],[68.58097,23.92375],[68.58097,23.92403],[68.57958,23.92403],[68.57958,23.92431],[68.57236,23.92431],[68.57236,23.92403],[68.57125,23.92403],[68.57125,23.92375],[68.56458,23.92375],[68.56458,23.92347],[68.56153,23.92347],[68.56153,23.92375],[68.5596,23.92375],[68.5596,23.92403],[68.55875,23.92403],[68.55875,23.92459],[68.55903,23.92458],[68.55903,23.92625],[68.5593,23.92625],[68.5593,23.92736],[68.5596,23.92736],[68.5596,23.92904],[68.55986,23.92904],[68.55986,23.93042],[68.55959,23.93041],[68.5596,23.93125],[68.5593,23.93125],[68.5593,23.93181],[68.55903,23.93181],[68.55903,23.93209],[68.55847,23.93209],[68.55847,23.93236],[68.5582,23.93236],[68.5582,23.93264],[68.55764,23.93264],[68.55764,23.93292],[68.55569,23.93292],[68.55569,23.9332],[68.55542,23.9332],[68.55542,23.93347],[68.55458,23.93347],[68.55458,23.9332],[68.55292,23.9332],[68.55292,23.93347],[68.55264,23.93347],[68.55264,23.93375],[68.55292,23.93375],[68.55292,23.93403],[68.55179,23.93403],[68.55179,23.93375],[68.55153,23.93375],[68.55153,23.93347],[68.55097,23.93347],[68.55097,23.9332],[68.5482,23.9332],[68.5482,23.93347],[68.54764,23.93347],[68.54764,23.93375],[68.54708,23.93375],[68.54708,23.93403],[68.54625,23.93403],[68.54625,23.93431],[68.54569,23.93431],[68.54569,23.93458],[68.54514,23.93458],[68.54514,23.93486],[68.54459,23.93486],[68.54459,23.93514],[68.54375,23.93514],[68.54375,23.93542],[68.54347,23.93542],[68.54347,23.93597],[68.54403,23.93597],[68.54403,23.93625],[68.5443,23.93625],[68.5443,23.93653],[68.54403,23.93653],[68.54403,23.93709],[68.54264,23.93708],[68.54264,23.93764],[68.54236,23.93764],[68.54236,23.93792],[68.54209,23.93792],[68.54209,23.93847],[68.54181,23.93847],[68.54181,23.93875],[68.54153,23.93875],[68.54153,23.93931],[68.54125,23.93931],[68.54125,23.93986],[68.54097,23.93986],[68.54097,23.94042],[68.5407,23.94042],[68.5407,23.94098],[68.54041,23.94097],[68.54041,23.94208],[68.54014,23.94208],[68.54014,23.9432],[68.53958,23.94319],[68.53958,23.94347],[68.53931,23.94347],[68.53931,23.94403],[68.53902,23.94402],[68.53902,23.94431],[68.53875,23.94431],[68.53875,23.94486],[68.53848,23.94486],[68.53848,23.94514],[68.53819,23.94514],[68.53819,23.94542],[68.53792,23.94542],[68.53792,23.94625],[68.53764,23.94625],[68.53764,23.94681],[68.53736,23.94681],[68.53736,23.94736],[68.53792,23.94736],[68.53792,23.94764],[68.53848,23.94764],[68.53848,23.94792],[68.53903,23.94792],[68.53903,23.94847],[68.53931,23.94847],[68.53931,23.9493],[68.53987,23.94931],[68.53987,23.94955],[68.53987,23.95042],[68.54014,23.95042],[68.54014,23.95236],[68.54041,23.95236],[68.54041,23.95292],[68.5407,23.95292],[68.5407,23.95347],[68.54097,23.95347],[68.54097,23.95403],[68.54125,23.95403],[68.54125,23.95486],[68.54153,23.95486],[68.54153,23.95514],[68.54181,23.95514],[68.54181,23.95569],[68.54209,23.95569],[68.54209,23.95625],[68.54236,23.95625],[68.54236,23.9568],[68.54264,23.9568],[68.54264,23.95736],[68.54292,23.95736],[68.54292,23.9582],[68.5432,23.9582],[68.5432,23.95875],[68.54347,23.95875],[68.54347,23.95931],[68.54375,23.95931],[68.54375,23.95986],[68.54403,23.95986],[68.54403,23.96014],[68.54431,23.96014],[68.54431,23.96042],[68.54459,23.96042],[68.54459,23.9607],[68.54486,23.9607],[68.54486,23.96097],[68.54514,23.96097],[68.54514,23.96125],[68.54542,23.96125],[68.54542,23.96153],[68.54569,23.96153],[68.54569,23.96181],[68.54598,23.96181],[68.54598,23.96236],[68.54625,23.96236],[68.54625,23.96264],[68.54652,23.96264],[68.54652,23.96292],[68.54681,23.96292],[68.54681,23.96319],[68.54708,23.96319],[68.54774,23.96319],[68.54501,23.96728],[68.54519,23.96728],[68.54519,23.96728],[68.54818,23.96727],[68.54964,23.96771],[68.55111,23.9677],[68.63068,23.96778],[68.63168,23.96758],[68.63475,23.96749],[68.63537,23.96766],[68.63633,23.96791],[68.63856,23.96774],[68.64323,23.96761],[68.64372,23.96809],[68.65134,23.96777],[68.65379,23.96762],[68.65476,23.96765],[68.65745,23.96794],[68.66704,23.96776],[68.66749,23.96752],[68.66799,23.96776],[68.67002,23.96753],[68.71324,23.96766],[68.74837,23.96797],[68.75133,23.96755],[68.75255,23.96737],[68.75266,23.96917],[68.75337,23.96962],[68.75425,23.98617],[68.75933,24.08083],[68.75934,24.08161],[68.75892,24.08436],[68.75901,24.08647],[68.75976,24.08648],[68.75992,24.08977],[68.76075,24.10487],[68.76157,24.12],[68.76196,24.12724],[68.76242,24.12792],[68.76261,24.12909],[68.7629,24.13509],[68.76568,24.19549],[68.76869,24.2559],[68.7696,24.27261],[68.76915,24.28479],[68.76172,24.29051],[68.76168,24.29208],[68.76309,24.29437],[68.77062,24.29816],[68.77601,24.29987],[68.79428,24.30748],[68.80582,24.31283],[68.81722,24.3115],[68.82249,24.31556],[68.82311,24.31601],[68.82434,24.31676],[68.82754,24.31683],[68.84215,24.2813],[68.84239,24.28076],[68.84294,24.27772],[68.84206,24.25752],[68.84203,24.2568],[68.85103,24.22106],[68.85277,24.21683],[68.85444,24.21595],[68.85877,24.21377],[68.85879,24.21308],[68.86634,24.21214],[68.86792,24.21193],[68.87139,24.21199],[68.87358,24.2126],[68.87549,24.21323],[68.8784,24.21488],[68.88456,24.22516],[68.89345,24.25711],[68.89404,24.25864],[68.8948,24.26125],[68.89895,24.26909],[68.90274,24.2746],[68.91444,24.28447],[68.93365,24.29562],[68.94317,24.30212],[68.95705,24.2884],[68.96905,24.27171],[68.97291,24.26031],[68.98208,24.23338],[68.98308,24.2334],[68.98357,24.23202],[68.98958,24.22764],[69.00519,24.22319],[69.00791,24.22348],[69.02217,24.22953],[69.02906,24.23408],[69.03485,24.24159],[69.03526,24.24213],[69.03999,24.24505],[69.07299,24.26237],[69.09201,24.27233],[69.09805,24.27211],[69.12975,24.26014],[69.13475,24.2583],[69.14,24.25701],[69.19277,24.23793],[69.25053,24.25928],[69.30863,24.28071],[69.33264,24.27638],[69.35181,24.27397],[69.35292,24.27319],[69.36479,24.27171],[69.37507,24.2704],[69.40137,24.27226],[69.43736,24.2795],[69.44306,24.28002],[69.44973,24.27901],[69.4674,24.27028],[69.48123,24.26824],[69.48445,24.2678],[69.51159,24.27168],[69.53548,24.27711],[69.53989,24.27742],[69.5634,24.28278],[69.58787,24.29133],[69.59502,24.29012],[69.59544,24.2879],[69.60424,24.28122],[69.71503,24.1841],[69.73009,24.17184],[69.77217,24.17138],[69.81171,24.17198],[69.87854,24.17072],[69.95297,24.17121],[69.98019,24.17093],[69.9979,24.17007],[70.01647,24.16991],[70.01747,24.17007],[70.02507,24.17159],[70.03846,24.17815],[70.0423,24.18171],[70.04358,24.18288],[70.05156,24.19018],[70.06382,24.19671],[70.06477,24.19717],[70.0656,24.19807],[70.06776,24.20237],[70.07279,24.21739],[70.07633,24.22402],[70.08867,24.24679],[70.09584,24.26721],[70.10028,24.27588],[70.10194,24.27862],[70.1041,24.28248],[70.1081,24.29361],[70.10926,24.29457],[70.11097,24.29532],[70.12034,24.29784],[70.13995,24.30116],[70.15002,24.30198],[70.17167,24.30614],[70.18326,24.30905],[70.18755,24.31044],[70.20114,24.31494],[70.21982,24.3222],[70.246,24.32456],[70.25874,24.33151],[70.26903,24.33413],[70.27147,24.33511],[70.30404,24.34811],[70.3315,24.35127],[70.35274,24.35366],[70.35497,24.35326],[70.36605,24.35405],[70.37244,24.35369],[70.37758,24.35646],[70.38507,24.3596],[70.38682,24.35996],[70.38781,24.3603],[70.39317,24.3637],[70.40195,24.36935],[70.4087,24.37309],[70.41893,24.37778],[70.42521,24.38014],[70.43001,24.38157],[70.44177,24.38307],[70.44409,24.38355],[70.44889,24.38452],[70.45717,24.38645],[70.46297,24.38743],[70.46925,24.38979],[70.47453,24.39213],[70.47562,24.39233],[70.48227,24.3945],[70.49946,24.39924],[70.50901,24.40183],[70.52175,24.40495],[70.53449,24.40805],[70.5424,24.40963],[70.54866,24.41267],[70.55492,24.41571],[70.56119,24.41875],[70.56747,24.4203],[70.57358,24.42169],[70.57647,24.4204],[70.58118,24.41797],[70.58806,24.41506],[70.59495,24.41117],[70.59965,24.40923],[70.60003,24.40825],[70.59882,24.40377],[70.59654,24.39928],[70.59426,24.39381],[70.59199,24.38833],[70.59076,24.38584],[70.58741,24.37985],[70.58459,24.37536],[70.58177,24.36988],[70.58002,24.36639],[70.57878,24.36489],[70.57433,24.36088],[70.57308,24.35987],[70.56472,24.35625],[70.56231,24.35432],[70.55991,24.35238],[70.56065,24.34857],[70.56463,24.33522],[70.5675,24.32761],[70.56929,24.32286],[70.57317,24.31812],[70.57392,24.3124],[70.57468,24.30763],[70.5775,24.30384],[70.57727,24.29428],[70.58015,24.28572],[70.58197,24.27808],[70.5817,24.27235],[70.57829,24.26754],[70.57694,24.26466],[70.57559,24.26178],[70.57429,24.25507],[70.57605,24.25223],[70.58199,24.24847],[70.59311,24.24572],[70.59693,24.2448],[70.60271,24.24227],[70.61084,24.23893],[70.6447,24.22459],[70.66957,24.22032],[70.68877,24.22028],[70.71118,24.21688],[70.71168,24.21735],[70.72204,24.21653],[70.72767,24.21862],[70.73452,24.22027],[70.74145,24.21965],[70.7491,24.21932],[70.75921,24.21942],[70.76757,24.22029],[70.78288,24.22121],[70.79642,24.22373],[70.8143,24.22628],[70.83392,24.22885],[70.83967,24.23207],[70.84539,24.23691],[70.84682,24.23851],[70.84824,24.24092],[70.85023,24.24237],[70.85488,24.24453],[70.86005,24.24559],[70.86082,24.24541],[70.86363,24.24472],[70.86741,24.2443],[70.86823,24.24446],[70.87899,24.24641],[70.87946,24.24733],[70.8802,24.2478],[70.8812,24.24758],[70.89709,24.25674],[70.90467,24.25951],[70.90659,24.26145],[70.90725,24.2633],[70.89984,24.26509],[70.89546,24.26691],[70.89108,24.26873],[70.88366,24.27144],[70.8779,24.27536],[70.87597,24.27887],[70.87421,24.28249],[70.87311,24.28747],[70.87308,24.29043],[70.87357,24.29326],[70.87401,24.29728],[70.87667,24.30008],[70.87932,24.30288],[70.88199,24.30475],[70.88868,24.30758],[70.89438,24.30948],[70.89569,24.3107],[70.89883,24.31221],[70.89937,24.31321],[70.90072,24.31377],[70.90442,24.31594],[70.9066,24.31856],[70.9103,24.32124],[70.91029,24.32215],[70.91395,24.32355],[70.91457,24.32482],[70.91596,24.32582],[70.91815,24.32963],[70.92203,24.33255],[70.92704,24.33567],[70.93371,24.34035],[70.93738,24.34316],[70.94206,24.34598],[70.94572,24.34971],[70.94905,24.35252],[70.95677,24.3535],[70.96348,24.35448],[70.97117,24.35825],[70.97684,24.36199],[70.98153,24.3648],[70.98421,24.36575],[70.98789,24.36671],[70.9906,24.36488],[70.9923,24.36211],[70.99401,24.35935],[70.99875,24.35568],[71.00247,24.35293],[71.00617,24.35203],[71.01491,24.35117],[71.01861,24.3512],[71.02325,24.35139],[71.0368,24.35328],[71.05238,24.36058],[71.05612,24.36153],[71.05701,24.3627],[71.05754,24.36296],[71.06517,24.37427],[71.06687,24.37812],[71.07671,24.38621],[71.07813,24.38725],[71.08327,24.38934],[71.11145,24.3964],[71.11208,24.39655],[71.11501,24.39861],[71.12183,24.40745],[71.12377,24.41459],[71.12418,24.41946],[71.12245,24.4206],[71.11423,24.43341],[71.10902,24.43677],[71.08446,24.43852],[71.03089,24.43667],[71.02844,24.43619],[71.02658,24.4368],[71.01294,24.44118],[71.00711,24.44329],[71,24.44592],[70.99728,24.44839],[70.99673,24.45302],[70.99728,24.47281],[71.00152,24.49768],[71.0041,24.50813],[71.0053,24.52895],[70.9997,24.53504],[70.98821,24.54759],[70.99342,24.57271],[70.99351,24.57634],[70.99262,24.57845],[70.99121,24.58129],[70.98869,24.59101],[70.99067,24.6055],[71.00037,24.62184],[71.00547,24.62659],[71.00684,24.62786],[71.00743,24.62867],[71.01075,24.63674],[71.02478,24.64125],[71.03646,24.64494],[71.05122,24.65252],[71.0635,24.66008],[71.07553,24.66742],[71.08285,24.67372],[71.09782,24.68658],[71.10403,24.67953],[71.10997,24.67453],[71.1375,24.66377],[71.16247,24.65452],[71.18799,24.64849],[71.19824,24.64507],[71.22888,24.63392],[71.23257,24.632],[71.24402,24.62897],[71.25202,24.62584],[71.27828,24.61792],[71.2889,24.61281],[71.29548,24.59628],[71.29854,24.59425],[71.30491,24.59285],[71.31047,24.59064],[71.31347,24.58796],[71.31446,24.58368],[71.31315,24.57767],[71.31433,24.57175],[71.31202,24.56603],[71.3102,24.56394],[71.30583,24.56268],[71.30983,24.56099],[71.31145,24.55867],[71.30738,24.55469]]],[[[68.35847,23.80514],[68.35847,23.80486],[68.35931,23.80486],[68.35931,23.80458],[68.36042,23.80458],[68.36042,23.80431],[68.36125,23.80431],[68.36125,23.80403],[68.36181,23.80403],[68.36181,23.80375],[68.36236,23.80375],[68.36236,23.80347],[68.36264,23.80347],[68.36264,23.80319],[68.3632,23.80319],[68.3632,23.80292],[68.36375,23.80292],[68.36375,23.80265],[68.36431,23.80265],[68.36431,23.80236],[68.36459,23.80236],[68.36459,23.80208],[68.36486,23.80208],[68.36486,23.80181],[68.36514,23.80181],[68.36514,23.80153],[68.36569,23.80153],[68.36569,23.80125],[68.36597,23.80125],[68.36597,23.80097],[68.36625,23.80097],[68.36625,23.8007],[68.36653,23.80069],[68.36653,23.80042],[68.36681,23.80042],[68.36681,23.80014],[68.36708,23.80014],[68.36708,23.79986],[68.36736,23.79986],[68.36736,23.79958],[68.36764,23.79959],[68.36764,23.79931],[68.36792,23.79931],[68.36792,23.79903],[68.36819,23.79903],[68.36819,23.79875],[68.36847,23.79875],[68.36847,23.79847],[68.36875,23.79847],[68.36875,23.7982],[68.36903,23.7982],[68.36903,23.79792],[68.36931,23.79792],[68.36931,23.79736],[68.36958,23.79736],[68.36958,23.79708],[68.36986,23.79708],[68.36986,23.79681],[68.37014,23.79681],[68.37014,23.79652],[68.37041,23.79653],[68.37041,23.79625],[68.3707,23.79625],[68.3707,23.79597],[68.37125,23.79597],[68.37125,23.79569],[68.37153,23.79569],[68.37153,23.79542],[68.3718,23.79542],[68.3718,23.79514],[68.37209,23.79514],[68.37209,23.79486],[68.37264,23.79486],[68.37264,23.79458],[68.37319,23.79458],[68.37319,23.79431],[68.37375,23.79431],[68.37375,23.79403],[68.37403,23.79403],[68.37403,23.79375],[68.37458,23.79375],[68.37458,23.79346],[68.37514,23.79347],[68.37514,23.79319],[68.37542,23.79319],[68.37542,23.79292],[68.37597,23.79292],[68.37597,23.79264],[68.37654,23.79264],[68.37654,23.79236],[68.37681,23.79236],[68.37681,23.79208],[68.37708,23.79208],[68.37708,23.79181],[68.37764,23.79181],[68.37764,23.79153],[68.3782,23.79153],[68.3782,23.79125],[68.37875,23.79125],[68.37875,23.79097],[68.3793,23.79097],[68.3793,23.7907],[68.37986,23.79071],[68.37986,23.79042],[68.38069,23.79042],[68.38069,23.79014],[68.38125,23.79014],[68.38125,23.78986],[68.38236,23.78986],[68.38236,23.78958],[68.38347,23.78958],[68.38347,23.78931],[68.38402,23.78931],[68.38402,23.78903],[68.38486,23.78903],[68.38486,23.78875],[68.38764,23.78875],[68.38764,23.78847],[68.38847,23.78847],[68.38847,23.7882],[68.38931,23.7882],[68.38931,23.78792],[68.38986,23.78792],[68.38986,23.78765],[68.39068,23.78765],[68.39068,23.78736],[68.39154,23.78736],[68.39153,23.78708],[68.39236,23.78708],[68.39236,23.78681],[68.3932,23.78681],[68.3932,23.78653],[68.39403,23.78653],[68.39403,23.78625],[68.39486,23.78625],[68.39486,23.78597],[68.39569,23.78597],[68.39569,23.7857],[68.39625,23.7857],[68.39625,23.78542],[68.39709,23.78542],[68.39709,23.78514],[68.39792,23.78514],[68.39792,23.78486],[68.40125,23.78486],[68.40125,23.78514],[68.40208,23.78514],[68.40208,23.78542],[68.40264,23.78542],[68.40264,23.7857],[68.40291,23.7857],[68.40291,23.78597],[68.40348,23.78597],[68.40348,23.78625],[68.40459,23.78625],[68.40459,23.78653],[68.40542,23.78653],[68.40542,23.78681],[68.40598,23.78681],[68.40598,23.78708],[68.40625,23.78708],[68.40625,23.78736],[68.40681,23.78736],[68.40681,23.78765],[68.40736,23.78765],[68.40736,23.78792],[68.40764,23.78792],[68.40764,23.7882],[68.4082,23.7882],[68.4082,23.78847],[68.40847,23.78847],[68.40847,23.78875],[68.40903,23.78875],[68.40903,23.78931],[68.4093,23.78931],[68.4093,23.78958],[68.40958,23.78958],[68.40958,23.79014],[68.41014,23.79014],[68.41014,23.79042],[68.41042,23.79042],[68.41042,23.79071],[68.4107,23.79071],[68.4107,23.79125],[68.41097,23.79125],[68.41097,23.79181],[68.41125,23.79181],[68.41125,23.79264],[68.41153,23.79264],[68.41153,23.79292],[68.4118,23.79292],[68.4118,23.79347],[68.41236,23.79346],[68.41236,23.79375],[68.41292,23.79375],[68.41292,23.79403],[68.41375,23.79403],[68.41375,23.79431],[68.41431,23.79431],[68.41431,23.79458],[68.41514,23.79458],[68.41514,23.79486],[68.41625,23.79486],[68.41625,23.79514],[68.41846,23.79514],[68.41846,23.79486],[68.41903,23.79486],[68.41903,23.79458],[68.42152,23.79458],[68.42152,23.79486],[68.42208,23.79486],[68.42208,23.79514],[68.42264,23.79514],[68.42264,23.79542],[68.42319,23.79542],[68.42319,23.79569],[68.42347,23.79569],[68.42347,23.79625],[68.42375,23.79625],[68.42375,23.79653],[68.42403,23.79652],[68.42403,23.79681],[68.42431,23.79681],[68.42431,23.79708],[68.42514,23.79708],[68.42514,23.79681],[68.42542,23.79681],[68.42542,23.79625],[68.4257,23.79625],[68.4257,23.79597],[68.42597,23.79597],[68.42597,23.79486],[68.42625,23.79486],[68.42625,23.79292],[68.42597,23.79292],[68.42597,23.79236],[68.4257,23.79236],[68.4257,23.79153],[68.42542,23.79153],[68.42542,23.79014],[68.42514,23.79014],[68.42514,23.78958],[68.42541,23.78958],[68.42541,23.78875],[68.4257,23.78875],[68.4257,23.78542],[68.42542,23.78542],[68.42542,23.78514],[68.4257,23.78514],[68.4257,23.78486],[68.42541,23.78486],[68.42541,23.78431],[68.4257,23.78431],[68.4257,23.78375],[68.42541,23.78375],[68.42541,23.78319],[68.4257,23.78319],[68.4257,23.7818],[68.42542,23.78181],[68.42542,23.78097],[68.42514,23.78097],[68.42514,23.77986],[68.42486,23.77986],[68.42486,23.77847],[68.42459,23.77848],[68.42459,23.77708],[68.42431,23.77708],[68.42431,23.77653],[68.42375,23.77653],[68.42375,23.77625],[68.42347,23.77625],[68.42347,23.77597],[68.42292,23.77597],[68.42292,23.77569],[68.42264,23.77569],[68.42264,23.77542],[68.42236,23.77542],[68.42236,23.77514],[68.42208,23.77514],[68.42208,23.77486],[68.42181,23.77486],[68.42181,23.77458],[68.42152,23.77458],[68.42152,23.77375],[68.42125,23.77375],[68.42125,23.77347],[68.42097,23.77347],[68.42097,23.77292],[68.42069,23.77292],[68.42069,23.7718],[68.42042,23.77181],[68.42042,23.77153],[68.42014,23.77153],[68.42014,23.77069],[68.41986,23.7707],[68.41986,23.77014],[68.41959,23.77014],[68.41959,23.76986],[68.4193,23.76986],[68.4193,23.76875],[68.41903,23.76875],[68.41903,23.76708],[68.4193,23.76708],[68.4193,23.76681],[68.41903,23.76681],[68.41903,23.76597],[68.41875,23.76597],[68.41875,23.76486],[68.41847,23.76486],[68.41846,23.76348],[68.4182,23.76348],[68.4182,23.7632],[68.41792,23.7632],[68.41792,23.76292],[68.4182,23.76292],[68.4182,23.76264],[68.41792,23.76264],[68.41792,23.76236],[68.41764,23.76236],[68.41764,23.76208],[68.41736,23.76208],[68.41736,23.76181],[68.41431,23.76181],[68.41431,23.76208],[68.41375,23.76208],[68.41375,23.76181],[68.41265,23.7618],[68.41263,23.76153],[68.41153,23.76153],[68.41153,23.76125],[68.41125,23.76125],[68.41125,23.76097],[68.41153,23.76097],[68.41153,23.7607],[68.41097,23.7607],[68.41097,23.76042],[68.41042,23.76042],[68.41042,23.75986],[68.41014,23.75986],[68.41014,23.75958],[68.40986,23.75958],[68.40986,23.75931],[68.40931,23.75931],[68.40929,23.75903],[68.40847,23.75903],[68.40847,23.75875],[68.40791,23.75875],[68.40791,23.75847],[68.40764,23.75847],[68.40764,23.7582],[68.40736,23.7582],[68.40736,23.75792],[68.40708,23.75792],[68.40708,23.75764],[68.40681,23.75764],[68.40681,23.75735],[68.40625,23.75736],[68.40625,23.75709],[68.40598,23.75709],[68.40598,23.7568],[68.40542,23.75681],[68.40542,23.75653],[68.40514,23.75653],[68.40514,23.75625],[68.40486,23.75625],[68.40486,23.75597],[68.40459,23.75597],[68.40459,23.75569],[68.40403,23.7557],[68.40403,23.75542],[68.40375,23.75542],[68.40375,23.75514],[68.40348,23.75514],[68.40348,23.75458],[68.4032,23.75458],[68.4032,23.75375],[68.40291,23.75375],[68.40291,23.75319],[68.40264,23.75319],[68.40264,23.75292],[68.40236,23.75292],[68.40236,23.75264],[68.40208,23.75264],[68.40208,23.75236],[68.4018,23.75236],[68.4018,23.75208],[68.40153,23.75208],[68.40153,23.75181],[68.40097,23.75181],[68.40097,23.75154],[68.40042,23.75154],[68.40042,23.75125],[68.39958,23.75125],[68.39958,23.75097],[68.39931,23.75097],[68.39931,23.75042],[68.39958,23.75042],[68.39958,23.75014],[68.39986,23.75014],[68.39986,23.75042],[68.40041,23.75042],[68.40041,23.75069],[68.40097,23.75069],[68.40097,23.75097],[68.40153,23.75097],[68.40153,23.75125],[68.4018,23.75125],[68.4018,23.75154],[68.40208,23.75154],[68.40208,23.75181],[68.40347,23.75181],[68.40347,23.75208],[68.40403,23.75208],[68.40403,23.75236],[68.40459,23.75236],[68.40459,23.75264],[68.40486,23.75264],[68.40486,23.75292],[68.40514,23.75292],[68.40514,23.75319],[68.40542,23.75319],[68.40542,23.75403],[68.40514,23.75403],[68.40514,23.75542],[68.40542,23.75542],[68.40542,23.7557],[68.40569,23.75569],[68.40569,23.75597],[68.40625,23.75597],[68.40625,23.75625],[68.40652,23.75625],[68.40652,23.75653],[68.40681,23.75653],[68.40681,23.75681],[68.40708,23.7568],[68.40708,23.75709],[68.40736,23.75709],[68.40736,23.75736],[68.40764,23.75735],[68.40764,23.75764],[68.4082,23.75764],[68.4082,23.75792],[68.40847,23.75792],[68.40847,23.7582],[68.4093,23.7582],[68.4093,23.75847],[68.40986,23.75847],[68.40986,23.75875],[68.41042,23.75875],[68.41042,23.75903],[68.4107,23.75903],[68.4107,23.75931],[68.41097,23.75931],[68.41097,23.75958],[68.41125,23.75958],[68.41125,23.75986],[68.4118,23.75986],[68.4118,23.76014],[68.41236,23.76014],[68.41236,23.76042],[68.41319,23.76042],[68.41319,23.7607],[68.41431,23.7607],[68.41431,23.76097],[68.41681,23.76097],[68.41681,23.7607],[68.41708,23.7607],[68.41708,23.76042],[68.41736,23.76042],[68.41736,23.75875],[68.41707,23.75875],[68.41707,23.75708],[68.41681,23.75709],[68.41681,23.75653],[68.41653,23.75653],[68.41653,23.75597],[68.41625,23.75597],[68.41625,23.75542],[68.41597,23.75542],[68.41597,23.75347],[68.4157,23.75347],[68.4157,23.75042],[68.41542,23.75042],[68.41542,23.74792],[68.41571,23.74792],[68.41571,23.74597],[68.41597,23.74597],[68.41597,23.7432],[68.41625,23.7432],[68.41625,23.74014],[68.41653,23.74014],[68.41653,23.73764],[68.41681,23.73764],[68.41681,23.73597],[68.41708,23.73597],[68.41708,23.73514],[68.41736,23.73514],[68.41736,23.73403],[68.41764,23.73403],[68.41764,23.73264],[68.41792,23.73264],[68.41792,23.73125],[68.4182,23.73125],[68.4182,23.72875],[68.41846,23.72875],[68.41846,23.7243],[68.4182,23.72431],[68.4182,23.72347],[68.41792,23.72347],[68.41792,23.72292],[68.41764,23.72292],[68.41764,23.72236],[68.41736,23.72236],[68.41736,23.72208],[68.41708,23.72208],[68.41708,23.71958],[68.41681,23.71958],[68.41681,23.7182],[68.41653,23.7182],[68.41653,23.71792],[68.41625,23.71792],[68.41625,23.71764],[68.41597,23.71764],[68.41597,23.71736],[68.4157,23.71736],[68.4157,23.71708],[68.41541,23.71708],[68.41541,23.71597],[68.41514,23.71597],[68.41514,23.71514],[68.41485,23.71514],[68.41485,23.71431],[68.41458,23.71431],[68.41458,23.71347],[68.41431,23.71347],[68.41431,23.71264],[68.41402,23.71264],[68.41402,23.71208],[68.41375,23.71208],[68.41375,23.71153],[68.41348,23.71153],[68.41348,23.71097],[68.41319,23.71097],[68.41319,23.71042],[68.41292,23.71042],[68.41292,23.71014],[68.41265,23.71014],[68.41265,23.70986],[68.41236,23.70986],[68.41236,23.70958],[68.41209,23.70958],[68.41209,23.70931],[68.4118,23.70931],[68.4118,23.70903],[68.41153,23.70903],[68.41153,23.70847],[68.41125,23.70847],[68.41125,23.70792],[68.41097,23.70792],[68.41097,23.70736],[68.4107,23.70736],[68.4107,23.70681],[68.41042,23.70681],[68.41042,23.70624],[68.41014,23.70625],[68.41014,23.70597],[68.40986,23.70597],[68.40986,23.70542],[68.40958,23.70542],[68.40958,23.70486],[68.40931,23.70486],[68.40929,23.70431],[68.40903,23.70431],[68.40903,23.70375],[68.40875,23.70375],[68.40875,23.7032],[68.40847,23.7032],[68.40847,23.70264],[68.4082,23.70264],[68.4082,23.70208],[68.40791,23.70209],[68.40791,23.69875],[68.40764,23.69875],[68.40764,23.69764],[68.40736,23.69764],[68.40736,23.69653],[68.40708,23.69653],[68.40708,23.69542],[68.40681,23.69542],[68.40681,23.6943],[68.40652,23.69431],[68.40652,23.6932],[68.40625,23.6932],[68.40625,23.69208],[68.40598,23.69208],[68.40598,23.69153],[68.40569,23.69153],[68.40569,23.69097],[68.40542,23.69097],[68.40542,23.69014],[68.40514,23.69014],[68.40514,23.68958],[68.40486,23.68958],[68.40486,23.68903],[68.40459,23.68903],[68.40459,23.68847],[68.4043,23.68847],[68.4043,23.68792],[68.40403,23.68792],[68.40403,23.68764],[68.40375,23.68764],[68.40375,23.68736],[68.40347,23.68736],[68.40347,23.68681],[68.4032,23.68681],[68.4032,23.68625],[68.40291,23.68625],[68.40291,23.68569],[68.40264,23.68569],[68.40264,23.68486],[68.40236,23.68486],[68.40236,23.68431],[68.40208,23.68431],[68.40208,23.6832],[68.4018,23.6832],[68.4018,23.68207],[68.40153,23.68208],[68.40153,23.68097],[68.40125,23.68097],[68.40125,23.68014],[68.40097,23.68014],[68.40097,23.67932],[68.40071,23.67932],[68.40071,23.67875],[68.40042,23.67875],[68.40042,23.67819],[68.40014,23.6782],[68.40014,23.67764],[68.39986,23.67764],[68.39986,23.67708],[68.39958,23.67709],[68.39958,23.67653],[68.39931,23.67653],[68.39931,23.67597],[68.39902,23.67597],[68.39902,23.67514],[68.39875,23.67514],[68.39875,23.67403],[68.39848,23.67403],[68.39848,23.67319],[68.39819,23.67319],[68.39819,23.67208],[68.39792,23.67208],[68.39792,23.67153],[68.39764,23.67153],[68.39764,23.67097],[68.39736,23.67097],[68.39736,23.67069],[68.39709,23.67069],[68.39709,23.67042],[68.3968,23.67042],[68.3968,23.66986],[68.39653,23.66986],[68.39653,23.66931],[68.39625,23.66931],[68.39625,23.66875],[68.39597,23.66875],[68.39597,23.66792],[68.39569,23.66792],[68.39569,23.66736],[68.39542,23.66736],[68.39542,23.66681],[68.39514,23.66681],[68.39514,23.66625],[68.39542,23.66625],[68.39542,23.66597],[68.39569,23.66597],[68.39569,23.66431],[68.39514,23.66431],[68.39514,23.6632],[68.39486,23.6632],[68.39486,23.66292],[68.39429,23.66292],[68.39429,23.66236],[68.39458,23.66236],[68.39458,23.66153],[68.39429,23.66153],[68.39429,23.66125],[68.39403,23.66125],[68.39403,23.66096],[68.39375,23.66097],[68.39375,23.66069],[68.3932,23.66069],[68.3932,23.66042],[68.39291,23.66042],[68.39291,23.66014],[68.39264,23.66014],[68.39264,23.65986],[68.39236,23.65986],[68.39236,23.66014],[68.39098,23.66014],[68.39098,23.65847],[68.39069,23.65847],[68.39069,23.65792],[68.39042,23.65792],[68.39042,23.65708],[68.39069,23.65708],[68.39069,23.65486],[68.39042,23.65486],[68.39042,23.65431],[68.39014,23.65431],[68.39014,23.65403],[68.38986,23.65403],[68.38986,23.65375],[68.38958,23.65375],[68.38958,23.65347],[68.38931,23.65347],[68.38931,23.6532],[68.38903,23.6532],[68.38903,23.65292],[68.38875,23.65292],[68.38875,23.65236],[68.38847,23.65236],[68.38847,23.65208],[68.38819,23.65209],[68.38819,23.65181],[68.38792,23.65181],[68.38792,23.65153],[68.38764,23.65153],[68.38764,23.65125],[68.38736,23.65125],[68.38736,23.65069],[68.38708,23.6507],[68.38708,23.65042],[68.3868,23.65042],[68.3868,23.65014],[68.38653,23.65014],[68.38653,23.64986],[68.38625,23.64986],[68.38625,23.64958],[68.38597,23.64959],[68.38597,23.6493],[68.3857,23.64931],[68.3857,23.64875],[68.38541,23.64875],[68.38541,23.64847],[68.38514,23.64847],[68.38514,23.64819],[68.38486,23.6482],[68.38486,23.64764],[68.38458,23.64764],[68.38458,23.64708],[68.38431,23.64708],[68.38431,23.64653],[68.38403,23.64653],[68.38403,23.64625],[68.38375,23.64625],[68.38375,23.64596],[68.38347,23.64597],[68.38347,23.64569],[68.38292,23.64569],[68.38292,23.64542],[68.38264,23.64542],[68.38264,23.64514],[68.38235,23.64514],[68.38235,23.64486],[68.38208,23.64486],[68.38208,23.64458],[68.38153,23.64458],[68.38153,23.64431],[68.38125,23.64431],[68.38125,23.64403],[68.38042,23.64403],[68.38042,23.64375],[68.3796,23.64375],[68.3796,23.64347],[68.37875,23.64347],[68.37875,23.64319],[68.37791,23.64319],[68.37791,23.64292],[68.37652,23.64292],[68.37652,23.64319],[68.37542,23.64319],[68.37542,23.64431],[68.37569,23.64431],[68.37569,23.64708],[68.37597,23.64708],[68.37597,23.6482],[68.37625,23.64819],[68.37625,23.64903],[68.37652,23.64903],[68.37652,23.6507],[68.37681,23.65069],[68.37681,23.65153],[68.37708,23.65153],[68.37708,23.65181],[68.37736,23.65181],[68.37736,23.65236],[68.37764,23.65236],[68.37764,23.65264],[68.37791,23.65264],[68.37791,23.6532],[68.3782,23.6532],[68.3782,23.65347],[68.37847,23.65347],[68.37847,23.65403],[68.37875,23.65403],[68.37875,23.65431],[68.37903,23.65431],[68.37903,23.65458],[68.37929,23.65458],[68.37929,23.65515],[68.3796,23.65515],[68.3796,23.65542],[68.37986,23.65542],[68.37986,23.65597],[68.38014,23.65597],[68.38014,23.65653],[68.38042,23.65653],[68.38042,23.65681],[68.38069,23.65681],[68.38069,23.65764],[68.38097,23.65764],[68.38097,23.65792],[68.38125,23.65792],[68.38125,23.65847],[68.38153,23.65847],[68.38153,23.65903],[68.38181,23.65903],[68.38181,23.65931],[68.38208,23.65931],[68.38208,23.65986],[68.38235,23.65986],[68.38235,23.66042],[68.38264,23.66042],[68.38264,23.66097],[68.38292,23.66096],[68.38292,23.66153],[68.38319,23.66153],[68.38319,23.66208],[68.38347,23.66208],[68.38347,23.6632],[68.38375,23.66319],[68.38375,23.66375],[68.38402,23.66375],[68.38402,23.66431],[68.38431,23.66431],[68.38431,23.66486],[68.38458,23.66486],[68.38458,23.6657],[68.38486,23.6657],[68.38486,23.66625],[68.38514,23.66625],[68.38514,23.66653],[68.38541,23.66653],[68.38541,23.66709],[68.3857,23.66709],[68.3857,23.66764],[68.38597,23.66764],[68.38597,23.66875],[68.38625,23.66875],[68.38625,23.66958],[68.38653,23.66958],[68.38653,23.67014],[68.38625,23.67013],[68.38625,23.67125],[68.38653,23.67125],[68.38653,23.67236],[68.3868,23.67236],[68.3868,23.67375],[68.38709,23.67375],[68.38709,23.67542],[68.38736,23.67542],[68.38736,23.67597],[68.38764,23.67597],[68.38764,23.67653],[68.38792,23.67653],[68.38792,23.67709],[68.38819,23.67709],[68.38819,23.6782],[68.38848,23.67819],[68.38848,23.67932],[68.38875,23.67932],[68.38875,23.68042],[68.38903,23.68042],[68.38903,23.68236],[68.38931,23.68236],[68.38931,23.68347],[68.38958,23.68347],[68.38958,23.68403],[68.38986,23.68403],[68.38986,23.68486],[68.39014,23.68486],[68.39014,23.68569],[68.38986,23.68569],[68.38986,23.68597],[68.38958,23.68597],[68.38958,23.68569],[68.38931,23.68569],[68.38931,23.68514],[68.38903,23.68514],[68.38903,23.68431],[68.38875,23.68431],[68.38875,23.68375],[68.38847,23.68375],[68.38847,23.68236],[68.38819,23.68236],[68.38819,23.68042],[68.38792,23.68042],[68.38792,23.67932],[68.38764,23.67932],[68.38764,23.67819],[68.38736,23.6782],[68.38736,23.67709],[68.38708,23.67709],[68.38708,23.67653],[68.3868,23.67653],[68.3868,23.67597],[68.38653,23.67597],[68.38653,23.67542],[68.38625,23.67542],[68.38625,23.67375],[68.38597,23.67375],[68.38597,23.67236],[68.3857,23.67236],[68.3857,23.67125],[68.38541,23.67125],[68.38541,23.67013],[68.38514,23.67014],[68.38514,23.66931],[68.38486,23.66931],[68.38486,23.66847],[68.38458,23.66847],[68.38458,23.66792],[68.38431,23.66792],[68.38431,23.66736],[68.38402,23.66736],[68.38402,23.6657],[68.38375,23.6657],[68.38375,23.66542],[68.38347,23.66542],[68.38347,23.66458],[68.38319,23.66458],[68.38319,23.66431],[68.38292,23.66431],[68.38292,23.66347],[68.38264,23.66347],[68.38264,23.66264],[68.38235,23.66264],[68.38235,23.66181],[68.38208,23.66181],[68.38208,23.66125],[68.38181,23.66125],[68.38181,23.66069],[68.38153,23.66069],[68.38153,23.66014],[68.38125,23.66014],[68.38125,23.65958],[68.38097,23.65958],[68.38097,23.65931],[68.38069,23.65931],[68.38069,23.65847],[68.38042,23.65847],[68.38042,23.65819],[68.38014,23.65819],[68.38014,23.65764],[68.37986,23.65764],[68.37986,23.65681],[68.3796,23.65681],[68.3796,23.65653],[68.37929,23.65653],[68.37929,23.65597],[68.37903,23.65597],[68.37903,23.65542],[68.37875,23.65542],[68.37875,23.65515],[68.37847,23.65515],[68.37847,23.65486],[68.3782,23.65486],[68.3782,23.65431],[68.37791,23.65431],[68.37791,23.65403],[68.37764,23.65403],[68.37764,23.65347],[68.37736,23.65347],[68.37736,23.6532],[68.37708,23.6532],[68.37708,23.65264],[68.37681,23.65264],[68.37681,23.65236],[68.37652,23.65236],[68.37652,23.65208],[68.37625,23.65209],[68.37625,23.65153],[68.37597,23.65153],[68.37597,23.65069],[68.37569,23.6507],[68.37569,23.64903],[68.37542,23.64903],[68.37542,23.64819],[68.37514,23.6482],[68.37514,23.64708],[68.37486,23.64708],[68.37486,23.64431],[68.37458,23.64431],[68.37458,23.64181],[68.37486,23.64181],[68.37486,23.64015],[68.37458,23.64015],[68.37458,23.63931],[68.37403,23.63931],[68.37403,23.63903],[68.37347,23.63903],[68.37347,23.63875],[68.37292,23.63875],[68.37292,23.63736],[68.37264,23.63736],[68.37264,23.63681],[68.37236,23.6368],[68.37236,23.63625],[68.37208,23.63625],[68.37208,23.6357],[68.3718,23.6357],[68.3718,23.63514],[68.37153,23.63514],[68.37153,23.63486],[68.37125,23.63486],[68.37125,23.63458],[68.37097,23.63458],[68.37097,23.63431],[68.3707,23.63431],[68.3707,23.63402],[68.37041,23.63403],[68.37041,23.63375],[68.36986,23.63375],[68.36986,23.63347],[68.36931,23.63347],[68.36931,23.63319],[68.36875,23.63319],[68.36875,23.63292],[68.36819,23.63292],[68.36819,23.63264],[68.36764,23.63264],[68.36764,23.63236],[68.36708,23.63236],[68.36708,23.63125],[68.36681,23.63125],[68.36681,23.63098],[68.36625,23.63098],[68.36625,23.6307],[68.36569,23.6307],[68.36569,23.63042],[68.36514,23.63042],[68.36514,23.63014],[68.3646,23.63014],[68.3646,23.62986],[68.36403,23.62986],[68.36403,23.62958],[68.36347,23.62958],[68.36347,23.62931],[68.36208,23.62931],[68.36208,23.62847],[68.36181,23.62847],[68.36181,23.62792],[68.36153,23.62792],[68.36153,23.62764],[68.36097,23.62764],[68.36097,23.62736],[68.36069,23.62736],[68.36069,23.62708],[68.35986,23.62708],[68.35986,23.62736],[68.35958,23.62736],[68.35958,23.62764],[68.35875,23.62764],[68.35875,23.62708],[68.35847,23.62708],[68.35847,23.62625],[68.35818,23.62625],[68.35818,23.62431],[68.35792,23.62431],[68.35792,23.62375],[68.35763,23.62375],[68.35763,23.62347],[68.35736,23.62347],[68.35736,23.62292],[68.35709,23.62292],[68.35709,23.62264],[68.3568,23.62264],[68.3568,23.62208],[68.35653,23.62209],[68.35653,23.62153],[68.3532,23.62153],[68.3532,23.61681],[68.35042,23.61681],[68.35042,23.61653],[68.34986,23.61653],[68.34986,23.61625],[68.3482,23.61625],[68.3482,23.61598],[68.34792,23.61598],[68.34792,23.61486],[68.3482,23.61486],[68.3482,23.61458],[68.34847,23.61458],[68.34847,23.61431],[68.34875,23.61431],[68.34875,23.61375],[68.34903,23.61375],[68.34903,23.61292],[68.34931,23.61292],[68.34931,23.61208],[68.34958,23.61208],[68.34958,23.61097],[68.34986,23.61097],[68.34986,23.61042],[68.35014,23.61042],[68.35014,23.61014],[68.35042,23.61014],[68.35042,23.60958],[68.35069,23.60958],[68.35069,23.60931],[68.35098,23.60931],[68.35098,23.60847],[68.35125,23.60847],[68.35125,23.60486],[68.35098,23.60486],[68.35098,23.60431],[68.35069,23.60431],[68.35069,23.60375],[68.35042,23.60375],[68.35042,23.6032],[68.35014,23.6032],[68.35014,23.60292],[68.34986,23.60292],[68.34986,23.60264],[68.34958,23.60264],[68.34958,23.60236],[68.34903,23.60236],[68.34903,23.60208],[68.34875,23.60208],[68.34875,23.60153],[68.34847,23.60153],[68.34847,23.60098],[68.3482,23.60098],[68.3482,23.60069],[68.34791,23.6007],[68.34791,23.60014],[68.34764,23.60014],[68.34764,23.59958],[68.34736,23.59958],[68.34736,23.59931],[68.34708,23.59931],[68.34708,23.59875],[68.34681,23.59875],[68.3468,23.59819],[68.34653,23.5982],[68.34653,23.59792],[68.34625,23.59792],[68.34625,23.59764],[68.3457,23.59764],[68.3457,23.59736],[68.34541,23.59736],[68.34541,23.59708],[68.34486,23.59709],[68.34486,23.5968],[68.34431,23.59681],[68.34431,23.59653],[68.34402,23.59653],[68.34402,23.59625],[68.34347,23.59625],[68.34347,23.59597],[68.34292,23.59597],[68.34292,23.5957],[68.3418,23.5957],[68.3418,23.59542],[68.3407,23.59542],[68.3407,23.59514],[68.33958,23.59514],[68.33958,23.59485],[68.3393,23.59486],[68.3393,23.5943],[68.33903,23.59431],[68.33903,23.59403],[68.33847,23.59403],[68.33847,23.59375],[68.33764,23.59375],[68.33764,23.59347],[68.33708,23.59347],[68.33708,23.59319],[68.33625,23.5932],[68.33625,23.59292],[68.33569,23.59292],[68.33569,23.59264],[68.33542,23.59264],[68.33542,23.59208],[68.33569,23.59208],[68.33569,23.59181],[68.3343,23.59181],[68.3343,23.59153],[68.33375,23.59153],[68.33375,23.59125],[68.33292,23.59125],[68.33292,23.59097],[68.33236,23.59097],[68.33236,23.59042],[68.33208,23.59042],[68.33208,23.58986],[68.3318,23.58986],[68.3318,23.58958],[68.33125,23.58958],[68.33125,23.58931],[68.33041,23.58931],[68.33041,23.58903],[68.32736,23.58903],[68.32736,23.58931],[68.32597,23.58931],[68.32597,23.58903],[68.32569,23.58903],[68.32569,23.58819],[68.32403,23.58819],[68.32403,23.58847],[68.3232,23.58847],[68.3232,23.58875],[68.32264,23.58875],[68.32264,23.58903],[68.31819,23.58903],[68.31819,23.58931],[68.31597,23.58931],[68.31597,23.58958],[68.31541,23.58958],[68.31541,23.58986],[68.31458,23.58986],[68.31458,23.58875],[68.31431,23.58875],[68.31431,23.58764],[68.31541,23.58764],[68.31541,23.58736],[68.3157,23.58736],[68.3157,23.58708],[68.31597,23.58708],[68.31597,23.58653],[68.31626,23.58653],[68.31626,23.58597],[68.31653,23.58597],[68.31653,23.58542],[68.3168,23.58542],[68.3168,23.58514],[68.31709,23.58514],[68.31709,23.58403],[68.31626,23.58403],[68.31626,23.58375],[68.3157,23.58375],[68.3157,23.58347],[68.31486,23.58347],[68.31486,23.5832],[68.31347,23.5832],[68.31347,23.58347],[68.30986,23.58347],[68.30986,23.5832],[68.30903,23.5832],[68.30903,23.58292],[68.30847,23.58292],[68.30847,23.5832],[68.30875,23.5832],[68.30875,23.58347],[68.30903,23.58347],[68.30903,23.58375],[68.3093,23.58375],[68.3093,23.58403],[68.30986,23.58403],[68.30986,23.58431],[68.31014,23.58431],[68.31014,23.58486],[68.30986,23.58486],[68.30986,23.5857],[68.30959,23.5857],[68.30959,23.58597],[68.3093,23.58597],[68.3093,23.58625],[68.30903,23.58625],[68.30903,23.58653],[68.3082,23.58653],[68.3082,23.58681],[68.30707,23.58681],[68.30707,23.58653],[68.30653,23.58653],[68.30653,23.58736],[68.30625,23.58736],[68.30625,23.58847],[68.30597,23.58847],[68.30597,23.58958],[68.30569,23.58958],[68.30569,23.59069],[68.30542,23.59069],[68.30542,23.59153],[68.30514,23.59153],[68.30514,23.59208],[68.30486,23.59208],[68.30486,23.59264],[68.30458,23.59264],[68.30458,23.5957],[68.30432,23.59569],[68.30432,23.59653],[68.30375,23.59653],[68.30375,23.59597],[68.30347,23.59597],[68.30347,23.59542],[68.30319,23.59542],[68.30319,23.59485],[68.30292,23.59486],[68.30292,23.59459],[68.30263,23.59459],[68.30263,23.59403],[68.30236,23.59403],[68.30236,23.59375],[68.30209,23.59375],[68.30209,23.59347],[68.30153,23.59347],[68.30153,23.59319],[68.30126,23.5932],[68.30126,23.59292],[68.3007,23.59292],[68.3007,23.59264],[68.30042,23.59264],[68.30042,23.59208],[68.30025,23.59208],[68.30025,23.59208],[68.30014,23.59208],[68.30014,23.59181],[68.29986,23.59181],[68.29986,23.59125],[68.29958,23.59125],[68.29958,23.59069],[68.29986,23.59069],[68.29986,23.59014],[68.30014,23.59014],[68.30014,23.58931],[68.30042,23.58931],[68.30042,23.58875],[68.30014,23.58875],[68.30014,23.58847],[68.29986,23.58847],[68.29986,23.58819],[68.29958,23.58819],[68.29958,23.58792],[68.29986,23.58792],[68.29986,23.58736],[68.30014,23.58736],[68.30014,23.58708],[68.30041,23.58708],[68.30041,23.58688],[68.30041,23.58688],[68.30041,23.58681],[68.3007,23.58681],[68.3007,23.58653],[68.3018,23.58653],[68.3018,23.58708],[68.30263,23.58708],[68.30263,23.58681],[68.30292,23.58681],[68.30292,23.58653],[68.30432,23.58653],[68.30432,23.58514],[68.30458,23.58514],[68.30458,23.58486],[68.30736,23.58486],[68.30736,23.58431],[68.30764,23.58431],[68.30764,23.58403],[68.30707,23.58403],[68.30707,23.58375],[68.30625,23.58375],[68.30625,23.58347],[68.30458,23.58347],[68.30458,23.58375],[68.30347,23.58375],[68.30347,23.58403],[68.30263,23.58403],[68.30263,23.58431],[68.3007,23.58431],[68.3007,23.58223],[68.3007,23.58223],[68.3007,23.58208],[68.30041,23.58208],[68.30041,23.58181],[68.30014,23.58181],[68.30014,23.58153],[68.29986,23.58153],[68.29986,23.58125],[68.29958,23.58125],[68.29958,23.58097],[68.29931,23.58097],[68.29931,23.58069],[68.29847,23.58069],[68.29847,23.58042],[68.29792,23.58042],[68.29792,23.58014],[68.29708,23.58014],[68.29708,23.57987],[68.29652,23.57987],[68.29652,23.57958],[68.29598,23.57958],[68.29598,23.57931],[68.29542,23.57931],[68.29542,23.57903],[68.29486,23.57903],[68.29486,23.57875],[68.29097,23.57875],[68.29097,23.57903],[68.28903,23.57903],[68.28903,23.57931],[68.28819,23.57931],[68.28819,23.57958],[68.28764,23.57958],[68.28764,23.57987],[68.2868,23.57987],[68.2868,23.58014],[68.28625,23.58014],[68.28625,23.58042],[68.2857,23.58042],[68.2857,23.58069],[68.28542,23.58069],[68.28542,23.58097],[68.28486,23.58097],[68.28486,23.58125],[68.28457,23.58125],[68.28457,23.58153],[68.2843,23.58153],[68.2843,23.58208],[68.28403,23.58208],[68.28403,23.58264],[68.28347,23.58264],[68.28347,23.58292],[68.2832,23.58292],[68.2832,23.5832],[68.2829,23.58319],[68.2829,23.58375],[68.28235,23.58375],[68.28235,23.58291],[68.28208,23.58292],[68.28208,23.58236],[68.28069,23.58236],[68.28069,23.58264],[68.28042,23.58264],[68.28042,23.58292],[68.28014,23.58292],[68.28014,23.5832],[68.27986,23.5832],[68.27986,23.58347],[68.27959,23.58347],[68.27959,23.58375],[68.27903,23.58375],[68.27903,23.58403],[68.27875,23.58403],[68.27875,23.58431],[68.27847,23.58431],[68.27847,23.58458],[68.2782,23.58458],[68.27819,23.58486],[68.27792,23.58486],[68.27792,23.58514],[68.27764,23.58514],[68.27764,23.58542],[68.27736,23.58542],[68.27736,23.5857],[68.27708,23.5857],[68.27709,23.58625],[68.2768,23.58625],[68.2768,23.58653],[68.27653,23.58653],[68.27653,23.58681],[68.27625,23.58681],[68.27625,23.58736],[68.27597,23.58736],[68.27597,23.58847],[68.2757,23.58847],[68.2757,23.58903],[68.27541,23.58903],[68.27541,23.58958],[68.27514,23.58958],[68.27514,23.59014],[68.27486,23.59014],[68.27486,23.59069],[68.27458,23.59069],[68.27458,23.59181],[68.27431,23.59181],[68.27431,23.59375],[68.27458,23.59375],[68.27458,23.59427],[68.27458,23.59431],[68.27486,23.59431],[68.27486,23.59542],[68.27514,23.59542],[68.27514,23.5957],[68.27541,23.59569],[68.27541,23.59625],[68.2757,23.59625],[68.2757,23.59653],[68.27597,23.59653],[68.27597,23.59709],[68.27625,23.59708],[68.27625,23.59736],[68.2782,23.59736],[68.2782,23.59708],[68.27903,23.59709],[68.27903,23.59653],[68.2793,23.59653],[68.2793,23.59542],[68.27959,23.59542],[68.27959,23.59458],[68.2793,23.59459],[68.2793,23.59375],[68.27903,23.59375],[68.27903,23.59292],[68.27875,23.59292],[68.27875,23.59225],[68.27875,23.59181],[68.27847,23.59181],[68.27847,23.59069],[68.2782,23.59069],[68.2782,23.58986],[68.27847,23.58986],[68.27847,23.58958],[68.27903,23.58958],[68.27903,23.58931],[68.2793,23.58931],[68.2793,23.58903],[68.27959,23.58903],[68.27959,23.58875],[68.28014,23.58875],[68.28015,23.59014],[68.27986,23.59014],[68.27986,23.59153],[68.28015,23.59153],[68.28015,23.59156],[68.28015,23.59156],[68.28015,23.59264],[68.28042,23.59264],[68.28042,23.59375],[68.28069,23.59375],[68.28069,23.59459],[68.28098,23.59458],[68.28098,23.59542],[68.28125,23.59542],[68.28125,23.59597],[68.28152,23.59597],[68.28152,23.59709],[68.28181,23.59709],[68.28181,23.59847],[68.28208,23.59847],[68.28208,23.59931],[68.28236,23.59931],[68.28236,23.59958],[68.28264,23.59958],[68.28264,23.60014],[68.2829,23.60014],[68.2829,23.60042],[68.2832,23.60042],[68.2832,23.6007],[68.28375,23.60069],[68.28375,23.60098],[68.28403,23.60098],[68.28403,23.60125],[68.28709,23.60125],[68.28709,23.60098],[68.28819,23.60098],[68.28819,23.60069],[68.28902,23.6007],[68.28902,23.60042],[68.28958,23.60042],[68.28958,23.60014],[68.29041,23.60014],[68.29041,23.59986],[68.29097,23.59986],[68.29097,23.59958],[68.29236,23.59958],[68.29236,23.60014],[68.29264,23.60014],[68.29264,23.6007],[68.29236,23.60069],[68.29236,23.60098],[68.29097,23.60098],[68.29097,23.60153],[68.29069,23.60153],[68.29069,23.60208],[68.29041,23.60208],[68.29041,23.60264],[68.28932,23.60264],[68.28932,23.60292],[68.28848,23.60292],[68.28848,23.6032],[68.28819,23.6032],[68.28819,23.60347],[68.28792,23.60347],[68.28792,23.60375],[68.28764,23.60375],[68.28764,23.60404],[68.28736,23.60404],[68.28736,23.60431],[68.2868,23.60431],[68.2868,23.60458],[68.28653,23.60458],[68.28653,23.60486],[68.28625,23.60486],[68.28625,23.60514],[68.28457,23.60514],[68.28457,23.60542],[68.2843,23.60542],[68.2843,23.60569],[68.28347,23.60569],[68.28347,23.60597],[68.2829,23.60597],[68.2829,23.60625],[68.28125,23.60625],[68.28125,23.60653],[68.28152,23.60653],[68.28152,23.60736],[68.28181,23.60736],[68.28181,23.60764],[68.28235,23.60764],[68.28235,23.60736],[68.28347,23.60736],[68.28347,23.60764],[68.28375,23.60764],[68.28375,23.60792],[68.28514,23.60792],[68.28514,23.60764],[68.28542,23.60764],[68.28542,23.60736],[68.28597,23.60736],[68.28597,23.60708],[68.28625,23.60708],[68.28625,23.60681],[68.2868,23.60681],[68.2868,23.60653],[68.28709,23.60653],[68.28709,23.60625],[68.28764,23.60625],[68.28764,23.60597],[68.28819,23.60597],[68.28819,23.60625],[68.28792,23.60625],[68.28792,23.60708],[68.28764,23.60708],[68.28764,23.60764],[68.28736,23.60764],[68.28736,23.60847],[68.28653,23.60847],[68.28653,23.60875],[68.28597,23.60875],[68.28597,23.60903],[68.2857,23.60903],[68.2857,23.61097],[68.28486,23.61097],[68.28486,23.6107],[68.2843,23.61069],[68.2843,23.61181],[68.28375,23.61181],[68.28375,23.61153],[68.28347,23.61153],[68.28347,23.61125],[68.2829,23.61125],[68.2829,23.61153],[68.28264,23.61153],[68.28264,23.61264],[68.28235,23.61264],[68.28235,23.61375],[68.28208,23.61375],[68.28208,23.61403],[68.28125,23.61403],[68.28125,23.61347],[68.28097,23.61347],[68.28097,23.61292],[68.28069,23.61292],[68.28069,23.61236],[68.28042,23.61236],[68.28042,23.61181],[68.27959,23.61181],[68.27959,23.61153],[68.2793,23.61153],[68.2793,23.61125],[68.27875,23.61125],[68.27875,23.61097],[68.27847,23.61097],[68.27847,23.6107],[68.2782,23.6107],[68.2782,23.60986],[68.27792,23.60986],[68.27792,23.61097],[68.27764,23.61097],[68.27764,23.61125],[68.27736,23.61125],[68.27736,23.61153],[68.27709,23.61153],[68.27709,23.61181],[68.2768,23.61181],[68.2768,23.61208],[68.27653,23.61208],[68.27653,23.61236],[68.27625,23.61236],[68.27625,23.61264],[68.27597,23.61264],[68.27597,23.61292],[68.2757,23.61292],[68.2757,23.61319],[68.27541,23.61319],[68.27541,23.61375],[68.27514,23.61375],[68.27514,23.61431],[68.27486,23.61431],[68.27486,23.61486],[68.27458,23.61486],[68.27458,23.61542],[68.27431,23.61542],[68.27431,23.61598],[68.27403,23.61598],[68.27403,23.61625],[68.27375,23.61625],[68.27375,23.61681],[68.27348,23.61681],[68.27348,23.61736],[68.27319,23.61736],[68.27319,23.61792],[68.27292,23.61792],[68.27292,23.61875],[68.27264,23.61875],[68.27264,23.6207],[68.27292,23.6207],[68.27292,23.62181],[68.27319,23.6218],[68.27319,23.62209],[68.27348,23.62208],[68.27348,23.62264],[68.27375,23.62264],[68.27375,23.6232],[68.27402,23.6232],[68.27402,23.62375],[68.27431,23.62375],[68.27431,23.62431],[68.27458,23.62431],[68.27458,23.62486],[68.27486,23.62486],[68.27486,23.62542],[68.27514,23.62542],[68.27514,23.6257],[68.27541,23.6257],[68.27541,23.62597],[68.2757,23.62597],[68.2757,23.62653],[68.27597,23.62653],[68.27597,23.62681],[68.27625,23.62681],[68.27625,23.62736],[68.27653,23.62736],[68.27653,23.6282],[68.2768,23.62819],[68.2768,23.62875],[68.27708,23.62875],[68.27708,23.62931],[68.27736,23.62931],[68.27736,23.62986],[68.27764,23.62986],[68.27764,23.63042],[68.27792,23.63042],[68.27792,23.63125],[68.27847,23.63125],[68.27847,23.63098],[68.27903,23.63098],[68.27903,23.6307],[68.27959,23.6307],[68.27959,23.63042],[68.28015,23.63042],[68.28015,23.63014],[68.28069,23.63014],[68.28069,23.62986],[68.28097,23.62986],[68.28097,23.62958],[68.28152,23.62958],[68.28152,23.62931],[68.28208,23.62931],[68.28208,23.62903],[68.28264,23.62903],[68.28264,23.62875],[68.2829,23.62875],[68.2829,23.62847],[68.28347,23.62847],[68.28347,23.6282],[68.28458,23.6282],[68.28458,23.62792],[68.28542,23.62792],[68.28542,23.62764],[68.28653,23.62764],[68.28653,23.62736],[68.28958,23.62736],[68.28958,23.62764],[68.29097,23.62764],[68.29097,23.62792],[68.29236,23.62792],[68.29236,23.6282],[68.29347,23.6282],[68.29347,23.62847],[68.2943,23.62847],[68.2943,23.62875],[68.29542,23.62875],[68.29542,23.62903],[68.29708,23.62903],[68.29708,23.62931],[68.29847,23.62931],[68.29847,23.62958],[68.30014,23.62958],[68.30014,23.62986],[68.30153,23.62986],[68.30153,23.63014],[68.30458,23.63014],[68.30458,23.62986],[68.30542,23.62986],[68.30542,23.62958],[68.30625,23.62958],[68.30625,23.62931],[68.30653,23.62931],[68.30653,23.62875],[68.30681,23.62875],[68.30681,23.62792],[68.30707,23.62792],[68.30707,23.62764],[68.30736,23.62764],[68.30736,23.62736],[68.30764,23.62736],[68.30764,23.62708],[68.30791,23.62708],[68.30791,23.62681],[68.3082,23.62681],[68.3082,23.62653],[68.30847,23.62653],[68.30847,23.62625],[68.30903,23.62625],[68.30903,23.62597],[68.3093,23.62597],[68.3093,23.62542],[68.30959,23.62542],[68.30959,23.62514],[68.31013,23.62514],[68.31013,23.62486],[68.31069,23.62486],[68.31069,23.62458],[68.31125,23.62459],[68.31125,23.62431],[68.31153,23.62431],[68.31153,23.62403],[68.31181,23.62403],[68.31181,23.62375],[68.31208,23.62375],[68.31208,23.62347],[68.31236,23.62347],[68.31236,23.6232],[68.31264,23.6232],[68.31264,23.62292],[68.31292,23.62292],[68.31292,23.62264],[68.3132,23.62264],[68.3132,23.62236],[68.31375,23.62236],[68.31375,23.62264],[68.31403,23.62264],[68.31403,23.62292],[68.31375,23.62292],[68.31375,23.6232],[68.31319,23.6232],[68.3132,23.62375],[68.31292,23.62375],[68.31292,23.62403],[68.31264,23.62403],[68.31264,23.62431],[68.31236,23.62431],[68.31236,23.62459],[68.31181,23.62459],[68.31181,23.62486],[68.31153,23.62486],[68.31153,23.62514],[68.31125,23.62514],[68.31125,23.62542],[68.31069,23.62542],[68.31069,23.6257],[68.31014,23.6257],[68.31014,23.62597],[68.30986,23.62597],[68.30986,23.62653],[68.30959,23.62653],[68.30959,23.62681],[68.30903,23.62681],[68.30903,23.62708],[68.30875,23.62708],[68.30875,23.62736],[68.30847,23.62736],[68.30847,23.62764],[68.3082,23.62764],[68.3082,23.62792],[68.30791,23.62792],[68.30791,23.6282],[68.30764,23.62819],[68.30764,23.62875],[68.30736,23.62875],[68.30736,23.62931],[68.30707,23.6293],[68.30707,23.63014],[68.30681,23.63014],[68.30681,23.6307],[68.30403,23.6307],[68.30403,23.63098],[68.30126,23.63098],[68.30126,23.6307],[68.29819,23.6307],[68.29819,23.63042],[68.29736,23.63042],[68.29736,23.63014],[68.29652,23.63014],[68.29652,23.62986],[68.29542,23.62986],[68.29542,23.62958],[68.2943,23.62958],[68.2943,23.62931],[68.29347,23.62931],[68.29347,23.62903],[68.29236,23.62903],[68.29236,23.62875],[68.28819,23.62875],[68.28819,23.62903],[68.28736,23.62903],[68.28736,23.62931],[68.28653,23.62931],[68.28653,23.62958],[68.28597,23.62958],[68.28597,23.62986],[68.28514,23.62986],[68.28514,23.63014],[68.28457,23.63014],[68.28457,23.63042],[68.28403,23.63042],[68.28403,23.6307],[68.28347,23.6307],[68.28347,23.63098],[68.28319,23.63098],[68.28319,23.63125],[68.28264,23.63125],[68.28264,23.63153],[68.28208,23.63153],[68.28208,23.63181],[68.28152,23.63181],[68.28152,23.63208],[68.28014,23.63208],[68.28015,23.63236],[68.27959,23.63236],[68.27959,23.63264],[68.27709,23.63264],[68.27709,23.63236],[68.2768,23.63236],[68.2768,23.63208],[68.27653,23.63208],[68.27653,23.63181],[68.27625,23.63181],[68.27625,23.63153],[68.27597,23.63153],[68.27597,23.6307],[68.2757,23.6307],[68.2757,23.6293],[68.27597,23.62931],[68.27597,23.62875],[68.2757,23.62875],[68.2757,23.62819],[68.27541,23.6282],[68.27541,23.62792],[68.27514,23.62792],[68.27514,23.62764],[68.27486,23.62764],[68.27486,23.62736],[68.27431,23.62736],[68.27431,23.62708],[68.27402,23.62708],[68.27402,23.62681],[68.27375,23.62681],[68.27375,23.62653],[68.27264,23.62653],[68.27264,23.62625],[68.27209,23.62625],[68.27209,23.62597],[68.27153,23.62597],[68.27153,23.6257],[68.27125,23.6257],[68.27125,23.62542],[68.27069,23.62542],[68.27069,23.62514],[68.27014,23.62514],[68.27014,23.62486],[68.26986,23.62486],[68.26986,23.62431],[68.26958,23.62431],[68.26958,23.62403],[68.2693,23.62403],[68.2693,23.62347],[68.26903,23.62347],[68.26903,23.62292],[68.26875,23.62292],[68.26875,23.62236],[68.26847,23.62236],[68.26847,23.62181],[68.26821,23.62181],[68.26821,23.62097],[68.26791,23.62097],[68.26791,23.62069],[68.26764,23.6207],[68.26764,23.62042],[68.26736,23.62042],[68.26736,23.62014],[68.26708,23.62014],[68.26708,23.61986],[68.26737,23.61986],[68.26737,23.61958],[68.26791,23.61958],[68.26791,23.6193],[68.26819,23.6193],[68.26819,23.61819],[68.26847,23.61819],[68.26847,23.61681],[68.26875,23.61681],[68.26875,23.61514],[68.26903,23.61514],[68.26903,23.61403],[68.2693,23.61403],[68.2693,23.61292],[68.26958,23.61292],[68.26958,23.60985],[68.2693,23.60986],[68.2693,23.60875],[68.26903,23.60875],[68.26903,23.60764],[68.26875,23.60764],[68.26875,23.60708],[68.26847,23.60708],[68.26847,23.60681],[68.26821,23.60681],[68.26821,23.60653],[68.26764,23.60653],[68.26764,23.60625],[68.26736,23.60625],[68.26736,23.60597],[68.26708,23.60597],[68.26708,23.60569],[68.26681,23.60569],[68.26681,23.60542],[68.26653,23.60542],[68.26653,23.60514],[68.26625,23.60514],[68.26625,23.60486],[68.26597,23.60486],[68.26597,23.60458],[68.26569,23.60458],[68.26569,23.60431],[68.26542,23.60431],[68.26542,23.60375],[68.26514,23.60375],[68.26514,23.60347],[68.26486,23.60347],[68.26486,23.6032],[68.26458,23.6032],[68.26458,23.60292],[68.26431,23.60292],[68.26431,23.60264],[68.26403,23.60264],[68.26403,23.60236],[68.25986,23.60236],[68.25986,23.60208],[68.25903,23.60208],[68.25903,23.60181],[68.25819,23.60181],[68.25819,23.60153],[68.25736,23.60153],[68.25736,23.60125],[68.25653,23.60125],[68.25653,23.60069],[68.25625,23.6007],[68.25625,23.60042],[68.25569,23.60042],[68.25569,23.6007],[68.25459,23.60069],[68.25459,23.60098],[68.25403,23.60098],[68.25403,23.60125],[68.25347,23.60125],[68.25347,23.60153],[68.25291,23.60153],[68.25291,23.60181],[68.25236,23.60181],[68.25236,23.60208],[68.25181,23.60208],[68.25181,23.60236],[68.25125,23.60236],[68.25125,23.60264],[68.25069,23.60264],[68.25069,23.60292],[68.24958,23.60292],[68.24958,23.6032],[68.24847,23.6032],[68.24847,23.60347],[68.24736,23.60347],[68.24736,23.60375],[68.24653,23.60375],[68.24653,23.60404],[68.24541,23.60404],[68.24541,23.60431],[68.24514,23.60431],[68.24514,23.60514],[68.24486,23.60514],[68.24486,23.60542],[68.24458,23.60542],[68.24458,23.60569],[68.24486,23.60569],[68.24486,23.60597],[68.24514,23.60597],[68.24514,23.60625],[68.24541,23.60625],[68.24541,23.60653],[68.24375,23.60653],[68.24375,23.60625],[68.24208,23.60625],[68.24208,23.60597],[68.24264,23.60597],[68.24264,23.60569],[68.24319,23.60569],[68.24319,23.60542],[68.24264,23.60542],[68.24264,23.60514],[68.2418,23.60514],[68.2418,23.60458],[68.24208,23.60458],[68.24208,23.60431],[68.24236,23.60431],[68.24236,23.60375],[68.24208,23.60375],[68.24208,23.60347],[68.2418,23.60347],[68.2418,23.6032],[68.24153,23.6032],[68.24153,23.60292],[68.24125,23.60292],[68.24125,23.60264],[68.24098,23.60264],[68.24098,23.60236],[68.24069,23.60236],[68.24069,23.60208],[68.24042,23.60208],[68.24042,23.60181],[68.24013,23.60181],[68.24013,23.60125],[68.23986,23.60125],[68.23986,23.60098],[68.23958,23.60098],[68.23958,23.60069],[68.2393,23.6007],[68.2393,23.60042],[68.23958,23.60042],[68.23958,23.60014],[68.23986,23.60014],[68.23986,23.59986],[68.24042,23.59986],[68.24042,23.59958],[68.24069,23.59958],[68.24069,23.59931],[68.24125,23.59931],[68.24125,23.59903],[68.24153,23.59903],[68.24153,23.59875],[68.2418,23.59875],[68.2418,23.59847],[68.24236,23.59847],[68.24236,23.5982],[68.24264,23.5982],[68.24264,23.59792],[68.24319,23.59792],[68.24319,23.59764],[68.24347,23.59764],[68.24347,23.59736],[68.24402,23.59736],[68.24402,23.59708],[68.24431,23.59709],[68.24431,23.5968],[68.24458,23.59681],[68.24458,23.59653],[68.24514,23.59653],[68.24514,23.59625],[68.24541,23.59625],[68.24541,23.59597],[68.24597,23.59597],[68.24597,23.5957],[68.24625,23.5957],[68.24625,23.59542],[68.24679,23.59542],[68.24679,23.59514],[68.24708,23.59514],[68.24708,23.59485],[68.24764,23.59486],[68.24764,23.59459],[68.24792,23.59459],[68.24792,23.5943],[68.24847,23.59431],[68.24847,23.59403],[68.24875,23.59403],[68.24875,23.59375],[68.25097,23.59375],[68.25097,23.59403],[68.25125,23.59403],[68.25125,23.59431],[68.25153,23.5943],[68.25153,23.59486],[68.25181,23.59485],[68.25181,23.59514],[68.25208,23.59514],[68.25208,23.59542],[68.25236,23.59542],[68.25236,23.5957],[68.25264,23.5957],[68.25264,23.59597],[68.2532,23.59597],[68.2532,23.59625],[68.25347,23.59625],[68.25347,23.59653],[68.25374,23.59653],[68.25374,23.59681],[68.25542,23.59681],[68.25542,23.59625],[68.25569,23.59625],[68.25569,23.59569],[68.25625,23.5957],[68.25625,23.59459],[68.25569,23.59459],[68.25569,23.59403],[68.25542,23.59403],[68.25542,23.59375],[68.25514,23.59375],[68.25514,23.59347],[68.25486,23.59347],[68.25486,23.59319],[68.25459,23.5932],[68.25459,23.59292],[68.2543,23.59292],[68.2543,23.59264],[68.25403,23.59264],[68.25403,23.59236],[68.2532,23.59236],[68.2532,23.59208],[68.25236,23.59208],[68.25236,23.59181],[68.25181,23.59181],[68.25181,23.59153],[68.25125,23.59153],[68.25125,23.59125],[68.25069,23.59125],[68.25069,23.59097],[68.25014,23.59097],[68.25014,23.59069],[68.24736,23.59069],[68.24736,23.59042],[68.24486,23.59042],[68.24486,23.59069],[68.24458,23.59069],[68.24458,23.59097],[68.24431,23.59097],[68.24431,23.59153],[68.24458,23.59153],[68.24458,23.59208],[68.24431,23.59208],[68.24431,23.59236],[68.24402,23.59236],[68.24402,23.59292],[68.24375,23.59292],[68.24375,23.5932],[68.24347,23.59319],[68.24347,23.59347],[68.24319,23.59347],[68.24319,23.59375],[68.24236,23.59375],[68.24236,23.59347],[68.2418,23.59347],[68.2418,23.59319],[68.24098,23.5932],[68.24098,23.59292],[68.23986,23.59292],[68.23986,23.59264],[68.23903,23.59264],[68.23903,23.59236],[68.23847,23.59236],[68.23847,23.59375],[68.2382,23.59375],[68.2382,23.59431],[68.23791,23.5943],[68.23791,23.59486],[68.2382,23.59485],[68.2382,23.59542],[68.23764,23.59542],[68.23764,23.5957],[68.23681,23.5957],[68.23681,23.59319],[68.23653,23.5932],[68.23653,23.59149],[68.23653,23.59149],[68.23653,23.59125],[68.23625,23.59125],[68.23625,23.59069],[68.23542,23.59069],[68.23542,23.59042],[68.23431,23.59042],[68.23431,23.59069],[68.23402,23.59069],[68.23402,23.59125],[68.23347,23.59125],[68.23347,23.59097],[68.23319,23.59097],[68.23319,23.59014],[68.23347,23.59014],[68.23347,23.58792],[68.23319,23.58792],[68.23319,23.58708],[68.23292,23.58708],[68.23292,23.58736],[68.23264,23.58736],[68.23264,23.58764],[68.23236,23.58764],[68.23236,23.58792],[68.2318,23.58792],[68.2318,23.58819],[68.23153,23.58819],[68.23153,23.58847],[68.23097,23.58847],[68.23097,23.58875],[68.2307,23.58875],[68.2307,23.58903],[68.22735,23.58903],[68.22735,23.58931],[68.22708,23.58931],[68.22708,23.58958],[68.22513,23.58958],[68.22513,23.58931],[68.22459,23.58931],[68.22459,23.58903],[68.22291,23.58903],[68.22291,23.58931],[68.22236,23.58931],[68.22236,23.58958],[68.2218,23.58958],[68.2218,23.58986],[68.22125,23.58986],[68.22125,23.59014],[68.22097,23.59014],[68.22097,23.59042],[68.2207,23.59042],[68.2207,23.59069],[68.22041,23.59069],[68.22041,23.59097],[68.22014,23.59097],[68.22014,23.59125],[68.21985,23.59125],[68.21985,23.59181],[68.22014,23.59181],[68.22014,23.59215],[68.22014,23.59215],[68.22014,23.59236],[68.22041,23.59236],[68.22041,23.59264],[68.2207,23.59264],[68.2207,23.5932],[68.22097,23.59319],[68.22097,23.59347],[68.22125,23.59347],[68.22125,23.59375],[68.22153,23.59375],[68.22153,23.59431],[68.2218,23.5943],[68.2218,23.59486],[68.22208,23.59485],[68.22208,23.59542],[68.22236,23.59542],[68.22236,23.5957],[68.22264,23.5957],[68.22264,23.59597],[68.22291,23.59597],[68.22291,23.59625],[68.22347,23.59625],[68.22347,23.59653],[68.22403,23.59653],[68.22403,23.59681],[68.2243,23.5968],[68.2243,23.59709],[68.22486,23.59708],[68.22486,23.59736],[68.22513,23.59736],[68.22513,23.59764],[68.22542,23.59764],[68.22542,23.59792],[68.22569,23.59792],[68.22569,23.59847],[68.22542,23.59847],[68.22542,23.59875],[68.22486,23.59875],[68.22486,23.59903],[68.22459,23.59903],[68.22459,23.59931],[68.2243,23.59931],[68.2243,23.59958],[68.22403,23.59958],[68.22403,23.59986],[68.22347,23.59986],[68.22347,23.60014],[68.22375,23.60014],[68.22375,23.60042],[68.22403,23.60042],[68.22403,23.60098],[68.2243,23.60098],[68.2243,23.60153],[68.22403,23.60153],[68.22403,23.60208],[68.22375,23.60208],[68.22375,23.60375],[68.22403,23.60375],[68.22403,23.60404],[68.22459,23.60404],[68.22459,23.60431],[68.22486,23.60431],[68.22486,23.60458],[68.22625,23.60458],[68.22625,23.60431],[68.22652,23.60431],[68.22652,23.60404],[68.22764,23.60404],[68.22764,23.60431],[68.22791,23.60431],[68.22791,23.60458],[68.22764,23.60458],[68.22764,23.60514],[68.22736,23.60514],[68.22736,23.60569],[68.22708,23.60569],[68.22708,23.60597],[68.22681,23.60597],[68.22681,23.60625],[68.22625,23.60625],[68.22625,23.60653],[68.22598,23.60653],[68.22598,23.60681],[68.22486,23.60681],[68.22486,23.60653],[68.22236,23.60653],[68.22236,23.60597],[68.22264,23.60597],[68.22264,23.60542],[68.22236,23.60542],[68.22236,23.60514],[68.22208,23.60514],[68.22208,23.60458],[68.22181,23.60458],[68.2218,23.60431],[68.22153,23.60431],[68.22153,23.60404],[68.22097,23.60404],[68.22097,23.60375],[68.21958,23.60375],[68.21958,23.60431],[68.21931,23.60431],[68.21931,23.60458],[68.21902,23.60458],[68.21902,23.60514],[68.21875,23.60514],[68.21875,23.60542],[68.21819,23.60542],[68.21819,23.60569],[68.21792,23.60569],[68.21792,23.60597],[68.21736,23.60597],[68.21736,23.60625],[68.21653,23.60625],[68.21653,23.6032],[68.21625,23.6032],[68.21625,23.60236],[68.21597,23.60236],[68.21597,23.60181],[68.2157,23.60181],[68.2157,23.60153],[68.21541,23.60153],[68.21541,23.60125],[68.21514,23.60125],[68.21514,23.60098],[68.21458,23.60098],[68.21458,23.60069],[68.21404,23.60069],[68.21404,23.60098],[68.21236,23.60097],[68.21236,23.60236],[68.21152,23.60236],[68.21152,23.60208],[68.21125,23.60208],[68.21125,23.60181],[68.21069,23.60181],[68.21069,23.60153],[68.21014,23.60153],[68.21014,23.60125],[68.2093,23.60125],[68.2093,23.60098],[68.20875,23.60098],[68.20875,23.60042],[68.20903,23.60042],[68.20903,23.59986],[68.20791,23.59986],[68.20791,23.60042],[68.20764,23.60042],[68.20764,23.60125],[68.20736,23.60125],[68.20736,23.60181],[68.20708,23.60181],[68.20708,23.60208],[68.20541,23.60208],[68.20541,23.60097],[68.2057,23.60098],[68.2057,23.59958],[68.20541,23.59958],[68.20541,23.59903],[68.2057,23.59903],[68.2057,23.59819],[68.20541,23.5982],[68.20541,23.59764],[68.20514,23.59764],[68.20514,23.59625],[68.20486,23.59625],[68.20486,23.59597],[68.20458,23.59597],[68.20458,23.5957],[68.20431,23.5957],[68.20431,23.59542],[68.20403,23.59542],[68.20403,23.59514],[68.20375,23.59514],[68.20375,23.59485],[68.20348,23.59486],[68.20348,23.59459],[68.20236,23.59459],[68.20236,23.59486],[68.20181,23.59485],[68.20181,23.59514],[68.20153,23.59514],[68.20153,23.59542],[68.20097,23.59542],[68.20097,23.5957],[68.20069,23.5957],[68.20069,23.59597],[68.20014,23.59597],[68.20014,23.59625],[68.19986,23.59625],[68.19986,23.59653],[68.19903,23.59653],[68.19903,23.59625],[68.19847,23.59625],[68.19847,23.59653],[68.19791,23.59653],[68.19791,23.59681],[68.19764,23.5968],[68.19764,23.59709],[68.19708,23.59709],[68.19708,23.59792],[68.19736,23.59791],[68.19736,23.59903],[68.19708,23.59903],[68.19708,23.59931],[68.19681,23.59931],[68.19681,23.59958],[68.19653,23.59958],[68.19653,23.60042],[68.19625,23.60042],[68.19625,23.60153],[68.19597,23.60153],[68.19597,23.60181],[68.19569,23.60181],[68.19569,23.60236],[68.19542,23.60236],[68.19542,23.60375],[68.19514,23.60375],[68.19514,23.60404],[68.19486,23.60404],[68.19486,23.60431],[68.19431,23.60431],[68.19431,23.60625],[68.19403,23.60625],[68.19403,23.60681],[68.19375,23.60681],[68.19375,23.60708],[68.19347,23.60708],[68.19347,23.60736],[68.19319,23.60736],[68.19319,23.60764],[68.19264,23.60764],[68.19264,23.60736],[68.19209,23.60736],[68.19209,23.60708],[68.19125,23.60708],[68.19125,23.60736],[68.19097,23.60736],[68.19097,23.60764],[68.1907,23.60764],[68.1907,23.60792],[68.19041,23.60792],[68.19041,23.60819],[68.19014,23.60819],[68.19014,23.60847],[68.18986,23.60847],[68.18987,23.60875],[68.18958,23.60875],[68.18958,23.60903],[68.18931,23.60903],[68.18931,23.60931],[68.18902,23.60931],[68.18902,23.60986],[68.18875,23.60985],[68.18875,23.61042],[68.18847,23.61042],[68.18847,23.61014],[68.18819,23.61014],[68.18819,23.61042],[68.18792,23.61042],[68.18792,23.6107],[68.18764,23.6107],[68.18764,23.61097],[68.18736,23.61097],[68.18736,23.61208],[68.18708,23.61208],[68.18708,23.61486],[68.1868,23.61486],[68.1868,23.61598],[68.18653,23.61598],[68.18653,23.61875],[68.18625,23.61875],[68.18625,23.62097],[68.18653,23.62097],[68.18653,23.62292],[68.18625,23.62292],[68.18625,23.62431],[68.18653,23.62431],[68.18653,23.62486],[68.1868,23.62486],[68.1868,23.62514],[68.18708,23.62514],[68.18708,23.6257],[68.18736,23.6257],[68.18736,23.62597],[68.18764,23.62597],[68.18764,23.62653],[68.18792,23.62653],[68.18792,23.62708],[68.18819,23.62708],[68.18819,23.62847],[68.18847,23.62847],[68.18847,23.62875],[68.18875,23.62875],[68.18875,23.62903],[68.18902,23.62903],[68.18902,23.62958],[68.18931,23.62958],[68.18931,23.63014],[68.18958,23.63014],[68.18958,23.63042],[68.18987,23.63042],[68.18987,23.6307],[68.19014,23.6307],[68.19014,23.63125],[68.19041,23.63125],[68.19041,23.63153],[68.1907,23.63153],[68.1907,23.63181],[68.19097,23.63181],[68.19097,23.63208],[68.19125,23.63208],[68.19125,23.63236],[68.19153,23.63236],[68.19153,23.63264],[68.1918,23.63264],[68.1918,23.63319],[68.19209,23.63319],[68.19209,23.63347],[68.19236,23.63347],[68.19236,23.63375],[68.19264,23.63375],[68.19264,23.63403],[68.19293,23.63402],[68.19293,23.63431],[68.19319,23.63431],[68.19319,23.63458],[68.19292,23.63458],[68.19292,23.63514],[68.19347,23.63514],[68.19347,23.63542],[68.19403,23.63542],[68.19403,23.6357],[68.19431,23.6357],[68.19431,23.63625],[68.19458,23.63625],[68.19458,23.63681],[68.19486,23.63681],[68.19486,23.63708],[68.19514,23.63708],[68.19514,23.63736],[68.19568,23.63736],[68.19568,23.63764],[68.19597,23.63764],[68.19597,23.63847],[68.19625,23.63847],[68.19625,23.63875],[68.19653,23.63875],[68.19653,23.63903],[68.19681,23.63903],[68.19681,23.63931],[68.19708,23.63931],[68.19708,23.63958],[68.19736,23.63958],[68.19736,23.63986],[68.1982,23.63986],[68.1982,23.64015],[68.19875,23.64014],[68.19875,23.64069],[68.19903,23.64069],[68.19903,23.64153],[68.19959,23.64153],[68.19959,23.64181],[68.19986,23.64181],[68.19986,23.64208],[68.20042,23.64208],[68.20042,23.64236],[68.20069,23.64236],[68.20069,23.64292],[68.20097,23.64292],[68.20097,23.64319],[68.20125,23.64319],[68.20125,23.64375],[68.20153,23.64375],[68.20153,23.64431],[68.20125,23.64431],[68.20125,23.64486],[68.20153,23.64486],[68.20153,23.64514],[68.20181,23.64514],[68.20181,23.64542],[68.20236,23.64542],[68.20236,23.64569],[68.20264,23.64569],[68.20264,23.64597],[68.20318,23.64596],[68.20318,23.64653],[68.20348,23.64653],[68.20348,23.6468],[68.20375,23.6468],[68.20375,23.64708],[68.20431,23.64708],[68.20431,23.64736],[68.20458,23.64736],[68.20458,23.64764],[68.20625,23.64764],[68.20625,23.64736],[68.20764,23.64736],[68.20764,23.6468],[68.20792,23.6468],[68.20792,23.64597],[68.20736,23.64597],[68.20736,23.64569],[68.20708,23.64569],[68.20708,23.64542],[68.2068,23.64542],[68.2068,23.64514],[68.20653,23.64514],[68.20653,23.64486],[68.2057,23.64486],[68.2057,23.64458],[68.20486,23.64458],[68.20486,23.64431],[68.20514,23.64431],[68.20514,23.64403],[68.20541,23.64403],[68.20541,23.64375],[68.20597,23.64375],[68.20597,23.64347],[68.20625,23.64347],[68.20625,23.64319],[68.20653,23.64319],[68.20653,23.64292],[68.2068,23.64292],[68.2068,23.64236],[68.20708,23.64236],[68.20708,23.64208],[68.20736,23.64208],[68.20736,23.64181],[68.20792,23.64181],[68.20792,23.64208],[68.20819,23.64208],[68.20819,23.64264],[68.20847,23.64264],[68.20847,23.64292],[68.20903,23.64292],[68.20903,23.64319],[68.20959,23.64319],[68.20959,23.64347],[68.21152,23.64347],[68.21152,23.64292],[68.21125,23.64292],[68.21125,23.64236],[68.21097,23.64236],[68.21097,23.64181],[68.21068,23.64181],[68.21068,23.64125],[68.21042,23.64125],[68.21042,23.64069],[68.21014,23.64069],[68.21014,23.64042],[68.21208,23.64042],[68.21208,23.64069],[68.21236,23.64069],[68.21236,23.64097],[68.21264,23.64097],[68.21264,23.64153],[68.21291,23.64153],[68.21291,23.64181],[68.21319,23.64181],[68.21319,23.64208],[68.21347,23.64208],[68.21347,23.64264],[68.21375,23.64264],[68.21375,23.64292],[68.21403,23.64292],[68.21403,23.64319],[68.2143,23.64319],[68.2143,23.64292],[68.21625,23.64292],[68.21625,23.64319],[68.21848,23.64319],[68.21848,23.64347],[68.21931,23.64347],[68.21931,23.64375],[68.21902,23.64375],[68.21902,23.64431],[68.21875,23.64431],[68.21875,23.64458],[68.21931,23.64458],[68.21931,23.64486],[68.21958,23.64486],[68.21958,23.64514],[68.21985,23.64514],[68.21985,23.64542],[68.22014,23.64542],[68.22014,23.64569],[68.22041,23.64569],[68.22041,23.64597],[68.22097,23.64596],[68.22097,23.64625],[68.22153,23.64625],[68.22153,23.64653],[68.2218,23.64653],[68.2218,23.6468],[68.22236,23.6468],[68.22236,23.64708],[68.2232,23.64708],[68.2232,23.6468],[68.22347,23.6468],[68.22347,23.64625],[68.22375,23.64625],[68.22375,23.64596],[68.22403,23.64597],[68.22403,23.64542],[68.2243,23.64542],[68.2243,23.64486],[68.22459,23.64486],[68.22459,23.64431],[68.22513,23.64431],[68.22513,23.64403],[68.22542,23.64403],[68.22542,23.64375],[68.22598,23.64375],[68.22598,23.64347],[68.22625,23.64347],[68.22625,23.64319],[68.22652,23.64319],[68.22652,23.64292],[68.22708,23.64292],[68.22708,23.64264],[68.22735,23.64264],[68.22735,23.64236],[68.22791,23.64236],[68.22791,23.64208],[68.22875,23.64208],[68.22875,23.64181],[68.22931,23.64181],[68.22931,23.64153],[68.23375,23.64153],[68.23375,23.64125],[68.23625,23.64125],[68.23625,23.64153],[68.2382,23.64153],[68.2382,23.64181],[68.23986,23.64181],[68.23986,23.64208],[68.24069,23.64208],[68.24069,23.64236],[68.24153,23.64236],[68.24153,23.64264],[68.24347,23.64264],[68.24347,23.64236],[68.24375,23.64236],[68.24375,23.64208],[68.24431,23.64208],[68.24431,23.64181],[68.24514,23.64181],[68.24514,23.64292],[68.2457,23.64292],[68.2457,23.64319],[68.24625,23.64319],[68.24625,23.64347],[68.24708,23.64347],[68.24708,23.64375],[68.24764,23.64375],[68.24764,23.64403],[68.24819,23.64403],[68.24819,23.64431],[68.25069,23.64431],[68.25069,23.64458],[68.25236,23.64458],[68.25236,23.64486],[68.25514,23.64486],[68.25514,23.64514],[68.25596,23.64514],[68.25596,23.64458],[68.25625,23.64458],[68.25625,23.64403],[68.25653,23.64403],[68.25653,23.64347],[68.25681,23.64347],[68.25681,23.64264],[68.25708,23.64264],[68.25708,23.64208],[68.25736,23.64208],[68.25736,23.64153],[68.25764,23.64153],[68.25764,23.64125],[68.25792,23.64125],[68.25792,23.64097],[68.25819,23.64097],[68.25819,23.64042],[68.25847,23.64042],[68.25847,23.64015],[68.25875,23.64015],[68.25875,23.63986],[68.26014,23.63986],[68.26014,23.64015],[68.25986,23.64015],[68.25986,23.64042],[68.25958,23.64042],[68.25958,23.64069],[68.25931,23.64069],[68.25931,23.64097],[68.25902,23.64097],[68.25902,23.64125],[68.25875,23.64125],[68.25875,23.64153],[68.25847,23.64153],[68.25847,23.64181],[68.25819,23.64181],[68.25819,23.64486],[68.25986,23.64486],[68.25986,23.64514],[68.26153,23.64514],[68.26153,23.64542],[68.26486,23.64542],[68.26486,23.64569],[68.26597,23.64569],[68.26597,23.64597],[68.26681,23.64596],[68.26681,23.64625],[68.27069,23.64625],[68.27069,23.64653],[68.2718,23.64653],[68.2718,23.6468],[68.27292,23.6468],[68.27292,23.64708],[68.27375,23.64708],[68.27375,23.64736],[68.27486,23.64736],[68.27486,23.64764],[68.2757,23.64764],[68.2757,23.64792],[68.27653,23.64792],[68.27653,23.6482],[68.27764,23.64819],[68.27764,23.64847],[68.27847,23.64847],[68.27847,23.64875],[68.27986,23.64875],[68.27986,23.64903],[68.2843,23.64903],[68.28431,23.64875],[68.2857,23.64875],[68.2857,23.64847],[68.28736,23.64847],[68.28736,23.64819],[68.28848,23.6482],[68.28848,23.64792],[68.28932,23.64792],[68.28932,23.64764],[68.29041,23.64764],[68.29041,23.64736],[68.29958,23.64736],[68.29958,23.64764],[68.30209,23.64764],[68.30209,23.64792],[68.30432,23.64792],[68.30432,23.6482],[68.30847,23.64819],[68.30847,23.64847],[68.30903,23.64847],[68.30903,23.64875],[68.30959,23.64875],[68.30959,23.64903],[68.31013,23.64902],[68.31013,23.64931],[68.31042,23.6493],[68.31042,23.64959],[68.31069,23.64958],[68.31069,23.64986],[68.31096,23.64986],[68.31096,23.65014],[68.31181,23.65014],[68.31181,23.65042],[68.31153,23.65042],[68.31153,23.65097],[68.31125,23.65097],[68.31125,23.65153],[68.31096,23.65153],[68.31096,23.65209],[68.31042,23.65209],[68.31042,23.65125],[68.31013,23.65125],[68.31013,23.65069],[68.30986,23.6507],[68.30986,23.65042],[68.3093,23.65042],[68.3093,23.65014],[68.30903,23.65014],[68.30903,23.64986],[68.3082,23.64986],[68.3082,23.64958],[68.30736,23.64959],[68.30736,23.6493],[68.30653,23.64931],[68.30653,23.64902],[68.30292,23.64903],[68.30292,23.64875],[68.30097,23.64875],[68.30097,23.64847],[68.29931,23.64847],[68.29931,23.64819],[68.28986,23.64819],[68.28986,23.64847],[68.28958,23.64847],[68.28958,23.64875],[68.28931,23.64875],[68.28931,23.64903],[68.28875,23.64902],[68.28875,23.64931],[68.28847,23.6493],[68.28847,23.64959],[68.28819,23.64958],[68.28819,23.64986],[68.28764,23.64986],[68.28764,23.65014],[68.28736,23.65014],[68.28736,23.65042],[68.2868,23.65042],[68.2868,23.6507],[68.28653,23.6507],[68.28653,23.65097],[68.2857,23.65097],[68.2857,23.65125],[68.28514,23.65125],[68.28514,23.65153],[68.2843,23.65153],[68.2843,23.65181],[68.28319,23.65181],[68.28319,23.65209],[68.28042,23.65209],[68.28042,23.65181],[68.27986,23.65181],[68.27986,23.65153],[68.2793,23.65153],[68.2793,23.65125],[68.27903,23.65125],[68.27903,23.65097],[68.27847,23.65097],[68.27847,23.6507],[68.27792,23.6507],[68.27792,23.65042],[68.27736,23.65042],[68.27736,23.65014],[68.27653,23.65014],[68.27653,23.64986],[68.27597,23.64986],[68.27597,23.64958],[68.27514,23.64959],[68.27514,23.6493],[68.27458,23.64931],[68.27458,23.64902],[68.27319,23.64903],[68.27319,23.64875],[68.27209,23.64875],[68.27209,23.64847],[68.27069,23.64847],[68.27069,23.64819],[68.26875,23.6482],[68.26875,23.64792],[68.26653,23.64792],[68.26653,23.64764],[68.26569,23.64764],[68.26569,23.64736],[68.26458,23.64736],[68.26458,23.64708],[68.26375,23.64708],[68.26375,23.6468],[68.26208,23.6468],[68.26208,23.64653],[68.26014,23.64653],[68.26014,23.64625],[68.25931,23.64625],[68.25931,23.64596],[68.25486,23.64597],[68.25486,23.64569],[68.25181,23.64569],[68.25181,23.64542],[68.24764,23.64542],[68.24764,23.64514],[68.24679,23.64514],[68.24679,23.64486],[68.24597,23.64486],[68.24597,23.64458],[68.24486,23.64458],[68.24486,23.64431],[68.24402,23.64431],[68.24402,23.64403],[68.24208,23.64403],[68.24208,23.64375],[68.24014,23.64375],[68.24014,23.64347],[68.23903,23.64347],[68.23903,23.64319],[68.23764,23.64319],[68.23764,23.64292],[68.23569,23.64292],[68.23569,23.64264],[68.23292,23.64264],[68.23292,23.64292],[68.23125,23.64292],[68.23125,23.64347],[68.23179,23.64347],[68.23179,23.64375],[68.23208,23.64375],[68.23208,23.64403],[68.23264,23.64403],[68.23264,23.64431],[68.23319,23.64431],[68.23319,23.64458],[68.23347,23.64458],[68.23347,23.64486],[68.23708,23.64486],[68.23708,23.64542],[68.23736,23.64542],[68.23736,23.64597],[68.23764,23.64597],[68.23764,23.6468],[68.23791,23.6468],[68.23791,23.64736],[68.2382,23.64736],[68.2382,23.64792],[68.23847,23.64792],[68.23847,23.64764],[68.23875,23.64764],[68.23875,23.64736],[68.23903,23.64736],[68.23903,23.64708],[68.23958,23.64708],[68.23958,23.6468],[68.24153,23.6468],[68.24153,23.64708],[68.24208,23.64708],[68.24208,23.64736],[68.24375,23.64736],[68.24375,23.64764],[68.24486,23.64764],[68.24486,23.64736],[68.24597,23.64736],[68.24597,23.64708],[68.24847,23.64708],[68.24847,23.64736],[68.24986,23.64736],[68.24986,23.64708],[68.25042,23.64708],[68.25042,23.6468],[68.2532,23.6468],[68.2532,23.64708],[68.2543,23.64708],[68.2543,23.64736],[68.25514,23.64736],[68.25514,23.64764],[68.25847,23.64764],[68.25847,23.64792],[68.2607,23.64792],[68.2607,23.6482],[68.26208,23.64819],[68.26208,23.64847],[68.26347,23.64847],[68.26347,23.64875],[68.26319,23.64875],[68.26319,23.64903],[68.26292,23.64903],[68.26292,23.64959],[68.26264,23.64958],[68.26264,23.64986],[68.26375,23.64986],[68.26375,23.65014],[68.26597,23.65014],[68.26597,23.64986],[68.26625,23.64986],[68.26625,23.64958],[68.26652,23.64959],[68.26652,23.6493],[68.26847,23.6493],[68.26847,23.64959],[68.26958,23.64958],[68.26958,23.64986],[68.2693,23.64986],[68.2693,23.65042],[68.26903,23.65042],[68.26903,23.65097],[68.26875,23.65097],[68.26875,23.65153],[68.26903,23.65153],[68.26903,23.65181],[68.2693,23.65181],[68.2693,23.65209],[68.26958,23.65209],[68.26958,23.65236],[68.26986,23.65236],[68.26986,23.65264],[68.27014,23.65264],[68.27014,23.65292],[68.27042,23.65292],[68.27042,23.6532],[68.27069,23.6532],[68.27069,23.65347],[68.27096,23.65347],[68.27096,23.65375],[68.27125,23.65375],[68.27125,23.65431],[68.27153,23.65431],[68.27153,23.65486],[68.2718,23.65486],[68.2718,23.6557],[68.27209,23.6557],[68.27209,23.65653],[68.27236,23.65653],[68.27236,23.65708],[68.27264,23.65708],[68.27264,23.65792],[68.27292,23.65792],[68.27292,23.65847],[68.27319,23.65847],[68.27319,23.65875],[68.27348,23.65875],[68.27348,23.65931],[68.27375,23.65931],[68.27375,23.65958],[68.27402,23.65958],[68.27402,23.65986],[68.27431,23.65986],[68.27431,23.66042],[68.27458,23.66042],[68.27458,23.66069],[68.27486,23.66069],[68.27486,23.66097],[68.27514,23.66096],[68.27514,23.66125],[68.27541,23.66125],[68.27541,23.66153],[68.27708,23.66153],[68.27708,23.66236],[68.27736,23.66236],[68.27736,23.6632],[68.27792,23.6632],[68.27792,23.66292],[68.27903,23.66292],[68.27903,23.66264],[68.28015,23.66264],[68.28015,23.66403],[68.28042,23.66403],[68.28042,23.66514],[68.28069,23.66514],[68.28069,23.66653],[68.28097,23.66653],[68.28098,23.66736],[68.28069,23.66736],[68.28069,23.66764],[68.28042,23.66764],[68.28042,23.66792],[68.28069,23.66792],[68.28069,23.66847],[68.28098,23.66847],[68.28098,23.66931],[68.28125,23.66931],[68.28125,23.66986],[68.28152,23.66986],[68.28152,23.67014],[68.28181,23.67013],[68.28181,23.67042],[68.28208,23.67042],[68.28208,23.67069],[68.28264,23.67069],[68.28264,23.67097],[68.2829,23.67097],[68.2829,23.67125],[68.28319,23.67125],[68.28319,23.67153],[68.28347,23.67153],[68.28347,23.67181],[68.2843,23.67181],[68.2843,23.67208],[68.28457,23.67208],[68.28457,23.67264],[68.28514,23.67264],[68.28514,23.67292],[68.28542,23.67292],[68.28542,23.67319],[68.28597,23.67319],[68.28597,23.67347],[68.28625,23.67347],[68.28625,23.67375],[68.2868,23.67375],[68.2868,23.67403],[68.28709,23.67403],[68.28709,23.67431],[68.28764,23.6743],[68.28764,23.67459],[68.28792,23.67459],[68.28792,23.67486],[68.28848,23.67486],[68.28848,23.67514],[68.28875,23.67514],[68.28875,23.67542],[68.28902,23.67542],[68.28903,23.67569],[68.28931,23.67569],[68.28931,23.67597],[68.28958,23.67597],[68.28958,23.67626],[68.28986,23.67626],[68.28986,23.67653],[68.29041,23.67653],[68.29041,23.67681],[68.29069,23.6768],[68.29069,23.67709],[68.29097,23.67708],[68.29097,23.67736],[68.29125,23.67736],[68.29125,23.67764],[68.29181,23.67764],[68.29181,23.67792],[68.29208,23.67792],[68.29208,23.6782],[68.29236,23.6782],[68.29236,23.67847],[68.29403,23.67847],[68.29403,23.67875],[68.2943,23.67875],[68.2943,23.67903],[68.29486,23.67903],[68.29486,23.67875],[68.29597,23.67875],[68.29597,23.67903],[68.29625,23.67903],[68.29625,23.67932],[68.29652,23.67931],[68.29652,23.67958],[68.29708,23.67958],[68.29708,23.67986],[68.29792,23.67986],[68.29792,23.67958],[68.29931,23.67958],[68.29931,23.67931],[68.30042,23.67932],[68.30042,23.67903],[68.30153,23.67903],[68.30153,23.67875],[68.30292,23.67875],[68.30292,23.67903],[68.30432,23.67903],[68.30432,23.67932],[68.30458,23.67931],[68.30458,23.67958],[68.30486,23.67958],[68.30486,23.68014],[68.30514,23.68014],[68.30514,23.6807],[68.30569,23.6807],[68.30569,23.68097],[68.30597,23.68097],[68.30597,23.68125],[68.30625,23.68125],[68.30625,23.68153],[68.30597,23.68153],[68.30597,23.68181],[68.30542,23.68181],[68.30542,23.68153],[68.30486,23.68153],[68.30486,23.68125],[68.30458,23.68125],[68.30458,23.68069],[68.30431,23.6807],[68.30431,23.68014],[68.30403,23.68014],[68.30403,23.67986],[68.30263,23.67986],[68.30263,23.67958],[68.30153,23.67958],[68.30153,23.67986],[68.3007,23.67986],[68.3007,23.68014],[68.29986,23.68014],[68.29986,23.68042],[68.29958,23.68042],[68.29958,23.6807],[68.29903,23.6807],[68.29903,23.68097],[68.29875,23.68097],[68.29875,23.68125],[68.29847,23.68125],[68.29847,23.68181],[68.29819,23.68181],[68.29819,23.68208],[68.29792,23.68208],[68.29792,23.68236],[68.29764,23.68236],[68.29764,23.68292],[68.29736,23.68292],[68.29736,23.68403],[68.29764,23.68403],[68.29764,23.68458],[68.29792,23.68458],[68.29792,23.68514],[68.29819,23.68513],[68.29819,23.68542],[68.29847,23.68542],[68.29847,23.68569],[68.29875,23.68569],[68.29875,23.68597],[68.29931,23.68597],[68.29931,23.68625],[68.29958,23.68625],[68.29958,23.68653],[68.29986,23.68653],[68.29986,23.68681],[68.30014,23.68681],[68.30014,23.68708],[68.30041,23.68708],[68.30041,23.68736],[68.3007,23.68736],[68.3007,23.68764],[68.30097,23.68764],[68.30097,23.68792],[68.30125,23.68792],[68.30125,23.68847],[68.30153,23.68847],[68.30153,23.68875],[68.3018,23.68875],[68.3018,23.68903],[68.30209,23.68903],[68.30209,23.68931],[68.30236,23.68931],[68.30236,23.68958],[68.30263,23.68958],[68.30263,23.68986],[68.30292,23.68986],[68.30292,23.69042],[68.30319,23.69042],[68.30319,23.6907],[68.30347,23.6907],[68.30347,23.69097],[68.30375,23.69097],[68.30375,23.69126],[68.30403,23.69126],[68.30403,23.69153],[68.30431,23.69153],[68.30431,23.69181],[68.30458,23.69181],[68.30458,23.69208],[68.30514,23.69208],[68.30514,23.69236],[68.30542,23.69236],[68.30542,23.69264],[68.30569,23.69264],[68.30569,23.69292],[68.30597,23.69292],[68.30597,23.6932],[68.30625,23.6932],[68.30625,23.69347],[68.30653,23.69347],[68.30653,23.69403],[68.30681,23.69403],[68.30681,23.69431],[68.30708,23.69431],[68.30708,23.69458],[68.30736,23.69458],[68.30736,23.69486],[68.30764,23.69486],[68.30764,23.69542],[68.30791,23.69542],[68.30791,23.69569],[68.3082,23.69569],[68.3082,23.69597],[68.30847,23.69597],[68.30847,23.69653],[68.30875,23.69653],[68.30875,23.69681],[68.30903,23.69681],[68.30903,23.69708],[68.3093,23.69707],[68.3093,23.69764],[68.30959,23.69764],[68.30959,23.69792],[68.30986,23.69792],[68.30986,23.69847],[68.31013,23.69847],[68.31013,23.69903],[68.31042,23.69903],[68.31042,23.69931],[68.31069,23.69931],[68.31069,23.69986],[68.31096,23.69986],[68.31096,23.70042],[68.31125,23.70042],[68.31125,23.70097],[68.31153,23.70097],[68.31153,23.70125],[68.31181,23.70125],[68.31181,23.70181],[68.31208,23.7018],[68.31208,23.70236],[68.31236,23.70236],[68.31236,23.7032],[68.31264,23.7032],[68.31264,23.70431],[68.31292,23.70431],[68.31292,23.70542],[68.31319,23.70542],[68.31319,23.70597],[68.31347,23.70597],[68.31347,23.70708],[68.31375,23.70708],[68.31375,23.70847],[68.31347,23.70847],[68.31347,23.70986],[68.31319,23.70986],[68.31319,23.71097],[68.31347,23.71097],[68.31347,23.71208],[68.31375,23.71208],[68.31375,23.71264],[68.31403,23.71264],[68.31403,23.71319],[68.31431,23.71319],[68.31431,23.71375],[68.31458,23.71375],[68.31458,23.71431],[68.31486,23.71431],[68.31486,23.71458],[68.31514,23.71458],[68.31514,23.71486],[68.31541,23.71486],[68.31541,23.71514],[68.3157,23.71514],[68.3157,23.71543],[68.31597,23.71542],[68.31597,23.7157],[68.31625,23.7157],[68.31625,23.71597],[68.3168,23.71597],[68.3168,23.71625],[68.31709,23.71625],[68.31709,23.71653],[68.31736,23.71653],[68.31736,23.71681],[68.31764,23.71681],[68.31764,23.71708],[68.31792,23.71708],[68.31792,23.71764],[68.31819,23.71764],[68.31819,23.71792],[68.31847,23.71792],[68.31847,23.7182],[68.31903,23.7182],[68.31903,23.71847],[68.3193,23.71847],[68.3193,23.71875],[68.31986,23.71875],[68.31986,23.71903],[68.32014,23.71903],[68.32014,23.71931],[68.32069,23.71931],[68.32069,23.71958],[68.32097,23.71958],[68.32097,23.71986],[68.32153,23.71986],[68.32153,23.72014],[68.32207,23.72014],[68.32207,23.72042],[68.32237,23.72042],[68.32237,23.72069],[68.32291,23.72069],[68.32291,23.72097],[68.32347,23.72097],[68.32347,23.72125],[68.32403,23.72124],[68.32403,23.72153],[68.32486,23.72153],[68.32486,23.72181],[68.32542,23.72181],[68.32542,23.72208],[68.32597,23.72208],[68.32597,23.72236],[68.32625,23.72236],[68.32625,23.72264],[68.32681,23.72264],[68.32681,23.72292],[68.32708,23.72292],[68.32708,23.72319],[68.32764,23.72319],[68.32764,23.72347],[68.3282,23.72347],[68.3282,23.72375],[68.32958,23.72375],[68.32958,23.72264],[68.32986,23.72264],[68.32986,23.72236],[68.32958,23.72236],[68.32958,23.72069],[68.32986,23.72069],[68.32986,23.71986],[68.33014,23.71986],[68.33014,23.71958],[68.33041,23.71958],[68.33041,23.71903],[68.3307,23.71903],[68.3307,23.71875],[68.33097,23.71875],[68.33097,23.7182],[68.33124,23.7182],[68.33124,23.71792],[68.33153,23.71792],[68.33153,23.71764],[68.33208,23.71764],[68.33208,23.71736],[68.33236,23.71736],[68.33236,23.71708],[68.33264,23.71708],[68.33264,23.71625],[68.33292,23.71625],[68.33292,23.71543],[68.33319,23.71543],[68.33319,23.71347],[68.33347,23.71347],[68.33347,23.71236],[68.33319,23.71236],[68.33319,23.71097],[68.33347,23.71097],[68.33347,23.7107],[68.33375,23.7107],[68.33375,23.71097],[68.33403,23.71097],[68.33403,23.71236],[68.3343,23.71236],[68.3343,23.71375],[68.33403,23.71375],[68.33403,23.71543],[68.33375,23.71543],[68.33375,23.71625],[68.33347,23.71625],[68.33347,23.71708],[68.33319,23.71708],[68.33319,23.71736],[68.33292,23.71736],[68.33292,23.71764],[68.33264,23.71764],[68.33264,23.71792],[68.33236,23.71792],[68.33236,23.7182],[68.33208,23.7182],[68.33208,23.71847],[68.3318,23.71847],[68.3318,23.71875],[68.33153,23.71875],[68.33153,23.71903],[68.33125,23.71903],[68.33125,23.71958],[68.33097,23.71958],[68.33097,23.72014],[68.3307,23.72014],[68.3307,23.72069],[68.33041,23.72069],[68.33041,23.72236],[68.3307,23.72236],[68.3307,23.72319],[68.33097,23.72319],[68.33097,23.72375],[68.33125,23.72375],[68.33125,23.72431],[68.33153,23.72431],[68.33153,23.72458],[68.33208,23.72458],[68.33208,23.72486],[68.33236,23.72486],[68.33236,23.72514],[68.33459,23.72514],[68.33459,23.72542],[68.33486,23.72542],[68.33486,23.72569],[68.33542,23.72569],[68.33542,23.72597],[68.33569,23.72597],[68.33569,23.72653],[68.33598,23.72653],[68.33598,23.72708],[68.33625,23.72708],[68.33625,23.72764],[68.33653,23.72764],[68.33653,23.7282],[68.33681,23.72819],[68.33681,23.72847],[68.33708,23.72847],[68.33708,23.72875],[68.33737,23.72875],[68.33737,23.72903],[68.33764,23.72903],[68.33764,23.72959],[68.3379,23.72958],[68.3379,23.73043],[68.3382,23.73043],[68.3382,23.73125],[68.33847,23.73125],[68.33847,23.73209],[68.33875,23.73208],[68.33875,23.73292],[68.33903,23.73292],[68.33903,23.73431],[68.3393,23.73431],[68.3393,23.73597],[68.33903,23.73597],[68.33903,23.73792],[68.3393,23.73792],[68.3393,23.74264],[68.33958,23.74264],[68.33958,23.74292],[68.34014,23.74292],[68.34014,23.74264],[68.3407,23.74264],[68.3407,23.74237],[68.34125,23.74237],[68.34125,23.74208],[68.34236,23.74208],[68.34236,23.74181],[68.34264,23.74181],[68.34264,23.74153],[68.34349,23.74153],[68.34349,23.74125],[68.34402,23.74125],[68.34402,23.74097],[68.34486,23.74097],[68.34486,23.74042],[68.34514,23.74042],[68.34514,23.74014],[68.34541,23.74014],[68.34541,23.73986],[68.3457,23.73986],[68.34569,23.73792],[68.34597,23.73792],[68.34597,23.73764],[68.34624,23.73764],[68.34624,23.73708],[68.34653,23.73708],[68.34653,23.73542],[68.3468,23.73542],[68.34681,23.73486],[68.34708,23.73486],[68.34708,23.73458],[68.34736,23.73458],[68.34736,23.73403],[68.34764,23.73403],[68.34764,23.73375],[68.34792,23.73375],[68.34791,23.7332],[68.3482,23.7332],[68.3482,23.73264],[68.34847,23.73264],[68.34847,23.73236],[68.34875,23.73236],[68.34875,23.73208],[68.34903,23.73209],[68.34903,23.73181],[68.34986,23.73181],[68.34986,23.73209],[68.35014,23.73208],[68.35014,23.73292],[68.34986,23.73292],[68.34986,23.73347],[68.34958,23.73347],[68.34958,23.73375],[68.34931,23.73375],[68.34931,23.73431],[68.34903,23.73431],[68.34903,23.73486],[68.34875,23.73486],[68.34875,23.73514],[68.34847,23.73514],[68.34847,23.73819],[68.3482,23.73819],[68.3482,23.73931],[68.34792,23.73931],[68.34792,23.74014],[68.34736,23.74014],[68.34736,23.74069],[68.34708,23.74069],[68.34708,23.74097],[68.34736,23.74097],[68.34736,23.74125],[68.34764,23.74125],[68.34764,23.74153],[68.34792,23.74153],[68.34792,23.74181],[68.3493,23.74181],[68.3493,23.74208],[68.34958,23.74208],[68.34958,23.74237],[68.35069,23.74237],[68.35069,23.74264],[68.35152,23.74264],[68.35152,23.74292],[68.35181,23.74292],[68.35181,23.74375],[68.35152,23.74375],[68.35152,23.74403],[68.35014,23.74403],[68.35014,23.74375],[68.34903,23.74375],[68.34903,23.74347],[68.34847,23.74347],[68.34847,23.7432],[68.34736,23.7432],[68.34736,23.74292],[68.34681,23.74292],[68.3468,23.74264],[68.34597,23.74264],[68.34597,23.74292],[68.34486,23.74292],[68.34486,23.7432],[68.34431,23.7432],[68.34431,23.74347],[68.34402,23.74347],[68.34402,23.74375],[68.34375,23.74375],[68.34375,23.74403],[68.34319,23.74403],[68.34319,23.74431],[68.34292,23.74431],[68.34292,23.74458],[68.34236,23.74458],[68.34236,23.74486],[68.34097,23.74486],[68.34097,23.74792],[68.34125,23.74792],[68.34125,23.74958],[68.34097,23.74958],[68.34097,23.75014],[68.34153,23.75014],[68.34153,23.75069],[68.3418,23.75069],[68.3418,23.75125],[68.34292,23.75125],[68.34292,23.75154],[68.34319,23.75153],[68.34319,23.75236],[68.34292,23.75236],[68.34292,23.75264],[68.34097,23.75264],[68.34097,23.75236],[68.3407,23.75236],[68.3407,23.75208],[68.34042,23.75208],[68.34042,23.75181],[68.33986,23.75181],[68.33986,23.75154],[68.33903,23.75154],[68.33903,23.75181],[68.33847,23.75181],[68.33847,23.75208],[68.33791,23.75208],[68.33791,23.75236],[68.33764,23.75236],[68.33764,23.75264],[68.3379,23.75264],[68.3379,23.75292],[68.3382,23.75292],[68.3382,23.75319],[68.33847,23.75319],[68.33847,23.75347],[68.3382,23.75347],[68.3382,23.75375],[68.3379,23.75375],[68.3379,23.75431],[68.33736,23.7543],[68.33736,23.75458],[68.33708,23.75458],[68.33708,23.75486],[68.33681,23.75486],[68.33681,23.75542],[68.33653,23.75542],[68.33653,23.7557],[68.33625,23.75569],[68.33625,23.75597],[68.33569,23.75597],[68.33569,23.75625],[68.33486,23.75625],[68.33486,23.75875],[68.33514,23.75875],[68.33514,23.75931],[68.33542,23.75931],[68.33542,23.75958],[68.33569,23.75958],[68.33569,23.76014],[68.33598,23.76014],[68.33598,23.76042],[68.33625,23.76042],[68.33625,23.76097],[68.33653,23.76097],[68.33653,23.76153],[68.33681,23.76153],[68.33681,23.76181],[68.33708,23.76181],[68.33708,23.76208],[68.33736,23.76208],[68.33736,23.76236],[68.33764,23.76236],[68.33764,23.76264],[68.3379,23.76264],[68.3379,23.76292],[68.3382,23.76292],[68.3382,23.7632],[68.33847,23.7632],[68.33847,23.76375],[68.33875,23.76375],[68.33875,23.76403],[68.33903,23.76403],[68.33903,23.76431],[68.3393,23.76431],[68.3393,23.76458],[68.33958,23.76458],[68.33958,23.76514],[68.33986,23.76514],[68.33986,23.76542],[68.34014,23.76542],[68.34014,23.76597],[68.34043,23.76597],[68.34043,23.76654],[68.34069,23.76654],[68.3407,23.76681],[68.34097,23.76681],[68.34097,23.76736],[68.34125,23.76736],[68.34125,23.76792],[68.34153,23.76792],[68.34153,23.76819],[68.3418,23.76819],[68.3418,23.76875],[68.34209,23.76875],[68.34209,23.76931],[68.34236,23.76931],[68.34236,23.76986],[68.34264,23.76986],[68.34264,23.77042],[68.34292,23.77042],[68.34292,23.77097],[68.34318,23.77097],[68.34318,23.77153],[68.34347,23.77153],[68.34347,23.77208],[68.34375,23.77208],[68.34375,23.77264],[68.34402,23.77264],[68.34402,23.7732],[68.34431,23.7732],[68.34431,23.77375],[68.34458,23.77375],[68.34458,23.77403],[68.34486,23.77403],[68.34486,23.77458],[68.34514,23.77458],[68.34514,23.77514],[68.34541,23.77514],[68.34541,23.77542],[68.34569,23.77542],[68.34569,23.77597],[68.34597,23.77597],[68.34597,23.77653],[68.34625,23.77653],[68.34625,23.77708],[68.34653,23.77708],[68.34653,23.77764],[68.3468,23.77764],[68.3468,23.77848],[68.34708,23.77848],[68.34708,23.77903],[68.34736,23.77903],[68.34736,23.77958],[68.34764,23.77958],[68.34764,23.78014],[68.34792,23.78014],[68.34792,23.7807],[68.3482,23.7807],[68.3482,23.78125],[68.34847,23.78125],[68.34847,23.78153],[68.34875,23.78153],[68.34875,23.78236],[68.34903,23.78236],[68.34903,23.78459],[68.3493,23.78459],[68.3493,23.78875],[68.34958,23.78875],[68.34958,23.79071],[68.34986,23.7907],[68.34986,23.79208],[68.35042,23.79208],[68.35042,23.79292],[68.35014,23.79292],[68.35014,23.79347],[68.34986,23.79346],[68.34986,23.79431],[68.34958,23.79431],[68.34958,23.79653],[68.34986,23.79653],[68.34986,23.79847],[68.35014,23.79847],[68.35014,23.79959],[68.35042,23.79958],[68.35042,23.80069],[68.35152,23.8007],[68.35152,23.80097],[68.35181,23.80097],[68.35181,23.80153],[68.35208,23.80153],[68.35208,23.80208],[68.35236,23.80208],[68.35236,23.80236],[68.35264,23.80236],[68.35264,23.80265],[68.35291,23.80265],[68.35291,23.80292],[68.3532,23.80292],[68.3532,23.80319],[68.35347,23.80319],[68.35347,23.80347],[68.35375,23.80347],[68.35375,23.80375],[68.35403,23.80375],[68.35403,23.80403],[68.35458,23.80403],[68.35458,23.80431],[68.35486,23.80431],[68.35486,23.80458],[68.35541,23.80458],[68.35541,23.80486],[68.3568,23.80486],[68.3568,23.80514],[68.35847,23.80514]]],[[[68.35847,23.975],[68.36028,23.97419],[68.37502,23.96753],[68.37518,23.96746],[68.37998,23.96826],[68.38022,23.9683],[68.38403,23.96769],[68.39009,23.96672],[68.39448,23.96601],[68.39648,23.96569],[68.39866,23.96534],[68.40121,23.96494],[68.4319,23.96718],[68.43403,23.96734],[68.43403,23.96721],[68.43403,23.96721],[68.43403,23.96597],[68.43375,23.96597],[68.43375,23.96403],[68.43345,23.96403],[68.43345,23.96388],[68.43347,23.96319],[68.4332,23.96319],[68.4332,23.96236],[68.43291,23.96236],[68.43291,23.96153],[68.43264,23.96153],[68.43264,23.96097],[68.43236,23.96097],[68.43236,23.96014],[68.43264,23.96014],[68.43264,23.95986],[68.43208,23.95986],[68.43208,23.95958],[68.43125,23.95958],[68.43125,23.95931],[68.43097,23.95931],[68.43097,23.95903],[68.43069,23.95903],[68.43069,23.95847],[68.43042,23.95847],[68.43042,23.9582],[68.43014,23.9582],[68.43014,23.95792],[68.42986,23.95792],[68.42986,23.95764],[68.42958,23.95764],[68.42958,23.95708],[68.4293,23.95708],[68.4293,23.95681],[68.42903,23.95681],[68.42903,23.95653],[68.42875,23.95653],[68.42875,23.95625],[68.42847,23.95625],[68.42847,23.95596],[68.42819,23.95597],[68.42819,23.95542],[68.42792,23.95542],[68.42792,23.95514],[68.42765,23.95514],[68.42765,23.95486],[68.42736,23.95486],[68.42736,23.95458],[68.42708,23.95458],[68.42708,23.95403],[68.4268,23.95403],[68.4268,23.95375],[68.42653,23.95375],[68.42653,23.95347],[68.42625,23.95347],[68.42625,23.95319],[68.42597,23.95319],[68.42597,23.95292],[68.4257,23.95292],[68.4257,23.95236],[68.42541,23.95236],[68.42541,23.95181],[68.42514,23.95181],[68.42514,23.95097],[68.42486,23.95097],[68.42486,23.95042],[68.42459,23.95042],[68.42459,23.94958],[68.42431,23.94958],[68.42431,23.94903],[68.42403,23.94903],[68.42403,23.94819],[68.42375,23.9482],[68.42375,23.94764],[68.42347,23.94764],[68.42347,23.94689],[68.42347,23.94681],[68.42319,23.94681],[68.42319,23.94597],[68.42292,23.94597],[68.42292,23.94542],[68.42264,23.94542],[68.42264,23.94431],[68.42236,23.94431],[68.42236,23.9432],[68.42208,23.9432],[68.42208,23.94208],[68.42181,23.94208],[68.42181,23.94153],[68.42152,23.94153],[68.42152,23.94069],[68.42125,23.94069],[68.42125,23.94014],[68.42097,23.94014],[68.42097,23.93931],[68.42069,23.93931],[68.42069,23.93875],[68.42042,23.93875],[68.42042,23.93819],[68.42014,23.93819],[68.42014,23.93736],[68.41986,23.93736],[68.41986,23.93681],[68.41959,23.93681],[68.41959,23.93597],[68.4193,23.93597],[68.4193,23.93514],[68.41903,23.93514],[68.41903,23.93458],[68.41875,23.93458],[68.41875,23.93403],[68.41846,23.93403],[68.41846,23.93375],[68.4182,23.93375],[68.4182,23.93347],[68.41792,23.93347],[68.41792,23.9332],[68.41764,23.9332],[68.41764,23.93292],[68.41736,23.93292],[68.41736,23.93236],[68.41708,23.93236],[68.41708,23.93208],[68.41681,23.93208],[68.41681,23.93181],[68.41653,23.93181],[68.41653,23.93153],[68.41625,23.93153],[68.41625,23.93125],[68.41597,23.93125],[68.41597,23.93097],[68.4157,23.93097],[68.4157,23.9307],[68.41541,23.9307],[68.41541,23.93014],[68.41514,23.93014],[68.41514,23.92986],[68.41485,23.92986],[68.41485,23.92958],[68.41458,23.92958],[68.41458,23.92931],[68.41375,23.92931],[68.41375,23.92904],[68.41348,23.92904],[68.41348,23.92847],[68.41319,23.92847],[68.41319,23.92792],[68.41292,23.92792],[68.41292,23.92736],[68.41263,23.92736],[68.41263,23.92708],[68.41236,23.92708],[68.41236,23.92681],[68.41209,23.92681],[68.41209,23.92653],[68.4118,23.92653],[68.4118,23.92625],[68.41153,23.92625],[68.41153,23.92598],[68.41097,23.92598],[68.41097,23.92569],[68.4107,23.92569],[68.4107,23.92542],[68.41014,23.92542],[68.41014,23.92514],[68.40986,23.92514],[68.40986,23.92486],[68.40931,23.92486],[68.4093,23.92458],[68.40903,23.92458],[68.40903,23.92431],[68.40847,23.92431],[68.40847,23.92403],[68.40791,23.92403],[68.40791,23.92375],[68.40736,23.92375],[68.40736,23.92347],[68.40652,23.92347],[68.40652,23.9232],[68.40598,23.9232],[68.40598,23.92292],[68.40403,23.92292],[68.40403,23.92208],[68.40375,23.92208],[68.40375,23.92153],[68.40348,23.92153],[68.40348,23.92125],[68.40291,23.92125],[68.40291,23.92097],[68.40264,23.92097],[68.40264,23.9207],[68.40097,23.9207],[68.40097,23.92042],[68.40014,23.92042],[68.40014,23.92014],[68.39848,23.92014],[68.39848,23.91985],[68.39792,23.91986],[68.39792,23.91959],[68.39764,23.91958],[68.39764,23.91931],[68.39709,23.91931],[68.39709,23.91903],[68.39653,23.91903],[68.39653,23.91875],[68.39625,23.91875],[68.39625,23.91847],[68.39569,23.91847],[68.39569,23.91819],[68.3932,23.91819],[68.3932,23.91792],[68.39264,23.91792],[68.39264,23.91764],[68.39208,23.91764],[68.39208,23.91736],[68.39153,23.91736],[68.39153,23.91709],[68.39098,23.91709],[68.39098,23.9168],[68.39068,23.91681],[68.39068,23.91653],[68.39014,23.91653],[68.39014,23.91625],[68.38986,23.91625],[68.38986,23.91597],[68.38931,23.91597],[68.38931,23.91569],[68.38903,23.9157],[68.38903,23.91542],[68.38848,23.91542],[68.38848,23.91514],[68.38792,23.91514],[68.38792,23.91486],[68.38764,23.91486],[68.38764,23.91458],[68.38708,23.91458],[68.38708,23.9143],[68.3857,23.9143],[68.3857,23.91458],[68.38458,23.91458],[68.38458,23.91486],[68.38375,23.91486],[68.38375,23.91514],[68.37708,23.91514],[68.37708,23.91542],[68.37681,23.91542],[68.37681,23.91625],[68.37654,23.91625],[68.37654,23.91653],[68.37625,23.91653],[68.37625,23.91903],[68.37652,23.91903],[68.37652,23.91959],[68.37708,23.91959],[68.37708,23.91931],[68.37847,23.91931],[68.37847,23.91959],[68.37875,23.91959],[68.37875,23.91986],[68.37847,23.91985],[68.37847,23.92014],[68.37736,23.92014],[68.37736,23.92042],[68.37625,23.92042],[68.37625,23.92014],[68.37597,23.92014],[68.37597,23.91985],[68.37569,23.91986],[68.37569,23.91931],[68.37542,23.91931],[68.37542,23.91653],[68.37569,23.91653],[68.37569,23.91597],[68.37597,23.91597],[68.37597,23.91542],[68.37625,23.91542],[68.37625,23.91514],[68.37654,23.91514],[68.37654,23.91486],[68.37542,23.91486],[68.37542,23.91458],[68.37378,23.91458],[68.3707,23.91458],[68.3707,23.9143],[68.36986,23.9143],[68.36986,23.91403],[68.36903,23.91404],[68.36903,23.91375],[68.36819,23.91375],[68.36819,23.91347],[68.36792,23.91347],[68.36792,23.91319],[68.36681,23.91319],[68.36681,23.91347],[68.36597,23.91347],[68.36597,23.91375],[68.36347,23.91375],[68.36347,23.91347],[68.36264,23.91347],[68.36264,23.91319],[68.36208,23.91319],[68.36208,23.91292],[68.36125,23.91292],[68.36125,23.91264],[68.36042,23.91264],[68.36042,23.91236],[68.35931,23.91236],[68.35931,23.91208],[68.35792,23.91208],[68.35792,23.91181],[68.35736,23.91181],[68.35736,23.91153],[68.35653,23.91153],[68.35653,23.91125],[68.35597,23.91125],[68.35597,23.91098],[68.35541,23.91098],[68.35541,23.91069],[68.35486,23.91069],[68.35486,23.91042],[68.35431,23.91042],[68.35431,23.91014],[68.35375,23.91014],[68.35375,23.90986],[68.3532,23.90986],[68.3532,23.90958],[68.35264,23.90958],[68.35264,23.90931],[68.35208,23.90931],[68.35208,23.90903],[68.35152,23.90903],[68.35152,23.90875],[68.35098,23.90875],[68.35098,23.90847],[68.35042,23.90847],[68.35042,23.90819],[68.35014,23.90819],[68.35014,23.90792],[68.34986,23.90792],[68.34986,23.90764],[68.34958,23.90764],[68.34958,23.90736],[68.3493,23.90736],[68.3493,23.90708],[68.34903,23.90708],[68.34903,23.90653],[68.34875,23.90653],[68.34875,23.90625],[68.34847,23.90625],[68.34847,23.90597],[68.3482,23.90597],[68.3482,23.9057],[68.34792,23.9057],[68.34792,23.90542],[68.34764,23.90542],[68.34764,23.90485],[68.34736,23.90486],[68.34736,23.90458],[68.34708,23.90458],[68.34708,23.90431],[68.34681,23.90431],[68.3468,23.90403],[68.34653,23.90403],[68.34653,23.90347],[68.34625,23.90347],[68.34625,23.90292],[68.34597,23.90292],[68.34597,23.90236],[68.34569,23.90236],[68.34569,23.90208],[68.34541,23.90208],[68.34541,23.90153],[68.34514,23.90153],[68.34514,23.90125],[68.34486,23.90125],[68.34486,23.90014],[68.34458,23.90014],[68.34458,23.89931],[68.34431,23.89931],[68.34431,23.89792],[68.34402,23.89792],[68.34402,23.89653],[68.34375,23.89653],[68.34375,23.89542],[68.34349,23.89542],[68.34349,23.89403],[68.34318,23.89403],[68.34318,23.89291],[68.34292,23.89292],[68.34292,23.89181],[68.34264,23.89181],[68.34264,23.89069],[68.34236,23.89069],[68.34236,23.88986],[68.34264,23.88987],[68.34264,23.88931],[68.34292,23.88931],[68.34292,23.88903],[68.34318,23.88903],[68.34318,23.88875],[68.34349,23.88875],[68.34347,23.88819],[68.34375,23.8882],[68.34375,23.88792],[68.34402,23.88792],[68.34402,23.88736],[68.34431,23.88736],[68.34431,23.88681],[68.34458,23.88681],[68.34458,23.88625],[68.34486,23.88625],[68.34486,23.88569],[68.34514,23.88569],[68.34514,23.88514],[68.34541,23.88514],[68.34541,23.88458],[68.34569,23.88458],[68.34569,23.88375],[68.34597,23.88375],[68.34597,23.88319],[68.34625,23.88319],[68.34625,23.88264],[68.34653,23.88264],[68.34653,23.88236],[68.3468,23.88236],[68.34681,23.88181],[68.34708,23.88181],[68.34708,23.88097],[68.34736,23.88097],[68.34736,23.87958],[68.34764,23.87958],[68.34764,23.8782],[68.34791,23.8782],[68.34791,23.87708],[68.3482,23.87708],[68.3482,23.87597],[68.34847,23.87597],[68.34847,23.87375],[68.3482,23.87375],[68.3482,23.86764],[68.34847,23.86764],[68.34847,23.86653],[68.34875,23.86653],[68.34875,23.86514],[68.34847,23.86514],[68.34847,23.86375],[68.3482,23.86375],[68.3482,23.86264],[68.34792,23.86264],[68.34792,23.86153],[68.34764,23.86153],[68.34764,23.86042],[68.34736,23.86042],[68.34736,23.85957],[68.34708,23.85958],[68.34708,23.85903],[68.34681,23.85903],[68.3468,23.85819],[68.34653,23.85819],[68.34653,23.85764],[68.34624,23.85764],[68.34624,23.85708],[68.34597,23.85708],[68.34597,23.85625],[68.34569,23.85625],[68.34569,23.85569],[68.34541,23.85569],[68.34541,23.85486],[68.34514,23.85486],[68.34514,23.85431],[68.34486,23.85431],[68.34486,23.85376],[68.34458,23.85376],[68.34458,23.8532],[68.34431,23.8532],[68.34431,23.85264],[68.34402,23.85264],[68.34402,23.85208],[68.34375,23.85208],[68.34375,23.85153],[68.34349,23.85153],[68.34349,23.85097],[68.34319,23.85097],[68.34319,23.85014],[68.34292,23.85014],[68.34292,23.84958],[68.34264,23.84958],[68.34264,23.84903],[68.34236,23.84903],[68.34236,23.84819],[68.34209,23.84819],[68.34209,23.84764],[68.3418,23.84764],[68.3418,23.84708],[68.34153,23.84708],[68.34153,23.84681],[68.34125,23.84681],[68.34125,23.84625],[68.34097,23.84625],[68.34097,23.84569],[68.3407,23.84569],[68.3407,23.84542],[68.34043,23.84542],[68.34043,23.84486],[68.34014,23.84486],[68.34014,23.84431],[68.33986,23.84431],[68.33986,23.84375],[68.33958,23.84375],[68.33958,23.84347],[68.3393,23.84347],[68.3393,23.8432],[68.33903,23.8432],[68.33903,23.84264],[68.33875,23.84264],[68.33875,23.84236],[68.33847,23.84236],[68.33847,23.84208],[68.3382,23.84208],[68.3382,23.84181],[68.3379,23.84182],[68.3379,23.84125],[68.33764,23.84125],[68.33764,23.84069],[68.33736,23.8407],[68.33736,23.84042],[68.33708,23.84042],[68.33708,23.83986],[68.33681,23.83986],[68.33681,23.83931],[68.33653,23.83931],[68.33653,23.83876],[68.33625,23.83876],[68.33625,23.83597],[68.33653,23.83597],[68.33653,23.83153],[68.33681,23.83153],[68.33681,23.82819],[68.33708,23.82819],[68.33708,23.82486],[68.33736,23.82486],[68.33736,23.82208],[68.33764,23.82208],[68.33764,23.81931],[68.33737,23.81931],[68.33737,23.81903],[68.33681,23.81903],[68.33681,23.81875],[68.33653,23.81875],[68.33653,23.81847],[68.33598,23.81847],[68.33598,23.8182],[68.33542,23.8182],[68.33542,23.81792],[68.33514,23.81792],[68.33514,23.81765],[68.33459,23.81765],[68.33459,23.81736],[68.33403,23.81736],[68.33403,23.81708],[68.33347,23.81708],[68.33347,23.81681],[68.33292,23.81681],[68.33292,23.81653],[68.33236,23.81653],[68.33236,23.81625],[68.3318,23.81625],[68.3318,23.81597],[68.33125,23.81597],[68.33125,23.8157],[68.33097,23.8157],[68.33097,23.81542],[68.33041,23.81542],[68.33041,23.81514],[68.33014,23.81514],[68.33014,23.81486],[68.32958,23.81486],[68.32958,23.81458],[68.32931,23.81459],[68.32931,23.81431],[68.32903,23.81431],[68.32903,23.81403],[68.32875,23.81403],[68.32875,23.81375],[68.32849,23.81375],[68.32849,23.81347],[68.32819,23.81347],[68.32819,23.8132],[68.32792,23.8132],[68.32792,23.81292],[68.32764,23.81292],[68.32764,23.81264],[68.32736,23.81264],[68.32736,23.81236],[68.32708,23.81236],[68.32708,23.81208],[68.3268,23.81209],[68.3268,23.81181],[68.32653,23.81181],[68.32653,23.81125],[68.32625,23.81125],[68.32625,23.81097],[68.32597,23.81097],[68.32597,23.81069],[68.32569,23.81069],[68.32569,23.81042],[68.32543,23.81042],[68.32543,23.81014],[68.32514,23.81014],[68.32514,23.80958],[68.32486,23.80959],[68.32486,23.8093],[68.32458,23.80931],[68.32458,23.80903],[68.3243,23.80903],[68.3243,23.80875],[68.32403,23.80875],[68.32403,23.80846],[68.32375,23.80847],[68.32375,23.80819],[68.32347,23.8082],[68.32347,23.80764],[68.3232,23.80764],[68.3232,23.80736],[68.32125,23.80736],[68.32125,23.80708],[68.32097,23.80708],[68.32097,23.80736],[68.32069,23.80736],[68.32069,23.80764],[68.32014,23.80764],[68.32014,23.80792],[68.31986,23.80792],[68.31986,23.8082],[68.31958,23.8082],[68.31958,23.80875],[68.3193,23.80875],[68.3193,23.80931],[68.31903,23.8093],[68.31903,23.81069],[68.31875,23.81069],[68.31875,23.81264],[68.31847,23.81264],[68.31847,23.81375],[68.31819,23.81375],[68.31819,23.81403],[68.31792,23.81403],[68.31792,23.81486],[68.31764,23.81486],[68.31764,23.8157],[68.31736,23.8157],[68.31736,23.81597],[68.31709,23.81597],[68.31709,23.81653],[68.3168,23.81653],[68.3168,23.81708],[68.31653,23.81708],[68.31653,23.81792],[68.31626,23.81792],[68.31626,23.8182],[68.31597,23.8182],[68.31597,23.81847],[68.3157,23.81847],[68.3157,23.81875],[68.31541,23.81875],[68.31541,23.81986],[68.31514,23.81986],[68.31514,23.82042],[68.31486,23.82042],[68.31486,23.82097],[68.31458,23.82097],[68.31458,23.82125],[68.31431,23.82125],[68.31431,23.82181],[68.31403,23.82181],[68.31403,23.82208],[68.31431,23.82208],[68.31431,23.82236],[68.31458,23.82236],[68.31458,23.82403],[68.31431,23.82403],[68.31431,23.82431],[68.31347,23.82431],[68.31347,23.82403],[68.3132,23.82403],[68.3132,23.82319],[68.31292,23.8232],[68.31292,23.82292],[68.31236,23.82292],[68.31236,23.8232],[68.31208,23.82319],[68.31208,23.82375],[68.31181,23.82375],[68.31181,23.82403],[68.31125,23.82403],[68.31125,23.8243],[68.31069,23.82431],[68.31069,23.82458],[68.31014,23.82458],[68.31014,23.82486],[68.30847,23.82486],[68.30847,23.82514],[68.30625,23.82514],[68.30625,23.82486],[68.30486,23.82486],[68.30486,23.82458],[68.30375,23.82458],[68.30375,23.82431],[68.30319,23.8243],[68.30319,23.82403],[68.30264,23.82403],[68.30264,23.82375],[68.3018,23.82375],[68.3018,23.82347],[68.30097,23.82347],[68.30097,23.8232],[68.30041,23.8232],[68.30041,23.82292],[68.29986,23.82292],[68.29986,23.82264],[68.29931,23.82264],[68.29931,23.82236],[68.29847,23.82236],[68.29847,23.82208],[68.29792,23.82208],[68.29792,23.82181],[68.29708,23.82181],[68.29708,23.82153],[68.29652,23.82153],[68.29652,23.82125],[68.29597,23.82125],[68.29597,23.82097],[68.29513,23.82097],[68.29513,23.82069],[68.29403,23.82069],[68.29403,23.82042],[68.29347,23.82042],[68.29347,23.82014],[68.29292,23.82014],[68.29292,23.81986],[68.29236,23.81986],[68.29236,23.81958],[68.29208,23.81958],[68.29208,23.81931],[68.29125,23.81931],[68.29125,23.81903],[68.29097,23.81903],[68.29097,23.81875],[68.29069,23.81875],[68.29069,23.81847],[68.29014,23.81847],[68.29014,23.8182],[68.28958,23.8182],[68.28958,23.81792],[68.28932,23.81792],[68.28932,23.81765],[68.28903,23.81765],[68.28903,23.81736],[68.28875,23.81736],[68.28875,23.81486],[68.28902,23.81486],[68.28902,23.81458],[68.28932,23.81459],[68.28932,23.81431],[68.28986,23.81431],[68.28986,23.81403],[68.29041,23.81403],[68.29041,23.81375],[68.2907,23.81375],[68.2907,23.81347],[68.29125,23.81347],[68.29125,23.8132],[68.29181,23.8132],[68.29181,23.81292],[68.29209,23.81292],[68.29209,23.81264],[68.29264,23.81264],[68.29264,23.81236],[68.2932,23.81236],[68.2932,23.81208],[68.29403,23.81209],[68.29403,23.81181],[68.29458,23.81181],[68.29458,23.81153],[68.29486,23.81153],[68.29486,23.81125],[68.29542,23.81125],[68.29542,23.81097],[68.29569,23.81097],[68.29569,23.81042],[68.29597,23.81042],[68.29597,23.80903],[68.29625,23.80903],[68.29625,23.80708],[68.29652,23.80708],[68.29652,23.80653],[68.29625,23.80653],[68.29625,23.80569],[68.29598,23.80569],[68.29598,23.80486],[68.29569,23.80486],[68.29569,23.80431],[68.29513,23.80431],[68.29513,23.80403],[68.29458,23.80403],[68.29458,23.80375],[68.29375,23.80375],[68.29375,23.80347],[68.2932,23.80347],[68.2932,23.80319],[68.29264,23.80319],[68.29264,23.80292],[68.29181,23.80292],[68.29181,23.80265],[68.29125,23.80265],[68.29125,23.80236],[68.28958,23.80236],[68.28958,23.80208],[68.28847,23.80208],[68.28847,23.80181],[68.28764,23.80181],[68.28764,23.80153],[68.28653,23.80153],[68.28653,23.80125],[68.28542,23.80125],[68.28542,23.80097],[68.28486,23.80097],[68.28486,23.80069],[68.28431,23.80069],[68.2843,23.80042],[68.28181,23.80042],[68.28181,23.80014],[68.28098,23.80014],[68.28098,23.79986],[68.28042,23.79986],[68.28042,23.79958],[68.2793,23.79959],[68.2793,23.79931],[68.27875,23.79931],[68.27875,23.79903],[68.2782,23.79903],[68.2782,23.79875],[68.2768,23.79875],[68.2768,23.79847],[68.27625,23.79847],[68.27625,23.7982],[68.2757,23.7982],[68.2757,23.79792],[68.27541,23.79792],[68.27541,23.79764],[68.27486,23.79764],[68.27486,23.79736],[68.27431,23.79736],[68.27431,23.79708],[68.27402,23.79708],[68.27402,23.79681],[68.27375,23.79681],[68.27375,23.79652],[68.27348,23.79653],[68.27348,23.79597],[68.27319,23.79597],[68.27319,23.79569],[68.27292,23.79569],[68.27292,23.79542],[68.27264,23.79542],[68.27264,23.79486],[68.27236,23.79486],[68.27236,23.79375],[68.27209,23.79375],[68.27209,23.79292],[68.2718,23.79292],[68.2718,23.79208],[68.27153,23.79208],[68.27153,23.79153],[68.27125,23.79153],[68.27125,23.78958],[68.27097,23.78958],[68.27097,23.78764],[68.27069,23.78765],[68.27069,23.78653],[68.27042,23.78653],[68.27042,23.78569],[68.26986,23.78569],[68.26986,23.78625],[68.26958,23.78625],[68.26958,23.78681],[68.2693,23.78681],[68.2693,23.78765],[68.26903,23.78764],[68.26903,23.78847],[68.26875,23.78847],[68.26875,23.78875],[68.26847,23.78875],[68.26847,23.78903],[68.26821,23.78903],[68.26821,23.79014],[68.2679,23.79014],[68.2679,23.79071],[68.26764,23.79071],[68.26764,23.79125],[68.26736,23.79125],[68.26736,23.79181],[68.26708,23.79181],[68.26708,23.79292],[68.26681,23.79292],[68.26681,23.79319],[68.26597,23.79319],[68.26597,23.79292],[68.26569,23.79292],[68.26569,23.79125],[68.26597,23.79125],[68.26597,23.79042],[68.26625,23.79042],[68.26625,23.79014],[68.26653,23.79014],[68.26653,23.7893],[68.26681,23.78931],[68.26681,23.78847],[68.26708,23.78847],[68.26708,23.78792],[68.26736,23.78792],[68.26736,23.78736],[68.26764,23.78736],[68.26764,23.78653],[68.2679,23.78653],[68.2679,23.78569],[68.26819,23.7857],[68.26819,23.78514],[68.26847,23.78514],[68.26847,23.78431],[68.26875,23.78431],[68.26875,23.78347],[68.2693,23.78347],[68.2693,23.78264],[68.26958,23.78264],[68.26958,23.78181],[68.26986,23.78181],[68.26986,23.78097],[68.26958,23.78097],[68.26958,23.78042],[68.2693,23.78042],[68.2693,23.77986],[68.26903,23.77986],[68.26903,23.77931],[68.26875,23.77931],[68.26875,23.77875],[68.26847,23.77875],[68.26847,23.77819],[68.26819,23.77819],[68.26819,23.77764],[68.2679,23.77764],[68.2679,23.77708],[68.26764,23.77708],[68.26764,23.77653],[68.26736,23.77653],[68.26736,23.77597],[68.26708,23.77597],[68.26708,23.77542],[68.26681,23.77542],[68.26681,23.77486],[68.26652,23.77486],[68.26652,23.77431],[68.26625,23.77431],[68.26625,23.77347],[68.26597,23.77347],[68.26597,23.77264],[68.26569,23.77264],[68.26569,23.77235],[68.26542,23.77236],[68.26542,23.77181],[68.26569,23.77181],[68.26569,23.77153],[68.26597,23.77153],[68.26597,23.77042],[68.26569,23.77042],[68.26569,23.76931],[68.26542,23.76931],[68.26542,23.76875],[68.26515,23.76875],[68.26515,23.76819],[68.26486,23.76819],[68.26486,23.76764],[68.26458,23.76764],[68.26458,23.76708],[68.2643,23.76708],[68.2643,23.76653],[68.26403,23.76654],[68.26403,23.76597],[68.26375,23.76597],[68.26375,23.76542],[68.26347,23.76542],[68.26347,23.76458],[68.26319,23.76458],[68.26319,23.76375],[68.26292,23.76375],[68.26292,23.76292],[68.26264,23.76292],[68.26264,23.76069],[68.26236,23.7607],[68.26236,23.76014],[68.26208,23.76014],[68.26208,23.75625],[68.26236,23.75625],[68.26236,23.75347],[68.26264,23.75347],[68.26264,23.75236],[68.26292,23.75236],[68.26292,23.75153],[68.26319,23.75154],[68.26319,23.75097],[68.26347,23.75097],[68.26347,23.75042],[68.26375,23.75042],[68.26375,23.74986],[68.26403,23.74986],[68.26403,23.74958],[68.2643,23.74958],[68.2643,23.74903],[68.26458,23.74903],[68.26458,23.74875],[68.26486,23.74875],[68.26486,23.74819],[68.26514,23.74819],[68.26514,23.74764],[68.26542,23.74764],[68.26542,23.74708],[68.26569,23.74708],[68.26569,23.74653],[68.26597,23.74653],[68.26597,23.74625],[68.26569,23.74625],[68.26569,23.7457],[68.26542,23.7457],[68.26542,23.74541],[68.26514,23.74542],[68.26514,23.74514],[68.26486,23.74514],[68.26486,23.74486],[68.26458,23.74486],[68.26458,23.74458],[68.2643,23.74458],[68.2643,23.74431],[68.26403,23.74431],[68.26403,23.74403],[68.26375,23.74403],[68.26375,23.74375],[68.26347,23.74375],[68.26347,23.74347],[68.26319,23.74347],[68.26319,23.7432],[68.26292,23.7432],[68.26292,23.74264],[68.26264,23.74264],[68.26264,23.74208],[68.26236,23.74208],[68.26236,23.74153],[68.26208,23.74153],[68.26208,23.74097],[68.2618,23.74097],[68.2618,23.74014],[68.26153,23.74014],[68.26153,23.73903],[68.26125,23.73903],[68.26125,23.73764],[68.26097,23.73764],[68.26097,23.73569],[68.26125,23.7357],[68.26125,23.73403],[68.26153,23.73403],[68.26153,23.73292],[68.2618,23.73292],[68.2618,23.73208],[68.26208,23.73209],[68.26208,23.73153],[68.26236,23.73153],[68.26236,23.73097],[68.26264,23.73097],[68.26264,23.73014],[68.26236,23.73014],[68.26236,23.72931],[68.26208,23.72931],[68.26208,23.72847],[68.2618,23.72847],[68.2618,23.72736],[68.26153,23.72737],[68.26153,23.72653],[68.26125,23.72653],[68.26125,23.72597],[68.26097,23.72597],[68.26097,23.72542],[68.2607,23.72542],[68.2607,23.72514],[68.26041,23.72514],[68.26041,23.72486],[68.26014,23.72486],[68.26014,23.72458],[68.25986,23.72458],[68.25986,23.72431],[68.25958,23.72431],[68.25958,23.72403],[68.25931,23.72403],[68.25931,23.72347],[68.25903,23.72347],[68.25903,23.72319],[68.25875,23.72319],[68.25875,23.72292],[68.25847,23.72292],[68.25847,23.72264],[68.25819,23.72264],[68.25819,23.72236],[68.25792,23.72236],[68.25792,23.72208],[68.25764,23.72208],[68.25764,23.72181],[68.25736,23.72181],[68.25736,23.72153],[68.25708,23.72153],[68.25708,23.72124],[68.25681,23.72125],[68.25681,23.72097],[68.25653,23.72097],[68.25653,23.72069],[68.25625,23.72069],[68.25625,23.72042],[68.25596,23.72042],[68.25596,23.72014],[68.25569,23.72014],[68.25569,23.71986],[68.25542,23.71986],[68.25542,23.71958],[68.25514,23.71958],[68.25514,23.71931],[68.25403,23.71931],[68.25403,23.71875],[68.2543,23.71875],[68.2543,23.71764],[68.25459,23.71764],[68.25459,23.71653],[68.25486,23.71653],[68.25486,23.71375],[68.25514,23.71375],[68.25514,23.71264],[68.25542,23.71264],[68.25542,23.71181],[68.25514,23.71181],[68.25514,23.71125],[68.25569,23.71125],[68.25569,23.71097],[68.25625,23.71097],[68.25625,23.7107],[68.25681,23.7107],[68.25681,23.71042],[68.25708,23.71042],[68.25708,23.70986],[68.25736,23.70986],[68.25736,23.70958],[68.25764,23.70958],[68.25764,23.70931],[68.25819,23.70931],[68.25819,23.70903],[68.25875,23.70903],[68.25875,23.70847],[68.25903,23.70847],[68.25903,23.7082],[68.25931,23.7082],[68.25931,23.70792],[68.25958,23.70792],[68.25958,23.70764],[68.25986,23.70764],[68.25986,23.70736],[68.26014,23.70736],[68.26014,23.70653],[68.26041,23.70653],[68.26041,23.70569],[68.2607,23.7057],[68.2607,23.70514],[68.26041,23.70514],[68.26041,23.70486],[68.26014,23.70486],[68.26014,23.70458],[68.26097,23.70459],[68.26097,23.70431],[68.2618,23.70431],[68.2618,23.70403],[68.26208,23.70403],[68.26208,23.70375],[68.26236,23.70375],[68.26236,23.70347],[68.26264,23.70347],[68.26264,23.70319],[68.26292,23.7032],[68.26292,23.70264],[68.26319,23.70264],[68.26319,23.70208],[68.26347,23.70209],[68.26347,23.70153],[68.26375,23.70153],[68.26375,23.70125],[68.26403,23.70125],[68.26403,23.70097],[68.26458,23.70097],[68.26458,23.70069],[68.26486,23.7007],[68.26486,23.70014],[68.26515,23.70014],[68.26515,23.69931],[68.26542,23.69931],[68.26542,23.69847],[68.26569,23.69847],[68.26569,23.69792],[68.26597,23.69792],[68.26597,23.69736],[68.26625,23.69736],[68.26625,23.69681],[68.26653,23.69681],[68.26653,23.69625],[68.26681,23.69625],[68.26681,23.69569],[68.26708,23.69569],[68.26708,23.69431],[68.26681,23.69431],[68.26681,23.69181],[68.26652,23.69181],[68.26652,23.69097],[68.26625,23.69097],[68.26625,23.69042],[68.26597,23.69042],[68.26597,23.68986],[68.26569,23.68986],[68.26569,23.68931],[68.26542,23.68931],[68.26542,23.68875],[68.26515,23.68875],[68.26515,23.68847],[68.26486,23.68847],[68.26486,23.68819],[68.26403,23.6882],[68.26403,23.68792],[68.26375,23.68792],[68.26375,23.68736],[68.26347,23.68736],[68.26347,23.68708],[68.26319,23.68708],[68.26319,23.68625],[68.26292,23.68625],[68.26292,23.68597],[68.26264,23.68597],[68.26264,23.68569],[68.26236,23.68569],[68.26236,23.68542],[68.26208,23.68542],[68.26208,23.68513],[68.2618,23.68514],[68.2618,23.68486],[68.26153,23.68486],[68.26153,23.68431],[68.26125,23.68431],[68.26125,23.68403],[68.26097,23.68403],[68.26097,23.68375],[68.2607,23.68375],[68.2607,23.68347],[68.26041,23.68347],[68.26041,23.6832],[68.26014,23.6832],[68.26014,23.68264],[68.25875,23.68264],[68.25875,23.68236],[68.25847,23.68236],[68.25847,23.68181],[68.25819,23.68181],[68.25819,23.68153],[68.25792,23.68153],[68.25792,23.68125],[68.25764,23.68125],[68.25764,23.68069],[68.25736,23.6807],[68.25736,23.68042],[68.25708,23.68042],[68.25708,23.68014],[68.25653,23.68014],[68.25653,23.67986],[68.25596,23.67986],[68.25596,23.67958],[68.25208,23.67958],[68.25208,23.67986],[68.25181,23.67986],[68.25181,23.6807],[68.25097,23.6807],[68.25097,23.68042],[68.25042,23.68042],[68.25042,23.68014],[68.25014,23.68014],[68.25014,23.67986],[68.24958,23.67986],[68.24958,23.67958],[68.24903,23.67958],[68.24903,23.67931],[68.24709,23.67931],[68.24709,23.67958],[68.24653,23.67958],[68.24653,23.67931],[68.24597,23.67932],[68.24597,23.67903],[68.24514,23.67903],[68.24514,23.67958],[68.24486,23.67958],[68.24486,23.68014],[68.24458,23.68014],[68.24458,23.68042],[68.24403,23.68042],[68.24403,23.6807],[68.24319,23.6807],[68.24319,23.68097],[68.24264,23.68097],[68.24264,23.6807],[68.24236,23.6807],[68.24236,23.68097],[68.23847,23.68097],[68.23847,23.68125],[68.23792,23.68125],[68.23792,23.68153],[68.23764,23.68153],[68.23764,23.68181],[68.23736,23.68181],[68.23736,23.68208],[68.23681,23.68208],[68.23681,23.68236],[68.23653,23.68236],[68.23653,23.68264],[68.23625,23.68264],[68.23625,23.68292],[68.23569,23.68292],[68.23569,23.6832],[68.23542,23.6832],[68.23542,23.68347],[68.23514,23.68347],[68.23514,23.68375],[68.23458,23.68375],[68.23458,23.68403],[68.23431,23.68403],[68.23431,23.68431],[68.23375,23.68431],[68.23375,23.68458],[68.23347,23.68458],[68.23347,23.68486],[68.23292,23.68486],[68.23292,23.68514],[68.23236,23.68513],[68.23236,23.68542],[68.23209,23.68542],[68.23209,23.68569],[68.2318,23.68569],[68.2318,23.68597],[68.23153,23.68597],[68.23153,23.68653],[68.23125,23.68653],[68.23125,23.68681],[68.23097,23.68681],[68.23097,23.68764],[68.2307,23.68764],[68.2307,23.68847],[68.23042,23.68847],[68.23042,23.68875],[68.22986,23.68875],[68.22986,23.68903],[68.22931,23.68903],[68.22931,23.68931],[68.22875,23.68931],[68.22875,23.68958],[68.22736,23.68958],[68.22736,23.68986],[68.22708,23.68986],[68.22708,23.69014],[68.22681,23.69014],[68.22681,23.69126],[68.22652,23.69125],[68.22652,23.69208],[68.22625,23.69208],[68.22625,23.69236],[68.22597,23.69236],[68.22597,23.69347],[68.22569,23.69347],[68.22569,23.69486],[68.22598,23.69486],[68.22598,23.69514],[68.22764,23.69514],[68.22764,23.69764],[68.22791,23.69764],[68.22791,23.69819],[68.2282,23.69819],[68.2282,23.69875],[68.22847,23.69875],[68.22847,23.69958],[68.2282,23.69958],[68.2282,23.70042],[68.22847,23.70042],[68.22847,23.7007],[68.22875,23.70069],[68.22875,23.70097],[68.22903,23.70097],[68.22903,23.70069],[68.22931,23.7007],[68.22931,23.70125],[68.22957,23.70125],[68.22958,23.70236],[68.22931,23.70236],[68.22931,23.70292],[68.22904,23.70292],[68.22904,23.70264],[68.22735,23.70264],[68.22735,23.70236],[68.22708,23.70236],[68.22708,23.70125],[68.22597,23.70125],[68.22597,23.70097],[68.22625,23.70097],[68.22625,23.70069],[68.22598,23.7007],[68.22598,23.70042],[68.22569,23.70042],[68.22569,23.70014],[68.22542,23.70014],[68.22542,23.69986],[68.2243,23.69986],[68.2243,23.69958],[68.21986,23.69958],[68.21986,23.69986],[68.21902,23.69986],[68.21902,23.70014],[68.21875,23.70014],[68.21875,23.70042],[68.21848,23.70042],[68.21848,23.7007],[68.21819,23.70069],[68.21819,23.70097],[68.21792,23.70097],[68.21792,23.70125],[68.21764,23.70125],[68.21764,23.70153],[68.2171,23.70153],[68.2171,23.70181],[68.21597,23.7018],[68.21597,23.70209],[68.21541,23.70208],[68.21541,23.70236],[68.21486,23.70236],[68.21486,23.70264],[68.2143,23.70264],[68.2143,23.70292],[68.21404,23.70292],[68.21404,23.7032],[68.21347,23.70319],[68.21347,23.70347],[68.21291,23.70347],[68.21291,23.70375],[68.21236,23.70375],[68.21236,23.70403],[68.21208,23.70403],[68.21208,23.70431],[68.21152,23.70431],[68.21152,23.70459],[68.21097,23.70458],[68.21097,23.70486],[68.21069,23.70486],[68.21069,23.7057],[68.21042,23.70569],[68.21042,23.70653],[68.20903,23.70653],[68.20903,23.70681],[68.20764,23.70681],[68.20764,23.70708],[68.20736,23.70708],[68.20736,23.70736],[68.20708,23.70736],[68.20708,23.70764],[68.2068,23.70764],[68.2068,23.70875],[68.20653,23.70875],[68.20653,23.70931],[68.2068,23.70931],[68.2068,23.70986],[68.20653,23.70986],[68.20653,23.71042],[68.20625,23.71042],[68.20625,23.71097],[68.20597,23.71097],[68.20597,23.71153],[68.2057,23.71153],[68.2057,23.71181],[68.20541,23.71181],[68.20541,23.71208],[68.20514,23.71208],[68.20514,23.71236],[68.20487,23.71236],[68.20487,23.71264],[68.20458,23.71264],[68.20458,23.71292],[68.20431,23.71292],[68.20431,23.71347],[68.20403,23.71347],[68.20403,23.71375],[68.20375,23.71375],[68.20375,23.71431],[68.20348,23.71431],[68.20348,23.71458],[68.20318,23.71458],[68.20318,23.71486],[68.20292,23.71486],[68.20292,23.71514],[68.20264,23.71514],[68.20264,23.71653],[68.20236,23.71653],[68.20236,23.71681],[68.20208,23.71681],[68.20208,23.71723],[68.20208,23.71736],[68.20181,23.71736],[68.20181,23.71764],[68.20153,23.71764],[68.20153,23.7182],[68.20125,23.7182],[68.20125,23.71875],[68.20096,23.71875],[68.20096,23.71931],[68.20069,23.71931],[68.20069,23.71986],[68.20042,23.71986],[68.20042,23.72125],[68.20014,23.72124],[68.20014,23.72153],[68.19986,23.72153],[68.19986,23.72181],[68.19958,23.72181],[68.19958,23.72208],[68.1993,23.72208],[68.1993,23.72236],[68.19874,23.72236],[68.19874,23.72264],[68.19847,23.72264],[68.19847,23.72292],[68.1982,23.72292],[68.1982,23.72319],[68.19791,23.72319],[68.19791,23.72347],[68.19764,23.72347],[68.19764,23.72375],[68.19736,23.72375],[68.19736,23.72403],[68.19708,23.72403],[68.19708,23.72431],[68.19681,23.72431],[68.19681,23.72458],[68.19652,23.72458],[68.19653,23.72514],[68.19625,23.72514],[68.19625,23.72542],[68.19597,23.72542],[68.19597,23.72569],[68.19569,23.72569],[68.19569,23.72597],[68.19542,23.72597],[68.19542,23.72625],[68.19514,23.72625],[68.19514,23.7268],[68.19486,23.7268],[68.19486,23.72708],[68.19458,23.72708],[68.19458,23.72764],[68.19431,23.72764],[68.19431,23.7282],[68.19403,23.7282],[68.19403,23.72875],[68.19375,23.72875],[68.19375,23.72931],[68.19347,23.72931],[68.19347,23.72986],[68.19319,23.72986],[68.19319,23.73043],[68.19292,23.73042],[68.19292,23.73097],[68.19264,23.73097],[68.19264,23.73236],[68.19293,23.73236],[68.19293,23.73292],[68.19264,23.73292],[68.19264,23.7332],[68.19236,23.73318],[68.19236,23.73403],[68.19264,23.73403],[68.19264,23.73458],[68.19293,23.73458],[68.19293,23.73514],[68.19319,23.73514],[68.19319,23.7357],[68.19347,23.7357],[68.19347,23.73597],[68.19375,23.73597],[68.19375,23.73625],[68.19431,23.73624],[68.19431,23.73653],[68.19458,23.73653],[68.19458,23.73681],[68.19514,23.73681],[68.19514,23.73708],[68.19542,23.73708],[68.19542,23.73736],[68.19568,23.73736],[68.19568,23.73764],[68.19625,23.73764],[68.19625,23.73792],[68.19652,23.73792],[68.19652,23.73847],[68.19681,23.73847],[68.19681,23.73931],[68.19708,23.73931],[68.19708,23.73986],[68.19736,23.73986],[68.19736,23.74042],[68.19764,23.74042],[68.19764,23.74097],[68.19791,23.74097],[68.19791,23.74153],[68.1982,23.74153],[68.1982,23.74181],[68.19847,23.74181],[68.19847,23.74208],[68.19874,23.74208],[68.19874,23.74237],[68.19903,23.74237],[68.19903,23.74264],[68.1993,23.74264],[68.1993,23.74292],[68.19958,23.74292],[68.19958,23.7432],[68.19986,23.7432],[68.19986,23.74347],[68.20014,23.74347],[68.20014,23.74375],[68.20042,23.74375],[68.20042,23.74403],[68.20069,23.74403],[68.20069,23.74431],[68.20097,23.74431],[68.20097,23.74458],[68.20125,23.74458],[68.20125,23.74486],[68.20153,23.74486],[68.20153,23.7457],[68.20097,23.7457],[68.20097,23.74597],[68.20014,23.74597],[68.20014,23.74625],[68.19986,23.74625],[68.19986,23.74681],[68.20014,23.74681],[68.20014,23.74736],[68.20042,23.74736],[68.20042,23.74764],[68.20096,23.74764],[68.20096,23.74792],[68.20125,23.74792],[68.20125,23.74819],[68.20208,23.74819],[68.20208,23.74847],[68.20236,23.74847],[68.20236,23.74903],[68.20264,23.74903],[68.20264,23.74931],[68.20292,23.74931],[68.20292,23.74958],[68.20318,23.74958],[68.20318,23.75014],[68.20348,23.75014],[68.20348,23.75069],[68.20375,23.75069],[68.20375,23.75125],[68.20403,23.75125],[68.20403,23.75208],[68.20431,23.75208],[68.20431,23.75264],[68.20458,23.75264],[68.20458,23.75319],[68.20486,23.75319],[68.20486,23.75375],[68.20514,23.75375],[68.20514,23.75403],[68.20541,23.75403],[68.20541,23.75458],[68.2057,23.75458],[68.2057,23.75486],[68.20653,23.75486],[68.20653,23.75514],[68.20708,23.75514],[68.20708,23.75542],[68.20736,23.75542],[68.20736,23.75597],[68.20764,23.75597],[68.20764,23.75653],[68.20792,23.75653],[68.20792,23.75709],[68.20819,23.75708],[68.20819,23.75764],[68.20847,23.75764],[68.20847,23.75792],[68.20903,23.75792],[68.20903,23.7582],[68.2093,23.7582],[68.2093,23.75847],[68.20959,23.75847],[68.20959,23.75903],[68.20986,23.75903],[68.20986,23.75958],[68.21014,23.75958],[68.21014,23.76014],[68.21042,23.76014],[68.21042,23.7607],[68.21068,23.76069],[68.21068,23.76125],[68.21097,23.76125],[68.21097,23.76153],[68.21125,23.76153],[68.21125,23.76208],[68.21152,23.76208],[68.21152,23.76236],[68.21181,23.76236],[68.21181,23.76292],[68.21208,23.76292],[68.21208,23.7632],[68.21181,23.7632],[68.21181,23.76348],[68.21264,23.76348],[68.21264,23.76264],[68.21291,23.76264],[68.21291,23.76097],[68.21319,23.76097],[68.21319,23.75875],[68.21291,23.75875],[68.21291,23.75764],[68.21319,23.75764],[68.21319,23.75653],[68.21347,23.75653],[68.21347,23.75597],[68.21375,23.75597],[68.21375,23.75542],[68.21404,23.75542],[68.21404,23.75514],[68.21458,23.75514],[68.21458,23.75486],[68.21514,23.75486],[68.21514,23.75458],[68.2157,23.75458],[68.2157,23.7543],[68.21819,23.7543],[68.21819,23.75458],[68.21902,23.75458],[68.21902,23.75486],[68.21958,23.75486],[68.21958,23.75514],[68.21985,23.75514],[68.21985,23.75542],[68.22014,23.75542],[68.22014,23.7557],[68.22041,23.75569],[68.22041,23.75597],[68.2207,23.75597],[68.2207,23.75625],[68.22097,23.75625],[68.22097,23.75681],[68.22125,23.7568],[68.22125,23.75709],[68.22153,23.75709],[68.22153,23.75736],[68.2218,23.75735],[68.2218,23.75764],[68.22208,23.75764],[68.22208,23.75792],[68.22236,23.75792],[68.22236,23.7582],[68.22264,23.7582],[68.22264,23.75847],[68.22291,23.75847],[68.22291,23.75903],[68.2232,23.75903],[68.2232,23.75931],[68.22347,23.75931],[68.22347,23.75958],[68.22375,23.75958],[68.22375,23.75986],[68.22403,23.75986],[68.22403,23.76014],[68.2243,23.76014],[68.2243,23.76042],[68.22459,23.76042],[68.22459,23.7607],[68.22486,23.7607],[68.22486,23.76097],[68.22513,23.76097],[68.22513,23.76153],[68.22542,23.76153],[68.22542,23.76208],[68.22569,23.76208],[68.22569,23.76264],[68.22598,23.76264],[68.22598,23.76403],[68.22569,23.76403],[68.22569,23.76486],[68.22542,23.76486],[68.22542,23.76585],[68.22542,23.76597],[68.22513,23.76597],[68.22513,23.76736],[68.22486,23.76736],[68.22486,23.76903],[68.22459,23.76903],[68.22459,23.7707],[68.2243,23.77069],[68.2243,23.77125],[68.22459,23.77125],[68.22459,23.77181],[68.22513,23.77181],[68.22513,23.77208],[68.22542,23.77208],[68.22542,23.77236],[68.22569,23.77236],[68.22569,23.77208],[68.22594,23.77208],[68.2282,23.77208],[68.2282,23.77236],[68.22957,23.77235],[68.22957,23.77264],[68.23014,23.77264],[68.23014,23.77292],[68.23097,23.77292],[68.23097,23.7732],[68.23125,23.7732],[68.23125,23.77347],[68.23153,23.77347],[68.23153,23.77375],[68.23179,23.77375],[68.23179,23.77403],[68.23209,23.77403],[68.23209,23.77458],[68.23236,23.77458],[68.23236,23.77486],[68.23292,23.77486],[68.23292,23.77458],[68.23402,23.77458],[68.23402,23.77486],[68.23431,23.77486],[68.23431,23.77569],[68.23402,23.77569],[68.23402,23.77597],[68.23375,23.77597],[68.23375,23.77625],[68.23319,23.77625],[68.23319,23.77764],[68.23347,23.77764],[68.23347,23.77819],[68.23375,23.77819],[68.23375,23.77875],[68.23402,23.77875],[68.23402,23.77903],[68.23431,23.77903],[68.23431,23.78014],[68.23402,23.78014],[68.23402,23.78042],[68.23347,23.78042],[68.23347,23.78097],[68.23319,23.78097],[68.23319,23.78181],[68.23264,23.7818],[68.23264,23.78208],[68.2318,23.78208],[68.2318,23.78042],[68.23208,23.78042],[68.23208,23.77903],[68.23179,23.77903],[68.23179,23.77708],[68.23153,23.77708],[68.23153,23.77625],[68.23125,23.77625],[68.23125,23.77569],[68.23097,23.77569],[68.23097,23.77542],[68.2307,23.77542],[68.2307,23.77514],[68.23042,23.77514],[68.23042,23.77486],[68.23014,23.77486],[68.23014,23.77458],[68.22986,23.77458],[68.22986,23.77431],[68.22957,23.77431],[68.22957,23.77403],[68.22875,23.77403],[68.22875,23.77375],[68.22708,23.77375],[68.22708,23.77403],[68.22579,23.77403],[68.22569,23.77403],[68.22569,23.77431],[68.22459,23.77431],[68.22459,23.77403],[68.2243,23.77403],[68.2243,23.77347],[68.22375,23.77347],[68.22375,23.77403],[68.22347,23.77403],[68.22347,23.77458],[68.2232,23.77458],[68.2232,23.77514],[68.22292,23.77514],[68.22292,23.77569],[68.22264,23.77569],[68.22264,23.77653],[68.22236,23.77653],[68.22236,23.77736],[68.22208,23.77736],[68.22208,23.77764],[68.2218,23.77764],[68.2218,23.77792],[68.22153,23.77792],[68.22153,23.77819],[68.22125,23.77819],[68.22125,23.77848],[68.22097,23.77848],[68.22097,23.77903],[68.2207,23.77903],[68.2207,23.77931],[68.22041,23.77931],[68.22041,23.77958],[68.22014,23.77958],[68.22014,23.77986],[68.21985,23.77986],[68.21985,23.78014],[68.21931,23.78014],[68.21931,23.78042],[68.21875,23.78042],[68.21875,23.7807],[68.21848,23.78069],[68.21848,23.78125],[68.21792,23.78125],[68.21792,23.78236],[68.21764,23.78236],[68.21764,23.78347],[68.21792,23.78347],[68.21792,23.7857],[68.21764,23.78569],[68.21764,23.78653],[68.21736,23.78653],[68.21736,23.78681],[68.2168,23.78681],[68.2168,23.78708],[68.21653,23.78708],[68.21653,23.78847],[68.21625,23.78847],[68.21625,23.79319],[68.21597,23.79319],[68.21597,23.79347],[68.2157,23.79346],[68.21569,23.79375],[68.21541,23.79375],[68.21541,23.79431],[68.21514,23.79431],[68.21514,23.79514],[68.21486,23.79514],[68.21486,23.79569],[68.21458,23.79569],[68.21458,23.79653],[68.2143,23.79653],[68.2143,23.79708],[68.21404,23.79708],[68.21404,23.79764],[68.21375,23.79764],[68.21375,23.79847],[68.21347,23.79847],[68.21347,23.79903],[68.21319,23.79903],[68.21319,23.79986],[68.21291,23.79986],[68.21291,23.80069],[68.21264,23.80069],[68.21264,23.80153],[68.21236,23.80153],[68.21236,23.80208],[68.21208,23.80208],[68.21208,23.80292],[68.21181,23.80292],[68.21181,23.80347],[68.21153,23.80347],[68.21153,23.80431],[68.21125,23.80431],[68.21125,23.80514],[68.21097,23.80514],[68.21097,23.80569],[68.21068,23.80569],[68.21068,23.80653],[68.21042,23.80653],[68.21042,23.80764],[68.21014,23.80764],[68.21014,23.80875],[68.20986,23.80875],[68.20986,23.80986],[68.20959,23.80986],[68.20959,23.81097],[68.2093,23.81097],[68.2093,23.81264],[68.20959,23.81264],[68.20959,23.81542],[68.20986,23.81542],[68.20986,23.81903],[68.21014,23.81903],[68.21014,23.82181],[68.21042,23.82181],[68.21042,23.82347],[68.21069,23.82347],[68.21069,23.82819],[68.21097,23.82819],[68.21097,23.82958],[68.21125,23.82957],[68.21125,23.83042],[68.21152,23.83042],[68.21152,23.83097],[68.21181,23.83097],[68.21181,23.83153],[68.21208,23.83153],[68.21208,23.83208],[68.21236,23.83208],[68.21236,23.83292],[68.21264,23.83292],[68.21264,23.83375],[68.21291,23.83375],[68.21291,23.83458],[68.21319,23.83458],[68.21319,23.83486],[68.21375,23.83486],[68.21375,23.83514],[68.2143,23.83514],[68.2143,23.83542],[68.21486,23.83542],[68.21486,23.83569],[68.21541,23.83569],[68.21541,23.83597],[68.21597,23.83597],[68.21597,23.83625],[68.21958,23.83625],[68.21958,23.83597],[68.22153,23.83597],[68.22153,23.83569],[68.22264,23.83569],[68.22264,23.83542],[68.22375,23.83542],[68.22375,23.83514],[68.22486,23.83514],[68.22486,23.83486],[68.22729,23.83486],[68.23014,23.83486],[68.23014,23.83514],[68.23153,23.83514],[68.23153,23.83542],[68.23209,23.83542],[68.23209,23.83569],[68.23264,23.83569],[68.23264,23.83597],[68.23458,23.83597],[68.23458,23.83625],[68.23485,23.83625],[68.23485,23.83681],[68.23514,23.83681],[68.23514,23.83736],[68.23542,23.83736],[68.23542,23.83792],[68.23569,23.83792],[68.23569,23.8382],[68.23597,23.8382],[68.23597,23.83847],[68.23625,23.83847],[68.23625,23.83903],[68.23653,23.83903],[68.23653,23.83931],[68.23681,23.83931],[68.23681,23.83958],[68.23708,23.83958],[68.23708,23.84014],[68.23736,23.84014],[68.23736,23.84097],[68.23764,23.84097],[68.23764,23.84153],[68.23792,23.84153],[68.23792,23.84182],[68.23764,23.84181],[68.23764,23.84236],[68.23792,23.84236],[68.23792,23.84292],[68.2382,23.84292],[68.2382,23.84347],[68.23847,23.84347],[68.23847,23.84403],[68.23875,23.84403],[68.23875,23.84458],[68.23903,23.84457],[68.23903,23.84514],[68.2393,23.84514],[68.2393,23.84569],[68.23958,23.84569],[68.23958,23.84625],[68.23986,23.84625],[68.23986,23.84681],[68.24013,23.84681],[68.24013,23.84736],[68.24042,23.84736],[68.24042,23.84792],[68.24069,23.84792],[68.24069,23.84847],[68.24098,23.84847],[68.24098,23.84903],[68.24125,23.84903],[68.24125,23.84958],[68.24153,23.84958],[68.24153,23.84986],[68.2418,23.84986],[68.2418,23.85042],[68.24208,23.85042],[68.24208,23.8507],[68.24236,23.8507],[68.24236,23.85125],[68.24264,23.85125],[68.24264,23.85153],[68.24292,23.85153],[68.24292,23.85208],[68.24319,23.85208],[68.24319,23.85236],[68.24347,23.85236],[68.24347,23.85264],[68.24375,23.85264],[68.24375,23.85292],[68.24402,23.85292],[68.24402,23.8532],[68.24431,23.8532],[68.24431,23.85347],[68.24541,23.85347],[68.24541,23.85376],[68.24625,23.85376],[68.24625,23.85347],[68.24653,23.85347],[68.24653,23.85292],[68.24679,23.85292],[68.24679,23.85236],[68.24709,23.85236],[68.24709,23.85125],[68.24736,23.85125],[68.24736,23.85014],[68.24764,23.85014],[68.24764,23.84958],[68.24792,23.84958],[68.24792,23.84903],[68.24819,23.84903],[68.24819,23.84847],[68.24847,23.84847],[68.24847,23.84792],[68.24875,23.84792],[68.24875,23.84736],[68.24903,23.84736],[68.24903,23.84708],[68.24931,23.84708],[68.24931,23.84681],[68.24958,23.84681],[68.24958,23.84653],[68.25014,23.84653],[68.25014,23.84625],[68.25042,23.84625],[68.25042,23.84597],[68.25069,23.84597],[68.25069,23.84569],[68.25458,23.84569],[68.25458,23.84542],[68.25514,23.84542],[68.25514,23.84514],[68.25596,23.84514],[68.25596,23.84486],[68.25653,23.84486],[68.25653,23.84458],[68.25708,23.84458],[68.25708,23.84375],[68.25736,23.84375],[68.25736,23.84292],[68.25764,23.84292],[68.25764,23.84208],[68.25792,23.84208],[68.25792,23.84097],[68.25819,23.84097],[68.25819,23.83986],[68.25847,23.83986],[68.25847,23.83876],[68.25875,23.83876],[68.25875,23.83764],[68.25902,23.83764],[68.25902,23.83681],[68.25931,23.83681],[68.25931,23.83458],[68.25958,23.83458],[68.25958,23.8343],[68.25931,23.8343],[68.25931,23.83153],[68.25958,23.83153],[68.25958,23.83042],[68.25986,23.83042],[68.25986,23.82986],[68.26014,23.82986],[68.26014,23.82847],[68.26041,23.82847],[68.26041,23.82736],[68.2607,23.82736],[68.2607,23.82681],[68.26041,23.82682],[68.26041,23.82486],[68.2618,23.82486],[68.2618,23.82625],[68.26208,23.82625],[68.26208,23.82792],[68.2618,23.82792],[68.2618,23.82903],[68.26153,23.82903],[68.26153,23.83042],[68.26125,23.83042],[68.26125,23.83125],[68.26097,23.83125],[68.26097,23.83208],[68.2607,23.83208],[68.2607,23.83347],[68.26097,23.83347],[68.26097,23.83514],[68.2607,23.83514],[68.2607,23.83681],[68.26097,23.83681],[68.26097,23.83736],[68.26125,23.83736],[68.26125,23.83708],[68.2618,23.83709],[68.2618,23.8368],[68.26292,23.83681],[68.26292,23.83653],[68.26486,23.83653],[68.26486,23.83681],[68.26875,23.83681],[68.26875,23.83653],[68.2693,23.83653],[68.2693,23.83625],[68.26986,23.83625],[68.26986,23.83597],[68.27069,23.83597],[68.27069,23.83569],[68.27125,23.83569],[68.27125,23.83542],[68.27153,23.83542],[68.27153,23.83514],[68.2718,23.83514],[68.2718,23.83486],[68.27209,23.83486],[68.27209,23.83458],[68.27264,23.83458],[68.27264,23.8343],[68.27736,23.8343],[68.27736,23.83458],[68.27792,23.83458],[68.27792,23.83486],[68.27819,23.83486],[68.2782,23.83514],[68.27847,23.83514],[68.27847,23.83542],[68.27875,23.83542],[68.27875,23.83597],[68.27903,23.83597],[68.27903,23.83653],[68.2793,23.83653],[68.2793,23.83681],[68.27959,23.8368],[68.27959,23.83709],[68.27986,23.83708],[68.27986,23.83764],[68.28015,23.83764],[68.28015,23.83792],[68.28042,23.83792],[68.28042,23.8382],[68.28069,23.8382],[68.28069,23.83847],[68.28125,23.83847],[68.28125,23.83876],[68.28152,23.83876],[68.28152,23.83903],[68.28181,23.83903],[68.28181,23.83931],[68.28208,23.83931],[68.28208,23.83958],[68.28235,23.83958],[68.28235,23.83986],[68.2829,23.83986],[68.2829,23.84014],[68.28375,23.84014],[68.28375,23.84042],[68.28457,23.84042],[68.28457,23.84014],[68.28542,23.84014],[68.28542,23.83986],[68.28597,23.83986],[68.28597,23.83958],[68.28625,23.83958],[68.28625,23.83931],[68.28736,23.83931],[68.28736,23.83958],[68.28764,23.83958],[68.28764,23.84042],[68.28736,23.84042],[68.28736,23.8407],[68.28709,23.8407],[68.28709,23.84097],[68.2868,23.84097],[68.2868,23.84125],[68.28597,23.84125],[68.28597,23.84153],[68.28514,23.84153],[68.28514,23.84182],[68.28319,23.84182],[68.28319,23.84153],[68.28235,23.84153],[68.28235,23.84125],[68.28152,23.84125],[68.28152,23.84097],[68.28125,23.84097],[68.28125,23.84042],[68.28098,23.84042],[68.28098,23.84014],[68.28069,23.84014],[68.28069,23.83986],[68.28014,23.83986],[68.28014,23.83958],[68.27959,23.83958],[68.27959,23.83931],[68.2793,23.83931],[68.2793,23.83903],[68.27903,23.83903],[68.27903,23.83847],[68.27875,23.83847],[68.27875,23.8382],[68.27847,23.8382],[68.27847,23.83764],[68.2782,23.83764],[68.2782,23.83736],[68.27792,23.83736],[68.27792,23.83708],[68.27764,23.83709],[68.27764,23.83653],[68.27736,23.83653],[68.27736,23.83597],[68.2768,23.83597],[68.2768,23.83569],[68.27319,23.83569],[68.27319,23.83625],[68.27292,23.83625],[68.27292,23.83681],[68.27264,23.8368],[68.27264,23.83709],[68.27236,23.83708],[68.27236,23.83736],[68.27209,23.83736],[68.27209,23.83764],[68.27125,23.83764],[68.27125,23.83792],[68.2693,23.83792],[68.2693,23.8382],[68.26403,23.8382],[68.26403,23.83792],[68.26347,23.83792],[68.26347,23.8382],[68.26264,23.83819],[68.26264,23.83876],[68.26097,23.83876],[68.26097,23.83931],[68.2607,23.83931],[68.2607,23.83986],[68.26041,23.83986],[68.26041,23.84014],[68.26014,23.84014],[68.26014,23.8407],[68.25986,23.84069],[68.25986,23.84125],[68.25958,23.84125],[68.25958,23.84182],[68.25931,23.84182],[68.25931,23.84292],[68.25903,23.84292],[68.25903,23.84347],[68.25875,23.84347],[68.25875,23.84403],[68.25847,23.84403],[68.25847,23.84458],[68.25819,23.84457],[68.25819,23.84514],[68.25792,23.84514],[68.25792,23.84542],[68.25736,23.84542],[68.25736,23.84569],[68.25708,23.84569],[68.25708,23.84597],[68.25681,23.84597],[68.25681,23.84625],[68.25569,23.84625],[68.25569,23.84653],[68.25486,23.84653],[68.25486,23.84681],[68.25403,23.84681],[68.25403,23.84708],[68.2532,23.84708],[68.25321,23.84736],[68.25208,23.84736],[68.25208,23.84764],[68.25125,23.84763],[68.25125,23.84792],[68.25042,23.84792],[68.25042,23.84819],[68.25014,23.84819],[68.25014,23.84847],[68.24986,23.84847],[68.24986,23.84875],[68.24958,23.84875],[68.24958,23.85236],[68.24931,23.85236],[68.24931,23.8532],[68.24903,23.8532],[68.24903,23.85376],[68.24875,23.85376],[68.24875,23.85403],[68.24931,23.85403],[68.24931,23.85431],[68.24958,23.85431],[68.24958,23.85458],[68.24986,23.85458],[68.24986,23.85486],[68.25014,23.85486],[68.25014,23.85514],[68.25042,23.85514],[68.25042,23.85542],[68.25069,23.85542],[68.25069,23.85569],[68.25125,23.85569],[68.25125,23.85597],[68.25153,23.85597],[68.25153,23.85625],[68.25181,23.85625],[68.25181,23.85653],[68.25208,23.85653],[68.25208,23.85681],[68.25236,23.85681],[68.25236,23.85708],[68.25264,23.85708],[68.25264,23.85736],[68.25292,23.85736],[68.25292,23.85764],[68.25321,23.85764],[68.25321,23.85792],[68.25347,23.85792],[68.25347,23.85819],[68.25375,23.85819],[68.25375,23.85847],[68.25403,23.85847],[68.25403,23.85875],[68.2543,23.85875],[68.2543,23.85903],[68.25403,23.85903],[68.25403,23.85931],[68.2543,23.85931],[68.2543,23.85986],[68.25459,23.85986],[68.25459,23.86042],[68.25486,23.86042],[68.25486,23.86097],[68.25514,23.86097],[68.25514,23.86125],[68.25542,23.86125],[68.25542,23.86181],[68.25569,23.8618],[68.25569,23.86208],[68.25597,23.86208],[68.25597,23.86236],[68.25625,23.86236],[68.25625,23.86264],[68.25653,23.86264],[68.25653,23.86319],[68.25681,23.8632],[68.25681,23.86403],[68.25708,23.86403],[68.25708,23.86459],[68.25736,23.86458],[68.25736,23.86514],[68.25764,23.86514],[68.25764,23.86918],[68.25764,23.86931],[68.25781,23.8693],[68.25792,23.8693],[68.25792,23.8707],[68.25819,23.8707],[68.25819,23.87097],[68.25847,23.87097],[68.25847,23.87125],[68.25875,23.87125],[68.25875,23.87153],[68.25931,23.87153],[68.25931,23.87181],[68.26097,23.87181],[68.26097,23.87153],[68.26125,23.87153],[68.26264,23.87153],[68.26264,23.87125],[68.26515,23.87125],[68.26514,23.87097],[68.26819,23.87097],[68.26819,23.8707],[68.27125,23.8707],[68.27125,23.87042],[68.27209,23.87042],[68.27209,23.87014],[68.27264,23.87014],[68.27264,23.86986],[68.27292,23.86986],[68.27292,23.86958],[68.27348,23.86958],[68.27348,23.86931],[68.27402,23.86931],[68.27402,23.86903],[68.27431,23.86903],[68.27431,23.86874],[68.27486,23.86875],[68.27486,23.86847],[68.27541,23.86847],[68.27541,23.8682],[68.27708,23.8682],[68.27708,23.86792],[68.28042,23.86792],[68.28042,23.8682],[68.28152,23.8682],[68.28152,23.86847],[68.28291,23.86847],[68.28291,23.86875],[68.28319,23.86874],[68.28319,23.86903],[68.28347,23.86903],[68.28347,23.86931],[68.2843,23.86931],[68.2843,23.86958],[68.28458,23.86958],[68.28458,23.86986],[68.28486,23.86986],[68.28486,23.87014],[68.2857,23.87014],[68.2857,23.87042],[68.28625,23.87042],[68.28625,23.8707],[68.28653,23.8707],[68.28653,23.87097],[68.28709,23.87097],[68.28709,23.87125],[68.28736,23.87125],[68.28736,23.87153],[68.28792,23.87153],[68.28792,23.87181],[68.28847,23.87181],[68.28847,23.87208],[68.28875,23.87208],[68.28875,23.87236],[68.28958,23.87236],[68.28958,23.87264],[68.29014,23.87264],[68.29014,23.87292],[68.2932,23.87292],[68.2932,23.87264],[68.29375,23.87264],[68.29375,23.87236],[68.29403,23.87236],[68.29403,23.8718],[68.2943,23.87181],[68.2943,23.87125],[68.29458,23.87125],[68.29458,23.87097],[68.29486,23.87097],[68.29486,23.8707],[68.29513,23.8707],[68.29513,23.87042],[68.29542,23.87042],[68.29542,23.86986],[68.29569,23.86986],[68.29569,23.86958],[68.29598,23.86958],[68.29598,23.86931],[68.29625,23.86931],[68.29625,23.86903],[68.29652,23.86903],[68.29652,23.86874],[68.29681,23.86875],[68.29681,23.86847],[68.29736,23.86847],[68.29736,23.8682],[68.29764,23.8682],[68.29764,23.86792],[68.29819,23.86792],[68.29819,23.86764],[68.29875,23.86764],[68.29875,23.86736],[68.29931,23.86736],[68.29931,23.86708],[68.29986,23.86708],[68.29986,23.86681],[68.30042,23.86681],[68.30042,23.86653],[68.30097,23.86653],[68.30097,23.86625],[68.30153,23.86625],[68.30153,23.86597],[68.30209,23.86597],[68.30209,23.8657],[68.30514,23.8657],[68.30514,23.86597],[68.30542,23.86597],[68.30542,23.86625],[68.30569,23.86625],[68.30569,23.86653],[68.30597,23.86653],[68.30597,23.86681],[68.30625,23.86681],[68.30625,23.86708],[68.30653,23.86708],[68.30653,23.86764],[68.30681,23.86764],[68.30681,23.8682],[68.30708,23.8682],[68.30708,23.86847],[68.30736,23.86847],[68.30736,23.86903],[68.30764,23.86903],[68.30764,23.86958],[68.30791,23.86958],[68.30791,23.86986],[68.3082,23.86986],[68.3082,23.87014],[68.30847,23.87014],[68.30847,23.87125],[68.30875,23.87125],[68.30875,23.87208],[68.30903,23.87208],[68.30903,23.87264],[68.3093,23.87264],[68.3093,23.87319],[68.30959,23.87319],[68.30959,23.87403],[68.30986,23.87403],[68.30986,23.87487],[68.31014,23.87486],[68.31014,23.87569],[68.31042,23.87569],[68.31042,23.87625],[68.31069,23.87625],[68.31069,23.87653],[68.31097,23.87653],[68.31097,23.87708],[68.31125,23.87708],[68.31125,23.87764],[68.31153,23.87764],[68.31153,23.87793],[68.31181,23.87792],[68.31181,23.8782],[68.31208,23.8782],[68.31208,23.87847],[68.31236,23.87847],[68.31236,23.87875],[68.31347,23.87875],[68.31347,23.87903],[68.31431,23.87903],[68.31431,23.87931],[68.31514,23.87931],[68.31514,23.87958],[68.3168,23.87958],[68.3168,23.87931],[68.31764,23.8793],[68.31764,23.88042],[68.31736,23.88042],[68.31736,23.8807],[68.31708,23.8807],[68.31709,23.88125],[68.3168,23.88125],[68.3168,23.88153],[68.31514,23.88153],[68.31514,23.88125],[68.31431,23.88125],[68.31431,23.88097],[68.31347,23.88097],[68.31347,23.8807],[68.31264,23.8807],[68.31264,23.88042],[68.31208,23.88042],[68.31208,23.88014],[68.31153,23.88014],[68.31153,23.87986],[68.31097,23.87986],[68.31097,23.87958],[68.31042,23.87958],[68.31042,23.87931],[68.31014,23.87931],[68.31014,23.87903],[68.30959,23.87903],[68.30959,23.87875],[68.3093,23.87875],[68.3093,23.87847],[68.30903,23.87847],[68.30903,23.8782],[68.30875,23.8782],[68.30875,23.87764],[68.30847,23.87764],[68.30847,23.87708],[68.3082,23.87708],[68.3082,23.87681],[68.30791,23.87681],[68.30791,23.87625],[68.30767,23.87625],[68.30766,23.87613],[68.30764,23.87569],[68.30748,23.87569],[68.30736,23.87569],[68.30736,23.87542],[68.30707,23.87542],[68.30707,23.87462],[68.30708,23.87431],[68.30696,23.87431],[68.30681,23.87431],[68.30681,23.87375],[68.30653,23.87375],[68.30653,23.87264],[68.30625,23.87264],[68.30625,23.87125],[68.30597,23.87125],[68.30597,23.8707],[68.30569,23.8707],[68.30569,23.86986],[68.30542,23.86986],[68.30542,23.86847],[68.30514,23.86847],[68.30514,23.8682],[68.30486,23.8682],[68.30486,23.86764],[68.30431,23.86764],[68.30431,23.86736],[68.30375,23.86736],[68.30375,23.86708],[68.30236,23.86708],[68.30236,23.86736],[68.3018,23.86736],[68.3018,23.86764],[68.30125,23.86764],[68.30125,23.8682],[68.29986,23.8682],[68.29986,23.86847],[68.29931,23.86847],[68.29931,23.86875],[68.29903,23.86874],[68.29903,23.86903],[68.29875,23.86903],[68.29875,23.86931],[68.29847,23.86931],[68.29847,23.86986],[68.29819,23.86986],[68.29819,23.87014],[68.29792,23.87014],[68.29792,23.87042],[68.29764,23.87042],[68.29764,23.87097],[68.29736,23.87097],[68.29736,23.87125],[68.29708,23.87125],[68.29708,23.87153],[68.29681,23.87153],[68.29681,23.87181],[68.29652,23.87181],[68.29652,23.87208],[68.29625,23.87208],[68.29625,23.87264],[68.29597,23.87264],[68.29597,23.87292],[68.29569,23.87292],[68.29569,23.87319],[68.29542,23.87319],[68.29542,23.87347],[68.29513,23.87347],[68.29513,23.87375],[68.29486,23.87375],[68.29486,23.87403],[68.29458,23.87403],[68.29458,23.87431],[68.2943,23.87431],[68.2943,23.87458],[68.29375,23.87458],[68.29375,23.87487],[68.2932,23.87487],[68.2932,23.87514],[68.29181,23.87514],[68.29181,23.87487],[68.29097,23.87487],[68.29097,23.87458],[68.2907,23.87458],[68.2907,23.87487],[68.28986,23.87487],[68.28986,23.87458],[68.28875,23.87458],[68.28875,23.87431],[68.28819,23.87431],[68.28819,23.87403],[68.28764,23.87403],[68.28764,23.87375],[68.2868,23.87375],[68.2868,23.87347],[68.28625,23.87347],[68.28625,23.87319],[68.28597,23.87319],[68.28597,23.87292],[68.2857,23.87292],[68.2857,23.87264],[68.28514,23.87264],[68.28514,23.87236],[68.28457,23.87236],[68.28457,23.87208],[68.28431,23.87208],[68.2843,23.87181],[68.28375,23.87181],[68.28375,23.87125],[68.28319,23.87125],[68.28319,23.87097],[68.28264,23.87097],[68.28264,23.8707],[68.28235,23.8707],[68.28235,23.87042],[68.28181,23.87042],[68.28181,23.87014],[68.27875,23.87014],[68.27875,23.87042],[68.27792,23.87042],[68.27792,23.8707],[68.27708,23.8707],[68.27708,23.87097],[68.27653,23.87097],[68.27653,23.87125],[68.2757,23.87125],[68.2757,23.87153],[68.27541,23.87153],[68.27541,23.87181],[68.27402,23.87181],[68.27402,23.87208],[68.27292,23.87208],[68.27292,23.87236],[68.2718,23.87236],[68.2718,23.87264],[68.27153,23.87264],[68.27153,23.87292],[68.27097,23.87292],[68.27097,23.87319],[68.27042,23.87319],[68.27042,23.87347],[68.26986,23.87347],[68.26986,23.87375],[68.2693,23.87375],[68.2693,23.87403],[68.26847,23.87403],[68.26847,23.87431],[68.26791,23.87431],[68.26791,23.87458],[68.26736,23.87458],[68.26736,23.87487],[68.2664,23.87487],[68.26625,23.87487],[68.26625,23.87514],[68.26542,23.87514],[68.26542,23.87542],[68.2643,23.87542],[68.2643,23.87569],[68.26097,23.87569],[68.26097,23.87542],[68.26041,23.87542],[68.26041,23.87514],[68.25902,23.87514],[68.25902,23.87542],[68.25875,23.87542],[68.25875,23.87569],[68.25847,23.87569],[68.25847,23.87847],[68.25819,23.87847],[68.25819,23.87903],[68.25847,23.87903],[68.25847,23.88042],[68.25875,23.88042],[68.25875,23.88097],[68.25902,23.88097],[68.25902,23.88153],[68.25931,23.88153],[68.25931,23.88236],[68.25958,23.88236],[68.25958,23.88292],[68.25986,23.88292],[68.25986,23.88347],[68.26014,23.88347],[68.26014,23.88375],[68.26041,23.88374],[68.26041,23.88403],[68.2607,23.88403],[68.2607,23.88458],[68.26097,23.88458],[68.26097,23.88514],[68.26125,23.88514],[68.26125,23.88653],[68.26153,23.88653],[68.26153,23.88681],[68.2618,23.88681],[68.2618,23.88708],[68.26208,23.88708],[68.26208,23.88736],[68.26319,23.88736],[68.26319,23.88764],[68.26347,23.88764],[68.26347,23.88792],[68.26375,23.88792],[68.26375,23.8882],[68.2643,23.88819],[68.2643,23.88847],[68.26458,23.88847],[68.26458,23.88875],[68.26486,23.88875],[68.26486,23.88903],[68.26515,23.88903],[68.26515,23.88931],[68.26542,23.8893],[68.26542,23.88958],[68.26569,23.88958],[68.26569,23.88987],[68.26597,23.88987],[68.26597,23.89014],[68.26625,23.89014],[68.26625,23.89069],[68.26652,23.89069],[68.26652,23.89097],[68.26681,23.89097],[68.26681,23.89125],[68.26708,23.89125],[68.26708,23.89153],[68.2679,23.89153],[68.2679,23.89181],[68.26847,23.89181],[68.26847,23.89209],[68.2693,23.89208],[68.2693,23.89236],[68.26986,23.89236],[68.26986,23.89264],[68.27069,23.89264],[68.27069,23.89292],[68.27014,23.89291],[68.27014,23.89431],[68.27042,23.89431],[68.27042,23.89486],[68.27093,23.89486],[68.27093,23.89486],[68.27125,23.89486],[68.27125,23.89514],[68.2718,23.89514],[68.2718,23.89542],[68.27209,23.89542],[68.27209,23.8957],[68.27236,23.8957],[68.27236,23.89597],[68.27264,23.89597],[68.27264,23.89625],[68.27292,23.89625],[68.27292,23.89653],[68.27319,23.89653],[68.27319,23.89681],[68.27348,23.89681],[68.27348,23.89708],[68.27402,23.89708],[68.27402,23.89736],[68.27431,23.89736],[68.27431,23.89764],[68.27458,23.89764],[68.27458,23.89792],[68.27486,23.89792],[68.27486,23.8982],[68.27514,23.8982],[68.27514,23.89847],[68.27541,23.89847],[68.27541,23.89931],[68.2757,23.89931],[68.2757,23.89986],[68.27597,23.89986],[68.27597,23.90042],[68.27625,23.90042],[68.27625,23.90097],[68.27653,23.90097],[68.27653,23.90153],[68.2768,23.90153],[68.2768,23.90181],[68.27736,23.90181],[68.27736,23.90208],[68.2775,23.90208],[68.2775,23.90208],[68.27819,23.90208],[68.2782,23.90236],[68.27847,23.90236],[68.27847,23.90403],[68.2782,23.90403],[68.27819,23.90458],[68.27792,23.90458],[68.27792,23.90486],[68.27764,23.90485],[68.27764,23.90542],[68.27736,23.90542],[68.27736,23.90792],[68.27764,23.90791],[68.27764,23.91014],[68.27792,23.91014],[68.27792,23.91125],[68.27819,23.91125],[68.2782,23.91236],[68.27847,23.91236],[68.27847,23.91292],[68.2782,23.91292],[68.27819,23.91319],[68.27792,23.91319],[68.27792,23.91347],[68.27764,23.91347],[68.27764,23.91375],[68.27736,23.91375],[68.27736,23.91404],[68.27708,23.91403],[68.27708,23.91486],[68.27764,23.91486],[68.27764,23.91514],[68.27792,23.91514],[68.27792,23.91542],[68.27847,23.91542],[68.27847,23.9157],[68.27875,23.91569],[68.27875,23.91597],[68.27903,23.91597],[68.27903,23.91625],[68.2793,23.91625],[68.2793,23.91653],[68.27959,23.91653],[68.27959,23.91681],[68.27986,23.9168],[68.27986,23.91709],[68.28014,23.91709],[68.28014,23.91736],[68.28042,23.91736],[68.28042,23.91764],[68.28069,23.91764],[68.28069,23.91819],[68.28097,23.91819],[68.28097,23.91847],[68.28125,23.91847],[68.28125,23.91875],[68.28152,23.91875],[68.28152,23.91903],[68.28181,23.91903],[68.28181,23.91931],[68.28236,23.91931],[68.28236,23.91959],[68.28264,23.91959],[68.28264,23.91986],[68.28319,23.91985],[68.28319,23.92014],[68.28347,23.92014],[68.28347,23.92042],[68.2843,23.92042],[68.2843,23.9207],[68.28514,23.9207],[68.28514,23.92097],[68.28653,23.92097],[68.28653,23.92125],[68.28764,23.92125],[68.28764,23.92153],[68.28903,23.92153],[68.28903,23.92181],[68.29209,23.92181],[68.29209,23.92153],[68.29375,23.92153],[68.29375,23.92125],[68.29542,23.92125],[68.29542,23.92097],[68.29708,23.92097],[68.29708,23.9207],[68.29819,23.9207],[68.29819,23.92042],[68.29931,23.92042],[68.29931,23.92014],[68.30042,23.92014],[68.30042,23.91985],[68.30132,23.91986],[68.3018,23.91986],[68.3018,23.91959],[68.30292,23.91959],[68.30292,23.91931],[68.30403,23.91931],[68.30403,23.91903],[68.30514,23.91903],[68.30514,23.91875],[68.30625,23.91875],[68.30625,23.91847],[68.30736,23.91847],[68.30736,23.91819],[68.30847,23.91819],[68.30847,23.91792],[68.30959,23.91792],[68.30959,23.91764],[68.31096,23.91764],[68.31096,23.91736],[68.31431,23.91736],[68.31431,23.91708],[68.31486,23.91709],[68.31486,23.9168],[68.31541,23.91681],[68.31541,23.91653],[68.31597,23.91653],[68.31597,23.91625],[68.31653,23.91625],[68.31653,23.91597],[68.31708,23.91597],[68.31708,23.91569],[68.31728,23.9157],[68.31792,23.9157],[68.31792,23.91542],[68.31875,23.91542],[68.31875,23.91514],[68.31958,23.91514],[68.31958,23.91486],[68.32152,23.91486],[68.32152,23.91458],[68.32486,23.91458],[68.32486,23.9143],[68.32625,23.9143],[68.32625,23.91458],[68.32736,23.91458],[68.32736,23.91486],[68.3282,23.91486],[68.3282,23.91514],[68.32903,23.91514],[68.32903,23.91542],[68.32958,23.91542],[68.32958,23.9157],[68.33041,23.91569],[68.33041,23.91597],[68.33097,23.91597],[68.33097,23.91625],[68.3318,23.91625],[68.3318,23.91653],[68.33236,23.91653],[68.33236,23.91681],[68.33292,23.9168],[68.33292,23.91709],[68.33347,23.91708],[68.33347,23.91736],[68.33403,23.91736],[68.33403,23.91764],[68.33459,23.91764],[68.33459,23.91792],[68.33486,23.91792],[68.33486,23.91819],[68.33542,23.91819],[68.33542,23.91847],[68.33569,23.91847],[68.33569,23.91875],[68.33598,23.91875],[68.33598,23.91903],[68.33625,23.91903],[68.33625,23.91931],[68.33681,23.91931],[68.33681,23.91959],[68.33708,23.91959],[68.33708,23.91986],[68.33737,23.91985],[68.33737,23.92014],[68.33764,23.92014],[68.33764,23.92042],[68.3382,23.92042],[68.3382,23.9207],[68.33847,23.9207],[68.33847,23.92097],[68.33875,23.92097],[68.33875,23.92125],[68.33903,23.92125],[68.33903,23.92153],[68.3393,23.92153],[68.3393,23.92181],[68.33958,23.92181],[68.33958,23.92208],[68.33986,23.92208],[68.33986,23.92403],[68.34097,23.92403],[68.34097,23.92431],[68.3418,23.92431],[68.3418,23.92458],[68.34236,23.92458],[68.34236,23.92625],[68.34264,23.92625],[68.34264,23.92764],[68.34236,23.92764],[68.34236,23.92847],[68.34264,23.92847],[68.34264,23.92875],[68.34318,23.92875],[68.34318,23.92904],[68.34349,23.92904],[68.34349,23.92931],[68.34349,23.92931],[68.34349,23.92931],[68.34358,23.92931],[68.34358,23.92931],[68.34375,23.92931],[68.34375,23.92931],[68.34375,23.92931],[68.34375,23.92958],[68.34402,23.92958],[68.34402,23.92986],[68.34458,23.92986],[68.34458,23.93014],[68.34486,23.93014],[68.34486,23.93042],[68.34514,23.93042],[68.34514,23.93125],[68.34541,23.93125],[68.34541,23.93208],[68.3457,23.93208],[68.3457,23.93264],[68.34597,23.93264],[68.34597,23.9332],[68.3457,23.9332],[68.3457,23.93514],[68.34597,23.93514],[68.34597,23.93625],[68.34624,23.93625],[68.34624,23.93736],[68.34653,23.93736],[68.34653,23.93816],[68.34653,23.93816],[68.34653,23.94292],[68.34625,23.94292],[68.34625,23.94459],[68.34597,23.94458],[68.34597,23.94792],[68.34625,23.94792],[68.34625,23.94958],[68.34597,23.94958],[68.34597,23.9507],[68.3457,23.9507],[68.3457,23.95181],[68.34541,23.95181],[68.34541,23.95292],[68.34514,23.95292],[68.34514,23.95347],[68.34486,23.95347],[68.34486,23.95431],[68.34514,23.95431],[68.34514,23.95569],[68.34541,23.95569],[68.34541,23.95708],[68.34569,23.95708],[68.34569,23.9582],[68.34597,23.9582],[68.34597,23.95931],[68.34624,23.9593],[68.34624,23.96042],[68.34653,23.96042],[68.34653,23.96097],[68.3468,23.96097],[68.3468,23.96153],[68.34708,23.96153],[68.34708,23.96181],[68.34736,23.96181],[68.34736,23.96236],[68.34764,23.96236],[68.34764,23.96292],[68.34791,23.96292],[68.34791,23.96319],[68.3482,23.96319],[68.3482,23.96375],[68.34847,23.96375],[68.34847,23.96403],[68.34875,23.96403],[68.34875,23.96431],[68.34903,23.96431],[68.34903,23.96486],[68.34931,23.96486],[68.34931,23.96515],[68.34958,23.96515],[68.34958,23.96542],[68.34986,23.96542],[68.34986,23.96597],[68.35014,23.96597],[68.35014,23.96625],[68.35042,23.96625],[68.35042,23.96653],[68.35069,23.96653],[68.35069,23.96681],[68.35098,23.96681],[68.35098,23.96736],[68.35125,23.96736],[68.35125,23.96792],[68.35152,23.96792],[68.35152,23.96819],[68.35181,23.96819],[68.35181,23.96847],[68.35236,23.96847],[68.35236,23.96875],[68.35264,23.96875],[68.35264,23.96903],[68.35291,23.96903],[68.35291,23.96931],[68.3532,23.9693],[68.3532,23.96958],[68.35347,23.96958],[68.35347,23.96986],[68.35375,23.96986],[68.35375,23.97014],[68.35403,23.97014],[68.35403,23.97042],[68.35431,23.97042],[68.35431,23.97069],[68.35514,23.97069],[68.35514,23.97097],[68.3557,23.97096],[68.3557,23.97125],[68.3568,23.97125],[68.3568,23.97153],[68.35709,23.97153],[68.35709,23.97181],[68.35736,23.97181],[68.35736,23.97236],[68.35763,23.97236],[68.35763,23.97258],[68.35763,23.9732],[68.35792,23.97319],[68.35792,23.97375],[68.35819,23.97375],[68.35819,23.97458],[68.35847,23.97458],[68.35847,23.975]]],[[[68.44375,23.96829],[68.49353,23.96753],[68.49764,23.96747],[68.49764,23.96736],[68.49736,23.96736],[68.49736,23.96708],[68.4968,23.96708],[68.4968,23.96653],[68.49653,23.96653],[68.49653,23.96597],[68.49624,23.96597],[68.49624,23.96347],[68.49597,23.96352],[68.49597,23.96236],[68.4957,23.96236],[68.4957,23.95958],[68.49597,23.95958],[68.49597,23.9582],[68.49624,23.9582],[68.49624,23.95792],[68.49597,23.95792],[68.49597,23.95764],[68.49624,23.95764],[68.49624,23.95681],[68.49653,23.95681],[68.49653,23.95569],[68.4968,23.95569],[68.4968,23.95486],[68.49709,23.95486],[68.49709,23.95403],[68.49736,23.95403],[68.49736,23.95319],[68.49764,23.95319],[68.49764,23.95236],[68.49792,23.95236],[68.49792,23.95181],[68.49819,23.95181],[68.49819,23.95125],[68.49847,23.95125],[68.49847,23.9507],[68.49875,23.9507],[68.49875,23.95015],[68.49903,23.95015],[68.49903,23.94986],[68.49931,23.94986],[68.49931,23.94949],[68.49931,23.94931],[68.49958,23.94931],[68.49958,23.94875],[68.49987,23.94875],[68.49986,23.94847],[68.50014,23.94847],[68.50014,23.9482],[68.50069,23.9482],[68.50069,23.94792],[68.50097,23.94792],[68.50097,23.94764],[68.50125,23.94764],[68.50125,23.94736],[68.50153,23.94736],[68.50153,23.94708],[68.50181,23.94708],[68.50181,23.94681],[68.50208,23.94681],[68.50208,23.94653],[68.50236,23.94653],[68.50236,23.94625],[68.50264,23.94625],[68.50264,23.94597],[68.5032,23.94597],[68.5032,23.9457],[68.50403,23.9457],[68.50403,23.94542],[68.50459,23.94542],[68.50459,23.94514],[68.50486,23.94514],[68.50486,23.94486],[68.50568,23.94486],[68.50568,23.94458],[68.50653,23.94459],[68.50653,23.94431],[68.50708,23.94431],[68.50708,23.94402],[68.50847,23.94403],[68.50847,23.94375],[68.50931,23.94375],[68.50931,23.94347],[68.51097,23.94347],[68.51097,23.94319],[68.51264,23.9432],[68.51264,23.94292],[68.51319,23.94292],[68.51319,23.94264],[68.51403,23.94264],[68.51403,23.94236],[68.51458,23.94236],[68.51458,23.94264],[68.51542,23.94264],[68.51542,23.94236],[68.51652,23.94236],[68.51652,23.94208],[68.51736,23.94208],[68.51736,23.9418],[68.51764,23.9418],[68.51764,23.94153],[68.51791,23.94153],[68.51791,23.94125],[68.5182,23.94125],[68.5182,23.94098],[68.51847,23.94098],[68.51847,23.94069],[68.51875,23.94069],[68.51875,23.93903],[68.51903,23.93903],[68.51903,23.93819],[68.51652,23.93819],[68.51652,23.93792],[68.51625,23.93792],[68.51625,23.93819],[68.51514,23.93819],[68.51514,23.93847],[68.51458,23.93847],[68.51458,23.93875],[68.51403,23.93875],[68.51403,23.93903],[68.51375,23.93903],[68.51375,23.93931],[68.5118,23.93931],[68.5118,23.93958],[68.51125,23.93958],[68.51125,23.93986],[68.51041,23.93986],[68.51041,23.94014],[68.50931,23.94014],[68.50931,23.94042],[68.50875,23.94042],[68.50875,23.94069],[68.50819,23.94069],[68.50819,23.94098],[68.50792,23.94098],[68.50792,23.94125],[68.50736,23.94125],[68.50736,23.94153],[68.5068,23.94153],[68.5068,23.9418],[68.50569,23.9418],[68.50569,23.94042],[68.50597,23.94042],[68.50597,23.94014],[68.50681,23.94014],[68.5068,23.93986],[68.50736,23.93986],[68.50736,23.93958],[68.50764,23.93958],[68.50764,23.93931],[68.50819,23.93931],[68.50819,23.93903],[68.50874,23.93903],[68.50874,23.93875],[68.50986,23.93875],[68.50986,23.93847],[68.5107,23.93847],[68.5107,23.93819],[68.51125,23.93819],[68.51125,23.93792],[68.51319,23.93792],[68.51319,23.93764],[68.51347,23.93764],[68.51347,23.93736],[68.51403,23.93736],[68.51403,23.93708],[68.51458,23.93708],[68.51458,23.93681],[68.51569,23.93681],[68.51569,23.93653],[68.51681,23.93653],[68.51681,23.93625],[68.51708,23.93625],[68.51708,23.93597],[68.5182,23.93597],[68.5182,23.93569],[68.51847,23.93569],[68.51847,23.92431],[68.5182,23.92431],[68.5182,23.92403],[68.51791,23.92403],[68.51791,23.92375],[68.51736,23.92375],[68.51736,23.92347],[68.51708,23.92347],[68.51708,23.9232],[68.51681,23.9232],[68.51681,23.92292],[68.51653,23.92292],[68.51653,23.92264],[68.51625,23.92264],[68.51625,23.92236],[68.51598,23.92236],[68.51598,23.92208],[68.51569,23.92208],[68.51569,23.92181],[68.51514,23.92181],[68.51514,23.92153],[68.51487,23.92153],[68.51487,23.92125],[68.51458,23.92125],[68.51458,23.92097],[68.5143,23.92097],[68.5143,23.9207],[68.51403,23.9207],[68.51403,23.92042],[68.51347,23.92042],[68.51347,23.92014],[68.51319,23.92014],[68.51319,23.91985],[68.51264,23.91985],[68.51264,23.92042],[68.51236,23.92042],[68.51236,23.9207],[68.51208,23.9207],[68.51208,23.92097],[68.51153,23.92097],[68.51153,23.92181],[68.51125,23.92181],[68.51125,23.9232],[68.51097,23.9232],[68.51097,23.92347],[68.51014,23.92347],[68.51014,23.9232],[68.50987,23.9232],[68.50987,23.92125],[68.51014,23.92125],[68.51014,23.92042],[68.51041,23.92042],[68.51041,23.91958],[68.5107,23.91959],[68.5107,23.91903],[68.51097,23.91903],[68.51097,23.91847],[68.51125,23.91847],[68.51125,23.91792],[68.51097,23.91792],[68.51097,23.91681],[68.5107,23.91681],[68.5107,23.91653],[68.51041,23.91653],[68.51041,23.91625],[68.51014,23.91625],[68.51014,23.9157],[68.50986,23.9157],[68.50986,23.91542],[68.50958,23.91542],[68.50958,23.91514],[68.50931,23.91514],[68.50931,23.91486],[68.50902,23.91486],[68.50902,23.91458],[68.50875,23.91458],[68.50875,23.91403],[68.50847,23.91404],[68.50847,23.91375],[68.50819,23.91375],[68.50819,23.91347],[68.50792,23.91347],[68.50792,23.91319],[68.50764,23.91319],[68.50764,23.91292],[68.50736,23.91292],[68.50736,23.91264],[68.50708,23.91264],[68.50708,23.91208],[68.5068,23.91208],[68.5068,23.91181],[68.50653,23.91181],[68.50653,23.91153],[68.50625,23.91153],[68.50625,23.91125],[68.50597,23.91125],[68.50597,23.91069],[68.50569,23.91069],[68.50569,23.91014],[68.50542,23.91014],[68.50542,23.90958],[68.50514,23.90958],[68.50514,23.90931],[68.50486,23.90931],[68.50486,23.90875],[68.50458,23.90875],[68.50458,23.90847],[68.50375,23.90847],[68.50375,23.90819],[68.50347,23.90819],[68.50347,23.90792],[68.5032,23.90792],[68.5032,23.90736],[68.50291,23.90736],[68.50291,23.90708],[68.50236,23.90708],[68.50236,23.90681],[68.50097,23.90681],[68.50097,23.90653],[68.49987,23.90653],[68.49987,23.90625],[68.49903,23.90625],[68.49903,23.90597],[68.49847,23.90597],[68.49847,23.9057],[68.49819,23.9057],[68.49819,23.90542],[68.4968,23.90542],[68.4968,23.90514],[68.49597,23.90514],[68.49597,23.90485],[68.49514,23.90486],[68.49514,23.90458],[68.49375,23.90458],[68.49375,23.90431],[68.49347,23.90431],[68.49347,23.90403],[68.49319,23.90403],[68.49319,23.90375],[68.49264,23.90375],[68.49264,23.90347],[68.49181,23.90347],[68.49181,23.9032],[68.49097,23.9032],[68.49097,23.90292],[68.49042,23.90292],[68.49042,23.90264],[68.48986,23.90264],[68.48986,23.90236],[68.48959,23.90236],[68.48959,23.90208],[68.48903,23.90208],[68.48903,23.90181],[68.48847,23.90181],[68.48847,23.90153],[68.48793,23.90153],[68.48793,23.90125],[68.48764,23.90125],[68.48764,23.90097],[68.48736,23.90097],[68.48736,23.90069],[68.48708,23.90069],[68.48708,23.90042],[68.48681,23.90042],[68.48681,23.90014],[68.48653,23.90014],[68.48653,23.89986],[68.48625,23.89986],[68.48625,23.89958],[68.48597,23.89958],[68.48597,23.89931],[68.48569,23.89931],[68.48569,23.89903],[68.48542,23.89903],[68.48542,23.89847],[68.48514,23.89847],[68.48514,23.8982],[68.48486,23.8982],[68.48486,23.89764],[68.48458,23.89764],[68.48458,23.89736],[68.48431,23.89736],[68.48431,23.89681],[68.48402,23.89681],[68.48402,23.89653],[68.48375,23.89653],[68.48375,23.89597],[68.48347,23.89597],[68.48347,23.89542],[68.48319,23.89542],[68.48319,23.89486],[68.48292,23.89486],[68.48292,23.89458],[68.48263,23.89458],[68.48263,23.89403],[68.48236,23.89403],[68.48236,23.89347],[68.48208,23.89347],[68.48208,23.8932],[68.4818,23.8932],[68.4818,23.89264],[68.48153,23.89264],[68.48153,23.89236],[68.48125,23.89236],[68.48125,23.89181],[68.48097,23.89181],[68.48097,23.89153],[68.4807,23.89153],[68.4807,23.89097],[68.48041,23.89097],[68.48041,23.89042],[68.47958,23.89042],[68.47958,23.89069],[68.47875,23.89069],[68.47875,23.89097],[68.47736,23.89097],[68.47736,23.89125],[68.47652,23.89125],[68.47652,23.89153],[68.47542,23.89153],[68.47542,23.89181],[68.4743,23.89181],[68.4743,23.89209],[68.47347,23.89208],[68.47347,23.89236],[68.47292,23.89236],[68.47292,23.89264],[68.47208,23.89264],[68.47208,23.89292],[68.47125,23.89292],[68.47125,23.8932],[68.47097,23.8932],[68.47097,23.89347],[68.4707,23.89347],[68.4707,23.89375],[68.47041,23.89375],[68.47041,23.89403],[68.46985,23.89403],[68.46985,23.89431],[68.46931,23.89431],[68.46931,23.89458],[68.46875,23.89458],[68.46875,23.89486],[68.46763,23.89486],[68.46763,23.89458],[68.46736,23.89458],[68.46736,23.89375],[68.46763,23.89375],[68.46763,23.89347],[68.46819,23.89347],[68.46819,23.8932],[68.46875,23.8932],[68.46875,23.89292],[68.46903,23.89292],[68.46903,23.89264],[68.46957,23.89264],[68.46957,23.89236],[68.47014,23.89236],[68.47014,23.89208],[68.47041,23.89209],[68.47041,23.89181],[68.4707,23.89181],[68.4707,23.89153],[68.47153,23.89153],[68.47153,23.89125],[68.47236,23.89125],[68.47236,23.89097],[68.47292,23.89097],[68.47292,23.89069],[68.47347,23.89069],[68.47347,23.89042],[68.47486,23.89042],[68.47486,23.89014],[68.47599,23.89014],[68.47599,23.88987],[68.47681,23.88987],[68.47681,23.88958],[68.47819,23.88958],[68.47819,23.8893],[68.47876,23.88931],[68.47876,23.88903],[68.47958,23.88903],[68.47958,23.88875],[68.47931,23.88875],[68.47931,23.8882],[68.47903,23.8882],[68.47903,23.88708],[68.47875,23.88708],[68.47875,23.88625],[68.47847,23.88625],[68.47847,23.88292],[68.4782,23.88292],[68.4782,23.88208],[68.47791,23.88208],[68.47791,23.88153],[68.47764,23.88153],[68.47764,23.88097],[68.47736,23.88097],[68.47736,23.88042],[68.47708,23.88042],[68.47708,23.87958],[68.47681,23.87958],[68.47681,23.87875],[68.47652,23.87875],[68.47652,23.87819],[68.47625,23.8782],[68.47625,23.87736],[68.47597,23.87736],[68.47597,23.87653],[68.4757,23.87653],[68.4757,23.87597],[68.47542,23.87597],[68.47542,23.87514],[68.47514,23.87514],[68.47514,23.87403],[68.47486,23.87403],[68.47486,23.87292],[68.47459,23.87292],[68.47459,23.8718],[68.4743,23.87181],[68.4743,23.8707],[68.47403,23.8707],[68.47403,23.8693],[68.47375,23.86931],[68.47375,23.8682],[68.47347,23.8682],[68.47347,23.86764],[68.4732,23.86764],[68.4732,23.86681],[68.47292,23.86681],[68.47292,23.86293],[68.47264,23.86293],[68.47264,23.86264],[68.47236,23.86264],[68.47236,23.86208],[68.47208,23.86208],[68.47208,23.8618],[68.47181,23.86181],[68.4718,23.86153],[68.46848,23.86153],[68.46848,23.86125],[68.46792,23.86125],[68.46792,23.86097],[68.46736,23.86097],[68.46736,23.86069],[68.46486,23.86069],[68.46486,23.86042],[68.46376,23.86042],[68.46376,23.86014],[68.46347,23.86014],[68.46347,23.85986],[68.4632,23.85986],[68.4632,23.85958],[68.46264,23.85958],[68.46264,23.85931],[68.46208,23.85931],[68.46208,23.85903],[68.46125,23.85903],[68.46125,23.85875],[68.46042,23.85875],[68.46042,23.85847],[68.46014,23.85847],[68.46014,23.85819],[68.45986,23.85819],[68.45986,23.85736],[68.45959,23.85736],[68.45959,23.85708],[68.4593,23.85708],[68.4593,23.85653],[68.45875,23.85653],[68.45875,23.85625],[68.45708,23.85625],[68.45708,23.85597],[68.45625,23.85597],[68.45625,23.85569],[68.45541,23.85569],[68.45541,23.85542],[68.45486,23.85542],[68.45486,23.85514],[68.45431,23.85514],[68.45431,23.85486],[68.45347,23.85486],[68.45347,23.85458],[68.45292,23.85458],[68.45292,23.85431],[68.45236,23.85431],[68.45236,23.85403],[68.45208,23.85403],[68.45208,23.85376],[68.45153,23.85376],[68.45153,23.85347],[68.45097,23.85347],[68.45097,23.8532],[68.45069,23.8532],[68.45069,23.85292],[68.45042,23.85292],[68.45042,23.85264],[68.45014,23.85264],[68.45014,23.85236],[68.44986,23.85236],[68.44986,23.85181],[68.4493,23.85181],[68.4493,23.85125],[68.44903,23.85125],[68.44903,23.8507],[68.44847,23.8507],[68.44847,23.85097],[68.44708,23.85097],[68.44708,23.8507],[68.44625,23.8507],[68.44625,23.85042],[68.44597,23.85042],[68.44597,23.85014],[68.44542,23.85014],[68.44542,23.84986],[68.44486,23.84986],[68.44486,23.84958],[68.44458,23.84958],[68.44458,23.84931],[68.44431,23.84931],[68.44431,23.84903],[68.44403,23.84903],[68.44403,23.84847],[68.44346,23.84847],[68.44346,23.84875],[68.44292,23.84875],[68.44292,23.84903],[68.44236,23.84903],[68.44236,23.84931],[68.44209,23.84931],[68.44209,23.84958],[68.44153,23.84958],[68.44153,23.84986],[68.44097,23.84986],[68.44097,23.85014],[68.44041,23.85014],[68.44041,23.85042],[68.44014,23.85042],[68.44014,23.8507],[68.43902,23.8507],[68.43902,23.85097],[68.43792,23.85097],[68.43792,23.85125],[68.43708,23.85125],[68.43708,23.85153],[68.43653,23.85153],[68.43653,23.85181],[68.43569,23.85181],[68.43569,23.85208],[68.43236,23.85208],[68.43236,23.85236],[68.43208,23.85236],[68.43208,23.85264],[68.43181,23.85264],[68.43181,23.85292],[68.43153,23.85292],[68.43153,23.8532],[68.43125,23.8532],[68.43125,23.85403],[68.43097,23.85403],[68.43097,23.85486],[68.43069,23.85486],[68.43069,23.85569],[68.43042,23.85569],[68.43042,23.85625],[68.43014,23.85625],[68.43014,23.85708],[68.42986,23.85708],[68.42986,23.85764],[68.42958,23.85764],[68.42958,23.85792],[68.4293,23.85792],[68.4293,23.85819],[68.42903,23.85819],[68.42903,23.85847],[68.42875,23.85847],[68.42875,23.85931],[68.42847,23.85931],[68.42847,23.85986],[68.42819,23.85986],[68.42819,23.86181],[68.42875,23.8618],[68.42875,23.86208],[68.42903,23.86208],[68.42903,23.86236],[68.42986,23.86236],[68.42986,23.86264],[68.43042,23.86264],[68.43042,23.86293],[68.43125,23.86292],[68.43125,23.86319],[68.43181,23.86319],[68.43181,23.86347],[68.43236,23.86347],[68.43236,23.86375],[68.43403,23.86375],[68.43403,23.86403],[68.4343,23.86403],[68.4343,23.86431],[68.43486,23.86431],[68.43486,23.86459],[68.43542,23.86458],[68.43542,23.86486],[68.43569,23.86486],[68.43569,23.86514],[68.43625,23.86514],[68.43625,23.86542],[68.43653,23.86542],[68.43653,23.8657],[68.43708,23.8657],[68.43708,23.86597],[68.43764,23.86597],[68.43764,23.86625],[68.43931,23.86625],[68.43931,23.86653],[68.43986,23.86653],[68.43986,23.86681],[68.44014,23.86681],[68.44014,23.86708],[68.44041,23.86708],[68.44041,23.86736],[68.44097,23.86736],[68.44097,23.86764],[68.44124,23.86764],[68.44124,23.86792],[68.44153,23.86792],[68.44153,23.8682],[68.44209,23.8682],[68.44209,23.86847],[68.44236,23.86847],[68.44236,23.86875],[68.44263,23.86874],[68.44263,23.86903],[68.44292,23.86903],[68.44292,23.86931],[68.44319,23.86931],[68.44319,23.86958],[68.44347,23.86958],[68.44347,23.86986],[68.44375,23.86986],[68.44375,23.87014],[68.44431,23.87014],[68.44431,23.87097],[68.44458,23.87097],[68.44458,23.87347],[68.44486,23.87347],[68.44486,23.87487],[68.44514,23.87487],[68.44514,23.87542],[68.44542,23.87542],[68.44542,23.87625],[68.44597,23.87625],[68.44597,23.87653],[68.44681,23.87653],[68.44681,23.87708],[68.44903,23.87708],[68.44903,23.87736],[68.44986,23.87736],[68.44986,23.87764],[68.45069,23.87764],[68.45069,23.87793],[68.45125,23.87792],[68.45125,23.8782],[68.45153,23.8782],[68.45153,23.87847],[68.45182,23.87847],[68.45182,23.87903],[68.45236,23.87903],[68.45236,23.87931],[68.45264,23.87931],[68.45264,23.87958],[68.45292,23.87958],[68.45292,23.87986],[68.45319,23.87986],[68.45319,23.88153],[68.45347,23.88153],[68.45347,23.88181],[68.45375,23.88181],[68.45375,23.88458],[68.45347,23.88458],[68.45347,23.88486],[68.45319,23.88486],[68.45319,23.88542],[68.45292,23.88542],[68.45292,23.88625],[68.45264,23.88625],[68.45264,23.88708],[68.45236,23.88708],[68.45236,23.8882],[68.45208,23.8882],[68.45208,23.88903],[68.45182,23.88903],[68.45182,23.88931],[68.45153,23.8893],[68.45153,23.89069],[68.45125,23.89069],[68.45125,23.89236],[68.45097,23.89236],[68.45097,23.89292],[68.45069,23.89292],[68.45069,23.8932],[68.45042,23.8932],[68.45042,23.89347],[68.45069,23.89347],[68.45069,23.89431],[68.45097,23.89431],[68.45097,23.89514],[68.45125,23.89514],[68.45125,23.8957],[68.45153,23.8957],[68.45153,23.89597],[68.45182,23.89597],[68.45182,23.89653],[68.45208,23.89653],[68.45208,23.89708],[68.45236,23.89708],[68.45236,23.89792],[68.45264,23.89792],[68.45264,23.89931],[68.45292,23.89931],[68.45292,23.90042],[68.45319,23.90042],[68.45319,23.90125],[68.45292,23.90125],[68.45292,23.90375],[68.45264,23.90375],[68.45264,23.90542],[68.45292,23.90542],[68.45292,23.90792],[68.45319,23.90792],[68.45319,23.90847],[68.45347,23.90847],[68.45347,23.90875],[68.45431,23.90875],[68.45431,23.90903],[68.45486,23.90903],[68.45486,23.90931],[68.45514,23.90931],[68.45514,23.90958],[68.45541,23.90958],[68.45541,23.90986],[68.45653,23.90986],[68.45653,23.90958],[68.45763,23.90958],[68.45763,23.90986],[68.45736,23.90986],[68.45736,23.91014],[68.4568,23.91014],[68.4568,23.91042],[68.45653,23.91042],[68.45653,23.91069],[68.4568,23.91069],[68.4568,23.91098],[68.45708,23.91098],[68.45708,23.91125],[68.45736,23.91125],[68.45736,23.91153],[68.45763,23.91153],[68.45763,23.91181],[68.45792,23.91181],[68.45792,23.91208],[68.45819,23.91208],[68.45819,23.91458],[68.45792,23.91458],[68.45792,23.9157],[68.45736,23.9157],[68.45736,23.91514],[68.45708,23.91514],[68.45708,23.91458],[68.4568,23.91458],[68.4568,23.91375],[68.45653,23.91375],[68.45653,23.91319],[68.45625,23.91319],[68.45625,23.91292],[68.45569,23.91292],[68.45569,23.91264],[68.45541,23.91264],[68.45541,23.91236],[68.45486,23.91236],[68.45486,23.91208],[68.45431,23.91208],[68.45431,23.91236],[68.45403,23.91236],[68.45403,23.91292],[68.45431,23.91292],[68.45431,23.91375],[68.45403,23.91375],[68.45403,23.91404],[68.45375,23.91404],[68.45375,23.9157],[68.45402,23.91569],[68.45402,23.91597],[68.45457,23.91597],[68.45457,23.91625],[68.45486,23.91625],[68.45486,23.91681],[68.45403,23.91681],[68.45403,23.91653],[68.45347,23.91653],[68.45347,23.91625],[68.45292,23.91625],[68.45292,23.91597],[68.45264,23.91597],[68.45264,23.91625],[68.45236,23.91625],[68.45236,23.91653],[68.45208,23.91653],[68.45208,23.91681],[68.4518,23.9168],[68.4518,23.91709],[68.45153,23.91708],[68.45153,23.91764],[68.45125,23.91764],[68.45125,23.91986],[68.45153,23.91985],[68.45153,23.92042],[68.45208,23.92042],[68.45208,23.9207],[68.45264,23.9207],[68.45264,23.92097],[68.45319,23.92097],[68.45319,23.92125],[68.45347,23.92125],[68.45347,23.92181],[68.45375,23.92181],[68.45375,23.92208],[68.45403,23.92208],[68.45403,23.92292],[68.45431,23.92292],[68.45431,23.92458],[68.45457,23.92458],[68.45457,23.92625],[68.45486,23.92625],[68.45486,23.92681],[68.45514,23.92681],[68.45514,23.92764],[68.45541,23.92764],[68.45541,23.92819],[68.45569,23.92819],[68.45569,23.92875],[68.45653,23.92875],[68.45653,23.92904],[68.45792,23.92904],[68.45792,23.92931],[68.45903,23.92931],[68.45903,23.92958],[68.45959,23.92958],[68.45959,23.92986],[68.45986,23.92986],[68.45986,23.93014],[68.46042,23.93014],[68.46042,23.9307],[68.46014,23.93069],[68.46014,23.93153],[68.46042,23.93153],[68.46042,23.93181],[68.46291,23.93181],[68.46291,23.93208],[68.46208,23.93208],[68.46208,23.93236],[68.46125,23.93236],[68.46125,23.93264],[68.46098,23.93264],[68.46098,23.9332],[68.46069,23.9332],[68.46069,23.93347],[68.45959,23.93347],[68.45959,23.93375],[68.45875,23.93375],[68.45875,23.93403],[68.45736,23.93403],[68.45736,23.93431],[68.45653,23.93431],[68.45653,23.93458],[68.45625,23.93458],[68.45625,23.93486],[68.45597,23.93486],[68.45597,23.93514],[68.45569,23.93514],[68.45569,23.93542],[68.45541,23.93542],[68.45541,23.93569],[68.45514,23.93569],[68.45514,23.93597],[68.45486,23.93597],[68.45486,23.93625],[68.45457,23.93625],[68.45457,23.93653],[68.45431,23.93653],[68.45431,23.93708],[68.45402,23.93708],[68.45403,23.93736],[68.45347,23.93736],[68.45347,23.93764],[68.45292,23.93764],[68.45292,23.93792],[68.45236,23.93792],[68.45236,23.93819],[68.4518,23.93819],[68.4518,23.93847],[68.45125,23.93847],[68.45125,23.93875],[68.45042,23.93875],[68.45042,23.93903],[68.44986,23.93903],[68.44986,23.93931],[68.44903,23.93931],[68.44903,23.93958],[68.44875,23.93958],[68.44876,23.94014],[68.44847,23.94014],[68.44847,23.93986],[68.4482,23.93986],[68.4482,23.93958],[68.44764,23.93958],[68.44764,23.93931],[68.44708,23.93931],[68.44708,23.93903],[68.44653,23.93903],[68.44653,23.93875],[68.44569,23.93875],[68.44569,23.93847],[68.44514,23.93847],[68.44514,23.93819],[68.44486,23.93819],[68.44486,23.93792],[68.44458,23.93792],[68.44458,23.93764],[68.44403,23.93764],[68.44403,23.93736],[68.44375,23.93736],[68.44375,23.93708],[68.44319,23.93708],[68.44319,23.93681],[68.44236,23.93681],[68.44236,23.93653],[68.4418,23.93653],[68.4418,23.93625],[68.44097,23.93625],[68.44097,23.93653],[68.43931,23.93653],[68.43931,23.93681],[68.43875,23.93681],[68.43875,23.93708],[68.43792,23.93708],[68.43792,23.93736],[68.43682,23.93736],[68.43682,23.93764],[68.4343,23.93764],[68.4343,23.93736],[68.43345,23.93736],[68.43345,23.93708],[68.43264,23.93708],[68.43264,23.93681],[68.43181,23.93681],[68.43181,23.93653],[68.43097,23.93653],[68.43097,23.93625],[68.42903,23.93625],[68.42903,23.93653],[68.42819,23.93653],[68.42819,23.93792],[68.42847,23.93792],[68.42847,23.93847],[68.42875,23.93847],[68.42875,23.93903],[68.42903,23.93903],[68.42903,23.93958],[68.4293,23.93958],[68.4293,23.94042],[68.42958,23.94042],[68.42958,23.94069],[68.42986,23.94069],[68.42986,23.94098],[68.43014,23.94097],[68.43014,23.94208],[68.43042,23.94208],[68.43042,23.94264],[68.43069,23.94264],[68.43069,23.9432],[68.43097,23.9432],[68.43097,23.94375],[68.43125,23.94375],[68.43125,23.94403],[68.43181,23.94402],[68.43181,23.94431],[68.43208,23.94431],[68.43208,23.94486],[68.43236,23.94486],[68.43236,23.94597],[68.43264,23.94597],[68.43264,23.94681],[68.43291,23.94681],[68.43291,23.94708],[68.4332,23.94708],[68.4332,23.94736],[68.43347,23.94736],[68.43347,23.94753],[68.43345,23.94792],[68.43375,23.94792],[68.43375,23.94875],[68.43403,23.94875],[68.43403,23.94986],[68.4343,23.94986],[68.4343,23.95097],[68.43459,23.95097],[68.43459,23.95153],[68.43486,23.95153],[68.43486,23.95236],[68.43514,23.95236],[68.43514,23.95431],[68.43542,23.95431],[68.43542,23.95486],[68.43569,23.95486],[68.43569,23.95514],[68.43597,23.95514],[68.43597,23.95569],[68.43625,23.95569],[68.43625,23.95625],[68.43653,23.95625],[68.43653,23.95681],[68.43681,23.95681],[68.43681,23.95736],[68.43708,23.95736],[68.43708,23.95764],[68.43736,23.95764],[68.43736,23.95792],[68.43764,23.95792],[68.43764,23.9582],[68.43792,23.9582],[68.43792,23.95847],[68.43819,23.95847],[68.43819,23.95875],[68.43847,23.95875],[68.43847,23.95903],[68.43875,23.95903],[68.43875,23.95931],[68.43902,23.95931],[68.43902,23.95958],[68.43931,23.95958],[68.43931,23.95986],[68.43959,23.95986],[68.43959,23.96014],[68.43986,23.96014],[68.43986,23.96042],[68.44014,23.96042],[68.44014,23.9607],[68.44041,23.9607],[68.44041,23.96125],[68.4407,23.96125],[68.4407,23.96153],[68.44097,23.96153],[68.44097,23.96181],[68.44124,23.96181],[68.44124,23.96209],[68.44153,23.96209],[68.44153,23.96264],[68.44209,23.96264],[68.44209,23.96209],[68.44292,23.96209],[68.44292,23.96181],[68.44375,23.96181],[68.44375,23.96153],[68.44431,23.96153],[68.44431,23.96125],[68.44514,23.96125],[68.44514,23.96097],[68.44569,23.96097],[68.44569,23.9607],[68.44625,23.9607],[68.44625,23.96042],[68.44653,23.96042],[68.44653,23.96014],[68.44708,23.96014],[68.44708,23.95986],[68.44764,23.95986],[68.44764,23.95958],[68.44903,23.95958],[68.44903,23.96097],[68.4482,23.96097],[68.4482,23.96125],[68.44736,23.96125],[68.44736,23.96153],[68.44681,23.96153],[68.44681,23.96181],[68.44625,23.96181],[68.44625,23.96209],[68.44597,23.96209],[68.44597,23.96236],[68.44542,23.96236],[68.44542,23.96264],[68.44514,23.96264],[68.44514,23.96292],[68.44458,23.96292],[68.44458,23.96319],[68.44403,23.96319],[68.44403,23.96347],[68.44375,23.96347],[68.44375,23.96375],[68.44349,23.96382],[68.44346,23.96403],[68.44263,23.96403],[68.44263,23.96486],[68.44292,23.96486],[68.44292,23.96597],[68.44319,23.96597],[68.44319,23.96708],[68.44346,23.96708],[68.44346,23.96735],[68.44346,23.96735],[68.44346,23.96764],[68.44375,23.96764],[68.44375,23.96829]]],[[[68.39569,23.8782],[68.39569,23.87792],[68.39625,23.87793],[68.39625,23.87764],[68.3968,23.87764],[68.3968,23.87736],[68.39709,23.87736],[68.39709,23.87708],[68.39764,23.87708],[68.39764,23.87681],[68.39819,23.87681],[68.39819,23.87653],[68.39875,23.87653],[68.39875,23.87625],[68.39958,23.87625],[68.39958,23.87597],[68.40014,23.87597],[68.40014,23.87569],[68.40097,23.87569],[68.40097,23.87542],[68.40153,23.87542],[68.40153,23.87514],[68.40236,23.87514],[68.40236,23.87487],[68.40291,23.87487],[68.40291,23.87458],[68.40347,23.87458],[68.40347,23.87431],[68.4043,23.87431],[68.4043,23.87403],[68.40486,23.87403],[68.40486,23.87375],[68.40542,23.87375],[68.40542,23.87347],[68.40598,23.87347],[68.40598,23.87319],[68.40652,23.87319],[68.40652,23.87292],[68.40708,23.87292],[68.40708,23.87264],[68.40791,23.87264],[68.40791,23.87236],[68.40847,23.87236],[68.40847,23.87208],[68.40903,23.87208],[68.40903,23.87181],[68.41097,23.87181],[68.41097,23.87153],[68.41236,23.87153],[68.41236,23.87125],[68.41348,23.87125],[68.41347,23.87097],[68.41486,23.87097],[68.41486,23.8707],[68.41681,23.8707],[68.41681,23.87042],[68.41736,23.87042],[68.41736,23.87014],[68.41792,23.87014],[68.41792,23.86986],[68.4182,23.86986],[68.4182,23.86958],[68.41875,23.86958],[68.41875,23.86931],[68.4193,23.86931],[68.4193,23.86903],[68.41986,23.86903],[68.41986,23.86874],[68.42014,23.86875],[68.42014,23.86847],[68.42069,23.86847],[68.42069,23.8682],[68.42097,23.8682],[68.42097,23.86792],[68.42125,23.86792],[68.42125,23.86764],[68.42152,23.86764],[68.42152,23.86736],[68.42181,23.86736],[68.42181,23.86708],[68.42208,23.86708],[68.42208,23.86681],[68.42236,23.86681],[68.42236,23.86653],[68.42264,23.86653],[68.42264,23.86625],[68.42292,23.86625],[68.42292,23.86597],[68.42319,23.86597],[68.42319,23.8657],[68.42347,23.8657],[68.42347,23.86542],[68.42375,23.86542],[68.42375,23.86514],[68.42403,23.86514],[68.42403,23.86486],[68.42459,23.86486],[68.42458,23.86319],[68.42486,23.86319],[68.42486,23.86292],[68.42514,23.86293],[68.42514,23.86236],[68.42541,23.86236],[68.42541,23.86153],[68.4257,23.86153],[68.4257,23.85986],[68.42541,23.85986],[68.42541,23.85819],[68.42514,23.85819],[68.42514,23.85736],[68.42486,23.85736],[68.42486,23.85625],[68.42458,23.85625],[68.42458,23.85542],[68.42486,23.85542],[68.42486,23.85486],[68.42514,23.85486],[68.42514,23.85431],[68.42542,23.85431],[68.42542,23.85376],[68.4257,23.85376],[68.4257,23.8532],[68.42597,23.8532],[68.42597,23.85264],[68.42625,23.85264],[68.42625,23.85208],[68.42653,23.85208],[68.42653,23.85153],[68.4268,23.85153],[68.4268,23.85097],[68.42708,23.85097],[68.42708,23.85042],[68.42736,23.85042],[68.42736,23.85014],[68.42765,23.85014],[68.42763,23.84986],[68.42792,23.84986],[68.42792,23.84931],[68.42819,23.84931],[68.42819,23.84903],[68.42847,23.84903],[68.42847,23.84875],[68.42875,23.84875],[68.42875,23.84819],[68.42903,23.84819],[68.42903,23.84792],[68.4293,23.84792],[68.4293,23.84763],[68.42903,23.84764],[68.42903,23.84708],[68.4293,23.84708],[68.4293,23.84681],[68.42875,23.84681],[68.42875,23.84597],[68.42958,23.84597],[68.42958,23.84625],[68.43069,23.84625],[68.43069,23.84597],[68.43125,23.84597],[68.43125,23.84569],[68.43153,23.84569],[68.43153,23.84542],[68.43181,23.84542],[68.43181,23.84514],[68.43208,23.84514],[68.43208,23.84486],[68.43236,23.84486],[68.43236,23.84458],[68.43264,23.84458],[68.43264,23.84431],[68.43291,23.84431],[68.43291,23.84403],[68.4332,23.84403],[68.4332,23.84375],[68.43345,23.84375],[68.43345,23.84347],[68.43375,23.84347],[68.43375,23.8432],[68.43403,23.8432],[68.43403,23.84292],[68.43459,23.84292],[68.43459,23.84264],[68.43486,23.84264],[68.43486,23.84236],[68.43514,23.84236],[68.43514,23.84208],[68.43542,23.84208],[68.43542,23.84181],[68.43597,23.84182],[68.43597,23.84153],[68.43625,23.84153],[68.43625,23.84125],[68.43653,23.84125],[68.43653,23.84097],[68.43708,23.84097],[68.43708,23.8407],[68.43736,23.8407],[68.43736,23.84042],[68.43764,23.84042],[68.43764,23.84014],[68.43792,23.84014],[68.43792,23.83986],[68.43819,23.83986],[68.43819,23.83958],[68.43847,23.83958],[68.43847,23.83931],[68.43902,23.83931],[68.43902,23.83903],[68.43931,23.83903],[68.43931,23.83792],[68.43902,23.83792],[68.43902,23.83542],[68.43875,23.83542],[68.43875,23.8343],[68.43847,23.8343],[68.43847,23.83375],[68.43819,23.83375],[68.43819,23.83319],[68.43792,23.83319],[68.43792,23.83292],[68.43764,23.83292],[68.43764,23.83236],[68.43736,23.83236],[68.43736,23.83208],[68.43708,23.83208],[68.43708,23.83153],[68.43682,23.83153],[68.43682,23.83097],[68.43653,23.83097],[68.43653,23.83042],[68.43625,23.83042],[68.43625,23.82986],[68.43597,23.82986],[68.43597,23.82931],[68.43569,23.82931],[68.43569,23.82903],[68.43542,23.82903],[68.43542,23.82847],[68.43514,23.82847],[68.43514,23.82792],[68.43486,23.82792],[68.43486,23.82764],[68.43459,23.82764],[68.43459,23.82708],[68.4343,23.82708],[68.4343,23.82681],[68.43375,23.82682],[68.43375,23.82653],[68.43345,23.82653],[68.43345,23.82625],[68.43291,23.82625],[68.43291,23.8257],[68.43264,23.8257],[68.43264,23.82514],[68.43236,23.82514],[68.43236,23.82486],[68.43208,23.82486],[68.43208,23.82458],[68.43153,23.82458],[68.43153,23.82431],[68.43125,23.8243],[68.43125,23.82403],[68.43097,23.82403],[68.43097,23.82347],[68.43069,23.82347],[68.43069,23.8232],[68.43042,23.8232],[68.43042,23.82292],[68.43014,23.82292],[68.43014,23.82236],[68.42986,23.82236],[68.42986,23.82208],[68.42958,23.82208],[68.42958,23.82153],[68.4293,23.82153],[68.4293,23.82097],[68.42903,23.82097],[68.42903,23.82042],[68.42875,23.82042],[68.42875,23.81986],[68.42847,23.81986],[68.42847,23.81931],[68.42819,23.81931],[68.42819,23.81875],[68.42792,23.81875],[68.42792,23.81792],[68.42765,23.81792],[68.42765,23.8168],[68.42736,23.81681],[68.42736,23.8157],[68.42708,23.8157],[68.42708,23.81458],[68.4268,23.81459],[68.4268,23.81292],[68.42653,23.81292],[68.42653,23.81042],[68.4257,23.81042],[68.4257,23.81014],[68.42486,23.81014],[68.42486,23.80986],[68.42431,23.80986],[68.42431,23.80958],[68.42403,23.80959],[68.42403,23.8093],[68.42347,23.80931],[68.42347,23.80903],[68.42292,23.80903],[68.42292,23.80875],[68.42264,23.80875],[68.42264,23.80846],[68.42208,23.80847],[68.42208,23.80819],[68.42152,23.8082],[68.42152,23.80792],[68.42097,23.80792],[68.42097,23.80764],[68.42069,23.80764],[68.42069,23.80736],[68.42014,23.80736],[68.42014,23.80708],[68.41986,23.80708],[68.41986,23.8068],[68.41959,23.8068],[68.41959,23.80653],[68.41903,23.80653],[68.41903,23.80625],[68.41875,23.80625],[68.41875,23.80597],[68.41847,23.80597],[68.41847,23.80569],[68.4182,23.80569],[68.4182,23.80542],[68.41792,23.80542],[68.41792,23.80514],[68.41764,23.80514],[68.41764,23.80569],[68.41708,23.80569],[68.41708,23.80597],[68.41653,23.80597],[68.41653,23.80625],[68.41597,23.80625],[68.41597,23.80653],[68.4157,23.80653],[68.4157,23.8068],[68.41514,23.8068],[68.41514,23.80708],[68.41431,23.80708],[68.41431,23.80736],[68.41348,23.80736],[68.41348,23.80764],[68.41292,23.80764],[68.41292,23.80792],[68.41265,23.80792],[68.41265,23.8082],[68.41209,23.80819],[68.41209,23.80847],[68.41153,23.80846],[68.41153,23.80875],[68.4107,23.80875],[68.4107,23.80903],[68.41014,23.80903],[68.41014,23.80931],[68.40986,23.80931],[68.40986,23.80986],[68.40958,23.80986],[68.40958,23.81014],[68.40929,23.81014],[68.40929,23.81042],[68.40903,23.81042],[68.40903,23.81069],[68.40875,23.81069],[68.40875,23.81097],[68.40847,23.81097],[68.40847,23.81181],[68.4082,23.81181],[68.4082,23.81236],[68.40791,23.81236],[68.40791,23.81431],[68.4082,23.81431],[68.4082,23.81514],[68.40875,23.81514],[68.40875,23.81542],[68.40903,23.81542],[68.40903,23.81597],[68.40958,23.81597],[68.40958,23.81625],[68.40986,23.81625],[68.40986,23.81653],[68.41014,23.81653],[68.41014,23.81681],[68.41042,23.81681],[68.41042,23.81708],[68.4107,23.81708],[68.4107,23.81736],[68.41097,23.81736],[68.41097,23.81792],[68.41125,23.81792],[68.41125,23.8182],[68.41153,23.8182],[68.41153,23.81847],[68.4118,23.81847],[68.4118,23.81875],[68.41209,23.81875],[68.41209,23.81903],[68.41236,23.81903],[68.41236,23.81931],[68.41263,23.81931],[68.41263,23.81958],[68.41292,23.81958],[68.41292,23.82069],[68.41263,23.82069],[68.41263,23.82097],[68.41153,23.82097],[68.41153,23.82042],[68.41125,23.82042],[68.41125,23.81986],[68.4107,23.81986],[68.4107,23.81958],[68.41042,23.81958],[68.41042,23.81931],[68.41014,23.81931],[68.41014,23.81875],[68.40986,23.81875],[68.40986,23.81847],[68.40958,23.81847],[68.40958,23.81792],[68.40903,23.81792],[68.40903,23.81765],[68.40875,23.81765],[68.40875,23.81736],[68.40847,23.81736],[68.40847,23.81708],[68.4082,23.81708],[68.4082,23.81681],[68.40791,23.81681],[68.40791,23.81653],[68.40764,23.81653],[68.40764,23.81625],[68.40736,23.81625],[68.40736,23.81597],[68.40708,23.81597],[68.40708,23.8157],[68.40681,23.8157],[68.40681,23.81514],[68.40652,23.81514],[68.40652,23.81181],[68.40681,23.81181],[68.40681,23.81125],[68.40708,23.81125],[68.40708,23.81014],[68.40736,23.81014],[68.40736,23.80986],[68.40764,23.80986],[68.40764,23.80958],[68.40791,23.80959],[68.40791,23.8093],[68.4082,23.80931],[68.4082,23.80903],[68.40847,23.80903],[68.40847,23.80875],[68.40875,23.80875],[68.40875,23.80846],[68.40903,23.80847],[68.40903,23.80819],[68.40929,23.8082],[68.40931,23.80792],[68.40958,23.80792],[68.40958,23.80764],[68.41014,23.80764],[68.41014,23.80736],[68.41097,23.80736],[68.41097,23.80708],[68.41153,23.80708],[68.41153,23.8068],[68.41209,23.8068],[68.41209,23.80653],[68.41236,23.80653],[68.41236,23.80625],[68.41292,23.80625],[68.41292,23.80597],[68.41347,23.80597],[68.41347,23.80569],[68.41375,23.80569],[68.41375,23.80542],[68.41431,23.80542],[68.41431,23.80514],[68.41485,23.80514],[68.41485,23.80486],[68.41514,23.80486],[68.41514,23.80431],[68.41542,23.80431],[68.41542,23.80375],[68.41597,23.80375],[68.41597,23.80208],[68.4157,23.80208],[68.4157,23.80153],[68.41542,23.80153],[68.41542,23.80125],[68.41514,23.80125],[68.41514,23.80097],[68.41486,23.80097],[68.41486,23.80069],[68.41458,23.80069],[68.41458,23.80014],[68.41431,23.80014],[68.41431,23.79986],[68.41402,23.79986],[68.41402,23.79958],[68.41375,23.79959],[68.41375,23.79931],[68.41348,23.79931],[68.41348,23.79903],[68.41319,23.79903],[68.41319,23.79875],[68.41292,23.79875],[68.41292,23.79847],[68.41263,23.79847],[68.41263,23.7982],[68.41236,23.7982],[68.41236,23.79792],[68.41209,23.79792],[68.41209,23.79736],[68.4118,23.79736],[68.4118,23.79681],[68.41153,23.79681],[68.41153,23.79652],[68.41125,23.79653],[68.41125,23.79625],[68.41097,23.79625],[68.41097,23.79569],[68.41014,23.79569],[68.41014,23.79542],[68.40986,23.79542],[68.40986,23.79514],[68.40958,23.79514],[68.40958,23.79486],[68.40903,23.79486],[68.40903,23.79458],[68.40847,23.79458],[68.40847,23.79431],[68.4082,23.79431],[68.4082,23.79403],[68.40764,23.79403],[68.40764,23.79375],[68.40708,23.79375],[68.40708,23.79346],[68.40625,23.79347],[68.40625,23.79319],[68.40542,23.79319],[68.40542,23.79375],[68.40514,23.79375],[68.40514,23.79403],[68.40486,23.79403],[68.40486,23.79431],[68.4043,23.79431],[68.4043,23.79458],[68.40403,23.79458],[68.40403,23.79486],[68.4032,23.79486],[68.40319,23.79514],[68.40291,23.79514],[68.40291,23.79542],[68.40236,23.79542],[68.40236,23.79569],[68.4018,23.79569],[68.4018,23.79597],[68.40153,23.79597],[68.40153,23.79625],[68.40125,23.79625],[68.40125,23.79681],[68.40097,23.79681],[68.40097,23.79708],[68.40069,23.79708],[68.40069,23.79736],[68.40042,23.79736],[68.40042,23.79764],[68.40014,23.79764],[68.40014,23.7982],[68.39986,23.7982],[68.39986,23.79847],[68.39958,23.79847],[68.39958,23.79875],[68.39931,23.79875],[68.39931,23.79903],[68.39903,23.79903],[68.39903,23.79959],[68.39875,23.79958],[68.39875,23.79986],[68.39819,23.79986],[68.39819,23.80014],[68.39792,23.80014],[68.39792,23.80069],[68.39764,23.80069],[68.39764,23.80097],[68.39735,23.80097],[68.39735,23.80125],[68.39709,23.80125],[68.39709,23.80181],[68.3968,23.80181],[68.3968,23.80208],[68.39653,23.80208],[68.39653,23.80236],[68.39625,23.80236],[68.39625,23.80292],[68.39597,23.80292],[68.39597,23.80319],[68.39569,23.80319],[68.39569,23.80347],[68.39542,23.80347],[68.39542,23.80375],[68.39514,23.80375],[68.39514,23.80403],[68.39486,23.80403],[68.39486,23.80431],[68.39458,23.80431],[68.39458,23.80486],[68.39429,23.80486],[68.39429,23.80542],[68.39403,23.80542],[68.39403,23.80597],[68.39375,23.80597],[68.39375,23.80625],[68.39347,23.80625],[68.39347,23.80653],[68.3932,23.80653],[68.3932,23.80708],[68.39291,23.80708],[68.39291,23.80764],[68.39264,23.80764],[68.39264,23.80847],[68.39236,23.80846],[68.39236,23.80875],[68.39208,23.80875],[68.39208,23.80903],[68.39181,23.80903],[68.39181,23.80959],[68.39208,23.80959],[68.39208,23.81097],[68.39181,23.81097],[68.39181,23.81209],[68.39153,23.81209],[68.39153,23.8132],[68.39125,23.81319],[68.39125,23.81431],[68.39098,23.81431],[68.39098,23.81597],[68.39068,23.81597],[68.39068,23.81792],[68.39098,23.81792],[68.39098,23.81986],[68.39125,23.81986],[68.39125,23.82347],[68.39154,23.82347],[68.39154,23.82542],[68.39181,23.82542],[68.39181,23.82819],[68.39154,23.82819],[68.39154,23.82903],[68.39125,23.82903],[68.39125,23.82931],[68.39098,23.82931],[68.39098,23.82986],[68.39068,23.82986],[68.39068,23.83042],[68.39042,23.83042],[68.39042,23.83097],[68.39014,23.83097],[68.39014,23.83153],[68.38986,23.83153],[68.38986,23.83208],[68.38958,23.83208],[68.38958,23.83236],[68.38931,23.83236],[68.38931,23.83292],[68.38903,23.83292],[68.38903,23.83347],[68.38875,23.83347],[68.38875,23.83375],[68.38847,23.83375],[68.38847,23.8343],[68.38819,23.8343],[68.38819,23.83458],[68.38792,23.83458],[68.38792,23.83486],[68.38764,23.83486],[68.38764,23.83514],[68.38736,23.83514],[68.38736,23.83542],[68.3868,23.83542],[68.3868,23.83569],[68.38653,23.83569],[68.38653,23.83597],[68.38597,23.83597],[68.38597,23.83625],[68.38541,23.83625],[68.38541,23.83653],[68.38514,23.83653],[68.38514,23.83681],[68.38458,23.8368],[68.38458,23.83709],[68.38431,23.83708],[68.38431,23.83736],[68.38375,23.83736],[68.38375,23.83764],[68.38264,23.83764],[68.38264,23.83792],[68.38181,23.83792],[68.38181,23.8382],[68.37959,23.8382],[68.37959,23.83709],[68.38014,23.83709],[68.38014,23.8368],[68.38097,23.83681],[68.38097,23.83653],[68.38181,23.83653],[68.38181,23.83625],[68.38264,23.83625],[68.38264,23.83597],[68.38375,23.83597],[68.38375,23.83569],[68.38402,23.83569],[68.38402,23.83542],[68.38458,23.83542],[68.38458,23.83514],[68.38514,23.83514],[68.38514,23.83486],[68.3857,23.83486],[68.3857,23.83458],[68.38625,23.83458],[68.38625,23.8343],[68.3868,23.8343],[68.3868,23.83403],[68.38708,23.83403],[68.38708,23.83347],[68.38736,23.83347],[68.38736,23.83319],[68.38764,23.83319],[68.38764,23.83292],[68.38792,23.83292],[68.38792,23.83236],[68.38819,23.83236],[68.38819,23.83181],[68.38848,23.83181],[68.38848,23.83153],[68.38875,23.83153],[68.38875,23.83097],[68.38903,23.83097],[68.38903,23.83042],[68.38931,23.83042],[68.38931,23.82931],[68.38958,23.82931],[68.38958,23.82819],[68.38986,23.82819],[68.38986,23.81931],[68.38958,23.81931],[68.38958,23.81625],[68.38931,23.81625],[68.38931,23.81431],[68.38958,23.81431],[68.38958,23.81181],[68.38986,23.81181],[68.38986,23.81069],[68.39014,23.81069],[68.39014,23.80959],[68.39042,23.80959],[68.39042,23.80903],[68.39068,23.80903],[68.39068,23.80875],[68.39098,23.80875],[68.39098,23.80764],[68.39125,23.80764],[68.39125,23.80736],[68.39153,23.80736],[68.39153,23.8068],[68.39181,23.8068],[68.39181,23.80625],[68.39208,23.80625],[68.39208,23.80542],[68.39236,23.80542],[68.39236,23.80486],[68.39264,23.80486],[68.39264,23.80458],[68.39291,23.80458],[68.39291,23.80431],[68.3932,23.80431],[68.3932,23.80403],[68.39347,23.80403],[68.39347,23.80375],[68.39375,23.80375],[68.39375,23.80319],[68.39403,23.80319],[68.39403,23.80292],[68.39429,23.80292],[68.39429,23.80236],[68.39458,23.80236],[68.39458,23.80181],[68.39486,23.80181],[68.39486,23.80153],[68.39514,23.80153],[68.39514,23.80097],[68.39542,23.80097],[68.39542,23.80042],[68.39569,23.80042],[68.39569,23.80014],[68.39597,23.80014],[68.39597,23.79986],[68.39625,23.79986],[68.39625,23.79958],[68.39653,23.79959],[68.39653,23.79931],[68.39709,23.79931],[68.39709,23.79903],[68.39735,23.79903],[68.39735,23.79875],[68.39764,23.79875],[68.39764,23.79847],[68.39792,23.79847],[68.39792,23.7982],[68.39819,23.7982],[68.39819,23.79792],[68.39848,23.79792],[68.39848,23.79736],[68.39875,23.79736],[68.39875,23.79708],[68.39902,23.79708],[68.39902,23.79681],[68.39931,23.79681],[68.39931,23.79625],[68.39958,23.79625],[68.39958,23.79569],[68.39986,23.79569],[68.39986,23.79542],[68.40014,23.79542],[68.40014,23.79486],[68.40042,23.79486],[68.40041,23.79458],[68.40069,23.79458],[68.40069,23.79403],[68.40097,23.79403],[68.40097,23.79319],[68.40125,23.79319],[68.40125,23.79292],[68.40153,23.79292],[68.40153,23.79264],[68.4018,23.79264],[68.4018,23.79097],[68.40153,23.79097],[68.40153,23.79042],[68.40125,23.79042],[68.40125,23.79014],[68.40071,23.79014],[68.40071,23.78986],[68.40014,23.78986],[68.40014,23.78958],[68.39902,23.78958],[68.39902,23.78986],[68.39709,23.78986],[68.39709,23.79014],[68.39542,23.79014],[68.39542,23.79042],[68.39403,23.79042],[68.39403,23.79071],[68.39264,23.7907],[68.39264,23.79097],[68.39125,23.79097],[68.39125,23.79125],[68.38986,23.79125],[68.38986,23.79153],[68.38903,23.79153],[68.38903,23.79208],[68.38764,23.79208],[68.38764,23.79236],[68.38708,23.79236],[68.38708,23.79264],[68.38653,23.79264],[68.38653,23.79292],[68.3857,23.79292],[68.3857,23.79319],[68.38514,23.79319],[68.38514,23.79347],[68.38458,23.79346],[68.38458,23.79375],[68.38375,23.79375],[68.38375,23.79403],[68.38319,23.79403],[68.38319,23.79431],[68.38236,23.79431],[68.38236,23.79458],[68.38181,23.79458],[68.38181,23.79486],[68.38097,23.79486],[68.38097,23.79514],[68.38014,23.79514],[68.38014,23.79542],[68.37875,23.79542],[68.37875,23.79569],[68.37847,23.79569],[68.37847,23.79597],[68.3782,23.79597],[68.3782,23.79625],[68.37791,23.79625],[68.37791,23.79653],[68.37764,23.79653],[68.37764,23.79708],[68.37708,23.79708],[68.37708,23.79986],[68.37681,23.79986],[68.37681,23.80125],[68.37652,23.80125],[68.37652,23.80208],[68.37625,23.80208],[68.37625,23.80319],[68.37597,23.80319],[68.37597,23.80375],[68.37542,23.80375],[68.37542,23.80431],[68.37514,23.80431],[68.37514,23.80458],[68.37486,23.80458],[68.37486,23.80486],[68.37458,23.80486],[68.37458,23.80514],[68.37431,23.80514],[68.37431,23.80542],[68.37403,23.80542],[68.37403,23.80569],[68.37347,23.80569],[68.37347,23.80597],[68.37319,23.80597],[68.37319,23.80625],[68.37292,23.80625],[68.37292,23.80653],[68.37264,23.80653],[68.37264,23.8068],[68.37208,23.8068],[68.37208,23.80708],[68.3718,23.80708],[68.3718,23.80736],[68.37153,23.80736],[68.37153,23.80764],[68.37097,23.80764],[68.37097,23.8082],[68.3707,23.80819],[68.3707,23.80847],[68.37041,23.80846],[68.37041,23.80875],[68.36986,23.80875],[68.36986,23.80931],[68.36958,23.8093],[68.36958,23.80959],[68.36819,23.80958],[68.36819,23.80986],[68.36708,23.80986],[68.36708,23.80958],[68.36653,23.80958],[68.36653,23.80986],[68.36542,23.80986],[68.36542,23.81014],[68.36486,23.81014],[68.36486,23.80986],[68.36431,23.80986],[68.36431,23.81014],[68.36292,23.81014],[68.36292,23.80986],[68.36264,23.80986],[68.36264,23.81014],[68.36207,23.81014],[68.36207,23.81042],[68.36069,23.81042],[68.36069,23.81069],[68.36014,23.81069],[68.36014,23.81042],[68.35958,23.81042],[68.35958,23.81069],[68.35931,23.81069],[68.35931,23.81042],[68.35847,23.81042],[68.35847,23.81069],[68.35736,23.81069],[68.35736,23.81097],[68.35514,23.81097],[68.35514,23.81069],[68.35375,23.81069],[68.35375,23.81042],[68.3532,23.81042],[68.3532,23.81014],[68.35237,23.81014],[68.35237,23.80986],[68.35125,23.80986],[68.35125,23.80958],[68.35042,23.80959],[68.35042,23.8093],[68.34931,23.80931],[68.34931,23.80903],[68.34903,23.80903],[68.34903,23.80875],[68.34875,23.80875],[68.34875,23.80846],[68.34847,23.80847],[68.34847,23.80819],[68.3482,23.8082],[68.3482,23.80792],[68.34764,23.80792],[68.34764,23.80764],[68.34681,23.80764],[68.3468,23.80736],[68.34653,23.80736],[68.34653,23.80708],[68.34625,23.80708],[68.34625,23.8068],[68.34569,23.8068],[68.34569,23.80653],[68.34541,23.80653],[68.34541,23.80625],[68.34514,23.80625],[68.34514,23.80569],[68.34486,23.80569],[68.34486,23.80542],[68.34431,23.80542],[68.34431,23.80514],[68.34402,23.80514],[68.34402,23.80486],[68.34375,23.80486],[68.34375,23.80458],[68.34292,23.80458],[68.34292,23.80431],[68.34264,23.80431],[68.34264,23.80403],[68.34236,23.80403],[68.34236,23.80375],[68.34209,23.80375],[68.34209,23.80347],[68.34153,23.80347],[68.34153,23.80319],[68.34125,23.80319],[68.34125,23.80292],[68.34097,23.80292],[68.34097,23.80265],[68.3407,23.80265],[68.3407,23.80236],[68.34014,23.80236],[68.34014,23.80208],[68.34042,23.80208],[68.34042,23.80181],[68.34014,23.80181],[68.34014,23.80153],[68.3393,23.80153],[68.3393,23.80125],[68.33903,23.80125],[68.33903,23.80097],[68.33847,23.80097],[68.33847,23.80069],[68.3382,23.80069],[68.3382,23.79986],[68.33791,23.79986],[68.33791,23.79958],[68.33737,23.79959],[68.33737,23.79931],[68.33708,23.79931],[68.33708,23.79903],[68.33681,23.79903],[68.33681,23.79875],[68.33653,23.79875],[68.33653,23.7982],[68.33598,23.7982],[68.33598,23.79792],[68.33569,23.79792],[68.33569,23.79736],[68.33542,23.79736],[68.33542,23.79708],[68.33514,23.79708],[68.33514,23.79681],[68.33486,23.79681],[68.33486,23.79625],[68.33459,23.79625],[68.33459,23.79542],[68.3343,23.79542],[68.3343,23.79486],[68.33403,23.79486],[68.33403,23.79431],[68.33375,23.79431],[68.33375,23.79375],[68.33347,23.79375],[68.33347,23.79346],[68.33375,23.79347],[68.33375,23.79319],[68.33347,23.79319],[68.33347,23.79181],[68.33319,23.79181],[68.33319,23.79125],[68.33292,23.79125],[68.33292,23.79097],[68.33264,23.79097],[68.33264,23.78986],[68.33236,23.78986],[68.33236,23.78958],[68.33208,23.78958],[68.33208,23.78931],[68.3318,23.78931],[68.3318,23.78903],[68.33153,23.78903],[68.33153,23.78847],[68.33125,23.78847],[68.33125,23.78736],[68.33014,23.78736],[68.33014,23.78765],[68.32986,23.78765],[68.32986,23.78792],[68.32958,23.78792],[68.32958,23.78847],[68.32931,23.78847],[68.32931,23.78875],[68.32848,23.78875],[68.32848,23.78931],[68.32819,23.78931],[68.32819,23.78958],[68.32792,23.78958],[68.32792,23.79042],[68.32764,23.79042],[68.32764,23.79125],[68.32736,23.79125],[68.32736,23.79181],[68.32708,23.79181],[68.32708,23.79236],[68.32681,23.79236],[68.32681,23.79264],[68.32653,23.79264],[68.32653,23.79319],[68.32625,23.79319],[68.32625,23.79375],[68.32597,23.79375],[68.32597,23.79431],[68.32569,23.79431],[68.32569,23.79458],[68.32542,23.79458],[68.32543,23.79486],[68.32514,23.79486],[68.32514,23.79514],[68.32486,23.79514],[68.32486,23.79542],[68.32514,23.79542],[68.32514,23.79597],[68.32486,23.79597],[68.32486,23.79708],[68.32514,23.79708],[68.32514,23.79792],[68.32569,23.79792],[68.32569,23.79847],[68.32597,23.79847],[68.32597,23.79903],[68.32625,23.79903],[68.32625,23.79931],[68.32653,23.79931],[68.32653,23.79959],[68.3268,23.79958],[68.3268,23.79986],[68.32708,23.79986],[68.32708,23.80014],[68.32764,23.80014],[68.32764,23.80042],[68.32792,23.80042],[68.32792,23.80069],[68.32848,23.8007],[68.32848,23.80097],[68.32875,23.80097],[68.32875,23.80125],[68.32903,23.80125],[68.32903,23.80153],[68.32931,23.80153],[68.32931,23.80181],[68.32986,23.80181],[68.32986,23.80208],[68.33014,23.80208],[68.33014,23.80236],[68.3307,23.80236],[68.3307,23.80265],[68.33097,23.80265],[68.33097,23.80292],[68.33125,23.80292],[68.33125,23.80319],[68.33153,23.80319],[68.33153,23.80347],[68.3318,23.80347],[68.3318,23.80375],[68.33208,23.80375],[68.33208,23.80403],[68.33236,23.80403],[68.33236,23.80431],[68.33264,23.80431],[68.33264,23.80486],[68.33292,23.80486],[68.33292,23.80514],[68.33319,23.80514],[68.33319,23.80542],[68.33347,23.80542],[68.33347,23.80569],[68.33375,23.80569],[68.33375,23.80597],[68.33403,23.80597],[68.33403,23.80625],[68.3343,23.80625],[68.3343,23.80653],[68.33459,23.80653],[68.33459,23.8068],[68.33486,23.8068],[68.33486,23.80708],[68.33514,23.80708],[68.33514,23.80736],[68.33542,23.80736],[68.33542,23.80764],[68.33569,23.80764],[68.33569,23.80792],[68.33598,23.80792],[68.33598,23.8082],[68.33625,23.80819],[68.33625,23.80847],[68.33681,23.80846],[68.33681,23.80875],[68.33708,23.80875],[68.33708,23.80903],[68.33737,23.80903],[68.33737,23.80931],[68.33764,23.8093],[68.33764,23.80959],[68.3379,23.80958],[68.3379,23.80986],[68.3382,23.80986],[68.3382,23.81014],[68.33847,23.81014],[68.33847,23.81042],[68.33875,23.81042],[68.33875,23.81069],[68.33903,23.81069],[68.33903,23.81097],[68.3393,23.81097],[68.3393,23.81125],[68.33986,23.81125],[68.33986,23.81153],[68.34014,23.81153],[68.34014,23.81181],[68.34042,23.81181],[68.34042,23.81209],[68.34097,23.81208],[68.34097,23.81236],[68.34125,23.81236],[68.34125,23.81264],[68.34153,23.81264],[68.34153,23.81292],[68.34209,23.81292],[68.34209,23.8132],[68.34236,23.8132],[68.34236,23.81347],[68.34264,23.81347],[68.34264,23.81375],[68.34292,23.81375],[68.34292,23.81403],[68.34318,23.81403],[68.34318,23.81431],[68.34349,23.81431],[68.34349,23.81459],[68.34375,23.81458],[68.34375,23.81486],[68.34402,23.81486],[68.34402,23.81542],[68.34431,23.81542],[68.34431,23.8157],[68.34458,23.8157],[68.34458,23.81597],[68.34486,23.81597],[68.34486,23.81625],[68.34514,23.81625],[68.34514,23.81653],[68.34541,23.81653],[68.34541,23.81681],[68.34569,23.81681],[68.34569,23.81708],[68.34597,23.81708],[68.34597,23.81765],[68.34624,23.81765],[68.34624,23.81792],[68.34653,23.81792],[68.34653,23.8182],[68.3468,23.8182],[68.3468,23.81875],[68.34708,23.81875],[68.34708,23.81958],[68.34736,23.81958],[68.34736,23.82097],[68.34764,23.82097],[68.34764,23.82264],[68.34791,23.82264],[68.34791,23.82458],[68.34764,23.82458],[68.34764,23.82514],[68.34736,23.82514],[68.34736,23.8257],[68.34708,23.8257],[68.34708,23.82625],[68.3468,23.82625],[68.3468,23.82682],[68.34653,23.82682],[68.34653,23.82736],[68.34624,23.82736],[68.34624,23.82792],[68.34597,23.82792],[68.34597,23.82847],[68.34569,23.82847],[68.3457,23.82875],[68.34541,23.82875],[68.34541,23.82903],[68.34458,23.82903],[68.34458,23.82931],[68.34402,23.82931],[68.34402,23.82958],[68.34375,23.82957],[68.34375,23.83014],[68.34347,23.83014],[68.34347,23.83069],[68.34318,23.83069],[68.34318,23.83125],[68.34292,23.83125],[68.34292,23.83569],[68.34264,23.83569],[68.34264,23.83653],[68.34292,23.83653],[68.34292,23.83709],[68.34318,23.83708],[68.34318,23.83764],[68.34349,23.83764],[68.34349,23.83792],[68.34375,23.83792],[68.34375,23.83847],[68.34402,23.83847],[68.34402,23.83876],[68.34431,23.83876],[68.34431,23.83931],[68.34458,23.83931],[68.34458,23.83958],[68.34486,23.83958],[68.34486,23.83986],[68.34514,23.83986],[68.34514,23.84014],[68.34541,23.84014],[68.34541,23.84042],[68.34569,23.84042],[68.34569,23.8407],[68.34597,23.8407],[68.34597,23.84097],[68.34653,23.84097],[68.34653,23.84125],[68.3468,23.84125],[68.3468,23.84153],[68.34708,23.84153],[68.34708,23.84182],[68.34764,23.84181],[68.34764,23.84208],[68.3482,23.84208],[68.3482,23.84236],[68.34903,23.84236],[68.34903,23.84264],[68.34958,23.84264],[68.34958,23.84292],[68.35014,23.84292],[68.35014,23.8432],[68.35125,23.8432],[68.35125,23.84347],[68.35181,23.84347],[68.35181,23.84375],[68.35237,23.84375],[68.35237,23.84403],[68.35264,23.84403],[68.35264,23.84431],[68.3532,23.84431],[68.3532,23.84458],[68.35347,23.84458],[68.35347,23.84486],[68.35403,23.84486],[68.35403,23.84514],[68.35431,23.84514],[68.35431,23.84542],[68.35458,23.84542],[68.35458,23.84569],[68.35514,23.84569],[68.35514,23.84597],[68.35541,23.84597],[68.35541,23.84708],[68.3557,23.84708],[68.3557,23.84792],[68.35597,23.84792],[68.35597,23.84819],[68.35625,23.84819],[68.35625,23.84875],[68.35653,23.84875],[68.35653,23.84903],[68.3568,23.84903],[68.3568,23.84931],[68.35709,23.84931],[68.35709,23.84958],[68.35763,23.84958],[68.35763,23.84986],[68.35792,23.84986],[68.35792,23.85014],[68.35847,23.85014],[68.35847,23.85042],[68.35902,23.85042],[68.35902,23.8507],[68.35958,23.8507],[68.35958,23.85097],[68.36014,23.85097],[68.36014,23.85125],[68.36069,23.85125],[68.36069,23.85153],[68.36125,23.85153],[68.36125,23.85181],[68.36181,23.85181],[68.36181,23.85208],[68.36236,23.85208],[68.36236,23.85236],[68.36292,23.85236],[68.36292,23.85264],[68.36431,23.85264],[68.36431,23.85292],[68.36459,23.85292],[68.36459,23.85347],[68.36486,23.85347],[68.36486,23.85376],[68.36569,23.85376],[68.36569,23.85403],[68.36653,23.85403],[68.36653,23.85431],[68.36708,23.85431],[68.36708,23.85458],[68.36792,23.85458],[68.36792,23.85486],[68.36847,23.85486],[68.36847,23.85514],[68.36903,23.85514],[68.36903,23.85542],[68.36958,23.85542],[68.36958,23.85569],[68.37014,23.85569],[68.37014,23.85597],[68.3707,23.85597],[68.3707,23.85625],[68.37097,23.85625],[68.37097,23.85653],[68.37125,23.85653],[68.37125,23.85681],[68.37153,23.85681],[68.37153,23.85708],[68.3718,23.85708],[68.3718,23.85736],[68.37209,23.85736],[68.37209,23.85764],[68.37236,23.85764],[68.37236,23.85792],[68.37292,23.85792],[68.37292,23.85764],[68.37319,23.85764],[68.37319,23.85736],[68.37347,23.85736],[68.37347,23.85708],[68.37375,23.85708],[68.37375,23.85681],[68.37403,23.85681],[68.37403,23.85653],[68.37486,23.85653],[68.37486,23.85708],[68.37514,23.85708],[68.37514,23.85736],[68.37569,23.85736],[68.37569,23.85764],[68.37597,23.85764],[68.37597,23.85792],[68.37708,23.85792],[68.37708,23.85847],[68.37569,23.85847],[68.37569,23.85875],[68.37458,23.85875],[68.37458,23.85903],[68.37431,23.85903],[68.37431,23.85931],[68.37403,23.85931],[68.37403,23.85958],[68.37375,23.85957],[68.37375,23.86014],[68.37403,23.86014],[68.37403,23.86153],[68.37431,23.86153],[68.37431,23.86431],[68.37458,23.86431],[68.37458,23.86542],[68.37486,23.86542],[68.37486,23.86681],[68.37514,23.86681],[68.37514,23.86764],[68.37542,23.86764],[68.37542,23.86847],[68.37569,23.86847],[68.37569,23.86958],[68.37597,23.86958],[68.37597,23.87042],[68.37625,23.87042],[68.37625,23.87153],[68.37652,23.87153],[68.37652,23.87236],[68.37681,23.87236],[68.37681,23.87292],[68.37708,23.87292],[68.37708,23.87319],[68.37736,23.87319],[68.37736,23.87347],[68.37764,23.87347],[68.37764,23.87403],[68.37791,23.87403],[68.37791,23.87431],[68.37847,23.87431],[68.37847,23.87458],[68.37875,23.87458],[68.37875,23.87487],[68.38014,23.87487],[68.38014,23.87458],[68.38181,23.87458],[68.38181,23.87431],[68.38319,23.87431],[68.38319,23.87403],[68.38764,23.87403],[68.38764,23.87431],[68.38875,23.87431],[68.38875,23.87458],[68.38958,23.87458],[68.38958,23.87487],[68.39014,23.87487],[68.39014,23.87514],[68.39042,23.87514],[68.39042,23.87542],[68.39069,23.87542],[68.39069,23.87569],[68.39098,23.87569],[68.39098,23.87597],[68.39154,23.87597],[68.39154,23.87625],[68.39181,23.87625],[68.39181,23.87653],[68.39236,23.87653],[68.39236,23.87681],[68.39264,23.87681],[68.39264,23.87708],[68.3932,23.87708],[68.3932,23.87736],[68.39347,23.87736],[68.39347,23.87764],[68.39375,23.87764],[68.39375,23.87793],[68.39403,23.87792],[68.39403,23.8782],[68.39569,23.8782]]],[[[68.49653,23.83097],[68.49653,23.83069],[68.49792,23.83069],[68.49792,23.83042],[68.49931,23.83042],[68.49931,23.83014],[68.50014,23.83014],[68.50014,23.82986],[68.50097,23.82986],[68.50097,23.82957],[68.50181,23.82958],[68.50181,23.82931],[68.50264,23.82931],[68.50264,23.82903],[68.50347,23.82903],[68.50347,23.82875],[68.50403,23.82875],[68.50403,23.82847],[68.5043,23.82847],[68.5043,23.82819],[68.50486,23.82819],[68.50486,23.82792],[68.50514,23.82792],[68.50514,23.82764],[68.50542,23.82764],[68.50542,23.82736],[68.50569,23.82736],[68.50569,23.82708],[68.50625,23.82708],[68.50625,23.82681],[68.50708,23.82682],[68.50708,23.82653],[68.50736,23.82653],[68.50736,23.82625],[68.50792,23.82625],[68.50792,23.82597],[68.50819,23.82597],[68.50819,23.8257],[68.50847,23.8257],[68.50847,23.82486],[68.50875,23.82486],[68.50875,23.82431],[68.50903,23.82431],[68.50903,23.82375],[68.50931,23.82375],[68.50931,23.82347],[68.50958,23.82347],[68.50958,23.8232],[68.50987,23.8232],[68.50987,23.82292],[68.51041,23.82292],[68.51041,23.82264],[68.5107,23.82264],[68.5107,23.82236],[68.51125,23.82236],[68.51125,23.82208],[68.5118,23.82208],[68.5118,23.82153],[68.51236,23.82153],[68.51236,23.82125],[68.51264,23.82125],[68.51264,23.82097],[68.51292,23.82097],[68.51292,23.82069],[68.51319,23.82069],[68.51319,23.82014],[68.51347,23.82014],[68.51347,23.81986],[68.51375,23.81986],[68.51375,23.81931],[68.51403,23.81931],[68.51403,23.81903],[68.51431,23.81903],[68.51431,23.81847],[68.51514,23.81847],[68.51514,23.81875],[68.51569,23.81875],[68.51569,23.81903],[68.51736,23.81903],[68.51736,23.81875],[68.5182,23.81875],[68.5182,23.81847],[68.5193,23.81847],[68.5193,23.8182],[68.51958,23.8182],[68.51958,23.81792],[68.51986,23.81792],[68.51986,23.81597],[68.51958,23.81597],[68.51958,23.81458],[68.5193,23.81459],[68.5193,23.81375],[68.51903,23.81375],[68.51903,23.81097],[68.5193,23.81097],[68.5193,23.81042],[68.51958,23.81042],[68.51958,23.80986],[68.51986,23.80986],[68.51986,23.80903],[68.52014,23.80903],[68.52014,23.80792],[68.52042,23.80792],[68.52042,23.80736],[68.52069,23.80736],[68.52069,23.8068],[68.52097,23.8068],[68.52097,23.80625],[68.52125,23.80625],[68.52125,23.80597],[68.52153,23.80597],[68.52153,23.80569],[68.5218,23.80569],[68.5218,23.80514],[68.52209,23.80514],[68.52209,23.80486],[68.52236,23.80486],[68.52236,23.80431],[68.52264,23.80431],[68.52264,23.80375],[68.52292,23.80375],[68.52292,23.80236],[68.52264,23.80236],[68.52264,23.80208],[68.52236,23.80208],[68.52236,23.80181],[68.52209,23.80181],[68.52209,23.80153],[68.5218,23.80153],[68.5218,23.80069],[68.52042,23.80069],[68.52042,23.80042],[68.51986,23.80042],[68.51986,23.80014],[68.5193,23.80014],[68.5193,23.79986],[68.51903,23.79986],[68.51903,23.79958],[68.51875,23.79959],[68.51875,23.79903],[68.51847,23.79903],[68.51847,23.79875],[68.51791,23.79875],[68.51791,23.79847],[68.51764,23.79847],[68.51764,23.7982],[68.51736,23.7982],[68.51736,23.79792],[68.51708,23.79792],[68.51708,23.79764],[68.51681,23.79764],[68.51681,23.79681],[68.51625,23.79681],[68.51625,23.79652],[68.51598,23.79653],[68.51598,23.79597],[68.51542,23.79597],[68.51542,23.79569],[68.51514,23.79569],[68.51514,23.79514],[68.51487,23.79514],[68.51487,23.79458],[68.51458,23.79458],[68.51458,23.79403],[68.51431,23.79403],[68.51431,23.79346],[68.51403,23.79347],[68.51403,23.79319],[68.51375,23.79319],[68.51375,23.79264],[68.51347,23.79264],[68.51347,23.79208],[68.51319,23.79208],[68.51319,23.79097],[68.51292,23.79097],[68.51292,23.79042],[68.51264,23.79042],[68.51264,23.78958],[68.51236,23.78958],[68.51236,23.78875],[68.51153,23.78875],[68.51153,23.78903],[68.51041,23.78903],[68.51041,23.78931],[68.50987,23.78931],[68.50987,23.78958],[68.50902,23.78958],[68.50902,23.78986],[68.50847,23.78986],[68.50847,23.79014],[68.50792,23.79014],[68.50792,23.79042],[68.50764,23.79042],[68.50764,23.79071],[68.50736,23.7907],[68.50736,23.79097],[68.50708,23.79097],[68.50708,23.79125],[68.50681,23.79125],[68.50681,23.79181],[68.50653,23.79181],[68.50653,23.79208],[68.50597,23.79208],[68.50597,23.79236],[68.50568,23.79236],[68.50568,23.79264],[68.50514,23.79264],[68.50514,23.79292],[68.50486,23.79292],[68.50486,23.79319],[68.50458,23.79319],[68.50458,23.79347],[68.5043,23.79346],[68.5043,23.79375],[68.50403,23.79375],[68.50403,23.79403],[68.50264,23.79403],[68.50264,23.79431],[68.50153,23.79431],[68.50153,23.79458],[68.50014,23.79458],[68.50014,23.79486],[68.49875,23.79486],[68.49875,23.79458],[68.49847,23.79458],[68.49847,23.79375],[68.49875,23.79375],[68.49875,23.79346],[68.49958,23.79347],[68.49958,23.79319],[68.50097,23.79319],[68.50097,23.79292],[68.50208,23.79292],[68.50208,23.79264],[68.5032,23.79264],[68.5032,23.79236],[68.50347,23.79236],[68.50347,23.79208],[68.50375,23.79208],[68.50375,23.79181],[68.50403,23.79181],[68.50403,23.79153],[68.50459,23.79153],[68.50459,23.79125],[68.50514,23.79125],[68.50514,23.79097],[68.50542,23.79097],[68.50542,23.7907],[68.50568,23.79071],[68.50568,23.79042],[68.50597,23.79042],[68.50597,23.79014],[68.50625,23.79014],[68.50625,23.78958],[68.50653,23.78958],[68.50653,23.78931],[68.5068,23.78931],[68.5068,23.78903],[68.50736,23.78903],[68.50736,23.78875],[68.50792,23.78875],[68.50792,23.78847],[68.50847,23.78847],[68.50847,23.7882],[68.50931,23.7882],[68.50931,23.78792],[68.50986,23.78792],[68.50986,23.78765],[68.51097,23.78765],[68.51097,23.78736],[68.51264,23.78736],[68.51264,23.78653],[68.51292,23.78653],[68.51292,23.78486],[68.51319,23.78486],[68.51319,23.78375],[68.51403,23.78375],[68.51403,23.78319],[68.5143,23.78319],[68.5143,23.78208],[68.51458,23.78208],[68.51458,23.78153],[68.51486,23.78153],[68.51486,23.78125],[68.51514,23.78125],[68.51514,23.78042],[68.51542,23.78042],[68.51542,23.77986],[68.51569,23.77986],[68.51569,23.77931],[68.51598,23.77931],[68.51598,23.77903],[68.51625,23.77903],[68.51625,23.77875],[68.51653,23.77875],[68.51652,23.77847],[68.51681,23.77848],[68.51681,23.77819],[68.51736,23.77819],[68.51736,23.77764],[68.51791,23.77764],[68.51791,23.77736],[68.5182,23.77736],[68.5182,23.77708],[68.51903,23.77708],[68.51903,23.77681],[68.51986,23.77681],[68.51986,23.77653],[68.52068,23.77653],[68.52068,23.77625],[68.52097,23.77625],[68.52097,23.77597],[68.52125,23.77597],[68.52125,23.77569],[68.5218,23.77569],[68.5218,23.77542],[68.52236,23.77542],[68.52236,23.77514],[68.52209,23.77514],[68.52209,23.77069],[68.5218,23.7707],[68.5218,23.76958],[68.52153,23.76958],[68.52153,23.76875],[68.52125,23.76875],[68.52125,23.76792],[68.52097,23.76792],[68.52097,23.76708],[68.52069,23.76708],[68.52069,23.76597],[68.52042,23.76597],[68.52042,23.76514],[68.52014,23.76514],[68.52014,23.76431],[68.51986,23.76431],[68.51986,23.76348],[68.51958,23.76348],[68.51958,23.76264],[68.5193,23.76264],[68.5193,23.76181],[68.51903,23.7618],[68.51903,23.76097],[68.51875,23.76097],[68.51875,23.76042],[68.5182,23.76042],[68.5182,23.76014],[68.51791,23.76014],[68.51791,23.75958],[68.51764,23.75958],[68.51764,23.7568],[68.51736,23.75681],[68.51736,23.75597],[68.51708,23.75597],[68.51708,23.75514],[68.51681,23.75514],[68.51681,23.75458],[68.51652,23.75458],[68.51652,23.7543],[68.51625,23.75431],[68.51625,23.75403],[68.51598,23.75403],[68.51598,23.75347],[68.51569,23.75347],[68.51569,23.75319],[68.51542,23.75319],[68.51542,23.75292],[68.51514,23.75292],[68.51514,23.75264],[68.51486,23.75264],[68.51486,23.75236],[68.5143,23.75236],[68.5143,23.75208],[68.51292,23.75208],[68.51292,23.75181],[68.51264,23.75181],[68.51264,23.75154],[68.51208,23.75154],[68.51208,23.75125],[68.51181,23.75125],[68.51181,23.75097],[68.51014,23.75097],[68.51014,23.75125],[68.50903,23.75125],[68.50903,23.75154],[68.50847,23.75154],[68.50847,23.75181],[68.50819,23.75181],[68.50819,23.75208],[68.50764,23.75208],[68.50764,23.75236],[68.50736,23.75236],[68.50736,23.75264],[68.50708,23.75264],[68.50708,23.75292],[68.5068,23.75292],[68.5068,23.75319],[68.50625,23.75319],[68.50625,23.75347],[68.50597,23.75347],[68.50597,23.75375],[68.50568,23.75375],[68.50568,23.75403],[68.50542,23.75403],[68.50542,23.75431],[68.50486,23.7543],[68.50486,23.75458],[68.50458,23.75458],[68.50458,23.75486],[68.5043,23.75486],[68.5043,23.75514],[68.50347,23.75514],[68.50347,23.75542],[68.50264,23.75542],[68.50264,23.7557],[68.50208,23.75569],[68.50208,23.75597],[68.50125,23.75597],[68.50125,23.75625],[68.50042,23.75625],[68.50042,23.75653],[68.49958,23.75653],[68.49958,23.75681],[68.49847,23.7568],[68.49847,23.75709],[68.49764,23.75709],[68.49764,23.75736],[68.49653,23.75735],[68.49653,23.75764],[68.49514,23.75764],[68.49514,23.75792],[68.49403,23.75792],[68.49403,23.7582],[68.49319,23.7582],[68.49319,23.75847],[68.49236,23.75847],[68.49236,23.75875],[68.49097,23.75875],[68.49097,23.75903],[68.49042,23.75903],[68.49042,23.75931],[68.49013,23.75931],[68.49013,23.75958],[68.48959,23.75958],[68.48959,23.75903],[68.48986,23.75903],[68.48986,23.75847],[68.49042,23.75847],[68.49042,23.7582],[68.49097,23.7582],[68.49097,23.75792],[68.49181,23.75792],[68.49181,23.75764],[68.49236,23.75764],[68.49236,23.75735],[68.49319,23.75736],[68.49319,23.75709],[68.49431,23.75709],[68.49431,23.7568],[68.49514,23.75681],[68.49514,23.75653],[68.49624,23.75653],[68.49624,23.75625],[68.49709,23.75625],[68.49709,23.75597],[68.49819,23.75597],[68.49819,23.75569],[68.49903,23.7557],[68.49903,23.75542],[68.50014,23.75542],[68.50014,23.75514],[68.50097,23.75514],[68.50097,23.75486],[68.50153,23.75486],[68.50153,23.75458],[68.50236,23.75458],[68.50236,23.7543],[68.50291,23.75431],[68.50291,23.75403],[68.5032,23.75403],[68.5032,23.75375],[68.50375,23.75375],[68.50375,23.75347],[68.50403,23.75347],[68.50403,23.75319],[68.50458,23.75319],[68.50458,23.75292],[68.50486,23.75292],[68.50486,23.75264],[68.50514,23.75264],[68.50514,23.75236],[68.50542,23.75236],[68.50542,23.75181],[68.50568,23.75181],[68.50568,23.75154],[68.50597,23.75154],[68.50597,23.75125],[68.50625,23.75125],[68.50625,23.75069],[68.50653,23.75069],[68.50653,23.75014],[68.50681,23.75014],[68.50681,23.74958],[68.50708,23.74958],[68.50708,23.74903],[68.50736,23.74903],[68.50736,23.74847],[68.50708,23.74847],[68.50708,23.74764],[68.50681,23.74764],[68.50681,23.74708],[68.50653,23.74708],[68.50653,23.74681],[68.50597,23.74681],[68.50597,23.74653],[68.50568,23.74653],[68.50568,23.74625],[68.50542,23.74625],[68.50542,23.74597],[68.50486,23.74597],[68.50486,23.7457],[68.50459,23.7457],[68.50459,23.74541],[68.5043,23.74542],[68.5043,23.74514],[68.50375,23.74514],[68.50375,23.74486],[68.50347,23.74486],[68.50347,23.74458],[68.50291,23.74458],[68.50291,23.74431],[68.50264,23.74431],[68.50264,23.74403],[68.50208,23.74403],[68.50208,23.74375],[68.50181,23.74375],[68.50181,23.74347],[68.50125,23.74347],[68.50125,23.7432],[68.50069,23.7432],[68.50069,23.74292],[68.49987,23.74292],[68.49987,23.74264],[68.49958,23.74264],[68.49958,23.74237],[68.49931,23.74237],[68.49931,23.74208],[68.49903,23.74208],[68.49903,23.74181],[68.49875,23.74181],[68.49875,23.74125],[68.49847,23.74125],[68.49847,23.74097],[68.49819,23.74097],[68.49819,23.74069],[68.49792,23.74069],[68.49792,23.74042],[68.49764,23.74042],[68.49764,23.74014],[68.49736,23.74014],[68.49736,23.73986],[68.49709,23.73986],[68.49709,23.73958],[68.4968,23.73958],[68.4968,23.73931],[68.49653,23.73931],[68.49653,23.73903],[68.49624,23.73903],[68.49624,23.73875],[68.49597,23.73875],[68.49597,23.73847],[68.4957,23.73847],[68.4957,23.73819],[68.49542,23.73819],[68.49542,23.73792],[68.49514,23.73792],[68.49514,23.73764],[68.49486,23.73764],[68.49486,23.73736],[68.49153,23.73736],[68.49153,23.73764],[68.48959,23.73764],[68.48959,23.73736],[68.48875,23.73736],[68.48875,23.73708],[68.48764,23.73708],[68.48764,23.73903],[68.48791,23.73903],[68.48791,23.74069],[68.4882,23.74069],[68.4882,23.74125],[68.48847,23.74125],[68.48847,23.74237],[68.48875,23.74236],[68.48875,23.74597],[68.48847,23.74597],[68.48847,23.74653],[68.48793,23.74653],[68.48793,23.74681],[68.48764,23.74681],[68.48764,23.74764],[68.48791,23.74764],[68.48791,23.74819],[68.4882,23.74819],[68.4882,23.74847],[68.48791,23.74847],[68.48793,23.74875],[68.48764,23.74875],[68.48764,23.74931],[68.48736,23.74931],[68.48736,23.74958],[68.48708,23.74958],[68.48708,23.74986],[68.48681,23.74986],[68.48681,23.75014],[68.48653,23.75014],[68.48653,23.75042],[68.48597,23.75042],[68.48597,23.75069],[68.48569,23.75069],[68.48569,23.75097],[68.48542,23.75097],[68.48542,23.75125],[68.48514,23.75125],[68.48514,23.75154],[68.48458,23.75154],[68.48458,23.75181],[68.48431,23.75181],[68.48431,23.75208],[68.48375,23.75208],[68.48375,23.75236],[68.48347,23.75236],[68.48347,23.75264],[68.48125,23.75264],[68.48125,23.75292],[68.47652,23.75292],[68.47652,23.75319],[68.47569,23.75319],[68.47569,23.75347],[68.47459,23.75347],[68.47459,23.75375],[68.47403,23.75375],[68.47403,23.75403],[68.47347,23.75403],[68.47347,23.75431],[68.47292,23.7543],[68.47292,23.75458],[68.47236,23.75458],[68.47236,23.75486],[68.4718,23.75486],[68.4718,23.75514],[68.47153,23.75514],[68.47153,23.7557],[68.47125,23.75569],[68.47125,23.75597],[68.47097,23.75597],[68.47097,23.75625],[68.4707,23.75625],[68.4707,23.75681],[68.47041,23.7568],[68.47041,23.75709],[68.47014,23.75709],[68.47014,23.75736],[68.46985,23.75735],[68.46985,23.75792],[68.46958,23.75792],[68.46958,23.75847],[68.46931,23.75847],[68.46931,23.75903],[68.46903,23.75903],[68.46903,23.75958],[68.46875,23.75958],[68.46875,23.76014],[68.46847,23.76014],[68.46847,23.7607],[68.46819,23.76069],[68.46819,23.76125],[68.46792,23.76125],[68.46792,23.7618],[68.46763,23.76181],[68.46763,23.7632],[68.46709,23.7632],[68.46709,23.76375],[68.4668,23.76375],[68.4668,23.76458],[68.46653,23.76458],[68.46653,23.76542],[68.46625,23.76542],[68.46625,23.76625],[68.46597,23.76625],[68.46597,23.76681],[68.4657,23.76681],[68.46569,23.76764],[68.46542,23.76764],[68.46542,23.76847],[68.46569,23.76847],[68.46569,23.76875],[68.4657,23.76903],[68.46597,23.76903],[68.46597,23.76986],[68.46625,23.76986],[68.46625,23.77042],[68.46653,23.77042],[68.46653,23.77208],[68.4668,23.77208],[68.4668,23.77403],[68.46653,23.77403],[68.46653,23.77486],[68.46625,23.77486],[68.46625,23.77542],[68.46542,23.77542],[68.46542,23.77458],[68.4657,23.77458],[68.4657,23.77264],[68.46542,23.77264],[68.46542,23.77097],[68.46514,23.77097],[68.46514,23.77014],[68.46486,23.77014],[68.46486,23.76958],[68.46458,23.76958],[68.46458,23.76875],[68.4643,23.76875],[68.4643,23.76792],[68.46403,23.76792],[68.46403,23.76625],[68.4643,23.76625],[68.4643,23.76569],[68.46458,23.76569],[68.46458,23.76486],[68.46486,23.76486],[68.46486,23.76431],[68.46514,23.76431],[68.46514,23.76348],[68.46542,23.76348],[68.46542,23.76292],[68.4657,23.76292],[68.4657,23.76236],[68.46597,23.76236],[68.46597,23.76153],[68.46625,23.76153],[68.46625,23.76097],[68.46653,23.76097],[68.46653,23.76042],[68.4668,23.76042],[68.4668,23.75986],[68.46709,23.75986],[68.46709,23.75931],[68.46736,23.75931],[68.46736,23.75875],[68.46763,23.75875],[68.46763,23.75847],[68.46792,23.75847],[68.46792,23.75792],[68.46819,23.75792],[68.46819,23.75764],[68.46848,23.75764],[68.46848,23.75708],[68.46875,23.75709],[68.46875,23.7568],[68.46902,23.75681],[68.46902,23.75625],[68.46931,23.75625],[68.46931,23.7557],[68.46957,23.7557],[68.46957,23.75514],[68.46985,23.75514],[68.46985,23.75458],[68.47014,23.75458],[68.47014,23.75375],[68.47041,23.75375],[68.47041,23.75292],[68.4707,23.75292],[68.4707,23.75236],[68.47097,23.75236],[68.47097,23.75208],[68.47125,23.75208],[68.47125,23.75181],[68.47153,23.75181],[68.47153,23.75154],[68.4718,23.75154],[68.47181,23.75125],[68.47208,23.75125],[68.47208,23.75097],[68.47236,23.75097],[68.47236,23.75069],[68.47264,23.75069],[68.47264,23.75042],[68.47292,23.75042],[68.47292,23.75014],[68.47347,23.75014],[68.47347,23.74986],[68.47403,23.74986],[68.47403,23.74958],[68.47459,23.74958],[68.47459,23.74931],[68.47514,23.74931],[68.47514,23.74903],[68.4757,23.74903],[68.4757,23.74875],[68.47652,23.74875],[68.47652,23.74847],[68.47708,23.74847],[68.47708,23.74819],[68.47764,23.74819],[68.47764,23.74792],[68.47791,23.74792],[68.47791,23.74764],[68.47847,23.74764],[68.47847,23.74653],[68.47876,23.74653],[68.47876,23.74514],[68.47903,23.74514],[68.47903,23.7443],[68.47875,23.74431],[68.47875,23.74375],[68.47847,23.74375],[68.47847,23.74319],[68.47819,23.7432],[68.47819,23.74264],[68.47791,23.74264],[68.47791,23.74237],[68.47764,23.74237],[68.47764,23.74181],[68.47736,23.74181],[68.47736,23.74153],[68.47708,23.74153],[68.47708,23.74125],[68.47681,23.74125],[68.47681,23.74069],[68.47486,23.74069],[68.47486,23.74042],[68.47292,23.74042],[68.47292,23.74014],[68.47041,23.74014],[68.47041,23.74042],[68.46986,23.74042],[68.46986,23.74069],[68.46903,23.74069],[68.46903,23.74097],[68.46848,23.74097],[68.46848,23.74125],[68.46792,23.74125],[68.46792,23.74153],[68.46763,23.74153],[68.46763,23.74181],[68.46709,23.74181],[68.46709,23.74208],[68.4668,23.74208],[68.4668,23.74237],[68.46625,23.74237],[68.46625,23.74264],[68.46597,23.74264],[68.46597,23.74292],[68.46542,23.74292],[68.46542,23.7432],[68.46458,23.7432],[68.46458,23.74347],[68.45875,23.74347],[68.45875,23.7432],[68.45819,23.7432],[68.45819,23.74292],[68.4568,23.74292],[68.4568,23.74264],[68.45625,23.74264],[68.45625,23.74237],[68.45569,23.74237],[68.45569,23.74208],[68.45486,23.74208],[68.45486,23.74181],[68.45153,23.74181],[68.45153,23.74153],[68.45069,23.74153],[68.45069,23.74125],[68.44791,23.74125],[68.44791,23.74097],[68.44708,23.74097],[68.44708,23.74069],[68.44653,23.74069],[68.44653,23.74042],[68.44625,23.74042],[68.44625,23.74014],[68.44597,23.74014],[68.44597,23.73986],[68.44542,23.73986],[68.44542,23.73958],[68.44514,23.73958],[68.44514,23.73931],[68.44403,23.73931],[68.44403,23.73958],[68.44375,23.73958],[68.44375,23.73986],[68.44319,23.73986],[68.44319,23.74014],[68.44292,23.74014],[68.44292,23.74042],[68.4407,23.74042],[68.4407,23.74014],[68.44014,23.74014],[68.44014,23.73986],[68.43958,23.73986],[68.43958,23.73958],[68.43819,23.73958],[68.43819,23.73931],[68.43736,23.73931],[68.43736,23.73986],[68.43708,23.73986],[68.43708,23.74069],[68.43681,23.74069],[68.43681,23.74208],[68.43708,23.74208],[68.43708,23.7432],[68.43736,23.7432],[68.43736,23.74347],[68.43764,23.74347],[68.43764,23.74403],[68.43792,23.74403],[68.43792,23.74431],[68.43819,23.74431],[68.43819,23.74458],[68.43847,23.74458],[68.43847,23.74514],[68.43875,23.74514],[68.43875,23.74542],[68.43902,23.74541],[68.43902,23.7457],[68.43931,23.7457],[68.43931,23.74597],[68.43959,23.74597],[68.43959,23.74681],[68.43986,23.74681],[68.43986,23.74792],[68.44014,23.74792],[68.44014,23.74819],[68.44041,23.74819],[68.44041,23.74875],[68.4407,23.74875],[68.4407,23.74903],[68.44097,23.74903],[68.44097,23.74931],[68.44125,23.74931],[68.44125,23.74958],[68.44153,23.74958],[68.44153,23.75014],[68.4418,23.75014],[68.4418,23.75042],[68.44209,23.75042],[68.44209,23.75097],[68.44236,23.75097],[68.44236,23.75154],[68.44264,23.75153],[68.44264,23.75236],[68.44292,23.75236],[68.44292,23.75347],[68.44346,23.75347],[68.44346,23.75375],[68.44375,23.75375],[68.44375,23.75403],[68.44403,23.75403],[68.44403,23.75431],[68.44431,23.7543],[68.44431,23.75486],[68.44458,23.75486],[68.44458,23.75514],[68.44486,23.75514],[68.44486,23.75542],[68.44514,23.75542],[68.44514,23.7557],[68.44542,23.75569],[68.44542,23.75597],[68.44569,23.75597],[68.44569,23.75653],[68.44597,23.75653],[68.44597,23.75681],[68.44625,23.7568],[68.44625,23.75709],[68.44653,23.75709],[68.44653,23.75736],[68.44681,23.75735],[68.44681,23.75764],[68.44708,23.75764],[68.44708,23.7582],[68.44736,23.7582],[68.44736,23.75847],[68.44764,23.75847],[68.44764,23.75875],[68.44791,23.75875],[68.44791,23.75931],[68.4482,23.75931],[68.4482,23.76014],[68.44847,23.76014],[68.44847,23.76097],[68.44876,23.76097],[68.44876,23.76153],[68.44903,23.76153],[68.44903,23.76208],[68.4493,23.76208],[68.4493,23.76403],[68.44958,23.76403],[68.44958,23.76458],[68.44986,23.76458],[68.44986,23.76514],[68.45014,23.76514],[68.45014,23.76569],[68.45042,23.76569],[68.45042,23.76625],[68.45069,23.76625],[68.45069,23.76654],[68.45097,23.76653],[68.45097,23.76708],[68.45125,23.76708],[68.45125,23.76736],[68.45153,23.76736],[68.45153,23.76764],[68.4518,23.76764],[68.4518,23.76819],[68.45208,23.76819],[68.45208,23.76847],[68.45236,23.76847],[68.45236,23.76875],[68.45292,23.76875],[68.45292,23.76903],[68.45319,23.76903],[68.45319,23.76958],[68.45347,23.76958],[68.45347,23.77014],[68.45375,23.77014],[68.45375,23.77042],[68.45402,23.77042],[68.45402,23.7707],[68.45431,23.77069],[68.45431,23.77125],[68.45457,23.77125],[68.45457,23.77153],[68.45486,23.77153],[68.45486,23.77181],[68.45541,23.77181],[68.45541,23.77208],[68.45569,23.77208],[68.45569,23.77236],[68.45597,23.77235],[68.45597,23.7732],[68.45625,23.7732],[68.45625,23.77403],[68.45653,23.77403],[68.45653,23.77458],[68.45597,23.77458],[68.45597,23.77542],[68.45569,23.77542],[68.45569,23.77681],[68.45541,23.77681],[68.45541,23.77819],[68.45514,23.77819],[68.45514,23.78125],[68.45486,23.78125],[68.45486,23.78403],[68.45458,23.78403],[68.45458,23.78597],[68.45431,23.78597],[68.45431,23.78653],[68.45403,23.78653],[68.45403,23.78681],[68.45319,23.78681],[68.45319,23.78708],[68.45264,23.78708],[68.45264,23.78736],[68.45236,23.78736],[68.45236,23.7882],[68.45208,23.78819],[68.45208,23.78875],[68.45182,23.78875],[68.45182,23.78903],[68.45125,23.78903],[68.45125,23.78931],[68.45097,23.78931],[68.45097,23.78958],[68.45069,23.78958],[68.45069,23.78986],[68.45042,23.78986],[68.45042,23.79014],[68.45014,23.79014],[68.45014,23.79042],[68.44986,23.79042],[68.44986,23.79071],[68.44958,23.79071],[68.44958,23.79236],[68.4493,23.79236],[68.4493,23.79292],[68.44958,23.79292],[68.44958,23.79375],[68.44986,23.79375],[68.44986,23.79514],[68.45014,23.79514],[68.45014,23.79625],[68.44986,23.79625],[68.44986,23.79708],[68.45014,23.79708],[68.45014,23.79736],[68.44986,23.79736],[68.44986,23.79764],[68.45014,23.79764],[68.45014,23.7982],[68.44986,23.79819],[68.44986,23.79875],[68.44958,23.79875],[68.44958,23.79959],[68.44903,23.79958],[68.44903,23.80097],[68.44875,23.80097],[68.44875,23.80208],[68.44847,23.80208],[68.44847,23.80292],[68.4482,23.80292],[68.4482,23.80403],[68.44791,23.80403],[68.44791,23.80514],[68.44764,23.80514],[68.44764,23.80597],[68.44791,23.80597],[68.44791,23.80653],[68.4482,23.80653],[68.4482,23.8068],[68.44847,23.8068],[68.44847,23.80708],[68.44903,23.80708],[68.44903,23.80736],[68.4493,23.80736],[68.4493,23.80764],[68.44986,23.80764],[68.44986,23.80792],[68.45014,23.80792],[68.45014,23.8082],[68.45097,23.80819],[68.45097,23.80847],[68.45208,23.80846],[68.45208,23.80875],[68.45292,23.80875],[68.45292,23.80903],[68.45375,23.80903],[68.45375,23.80875],[68.45403,23.80875],[68.45402,23.80847],[68.45431,23.80847],[68.45431,23.80764],[68.45457,23.80764],[68.45457,23.80736],[68.45486,23.80736],[68.45486,23.80708],[68.45514,23.80708],[68.45514,23.80736],[68.45541,23.80736],[68.45541,23.80792],[68.45514,23.80792],[68.45514,23.80847],[68.45486,23.80846],[68.45486,23.80903],[68.45458,23.80903],[68.45458,23.80959],[68.45431,23.80959],[68.45431,23.81347],[68.45457,23.81347],[68.45457,23.81403],[68.45486,23.81403],[68.45486,23.81459],[68.45514,23.81459],[68.45514,23.81514],[68.45541,23.81514],[68.45541,23.81542],[68.45569,23.81542],[68.45569,23.8157],[68.45597,23.8157],[68.45597,23.81597],[68.45625,23.81597],[68.45625,23.81625],[68.4568,23.81625],[68.4568,23.81653],[68.45708,23.81653],[68.45708,23.81681],[68.45736,23.81681],[68.45736,23.81708],[68.45764,23.81708],[68.45764,23.81736],[68.45819,23.81736],[68.45819,23.81765],[68.45903,23.81765],[68.45903,23.81792],[68.45959,23.81792],[68.45959,23.8182],[68.46014,23.8182],[68.46014,23.81847],[68.46098,23.81847],[68.46098,23.81875],[68.46153,23.81875],[68.46153,23.81903],[68.46291,23.81903],[68.46291,23.81931],[68.4643,23.81931],[68.4643,23.81958],[68.4707,23.81958],[68.4707,23.81986],[68.47208,23.81986],[68.47208,23.82014],[68.4732,23.82014],[68.4732,23.82042],[68.47403,23.82042],[68.47403,23.82069],[68.47514,23.82069],[68.47514,23.82097],[68.47569,23.82097],[68.47569,23.82125],[68.47652,23.82125],[68.47652,23.82153],[68.47708,23.82153],[68.47708,23.82181],[68.47764,23.82181],[68.47764,23.82208],[68.47819,23.82208],[68.47819,23.82236],[68.47875,23.82236],[68.47875,23.82264],[68.47931,23.82264],[68.47931,23.82292],[68.47958,23.82292],[68.47958,23.8232],[68.48014,23.8232],[68.48014,23.82347],[68.4807,23.82347],[68.4807,23.82375],[68.48097,23.82375],[68.48097,23.82403],[68.48125,23.82403],[68.48125,23.82431],[68.48153,23.82431],[68.48153,23.82458],[68.48208,23.82458],[68.48208,23.82486],[68.48236,23.82486],[68.48236,23.82514],[68.48264,23.82514],[68.48264,23.82542],[68.48292,23.82542],[68.48292,23.8257],[68.48319,23.8257],[68.48319,23.82597],[68.48347,23.82597],[68.48347,23.82625],[68.48375,23.82625],[68.48375,23.82653],[68.48431,23.82653],[68.48431,23.82682],[68.48458,23.82681],[68.48458,23.82708],[68.48486,23.82708],[68.48486,23.82736],[68.48514,23.82736],[68.48514,23.82764],[68.48542,23.82764],[68.48542,23.82792],[68.48597,23.82792],[68.48597,23.82819],[68.48625,23.82819],[68.48625,23.82847],[68.48681,23.82847],[68.48681,23.82875],[68.48708,23.82875],[68.48708,23.82903],[68.48764,23.82903],[68.48764,23.82931],[68.4882,23.82931],[68.4882,23.82958],[68.48875,23.82957],[68.48875,23.82986],[68.4893,23.82986],[68.4893,23.83014],[68.48986,23.83014],[68.48986,23.83042],[68.49347,23.83042],[68.49347,23.83069],[68.49458,23.83069],[68.49458,23.83097],[68.49653,23.83097]]],[[[68.4493,23.93847],[68.4493,23.93819],[68.45069,23.93819],[68.45069,23.93792],[68.45097,23.93792],[68.45097,23.93764],[68.45153,23.93764],[68.45153,23.93736],[68.45182,23.93736],[68.4518,23.93708],[68.45236,23.93708],[68.45236,23.93681],[68.45292,23.93681],[68.45292,23.93653],[68.45319,23.93653],[68.45319,23.93625],[68.45347,23.93625],[68.45347,23.93597],[68.45375,23.93597],[68.45375,23.93569],[68.45431,23.93569],[68.45431,23.93542],[68.45457,23.93542],[68.45457,23.93514],[68.45486,23.93514],[68.45486,23.93486],[68.45514,23.93486],[68.45514,23.93458],[68.45569,23.93458],[68.45569,23.93431],[68.45597,23.93431],[68.45597,23.93347],[68.45653,23.93347],[68.45653,23.93292],[68.4568,23.93292],[68.4568,23.93236],[68.45708,23.93236],[68.45708,23.93181],[68.45736,23.93181],[68.45736,23.93153],[68.45819,23.93153],[68.45819,23.93125],[68.45875,23.93125],[68.45875,23.93069],[68.45847,23.9307],[68.45847,23.93042],[68.45736,23.93042],[68.45736,23.93014],[68.45625,23.93014],[68.45625,23.92986],[68.45569,23.92986],[68.45569,23.92958],[68.45486,23.92958],[68.45486,23.92931],[68.45457,23.92931],[68.45457,23.92875],[68.45431,23.92875],[68.45431,23.92792],[68.45403,23.92792],[68.45403,23.92681],[68.45375,23.92681],[68.45375,23.92569],[68.45347,23.92569],[68.45347,23.92458],[68.45319,23.92458],[68.45319,23.92403],[68.45292,23.92403],[68.45292,23.92319],[68.45264,23.9232],[68.45264,23.92292],[68.45236,23.92292],[68.45236,23.92264],[68.45208,23.92264],[68.45208,23.92236],[68.4518,23.92236],[68.4518,23.92208],[68.45153,23.92208],[68.45153,23.92181],[68.45125,23.92181],[68.45125,23.92153],[68.45097,23.92153],[68.45097,23.92125],[68.45042,23.92125],[68.45042,23.92097],[68.44958,23.92097],[68.44958,23.9207],[68.4493,23.9207],[68.4493,23.92042],[68.4482,23.92042],[68.4482,23.92014],[68.44764,23.92014],[68.44764,23.91985],[68.44458,23.91986],[68.44458,23.91959],[68.44431,23.91958],[68.44431,23.91931],[68.44403,23.91931],[68.44403,23.91903],[68.44431,23.91903],[68.44431,23.91875],[68.44458,23.91875],[68.44458,23.91819],[68.44486,23.91819],[68.44486,23.91792],[68.44458,23.91792],[68.44458,23.91736],[68.44514,23.91736],[68.44514,23.91764],[68.44542,23.91764],[68.44542,23.91792],[68.44597,23.91792],[68.44597,23.91819],[68.44653,23.91819],[68.44653,23.91847],[68.44708,23.91847],[68.44708,23.91875],[68.44736,23.91875],[68.44736,23.91903],[68.44791,23.91903],[68.44791,23.91931],[68.44875,23.91931],[68.44875,23.91959],[68.44903,23.91959],[68.44903,23.91931],[68.4493,23.91931],[68.4493,23.91875],[68.44958,23.91875],[68.44958,23.91847],[68.44986,23.91847],[68.44986,23.91819],[68.45014,23.91819],[68.45014,23.91764],[68.45042,23.91764],[68.45042,23.91736],[68.45097,23.91736],[68.45097,23.91708],[68.45125,23.91709],[68.45125,23.91653],[68.45153,23.91653],[68.45153,23.91597],[68.4518,23.91597],[68.4518,23.91486],[68.45153,23.91486],[68.45153,23.9143],[68.45097,23.9143],[68.45097,23.91458],[68.45069,23.91458],[68.45069,23.91486],[68.45042,23.91486],[68.45042,23.91542],[68.4493,23.91542],[68.4493,23.91514],[68.4482,23.91514],[68.4482,23.91458],[68.44764,23.91458],[68.44764,23.91486],[68.44736,23.91486],[68.44736,23.91542],[68.44708,23.91542],[68.44708,23.9157],[68.44625,23.9157],[68.44625,23.91542],[68.44597,23.91542],[68.44597,23.91458],[68.44625,23.91458],[68.44625,23.91403],[68.44569,23.91404],[68.44569,23.91375],[68.44542,23.91375],[68.44542,23.91347],[68.44486,23.91347],[68.44486,23.91319],[68.44431,23.91319],[68.44431,23.91264],[68.44486,23.91264],[68.44486,23.91292],[68.44597,23.91292],[68.44597,23.91319],[68.44681,23.91319],[68.44681,23.91347],[68.4493,23.91347],[68.4493,23.91375],[68.45125,23.91375],[68.45125,23.91347],[68.45153,23.91347],[68.45153,23.91292],[68.45182,23.91292],[68.45182,23.91125],[68.45153,23.91125],[68.45153,23.90903],[68.45125,23.90903],[68.45125,23.90791],[68.45097,23.90792],[68.45097,23.90681],[68.45069,23.90681],[68.45069,23.9057],[68.45042,23.9057],[68.45042,23.90542],[68.44958,23.90542],[68.44958,23.9057],[68.44708,23.9057],[68.44708,23.90625],[68.44681,23.90625],[68.44681,23.90653],[68.44653,23.90653],[68.44653,23.90681],[68.44597,23.90681],[68.44597,23.90764],[68.44569,23.90764],[68.44569,23.90792],[68.44542,23.90792],[68.44542,23.90764],[68.44514,23.90764],[68.44514,23.90708],[68.44486,23.90708],[68.44486,23.90736],[68.44458,23.90736],[68.44458,23.90764],[68.44431,23.90764],[68.44431,23.90792],[68.44458,23.90792],[68.44458,23.90819],[68.44486,23.90819],[68.44486,23.90875],[68.44458,23.90875],[68.44458,23.90903],[68.44431,23.90903],[68.44431,23.90931],[68.44319,23.90931],[68.44319,23.90903],[68.44292,23.90903],[68.44292,23.90819],[68.44319,23.90819],[68.44319,23.90792],[68.44347,23.90792],[68.44347,23.90764],[68.44375,23.90764],[68.44375,23.90708],[68.44403,23.90708],[68.44403,23.90681],[68.44431,23.90681],[68.44431,23.90597],[68.44458,23.90597],[68.44458,23.9057],[68.44514,23.9057],[68.44514,23.90542],[68.44597,23.90542],[68.44597,23.90514],[68.44681,23.90514],[68.44681,23.90485],[68.44958,23.90486],[68.44958,23.90458],[68.45042,23.90458],[68.45042,23.90375],[68.45069,23.90375],[68.45069,23.90208],[68.45097,23.90208],[68.45097,23.90014],[68.44903,23.90014],[68.44903,23.89903],[68.44876,23.89903],[68.44876,23.89847],[68.44847,23.89847],[68.44847,23.8982],[68.4482,23.8982],[68.4482,23.89847],[68.44791,23.89847],[68.44791,23.89875],[68.44764,23.89875],[68.44764,23.89903],[68.44681,23.89903],[68.44681,23.89875],[68.44708,23.89875],[68.44708,23.8982],[68.44736,23.8982],[68.44736,23.89792],[68.44764,23.89792],[68.44764,23.89764],[68.4482,23.89764],[68.4482,23.89708],[68.44847,23.89708],[68.44847,23.89292],[68.44875,23.89292],[68.44875,23.89209],[68.44903,23.89209],[68.44903,23.89181],[68.44876,23.89181],[68.44876,23.89153],[68.44903,23.89153],[68.44903,23.89125],[68.4493,23.89125],[68.4493,23.89042],[68.44958,23.89042],[68.44958,23.88987],[68.44986,23.88987],[68.44986,23.88792],[68.45014,23.88792],[68.45014,23.88736],[68.45042,23.88736],[68.45042,23.88681],[68.45069,23.88681],[68.45069,23.88625],[68.45097,23.88625],[68.45097,23.88514],[68.45125,23.88514],[68.45125,23.88431],[68.45153,23.88431],[68.45153,23.88374],[68.4518,23.88375],[68.4518,23.88292],[68.45208,23.88292],[68.45208,23.88181],[68.45182,23.88181],[68.45182,23.88153],[68.45153,23.88153],[68.45153,23.88125],[68.45097,23.88125],[68.45097,23.88097],[68.45014,23.88097],[68.45014,23.8807],[68.44986,23.8807],[68.44986,23.88042],[68.44958,23.88042],[68.44958,23.88014],[68.4493,23.88014],[68.4493,23.87986],[68.44903,23.87986],[68.44903,23.87958],[68.44736,23.87958],[68.44736,23.87931],[68.44625,23.87931],[68.44625,23.87903],[68.44569,23.87903],[68.44569,23.87875],[68.44542,23.87875],[68.44542,23.87847],[68.44486,23.87847],[68.44486,23.8782],[68.44431,23.8782],[68.44431,23.87847],[68.44375,23.87847],[68.44375,23.87792],[68.44346,23.87793],[68.44346,23.87764],[68.44375,23.87764],[68.44375,23.87681],[68.44346,23.87681],[68.44346,23.87653],[68.44319,23.87653],[68.44319,23.87569],[68.44292,23.87569],[68.44292,23.87514],[68.44263,23.87514],[68.44263,23.87487],[68.44209,23.87487],[68.44209,23.87431],[68.44236,23.87431],[68.44236,23.87403],[68.44209,23.87403],[68.44209,23.87125],[68.44236,23.87125],[68.44236,23.8707],[68.44209,23.8707],[68.44209,23.87042],[68.44124,23.87042],[68.44124,23.87014],[68.4407,23.87014],[68.4407,23.86986],[68.44014,23.86986],[68.44014,23.86958],[68.43931,23.86958],[68.43931,23.86931],[68.43875,23.86931],[68.43875,23.86903],[68.43792,23.86903],[68.43792,23.86874],[68.43736,23.86875],[68.43736,23.86847],[68.43653,23.86847],[68.43653,23.8682],[68.43597,23.8682],[68.43597,23.86792],[68.43514,23.86792],[68.43514,23.86764],[68.4343,23.86764],[68.4343,23.86736],[68.43375,23.86736],[68.43375,23.86708],[68.43291,23.86708],[68.43291,23.86681],[68.43153,23.86681],[68.43153,23.86653],[68.43014,23.86653],[68.43014,23.86625],[68.42903,23.86625],[68.42903,23.86597],[68.42875,23.86597],[68.42875,23.8657],[68.42819,23.8657],[68.42819,23.86542],[68.42792,23.86542],[68.42792,23.86514],[68.42736,23.86514],[68.42736,23.86486],[68.42708,23.86486],[68.42708,23.86458],[68.42597,23.86458],[68.42597,23.86486],[68.4257,23.86486],[68.4257,23.86514],[68.42597,23.86514],[68.42597,23.86542],[68.4257,23.86542],[68.4257,23.86597],[68.42542,23.86597],[68.42542,23.86625],[68.42514,23.86625],[68.42514,23.86681],[68.42486,23.86681],[68.42486,23.86708],[68.42458,23.86708],[68.42459,23.86736],[68.42431,23.86736],[68.42431,23.86764],[68.42403,23.86764],[68.42403,23.86792],[68.42375,23.86792],[68.42375,23.8682],[68.42347,23.8682],[68.42347,23.86847],[68.42319,23.86847],[68.42319,23.86875],[68.42292,23.86874],[68.42292,23.86903],[68.42236,23.86903],[68.42236,23.86931],[68.42208,23.86931],[68.42208,23.86958],[68.42152,23.86958],[68.42152,23.86986],[68.42125,23.86986],[68.42125,23.87014],[68.42069,23.87014],[68.42069,23.87042],[68.42014,23.87042],[68.42014,23.8707],[68.41986,23.8707],[68.41986,23.87097],[68.41959,23.87097],[68.41959,23.87208],[68.4193,23.87208],[68.4193,23.87236],[68.41959,23.87236],[68.41959,23.87264],[68.41986,23.87264],[68.41986,23.87292],[68.42014,23.87292],[68.42014,23.87347],[68.42042,23.87347],[68.42042,23.87458],[68.42069,23.87458],[68.42069,23.87708],[68.42042,23.87708],[68.42042,23.87736],[68.42014,23.87736],[68.42014,23.87764],[68.41986,23.87764],[68.41986,23.87793],[68.41959,23.87792],[68.41959,23.8782],[68.4193,23.8782],[68.4193,23.87847],[68.41903,23.87847],[68.41903,23.87875],[68.41875,23.87875],[68.41875,23.87903],[68.41847,23.87903],[68.41847,23.87931],[68.4182,23.87931],[68.4182,23.87958],[68.41792,23.87958],[68.41792,23.87986],[68.41764,23.87986],[68.41764,23.88014],[68.41736,23.88014],[68.41736,23.88042],[68.41707,23.88042],[68.41707,23.8807],[68.41681,23.8807],[68.41681,23.88097],[68.41653,23.88097],[68.41653,23.88125],[68.41571,23.88125],[68.41571,23.88153],[68.41514,23.88153],[68.41514,23.88181],[68.41431,23.88181],[68.41431,23.88208],[68.41375,23.88208],[68.41375,23.88236],[68.41348,23.88236],[68.41348,23.88264],[68.41319,23.88264],[68.41319,23.88292],[68.41292,23.88292],[68.41292,23.88319],[68.41263,23.88319],[68.41263,23.88347],[68.41236,23.88347],[68.41236,23.88375],[68.41209,23.88374],[68.41209,23.88403],[68.4118,23.88403],[68.4118,23.88431],[68.41125,23.88431],[68.41125,23.88458],[68.41097,23.88458],[68.41097,23.88486],[68.4107,23.88486],[68.4107,23.88542],[68.41097,23.88542],[68.41097,23.88597],[68.41125,23.88597],[68.41125,23.88625],[68.4118,23.88625],[68.4118,23.88653],[68.41236,23.88653],[68.41236,23.88681],[68.41292,23.88681],[68.41292,23.88708],[68.41347,23.88708],[68.41347,23.88736],[68.41375,23.88736],[68.41375,23.88764],[68.41402,23.88764],[68.41402,23.8882],[68.41431,23.88819],[68.41431,23.88847],[68.41485,23.88847],[68.41485,23.88875],[68.41514,23.88875],[68.41514,23.88903],[68.41541,23.88903],[68.41541,23.88958],[68.41571,23.88958],[68.41571,23.88987],[68.41597,23.88987],[68.41597,23.89014],[68.41681,23.89014],[68.41681,23.89042],[68.41708,23.89042],[68.41708,23.89069],[68.41764,23.89069],[68.41764,23.89097],[68.41792,23.89097],[68.41792,23.89125],[68.4182,23.89125],[68.4182,23.89153],[68.41846,23.89153],[68.41846,23.89181],[68.41875,23.89181],[68.41875,23.89209],[68.41986,23.89208],[68.41986,23.89236],[68.42069,23.89236],[68.42069,23.89264],[68.42152,23.89264],[68.42152,23.89292],[68.42236,23.89292],[68.42236,23.8932],[68.42292,23.8932],[68.42292,23.89347],[68.42542,23.89347],[68.42542,23.89375],[68.4268,23.89375],[68.4268,23.89403],[68.42765,23.89403],[68.42765,23.89431],[68.42847,23.89431],[68.42847,23.89458],[68.42903,23.89458],[68.42903,23.89486],[68.4293,23.89486],[68.4293,23.89597],[68.42903,23.89597],[68.42903,23.89625],[68.42819,23.89625],[68.42819,23.89597],[68.42792,23.89597],[68.42792,23.8957],[68.4268,23.8957],[68.4268,23.89542],[68.42625,23.89542],[68.42625,23.89514],[68.42458,23.89514],[68.42458,23.89486],[68.42236,23.89486],[68.42236,23.89458],[68.42181,23.89458],[68.42181,23.89431],[68.42097,23.89431],[68.42097,23.89403],[68.42014,23.89403],[68.42014,23.89375],[68.4193,23.89375],[68.4193,23.89347],[68.4182,23.89347],[68.4182,23.8932],[68.41792,23.8932],[68.41792,23.89292],[68.41764,23.89292],[68.41764,23.89264],[68.41736,23.89264],[68.41736,23.89236],[68.41707,23.89236],[68.41707,23.89208],[68.41653,23.89209],[68.41653,23.89181],[68.41625,23.89181],[68.41625,23.89153],[68.41542,23.89153],[68.41542,23.89125],[68.41485,23.89125],[68.41485,23.89097],[68.41458,23.89097],[68.41458,23.89042],[68.41431,23.89042],[68.41431,23.89014],[68.41402,23.89014],[68.41402,23.88987],[68.41375,23.88987],[68.41375,23.88958],[68.41347,23.88958],[68.41347,23.8893],[68.41319,23.88931],[68.41319,23.88903],[68.41292,23.88903],[68.41292,23.88875],[68.41263,23.88875],[68.41263,23.88847],[68.41236,23.88847],[68.41236,23.88819],[68.4118,23.8882],[68.4118,23.88792],[68.41125,23.88792],[68.41125,23.88764],[68.4107,23.88764],[68.4107,23.88736],[68.41042,23.88736],[68.41042,23.88708],[68.41014,23.88708],[68.41014,23.88681],[68.40986,23.88681],[68.40986,23.88653],[68.40958,23.88653],[68.40958,23.88625],[68.40931,23.88625],[68.40929,23.88569],[68.40903,23.88569],[68.40903,23.88542],[68.40875,23.88542],[68.40875,23.88514],[68.40847,23.88514],[68.40847,23.88403],[68.40875,23.88403],[68.40875,23.88347],[68.40903,23.88347],[68.40903,23.88319],[68.4093,23.88319],[68.40931,23.88292],[68.40958,23.88292],[68.40958,23.88264],[68.41042,23.88264],[68.41042,23.88236],[68.41125,23.88236],[68.41125,23.88208],[68.41209,23.88208],[68.41209,23.88181],[68.41236,23.88181],[68.41236,23.88153],[68.41292,23.88153],[68.41292,23.88125],[68.41319,23.88125],[68.41319,23.88097],[68.41347,23.88097],[68.41347,23.8807],[68.41402,23.8807],[68.41402,23.88042],[68.41431,23.88042],[68.41431,23.88014],[68.41458,23.88014],[68.41458,23.87986],[68.41486,23.87986],[68.41486,23.87958],[68.41541,23.87958],[68.41541,23.87931],[68.4157,23.87931],[68.4157,23.87903],[68.41597,23.87903],[68.41597,23.87875],[68.41625,23.87875],[68.41625,23.87847],[68.41653,23.87847],[68.41653,23.8782],[68.41681,23.8782],[68.41681,23.87764],[68.41707,23.87764],[68.41707,23.87736],[68.41736,23.87736],[68.41736,23.87708],[68.41764,23.87708],[68.41764,23.87681],[68.41792,23.87681],[68.41792,23.87625],[68.4182,23.87625],[68.4182,23.87514],[68.41792,23.87514],[68.41792,23.87431],[68.41764,23.87431],[68.41764,23.87375],[68.41736,23.87375],[68.41736,23.87292],[68.41707,23.87292],[68.41707,23.87236],[68.41514,23.87236],[68.41514,23.87264],[68.41431,23.87264],[68.41431,23.87292],[68.41097,23.87292],[68.41097,23.87319],[68.41014,23.87319],[68.41014,23.87347],[68.40929,23.87347],[68.40929,23.87375],[68.40847,23.87375],[68.40847,23.87403],[68.4082,23.87403],[68.4082,23.87431],[68.40764,23.87431],[68.40764,23.87458],[68.40681,23.87458],[68.40681,23.87487],[68.40652,23.87487],[68.40652,23.87514],[68.40598,23.87514],[68.40598,23.87542],[68.40542,23.87542],[68.40542,23.87569],[68.40486,23.87569],[68.40486,23.87597],[68.40403,23.87597],[68.40403,23.87625],[68.4032,23.87625],[68.40319,23.87653],[68.40236,23.87653],[68.40236,23.87681],[68.40208,23.87681],[68.40208,23.87708],[68.40153,23.87708],[68.40153,23.87736],[68.40069,23.87736],[68.40071,23.87764],[68.40014,23.87764],[68.40014,23.87793],[68.39958,23.87792],[68.39958,23.8782],[68.39847,23.8782],[68.39847,23.87847],[68.39764,23.87847],[68.39764,23.87875],[68.39709,23.87875],[68.39709,23.87903],[68.39653,23.87903],[68.39653,23.87931],[68.39569,23.87931],[68.39569,23.87958],[68.39375,23.87958],[68.39375,23.88014],[68.39347,23.88014],[68.39347,23.88042],[68.39264,23.88042],[68.39264,23.88014],[68.39236,23.88014],[68.39236,23.87958],[68.39208,23.87958],[68.39208,23.87903],[68.39125,23.87903],[68.39125,23.87875],[68.39098,23.87875],[68.39098,23.87847],[68.39069,23.87847],[68.39069,23.87736],[68.39042,23.87736],[68.39042,23.87708],[68.38986,23.87708],[68.38986,23.87681],[68.38958,23.87681],[68.38958,23.87653],[68.38903,23.87653],[68.38903,23.87625],[68.38848,23.87625],[68.38848,23.87597],[68.38625,23.87597],[68.38625,23.87625],[68.37847,23.87625],[68.37847,23.87653],[68.37736,23.87653],[68.37736,23.87625],[68.37708,23.87625],[68.37708,23.87597],[68.37681,23.87597],[68.37681,23.87569],[68.37625,23.87569],[68.37625,23.87542],[68.37597,23.87542],[68.37597,23.87514],[68.37569,23.87514],[68.37569,23.87458],[68.37542,23.87458],[68.37542,23.87403],[68.37514,23.87403],[68.37514,23.87347],[68.37486,23.87347],[68.37486,23.87292],[68.37458,23.87292],[68.37458,23.87236],[68.3743,23.87236],[68.3743,23.87181],[68.37403,23.87181],[68.37403,23.87097],[68.37375,23.87097],[68.37375,23.87014],[68.37347,23.87014],[68.37347,23.86958],[68.37319,23.86958],[68.37319,23.86875],[68.37292,23.86875],[68.37292,23.86597],[68.37264,23.86597],[68.37264,23.86153],[68.37236,23.86153],[68.37236,23.85957],[68.37208,23.85958],[68.37208,23.85931],[68.3718,23.85931],[68.3718,23.85903],[68.37153,23.85903],[68.37153,23.85875],[68.37125,23.85875],[68.37125,23.85847],[68.3707,23.85847],[68.3707,23.85819],[68.37041,23.85819],[68.37041,23.85792],[68.37014,23.85792],[68.37014,23.85764],[68.36958,23.85764],[68.36958,23.85736],[68.36931,23.85736],[68.36931,23.85708],[68.36875,23.85708],[68.36875,23.85681],[68.36847,23.85681],[68.36847,23.85653],[68.36792,23.85653],[68.36792,23.85625],[68.36708,23.85625],[68.36708,23.85597],[68.36653,23.85597],[68.36653,23.85569],[68.36597,23.85569],[68.36597,23.85542],[68.36514,23.85542],[68.36514,23.85514],[68.36431,23.85514],[68.36431,23.85486],[68.36375,23.85486],[68.36375,23.85458],[68.36347,23.85458],[68.36347,23.85431],[68.36292,23.85431],[68.36292,23.85403],[68.36236,23.85403],[68.36236,23.85376],[68.36181,23.85376],[68.36181,23.85347],[68.36125,23.85347],[68.36125,23.8532],[68.36069,23.8532],[68.36069,23.85292],[68.36042,23.85292],[68.36042,23.85264],[68.35986,23.85264],[68.35986,23.85236],[68.35931,23.85236],[68.35931,23.85208],[68.35875,23.85208],[68.35875,23.85181],[68.35819,23.85181],[68.35819,23.85153],[68.35792,23.85153],[68.35792,23.85125],[68.35736,23.85125],[68.35736,23.85097],[68.35709,23.85097],[68.35709,23.8507],[68.35653,23.8507],[68.35653,23.85014],[68.35625,23.85014],[68.35625,23.84986],[68.35597,23.84986],[68.35597,23.84958],[68.3557,23.84958],[68.3557,23.84931],[68.35541,23.84931],[68.35541,23.84903],[68.35514,23.84903],[68.35514,23.84847],[68.35486,23.84847],[68.35486,23.84792],[68.35458,23.84792],[68.35458,23.84763],[68.35431,23.84764],[68.35431,23.84736],[68.35375,23.84736],[68.35375,23.84681],[68.35347,23.84681],[68.35347,23.84625],[68.35291,23.84625],[68.35291,23.84597],[68.35236,23.84597],[68.35236,23.84569],[68.35069,23.84569],[68.35069,23.84597],[68.35014,23.84597],[68.35014,23.84625],[68.34986,23.84625],[68.34986,23.84736],[68.35014,23.84736],[68.35014,23.84819],[68.35042,23.84819],[68.35042,23.84847],[68.35069,23.84847],[68.35069,23.84875],[68.35098,23.84875],[68.35098,23.85042],[68.35125,23.85042],[68.35125,23.85097],[68.35152,23.85097],[68.35152,23.85181],[68.35181,23.8518],[68.35181,23.85292],[68.35208,23.85292],[68.35208,23.85347],[68.35237,23.85347],[68.35237,23.85376],[68.35264,23.85376],[68.35264,23.85403],[68.35291,23.85403],[68.35291,23.85431],[68.3532,23.85431],[68.3532,23.85486],[68.35347,23.85486],[68.35347,23.85542],[68.35375,23.85542],[68.35375,23.85597],[68.35403,23.85597],[68.35403,23.85653],[68.35431,23.85653],[68.35431,23.85708],[68.35458,23.85708],[68.35458,23.85764],[68.35486,23.85764],[68.35486,23.85847],[68.35514,23.85847],[68.35514,23.85931],[68.35541,23.85931],[68.35541,23.85986],[68.3557,23.85986],[68.3557,23.86097],[68.35597,23.86097],[68.35597,23.86208],[68.35625,23.86208],[68.35625,23.86319],[68.35653,23.8632],[68.35653,23.8657],[68.3568,23.8657],[68.3568,23.87208],[68.35653,23.87208],[68.35653,23.87431],[68.35625,23.87431],[68.35625,23.87625],[68.35597,23.87625],[68.35597,23.87736],[68.3557,23.87736],[68.3557,23.87847],[68.35541,23.87847],[68.35541,23.87931],[68.35514,23.87931],[68.35514,23.87986],[68.35486,23.87986],[68.35486,23.88042],[68.35458,23.88042],[68.35458,23.88208],[68.35486,23.88208],[68.35486,23.88264],[68.35514,23.88264],[68.35514,23.88319],[68.35541,23.88319],[68.35541,23.88347],[68.3557,23.88347],[68.3557,23.88375],[68.35597,23.88374],[68.35597,23.88403],[68.35625,23.88403],[68.35625,23.88431],[68.35653,23.88431],[68.35653,23.88514],[68.35625,23.88514],[68.35625,23.88597],[68.35597,23.88597],[68.35597,23.88708],[68.3557,23.88708],[68.3557,23.88736],[68.35541,23.88736],[68.35541,23.88764],[68.35514,23.88764],[68.35514,23.88792],[68.35541,23.88792],[68.35541,23.88847],[68.3557,23.88847],[68.3557,23.88931],[68.35597,23.88931],[68.35597,23.89014],[68.35625,23.89014],[68.35625,23.89069],[68.35653,23.89069],[68.35653,23.89097],[68.3568,23.89097],[68.3568,23.89153],[68.35709,23.89153],[68.35709,23.89181],[68.35736,23.89181],[68.35736,23.89209],[68.35764,23.89208],[68.35764,23.89264],[68.35792,23.89264],[68.35792,23.89292],[68.35847,23.89292],[68.35847,23.8932],[68.35986,23.8932],[68.35986,23.89292],[68.36097,23.89292],[68.36097,23.89264],[68.36181,23.89264],[68.36181,23.89236],[68.36486,23.89236],[68.36486,23.89208],[68.36542,23.89209],[68.36542,23.89181],[68.36569,23.89181],[68.36569,23.89153],[68.36625,23.89153],[68.36625,23.89125],[68.36653,23.89125],[68.36653,23.89097],[68.36681,23.89097],[68.36681,23.89069],[68.36708,23.89069],[68.36708,23.89042],[68.36736,23.89042],[68.36736,23.89069],[68.36764,23.89069],[68.36764,23.89097],[68.36735,23.89097],[68.36735,23.89153],[68.36708,23.89153],[68.36708,23.89181],[68.36681,23.89181],[68.36681,23.89209],[68.36625,23.89208],[68.36625,23.89236],[68.36735,23.89236],[68.36735,23.89264],[68.36764,23.89264],[68.36764,23.89292],[68.36736,23.89292],[68.36736,23.8932],[68.36625,23.8932],[68.36625,23.89292],[68.36597,23.89292],[68.36597,23.8932],[68.36181,23.8932],[68.36181,23.89347],[68.36097,23.89347],[68.36097,23.89375],[68.35986,23.89375],[68.35986,23.89403],[68.35847,23.89403],[68.35847,23.89375],[68.35792,23.89375],[68.35792,23.89347],[68.35736,23.89347],[68.35736,23.8932],[68.35709,23.8932],[68.35709,23.89264],[68.3568,23.89264],[68.3568,23.89236],[68.35653,23.89236],[68.35653,23.89208],[68.35625,23.89209],[68.35625,23.89153],[68.35597,23.89153],[68.35597,23.89097],[68.3557,23.89097],[68.3557,23.89069],[68.35541,23.89069],[68.35541,23.89014],[68.35514,23.89014],[68.35514,23.88958],[68.35486,23.88958],[68.35486,23.88847],[68.35458,23.88847],[68.35458,23.88819],[68.35431,23.8882],[68.35431,23.88764],[68.35458,23.88764],[68.35458,23.88736],[68.35486,23.88736],[68.35486,23.88681],[68.35514,23.88681],[68.35514,23.88597],[68.35541,23.88597],[68.35541,23.88486],[68.3557,23.88486],[68.3557,23.88458],[68.35514,23.88458],[68.35514,23.88431],[68.35431,23.88431],[68.35431,23.88403],[68.35403,23.88403],[68.35403,23.88374],[68.3532,23.88374],[68.3532,23.88431],[68.35291,23.88431],[68.35291,23.88542],[68.35264,23.88542],[68.35264,23.88653],[68.35237,23.88653],[68.35237,23.88764],[68.35208,23.88764],[68.35208,23.8882],[68.35181,23.8882],[68.35181,23.88875],[68.35152,23.88875],[68.35152,23.88931],[68.35125,23.88931],[68.35125,23.88987],[68.35098,23.88987],[68.35098,23.89042],[68.35069,23.89042],[68.35069,23.89125],[68.35042,23.89125],[68.35042,23.89625],[68.35069,23.89625],[68.35069,23.89653],[68.35098,23.89653],[68.35098,23.89708],[68.35125,23.89708],[68.35125,23.89736],[68.35152,23.89736],[68.35152,23.89764],[68.35181,23.89764],[68.35181,23.8982],[68.35208,23.8982],[68.35208,23.89875],[68.35237,23.89875],[68.35237,23.89931],[68.35264,23.89931],[68.35264,23.89986],[68.35291,23.89986],[68.35291,23.90069],[68.35375,23.90069],[68.35375,23.90097],[68.35403,23.90097],[68.35403,23.90125],[68.35431,23.90125],[68.35431,23.90153],[68.35458,23.90153],[68.35458,23.90181],[68.35514,23.90181],[68.35514,23.90208],[68.35541,23.90208],[68.35541,23.90236],[68.3557,23.90236],[68.3557,23.90264],[68.35597,23.90264],[68.35597,23.90292],[68.35653,23.90292],[68.35653,23.9032],[68.35709,23.9032],[68.35709,23.90347],[68.35792,23.90347],[68.35792,23.90375],[68.35847,23.90375],[68.35847,23.90403],[68.35902,23.90403],[68.35902,23.90431],[68.35986,23.90431],[68.35986,23.90458],[68.36069,23.90458],[68.36069,23.90486],[68.36153,23.90485],[68.36153,23.90514],[68.36236,23.90514],[68.36236,23.90542],[68.36292,23.90542],[68.36292,23.9057],[68.36375,23.9057],[68.36375,23.90597],[68.36597,23.90597],[68.36597,23.90625],[68.36792,23.90625],[68.36792,23.90653],[68.36958,23.90653],[68.36958,23.90625],[68.37041,23.90625],[68.37041,23.90653],[68.37125,23.90653],[68.37125,23.90681],[68.37292,23.90681],[68.37292,23.90653],[68.37597,23.90653],[68.37597,23.90625],[68.37847,23.90625],[68.37847,23.90597],[68.38181,23.90597],[68.38181,23.90625],[68.38625,23.90625],[68.38625,23.90653],[68.38736,23.90653],[68.38736,23.90681],[68.38875,23.90681],[68.38875,23.90708],[68.38986,23.90708],[68.38986,23.90736],[68.39068,23.90736],[68.39068,23.90764],[68.39153,23.90764],[68.39153,23.90792],[68.39236,23.90792],[68.39236,23.90819],[68.3932,23.90819],[68.3932,23.90847],[68.39347,23.90847],[68.39347,23.90875],[68.39403,23.90875],[68.39403,23.90903],[68.39429,23.90903],[68.39429,23.90931],[68.39458,23.90931],[68.39458,23.90958],[68.39486,23.90958],[68.39486,23.90986],[68.39653,23.90986],[68.39653,23.91014],[68.39735,23.91014],[68.39735,23.91042],[68.39792,23.91042],[68.39792,23.91069],[68.39931,23.91069],[68.39931,23.91098],[68.39986,23.91098],[68.39986,23.91125],[68.40042,23.91125],[68.40042,23.91153],[68.40125,23.91153],[68.40125,23.91181],[68.4018,23.91181],[68.4018,23.91208],[68.40264,23.91208],[68.40264,23.91236],[68.40514,23.91236],[68.40514,23.91264],[68.40542,23.91264],[68.40542,23.91292],[68.40598,23.91292],[68.40598,23.91319],[68.40625,23.91319],[68.40625,23.91347],[68.40681,23.91347],[68.40681,23.91375],[68.40708,23.91375],[68.40708,23.91404],[68.40764,23.91403],[68.40764,23.9143],[68.4082,23.9143],[68.4082,23.91458],[68.40903,23.91458],[68.40903,23.91486],[68.40958,23.91486],[68.40958,23.91514],[68.41014,23.91514],[68.41014,23.91542],[68.4107,23.91542],[68.4107,23.9157],[68.41125,23.91569],[68.41125,23.91597],[68.41153,23.91597],[68.41153,23.91625],[68.41263,23.91625],[68.41263,23.91709],[68.41319,23.91708],[68.41319,23.91736],[68.41485,23.91736],[68.41485,23.91764],[68.41542,23.91764],[68.41542,23.91792],[68.4157,23.91792],[68.4157,23.91819],[68.41597,23.91819],[68.41597,23.91847],[68.41625,23.91847],[68.41625,23.91875],[68.41681,23.91875],[68.41681,23.91903],[68.41707,23.91903],[68.41707,23.91931],[68.41764,23.91931],[68.41764,23.91959],[68.41792,23.91959],[68.41792,23.91986],[68.41846,23.91985],[68.41846,23.92014],[68.41875,23.92014],[68.41875,23.92042],[68.4193,23.92042],[68.4193,23.9207],[68.41959,23.9207],[68.41959,23.92097],[68.42014,23.92097],[68.42014,23.92125],[68.42042,23.92125],[68.42042,23.92153],[68.42069,23.92153],[68.42069,23.92181],[68.42097,23.92181],[68.42097,23.92208],[68.42125,23.92208],[68.42125,23.92264],[68.42152,23.92264],[68.42152,23.9232],[68.42181,23.92319],[68.42181,23.92375],[68.42208,23.92375],[68.42208,23.92431],[68.42236,23.92431],[68.42236,23.92486],[68.42264,23.92486],[68.42264,23.92514],[68.42292,23.92514],[68.42292,23.92569],[68.42319,23.9257],[68.42319,23.92598],[68.42347,23.92598],[68.42347,23.92653],[68.42375,23.92653],[68.42375,23.92681],[68.42403,23.92681],[68.42403,23.92736],[68.42431,23.92736],[68.42431,23.92764],[68.42458,23.92764],[68.42458,23.92819],[68.42486,23.92819],[68.42486,23.92847],[68.42514,23.92847],[68.42514,23.92904],[68.42542,23.92904],[68.42542,23.92931],[68.4257,23.92931],[68.4257,23.92986],[68.42597,23.92986],[68.42597,23.93042],[68.42625,23.93042],[68.42625,23.93097],[68.4268,23.93097],[68.4268,23.93181],[68.42708,23.93179],[68.42708,23.93292],[68.42736,23.93292],[68.42736,23.93347],[68.42792,23.93347],[68.42792,23.93375],[68.42847,23.93375],[68.42847,23.93403],[68.4293,23.93403],[68.4293,23.93431],[68.42986,23.93431],[68.42986,23.93458],[68.43153,23.93458],[68.43153,23.93486],[68.43264,23.93486],[68.43264,23.93514],[68.43345,23.93514],[68.43345,23.93542],[68.43459,23.93542],[68.43459,23.93569],[68.43625,23.93569],[68.43625,23.93597],[68.43681,23.93597],[68.43681,23.93569],[68.43819,23.93569],[68.43819,23.93542],[68.43875,23.93542],[68.43875,23.93514],[68.43959,23.93514],[68.43959,23.93486],[68.43986,23.93486],[68.43986,23.93458],[68.44097,23.93458],[68.44097,23.93486],[68.4418,23.93486],[68.4418,23.93514],[68.44236,23.93514],[68.44236,23.93542],[68.44319,23.93542],[68.44319,23.93569],[68.44375,23.93569],[68.44375,23.93597],[68.44458,23.93597],[68.44458,23.93625],[68.44514,23.93625],[68.44514,23.93653],[68.44569,23.93653],[68.44569,23.93681],[68.44597,23.93681],[68.44597,23.93708],[68.44625,23.93708],[68.44625,23.93736],[68.44653,23.93736],[68.44653,23.93764],[68.44681,23.93764],[68.44681,23.93792],[68.44708,23.93792],[68.44708,23.93819],[68.44736,23.93819],[68.44736,23.93847],[68.4493,23.93847]]],[[[68.30791,23.82375],[68.30791,23.82347],[68.30959,23.82347],[68.30959,23.8232],[68.31014,23.8232],[68.31014,23.82292],[68.31069,23.82292],[68.31069,23.82264],[68.31096,23.82264],[68.31096,23.82236],[68.31125,23.82236],[68.31125,23.82208],[68.31153,23.82208],[68.31153,23.82181],[68.31181,23.82181],[68.31181,23.82153],[68.31264,23.82153],[68.31264,23.82125],[68.31292,23.82125],[68.31292,23.82069],[68.31319,23.82069],[68.31319,23.82042],[68.31347,23.82042],[68.31347,23.81986],[68.31375,23.81986],[68.31375,23.81931],[68.31403,23.81931],[68.31403,23.8182],[68.31431,23.8182],[68.31431,23.81792],[68.31458,23.81792],[68.31458,23.81765],[68.31486,23.81765],[68.31486,23.81736],[68.31514,23.81736],[68.31514,23.81653],[68.31541,23.81653],[68.31541,23.81569],[68.3157,23.8157],[68.3157,23.81514],[68.31597,23.81514],[68.31597,23.81431],[68.31626,23.81431],[68.31626,23.81403],[68.31653,23.81403],[68.31653,23.81292],[68.3168,23.81292],[68.3168,23.81236],[68.31709,23.81236],[68.31708,23.81153],[68.31736,23.81153],[68.31736,23.81014],[68.31764,23.81014],[68.31764,23.80875],[68.31792,23.80875],[68.31792,23.8082],[68.31819,23.8082],[68.31819,23.80764],[68.31847,23.80764],[68.31847,23.80736],[68.31875,23.80736],[68.31875,23.80708],[68.31903,23.80708],[68.31903,23.8068],[68.3193,23.8068],[68.3193,23.80653],[68.31958,23.80653],[68.31958,23.80625],[68.32014,23.80625],[68.32014,23.80597],[68.32042,23.80597],[68.32042,23.80569],[68.32069,23.80569],[68.32069,23.80542],[68.32153,23.80542],[68.32153,23.80486],[68.32237,23.80486],[68.32236,23.80431],[68.32207,23.80431],[68.32207,23.80375],[68.32181,23.80375],[68.32181,23.80319],[68.32152,23.80319],[68.32152,23.80292],[68.32125,23.80292],[68.32125,23.80236],[68.32097,23.80236],[68.32097,23.80181],[68.32069,23.80181],[68.32069,23.80125],[68.32042,23.80125],[68.32042,23.80069],[68.32014,23.80069],[68.32014,23.80042],[68.31986,23.80042],[68.31986,23.79986],[68.31958,23.79986],[68.31958,23.79931],[68.3193,23.79931],[68.3193,23.79903],[68.31903,23.79903],[68.31903,23.79847],[68.31875,23.79847],[68.31875,23.7982],[68.31847,23.7982],[68.31847,23.79764],[68.31819,23.79764],[68.31819,23.79708],[68.31792,23.79708],[68.31792,23.79625],[68.31764,23.79625],[68.31764,23.79514],[68.31736,23.79514],[68.31736,23.79431],[68.31709,23.79431],[68.31709,23.79346],[68.3168,23.79347],[68.3168,23.79292],[68.31653,23.79292],[68.31653,23.79236],[68.31625,23.79236],[68.31625,23.79153],[68.31597,23.79153],[68.31597,23.79071],[68.3157,23.79071],[68.3157,23.79014],[68.31541,23.79014],[68.31541,23.7893],[68.31514,23.78931],[68.31514,23.78875],[68.31486,23.78875],[68.31486,23.78847],[68.31458,23.78847],[68.31458,23.7882],[68.31431,23.7882],[68.31431,23.78764],[68.31458,23.78765],[68.31458,23.78736],[68.31431,23.78736],[68.31431,23.78708],[68.31375,23.78708],[68.31375,23.78681],[68.31403,23.78681],[68.31403,23.78569],[68.31431,23.7857],[68.31431,23.78514],[68.31458,23.78514],[68.31458,23.78347],[68.31431,23.78347],[68.31431,23.78097],[68.31403,23.78097],[68.31403,23.77931],[68.31431,23.77931],[68.31431,23.77792],[68.31458,23.77792],[68.31458,23.77042],[68.31486,23.77042],[68.31486,23.76847],[68.31514,23.76847],[68.31514,23.76653],[68.31541,23.76654],[68.31541,23.76458],[68.3157,23.76458],[68.3157,23.7632],[68.31597,23.7632],[68.31597,23.76236],[68.31625,23.76236],[68.31625,23.76125],[68.31653,23.76125],[68.31653,23.76041],[68.3168,23.76042],[68.3168,23.75958],[68.31708,23.75958],[68.31708,23.75875],[68.31736,23.75875],[68.31736,23.75764],[68.31764,23.75764],[68.31764,23.75681],[68.31792,23.75681],[68.31792,23.75597],[68.31819,23.75597],[68.31819,23.75514],[68.31847,23.75514],[68.31847,23.75431],[68.31875,23.75431],[68.31875,23.75347],[68.31903,23.75347],[68.31903,23.75264],[68.3193,23.75264],[68.3193,23.75181],[68.31958,23.75181],[68.31958,23.75097],[68.31986,23.75097],[68.31986,23.74792],[68.32014,23.74792],[68.32014,23.74597],[68.32042,23.74597],[68.32042,23.74542],[68.32069,23.74542],[68.32069,23.74514],[68.32097,23.74514],[68.32097,23.74486],[68.32125,23.74486],[68.32125,23.74431],[68.32152,23.74431],[68.32152,23.74347],[68.32181,23.74347],[68.32181,23.74264],[68.32207,23.74264],[68.32207,23.74208],[68.32237,23.74208],[68.32237,23.74125],[68.32264,23.74125],[68.32264,23.74042],[68.32291,23.74042],[68.32291,23.73986],[68.3232,23.73986],[68.3232,23.73931],[68.32347,23.73931],[68.32347,23.73792],[68.32375,23.73792],[68.32375,23.73653],[68.32403,23.73653],[68.32403,23.73514],[68.3243,23.73514],[68.3243,23.73431],[68.32403,23.73431],[68.32403,23.73403],[68.32181,23.73403],[68.32181,23.73318],[68.32152,23.7332],[68.32152,23.73292],[68.32097,23.73292],[68.32097,23.73264],[68.32014,23.73264],[68.32014,23.73236],[68.3193,23.73236],[68.3193,23.73208],[68.31819,23.73208],[68.31819,23.73181],[68.31458,23.73181],[68.31458,23.73208],[68.31375,23.73208],[68.31375,23.73153],[68.31347,23.73153],[68.31347,23.73097],[68.31319,23.73097],[68.31319,23.7307],[68.31292,23.7307],[68.31292,23.73042],[68.30736,23.73043],[68.30736,23.73014],[68.30625,23.73014],[68.30625,23.72986],[68.30486,23.72986],[68.30486,23.72958],[68.30375,23.72959],[68.30375,23.7293],[68.30292,23.72931],[68.30292,23.72903],[68.30236,23.72903],[68.30236,23.72875],[68.30153,23.72875],[68.30153,23.72847],[68.29986,23.72847],[68.29986,23.72819],[68.29931,23.7282],[68.29931,23.72792],[68.29875,23.72792],[68.29875,23.72764],[68.29819,23.72764],[68.29819,23.72737],[68.29792,23.72737],[68.29792,23.72708],[68.29764,23.72708],[68.29764,23.7268],[68.29708,23.7268],[68.29708,23.72653],[68.29681,23.72653],[68.29681,23.72625],[68.29652,23.72625],[68.29652,23.72597],[68.29625,23.72597],[68.29625,23.72625],[68.29513,23.72625],[68.29513,23.72653],[68.2943,23.72653],[68.2943,23.7268],[68.29347,23.7268],[68.29347,23.72708],[68.29292,23.72708],[68.29292,23.72737],[68.29209,23.72737],[68.29209,23.72764],[68.29125,23.72764],[68.29125,23.72792],[68.29097,23.72792],[68.29097,23.7282],[68.29041,23.72819],[68.29041,23.72847],[68.28986,23.72847],[68.28986,23.72875],[68.28958,23.72875],[68.28958,23.72903],[68.28932,23.72903],[68.28932,23.72931],[68.28902,23.7293],[68.28902,23.72959],[68.28847,23.72959],[68.28848,23.72986],[68.28819,23.72986],[68.28819,23.73043],[68.28792,23.73042],[68.28792,23.7307],[68.28764,23.7307],[68.28764,23.73097],[68.28736,23.73097],[68.28736,23.73125],[68.2868,23.73125],[68.2868,23.73208],[68.28653,23.73208],[68.28653,23.73264],[68.28625,23.73264],[68.28625,23.73375],[68.28653,23.73375],[68.28653,23.73458],[68.2868,23.73458],[68.2868,23.73486],[68.28709,23.73486],[68.28709,23.73514],[68.28736,23.73514],[68.28736,23.73542],[68.28764,23.73542],[68.28764,23.7357],[68.28819,23.7357],[68.28819,23.73597],[68.28847,23.73597],[68.28847,23.73625],[68.28986,23.73624],[68.28986,23.73653],[68.2907,23.73653],[68.2907,23.73681],[68.29153,23.73681],[68.29153,23.73708],[68.29181,23.73708],[68.29181,23.73736],[68.29264,23.73736],[68.29264,23.73764],[68.29292,23.73764],[68.29292,23.73792],[68.2932,23.73792],[68.2932,23.73847],[68.29347,23.73847],[68.29347,23.73875],[68.29375,23.73875],[68.29375,23.73903],[68.29403,23.73903],[68.29403,23.73931],[68.2943,23.73931],[68.2943,23.73986],[68.29458,23.73986],[68.29458,23.74125],[68.2943,23.74125],[68.2943,23.74237],[68.29403,23.74237],[68.29403,23.74292],[68.29375,23.74292],[68.29375,23.7432],[68.29347,23.7432],[68.29347,23.74347],[68.2932,23.74347],[68.2932,23.74403],[68.29291,23.74403],[68.29291,23.74431],[68.29264,23.74431],[68.29264,23.74458],[68.29236,23.74458],[68.29236,23.74486],[68.29209,23.74486],[68.29209,23.74514],[68.29181,23.74514],[68.29181,23.74542],[68.29153,23.74541],[68.29153,23.7457],[68.29125,23.7457],[68.29125,23.74597],[68.29097,23.74597],[68.29097,23.74625],[68.2907,23.74625],[68.2907,23.74653],[68.29041,23.74653],[68.29041,23.74681],[68.29014,23.74681],[68.29014,23.74736],[68.28986,23.74736],[68.28986,23.74764],[68.28958,23.74764],[68.28958,23.74792],[68.28902,23.74792],[68.28902,23.74847],[68.28875,23.74847],[68.28875,23.74931],[68.28847,23.74931],[68.28847,23.74958],[68.28819,23.74958],[68.28819,23.74986],[68.28792,23.74986],[68.28792,23.75069],[68.28764,23.75069],[68.28764,23.75097],[68.28736,23.75097],[68.28736,23.75181],[68.28709,23.75181],[68.28709,23.75319],[68.2868,23.75319],[68.2868,23.75347],[68.28709,23.75347],[68.28709,23.75431],[68.28653,23.7543],[68.28653,23.75458],[68.2857,23.75458],[68.2857,23.7543],[68.28542,23.75431],[68.28542,23.75236],[68.2857,23.75236],[68.2857,23.75125],[68.28597,23.75125],[68.28597,23.75014],[68.28625,23.75014],[68.28625,23.74958],[68.28653,23.74958],[68.28653,23.74875],[68.2868,23.74875],[68.2868,23.74847],[68.28709,23.74847],[68.28709,23.74819],[68.28736,23.74819],[68.28736,23.74708],[68.28764,23.74708],[68.28764,23.74653],[68.28792,23.74653],[68.28792,23.74625],[68.28819,23.74625],[68.28819,23.7457],[68.28848,23.7457],[68.28848,23.74541],[68.28875,23.74542],[68.28875,23.74514],[68.28903,23.74514],[68.28903,23.74486],[68.28958,23.74486],[68.28958,23.74458],[68.28986,23.74458],[68.28986,23.74431],[68.29014,23.74431],[68.29014,23.74403],[68.2907,23.74403],[68.2907,23.74375],[68.29153,23.74375],[68.29153,23.74319],[68.29181,23.7432],[68.29181,23.74264],[68.29209,23.74264],[68.29208,23.74236],[68.29236,23.74237],[68.29236,23.74208],[68.29264,23.74208],[68.29264,23.74181],[68.29292,23.74181],[68.29292,23.74069],[68.2932,23.74069],[68.2932,23.74042],[68.29292,23.74042],[68.29292,23.74014],[68.29264,23.74014],[68.29264,23.73986],[68.29236,23.73986],[68.29236,23.73958],[68.29208,23.73958],[68.29208,23.73931],[68.29153,23.73931],[68.29153,23.73903],[68.29097,23.73903],[68.29097,23.73875],[68.29014,23.73875],[68.29014,23.73847],[68.28931,23.73847],[68.28931,23.73819],[68.28902,23.73819],[68.28902,23.73792],[68.28848,23.73792],[68.28848,23.73764],[68.28792,23.73764],[68.28792,23.73736],[68.28764,23.73736],[68.28764,23.73708],[68.28709,23.73708],[68.28709,23.73681],[68.2868,23.73681],[68.2868,23.73653],[68.28653,23.73653],[68.28653,23.73624],[68.28625,23.73625],[68.28625,23.73597],[68.2857,23.73597],[68.2857,23.7357],[68.28542,23.7357],[68.28542,23.73514],[68.28514,23.73514],[68.28514,23.73458],[68.28486,23.73458],[68.28486,23.73209],[68.28514,23.73209],[68.28514,23.73153],[68.28542,23.73153],[68.28542,23.73069],[68.2857,23.7307],[68.2857,23.73042],[68.28597,23.73043],[68.28597,23.73014],[68.28625,23.73014],[68.28625,23.72986],[68.28653,23.72986],[68.28653,23.72958],[68.2868,23.72959],[68.2868,23.7293],[68.28709,23.72931],[68.28709,23.72903],[68.28736,23.72903],[68.28736,23.72875],[68.28764,23.72875],[68.28764,23.72847],[68.28792,23.72847],[68.28792,23.72819],[68.28819,23.7282],[68.28819,23.72792],[68.28848,23.72792],[68.28848,23.72764],[68.28875,23.72764],[68.28875,23.72737],[68.28932,23.72737],[68.28932,23.72708],[68.28986,23.72708],[68.28986,23.7268],[68.29041,23.7268],[68.29041,23.72653],[68.2907,23.72653],[68.2907,23.72625],[68.29153,23.72625],[68.29153,23.72597],[68.29236,23.72597],[68.29236,23.72569],[68.29291,23.72569],[68.29291,23.72542],[68.29347,23.72542],[68.29347,23.72514],[68.29375,23.72514],[68.29375,23.72486],[68.2943,23.72486],[68.2943,23.72403],[68.29458,23.72403],[68.29458,23.72319],[68.2943,23.72319],[68.2943,23.72236],[68.29403,23.72236],[68.29403,23.72208],[68.29375,23.72208],[68.29375,23.72181],[68.29347,23.72181],[68.29347,23.72153],[68.29292,23.72153],[68.29292,23.72124],[68.29264,23.72125],[68.29264,23.72097],[68.29236,23.72097],[68.29236,23.72069],[68.29208,23.72069],[68.29208,23.72042],[68.29181,23.72042],[68.29181,23.72014],[68.29153,23.72014],[68.29153,23.71958],[68.29125,23.71958],[68.29125,23.71931],[68.29097,23.71931],[68.29097,23.71903],[68.28986,23.71903],[68.28986,23.71875],[68.28931,23.71875],[68.28931,23.71792],[68.28903,23.71792],[68.28903,23.71736],[68.28875,23.71736],[68.28875,23.71708],[68.28847,23.71708],[68.28847,23.71653],[68.28819,23.71653],[68.28819,23.71625],[68.28792,23.71625],[68.28792,23.71597],[68.28764,23.71597],[68.28764,23.71542],[68.28736,23.71543],[68.28736,23.71514],[68.2868,23.71514],[68.2868,23.71486],[68.28653,23.71486],[68.28653,23.71458],[68.28625,23.71458],[68.28625,23.71431],[68.28597,23.71431],[68.28597,23.71403],[68.2857,23.71403],[68.2857,23.71347],[68.28542,23.71347],[68.28542,23.71319],[68.28514,23.71319],[68.28514,23.71264],[68.28486,23.71264],[68.28486,23.71236],[68.28457,23.71236],[68.28457,23.71181],[68.28431,23.71181],[68.2843,23.71153],[68.28403,23.71153],[68.28403,23.71097],[68.28375,23.71097],[68.28375,23.7107],[68.28347,23.7107],[68.28347,23.71042],[68.28319,23.71042],[68.28319,23.70986],[68.28264,23.70986],[68.28264,23.71014],[68.28235,23.71014],[68.28235,23.71042],[68.28181,23.71042],[68.28181,23.7107],[68.28152,23.7107],[68.28152,23.71097],[68.28125,23.71097],[68.28125,23.71125],[68.28014,23.71125],[68.28014,23.71097],[68.27986,23.71097],[68.27986,23.71042],[68.27959,23.71042],[68.27959,23.71014],[68.2793,23.71014],[68.2793,23.70986],[68.27903,23.70986],[68.27903,23.70931],[68.27875,23.70931],[68.27875,23.70903],[68.27847,23.70903],[68.27847,23.70875],[68.2782,23.70875],[68.2782,23.70819],[68.27792,23.7082],[68.27792,23.70792],[68.27764,23.70792],[68.27764,23.70764],[68.27736,23.70764],[68.27736,23.70736],[68.2768,23.70736],[68.2768,23.70764],[68.27708,23.70764],[68.27708,23.70847],[68.27736,23.70847],[68.27736,23.70903],[68.27764,23.70903],[68.27764,23.70931],[68.27792,23.70931],[68.27792,23.70958],[68.27819,23.70958],[68.27819,23.71014],[68.27764,23.71014],[68.27764,23.70986],[68.27736,23.70986],[68.27736,23.70958],[68.27708,23.70958],[68.27708,23.70931],[68.27653,23.70931],[68.27653,23.70903],[68.27597,23.70903],[68.27597,23.70875],[68.27541,23.70875],[68.27541,23.70847],[68.27486,23.70847],[68.27486,23.70792],[68.27458,23.70792],[68.27458,23.70708],[68.27402,23.70708],[68.27402,23.7082],[68.27292,23.7082],[68.27292,23.70792],[68.27264,23.70792],[68.27264,23.70764],[68.27209,23.70764],[68.27209,23.70708],[68.2718,23.70708],[68.2718,23.7057],[68.27153,23.7057],[68.27153,23.70486],[68.27236,23.70486],[68.27236,23.70514],[68.27264,23.70514],[68.27264,23.70542],[68.27292,23.70542],[68.27292,23.7057],[68.27348,23.7057],[68.27348,23.70597],[68.27375,23.70597],[68.27375,23.70625],[68.27402,23.70625],[68.27402,23.7057],[68.27375,23.7057],[68.27375,23.70542],[68.27348,23.70542],[68.27348,23.70486],[68.27319,23.70486],[68.27319,23.70431],[68.27292,23.70431],[68.27292,23.70375],[68.27319,23.70375],[68.27319,23.70347],[68.27348,23.70347],[68.27348,23.70292],[68.27375,23.70292],[68.27375,23.70264],[68.27403,23.70264],[68.27403,23.70236],[68.27431,23.70236],[68.27431,23.7018],[68.27458,23.70181],[68.27458,23.70125],[68.27403,23.70125],[68.27403,23.70153],[68.27375,23.70153],[68.27375,23.70181],[68.27348,23.7018],[68.27348,23.70209],[68.27319,23.70208],[68.27319,23.70236],[68.27292,23.70236],[68.27292,23.70264],[68.27264,23.70264],[68.27264,23.70292],[68.27236,23.70292],[68.27236,23.7032],[68.27209,23.70319],[68.27209,23.70347],[68.2718,23.70347],[68.2718,23.70375],[68.27069,23.70375],[68.27069,23.70347],[68.27042,23.70347],[68.27042,23.70375],[68.27014,23.70375],[68.27014,23.70403],[68.26986,23.70403],[68.26986,23.70431],[68.26875,23.70431],[68.26875,23.70459],[68.26764,23.70458],[68.26764,23.70486],[68.26736,23.70486],[68.26736,23.70514],[68.26708,23.70514],[68.26708,23.70542],[68.26681,23.70542],[68.26681,23.7057],[68.26652,23.7057],[68.26652,23.70597],[68.26625,23.70597],[68.26625,23.70625],[68.26597,23.70624],[68.26597,23.70653],[68.26569,23.70653],[68.26569,23.70681],[68.26542,23.70681],[68.26542,23.70708],[68.26514,23.70708],[68.26515,23.70736],[68.26486,23.70736],[68.26486,23.70764],[68.26458,23.70764],[68.26458,23.70792],[68.2643,23.70792],[68.2643,23.7082],[68.26403,23.7082],[68.26403,23.70847],[68.26375,23.70847],[68.26375,23.70875],[68.26347,23.70875],[68.26347,23.70903],[68.26319,23.70903],[68.26319,23.70931],[68.26292,23.70931],[68.26292,23.70958],[68.26264,23.70958],[68.26264,23.70986],[68.26236,23.70986],[68.26236,23.71014],[68.26208,23.71014],[68.26208,23.7107],[68.2618,23.7107],[68.2618,23.71097],[68.26153,23.71097],[68.26153,23.71125],[68.26125,23.71125],[68.26125,23.71153],[68.26097,23.71153],[68.26097,23.71181],[68.2607,23.71181],[68.2607,23.71208],[68.26041,23.71208],[68.26041,23.71236],[68.26014,23.71236],[68.26014,23.71264],[68.25986,23.71264],[68.25986,23.71319],[68.25958,23.71319],[68.25958,23.71347],[68.25931,23.71347],[68.25931,23.71375],[68.25902,23.71375],[68.25902,23.71403],[68.25875,23.71403],[68.25875,23.71458],[68.25847,23.71458],[68.25847,23.71486],[68.25819,23.71486],[68.25819,23.71514],[68.25792,23.71514],[68.25792,23.7157],[68.25764,23.7157],[68.25764,23.71597],[68.25736,23.71597],[68.25736,23.71708],[68.25764,23.71708],[68.25764,23.71764],[68.25792,23.71764],[68.25792,23.71792],[68.25819,23.71792],[68.25819,23.71847],[68.25847,23.71847],[68.25847,23.71875],[68.25875,23.71875],[68.25875,23.71903],[68.25902,23.71903],[68.25902,23.71931],[68.25931,23.71931],[68.25931,23.71958],[68.25958,23.71958],[68.25958,23.71986],[68.25986,23.71986],[68.25986,23.72014],[68.26041,23.72014],[68.26041,23.72042],[68.2607,23.72042],[68.2607,23.72069],[68.26097,23.72069],[68.26097,23.72097],[68.26125,23.72097],[68.26125,23.72125],[68.26153,23.72124],[68.26153,23.72153],[68.2618,23.72153],[68.2618,23.72181],[68.26208,23.72181],[68.26208,23.72208],[68.26236,23.72208],[68.26236,23.72236],[68.26264,23.72236],[68.26264,23.72264],[68.26292,23.72264],[68.26292,23.72292],[68.26319,23.72292],[68.26319,23.72319],[68.26347,23.72319],[68.26347,23.72375],[68.26375,23.72375],[68.26375,23.72431],[68.26403,23.7243],[68.26403,23.72486],[68.2643,23.72486],[68.2643,23.72514],[68.26458,23.72514],[68.26458,23.72569],[68.26486,23.72569],[68.26486,23.72625],[68.26514,23.72625],[68.26514,23.7268],[68.26542,23.7268],[68.26542,23.72875],[68.26569,23.72875],[68.26569,23.72959],[68.26597,23.72959],[68.26597,23.73097],[68.26569,23.73097],[68.26569,23.73264],[68.26542,23.73264],[68.26542,23.73347],[68.26515,23.73347],[68.26515,23.73431],[68.26486,23.73431],[68.26486,23.73486],[68.26458,23.73486],[68.26458,23.73542],[68.2643,23.73542],[68.2643,23.7357],[68.26403,23.7357],[68.26403,23.73625],[68.26375,23.73625],[68.26375,23.73708],[68.26347,23.73708],[68.26347,23.73847],[68.26375,23.73847],[68.26375,23.73931],[68.26403,23.73931],[68.26403,23.73958],[68.26431,23.73958],[68.26431,23.74014],[68.26458,23.74014],[68.26458,23.74042],[68.26486,23.74042],[68.26486,23.74069],[68.26514,23.74069],[68.26514,23.74097],[68.26542,23.74097],[68.26542,23.74125],[68.26597,23.74125],[68.26597,23.74153],[68.26625,23.74153],[68.26625,23.74181],[68.26681,23.74181],[68.26681,23.74208],[68.26708,23.74208],[68.26708,23.74237],[68.26764,23.74237],[68.26764,23.74264],[68.26791,23.74264],[68.26791,23.7432],[68.26764,23.74319],[68.26764,23.74403],[68.2679,23.74403],[68.2679,23.74514],[68.26819,23.74514],[68.26819,23.74597],[68.26847,23.74597],[68.26847,23.74708],[68.26875,23.74708],[68.26875,23.74819],[68.26903,23.74819],[68.26903,23.74931],[68.2693,23.74931],[68.2693,23.74986],[68.26903,23.74986],[68.26903,23.75014],[68.26875,23.75014],[68.26875,23.75154],[68.26847,23.75153],[68.26847,23.75208],[68.26764,23.75208],[68.26764,23.75125],[68.26736,23.75125],[68.26736,23.75154],[68.26653,23.75154],[68.26653,23.75181],[68.26597,23.75181],[68.26597,23.75208],[68.26569,23.75208],[68.26569,23.75236],[68.26542,23.75236],[68.26542,23.75292],[68.26514,23.75292],[68.26514,23.75347],[68.26486,23.75347],[68.26486,23.75403],[68.26458,23.75403],[68.26458,23.75653],[68.2643,23.75653],[68.2643,23.75986],[68.26458,23.75986],[68.26458,23.76042],[68.26486,23.76042],[68.26486,23.76097],[68.26515,23.76097],[68.26515,23.76153],[68.26542,23.76153],[68.26542,23.76208],[68.26569,23.76208],[68.26569,23.76264],[68.26597,23.76264],[68.26597,23.7632],[68.26625,23.7632],[68.26625,23.76403],[68.26652,23.76403],[68.26652,23.76486],[68.26681,23.76486],[68.26681,23.76542],[68.26708,23.76542],[68.26708,23.76764],[68.26736,23.76764],[68.26736,23.77125],[68.26764,23.77125],[68.26764,23.77236],[68.2679,23.77235],[68.2679,23.77264],[68.26821,23.77264],[68.26821,23.77292],[68.26847,23.77292],[68.26847,23.77347],[68.26875,23.77347],[68.26875,23.77403],[68.26903,23.77403],[68.26903,23.77458],[68.2693,23.77458],[68.2693,23.77514],[68.26958,23.77514],[68.26958,23.77542],[68.26986,23.77542],[68.26986,23.77597],[68.27014,23.77597],[68.27014,23.77681],[68.27042,23.77681],[68.27042,23.77792],[68.27069,23.77792],[68.27069,23.77848],[68.27096,23.77848],[68.27096,23.77931],[68.27125,23.77931],[68.27125,23.77986],[68.27153,23.77986],[68.27153,23.78236],[68.2718,23.78236],[68.2718,23.78431],[68.27209,23.78431],[68.27209,23.78625],[68.27236,23.78625],[68.27236,23.78847],[68.27264,23.78847],[68.27264,23.78958],[68.27292,23.78958],[68.27292,23.79071],[68.27319,23.79071],[68.27319,23.79153],[68.27348,23.79153],[68.27348,23.79264],[68.27375,23.79264],[68.27375,23.79292],[68.27431,23.79292],[68.27431,23.79347],[68.27458,23.79346],[68.27458,23.79375],[68.27486,23.79375],[68.27486,23.79431],[68.27514,23.79431],[68.27514,23.79458],[68.27541,23.79458],[68.27541,23.79514],[68.2757,23.79514],[68.2757,23.79542],[68.27625,23.79542],[68.27625,23.79569],[68.27653,23.79569],[68.27653,23.79597],[68.27708,23.79597],[68.27708,23.79625],[68.27736,23.79625],[68.27736,23.79653],[68.27792,23.79652],[68.27792,23.79681],[68.27903,23.79681],[68.27903,23.79708],[68.28014,23.79708],[68.28014,23.79736],[68.28042,23.79736],[68.28042,23.79764],[68.28069,23.79764],[68.28069,23.79792],[68.28097,23.79792],[68.28097,23.7982],[68.28236,23.7982],[68.28236,23.79847],[68.28375,23.79847],[68.28375,23.79875],[68.28514,23.79875],[68.28514,23.79903],[68.28625,23.79903],[68.28625,23.79931],[68.28764,23.79931],[68.28764,23.79959],[68.28875,23.79958],[68.28875,23.79986],[68.29069,23.79986],[68.29069,23.80097],[68.29153,23.80097],[68.29153,23.80125],[68.29264,23.80125],[68.29264,23.80153],[68.29375,23.80153],[68.29375,23.80181],[68.2943,23.80181],[68.2943,23.80208],[68.29486,23.80208],[68.29486,23.80236],[68.29542,23.80236],[68.29542,23.80265],[68.29597,23.80265],[68.29597,23.80292],[68.29652,23.80292],[68.29652,23.80319],[68.29708,23.80319],[68.29708,23.80347],[68.29764,23.80347],[68.29764,23.80375],[68.29819,23.80375],[68.29819,23.80458],[68.29792,23.80458],[68.29792,23.81014],[68.29764,23.81014],[68.29764,23.81097],[68.29736,23.81097],[68.29736,23.81153],[68.29708,23.81153],[68.29708,23.81209],[68.29681,23.81208],[68.29681,23.81236],[68.29625,23.81236],[68.29625,23.81264],[68.29569,23.81264],[68.29569,23.81292],[68.29486,23.81292],[68.29486,23.8132],[68.2943,23.8132],[68.2943,23.81347],[68.29403,23.81347],[68.29403,23.81375],[68.29264,23.81375],[68.29264,23.81403],[68.29236,23.81403],[68.29236,23.81431],[68.29209,23.81431],[68.29209,23.81459],[68.29181,23.81458],[68.29181,23.81486],[68.29153,23.81486],[68.29153,23.81514],[68.29097,23.81514],[68.29097,23.81542],[68.29069,23.81542],[68.29069,23.8157],[68.29041,23.8157],[68.29041,23.81597],[68.29014,23.81597],[68.29014,23.81681],[68.29069,23.81681],[68.29069,23.81708],[68.29125,23.81708],[68.29125,23.81736],[68.29181,23.81736],[68.29181,23.81765],[68.29209,23.81765],[68.29209,23.81792],[68.29264,23.81792],[68.29264,23.8182],[68.2932,23.8182],[68.2932,23.81847],[68.29347,23.81847],[68.29347,23.81875],[68.29403,23.81875],[68.29403,23.81903],[68.29458,23.81903],[68.29458,23.81931],[68.29569,23.81931],[68.29569,23.81958],[68.29652,23.81958],[68.29652,23.81986],[68.29736,23.81986],[68.29736,23.82014],[68.29764,23.82014],[68.29764,23.82042],[68.29847,23.82042],[68.29847,23.82069],[68.29903,23.82069],[68.29903,23.82097],[68.29986,23.82097],[68.29986,23.82125],[68.30042,23.82125],[68.30042,23.82153],[68.30097,23.82153],[68.30097,23.82181],[68.30153,23.82181],[68.30153,23.82208],[68.30236,23.82208],[68.30236,23.82236],[68.30347,23.82236],[68.30347,23.82264],[68.30375,23.82264],[68.30375,23.82292],[68.30431,23.82292],[68.30431,23.8232],[68.30569,23.8232],[68.30569,23.82347],[68.30681,23.82347],[68.30681,23.82375],[68.30791,23.82375]]],[[[68.53541,23.94597],[68.53541,23.94403],[68.53625,23.94403],[68.53625,23.94375],[68.53709,23.94375],[68.53709,23.9432],[68.53736,23.9432],[68.53736,23.94264],[68.53764,23.94264],[68.53764,23.9418],[68.53792,23.9418],[68.53792,23.94125],[68.53819,23.94125],[68.53819,23.94042],[68.53848,23.94042],[68.53848,23.93986],[68.53875,23.93986],[68.53875,23.93931],[68.53902,23.93931],[68.53902,23.93875],[68.53931,23.93875],[68.53931,23.93847],[68.53958,23.93847],[68.53958,23.93792],[68.53986,23.93792],[68.53986,23.93764],[68.54014,23.93764],[68.54014,23.93736],[68.54041,23.93736],[68.54041,23.93681],[68.5407,23.93681],[68.5407,23.93653],[68.54097,23.93653],[68.54097,23.93597],[68.54125,23.93597],[68.54125,23.93569],[68.54153,23.93569],[68.54153,23.93514],[68.54181,23.93514],[68.54181,23.93458],[68.54208,23.93458],[68.54208,23.93403],[68.54236,23.93403],[68.54236,23.93375],[68.54292,23.93375],[68.54291,23.93347],[68.54375,23.93347],[68.54375,23.9332],[68.5443,23.9332],[68.5443,23.93292],[68.54514,23.93292],[68.54514,23.93264],[68.54681,23.93264],[68.54681,23.93236],[68.54847,23.93236],[68.54847,23.93208],[68.5518,23.93208],[68.5518,23.93181],[68.55708,23.93181],[68.55708,23.93153],[68.55736,23.93153],[68.55736,23.93125],[68.55764,23.93125],[68.55764,23.93097],[68.5582,23.93097],[68.5582,23.9307],[68.55847,23.9307],[68.55847,23.93042],[68.55875,23.93042],[68.55875,23.92958],[68.55903,23.92958],[68.55903,23.92847],[68.55875,23.92847],[68.55875,23.92764],[68.55847,23.92764],[68.55847,23.92708],[68.5582,23.92708],[68.5582,23.92625],[68.55791,23.92625],[68.55791,23.92375],[68.5582,23.92375],[68.5582,23.92347],[68.55847,23.92347],[68.55847,23.9232],[68.55958,23.9232],[68.55958,23.92292],[68.56153,23.92292],[68.56153,23.92264],[68.56486,23.92264],[68.56486,23.92292],[68.57125,23.92292],[68.57125,23.9232],[68.57236,23.9232],[68.57236,23.92347],[68.57958,23.92347],[68.57958,23.9232],[68.58097,23.9232],[68.58097,23.92292],[68.58264,23.92292],[68.58264,23.92264],[68.58375,23.92264],[68.58375,23.92236],[68.58459,23.92236],[68.58459,23.92208],[68.58542,23.92208],[68.58542,23.92181],[68.58569,23.92181],[68.58569,23.92153],[68.58625,23.92153],[68.58625,23.92125],[68.58681,23.92125],[68.58681,23.92153],[68.5879,23.92153],[68.5879,23.92014],[68.58819,23.92014],[68.58819,23.91958],[68.58847,23.91959],[68.58847,23.91875],[68.58875,23.91875],[68.58875,23.91681],[68.58847,23.91681],[68.58847,23.91653],[68.58764,23.91653],[68.58764,23.91625],[68.58652,23.91625],[68.58652,23.91597],[68.58542,23.91597],[68.58542,23.91569],[68.5843,23.9157],[68.5843,23.91542],[68.58319,23.91542],[68.58319,23.91514],[68.58208,23.91514],[68.58208,23.91486],[68.58153,23.91486],[68.58153,23.91458],[68.58125,23.91458],[68.58125,23.9143],[68.5807,23.9143],[68.5807,23.91403],[68.58014,23.91404],[68.58014,23.91375],[68.57958,23.91375],[68.57958,23.91347],[68.57931,23.91347],[68.57931,23.91319],[68.57875,23.91319],[68.57875,23.91292],[68.57848,23.91292],[68.57848,23.91264],[68.57792,23.91264],[68.57792,23.91236],[68.57764,23.91236],[68.57764,23.91208],[68.57736,23.91208],[68.57736,23.91181],[68.57708,23.91181],[68.57708,23.91153],[68.57653,23.91153],[68.57653,23.91125],[68.57625,23.91125],[68.57625,23.91098],[68.57596,23.91098],[68.57596,23.91069],[68.57542,23.91069],[68.57542,23.91042],[68.57515,23.91042],[68.57515,23.91014],[68.57486,23.91014],[68.57486,23.90986],[68.57458,23.90986],[68.57458,23.90958],[68.5743,23.90958],[68.5743,23.90931],[68.57375,23.90931],[68.57375,23.90903],[68.5732,23.90903],[68.5732,23.90875],[68.57264,23.90875],[68.57264,23.90847],[68.57208,23.90847],[68.57208,23.90819],[68.57181,23.90819],[68.57181,23.90792],[68.57152,23.90792],[68.57152,23.90736],[68.57125,23.90736],[68.57125,23.90708],[68.57069,23.90708],[68.57069,23.90681],[68.57042,23.90681],[68.57042,23.90653],[68.57014,23.90653],[68.57014,23.90597],[68.56958,23.90597],[68.56958,23.9057],[68.56931,23.9057],[68.56931,23.90542],[68.56902,23.90542],[68.56902,23.90514],[68.56875,23.90514],[68.56875,23.90458],[68.56819,23.90458],[68.56819,23.90431],[68.56792,23.90431],[68.56792,23.90403],[68.56764,23.90403],[68.56764,23.90375],[68.56736,23.90375],[68.56736,23.90347],[68.56709,23.90347],[68.56709,23.90264],[68.5668,23.90264],[68.5668,23.90236],[68.56653,23.90236],[68.56653,23.90208],[68.56625,23.90208],[68.56625,23.90153],[68.56595,23.90153],[68.56595,23.90125],[68.5657,23.90125],[68.5657,23.90042],[68.56541,23.90042],[68.56541,23.90014],[68.56595,23.90014],[68.56595,23.89986],[68.56625,23.89986],[68.56625,23.89958],[68.5668,23.89958],[68.5668,23.89931],[68.56709,23.89931],[68.56709,23.89903],[68.56736,23.89903],[68.56736,23.89875],[68.56709,23.89875],[68.56709,23.8982],[68.5668,23.8982],[68.5668,23.89764],[68.56653,23.89764],[68.56653,23.89708],[68.56625,23.89708],[68.56625,23.89681],[68.56597,23.89681],[68.56597,23.89625],[68.5657,23.89625],[68.5657,23.89568],[68.56541,23.8957],[68.56541,23.89542],[68.56514,23.89542],[68.56514,23.89486],[68.56486,23.89486],[68.56486,23.89431],[68.56458,23.89431],[68.56458,23.89375],[68.56431,23.89375],[68.56431,23.89347],[68.56403,23.89347],[68.56403,23.8932],[68.56375,23.8932],[68.56375,23.89292],[68.56319,23.89292],[68.56319,23.89264],[68.56292,23.89264],[68.56292,23.89236],[68.56264,23.89236],[68.56264,23.89208],[68.56236,23.89209],[68.56236,23.89181],[68.56181,23.89181],[68.56181,23.89153],[68.56153,23.89153],[68.56153,23.89125],[68.56125,23.89125],[68.56125,23.89097],[68.56097,23.89097],[68.56097,23.89042],[68.56069,23.89042],[68.56069,23.89014],[68.56042,23.89014],[68.56042,23.88987],[68.56014,23.88987],[68.56014,23.88931],[68.55986,23.88931],[68.55986,23.88903],[68.55959,23.88903],[68.55959,23.88875],[68.5593,23.88875],[68.5593,23.88847],[68.55903,23.88847],[68.55903,23.88792],[68.55875,23.88792],[68.55875,23.88764],[68.55847,23.88764],[68.55847,23.88736],[68.5582,23.88736],[68.5582,23.88708],[68.55791,23.88708],[68.55791,23.88681],[68.55764,23.88681],[68.55764,23.88653],[68.55736,23.88653],[68.55736,23.88597],[68.55708,23.88597],[68.55708,23.88569],[68.55681,23.88569],[68.55681,23.88542],[68.55653,23.88542],[68.55653,23.88514],[68.55625,23.88514],[68.55625,23.88458],[68.55597,23.88458],[68.55597,23.88403],[68.55569,23.88403],[68.55569,23.88347],[68.55542,23.88347],[68.55542,23.88292],[68.55514,23.88292],[68.55514,23.88264],[68.55486,23.88264],[68.55486,23.88236],[68.55458,23.88236],[68.55458,23.88181],[68.55431,23.88181],[68.55431,23.88153],[68.55402,23.88153],[68.55402,23.88125],[68.55375,23.88125],[68.55375,23.88097],[68.55319,23.88097],[68.55319,23.8807],[68.55292,23.8807],[68.55292,23.88042],[68.55264,23.88042],[68.55264,23.88014],[68.55209,23.88014],[68.55209,23.87986],[68.5518,23.87986],[68.5518,23.87958],[68.55153,23.87958],[68.55153,23.87931],[68.55097,23.87931],[68.55097,23.87903],[68.5507,23.87903],[68.5507,23.87875],[68.55014,23.87875],[68.55014,23.87847],[68.54931,23.87847],[68.54931,23.87569],[68.54903,23.87569],[68.54903,23.87514],[68.54875,23.87514],[68.54875,23.87487],[68.54847,23.87487],[68.54847,23.87458],[68.54819,23.87458],[68.54819,23.87431],[68.54792,23.87431],[68.54792,23.87403],[68.54764,23.87403],[68.54764,23.87375],[68.54736,23.87375],[68.54736,23.87347],[68.54708,23.87347],[68.54708,23.87319],[68.54681,23.87319],[68.54681,23.87292],[68.54625,23.87292],[68.54625,23.87264],[68.54569,23.87264],[68.54569,23.87236],[68.54513,23.87236],[68.54513,23.87208],[68.54486,23.87208],[68.54486,23.87181],[68.5432,23.87181],[68.5432,23.87208],[68.54264,23.87208],[68.54264,23.87181],[68.54236,23.87181],[68.54236,23.87153],[68.54208,23.87153],[68.54208,23.87125],[68.54181,23.87125],[68.54181,23.87097],[68.54153,23.87097],[68.54153,23.8707],[68.54125,23.8707],[68.54125,23.87042],[68.54097,23.87042],[68.54097,23.87014],[68.5407,23.87014],[68.5407,23.86986],[68.54041,23.86986],[68.54041,23.86958],[68.54014,23.86958],[68.54014,23.86931],[68.53986,23.86931],[68.53986,23.86903],[68.53958,23.86903],[68.53958,23.86874],[68.53931,23.86875],[68.53931,23.86847],[68.53875,23.86847],[68.53875,23.8682],[68.53848,23.8682],[68.53848,23.86792],[68.53819,23.86792],[68.53819,23.86764],[68.53792,23.86764],[68.53792,23.86736],[68.53709,23.86736],[68.53709,23.86958],[68.53736,23.86958],[68.53736,23.8707],[68.53764,23.8707],[68.53764,23.87097],[68.53625,23.87097],[68.53625,23.87181],[68.53598,23.8718],[68.53598,23.87292],[68.53625,23.87292],[68.53625,23.87403],[68.53653,23.87403],[68.53653,23.87431],[68.5368,23.87431],[68.5368,23.87458],[68.53653,23.87458],[68.53653,23.87487],[68.5368,23.87487],[68.5368,23.87542],[68.53597,23.87542],[68.53597,23.87569],[68.5357,23.87569],[68.5357,23.87625],[68.53264,23.87625],[68.53264,23.87597],[68.53236,23.87597],[68.53236,23.87569],[68.53208,23.87569],[68.53208,23.87542],[68.53181,23.87542],[68.53181,23.87487],[68.53125,23.87487],[68.53125,23.87458],[68.53097,23.87458],[68.53097,23.87375],[68.53069,23.87375],[68.53069,23.87347],[68.53042,23.87347],[68.53042,23.87292],[68.53014,23.87292],[68.53014,23.87264],[68.52985,23.87264],[68.52985,23.87236],[68.52959,23.87236],[68.52959,23.87208],[68.5293,23.87208],[68.5293,23.87153],[68.52903,23.87153],[68.52903,23.8707],[68.52875,23.8707],[68.52875,23.87014],[68.52847,23.87014],[68.52847,23.86958],[68.5282,23.86958],[68.5282,23.86875],[68.52792,23.86875],[68.52792,23.86764],[68.52764,23.86764],[68.52764,23.86736],[68.52736,23.86736],[68.52736,23.86681],[68.52708,23.86681],[68.52708,23.86625],[68.52681,23.86625],[68.52681,23.86597],[68.52653,23.86597],[68.52653,23.86514],[68.52625,23.86514],[68.52625,23.86486],[68.52597,23.86486],[68.52597,23.86458],[68.5257,23.86459],[68.5257,23.86403],[68.52541,23.86403],[68.52541,23.86375],[68.52514,23.86375],[68.52514,23.86347],[68.52486,23.86347],[68.52486,23.86319],[68.52458,23.86319],[68.52458,23.86264],[68.52431,23.86264],[68.52431,23.86236],[68.52403,23.86236],[68.52403,23.8618],[68.52375,23.86181],[68.52375,23.86153],[68.52348,23.86153],[68.52348,23.86125],[68.52319,23.86125],[68.52319,23.86069],[68.52292,23.86069],[68.52292,23.86014],[68.52264,23.86014],[68.52264,23.85957],[68.52236,23.85958],[68.52236,23.85875],[68.52264,23.85875],[68.52264,23.85847],[68.52236,23.85847],[68.52236,23.85736],[68.52209,23.85736],[68.52209,23.85625],[68.52097,23.85625],[68.52097,23.85653],[68.52069,23.85653],[68.52069,23.85681],[68.51764,23.85681],[68.51764,23.85653],[68.51708,23.85653],[68.51708,23.85681],[68.51625,23.85681],[68.51625,23.85708],[68.51514,23.85708],[68.51514,23.85736],[68.51458,23.85736],[68.51458,23.85764],[68.51431,23.85764],[68.51431,23.85792],[68.51403,23.85792],[68.51403,23.85819],[68.51375,23.85819],[68.51375,23.85847],[68.51347,23.85847],[68.51347,23.85931],[68.51375,23.85931],[68.51375,23.85903],[68.51403,23.85903],[68.51403,23.85931],[68.5143,23.85931],[68.5143,23.85958],[68.51403,23.85958],[68.51403,23.85986],[68.51375,23.85986],[68.51375,23.86014],[68.51347,23.86014],[68.51347,23.86042],[68.51319,23.86042],[68.51319,23.86069],[68.51292,23.86069],[68.51292,23.86097],[68.51264,23.86097],[68.51264,23.86125],[68.51236,23.86125],[68.51236,23.86153],[68.51208,23.86153],[68.51208,23.86181],[68.51125,23.8618],[68.51125,23.86208],[68.5107,23.86208],[68.5107,23.86236],[68.51041,23.86236],[68.51041,23.86264],[68.51014,23.86264],[68.51014,23.86319],[68.50987,23.86319],[68.50987,23.86347],[68.50931,23.86347],[68.50931,23.86319],[68.50902,23.86319],[68.50902,23.86347],[68.50874,23.86347],[68.50874,23.86375],[68.50819,23.86375],[68.50819,23.86403],[68.50764,23.86403],[68.50764,23.86431],[68.50569,23.86431],[68.50569,23.86459],[68.50542,23.86458],[68.50542,23.86486],[68.50486,23.86486],[68.50486,23.86514],[68.50459,23.86514],[68.50459,23.86542],[68.50403,23.86542],[68.50403,23.8657],[68.5032,23.8657],[68.5032,23.86597],[68.50264,23.86597],[68.50264,23.86625],[68.50125,23.86625],[68.50125,23.86653],[68.50042,23.86653],[68.50042,23.86764],[68.50014,23.86764],[68.50014,23.86847],[68.50042,23.86847],[68.50042,23.87264],[68.50069,23.87264],[68.50069,23.87319],[68.50097,23.87319],[68.50097,23.87347],[68.50125,23.87347],[68.50125,23.87375],[68.50181,23.87375],[68.50181,23.87403],[68.50208,23.87403],[68.50208,23.87431],[68.50236,23.87431],[68.50236,23.87514],[68.50208,23.87514],[68.50208,23.87542],[68.50125,23.87542],[68.50125,23.87514],[68.50069,23.87514],[68.50069,23.87487],[68.50014,23.87487],[68.50014,23.87458],[68.49986,23.87458],[68.49986,23.87431],[68.49958,23.87431],[68.49958,23.87375],[68.49931,23.87375],[68.49931,23.87347],[68.49903,23.87347],[68.49903,23.87125],[68.49875,23.87125],[68.49875,23.87042],[68.49903,23.87042],[68.49903,23.8693],[68.49875,23.86931],[68.49875,23.86875],[68.49847,23.86875],[68.49847,23.86847],[68.49819,23.86847],[68.49819,23.8682],[68.49792,23.8682],[68.49792,23.86792],[68.49736,23.86792],[68.49736,23.86764],[68.49709,23.86764],[68.49709,23.86708],[68.49514,23.86708],[68.49514,23.86681],[68.49374,23.86681],[68.49374,23.86653],[68.49292,23.86653],[68.49292,23.86625],[68.49264,23.86625],[68.49264,23.86597],[68.49236,23.86597],[68.49236,23.8657],[68.49208,23.8657],[68.49208,23.86597],[68.49153,23.86597],[68.49153,23.86625],[68.49097,23.86625],[68.49097,23.86681],[68.49069,23.86681],[68.4907,23.86736],[68.49042,23.86736],[68.49042,23.86875],[68.49013,23.86875],[68.49013,23.86931],[68.48986,23.86931],[68.48986,23.87097],[68.48959,23.87097],[68.48959,23.87153],[68.4893,23.87153],[68.4893,23.87236],[68.48903,23.87236],[68.48903,23.87487],[68.48875,23.87486],[68.48875,23.87597],[68.48847,23.87597],[68.48847,23.87708],[68.4882,23.87708],[68.4882,23.87847],[68.48793,23.87847],[68.48793,23.87903],[68.48764,23.87903],[68.48764,23.88014],[68.48736,23.88014],[68.48736,23.88097],[68.48708,23.88097],[68.48708,23.88458],[68.48681,23.88458],[68.48681,23.88486],[68.48653,23.88486],[68.48653,23.88569],[68.48625,23.88569],[68.48625,23.88764],[68.48597,23.88764],[68.48597,23.88987],[68.48625,23.88987],[68.48625,23.89042],[68.48653,23.89042],[68.48653,23.89069],[68.48681,23.89069],[68.48681,23.89097],[68.48764,23.89097],[68.48764,23.89125],[68.4882,23.89125],[68.4882,23.89153],[68.48903,23.89153],[68.48903,23.89181],[68.48959,23.89181],[68.48959,23.89209],[68.49042,23.89208],[68.49042,23.89236],[68.49097,23.89236],[68.49097,23.89264],[68.49181,23.89264],[68.49181,23.89292],[68.49236,23.89292],[68.49236,23.8932],[68.49319,23.8932],[68.49319,23.89347],[68.49374,23.89347],[68.49374,23.89375],[68.49431,23.89375],[68.49431,23.89403],[68.49486,23.89403],[68.49486,23.89431],[68.49542,23.89431],[68.49542,23.89458],[68.49597,23.89458],[68.49597,23.89486],[68.49653,23.89486],[68.49653,23.89514],[68.49736,23.89514],[68.49736,23.89542],[68.49792,23.89542],[68.49792,23.8957],[68.49847,23.8957],[68.49847,23.89597],[68.49903,23.89597],[68.49903,23.89625],[68.49958,23.89625],[68.49958,23.89653],[68.50014,23.89653],[68.50014,23.89681],[68.50042,23.89681],[68.50042,23.89708],[68.50097,23.89708],[68.50097,23.89736],[68.50125,23.89736],[68.50125,23.89764],[68.50181,23.89764],[68.50181,23.89792],[68.50208,23.89792],[68.50208,23.8982],[68.50264,23.8982],[68.50264,23.89847],[68.50291,23.89847],[68.50291,23.89875],[68.5032,23.89875],[68.5032,23.89903],[68.50347,23.89903],[68.50347,23.89931],[68.50375,23.89931],[68.50375,23.89958],[68.50403,23.89958],[68.50403,23.89986],[68.50459,23.89986],[68.50459,23.90014],[68.50486,23.90014],[68.50486,23.90042],[68.50514,23.90042],[68.50514,23.90069],[68.50542,23.90069],[68.50542,23.90097],[68.50568,23.90097],[68.50568,23.90125],[68.50597,23.90125],[68.50597,23.90153],[68.50653,23.90153],[68.50653,23.90181],[68.50708,23.90181],[68.50708,23.90208],[68.50736,23.90208],[68.50736,23.90236],[68.50792,23.90236],[68.50792,23.90264],[68.51097,23.90264],[68.51097,23.90292],[68.51208,23.90292],[68.51208,23.9032],[68.51347,23.9032],[68.51347,23.90292],[68.51375,23.90292],[68.51375,23.90264],[68.51403,23.90264],[68.51403,23.90236],[68.51431,23.90236],[68.5143,23.90208],[68.51458,23.90208],[68.51458,23.90181],[68.51514,23.90181],[68.51514,23.90153],[68.51542,23.90153],[68.51542,23.90125],[68.51569,23.90125],[68.51569,23.90097],[68.51598,23.90097],[68.51598,23.90042],[68.51569,23.90042],[68.51569,23.90014],[68.51598,23.90014],[68.51598,23.89986],[68.51625,23.89986],[68.51625,23.89958],[68.51681,23.89958],[68.51681,23.89931],[68.51708,23.89931],[68.51708,23.89903],[68.51736,23.89903],[68.51736,23.89875],[68.51764,23.89875],[68.51764,23.89847],[68.51791,23.89847],[68.51791,23.8982],[68.5182,23.8982],[68.5182,23.89792],[68.51847,23.89792],[68.51847,23.89764],[68.51875,23.89764],[68.51875,23.89736],[68.51903,23.89736],[68.51903,23.89708],[68.51958,23.89708],[68.51958,23.89681],[68.51986,23.89681],[68.51986,23.89653],[68.52014,23.89653],[68.52014,23.89597],[68.52042,23.89597],[68.52042,23.89542],[68.52068,23.89542],[68.52068,23.89486],[68.52097,23.89486],[68.52097,23.89431],[68.52236,23.89431],[68.52236,23.89403],[68.52348,23.89403],[68.52348,23.89375],[68.52404,23.89375],[68.52404,23.89319],[68.52431,23.8932],[68.52431,23.89264],[68.52458,23.89264],[68.52458,23.89236],[68.52541,23.89236],[68.52541,23.89264],[68.5257,23.89264],[68.5257,23.89375],[68.52541,23.89375],[68.52541,23.89458],[68.52514,23.89458],[68.52514,23.89486],[68.52458,23.89486],[68.52458,23.89514],[68.52431,23.89514],[68.52431,23.89542],[68.52319,23.89542],[68.52319,23.8957],[68.52292,23.8957],[68.52292,23.89597],[68.52264,23.89597],[68.52264,23.89625],[68.52236,23.89625],[68.52236,23.89653],[68.52209,23.89653],[68.52209,23.89681],[68.5218,23.89681],[68.5218,23.89708],[68.52153,23.89708],[68.52153,23.89764],[68.52097,23.89764],[68.52097,23.89792],[68.52069,23.89792],[68.52069,23.89847],[68.52042,23.89847],[68.52042,23.89875],[68.52014,23.89875],[68.52014,23.89931],[68.51986,23.89931],[68.51986,23.89958],[68.51958,23.89958],[68.51958,23.89986],[68.5193,23.89986],[68.5193,23.90014],[68.51903,23.90014],[68.51903,23.90069],[68.51875,23.90069],[68.51875,23.90097],[68.51847,23.90097],[68.51847,23.90125],[68.5182,23.90125],[68.5182,23.90181],[68.51791,23.90181],[68.51791,23.90208],[68.51764,23.90208],[68.51764,23.90236],[68.51708,23.90236],[68.51708,23.90208],[68.51598,23.90208],[68.51598,23.90236],[68.51569,23.90236],[68.51569,23.90292],[68.51542,23.90292],[68.51542,23.90347],[68.51486,23.90347],[68.51486,23.90375],[68.51431,23.90375],[68.51431,23.90403],[68.51403,23.90403],[68.51403,23.90458],[68.5143,23.90458],[68.5143,23.90486],[68.51458,23.90485],[68.51458,23.90514],[68.51514,23.90514],[68.51514,23.90542],[68.51542,23.90542],[68.51542,23.9057],[68.51598,23.9057],[68.51598,23.90597],[68.51681,23.90597],[68.51681,23.90625],[68.51736,23.90625],[68.51736,23.90653],[68.51764,23.90653],[68.51764,23.90681],[68.51791,23.90681],[68.51791,23.90708],[68.51847,23.90708],[68.51847,23.90736],[68.51875,23.90736],[68.51875,23.90764],[68.51903,23.90764],[68.51903,23.90792],[68.5193,23.90792],[68.5193,23.90819],[68.51986,23.90819],[68.51986,23.90847],[68.52014,23.90847],[68.52014,23.90875],[68.52042,23.90875],[68.52042,23.90903],[68.52097,23.90903],[68.52097,23.90931],[68.52153,23.90931],[68.52153,23.90958],[68.5218,23.90958],[68.5218,23.90986],[68.52209,23.90986],[68.52209,23.91014],[68.52236,23.91014],[68.52236,23.91042],[68.52264,23.91042],[68.52264,23.91069],[68.52319,23.91069],[68.52319,23.91098],[68.52348,23.91098],[68.52348,23.91125],[68.52404,23.91125],[68.52404,23.91153],[68.52431,23.91153],[68.52431,23.91181],[68.52486,23.91181],[68.52486,23.91208],[68.52514,23.91208],[68.52514,23.91236],[68.52541,23.91236],[68.52541,23.91292],[68.5257,23.91292],[68.5257,23.91319],[68.52597,23.91319],[68.52597,23.91375],[68.52625,23.91375],[68.52625,23.91404],[68.52653,23.91403],[68.52653,23.9143],[68.5268,23.9143],[68.5268,23.91458],[68.52708,23.91458],[68.52708,23.91486],[68.52736,23.91486],[68.52736,23.91514],[68.52875,23.91514],[68.52875,23.9157],[68.52903,23.9157],[68.52903,23.91625],[68.5293,23.91625],[68.5293,23.91653],[68.52959,23.91653],[68.52959,23.91681],[68.53014,23.9168],[68.53014,23.91709],[68.53042,23.91708],[68.53042,23.91764],[68.53069,23.91764],[68.53069,23.91792],[68.53097,23.91792],[68.53097,23.91847],[68.53125,23.91847],[68.53125,23.91903],[68.53152,23.91903],[68.53152,23.91959],[68.53181,23.91958],[68.53181,23.92014],[68.53208,23.92014],[68.53208,23.92264],[68.53181,23.92264],[68.53181,23.92347],[68.53208,23.92347],[68.53208,23.9232],[68.53236,23.9232],[68.53236,23.92264],[68.53264,23.92264],[68.53264,23.92181],[68.53291,23.92181],[68.53291,23.92125],[68.5332,23.92125],[68.53319,23.92097],[68.53347,23.92097],[68.53347,23.92042],[68.53375,23.92042],[68.53375,23.92014],[68.53403,23.92014],[68.53403,23.91931],[68.5343,23.91931],[68.53431,23.91903],[68.53458,23.91903],[68.53458,23.91875],[68.53514,23.91875],[68.53514,23.91847],[68.53541,23.91847],[68.53541,23.91819],[68.5357,23.91819],[68.5357,23.91792],[68.53598,23.91792],[68.53598,23.91764],[68.53653,23.91764],[68.53653,23.91736],[68.53736,23.91736],[68.53736,23.91764],[68.53764,23.91764],[68.53764,23.91847],[68.53736,23.91847],[68.53736,23.91875],[68.53709,23.91875],[68.53709,23.91903],[68.53653,23.91903],[68.53653,23.91958],[68.53625,23.91959],[68.53625,23.91986],[68.5357,23.91985],[68.5357,23.92014],[68.53541,23.92014],[68.53541,23.9207],[68.53514,23.9207],[68.53514,23.92097],[68.53486,23.92097],[68.53486,23.92153],[68.53458,23.92153],[68.53458,23.92181],[68.5343,23.92181],[68.5343,23.92236],[68.53403,23.92236],[68.53403,23.9232],[68.53375,23.92319],[68.53375,23.92403],[68.53347,23.92403],[68.53347,23.92431],[68.53291,23.92431],[68.53291,23.92458],[68.53236,23.92458],[68.53236,23.92736],[68.53208,23.92736],[68.53208,23.93014],[68.53181,23.93014],[68.53181,23.93153],[68.53152,23.93153],[68.53152,23.93208],[68.53125,23.93208],[68.53125,23.9332],[68.53097,23.9332],[68.53097,23.93347],[68.53069,23.93347],[68.53069,23.93375],[68.53042,23.93375],[68.53042,23.93403],[68.53014,23.93403],[68.53014,23.93431],[68.52986,23.93431],[68.52986,23.93458],[68.52959,23.93458],[68.52959,23.93486],[68.52903,23.93486],[68.52903,23.93514],[68.52875,23.93514],[68.52875,23.93542],[68.52847,23.93542],[68.52847,23.93569],[68.5282,23.93569],[68.52819,23.93625],[68.52792,23.93625],[68.52792,23.93653],[68.52764,23.93653],[68.52764,23.93681],[68.52736,23.93681],[68.52736,23.93736],[68.52681,23.93736],[68.52681,23.93764],[68.52653,23.93764],[68.52653,23.93875],[68.52625,23.93875],[68.52625,23.93931],[68.52597,23.93931],[68.52597,23.93986],[68.5257,23.93986],[68.5257,23.94014],[68.52541,23.94014],[68.52541,23.94069],[68.5257,23.94069],[68.5257,23.94098],[68.52625,23.94098],[68.52625,23.94125],[68.52653,23.94125],[68.52653,23.94153],[68.5268,23.94153],[68.5268,23.9418],[68.52708,23.9418],[68.52708,23.94236],[68.52736,23.94236],[68.52736,23.94264],[68.52764,23.94264],[68.52764,23.94292],[68.52819,23.94292],[68.5282,23.9432],[68.52847,23.94319],[68.52847,23.94347],[68.52875,23.94347],[68.52875,23.94375],[68.5293,23.94375],[68.5293,23.94403],[68.52959,23.94402],[68.52959,23.94431],[68.52986,23.94431],[68.52986,23.94459],[68.53181,23.94458],[68.53181,23.94486],[68.53236,23.94486],[68.53236,23.94514],[68.53264,23.94514],[68.53264,23.94542],[68.53291,23.94542],[68.53291,23.9457],[68.53486,23.9457],[68.53486,23.94597],[68.53541,23.94597]]],[[[68.47286,23.48042],[68.47292,23.48014],[68.47347,23.48014],[68.47347,23.47986],[68.4743,23.47986],[68.4743,23.47958],[68.47486,23.47958],[68.47486,23.47931],[68.47514,23.47931],[68.47514,23.47903],[68.4757,23.47903],[68.4757,23.47875],[68.47625,23.47875],[68.47625,23.47847],[68.47652,23.47847],[68.47652,23.4782],[68.47708,23.4782],[68.47708,23.47792],[68.47791,23.47792],[68.47791,23.47765],[68.47847,23.47765],[68.47847,23.47736],[68.47931,23.47736],[68.47931,23.47708],[68.48263,23.47708],[68.48263,23.47681],[68.48319,23.47681],[68.48319,23.47653],[68.48375,23.47653],[68.48375,23.47625],[68.48402,23.47625],[68.48402,23.47597],[68.48431,23.47597],[68.48431,23.4757],[68.48514,23.4757],[68.48514,23.47542],[68.48542,23.47542],[68.48542,23.47486],[68.48569,23.47486],[68.48569,23.47431],[68.48597,23.47431],[68.48597,23.47403],[68.48625,23.47403],[68.48625,23.47347],[68.48653,23.47347],[68.48653,23.47319],[68.48681,23.47319],[68.48681,23.47264],[68.48708,23.47264],[68.48708,23.47208],[68.48681,23.47208],[68.48681,23.47181],[68.48653,23.47181],[68.48653,23.47097],[68.48625,23.47097],[68.48625,23.47042],[68.48653,23.47042],[68.48653,23.46875],[68.48681,23.46875],[68.48681,23.46736],[68.48708,23.46736],[68.48708,23.46681],[68.48736,23.46681],[68.48736,23.46625],[68.48764,23.46625],[68.48764,23.46597],[68.48791,23.46597],[68.48791,23.4657],[68.4882,23.4657],[68.4882,23.46542],[68.48847,23.46542],[68.48847,23.46486],[68.48903,23.46486],[68.48903,23.46458],[68.4893,23.46458],[68.4893,23.46431],[68.48959,23.46431],[68.48959,23.46375],[68.48986,23.46375],[68.48986,23.46319],[68.49013,23.4632],[68.49013,23.46264],[68.49042,23.46264],[68.49042,23.46235],[68.49069,23.46236],[68.49069,23.4618],[68.49097,23.46181],[68.49097,23.46153],[68.49153,23.46153],[68.49153,23.46125],[68.49181,23.46125],[68.49181,23.46042],[68.49208,23.46042],[68.49208,23.45986],[68.49236,23.45986],[68.49236,23.45958],[68.49264,23.45958],[68.49264,23.45875],[68.49292,23.45875],[68.49292,23.45847],[68.49319,23.45847],[68.49319,23.45819],[68.49347,23.45819],[68.49347,23.45792],[68.49374,23.45792],[68.49374,23.45764],[68.49431,23.45764],[68.49431,23.45736],[68.49458,23.45736],[68.49458,23.45597],[68.49486,23.45597],[68.49486,23.45514],[68.49458,23.45514],[68.49458,23.45486],[68.49486,23.45486],[68.49486,23.45458],[68.49458,23.45458],[68.49458,23.45319],[68.49431,23.45319],[68.49431,23.45264],[68.49403,23.45264],[68.49403,23.45236],[68.49375,23.45236],[68.49374,23.45125],[68.49347,23.45125],[68.49347,23.45097],[68.49319,23.45097],[68.49319,23.45042],[68.49292,23.45042],[68.49292,23.44986],[68.49264,23.44986],[68.49264,23.44931],[68.49236,23.4493],[68.49236,23.44875],[68.49208,23.44875],[68.49208,23.44819],[68.49181,23.44819],[68.49181,23.44736],[68.49153,23.44736],[68.49153,23.44625],[68.49125,23.44625],[68.49125,23.44514],[68.4907,23.44514],[68.4907,23.44458],[68.49042,23.44458],[68.49042,23.43875],[68.49014,23.43875],[68.49014,23.43708],[68.48986,23.43709],[68.48986,23.43681],[68.49014,23.43681],[68.49014,23.43597],[68.48986,23.43597],[68.48986,23.43542],[68.49013,23.43542],[68.49013,23.43459],[68.48986,23.43459],[68.48986,23.43403],[68.48959,23.43403],[68.48959,23.43264],[68.48986,23.43264],[68.48986,23.42736],[68.48959,23.42736],[68.48959,23.42542],[68.4893,23.42542],[68.4893,23.42458],[68.48903,23.42458],[68.48903,23.42347],[68.48875,23.42347],[68.48875,23.42264],[68.48847,23.42264],[68.48847,23.42069],[68.4882,23.42069],[68.4882,23.41986],[68.48791,23.41986],[68.48791,23.41903],[68.48764,23.41903],[68.48764,23.41819],[68.48736,23.41819],[68.48736,23.41625],[68.48708,23.41625],[68.48708,23.41542],[68.48681,23.41542],[68.48681,23.41458],[68.48653,23.41458],[68.48653,23.41181],[68.48625,23.41181],[68.48625,23.41097],[68.48597,23.41097],[68.48597,23.41014],[68.48569,23.41014],[68.48569,23.40792],[68.48542,23.40792],[68.48542,23.4057],[68.48514,23.4057],[68.48514,23.40543],[68.48542,23.40543],[68.48542,23.40458],[68.48514,23.40458],[68.48514,23.40431],[68.48486,23.40431],[68.48486,23.40375],[68.48458,23.40375],[68.48458,23.40319],[68.48375,23.40319],[68.48375,23.40292],[68.48208,23.40292],[68.48208,23.40319],[68.48153,23.40319],[68.48153,23.40347],[68.4807,23.40347],[68.4807,23.40375],[68.48014,23.40375],[68.48014,23.40403],[68.47931,23.40403],[68.47931,23.40431],[68.47791,23.40431],[68.47791,23.40403],[68.47764,23.40403],[68.47764,23.40347],[68.47708,23.40347],[68.47708,23.40375],[68.47681,23.40375],[68.47681,23.40403],[68.47628,23.40403],[68.47625,23.40431],[68.47569,23.40431],[68.47569,23.40458],[68.47514,23.40458],[68.47514,23.40486],[68.47459,23.40486],[68.47459,23.40514],[68.47403,23.40514],[68.47403,23.40543],[68.47347,23.40543],[68.47347,23.4057],[68.4731,23.40569],[68.47292,23.40569],[68.47292,23.40597],[68.47236,23.40597],[68.47236,23.40625],[68.4718,23.40625],[68.4718,23.40653],[68.4707,23.40653],[68.4707,23.40625],[68.46957,23.40625],[68.46957,23.40653],[68.46902,23.40653],[68.46902,23.40625],[68.46819,23.40625],[68.46819,23.40597],[68.4668,23.40597],[68.4668,23.40625],[68.46609,23.40625],[68.46597,23.40625],[68.46597,23.40709],[68.46347,23.40709],[68.46347,23.40736],[68.46375,23.40736],[68.46375,23.4082],[68.46458,23.4082],[68.46458,23.40847],[68.46486,23.40847],[68.46486,23.40875],[68.46458,23.40875],[68.46458,23.40903],[68.46486,23.40903],[68.46486,23.40959],[68.46514,23.40958],[68.46514,23.40986],[68.46542,23.40986],[68.46542,23.41042],[68.46569,23.41042],[68.4657,23.4107],[68.46597,23.4107],[68.46597,23.41097],[68.46625,23.41097],[68.46625,23.41153],[68.46653,23.41153],[68.46653,23.41181],[68.4657,23.41181],[68.46569,23.41208],[68.46514,23.41208],[68.46514,23.41236],[68.46458,23.41236],[68.46458,23.41264],[68.4643,23.41264],[68.4643,23.41292],[68.46375,23.41292],[68.46375,23.4132],[68.46347,23.4132],[68.46347,23.41347],[68.46291,23.41347],[68.46291,23.41375],[68.46208,23.41375],[68.46208,23.41403],[68.46152,23.41403],[68.46152,23.41431],[68.46098,23.41431],[68.46098,23.41486],[68.4607,23.41486],[68.4607,23.41542],[68.45986,23.41542],[68.45986,23.4157],[68.45959,23.4157],[68.45959,23.41625],[68.4593,23.41625],[68.4593,23.41653],[68.45903,23.41653],[68.45903,23.41708],[68.45875,23.41708],[68.45875,23.41764],[68.45847,23.41764],[68.45847,23.41792],[68.45819,23.41792],[68.45819,23.41819],[68.45847,23.41819],[68.45847,23.41875],[68.45875,23.41875],[68.45875,23.41931],[68.45903,23.41931],[68.45903,23.41958],[68.4593,23.41958],[68.4593,23.41986],[68.46153,23.41986],[68.46152,23.41958],[68.46236,23.41958],[68.46236,23.41931],[68.46291,23.41931],[68.46291,23.41958],[68.4632,23.41958],[68.4632,23.41986],[68.46347,23.41986],[68.46347,23.42014],[68.46375,23.42014],[68.46375,23.42048],[68.46375,23.42069],[68.46403,23.42069],[68.46403,23.42097],[68.4643,23.42097],[68.4643,23.42125],[68.46458,23.42125],[68.46458,23.42153],[68.46403,23.42153],[68.46403,23.42181],[68.46375,23.42181],[68.46375,23.42208],[68.46347,23.42208],[68.46347,23.42236],[68.4632,23.42236],[68.4632,23.42292],[68.46291,23.42292],[68.46291,23.42347],[68.46264,23.42347],[68.46264,23.42375],[68.46236,23.42375],[68.46236,23.42431],[68.46208,23.42431],[68.46208,23.42514],[68.46181,23.42514],[68.46181,23.42653],[68.46236,23.42653],[68.46236,23.42681],[68.4632,23.42681],[68.4632,23.42708],[68.46375,23.42708],[68.46375,23.42736],[68.46403,23.42736],[68.46403,23.42764],[68.46376,23.42764],[68.46376,23.42792],[68.4632,23.42792],[68.4632,23.42819],[68.46181,23.42819],[68.46181,23.42847],[68.46153,23.42847],[68.46153,23.42903],[68.46125,23.42903],[68.46125,23.42958],[68.46208,23.42958],[68.46208,23.42986],[68.46152,23.42986],[68.46153,23.43014],[68.46125,23.43014],[68.46125,23.43042],[68.46098,23.43042],[68.46098,23.43069],[68.46125,23.43069],[68.46125,23.43097],[68.46152,23.43097],[68.46152,23.43125],[68.46181,23.43125],[68.46181,23.43208],[68.46208,23.43208],[68.46208,23.43292],[68.45959,23.43292],[68.45959,23.4332],[68.45903,23.43319],[68.45903,23.43347],[68.45875,23.43347],[68.45875,23.43403],[68.45903,23.43403],[68.45903,23.43431],[68.45959,23.43431],[68.45959,23.43486],[68.45986,23.43486],[68.45986,23.43681],[68.46014,23.43681],[68.46014,23.43736],[68.46125,23.43736],[68.46125,23.43764],[68.46236,23.43764],[68.46236,23.43792],[68.46264,23.43792],[68.46264,23.4382],[68.46291,23.4382],[68.46291,23.43847],[68.4632,23.43847],[68.4632,23.43875],[68.46347,23.43875],[68.46347,23.43903],[68.46458,23.43903],[68.46458,23.43931],[68.46486,23.43931],[68.46486,23.43958],[68.46542,23.43958],[68.46542,23.43986],[68.46569,23.43986],[68.4657,23.44014],[68.46597,23.44014],[68.46597,23.4407],[68.46625,23.44069],[68.46625,23.44125],[68.4668,23.44125],[68.4668,23.44154],[68.46709,23.44153],[68.46709,23.44181],[68.46736,23.44181],[68.46736,23.44208],[68.46763,23.44208],[68.46763,23.44236],[68.46736,23.44236],[68.46736,23.44264],[68.46653,23.44264],[68.46653,23.44292],[68.46403,23.44292],[68.46403,23.4432],[68.46264,23.4432],[68.46264,23.44347],[68.46152,23.44347],[68.46152,23.44375],[68.4607,23.44375],[68.4607,23.44403],[68.46042,23.44403],[68.46042,23.44458],[68.46125,23.44458],[68.46125,23.44486],[68.46153,23.44486],[68.46153,23.44514],[68.46125,23.44514],[68.46125,23.44569],[68.46098,23.44569],[68.46098,23.44625],[68.46125,23.44625],[68.46125,23.44653],[68.46153,23.44653],[68.46153,23.44681],[68.46069,23.44681],[68.46069,23.44764],[68.46098,23.44764],[68.46098,23.44847],[68.46125,23.44847],[68.46125,23.44903],[68.46152,23.44903],[68.46152,23.44958],[68.46181,23.44958],[68.46181,23.44986],[68.46208,23.44986],[68.46208,23.45016],[68.46208,23.45125],[68.46181,23.45125],[68.46181,23.45181],[68.46152,23.45181],[68.46152,23.45236],[68.46181,23.45236],[68.46181,23.45348],[68.46208,23.45348],[68.46208,23.45375],[68.46236,23.45375],[68.46236,23.45403],[68.46291,23.45403],[68.46291,23.45431],[68.46347,23.45431],[68.46347,23.45458],[68.46486,23.45458],[68.46486,23.45486],[68.4657,23.45486],[68.4657,23.45458],[68.4668,23.45458],[68.4668,23.45431],[68.46736,23.45431],[68.46736,23.45403],[68.46819,23.45403],[68.46819,23.45375],[68.46902,23.45375],[68.46902,23.45348],[68.46957,23.45348],[68.46957,23.45319],[68.4707,23.45319],[68.4707,23.45348],[68.47125,23.45348],[68.47125,23.45375],[68.47153,23.45375],[68.47153,23.45403],[68.4718,23.45403],[68.4718,23.45431],[68.47208,23.45431],[68.47208,23.45458],[68.47236,23.45458],[68.47236,23.45486],[68.47264,23.45486],[68.47264,23.45569],[68.47292,23.45569],[68.47292,23.45764],[68.4732,23.45764],[68.4732,23.45819],[68.47347,23.45819],[68.47347,23.45875],[68.47403,23.45875],[68.47403,23.45903],[68.4743,23.45903],[68.4743,23.45875],[68.47486,23.45875],[68.47486,23.45903],[68.47514,23.45903],[68.47514,23.4593],[68.47486,23.4593],[68.47486,23.45958],[68.47459,23.45958],[68.47459,23.45986],[68.47403,23.45986],[68.47403,23.45958],[68.47292,23.45958],[68.47292,23.4593],[68.47264,23.4593],[68.47264,23.45847],[68.47236,23.45847],[68.47236,23.45764],[68.47208,23.45764],[68.47208,23.45569],[68.47181,23.45569],[68.4718,23.45514],[68.47153,23.45514],[68.47153,23.45486],[68.47125,23.45486],[68.47125,23.45458],[68.47097,23.45458],[68.47097,23.45431],[68.47041,23.45431],[68.47041,23.45403],[68.46957,23.45403],[68.46957,23.45431],[68.46903,23.45431],[68.46903,23.45458],[68.46847,23.45458],[68.46848,23.45486],[68.46763,23.45486],[68.46763,23.45514],[68.46736,23.45514],[68.46736,23.45542],[68.46709,23.45542],[68.46709,23.45569],[68.4668,23.45569],[68.4668,23.45597],[68.46709,23.45597],[68.46709,23.45654],[68.46736,23.45653],[68.46736,23.45708],[68.46763,23.45708],[68.46763,23.45736],[68.46792,23.45736],[68.46792,23.45792],[68.46819,23.45792],[68.46819,23.45847],[68.46792,23.45847],[68.46792,23.45875],[68.46763,23.45875],[68.46763,23.45847],[68.46736,23.45847],[68.46736,23.45819],[68.46709,23.45819],[68.46709,23.45764],[68.4668,23.45764],[68.4668,23.45708],[68.46653,23.45708],[68.46653,23.45681],[68.46625,23.45681],[68.46625,23.45625],[68.46597,23.45625],[68.46597,23.45569],[68.46486,23.45569],[68.46486,23.45542],[68.46405,23.45542],[68.46347,23.45542],[68.46347,23.45514],[68.46291,23.45514],[68.46291,23.45486],[68.46236,23.45486],[68.46236,23.45458],[68.46208,23.45458],[68.46208,23.45431],[68.46153,23.45431],[68.46153,23.45403],[68.46042,23.45403],[68.46042,23.45375],[68.4593,23.45375],[68.4593,23.45348],[68.45847,23.45348],[68.45847,23.45319],[68.45819,23.45319],[68.45819,23.45264],[68.45792,23.45264],[68.45792,23.45208],[68.45764,23.45208],[68.45764,23.45181],[68.45653,23.45181],[68.45653,23.45153],[68.45457,23.45153],[68.45457,23.45125],[68.45375,23.45125],[68.45375,23.45097],[68.45347,23.45097],[68.45347,23.4507],[68.45292,23.4507],[68.45292,23.45041],[68.45097,23.45042],[68.45097,23.45014],[68.45042,23.45014],[68.45042,23.44986],[68.4493,23.44986],[68.4493,23.45014],[68.44876,23.45014],[68.44876,23.44931],[68.44847,23.4493],[68.44847,23.44875],[68.4482,23.44875],[68.4482,23.44764],[68.44791,23.44764],[68.44791,23.44735],[68.44736,23.44736],[68.44736,23.44708],[68.44708,23.44708],[68.44708,23.44681],[68.44681,23.44681],[68.44681,23.44653],[68.44625,23.44653],[68.44625,23.44625],[68.44597,23.44625],[68.44597,23.44597],[68.44514,23.44597],[68.44514,23.44653],[68.44486,23.44653],[68.44486,23.44681],[68.44346,23.44681],[68.44346,23.44542],[68.44403,23.44542],[68.44403,23.44458],[68.44347,23.44458],[68.44347,23.44431],[68.44292,23.44431],[68.44292,23.44403],[68.44236,23.44403],[68.44236,23.44375],[68.4418,23.44375],[68.4418,23.44403],[68.44153,23.44403],[68.44153,23.44431],[68.44097,23.44431],[68.44097,23.44458],[68.4407,23.44458],[68.4407,23.44486],[68.44014,23.44486],[68.44014,23.44458],[68.44041,23.44458],[68.44041,23.44403],[68.4407,23.44403],[68.4407,23.44347],[68.44097,23.44347],[68.44097,23.44325],[68.44097,23.44292],[68.44124,23.44292],[68.44124,23.44154],[68.44097,23.44154],[68.44097,23.44097],[68.44041,23.44097],[68.44041,23.4407],[68.44014,23.4407],[68.44014,23.44042],[68.43986,23.44042],[68.43986,23.44014],[68.43958,23.44014],[68.43958,23.43986],[68.43931,23.43986],[68.43931,23.43958],[68.43902,23.43958],[68.43902,23.43931],[68.43931,23.43931],[68.43931,23.43903],[68.43986,23.43903],[68.43986,23.43931],[68.44041,23.43931],[68.44041,23.43903],[68.44014,23.43903],[68.44014,23.43847],[68.43986,23.43847],[68.43986,23.4382],[68.43958,23.4382],[68.43958,23.43792],[68.43931,23.43792],[68.43931,23.43764],[68.43902,23.43764],[68.43902,23.43736],[68.43875,23.43736],[68.43875,23.43625],[68.43847,23.43625],[68.43847,23.43597],[68.43819,23.43597],[68.43819,23.43542],[68.43792,23.43542],[68.43792,23.4357],[68.43764,23.4357],[68.43764,23.43597],[68.43736,23.43597],[68.43734,23.43625],[68.43708,23.43625],[68.43708,23.43653],[68.43653,23.43653],[68.43653,23.43625],[68.43625,23.43625],[68.43625,23.43597],[68.43597,23.43597],[68.43597,23.43542],[68.43625,23.43542],[68.43625,23.4343],[68.43597,23.43431],[68.43597,23.43403],[68.43569,23.43403],[68.43569,23.43375],[68.43514,23.43375],[68.43514,23.43347],[68.43486,23.43347],[68.43486,23.43319],[68.43153,23.4332],[68.43153,23.43375],[68.43125,23.43375],[68.43125,23.43431],[68.43014,23.43431],[68.43014,23.43264],[68.43042,23.43264],[68.43042,23.43125],[68.42986,23.43125],[68.42986,23.4318],[68.42958,23.4318],[68.42958,23.43264],[68.4293,23.43264],[68.4293,23.43347],[68.42903,23.43347],[68.42903,23.43375],[68.42847,23.43375],[68.42847,23.43724],[68.42847,23.43736],[68.42765,23.43736],[68.42765,23.43764],[68.42708,23.43764],[68.42708,23.43792],[68.4268,23.43792],[68.4268,23.4382],[68.42625,23.4382],[68.42625,23.43847],[68.42597,23.43847],[68.42597,23.43875],[68.42542,23.43875],[68.42542,23.43903],[68.42514,23.43903],[68.42514,23.43931],[68.42458,23.43931],[68.42458,23.43958],[68.42431,23.43958],[68.42431,23.43986],[68.42014,23.43986],[68.42014,23.44014],[68.41875,23.44014],[68.41875,23.43986],[68.4182,23.43986],[68.4182,23.43931],[68.41846,23.43931],[68.41846,23.43875],[68.41875,23.43875],[68.41875,23.43819],[68.41903,23.4382],[68.41903,23.43736],[68.4193,23.43736],[68.41932,23.43653],[68.41959,23.43653],[68.41959,23.43597],[68.41986,23.43597],[68.41986,23.43542],[68.42014,23.43542],[68.42014,23.43514],[68.42042,23.43514],[68.42042,23.43486],[68.42069,23.43486],[68.42069,23.43458],[68.41959,23.43459],[68.41959,23.43403],[68.41986,23.43403],[68.41986,23.43375],[68.42014,23.43375],[68.42014,23.43347],[68.42152,23.43347],[68.42152,23.43319],[68.42431,23.4332],[68.42431,23.43375],[68.42459,23.43375],[68.42459,23.43431],[68.42625,23.43431],[68.42625,23.43403],[68.42683,23.43403],[68.42708,23.43403],[68.42708,23.43375],[68.42765,23.43375],[68.42763,23.43347],[68.42819,23.43347],[68.42819,23.43319],[68.42847,23.4332],[68.42847,23.43264],[68.42875,23.43264],[68.42875,23.43153],[68.42903,23.43153],[68.42903,23.43097],[68.42875,23.43097],[68.42875,23.43069],[68.42792,23.43069],[68.42792,23.43042],[68.42765,23.43042],[68.42765,23.43014],[68.42736,23.43014],[68.42736,23.42986],[68.42708,23.42986],[68.42708,23.42958],[68.4268,23.42958],[68.4268,23.42931],[68.42653,23.42931],[68.42653,23.42903],[68.42625,23.42903],[68.42625,23.42875],[68.42597,23.42875],[68.42597,23.42847],[68.42541,23.42847],[68.42541,23.42819],[68.42514,23.42819],[68.42514,23.42708],[68.42486,23.42708],[68.42486,23.42681],[68.42459,23.42681],[68.42459,23.42653],[68.42403,23.42653],[68.42403,23.42624],[68.42208,23.42625],[68.42208,23.42597],[68.42181,23.42597],[68.42181,23.42569],[68.42152,23.42569],[68.42152,23.42542],[68.42125,23.42542],[68.42125,23.42486],[68.42097,23.42486],[68.42097,23.42431],[68.42125,23.42431],[68.42125,23.42375],[68.42152,23.42375],[68.42152,23.42347],[68.42181,23.42347],[68.42181,23.4232],[68.42208,23.4232],[68.42208,23.42236],[68.42181,23.42236],[68.42181,23.42181],[68.42152,23.42181],[68.42152,23.42153],[68.42125,23.42153],[68.42125,23.42125],[68.42152,23.42125],[68.42152,23.42069],[68.42181,23.42069],[68.42181,23.42042],[68.42152,23.42043],[68.42152,23.42014],[68.42125,23.42014],[68.42125,23.42043],[68.42097,23.42042],[68.42097,23.42069],[68.42069,23.42069],[68.42069,23.42097],[68.42042,23.42097],[68.42042,23.42125],[68.42014,23.42125],[68.42014,23.42153],[68.41986,23.42153],[68.41986,23.42208],[68.41959,23.42208],[68.41959,23.42236],[68.4193,23.42236],[68.4193,23.42292],[68.41903,23.42292],[68.41903,23.42347],[68.41875,23.42347],[68.41875,23.42486],[68.4193,23.42486],[68.4193,23.42514],[68.41959,23.42514],[68.41959,23.42542],[68.41986,23.42542],[68.41986,23.42597],[68.41959,23.42597],[68.41959,23.42622],[68.41959,23.42681],[68.41986,23.42681],[68.41986,23.42931],[68.41911,23.42931],[68.41681,23.42931],[68.41681,23.42958],[68.41707,23.42958],[68.41707,23.42986],[68.41625,23.42986],[68.41625,23.42958],[68.41597,23.42958],[68.41597,23.42931],[68.41514,23.42931],[68.41514,23.42958],[68.41541,23.42958],[68.41541,23.43014],[68.41571,23.43014],[68.41571,23.43042],[68.41597,23.43042],[68.41597,23.43069],[68.41486,23.43069],[68.41486,23.43042],[68.41431,23.43042],[68.41431,23.43014],[68.41386,23.43014],[68.41375,23.43014],[68.41375,23.43069],[68.41347,23.43069],[68.41348,23.43125],[68.41319,23.43125],[68.41319,23.43153],[68.41292,23.43153],[68.41292,23.43208],[68.41265,23.43208],[68.41265,23.43237],[68.41292,23.43237],[68.41292,23.43264],[68.41319,23.43264],[68.41319,23.4332],[68.41347,23.43319],[68.41347,23.43459],[68.41375,23.43459],[68.41375,23.4357],[68.41347,23.4357],[68.41348,23.43625],[68.41319,23.43625],[68.41319,23.43653],[68.41402,23.43653],[68.41402,23.43764],[68.41375,23.43764],[68.41375,23.43792],[68.41347,23.43792],[68.41347,23.4382],[68.41319,23.43819],[68.41319,23.43903],[68.41292,23.43903],[68.41292,23.44014],[68.41265,23.44014],[68.41265,23.44042],[68.41236,23.44042],[68.41236,23.4407],[68.41209,23.44069],[68.41209,23.44125],[68.4118,23.44125],[68.4118,23.44154],[68.41153,23.44153],[68.41153,23.44181],[68.41209,23.44181],[68.41209,23.44347],[68.41263,23.44347],[68.41263,23.44375],[68.41319,23.44375],[68.41319,23.44347],[68.41347,23.44347],[68.41347,23.4432],[68.41431,23.4432],[68.41431,23.44375],[68.41458,23.44375],[68.41458,23.44431],[68.41531,23.44431],[68.4157,23.44431],[68.4157,23.44458],[68.41625,23.44458],[68.41625,23.44486],[68.41653,23.44486],[68.41653,23.44514],[68.41681,23.44514],[68.41681,23.44542],[68.41708,23.44542],[68.41708,23.44597],[68.41792,23.44597],[68.41792,23.44569],[68.41847,23.44569],[68.41847,23.44542],[68.41875,23.44542],[68.41875,23.44514],[68.4193,23.44514],[68.4193,23.44486],[68.41986,23.44486],[68.41986,23.44597],[68.42014,23.44597],[68.42014,23.44569],[68.42042,23.44569],[68.42042,23.44542],[68.42069,23.44542],[68.42069,23.44458],[68.42125,23.44458],[68.42125,23.44486],[68.42152,23.44486],[68.42152,23.44569],[68.42208,23.44569],[68.42208,23.44514],[68.42236,23.44514],[68.42236,23.44431],[68.42292,23.44431],[68.42292,23.44458],[68.42319,23.44458],[68.42319,23.44673],[68.42319,23.44736],[68.42375,23.44736],[68.42375,23.44681],[68.42403,23.44681],[68.42403,23.44625],[68.42458,23.44625],[68.42458,23.44764],[68.42486,23.44764],[68.42486,23.44735],[68.42514,23.44736],[68.42514,23.44681],[68.42542,23.44681],[68.42542,23.44653],[68.4257,23.44653],[68.4257,23.44597],[68.42597,23.44597],[68.42597,23.44569],[68.42625,23.44569],[68.42625,23.44514],[68.42653,23.44514],[68.42653,23.44486],[68.4268,23.44486],[68.4268,23.44431],[68.42708,23.44431],[68.42708,23.4432],[68.42736,23.4432],[68.42736,23.44292],[68.42792,23.44292],[68.42792,23.44264],[68.42847,23.44264],[68.42847,23.44236],[68.42875,23.44236],[68.42875,23.4407],[68.42903,23.4407],[68.42903,23.44042],[68.4293,23.44042],[68.4293,23.44014],[68.42986,23.44014],[68.42986,23.44042],[68.43005,23.44042],[68.43125,23.44042],[68.43125,23.43986],[68.43153,23.43986],[68.43153,23.43958],[68.43345,23.43958],[68.43345,23.44042],[68.43375,23.44042],[68.43375,23.4407],[68.4343,23.4407],[68.4343,23.44042],[68.43486,23.44042],[68.43486,23.4407],[68.43514,23.44069],[68.43514,23.44125],[68.43486,23.44125],[68.43486,23.44154],[68.4343,23.44153],[68.4343,23.44208],[68.43459,23.44208],[68.43459,23.44236],[68.43514,23.44236],[68.43514,23.44264],[68.43542,23.44264],[68.43542,23.44208],[68.43597,23.44208],[68.43597,23.44292],[68.43625,23.44292],[68.43625,23.44347],[68.43569,23.44347],[68.43569,23.44375],[68.43542,23.44375],[68.43542,23.44514],[68.43459,23.44514],[68.43459,23.44597],[68.4343,23.44597],[68.4343,23.44625],[68.43403,23.44625],[68.43403,23.44653],[68.43375,23.44653],[68.43375,23.44708],[68.4332,23.44708],[68.4332,23.44819],[68.43347,23.44819],[68.43347,23.44847],[68.4332,23.44847],[68.4332,23.44875],[68.43291,23.44875],[68.43291,23.44903],[68.43264,23.44903],[68.43264,23.45014],[68.43291,23.45014],[68.43291,23.44986],[68.43403,23.44986],[68.43403,23.44958],[68.4343,23.44958],[68.4343,23.44931],[68.43459,23.44931],[68.43459,23.44903],[68.43542,23.44903],[68.43542,23.44958],[68.43569,23.44958],[68.43569,23.44986],[68.43625,23.44986],[68.43625,23.45014],[68.43653,23.45014],[68.43653,23.45125],[68.43682,23.45125],[68.43682,23.45181],[68.43597,23.45181],[68.43597,23.45292],[68.43625,23.45292],[68.43625,23.45264],[68.43681,23.45264],[68.43681,23.45319],[68.43708,23.45319],[68.43708,23.45375],[68.43764,23.45375],[68.43764,23.45403],[68.43986,23.45403],[68.43986,23.45375],[68.44014,23.45375],[68.44014,23.45348],[68.44097,23.45348],[68.44097,23.45375],[68.44124,23.45375],[68.44124,23.45403],[68.44153,23.45403],[68.44153,23.45458],[68.44236,23.45458],[68.44236,23.45431],[68.44272,23.45431],[68.44319,23.45431],[68.44319,23.4549],[68.44319,23.45597],[68.44421,23.45597],[68.44542,23.45597],[68.44542,23.45681],[68.44569,23.45681],[68.44569,23.45753],[68.44569,23.45764],[68.4458,23.45764],[68.4493,23.45764],[68.4493,23.45792],[68.44986,23.45792],[68.44986,23.45819],[68.45014,23.45819],[68.45014,23.45847],[68.45042,23.45847],[68.45042,23.45903],[68.45069,23.45903],[68.45069,23.4593],[68.45097,23.4593],[68.45097,23.45958],[68.45125,23.45958],[68.45125,23.46014],[68.45153,23.46014],[68.45153,23.46042],[68.45182,23.46042],[68.45182,23.4607],[68.45236,23.46069],[68.45236,23.46097],[68.45264,23.46097],[68.45264,23.46125],[68.45236,23.46125],[68.45236,23.46181],[68.45264,23.4618],[68.45264,23.46236],[68.45292,23.46235],[68.45292,23.46264],[68.45319,23.46264],[68.45319,23.46375],[68.45236,23.46375],[68.45236,23.46347],[68.45208,23.46347],[68.45208,23.4632],[68.4518,23.4632],[68.4518,23.46292],[68.45153,23.46292],[68.45153,23.46264],[68.45097,23.46264],[68.45097,23.46235],[68.45069,23.46236],[68.45069,23.46209],[68.45042,23.46209],[68.45042,23.4618],[68.45014,23.46181],[68.45014,23.46153],[68.44986,23.46153],[68.44986,23.46125],[68.44958,23.46125],[68.44958,23.46097],[68.44897,23.46097],[68.4482,23.46097],[68.4482,23.46125],[68.44708,23.46125],[68.44708,23.46153],[68.44597,23.46153],[68.44597,23.46181],[68.44486,23.4618],[68.44486,23.46209],[68.44458,23.46208],[68.44458,23.46264],[68.44486,23.46264],[68.44486,23.4632],[68.44458,23.46319],[68.44458,23.46431],[68.44431,23.46431],[68.44431,23.46458],[68.44403,23.46458],[68.44403,23.46653],[68.44458,23.46653],[68.44458,23.46681],[68.44486,23.46681],[68.44486,23.46708],[68.44514,23.46708],[68.44514,23.46792],[68.44708,23.46792],[68.44708,23.4682],[68.44736,23.4682],[68.44736,23.46764],[68.4482,23.46764],[68.4482,23.4682],[68.44847,23.4682],[68.44847,23.46875],[68.44876,23.46875],[68.44876,23.46903],[68.4493,23.46903],[68.4493,23.46848],[68.44986,23.46848],[68.44986,23.46903],[68.45014,23.46903],[68.45014,23.46931],[68.45042,23.46931],[68.45042,23.46958],[68.45125,23.46958],[68.45125,23.46986],[68.45153,23.46986],[68.45153,23.46958],[68.45208,23.46958],[68.45208,23.46931],[68.45292,23.46931],[68.45292,23.46958],[68.45319,23.46958],[68.45319,23.46986],[68.45375,23.46986],[68.45375,23.46958],[68.45458,23.46958],[68.45458,23.46986],[68.45431,23.46986],[68.45431,23.47069],[68.45458,23.47069],[68.45458,23.47042],[68.45514,23.47042],[68.45514,23.47014],[68.45541,23.47014],[68.45541,23.46986],[68.45569,23.46986],[68.45569,23.46931],[68.45597,23.46931],[68.45597,23.46903],[68.45625,23.46903],[68.45625,23.46875],[68.45653,23.46875],[68.45653,23.46792],[68.4568,23.46792],[68.4568,23.46764],[68.45736,23.46764],[68.45736,23.4682],[68.45708,23.4682],[68.45708,23.46875],[68.4568,23.46875],[68.4568,23.46958],[68.45653,23.46958],[68.45653,23.46986],[68.45625,23.46986],[68.45625,23.47014],[68.45597,23.47014],[68.45597,23.47069],[68.45625,23.47069],[68.45625,23.47097],[68.45708,23.47097],[68.45708,23.47069],[68.45736,23.47069],[68.45736,23.47042],[68.45763,23.47042],[68.45763,23.47014],[68.45792,23.47014],[68.45792,23.46986],[68.45819,23.46986],[68.45819,23.46958],[68.45847,23.46958],[68.45847,23.46931],[68.45875,23.46931],[68.45875,23.46903],[68.45903,23.46903],[68.45903,23.46875],[68.4593,23.46875],[68.4593,23.46848],[68.46014,23.46847],[68.46014,23.46899],[68.46014,23.46986],[68.46042,23.46986],[68.46042,23.47458],[68.46014,23.47458],[68.46014,23.47486],[68.46042,23.47486],[68.46042,23.47514],[68.4607,23.47514],[68.4607,23.47542],[68.46125,23.47542],[68.46125,23.47625],[68.46098,23.47625],[68.46098,23.47653],[68.46042,23.47653],[68.46042,23.47736],[68.45875,23.47736],[68.45875,23.47708],[68.45847,23.47708],[68.45847,23.47681],[68.45792,23.47681],[68.45792,23.47736],[68.45764,23.47736],[68.45763,23.47818],[68.45736,23.4782],[68.45736,23.47847],[68.45708,23.47847],[68.45708,23.47875],[68.45833,23.47875],[68.45986,23.47875],[68.45986,23.47847],[68.46069,23.47847],[68.46069,23.47875],[68.46403,23.47875],[68.46403,23.47903],[68.46514,23.47903],[68.46514,23.47875],[68.46653,23.47875],[68.46653,23.47847],[68.4668,23.47847],[68.4668,23.4782],[68.46792,23.4782],[68.46792,23.47847],[68.46819,23.47847],[68.46819,23.4782],[68.46909,23.4782],[68.47014,23.4782],[68.47014,23.47847],[68.47041,23.47847],[68.47041,23.47875],[68.4707,23.47875],[68.4707,23.47931],[68.47097,23.47931],[68.47097,23.47958],[68.47109,23.47958],[68.47153,23.47958],[68.47153,23.47986],[68.47168,23.47986],[68.4718,23.47986],[68.4718,23.48014],[68.47227,23.48014],[68.47236,23.48014],[68.47236,23.48042],[68.47286,23.48042]]],[[[68.5582,23.31375],[68.5582,23.31347],[68.55847,23.31347],[68.55847,23.31319],[68.55875,23.31319],[68.55875,23.31292],[68.55903,23.31292],[68.55903,23.31264],[68.5593,23.31264],[68.5593,23.31223],[68.5593,23.31223],[68.5593,23.31208],[68.55958,23.31208],[68.55958,23.31153],[68.55986,23.31153],[68.55986,23.31097],[68.56014,23.31097],[68.56014,23.31042],[68.56042,23.31042],[68.56042,23.30986],[68.56069,23.30986],[68.56069,23.30904],[68.56097,23.30904],[68.56097,23.30847],[68.56125,23.30847],[68.56125,23.30764],[68.56153,23.30764],[68.56153,23.3068],[68.5618,23.30681],[68.5618,23.30597],[68.56208,23.30598],[68.56208,23.30542],[68.56236,23.30542],[68.56236,23.30458],[68.56264,23.30458],[68.56264,23.30375],[68.56292,23.30375],[68.56292,23.30319],[68.56319,23.3032],[68.56319,23.30264],[68.56347,23.30264],[68.56347,23.30181],[68.56375,23.30181],[68.56375,23.30125],[68.56403,23.30125],[68.56403,23.3007],[68.56431,23.3007],[68.56431,23.30153],[68.56458,23.30153],[68.56458,23.30209],[68.5668,23.30209],[68.5668,23.30181],[68.56736,23.30181],[68.56736,23.30153],[68.56764,23.30153],[68.56764,23.30125],[68.56792,23.30125],[68.56792,23.30097],[68.56875,23.30097],[68.56875,23.3007],[68.56986,23.30069],[68.56986,23.30042],[68.57042,23.30042],[68.57042,23.29931],[68.57069,23.29931],[68.57069,23.29764],[68.57097,23.29764],[68.57097,23.29708],[68.57125,23.29708],[68.57125,23.29625],[68.57153,23.29625],[68.57152,23.29597],[68.57181,23.29597],[68.57181,23.29569],[68.57236,23.29569],[68.57236,23.29542],[68.57264,23.29542],[68.57264,23.29514],[68.57291,23.29514],[68.57291,23.29486],[68.57347,23.29486],[68.57347,23.29458],[68.57403,23.29458],[68.57403,23.29431],[68.57486,23.29431],[68.57486,23.29458],[68.57515,23.29458],[68.57515,23.29514],[68.57486,23.29514],[68.57486,23.29569],[68.57458,23.29569],[68.57458,23.29625],[68.5743,23.29625],[68.5743,23.29653],[68.57403,23.29653],[68.57403,23.29681],[68.57375,23.29681],[68.57375,23.29708],[68.57347,23.29708],[68.57347,23.29736],[68.5732,23.29736],[68.5732,23.29792],[68.57291,23.29792],[68.57291,23.29819],[68.57264,23.29819],[68.57264,23.29958],[68.57236,23.29958],[68.57236,23.30014],[68.57208,23.30014],[68.57208,23.30042],[68.57181,23.30042],[68.57181,23.30097],[68.57153,23.30097],[68.57153,23.30153],[68.57181,23.30153],[68.57181,23.30236],[68.57208,23.30236],[68.57208,23.30347],[68.57236,23.30347],[68.57236,23.30375],[68.57398,23.30375],[68.57398,23.30375],[68.57515,23.30375],[68.57515,23.30347],[68.57569,23.30347],[68.57569,23.3032],[68.57625,23.3032],[68.57625,23.30294],[68.57625,23.30294],[68.57625,23.30292],[68.57708,23.30292],[68.57708,23.30264],[68.57764,23.30264],[68.57764,23.30236],[68.57818,23.30236],[68.57818,23.30208],[68.57958,23.30209],[68.57958,23.30181],[68.58041,23.30181],[68.58041,23.30153],[68.58096,23.30153],[68.58096,23.30125],[68.5818,23.30125],[68.5818,23.30097],[68.58236,23.30097],[68.58236,23.3007],[68.58264,23.30069],[68.58264,23.30042],[68.58292,23.30042],[68.58292,23.30014],[68.58347,23.30014],[68.58347,23.29985],[68.58486,23.29986],[68.58486,23.29958],[68.58514,23.29958],[68.58514,23.2993],[68.58542,23.29931],[68.58542,23.29903],[68.58569,23.29903],[68.58569,23.29819],[68.58597,23.29819],[68.58597,23.29681],[68.58625,23.29681],[68.58625,23.29648],[68.58625,23.29625],[68.58653,23.29625],[68.58652,23.29569],[68.58681,23.29569],[68.58681,23.29542],[68.58709,23.29542],[68.58709,23.29514],[68.58736,23.29514],[68.58736,23.29486],[68.58764,23.29486],[68.58766,23.29514],[68.5879,23.29514],[68.5879,23.29542],[68.58819,23.29542],[68.58819,23.29597],[68.58847,23.29597],[68.58847,23.29653],[68.58875,23.29653],[68.58875,23.29764],[68.58847,23.29764],[68.58847,23.29792],[68.58819,23.29792],[68.58819,23.29819],[68.5879,23.29819],[68.5879,23.29875],[68.58764,23.29875],[68.58764,23.29958],[68.58736,23.29958],[68.58736,23.30097],[68.58708,23.30097],[68.58709,23.30125],[68.58681,23.30125],[68.58681,23.30153],[68.58652,23.30153],[68.58652,23.30209],[68.58597,23.30209],[68.58597,23.30153],[68.58542,23.30153],[68.58542,23.30181],[68.58486,23.30181],[68.58486,23.30209],[68.58459,23.30208],[68.58459,23.30264],[68.5843,23.30264],[68.5843,23.30486],[68.58403,23.30486],[68.58403,23.30514],[68.58347,23.30514],[68.58347,23.30542],[68.58319,23.30542],[68.58319,23.3057],[68.58264,23.30569],[68.58264,23.30598],[68.58236,23.30598],[68.58236,23.30625],[68.58208,23.30625],[68.58208,23.30764],[68.5818,23.30764],[68.5818,23.30847],[68.58208,23.30847],[68.58208,23.30904],[68.5818,23.30903],[68.5818,23.30958],[68.58208,23.30958],[68.58208,23.31014],[68.58236,23.31014],[68.58236,23.30986],[68.58292,23.30986],[68.58292,23.30958],[68.58319,23.30958],[68.58319,23.30931],[68.58347,23.30931],[68.58347,23.30875],[68.58375,23.30875],[68.58375,23.30847],[68.5843,23.30847],[68.5843,23.3082],[68.58459,23.3082],[68.58459,23.30792],[68.58514,23.30792],[68.58514,23.30764],[68.58542,23.30764],[68.58542,23.30736],[68.58597,23.30736],[68.58597,23.30708],[68.58652,23.30708],[68.58652,23.30681],[68.58681,23.30681],[68.58681,23.30653],[68.58736,23.30653],[68.58736,23.30625],[68.58819,23.30625],[68.58819,23.30598],[68.58903,23.30598],[68.58903,23.30569],[68.5893,23.3057],[68.5893,23.30542],[68.58958,23.30542],[68.58958,23.30514],[68.58986,23.30514],[68.58986,23.30486],[68.59015,23.30486],[68.59014,23.30431],[68.5907,23.30431],[68.5907,23.30403],[68.59097,23.30403],[68.59097,23.30375],[68.59153,23.30375],[68.59153,23.30347],[68.5918,23.30347],[68.5918,23.3032],[68.59209,23.3032],[68.59209,23.30292],[68.59236,23.30292],[68.59236,23.30264],[68.59292,23.30264],[68.59292,23.30236],[68.59319,23.30236],[68.59319,23.30208],[68.59348,23.30209],[68.59348,23.30181],[68.59375,23.30181],[68.59375,23.30153],[68.59431,23.30153],[68.59431,23.30125],[68.59458,23.30125],[68.59458,23.30097],[68.59486,23.30097],[68.59486,23.3007],[68.59514,23.30069],[68.59514,23.30042],[68.59541,23.30042],[68.59541,23.29985],[68.5957,23.29986],[68.5957,23.29958],[68.59625,23.29958],[68.59625,23.30014],[68.59653,23.30014],[68.59653,23.30042],[68.5968,23.30042],[68.59681,23.30014],[68.59731,23.30014],[68.5975,23.30014],[68.59875,23.30014],[68.59875,23.29985],[68.60236,23.29986],[68.60236,23.2993],[68.60264,23.29931],[68.60264,23.29903],[68.6032,23.29903],[68.6032,23.29931],[68.60457,23.29931],[68.60457,23.29903],[68.60513,23.29903],[68.60513,23.29875],[68.6057,23.29875],[68.6057,23.29847],[68.60621,23.29847],[68.60709,23.29847],[68.60709,23.29764],[68.60764,23.29764],[68.60764,23.29736],[68.60875,23.29736],[68.60875,23.29708],[68.60986,23.29708],[68.60986,23.29681],[68.61153,23.29681],[68.61153,23.29653],[68.61208,23.29653],[68.61208,23.29569],[68.60819,23.29569],[68.60819,23.29542],[68.60736,23.29542],[68.60736,23.29486],[68.60764,23.29486],[68.60764,23.29458],[68.60792,23.29458],[68.60792,23.29431],[68.60847,23.29431],[68.60847,23.29404],[68.60931,23.29404],[68.60931,23.29375],[68.60986,23.29375],[68.60986,23.29347],[68.61014,23.29347],[68.61014,23.29292],[68.61042,23.29292],[68.61042,23.29264],[68.61126,23.29264],[68.61126,23.29236],[68.61181,23.29236],[68.61181,23.29208],[68.61208,23.29208],[68.61208,23.29153],[68.61181,23.29153],[68.61181,23.29125],[68.61153,23.29125],[68.61153,23.2907],[68.61126,23.2907],[68.61126,23.29042],[68.61097,23.29042],[68.61097,23.28986],[68.61069,23.28986],[68.61069,23.28958],[68.61042,23.28958],[68.61042,23.28903],[68.61069,23.28903],[68.61069,23.28819],[68.61042,23.28819],[68.61042,23.28708],[68.61014,23.28708],[68.61014,23.28542],[68.61042,23.28542],[68.61042,23.28375],[68.61069,23.28375],[68.61069,23.28264],[68.61097,23.28264],[68.61097,23.28208],[68.61125,23.28208],[68.61125,23.28153],[68.61153,23.28153],[68.61153,23.28097],[68.61181,23.28097],[68.61181,23.28014],[68.61208,23.28014],[68.61208,23.27958],[68.61236,23.27958],[68.61236,23.27903],[68.61264,23.27903],[68.61264,23.27847],[68.61286,23.27847],[68.61286,23.27847],[68.61291,23.27847],[68.61291,23.27792],[68.6132,23.27792],[68.6132,23.27736],[68.61347,23.27736],[68.61347,23.27681],[68.61375,23.27681],[68.61375,23.27625],[68.61403,23.27625],[68.61403,23.27568],[68.6143,23.2757],[68.6143,23.27459],[68.61458,23.27459],[68.61458,23.27375],[68.61486,23.27375],[68.61486,23.27153],[68.6143,23.27153],[68.6143,23.27125],[68.61208,23.27125],[68.61208,23.27153],[68.61177,23.27153],[68.61177,23.27153],[68.61125,23.27153],[68.61125,23.2718],[68.61097,23.2718],[68.61097,23.27208],[68.61069,23.27208],[68.61069,23.27236],[68.61042,23.27236],[68.61042,23.27264],[68.61014,23.27264],[68.61014,23.27292],[68.60986,23.27291],[68.60986,23.2732],[68.60736,23.2732],[68.60736,23.27347],[68.60625,23.27347],[68.60625,23.2732],[68.60653,23.2732],[68.60653,23.27291],[68.6068,23.27292],[68.6068,23.27264],[68.60709,23.27264],[68.60709,23.27208],[68.60736,23.27208],[68.60736,23.27153],[68.60764,23.27153],[68.60764,23.27069],[68.60736,23.27069],[68.60736,23.26958],[68.60709,23.26958],[68.60709,23.26903],[68.6068,23.26903],[68.6068,23.26875],[68.60625,23.26875],[68.60625,23.26847],[68.60597,23.26847],[68.60597,23.26819],[68.60236,23.26819],[68.60236,23.26847],[68.60209,23.26847],[68.60209,23.26903],[68.60181,23.26903],[68.60181,23.26958],[68.60152,23.26958],[68.60152,23.27042],[68.60125,23.27042],[68.60125,23.27236],[68.60097,23.27236],[68.60097,23.27292],[68.59986,23.27292],[68.59986,23.27208],[68.59959,23.27208],[68.59959,23.27125],[68.59986,23.27125],[68.59986,23.27014],[68.59959,23.27014],[68.59959,23.26958],[68.5993,23.26958],[68.5993,23.26903],[68.59903,23.26903],[68.59903,23.26875],[68.59875,23.26875],[68.59875,23.26847],[68.59847,23.26847],[68.59847,23.26819],[68.5957,23.26819],[68.5957,23.26764],[68.59514,23.26764],[68.59514,23.26736],[68.59458,23.26736],[68.59458,23.26708],[68.59209,23.26708],[68.59209,23.26681],[68.59153,23.26681],[68.59153,23.26653],[68.59097,23.26653],[68.59097,23.26625],[68.5907,23.26625],[68.5907,23.26597],[68.59014,23.26597],[68.59014,23.26569],[68.58958,23.26569],[68.58958,23.26542],[68.5893,23.26542],[68.5893,23.26514],[68.58875,23.26514],[68.58875,23.26486],[68.58847,23.26486],[68.58847,23.26458],[68.58791,23.26458],[68.58791,23.26431],[68.58764,23.26431],[68.58764,23.26403],[68.58653,23.26403],[68.58653,23.26374],[68.58542,23.26375],[68.58542,23.26347],[68.58459,23.26347],[68.58459,23.2632],[68.58347,23.2632],[68.58347,23.26292],[68.58236,23.26292],[68.58236,23.26264],[68.58014,23.26264],[68.58014,23.26236],[68.57819,23.26236],[68.57819,23.26208],[68.57597,23.26208],[68.57597,23.26181],[68.57515,23.2618],[68.57514,23.26153],[68.57375,23.26153],[68.57375,23.26125],[68.5734,23.26125],[68.5734,23.26125],[68.57291,23.26125],[68.57291,23.26097],[68.57236,23.26097],[68.57236,23.26069],[68.57208,23.26069],[68.57208,23.26042],[68.57181,23.26042],[68.57181,23.25986],[68.57152,23.25986],[68.57152,23.25931],[68.57125,23.25931],[68.57125,23.25903],[68.57097,23.25903],[68.57097,23.25764],[68.57181,23.25764],[68.57181,23.25708],[68.57403,23.25708],[68.57403,23.25736],[68.57486,23.25736],[68.57486,23.25764],[68.57764,23.25764],[68.57764,23.2557],[68.57792,23.2557],[68.57792,23.25542],[68.57848,23.25542],[68.57848,23.25514],[68.57903,23.25514],[68.57903,23.25487],[68.58096,23.25487],[68.58096,23.25514],[68.58153,23.25514],[68.58153,23.25542],[68.58264,23.25542],[68.58264,23.25514],[68.58319,23.25514],[68.58319,23.25458],[68.58347,23.25458],[68.58347,23.25431],[68.58375,23.25431],[68.58375,23.25403],[68.58403,23.25403],[68.58403,23.25375],[68.5843,23.25375],[68.5843,23.25292],[68.58403,23.25292],[68.58403,23.25264],[68.58375,23.25264],[68.58375,23.25236],[68.58347,23.25236],[68.58347,23.25208],[68.58319,23.25208],[68.58319,23.25181],[68.58125,23.25181],[68.58125,23.25208],[68.5807,23.25208],[68.5807,23.25236],[68.57958,23.25236],[68.57958,23.25208],[68.57875,23.25208],[68.57875,23.25181],[68.57597,23.25181],[68.57597,23.25153],[68.57347,23.25153],[68.57347,23.25125],[68.57291,23.25125],[68.57291,23.25042],[68.5732,23.25042],[68.5732,23.24958],[68.57347,23.24959],[68.57347,23.24931],[68.57515,23.24931],[68.57515,23.24903],[68.57542,23.24903],[68.57542,23.24874],[68.57569,23.24875],[68.57569,23.24764],[68.57515,23.24764],[68.57514,23.24641],[68.57514,23.24625],[68.57486,23.24625],[68.57486,23.2457],[68.57403,23.2457],[68.57403,23.24514],[68.5732,23.24514],[68.5732,23.24542],[68.57291,23.24542],[68.57291,23.2457],[68.57236,23.24569],[68.57236,23.24597],[68.57181,23.24597],[68.57181,23.24625],[68.57153,23.24625],[68.57153,23.24653],[68.57097,23.24653],[68.57097,23.24681],[68.57042,23.2468],[68.57042,23.24709],[68.57014,23.24708],[68.57014,23.24736],[68.56986,23.24736],[68.56986,23.24756],[68.56986,23.24764],[68.56958,23.24764],[68.56958,23.2482],[68.5693,23.2482],[68.5693,23.24847],[68.56903,23.24847],[68.56903,23.24875],[68.56875,23.24874],[68.56875,23.24903],[68.56902,23.24903],[68.56902,23.25014],[68.56875,23.25014],[68.56875,23.25042],[68.56847,23.25042],[68.56847,23.2507],[68.56819,23.2507],[68.56819,23.25097],[68.56764,23.25097],[68.56764,23.25125],[68.5668,23.25125],[68.5668,23.25153],[68.56597,23.25153],[68.56597,23.25181],[68.56514,23.25181],[68.56514,23.25208],[68.56375,23.25208],[68.56375,23.25236],[68.5632,23.25236],[68.5632,23.25236],[68.56236,23.25236],[68.56236,23.25264],[68.56181,23.25264],[68.56181,23.25292],[68.56125,23.25292],[68.56125,23.2532],[68.56052,23.2532],[68.56014,23.2532],[68.56014,23.25347],[68.55875,23.25347],[68.55875,23.25375],[68.55847,23.25375],[68.55847,23.25431],[68.5582,23.25431],[68.5582,23.25458],[68.55764,23.25458],[68.55764,23.25487],[68.55736,23.25487],[68.55736,23.25514],[68.55708,23.25514],[68.55708,23.2557],[68.55736,23.2557],[68.55736,23.25625],[68.55708,23.25625],[68.55708,23.25653],[68.55653,23.25653],[68.55653,23.25681],[68.55625,23.25681],[68.55625,23.25708],[68.55569,23.25708],[68.55569,23.25736],[68.55514,23.25736],[68.55514,23.25764],[68.55458,23.25764],[68.55458,23.25793],[68.55431,23.25792],[68.55431,23.25819],[68.55403,23.25819],[68.55403,23.25847],[68.55347,23.25847],[68.55347,23.25875],[68.55319,23.25875],[68.55319,23.25903],[68.55264,23.25903],[68.55264,23.25931],[68.55209,23.25931],[68.55209,23.25958],[68.55179,23.25958],[68.55179,23.25986],[68.5507,23.25986],[68.5507,23.26014],[68.55014,23.26014],[68.55014,23.26042],[68.54986,23.26042],[68.54986,23.26069],[68.54958,23.26069],[68.54958,23.26097],[68.54903,23.26097],[68.54903,23.26125],[68.54847,23.26125],[68.54847,23.26153],[68.54764,23.26153],[68.54764,23.2618],[68.54736,23.26181],[68.54736,23.26208],[68.54708,23.26208],[68.54708,23.26264],[68.54681,23.26264],[68.54681,23.26292],[68.54652,23.26292],[68.54652,23.2632],[68.54625,23.2632],[68.54625,23.26347],[68.54597,23.26347],[68.54597,23.26514],[68.54569,23.26514],[68.54569,23.26542],[68.54513,23.26542],[68.54513,23.26569],[68.5432,23.26569],[68.5432,23.26514],[68.54208,23.26514],[68.54208,23.26542],[68.54181,23.26542],[68.54181,23.26569],[68.54097,23.26569],[68.54097,23.26597],[68.5407,23.26597],[68.5407,23.26653],[68.54041,23.26653],[68.54041,23.26931],[68.54014,23.26931],[68.54014,23.26987],[68.53986,23.26987],[68.53986,23.27042],[68.53931,23.27042],[68.53931,23.27069],[68.53902,23.27069],[68.53902,23.27097],[68.53848,23.27097],[68.53848,23.27125],[68.53819,23.27125],[68.53819,23.27292],[68.53792,23.27292],[68.53792,23.27459],[68.53819,23.27458],[68.53819,23.27514],[68.53848,23.27514],[68.53848,23.2757],[68.53875,23.2757],[68.53875,23.27958],[68.53902,23.27958],[68.53902,23.28014],[68.53931,23.28014],[68.53931,23.2807],[68.53958,23.2807],[68.53958,23.28125],[68.53986,23.28125],[68.53986,23.28264],[68.54014,23.28264],[68.54014,23.28347],[68.54041,23.28347],[68.54041,23.28431],[68.54069,23.28431],[68.54069,23.28486],[68.54097,23.28485],[68.54097,23.28514],[68.54208,23.28514],[68.54208,23.28485],[68.54236,23.28485],[68.54236,23.28514],[68.54264,23.28514],[68.54264,23.28542],[68.5432,23.28542],[68.5432,23.28597],[68.54403,23.28597],[68.54403,23.28569],[68.5443,23.28569],[68.5443,23.28542],[68.54459,23.28542],[68.54459,23.28485],[68.54486,23.28486],[68.54486,23.28431],[68.54514,23.28431],[68.54514,23.28403],[68.54542,23.28403],[68.54542,23.28347],[68.54569,23.28347],[68.54569,23.28319],[68.54625,23.28319],[68.54625,23.28292],[68.54736,23.28292],[68.54736,23.28264],[68.54792,23.28264],[68.54792,23.28236],[68.54625,23.28236],[68.54625,23.28208],[68.54542,23.28208],[68.54542,23.27903],[68.54569,23.27903],[68.54569,23.27875],[68.54597,23.27875],[68.54597,23.27819],[68.54625,23.2782],[68.54625,23.27792],[68.54736,23.27792],[68.54736,23.27764],[68.54819,23.27764],[68.54819,23.27736],[68.54986,23.27736],[68.54986,23.27764],[68.55042,23.27764],[68.55042,23.27792],[68.55153,23.27792],[68.55153,23.27764],[68.55209,23.27764],[68.55209,23.27736],[68.55236,23.27736],[68.55236,23.27708],[68.55264,23.27708],[68.55264,23.27681],[68.55292,23.27681],[68.55292,23.27625],[68.55303,23.27625],[68.55319,23.27625],[68.55319,23.27597],[68.55347,23.27597],[68.55347,23.2757],[68.55375,23.2757],[68.55375,23.27542],[68.55431,23.27542],[68.55431,23.27486],[68.55486,23.27486],[68.55486,23.27458],[68.55514,23.27459],[68.55514,23.2743],[68.55625,23.27431],[68.55625,23.27403],[68.55736,23.27403],[68.55736,23.27431],[68.55764,23.27431],[68.55764,23.27681],[68.55791,23.27681],[68.55791,23.27708],[68.5582,23.27708],[68.5582,23.27764],[68.55903,23.27764],[68.55903,23.27736],[68.55959,23.27736],[68.55958,23.27708],[68.56042,23.27708],[68.56042,23.27681],[68.56069,23.27681],[68.56069,23.27653],[68.56097,23.27653],[68.56097,23.27681],[68.56125,23.27681],[68.56125,23.27708],[68.5618,23.27708],[68.5618,23.27736],[68.56208,23.27736],[68.56208,23.27764],[68.56264,23.27764],[68.56264,23.27792],[68.56292,23.27792],[68.56292,23.2782],[68.56347,23.2782],[68.56347,23.27847],[68.56431,23.27847],[68.56431,23.2807],[68.56403,23.2807],[68.56403,23.28097],[68.56375,23.28097],[68.56375,23.28125],[68.56347,23.28125],[68.56347,23.28181],[68.56403,23.28181],[68.56403,23.28208],[68.56431,23.28208],[68.56431,23.28236],[68.56458,23.28236],[68.56458,23.28264],[68.56486,23.28264],[68.56486,23.28347],[68.56514,23.28347],[68.56514,23.28375],[68.56625,23.28375],[68.56625,23.28319],[68.56653,23.28319],[68.56653,23.2806],[68.56653,23.28042],[68.5668,23.28042],[68.5668,23.2807],[68.56736,23.2807],[68.56736,23.28097],[68.56764,23.28097],[68.56764,23.28125],[68.56792,23.28125],[68.56792,23.28208],[68.56819,23.28208],[68.56819,23.28298],[68.56819,23.28486],[68.56736,23.28485],[68.56736,23.28514],[68.56709,23.28514],[68.56709,23.28542],[68.5668,23.28542],[68.5668,23.28569],[68.56653,23.28569],[68.56653,23.28597],[68.56625,23.28597],[68.56625,23.28625],[68.56595,23.28625],[68.56595,23.28681],[68.56514,23.28681],[68.56514,23.28653],[68.56347,23.28653],[68.56347,23.28681],[68.56069,23.28681],[68.56069,23.28708],[68.55958,23.28708],[68.55959,23.28736],[68.5593,23.28736],[68.5593,23.28764],[68.55903,23.28764],[68.55903,23.28792],[68.55875,23.28792],[68.55875,23.28819],[68.55847,23.28819],[68.55847,23.28847],[68.5582,23.28847],[68.5582,23.28875],[68.55791,23.28875],[68.55791,23.28903],[68.55764,23.28903],[68.55764,23.28931],[68.55736,23.28931],[68.55736,23.28958],[68.55708,23.28958],[68.55708,23.28986],[68.55681,23.28986],[68.55681,23.29042],[68.55653,23.29042],[68.55653,23.29098],[68.55625,23.29098],[68.55625,23.29153],[68.55597,23.29153],[68.55597,23.29208],[68.55569,23.29208],[68.55569,23.29264],[68.55542,23.29264],[68.55542,23.29319],[68.55514,23.29319],[68.55514,23.29375],[68.55486,23.29375],[68.55486,23.29431],[68.55458,23.29431],[68.55458,23.29458],[68.55431,23.29458],[68.55431,23.29514],[68.55403,23.29514],[68.55403,23.29569],[68.55375,23.29569],[68.55375,23.29625],[68.55347,23.29625],[68.55347,23.29681],[68.55319,23.29681],[68.55319,23.29764],[68.55347,23.29764],[68.55347,23.29958],[68.55375,23.29958],[68.55375,23.30153],[68.55402,23.30153],[68.55402,23.30375],[68.55431,23.30375],[68.55431,23.30625],[68.55458,23.30625],[68.55458,23.3078],[68.55458,23.3078],[68.55458,23.30875],[68.55486,23.30875],[68.55486,23.30986],[68.55514,23.30986],[68.55514,23.31069],[68.55542,23.31069],[68.55542,23.31181],[68.55569,23.31181],[68.55569,23.31236],[68.55597,23.31236],[68.55597,23.31264],[68.55625,23.31264],[68.55625,23.31292],[68.55653,23.31292],[68.55653,23.31319],[68.55681,23.31319],[68.55681,23.31347],[68.55708,23.31347],[68.55708,23.31375],[68.5582,23.31375]]],[[[68.48514,23.59264],[68.48514,23.59181],[68.48542,23.59181],[68.48542,23.58875],[68.48569,23.58875],[68.48569,23.58764],[68.48542,23.58764],[68.48542,23.58681],[68.48514,23.58681],[68.48514,23.58625],[68.48486,23.58625],[68.48486,23.58597],[68.48458,23.58597],[68.48458,23.58486],[68.48431,23.58486],[68.48431,23.58431],[68.48402,23.58431],[68.48402,23.58375],[68.48375,23.58375],[68.48375,23.58042],[68.48402,23.58042],[68.48402,23.57958],[68.48431,23.57958],[68.48431,23.57903],[68.48458,23.57903],[68.48458,23.57847],[68.48486,23.57847],[68.48486,23.57764],[68.48514,23.57764],[68.48514,23.57625],[68.48542,23.57625],[68.48542,23.57514],[68.48514,23.57514],[68.48514,23.57486],[68.48486,23.57486],[68.48486,23.57458],[68.48458,23.57458],[68.48458,23.57403],[68.48402,23.57403],[68.48402,23.57347],[68.48375,23.57347],[68.48375,23.5732],[68.48347,23.5732],[68.48347,23.57292],[68.48319,23.57292],[68.48319,23.57264],[68.48292,23.57264],[68.48292,23.57236],[68.48236,23.57236],[68.48236,23.57208],[68.48208,23.57208],[68.48208,23.57153],[68.4818,23.57153],[68.4818,23.57097],[68.48153,23.57097],[68.48153,23.57042],[68.48125,23.57042],[68.48125,23.57014],[68.48097,23.57014],[68.48097,23.56958],[68.4807,23.56959],[68.4807,23.56903],[68.48042,23.56903],[68.48042,23.56847],[68.48014,23.56847],[68.48014,23.56792],[68.47986,23.56793],[68.47986,23.56625],[68.48014,23.56625],[68.48014,23.56542],[68.48042,23.56542],[68.48042,23.56514],[68.48097,23.56514],[68.48097,23.56458],[68.48125,23.56458],[68.48125,23.56403],[68.48153,23.56403],[68.48153,23.56375],[68.48125,23.56375],[68.48125,23.56319],[68.48097,23.56319],[68.48097,23.56208],[68.48125,23.56208],[68.48125,23.56125],[68.4807,23.56125],[68.4807,23.56097],[68.47931,23.56097],[68.47931,23.56125],[68.47876,23.56125],[68.47876,23.56153],[68.47847,23.56153],[68.47847,23.56181],[68.47903,23.56181],[68.47903,23.56208],[68.47931,23.56208],[68.47931,23.56264],[68.47764,23.56264],[68.47764,23.56292],[68.47708,23.56292],[68.47708,23.56319],[68.47681,23.56319],[68.47681,23.56403],[68.47652,23.56403],[68.47652,23.56431],[68.47599,23.56431],[68.47599,23.56403],[68.47542,23.56403],[68.47542,23.56375],[68.47514,23.56375],[68.47514,23.56347],[68.47459,23.56347],[68.47459,23.56319],[68.47403,23.56319],[68.47403,23.56292],[68.47347,23.56292],[68.47347,23.56236],[68.47375,23.56236],[68.47375,23.5618],[68.47403,23.56181],[68.47403,23.56153],[68.4743,23.56153],[68.4743,23.56042],[68.47459,23.56042],[68.47459,23.55931],[68.4743,23.55931],[68.4743,23.55874],[68.47403,23.55875],[68.47403,23.5582],[68.47375,23.5582],[68.47375,23.55792],[68.4732,23.55792],[68.4732,23.55764],[68.47125,23.55764],[68.47125,23.55792],[68.47097,23.55792],[68.47097,23.5582],[68.46875,23.5582],[68.46875,23.55708],[68.46903,23.55708],[68.46903,23.55653],[68.4707,23.55653],[68.4707,23.55625],[68.47125,23.55625],[68.47125,23.5557],[68.47097,23.5557],[68.47097,23.55542],[68.4707,23.55542],[68.4707,23.55514],[68.47014,23.55514],[68.47014,23.55486],[68.46957,23.55486],[68.46957,23.55458],[68.46931,23.55458],[68.46931,23.55431],[68.46902,23.55431],[68.46902,23.55403],[68.46875,23.55403],[68.46875,23.55375],[68.46848,23.55375],[68.46848,23.55319],[68.46819,23.55319],[68.46819,23.55292],[68.46763,23.55293],[68.46763,23.55264],[68.46736,23.55264],[68.46736,23.55236],[68.4668,23.55236],[68.4668,23.55208],[68.46653,23.55208],[68.46653,23.55181],[68.46625,23.55181],[68.46625,23.55153],[68.46542,23.55153],[68.46542,23.55125],[68.46486,23.55125],[68.46486,23.55097],[68.4643,23.55097],[68.4643,23.55069],[68.46347,23.55069],[68.46347,23.55097],[68.4632,23.55097],[68.4632,23.55375],[68.46291,23.55375],[68.46291,23.55403],[68.46181,23.55403],[68.46181,23.55236],[68.46208,23.55236],[68.46208,23.55125],[68.46098,23.55125],[68.46098,23.55097],[68.46125,23.55097],[68.46125,23.55042],[68.46153,23.55042],[68.46153,23.54986],[68.46125,23.54986],[68.46125,23.54931],[68.46098,23.54931],[68.46098,23.54903],[68.4607,23.54903],[68.4607,23.54875],[68.46014,23.54875],[68.46014,23.54847],[68.45986,23.54847],[68.45986,23.5482],[68.45959,23.5482],[68.45959,23.54792],[68.45903,23.54792],[68.45903,23.54764],[68.45819,23.54764],[68.45819,23.54736],[68.45764,23.54736],[68.45764,23.54708],[68.45708,23.54708],[68.45708,23.54681],[68.4568,23.54681],[68.4568,23.54653],[68.45625,23.54653],[68.45625,23.54625],[68.45569,23.54625],[68.45569,23.54597],[68.45486,23.54597],[68.45486,23.5457],[68.45431,23.5457],[68.45431,23.54542],[68.45403,23.54542],[68.45403,23.54514],[68.45375,23.54514],[68.45375,23.54486],[68.45347,23.54486],[68.45347,23.54458],[68.45319,23.54458],[68.45319,23.54431],[68.45292,23.54431],[68.45292,23.54403],[68.45264,23.54403],[68.45264,23.54347],[68.45236,23.54347],[68.45236,23.5432],[68.45208,23.5432],[68.45208,23.54292],[68.45153,23.54292],[68.45153,23.54264],[68.45097,23.54264],[68.45097,23.54236],[68.45014,23.54236],[68.45014,23.54208],[68.44958,23.54209],[68.44958,23.5418],[68.44903,23.54181],[68.44903,23.54153],[68.44847,23.54153],[68.44847,23.54125],[68.4482,23.54125],[68.4482,23.54097],[68.44791,23.54097],[68.44791,23.54069],[68.44736,23.5407],[68.44736,23.54042],[68.44625,23.54042],[68.44625,23.54014],[68.44597,23.54014],[68.44597,23.53958],[68.44569,23.53958],[68.44569,23.53903],[68.44542,23.53903],[68.44542,23.53847],[68.44514,23.53847],[68.44514,23.53819],[68.44486,23.53819],[68.44486,23.53792],[68.44458,23.53792],[68.44458,23.53763],[68.44431,23.53764],[68.44431,23.53736],[68.44403,23.53736],[68.44403,23.53708],[68.44375,23.53708],[68.44375,23.53681],[68.44346,23.53681],[68.44346,23.53625],[68.44319,23.53625],[68.44319,23.53597],[68.44292,23.53597],[68.44292,23.53569],[68.44264,23.53569],[68.44264,23.53514],[68.44236,23.53514],[68.44236,23.53486],[68.44209,23.53486],[68.44209,23.53403],[68.4418,23.53403],[68.4418,23.53359],[68.4418,23.53359],[68.4418,23.53292],[68.44153,23.53292],[68.44153,23.53236],[68.44125,23.53236],[68.44125,23.53153],[68.44097,23.53153],[68.44097,23.53097],[68.4407,23.53097],[68.4407,23.53014],[68.44041,23.53014],[68.44041,23.52931],[68.44014,23.52931],[68.44014,23.52876],[68.43986,23.52876],[68.43986,23.52847],[68.43902,23.52847],[68.43902,23.52819],[68.43931,23.52819],[68.43931,23.52792],[68.43959,23.52792],[68.43959,23.52736],[68.43986,23.52736],[68.43986,23.52653],[68.43959,23.52653],[68.43959,23.52597],[68.43931,23.52597],[68.43931,23.52569],[68.43902,23.52569],[68.43902,23.52542],[68.43875,23.52542],[68.43875,23.52514],[68.43847,23.52514],[68.43847,23.52503],[68.43847,23.52503],[68.43847,23.52486],[68.43736,23.52486],[68.43736,23.52458],[68.43792,23.52458],[68.43792,23.52403],[68.43819,23.52403],[68.43819,23.52375],[68.43792,23.52375],[68.43792,23.52347],[68.43764,23.52347],[68.43764,23.5232],[68.43514,23.5232],[68.43514,23.52236],[68.43486,23.52236],[68.43486,23.52264],[68.43459,23.52263],[68.43459,23.52292],[68.4343,23.52292],[68.4343,23.5232],[68.43345,23.5232],[68.43345,23.52292],[68.43375,23.52292],[68.43375,23.52236],[68.43403,23.52236],[68.43403,23.52181],[68.4343,23.52181],[68.4343,23.52125],[68.43403,23.52125],[68.43403,23.52097],[68.43347,23.52097],[68.43347,23.52042],[68.43375,23.52042],[68.43375,23.51903],[68.43345,23.51903],[68.43345,23.51653],[68.4332,23.51653],[68.4332,23.51542],[68.43291,23.51542],[68.43291,23.5132],[68.43264,23.5132],[68.43264,23.50765],[68.43236,23.50765],[68.43236,23.50792],[68.43125,23.50792],[68.43125,23.50765],[68.43079,23.50765],[68.43042,23.50765],[68.43042,23.50792],[68.43014,23.50792],[68.43014,23.50819],[68.42986,23.50819],[68.42986,23.50847],[68.42958,23.50847],[68.42958,23.50958],[68.4293,23.50958],[68.4293,23.51014],[68.42903,23.51014],[68.42903,23.51069],[68.42875,23.51069],[68.42875,23.51347],[68.42903,23.51347],[68.42903,23.51486],[68.42875,23.51486],[68.42875,23.51542],[68.42903,23.51542],[68.42903,23.5157],[68.4293,23.5157],[68.4293,23.51597],[68.42958,23.51597],[68.42958,23.51625],[68.4293,23.51625],[68.4293,23.51653],[68.42958,23.51653],[68.42958,23.51682],[68.42986,23.51682],[68.42986,23.51736],[68.43014,23.51736],[68.43014,23.51875],[68.43042,23.51875],[68.43042,23.51931],[68.43069,23.51931],[68.43069,23.51958],[68.43097,23.51957],[68.43097,23.51986],[68.43125,23.51986],[68.43125,23.52014],[68.43153,23.52014],[68.43153,23.52042],[68.43181,23.52042],[68.43181,23.52125],[68.43153,23.52125],[68.43153,23.52153],[68.43069,23.52153],[68.43069,23.52181],[68.43042,23.52181],[68.43042,23.52208],[68.43014,23.52208],[68.43014,23.52236],[68.42986,23.52236],[68.42986,23.52264],[68.42958,23.52263],[68.42958,23.52292],[68.4293,23.52292],[68.4293,23.52347],[68.42958,23.52347],[68.42958,23.52403],[68.43042,23.52403],[68.43042,23.52569],[68.43069,23.52569],[68.43069,23.52681],[68.43097,23.52681],[68.43097,23.52931],[68.43125,23.52931],[68.43125,23.52958],[68.43153,23.52958],[68.43153,23.52986],[68.43181,23.52986],[68.43181,23.53014],[68.43208,23.53014],[68.43208,23.53042],[68.43153,23.53042],[68.43153,23.5307],[68.43125,23.5307],[68.43125,23.53125],[68.43097,23.53125],[68.43097,23.53182],[68.43042,23.53181],[68.43042,23.53208],[68.43014,23.53208],[68.43014,23.53264],[68.42986,23.53264],[68.42986,23.53375],[68.43042,23.53375],[68.43042,23.53347],[68.43069,23.53347],[68.43069,23.53319],[68.43125,23.53319],[68.43125,23.53347],[68.43097,23.53347],[68.43097,23.53403],[68.43069,23.53403],[68.43069,23.53458],[68.43042,23.53457],[68.43042,23.53514],[68.43014,23.53514],[68.43014,23.54292],[68.43042,23.54292],[68.43042,23.5432],[68.43097,23.5432],[68.43097,23.54347],[68.43125,23.54347],[68.43125,23.54376],[68.43153,23.54376],[68.43153,23.54431],[68.43181,23.54431],[68.43181,23.54459],[68.43236,23.54458],[68.43236,23.54486],[68.43264,23.54486],[68.43264,23.54514],[68.4332,23.54514],[68.4332,23.54542],[68.43347,23.54542],[68.43347,23.5457],[68.43375,23.5457],[68.43375,23.54597],[68.4343,23.54597],[68.4343,23.54625],[68.43459,23.54625],[68.43459,23.54653],[68.43514,23.54653],[68.43514,23.54681],[68.43542,23.54681],[68.43542,23.54736],[68.43514,23.54736],[68.43514,23.54847],[68.43542,23.54847],[68.43542,23.54903],[68.43569,23.54903],[68.43569,23.54958],[68.43584,23.54958],[68.43597,23.54958],[68.43597,23.54986],[68.43582,23.54986],[68.43514,23.54986],[68.43514,23.55014],[68.43459,23.55014],[68.43459,23.55042],[68.4343,23.55042],[68.4343,23.55069],[68.43375,23.55069],[68.43375,23.55097],[68.43345,23.55097],[68.43345,23.55125],[68.43375,23.55125],[68.43375,23.55153],[68.43403,23.55153],[68.43403,23.55181],[68.4343,23.55181],[68.4343,23.55208],[68.43459,23.55208],[68.43459,23.55319],[68.4343,23.55319],[68.4343,23.55347],[68.43403,23.55347],[68.43403,23.55375],[68.4343,23.55375],[68.4343,23.55458],[68.43459,23.55458],[68.43459,23.55542],[68.43486,23.55542],[68.43486,23.55597],[68.43513,23.55597],[68.43514,23.55653],[68.43542,23.55653],[68.43542,23.55708],[68.43653,23.55708],[68.43653,23.55736],[68.43682,23.55736],[68.43682,23.55764],[68.43708,23.55764],[68.43708,23.55847],[68.43736,23.55847],[68.43736,23.55931],[68.43764,23.55931],[68.43764,23.55986],[68.43902,23.55986],[68.43902,23.55958],[68.43931,23.55958],[68.43931,23.55931],[68.43959,23.55931],[68.43959,23.55903],[68.43986,23.55903],[68.43986,23.55874],[68.44014,23.55875],[68.44014,23.55847],[68.44125,23.55847],[68.44125,23.55875],[68.44097,23.55874],[68.44097,23.55931],[68.4407,23.55931],[68.4407,23.55958],[68.44014,23.55958],[68.44014,23.55986],[68.43986,23.55986],[68.43986,23.56042],[68.44014,23.56042],[68.44014,23.56069],[68.44041,23.56069],[68.44041,23.56097],[68.44125,23.56097],[68.44125,23.56069],[68.4418,23.56069],[68.4418,23.56097],[68.44209,23.56097],[68.44209,23.56208],[68.44236,23.56208],[68.44236,23.56264],[68.44209,23.56264],[68.44209,23.56347],[68.44319,23.56347],[68.44319,23.56375],[68.44431,23.56375],[68.44431,23.56347],[68.44486,23.56347],[68.44486,23.56375],[68.44597,23.56375],[68.44597,23.56403],[68.44625,23.56403],[68.44625,23.56458],[68.44653,23.56458],[68.44653,23.56487],[68.44681,23.56487],[68.44681,23.56514],[68.44708,23.56514],[68.44708,23.56542],[68.4482,23.56542],[68.4482,23.56569],[68.44986,23.56569],[68.44986,23.56542],[68.45042,23.56542],[68.45042,23.56514],[68.45097,23.56514],[68.45097,23.56403],[68.45125,23.56403],[68.45125,23.56347],[68.45153,23.56347],[68.45153,23.56236],[68.45182,23.56236],[68.4518,23.56153],[68.45264,23.56153],[68.45264,23.56125],[68.45319,23.56125],[68.45319,23.56153],[68.45347,23.56153],[68.45347,23.56181],[68.45375,23.56181],[68.45375,23.56347],[68.45402,23.56347],[68.45402,23.56458],[68.45375,23.56458],[68.45375,23.56487],[68.45347,23.56487],[68.45347,23.56514],[68.45319,23.56514],[68.45319,23.56542],[68.45292,23.56542],[68.45292,23.56597],[68.45264,23.56597],[68.45264,23.56625],[68.45292,23.56625],[68.45292,23.5668],[68.45319,23.5668],[68.45319,23.56736],[68.45457,23.56736],[68.45457,23.5682],[68.45431,23.5682],[68.45431,23.56875],[68.45403,23.56875],[68.45403,23.56903],[68.45486,23.56903],[68.45486,23.57014],[68.45514,23.57014],[68.45514,23.57153],[68.45541,23.57153],[68.45541,23.57208],[68.45569,23.57208],[68.45569,23.57236],[68.45625,23.57236],[68.45625,23.57264],[68.4568,23.57264],[68.4568,23.57292],[68.45736,23.57292],[68.45736,23.5732],[68.45764,23.5732],[68.45764,23.57347],[68.45819,23.57347],[68.45819,23.57375],[68.45903,23.57374],[68.45903,23.57403],[68.45959,23.57403],[68.45959,23.57431],[68.45986,23.57431],[68.45986,23.57458],[68.46014,23.57458],[68.46014,23.57514],[68.46042,23.57514],[68.46042,23.57542],[68.46236,23.57542],[68.46236,23.5757],[68.46403,23.5757],[68.46403,23.57597],[68.4643,23.57597],[68.4643,23.57625],[68.46458,23.57625],[68.46458,23.57653],[68.46486,23.57653],[68.46486,23.57681],[68.4657,23.57681],[68.4657,23.57653],[68.46792,23.57653],[68.46792,23.57681],[68.46763,23.57681],[68.46763,23.57792],[68.46819,23.57792],[68.46819,23.57819],[68.46931,23.57819],[68.46931,23.57847],[68.47041,23.57847],[68.47041,23.57875],[68.4707,23.57875],[68.4707,23.57847],[68.4718,23.57847],[68.47181,23.57819],[68.47292,23.57819],[68.47292,23.57847],[68.47264,23.57847],[68.47264,23.57875],[68.47236,23.57875],[68.47236,23.57903],[68.47208,23.57903],[68.47208,23.57931],[68.47153,23.57931],[68.47153,23.57958],[68.47125,23.57958],[68.47125,23.58014],[68.47097,23.58014],[68.47097,23.58042],[68.47041,23.58042],[68.47041,23.58069],[68.47014,23.58069],[68.47014,23.58097],[68.46985,23.58097],[68.46985,23.58153],[68.46958,23.58153],[68.46958,23.58292],[68.46875,23.58292],[68.46875,23.58264],[68.46792,23.58264],[68.46792,23.58292],[68.46709,23.58292],[68.46709,23.58208],[68.46736,23.58208],[68.46736,23.58125],[68.46763,23.58125],[68.46763,23.57987],[68.46625,23.57987],[68.46625,23.57958],[68.46542,23.57958],[68.46542,23.57931],[68.46486,23.57931],[68.46486,23.57903],[68.46403,23.57903],[68.46403,23.57931],[68.46375,23.57931],[68.46375,23.57958],[68.46347,23.57958],[68.46347,23.57987],[68.4632,23.57987],[68.4632,23.58042],[68.46291,23.58042],[68.46291,23.58097],[68.46264,23.58097],[68.46264,23.58153],[68.46236,23.58153],[68.46236,23.5832],[68.46264,23.5832],[68.46264,23.58347],[68.46291,23.58347],[68.46291,23.58375],[68.4632,23.58375],[68.4632,23.58431],[68.46347,23.58431],[68.46347,23.58458],[68.46375,23.58458],[68.46375,23.58486],[68.46403,23.58486],[68.46403,23.58514],[68.4643,23.58514],[68.4643,23.58542],[68.46458,23.58542],[68.46458,23.5857],[68.46486,23.5857],[68.46486,23.58597],[68.46514,23.58597],[68.46514,23.58653],[68.46542,23.58653],[68.46542,23.58708],[68.46569,23.58708],[68.4657,23.58745],[68.4657,23.58764],[68.46597,23.58764],[68.46597,23.58819],[68.46625,23.58819],[68.46625,23.58875],[68.46653,23.58875],[68.46653,23.58903],[68.4668,23.58903],[68.4668,23.58958],[68.46709,23.58958],[68.46709,23.58986],[68.46736,23.58986],[68.46736,23.59042],[68.46763,23.59042],[68.46763,23.59097],[68.46792,23.59097],[68.46792,23.59153],[68.46819,23.59153],[68.46819,23.59181],[68.46847,23.59181],[68.46847,23.59208],[68.46903,23.59208],[68.46903,23.59236],[68.46985,23.59236],[68.46985,23.59264],[68.47041,23.59264],[68.47041,23.59292],[68.47208,23.59292],[68.47208,23.5932],[68.47347,23.5932],[68.47347,23.59292],[68.4743,23.59292],[68.4743,23.59264],[68.47459,23.59264],[68.47459,23.59236],[68.47514,23.59236],[68.47514,23.59181],[68.47542,23.59181],[68.47542,23.59153],[68.4757,23.59153],[68.4757,23.59125],[68.47625,23.59125],[68.47625,23.59097],[68.47652,23.59097],[68.47652,23.59069],[68.47708,23.59069],[68.47708,23.59042],[68.47791,23.59042],[68.47791,23.59014],[68.47847,23.59014],[68.47847,23.58986],[68.47958,23.58986],[68.47958,23.59014],[68.48014,23.59014],[68.48014,23.59042],[68.48041,23.59042],[68.48041,23.59069],[68.4807,23.59069],[68.4807,23.59153],[68.48097,23.59153],[68.48097,23.5932],[68.4807,23.5932],[68.4807,23.59375],[68.48042,23.59375],[68.48042,23.59681],[68.48208,23.59681],[68.48208,23.59653],[68.48236,23.59653],[68.48236,23.59625],[68.48264,23.59625],[68.48263,23.59597],[68.48292,23.59597],[68.48292,23.5957],[68.48319,23.5957],[68.48319,23.59542],[68.48347,23.59542],[68.48347,23.59514],[68.48375,23.59514],[68.48375,23.59485],[68.48402,23.59486],[68.48402,23.59459],[68.48431,23.59459],[68.48431,23.5943],[68.48458,23.59431],[68.48458,23.59347],[68.48486,23.59347],[68.48486,23.59264],[68.48514,23.59264]]],[[[68.57181,23.37368],[68.57181,23.37347],[68.57264,23.37347],[68.57264,23.37319],[68.57347,23.37319],[68.57347,23.37292],[68.57458,23.37292],[68.57458,23.37319],[68.57486,23.37319],[68.57486,23.37335],[68.57486,23.37347],[68.57542,23.37347],[68.57542,23.37329],[68.57542,23.37319],[68.57626,23.37319],[68.57653,23.37319],[68.57653,23.37315],[68.57653,23.37315],[68.57653,23.37292],[68.57693,23.37292],[68.57693,23.37292],[68.57818,23.37292],[68.57818,23.37236],[68.57848,23.37236],[68.57848,23.37201],[68.57848,23.37201],[68.57848,23.37181],[68.57883,23.37181],[68.57883,23.37181],[68.58014,23.37181],[68.58014,23.37153],[68.58096,23.37153],[68.58096,23.37125],[68.58153,23.37125],[68.58153,23.37153],[68.5818,23.37153],[68.5818,23.37181],[68.58153,23.37181],[68.58153,23.37208],[68.5818,23.37207],[68.5818,23.37264],[68.58208,23.37264],[68.58208,23.37319],[68.58236,23.37319],[68.58236,23.37347],[68.58625,23.37347],[68.58625,23.37292],[68.58653,23.37292],[68.58653,23.37264],[68.58764,23.37264],[68.58764,23.37181],[68.58736,23.37181],[68.58736,23.37125],[68.58681,23.37125],[68.58681,23.3707],[68.58653,23.3707],[68.58653,23.37014],[68.58625,23.37014],[68.58625,23.36986],[68.58652,23.36986],[68.58652,23.36931],[68.58681,23.36931],[68.58681,23.36903],[68.58709,23.36903],[68.58709,23.36875],[68.58736,23.36875],[68.58736,23.36847],[68.58791,23.36847],[68.58791,23.36931],[68.58819,23.36931],[68.58819,23.37097],[68.58847,23.37097],[68.58847,23.37125],[68.58875,23.37125],[68.58875,23.37153],[68.58903,23.37153],[68.58903,23.37181],[68.5893,23.37181],[68.5893,23.37236],[68.58958,23.37236],[68.58958,23.37292],[68.5893,23.37292],[68.5893,23.37319],[68.58875,23.37319],[68.58875,23.37431],[68.58903,23.37431],[68.58903,23.37403],[68.58958,23.37403],[68.58958,23.37375],[68.58986,23.37375],[68.58986,23.37347],[68.59014,23.37347],[68.59014,23.37292],[68.59042,23.37292],[68.59042,23.37236],[68.59097,23.37236],[68.59097,23.37207],[68.59125,23.37208],[68.59125,23.37181],[68.5918,23.37181],[68.5918,23.37153],[68.59209,23.37153],[68.59209,23.37125],[68.59264,23.37125],[68.59264,23.37097],[68.59292,23.37097],[68.59292,23.37042],[68.59319,23.37042],[68.59319,23.37014],[68.59348,23.37014],[68.59348,23.36986],[68.59375,23.36986],[68.59375,23.36958],[68.59402,23.36958],[68.59402,23.36931],[68.59431,23.36931],[68.59431,23.36903],[68.59458,23.36903],[68.59458,23.36875],[68.59486,23.36875],[68.59486,23.36792],[68.59514,23.36792],[68.59514,23.36764],[68.59541,23.36764],[68.59541,23.36708],[68.5957,23.36708],[68.5957,23.36653],[68.59597,23.36653],[68.59597,23.36626],[68.59625,23.36626],[68.59625,23.36597],[68.59653,23.36597],[68.59653,23.36569],[68.5968,23.36569],[68.59681,23.36514],[68.59708,23.36514],[68.59708,23.36486],[68.59736,23.36486],[68.59736,23.36458],[68.59764,23.36458],[68.59764,23.36403],[68.59792,23.36403],[68.59792,23.36319],[68.5982,23.36319],[68.5982,23.36264],[68.59792,23.36264],[68.59792,23.36236],[68.59764,23.36236],[68.59764,23.36208],[68.59736,23.36208],[68.59736,23.36181],[68.59708,23.36181],[68.59708,23.36153],[68.59681,23.36153],[68.5968,23.36125],[68.5957,23.36125],[68.5957,23.36153],[68.59431,23.36153],[68.59431,23.36097],[68.59458,23.36097],[68.59458,23.36042],[68.59486,23.36042],[68.59486,23.35903],[68.59514,23.35903],[68.59514,23.35875],[68.5957,23.35875],[68.5957,23.35847],[68.59653,23.35847],[68.59653,23.3582],[68.5968,23.3582],[68.59681,23.35792],[68.59708,23.35792],[68.59708,23.35764],[68.59736,23.35764],[68.59736,23.35736],[68.59764,23.35736],[68.59764,23.35709],[68.59875,23.35709],[68.59875,23.35736],[68.59903,23.35736],[68.59903,23.35792],[68.59986,23.35792],[68.59986,23.3582],[68.60208,23.3582],[68.60208,23.35792],[68.60264,23.35792],[68.60264,23.35764],[68.60375,23.35764],[68.60375,23.35709],[68.60347,23.35709],[68.60347,23.35653],[68.60375,23.35653],[68.60375,23.35625],[68.60431,23.35625],[68.60431,23.35597],[68.60458,23.35597],[68.60458,23.3557],[68.60486,23.3557],[68.60486,23.35542],[68.60542,23.35542],[68.60542,23.35514],[68.6057,23.35514],[68.6057,23.35486],[68.60597,23.35486],[68.60597,23.35432],[68.60625,23.35432],[68.60625,23.35403],[68.60653,23.35403],[68.60653,23.35375],[68.6068,23.35375],[68.6068,23.35347],[68.60709,23.35347],[68.60709,23.35319],[68.60736,23.3532],[68.60736,23.35292],[68.60847,23.35292],[68.60847,23.35264],[68.60902,23.35264],[68.60902,23.35236],[68.60958,23.35236],[68.60958,23.35208],[68.61014,23.35208],[68.61014,23.3518],[68.61069,23.3518],[68.61069,23.35208],[68.61042,23.35208],[68.61042,23.35264],[68.61014,23.35264],[68.61014,23.3532],[68.60986,23.3532],[68.60986,23.35375],[68.61014,23.35375],[68.61014,23.35514],[68.60986,23.35514],[68.60986,23.3557],[68.60958,23.3557],[68.60958,23.35597],[68.60931,23.35597],[68.60931,23.35653],[68.60902,23.35653],[68.60902,23.3582],[68.60931,23.35819],[68.60931,23.35931],[68.60902,23.35931],[68.60902,23.36014],[68.60875,23.36014],[68.60875,23.3607],[68.60847,23.36069],[68.60847,23.36125],[68.60792,23.36125],[68.60792,23.36153],[68.60764,23.36153],[68.60764,23.36292],[68.60736,23.36292],[68.60736,23.36347],[68.60709,23.36347],[68.60709,23.36375],[68.6068,23.36375],[68.6068,23.36403],[68.60709,23.36403],[68.60709,23.36458],[68.60736,23.36458],[68.60736,23.36431],[68.60875,23.36431],[68.60875,23.36375],[68.60902,23.36375],[68.60902,23.36292],[68.60931,23.36292],[68.60931,23.36208],[68.60958,23.36208],[68.60958,23.36153],[68.61014,23.36153],[68.61014,23.36097],[68.61042,23.36097],[68.61042,23.35875],[68.61069,23.35875],[68.61069,23.35764],[68.61153,23.35764],[68.61153,23.35736],[68.61181,23.35736],[68.61181,23.35709],[68.61236,23.35709],[68.61236,23.35653],[68.61264,23.35653],[68.61264,23.35597],[68.61291,23.35597],[68.61291,23.3557],[68.61347,23.3557],[68.61347,23.35542],[68.61403,23.35542],[68.61403,23.35514],[68.61486,23.35514],[68.61486,23.35486],[68.61597,23.35486],[68.61597,23.35458],[68.6168,23.35459],[68.6168,23.3543],[68.61736,23.35432],[68.61736,23.35403],[68.61792,23.35403],[68.61792,23.35347],[68.61819,23.35347],[68.61819,23.35292],[68.61847,23.35292],[68.61847,23.35125],[68.61819,23.35125],[68.61819,23.35069],[68.61792,23.35069],[68.61792,23.34986],[68.61764,23.34986],[68.61764,23.34903],[68.61736,23.34903],[68.61736,23.34847],[68.6168,23.34847],[68.6168,23.34875],[68.61653,23.34875],[68.61653,23.34931],[68.61625,23.34931],[68.61625,23.34958],[68.61597,23.34958],[68.61597,23.34986],[68.61569,23.34986],[68.61569,23.35042],[68.61486,23.35042],[68.61486,23.34986],[68.61514,23.34986],[68.61513,23.34931],[68.61542,23.34931],[68.61542,23.34847],[68.61569,23.34847],[68.61569,23.34792],[68.61597,23.34792],[68.61597,23.34736],[68.61625,23.34736],[68.61625,23.34708],[68.61653,23.34708],[68.61653,23.34653],[68.6168,23.34653],[68.6168,23.34569],[68.61708,23.34569],[68.61708,23.34458],[68.61736,23.34458],[68.61736,23.3432],[68.61764,23.3432],[68.61764,23.34181],[68.61792,23.34181],[68.61792,23.34042],[68.61819,23.34042],[68.61819,23.33958],[68.61847,23.33958],[68.61847,23.33931],[68.61875,23.33931],[68.61875,23.33902],[68.61903,23.33903],[68.61903,23.33875],[68.61931,23.33875],[68.61931,23.33847],[68.61958,23.33847],[68.61958,23.33792],[68.61986,23.33792],[68.61986,23.33736],[68.62013,23.33736],[68.62013,23.33681],[68.62041,23.33681],[68.62041,23.33292],[68.62013,23.33292],[68.62013,23.33181],[68.61986,23.33181],[68.61986,23.33069],[68.61958,23.3307],[68.61958,23.33014],[68.61931,23.33015],[68.61931,23.32959],[68.61931,23.32958],[68.61909,23.32958],[68.61903,23.32959],[68.61903,23.32958],[68.61903,23.32903],[68.61875,23.32903],[68.61875,23.32875],[68.61847,23.32875],[68.61847,23.32847],[68.61819,23.32847],[68.61819,23.3282],[68.61764,23.3282],[68.61764,23.32792],[68.61736,23.32792],[68.61736,23.32764],[68.61707,23.32764],[68.61707,23.32792],[68.6168,23.32792],[68.6168,23.3282],[68.61653,23.3282],[68.61653,23.32927],[68.61653,23.32927],[68.61653,23.32959],[68.61625,23.32958],[68.61625,23.33292],[68.61653,23.33292],[68.61653,23.33403],[68.61569,23.33403],[68.61569,23.33375],[68.6143,23.33375],[68.6143,23.33403],[68.61347,23.33403],[68.61347,23.33375],[68.61375,23.33375],[68.61375,23.33319],[68.61403,23.3332],[68.61403,23.33264],[68.61375,23.33264],[68.61375,23.33236],[68.61153,23.33236],[68.61153,23.33264],[68.61069,23.33264],[68.61069,23.33403],[68.61042,23.33403],[68.61042,23.33542],[68.61069,23.33542],[68.61069,23.33514],[68.61097,23.33514],[68.61097,23.33486],[68.61125,23.33486],[68.61125,23.33458],[68.61181,23.33458],[68.61181,23.3357],[68.61153,23.3357],[68.61153,23.33597],[68.61097,23.33596],[68.61097,23.33625],[68.61069,23.33625],[68.61069,23.33653],[68.61042,23.33653],[68.61042,23.33681],[68.61014,23.33681],[68.61014,23.33708],[68.60986,23.33708],[68.60986,23.33736],[68.60958,23.33736],[68.60958,23.33764],[68.60931,23.33764],[68.60931,23.33819],[68.60902,23.33819],[68.60902,23.33847],[68.60875,23.33847],[68.60875,23.33875],[68.60792,23.33875],[68.60792,23.33903],[68.60736,23.33902],[68.60736,23.33931],[68.60709,23.33931],[68.60709,23.33958],[68.60653,23.33958],[68.60653,23.33986],[68.60625,23.33986],[68.60625,23.34014],[68.60597,23.34014],[68.60597,23.34042],[68.6057,23.34042],[68.6057,23.34069],[68.60542,23.34069],[68.60542,23.34097],[68.60513,23.34097],[68.60513,23.34125],[68.60431,23.34125],[68.60431,23.34097],[68.60403,23.34097],[68.60403,23.34153],[68.60375,23.34153],[68.60375,23.34236],[68.60347,23.34236],[68.60347,23.34292],[68.60291,23.34292],[68.60291,23.3432],[68.60236,23.3432],[68.60236,23.34347],[68.60181,23.34347],[68.60181,23.34375],[68.60152,23.34375],[68.60152,23.34403],[68.60125,23.34403],[68.60125,23.34431],[68.60069,23.34431],[68.60069,23.34458],[68.60042,23.34458],[68.60042,23.34486],[68.60013,23.34486],[68.60013,23.34542],[68.59986,23.34542],[68.59986,23.34569],[68.5993,23.34569],[68.5993,23.34597],[68.59875,23.34597],[68.59875,23.34625],[68.5982,23.34625],[68.5982,23.34653],[68.59764,23.34653],[68.59764,23.34681],[68.59681,23.34681],[68.59681,23.34625],[68.59708,23.34625],[68.59708,23.34569],[68.59736,23.34569],[68.59736,23.34514],[68.59764,23.34515],[68.59764,23.34458],[68.59791,23.34458],[68.59791,23.34431],[68.5982,23.34431],[68.5982,23.34403],[68.59875,23.34403],[68.59875,23.34375],[68.59903,23.34375],[68.59903,23.34347],[68.59959,23.34347],[68.59959,23.3432],[68.59986,23.3432],[68.59986,23.34292],[68.60042,23.34292],[68.60042,23.34264],[68.60069,23.34264],[68.60069,23.34209],[68.60098,23.34209],[68.60098,23.34181],[68.60125,23.34181],[68.60125,23.34097],[68.60152,23.34097],[68.60152,23.34014],[68.60181,23.34014],[68.60181,23.33986],[68.60209,23.33986],[68.60208,23.33958],[68.60236,23.33958],[68.60236,23.33931],[68.60264,23.33931],[68.60264,23.33902],[68.60291,23.33903],[68.60291,23.33875],[68.60347,23.33875],[68.60347,23.33847],[68.60375,23.33847],[68.60375,23.33819],[68.60403,23.33819],[68.60403,23.33764],[68.60431,23.33764],[68.60431,23.33736],[68.60457,23.33736],[68.60457,23.33681],[68.60486,23.33681],[68.60486,23.33625],[68.60513,23.33625],[68.60513,23.33596],[68.60542,23.33597],[68.60542,23.33542],[68.6057,23.33542],[68.6057,23.33486],[68.60542,23.33486],[68.60542,23.33458],[68.6057,23.33458],[68.6057,23.33403],[68.60597,23.33403],[68.60597,23.33347],[68.60625,23.33347],[68.60625,23.3332],[68.60653,23.3332],[68.60653,23.33292],[68.6068,23.33292],[68.6068,23.33264],[68.60709,23.33264],[68.60709,23.33236],[68.60736,23.33236],[68.60736,23.33181],[68.60653,23.33181],[68.60653,23.33208],[68.60597,23.33208],[68.60597,23.33236],[68.6057,23.33236],[68.6057,23.33264],[68.60513,23.33264],[68.60513,23.33292],[68.60486,23.33292],[68.60486,23.3332],[68.60431,23.3332],[68.60431,23.33347],[68.60403,23.33347],[68.60403,23.33375],[68.60375,23.33375],[68.60375,23.33403],[68.60347,23.33403],[68.60347,23.33458],[68.6032,23.33458],[68.6032,23.33514],[68.60209,23.33514],[68.60209,23.33458],[68.60152,23.33458],[68.60152,23.33486],[68.60125,23.33486],[68.60125,23.33542],[68.60098,23.33542],[68.60098,23.3357],[68.60069,23.3357],[68.60069,23.33597],[68.60042,23.33596],[68.60042,23.33625],[68.60013,23.33625],[68.60013,23.33653],[68.59986,23.33653],[68.59986,23.33681],[68.59959,23.33681],[68.59959,23.33708],[68.5982,23.33708],[68.5982,23.33764],[68.59792,23.33764],[68.59792,23.33792],[68.59764,23.33792],[68.59764,23.33819],[68.59736,23.33819],[68.59736,23.33847],[68.59597,23.33847],[68.59597,23.33875],[68.59541,23.33875],[68.59541,23.33847],[68.59486,23.33847],[68.59486,23.33875],[68.59431,23.33875],[68.59431,23.33931],[68.59402,23.33931],[68.59402,23.33986],[68.59375,23.33986],[68.59375,23.34042],[68.59292,23.34042],[68.59292,23.34069],[68.59264,23.34069],[68.59264,23.34125],[68.5918,23.34125],[68.5918,23.34153],[68.59097,23.34153],[68.59097,23.34264],[68.5907,23.34264],[68.59069,23.3432],[68.59042,23.3432],[68.59042,23.34347],[68.59014,23.34347],[68.59015,23.34375],[68.58986,23.34375],[68.58986,23.34403],[68.58958,23.34403],[68.58958,23.34458],[68.5893,23.34458],[68.5893,23.34515],[68.58903,23.34514],[68.58903,23.34569],[68.58875,23.34569],[68.58873,23.34625],[68.58847,23.34625],[68.58847,23.34681],[68.58819,23.34681],[68.58819,23.34708],[68.5879,23.34708],[68.5879,23.34736],[68.58764,23.34736],[68.58764,23.34764],[68.58736,23.34764],[68.58736,23.34819],[68.58708,23.34819],[68.58708,23.34847],[68.58681,23.34847],[68.58681,23.34875],[68.58653,23.34875],[68.58653,23.34903],[68.58625,23.34903],[68.58625,23.34958],[68.58597,23.34958],[68.58598,23.35014],[68.58569,23.35014],[68.58569,23.35069],[68.58542,23.35069],[68.58542,23.35125],[68.58514,23.35125],[68.58514,23.3518],[68.58486,23.3518],[68.58486,23.35208],[68.58459,23.35208],[68.58459,23.35264],[68.5843,23.35264],[68.5843,23.3532],[68.58403,23.35319],[68.58403,23.35347],[68.58347,23.35347],[68.58347,23.35375],[68.58236,23.35375],[68.58236,23.35347],[68.58153,23.35347],[68.58153,23.35319],[68.5807,23.3532],[68.5807,23.35292],[68.58041,23.35292],[68.58041,23.35153],[68.57986,23.35153],[68.57986,23.35125],[68.57903,23.35125],[68.57903,23.35153],[68.57848,23.35153],[68.57848,23.3518],[68.57819,23.3518],[68.57819,23.35208],[68.57792,23.35208],[68.57792,23.35236],[68.57764,23.35236],[68.57764,23.35264],[68.57792,23.35264],[68.57792,23.35292],[68.57764,23.35292],[68.57764,23.35347],[68.57736,23.35347],[68.57736,23.35403],[68.57708,23.35403],[68.57708,23.35514],[68.57736,23.35514],[68.57736,23.35597],[68.57708,23.35597],[68.57708,23.35653],[68.57736,23.35653],[68.57736,23.35625],[68.57764,23.35625],[68.57764,23.35597],[68.57792,23.35597],[68.57792,23.35542],[68.57818,23.35542],[68.57818,23.35486],[68.57848,23.35486],[68.57848,23.35432],[68.57875,23.35432],[68.57875,23.35403],[68.57903,23.35403],[68.57903,23.35375],[68.57931,23.35375],[68.57931,23.35347],[68.58014,23.35347],[68.58014,23.35375],[68.58041,23.35375],[68.58041,23.35432],[68.57986,23.35432],[68.57986,23.35486],[68.57958,23.35486],[68.57958,23.35542],[68.57931,23.35542],[68.57931,23.35597],[68.57903,23.35597],[68.57903,23.35653],[68.57958,23.35653],[68.57958,23.35681],[68.57986,23.35681],[68.57986,23.35792],[68.57958,23.35792],[68.57958,23.35875],[68.57931,23.35875],[68.57931,23.35903],[68.57903,23.35903],[68.57903,23.35958],[68.57931,23.35958],[68.57931,23.36014],[68.57903,23.36013],[68.57903,23.36042],[68.57875,23.36042],[68.57875,23.36097],[68.57848,23.36097],[68.57848,23.36125],[68.57792,23.36125],[68.57792,23.36153],[68.57764,23.36153],[68.57764,23.36208],[68.57736,23.36208],[68.57736,23.36264],[68.57708,23.36264],[68.57708,23.36292],[68.57681,23.36292],[68.57681,23.36319],[68.57653,23.36319],[68.57653,23.36347],[68.57597,23.36347],[68.57597,23.36319],[68.57569,23.36319],[68.57569,23.36292],[68.57486,23.36292],[68.57486,23.36181],[68.57515,23.36181],[68.57515,23.36042],[68.57486,23.36042],[68.57486,23.3607],[68.5743,23.3607],[68.5743,23.36097],[68.57403,23.36097],[68.57403,23.36153],[68.57375,23.36153],[68.57375,23.36208],[68.5732,23.36208],[68.5732,23.36236],[68.57291,23.36236],[68.57291,23.36264],[68.57264,23.36264],[68.57264,23.36292],[68.57236,23.36292],[68.57236,23.36319],[68.57208,23.36319],[68.57208,23.36375],[68.57181,23.36375],[68.57181,23.36403],[68.57152,23.36403],[68.57152,23.36458],[68.57125,23.36458],[68.57125,23.36514],[68.57097,23.36514],[68.57097,23.36597],[68.57069,23.36597],[68.57069,23.36653],[68.57042,23.36653],[68.57042,23.36764],[68.57014,23.36764],[68.57014,23.36875],[68.56986,23.36875],[68.56986,23.36931],[68.57069,23.3693],[68.57069,23.37014],[68.57042,23.37014],[68.57042,23.37049],[68.57042,23.37049],[68.57042,23.37097],[68.56986,23.37097],[68.56986,23.37125],[68.56931,23.37125],[68.56931,23.37153],[68.56875,23.37153],[68.56875,23.37181],[68.56819,23.37181],[68.56819,23.37208],[68.56792,23.37207],[68.56792,23.37236],[68.56819,23.37236],[68.56819,23.37264],[68.56847,23.37264],[68.56847,23.37292],[68.56875,23.37292],[68.56875,23.37319],[68.56958,23.37319],[68.56958,23.37347],[68.57069,23.37347],[68.57069,23.37375],[68.57122,23.37375],[68.57122,23.37375],[68.57181,23.37375],[68.57181,23.37368]]],[[[68.24819,23.88042],[68.24819,23.88014],[68.24931,23.88014],[68.24931,23.87986],[68.25014,23.87986],[68.25014,23.87958],[68.25125,23.87958],[68.25125,23.87931],[68.25153,23.87931],[68.25153,23.87903],[68.25181,23.87903],[68.25181,23.87875],[68.25208,23.87875],[68.25208,23.87819],[68.25236,23.8782],[68.25236,23.87792],[68.25264,23.87793],[68.25264,23.87764],[68.25292,23.87764],[68.25291,23.87736],[68.2532,23.87736],[68.2532,23.87708],[68.25347,23.87708],[68.25347,23.87681],[68.25374,23.87681],[68.25374,23.87653],[68.25403,23.87653],[68.25403,23.87625],[68.2543,23.87625],[68.2543,23.87569],[68.25458,23.87569],[68.25458,23.87514],[68.25486,23.87514],[68.25486,23.87375],[68.25458,23.87375],[68.25458,23.87264],[68.2543,23.87264],[68.2543,23.8718],[68.25403,23.87181],[68.25403,23.87097],[68.25375,23.87097],[68.25375,23.86986],[68.25347,23.86986],[68.25347,23.86903],[68.25321,23.86903],[68.25321,23.86792],[68.25292,23.86792],[68.25292,23.86683],[68.25278,23.86682],[68.25264,23.86681],[68.25264,23.86625],[68.25236,23.86625],[68.25236,23.86542],[68.25208,23.86542],[68.25208,23.86403],[68.25181,23.86403],[68.25181,23.86236],[68.25153,23.86236],[68.25153,23.86208],[68.25097,23.86208],[68.25097,23.8618],[68.25069,23.86181],[68.25069,23.86153],[68.25042,23.86153],[68.25042,23.86125],[68.25014,23.86125],[68.25014,23.86097],[68.24958,23.86097],[68.24958,23.86069],[68.24931,23.86069],[68.24931,23.86042],[68.24903,23.86042],[68.24903,23.86014],[68.24847,23.86014],[68.24847,23.85986],[68.24819,23.85986],[68.24819,23.85958],[68.24792,23.85958],[68.24792,23.85931],[68.24736,23.85931],[68.24736,23.85903],[68.24708,23.85903],[68.24708,23.85875],[68.24679,23.85875],[68.24679,23.85847],[68.24625,23.85847],[68.24625,23.85819],[68.24597,23.85819],[68.24597,23.85792],[68.2457,23.85792],[68.2457,23.85764],[68.24514,23.85764],[68.24514,23.85736],[68.24486,23.85736],[68.24486,23.85708],[68.24458,23.85708],[68.24458,23.85681],[68.24403,23.85681],[68.24403,23.85653],[68.24375,23.85653],[68.24375,23.85625],[68.24319,23.85625],[68.24319,23.85597],[68.24292,23.85597],[68.24292,23.85569],[68.24264,23.85569],[68.24264,23.85542],[68.24208,23.85542],[68.24208,23.85514],[68.2418,23.85514],[68.2418,23.85486],[68.24153,23.85486],[68.24153,23.85458],[68.24097,23.85458],[68.24097,23.85431],[68.24069,23.85431],[68.24069,23.85403],[68.24042,23.85403],[68.24042,23.85376],[68.23986,23.85376],[68.23986,23.85347],[68.23958,23.85347],[68.23958,23.8532],[68.2393,23.8532],[68.2393,23.85292],[68.23903,23.85292],[68.23903,23.85236],[68.23875,23.85236],[68.23875,23.85208],[68.23847,23.85208],[68.23847,23.85181],[68.2382,23.85181],[68.2382,23.85125],[68.23791,23.85125],[68.23791,23.85097],[68.23764,23.85097],[68.23764,23.85042],[68.23736,23.85042],[68.23736,23.84986],[68.23708,23.84986],[68.23708,23.84931],[68.23681,23.84931],[68.23681,23.84875],[68.23653,23.84875],[68.23653,23.84819],[68.23625,23.84819],[68.23625,23.84764],[68.23569,23.84764],[68.23569,23.84653],[68.23542,23.84653],[68.23542,23.84625],[68.23514,23.84625],[68.23514,23.84597],[68.23486,23.84597],[68.23486,23.84458],[68.23458,23.84458],[68.23458,23.84431],[68.23431,23.84431],[68.23431,23.84347],[68.23402,23.84347],[68.23402,23.84292],[68.23375,23.84292],[68.23375,23.84264],[68.23347,23.84264],[68.23347,23.84236],[68.23292,23.84236],[68.23292,23.84264],[68.23236,23.84264],[68.23236,23.84292],[68.23208,23.84292],[68.23208,23.8432],[68.23153,23.8432],[68.23153,23.84347],[68.23125,23.84347],[68.23125,23.84375],[68.23014,23.84375],[68.23014,23.84403],[68.22931,23.84403],[68.22931,23.84431],[68.22921,23.84431],[68.22847,23.84431],[68.22847,23.84458],[68.22791,23.84458],[68.22791,23.84486],[68.22708,23.84486],[68.22708,23.84514],[68.22681,23.84514],[68.22681,23.84542],[68.22652,23.84542],[68.22652,23.84569],[68.22597,23.84569],[68.22597,23.84597],[68.22569,23.84597],[68.22569,23.84625],[68.22542,23.84625],[68.22542,23.84653],[68.22459,23.84653],[68.22459,23.84681],[68.22403,23.84681],[68.22403,23.84708],[68.21848,23.84708],[68.21848,23.84736],[68.21709,23.84736],[68.21709,23.84764],[68.21597,23.84763],[68.21597,23.84875],[68.2157,23.84875],[68.2157,23.8507],[68.21597,23.8507],[68.21597,23.85208],[68.2157,23.85208],[68.2157,23.85347],[68.21597,23.85347],[68.21597,23.85431],[68.2157,23.85431],[68.2157,23.85569],[68.21597,23.85569],[68.21597,23.85681],[68.21625,23.8568],[68.21625,23.85736],[68.21597,23.85736],[68.21597,23.85792],[68.2157,23.85792],[68.21569,23.85847],[68.21541,23.85847],[68.21541,23.85931],[68.21569,23.85931],[68.21569,23.85986],[68.21541,23.85986],[68.21541,23.86042],[68.21514,23.86042],[68.21514,23.86069],[68.21486,23.86069],[68.21486,23.86097],[68.21458,23.86097],[68.21458,23.86153],[68.2143,23.86153],[68.2143,23.86181],[68.21375,23.86181],[68.21375,23.86264],[68.21404,23.86264],[68.21404,23.86293],[68.2143,23.86292],[68.2143,23.86347],[68.21458,23.86347],[68.21458,23.86403],[68.21486,23.86403],[68.21486,23.86486],[68.21514,23.86486],[68.21514,23.86542],[68.21541,23.86542],[68.21541,23.86597],[68.21569,23.86597],[68.2157,23.86653],[68.21597,23.86653],[68.21597,23.86681],[68.21625,23.86681],[68.21625,23.86708],[68.21653,23.86708],[68.21653,23.86736],[68.2168,23.86736],[68.2168,23.86764],[68.21792,23.86764],[68.21792,23.86792],[68.21875,23.86792],[68.21875,23.8682],[68.21986,23.8682],[68.21986,23.86847],[68.22014,23.86847],[68.22014,23.86875],[68.22041,23.86874],[68.22041,23.86903],[68.2207,23.86903],[68.2207,23.86931],[68.22236,23.86931],[68.22236,23.86958],[68.22292,23.86958],[68.22292,23.86986],[68.22375,23.86986],[68.22375,23.87014],[68.2243,23.87014],[68.2243,23.87042],[68.22486,23.87042],[68.22486,23.8707],[68.22542,23.8707],[68.22542,23.87097],[68.22625,23.87097],[68.22625,23.87125],[68.22681,23.87125],[68.22681,23.87153],[68.22736,23.87153],[68.22736,23.87181],[68.22847,23.87181],[68.22847,23.87208],[68.22931,23.87208],[68.22931,23.87236],[68.22986,23.87236],[68.22986,23.87264],[68.23042,23.87264],[68.23042,23.87292],[68.23097,23.87292],[68.23097,23.87319],[68.23153,23.87319],[68.23153,23.87347],[68.23236,23.87347],[68.23236,23.87375],[68.23319,23.87375],[68.23319,23.87403],[68.23375,23.87403],[68.23375,23.87431],[68.23458,23.87431],[68.23458,23.87458],[68.23542,23.87458],[68.23542,23.87487],[68.23597,23.87487],[68.23597,23.87514],[68.23653,23.87514],[68.23653,23.87542],[68.23708,23.87542],[68.23708,23.87569],[68.23764,23.87569],[68.23764,23.87597],[68.23847,23.87597],[68.23847,23.87625],[68.23903,23.87625],[68.23903,23.87653],[68.23958,23.87653],[68.23958,23.87681],[68.24013,23.87681],[68.24013,23.87708],[68.24069,23.87708],[68.24069,23.87736],[68.24125,23.87736],[68.24125,23.87764],[68.2418,23.87764],[68.2418,23.87793],[68.24208,23.87792],[68.24208,23.8782],[68.24264,23.8782],[68.24264,23.87847],[68.24292,23.87847],[68.24292,23.87875],[68.24319,23.87875],[68.24319,23.87903],[68.24347,23.87903],[68.24347,23.87931],[68.24375,23.87931],[68.24375,23.87958],[68.24403,23.87958],[68.24403,23.87986],[68.24458,23.87986],[68.24458,23.88014],[68.24486,23.88014],[68.24486,23.88042],[68.24819,23.88042]]],[[[70.44847,23.05208],[70.44847,23.05181],[70.44875,23.05181],[70.44875,23.05125],[70.44903,23.05125],[70.44903,23.05097],[70.44875,23.05097],[70.44875,23.05042],[70.44847,23.05042],[70.44847,23.05023],[70.44847,23.05014],[70.4483,23.05014],[70.4482,23.05014],[70.4482,23.04986],[70.44791,23.04986],[70.44791,23.04931],[70.44764,23.04931],[70.44764,23.04764],[70.44736,23.04764],[70.44736,23.04709],[70.44709,23.04709],[70.44709,23.04681],[70.44681,23.04681],[70.44681,23.04625],[70.44652,23.04625],[70.44652,23.04569],[70.44625,23.04569],[70.44625,23.04486],[70.44597,23.04486],[70.44597,23.04432],[70.44569,23.04432],[70.44569,23.04347],[70.44542,23.04347],[70.44542,23.04292],[70.44514,23.04292],[70.44514,23.04208],[70.44486,23.04208],[70.44486,23.04153],[70.44458,23.04153],[70.44458,23.0407],[70.44431,23.0407],[70.44431,23.04014],[70.44403,23.04014],[70.44403,23.03875],[70.44375,23.03875],[70.44375,23.03736],[70.44347,23.03736],[70.44347,23.03653],[70.44319,23.03653],[70.44319,23.03569],[70.44292,23.0357],[70.44292,23.03486],[70.44264,23.03486],[70.44264,23.03445],[70.44264,23.03403],[70.44236,23.03403],[70.44236,23.03347],[70.44208,23.03347],[70.44208,23.03292],[70.4418,23.03292],[70.4418,23.03236],[70.44153,23.03236],[70.44153,23.0318],[70.44125,23.03181],[70.44125,23.03097],[70.44097,23.03097],[70.44097,23.03014],[70.4407,23.03014],[70.4407,23.02958],[70.44041,23.02958],[70.44041,23.02875],[70.44014,23.02875],[70.44014,23.02792],[70.43986,23.02792],[70.43986,23.02708],[70.43958,23.02708],[70.43958,23.02625],[70.43931,23.02625],[70.43931,23.02542],[70.43903,23.02542],[70.43903,23.02458],[70.43875,23.02458],[70.43875,23.02403],[70.43847,23.02403],[70.43847,23.02321],[70.43819,23.02321],[70.43819,23.02236],[70.43792,23.02236],[70.43792,23.02153],[70.43764,23.02153],[70.43764,23.02069],[70.43736,23.02069],[70.43736,23.02014],[70.43708,23.02015],[70.43708,23.01958],[70.43681,23.01958],[70.43681,23.01903],[70.43653,23.01903],[70.43653,23.01847],[70.43625,23.01847],[70.43625,23.01792],[70.43596,23.01792],[70.43596,23.01736],[70.43569,23.01736],[70.43569,23.01653],[70.43542,23.01653],[70.43542,23.01597],[70.43514,23.01597],[70.43514,23.01542],[70.43486,23.01542],[70.43486,23.01486],[70.43459,23.01486],[70.43459,23.01431],[70.4343,23.01431],[70.4343,23.01375],[70.43403,23.01375],[70.43403,23.01347],[70.43375,23.01347],[70.43375,23.01292],[70.43347,23.01292],[70.43347,23.01236],[70.4332,23.01236],[70.4332,23.01208],[70.43291,23.01208],[70.43291,23.01153],[70.43264,23.01153],[70.43264,23.01098],[70.43236,23.01098],[70.43236,23.01069],[70.43208,23.0107],[70.43208,23.01014],[70.43181,23.01014],[70.43181,23.00986],[70.43153,23.00986],[70.43153,23.00931],[70.43125,23.00931],[70.43125,23.00875],[70.43097,23.00875],[70.43097,23.00847],[70.43069,23.00847],[70.43069,23.00792],[70.43042,23.00792],[70.43042,23.00736],[70.43014,23.00736],[70.43014,23.00708],[70.42986,23.00709],[70.42986,23.00653],[70.42958,23.00653],[70.42958,23.00597],[70.42931,23.00597],[70.42931,23.00542],[70.42902,23.00542],[70.42902,23.00486],[70.42875,23.00486],[70.42875,23.00458],[70.42847,23.00458],[70.42847,23.0043],[70.42819,23.0043],[70.42819,23.00403],[70.42764,23.00403],[70.42764,23.00375],[70.42736,23.00375],[70.42736,23.00347],[70.42709,23.00347],[70.42709,23.00319],[70.4268,23.00319],[70.4268,23.00264],[70.42653,23.00264],[70.42653,23.00236],[70.42625,23.00236],[70.42625,23.00208],[70.42597,23.00208],[70.42597,23.00181],[70.4257,23.00181],[70.4257,23.00125],[70.42542,23.00125],[70.42542,23.00069],[70.42514,23.00069],[70.42514,23.00042],[70.42458,23.00042],[70.42458,23.00014],[70.42458,22.99958],[70.42431,22.99958],[70.42431,22.99931],[70.42403,22.99931],[70.42403,22.99904],[70.42375,22.99904],[70.42375,22.99875],[70.42347,22.99875],[70.42347,22.99819],[70.42319,22.99819],[70.42319,22.99792],[70.42292,22.99792],[70.42292,22.99736],[70.42258,22.99736],[70.42236,22.99736],[70.42236,22.99708],[70.42208,22.99708],[70.42208,22.99681],[70.42181,22.99681],[70.42181,22.99653],[70.42152,22.99653],[70.42152,22.99625],[70.42125,22.99625],[70.42125,22.99598],[70.42097,22.99598],[70.42097,22.99542],[70.42069,22.99542],[70.42069,22.99514],[70.42042,22.99514],[70.42042,22.99486],[70.42013,22.99486],[70.42013,22.99458],[70.41958,22.99458],[70.41958,22.9943],[70.4193,22.9943],[70.4193,22.99403],[70.41875,22.99403],[70.41875,22.99375],[70.4182,22.99375],[70.4182,22.99347],[70.41791,22.99347],[70.41791,22.99319],[70.41764,22.99319],[70.41764,22.99264],[70.41708,22.99264],[70.41708,22.99208],[70.41681,22.99208],[70.41681,22.99181],[70.41653,22.99181],[70.41653,22.99153],[70.41625,22.99153],[70.41625,22.99097],[70.41597,22.99097],[70.41597,22.99069],[70.41569,22.99069],[70.41569,22.99042],[70.41541,22.99042],[70.41541,22.99014],[70.41486,22.99014],[70.41486,22.98985],[70.41375,22.98985],[70.41375,22.99014],[70.41348,22.99014],[70.41348,22.99042],[70.41319,22.99042],[70.41319,22.99069],[70.41292,22.99069],[70.41292,22.99125],[70.41264,22.99125],[70.41264,22.99292],[70.41236,22.99292],[70.41236,22.99375],[70.41209,22.99375],[70.41209,22.99458],[70.4118,22.99458],[70.4118,22.99542],[70.41153,22.99542],[70.41153,22.99625],[70.41125,22.99625],[70.41125,22.99708],[70.41097,22.99708],[70.41097,22.99732],[70.41097,22.99819],[70.4107,22.99819],[70.4107,22.99847],[70.41042,22.99847],[70.41042,22.99904],[70.4107,22.99904],[70.4107,22.99931],[70.41042,22.99931],[70.41042,22.99958],[70.4107,22.99958],[70.4107,22.99986],[70.4107,23.00069],[70.41098,23.00069],[70.41098,23.00292],[70.41125,23.00292],[70.41125,23.00514],[70.41153,23.00514],[70.41153,23.00625],[70.4118,23.00625],[70.4118,23.00847],[70.41209,23.00847],[70.41209,23.01098],[70.41236,23.01098],[70.41236,23.01264],[70.41264,23.01264],[70.41264,23.01431],[70.41292,23.01431],[70.41292,23.01569],[70.41319,23.01569],[70.41319,23.01653],[70.41347,23.01653],[70.41347,23.01708],[70.41375,23.01708],[70.41375,23.01764],[70.41402,23.01764],[70.41402,23.01819],[70.41431,23.01819],[70.41431,23.01875],[70.41458,23.01875],[70.41458,23.01931],[70.41486,23.01931],[70.41486,23.01958],[70.41514,23.01958],[70.41514,23.02015],[70.41541,23.02015],[70.41541,23.02042],[70.41569,23.02042],[70.41569,23.02069],[70.41597,23.02069],[70.41597,23.02125],[70.41625,23.02125],[70.41625,23.02153],[70.41653,23.02153],[70.41653,23.02181],[70.41681,23.02181],[70.41681,23.02236],[70.41708,23.02236],[70.41708,23.02264],[70.41736,23.02264],[70.41736,23.02292],[70.41764,23.02292],[70.41764,23.02347],[70.41791,23.02347],[70.41791,23.02375],[70.4182,23.02375],[70.4182,23.02403],[70.41847,23.02403],[70.41847,23.02458],[70.41875,23.02458],[70.41875,23.02486],[70.41903,23.02486],[70.41903,23.02514],[70.4193,23.02514],[70.4193,23.02542],[70.41958,23.02542],[70.41958,23.02569],[70.41986,23.02569],[70.41986,23.02625],[70.42014,23.02625],[70.42014,23.02653],[70.42042,23.02653],[70.42042,23.02681],[70.42069,23.02681],[70.42069,23.02708],[70.42097,23.02708],[70.42097,23.02736],[70.42152,23.02736],[70.42152,23.02764],[70.42181,23.02764],[70.42181,23.02792],[70.42236,23.02792],[70.42236,23.02819],[70.42264,23.02819],[70.42264,23.02847],[70.42319,23.02847],[70.42319,23.02875],[70.42375,23.02875],[70.42375,23.02903],[70.42403,23.02902],[70.42403,23.02931],[70.42431,23.02931],[70.42431,23.02958],[70.42486,23.02958],[70.42486,23.02986],[70.42514,23.02986],[70.42514,23.03014],[70.42542,23.03014],[70.42542,23.03042],[70.4257,23.03042],[70.4257,23.0307],[70.42625,23.03069],[70.42625,23.03097],[70.42653,23.03097],[70.42653,23.03125],[70.4268,23.03125],[70.4268,23.03153],[70.42736,23.03153],[70.42736,23.03181],[70.42764,23.03181],[70.42764,23.03209],[70.42819,23.03208],[70.42819,23.03236],[70.42847,23.03236],[70.42847,23.03264],[70.42875,23.03264],[70.42875,23.03292],[70.42931,23.03292],[70.42931,23.0332],[70.42958,23.0332],[70.42958,23.03347],[70.42986,23.03347],[70.42986,23.03375],[70.43014,23.03375],[70.43014,23.03403],[70.43042,23.03403],[70.43042,23.03431],[70.43069,23.03431],[70.43069,23.03459],[70.43097,23.03458],[70.43097,23.03486],[70.43125,23.03486],[70.43125,23.03515],[70.43153,23.03514],[70.43153,23.0357],[70.43181,23.0357],[70.43181,23.03597],[70.43209,23.03597],[70.43209,23.03625],[70.43236,23.03625],[70.43236,23.03653],[70.43264,23.03653],[70.43264,23.03681],[70.43291,23.03681],[70.43291,23.03708],[70.4332,23.03708],[70.4332,23.03736],[70.43347,23.03736],[70.43347,23.03764],[70.43375,23.03764],[70.43375,23.03792],[70.43403,23.03792],[70.43403,23.03847],[70.4343,23.03847],[70.4343,23.03875],[70.43459,23.03875],[70.43459,23.03903],[70.43486,23.03903],[70.43486,23.03958],[70.43514,23.03958],[70.43514,23.03986],[70.43542,23.03986],[70.43542,23.04014],[70.43569,23.04014],[70.43569,23.04042],[70.43596,23.04042],[70.43596,23.0407],[70.43625,23.0407],[70.43625,23.04097],[70.43653,23.04096],[70.43653,23.04153],[70.43681,23.04153],[70.43681,23.04181],[70.43708,23.04181],[70.43708,23.04208],[70.43736,23.04208],[70.43736,23.04236],[70.43764,23.04236],[70.43764,23.04264],[70.43792,23.04264],[70.43792,23.04292],[70.43819,23.04292],[70.43819,23.04317],[70.43819,23.04319],[70.43847,23.04319],[70.43847,23.04347],[70.43875,23.04347],[70.43875,23.04375],[70.43903,23.04375],[70.43903,23.04403],[70.43931,23.04403],[70.43931,23.04432],[70.43958,23.04431],[70.43958,23.04458],[70.43986,23.04458],[70.43986,23.04486],[70.44014,23.04486],[70.44014,23.04514],[70.44041,23.04514],[70.44041,23.04569],[70.4407,23.04569],[70.4407,23.04597],[70.44096,23.04597],[70.44096,23.04625],[70.44125,23.04625],[70.44125,23.04681],[70.44153,23.04681],[70.44153,23.04709],[70.4418,23.04708],[70.4418,23.04736],[70.44209,23.04736],[70.44209,23.04764],[70.44236,23.04764],[70.44236,23.0482],[70.44264,23.0482],[70.44264,23.04847],[70.44292,23.04847],[70.44292,23.04875],[70.44347,23.04875],[70.44347,23.04903],[70.44403,23.04903],[70.44403,23.04931],[70.4443,23.04931],[70.4443,23.04986],[70.44458,23.04986],[70.44458,23.05014],[70.44486,23.05013],[70.44486,23.05042],[70.44542,23.05042],[70.44542,23.05069],[70.44597,23.05069],[70.44597,23.05097],[70.44652,23.05097],[70.44652,23.05125],[70.44709,23.05125],[70.44709,23.05153],[70.44764,23.05153],[70.44764,23.05181],[70.4482,23.05181],[70.4482,23.05208],[70.44847,23.05208]]],[[[68.45625,23.62486],[68.45625,23.62458],[68.45708,23.62459],[68.45708,23.62431],[68.45819,23.62431],[68.45819,23.62403],[68.45875,23.62403],[68.45875,23.62375],[68.46181,23.62375],[68.46181,23.62347],[68.46236,23.62347],[68.46236,23.6232],[68.4632,23.6232],[68.4632,23.62292],[68.46486,23.62292],[68.46486,23.62264],[68.46514,23.62264],[68.46514,23.62236],[68.46542,23.62236],[68.46542,23.62181],[68.4657,23.62181],[68.4657,23.62153],[68.46597,23.62153],[68.46597,23.6207],[68.46625,23.6207],[68.46625,23.61958],[68.46653,23.61958],[68.46653,23.61847],[68.4668,23.61847],[68.4668,23.61708],[68.46653,23.61708],[68.46653,23.61597],[68.46625,23.61598],[68.46625,23.6154],[68.46625,23.61431],[68.46597,23.61431],[68.46597,23.61264],[68.4657,23.61264],[68.4657,23.60736],[68.46597,23.60736],[68.46597,23.60542],[68.46625,23.60542],[68.46625,23.60375],[68.46653,23.60375],[68.46653,23.60208],[68.46625,23.60208],[68.46625,23.60125],[68.46653,23.60125],[68.46653,23.60098],[68.4657,23.60098],[68.46569,23.60153],[68.46375,23.60153],[68.46375,23.60181],[68.46291,23.60181],[68.46291,23.60208],[68.46236,23.60208],[68.46236,23.60236],[68.46181,23.60236],[68.46181,23.60264],[68.46153,23.60264],[68.46153,23.60292],[68.46098,23.60292],[68.46098,23.6032],[68.46042,23.6032],[68.46042,23.60347],[68.45986,23.60347],[68.45986,23.60375],[68.4593,23.60375],[68.4593,23.60404],[68.45875,23.60404],[68.45875,23.60431],[68.45763,23.60431],[68.45763,23.60404],[68.45736,23.60404],[68.45736,23.60375],[68.4568,23.60375],[68.4568,23.60404],[68.45625,23.60404],[68.45625,23.60431],[68.45486,23.60431],[68.45486,23.60404],[68.45431,23.60404],[68.45431,23.60375],[68.45375,23.60375],[68.45375,23.60347],[68.45319,23.60347],[68.45319,23.6032],[68.45264,23.6032],[68.45264,23.60292],[68.45182,23.60292],[68.45182,23.60264],[68.45153,23.60264],[68.45153,23.60236],[68.45125,23.60236],[68.45125,23.60208],[68.45069,23.60208],[68.45069,23.60181],[68.45014,23.60181],[68.45014,23.60153],[68.44958,23.60153],[68.44958,23.60125],[68.4493,23.60125],[68.4493,23.60069],[68.44875,23.6007],[68.44875,23.60042],[68.44847,23.60042],[68.44847,23.59986],[68.4482,23.59986],[68.4482,23.59903],[68.44791,23.59903],[68.44791,23.59847],[68.44764,23.59847],[68.44764,23.59736],[68.44736,23.59736],[68.44736,23.59625],[68.44708,23.59625],[68.44708,23.59514],[68.44681,23.59514],[68.44681,23.59431],[68.44653,23.59431],[68.44653,23.5932],[68.44625,23.5932],[68.44625,23.59153],[68.44597,23.59153],[68.44597,23.59069],[68.44569,23.59069],[68.44569,23.59042],[68.44514,23.59042],[68.44514,23.59014],[68.44458,23.59014],[68.44458,23.58958],[68.44514,23.58958],[68.44514,23.58931],[68.44542,23.58931],[68.44542,23.58903],[68.44569,23.58903],[68.44569,23.58847],[68.44236,23.58847],[68.44236,23.58819],[68.4418,23.58819],[68.4418,23.58792],[68.44124,23.58792],[68.44124,23.58653],[68.44041,23.58653],[68.44041,23.58681],[68.44014,23.58681],[68.44014,23.58736],[68.43986,23.58736],[68.43986,23.58792],[68.43958,23.58792],[68.43958,23.58819],[68.44041,23.58819],[68.44041,23.58847],[68.44014,23.58847],[68.44014,23.58903],[68.43847,23.58903],[68.43847,23.58931],[68.43875,23.58931],[68.43875,23.59014],[68.43902,23.59014],[68.43902,23.59236],[68.43931,23.59236],[68.43931,23.59264],[68.43986,23.59264],[68.43986,23.59292],[68.44014,23.59292],[68.44014,23.59347],[68.44041,23.59347],[68.44041,23.59403],[68.4407,23.59403],[68.4407,23.59486],[68.44097,23.59485],[68.44097,23.59542],[68.44125,23.59542],[68.44125,23.59709],[68.44153,23.59708],[68.44153,23.59764],[68.44125,23.59764],[68.44125,23.59847],[68.44153,23.59847],[68.44153,23.59931],[68.44125,23.59931],[68.44125,23.59958],[68.44097,23.59958],[68.44097,23.6007],[68.4407,23.6007],[68.4407,23.60208],[68.44097,23.60208],[68.44097,23.60347],[68.4407,23.60347],[68.4407,23.60375],[68.44041,23.60375],[68.44041,23.60404],[68.44014,23.60404],[68.44014,23.60486],[68.43986,23.60486],[68.43986,23.60542],[68.44014,23.60542],[68.44014,23.60569],[68.44041,23.60569],[68.44041,23.60597],[68.44014,23.60597],[68.44014,23.60625],[68.43986,23.60625],[68.43986,23.60653],[68.43959,23.60653],[68.43959,23.60681],[68.4377,23.60681],[68.43708,23.60681],[68.43708,23.60708],[68.43681,23.60708],[68.43681,23.60819],[68.43708,23.60819],[68.43708,23.60847],[68.43736,23.60847],[68.43736,23.60931],[68.43708,23.60931],[68.43708,23.61042],[68.43681,23.61042],[68.43682,23.61125],[68.43653,23.61125],[68.43653,23.61208],[68.43625,23.61208],[68.43625,23.61264],[68.43597,23.61264],[68.43597,23.61347],[68.43569,23.61347],[68.43569,23.61403],[68.43542,23.61403],[68.43542,23.61458],[68.43514,23.61458],[68.43514,23.61514],[68.43486,23.61514],[68.43486,23.61569],[68.43459,23.61569],[68.43459,23.61625],[68.43486,23.61625],[68.43486,23.61681],[68.43514,23.61681],[68.43514,23.61736],[68.43542,23.61736],[68.43542,23.61764],[68.43625,23.61764],[68.43625,23.61904],[68.43653,23.61903],[68.43653,23.6193],[68.43764,23.6193],[68.43764,23.61847],[68.43819,23.61847],[68.43819,23.61875],[68.43847,23.61875],[68.43847,23.6193],[68.43875,23.6193],[68.43875,23.61958],[68.43958,23.61958],[68.43958,23.61986],[68.43986,23.61986],[68.43986,23.62042],[68.44124,23.62042],[68.44124,23.61958],[68.44375,23.61958],[68.44375,23.62125],[68.44403,23.62125],[68.44403,23.62153],[68.44431,23.62153],[68.44431,23.62181],[68.4482,23.6218],[68.4482,23.62209],[68.44847,23.62208],[68.44847,23.62236],[68.44876,23.62236],[68.44876,23.62292],[68.44903,23.62292],[68.44903,23.6232],[68.45097,23.62319],[68.45097,23.62403],[68.45182,23.62403],[68.45182,23.62431],[68.45208,23.62431],[68.45208,23.62403],[68.45292,23.62403],[68.45292,23.62375],[68.45541,23.62375],[68.45541,23.62459],[68.45569,23.62458],[68.45569,23.62486],[68.45625,23.62486]]],[[[68.50597,23.34236],[68.50597,23.34208],[68.50625,23.34209],[68.50625,23.34153],[68.50653,23.34153],[68.50653,23.34141],[68.50653,23.34141],[68.50653,23.34097],[68.50875,23.34097],[68.50875,23.34069],[68.50961,23.34069],[68.51041,23.34069],[68.51041,23.34042],[68.51097,23.34042],[68.51097,23.34014],[68.51153,23.34014],[68.51153,23.33986],[68.51236,23.33986],[68.51236,23.33958],[68.51292,23.33958],[68.51292,23.33931],[68.51375,23.33931],[68.51375,23.33958],[68.51458,23.33958],[68.51458,23.33986],[68.51514,23.33986],[68.51514,23.34014],[68.51542,23.34014],[68.51542,23.34042],[68.51569,23.34042],[68.51569,23.34097],[68.51598,23.34097],[68.51598,23.34125],[68.51679,23.34125],[68.51791,23.34125],[68.51791,23.34153],[68.5193,23.34153],[68.5193,23.34125],[68.51986,23.34125],[68.51986,23.34097],[68.52014,23.34097],[68.52014,23.34069],[68.52069,23.34069],[68.52069,23.33931],[68.52042,23.33931],[68.52042,23.33875],[68.52153,23.33875],[68.52153,23.33708],[68.5218,23.33708],[68.5218,23.33681],[68.52236,23.33681],[68.52236,23.33653],[68.52264,23.33653],[68.52264,23.33736],[68.52292,23.33736],[68.52292,23.33792],[68.5257,23.33792],[68.5257,23.33736],[68.52597,23.33736],[68.52597,23.33708],[68.52764,23.33708],[68.52764,23.33653],[68.52792,23.33653],[68.52792,23.33542],[68.5282,23.33542],[68.5282,23.33458],[68.52847,23.33458],[68.52847,23.33347],[68.52875,23.33347],[68.52875,23.33264],[68.52847,23.33264],[68.52847,23.33153],[68.5282,23.33153],[68.5282,23.33097],[68.52736,23.33097],[68.52736,23.3307],[68.52653,23.3307],[68.52653,23.33042],[68.5257,23.33042],[68.5257,23.33015],[68.52597,23.33015],[68.52597,23.32958],[68.52625,23.32959],[68.52625,23.32903],[68.52653,23.32903],[68.52653,23.32875],[68.52681,23.32875],[68.5268,23.3282],[68.52708,23.3282],[68.52708,23.32792],[68.52736,23.32792],[68.52736,23.32764],[68.52764,23.32764],[68.52764,23.32736],[68.52792,23.32736],[68.52792,23.32709],[68.5282,23.32709],[68.5282,23.3268],[68.52847,23.32681],[68.52847,23.32653],[68.52875,23.32653],[68.52875,23.32625],[68.52903,23.32625],[68.52903,23.32597],[68.52986,23.32597],[68.52986,23.32569],[68.53042,23.3257],[68.53042,23.32542],[68.53125,23.32542],[68.53125,23.32514],[68.53181,23.32514],[68.53181,23.32486],[68.53375,23.32486],[68.53375,23.32458],[68.53403,23.32458],[68.53403,23.32431],[68.5343,23.32431],[68.53431,23.32402],[68.53486,23.32403],[68.53486,23.32375],[68.53514,23.32375],[68.53514,23.32347],[68.53541,23.32347],[68.53541,23.32319],[68.5357,23.32319],[68.5357,23.32292],[68.53598,23.32292],[68.53598,23.32264],[68.53625,23.32264],[68.53625,23.32236],[68.5368,23.32236],[68.5368,23.32208],[68.53709,23.32208],[68.53709,23.32181],[68.53723,23.32181],[68.53723,23.32181],[68.53736,23.32181],[68.53736,23.32069],[68.53625,23.32069],[68.53625,23.3211],[68.53625,23.3211],[68.53625,23.32125],[68.53598,23.32125],[68.53598,23.32181],[68.5357,23.32181],[68.5357,23.32208],[68.53541,23.32208],[68.53541,23.32181],[68.53486,23.32181],[68.53486,23.32153],[68.53458,23.32153],[68.53458,23.32125],[68.53431,23.32125],[68.5343,23.32069],[68.53403,23.32069],[68.53403,23.32042],[68.5343,23.32042],[68.53431,23.31986],[68.53539,23.31986],[68.53539,23.31986],[68.53625,23.31986],[68.53625,23.31958],[68.53653,23.31958],[68.53653,23.31931],[68.5368,23.31931],[68.5368,23.31903],[68.53736,23.31903],[68.53736,23.31875],[68.53764,23.31875],[68.53764,23.31847],[68.53736,23.31847],[68.53736,23.3182],[68.53709,23.31821],[68.53709,23.31792],[68.53653,23.31792],[68.53653,23.31764],[68.53625,23.31764],[68.53625,23.31736],[68.53597,23.31736],[68.53597,23.31681],[68.5357,23.31681],[68.5357,23.31653],[68.53394,23.31653],[68.53394,23.31653],[68.53042,23.31653],[68.53042,23.31681],[68.52792,23.31681],[68.52792,23.31708],[68.5193,23.31708],[68.5193,23.31736],[68.51764,23.31736],[68.51764,23.31764],[68.51625,23.31764],[68.51625,23.31792],[68.51514,23.31792],[68.51514,23.31821],[68.51319,23.3182],[68.51319,23.31847],[68.51153,23.31847],[68.51153,23.31875],[68.51097,23.31875],[68.51097,23.31903],[68.51041,23.31903],[68.51041,23.31931],[68.50958,23.31931],[68.50958,23.31958],[68.50902,23.31958],[68.50903,23.31986],[68.50847,23.31986],[68.50847,23.32014],[68.50792,23.32014],[68.50792,23.32042],[68.50764,23.32042],[68.50764,23.32069],[68.50708,23.32069],[68.50708,23.32098],[68.5068,23.32097],[68.50681,23.32125],[68.50653,23.32125],[68.50653,23.32153],[68.50625,23.32153],[68.50625,23.32181],[68.50569,23.32181],[68.50569,23.32208],[68.50542,23.32208],[68.50542,23.32236],[68.50514,23.32236],[68.50514,23.32264],[68.50459,23.32264],[68.50459,23.32292],[68.50403,23.32292],[68.50403,23.32319],[68.50347,23.32319],[68.50347,23.32347],[68.50291,23.32347],[68.50291,23.32375],[68.50236,23.32375],[68.50236,23.32403],[68.50291,23.32402],[68.50291,23.32431],[68.5032,23.32431],[68.5032,23.32458],[68.50347,23.32458],[68.50347,23.32486],[68.50375,23.32486],[68.50375,23.32542],[68.50403,23.32542],[68.50403,23.3257],[68.5043,23.3257],[68.5043,23.32792],[68.50459,23.32792],[68.50459,23.32708],[68.50514,23.32708],[68.50514,23.32903],[68.50486,23.32903],[68.50486,23.32959],[68.50542,23.32958],[68.50542,23.32986],[68.50514,23.32986],[68.50514,23.3307],[68.50542,23.3307],[68.50542,23.33097],[68.50597,23.33097],[68.50597,23.33125],[68.50681,23.33125],[68.50681,23.33153],[68.50708,23.33153],[68.50708,23.33208],[68.5068,23.33208],[68.50681,23.33236],[68.50653,23.33236],[68.50653,23.33264],[68.50625,23.33264],[68.50625,23.33292],[68.50597,23.33292],[68.50597,23.33375],[68.50653,23.33375],[68.50653,23.33542],[68.50597,23.33542],[68.50597,23.33514],[68.50568,23.33514],[68.50568,23.3343],[68.50542,23.33431],[68.50542,23.33347],[68.50514,23.33347],[68.50514,23.3332],[68.50486,23.3332],[68.50486,23.33292],[68.50459,23.33292],[68.50459,23.33181],[68.5043,23.33181],[68.5043,23.33208],[68.5032,23.33208],[68.5032,23.33292],[68.50291,23.33292],[68.50291,23.33431],[68.5032,23.33431],[68.5032,23.33458],[68.50347,23.33458],[68.50347,23.3357],[68.5032,23.3357],[68.5032,23.33736],[68.50291,23.33736],[68.50291,23.33781],[68.50291,23.33781],[68.50291,23.33903],[68.50264,23.33902],[68.50264,23.34042],[68.50291,23.34042],[68.50291,23.34097],[68.5032,23.34097],[68.5032,23.34125],[68.50347,23.34125],[68.50347,23.34153],[68.50375,23.34153],[68.50375,23.34209],[68.50403,23.34208],[68.50403,23.34236],[68.50597,23.34236]]],[[[68.48458,23.62792],[68.48458,23.62764],[68.48681,23.62764],[68.48681,23.62736],[68.48708,23.62736],[68.48708,23.62708],[68.48681,23.62708],[68.48681,23.62653],[68.48653,23.62653],[68.48653,23.62625],[68.48625,23.62625],[68.48625,23.62569],[68.48597,23.6257],[68.48597,23.62514],[68.48569,23.62514],[68.48569,23.62458],[68.48542,23.62459],[68.48542,23.62431],[68.48514,23.62431],[68.48514,23.62375],[68.48486,23.62375],[68.48486,23.62347],[68.48458,23.62347],[68.48458,23.6232],[68.48431,23.6232],[68.48431,23.62292],[68.48402,23.62292],[68.48402,23.62264],[68.48375,23.62264],[68.48375,23.62236],[68.48347,23.62236],[68.48347,23.62181],[68.48319,23.62181],[68.48319,23.62153],[68.48402,23.62153],[68.48402,23.62181],[68.48431,23.6218],[68.48431,23.62209],[68.48458,23.62208],[68.48458,23.62236],[68.48486,23.62236],[68.48486,23.62292],[68.48514,23.62292],[68.48514,23.62347],[68.48569,23.62347],[68.48569,23.62375],[68.48625,23.62375],[68.48625,23.62403],[68.48653,23.62403],[68.48653,23.62431],[68.48681,23.62431],[68.48681,23.62459],[68.48708,23.62458],[68.48708,23.62486],[68.48736,23.62486],[68.48736,23.62514],[68.48793,23.62514],[68.48793,23.62542],[68.48847,23.62542],[68.48847,23.6257],[68.4893,23.6257],[68.4893,23.62542],[68.48959,23.62542],[68.48959,23.62514],[68.48986,23.62514],[68.48986,23.62486],[68.49014,23.62486],[68.49013,23.62431],[68.49042,23.62431],[68.49042,23.62264],[68.4907,23.62264],[68.4907,23.62208],[68.49097,23.62209],[68.49097,23.62153],[68.4907,23.62153],[68.4907,23.62097],[68.49042,23.62097],[68.49042,23.62042],[68.49014,23.62042],[68.49014,23.6193],[68.48986,23.6193],[68.48986,23.61819],[68.48959,23.61819],[68.48959,23.61708],[68.4893,23.61708],[68.4893,23.61431],[68.48959,23.61431],[68.48959,23.6132],[68.48986,23.61319],[68.48986,23.61208],[68.49013,23.61208],[68.49013,23.61173],[68.49013,23.61097],[68.49042,23.61097],[68.49042,23.60986],[68.49069,23.60986],[68.49069,23.60903],[68.49097,23.60903],[68.49097,23.60792],[68.49125,23.60792],[68.49125,23.60569],[68.49097,23.60569],[68.49097,23.60431],[68.4907,23.60431],[68.4907,23.60375],[68.49042,23.60375],[68.49042,23.60347],[68.4893,23.60347],[68.4893,23.60375],[68.48875,23.60375],[68.48875,23.60404],[68.4882,23.60404],[68.4882,23.60431],[68.48764,23.60431],[68.48764,23.60458],[68.48625,23.60458],[68.48625,23.60486],[68.48597,23.60486],[68.48597,23.60514],[68.48569,23.60514],[68.48569,23.60542],[68.48514,23.60542],[68.48514,23.60569],[68.48486,23.60569],[68.48486,23.60597],[68.48431,23.60597],[68.48431,23.60625],[68.48402,23.60625],[68.48402,23.60653],[68.48375,23.60653],[68.48375,23.60681],[68.48319,23.60681],[68.48319,23.60708],[68.48263,23.60708],[68.48263,23.60736],[68.481,23.60736],[68.48041,23.60736],[68.48041,23.60708],[68.47986,23.60708],[68.47986,23.60681],[68.47958,23.60681],[68.47958,23.60653],[68.47931,23.60653],[68.47931,23.60625],[68.47903,23.60625],[68.47903,23.60653],[68.47876,23.60653],[68.47876,23.60625],[68.47847,23.60625],[68.47847,23.60486],[68.47819,23.60486],[68.47819,23.60458],[68.47791,23.60458],[68.47791,23.60375],[68.4782,23.60375],[68.47819,23.6032],[68.47791,23.6032],[68.47791,23.60014],[68.4782,23.60014],[68.47819,23.59903],[68.47847,23.59903],[68.47847,23.59847],[68.47875,23.59847],[68.47875,23.5982],[68.47903,23.5982],[68.47903,23.59792],[68.47958,23.59792],[68.47958,23.5968],[68.47931,23.59681],[68.47931,23.59653],[68.47958,23.59653],[68.47958,23.59375],[68.47986,23.59375],[68.47986,23.59292],[68.48014,23.59292],[68.48014,23.59153],[68.47986,23.59153],[68.47986,23.59097],[68.47958,23.59097],[68.47958,23.59069],[68.47847,23.59069],[68.47847,23.59097],[68.47791,23.59097],[68.47791,23.59125],[68.47708,23.59125],[68.47708,23.59153],[68.47652,23.59153],[68.47652,23.59181],[68.47625,23.59181],[68.47625,23.59208],[68.47597,23.59208],[68.47597,23.59236],[68.4757,23.59236],[68.4757,23.59264],[68.47542,23.59264],[68.47542,23.59292],[68.47514,23.59292],[68.47514,23.5932],[68.47459,23.59319],[68.47459,23.59347],[68.4743,23.59347],[68.4743,23.59375],[68.47347,23.59375],[68.47347,23.59403],[68.47181,23.59403],[68.4718,23.59375],[68.47041,23.59375],[68.47041,23.59347],[68.46958,23.59347],[68.46958,23.59319],[68.46902,23.5932],[68.46902,23.59292],[68.46848,23.59292],[68.46848,23.59264],[68.46819,23.59264],[68.46819,23.59292],[68.46792,23.59292],[68.46792,23.5932],[68.46763,23.59319],[68.46763,23.59347],[68.46736,23.59347],[68.46736,23.59542],[68.46709,23.59542],[68.46709,23.59681],[68.46736,23.59681],[68.46736,23.59764],[68.46763,23.59764],[68.46763,23.5982],[68.46792,23.59819],[68.46792,23.59875],[68.46819,23.59875],[68.46819,23.59931],[68.46847,23.59931],[68.46847,23.60014],[68.46875,23.60014],[68.46875,23.60098],[68.46902,23.60098],[68.46902,23.60125],[68.46931,23.60125],[68.46931,23.60153],[68.46957,23.60153],[68.46957,23.60486],[68.46931,23.60486],[68.46931,23.60597],[68.46902,23.60597],[68.46902,23.60653],[68.46875,23.60653],[68.46875,23.60681],[68.46848,23.60681],[68.46848,23.60792],[68.46875,23.60792],[68.46875,23.60819],[68.46847,23.60819],[68.46847,23.60986],[68.46819,23.60986],[68.46819,23.61097],[68.46847,23.61097],[68.46847,23.61125],[68.46875,23.61125],[68.46875,23.61264],[68.46902,23.61264],[68.46902,23.61403],[68.46928,23.61403],[68.46931,23.61514],[68.46957,23.61514],[68.46957,23.61625],[68.46985,23.61625],[68.46985,23.61681],[68.47041,23.61681],[68.47041,23.61708],[68.4707,23.61708],[68.4707,23.61736],[68.47125,23.61736],[68.47125,23.61764],[68.4718,23.61764],[68.4718,23.61792],[68.47236,23.61792],[68.47236,23.61819],[68.47292,23.61819],[68.47292,23.61847],[68.4732,23.61847],[68.4732,23.6193],[68.47347,23.6193],[68.47347,23.62014],[68.47459,23.62014],[68.47459,23.61986],[68.47486,23.61986],[68.47486,23.6193],[68.4757,23.6193],[68.4757,23.62014],[68.47583,23.62014],[68.47958,23.62014],[68.47958,23.6207],[68.47986,23.6207],[68.47986,23.62125],[68.48042,23.62125],[68.48042,23.62153],[68.4807,23.62153],[68.4807,23.62181],[68.48097,23.62181],[68.48097,23.62236],[68.48125,23.62236],[68.48125,23.6232],[68.48153,23.62319],[68.48153,23.62375],[68.48125,23.62375],[68.48125,23.62431],[68.48097,23.62431],[68.48097,23.62486],[68.4807,23.62486],[68.4807,23.6257],[68.48097,23.62569],[68.48097,23.62653],[68.48125,23.62653],[68.48125,23.62708],[68.48153,23.62708],[68.48153,23.62736],[68.4818,23.62736],[68.4818,23.62764],[68.48208,23.62764],[68.48208,23.62792],[68.48458,23.62792]]],[[[68.54347,23.40375],[68.54347,23.40347],[68.54375,23.40347],[68.54375,23.40319],[68.5443,23.40319],[68.5443,23.40292],[68.54485,23.40292],[68.54485,23.40264],[68.54542,23.40264],[68.54542,23.40236],[68.54569,23.40236],[68.54569,23.40208],[68.54625,23.40208],[68.54625,23.40181],[68.54681,23.40181],[68.54681,23.40153],[68.54736,23.40153],[68.54736,23.40125],[68.54792,23.40125],[68.54792,23.40097],[68.54894,23.40097],[68.54903,23.40097],[68.54903,23.40153],[68.54931,23.40153],[68.54931,23.40181],[68.54958,23.40181],[68.54958,23.40208],[68.55042,23.40208],[68.55042,23.40236],[68.5507,23.40236],[68.5507,23.40208],[68.55097,23.40208],[68.55097,23.40181],[68.55125,23.40181],[68.55125,23.40069],[68.55097,23.40069],[68.55097,23.40042],[68.55042,23.40042],[68.55042,23.40014],[68.54986,23.40014],[68.54986,23.39986],[68.55014,23.39986],[68.55014,23.39958],[68.55042,23.39958],[68.55042,23.39931],[68.5507,23.39931],[68.5507,23.39903],[68.5518,23.39903],[68.5518,23.39931],[68.55236,23.39931],[68.55236,23.39958],[68.55292,23.39958],[68.55292,23.39931],[68.55375,23.39931],[68.55375,23.39903],[68.55402,23.39903],[68.55402,23.3982],[68.55431,23.3982],[68.55431,23.39764],[68.55458,23.39764],[68.55458,23.39708],[68.55486,23.39708],[68.55486,23.39597],[68.55458,23.39597],[68.55458,23.39486],[68.55431,23.39486],[68.55431,23.39431],[68.55402,23.39431],[68.55402,23.39403],[68.55375,23.39403],[68.55375,23.39375],[68.55347,23.39375],[68.55347,23.3932],[68.55319,23.3932],[68.55319,23.39267],[68.55319,23.39153],[68.55347,23.39153],[68.55347,23.39097],[68.55375,23.39097],[68.55375,23.39042],[68.55402,23.39042],[68.55402,23.38986],[68.55431,23.38986],[68.55431,23.38931],[68.55453,23.38931],[68.55486,23.38931],[68.55486,23.38903],[68.55569,23.38903],[68.55569,23.38875],[68.55597,23.38875],[68.55597,23.3882],[68.55625,23.3882],[68.55625,23.38764],[68.55653,23.38764],[68.55653,23.38707],[68.55681,23.38708],[68.55681,23.38653],[68.55708,23.38653],[68.55708,23.38625],[68.55736,23.38625],[68.55736,23.38569],[68.55764,23.3857],[68.55764,23.38514],[68.55791,23.38514],[68.55791,23.38486],[68.5582,23.38486],[68.5582,23.3843],[68.55847,23.38431],[68.55847,23.38375],[68.55875,23.38375],[68.55875,23.38347],[68.55903,23.38347],[68.55903,23.38292],[68.5593,23.38292],[68.5593,23.38181],[68.55903,23.38181],[68.55903,23.38153],[68.5582,23.38153],[68.5582,23.38126],[68.55736,23.38126],[68.55736,23.38153],[68.55708,23.38153],[68.55708,23.38209],[68.55681,23.38208],[68.55681,23.38236],[68.55653,23.38236],[68.55653,23.38264],[68.55542,23.38264],[68.55542,23.38292],[68.55486,23.38292],[68.55486,23.3832],[68.55403,23.3832],[68.55403,23.38292],[68.55431,23.38292],[68.55431,23.38236],[68.55458,23.38236],[68.55458,23.38181],[68.55486,23.38181],[68.55486,23.38153],[68.55514,23.38153],[68.55514,23.38097],[68.55542,23.38097],[68.55542,23.3807],[68.55569,23.3807],[68.55569,23.38014],[68.55597,23.38014],[68.55597,23.37958],[68.55625,23.37958],[68.55625,23.37903],[68.55653,23.37903],[68.55653,23.37875],[68.55791,23.37875],[68.55791,23.37847],[68.55903,23.37847],[68.55903,23.37819],[68.56014,23.3782],[68.56014,23.37792],[68.56181,23.37792],[68.56181,23.37764],[68.56319,23.37764],[68.56319,23.37736],[68.56375,23.37736],[68.56375,23.37708],[68.56458,23.37708],[68.56458,23.37681],[68.56514,23.37681],[68.56514,23.37653],[68.5668,23.37653],[68.5668,23.37625],[68.56709,23.37625],[68.56709,23.37597],[68.56736,23.37597],[68.56736,23.37514],[68.56709,23.37514],[68.56709,23.37486],[68.5668,23.37486],[68.5668,23.37458],[68.56625,23.37458],[68.56625,23.37431],[68.56595,23.37431],[68.56595,23.37403],[68.5657,23.37403],[68.5657,23.37375],[68.56541,23.37375],[68.56541,23.37319],[68.56514,23.37319],[68.56514,23.37264],[68.56403,23.37264],[68.56403,23.37236],[68.56375,23.37236],[68.56375,23.37181],[68.56347,23.37181],[68.56347,23.37153],[68.56319,23.37153],[68.56319,23.37125],[68.56292,23.37125],[68.56292,23.37097],[68.56264,23.37097],[68.56264,23.3707],[68.56236,23.3707],[68.56236,23.37042],[68.56208,23.37042],[68.56208,23.36986],[68.5618,23.36986],[68.5618,23.36958],[68.56153,23.36958],[68.56153,23.36903],[68.56125,23.36903],[68.56125,23.36847],[68.56097,23.36847],[68.56097,23.36819],[68.56069,23.36819],[68.56069,23.36764],[68.56042,23.36764],[68.56042,23.36736],[68.56014,23.36736],[68.56014,23.36681],[68.55986,23.36681],[68.55986,23.36626],[68.55959,23.36626],[68.55959,23.36569],[68.5593,23.36569],[68.5593,23.36486],[68.55903,23.36486],[68.55903,23.36347],[68.55875,23.36347],[68.55875,23.36264],[68.55847,23.36264],[68.55847,23.36236],[68.55791,23.36236],[68.55791,23.36208],[68.55764,23.36208],[68.55764,23.36181],[68.55736,23.36181],[68.55736,23.36153],[68.55681,23.36153],[68.55681,23.36125],[68.55653,23.36125],[68.55653,23.36097],[68.55625,23.36097],[68.55625,23.3607],[68.55569,23.3607],[68.55569,23.36042],[68.55431,23.36042],[68.55431,23.36013],[68.55319,23.36013],[68.55319,23.36042],[68.55292,23.36042],[68.55292,23.3607],[68.55264,23.36069],[68.55264,23.36153],[68.55292,23.36153],[68.55292,23.36181],[68.55347,23.36181],[68.55347,23.36208],[68.55375,23.36208],[68.55375,23.36236],[68.55319,23.36236],[68.55319,23.36319],[68.55292,23.36319],[68.55292,23.36653],[68.55209,23.36653],[68.55209,23.36458],[68.55179,23.36458],[68.55179,23.36486],[68.55153,23.36486],[68.55153,23.36514],[68.55125,23.36514],[68.55125,23.36569],[68.55014,23.36569],[68.55014,23.36597],[68.54957,23.36597],[68.54957,23.36626],[68.54986,23.36625],[68.54986,23.36708],[68.5507,23.36708],[68.5507,23.37014],[68.55042,23.37014],[68.55042,23.3707],[68.55014,23.3707],[68.55014,23.37125],[68.55042,23.37125],[68.55042,23.37153],[68.5507,23.37153],[68.5507,23.37125],[68.55153,23.37125],[68.55153,23.37097],[68.5518,23.37097],[68.5518,23.3707],[68.55236,23.3707],[68.55236,23.37042],[68.55264,23.37042],[68.55264,23.37014],[68.55319,23.37014],[68.55319,23.36986],[68.55347,23.36986],[68.55347,23.36958],[68.55403,23.36958],[68.55403,23.36931],[68.55431,23.36931],[68.55431,23.36903],[68.55514,23.36903],[68.55514,23.36931],[68.55542,23.36931],[68.55542,23.36958],[68.55597,23.36958],[68.55597,23.36986],[68.55653,23.36986],[68.55653,23.3707],[68.55681,23.3707],[68.55681,23.37181],[68.55708,23.37181],[68.55708,23.37264],[68.55736,23.37264],[68.55736,23.37319],[68.55764,23.37319],[68.55764,23.37347],[68.5582,23.37347],[68.5582,23.37375],[68.55875,23.37375],[68.55875,23.37403],[68.5593,23.37403],[68.5593,23.37431],[68.55958,23.37431],[68.55958,23.37458],[68.56014,23.37458],[68.56014,23.37486],[68.56069,23.37486],[68.56069,23.37542],[68.56042,23.37542],[68.56042,23.37569],[68.56014,23.37569],[68.56014,23.37597],[68.55959,23.37597],[68.55959,23.37625],[68.55653,23.37625],[68.55653,23.37653],[68.55625,23.37653],[68.55625,23.37681],[68.55597,23.37681],[68.55597,23.37708],[68.55514,23.37708],[68.55514,23.37681],[68.55431,23.37681],[68.55431,23.37708],[68.55403,23.37708],[68.55403,23.37847],[68.55431,23.37847],[68.55431,23.38014],[68.55402,23.38014],[68.55402,23.3807],[68.55375,23.3807],[68.55375,23.38097],[68.55347,23.38097],[68.55347,23.38153],[68.55319,23.38153],[68.55319,23.38181],[68.55292,23.3818],[68.55292,23.38209],[68.55264,23.38209],[68.55264,23.38236],[68.55236,23.38236],[68.55236,23.38431],[68.55153,23.3843],[68.55153,23.38542],[68.55179,23.38542],[68.55179,23.38514],[68.55264,23.38514],[68.55264,23.3857],[68.55236,23.38569],[68.55236,23.38625],[68.55209,23.38625],[68.55209,23.38653],[68.55125,23.38653],[68.55125,23.38625],[68.5507,23.38625],[68.5507,23.38653],[68.55042,23.38653],[68.55042,23.3868],[68.55014,23.38681],[68.55014,23.38736],[68.54986,23.38736],[68.54986,23.38764],[68.54957,23.38764],[68.54957,23.38792],[68.54931,23.38792],[68.54931,23.38903],[68.54903,23.38903],[68.54903,23.39031],[68.54903,23.39069],[68.54875,23.39069],[68.54875,23.39181],[68.54847,23.39181],[68.54847,23.39264],[68.54792,23.39264],[68.54792,23.39292],[68.54736,23.39292],[68.54736,23.3932],[68.54708,23.3932],[68.54708,23.39375],[68.54681,23.39375],[68.54681,23.39431],[68.54569,23.39431],[68.54569,23.39458],[68.54542,23.39458],[68.54542,23.39514],[68.54569,23.39514],[68.54569,23.39542],[68.54652,23.39542],[68.54652,23.39625],[68.54625,23.39625],[68.54625,23.39681],[68.54542,23.39681],[68.54542,23.39653],[68.54514,23.39653],[68.54514,23.39597],[68.54486,23.39597],[68.54486,23.3957],[68.54459,23.3957],[68.54459,23.39542],[68.5432,23.39542],[68.5432,23.39514],[68.54264,23.39514],[68.54264,23.39458],[68.54291,23.39458],[68.54291,23.39403],[68.5432,23.39403],[68.5432,23.39347],[68.54291,23.39347],[68.54291,23.39319],[68.54264,23.3932],[68.54264,23.39292],[68.54208,23.39292],[68.54208,23.39264],[68.54236,23.39264],[68.54236,23.39236],[68.54292,23.39236],[68.54291,23.39153],[68.5432,23.39153],[68.5432,23.39069],[68.54347,23.39069],[68.54347,23.39014],[68.54403,23.39014],[68.54403,23.38986],[68.5443,23.38986],[68.5443,23.38931],[68.54403,23.38931],[68.54403,23.38875],[68.54375,23.38875],[68.54375,23.3882],[68.54291,23.3882],[68.54291,23.38847],[68.54236,23.38847],[68.54236,23.38875],[68.54208,23.38875],[68.54208,23.38903],[68.54181,23.38903],[68.54181,23.38958],[68.54208,23.38958],[68.54208,23.38986],[68.54236,23.38986],[68.54236,23.39042],[68.54264,23.39042],[68.54264,23.39125],[68.54236,23.39125],[68.54236,23.39181],[68.54125,23.39181],[68.54125,23.39208],[68.54097,23.39208],[68.54097,23.39236],[68.5407,23.39236],[68.5407,23.39264],[68.54041,23.39264],[68.54041,23.39292],[68.54014,23.39292],[68.54014,23.3932],[68.53958,23.39319],[68.53958,23.39347],[68.53931,23.39347],[68.53931,23.39375],[68.53986,23.39375],[68.53986,23.39403],[68.54041,23.39403],[68.54041,23.39431],[68.54236,23.39431],[68.54236,23.39486],[68.54208,23.39486],[68.54208,23.39542],[68.54153,23.39542],[68.54153,23.3957],[68.54125,23.3957],[68.54125,23.39681],[68.54236,23.39681],[68.54236,23.39708],[68.54291,23.39708],[68.54291,23.39736],[68.5443,23.39736],[68.5443,23.39792],[68.54403,23.39792],[68.54403,23.39847],[68.54375,23.39847],[68.54375,23.39903],[68.54347,23.39903],[68.54347,23.39958],[68.54236,23.39958],[68.54236,23.39986],[68.54208,23.39986],[68.54208,23.40014],[68.54181,23.40014],[68.54181,23.40042],[68.54153,23.40042],[68.54153,23.40069],[68.54125,23.40069],[68.54125,23.40125],[68.54035,23.40125],[68.53986,23.40125],[68.53986,23.40069],[68.53958,23.40069],[68.53958,23.40014],[68.53931,23.40014],[68.53931,23.39983],[68.53931,23.39958],[68.53902,23.39958],[68.53902,23.39948],[68.53902,23.39875],[68.53875,23.39875],[68.53875,23.39847],[68.53848,23.39847],[68.53848,23.39792],[68.53875,23.39792],[68.53875,23.3968],[68.53848,23.39681],[68.53848,23.39653],[68.53819,23.39653],[68.53819,23.39624],[68.53764,23.39625],[68.53764,23.39597],[68.53736,23.39597],[68.53736,23.3957],[68.53709,23.3957],[68.53709,23.39542],[68.53653,23.39542],[68.53653,23.39514],[68.53625,23.39514],[68.53625,23.39486],[68.53597,23.39486],[68.53597,23.39458],[68.53486,23.39458],[68.53486,23.39431],[68.53431,23.39431],[68.5343,23.39403],[68.53403,23.39403],[68.53403,23.39375],[68.53347,23.39375],[68.53347,23.3932],[68.53291,23.3932],[68.53291,23.39264],[68.53264,23.39264],[68.53264,23.39208],[68.53291,23.39208],[68.53291,23.39181],[68.5332,23.39181],[68.5332,23.39153],[68.53347,23.39153],[68.53347,23.39125],[68.53403,23.39125],[68.53403,23.39097],[68.5343,23.39097],[68.5343,23.39069],[68.53403,23.39069],[68.53403,23.39014],[68.53375,23.39014],[68.53375,23.38986],[68.53347,23.38986],[68.53347,23.38958],[68.53319,23.38958],[68.53319,23.38986],[68.53291,23.38986],[68.53291,23.39014],[68.53264,23.39014],[68.53264,23.39097],[68.5293,23.39097],[68.5293,23.39069],[68.5282,23.39069],[68.52819,23.39181],[68.52792,23.39181],[68.52792,23.39236],[68.52819,23.39236],[68.5282,23.39292],[68.52903,23.39292],[68.52903,23.3932],[68.52875,23.39319],[68.52875,23.39347],[68.52903,23.39347],[68.52903,23.39403],[68.5293,23.39403],[68.5293,23.39431],[68.52985,23.39431],[68.52985,23.39403],[68.53125,23.39403],[68.53125,23.39431],[68.53152,23.39431],[68.53152,23.39458],[68.53181,23.39458],[68.53181,23.39486],[68.53208,23.39486],[68.53208,23.39458],[68.53264,23.39458],[68.53264,23.39486],[68.53291,23.39486],[68.53291,23.39514],[68.5332,23.39514],[68.5332,23.39542],[68.5343,23.39542],[68.5343,23.3957],[68.53486,23.3957],[68.53486,23.39597],[68.53514,23.39597],[68.53514,23.39625],[68.53542,23.39624],[68.53542,23.39653],[68.5357,23.39653],[68.5357,23.39681],[68.53597,23.39681],[68.53598,23.39724],[68.53598,23.39764],[68.5357,23.39764],[68.5357,23.39847],[68.53541,23.39847],[68.53542,23.39986],[68.53514,23.39986],[68.53514,23.40069],[68.53542,23.40069],[68.53542,23.40153],[68.5357,23.40153],[68.5357,23.40125],[68.53598,23.40125],[68.53597,23.40069],[68.53653,23.40069],[68.53653,23.40042],[68.53709,23.40042],[68.53709,23.40014],[68.53736,23.40014],[68.53736,23.39986],[68.53764,23.39986],[68.53764,23.39958],[68.53819,23.39958],[68.53819,23.40014],[68.53848,23.40014],[68.53848,23.40042],[68.53875,23.40042],[68.53875,23.40097],[68.53902,23.40097],[68.53902,23.40125],[68.53931,23.40125],[68.53931,23.40208],[68.53958,23.40208],[68.53958,23.40292],[68.53902,23.40292],[68.53902,23.40319],[68.53931,23.40319],[68.53931,23.40347],[68.53792,23.40347],[68.53792,23.40375],[68.53764,23.40375],[68.53764,23.40403],[68.53709,23.40403],[68.53709,23.40486],[68.53736,23.40486],[68.53736,23.40458],[68.54166,23.40458],[68.54208,23.40458],[68.54208,23.40431],[68.54264,23.40431],[68.54264,23.40403],[68.54292,23.40403],[68.54292,23.40375],[68.54347,23.40375]]],[[[68.58847,23.31903],[68.58847,23.31875],[68.59042,23.31875],[68.59042,23.31847],[68.5907,23.31847],[68.5907,23.31825],[68.5907,23.31792],[68.59097,23.31792],[68.59097,23.31764],[68.59125,23.31764],[68.59125,23.31708],[68.59153,23.31708],[68.59153,23.31681],[68.59236,23.31681],[68.59236,23.3157],[68.59264,23.3157],[68.59264,23.31514],[68.59292,23.31514],[68.59292,23.31486],[68.59375,23.31486],[68.59375,23.31458],[68.59486,23.31458],[68.59486,23.31486],[68.59653,23.31486],[68.59653,23.31514],[68.5968,23.31514],[68.5968,23.3157],[68.59708,23.3157],[68.59708,23.31597],[68.5982,23.31597],[68.5982,23.3157],[68.59986,23.3157],[68.59986,23.31542],[68.60069,23.31542],[68.60069,23.31514],[68.60181,23.31514],[68.60181,23.31486],[68.60208,23.31486],[68.60208,23.31458],[68.60264,23.31458],[68.60264,23.31431],[68.60291,23.31431],[68.60291,23.31403],[68.60375,23.31403],[68.60375,23.31319],[68.60403,23.31319],[68.60403,23.31264],[68.60486,23.31264],[68.60486,23.31236],[68.60513,23.31236],[68.60513,23.31208],[68.60542,23.31208],[68.60542,23.31181],[68.6057,23.31181],[68.6057,23.31153],[68.60597,23.31153],[68.60597,23.31125],[68.60625,23.31125],[68.60625,23.31097],[68.60653,23.31097],[68.60653,23.31069],[68.60709,23.31069],[68.60709,23.31042],[68.60736,23.31042],[68.60736,23.31014],[68.60792,23.31014],[68.60792,23.30986],[68.60875,23.30986],[68.60875,23.31042],[68.60847,23.31042],[68.60847,23.31097],[68.60819,23.31097],[68.60819,23.31153],[68.60792,23.31153],[68.60792,23.31181],[68.60709,23.31181],[68.60709,23.31208],[68.60653,23.31208],[68.60653,23.31236],[68.60597,23.31236],[68.60597,23.31264],[68.60542,23.31264],[68.60542,23.31375],[68.60514,23.31375],[68.60514,23.31486],[68.60542,23.31486],[68.60542,23.31542],[68.6057,23.31542],[68.6057,23.31597],[68.60597,23.31597],[68.60597,23.31653],[68.60847,23.31653],[68.60847,23.31681],[68.60931,23.31681],[68.60931,23.31653],[68.60958,23.31653],[68.60958,23.31625],[68.60931,23.31625],[68.60931,23.31597],[68.60902,23.31597],[68.60902,23.3157],[68.60875,23.3157],[68.60875,23.31514],[68.60847,23.31514],[68.60847,23.31486],[68.60819,23.31486],[68.60819,23.31458],[68.60847,23.31458],[68.60847,23.31403],[68.60875,23.31403],[68.60875,23.31347],[68.60902,23.31347],[68.60902,23.31292],[68.60931,23.31292],[68.60931,23.31264],[68.60958,23.31264],[68.60958,23.31236],[68.60986,23.31236],[68.60986,23.31208],[68.61014,23.31208],[68.61014,23.31069],[68.61042,23.31069],[68.61042,23.31042],[68.61097,23.31042],[68.61097,23.31014],[68.61126,23.31014],[68.61126,23.30986],[68.61153,23.30986],[68.61153,23.30931],[68.61181,23.30931],[68.61181,23.30904],[68.61208,23.30904],[68.61208,23.30875],[68.61236,23.30875],[68.61236,23.30847],[68.61264,23.30847],[68.61264,23.30792],[68.61292,23.30792],[68.61292,23.30764],[68.6132,23.30764],[68.6132,23.30708],[68.61347,23.30708],[68.61347,23.30681],[68.61375,23.30681],[68.61375,23.30625],[68.61403,23.30625],[68.61403,23.30598],[68.6143,23.30598],[68.6143,23.30553],[68.6143,23.30542],[68.61458,23.30542],[68.61458,23.30486],[68.61486,23.30486],[68.61486,23.30431],[68.61514,23.30431],[68.61514,23.30375],[68.61542,23.30375],[68.61542,23.30319],[68.61569,23.3032],[68.61569,23.30264],[68.61597,23.30264],[68.61597,23.30208],[68.61653,23.30209],[68.61653,23.30347],[68.61708,23.30347],[68.61708,23.30292],[68.61736,23.30292],[68.61736,23.30236],[68.61764,23.30236],[68.61764,23.30181],[68.61792,23.30181],[68.61792,23.30125],[68.61819,23.30125],[68.61819,23.30097],[68.61847,23.30097],[68.61847,23.30042],[68.61875,23.30042],[68.61875,23.29931],[68.61847,23.29931],[68.61847,23.29903],[68.61819,23.29903],[68.61819,23.29875],[68.61764,23.29875],[68.61764,23.29847],[68.61708,23.29847],[68.61708,23.29819],[68.6168,23.29819],[68.6168,23.29792],[68.61653,23.29792],[68.61653,23.29764],[68.61625,23.29764],[68.61625,23.29736],[68.61597,23.29736],[68.61597,23.29764],[68.61514,23.29764],[68.61514,23.29792],[68.61458,23.29792],[68.61458,23.29819],[68.61403,23.29819],[68.61403,23.29847],[68.61347,23.29847],[68.61347,23.29875],[68.61292,23.29875],[68.61292,23.29903],[68.61236,23.29903],[68.61236,23.29931],[68.61181,23.2993],[68.61181,23.29958],[68.61014,23.29958],[68.61014,23.2993],[68.60875,23.2993],[68.60875,23.29958],[68.60764,23.29958],[68.60764,23.29986],[68.6068,23.29985],[68.6068,23.30014],[68.60597,23.30014],[68.60597,23.30042],[68.60542,23.30042],[68.60542,23.30058],[68.60542,23.3007],[68.60458,23.3007],[68.60458,23.30097],[68.60347,23.30097],[68.60347,23.30125],[68.60042,23.30125],[68.60042,23.30153],[68.59986,23.30153],[68.59986,23.30181],[68.5993,23.30181],[68.5993,23.30209],[68.59847,23.30208],[68.59847,23.30236],[68.5982,23.30236],[68.5982,23.30264],[68.59792,23.30264],[68.59792,23.30292],[68.59764,23.30292],[68.59764,23.30347],[68.59736,23.30347],[68.59736,23.30375],[68.59708,23.30375],[68.59708,23.30403],[68.5968,23.30403],[68.5968,23.30431],[68.59736,23.30431],[68.59736,23.30458],[68.59764,23.30458],[68.59764,23.30486],[68.5982,23.30486],[68.5982,23.30514],[68.59847,23.30514],[68.59847,23.30542],[68.59736,23.30542],[68.59736,23.30514],[68.59681,23.30514],[68.5968,23.30486],[68.59541,23.30486],[68.59541,23.30458],[68.59486,23.30458],[68.59486,23.30486],[68.59431,23.30486],[68.59431,23.30514],[68.59402,23.30514],[68.59402,23.30542],[68.59375,23.30542],[68.59375,23.30681],[68.59402,23.30681],[68.59402,23.30736],[68.59431,23.30736],[68.59431,23.30792],[68.59402,23.30792],[68.59402,23.30931],[68.59431,23.30931],[68.59431,23.30958],[68.59348,23.30958],[68.59348,23.30931],[68.59292,23.30931],[68.59292,23.30958],[68.5918,23.30958],[68.5918,23.30986],[68.59097,23.30986],[68.59097,23.31014],[68.59042,23.31014],[68.59042,23.31042],[68.59014,23.31042],[68.59014,23.31069],[68.58958,23.31069],[68.58958,23.31097],[68.58903,23.31097],[68.58903,23.31125],[68.58847,23.31125],[68.58847,23.31153],[68.5879,23.31153],[68.5879,23.31181],[68.58764,23.31181],[68.58764,23.31208],[68.58708,23.31208],[68.58709,23.31236],[68.58681,23.31236],[68.58681,23.31264],[68.58653,23.31264],[68.58653,23.31292],[68.58625,23.31292],[68.58625,23.31319],[68.58597,23.31319],[68.58597,23.31347],[68.58569,23.31347],[68.58569,23.31375],[68.58514,23.31375],[68.58514,23.31403],[68.58459,23.31403],[68.58459,23.31431],[68.58403,23.31431],[68.58403,23.31458],[68.58347,23.31458],[68.58347,23.31486],[68.58319,23.31486],[68.58319,23.31514],[68.58292,23.31514],[68.58292,23.3157],[68.58264,23.3157],[68.58264,23.31597],[68.58292,23.31597],[68.58292,23.31653],[68.58319,23.31653],[68.58319,23.31708],[68.58347,23.31708],[68.58347,23.31736],[68.58375,23.31736],[68.58375,23.31764],[68.58403,23.31764],[68.58403,23.31792],[68.58486,23.31792],[68.58486,23.31821],[68.58569,23.3182],[68.58569,23.31847],[68.58652,23.31847],[68.58652,23.31875],[68.58698,23.31875],[68.58709,23.31875],[68.58709,23.31903],[68.58847,23.31903]]],[[[70.48236,23.06542],[70.48236,23.06486],[70.48263,23.06486],[70.48263,23.06375],[70.48236,23.06375],[70.48236,23.06264],[70.48209,23.06264],[70.48209,23.06207],[70.4818,23.06209],[70.4818,23.06153],[70.48153,23.06153],[70.48153,23.06097],[70.48125,23.06097],[70.48125,23.0607],[70.48097,23.0607],[70.48097,23.06014],[70.4807,23.06014],[70.4807,23.05986],[70.48041,23.05986],[70.48041,23.05958],[70.48014,23.05958],[70.48014,23.0593],[70.47986,23.05932],[70.47986,23.05903],[70.47958,23.05903],[70.47958,23.05881],[70.47931,23.05875],[70.47931,23.0582],[70.47903,23.0582],[70.47903,23.05792],[70.47875,23.05792],[70.47875,23.05764],[70.47847,23.05764],[70.47847,23.05736],[70.4782,23.05736],[70.4782,23.05708],[70.47791,23.05708],[70.47791,23.0568],[70.47736,23.0568],[70.47736,23.05653],[70.47706,23.05653],[70.47706,23.05626],[70.47652,23.05626],[70.47652,23.05597],[70.47625,23.05597],[70.47625,23.05569],[70.47569,23.05569],[70.47569,23.05542],[70.47542,23.05542],[70.47542,23.05514],[70.47486,23.05514],[70.47486,23.05486],[70.47458,23.05486],[70.47458,23.05458],[70.4743,23.05458],[70.4743,23.05431],[70.47375,23.05431],[70.47375,23.05403],[70.47347,23.05403],[70.47347,23.05375],[70.4732,23.05375],[70.4732,23.05347],[70.47291,23.05347],[70.47291,23.05319],[70.47236,23.05319],[70.47236,23.05292],[70.47208,23.05292],[70.47208,23.05264],[70.47181,23.05264],[70.4718,23.05236],[70.47153,23.05236],[70.47153,23.05208],[70.47097,23.05208],[70.47097,23.05181],[70.4707,23.05181],[70.4707,23.05153],[70.47041,23.05153],[70.47041,23.05125],[70.47014,23.05125],[70.47014,23.05097],[70.46958,23.05097],[70.46958,23.05069],[70.46931,23.05069],[70.46931,23.05042],[70.46902,23.05042],[70.46902,23.05013],[70.46875,23.05014],[70.46875,23.04986],[70.46847,23.04986],[70.46847,23.04958],[70.46792,23.04958],[70.46792,23.04931],[70.46764,23.04931],[70.46764,23.04903],[70.46736,23.04903],[70.46736,23.04875],[70.46709,23.04875],[70.46709,23.04847],[70.46653,23.04847],[70.46653,23.0482],[70.46625,23.0482],[70.46625,23.04792],[70.4657,23.04792],[70.4657,23.04764],[70.46542,23.04764],[70.46542,23.04736],[70.46514,23.04736],[70.46514,23.04708],[70.46486,23.04709],[70.46486,23.04681],[70.46458,23.04681],[70.46458,23.04653],[70.4643,23.04653],[70.4643,23.04625],[70.46403,23.04625],[70.46403,23.04597],[70.46375,23.04597],[70.46375,23.04569],[70.46347,23.04569],[70.46347,23.04542],[70.4632,23.04542],[70.4632,23.04514],[70.4629,23.04514],[70.4629,23.04486],[70.46264,23.04486],[70.46264,23.04458],[70.46236,23.04458],[70.46236,23.04431],[70.46209,23.04432],[70.46209,23.04403],[70.46181,23.04403],[70.46181,23.04375],[70.46153,23.04375],[70.46153,23.04347],[70.46125,23.04347],[70.46125,23.04319],[70.46098,23.04319],[70.46098,23.04292],[70.46069,23.04292],[70.46069,23.04264],[70.46042,23.04264],[70.46042,23.04292],[70.46014,23.04292],[70.46014,23.04319],[70.45986,23.04319],[70.45986,23.04432],[70.45959,23.04432],[70.45959,23.04125],[70.4593,23.04125],[70.4593,23.04096],[70.45903,23.04097],[70.45903,23.04042],[70.45875,23.04042],[70.45875,23.03986],[70.45847,23.03986],[70.45847,23.03931],[70.45819,23.03931],[70.45819,23.03903],[70.45792,23.03903],[70.45792,23.03875],[70.45764,23.03875],[70.45764,23.03819],[70.45736,23.0382],[70.45736,23.03764],[70.45708,23.03764],[70.45708,23.03708],[70.4568,23.03708],[70.4568,23.03653],[70.45653,23.03653],[70.45653,23.03625],[70.45625,23.03625],[70.45625,23.03569],[70.45597,23.0357],[70.45597,23.03514],[70.4557,23.03515],[70.4557,23.03486],[70.45541,23.03486],[70.45541,23.03431],[70.45528,23.03431],[70.45514,23.03431],[70.45514,23.03403],[70.45486,23.03403],[70.45486,23.03347],[70.45458,23.03347],[70.45458,23.03292],[70.45431,23.03292],[70.45431,23.03236],[70.45402,23.03236],[70.45402,23.03208],[70.45375,23.03209],[70.45375,23.03153],[70.45348,23.03153],[70.45348,23.03097],[70.45319,23.03097],[70.45319,23.03042],[70.45292,23.03042],[70.45292,23.02931],[70.45264,23.02931],[70.45264,23.02847],[70.45236,23.02847],[70.45236,23.02764],[70.45208,23.02764],[70.45208,23.02708],[70.4518,23.02708],[70.4518,23.02653],[70.45153,23.02653],[70.45153,23.02625],[70.45097,23.02625],[70.45097,23.02596],[70.45069,23.02597],[70.45069,23.02569],[70.45014,23.02569],[70.45014,23.02542],[70.44875,23.02542],[70.44875,23.02514],[70.44625,23.02514],[70.44625,23.02569],[70.44653,23.02569],[70.44653,23.02681],[70.44681,23.02681],[70.44681,23.02792],[70.44708,23.02792],[70.44708,23.02847],[70.44736,23.02847],[70.44736,23.02931],[70.44764,23.02931],[70.44764,23.03014],[70.44791,23.03014],[70.44791,23.0307],[70.4482,23.0307],[70.4482,23.03125],[70.44847,23.03125],[70.44847,23.03181],[70.44875,23.0318],[70.44875,23.03236],[70.44903,23.03236],[70.44903,23.03292],[70.4493,23.03292],[70.4493,23.03347],[70.44959,23.03347],[70.44959,23.03403],[70.44986,23.03403],[70.44986,23.03459],[70.45015,23.03458],[70.45015,23.03515],[70.45042,23.03514],[70.45042,23.0357],[70.45069,23.03569],[70.45069,23.03653],[70.45097,23.03653],[70.45097,23.03708],[70.45125,23.03708],[70.45125,23.03792],[70.45153,23.03792],[70.45153,23.03847],[70.4518,23.03847],[70.4518,23.03866],[70.4518,23.03931],[70.45208,23.03931],[70.45208,23.03986],[70.45236,23.03986],[70.45236,23.0407],[70.45264,23.0407],[70.45264,23.04153],[70.45292,23.04153],[70.45292,23.04236],[70.45319,23.04236],[70.45319,23.04292],[70.45348,23.04292],[70.45348,23.04347],[70.45375,23.04347],[70.45375,23.04375],[70.45403,23.04375],[70.45403,23.04403],[70.45431,23.04403],[70.45431,23.04458],[70.45458,23.04458],[70.45458,23.04486],[70.45486,23.04486],[70.45486,23.04542],[70.45514,23.04542],[70.45514,23.04569],[70.45541,23.04569],[70.45541,23.04625],[70.4557,23.04625],[70.4557,23.04653],[70.45597,23.04653],[70.45597,23.04709],[70.45625,23.04708],[70.45625,23.04736],[70.45653,23.04736],[70.45653,23.04792],[70.4568,23.04792],[70.4568,23.0482],[70.45708,23.0482],[70.45708,23.04847],[70.45736,23.04847],[70.45736,23.04875],[70.45764,23.04875],[70.45764,23.04903],[70.45792,23.04903],[70.45792,23.04931],[70.45819,23.04931],[70.45819,23.04986],[70.45875,23.04986],[70.45875,23.04903],[70.45903,23.04903],[70.45903,23.04764],[70.45959,23.04764],[70.45959,23.04653],[70.45986,23.04653],[70.45986,23.04847],[70.45959,23.04847],[70.45959,23.04986],[70.4593,23.04986],[70.4593,23.05014],[70.45959,23.05013],[70.45959,23.05042],[70.45986,23.05042],[70.45986,23.05097],[70.46014,23.05097],[70.46014,23.05153],[70.46042,23.05153],[70.46042,23.05208],[70.46069,23.05208],[70.46069,23.05236],[70.46098,23.05236],[70.46098,23.05264],[70.46125,23.05264],[70.46125,23.05292],[70.46153,23.05292],[70.46153,23.05319],[70.46181,23.05319],[70.46181,23.05375],[70.46209,23.05375],[70.46209,23.05403],[70.46236,23.05403],[70.46236,23.05431],[70.46264,23.05431],[70.46264,23.05458],[70.4629,23.05458],[70.4629,23.05486],[70.4632,23.05486],[70.4632,23.05514],[70.46375,23.05514],[70.46375,23.05542],[70.46403,23.05542],[70.46403,23.05569],[70.4643,23.05569],[70.4643,23.05597],[70.46458,23.05597],[70.46458,23.05626],[70.46513,23.05626],[70.46513,23.05653],[70.46569,23.05653],[70.4657,23.0568],[70.46625,23.0568],[70.46625,23.05708],[70.4668,23.05708],[70.4668,23.05736],[70.46736,23.05736],[70.46736,23.05764],[70.46875,23.05764],[70.46875,23.05792],[70.46902,23.05792],[70.46902,23.05804],[70.46902,23.0582],[70.46958,23.0582],[70.46958,23.05847],[70.46986,23.05847],[70.46986,23.05875],[70.47014,23.05875],[70.47014,23.05903],[70.4707,23.05903],[70.4707,23.05932],[70.47097,23.0593],[70.47097,23.05958],[70.47126,23.05958],[70.47126,23.06014],[70.47153,23.06014],[70.47153,23.06042],[70.4718,23.06042],[70.4718,23.0607],[70.47236,23.0607],[70.47236,23.06097],[70.47291,23.06097],[70.47291,23.06125],[70.47347,23.06125],[70.47347,23.06153],[70.47403,23.06153],[70.47403,23.06181],[70.47458,23.06181],[70.47458,23.06209],[70.47514,23.06207],[70.47514,23.06236],[70.47542,23.06236],[70.47542,23.06264],[70.47598,23.06264],[70.47598,23.06292],[70.47625,23.06292],[70.47625,23.0632],[70.47681,23.0632],[70.47681,23.06347],[70.47706,23.06347],[70.47706,23.06375],[70.47791,23.06375],[70.47791,23.06403],[70.47847,23.06403],[70.47847,23.06431],[70.47931,23.06431],[70.47931,23.06458],[70.48014,23.06458],[70.48014,23.06486],[70.4807,23.06486],[70.4807,23.06514],[70.48153,23.06513],[70.48153,23.06542],[70.48236,23.06542]]],[[[68.50681,23.45654],[68.50681,23.45625],[68.50708,23.45625],[68.50708,23.45597],[68.50736,23.45597],[68.50736,23.45569],[68.50764,23.45569],[68.50764,23.45542],[68.50792,23.45542],[68.50792,23.45514],[68.50847,23.45514],[68.50847,23.45486],[68.50874,23.45486],[68.50874,23.45431],[68.50903,23.45431],[68.50903,23.45403],[68.51014,23.45403],[68.51014,23.45264],[68.51097,23.45264],[68.51097,23.45236],[68.51125,23.45236],[68.51125,23.45208],[68.5118,23.45208],[68.5118,23.45181],[68.51153,23.45181],[68.51153,23.45153],[68.51347,23.45153],[68.51347,23.45125],[68.51375,23.45125],[68.51375,23.45097],[68.51403,23.45097],[68.51403,23.4507],[68.51431,23.4507],[68.51431,23.45041],[68.51514,23.45042],[68.51514,23.45014],[68.51598,23.45014],[68.516,23.44986],[68.51681,23.44986],[68.51681,23.44958],[68.51764,23.44958],[68.51764,23.44931],[68.5182,23.44931],[68.5182,23.44903],[68.51903,23.44903],[68.51903,23.44847],[68.5193,23.44847],[68.5193,23.44792],[68.51958,23.44792],[68.51958,23.44764],[68.51986,23.44764],[68.51986,23.44708],[68.52014,23.44708],[68.52014,23.44653],[68.52042,23.44653],[68.52042,23.44597],[68.52069,23.44597],[68.52069,23.44542],[68.52097,23.44542],[68.52097,23.44514],[68.52125,23.44514],[68.52125,23.44486],[68.5218,23.44486],[68.5218,23.44458],[68.52264,23.44458],[68.52264,23.44431],[68.52319,23.44431],[68.52319,23.44403],[68.52375,23.44403],[68.52375,23.44375],[68.52458,23.44375],[68.52458,23.44347],[68.52486,23.44347],[68.52486,23.4432],[68.52514,23.4432],[68.52514,23.44264],[68.52541,23.44264],[68.52541,23.44236],[68.5257,23.44236],[68.5257,23.44208],[68.52597,23.44208],[68.52597,23.44125],[68.52625,23.44125],[68.52625,23.43986],[68.52653,23.43986],[68.52653,23.4382],[68.52625,23.4382],[68.52625,23.43709],[68.52597,23.43709],[68.52597,23.43653],[68.5257,23.43653],[68.5257,23.43625],[68.52514,23.43625],[68.52514,23.43653],[68.52485,23.43653],[68.52485,23.43736],[68.52458,23.43736],[68.52458,23.43875],[68.52431,23.43875],[68.52431,23.44042],[68.52404,23.44042],[68.52404,23.44154],[68.52375,23.44153],[68.52375,23.44236],[68.52292,23.44236],[68.52292,23.4432],[68.52209,23.4432],[68.52209,23.44347],[68.52097,23.44347],[68.52097,23.44375],[68.52068,23.44375],[68.52068,23.44403],[68.52014,23.44403],[68.52014,23.44431],[68.51986,23.44431],[68.51986,23.44458],[68.51958,23.44458],[68.51958,23.44486],[68.5193,23.44486],[68.5193,23.44514],[68.51875,23.44514],[68.51875,23.44542],[68.51791,23.44542],[68.51791,23.44625],[68.51764,23.44625],[68.51764,23.44681],[68.51736,23.44681],[68.51736,23.44708],[68.51708,23.44708],[68.51708,23.44736],[68.51681,23.44735],[68.51681,23.44764],[68.51653,23.44764],[68.51653,23.44792],[68.51582,23.44792],[68.51347,23.44792],[68.51347,23.44735],[68.51375,23.44736],[68.51375,23.44708],[68.5143,23.44708],[68.5143,23.44681],[68.51458,23.44681],[68.51458,23.44653],[68.51487,23.44653],[68.51487,23.44625],[68.51542,23.44625],[68.51542,23.44569],[68.51514,23.44569],[68.51514,23.44486],[68.51653,23.44486],[68.51653,23.44514],[68.51711,23.44514],[68.51736,23.44514],[68.51736,23.44483],[68.51764,23.44486],[68.51758,23.44431],[68.51791,23.44431],[68.51786,23.44373],[68.5182,23.44375],[68.5182,23.44347],[68.51903,23.44347],[68.51903,23.4432],[68.5193,23.4432],[68.5193,23.44292],[68.51958,23.44292],[68.51958,23.44236],[68.51986,23.44236],[68.51986,23.44208],[68.52069,23.44208],[68.52069,23.44181],[68.52097,23.44181],[68.52097,23.44153],[68.52125,23.44154],[68.52125,23.44014],[68.52153,23.44014],[68.52153,23.43875],[68.52125,23.43875],[68.52125,23.43764],[68.52097,23.43764],[68.52097,23.43708],[68.52069,23.43709],[68.52069,23.43681],[68.51986,23.43681],[68.51986,23.43709],[68.51958,23.43708],[68.51958,23.43736],[68.5193,23.43736],[68.5193,23.43931],[68.51903,23.43931],[68.51903,23.43986],[68.51875,23.43986],[68.51875,23.44042],[68.51847,23.44042],[68.51847,23.44097],[68.5182,23.44097],[68.5182,23.44154],[68.51791,23.44153],[68.51791,23.44208],[68.51708,23.44208],[68.51708,23.4407],[68.51736,23.4407],[68.51736,23.44014],[68.51764,23.44014],[68.51764,23.43903],[68.51791,23.43903],[68.51791,23.43708],[68.5182,23.43709],[68.5182,23.43625],[68.51791,23.43625],[68.51791,23.43597],[68.51708,23.43597],[68.51708,23.4357],[68.51681,23.4357],[68.51681,23.43542],[68.51569,23.43542],[68.51569,23.43347],[68.51542,23.43347],[68.51542,23.43375],[68.51514,23.43375],[68.51514,23.43681],[68.51403,23.43681],[68.51403,23.43709],[68.51236,23.43709],[68.51236,23.43681],[68.51208,23.43681],[68.51208,23.43653],[68.51153,23.43653],[68.51153,23.43681],[68.51125,23.43681],[68.51125,23.43709],[68.51097,23.43708],[68.51097,23.43764],[68.5107,23.43764],[68.5107,23.43847],[68.51041,23.43847],[68.51041,23.43875],[68.50986,23.43875],[68.50986,23.43819],[68.51014,23.4382],[68.51014,23.43736],[68.51041,23.43736],[68.51041,23.43681],[68.5107,23.43681],[68.5107,23.43625],[68.51097,23.43625],[68.51097,23.43569],[68.51125,23.4357],[68.51125,23.43542],[68.51153,23.43542],[68.51153,23.43514],[68.51208,23.43514],[68.51208,23.43431],[68.51236,23.43431],[68.51236,23.43347],[68.51208,23.43347],[68.51208,23.43292],[68.51181,23.43292],[68.51181,23.43208],[68.51153,23.43208],[68.51153,23.43042],[68.51041,23.43042],[68.51041,23.43069],[68.51014,23.43069],[68.51014,23.43097],[68.50986,23.43097],[68.50986,23.43125],[68.50958,23.43125],[68.50958,23.43153],[68.50931,23.43153],[68.50931,23.4318],[68.50819,23.4318],[68.50819,23.43153],[68.50708,23.43153],[68.50708,23.43125],[68.50597,23.43125],[68.50597,23.43097],[68.50542,23.43097],[68.50542,23.43069],[68.50514,23.43069],[68.50514,23.43042],[68.50459,23.43042],[68.50459,23.43014],[68.5043,23.43014],[68.5043,23.42986],[68.50375,23.42986],[68.50375,23.42958],[68.50347,23.42958],[68.50347,23.42931],[68.50291,23.42931],[68.50291,23.43042],[68.5032,23.43042],[68.5032,23.43069],[68.50347,23.43069],[68.50347,23.43097],[68.5043,23.43097],[68.5043,23.4318],[68.50459,23.4318],[68.50459,23.43264],[68.5043,23.43264],[68.5043,23.4332],[68.50403,23.4332],[68.50403,23.43375],[68.50375,23.43375],[68.50375,23.43431],[68.50403,23.43431],[68.50403,23.43403],[68.50514,23.43403],[68.50514,23.43681],[68.50569,23.43681],[68.50569,23.43709],[68.50542,23.43708],[68.50542,23.43764],[68.50514,23.43764],[68.50514,23.43931],[68.50486,23.43931],[68.50486,23.4407],[68.50458,23.4407],[68.50459,23.44125],[68.5043,23.44125],[68.5043,23.44264],[68.50403,23.44264],[68.50403,23.44375],[68.50375,23.44375],[68.50375,23.44486],[68.50347,23.44486],[68.50347,23.44597],[68.5032,23.44597],[68.5032,23.44708],[68.50291,23.44708],[68.50291,23.44792],[68.5032,23.44792],[68.5032,23.44819],[68.50347,23.44819],[68.50347,23.44847],[68.50403,23.44847],[68.50403,23.44875],[68.50459,23.44875],[68.50459,23.44903],[68.50514,23.44903],[68.50514,23.44931],[68.50542,23.44931],[68.50542,23.44958],[68.50597,23.44958],[68.50597,23.44986],[68.50625,23.44986],[68.50625,23.45014],[68.50653,23.45014],[68.50653,23.45042],[68.5068,23.45042],[68.5068,23.45097],[68.50625,23.45097],[68.50625,23.45125],[68.50597,23.45125],[68.50597,23.45208],[68.50486,23.45208],[68.50486,23.45236],[68.5043,23.45236],[68.5043,23.45348],[68.50458,23.45347],[68.50459,23.45375],[68.5043,23.45375],[68.5043,23.45403],[68.50403,23.45403],[68.50403,23.45458],[68.50375,23.45458],[68.50375,23.45486],[68.50347,23.45486],[68.50347,23.45542],[68.5032,23.45542],[68.5032,23.45597],[68.50403,23.45597],[68.50403,23.45625],[68.50459,23.45625],[68.50459,23.45654],[68.50613,23.45653],[68.50681,23.45654]]],[[[68.45847,23.60042],[68.45847,23.60014],[68.46153,23.60014],[68.46152,23.59986],[68.46291,23.59986],[68.46291,23.59958],[68.46347,23.59958],[68.46347,23.59931],[68.4643,23.59931],[68.4643,23.59903],[68.46486,23.59903],[68.46486,23.59875],[68.46514,23.59875],[68.46514,23.59847],[68.4657,23.59847],[68.4657,23.5982],[68.46597,23.5982],[68.46597,23.59764],[68.46625,23.59764],[68.46625,23.59542],[68.46653,23.59542],[68.46653,23.5932],[68.4668,23.5932],[68.4668,23.59292],[68.46709,23.59292],[68.46709,23.59264],[68.46736,23.59264],[68.46736,23.59208],[68.46763,23.59208],[68.46763,23.59181],[68.46736,23.59181],[68.46736,23.59153],[68.46709,23.59153],[68.46709,23.59097],[68.4668,23.59097],[68.4668,23.59042],[68.46653,23.59042],[68.46653,23.58986],[68.46625,23.58986],[68.46625,23.58958],[68.46597,23.58958],[68.46597,23.58903],[68.4657,23.58903],[68.4657,23.58875],[68.46542,23.58875],[68.46542,23.58819],[68.46514,23.58819],[68.46514,23.58764],[68.46486,23.58764],[68.46486,23.58708],[68.46458,23.58708],[68.46458,23.58653],[68.4643,23.58653],[68.4643,23.58597],[68.46375,23.58597],[68.46375,23.5857],[68.46347,23.5857],[68.46347,23.58542],[68.4632,23.58542],[68.4632,23.58514],[68.46291,23.58514],[68.46291,23.58486],[68.46264,23.58486],[68.46264,23.58458],[68.46236,23.58458],[68.46236,23.58403],[68.46208,23.58403],[68.46208,23.58375],[68.46181,23.58375],[68.46181,23.58347],[68.46152,23.58347],[68.46152,23.58208],[68.46125,23.58208],[68.46125,23.58153],[68.46153,23.58153],[68.46153,23.57958],[68.46181,23.57958],[68.46181,23.57931],[68.46208,23.57931],[68.46208,23.57903],[68.46236,23.57903],[68.46236,23.57847],[68.46264,23.57847],[68.46264,23.57792],[68.46236,23.57792],[68.46236,23.57736],[68.46208,23.57736],[68.46208,23.57681],[68.46181,23.57681],[68.46181,23.57653],[68.46125,23.57653],[68.46125,23.57625],[68.46069,23.57625],[68.46069,23.57597],[68.4593,23.57597],[68.4593,23.5757],[68.45847,23.5757],[68.45847,23.57542],[68.45736,23.57542],[68.45736,23.57514],[68.45653,23.57514],[68.45653,23.57486],[68.45541,23.57486],[68.45541,23.57458],[68.45402,23.57458],[68.45402,23.57486],[68.45319,23.57486],[68.45319,23.57514],[68.45236,23.57514],[68.45236,23.57542],[68.45182,23.57542],[68.45182,23.57431],[68.45208,23.57431],[68.45208,23.57374],[68.45236,23.57375],[68.45236,23.5732],[68.45125,23.5732],[68.45125,23.57347],[68.45042,23.57347],[68.45042,23.57375],[68.44986,23.57374],[68.44986,23.57403],[68.44903,23.57403],[68.44903,23.5743],[68.4482,23.57431],[68.4482,23.57458],[68.44791,23.57458],[68.44791,23.57486],[68.44736,23.57486],[68.44736,23.57514],[68.44708,23.57514],[68.44708,23.57542],[68.44681,23.57542],[68.44681,23.5757],[68.44625,23.5757],[68.44625,23.57597],[68.44597,23.57597],[68.44597,23.57625],[68.44542,23.57625],[68.44542,23.57653],[68.44514,23.57653],[68.44514,23.57681],[68.44486,23.57681],[68.44486,23.57736],[68.44458,23.57736],[68.44458,23.57764],[68.44431,23.57764],[68.44431,23.57819],[68.44458,23.57819],[68.44458,23.57875],[68.44486,23.57875],[68.44486,23.57931],[68.44542,23.57931],[68.44542,23.57958],[68.44569,23.57958],[68.44569,23.58042],[68.44625,23.58042],[68.44625,23.58069],[68.44681,23.58069],[68.44681,23.58097],[68.44708,23.58097],[68.44708,23.58069],[68.44764,23.58069],[68.44764,23.58014],[68.44958,23.58014],[68.44958,23.57958],[68.44986,23.57958],[68.44986,23.57903],[68.45014,23.57903],[68.45014,23.57764],[68.45042,23.57764],[68.45042,23.57708],[68.45125,23.57708],[68.45125,23.57736],[68.45208,23.57736],[68.45208,23.57764],[68.45292,23.57764],[68.45292,23.57792],[68.45319,23.57792],[68.45319,23.57847],[68.45347,23.57847],[68.45347,23.57903],[68.45375,23.57903],[68.45375,23.57987],[68.45403,23.57987],[68.45403,23.58042],[68.45431,23.58042],[68.45431,23.58097],[68.45457,23.58097],[68.45457,23.58125],[68.45486,23.58125],[68.45486,23.58181],[68.45514,23.58181],[68.45514,23.58236],[68.45541,23.58236],[68.45541,23.58347],[68.45597,23.58347],[68.45597,23.58375],[68.45625,23.58375],[68.45625,23.58486],[68.45653,23.58486],[68.45653,23.58625],[68.4568,23.58625],[68.4568,23.58708],[68.45708,23.58708],[68.45708,23.58764],[68.4568,23.58764],[68.4568,23.58792],[68.45514,23.58792],[68.45514,23.58847],[68.45375,23.58847],[68.45375,23.58819],[68.45292,23.58819],[68.45292,23.58847],[68.45264,23.58847],[68.45264,23.59097],[68.45292,23.59097],[68.45292,23.59153],[68.45319,23.59153],[68.45319,23.59208],[68.45292,23.59208],[68.45292,23.59236],[68.45264,23.59236],[68.45264,23.59264],[68.45236,23.59264],[68.45236,23.5932],[68.45264,23.5932],[68.45264,23.59431],[68.45236,23.59431],[68.45236,23.59542],[68.45264,23.59542],[68.45264,23.59597],[68.45292,23.59597],[68.45292,23.59625],[68.45319,23.59625],[68.45319,23.59681],[68.45347,23.5968],[68.45347,23.59792],[68.45375,23.59791],[68.45375,23.59875],[68.45403,23.59875],[68.45403,23.59931],[68.45431,23.59931],[68.45431,23.59958],[68.45486,23.59958],[68.45486,23.59986],[68.45514,23.59986],[68.45514,23.60014],[68.45569,23.60014],[68.45569,23.60042],[68.45847,23.60042]]],[[[68.47931,23.55542],[68.47931,23.55486],[68.47958,23.55486],[68.47958,23.55431],[68.47986,23.55431],[68.47986,23.55375],[68.4807,23.55375],[68.4807,23.55403],[68.48097,23.55403],[68.48097,23.55375],[68.48125,23.55375],[68.48125,23.55347],[68.48153,23.55347],[68.48153,23.55125],[68.48125,23.55125],[68.48125,23.55014],[68.48097,23.55014],[68.48097,23.54931],[68.47931,23.54931],[68.47931,23.54792],[68.47986,23.54792],[68.47986,23.54597],[68.48014,23.54597],[68.48014,23.54514],[68.47903,23.54514],[68.47903,23.54458],[68.47875,23.54458],[68.47875,23.54347],[68.47847,23.54347],[68.47847,23.54292],[68.47764,23.54292],[68.47764,23.5432],[68.47708,23.5432],[68.47708,23.54347],[68.47625,23.54347],[68.47625,23.54292],[68.47652,23.54292],[68.47652,23.54236],[68.47681,23.54236],[68.47681,23.54208],[68.47708,23.54209],[68.47708,23.5418],[68.47736,23.54181],[68.47736,23.54097],[68.47681,23.54097],[68.47681,23.54042],[68.47652,23.54042],[68.47652,23.53986],[68.47625,23.53986],[68.47625,23.5393],[68.47597,23.5393],[68.47597,23.53903],[68.4757,23.53903],[68.4757,23.53875],[68.47542,23.53875],[68.47542,23.53847],[68.47486,23.53847],[68.47486,23.53819],[68.4743,23.53819],[68.4743,23.53792],[68.47403,23.53792],[68.47403,23.53819],[68.47375,23.53819],[68.47375,23.53847],[68.47264,23.53847],[68.47264,23.53819],[68.47208,23.53819],[68.47208,23.53847],[68.4718,23.53847],[68.4718,23.53875],[68.4707,23.53875],[68.4707,23.53847],[68.47041,23.53847],[68.47041,23.53875],[68.46957,23.53875],[68.46957,23.53819],[68.46903,23.53819],[68.46903,23.53792],[68.46875,23.53792],[68.46875,23.53763],[68.46819,23.53764],[68.46819,23.53736],[68.46763,23.53736],[68.46763,23.53708],[68.46736,23.53708],[68.46736,23.53681],[68.46709,23.53681],[68.46709,23.53653],[68.46653,23.53653],[68.46653,23.53625],[68.46597,23.53625],[68.46597,23.53597],[68.4657,23.53597],[68.4657,23.53569],[68.46514,23.53569],[68.46514,23.53514],[68.46458,23.53514],[68.46458,23.53542],[68.4643,23.53542],[68.4643,23.53597],[68.46375,23.53597],[68.46375,23.53542],[68.46347,23.53542],[68.46347,23.53514],[68.46291,23.53514],[68.46291,23.53486],[68.46264,23.53486],[68.46264,23.53431],[68.46291,23.53431],[68.46291,23.53375],[68.46264,23.53375],[68.46264,23.53347],[68.46236,23.53347],[68.46236,23.53319],[68.46181,23.53319],[68.46181,23.53264],[68.46125,23.53264],[68.46125,23.53236],[68.46098,23.53236],[68.46098,23.53208],[68.46042,23.53208],[68.46042,23.53153],[68.45986,23.53153],[68.45986,23.53125],[68.45959,23.53125],[68.45959,23.53097],[68.45903,23.53097],[68.45903,23.5307],[68.45875,23.5307],[68.45875,23.53097],[68.45819,23.53097],[68.45819,23.5307],[68.4568,23.5307],[68.4568,23.53014],[68.45653,23.53014],[68.45653,23.53042],[68.45597,23.53042],[68.45597,23.53014],[68.45486,23.53014],[68.45486,23.52986],[68.45458,23.52986],[68.45458,23.52958],[68.45431,23.52958],[68.45431,23.52931],[68.45375,23.52931],[68.45375,23.52876],[68.45319,23.52875],[68.45319,23.52986],[68.45347,23.52986],[68.45347,23.53042],[68.45375,23.53042],[68.45375,23.5307],[68.45402,23.5307],[68.45402,23.53125],[68.45458,23.53125],[68.45457,23.53097],[68.45625,23.53097],[68.45625,23.53153],[68.45708,23.53153],[68.45708,23.53182],[68.45736,23.53181],[68.45736,23.53208],[68.45763,23.53208],[68.45763,23.53292],[68.45736,23.53292],[68.45736,23.53347],[68.45763,23.53347],[68.45763,23.53403],[68.45819,23.53403],[68.45819,23.53208],[68.45875,23.53208],[68.45875,23.53236],[68.45903,23.53236],[68.45903,23.53264],[68.4593,23.53264],[68.4593,23.53292],[68.45959,23.53292],[68.45959,23.53236],[68.46014,23.53236],[68.46014,23.53292],[68.46042,23.53292],[68.46042,23.53347],[68.46014,23.53347],[68.46014,23.53458],[68.46069,23.53458],[68.46069,23.53403],[68.46098,23.53403],[68.46098,23.53375],[68.46181,23.53375],[68.46181,23.53458],[68.46153,23.53457],[68.46153,23.53514],[68.46098,23.53514],[68.46098,23.53542],[68.46042,23.53542],[68.46042,23.53569],[68.45959,23.53569],[68.45959,23.53597],[68.4593,23.53597],[68.4593,23.53625],[68.45903,23.53625],[68.45903,23.53681],[68.45819,23.53681],[68.45819,23.53653],[68.45763,23.53653],[68.45763,23.53625],[68.4568,23.53625],[68.4568,23.53597],[68.45597,23.53597],[68.45597,23.53569],[68.45486,23.53569],[68.45486,23.53542],[68.45458,23.53542],[68.45458,23.53569],[68.45431,23.53569],[68.45431,23.53625],[68.45403,23.53625],[68.45403,23.53653],[68.45375,23.53653],[68.45375,23.53681],[68.45347,23.53681],[68.45347,23.53792],[68.45457,23.53792],[68.45457,23.53763],[68.45486,23.53764],[68.45486,23.53736],[68.45514,23.53736],[68.45514,23.53708],[68.45653,23.53708],[68.45653,23.53736],[68.45708,23.53736],[68.45708,23.53764],[68.45736,23.53764],[68.45736,23.53819],[68.45764,23.53819],[68.45764,23.53958],[68.45847,23.53958],[68.45847,23.53986],[68.45875,23.53986],[68.45875,23.54014],[68.45903,23.54014],[68.45903,23.54042],[68.45792,23.54042],[68.45792,23.5407],[68.45736,23.5407],[68.45736,23.54125],[68.45708,23.54125],[68.45708,23.54209],[68.45736,23.54208],[68.45736,23.54264],[68.45792,23.54264],[68.45792,23.54292],[68.45903,23.54292],[68.45903,23.5432],[68.45959,23.5432],[68.45959,23.54347],[68.46014,23.54347],[68.46014,23.54376],[68.46042,23.54376],[68.46042,23.54403],[68.46098,23.54403],[68.46098,23.54431],[68.46125,23.54431],[68.46125,23.54459],[68.46181,23.54458],[68.46181,23.54486],[68.46236,23.54486],[68.46236,23.54514],[68.46291,23.54514],[68.46291,23.54542],[68.46347,23.54542],[68.46347,23.5457],[68.4643,23.5457],[68.4643,23.54597],[68.46458,23.54597],[68.46458,23.54653],[68.46486,23.54653],[68.46486,23.54681],[68.46514,23.54681],[68.46514,23.54708],[68.46569,23.54708],[68.4657,23.54736],[68.46597,23.54736],[68.46597,23.54764],[68.46653,23.54764],[68.46653,23.54792],[68.4668,23.54792],[68.4668,23.5482],[68.46736,23.5482],[68.46736,23.54847],[68.46792,23.54847],[68.46792,23.54875],[68.46875,23.54875],[68.46875,23.54847],[68.46957,23.54847],[68.46957,23.54903],[68.46931,23.54903],[68.46931,23.55014],[68.46958,23.55014],[68.46957,23.55069],[68.46985,23.5507],[68.46985,23.55125],[68.47014,23.55125],[68.47014,23.55236],[68.47041,23.55236],[68.47041,23.55347],[68.47153,23.55347],[68.47153,23.55375],[68.4732,23.55375],[68.4732,23.55403],[68.47375,23.55403],[68.47375,23.55431],[68.47459,23.55431],[68.47459,23.55458],[68.47542,23.55458],[68.47542,23.55486],[68.47599,23.55486],[68.47597,23.55458],[68.47708,23.55458],[68.47708,23.55486],[68.47764,23.55486],[68.47764,23.55514],[68.47876,23.55514],[68.47876,23.55542],[68.47931,23.55542]]],[[[68.46736,23.73986],[68.46736,23.73958],[68.46792,23.73958],[68.46792,23.73931],[68.46875,23.73931],[68.46875,23.73903],[68.46931,23.73903],[68.46931,23.73875],[68.46985,23.73875],[68.46985,23.73847],[68.47041,23.73847],[68.47041,23.7382],[68.4707,23.73819],[68.4707,23.73792],[68.47125,23.73792],[68.47125,23.73764],[68.47153,23.73764],[68.47153,23.73736],[68.47208,23.73736],[68.47208,23.73708],[68.47236,23.73708],[68.47236,23.73681],[68.47292,23.73681],[68.47292,23.73653],[68.4732,23.73653],[68.4732,23.73624],[68.47375,23.73625],[68.47375,23.73597],[68.4743,23.73597],[68.4743,23.7357],[68.47459,23.7357],[68.47459,23.73542],[68.47514,23.73542],[68.47514,23.73514],[68.4757,23.73514],[68.4757,23.73486],[68.47625,23.73486],[68.47625,23.73458],[68.47681,23.73458],[68.47681,23.73431],[68.47736,23.73431],[68.47736,23.73403],[68.47791,23.73403],[68.47791,23.73375],[68.47903,23.73375],[68.47903,23.73347],[68.47986,23.73347],[68.47986,23.7332],[68.48097,23.7332],[68.48097,23.73292],[68.48402,23.73292],[68.48402,23.73264],[68.48458,23.73264],[68.48458,23.73236],[68.48514,23.73236],[68.48514,23.73208],[68.48542,23.73209],[68.48542,23.73181],[68.48597,23.73181],[68.48597,23.73153],[68.48625,23.73153],[68.48625,23.73125],[68.48681,23.73125],[68.48681,23.73097],[68.48708,23.73097],[68.48708,23.7307],[68.48736,23.7307],[68.48736,23.72986],[68.48764,23.72986],[68.48764,23.72903],[68.48736,23.72903],[68.48736,23.72875],[68.48708,23.72875],[68.48708,23.72847],[68.48681,23.72847],[68.48681,23.72819],[68.48431,23.7282],[68.48431,23.72792],[68.4782,23.72792],[68.4782,23.7282],[68.47736,23.72819],[68.47736,23.72847],[68.47652,23.72847],[68.47652,23.72875],[68.47347,23.72875],[68.47347,23.72847],[68.47236,23.72847],[68.47236,23.72819],[68.47041,23.72819],[68.47041,23.72847],[68.46709,23.72847],[68.46709,23.72819],[68.46653,23.7282],[68.46653,23.72792],[68.4657,23.72792],[68.4657,23.72764],[68.46514,23.72764],[68.46514,23.72737],[68.46486,23.72737],[68.46486,23.72764],[68.4632,23.72764],[68.4632,23.72737],[68.46291,23.72737],[68.46291,23.72708],[68.46236,23.72708],[68.46236,23.7268],[68.46208,23.7268],[68.46208,23.72653],[68.46153,23.72653],[68.46153,23.72625],[68.46125,23.72625],[68.46125,23.72597],[68.46069,23.72597],[68.46069,23.72569],[68.46042,23.72569],[68.46042,23.72542],[68.45986,23.72542],[68.45986,23.72514],[68.45959,23.72514],[68.45959,23.72486],[68.4593,23.72486],[68.4593,23.72653],[68.45903,23.72653],[68.45903,23.72847],[68.45875,23.72847],[68.45875,23.72959],[68.45903,23.72958],[68.45903,23.73014],[68.4593,23.73014],[68.4593,23.7307],[68.45959,23.73069],[68.45959,23.73125],[68.4593,23.73125],[68.4593,23.73153],[68.45903,23.73153],[68.45903,23.73181],[68.45875,23.73181],[68.45875,23.73208],[68.45847,23.73208],[68.45847,23.73236],[68.45819,23.73236],[68.45819,23.73264],[68.45792,23.73264],[68.45792,23.73292],[68.45764,23.73292],[68.45764,23.7332],[68.45736,23.7332],[68.45736,23.73347],[68.45708,23.73347],[68.45708,23.73375],[68.45736,23.73375],[68.45736,23.73403],[68.45764,23.73403],[68.45764,23.73458],[68.45792,23.73458],[68.45792,23.73514],[68.45819,23.73514],[68.45819,23.7357],[68.45847,23.7357],[68.45847,23.73625],[68.45875,23.73624],[68.45875,23.73681],[68.45903,23.73681],[68.45903,23.73708],[68.45959,23.73708],[68.45959,23.73736],[68.45986,23.73736],[68.45986,23.73764],[68.46014,23.73764],[68.46014,23.73792],[68.46042,23.73792],[68.46042,23.73819],[68.46069,23.7382],[68.46069,23.73847],[68.46098,23.73847],[68.46098,23.73875],[68.46181,23.73875],[68.46181,23.73903],[68.46264,23.73903],[68.46264,23.73931],[68.4632,23.73931],[68.4632,23.73958],[68.46403,23.73958],[68.46403,23.73986],[68.46736,23.73986]]],[[[70.44153,23.04958],[70.44153,23.0482],[70.44125,23.0482],[70.44125,23.04764],[70.44096,23.04764],[70.44096,23.04736],[70.4407,23.04736],[70.4407,23.04708],[70.44041,23.04709],[70.44041,23.04681],[70.44014,23.04681],[70.44014,23.04653],[70.43986,23.04653],[70.43986,23.04625],[70.43958,23.04625],[70.43958,23.04597],[70.43931,23.04597],[70.43931,23.04569],[70.43903,23.04569],[70.43903,23.04542],[70.43875,23.04542],[70.43875,23.04514],[70.43847,23.04514],[70.43847,23.04486],[70.43819,23.04486],[70.43819,23.04458],[70.43792,23.04458],[70.43792,23.04431],[70.43764,23.04432],[70.43764,23.04403],[70.43753,23.04403],[70.43736,23.04403],[70.43736,23.04375],[70.43708,23.04375],[70.43708,23.04319],[70.43681,23.04319],[70.43681,23.04292],[70.43653,23.04292],[70.43653,23.04236],[70.43625,23.04236],[70.43625,23.04208],[70.43597,23.04208],[70.43597,23.04181],[70.43569,23.04181],[70.43569,23.04153],[70.43542,23.04153],[70.43542,23.04125],[70.43514,23.04125],[70.43514,23.04097],[70.43486,23.04097],[70.43486,23.0407],[70.43459,23.0407],[70.43459,23.04042],[70.4343,23.04042],[70.4343,23.03986],[70.43403,23.03986],[70.43403,23.03931],[70.43375,23.03931],[70.43375,23.03903],[70.43347,23.03903],[70.43347,23.03875],[70.43291,23.03875],[70.43291,23.03847],[70.43264,23.03847],[70.43264,23.0382],[70.43236,23.0382],[70.43236,23.03764],[70.43208,23.03764],[70.43208,23.03736],[70.43181,23.03736],[70.43181,23.03681],[70.43153,23.03681],[70.43153,23.03653],[70.43125,23.03653],[70.43125,23.03625],[70.43097,23.03625],[70.43097,23.03597],[70.43069,23.03597],[70.43069,23.0357],[70.43042,23.0357],[70.43042,23.03542],[70.43014,23.03542],[70.43014,23.03515],[70.42986,23.03515],[70.42986,23.03486],[70.42958,23.03486],[70.42958,23.03458],[70.42903,23.03459],[70.42903,23.03431],[70.42875,23.03431],[70.42875,23.03403],[70.42847,23.03403],[70.42847,23.03375],[70.42792,23.03375],[70.42792,23.03347],[70.42763,23.03347],[70.42763,23.0332],[70.42709,23.0332],[70.42709,23.03292],[70.4268,23.03292],[70.4268,23.03264],[70.42653,23.03264],[70.42653,23.03236],[70.42597,23.03236],[70.42597,23.03208],[70.4257,23.03209],[70.4257,23.03181],[70.42542,23.03181],[70.42542,23.03153],[70.42486,23.03153],[70.42486,23.03125],[70.42458,23.03125],[70.42458,23.03097],[70.42403,23.03097],[70.42403,23.03069],[70.42375,23.0307],[70.42375,23.03042],[70.42319,23.03042],[70.42319,23.03014],[70.42292,23.03014],[70.42292,23.02986],[70.42236,23.02986],[70.42236,23.02958],[70.42208,23.02958],[70.42208,23.02931],[70.42152,23.02931],[70.42152,23.02875],[70.42125,23.02875],[70.42125,23.02847],[70.42098,23.02847],[70.42098,23.02819],[70.42042,23.02819],[70.42042,23.02792],[70.42014,23.02792],[70.42014,23.02764],[70.41986,23.02764],[70.41986,23.02736],[70.41958,23.02736],[70.41958,23.02708],[70.4193,23.02708],[70.4193,23.02681],[70.41875,23.02681],[70.41875,23.02653],[70.41847,23.02653],[70.41847,23.02625],[70.4182,23.02625],[70.4182,23.02596],[70.41791,23.02597],[70.41791,23.02569],[70.41764,23.02569],[70.41764,23.02542],[70.41736,23.02542],[70.41736,23.02486],[70.41708,23.02486],[70.41708,23.02458],[70.41681,23.02458],[70.41681,23.02431],[70.41653,23.02431],[70.41653,23.02403],[70.41625,23.02403],[70.41625,23.02375],[70.41597,23.02375],[70.41597,23.02321],[70.4157,23.02321],[70.4157,23.02292],[70.41541,23.02292],[70.41541,23.02264],[70.41458,23.02264],[70.41458,23.02458],[70.41486,23.02458],[70.41486,23.02653],[70.41506,23.02653],[70.41514,23.02653],[70.41514,23.02792],[70.41541,23.02792],[70.41541,23.02903],[70.41569,23.02903],[70.41569,23.02958],[70.41597,23.02958],[70.41597,23.03042],[70.41625,23.03042],[70.41625,23.03097],[70.41653,23.03097],[70.41653,23.03153],[70.41681,23.03153],[70.41682,23.03209],[70.41708,23.03208],[70.41708,23.03226],[70.41708,23.03236],[70.41721,23.03236],[70.41736,23.03236],[70.41736,23.03245],[70.41736,23.03292],[70.41764,23.03292],[70.41764,23.03347],[70.41791,23.03347],[70.41791,23.03375],[70.4182,23.03375],[70.4182,23.03431],[70.41847,23.03431],[70.41847,23.03459],[70.4182,23.03458],[70.4182,23.03486],[70.41847,23.03486],[70.41847,23.03515],[70.41875,23.03515],[70.41875,23.03542],[70.41903,23.03542],[70.41903,23.03597],[70.4193,23.03597],[70.4193,23.03625],[70.41958,23.03625],[70.41958,23.03653],[70.41986,23.03653],[70.41986,23.03681],[70.42001,23.03681],[70.42013,23.03681],[70.42013,23.03717],[70.42013,23.03736],[70.42036,23.03736],[70.42042,23.03764],[70.42069,23.03764],[70.42069,23.03792],[70.42098,23.03792],[70.42098,23.0382],[70.42125,23.0382],[70.42125,23.03847],[70.42152,23.03847],[70.42152,23.03903],[70.42181,23.03903],[70.42181,23.03926],[70.42181,23.03931],[70.42189,23.03931],[70.42208,23.03931],[70.42208,23.03942],[70.42208,23.03958],[70.42235,23.03958],[70.42236,23.03958],[70.42236,23.03959],[70.42236,23.03986],[70.42264,23.03986],[70.42264,23.04014],[70.42292,23.04014],[70.42292,23.04042],[70.42319,23.04042],[70.42319,23.0407],[70.42347,23.0407],[70.42347,23.04097],[70.42375,23.04096],[70.42375,23.04125],[70.42431,23.04125],[70.42431,23.04153],[70.42458,23.04153],[70.42458,23.04181],[70.42486,23.04181],[70.42486,23.04208],[70.42514,23.04208],[70.42514,23.04236],[70.42542,23.04236],[70.42542,23.04264],[70.4257,23.04264],[70.4257,23.04292],[70.42597,23.04292],[70.42597,23.04319],[70.42625,23.04319],[70.42625,23.04347],[70.42653,23.04347],[70.42653,23.04375],[70.42709,23.04375],[70.42709,23.04403],[70.42736,23.04403],[70.42736,23.04432],[70.42763,23.04431],[70.42763,23.04458],[70.42792,23.04458],[70.42792,23.04514],[70.42819,23.04514],[70.42819,23.04542],[70.42847,23.04542],[70.42847,23.04569],[70.42875,23.04569],[70.42875,23.04625],[70.42902,23.04625],[70.42902,23.04653],[70.42958,23.04653],[70.42958,23.04681],[70.43014,23.04681],[70.43014,23.04709],[70.43069,23.04708],[70.43069,23.04736],[70.43125,23.04736],[70.43125,23.04764],[70.43181,23.04764],[70.43181,23.04792],[70.43236,23.04792],[70.43236,23.0482],[70.43291,23.0482],[70.43291,23.04847],[70.4343,23.04847],[70.4343,23.04875],[70.43596,23.04875],[70.43596,23.04903],[70.43736,23.04903],[70.43736,23.04931],[70.44097,23.04931],[70.44097,23.04958],[70.44153,23.04958]]],[[[68.46709,23.49764],[68.46709,23.49736],[68.46792,23.49736],[68.46792,23.49708],[68.46847,23.49708],[68.46847,23.49681],[68.46931,23.49681],[68.46931,23.49653],[68.46957,23.49653],[68.46957,23.49597],[68.47014,23.49597],[68.47014,23.4932],[68.4707,23.4932],[68.4707,23.49347],[68.47097,23.49347],[68.47097,23.49403],[68.47125,23.49403],[68.47125,23.49375],[68.47153,23.49375],[68.47153,23.49319],[68.4718,23.4932],[68.47181,23.49292],[68.47208,23.49292],[68.47208,23.49236],[68.47181,23.49236],[68.4718,23.49208],[68.47153,23.49208],[68.47153,23.49181],[68.47264,23.49181],[68.47264,23.49097],[68.47292,23.49097],[68.47292,23.48709],[68.47264,23.48709],[68.47264,23.48569],[68.47236,23.48569],[68.47236,23.48486],[68.4718,23.48486],[68.4718,23.48542],[68.47153,23.48542],[68.47153,23.48597],[68.4707,23.48597],[68.4707,23.48542],[68.47041,23.48542],[68.47041,23.48486],[68.47014,23.48486],[68.47014,23.48431],[68.46985,23.48431],[68.46985,23.48375],[68.47014,23.48375],[68.47014,23.48319],[68.47041,23.48319],[68.47041,23.48236],[68.4707,23.48236],[68.4707,23.48153],[68.47097,23.48153],[68.47097,23.48097],[68.47125,23.48097],[68.47125,23.48042],[68.47097,23.48042],[68.47097,23.48014],[68.4707,23.48014],[68.4707,23.47986],[68.47041,23.47986],[68.47041,23.47958],[68.47014,23.47958],[68.47014,23.47931],[68.46957,23.47931],[68.46957,23.47903],[68.46848,23.47903],[68.46848,23.47931],[68.46819,23.47931],[68.46819,23.47958],[68.46792,23.47958],[68.46792,23.47986],[68.46736,23.47986],[68.46736,23.48014],[68.4668,23.48014],[68.4668,23.48042],[68.46376,23.48042],[68.46376,23.47986],[68.46347,23.47986],[68.46347,23.48014],[68.46236,23.48014],[68.46236,23.47958],[68.45959,23.47958],[68.45959,23.47984],[68.4593,23.47986],[68.4593,23.48153],[68.45959,23.48153],[68.45959,23.48181],[68.45986,23.48181],[68.45986,23.48208],[68.4593,23.48208],[68.4593,23.48236],[68.45903,23.48236],[68.45903,23.48319],[68.4593,23.48319],[68.4593,23.48431],[68.45903,23.48431],[68.45903,23.48458],[68.45875,23.48458],[68.45875,23.48736],[68.45903,23.48736],[68.45903,23.48792],[68.45986,23.48792],[68.45986,23.48764],[68.46042,23.48764],[68.46042,23.48847],[68.4607,23.48847],[68.4607,23.48931],[68.46098,23.4893],[68.46098,23.48986],[68.46125,23.48986],[68.46125,23.49042],[68.46208,23.49042],[68.46208,23.49014],[68.46264,23.49014],[68.46264,23.48986],[68.4632,23.48986],[68.4632,23.48959],[68.46347,23.48959],[68.46347,23.48931],[68.46376,23.48931],[68.46376,23.48903],[68.46403,23.48903],[68.46403,23.48875],[68.46458,23.48875],[68.46458,23.48903],[68.46486,23.48903],[68.46486,23.48986],[68.46458,23.48986],[68.46458,23.49014],[68.4643,23.49014],[68.4643,23.49042],[68.46486,23.49042],[68.46486,23.4907],[68.46542,23.4907],[68.46542,23.49097],[68.46569,23.49097],[68.46569,23.49125],[68.46542,23.49125],[68.46542,23.49153],[68.46514,23.49153],[68.46514,23.49181],[68.46486,23.49181],[68.46486,23.49208],[68.46458,23.49208],[68.46458,23.49236],[68.4643,23.49236],[68.4643,23.49265],[68.46403,23.49264],[68.46403,23.49347],[68.46376,23.49347],[68.46376,23.49653],[68.4643,23.49653],[68.4643,23.49625],[68.46486,23.49625],[68.46486,23.49653],[68.46514,23.49653],[68.46514,23.49681],[68.46542,23.49681],[68.46542,23.49708],[68.46569,23.49708],[68.4657,23.49736],[68.46597,23.49736],[68.46597,23.49764],[68.4657,23.49764],[68.4657,23.49792],[68.46628,23.49792],[68.46653,23.49792],[68.46653,23.49764],[68.46709,23.49764]]],[[[68.4818,23.50069],[68.4818,23.50042],[68.48236,23.50042],[68.48236,23.50014],[68.48264,23.50014],[68.48264,23.49986],[68.48292,23.49986],[68.48292,23.49931],[68.48319,23.49931],[68.48319,23.49903],[68.48347,23.49903],[68.48347,23.49875],[68.48375,23.49875],[68.48375,23.49819],[68.48402,23.49819],[68.48402,23.49736],[68.48431,23.49736],[68.48431,23.49653],[68.48458,23.49653],[68.48458,23.49625],[68.48486,23.49625],[68.48486,23.49597],[68.48514,23.49597],[68.48514,23.4957],[68.48542,23.49571],[68.48542,23.49542],[68.48569,23.49542],[68.48569,23.49486],[68.48542,23.49486],[68.48542,23.49431],[68.48514,23.49431],[68.48514,23.49292],[68.48542,23.49292],[68.48542,23.49265],[68.48569,23.49265],[68.48569,23.49125],[68.48542,23.49125],[68.48542,23.49069],[68.48514,23.4907],[68.48514,23.48875],[68.48542,23.48875],[68.48542,23.4882],[68.48569,23.48819],[68.48569,23.48764],[68.48597,23.48764],[68.48597,23.48708],[68.48625,23.48709],[68.48625,23.48653],[68.48653,23.48653],[68.48653,23.48625],[68.48681,23.48625],[68.48681,23.48597],[68.48653,23.48597],[68.48653,23.48569],[68.48625,23.48569],[68.48625,23.48542],[68.48597,23.48542],[68.48597,23.48514],[68.48569,23.48514],[68.48569,23.48486],[68.48542,23.48486],[68.48542,23.48431],[68.48514,23.48431],[68.48514,23.48401],[68.48514,23.48347],[68.48486,23.48347],[68.48486,23.48319],[68.48458,23.48319],[68.48458,23.48292],[68.48431,23.48292],[68.48431,23.48264],[68.48402,23.48264],[68.48402,23.48236],[68.48375,23.48236],[68.48375,23.48208],[68.48347,23.48208],[68.48347,23.48153],[68.48319,23.48153],[68.48319,23.48097],[68.48292,23.48097],[68.48292,23.48069],[68.48263,23.48069],[68.48263,23.48042],[68.48236,23.48042],[68.48236,23.47986],[68.48208,23.47986],[68.48208,23.47958],[68.4818,23.47958],[68.4818,23.47903],[68.48153,23.47903],[68.48153,23.47847],[68.48125,23.47847],[68.48125,23.47792],[68.47958,23.47792],[68.47958,23.4782],[68.47875,23.4782],[68.47875,23.47847],[68.47791,23.47847],[68.47791,23.47875],[68.47708,23.47875],[68.47708,23.47903],[68.47681,23.47903],[68.47681,23.47931],[68.47625,23.47931],[68.47625,23.47958],[68.47597,23.47958],[68.47599,23.47986],[68.47542,23.47986],[68.47542,23.48014],[68.47514,23.48014],[68.47514,23.48042],[68.47459,23.48042],[68.47459,23.48069],[68.4743,23.48069],[68.4743,23.48097],[68.47404,23.48097],[68.47403,23.48153],[68.47375,23.48153],[68.47375,23.48181],[68.47459,23.48181],[68.47459,23.48208],[68.47486,23.48208],[68.47486,23.48236],[68.47542,23.48236],[68.47542,23.48264],[68.4757,23.48264],[68.4757,23.48292],[68.47542,23.48292],[68.47542,23.48403],[68.47514,23.48403],[68.47514,23.48514],[68.47542,23.48514],[68.47542,23.48569],[68.47597,23.48569],[68.47597,23.48597],[68.47625,23.48597],[68.47625,23.48625],[68.47708,23.48625],[68.47708,23.48597],[68.47764,23.48597],[68.47764,23.48569],[68.47986,23.48569],[68.47986,23.48625],[68.48097,23.48625],[68.48097,23.48653],[68.48125,23.48653],[68.48125,23.48625],[68.48153,23.48625],[68.48153,23.48597],[68.4818,23.48597],[68.4818,23.48569],[68.48208,23.48569],[68.48208,23.48542],[68.48375,23.48542],[68.48375,23.48514],[68.48458,23.48514],[68.48458,23.48569],[68.48486,23.48569],[68.48486,23.48625],[68.48514,23.48625],[68.48514,23.48764],[68.48486,23.48764],[68.48486,23.4882],[68.48458,23.48819],[68.48458,23.48903],[68.48431,23.48903],[68.48431,23.4907],[68.48402,23.49069],[68.48402,23.49125],[68.48375,23.49125],[68.48375,23.49153],[68.48264,23.49153],[68.48264,23.49042],[68.48236,23.49042],[68.48236,23.48986],[68.48208,23.48986],[68.48208,23.48931],[68.4818,23.48931],[68.4818,23.48903],[68.48097,23.48903],[68.48097,23.48875],[68.47764,23.48875],[68.47764,23.48847],[68.47681,23.48847],[68.47681,23.48792],[68.47652,23.48792],[68.47652,23.48736],[68.47625,23.48736],[68.47625,23.48709],[68.47569,23.48709],[68.47569,23.4868],[68.47514,23.48681],[68.47514,23.48652],[68.47486,23.48652],[68.47486,23.48681],[68.47459,23.4868],[68.47459,23.48736],[68.4743,23.48736],[68.4743,23.48847],[68.47459,23.48847],[68.47459,23.48903],[68.47486,23.48903],[68.47486,23.48986],[68.4743,23.48986],[68.4743,23.48959],[68.47403,23.48959],[68.47403,23.49236],[68.47375,23.49236],[68.47375,23.49265],[68.47347,23.49264],[68.47347,23.4932],[68.4732,23.49319],[68.4732,23.49375],[68.47292,23.49375],[68.47292,23.49403],[68.4732,23.49403],[68.4732,23.49486],[68.47347,23.49486],[68.47347,23.49625],[68.47375,23.49625],[68.47375,23.49597],[68.47403,23.49597],[68.47403,23.4957],[68.4743,23.49571],[68.4743,23.49542],[68.47459,23.49542],[68.47459,23.49514],[68.47514,23.49514],[68.47514,23.49486],[68.47681,23.49486],[68.47681,23.49458],[68.47708,23.49458],[68.47708,23.49347],[68.47736,23.49347],[68.47736,23.49292],[68.47764,23.49292],[68.47764,23.49236],[68.47847,23.49236],[68.47847,23.49208],[68.47903,23.49208],[68.47903,23.49181],[68.47986,23.49181],[68.47986,23.49153],[68.48153,23.49153],[68.48153,23.49181],[68.48125,23.49181],[68.48125,23.49236],[68.48153,23.49236],[68.48153,23.49292],[68.4818,23.49292],[68.4818,23.49347],[68.48208,23.49347],[68.48208,23.49403],[68.48236,23.49403],[68.48236,23.49542],[68.48125,23.49542],[68.48125,23.49571],[68.4807,23.4957],[68.4807,23.49597],[68.48014,23.49597],[68.48014,23.49625],[68.47931,23.49625],[68.47931,23.49653],[68.47876,23.49653],[68.47876,23.49681],[68.47847,23.49681],[68.47847,23.49736],[68.47876,23.49736],[68.47876,23.49792],[68.47847,23.49792],[68.47847,23.49819],[68.47819,23.49819],[68.47819,23.49875],[68.47847,23.49875],[68.47847,23.49903],[68.47876,23.49903],[68.47876,23.49931],[68.47986,23.49931],[68.47986,23.49958],[68.48014,23.49958],[68.48014,23.50042],[68.48042,23.50042],[68.48042,23.50125],[68.4807,23.50125],[68.4807,23.50097],[68.48125,23.50097],[68.48125,23.50069],[68.4818,23.50069]]],[[[68.21653,23.77931],[68.21653,23.77875],[68.21736,23.77875],[68.21736,23.77848],[68.21792,23.77848],[68.21792,23.77819],[68.21848,23.77819],[68.21848,23.77792],[68.21902,23.77792],[68.21902,23.77764],[68.21958,23.77764],[68.21958,23.77736],[68.21985,23.77736],[68.21985,23.77681],[68.22014,23.77681],[68.22014,23.77653],[68.22041,23.77653],[68.22041,23.77625],[68.2207,23.77625],[68.2207,23.77569],[68.22097,23.77569],[68.22097,23.77542],[68.22125,23.77542],[68.22125,23.77375],[68.22153,23.77375],[68.22153,23.7732],[68.2218,23.7732],[68.22181,23.77292],[68.22208,23.77292],[68.22208,23.77264],[68.22236,23.77264],[68.22236,23.77235],[68.22264,23.77236],[68.22264,23.77014],[68.22291,23.77014],[68.22291,23.76847],[68.2232,23.76847],[68.2232,23.76653],[68.22347,23.76654],[68.22347,23.76514],[68.22375,23.76514],[68.22375,23.76403],[68.22403,23.76403],[68.22403,23.7632],[68.22375,23.7632],[68.22375,23.76208],[68.22347,23.76208],[68.22347,23.76181],[68.2232,23.7618],[68.2232,23.76125],[68.22291,23.76125],[68.22291,23.76097],[68.22264,23.76097],[68.22264,23.7607],[68.22236,23.7607],[68.22236,23.76042],[68.22208,23.76042],[68.22208,23.76014],[68.22181,23.76014],[68.2218,23.75986],[68.22125,23.75986],[68.22125,23.75958],[68.22097,23.75958],[68.22097,23.75931],[68.2207,23.75931],[68.2207,23.75903],[68.22041,23.75903],[68.22041,23.75875],[68.22014,23.75875],[68.22014,23.75847],[68.21986,23.75847],[68.21986,23.7582],[68.21958,23.7582],[68.21958,23.75792],[68.21931,23.75792],[68.21931,23.75764],[68.21902,23.75764],[68.21902,23.75735],[68.21875,23.75736],[68.21875,23.75709],[68.21848,23.75709],[68.21848,23.75653],[68.21819,23.75653],[68.21819,23.75625],[68.21792,23.75625],[68.21792,23.75597],[68.21764,23.75597],[68.21764,23.75569],[68.2168,23.75569],[68.2168,23.75597],[68.21653,23.75597],[68.21653,23.75625],[68.21625,23.75625],[68.21625,23.75653],[68.21597,23.75653],[68.21597,23.75681],[68.2157,23.7568],[68.21569,23.75709],[68.21541,23.75708],[68.21541,23.75764],[68.21514,23.75764],[68.21514,23.7582],[68.21486,23.7582],[68.21486,23.75958],[68.21514,23.75958],[68.21514,23.7607],[68.21541,23.76069],[68.21541,23.76125],[68.21569,23.76125],[68.2157,23.76181],[68.21597,23.76181],[68.21597,23.76292],[68.21625,23.76292],[68.21625,23.76486],[68.21653,23.76486],[68.21653,23.76569],[68.21625,23.76569],[68.21625,23.76681],[68.21597,23.76681],[68.21597,23.76708],[68.2157,23.76708],[68.21569,23.76736],[68.21541,23.76736],[68.21541,23.76764],[68.21514,23.76764],[68.21514,23.76792],[68.21486,23.76792],[68.21486,23.76819],[68.21458,23.76819],[68.21458,23.76903],[68.21486,23.76903],[68.21486,23.77347],[68.21514,23.77347],[68.21514,23.77542],[68.21541,23.77542],[68.21541,23.77736],[68.21514,23.77736],[68.21514,23.77848],[68.21541,23.77848],[68.21541,23.77875],[68.21597,23.77875],[68.21597,23.77903],[68.21625,23.77903],[68.21625,23.77931],[68.21653,23.77931]]],[[[70.45514,22.9957],[70.45514,22.9943],[70.45486,22.9943],[70.45486,22.99153],[70.45458,22.99153],[70.45458,22.99097],[70.45431,22.99097],[70.45431,22.99069],[70.45458,22.99069],[70.45458,22.99014],[70.45431,22.99014],[70.45431,22.98985],[70.45402,22.98986],[70.45402,22.98931],[70.45375,22.98931],[70.45375,22.98903],[70.45348,22.98903],[70.45348,22.98847],[70.45319,22.98847],[70.45319,22.98819],[70.45292,22.98819],[70.45292,22.98792],[70.45236,22.98792],[70.45236,22.98764],[70.45208,22.98764],[70.45208,22.98736],[70.4518,22.98736],[70.4518,22.98681],[70.45153,22.98681],[70.45153,22.98653],[70.45125,22.98653],[70.45125,22.98625],[70.45097,22.98625],[70.45097,22.98597],[70.45042,22.98597],[70.45042,22.9857],[70.45014,22.9857],[70.45014,22.98542],[70.44959,22.98542],[70.44959,22.98514],[70.4493,22.98514],[70.4493,22.98486],[70.44903,22.98486],[70.44903,22.98458],[70.44847,22.98458],[70.44847,22.98431],[70.4482,22.98431],[70.4482,22.98404],[70.44764,22.98404],[70.44764,22.98375],[70.44708,22.98375],[70.44708,22.98347],[70.44681,22.98347],[70.44681,22.9832],[70.44625,22.9832],[70.44625,22.98292],[70.44597,22.98292],[70.44597,22.98264],[70.44542,22.98264],[70.44542,22.98236],[70.44514,22.98236],[70.44514,22.98208],[70.44486,22.98208],[70.44486,22.98181],[70.44431,22.98181],[70.44431,22.98153],[70.44403,22.98153],[70.44403,22.98125],[70.44347,22.98125],[70.44347,22.98098],[70.44319,22.98098],[70.44319,22.98069],[70.44292,22.9807],[70.44292,22.98042],[70.44264,22.98042],[70.44264,22.98014],[70.44209,22.98014],[70.44209,22.97986],[70.44153,22.97986],[70.44153,22.97958],[70.44097,22.97959],[70.44097,22.97931],[70.44041,22.97931],[70.44041,22.97903],[70.43986,22.97903],[70.43986,22.97875],[70.43931,22.97875],[70.43931,22.97847],[70.43875,22.97847],[70.43875,22.9782],[70.43764,22.9782],[70.43764,22.97847],[70.43375,22.97847],[70.43375,22.97875],[70.43264,22.97875],[70.43264,22.97959],[70.43291,22.97958],[70.43291,22.98014],[70.4332,22.98014],[70.4332,22.98042],[70.43347,22.98042],[70.43347,22.9807],[70.43375,22.98069],[70.43375,22.98098],[70.43403,22.98098],[70.43403,22.98181],[70.4343,22.98181],[70.4343,22.98236],[70.43486,22.98236],[70.43486,22.98264],[70.43515,22.98264],[70.43515,22.98292],[70.43542,22.98292],[70.43542,22.9832],[70.43569,22.98319],[70.43569,22.98375],[70.43653,22.98375],[70.43653,22.98404],[70.43708,22.98404],[70.43708,22.98431],[70.43764,22.98431],[70.43764,22.98458],[70.43792,22.98458],[70.43792,22.98486],[70.43847,22.98486],[70.43847,22.98514],[70.43903,22.98514],[70.43903,22.98542],[70.43931,22.98542],[70.43931,22.9857],[70.43958,22.9857],[70.43958,22.98597],[70.43986,22.98597],[70.43986,22.98625],[70.44014,22.98625],[70.44014,22.98653],[70.4407,22.98653],[70.4407,22.98681],[70.44097,22.98681],[70.44097,22.98708],[70.44125,22.98708],[70.44125,22.98736],[70.44209,22.98736],[70.44209,22.98764],[70.44264,22.98764],[70.44264,22.98792],[70.44292,22.98792],[70.44292,22.98819],[70.44347,22.9882],[70.44347,22.98847],[70.44375,22.98847],[70.44375,22.98875],[70.44403,22.98875],[70.44403,22.98903],[70.44458,22.98903],[70.44458,22.98931],[70.44514,22.98931],[70.44514,22.98958],[70.44542,22.98958],[70.44542,22.98986],[70.44597,22.98985],[70.44597,22.99014],[70.44681,22.99014],[70.44681,22.99042],[70.44737,22.99042],[70.44737,22.99069],[70.44764,22.99069],[70.44764,22.99125],[70.4482,22.99125],[70.4482,22.99153],[70.44847,22.99153],[70.44847,22.99181],[70.44875,22.99181],[70.44875,22.99153],[70.44903,22.99153],[70.44903,22.99181],[70.4493,22.99181],[70.4493,22.99208],[70.44959,22.99208],[70.44959,22.99236],[70.44986,22.99236],[70.44986,22.99264],[70.45015,22.99264],[70.45015,22.99292],[70.45097,22.99292],[70.45097,22.99319],[70.45153,22.99319],[70.45153,22.99347],[70.4518,22.99347],[70.4518,22.99375],[70.45208,22.99375],[70.45208,22.99403],[70.45264,22.99403],[70.45264,22.9943],[70.45319,22.9943],[70.45319,22.99458],[70.45348,22.99458],[70.45348,22.99486],[70.45375,22.99486],[70.45375,22.99514],[70.45403,22.99514],[70.45403,22.99542],[70.45486,22.99542],[70.45486,22.9957],[70.45514,22.9957]]],[[[68.49875,23.48931],[68.49875,23.48903],[68.49847,23.48903],[68.49847,23.48847],[68.49819,23.48847],[68.49819,23.48792],[68.49792,23.48792],[68.49792,23.48708],[68.49764,23.48709],[68.49764,23.48625],[68.49736,23.48625],[68.49736,23.48569],[68.49709,23.48569],[68.49709,23.48319],[68.49736,23.48319],[68.49736,23.48153],[68.49764,23.48153],[68.49764,23.47986],[68.49736,23.47986],[68.49736,23.47931],[68.49709,23.47931],[68.49709,23.47875],[68.4968,23.47875],[68.4968,23.47847],[68.49653,23.47847],[68.49653,23.47792],[68.49624,23.47792],[68.49624,23.47765],[68.49597,23.47765],[68.49597,23.47736],[68.49542,23.47736],[68.49542,23.47708],[68.49514,23.47708],[68.49514,23.47681],[68.49458,23.47681],[68.49458,23.47653],[68.49403,23.47653],[68.49403,23.47625],[68.49347,23.47625],[68.49347,23.47597],[68.49125,23.47597],[68.49125,23.4757],[68.49069,23.4757],[68.49069,23.47542],[68.49042,23.47542],[68.49042,23.47514],[68.48986,23.47514],[68.48986,23.47486],[68.48959,23.47486],[68.48959,23.47458],[68.4893,23.47458],[68.4893,23.47431],[68.48875,23.47431],[68.48875,23.47403],[68.48847,23.47403],[68.48847,23.47375],[68.4882,23.47375],[68.4882,23.47347],[68.48708,23.47347],[68.48708,23.47431],[68.48681,23.47431],[68.48681,23.47458],[68.48653,23.47458],[68.48653,23.47514],[68.48625,23.47514],[68.48625,23.47542],[68.48597,23.47542],[68.48597,23.4757],[68.48569,23.4757],[68.48569,23.47597],[68.48542,23.47597],[68.48542,23.47625],[68.48514,23.47625],[68.48514,23.47653],[68.48458,23.47653],[68.48458,23.47681],[68.48402,23.47681],[68.48402,23.47708],[68.48375,23.47708],[68.48375,23.47736],[68.48319,23.47736],[68.48319,23.47765],[68.48292,23.47765],[68.48292,23.47792],[68.48208,23.47792],[68.48208,23.4782],[68.48236,23.4782],[68.48236,23.47875],[68.48264,23.47875],[68.48264,23.47931],[68.48292,23.47931],[68.48292,23.47986],[68.48319,23.47986],[68.48319,23.48014],[68.48347,23.48014],[68.48347,23.48042],[68.48375,23.48042],[68.48375,23.48069],[68.48402,23.48069],[68.48402,23.48153],[68.48431,23.48153],[68.48431,23.48181],[68.48458,23.48181],[68.48458,23.48208],[68.48486,23.48208],[68.48486,23.48236],[68.48514,23.48236],[68.48514,23.48264],[68.48542,23.48264],[68.48542,23.48319],[68.48569,23.48319],[68.48569,23.48347],[68.48597,23.48346],[68.48597,23.48403],[68.48625,23.48403],[68.48625,23.48431],[68.48625,23.48458],[68.48653,23.48458],[68.48653,23.48486],[68.48681,23.48486],[68.48681,23.48542],[68.48708,23.48542],[68.48708,23.48569],[68.48791,23.48569],[68.48791,23.48597],[68.48847,23.48597],[68.48847,23.48625],[68.48986,23.48625],[68.48986,23.48653],[68.49125,23.48652],[68.49125,23.48681],[68.49196,23.48681],[68.49514,23.4868],[68.49514,23.48709],[68.49624,23.48709],[68.49624,23.48736],[68.49653,23.48736],[68.49653,23.48764],[68.4968,23.48764],[68.4968,23.48792],[68.49709,23.48792],[68.49709,23.48819],[68.49736,23.4882],[68.49736,23.48847],[68.49764,23.48847],[68.49764,23.48903],[68.49792,23.48903],[68.49792,23.48931],[68.49875,23.48931]]],[[[69.63848,22.76486],[69.63848,22.76459],[69.64153,22.76459],[69.64153,22.76486],[69.64264,22.76486],[69.64264,22.76459],[69.64403,22.76459],[69.64403,22.76431],[69.6443,22.76431],[69.6443,22.76403],[69.64486,22.76403],[69.64486,22.76375],[69.64514,22.76375],[69.64514,22.76347],[69.64541,22.76348],[69.64541,22.7632],[69.64598,22.7632],[69.64598,22.76292],[69.64625,22.76292],[69.64625,22.76264],[69.64652,22.76264],[69.64652,22.76236],[69.64681,22.76236],[69.64681,22.76208],[69.64709,22.76208],[69.64709,22.76181],[69.64736,22.76181],[69.64736,22.76153],[69.64764,22.76153],[69.64764,22.76126],[69.64792,22.76126],[69.64792,22.76097],[69.6482,22.76097],[69.6482,22.76069],[69.64848,22.76069],[69.64848,22.76042],[69.64875,22.76042],[69.64875,22.76014],[69.64931,22.76014],[69.64931,22.75986],[69.64958,22.75986],[69.64958,22.75958],[69.65014,22.75958],[69.65014,22.75931],[69.65041,22.75931],[69.65041,22.75903],[69.65097,22.75903],[69.65097,22.75875],[69.65125,22.75875],[69.65125,22.75847],[69.65153,22.75847],[69.65153,22.7582],[69.65208,22.7582],[69.65208,22.75792],[69.65236,22.75792],[69.65236,22.75764],[69.65265,22.75764],[69.65265,22.75736],[69.6532,22.75736],[69.6532,22.75708],[69.65347,22.75709],[69.65347,22.75681],[69.65403,22.75681],[69.65403,22.75653],[69.6543,22.75653],[69.6543,22.75625],[69.65486,22.75625],[69.65486,22.75597],[69.65569,22.75597],[69.65569,22.7557],[69.65625,22.7557],[69.65625,22.75542],[69.65708,22.75542],[69.65708,22.75513],[69.65959,22.75514],[69.65959,22.75486],[69.6607,22.75486],[69.6607,22.75514],[69.66264,22.75514],[69.66264,22.75486],[69.66292,22.75486],[69.66292,22.75458],[69.66319,22.75458],[69.66319,22.75431],[69.66348,22.75431],[69.66348,22.75403],[69.66375,22.75403],[69.66375,22.75375],[69.66486,22.75375],[69.66486,22.75347],[69.6657,22.75347],[69.6657,22.75319],[69.66653,22.75319],[69.66653,22.75292],[69.66681,22.75292],[69.66681,22.75236],[69.66709,22.75236],[69.66709,22.75181],[69.66681,22.75181],[69.66681,22.75153],[69.66653,22.75153],[69.66653,22.75069],[69.6657,22.7507],[69.6657,22.75042],[69.66458,22.75042],[69.66458,22.7507],[69.66431,22.7507],[69.66431,22.75042],[69.66375,22.75042],[69.66375,22.7507],[69.66209,22.7507],[69.66209,22.75097],[69.66152,22.75097],[69.66152,22.75125],[69.66125,22.75125],[69.66125,22.75153],[69.6607,22.75153],[69.6607,22.75181],[69.6593,22.75181],[69.6593,22.75208],[69.65847,22.75208],[69.65847,22.75236],[69.65764,22.75236],[69.65764,22.75264],[69.65681,22.75264],[69.65681,22.75292],[69.65625,22.75292],[69.65625,22.75319],[69.65514,22.75319],[69.65514,22.75347],[69.65375,22.75347],[69.65375,22.75375],[69.65292,22.75375],[69.65292,22.75403],[69.65236,22.75403],[69.65236,22.75431],[69.65153,22.75431],[69.65153,22.75458],[69.6507,22.75458],[69.6507,22.75542],[69.65041,22.75542],[69.65041,22.7557],[69.64987,22.7557],[69.64987,22.75597],[69.64931,22.75597],[69.64931,22.75625],[69.6482,22.75625],[69.6482,22.75597],[69.64764,22.75597],[69.64764,22.7557],[69.64736,22.7557],[69.64736,22.75513],[69.64709,22.75513],[69.64709,22.75542],[69.6468,22.75542],[69.6468,22.7557],[69.64652,22.7557],[69.64652,22.75653],[69.64625,22.75653],[69.64625,22.75792],[69.64652,22.75792],[69.64652,22.7582],[69.64625,22.7582],[69.64625,22.75847],[69.64541,22.75847],[69.64541,22.75875],[69.64514,22.75875],[69.64514,22.75903],[69.64486,22.75903],[69.64486,22.75875],[69.6443,22.75875],[69.6443,22.75847],[69.64264,22.75847],[69.64264,22.75875],[69.64236,22.75875],[69.64236,22.75903],[69.64069,22.75903],[69.64069,22.75931],[69.64014,22.75931],[69.64014,22.76014],[69.63986,22.76014],[69.63986,22.76097],[69.63958,22.76097],[69.63958,22.76126],[69.63847,22.76126],[69.63847,22.76097],[69.63735,22.76097],[69.63735,22.76126],[69.63708,22.76126],[69.63708,22.76097],[69.6368,22.76097],[69.6368,22.76042],[69.63431,22.76042],[69.63431,22.76069],[69.63347,22.76069],[69.63347,22.76097],[69.63264,22.76097],[69.63264,22.76069],[69.63236,22.76069],[69.63236,22.76042],[69.63183,22.76042],[69.6318,22.76042],[69.6318,22.76044],[69.6318,22.76069],[69.63153,22.76069],[69.63153,22.76097],[69.63125,22.76097],[69.63125,22.76126],[69.63098,22.76125],[69.63098,22.76236],[69.63125,22.76236],[69.63125,22.76264],[69.63181,22.76264],[69.63181,22.76292],[69.63208,22.76292],[69.63208,22.7632],[69.6332,22.7632],[69.6332,22.76348],[69.63403,22.76348],[69.63403,22.76375],[69.63514,22.76375],[69.63514,22.76403],[69.63597,22.76403],[69.63597,22.76431],[69.6368,22.76431],[69.6368,22.76459],[69.63764,22.76459],[69.63764,22.76486],[69.63848,22.76486]]],[[[68.34958,23.80042],[68.34958,23.80014],[68.34931,23.80014],[68.34931,23.79903],[68.34903,23.79903],[68.34903,23.79319],[68.34875,23.79319],[68.34875,23.7907],[68.34847,23.79071],[68.34847,23.78792],[68.3482,23.78792],[68.3482,23.78569],[68.34791,23.7857],[68.34791,23.78403],[68.34764,23.78403],[68.34764,23.78264],[68.34736,23.78264],[68.34736,23.78181],[68.34708,23.78181],[68.34708,23.78097],[68.34681,23.78097],[68.3468,23.78014],[68.34653,23.78014],[68.34653,23.77958],[68.34625,23.77958],[68.34625,23.77931],[68.34597,23.77931],[68.34597,23.77903],[68.3457,23.77903],[68.3457,23.77875],[68.34541,23.77875],[68.34541,23.77848],[68.34514,23.77848],[68.34514,23.77819],[68.34486,23.77819],[68.34486,23.77792],[68.34458,23.77792],[68.34458,23.77764],[68.34402,23.77764],[68.34402,23.77736],[68.34236,23.77736],[68.34236,23.77708],[68.34042,23.77708],[68.34043,23.77764],[68.34014,23.77764],[68.34014,23.77792],[68.33986,23.77792],[68.33986,23.77848],[68.33958,23.77848],[68.33958,23.77931],[68.33986,23.77931],[68.33986,23.78264],[68.34014,23.78264],[68.34014,23.78319],[68.34043,23.78319],[68.34043,23.78403],[68.34069,23.78403],[68.3407,23.78514],[68.34097,23.78514],[68.34097,23.78625],[68.34125,23.78625],[68.34125,23.78736],[68.34153,23.78736],[68.34153,23.78847],[68.3418,23.78847],[68.3418,23.78931],[68.34209,23.78931],[68.34209,23.78986],[68.34236,23.78986],[68.34236,23.79042],[68.34264,23.79042],[68.34264,23.79097],[68.34292,23.79097],[68.34292,23.79153],[68.34318,23.79153],[68.34318,23.79236],[68.34349,23.79236],[68.34349,23.79292],[68.34375,23.79292],[68.34375,23.79347],[68.34402,23.79346],[68.34402,23.79403],[68.34431,23.79403],[68.34431,23.79458],[68.34458,23.79458],[68.34458,23.79514],[68.34486,23.79514],[68.34486,23.79569],[68.34514,23.79569],[68.34514,23.79625],[68.34541,23.79625],[68.34541,23.79681],[68.34569,23.79681],[68.34569,23.79736],[68.34597,23.79736],[68.34597,23.79792],[68.34625,23.79792],[68.34625,23.79847],[68.34653,23.79847],[68.34653,23.79875],[68.3468,23.79875],[68.3468,23.79903],[68.34708,23.79903],[68.34708,23.79959],[68.34736,23.79958],[68.34736,23.79986],[68.34764,23.79986],[68.34764,23.80014],[68.34903,23.80014],[68.34903,23.80042],[68.34958,23.80042]]],[[[68.60514,23.80959],[68.60514,23.8093],[68.6057,23.80931],[68.6057,23.80875],[68.60597,23.80875],[68.60597,23.80792],[68.60625,23.80792],[68.60625,23.80708],[68.60653,23.80708],[68.60653,23.80653],[68.60736,23.80653],[68.60736,23.80625],[68.60792,23.80625],[68.60792,23.80569],[68.60764,23.80569],[68.60764,23.80542],[68.60736,23.80542],[68.60736,23.80486],[68.60709,23.80486],[68.60709,23.80458],[68.6068,23.80458],[68.6068,23.80347],[68.60625,23.80347],[68.60625,23.80319],[68.60597,23.80319],[68.60597,23.80264],[68.6057,23.80265],[68.6057,23.80236],[68.60542,23.80236],[68.60542,23.80208],[68.60514,23.80208],[68.60514,23.80153],[68.60486,23.80153],[68.60486,23.80125],[68.60457,23.80125],[68.60457,23.80097],[68.60431,23.80097],[68.60431,23.80069],[68.60375,23.80069],[68.60375,23.80042],[68.60347,23.80042],[68.60347,23.79986],[68.6032,23.79986],[68.6032,23.79958],[68.60291,23.79959],[68.60291,23.79931],[68.60264,23.79931],[68.60264,23.79903],[68.60209,23.79903],[68.60209,23.79875],[68.60181,23.79875],[68.60181,23.79792],[68.60209,23.79792],[68.60209,23.79681],[68.60181,23.79681],[68.60181,23.79625],[68.60152,23.79625],[68.60152,23.79597],[68.60125,23.79597],[68.60125,23.79625],[68.60042,23.79625],[68.60042,23.79653],[68.59875,23.79652],[68.59875,23.79681],[68.5982,23.79681],[68.5982,23.79652],[68.59791,23.79653],[68.59791,23.79625],[68.59764,23.79625],[68.59764,23.79569],[68.59708,23.79569],[68.59708,23.79597],[68.5968,23.79597],[68.5968,23.79625],[68.59653,23.79625],[68.59653,23.79653],[68.59625,23.79652],[68.59625,23.79681],[68.59514,23.79681],[68.59514,23.79736],[68.59486,23.79736],[68.59486,23.7982],[68.59458,23.79819],[68.59458,23.79875],[68.59431,23.79875],[68.59431,23.79931],[68.59402,23.79931],[68.59402,23.79986],[68.59375,23.79986],[68.59375,23.80069],[68.59402,23.8007],[68.59402,23.80125],[68.59431,23.80125],[68.59431,23.80181],[68.59402,23.80181],[68.59402,23.80236],[68.59375,23.80236],[68.59375,23.80292],[68.59348,23.80292],[68.59348,23.80347],[68.59402,23.80347],[68.59402,23.80375],[68.5957,23.80375],[68.5957,23.80403],[68.59708,23.80403],[68.59708,23.80431],[68.59875,23.80431],[68.59875,23.80458],[68.59903,23.80458],[68.59903,23.80514],[68.5993,23.80514],[68.5993,23.80569],[68.59959,23.80569],[68.59959,23.80625],[68.59986,23.80625],[68.59986,23.80653],[68.60013,23.80653],[68.60013,23.80708],[68.60042,23.80708],[68.60042,23.80764],[68.60069,23.80764],[68.60069,23.80792],[68.60098,23.80792],[68.60098,23.8082],[68.60152,23.80819],[68.60152,23.80847],[68.60181,23.80846],[68.60181,23.80875],[68.60209,23.80875],[68.60209,23.80903],[68.60291,23.80903],[68.60291,23.80931],[68.60403,23.8093],[68.60403,23.80959],[68.60514,23.80959]]],[[[68.52375,23.40514],[68.52375,23.40458],[68.52348,23.40458],[68.52348,23.40403],[68.52458,23.40403],[68.52458,23.40347],[68.52431,23.40347],[68.52431,23.40319],[68.52403,23.40319],[68.52403,23.40236],[68.52375,23.40236],[68.52375,23.40097],[68.52403,23.40097],[68.52403,23.40069],[68.52541,23.40069],[68.52541,23.40014],[68.5257,23.40014],[68.5257,23.3993],[68.52514,23.39931],[68.52514,23.39958],[68.52431,23.39958],[68.52431,23.39903],[68.52458,23.39903],[68.52458,23.39875],[68.52597,23.39875],[68.52597,23.39903],[68.52736,23.39903],[68.52736,23.39792],[68.52653,23.39792],[68.52653,23.39764],[68.52625,23.39764],[68.52625,23.39736],[68.52653,23.39736],[68.52653,23.39708],[68.5268,23.39708],[68.5268,23.39681],[68.52708,23.39681],[68.52708,23.39625],[68.52653,23.39624],[68.52653,23.39653],[68.52625,23.39653],[68.52625,23.39681],[68.52597,23.39681],[68.52597,23.39708],[68.52514,23.39708],[68.52514,23.39612],[68.52514,23.39542],[68.52541,23.39542],[68.52541,23.39486],[68.5257,23.39486],[68.5257,23.39458],[68.52597,23.39458],[68.52597,23.39403],[68.5257,23.39403],[68.5257,23.3932],[68.52597,23.3932],[68.52597,23.39264],[68.52625,23.39264],[68.52625,23.39236],[68.52653,23.39236],[68.52653,23.39208],[68.52708,23.39208],[68.52708,23.39069],[68.52736,23.39069],[68.52736,23.38986],[68.52708,23.38986],[68.52708,23.3882],[68.52736,23.3882],[68.52736,23.38792],[68.52764,23.38792],[68.52764,23.38764],[68.52792,23.38764],[68.52792,23.38681],[68.52736,23.3868],[68.52736,23.38625],[68.52681,23.38625],[68.52681,23.38653],[68.52625,23.38653],[68.52625,23.3868],[68.52597,23.38681],[68.52597,23.38736],[68.52541,23.38736],[68.52541,23.38764],[68.52514,23.38764],[68.52514,23.38792],[68.52458,23.38792],[68.52458,23.3882],[68.52431,23.3882],[68.52431,23.38847],[68.52403,23.38847],[68.52404,23.38875],[68.52375,23.38875],[68.52375,23.38931],[68.52348,23.38931],[68.52348,23.38958],[68.52319,23.38958],[68.52319,23.39014],[68.52292,23.39014],[68.52292,23.39042],[68.52264,23.39042],[68.52264,23.39097],[68.52236,23.39097],[68.52236,23.39125],[68.52209,23.39125],[68.52209,23.39181],[68.5218,23.39181],[68.5218,23.39208],[68.52153,23.39208],[68.52153,23.39264],[68.52125,23.39264],[68.52125,23.39292],[68.52097,23.39292],[68.52097,23.39347],[68.52068,23.39347],[68.52068,23.39403],[68.52042,23.39403],[68.52042,23.39542],[68.52014,23.39542],[68.52014,23.39882],[68.52014,23.39931],[68.52042,23.3993],[68.52042,23.40042],[68.52069,23.40042],[68.52069,23.40097],[68.52097,23.40097],[68.52097,23.40125],[68.52125,23.40125],[68.52125,23.40153],[68.52153,23.40153],[68.52153,23.40181],[68.52209,23.40181],[68.52209,23.40208],[68.52236,23.40208],[68.52236,23.40236],[68.52292,23.40236],[68.52292,23.40319],[68.52264,23.40319],[68.52264,23.40375],[68.52292,23.40375],[68.52292,23.40458],[68.52319,23.40458],[68.52319,23.40514],[68.52375,23.40514]]],[[[68.60902,23.23125],[68.60902,23.23097],[68.60958,23.23097],[68.60958,23.23069],[68.60986,23.2307],[68.60986,23.23042],[68.61014,23.23042],[68.61014,23.22986],[68.61042,23.22986],[68.61042,23.22958],[68.61069,23.22958],[68.61069,23.22931],[68.61097,23.22931],[68.61097,23.22875],[68.61126,23.22875],[68.61125,23.2282],[68.61153,23.2282],[68.61153,23.22763],[68.61181,23.22764],[68.61181,23.22681],[68.61208,23.22681],[68.61208,23.2257],[68.61236,23.2257],[68.61236,23.22458],[68.61264,23.22458],[68.61264,23.22403],[68.61292,23.22403],[68.61292,23.22347],[68.6132,23.22347],[68.6132,23.22264],[68.61347,23.22264],[68.61347,23.22208],[68.61375,23.22209],[68.61375,23.22181],[68.61347,23.22182],[68.61347,23.22153],[68.61292,23.22153],[68.61292,23.22125],[68.61236,23.22125],[68.61236,23.22153],[68.61208,23.22153],[68.61208,23.22209],[68.61181,23.22209],[68.61181,23.22181],[68.61014,23.22181],[68.61014,23.22209],[68.60986,23.22208],[68.60986,23.22236],[68.60847,23.22236],[68.60847,23.22344],[68.60847,23.22403],[68.60819,23.22403],[68.60819,23.22329],[68.60819,23.2232],[68.60802,23.2232],[68.60792,23.2232],[68.60792,23.22264],[68.60764,23.22264],[68.60764,23.22236],[68.60644,23.22236],[68.60597,23.22236],[68.60597,23.22264],[68.6057,23.22264],[68.6057,23.22292],[68.60542,23.22292],[68.60542,23.2232],[68.60514,23.2232],[68.60514,23.22347],[68.60486,23.22347],[68.60486,23.22375],[68.60458,23.22375],[68.60458,23.22458],[68.60431,23.22457],[68.60431,23.22486],[68.60403,23.22486],[68.60403,23.22514],[68.60375,23.22514],[68.60375,23.2257],[68.60347,23.2257],[68.60347,23.22681],[68.6032,23.22681],[68.6032,23.22847],[68.60347,23.22847],[68.60347,23.22903],[68.60375,23.22903],[68.60375,23.22986],[68.60403,23.22986],[68.60403,23.2307],[68.6057,23.23069],[68.6057,23.23097],[68.60653,23.23097],[68.60653,23.23125],[68.60902,23.23125]]],[[[68.5332,23.87375],[68.53319,23.87264],[68.53347,23.87264],[68.53347,23.87236],[68.53375,23.87236],[68.53375,23.87208],[68.53403,23.87208],[68.53403,23.87181],[68.5343,23.87181],[68.53431,23.87014],[68.53458,23.87014],[68.53458,23.8657],[68.53486,23.8657],[68.53486,23.86486],[68.53291,23.86486],[68.53291,23.86403],[68.53264,23.86403],[68.53264,23.86319],[68.53208,23.86319],[68.53208,23.86292],[68.53152,23.86293],[68.53152,23.86264],[68.53125,23.86264],[68.53125,23.86236],[68.53069,23.86236],[68.53069,23.86208],[68.53014,23.86208],[68.53014,23.8618],[68.52959,23.86181],[68.52959,23.86153],[68.52903,23.86153],[68.52903,23.86125],[68.52875,23.86125],[68.52875,23.86097],[68.52847,23.86097],[68.52847,23.86042],[68.5282,23.86042],[68.5282,23.86014],[68.52792,23.86014],[68.52792,23.85986],[68.52764,23.85986],[68.52764,23.85958],[68.52736,23.85958],[68.52736,23.85931],[68.5257,23.85931],[68.5257,23.85875],[68.52541,23.85875],[68.52541,23.85847],[68.52403,23.85847],[68.52403,23.85958],[68.52431,23.85957],[68.52431,23.86014],[68.52458,23.86014],[68.52458,23.86042],[68.52486,23.86042],[68.52486,23.86069],[68.52514,23.86069],[68.52514,23.86125],[68.52541,23.86125],[68.52541,23.86153],[68.5257,23.86153],[68.5257,23.86181],[68.52597,23.8618],[68.52597,23.86236],[68.52625,23.86236],[68.52625,23.86264],[68.52653,23.86264],[68.52653,23.86293],[68.5268,23.86292],[68.5268,23.86347],[68.52708,23.86347],[68.52708,23.86375],[68.52736,23.86375],[68.52736,23.86403],[68.52764,23.86403],[68.52764,23.86459],[68.52792,23.86458],[68.52792,23.86514],[68.52819,23.86514],[68.5282,23.8657],[68.52847,23.8657],[68.52847,23.86597],[68.52875,23.86597],[68.52875,23.86681],[68.52903,23.86681],[68.52903,23.86708],[68.5293,23.86708],[68.5293,23.8682],[68.52959,23.86819],[68.52959,23.86903],[68.52986,23.86903],[68.52986,23.86958],[68.53014,23.86958],[68.53014,23.87014],[68.53042,23.87014],[68.53042,23.87097],[68.53069,23.87097],[68.53069,23.87125],[68.53098,23.87125],[68.53098,23.87153],[68.53125,23.87153],[68.53125,23.87181],[68.53152,23.8718],[68.53152,23.87236],[68.53181,23.87236],[68.53181,23.87292],[68.53208,23.87292],[68.53208,23.87319],[68.53236,23.87319],[68.53236,23.87347],[68.53264,23.87347],[68.53264,23.87375],[68.5332,23.87375]]],[[[68.24931,23.58986],[68.25403,23.58986],[68.25403,23.59014],[68.25514,23.59014],[68.25514,23.58986],[68.25542,23.58986],[68.25542,23.58903],[68.25569,23.58903],[68.25569,23.58792],[68.25596,23.58792],[68.25596,23.58764],[68.25625,23.58764],[68.25625,23.58699],[68.25625,23.58625],[68.25596,23.58625],[68.25596,23.58542],[68.25681,23.58542],[68.25681,23.5857],[68.25792,23.5857],[68.25792,23.58514],[68.25764,23.58514],[68.25764,23.58486],[68.25736,23.58486],[68.25736,23.58431],[68.25708,23.58431],[68.25708,23.58403],[68.25569,23.58403],[68.25569,23.58431],[68.25486,23.58431],[68.25486,23.58375],[68.25514,23.58375],[68.25514,23.58291],[68.2543,23.58292],[68.2543,23.58264],[68.25403,23.58264],[68.25403,23.58236],[68.25347,23.58236],[68.25347,23.58208],[68.25236,23.58208],[68.25236,23.58236],[68.25181,23.58236],[68.25181,23.58264],[68.25153,23.58264],[68.25153,23.58292],[68.24986,23.58292],[68.24986,23.5832],[68.24958,23.58319],[68.24958,23.58375],[68.24986,23.58375],[68.24986,23.58403],[68.25014,23.58403],[68.25014,23.58431],[68.25042,23.58431],[68.25042,23.58458],[68.25069,23.58458],[68.25069,23.58542],[68.25097,23.58542],[68.25097,23.58653],[68.25125,23.58653],[68.25125,23.58681],[68.25069,23.58681],[68.25069,23.58736],[68.24847,23.58736],[68.24847,23.58708],[68.24486,23.58708],[68.24486,23.58764],[68.24514,23.58764],[68.24514,23.58875],[68.24597,23.58875],[68.24597,23.58903],[68.24736,23.58903],[68.24736,23.58847],[68.24764,23.58847],[68.24764,23.58903],[68.24792,23.58903],[68.24792,23.58944],[68.24792,23.58958],[68.24931,23.58958],[68.24931,23.58986]]],[[[70.45903,23.05764],[70.45903,23.05708],[70.4593,23.05708],[70.4593,23.05653],[70.45903,23.05653],[70.45903,23.05626],[70.4593,23.05626],[70.4593,23.05597],[70.46014,23.05597],[70.46014,23.05559],[70.46014,23.05542],[70.46042,23.05542],[70.46042,23.05514],[70.46014,23.05514],[70.46014,23.05486],[70.45986,23.05486],[70.45986,23.05458],[70.45959,23.05458],[70.45959,23.05431],[70.4593,23.05431],[70.4593,23.05403],[70.45903,23.05403],[70.45903,23.05375],[70.45875,23.05375],[70.45875,23.05319],[70.45847,23.05319],[70.45847,23.05292],[70.45819,23.05292],[70.45819,23.05264],[70.45792,23.05264],[70.45792,23.05236],[70.45764,23.05236],[70.45764,23.05208],[70.45708,23.05208],[70.45708,23.05181],[70.4568,23.05181],[70.4568,23.05153],[70.45625,23.05153],[70.45625,23.05097],[70.45653,23.05097],[70.45653,23.05125],[70.45708,23.05125],[70.45708,23.05153],[70.45736,23.05153],[70.45736,23.05181],[70.45764,23.05181],[70.45764,23.05069],[70.45736,23.05069],[70.45736,23.05014],[70.45708,23.05014],[70.45708,23.04986],[70.4568,23.04986],[70.4568,23.04958],[70.45653,23.04958],[70.45653,23.04931],[70.45625,23.04931],[70.45625,23.04903],[70.45597,23.04903],[70.45597,23.04875],[70.4557,23.04875],[70.4557,23.04847],[70.45541,23.04847],[70.45541,23.0482],[70.45486,23.0482],[70.45486,23.04792],[70.45458,23.04792],[70.45458,23.04764],[70.45403,23.04764],[70.45403,23.04736],[70.45375,23.04736],[70.45375,23.04708],[70.45348,23.04709],[70.45348,23.04681],[70.45292,23.04681],[70.45292,23.04653],[70.45264,23.04653],[70.45264,23.04625],[70.45236,23.04625],[70.45236,23.04597],[70.45208,23.04597],[70.45208,23.04569],[70.4518,23.04569],[70.4518,23.04542],[70.45153,23.04542],[70.45153,23.04514],[70.45125,23.04514],[70.45125,23.04486],[70.45097,23.04486],[70.45097,23.04458],[70.45069,23.04458],[70.45069,23.04403],[70.45042,23.04403],[70.45042,23.04347],[70.45014,23.04347],[70.45014,23.04319],[70.44959,23.04319],[70.44959,23.04375],[70.44986,23.04375],[70.44986,23.04486],[70.45015,23.04486],[70.45015,23.04542],[70.45042,23.04542],[70.45042,23.04597],[70.45069,23.04597],[70.45069,23.04653],[70.45097,23.04653],[70.45097,23.04681],[70.45153,23.04681],[70.45153,23.04709],[70.45181,23.04709],[70.45181,23.04764],[70.45153,23.04764],[70.45153,23.04792],[70.45208,23.04792],[70.45208,23.0482],[70.45236,23.04819],[70.45236,23.04903],[70.45208,23.04903],[70.45208,23.04931],[70.45153,23.04931],[70.45153,23.04903],[70.45097,23.04903],[70.45097,23.04931],[70.45125,23.04931],[70.45125,23.04958],[70.45153,23.04958],[70.45153,23.04986],[70.45208,23.04986],[70.45208,23.05014],[70.45236,23.05014],[70.45236,23.05069],[70.45264,23.0507],[70.45264,23.05153],[70.45319,23.05153],[70.45319,23.05181],[70.45348,23.05181],[70.45348,23.05208],[70.45375,23.05208],[70.45375,23.05236],[70.45403,23.05236],[70.45403,23.05264],[70.45431,23.05264],[70.45431,23.05292],[70.45458,23.05292],[70.45458,23.05319],[70.45486,23.05319],[70.45486,23.05347],[70.45514,23.05347],[70.45514,23.05375],[70.45541,23.05375],[70.45541,23.05391],[70.45541,23.05403],[70.45581,23.05404],[70.45597,23.05405],[70.45597,23.05431],[70.45653,23.05431],[70.45653,23.05458],[70.4568,23.05458],[70.4568,23.05486],[70.45736,23.05486],[70.45736,23.05514],[70.45653,23.05514],[70.45653,23.05486],[70.45541,23.05486],[70.45541,23.05514],[70.45486,23.05514],[70.45486,23.05486],[70.45458,23.05486],[70.45458,23.05458],[70.45431,23.05458],[70.45431,23.05431],[70.45375,23.05431],[70.45375,23.05403],[70.45319,23.05403],[70.45319,23.05375],[70.45292,23.05375],[70.45292,23.05347],[70.45236,23.05347],[70.45236,23.05319],[70.45208,23.05319],[70.45208,23.05292],[70.45181,23.05292],[70.45181,23.05264],[70.45042,23.05264],[70.45042,23.05236],[70.44959,23.05236],[70.44959,23.05264],[70.44986,23.05264],[70.44986,23.05292],[70.45042,23.05292],[70.45042,23.05319],[70.45069,23.05319],[70.45069,23.05347],[70.45097,23.05347],[70.45097,23.05375],[70.45125,23.05375],[70.45125,23.05403],[70.45153,23.05403],[70.45153,23.05431],[70.4518,23.05431],[70.4518,23.05458],[70.45236,23.05458],[70.45236,23.05486],[70.45264,23.05486],[70.45264,23.05514],[70.45292,23.05514],[70.45292,23.05542],[70.45375,23.05542],[70.45375,23.05569],[70.45431,23.05569],[70.45431,23.05597],[70.45458,23.05597],[70.45458,23.05626],[70.45514,23.05626],[70.45514,23.05653],[70.45541,23.05653],[70.45541,23.0568],[70.4568,23.0568],[70.4568,23.05708],[70.45792,23.05708],[70.45792,23.05736],[70.45819,23.05736],[70.45819,23.05764],[70.45903,23.05764]]],[[[68.47791,23.72236],[68.47791,23.72208],[68.47903,23.72208],[68.47903,23.72181],[68.48042,23.72181],[68.48042,23.72153],[68.4807,23.72153],[68.4807,23.72124],[68.48153,23.72125],[68.48153,23.72097],[68.48236,23.72097],[68.48236,23.72042],[68.48208,23.72042],[68.48208,23.71986],[68.4818,23.71986],[68.4818,23.71958],[68.48153,23.71958],[68.48153,23.71931],[68.48097,23.71931],[68.48097,23.71903],[68.4807,23.71903],[68.4807,23.71875],[68.48014,23.71875],[68.48014,23.71847],[68.47986,23.71847],[68.47986,23.71792],[68.47958,23.71792],[68.47958,23.71764],[68.47931,23.71764],[68.47931,23.71748],[68.47931,23.71736],[68.47847,23.71736],[68.47847,23.71708],[68.47764,23.71708],[68.47764,23.71681],[68.47708,23.71681],[68.47708,23.71653],[68.47681,23.71653],[68.47681,23.71625],[68.47625,23.71625],[68.47625,23.71597],[68.47569,23.71597],[68.47569,23.7157],[68.47542,23.7157],[68.47542,23.71542],[68.47486,23.71543],[68.47486,23.71514],[68.47459,23.71514],[68.47459,23.71486],[68.47375,23.71486],[68.47375,23.71458],[68.47264,23.71458],[68.47264,23.71486],[68.47236,23.71486],[68.47236,23.71543],[68.47208,23.71542],[68.47208,23.7157],[68.4718,23.7157],[68.4718,23.71597],[68.47153,23.71597],[68.47153,23.71625],[68.47125,23.71625],[68.47125,23.71653],[68.47153,23.71653],[68.47153,23.7168],[68.47153,23.71708],[68.4718,23.71708],[68.4718,23.71736],[68.47208,23.71736],[68.47208,23.71792],[68.47236,23.71792],[68.47236,23.71847],[68.47264,23.71847],[68.47264,23.71903],[68.47292,23.71903],[68.47292,23.71986],[68.4732,23.71986],[68.4732,23.72042],[68.47347,23.72042],[68.47347,23.72097],[68.47375,23.72097],[68.47375,23.72125],[68.47403,23.72124],[68.47403,23.72153],[68.47486,23.72153],[68.47486,23.72181],[68.47569,23.72181],[68.47569,23.72208],[68.47708,23.72208],[68.47708,23.72236],[68.47791,23.72236]]],[[[68.49903,23.47597],[68.49903,23.47542],[68.49931,23.47542],[68.49931,23.47403],[68.49958,23.47403],[68.49958,23.47319],[68.49903,23.47319],[68.49903,23.47292],[68.49819,23.47292],[68.49819,23.47264],[68.49847,23.47264],[68.49847,23.46931],[68.49875,23.46931],[68.49875,23.46875],[68.49903,23.46875],[68.49903,23.46792],[68.49931,23.46792],[68.49931,23.46736],[68.49958,23.46736],[68.49958,23.46681],[68.49987,23.46681],[68.49987,23.46653],[68.50042,23.46653],[68.50042,23.46625],[68.50125,23.46625],[68.50125,23.46542],[68.49987,23.46542],[68.49987,23.46486],[68.49958,23.46486],[68.49958,23.46375],[68.50014,23.46375],[68.50014,23.46347],[68.50125,23.46347],[68.50125,23.46292],[68.50097,23.46292],[68.50097,23.46235],[68.50125,23.46236],[68.50125,23.4618],[68.50153,23.46181],[68.50153,23.46125],[68.50181,23.46125],[68.50181,23.46042],[68.50208,23.46042],[68.50208,23.45819],[68.50236,23.45819],[68.50236,23.45764],[68.50208,23.45764],[68.50208,23.45708],[68.50181,23.45708],[68.50181,23.45681],[68.50153,23.45681],[68.50153,23.45625],[68.50125,23.45625],[68.50125,23.45597],[68.50097,23.45597],[68.50097,23.45569],[68.50069,23.45569],[68.50069,23.45542],[68.50014,23.45542],[68.50014,23.45514],[68.49987,23.45514],[68.49987,23.45654],[68.49958,23.45654],[68.49958,23.45792],[68.49903,23.45792],[68.49903,23.45986],[68.49987,23.45986],[68.49987,23.46042],[68.49931,23.46042],[68.49931,23.4607],[68.49903,23.4607],[68.49903,23.46181],[68.49931,23.4618],[68.49931,23.46236],[68.49847,23.46235],[68.49847,23.46292],[68.49819,23.46292],[68.49819,23.46486],[68.49847,23.46486],[68.49847,23.46514],[68.49875,23.46514],[68.49875,23.46542],[68.49847,23.46542],[68.49847,23.46653],[68.49819,23.46653],[68.49819,23.46764],[68.49792,23.46764],[68.49792,23.46875],[68.49764,23.46875],[68.49764,23.46986],[68.49736,23.46986],[68.49736,23.47069],[68.49709,23.47069],[68.49709,23.47097],[68.4968,23.47097],[68.4968,23.47125],[68.49653,23.47125],[68.49653,23.47153],[68.49624,23.47153],[68.49624,23.47208],[68.49597,23.47208],[68.49597,23.47292],[68.4957,23.47292],[68.4957,23.47347],[68.49541,23.47347],[68.49541,23.47403],[68.49514,23.47403],[68.49514,23.47542],[68.4957,23.47542],[68.4957,23.4757],[68.49597,23.4757],[68.49597,23.47597],[68.49903,23.47597]]],[[[68.63486,23.31375],[68.63486,23.31347],[68.63541,23.31347],[68.63541,23.31319],[68.6357,23.31319],[68.6357,23.31292],[68.63625,23.31292],[68.63625,23.31264],[68.63653,23.31264],[68.63653,23.31208],[68.6368,23.31208],[68.6368,23.31176],[68.6368,23.31153],[68.63764,23.31153],[68.63764,23.31208],[68.63778,23.31208],[68.63958,23.31208],[68.63958,23.31181],[68.63986,23.31181],[68.63986,23.31153],[68.64069,23.31153],[68.64069,23.31271],[68.64069,23.31319],[68.64181,23.31319],[68.64181,23.31347],[68.64208,23.31347],[68.64208,23.31403],[68.64264,23.31403],[68.64264,23.31375],[68.64291,23.31375],[68.64291,23.31347],[68.64347,23.31347],[68.64347,23.31303],[68.64347,23.31264],[68.64375,23.31264],[68.64375,23.31208],[68.64403,23.31208],[68.64403,23.31153],[68.6443,23.31153],[68.6443,23.31115],[68.6443,23.31097],[68.64458,23.31097],[68.64458,23.31042],[68.64486,23.31042],[68.64486,23.31014],[68.64514,23.31014],[68.64514,23.30958],[68.64542,23.30958],[68.64542,23.30903],[68.64569,23.30904],[68.64569,23.30847],[68.64597,23.30847],[68.64597,23.30792],[68.64625,23.30792],[68.64625,23.30736],[68.64569,23.30736],[68.64569,23.30764],[68.64542,23.30764],[68.64542,23.30792],[68.64514,23.30792],[68.64514,23.3082],[68.64458,23.3082],[68.64458,23.30847],[68.6443,23.30847],[68.6443,23.30875],[68.64347,23.30875],[68.64347,23.30904],[68.64191,23.30904],[68.64153,23.30904],[68.64153,23.30931],[68.64097,23.30931],[68.64097,23.30958],[68.64042,23.30958],[68.64042,23.30986],[68.64014,23.30986],[68.64014,23.31014],[68.63958,23.31014],[68.63958,23.31042],[68.63875,23.31042],[68.63875,23.31014],[68.6382,23.31014],[68.6382,23.31042],[68.63792,23.31042],[68.63792,23.31069],[68.63736,23.31069],[68.63736,23.31014],[68.63764,23.31014],[68.63764,23.30958],[68.63792,23.30958],[68.63792,23.30875],[68.63764,23.30875],[68.63764,23.3082],[68.63736,23.3082],[68.63736,23.30792],[68.63708,23.30792],[68.63708,23.30736],[68.6368,23.30736],[68.6368,23.30708],[68.63653,23.30708],[68.63653,23.30681],[68.63625,23.30681],[68.63625,23.30708],[68.6357,23.30708],[68.6357,23.30736],[68.63541,23.30736],[68.63541,23.30764],[68.63347,23.30764],[68.63347,23.30792],[68.63319,23.30792],[68.63319,23.30904],[68.63292,23.30903],[68.63292,23.30938],[68.63292,23.30958],[68.63264,23.30958],[68.63264,23.31014],[68.63236,23.31014],[68.63236,23.31042],[68.63208,23.31042],[68.63208,23.31097],[68.63236,23.31097],[68.63236,23.31069],[68.63375,23.31069],[68.63375,23.31097],[68.63403,23.31097],[68.63403,23.31153],[68.63375,23.31153],[68.63375,23.31208],[68.63347,23.31208],[68.63347,23.31264],[68.63375,23.31264],[68.63375,23.31319],[68.63403,23.31319],[68.63403,23.31347],[68.63431,23.31347],[68.63431,23.31375],[68.63486,23.31375]]],[[[68.41458,23.40986],[68.41458,23.40958],[68.41486,23.40959],[68.41486,23.40931],[68.41514,23.40931],[68.41514,23.40903],[68.41542,23.40903],[68.41542,23.40875],[68.41597,23.40875],[68.41597,23.40847],[68.41625,23.40847],[68.41625,23.4082],[68.41653,23.4082],[68.41653,23.40792],[68.41681,23.40792],[68.41681,23.40764],[68.41707,23.40764],[68.41707,23.40708],[68.41736,23.40709],[68.41736,23.40689],[68.41736,23.40689],[68.41736,23.40653],[68.41764,23.40653],[68.41764,23.4057],[68.41792,23.4057],[68.41792,23.40543],[68.41846,23.40543],[68.41846,23.4057],[68.41875,23.40569],[68.41875,23.40597],[68.41846,23.40597],[68.41846,23.4065],[68.41846,23.4065],[68.41846,23.40681],[68.4193,23.4068],[68.4193,23.40709],[68.41959,23.40709],[68.41959,23.4068],[68.42014,23.40681],[68.42014,23.40653],[68.41986,23.40653],[68.41986,23.40625],[68.41986,23.40625],[68.41986,23.40597],[68.4193,23.40597],[68.4193,23.40569],[68.41903,23.4057],[68.41903,23.40486],[68.4193,23.40486],[68.4193,23.40431],[68.41959,23.40431],[68.41959,23.40375],[68.4193,23.40375],[68.4193,23.40319],[68.41903,23.40319],[68.41903,23.40292],[68.41959,23.40292],[68.41959,23.40264],[68.42014,23.40264],[68.42014,23.40236],[68.42042,23.40236],[68.42042,23.40181],[68.42069,23.40181],[68.42069,23.40153],[68.42097,23.40153],[68.42097,23.40125],[68.42152,23.40125],[68.42152,23.40153],[68.42181,23.40153],[68.42181,23.40208],[68.42208,23.40208],[68.42208,23.40236],[68.42181,23.40236],[68.42181,23.40264],[68.42152,23.40264],[68.42152,23.40292],[68.42125,23.40292],[68.42125,23.40403],[68.42097,23.40403],[68.42097,23.40486],[68.42125,23.40486],[68.42125,23.40514],[68.42236,23.40514],[68.42236,23.40458],[68.42264,23.40458],[68.42264,23.40431],[68.42292,23.40431],[68.42292,23.40403],[68.42319,23.40403],[68.42319,23.40347],[68.42347,23.40347],[68.42347,23.40319],[68.42375,23.40319],[68.42375,23.40292],[68.42403,23.40292],[68.42403,23.40153],[68.42375,23.40153],[68.42375,23.40125],[68.42347,23.40125],[68.42347,23.40069],[68.42236,23.40069],[68.42236,23.40014],[68.42208,23.40014],[68.42208,23.40042],[68.42097,23.40042],[68.42097,23.40069],[68.41959,23.40069],[68.41959,23.40042],[68.41875,23.40042],[68.41875,23.40069],[68.4182,23.40069],[68.4182,23.40097],[68.41764,23.40097],[68.41764,23.40125],[68.41681,23.40125],[68.41681,23.40208],[68.41597,23.40208],[68.41597,23.40236],[68.41541,23.40236],[68.41542,23.40264],[68.41514,23.40264],[68.41514,23.40292],[68.41458,23.40292],[68.41458,23.40319],[68.41375,23.40319],[68.41375,23.40347],[68.41347,23.40347],[68.41348,23.40375],[68.41319,23.40375],[68.41319,23.40486],[68.41292,23.40486],[68.41292,23.40514],[68.41431,23.40514],[68.41431,23.40458],[68.41458,23.40458],[68.41458,23.40431],[68.41485,23.40431],[68.41485,23.40403],[68.41542,23.40403],[68.41542,23.40431],[68.4157,23.40431],[68.4157,23.40486],[68.41542,23.40486],[68.41542,23.40543],[68.41514,23.40543],[68.41514,23.4057],[68.41485,23.4057],[68.41485,23.40625],[68.41458,23.40625],[68.41458,23.40653],[68.41431,23.40653],[68.41431,23.40625],[68.41319,23.40625],[68.41319,23.40653],[68.41348,23.40653],[68.41348,23.40764],[68.41319,23.40764],[68.41319,23.40855],[68.41319,23.40855],[68.41319,23.40959],[68.41347,23.40959],[68.41347,23.40986],[68.41458,23.40986]]],[[[68.48208,23.60642],[68.48208,23.60625],[68.48228,23.60625],[68.48292,23.60625],[68.48292,23.60597],[68.48347,23.60597],[68.48347,23.60569],[68.48375,23.60569],[68.48375,23.60542],[68.48402,23.60542],[68.48402,23.60514],[68.48431,23.60514],[68.48431,23.60486],[68.48458,23.60486],[68.48458,23.60458],[68.48486,23.60458],[68.48486,23.60431],[68.485,23.60431],[68.48542,23.60431],[68.48542,23.60406],[68.48653,23.60404],[68.48653,23.60349],[68.48653,23.6032],[68.48597,23.6032],[68.48597,23.60264],[68.48569,23.60264],[68.48569,23.60236],[68.48542,23.60236],[68.48542,23.60208],[68.48486,23.60208],[68.48486,23.60181],[68.48458,23.60181],[68.48458,23.60153],[68.48431,23.60153],[68.48431,23.60125],[68.48402,23.60125],[68.48402,23.60098],[68.48375,23.60098],[68.48375,23.60069],[68.48347,23.6007],[68.48347,23.60042],[68.48319,23.60042],[68.48319,23.59986],[68.48292,23.59986],[68.48292,23.59931],[68.48264,23.59931],[68.48264,23.59875],[68.48208,23.59875],[68.48208,23.59847],[68.48153,23.59847],[68.48153,23.5982],[68.48014,23.59819],[68.48014,23.59875],[68.47986,23.59875],[68.47986,23.59931],[68.47958,23.59931],[68.47958,23.59986],[68.47931,23.59986],[68.47931,23.60014],[68.47876,23.60014],[68.47876,23.60264],[68.47903,23.60264],[68.47903,23.60404],[68.47931,23.60404],[68.47931,23.60514],[68.47958,23.60514],[68.47958,23.60569],[68.47986,23.60569],[68.47986,23.60597],[68.48041,23.60597],[68.48041,23.60625],[68.48097,23.60625],[68.48097,23.60653],[68.48196,23.60653],[68.48208,23.60653],[68.48208,23.60642]]],[[[68.53514,23.38764],[68.53514,23.38707],[68.53486,23.38708],[68.53486,23.38653],[68.53458,23.38653],[68.53458,23.38597],[68.53431,23.38597],[68.5343,23.38542],[68.53403,23.38542],[68.53403,23.38486],[68.53375,23.38486],[68.53375,23.38514],[68.53236,23.38514],[68.53236,23.38458],[68.53208,23.38458],[68.53208,23.38264],[68.53236,23.38264],[68.53236,23.38208],[68.53264,23.38209],[68.53264,23.38153],[68.53291,23.38153],[68.53291,23.38126],[68.53264,23.38126],[68.53264,23.38097],[68.53208,23.38097],[68.53208,23.3807],[68.53236,23.3807],[68.53236,23.38042],[68.53403,23.38042],[68.53403,23.37958],[68.53375,23.37958],[68.53375,23.37875],[68.5343,23.37875],[68.5343,23.37792],[68.53347,23.37792],[68.53347,23.37764],[68.53291,23.37764],[68.53291,23.37708],[68.53264,23.37708],[68.53264,23.37681],[68.53486,23.37681],[68.53486,23.37708],[68.53532,23.37708],[68.53597,23.37708],[68.53597,23.37736],[68.53625,23.37736],[68.53625,23.37764],[68.53653,23.37764],[68.53653,23.37736],[68.5368,23.37736],[68.5368,23.37653],[68.53653,23.37653],[68.53653,23.37625],[68.53514,23.37625],[68.53514,23.37597],[68.53458,23.37597],[68.53458,23.37625],[68.53431,23.37625],[68.5343,23.37597],[68.53403,23.37597],[68.53403,23.37559],[68.53403,23.37486],[68.53375,23.37486],[68.53375,23.37431],[68.53403,23.37431],[68.53403,23.37375],[68.53458,23.37375],[68.53458,23.37431],[68.53486,23.37431],[68.53486,23.37486],[68.53514,23.37486],[68.53514,23.37542],[68.5357,23.37542],[68.5357,23.37486],[68.53653,23.37486],[68.53653,23.37431],[68.5368,23.37431],[68.5368,23.37403],[68.53625,23.37403],[68.53625,23.37375],[68.53653,23.37375],[68.53653,23.37347],[68.5368,23.37347],[68.5368,23.37264],[68.53653,23.37264],[68.53653,23.37236],[68.53625,23.37236],[68.53625,23.37207],[68.53597,23.37208],[68.53597,23.37181],[68.5357,23.37181],[68.5357,23.37153],[68.53542,23.37153],[68.53542,23.37125],[68.5343,23.37125],[68.5343,23.37153],[68.53347,23.37153],[68.53347,23.37181],[68.53291,23.37181],[68.53291,23.37208],[68.5332,23.37207],[68.5332,23.37264],[68.53291,23.37264],[68.53291,23.37297],[68.53291,23.37319],[68.53264,23.37319],[68.53264,23.37375],[68.53236,23.37375],[68.53236,23.37486],[68.53208,23.37486],[68.53208,23.37625],[68.53181,23.37625],[68.53181,23.37847],[68.53152,23.37847],[68.53152,23.38042],[68.53125,23.38042],[68.53125,23.38126],[68.53097,23.38125],[68.53097,23.38209],[68.53069,23.38208],[68.53069,23.38292],[68.53042,23.38292],[68.53042,23.3832],[68.53069,23.38319],[68.53069,23.38486],[68.53125,23.38486],[68.53125,23.38514],[68.53181,23.38514],[68.53181,23.38542],[68.53208,23.38542],[68.53208,23.3857],[68.53264,23.3857],[68.53264,23.38597],[68.53319,23.38597],[68.53319,23.38625],[68.53347,23.38625],[68.53347,23.38653],[68.53375,23.38653],[68.53375,23.38681],[68.53403,23.38681],[68.53403,23.38736],[68.5343,23.38736],[68.5343,23.38764],[68.53514,23.38764]]],[[[68.50125,23.45348],[68.50125,23.45292],[68.50153,23.45292],[68.50153,23.45236],[68.50181,23.45236],[68.50181,23.45125],[68.50208,23.45125],[68.50208,23.45014],[68.50236,23.45014],[68.50236,23.44958],[68.50153,23.44958],[68.50153,23.44903],[68.50125,23.44903],[68.50125,23.44847],[68.50097,23.44847],[68.50097,23.44764],[68.50069,23.44764],[68.50069,23.44653],[68.50042,23.44653],[68.50042,23.44569],[68.50014,23.44569],[68.50014,23.44514],[68.49987,23.44514],[68.49987,23.44458],[68.49903,23.44458],[68.49903,23.44403],[68.49819,23.44403],[68.49819,23.44431],[68.49709,23.44431],[68.49709,23.44403],[68.4968,23.44403],[68.4968,23.44569],[68.49709,23.44569],[68.49709,23.44653],[68.4957,23.44653],[68.4957,23.44764],[68.49597,23.44764],[68.49597,23.44847],[68.49624,23.44847],[68.49624,23.44875],[68.49653,23.44875],[68.49653,23.44903],[68.4968,23.44903],[68.4968,23.44958],[68.49709,23.44958],[68.49709,23.45014],[68.49764,23.45014],[68.49764,23.45042],[68.49819,23.45041],[68.49819,23.4507],[68.49875,23.4507],[68.49875,23.45097],[68.49931,23.45097],[68.49931,23.45125],[68.49987,23.45125],[68.49987,23.45153],[68.50014,23.45153],[68.50014,23.45181],[68.50069,23.45181],[68.50069,23.45208],[68.50097,23.45208],[68.50097,23.45264],[68.50069,23.45264],[68.50069,23.45292],[68.50097,23.45292],[68.50097,23.45348],[68.50125,23.45348]]],[[[68.47514,23.52876],[68.47514,23.52847],[68.47597,23.52847],[68.47597,23.52792],[68.47625,23.52792],[68.47625,23.52764],[68.47542,23.52764],[68.47542,23.52736],[68.47486,23.52736],[68.47486,23.52708],[68.47459,23.52708],[68.47459,23.52681],[68.4743,23.52681],[68.4743,23.52653],[68.47403,23.52653],[68.47403,23.52625],[68.4743,23.52625],[68.4743,23.52597],[68.47403,23.52597],[68.47403,23.52542],[68.4743,23.52542],[68.4743,23.52403],[68.47459,23.52403],[68.47459,23.52208],[68.47375,23.52208],[68.47375,23.52153],[68.47347,23.52153],[68.47347,23.52181],[68.4732,23.52181],[68.4732,23.52208],[68.47264,23.52208],[68.47264,23.52125],[68.47208,23.52125],[68.47208,23.52097],[68.47181,23.52097],[68.4718,23.5207],[68.47153,23.52069],[68.47153,23.52153],[68.47125,23.52153],[68.47125,23.52181],[68.47097,23.52181],[68.47097,23.52208],[68.4707,23.52208],[68.4707,23.52236],[68.46986,23.52236],[68.46986,23.52264],[68.46957,23.52263],[68.46957,23.52292],[68.46931,23.52292],[68.46931,23.5232],[68.46902,23.5232],[68.46902,23.52403],[68.46875,23.52403],[68.46875,23.52458],[68.46958,23.52458],[68.46958,23.52431],[68.46985,23.52431],[68.46985,23.52403],[68.47041,23.52403],[68.47041,23.52458],[68.46986,23.52458],[68.46986,23.52569],[68.47014,23.52569],[68.47014,23.52625],[68.47041,23.52625],[68.47041,23.52681],[68.4707,23.52681],[68.4707,23.52708],[68.4718,23.52708],[68.47181,23.52653],[68.47208,23.52653],[68.47208,23.52625],[68.47264,23.52625],[68.47264,23.52736],[68.47236,23.52736],[68.47236,23.52764],[68.47208,23.52764],[68.47208,23.52792],[68.4718,23.52792],[68.4718,23.52847],[68.47236,23.52847],[68.47236,23.52876],[68.47514,23.52876]]],[[[68.52597,23.9493],[68.52597,23.94847],[68.5257,23.94847],[68.5257,23.9482],[68.52514,23.9482],[68.52514,23.94764],[68.52485,23.94764],[68.52485,23.94736],[68.52458,23.94736],[68.52458,23.94708],[68.52431,23.94708],[68.52431,23.94681],[68.52375,23.94681],[68.52375,23.94625],[68.52348,23.94625],[68.52348,23.94597],[68.52319,23.94597],[68.52319,23.9457],[68.52292,23.9457],[68.52292,23.94542],[68.52153,23.94542],[68.52153,23.94597],[68.52125,23.94597],[68.52125,23.94625],[68.52068,23.94625],[68.52068,23.94653],[68.51986,23.94653],[68.51986,23.94681],[68.51958,23.94681],[68.51958,23.94708],[68.5193,23.94708],[68.5193,23.94736],[68.51875,23.94736],[68.51875,23.94764],[68.51847,23.94764],[68.51847,23.94792],[68.51791,23.94792],[68.51791,23.9482],[68.51764,23.9482],[68.51764,23.94847],[68.51681,23.94847],[68.51681,23.94875],[68.51598,23.94875],[68.51598,23.94903],[68.51542,23.94903],[68.51542,23.94931],[68.51458,23.94931],[68.51458,23.94958],[68.5257,23.94953],[68.5257,23.94931],[68.52597,23.9493]]],[[[68.46792,23.52403],[68.46792,23.5232],[68.46819,23.5232],[68.46819,23.52292],[68.46848,23.52292],[68.46848,23.52263],[68.46875,23.52264],[68.46875,23.52208],[68.46903,23.52208],[68.46903,23.52181],[68.46931,23.52181],[68.46931,23.52153],[68.47041,23.52153],[68.47041,23.52125],[68.4707,23.52125],[68.4707,23.52042],[68.47041,23.52042],[68.47041,23.51875],[68.47014,23.51875],[68.47014,23.51819],[68.46986,23.5182],[68.46986,23.51792],[68.46958,23.51792],[68.46958,23.51847],[68.46931,23.51847],[68.46931,23.51875],[68.46902,23.51875],[68.46902,23.51903],[68.46848,23.51903],[68.46848,23.51875],[68.46819,23.51875],[68.46819,23.51819],[68.46792,23.5182],[68.46792,23.51764],[68.46736,23.51764],[68.46736,23.51847],[68.46763,23.51847],[68.46763,23.51903],[68.46792,23.51903],[68.46792,23.51931],[68.46819,23.51931],[68.46819,23.51958],[68.46847,23.51958],[68.46848,23.51986],[68.46763,23.51986],[68.46763,23.51957],[68.4668,23.51958],[68.4668,23.51931],[68.46653,23.51931],[68.46653,23.51875],[68.46625,23.51875],[68.46625,23.51819],[68.46597,23.5182],[68.46597,23.51625],[68.46514,23.51625],[68.46514,23.51597],[68.46514,23.51542],[68.4643,23.51542],[68.4643,23.5157],[68.46403,23.5157],[68.46403,23.51597],[68.46375,23.51597],[68.46376,23.51625],[68.46347,23.51625],[68.46347,23.51687],[68.46347,23.51764],[68.4632,23.51764],[68.4632,23.51875],[68.46376,23.51875],[68.46376,23.51847],[68.46403,23.51847],[68.46403,23.5182],[68.46458,23.5182],[68.46458,23.51847],[68.46486,23.51847],[68.46486,23.51875],[68.46514,23.51875],[68.46514,23.51958],[68.46542,23.51957],[68.46542,23.52014],[68.46569,23.52014],[68.4657,23.52042],[68.46597,23.52042],[68.46597,23.5207],[68.46625,23.52069],[68.46625,23.52153],[68.46653,23.52153],[68.46653,23.52264],[68.46625,23.52263],[68.46625,23.52292],[68.46653,23.52292],[68.46653,23.52347],[68.46709,23.52347],[68.46709,23.52375],[68.46736,23.52375],[68.46736,23.52403],[68.46792,23.52403]]],[[[68.48681,23.74597],[68.48681,23.74514],[68.48653,23.74514],[68.48653,23.74319],[68.48625,23.7432],[68.48625,23.74125],[68.48597,23.74125],[68.48597,23.74014],[68.48569,23.74014],[68.48569,23.73931],[68.48542,23.73931],[68.48542,23.73875],[68.48514,23.73875],[68.48514,23.73819],[68.48486,23.73819],[68.48486,23.73764],[68.48458,23.73764],[68.48458,23.73736],[68.48431,23.73736],[68.48431,23.73708],[68.48402,23.73708],[68.48402,23.73681],[68.48375,23.73681],[68.48375,23.73653],[68.48347,23.73653],[68.48347,23.73624],[68.48319,23.73625],[68.48319,23.73597],[68.48236,23.73597],[68.48236,23.73625],[68.4818,23.73624],[68.4818,23.73653],[68.48153,23.73653],[68.48153,23.73708],[68.48125,23.73708],[68.48125,23.73764],[68.48153,23.73764],[68.48153,23.73819],[68.4818,23.7382],[68.4818,23.73903],[68.48208,23.73903],[68.48208,23.73958],[68.48236,23.73958],[68.48236,23.74014],[68.48263,23.74014],[68.48263,23.74069],[68.48292,23.74069],[68.48292,23.74125],[68.48319,23.74125],[68.48319,23.74181],[68.48347,23.74181],[68.48347,23.74237],[68.48375,23.74237],[68.48375,23.74264],[68.48402,23.74264],[68.48402,23.7432],[68.48431,23.7432],[68.48431,23.74347],[68.48458,23.74347],[68.48458,23.74403],[68.48486,23.74403],[68.48486,23.74458],[68.48514,23.74458],[68.48514,23.74486],[68.48597,23.74486],[68.48597,23.74514],[68.48625,23.74514],[68.48625,23.7457],[68.48653,23.7457],[68.48653,23.74597],[68.48681,23.74597]]],[[[68.57931,23.38542],[68.57931,23.38514],[68.58014,23.38514],[68.58014,23.38486],[68.5807,23.38486],[68.5807,23.38458],[68.58125,23.38458],[68.58125,23.38431],[68.58153,23.38431],[68.58153,23.38403],[68.5818,23.38403],[68.5818,23.38375],[68.58208,23.38375],[68.58208,23.38347],[68.58236,23.38347],[68.58236,23.3832],[68.58264,23.3832],[68.58264,23.38292],[68.58319,23.38292],[68.58319,23.38264],[68.58347,23.38264],[68.58347,23.38236],[68.58375,23.38236],[68.58375,23.38208],[68.58403,23.38209],[68.58403,23.38153],[68.5843,23.38153],[68.5843,23.38126],[68.58486,23.38126],[68.58486,23.38097],[68.58542,23.38097],[68.58542,23.38042],[68.58598,23.38042],[68.58598,23.38014],[68.58625,23.38014],[68.58625,23.37903],[68.58653,23.37903],[68.58653,23.37875],[68.58681,23.37875],[68.58681,23.37847],[68.58708,23.37847],[68.58708,23.37792],[68.58736,23.37792],[68.58736,23.37625],[68.58709,23.37625],[68.58709,23.37597],[68.58652,23.37597],[68.58652,23.37569],[68.58625,23.37569],[68.58625,23.37597],[68.58569,23.37597],[68.58569,23.37708],[68.58542,23.37708],[68.58542,23.37764],[68.58486,23.37764],[68.58486,23.37792],[68.58459,23.37792],[68.58459,23.3782],[68.5843,23.3782],[68.5843,23.37903],[68.58375,23.37903],[68.58375,23.37875],[68.58319,23.37875],[68.58319,23.3793],[68.58292,23.3793],[68.58292,23.37986],[68.58319,23.37986],[68.58319,23.38014],[68.58375,23.38014],[68.58375,23.38042],[68.58347,23.38042],[68.58347,23.3807],[68.58319,23.3807],[68.58319,23.38097],[68.58292,23.38097],[68.58292,23.38126],[68.58236,23.38126],[68.58236,23.38153],[68.58208,23.38153],[68.58208,23.38181],[68.58125,23.3818],[68.58125,23.38209],[68.5807,23.38208],[68.5807,23.38236],[68.58041,23.38236],[68.58041,23.38264],[68.58014,23.38264],[68.58014,23.38292],[68.57986,23.38292],[68.57986,23.3832],[68.57903,23.3832],[68.57903,23.38347],[68.57848,23.38347],[68.57848,23.38375],[68.57818,23.38375],[68.57818,23.38403],[68.57792,23.38403],[68.57792,23.38514],[68.57818,23.38514],[68.57818,23.38542],[68.57931,23.38542]]],[[[68.62708,23.32181],[68.62708,23.32153],[68.62764,23.32153],[68.62764,23.32125],[68.62847,23.32125],[68.62847,23.32098],[68.62874,23.32098],[68.62874,23.32069],[68.62903,23.32069],[68.62903,23.31986],[68.6293,23.31986],[68.6293,23.31847],[68.62959,23.31847],[68.62959,23.3157],[68.62986,23.3157],[68.62986,23.31375],[68.62903,23.31375],[68.62903,23.31347],[68.62875,23.31347],[68.62875,23.31319],[68.62847,23.31319],[68.62847,23.31292],[68.62874,23.31292],[68.62874,23.31236],[68.62847,23.31236],[68.62847,23.31208],[68.6282,23.31208],[68.6282,23.31181],[68.62791,23.31181],[68.62791,23.31153],[68.62748,23.31153],[68.62736,23.31153],[68.62736,23.31264],[68.62681,23.31264],[68.62681,23.31236],[68.62652,23.31236],[68.62652,23.31208],[68.62569,23.31208],[68.62569,23.31292],[68.62597,23.31292],[68.62597,23.31319],[68.62626,23.31319],[68.62626,23.31375],[68.62652,23.31375],[68.62652,23.31403],[68.62681,23.31403],[68.62681,23.31431],[68.62708,23.31431],[68.62708,23.31486],[68.62736,23.31486],[68.62736,23.31514],[68.62764,23.31514],[68.62764,23.3157],[68.62736,23.31569],[68.62736,23.31625],[68.62708,23.31625],[68.62708,23.31821],[68.62736,23.31821],[68.62736,23.31875],[68.62708,23.31875],[68.62708,23.31931],[68.62681,23.31931],[68.62681,23.31958],[68.62652,23.31958],[68.62652,23.31986],[68.62625,23.31986],[68.62625,23.32125],[68.62652,23.32125],[68.62652,23.32153],[68.62681,23.32153],[68.62681,23.32181],[68.62708,23.32181]]],[[[68.52514,23.34403],[68.52514,23.34375],[68.52903,23.34375],[68.52903,23.34347],[68.52959,23.34347],[68.52959,23.3432],[68.53042,23.3432],[68.53042,23.34292],[68.53098,23.34292],[68.53098,23.34264],[68.53125,23.34264],[68.53125,23.34236],[68.53181,23.34236],[68.53181,23.34208],[68.53208,23.34209],[68.53208,23.34181],[68.53236,23.34181],[68.53236,23.34153],[68.53264,23.34153],[68.53264,23.34097],[68.53236,23.34097],[68.53236,23.34069],[68.53208,23.34069],[68.53208,23.33931],[68.53069,23.33931],[68.53069,23.34014],[68.53042,23.34014],[68.53042,23.34097],[68.5293,23.34097],[68.5293,23.34042],[68.52875,23.34042],[68.52875,23.34069],[68.5282,23.34069],[68.52819,23.34097],[68.52764,23.34097],[68.52764,23.34125],[68.52708,23.34125],[68.52708,23.34153],[68.52597,23.34153],[68.52597,23.34181],[68.52514,23.34181],[68.52514,23.34209],[68.52403,23.34208],[68.52403,23.34236],[68.52319,23.34236],[68.52319,23.34264],[68.52125,23.34264],[68.52125,23.34347],[68.52319,23.34347],[68.52319,23.34375],[68.52375,23.34375],[68.52375,23.34403],[68.52514,23.34403]]],[[[68.63153,23.3518],[68.63153,23.35153],[68.63181,23.35153],[68.63181,23.35096],[68.63208,23.35097],[68.63208,23.34986],[68.63236,23.34986],[68.63236,23.34847],[68.63264,23.34847],[68.63264,23.34792],[68.63292,23.34792],[68.63292,23.34764],[68.63319,23.34764],[68.63319,23.34708],[68.63347,23.34708],[68.63347,23.34681],[68.63431,23.34681],[68.63431,23.34569],[68.63486,23.34569],[68.63486,23.34542],[68.6357,23.34542],[68.6357,23.34375],[68.63541,23.34375],[68.63541,23.34347],[68.63514,23.34347],[68.63514,23.34292],[68.63486,23.34292],[68.63486,23.34264],[68.63431,23.34264],[68.63431,23.34236],[68.63403,23.34236],[68.63403,23.34264],[68.63347,23.34264],[68.63347,23.34292],[68.63292,23.34292],[68.63292,23.34347],[68.63319,23.34347],[68.63319,23.34375],[68.63236,23.34375],[68.63236,23.34431],[68.63069,23.34431],[68.63069,23.34515],[68.63096,23.34515],[68.63096,23.34542],[68.63125,23.34542],[68.63125,23.34569],[68.63153,23.34569],[68.63153,23.34597],[68.63264,23.34597],[68.63264,23.34653],[68.63236,23.34653],[68.63236,23.34681],[68.63181,23.34681],[68.63181,23.34708],[68.63153,23.34708],[68.63153,23.34764],[68.63181,23.34764],[68.63181,23.34847],[68.63096,23.34847],[68.63096,23.34875],[68.63125,23.34875],[68.63125,23.34903],[68.63153,23.34903],[68.63153,23.34931],[68.63125,23.34931],[68.63125,23.34958],[68.63096,23.34958],[68.63096,23.34986],[68.63042,23.34986],[68.63042,23.34958],[68.63014,23.34958],[68.63014,23.34931],[68.62986,23.34931],[68.62986,23.34903],[68.62959,23.34903],[68.62959,23.34875],[68.6293,23.34875],[68.6293,23.34847],[68.62874,23.34847],[68.62874,23.34875],[68.62847,23.34875],[68.62847,23.35097],[68.62986,23.35096],[68.62986,23.35125],[68.63042,23.35125],[68.63042,23.35153],[68.63097,23.35153],[68.63097,23.3518],[68.63153,23.3518]]],[[[68.57403,23.35986],[68.57403,23.35958],[68.5743,23.35958],[68.5743,23.35903],[68.57458,23.35903],[68.57458,23.35792],[68.57403,23.35792],[68.57403,23.35764],[68.57375,23.35764],[68.57375,23.35736],[68.57403,23.35736],[68.57403,23.35709],[68.5743,23.35709],[68.5743,23.35653],[68.57458,23.35653],[68.57458,23.35597],[68.5743,23.35597],[68.5743,23.3557],[68.57458,23.3557],[68.57458,23.35542],[68.57486,23.35542],[68.57486,23.35486],[68.57515,23.35486],[68.57514,23.3543],[68.57542,23.35432],[68.57542,23.35375],[68.57569,23.35375],[68.57569,23.35236],[68.57458,23.35236],[68.57458,23.35264],[68.57347,23.35264],[68.57347,23.35347],[68.5732,23.35347],[68.5732,23.35432],[68.57291,23.35432],[68.57291,23.35486],[68.57264,23.35486],[68.57264,23.35514],[68.57236,23.35514],[68.57236,23.35542],[68.57097,23.35542],[68.57097,23.35653],[68.57069,23.35653],[68.57069,23.35736],[68.57042,23.35736],[68.57042,23.35764],[68.57014,23.35764],[68.57014,23.3582],[68.56986,23.35819],[68.56986,23.35875],[68.56958,23.35875],[68.56958,23.35903],[68.56986,23.35903],[68.56986,23.35958],[68.57042,23.35958],[68.57042,23.35986],[68.57097,23.35986],[68.57097,23.35958],[68.57125,23.35958],[68.57125,23.35931],[68.57153,23.35931],[68.57153,23.35903],[68.57181,23.35903],[68.57181,23.35875],[68.57236,23.35875],[68.57236,23.35958],[68.57264,23.35958],[68.57264,23.36042],[68.57347,23.36042],[68.57347,23.36013],[68.57375,23.36014],[68.57375,23.35986],[68.57403,23.35986]]],[[[68.40791,23.45792],[68.40791,23.45736],[68.4082,23.45736],[68.4082,23.45708],[68.40791,23.45708],[68.40791,23.45681],[68.40764,23.45681],[68.40764,23.45597],[68.40736,23.45597],[68.40736,23.45569],[68.40708,23.45569],[68.40708,23.45514],[68.40681,23.45514],[68.40681,23.45458],[68.40652,23.45458],[68.40652,23.45403],[68.40625,23.45403],[68.40625,23.45319],[68.40652,23.45319],[68.40652,23.45264],[68.40625,23.45264],[68.40625,23.45236],[68.40569,23.45236],[68.40569,23.45208],[68.40542,23.45208],[68.40542,23.45236],[68.40514,23.45236],[68.40514,23.45264],[68.40459,23.45264],[68.40459,23.45236],[68.4043,23.45236],[68.4043,23.45208],[68.40291,23.45208],[68.40291,23.45236],[68.40264,23.45236],[68.40264,23.45264],[68.4025,23.45264],[68.4025,23.45264],[68.40236,23.45264],[68.40236,23.45292],[68.40208,23.45292],[68.40208,23.45319],[68.4018,23.45319],[68.4018,23.45348],[68.40153,23.45348],[68.40153,23.45375],[68.40125,23.45375],[68.40125,23.45514],[68.40208,23.45514],[68.40208,23.45542],[68.40393,23.45542],[68.40393,23.45542],[68.40486,23.45542],[68.40486,23.45569],[68.40514,23.45569],[68.40514,23.45597],[68.40542,23.45597],[68.40542,23.45625],[68.40598,23.45625],[68.40598,23.45654],[68.40625,23.45654],[68.40625,23.45681],[68.40652,23.45681],[68.40652,23.45691],[68.40652,23.45708],[68.40681,23.45708],[68.40681,23.45736],[68.40708,23.45736],[68.40708,23.45764],[68.40736,23.45764],[68.40736,23.45792],[68.40791,23.45792]]],[[[68.48708,23.49514],[68.48708,23.49486],[68.48736,23.49486],[68.48736,23.49458],[68.48764,23.49458],[68.48764,23.49403],[68.48793,23.49403],[68.48793,23.49319],[68.48764,23.4932],[68.48764,23.49236],[68.48847,23.49236],[68.48847,23.49292],[68.48875,23.49292],[68.48875,23.4932],[68.48903,23.4932],[68.48903,23.49347],[68.4893,23.49347],[68.4893,23.49375],[68.48959,23.49375],[68.48959,23.49181],[68.4893,23.49181],[68.4893,23.49097],[68.48903,23.49097],[68.48903,23.49014],[68.48875,23.49014],[68.48875,23.48931],[68.48847,23.48931],[68.48847,23.48819],[68.4882,23.4882],[68.4882,23.48736],[68.48791,23.48736],[68.48791,23.4868],[68.48764,23.48681],[68.48764,23.48652],[68.48708,23.48653],[68.48708,23.48736],[68.48681,23.48736],[68.48681,23.48764],[68.48653,23.48764],[68.48653,23.48847],[68.48625,23.48847],[68.48625,23.48903],[68.48597,23.48903],[68.48597,23.49042],[68.48625,23.49042],[68.48625,23.49097],[68.48653,23.49097],[68.48653,23.49265],[68.48625,23.49264],[68.48625,23.4932],[68.48597,23.49319],[68.48597,23.49403],[68.48625,23.49403],[68.48625,23.49486],[68.48653,23.49486],[68.48653,23.49542],[68.48681,23.49542],[68.48681,23.49514],[68.48708,23.49514]]],[[[68.53625,23.38542],[68.53625,23.38458],[68.53653,23.38458],[68.53653,23.38375],[68.53625,23.38375],[68.53625,23.38319],[68.53597,23.3832],[68.53597,23.38292],[68.53625,23.38292],[68.53625,23.38264],[68.53653,23.38264],[68.53653,23.38236],[68.5378,23.38236],[68.53875,23.38236],[68.53875,23.38264],[68.53902,23.38264],[68.53902,23.38236],[68.53986,23.38236],[68.53986,23.38208],[68.54069,23.38209],[68.54069,23.3818],[68.54153,23.38181],[68.54153,23.38153],[68.54208,23.38153],[68.54208,23.38126],[68.54236,23.38126],[68.54236,23.38097],[68.54291,23.38097],[68.54291,23.38014],[68.54264,23.38014],[68.54264,23.37986],[68.54236,23.37986],[68.54236,23.37958],[68.54208,23.37958],[68.54208,23.3793],[68.54125,23.3793],[68.54125,23.37958],[68.54069,23.37958],[68.54069,23.37986],[68.54014,23.37986],[68.54014,23.38014],[68.53958,23.38014],[68.53958,23.38042],[68.53848,23.38042],[68.53848,23.3807],[68.53792,23.3807],[68.53792,23.38097],[68.53709,23.38097],[68.53709,23.3807],[68.53736,23.3807],[68.53736,23.38042],[68.53764,23.38042],[68.53764,23.38014],[68.53709,23.38014],[68.53709,23.38042],[68.53653,23.38042],[68.53653,23.3807],[68.53618,23.3807],[68.53542,23.3807],[68.53542,23.38126],[68.53625,23.38126],[68.53625,23.38153],[68.53598,23.38153],[68.53598,23.38181],[68.5357,23.3818],[68.5357,23.38209],[68.53541,23.38209],[68.53542,23.38236],[68.53514,23.38236],[68.53514,23.38264],[68.53486,23.38264],[68.53486,23.3832],[68.53458,23.38319],[68.53458,23.38403],[68.53486,23.38403],[68.53486,23.38514],[68.53514,23.38514],[68.53514,23.38542],[68.53625,23.38542]]],[[[68.47347,23.53708],[68.47347,23.53653],[68.47375,23.53653],[68.47375,23.53625],[68.47403,23.53625],[68.47403,23.53597],[68.4743,23.53597],[68.4743,23.53514],[68.47459,23.53514],[68.47459,23.53457],[68.47486,23.53458],[68.47486,23.53431],[68.47514,23.53431],[68.47514,23.53403],[68.47486,23.53403],[68.47486,23.53292],[68.47569,23.53292],[68.47569,23.53319],[68.47625,23.53319],[68.47625,23.53292],[68.47652,23.53292],[68.47652,23.53208],[68.47625,23.53208],[68.47625,23.53181],[68.47599,23.53182],[68.47599,23.53153],[68.4757,23.53153],[68.4757,23.53097],[68.47514,23.53097],[68.47514,23.5307],[68.47486,23.5307],[68.47486,23.53042],[68.4732,23.53042],[68.4732,23.5307],[68.47292,23.5307],[68.47292,23.53097],[68.47208,23.53097],[68.47208,23.53125],[68.47236,23.53125],[68.47236,23.53182],[68.47264,23.53181],[68.47264,23.53236],[68.4732,23.53236],[68.4732,23.53264],[68.47347,23.53264],[68.47347,23.53292],[68.4732,23.53292],[68.4732,23.53319],[68.47208,23.53319],[68.47208,23.53375],[68.4718,23.53375],[68.4718,23.53458],[68.47208,23.53458],[68.47208,23.53569],[68.4718,23.53569],[68.4718,23.53625],[68.47264,23.53625],[68.47264,23.53653],[68.47292,23.53653],[68.47292,23.53708],[68.47347,23.53708]]],[[[70.46958,23.06125],[70.46958,23.06097],[70.47014,23.06097],[70.47014,23.0607],[70.46986,23.0607],[70.46986,23.06042],[70.46931,23.06042],[70.46931,23.06014],[70.46902,23.06014],[70.46902,23.05986],[70.46847,23.05986],[70.46847,23.0593],[70.46819,23.05932],[70.46819,23.05875],[70.4668,23.05875],[70.4668,23.05847],[70.46625,23.05847],[70.46625,23.0582],[70.46597,23.0582],[70.46597,23.05792],[70.46542,23.05792],[70.46542,23.05764],[70.46486,23.05764],[70.46483,23.05737],[70.4643,23.05736],[70.4643,23.05721],[70.4643,23.05708],[70.46388,23.05708],[70.46347,23.05708],[70.46347,23.05696],[70.46347,23.0568],[70.46291,23.0568],[70.46291,23.05653],[70.46236,23.05653],[70.46236,23.05626],[70.46209,23.05626],[70.46209,23.05597],[70.46153,23.05597],[70.46153,23.05569],[70.46098,23.05569],[70.46098,23.05542],[70.46069,23.05542],[70.46069,23.05569],[70.46042,23.05571],[70.46042,23.05626],[70.46014,23.05626],[70.46014,23.05653],[70.46069,23.05653],[70.46069,23.0568],[70.46098,23.0568],[70.46098,23.05764],[70.46125,23.05764],[70.46125,23.05792],[70.46209,23.05792],[70.46209,23.0582],[70.46264,23.0582],[70.46264,23.05847],[70.4632,23.05847],[70.4632,23.05875],[70.46375,23.05875],[70.46375,23.05903],[70.46458,23.05903],[70.46458,23.05932],[70.46514,23.0593],[70.46514,23.05958],[70.46542,23.05958],[70.46542,23.05986],[70.46597,23.05986],[70.46597,23.06014],[70.46653,23.06014],[70.46653,23.06042],[70.46709,23.06042],[70.46709,23.0607],[70.46764,23.0607],[70.46764,23.06097],[70.46819,23.06097],[70.46819,23.06125],[70.46958,23.06125]]],[[[68.39986,23.42847],[68.39986,23.42819],[68.40014,23.42819],[68.40014,23.42792],[68.40042,23.42792],[68.40042,23.42736],[68.40069,23.42736],[68.40069,23.42681],[68.40097,23.42681],[68.40097,23.42542],[68.40125,23.42542],[68.40125,23.42318],[68.40097,23.4232],[68.40097,23.42264],[68.40071,23.42264],[68.40071,23.42208],[68.40005,23.42208],[68.40005,23.42208],[68.39958,23.42208],[68.39958,23.42181],[68.39819,23.42181],[68.39819,23.42236],[68.39792,23.42236],[68.39792,23.4232],[68.39819,23.42318],[68.39819,23.42403],[68.39847,23.42403],[68.39847,23.42486],[68.39875,23.42486],[68.39875,23.42597],[68.39847,23.42597],[68.39847,23.42708],[68.39875,23.42708],[68.39875,23.42764],[68.39902,23.42764],[68.39902,23.42819],[68.39931,23.42819],[68.39931,23.42847],[68.39982,23.42847],[68.39982,23.42847],[68.39986,23.42847]]],[[[68.40042,23.42125],[68.40041,23.42097],[68.40069,23.42097],[68.40069,23.42042],[68.40097,23.42043],[68.40097,23.42014],[68.40125,23.42014],[68.40125,23.41986],[68.4018,23.41986],[68.4018,23.41958],[68.40208,23.41958],[68.40208,23.41931],[68.40236,23.41931],[68.40236,23.41847],[68.40264,23.41847],[68.40264,23.41792],[68.40236,23.41792],[68.40236,23.41737],[68.40214,23.41737],[68.40214,23.41737],[68.40208,23.41737],[68.40208,23.41653],[68.4018,23.41653],[68.4018,23.41597],[68.40041,23.41597],[68.40042,23.41625],[68.40014,23.41625],[68.40014,23.41653],[68.39986,23.41653],[68.39986,23.41708],[68.39958,23.41708],[68.39958,23.41737],[68.39931,23.41737],[68.39931,23.41792],[68.39902,23.41792],[68.39902,23.41847],[68.39875,23.41847],[68.39875,23.41903],[68.39848,23.41903],[68.39848,23.42014],[68.39875,23.42014],[68.39875,23.42043],[68.39902,23.42042],[68.39902,23.42097],[68.39986,23.42097],[68.39986,23.42125],[68.40001,23.42125],[68.40001,23.42125],[68.40042,23.42125]]],[[[68.6993,23.8532],[68.6993,23.85292],[68.70014,23.85292],[68.70014,23.85264],[68.70042,23.85264],[68.70042,23.85236],[68.70069,23.85236],[68.70069,23.85181],[68.70042,23.85181],[68.70042,23.85153],[68.69986,23.85153],[68.69986,23.85125],[68.69958,23.85125],[68.69958,23.85097],[68.6993,23.85097],[68.6993,23.8507],[68.69875,23.8507],[68.69875,23.85042],[68.69848,23.85042],[68.69848,23.85014],[68.69791,23.85014],[68.69791,23.84986],[68.69764,23.84986],[68.69764,23.84958],[68.69708,23.84958],[68.69708,23.84931],[68.69681,23.84931],[68.69681,23.84903],[68.69541,23.84903],[68.69541,23.84931],[68.69486,23.84931],[68.69486,23.85042],[68.69514,23.85042],[68.69514,23.85153],[68.69597,23.85153],[68.69597,23.85181],[68.69625,23.85181],[68.69625,23.85208],[68.69681,23.85208],[68.69681,23.85236],[68.69708,23.85236],[68.69708,23.85264],[68.69764,23.85264],[68.69764,23.85292],[68.69791,23.85292],[68.69791,23.8532],[68.6993,23.8532]]],[[[68.70264,23.85097],[68.70653,23.85097],[68.70653,23.85125],[68.70708,23.85125],[68.70708,23.85097],[68.70875,23.85097],[68.70875,23.8507],[68.7093,23.8507],[68.7093,23.85042],[68.70959,23.85042],[68.70959,23.85014],[68.71014,23.85014],[68.71014,23.84986],[68.71069,23.84986],[68.71069,23.84931],[68.71042,23.84931],[68.71042,23.84875],[68.71014,23.84875],[68.71014,23.84931],[68.70875,23.84931],[68.70875,23.84958],[68.70819,23.84958],[68.70819,23.84931],[68.70735,23.84931],[68.70735,23.84903],[68.70541,23.84903],[68.70541,23.84847],[68.70514,23.84847],[68.70514,23.84875],[68.70486,23.84875],[68.70486,23.84903],[68.70458,23.84903],[68.70458,23.84958],[68.70375,23.84958],[68.70375,23.84986],[68.70319,23.84986],[68.70319,23.85014],[68.70292,23.85014],[68.70292,23.85042],[68.70264,23.85042],[68.70264,23.85097]]],[[[68.63375,23.31597],[68.63375,23.3157],[68.63403,23.3157],[68.63403,23.31403],[68.63375,23.31403],[68.63375,23.31375],[68.63347,23.31375],[68.63347,23.31347],[68.63319,23.31347],[68.63319,23.31319],[68.63292,23.31319],[68.63292,23.31292],[68.63264,23.31292],[68.63264,23.31264],[68.63207,23.31264],[68.63207,23.31236],[68.63181,23.31236],[68.63181,23.31208],[68.63125,23.31208],[68.63125,23.31236],[68.63069,23.31236],[68.63069,23.31292],[68.63042,23.31292],[68.63042,23.31319],[68.63069,23.31319],[68.63069,23.31375],[68.63096,23.31375],[68.63096,23.31431],[68.63125,23.31431],[68.63125,23.3157],[68.63153,23.31569],[68.63153,23.31764],[68.63264,23.31764],[68.63264,23.31708],[68.63292,23.31708],[68.63292,23.31625],[68.63319,23.31625],[68.63319,23.31597],[68.63375,23.31597]]],[[[68.54986,23.41486],[68.54986,23.41375],[68.54957,23.41375],[68.54957,23.41319],[68.54931,23.4132],[68.54931,23.41292],[68.54903,23.41292],[68.54903,23.41236],[68.54875,23.41236],[68.54875,23.41208],[68.54847,23.41208],[68.54847,23.41153],[68.54819,23.41153],[68.54819,23.41097],[68.54792,23.41097],[68.54792,23.41042],[68.54781,23.41042],[68.54764,23.41042],[68.54764,23.41014],[68.54736,23.41014],[68.54736,23.40986],[68.54681,23.40986],[68.54681,23.40959],[68.54652,23.40959],[68.54652,23.40931],[68.54625,23.40931],[68.54625,23.40903],[68.54597,23.40903],[68.54597,23.40875],[68.54542,23.40875],[68.54542,23.40847],[68.54513,23.40847],[68.54513,23.4082],[68.54486,23.4082],[68.54486,23.40792],[68.54459,23.40792],[68.54459,23.40764],[68.5443,23.40764],[68.5443,23.40736],[68.54403,23.40736],[68.54403,23.40709],[68.54375,23.40709],[68.54375,23.4068],[68.54347,23.40681],[68.54347,23.40653],[68.5432,23.40653],[68.5432,23.40625],[68.54291,23.40625],[68.54291,23.40597],[68.54264,23.40597],[68.54264,23.40569],[68.54236,23.4057],[68.54236,23.40543],[68.54199,23.40543],[68.54153,23.40543],[68.54153,23.40625],[68.54181,23.40625],[68.54181,23.40653],[68.54208,23.40653],[68.54208,23.40681],[68.54236,23.4068],[68.54236,23.40709],[68.54264,23.40709],[68.54264,23.40736],[68.54292,23.40736],[68.54292,23.40764],[68.5432,23.40764],[68.5432,23.40792],[68.54347,23.40792],[68.54347,23.4082],[68.54375,23.4082],[68.54375,23.40847],[68.54403,23.40847],[68.54403,23.40875],[68.5443,23.40875],[68.5443,23.40903],[68.54459,23.40903],[68.54459,23.40931],[68.54486,23.40931],[68.54486,23.40959],[68.54513,23.40959],[68.54513,23.40986],[68.54569,23.40986],[68.54569,23.41014],[68.54597,23.41014],[68.54597,23.41042],[68.54652,23.41042],[68.54652,23.4107],[68.54681,23.4107],[68.54681,23.41097],[68.54708,23.41097],[68.54708,23.41153],[68.54736,23.41153],[68.54736,23.41208],[68.54764,23.41208],[68.54764,23.41264],[68.54792,23.41264],[68.54792,23.41292],[68.54819,23.41292],[68.54819,23.4132],[68.54875,23.4132],[68.54875,23.41347],[68.54903,23.41347],[68.54903,23.41375],[68.54931,23.41375],[68.54931,23.41431],[68.54958,23.41431],[68.54958,23.41486],[68.54986,23.41486]]],[[[68.46514,23.40347],[68.46625,23.40347],[68.46625,23.40375],[68.4668,23.40375],[68.4668,23.40403],[68.46736,23.40403],[68.46736,23.40431],[68.46792,23.40431],[68.46792,23.40403],[68.46848,23.40403],[68.46848,23.40375],[68.46903,23.40375],[68.46902,23.40347],[68.46847,23.40347],[68.46847,23.40319],[68.46709,23.40319],[68.46709,23.40292],[68.4657,23.40292],[68.4657,23.40264],[68.4643,23.40264],[68.4643,23.40236],[68.46255,23.40236],[68.46208,23.40236],[68.46208,23.40264],[68.46153,23.40264],[68.46153,23.40292],[68.46098,23.40292],[68.46098,23.40347],[68.4607,23.40347],[68.4607,23.40431],[68.46042,23.40431],[68.46042,23.40514],[68.46098,23.40514],[68.46098,23.40486],[68.46125,23.40486],[68.46125,23.40458],[68.46208,23.40458],[68.46208,23.40431],[68.46236,23.40431],[68.46236,23.40403],[68.46291,23.40403],[68.46291,23.40375],[68.46381,23.40375],[68.46514,23.40375],[68.46514,23.40347]]],[[[68.22347,23.58625],[68.22347,23.58597],[68.22569,23.58597],[68.22569,23.5857],[68.22652,23.5857],[68.22652,23.58542],[68.22735,23.58542],[68.22735,23.58514],[68.22791,23.58514],[68.22791,23.58486],[68.2282,23.58486],[68.2282,23.58431],[68.22791,23.58431],[68.22791,23.58403],[68.22681,23.58403],[68.22681,23.58375],[68.22513,23.58375],[68.22513,23.58403],[68.22403,23.58403],[68.22403,23.58431],[68.22375,23.58431],[68.22375,23.58458],[68.2232,23.58458],[68.2232,23.58486],[68.22291,23.58486],[68.22291,23.58514],[68.22264,23.58514],[68.22264,23.58542],[68.22236,23.58542],[68.22236,23.58597],[68.22264,23.58597],[68.22264,23.58625],[68.22347,23.58625]]],[[[68.50347,23.38264],[68.50347,23.38236],[68.5032,23.38236],[68.5032,23.38208],[68.50291,23.38209],[68.50291,23.38097],[68.5032,23.38097],[68.5032,23.3807],[68.50347,23.3807],[68.50347,23.38042],[68.50375,23.38042],[68.50375,23.38014],[68.5043,23.38014],[68.5043,23.37986],[68.50514,23.37986],[68.50514,23.37903],[68.50542,23.37903],[68.50542,23.37875],[68.50514,23.37875],[68.50514,23.37799],[68.50514,23.37736],[68.5043,23.37736],[68.5043,23.37764],[68.50375,23.37764],[68.50375,23.37792],[68.5032,23.37792],[68.5032,23.37808],[68.5032,23.3782],[68.50291,23.37819],[68.50291,23.37847],[68.50264,23.37847],[68.50264,23.37903],[68.50291,23.37903],[68.50291,23.3793],[68.50264,23.3793],[68.50264,23.37986],[68.50236,23.37986],[68.50236,23.38042],[68.50208,23.38042],[68.50208,23.38097],[68.50181,23.38097],[68.50181,23.38209],[68.50236,23.38208],[68.50236,23.38236],[68.50264,23.38236],[68.50264,23.38347],[68.50291,23.38347],[68.50291,23.3832],[68.5032,23.3832],[68.5032,23.38264],[68.50347,23.38264]]],[[[68.47347,23.35653],[68.47347,23.35625],[68.47403,23.35625],[68.47403,23.35597],[68.4743,23.35597],[68.4743,23.3557],[68.47514,23.3557],[68.47514,23.35486],[68.47542,23.35486],[68.47542,23.35514],[68.4757,23.35514],[68.4757,23.35542],[68.47652,23.35542],[68.47652,23.35403],[68.47625,23.35403],[68.47625,23.35347],[68.47486,23.35347],[68.47486,23.35375],[68.47403,23.35375],[68.47403,23.35403],[68.47347,23.35403],[68.47347,23.35459],[68.47375,23.35458],[68.47375,23.35514],[68.47208,23.35514],[68.47208,23.35542],[68.4718,23.35542],[68.4718,23.3557],[68.47153,23.3557],[68.47153,23.35597],[68.47097,23.35597],[68.47097,23.35625],[68.47125,23.35625],[68.47125,23.35681],[68.4732,23.35681],[68.4732,23.35653],[68.47347,23.35653]]],[[[68.62542,23.32569],[68.62625,23.32569],[68.62625,23.32597],[68.62681,23.32597],[68.62681,23.32569],[68.62764,23.3257],[68.62764,23.32542],[68.62791,23.32542],[68.62791,23.32514],[68.6282,23.32514],[68.6282,23.32486],[68.62847,23.32486],[68.62847,23.32431],[68.62874,23.32431],[68.62874,23.32375],[68.62903,23.32375],[68.62903,23.32319],[68.6293,23.32319],[68.6293,23.32236],[68.62903,23.32236],[68.62903,23.32153],[68.62875,23.32153],[68.62875,23.32208],[68.62847,23.32208],[68.62847,23.32236],[68.6282,23.32236],[68.6282,23.32264],[68.62791,23.32264],[68.62791,23.32292],[68.62764,23.32292],[68.62764,23.32347],[68.62736,23.32347],[68.62736,23.32375],[68.62708,23.32375],[68.62708,23.3243],[68.62625,23.3243],[68.62625,23.32375],[68.62597,23.32375],[68.62597,23.32403],[68.62542,23.32403],[68.62542,23.3243],[68.62514,23.32431],[68.62514,23.32486],[68.62486,23.32486],[68.62486,23.32597],[68.62542,23.32597],[68.62542,23.32569]]],[[[68.21625,23.5912],[68.21625,23.59069],[68.21653,23.59069],[68.21653,23.59014],[68.21681,23.59014],[68.2168,23.58819],[68.21709,23.58819],[68.21709,23.58764],[68.21736,23.58764],[68.21736,23.58708],[68.21764,23.58708],[68.21764,23.58681],[68.21736,23.58681],[68.21736,23.58653],[68.2171,23.58653],[68.2171,23.58625],[68.21653,23.58625],[68.21653,23.58653],[68.21597,23.58653],[68.21597,23.58681],[68.21541,23.58681],[68.21541,23.58708],[68.21514,23.58708],[68.21514,23.58736],[68.21541,23.58736],[68.21541,23.58819],[68.21514,23.58819],[68.21514,23.58931],[68.21486,23.58931],[68.21486,23.59069],[68.21514,23.59069],[68.21514,23.59099],[68.21514,23.59099],[68.21514,23.59125],[68.21625,23.59125],[68.21625,23.59121],[68.21625,23.5912]]],[[[70.45208,23.0607],[70.45208,23.06042],[70.45236,23.06042],[70.45236,23.05986],[70.45208,23.05986],[70.45208,23.05932],[70.45125,23.05932],[70.45125,23.05903],[70.45069,23.05903],[70.45069,23.05875],[70.45014,23.05875],[70.45014,23.05847],[70.44959,23.05847],[70.44959,23.0582],[70.44903,23.0582],[70.44903,23.05792],[70.44625,23.05792],[70.44625,23.0582],[70.44597,23.0582],[70.44597,23.05847],[70.44625,23.05847],[70.44625,23.05875],[70.44681,23.05875],[70.44681,23.05903],[70.44709,23.05903],[70.44709,23.05932],[70.4482,23.0593],[70.4482,23.05958],[70.44903,23.05958],[70.44903,23.05986],[70.45015,23.05986],[70.45015,23.06014],[70.45097,23.06014],[70.45097,23.06042],[70.45153,23.06042],[70.45153,23.0607],[70.45208,23.0607]]],[[[68.56375,23.34486],[68.56375,23.34458],[68.56431,23.34458],[68.56431,23.34431],[68.56458,23.34431],[68.56458,23.34403],[68.56486,23.34403],[68.56486,23.34292],[68.56514,23.34292],[68.56514,23.34264],[68.56458,23.34264],[68.56458,23.34236],[68.56347,23.34236],[68.56347,23.34208],[68.56264,23.34209],[68.56264,23.34181],[68.56125,23.34181],[68.56125,23.34209],[68.56097,23.34209],[68.56097,23.34292],[68.56125,23.34292],[68.56125,23.3432],[68.56153,23.3432],[68.56153,23.34347],[68.5618,23.34347],[68.5618,23.34375],[68.56208,23.34375],[68.56208,23.34403],[68.56236,23.34403],[68.56236,23.34431],[68.56264,23.34431],[68.56264,23.34458],[68.56319,23.34458],[68.56319,23.34486],[68.56375,23.34486]]],[[[68.55791,23.40931],[68.55791,23.40875],[68.55764,23.40875],[68.55764,23.40818],[68.55736,23.4082],[68.55736,23.40764],[68.55708,23.40764],[68.55708,23.40708],[68.55681,23.40709],[68.55681,23.4068],[68.55653,23.40681],[68.55653,23.40653],[68.55625,23.40653],[68.55625,23.40625],[68.55597,23.40625],[68.55597,23.4057],[68.55569,23.4057],[68.55569,23.40543],[68.55542,23.40543],[68.55542,23.40514],[68.55402,23.40514],[68.55402,23.40486],[68.55375,23.40486],[68.55375,23.40458],[68.55319,23.40458],[68.55319,23.40431],[68.55125,23.40431],[68.55125,23.40486],[68.55153,23.40486],[68.55153,23.40514],[68.55236,23.40514],[68.55236,23.40543],[68.55292,23.40543],[68.55292,23.4057],[68.55319,23.40569],[68.55319,23.40597],[68.55347,23.40597],[68.55347,23.40625],[68.55375,23.40625],[68.55375,23.40597],[68.55458,23.40597],[68.55458,23.40653],[68.55514,23.40653],[68.55514,23.40681],[68.55542,23.4068],[68.55542,23.40709],[68.55597,23.40709],[68.55597,23.40736],[68.55625,23.40736],[68.55625,23.40764],[68.55653,23.40764],[68.55653,23.4082],[68.55681,23.4082],[68.55681,23.40847],[68.55708,23.40847],[68.55708,23.40875],[68.55736,23.40875],[68.55736,23.40931],[68.55791,23.40931]]],[[[68.64069,23.31708],[68.64125,23.31708],[68.64125,23.31736],[68.64097,23.31736],[68.64097,23.31821],[68.64153,23.31821],[68.64153,23.31736],[68.64181,23.31736],[68.64181,23.31681],[68.64264,23.3168],[68.64264,23.31764],[68.64291,23.31764],[68.64291,23.31821],[68.64347,23.31821],[68.64347,23.31792],[68.64375,23.31792],[68.64375,23.31736],[68.64347,23.31736],[68.64347,23.31681],[68.64319,23.31681],[68.64319,23.31653],[68.64291,23.31653],[68.64291,23.31625],[68.64319,23.31625],[68.64319,23.31542],[68.64181,23.31542],[68.64181,23.31597],[68.64014,23.31597],[68.64014,23.31625],[68.63958,23.31625],[68.63958,23.31653],[68.6393,23.31653],[68.6393,23.31847],[68.63986,23.31847],[68.63986,23.3182],[68.64014,23.31821],[68.64014,23.31792],[68.64042,23.31792],[68.64042,23.31736],[68.64069,23.31736],[68.64069,23.31708]]],[[[69.63653,22.77986],[69.63653,22.77958],[69.6368,22.77958],[69.6368,22.77931],[69.63709,22.77931],[69.63709,22.77875],[69.63735,22.77875],[69.63735,22.77653],[69.63764,22.77653],[69.63764,22.77569],[69.63626,22.77569],[69.63626,22.77597],[69.63597,22.77597],[69.63597,22.77653],[69.6357,22.77653],[69.6357,22.77708],[69.63541,22.77708],[69.63541,22.77792],[69.63514,22.77792],[69.63514,22.77931],[69.63542,22.77931],[69.63542,22.77958],[69.63626,22.77958],[69.63626,22.77986],[69.63653,22.77986]]],[[[68.51681,23.43292],[68.51681,23.43264],[68.51708,23.43264],[68.51708,23.43153],[68.51681,23.43153],[68.51681,23.43097],[68.51652,23.43097],[68.51652,23.43042],[68.51625,23.43042],[68.51625,23.42986],[68.51598,23.42986],[68.51598,23.43014],[68.51569,23.43014],[68.51569,23.43042],[68.51542,23.43042],[68.51542,23.43069],[68.5143,23.43069],[68.5143,23.43042],[68.51375,23.43042],[68.51375,23.43097],[68.51403,23.43097],[68.51403,23.43153],[68.51375,23.43153],[68.51375,23.43208],[68.51403,23.43208],[68.51403,23.43264],[68.51458,23.43264],[68.51458,23.43292],[68.51681,23.43292]]],[[[68.55014,23.34153],[68.55014,23.34125],[68.55042,23.34125],[68.55042,23.34097],[68.5507,23.34097],[68.5507,23.34014],[68.55098,23.34014],[68.55097,23.33958],[68.5507,23.33958],[68.5507,23.33931],[68.54875,23.33931],[68.54875,23.33902],[68.54792,23.33903],[68.54792,23.33875],[68.54597,23.33875],[68.54597,23.33847],[68.54542,23.33847],[68.54542,23.33875],[68.54513,23.33875],[68.54513,23.34014],[68.54542,23.34014],[68.54542,23.34042],[68.54597,23.34042],[68.54597,23.34014],[68.54625,23.34014],[68.54625,23.33986],[68.54597,23.33986],[68.54597,23.33958],[68.54764,23.33958],[68.54764,23.33986],[68.54847,23.33986],[68.54847,23.34014],[68.54986,23.34014],[68.54986,23.34069],[68.54957,23.34069],[68.54957,23.34125],[68.54986,23.34125],[68.54986,23.34153],[68.55014,23.34153]]],[[[68.54208,23.34153],[68.54208,23.34125],[68.54236,23.34125],[68.54236,23.33902],[68.54264,23.33902],[68.54264,23.33931],[68.5443,23.33931],[68.5443,23.33902],[68.54459,23.33903],[68.54459,23.33847],[68.5443,23.33847],[68.5443,23.33819],[68.54208,23.33819],[68.54208,23.33736],[68.54181,23.33736],[68.54181,23.33708],[68.54153,23.33708],[68.54153,23.33736],[68.54125,23.33736],[68.54125,23.33819],[68.54153,23.33819],[68.54153,23.33847],[68.54125,23.33847],[68.54125,23.33875],[68.54153,23.33875],[68.54153,23.33931],[68.54125,23.33931],[68.54125,23.33902],[68.54097,23.33903],[68.54097,23.33875],[68.54069,23.33875],[68.54069,23.33903],[68.54041,23.33902],[68.54041,23.33931],[68.54069,23.33931],[68.54069,23.33986],[68.54097,23.33986],[68.54097,23.34014],[68.54125,23.34014],[68.54125,23.34042],[68.54153,23.34042],[68.54153,23.34125],[68.54181,23.34125],[68.54181,23.34153],[68.54208,23.34153]]],[[[68.47236,23.40543],[68.47236,23.40486],[68.47208,23.40486],[68.47208,23.40458],[68.47125,23.40458],[68.47125,23.40431],[68.47207,23.40431],[68.47292,23.40431],[68.47292,23.40403],[68.47403,23.40403],[68.47403,23.40375],[68.47486,23.40375],[68.47486,23.40403],[68.4757,23.40403],[68.4757,23.40347],[68.47597,23.40347],[68.47597,23.40292],[68.47403,23.40292],[68.47403,23.40319],[68.47292,23.40319],[68.47292,23.40347],[68.47236,23.40347],[68.47236,23.40375],[68.4718,23.40375],[68.4718,23.40395],[68.4718,23.40403],[68.47097,23.40403],[68.47097,23.40431],[68.47041,23.40431],[68.47041,23.40458],[68.46985,23.40458],[68.46985,23.40514],[68.46957,23.40514],[68.46957,23.4057],[68.47097,23.4057],[68.47097,23.40543],[68.47236,23.40543]]],[[[68.65847,23.27125],[68.65847,23.27097],[68.65875,23.27097],[68.65875,23.27069],[68.65903,23.27069],[68.65903,23.27042],[68.65931,23.27042],[68.65931,23.26987],[68.65903,23.26987],[68.65903,23.26958],[68.65875,23.26958],[68.65875,23.26931],[68.65958,23.26931],[68.65958,23.26903],[68.66014,23.26903],[68.66014,23.26875],[68.66042,23.26875],[68.66042,23.26847],[68.66014,23.26847],[68.66014,23.26792],[68.65875,23.26792],[68.65875,23.26819],[68.65847,23.26819],[68.65847,23.26847],[68.65735,23.26847],[68.65735,23.26875],[68.65708,23.26875],[68.65708,23.26931],[68.65681,23.26931],[68.65681,23.26987],[68.65708,23.26987],[68.65708,23.27014],[68.65735,23.27014],[68.65735,23.27042],[68.65764,23.27042],[68.65764,23.27069],[68.65791,23.27069],[68.65791,23.27097],[68.6582,23.27097],[68.6582,23.27125],[68.65847,23.27125]]],[[[68.55681,23.34181],[68.55681,23.34167],[68.55681,23.34153],[68.55625,23.34153],[68.55625,23.34125],[68.55542,23.34125],[68.55542,23.33902],[68.55514,23.33902],[68.55514,23.33931],[68.55506,23.33931],[68.55506,23.33931],[68.55403,23.33931],[68.55403,23.33958],[68.55375,23.33958],[68.55375,23.33986],[68.55319,23.33986],[68.55319,23.34069],[68.55292,23.34069],[68.55292,23.34097],[68.55319,23.34097],[68.55319,23.34125],[68.55347,23.34125],[68.55347,23.34153],[68.55375,23.34153],[68.55375,23.34181],[68.55477,23.34181],[68.55477,23.34181],[68.55647,23.34181],[68.55681,23.34181]]],[[[68.59764,23.26069],[68.59764,23.26014],[68.59736,23.26014],[68.59736,23.25986],[68.59708,23.25986],[68.59708,23.25958],[68.59681,23.25958],[68.5968,23.25931],[68.59625,23.25931],[68.59625,23.25958],[68.59458,23.25958],[68.59458,23.25986],[68.59431,23.25986],[68.59431,23.26014],[68.59402,23.26014],[68.59402,23.26069],[68.59375,23.26069],[68.59375,23.26208],[68.59431,23.26208],[68.59431,23.26181],[68.59486,23.26181],[68.59486,23.26153],[68.59541,23.26153],[68.59541,23.26068],[68.59764,23.26069]]],[[[68.55653,23.40375],[68.55653,23.40319],[68.55681,23.40319],[68.55681,23.40264],[68.55431,23.40264],[68.55431,23.40236],[68.55402,23.40236],[68.55402,23.40208],[68.55292,23.40208],[68.55292,23.40236],[68.55264,23.40236],[68.55264,23.40347],[68.55292,23.40347],[68.55292,23.40403],[68.55402,23.40403],[68.55402,23.40375],[68.55653,23.40375]]],[[[68.4632,23.40903],[68.4632,23.40681],[68.46347,23.40681],[68.46347,23.40625],[68.46376,23.40625],[68.46375,23.40597],[68.46403,23.40597],[68.46403,23.40569],[68.4643,23.4057],[68.4643,23.40543],[68.46458,23.40543],[68.46458,23.40514],[68.4632,23.40514],[68.4632,23.40543],[68.46236,23.40543],[68.46236,23.4057],[68.46208,23.40569],[68.46208,23.40597],[68.46181,23.40597],[68.46181,23.40625],[68.46153,23.40625],[68.46153,23.40681],[68.46181,23.40681],[68.46181,23.40764],[68.46208,23.40764],[68.46208,23.4082],[68.46236,23.40818],[68.46236,23.40875],[68.46264,23.40875],[68.46264,23.40903],[68.4632,23.40903]]],[[[68.50125,23.44375],[68.50125,23.44347],[68.50208,23.44347],[68.50208,23.4432],[68.50181,23.4432],[68.50181,23.44264],[68.50153,23.44264],[68.50153,23.44154],[68.50125,23.44154],[68.50125,23.43931],[68.50097,23.43931],[68.50097,23.43903],[68.50069,23.43903],[68.50069,23.44042],[68.50042,23.44042],[68.50042,23.44097],[68.50014,23.44097],[68.50014,23.44154],[68.49958,23.44153],[68.49958,23.44181],[68.49931,23.44181],[68.49931,23.44236],[68.50014,23.44236],[68.50014,23.44264],[68.50042,23.44264],[68.50042,23.44292],[68.50069,23.44292],[68.50069,23.44347],[68.50097,23.44347],[68.50097,23.44375],[68.50125,23.44375]]],[[[68.62903,23.28958],[68.62903,23.28903],[68.6293,23.28903],[68.6293,23.28708],[68.62903,23.28708],[68.62903,23.28542],[68.62847,23.28542],[68.62847,23.28597],[68.6282,23.28597],[68.6282,23.28653],[68.62791,23.28653],[68.62791,23.28931],[68.6282,23.2893],[68.6282,23.29014],[68.62874,23.29014],[68.62874,23.28958],[68.62903,23.28958]]],[[[68.46069,23.41264],[68.46069,23.41236],[68.46181,23.41236],[68.46181,23.41208],[68.46208,23.41208],[68.46208,23.41181],[68.46236,23.41181],[68.46236,23.41153],[68.46264,23.41153],[68.46264,23.41124],[68.46291,23.41125],[68.46291,23.41097],[68.46125,23.41097],[68.46125,23.41125],[68.4607,23.41124],[68.4607,23.41153],[68.46014,23.41153],[68.46014,23.41181],[68.45996,23.41181],[68.4593,23.41181],[68.4593,23.41153],[68.45903,23.41153],[68.45903,23.41124],[68.45792,23.41125],[68.45792,23.41208],[68.45847,23.41208],[68.45847,23.41236],[68.45903,23.41236],[68.45903,23.41264],[68.46024,23.41264],[68.46069,23.41264]]],[[[68.44847,23.73264],[68.44847,23.73236],[68.44958,23.73234],[68.44958,23.73153],[68.44986,23.73153],[68.44986,23.73181],[68.45014,23.73181],[68.45014,23.73209],[68.45069,23.73209],[68.45069,23.73125],[68.45042,23.73125],[68.45042,23.73097],[68.45014,23.73097],[68.45014,23.73042],[68.44875,23.73042],[68.44875,23.7306],[68.44875,23.7307],[68.44847,23.7307],[68.44847,23.73097],[68.44791,23.73097],[68.44791,23.73125],[68.44764,23.73125],[68.44764,23.73181],[68.44736,23.73181],[68.44736,23.73236],[68.44764,23.73236],[68.44764,23.73264],[68.44847,23.73264]]],[[[68.59653,23.81264],[68.59653,23.81208],[68.59625,23.81209],[68.59625,23.81181],[68.59597,23.81181],[68.59597,23.81153],[68.5957,23.81153],[68.5957,23.81069],[68.59541,23.81069],[68.59541,23.81014],[68.59431,23.81014],[68.59431,23.81069],[68.59402,23.81069],[68.59402,23.81125],[68.59375,23.81125],[68.59375,23.81153],[68.59348,23.81153],[68.59348,23.81209],[68.59402,23.81208],[68.59402,23.81236],[68.59514,23.81236],[68.59514,23.81264],[68.59653,23.81264]]],[[[68.59791,23.36097],[68.59791,23.3607],[68.59903,23.3607],[68.59903,23.36042],[68.5993,23.36042],[68.5993,23.36013],[68.59959,23.36014],[68.59959,23.35958],[68.5993,23.35958],[68.5993,23.35931],[68.59847,23.35931],[68.59847,23.35958],[68.5982,23.35958],[68.5982,23.35986],[68.59708,23.35986],[68.59708,23.35958],[68.59681,23.35958],[68.5968,23.35931],[68.59625,23.35931],[68.59625,23.35958],[68.59597,23.35958],[68.59597,23.36042],[68.59625,23.36042],[68.59625,23.3607],[68.59708,23.3607],[68.59708,23.36097],[68.59791,23.36097]]],[[[68.50069,23.43625],[68.50069,23.43597],[68.50097,23.43597],[68.50097,23.43542],[68.49958,23.43542],[68.49958,23.43514],[68.49931,23.43514],[68.49931,23.43486],[68.49875,23.43486],[68.49875,23.43458],[68.49819,23.43459],[68.49819,23.4343],[68.49792,23.4343],[68.49792,23.43459],[68.4968,23.43458],[68.4968,23.43486],[68.49736,23.43486],[68.49736,23.43542],[68.49792,23.43542],[68.49792,23.4357],[68.49819,23.4357],[68.49819,23.43597],[68.49875,23.43597],[68.49875,23.43625],[68.50069,23.43625]]],[[[68.5407,23.37764],[68.54069,23.37736],[68.54097,23.37736],[68.54097,23.37708],[68.54069,23.37708],[68.54069,23.37681],[68.54041,23.37681],[68.54041,23.37625],[68.54014,23.37625],[68.54014,23.37597],[68.53986,23.37597],[68.53986,23.37542],[68.53958,23.37542],[68.53958,23.37513],[68.53931,23.37514],[68.53931,23.37486],[68.53819,23.37486],[68.53819,23.37514],[68.53792,23.37513],[68.53792,23.37542],[68.53819,23.37542],[68.53819,23.37569],[68.53848,23.37569],[68.53848,23.37597],[68.53875,23.37597],[68.53875,23.37653],[68.53902,23.37653],[68.53902,23.37708],[68.53958,23.37708],[68.53958,23.37736],[68.54014,23.37736],[68.54014,23.37764],[68.5407,23.37764]]],[[[68.50902,23.4907],[68.50902,23.49042],[68.5068,23.49042],[68.5068,23.49097],[68.50653,23.49097],[68.50653,23.49125],[68.50625,23.49125],[68.50625,23.49208],[68.50597,23.49208],[68.50597,23.49265],[68.50653,23.49265],[68.50653,23.49236],[68.50736,23.49236],[68.50736,23.49208],[68.50764,23.49208],[68.50764,23.49181],[68.50792,23.49181],[68.50792,23.49153],[68.50819,23.49153],[68.50819,23.49125],[68.50847,23.49125],[68.50847,23.49097],[68.50875,23.49097],[68.50875,23.4907],[68.50902,23.4907]]],[[[68.42986,23.40709],[68.42986,23.4068],[68.43097,23.40681],[68.43097,23.40653],[68.43125,23.40653],[68.43125,23.40625],[68.43153,23.40625],[68.43153,23.40597],[68.43181,23.40597],[68.43181,23.40569],[68.43236,23.4057],[68.43236,23.40486],[68.43125,23.40486],[68.43125,23.40514],[68.43097,23.40514],[68.43097,23.40543],[68.43042,23.40543],[68.43042,23.4057],[68.43014,23.40569],[68.43014,23.40597],[68.42958,23.40597],[68.42958,23.40625],[68.4293,23.40625],[68.4293,23.40653],[68.42903,23.40653],[68.42903,23.40681],[68.4293,23.4068],[68.4293,23.40709],[68.42986,23.40709]]],[[[68.48263,23.54986],[68.48263,23.54958],[68.48292,23.54958],[68.48292,23.54931],[68.48319,23.54931],[68.48319,23.54875],[68.48292,23.54875],[68.48292,23.54736],[68.48263,23.54736],[68.48263,23.54708],[68.48208,23.54708],[68.48208,23.54736],[68.4818,23.54736],[68.4818,23.5482],[68.48153,23.54819],[68.48153,23.54875],[68.4818,23.54875],[68.4818,23.54958],[68.48208,23.54957],[68.48208,23.55042],[68.48236,23.55042],[68.48236,23.54986],[68.48263,23.54986]]],[[[68.50458,23.38458],[68.50458,23.38431],[68.50486,23.38431],[68.50486,23.38375],[68.50514,23.38375],[68.50514,23.38126],[68.50486,23.38126],[68.50486,23.38097],[68.5043,23.38097],[68.5043,23.38126],[68.50459,23.38126],[68.50459,23.38181],[68.5043,23.38181],[68.5043,23.38264],[68.50459,23.38264],[68.50459,23.38292],[68.5043,23.38292],[68.5043,23.3832],[68.50375,23.3832],[68.50375,23.38431],[68.5043,23.38431],[68.5043,23.38458],[68.50458,23.38458]]],[[[68.51153,23.49236],[68.51153,23.49125],[68.51125,23.49125],[68.51125,23.49069],[68.5107,23.4907],[68.5107,23.49097],[68.51014,23.49097],[68.51014,23.49153],[68.50986,23.49153],[68.50986,23.49181],[68.50958,23.49181],[68.50958,23.49208],[68.50931,23.49208],[68.50931,23.49265],[68.51097,23.49265],[68.51097,23.49236],[68.51153,23.49236]]],[[[68.40208,23.4232],[68.40208,23.42264],[68.40236,23.42264],[68.40236,23.42181],[68.40264,23.42181],[68.40264,23.42069],[68.40236,23.42069],[68.40236,23.42042],[68.4018,23.42042],[68.4018,23.42069],[68.40153,23.42069],[68.40153,23.42097],[68.40125,23.42097],[68.40125,23.42292],[68.40153,23.42292],[68.40153,23.4232],[68.40208,23.4232]]],[[[70.45348,23.05319],[70.45348,23.05292],[70.45333,23.05292],[70.45319,23.05292],[70.45319,23.05264],[70.45292,23.05264],[70.45292,23.05236],[70.45236,23.05236],[70.45236,23.05208],[70.45208,23.05208],[70.45208,23.05153],[70.45181,23.05153],[70.45181,23.05097],[70.45153,23.05097],[70.45153,23.05069],[70.45125,23.05069],[70.45125,23.05042],[70.45042,23.05042],[70.45042,23.05013],[70.45014,23.05014],[70.45014,23.05097],[70.45042,23.05097],[70.45042,23.05125],[70.45069,23.05125],[70.45069,23.05153],[70.45097,23.05153],[70.45097,23.05181],[70.45114,23.05181],[70.45153,23.05181],[70.45153,23.052],[70.45153,23.05236],[70.45208,23.05236],[70.45208,23.05264],[70.45236,23.05264],[70.45236,23.05292],[70.45264,23.05292],[70.45264,23.05319],[70.45348,23.05319]]],[[[68.43736,23.50042],[68.43736,23.50014],[68.43759,23.50014],[68.43759,23.50014],[68.43792,23.50014],[68.43792,23.49986],[68.43819,23.49986],[68.43819,23.49958],[68.43931,23.49958],[68.43931,23.49931],[68.43959,23.49931],[68.43959,23.49875],[68.43931,23.49875],[68.43931,23.49846],[68.43847,23.49846],[68.43847,23.49875],[68.43792,23.49875],[68.43792,23.49903],[68.43736,23.49903],[68.43736,23.49931],[68.43708,23.49931],[68.43708,23.49958],[68.43708,23.49958],[68.43708,23.49958],[68.43682,23.49958],[68.43682,23.50014],[68.43708,23.50014],[68.43708,23.50042],[68.43736,23.50042]]],[[[68.40986,23.40792],[68.40986,23.4057],[68.40958,23.40569],[68.40958,23.40597],[68.40929,23.40597],[68.40929,23.40625],[68.40903,23.40625],[68.40903,23.40792],[68.40875,23.40792],[68.40875,23.40931],[68.40903,23.40931],[68.40903,23.40903],[68.40929,23.40903],[68.40931,23.40847],[68.40958,23.40847],[68.40958,23.40792],[68.40986,23.40792]]],[[[68.50208,23.43237],[68.50208,23.43208],[68.50181,23.43208],[68.50181,23.43125],[68.50153,23.43125],[68.50153,23.43069],[68.50125,23.43069],[68.50125,23.43014],[68.50042,23.43014],[68.50042,23.43125],[68.50097,23.43125],[68.50097,23.43153],[68.50125,23.43153],[68.50125,23.43208],[68.50153,23.43208],[68.50153,23.43237],[68.50208,23.43237]]],[[[68.63181,23.32125],[68.63181,23.32014],[68.63207,23.32014],[68.63207,23.31931],[68.63236,23.31931],[68.63236,23.31875],[68.63153,23.31875],[68.63153,23.31958],[68.63125,23.31958],[68.63125,23.32098],[68.63153,23.32098],[68.63153,23.32125],[68.63181,23.32125]]],[[[69.81709,22.85257],[69.81709,22.85236],[69.8168,22.85236],[69.8168,22.85208],[69.81584,22.85208],[69.81709,22.85257]]],[[[69.82125,22.85421],[69.82125,22.85403],[69.82085,22.85403],[69.82125,22.85421]]],[[[69.82291,22.85497],[69.82291,22.85486],[69.82267,22.85486],[69.82291,22.85497]]]]}}]}