{"type":"FeatureCollection","features":[{"type":"Feature","properties":{"id":"porbandar","name":"Porbandar","stateId":"gujarat","stateName":"Gujarat","censuscode":478,"type":"district"},"geometry":{"type":"Polygon","coordinates":[[[70.07506,21.73237],[70.08117,21.73455],[70.08324,21.73392],[70.08542,21.72444],[70.0858,21.71808],[70.08933,21.70306],[70.10209,21.70488],[70.11917,21.70536],[70.12882,21.69264],[70.13542,21.68777],[70.14077,21.68533],[70.14451,21.68122],[70.14716,21.66973],[70.14794,21.6617],[70.14795,21.66166],[70.14793,21.66166],[70.14076,21.66127],[70.13746,21.66171],[70.13286,21.6639],[70.12185,21.67896],[70.11968,21.679],[70.11855,21.67759],[70.11435,21.67237],[70.10945,21.66928],[70.10497,21.66456],[70.10496,21.6569],[70.10738,21.6518],[70.10899,21.64656],[70.10761,21.64553],[70.106,21.64433],[70.09011,21.64568],[70.07576,21.63957],[70.06787,21.63822],[70.05754,21.63514],[70.05447,21.6353],[70.05038,21.645],[70.0472,21.64792],[70.0422,21.64828],[70.03639,21.64869],[70.03732,21.64413],[70.03888,21.64184],[70.03278,21.63507],[70.03375,21.62618],[70.0404,21.60743],[70.04788,21.60885],[70.05289,21.60946],[70.05957,21.60962],[70.06749,21.60802],[70.07068,21.59449],[70.07326,21.59161],[70.06837,21.58594],[70.06341,21.58358],[70.05436,21.58326],[70.04853,21.58472],[70.04531,21.59078],[70.04602,21.59442],[70.04029,21.59493],[70.0335,21.59433],[70.03156,21.59513],[70.03142,21.60093],[70.02403,21.59684],[70.01898,21.59577],[70.01942,21.59257],[70.01239,21.58891],[70.0068,21.58601],[70.00007,21.58372],[69.99744,21.58197],[69.99594,21.57957],[69.9926,21.57815],[69.99114,21.57918],[69.9877,21.5816],[69.98586,21.58637],[69.98607,21.60041],[69.98123,21.60046],[69.97138,21.59509],[69.96729,21.59187],[69.9662,21.58663],[69.96778,21.58018],[69.97229,21.56895],[69.97471,21.5657],[69.98034,21.5669],[69.98532,21.5701],[69.98975,21.56375],[69.99166,21.55806],[69.99529,21.55211],[69.99998,21.54588],[70.00306,21.54304],[70.00002,21.54026],[69.98549,21.53412],[69.98105,21.53032],[69.99221,21.50671],[69.98653,21.50495],[69.98673,21.50099],[69.99123,21.49243],[69.99299,21.48664],[69.9957,21.47769],[70.00003,21.47263],[70.00844,21.47485],[70.02204,21.47612],[70.02738,21.47592],[70.02988,21.47415],[70.03597,21.47446],[70.04214,21.47238],[70.0506,21.45431],[70.05101,21.45018],[70.04944,21.4462],[70.04651,21.44324],[70.03762,21.43693],[70.02993,21.43448],[70.02664,21.44008],[70.02228,21.44173],[70.01831,21.44211],[70.00003,21.44015],[69.99234,21.43751],[69.98287,21.43514],[69.98078,21.42853],[69.98064,21.42687],[69.98533,21.42358],[69.98495,21.42079],[69.97024,21.41473],[69.95794,21.41188],[69.96255,21.40952],[69.96472,21.40948],[69.966,21.40569],[69.96255,21.40315],[69.96029,21.39912],[69.95046,21.39774],[69.94529,21.39434],[69.94426,21.39104],[69.94999,21.38303],[69.94271,21.36879],[69.95006,21.35457],[69.9571,21.34273],[69.96129,21.3407],[69.97403,21.33639],[69.97897,21.33229],[69.97835,21.31943],[69.97872,21.31105],[69.97722,21.29324],[69.98347,21.29385],[69.99024,21.29426],[69.9968,21.29335],[70.00009,21.29145],[70.00933,21.28118],[70.01466,21.27839],[70.0257,21.28079],[70.0282,21.27505],[70.01733,21.26787],[70.01159,21.26177],[70.00527,21.25821],[70.00146,21.25261],[70.00173,21.24128],[69.99221,21.23705],[69.98435,21.2299],[69.9824,21.22763],[69.98238,21.22762],[69.98238,21.22762],[69.98182,21.2268],[69.98181,21.2268],[69.98181,21.22708],[69.98153,21.22708],[69.98153,21.22737],[69.98097,21.22736],[69.98097,21.22764],[69.98069,21.22764],[69.98069,21.22792],[69.98042,21.22792],[69.98042,21.22848],[69.98014,21.22847],[69.98014,21.22875],[69.97994,21.22875],[69.97986,21.22875],[69.97986,21.22894],[69.97986,21.22903],[69.97977,21.22903],[69.97959,21.22903],[69.97959,21.22921],[69.97959,21.2293],[69.97949,21.2293],[69.97931,21.2293],[69.97931,21.22948],[69.97931,21.22959],[69.97921,21.22959],[69.97903,21.22958],[69.97903,21.22972],[69.97903,21.22986],[69.97875,21.22986],[69.97875,21.23042],[69.97847,21.23042],[69.97847,21.2307],[69.97819,21.2307],[69.97819,21.23097],[69.97791,21.23097],[69.97791,21.23125],[69.97765,21.23125],[69.97765,21.23153],[69.97735,21.23153],[69.97735,21.23181],[69.97727,21.23181],[69.97708,21.23181],[69.97708,21.23208],[69.97681,21.23208],[69.97681,21.23236],[69.97652,21.23236],[69.97652,21.23264],[69.97625,21.23264],[69.97625,21.23292],[69.97597,21.23292],[69.97597,21.23319],[69.97569,21.23319],[69.97569,21.23364],[69.97569,21.23364],[69.97569,21.23375],[69.97558,21.23375],[69.97558,21.23375],[69.97542,21.23375],[69.97542,21.23391],[69.97542,21.23392],[69.97542,21.23403],[69.9753,21.23403],[69.9753,21.23403],[69.97514,21.23403],[69.97514,21.23419],[69.97514,21.23419],[69.97514,21.23431],[69.97502,21.23431],[69.97502,21.23431],[69.97486,21.23431],[69.97486,21.23446],[69.97486,21.23446],[69.97486,21.23458],[69.97474,21.23458],[69.97474,21.23458],[69.97459,21.23458],[69.97459,21.23473],[69.97459,21.23474],[69.97459,21.23486],[69.97446,21.23486],[69.97446,21.23486],[69.9743,21.23486],[69.9743,21.23502],[69.9743,21.23503],[69.9743,21.23514],[69.97418,21.23514],[69.97418,21.23514],[69.97403,21.23514],[69.97403,21.23529],[69.97403,21.23529],[69.97403,21.23543],[69.97389,21.23543],[69.97389,21.23543],[69.97375,21.23542],[69.97375,21.23557],[69.97375,21.23557],[69.97375,21.2357],[69.97362,21.2357],[69.97362,21.2357],[69.97347,21.2357],[69.97347,21.23584],[69.97347,21.23584],[69.97347,21.23597],[69.97334,21.23597],[69.97334,21.23597],[69.9732,21.23597],[69.9732,21.23611],[69.9732,21.23611],[69.9732,21.23625],[69.97306,21.23625],[69.97306,21.23625],[69.97293,21.23625],[69.97293,21.23638],[69.97293,21.23638],[69.97293,21.23653],[69.97278,21.23653],[69.97278,21.23653],[69.97264,21.23653],[69.97264,21.23667],[69.97264,21.23667],[69.97264,21.23681],[69.9725,21.23681],[69.9725,21.23681],[69.97236,21.23681],[69.97236,21.23694],[69.97236,21.23694],[69.97236,21.23709],[69.97222,21.23708],[69.97222,21.23708],[69.97208,21.23708],[69.97208,21.23722],[69.97208,21.23722],[69.97208,21.23764],[69.97181,21.23764],[69.9718,21.23818],[69.97125,21.2382],[69.97125,21.23847],[69.97097,21.23847],[69.97097,21.23875],[69.97071,21.23875],[69.97071,21.23903],[69.97042,21.23903],[69.97042,21.23931],[69.97014,21.23931],[69.97014,21.23958],[69.96986,21.23958],[69.96986,21.23986],[69.96958,21.23986],[69.96958,21.24014],[69.96931,21.24014],[69.96931,21.24042],[69.96903,21.24042],[69.96903,21.24069],[69.96875,21.24069],[69.96875,21.24098],[69.96848,21.24098],[69.96848,21.24125],[69.96819,21.24124],[69.96819,21.24153],[69.96792,21.24153],[69.96792,21.24181],[69.96764,21.24181],[69.96764,21.24236],[69.96736,21.24236],[69.96736,21.24264],[69.96709,21.24264],[69.96709,21.24292],[69.96681,21.24291],[69.96681,21.24319],[69.96653,21.24319],[69.96653,21.24347],[69.96625,21.24347],[69.96625,21.24375],[69.96597,21.24375],[69.96597,21.24403],[69.9657,21.24403],[69.9657,21.24431],[69.96541,21.24431],[69.96541,21.24486],[69.96514,21.24486],[69.96514,21.24514],[69.96486,21.24514],[69.96486,21.24542],[69.96458,21.24542],[69.96458,21.2457],[69.9643,21.2457],[69.9643,21.24597],[69.96403,21.24597],[69.96403,21.24625],[69.96375,21.24625],[69.96375,21.24653],[69.96347,21.24653],[69.96347,21.24681],[69.9632,21.24681],[69.9632,21.24708],[69.96291,21.24708],[69.96291,21.24737],[69.96265,21.24737],[69.96265,21.24764],[69.96236,21.24764],[69.96236,21.24819],[69.96208,21.24819],[69.96208,21.24847],[69.96181,21.24847],[69.96181,21.24875],[69.96153,21.24875],[69.96153,21.24903],[69.96125,21.24903],[69.96125,21.24931],[69.96098,21.24931],[69.96098,21.24959],[69.9607,21.24958],[69.9607,21.24986],[69.96042,21.24986],[69.96042,21.25043],[69.96014,21.25042],[69.96014,21.2507],[69.95986,21.2507],[69.95986,21.25097],[69.95958,21.25097],[69.95958,21.25125],[69.9593,21.25125],[69.9593,21.25153],[69.95903,21.25153],[69.95903,21.25181],[69.95875,21.25181],[69.95875,21.25208],[69.95848,21.25208],[69.95848,21.25236],[69.95819,21.25236],[69.95819,21.25292],[69.95792,21.25292],[69.95792,21.25319],[69.95764,21.25319],[69.95764,21.25347],[69.95736,21.25347],[69.95736,21.25375],[69.95708,21.25375],[69.95708,21.25403],[69.9568,21.25403],[69.9568,21.2543],[69.95653,21.2543],[69.95653,21.25487],[69.95625,21.25486],[69.95625,21.25514],[69.95597,21.25514],[69.95597,21.25542],[69.9557,21.25542],[69.9557,21.2557],[69.95542,21.2557],[69.95542,21.25598],[69.95514,21.25597],[69.95514,21.25653],[69.95486,21.25653],[69.95486,21.25681],[69.95458,21.2568],[69.95458,21.25709],[69.95431,21.25708],[69.95431,21.25736],[69.95403,21.25736],[69.95403,21.25764],[69.95375,21.25764],[69.95375,21.2582],[69.95348,21.2582],[69.95348,21.25847],[69.95318,21.25847],[69.95318,21.25875],[69.95292,21.25875],[69.95292,21.25903],[69.95264,21.25903],[69.95264,21.25958],[69.95236,21.25958],[69.95236,21.25986],[69.95208,21.25986],[69.95208,21.26014],[69.95181,21.26014],[69.95181,21.26042],[69.95153,21.26042],[69.95153,21.26069],[69.95125,21.26069],[69.95125,21.26125],[69.95097,21.26125],[69.95097,21.26153],[69.95069,21.26153],[69.95069,21.26181],[69.95042,21.26181],[69.95042,21.26208],[69.95014,21.26208],[69.95014,21.26237],[69.94986,21.26237],[69.94986,21.26292],[69.94959,21.26292],[69.94959,21.2632],[69.9493,21.2632],[69.9493,21.26347],[69.94903,21.26347],[69.94903,21.26375],[69.94875,21.26375],[69.94875,21.26403],[69.94847,21.26403],[69.94847,21.26459],[69.9482,21.26459],[69.9482,21.26486],[69.94791,21.26486],[69.94791,21.26514],[69.94764,21.26514],[69.94764,21.26542],[69.94737,21.26542],[69.94737,21.2657],[69.94708,21.2657],[69.94708,21.26597],[69.94681,21.26597],[69.94681,21.26653],[69.94653,21.26653],[69.94653,21.26681],[69.94625,21.26681],[69.94625,21.26708],[69.94597,21.26708],[69.94597,21.26736],[69.94569,21.26736],[69.94569,21.26764],[69.94542,21.26764],[69.94542,21.26792],[69.94514,21.26792],[69.94514,21.26848],[69.94486,21.26847],[69.94486,21.26875],[69.94458,21.26875],[69.94458,21.26903],[69.94431,21.26903],[69.94431,21.26931],[69.94403,21.26931],[69.94403,21.26959],[69.94375,21.26958],[69.94375,21.26986],[69.94347,21.26986],[69.94347,21.27042],[69.94319,21.27041],[69.94319,21.2707],[69.94292,21.2707],[69.94292,21.27097],[69.94264,21.27097],[69.94264,21.27125],[69.94236,21.27125],[69.94236,21.27154],[69.94209,21.27153],[69.94209,21.27181],[69.9418,21.27181],[69.9418,21.27236],[69.94154,21.27236],[69.94154,21.27264],[69.94125,21.27264],[69.94125,21.27292],[69.94097,21.27292],[69.94097,21.2732],[69.9407,21.2732],[69.9407,21.27347],[69.94041,21.27347],[69.94041,21.27375],[69.94014,21.27375],[69.94014,21.27403],[69.93986,21.27403],[69.93986,21.27431],[69.93958,21.27431],[69.93958,21.27458],[69.93931,21.27458],[69.93931,21.27486],[69.93903,21.27486],[69.93903,21.27542],[69.93875,21.27542],[69.93875,21.27569],[69.93847,21.27569],[69.93847,21.27597],[69.93819,21.27597],[69.93819,21.27625],[69.93792,21.27625],[69.93792,21.27653],[69.93764,21.27653],[69.93764,21.27681],[69.93736,21.27681],[69.93736,21.27708],[69.93708,21.27708],[69.93708,21.27736],[69.93681,21.27736],[69.93682,21.27764],[69.93653,21.27764],[69.93653,21.27792],[69.93625,21.27792],[69.93625,21.2782],[69.93597,21.2782],[69.93597,21.27847],[69.93569,21.27847],[69.93569,21.27875],[69.93541,21.27875],[69.93541,21.27931],[69.93514,21.27931],[69.93514,21.27958],[69.93486,21.27958],[69.93486,21.27986],[69.9346,21.27986],[69.9346,21.28014],[69.93431,21.28014],[69.93431,21.28042],[69.93403,21.28041],[69.93403,21.2807],[69.93375,21.28069],[69.93375,21.28097],[69.93347,21.28097],[69.93347,21.28125],[69.9332,21.28125],[69.9332,21.28153],[69.93291,21.28153],[69.93291,21.28181],[69.93264,21.28181],[69.93264,21.28209],[69.93236,21.28209],[69.93236,21.28237],[69.93209,21.28236],[69.93209,21.28264],[69.93181,21.28264],[69.93181,21.28292],[69.93153,21.28292],[69.93153,21.2832],[69.93125,21.28319],[69.93125,21.28348],[69.93097,21.28348],[69.93097,21.28375],[69.93069,21.28375],[69.93069,21.28403],[69.93042,21.28403],[69.93042,21.28431],[69.93014,21.28431],[69.93014,21.28459],[69.92995,21.28458],[69.92986,21.28458],[69.92986,21.28471],[69.92986,21.28486],[69.92976,21.28486],[69.92958,21.28486],[69.92958,21.28513],[69.92958,21.28514],[69.92958,21.28514],[69.92931,21.28514],[69.92931,21.28542],[69.92903,21.28542],[69.92903,21.2857],[69.92875,21.2857],[69.92875,21.28597],[69.92847,21.28597],[69.92847,21.28654],[69.92819,21.28654],[69.92819,21.28681],[69.92792,21.28681],[69.92792,21.28708],[69.92764,21.28708],[69.92764,21.28736],[69.92736,21.28736],[69.92736,21.28764],[69.92709,21.28764],[69.92709,21.28792],[69.92681,21.28792],[69.92681,21.28819],[69.92653,21.28819],[69.92653,21.28847],[69.92625,21.28847],[69.92625,21.28875],[69.92597,21.28875],[69.92597,21.28903],[69.9257,21.28903],[69.9257,21.2893],[69.92541,21.2893],[69.92541,21.28958],[69.92514,21.28958],[69.92514,21.28986],[69.92486,21.28986],[69.92486,21.29014],[69.92458,21.29014],[69.92458,21.29042],[69.92431,21.29042],[69.92431,21.2907],[69.92404,21.2907],[69.92403,21.2907],[69.92403,21.29072],[69.92403,21.29097],[69.9238,21.29097],[69.92375,21.29097],[69.92375,21.29102],[69.92375,21.29125],[69.92355,21.29125],[69.92347,21.29125],[69.92347,21.29134],[69.92347,21.29153],[69.9233,21.29153],[69.92319,21.29153],[69.92319,21.29166],[69.92319,21.29181],[69.92306,21.29181],[69.92292,21.29181],[69.92292,21.29196],[69.92292,21.29236],[69.92264,21.29235],[69.92264,21.29264],[69.92236,21.29264],[69.92236,21.29292],[69.92208,21.29292],[69.92208,21.2932],[69.92183,21.2932],[69.92181,21.2932],[69.92181,21.29321],[69.92181,21.29347],[69.92159,21.29347],[69.92152,21.29347],[69.92152,21.29356],[69.92152,21.29403],[69.92125,21.29403],[69.92125,21.29431],[69.92098,21.29431],[69.92098,21.29458],[69.92069,21.29458],[69.92069,21.29486],[69.92043,21.29486],[69.92041,21.29486],[69.92041,21.29488],[69.92041,21.29514],[69.92019,21.29514],[69.92014,21.29514],[69.92014,21.29521],[69.92014,21.29569],[69.91986,21.29569],[69.91986,21.29598],[69.91959,21.29597],[69.91959,21.29625],[69.9193,21.29625],[69.9193,21.29653],[69.91903,21.29653],[69.91903,21.29681],[69.9188,21.29681],[69.91875,21.29681],[69.91875,21.29687],[69.91875,21.29736],[69.91847,21.29736],[69.91847,21.29764],[69.9182,21.29764],[69.9182,21.29792],[69.91792,21.29792],[69.91792,21.2982],[69.91764,21.29819],[69.91764,21.29848],[69.91739,21.29848],[69.91735,21.29848],[69.91735,21.29854],[69.91735,21.29903],[69.91708,21.29903],[69.91708,21.29931],[69.91681,21.29931],[69.91681,21.29959],[69.91653,21.29959],[69.91653,21.29986],[69.91625,21.29986],[69.91625,21.30014],[69.91601,21.30014],[69.91597,21.30014],[69.91597,21.30018],[69.91597,21.30069],[69.9157,21.3007],[69.9157,21.30097],[69.91541,21.30097],[69.91541,21.30125],[69.91514,21.30125],[69.91514,21.30153],[69.91486,21.30152],[69.91486,21.30181],[69.91458,21.30181],[69.91458,21.30236],[69.91431,21.30236],[69.91431,21.30264],[69.91402,21.30264],[69.91402,21.30292],[69.91375,21.30292],[69.91375,21.30319],[69.91348,21.30319],[69.91348,21.30347],[69.91319,21.30347],[69.91319,21.30403],[69.91292,21.30403],[69.91292,21.30431],[69.91264,21.30431],[69.91264,21.30458],[69.91236,21.30458],[69.91236,21.30486],[69.91209,21.30486],[69.91209,21.30542],[69.91181,21.30542],[69.91181,21.3057],[69.91153,21.3057],[69.91153,21.30597],[69.91125,21.30597],[69.91125,21.30625],[69.91097,21.30625],[69.91097,21.30653],[69.9107,21.30653],[69.9107,21.30708],[69.91042,21.30708],[69.91042,21.30736],[69.91014,21.30736],[69.91014,21.30765],[69.90986,21.30765],[69.90986,21.30792],[69.90958,21.30792],[69.90958,21.30847],[69.90931,21.30847],[69.9093,21.30875],[69.90903,21.30875],[69.90903,21.30903],[69.90875,21.30903],[69.90875,21.30931],[69.90847,21.30931],[69.90847,21.30959],[69.90821,21.30958],[69.90821,21.31014],[69.90791,21.31014],[69.90791,21.31042],[69.90764,21.31042],[69.90764,21.3107],[69.90737,21.3107],[69.90737,21.31097],[69.90708,21.31097],[69.90708,21.31125],[69.90681,21.31125],[69.90681,21.31153],[69.90652,21.31153],[69.90652,21.31181],[69.90625,21.31181],[69.90625,21.31209],[69.90598,21.31208],[69.90598,21.31264],[69.90569,21.31264],[69.90569,21.31292],[69.90542,21.31292],[69.90542,21.3132],[69.90514,21.3132],[69.90514,21.31347],[69.90486,21.31346],[69.90486,21.31375],[69.90459,21.31375],[69.90459,21.31403],[69.9043,21.31403],[69.9043,21.31431],[69.90403,21.31431],[69.90403,21.31458],[69.90375,21.31458],[69.90375,21.31486],[69.90347,21.31486],[69.90347,21.31514],[69.9032,21.31514],[69.9032,21.31542],[69.90292,21.31542],[69.90292,21.31597],[69.90264,21.31597],[69.90264,21.31625],[69.90236,21.31625],[69.90236,21.31653],[69.90209,21.31653],[69.90209,21.3168],[69.9018,21.3168],[69.9018,21.31708],[69.90153,21.31708],[69.90153,21.31736],[69.90125,21.31736],[69.90125,21.31764],[69.90097,21.31764],[69.90097,21.31792],[69.9007,21.31792],[69.9007,21.3182],[69.90042,21.3182],[69.90042,21.31847],[69.90014,21.31847],[69.90014,21.31875],[69.89986,21.31875],[69.89986,21.31931],[69.89958,21.31931],[69.89958,21.31959],[69.89931,21.31959],[69.89931,21.31986],[69.89903,21.31986],[69.89903,21.32014],[69.89875,21.32014],[69.89875,21.32042],[69.89848,21.32042],[69.89848,21.32069],[69.8982,21.32069],[69.8982,21.32097],[69.89792,21.32097],[69.89792,21.32125],[69.89764,21.32125],[69.89764,21.32153],[69.89736,21.32153],[69.89736,21.32181],[69.89709,21.32181],[69.89709,21.32208],[69.8968,21.32208],[69.8968,21.32265],[69.89653,21.32265],[69.89653,21.32292],[69.89625,21.32292],[69.89625,21.32319],[69.89597,21.32319],[69.89597,21.32348],[69.89569,21.32347],[69.89569,21.32375],[69.89542,21.32375],[69.89542,21.32403],[69.89514,21.32403],[69.89514,21.32431],[69.89486,21.32431],[69.89486,21.32458],[69.89459,21.32458],[69.89459,21.32486],[69.8943,21.32486],[69.8943,21.32542],[69.89403,21.32542],[69.89403,21.32571],[69.89375,21.3257],[69.89375,21.32597],[69.89347,21.32597],[69.89347,21.32625],[69.8932,21.32625],[69.8932,21.32653],[69.89291,21.32653],[69.89291,21.32681],[69.89264,21.32681],[69.89264,21.32709],[69.89236,21.32708],[69.89236,21.32764],[69.89208,21.32764],[69.89208,21.32792],[69.89181,21.32792],[69.89181,21.3282],[69.89153,21.3282],[69.89153,21.32847],[69.89125,21.32846],[69.89125,21.32875],[69.89098,21.32875],[69.89098,21.32903],[69.89074,21.32903],[69.8907,21.32903],[69.8907,21.32909],[69.8907,21.32958],[69.89042,21.32958],[69.89043,21.32986],[69.89014,21.32986],[69.89014,21.33014],[69.8899,21.33014],[69.88986,21.33014],[69.88986,21.33019],[69.88986,21.33042],[69.88968,21.33042],[69.88958,21.33042],[69.88958,21.33054],[69.88958,21.33069],[69.88944,21.33069],[69.88931,21.33069],[69.88931,21.33084],[69.88931,21.33125],[69.88903,21.33125],[69.88903,21.33153],[69.88875,21.33153],[69.88875,21.33181],[69.88848,21.33181],[69.88848,21.33208],[69.88819,21.33208],[69.88819,21.33236],[69.88792,21.33237],[69.88792,21.33292],[69.88764,21.33292],[69.88764,21.3332],[69.88736,21.3332],[69.88736,21.33347],[69.88709,21.33347],[69.88709,21.33375],[69.8868,21.33375],[69.8868,21.33431],[69.88653,21.3343],[69.88653,21.33459],[69.88626,21.33458],[69.88626,21.33486],[69.88597,21.33486],[69.88597,21.33514],[69.88569,21.33514],[69.88569,21.33542],[69.88542,21.33542],[69.88542,21.33597],[69.88514,21.33597],[69.88514,21.33625],[69.88486,21.33625],[69.88486,21.33653],[69.88458,21.33653],[69.88458,21.33681],[69.8843,21.33681],[69.88431,21.33736],[69.88404,21.33736],[69.88404,21.33765],[69.88375,21.33765],[69.88375,21.33792],[69.88347,21.33792],[69.88347,21.3382],[69.88319,21.3382],[69.88319,21.33847],[69.88292,21.33847],[69.88292,21.33903],[69.88264,21.33903],[69.88264,21.33931],[69.88236,21.33931],[69.88236,21.33958],[69.88208,21.33958],[69.88208,21.33986],[69.88181,21.33986],[69.88181,21.34014],[69.88153,21.34014],[69.88153,21.34042],[69.88125,21.34042],[69.88125,21.3407],[69.88097,21.34069],[69.88097,21.34112],[69.88097,21.34125],[69.88084,21.34125],[69.88069,21.34125],[69.88069,21.34141],[69.88069,21.34153],[69.88057,21.34153],[69.88042,21.34153],[69.88042,21.34169],[69.88042,21.34181],[69.88031,21.34181],[69.88014,21.34181],[69.88014,21.34199],[69.88014,21.34208],[69.88005,21.34208],[69.87986,21.34208],[69.87986,21.34228],[69.87986,21.34236],[69.87978,21.34236],[69.87959,21.34236],[69.87959,21.34256],[69.87959,21.34264],[69.87952,21.34264],[69.8793,21.34264],[69.8793,21.34287],[69.8793,21.34292],[69.87925,21.34292],[69.87903,21.34292],[69.87903,21.34316],[69.87903,21.3432],[69.87899,21.3432],[69.87876,21.34319],[69.87876,21.34344],[69.87876,21.34347],[69.87873,21.34347],[69.87847,21.34347],[69.87847,21.34374],[69.87847,21.34403],[69.8782,21.34403],[69.8782,21.34431],[69.87794,21.34431],[69.87792,21.34431],[69.87792,21.34433],[69.87792,21.34458],[69.87767,21.34458],[69.87764,21.34458],[69.87764,21.34462],[69.87764,21.34486],[69.87744,21.34486],[69.87736,21.34486],[69.87736,21.34501],[69.87736,21.34514],[69.87729,21.34514],[69.87708,21.34514],[69.87708,21.34542],[69.87681,21.34542],[69.87681,21.34569],[69.87653,21.34569],[69.87653,21.34597],[69.87625,21.34597],[69.87625,21.34625],[69.87597,21.34625],[69.87597,21.34682],[69.8757,21.34681],[69.8757,21.34708],[69.87542,21.34708],[69.87543,21.34736],[69.87514,21.34736],[69.87514,21.34764],[69.87486,21.34764],[69.87486,21.34792],[69.87458,21.34792],[69.87458,21.34819],[69.87431,21.34819],[69.87431,21.34847],[69.87403,21.34847],[69.87403,21.34875],[69.87375,21.34875],[69.87375,21.34903],[69.87347,21.34903],[69.87347,21.34959],[69.87319,21.34959],[69.87319,21.34986],[69.87292,21.34986],[69.87292,21.35014],[69.87264,21.35014],[69.87264,21.35042],[69.87236,21.35042],[69.87236,21.3507],[69.87208,21.3507],[69.87208,21.35097],[69.87181,21.35097],[69.87181,21.35125],[69.87153,21.35125],[69.87153,21.35153],[69.87125,21.35153],[69.87125,21.35181],[69.87097,21.35181],[69.87097,21.35236],[69.8707,21.35236],[69.8707,21.35264],[69.87041,21.35263],[69.87041,21.35292],[69.87014,21.35292],[69.87014,21.3532],[69.86986,21.3532],[69.86986,21.35347],[69.86959,21.35347],[69.86959,21.35375],[69.8693,21.35375],[69.8693,21.35403],[69.86903,21.35403],[69.86903,21.35431],[69.86875,21.35431],[69.86875,21.35459],[69.86847,21.35458],[69.86847,21.35514],[69.86819,21.35514],[69.86819,21.35542],[69.86792,21.35542],[69.86792,21.3557],[69.86764,21.3557],[69.86764,21.35597],[69.86736,21.35597],[69.86736,21.35625],[69.86708,21.35625],[69.86708,21.35653],[69.86681,21.35653],[69.86681,21.35681],[69.86653,21.35681],[69.86653,21.35736],[69.86626,21.35736],[69.86626,21.35764],[69.86597,21.35764],[69.86597,21.35792],[69.86569,21.35792],[69.86569,21.35819],[69.86542,21.35819],[69.86542,21.35847],[69.86514,21.35847],[69.86514,21.35876],[69.86486,21.35876],[69.86486,21.35903],[69.86459,21.35903],[69.86459,21.35958],[69.86431,21.35958],[69.86431,21.35986],[69.86403,21.35986],[69.86403,21.36014],[69.86375,21.36014],[69.86375,21.36042],[69.86347,21.36042],[69.86347,21.3607],[69.8632,21.3607],[69.8632,21.36097],[69.86292,21.36097],[69.86292,21.36125],[69.86264,21.36125],[69.86264,21.36153],[69.86236,21.36153],[69.86236,21.36208],[69.86209,21.36208],[69.86209,21.36236],[69.86181,21.36236],[69.86181,21.36264],[69.86153,21.36264],[69.86153,21.36292],[69.86125,21.36292],[69.86125,21.36319],[69.86097,21.3632],[69.86097,21.36347],[69.86069,21.36347],[69.86069,21.36375],[69.86042,21.36375],[69.86042,21.36431],[69.86014,21.36431],[69.86014,21.36459],[69.85987,21.36457],[69.85987,21.36486],[69.85958,21.36486],[69.85958,21.36514],[69.8593,21.36514],[69.8593,21.36542],[69.85903,21.36542],[69.85903,21.3657],[69.85875,21.3657],[69.85875,21.36597],[69.85847,21.36597],[69.85847,21.36653],[69.85819,21.36653],[69.85819,21.36681],[69.85792,21.36681],[69.85792,21.36708],[69.85764,21.36708],[69.85765,21.36736],[69.85736,21.36736],[69.85736,21.36764],[69.85708,21.36763],[69.85708,21.36792],[69.85681,21.36792],[69.85681,21.3682],[69.85653,21.36819],[69.85653,21.36875],[69.85625,21.36875],[69.85625,21.36903],[69.85597,21.36903],[69.85597,21.36931],[69.8557,21.36931],[69.8557,21.36959],[69.85542,21.36959],[69.85542,21.36986],[69.85514,21.36986],[69.85514,21.37014],[69.85486,21.37014],[69.85486,21.3707],[69.85459,21.3707],[69.85459,21.37097],[69.85431,21.37097],[69.85432,21.37125],[69.85403,21.37125],[69.85403,21.37153],[69.85375,21.37153],[69.85375,21.37181],[69.85347,21.37181],[69.85347,21.37208],[69.8532,21.37208],[69.8532,21.37264],[69.85291,21.37264],[69.85291,21.37292],[69.85264,21.37292],[69.85264,21.37319],[69.85237,21.37319],[69.85237,21.37347],[69.85208,21.37347],[69.85208,21.37376],[69.85181,21.37376],[69.85181,21.37403],[69.85153,21.37403],[69.85153,21.37458],[69.85125,21.37458],[69.85125,21.37486],[69.85098,21.37486],[69.85098,21.37514],[69.85069,21.37514],[69.85069,21.37542],[69.85042,21.37542],[69.85042,21.37569],[69.85014,21.37569],[69.85014,21.37597],[69.84986,21.37597],[69.84986,21.37625],[69.84959,21.37625],[69.84959,21.37681],[69.84931,21.37681],[69.84931,21.37708],[69.84903,21.37708],[69.84903,21.37736],[69.84875,21.37736],[69.84875,21.37764],[69.84847,21.37764],[69.84847,21.37792],[69.8482,21.37792],[69.8482,21.3782],[69.84792,21.3782],[69.84793,21.37875],[69.84764,21.37875],[69.84764,21.37903],[69.84736,21.37903],[69.84736,21.37931],[69.84709,21.37931],[69.84709,21.37958],[69.84681,21.37958],[69.8468,21.37986],[69.84653,21.37986],[69.84653,21.38014],[69.84625,21.38014],[69.84625,21.3807],[69.84597,21.3807],[69.84597,21.38097],[69.8457,21.38097],[69.84571,21.38125],[69.84542,21.38125],[69.84542,21.38153],[69.84513,21.38153],[69.84513,21.38181],[69.84487,21.38181],[69.84487,21.38209],[69.84458,21.38208],[69.84458,21.38264],[69.84431,21.38264],[69.84431,21.38293],[69.84403,21.38292],[69.84403,21.3832],[69.84375,21.3832],[69.84375,21.38347],[69.84347,21.38347],[69.84348,21.38375],[69.84319,21.38375],[69.84319,21.38403],[69.84292,21.38403],[69.84292,21.38431],[69.84264,21.38431],[69.84264,21.38486],[69.84236,21.38486],[69.84236,21.38514],[69.84209,21.38514],[69.84209,21.38542],[69.8418,21.38542],[69.8418,21.3857],[69.84153,21.38569],[69.84153,21.38597],[69.84125,21.38597],[69.84125,21.38625],[69.84097,21.38625],[69.84097,21.38653],[69.8407,21.38653],[69.8407,21.38708],[69.84042,21.38708],[69.84042,21.38736],[69.84014,21.38736],[69.84014,21.38764],[69.83986,21.38764],[69.83986,21.38792],[69.83958,21.38792],[69.83958,21.3882],[69.8393,21.38819],[69.8393,21.38847],[69.83903,21.38847],[69.83903,21.38875],[69.83875,21.38874],[69.83875,21.38931],[69.83847,21.3893],[69.83847,21.38959],[69.8382,21.38959],[69.8382,21.38986],[69.83791,21.38986],[69.83791,21.39014],[69.83764,21.39014],[69.83764,21.39042],[69.83737,21.39042],[69.83737,21.3907],[69.83708,21.3907],[69.83708,21.39097],[69.83681,21.39097],[69.83681,21.39153],[69.83653,21.39153],[69.83653,21.39181],[69.83625,21.39181],[69.83625,21.39208],[69.83598,21.39208],[69.83599,21.39236],[69.8357,21.39236],[69.8357,21.39264],[69.83542,21.39264],[69.83542,21.39292],[69.83514,21.39292],[69.83514,21.39319],[69.83486,21.39319],[69.83486,21.39375],[69.83459,21.39375],[69.83459,21.39403],[69.8343,21.39403],[69.8343,21.39431],[69.83403,21.39431],[69.83403,21.39458],[69.83375,21.39458],[69.83375,21.39487],[69.83348,21.39487],[69.83348,21.39514],[69.83319,21.39514],[69.83319,21.39542],[69.83291,21.39542],[69.83291,21.39597],[69.83264,21.39597],[69.83264,21.39625],[69.83236,21.39625],[69.83236,21.39653],[69.83209,21.39653],[69.83209,21.39681],[69.8318,21.39681],[69.8318,21.39709],[69.83153,21.39709],[69.83153,21.39736],[69.83125,21.39736],[69.83125,21.39764],[69.83097,21.39764],[69.83097,21.3982],[69.83069,21.3982],[69.83069,21.39847],[69.83041,21.39847],[69.83042,21.39875],[69.83015,21.39875],[69.83015,21.39903],[69.82986,21.39903],[69.82986,21.39931],[69.82958,21.39931],[69.82958,21.39958],[69.82931,21.39958],[69.82931,21.39986],[69.82903,21.39986],[69.82903,21.40014],[69.82875,21.40014],[69.82875,21.40069],[69.82848,21.40069],[69.82848,21.40097],[69.82819,21.40097],[69.82819,21.40125],[69.82792,21.40125],[69.82792,21.40153],[69.82764,21.40153],[69.82764,21.40181],[69.82736,21.40181],[69.82736,21.40208],[69.82708,21.40208],[69.82708,21.40236],[69.82681,21.40236],[69.82681,21.40264],[69.82653,21.40264],[69.82653,21.40319],[69.82625,21.40319],[69.82625,21.40347],[69.82598,21.40347],[69.82598,21.40375],[69.82569,21.40374],[69.82569,21.40403],[69.82542,21.40403],[69.82542,21.40431],[69.82514,21.40431],[69.82514,21.40458],[69.82486,21.40458],[69.82486,21.40486],[69.82459,21.40486],[69.82459,21.40542],[69.8243,21.40542],[69.8243,21.4057],[69.82403,21.4057],[69.82403,21.40597],[69.82376,21.40597],[69.82376,21.40625],[69.82347,21.40625],[69.82347,21.40653],[69.8232,21.40653],[69.8232,21.40681],[69.82292,21.40681],[69.82292,21.40708],[69.82264,21.40708],[69.82264,21.40736],[69.82236,21.40736],[69.82236,21.40792],[69.82208,21.40792],[69.82208,21.40819],[69.82181,21.40819],[69.82181,21.40847],[69.82153,21.40847],[69.82154,21.40875],[69.82125,21.40875],[69.82125,21.40903],[69.82096,21.40903],[69.82096,21.40931],[69.8207,21.40931],[69.8207,21.40959],[69.82042,21.40958],[69.82042,21.40987],[69.82014,21.40987],[69.82014,21.41042],[69.81986,21.41042],[69.81986,21.4107],[69.81958,21.4107],[69.81958,21.41097],[69.81931,21.41097],[69.81931,21.41125],[69.81903,21.41125],[69.81903,21.41153],[69.81875,21.41153],[69.81875,21.41181],[69.81848,21.41181],[69.81848,21.41208],[69.81819,21.41208],[69.81819,21.41264],[69.81792,21.41264],[69.81792,21.41292],[69.81764,21.41292],[69.81764,21.41319],[69.81736,21.41319],[69.81736,21.41347],[69.81708,21.41347],[69.81709,21.41375],[69.8168,21.41375],[69.8168,21.41403],[69.81653,21.41403],[69.81653,21.4143],[69.81626,21.4143],[69.81626,21.41487],[69.81597,21.41486],[69.81597,21.41514],[69.8157,21.41514],[69.8157,21.41542],[69.81541,21.41542],[69.81541,21.4157],[69.81514,21.41569],[69.81514,21.41597],[69.81486,21.41597],[69.81486,21.41625],[69.81458,21.41625],[69.81458,21.41653],[69.81431,21.41653],[69.81431,21.41709],[69.81403,21.41708],[69.81403,21.41736],[69.81375,21.41736],[69.81375,21.41764],[69.81347,21.41764],[69.81347,21.41792],[69.8132,21.41792],[69.8132,21.4182],[69.81292,21.4182],[69.81292,21.41847],[69.81264,21.41847],[69.81264,21.41875],[69.81236,21.41875],[69.81236,21.41931],[69.81208,21.41931],[69.81208,21.41958],[69.81181,21.41958],[69.81182,21.41986],[69.81153,21.41986],[69.81153,21.42014],[69.81125,21.42014],[69.81125,21.42042],[69.81098,21.42042],[69.81098,21.42069],[69.81069,21.42069],[69.81069,21.42097],[69.81042,21.42097],[69.81042,21.42153],[69.81014,21.42153],[69.81014,21.42181],[69.80986,21.42181],[69.80986,21.42208],[69.80959,21.42208],[69.80959,21.42236],[69.80931,21.42236],[69.80931,21.42264],[69.80902,21.42264],[69.80902,21.42292],[69.80875,21.42292],[69.80875,21.4232],[69.80847,21.4232],[69.80847,21.42347],[69.8082,21.42347],[69.8082,21.42375],[69.80791,21.42375],[69.80791,21.42431],[69.80764,21.42431],[69.80764,21.42459],[69.80736,21.42459],[69.80736,21.42486],[69.80709,21.42485],[69.80709,21.42514],[69.80681,21.42514],[69.80681,21.42542],[69.80652,21.42542],[69.80652,21.42569],[69.80625,21.4257],[69.80625,21.42597],[69.80596,21.42597],[69.80596,21.42625],[69.80569,21.42625],[69.80569,21.42681],[69.80542,21.42681],[69.80542,21.42708],[69.80514,21.42708],[69.80514,21.42736],[69.80486,21.42736],[69.80486,21.42764],[69.80458,21.42764],[69.80458,21.42792],[69.8043,21.42792],[69.8043,21.42819],[69.80403,21.42819],[69.80403,21.42848],[69.80375,21.42847],[69.80375,21.42875],[69.80347,21.42875],[69.80347,21.42903],[69.80319,21.42903],[69.80319,21.42931],[69.80292,21.4293],[69.80292,21.42958],[69.80264,21.42958],[69.80264,21.43014],[69.80236,21.43014],[69.80236,21.43042],[69.80209,21.43041],[69.80209,21.4307],[69.80181,21.4307],[69.80181,21.43097],[69.80153,21.43097],[69.80153,21.43125],[69.80125,21.43125],[69.80125,21.43153],[69.80097,21.43153],[69.80097,21.43181],[69.8007,21.43181],[69.8007,21.43209],[69.80042,21.43209],[69.80042,21.43236],[69.80014,21.43236],[69.80014,21.43264],[69.79986,21.43264],[69.79986,21.4332],[69.79959,21.4332],[69.79959,21.43347],[69.79931,21.43347],[69.79931,21.43375],[69.79903,21.43375],[69.79903,21.43404],[69.79875,21.43404],[69.79875,21.43431],[69.79847,21.43431],[69.79847,21.43458],[69.79819,21.43458],[69.79819,21.43486],[69.79792,21.43486],[69.79792,21.43514],[69.79764,21.43514],[69.79764,21.43542],[69.79737,21.43542],[69.79737,21.43588],[69.79737,21.43597],[69.79728,21.43597],[69.79708,21.43597],[69.79708,21.4362],[69.79708,21.43625],[69.79704,21.43625],[69.79681,21.43625],[69.79681,21.43651],[69.79681,21.43653],[69.79679,21.43653],[69.79652,21.43653],[69.79652,21.43681],[69.79625,21.43681],[69.79625,21.43709],[69.79597,21.43708],[69.79597,21.43736],[69.79569,21.43736],[69.79569,21.43777],[69.79569,21.43792],[69.79557,21.43792],[69.79542,21.43792],[69.79542,21.43793],[69.79542,21.43809],[69.79542,21.4382],[69.79532,21.4382],[69.79531,21.4382],[69.79514,21.4382],[69.79514,21.43841],[69.79514,21.43841],[69.79514,21.43847],[69.79508,21.43847],[69.79508,21.43847],[69.79486,21.43847],[69.79486,21.43872],[69.79486,21.43872],[69.79486,21.43875],[69.79484,21.43875],[69.79483,21.43875],[69.79459,21.43875],[69.79459,21.43903],[69.79459,21.43903],[69.79459,21.43903],[69.79429,21.43903],[69.79429,21.43931],[69.79403,21.43931],[69.79403,21.43958],[69.79375,21.43958],[69.79375,21.43986],[69.79347,21.43985],[69.79347,21.44014],[69.7932,21.44014],[69.7932,21.44042],[69.79292,21.44042],[69.79292,21.44069],[69.79264,21.44069],[69.79264,21.44097],[69.79236,21.44097],[69.79236,21.44153],[69.79209,21.44153],[69.79209,21.4418],[69.79181,21.4418],[69.79181,21.44208],[69.79153,21.44208],[69.79153,21.44237],[69.79125,21.44236],[69.79125,21.44264],[69.79098,21.44264],[69.79098,21.44292],[69.7907,21.44292],[69.7907,21.4432],[69.79041,21.44319],[69.79041,21.44348],[69.79014,21.44347],[69.79014,21.44375],[69.78986,21.44375],[69.78986,21.44431],[69.78958,21.4443],[69.78958,21.44459],[69.78931,21.44458],[69.78931,21.44486],[69.78902,21.44486],[69.78902,21.44514],[69.78875,21.44514],[69.78875,21.44542],[69.78847,21.44542],[69.78847,21.4457],[69.78819,21.44569],[69.78819,21.44598],[69.78792,21.44598],[69.78792,21.44625],[69.78764,21.44625],[69.78764,21.44653],[69.78736,21.44653],[69.78736,21.44681],[69.78709,21.44681],[69.78709,21.44736],[69.7868,21.44736],[69.7868,21.44764],[69.78653,21.44764],[69.78653,21.44792],[69.78625,21.44792],[69.78625,21.44819],[69.78597,21.44819],[69.78597,21.44847],[69.7857,21.44847],[69.7857,21.44875],[69.78543,21.44875],[69.78543,21.44904],[69.78514,21.44904],[69.78514,21.44931],[69.78486,21.44931],[69.78486,21.44958],[69.78458,21.44958],[69.78458,21.45014],[69.78431,21.45014],[69.7843,21.45042],[69.78403,21.45042],[69.78403,21.4507],[69.78375,21.4507],[69.78375,21.45097],[69.78347,21.45097],[69.78347,21.45125],[69.78321,21.45125],[69.78321,21.45153],[69.78292,21.45153],[69.78292,21.45181],[69.78264,21.45181],[69.78264,21.45236],[69.78236,21.45236],[69.78236,21.45264],[69.78181,21.45264],[69.78181,21.45292],[69.78153,21.45292],[69.78153,21.4532],[69.78125,21.4532],[69.78125,21.45347],[69.78098,21.45347],[69.78098,21.45375],[69.78069,21.45375],[69.78069,21.45403],[69.78042,21.45403],[69.78042,21.45431],[69.78013,21.45431],[69.78013,21.45458],[69.77986,21.45458],[69.77986,21.45486],[69.77959,21.45486],[69.77959,21.45514],[69.7793,21.45514],[69.7793,21.45542],[69.78013,21.45542],[69.78013,21.45543],[69.78013,21.45543],[69.78013,21.45598],[69.77986,21.45597],[69.77986,21.45653],[69.77959,21.45653],[69.77959,21.45709],[69.77903,21.45709],[69.77904,21.45736],[69.77875,21.45736],[69.77875,21.45764],[69.77847,21.45764],[69.77847,21.45792],[69.7782,21.45791],[69.7782,21.45847],[69.77847,21.45847],[69.77847,21.45875],[69.77875,21.45875],[69.77875,21.45847],[69.77903,21.45847],[69.77903,21.4582],[69.77931,21.4582],[69.77931,21.45791],[69.77986,21.45792],[69.77986,21.45764],[69.78013,21.45764],[69.78013,21.45736],[69.78042,21.45736],[69.78042,21.45681],[69.78069,21.45681],[69.78069,21.45625],[69.78098,21.45625],[69.78098,21.45569],[69.78125,21.45569],[69.78125,21.45542],[69.78181,21.45542],[69.78181,21.45514],[69.78208,21.45514],[69.78208,21.45486],[69.78264,21.45486],[69.78264,21.45458],[69.78292,21.45458],[69.78292,21.45431],[69.78321,21.45431],[69.78321,21.45403],[69.78347,21.45403],[69.78347,21.45375],[69.78375,21.45375],[69.78375,21.45347],[69.78403,21.45347],[69.78403,21.4532],[69.7843,21.4532],[69.7843,21.45292],[69.78485,21.45292],[69.78485,21.45264],[69.78543,21.45264],[69.78543,21.45236],[69.78625,21.45236],[69.78625,21.45208],[69.78681,21.45209],[69.78681,21.45181],[69.78764,21.45181],[69.78764,21.45153],[69.79153,21.45153],[69.79153,21.45125],[69.79402,21.45125],[69.79402,21.45153],[69.79652,21.45153],[69.79652,21.45181],[69.79792,21.45181],[69.79792,21.45209],[69.79879,21.45208],[69.79986,21.45208],[69.79986,21.45236],[69.80014,21.45236],[69.80014,21.4532],[69.80097,21.4532],[69.80097,21.45347],[69.80014,21.45347],[69.80014,21.45375],[69.79958,21.45375],[69.79958,21.45403],[69.79986,21.45403],[69.79986,21.45431],[69.80014,21.45431],[69.80014,21.45458],[69.80042,21.45458],[69.80042,21.45486],[69.80097,21.45486],[69.80097,21.45514],[69.80153,21.45514],[69.80153,21.45542],[69.80181,21.45542],[69.80181,21.45569],[69.80209,21.45569],[69.80209,21.45542],[69.80264,21.45542],[69.80264,21.45514],[69.80319,21.45514],[69.80319,21.45486],[69.80458,21.45486],[69.80458,21.45598],[69.80319,21.45597],[69.80319,21.45625],[69.80153,21.45625],[69.80153,21.45597],[69.80097,21.45598],[69.80097,21.45709],[69.80125,21.45708],[69.80125,21.45792],[69.80153,21.45792],[69.80153,21.45875],[69.80181,21.45875],[69.80181,21.45931],[69.80209,21.45931],[69.80209,21.45986],[69.80236,21.45986],[69.80236,21.46014],[69.80264,21.46014],[69.80264,21.4607],[69.80292,21.4607],[69.80292,21.46125],[69.80319,21.46125],[69.80319,21.46181],[69.80347,21.46181],[69.80347,21.46208],[69.80375,21.46208],[69.80375,21.46264],[69.80403,21.46264],[69.80403,21.46292],[69.8043,21.46292],[69.8043,21.46319],[69.80486,21.46319],[69.80486,21.46347],[69.80514,21.46347],[69.80514,21.46375],[69.80486,21.46375],[69.80486,21.46403],[69.8043,21.46403],[69.8043,21.46375],[69.80403,21.46375],[69.80403,21.46347],[69.80375,21.46347],[69.80375,21.46319],[69.80319,21.46319],[69.80319,21.46292],[69.80292,21.46292],[69.80292,21.46264],[69.80264,21.46264],[69.80264,21.46236],[69.80236,21.46236],[69.80236,21.46181],[69.80209,21.46181],[69.80209,21.46125],[69.8018,21.46125],[69.8018,21.4607],[69.80153,21.4607],[69.80153,21.46014],[69.80125,21.46014],[69.80125,21.45958],[69.80097,21.45959],[69.80097,21.45903],[69.8007,21.45903],[69.8007,21.45847],[69.80042,21.45847],[69.80042,21.45764],[69.80014,21.45764],[69.80014,21.45653],[69.79986,21.45653],[69.79986,21.45569],[69.79959,21.45569],[69.79959,21.45514],[69.79931,21.45514],[69.79931,21.45486],[69.79903,21.45486],[69.79903,21.45458],[69.79875,21.45458],[69.79875,21.45431],[69.79847,21.45431],[69.79847,21.45403],[69.79792,21.45403],[69.79792,21.45375],[69.79764,21.45375],[69.79764,21.45347],[69.79708,21.45347],[69.79708,21.4532],[69.79625,21.4532],[69.79625,21.45292],[69.79569,21.45292],[69.79569,21.45264],[69.79347,21.45264],[69.79347,21.45292],[69.79181,21.45292],[69.79181,21.4532],[69.79125,21.4532],[69.79125,21.45347],[69.78597,21.45347],[69.78597,21.45375],[69.78514,21.45375],[69.78514,21.45458],[69.78485,21.45458],[69.78485,21.45514],[69.78431,21.45514],[69.7843,21.45542],[69.78403,21.45542],[69.78403,21.45569],[69.78375,21.45569],[69.78375,21.45598],[69.78347,21.45597],[69.78347,21.45625],[69.78321,21.45625],[69.78321,21.45653],[69.78292,21.45653],[69.78292,21.45681],[69.78208,21.4568],[69.78208,21.45709],[69.78181,21.45708],[69.78181,21.45736],[69.78152,21.45736],[69.78152,21.45764],[69.78125,21.45764],[69.78125,21.45792],[69.78098,21.45791],[69.78098,21.45847],[69.78069,21.45847],[69.78069,21.45875],[69.77959,21.45875],[69.77959,21.45931],[69.77931,21.45931],[69.77931,21.45986],[69.77904,21.45986],[69.77904,21.46042],[69.7782,21.46042],[69.7782,21.4607],[69.77736,21.4607],[69.77736,21.46098],[69.77708,21.46098],[69.77708,21.46125],[69.77736,21.46125],[69.77736,21.46153],[69.77764,21.46153],[69.77764,21.46181],[69.77847,21.46181],[69.77847,21.46236],[69.7782,21.46236],[69.7782,21.46292],[69.7768,21.46292],[69.7768,21.46319],[69.77486,21.46319],[69.77486,21.46264],[69.77458,21.46264],[69.77458,21.46208],[69.77486,21.46208],[69.77486,21.46142],[69.77486,21.46141],[69.77486,21.46125],[69.77501,21.46125],[69.77501,21.46125],[69.77514,21.46125],[69.77514,21.4611],[69.77514,21.4611],[69.77514,21.4607],[69.77541,21.4607],[69.77541,21.46042],[69.7757,21.46042],[69.7757,21.45986],[69.77514,21.45986],[69.77514,21.46014],[69.77486,21.46014],[69.77486,21.46042],[69.77458,21.46042],[69.77458,21.4607],[69.77431,21.4607],[69.77431,21.46125],[69.77403,21.46125],[69.77403,21.46153],[69.77375,21.46153],[69.77375,21.46181],[69.77348,21.46181],[69.77348,21.46236],[69.7732,21.46236],[69.7732,21.46264],[69.77291,21.46264],[69.77291,21.46292],[69.77264,21.46292],[69.77264,21.46347],[69.77236,21.46347],[69.77236,21.46375],[69.77209,21.46375],[69.77209,21.46403],[69.77181,21.46403],[69.77181,21.46458],[69.77153,21.46458],[69.77153,21.46486],[69.77125,21.46486],[69.77125,21.46542],[69.77098,21.46542],[69.77098,21.4657],[69.77069,21.4657],[69.77069,21.46597],[69.77042,21.46597],[69.77042,21.46625],[69.77014,21.46625],[69.77014,21.46653],[69.76986,21.46653],[69.76986,21.467],[69.76986,21.467],[69.76986,21.46708],[69.76977,21.46708],[69.76977,21.46708],[69.76959,21.46708],[69.76959,21.46726],[69.76959,21.46726],[69.76959,21.46736],[69.76948,21.46736],[69.76948,21.46736],[69.7693,21.46736],[69.7693,21.46753],[69.7693,21.46754],[69.7693,21.46764],[69.7692,21.46764],[69.76919,21.46764],[69.76903,21.46764],[69.76903,21.4678],[69.76903,21.4678],[69.76903,21.46792],[69.76891,21.46792],[69.7689,21.46792],[69.76875,21.46792],[69.76875,21.46807],[69.76875,21.46807],[69.76875,21.4682],[69.76862,21.4682],[69.76862,21.4682],[69.76847,21.46819],[69.76847,21.46834],[69.76847,21.46834],[69.76847,21.46847],[69.76834,21.46847],[69.76833,21.46847],[69.7682,21.46847],[69.7682,21.4686],[69.7682,21.46861],[69.7682,21.46875],[69.76805,21.46875],[69.76804,21.46875],[69.7679,21.46875],[69.7679,21.46889],[69.7679,21.46889],[69.7679,21.46903],[69.76776,21.46903],[69.76776,21.46903],[69.76764,21.46903],[69.76764,21.46914],[69.76764,21.46914],[69.76764,21.46931],[69.76747,21.46931],[69.76747,21.46931],[69.76737,21.46931],[69.76737,21.46941],[69.76737,21.46941],[69.76737,21.46959],[69.76718,21.46959],[69.76718,21.46959],[69.76708,21.46959],[69.76708,21.46968],[69.76708,21.46968],[69.76708,21.46987],[69.7669,21.46986],[69.76689,21.46986],[69.76681,21.46986],[69.76681,21.46994],[69.76681,21.46995],[69.76681,21.47015],[69.7666,21.47015],[69.76659,21.47015],[69.76653,21.47015],[69.76653,21.47021],[69.76653,21.47021],[69.76653,21.47042],[69.76632,21.47042],[69.76631,21.47042],[69.76625,21.47042],[69.76625,21.47048],[69.76625,21.47048],[69.76625,21.4707],[69.76604,21.4707],[69.76603,21.4707],[69.76598,21.4707],[69.76598,21.47075],[69.76598,21.47075],[69.76598,21.47097],[69.76575,21.47097],[69.76575,21.47097],[69.76568,21.47097],[69.76568,21.47103],[69.76568,21.47103],[69.76568,21.47153],[69.76542,21.47153],[69.76542,21.47181],[69.76514,21.4718],[69.76514,21.47209],[69.76486,21.47208],[69.76486,21.47236],[69.76458,21.47236],[69.76458,21.47264],[69.76431,21.47264],[69.76431,21.47292],[69.76403,21.47292],[69.76403,21.4732],[69.76375,21.4732],[69.76375,21.47347],[69.76349,21.47347],[69.76349,21.47347],[69.76347,21.47347],[69.76347,21.4735],[69.76347,21.47351],[69.76347,21.47375],[69.7633,21.47375],[69.7633,21.47375],[69.76319,21.47375],[69.76319,21.47392],[69.76319,21.47392],[69.76319,21.47403],[69.76312,21.47403],[69.76312,21.47403],[69.76292,21.47403],[69.76292,21.47431],[69.76264,21.47431],[69.76264,21.47458],[69.76236,21.47458],[69.76236,21.47486],[69.76208,21.47486],[69.76209,21.47514],[69.7618,21.47514],[69.7618,21.47542],[69.76153,21.47542],[69.76153,21.47569],[69.76125,21.47569],[69.76125,21.47597],[69.76097,21.47596],[69.76097,21.47625],[69.7607,21.47625],[69.7607,21.4768],[69.76042,21.4768],[69.76042,21.47708],[69.76014,21.47708],[69.76014,21.47736],[69.75986,21.47736],[69.75986,21.47764],[69.75958,21.47764],[69.75958,21.47792],[69.75931,21.47792],[69.75931,21.4782],[69.75903,21.4782],[69.75903,21.47847],[69.75875,21.47847],[69.75875,21.47875],[69.75847,21.47875],[69.75847,21.47903],[69.75819,21.47902],[69.75819,21.47931],[69.75792,21.47931],[69.75792,21.47959],[69.75764,21.47958],[69.75764,21.47986],[69.75736,21.47986],[69.75736,21.48014],[69.75708,21.48014],[69.75708,21.48042],[69.75681,21.48042],[69.75681,21.4807],[69.75653,21.4807],[69.75653,21.48097],[69.75625,21.48097],[69.75625,21.48125],[69.75597,21.48125],[69.75597,21.48153],[69.75569,21.48153],[69.75569,21.48181],[69.75542,21.48181],[69.75542,21.48209],[69.75514,21.48209],[69.75514,21.48264],[69.75487,21.48264],[69.75487,21.48292],[69.75459,21.48292],[69.75459,21.48319],[69.7543,21.48319],[69.7543,21.48348],[69.75403,21.48347],[69.75403,21.48375],[69.75374,21.48375],[69.75374,21.48403],[69.75347,21.48403],[69.75347,21.48431],[69.7532,21.48431],[69.7532,21.48459],[69.75292,21.48459],[69.75292,21.48486],[69.75264,21.48486],[69.75264,21.48515],[69.75236,21.48515],[69.75236,21.48542],[69.75208,21.48541],[69.75208,21.4857],[69.75181,21.4857],[69.75181,21.48597],[69.75153,21.48597],[69.75153,21.48625],[69.75125,21.48625],[69.75125,21.48653],[69.75097,21.48653],[69.75097,21.48681],[69.7507,21.48681],[69.7507,21.48736],[69.7507,21.48736],[69.75069,21.48736],[69.75042,21.48736],[69.75042,21.48764],[69.75042,21.48764],[69.75041,21.48764],[69.75014,21.48764],[69.75014,21.48791],[69.75014,21.48792],[69.75013,21.48792],[69.74986,21.48792],[69.74986,21.48819],[69.74986,21.4882],[69.74986,21.4882],[69.74958,21.4882],[69.74959,21.48847],[69.74959,21.48848],[69.74958,21.48848],[69.74931,21.48847],[69.74931,21.48874],[69.74931,21.48875],[69.74931,21.48875],[69.74903,21.48875],[69.74903,21.48902],[69.74903,21.48903],[69.74903,21.48903],[69.74874,21.48903],[69.74875,21.48931],[69.74875,21.48931],[69.74874,21.48931],[69.74847,21.48931],[69.74848,21.48958],[69.74848,21.48959],[69.74847,21.48959],[69.74819,21.48958],[69.7482,21.48986],[69.7482,21.48987],[69.74819,21.48987],[69.74792,21.48986],[69.74792,21.49014],[69.74792,21.49014],[69.74792,21.49014],[69.74764,21.49014],[69.74764,21.49042],[69.74764,21.49042],[69.74764,21.49042],[69.74736,21.49042],[69.74737,21.4907],[69.74737,21.4907],[69.74736,21.4907],[69.74709,21.49069],[69.74709,21.49097],[69.74709,21.49097],[69.74709,21.49125],[69.74681,21.49125],[69.74681,21.49125],[69.74681,21.49126],[69.74681,21.49126],[69.74681,21.49153],[69.74653,21.49153],[69.74653,21.49181],[69.74626,21.49181],[69.74626,21.49181],[69.74625,21.49181],[69.74625,21.49182],[69.74625,21.49182],[69.74625,21.49208],[69.74599,21.49208],[69.74598,21.49208],[69.74597,21.49208],[69.74597,21.49209],[69.74597,21.4921],[69.74597,21.49236],[69.74571,21.49236],[69.7457,21.49236],[69.7457,21.49237],[69.7457,21.49237],[69.7457,21.49264],[69.74543,21.49264],[69.74543,21.49264],[69.74541,21.49264],[69.74541,21.49266],[69.74541,21.49266],[69.74541,21.49292],[69.74515,21.49292],[69.74515,21.49292],[69.74514,21.49292],[69.74514,21.49293],[69.74514,21.49293],[69.74514,21.4932],[69.74487,21.4932],[69.74487,21.4932],[69.74486,21.4932],[69.74486,21.49321],[69.74486,21.49321],[69.74486,21.49347],[69.7446,21.49347],[69.7446,21.49347],[69.74459,21.49347],[69.74459,21.49348],[69.74459,21.49349],[69.74459,21.49375],[69.74432,21.49375],[69.74432,21.49375],[69.74431,21.49375],[69.74431,21.49376],[69.74431,21.49376],[69.74431,21.49403],[69.74404,21.49403],[69.74404,21.49403],[69.74403,21.49403],[69.74403,21.49404],[69.74403,21.49405],[69.74403,21.49431],[69.74377,21.49431],[69.74377,21.49431],[69.74375,21.49431],[69.74375,21.49432],[69.74375,21.49432],[69.74375,21.49458],[69.74349,21.49458],[69.74349,21.49458],[69.74347,21.49458],[69.74347,21.49461],[69.74347,21.49461],[69.74347,21.49514],[69.74319,21.49514],[69.74319,21.49542],[69.74293,21.49542],[69.74293,21.4957],[69.74264,21.4957],[69.74264,21.49597],[69.74236,21.49597],[69.74236,21.49625],[69.74208,21.49625],[69.74208,21.49653],[69.74181,21.49653],[69.74181,21.49681],[69.74153,21.49681],[69.74153,21.49709],[69.74125,21.49709],[69.74125,21.49736],[69.74097,21.49736],[69.74097,21.49764],[69.74069,21.49764],[69.74069,21.49792],[69.74042,21.49792],[69.74042,21.4982],[69.74014,21.4982],[69.74014,21.49847],[69.73987,21.49847],[69.73987,21.49903],[69.73959,21.49903],[69.73959,21.49931],[69.73931,21.49931],[69.73931,21.49959],[69.73903,21.49958],[69.73903,21.49986],[69.73875,21.49986],[69.73875,21.50014],[69.73847,21.50013],[69.73847,21.50042],[69.7382,21.50042],[69.7382,21.5007],[69.73791,21.5007],[69.73791,21.50097],[69.73764,21.50097],[69.73764,21.50153],[69.73736,21.50153],[69.73736,21.50181],[69.73709,21.50181],[69.73709,21.50208],[69.73681,21.50208],[69.73681,21.50236],[69.73653,21.50236],[69.73653,21.50292],[69.73625,21.50292],[69.73625,21.50319],[69.73597,21.50319],[69.73597,21.50347],[69.73569,21.50347],[69.73569,21.50375],[69.73542,21.50375],[69.73542,21.50403],[69.73514,21.50403],[69.73514,21.50458],[69.73486,21.50458],[69.73486,21.50486],[69.73458,21.50486],[69.73458,21.50514],[69.73431,21.50514],[69.73431,21.50542],[69.73403,21.50542],[69.73403,21.50597],[69.73374,21.50597],[69.73374,21.50626],[69.73347,21.50626],[69.73347,21.50653],[69.73319,21.50653],[69.73319,21.50681],[69.73292,21.50681],[69.73292,21.50736],[69.73236,21.50736],[69.73236,21.50764],[69.73209,21.50764],[69.73209,21.50819],[69.7318,21.50819],[69.7318,21.50875],[69.73153,21.50875],[69.73153,21.50903],[69.73125,21.50903],[69.73125,21.50932],[69.73097,21.50931],[69.73097,21.50958],[69.7307,21.50958],[69.7307,21.50986],[69.73042,21.50986],[69.73042,21.51014],[69.72986,21.51014],[69.72986,21.51098],[69.72958,21.51097],[69.72958,21.51125],[69.72931,21.51125],[69.72931,21.51181],[69.72903,21.51181],[69.72903,21.51208],[69.72875,21.51208],[69.72875,21.51236],[69.72847,21.51236],[69.72847,21.51264],[69.7282,21.51264],[69.7282,21.51292],[69.72791,21.51292],[69.72791,21.5132],[69.72764,21.5132],[69.72764,21.51347],[69.72736,21.51347],[69.72736,21.51375],[69.72708,21.51375],[69.72708,21.51403],[69.72681,21.51403],[69.72681,21.51431],[69.72658,21.51431],[69.72653,21.51431],[69.72653,21.51439],[69.72653,21.51459],[69.72641,21.51459],[69.72625,21.51459],[69.72625,21.51486],[69.72598,21.51486],[69.72598,21.51514],[69.72569,21.51513],[69.72569,21.51542],[69.72542,21.51542],[69.72542,21.5157],[69.72514,21.5157],[69.72514,21.51597],[69.72486,21.51597],[69.72486,21.51625],[69.72459,21.51625],[69.72459,21.51653],[69.7243,21.51653],[69.7243,21.51681],[69.72403,21.51681],[69.72403,21.51708],[69.7232,21.51708],[69.7232,21.51792],[69.72293,21.51792],[69.72293,21.5182],[69.72264,21.51819],[69.72264,21.51847],[69.72236,21.51847],[69.72236,21.51875],[69.72208,21.51875],[69.72208,21.51931],[69.72181,21.51931],[69.7218,21.51958],[69.72153,21.51958],[69.72153,21.51986],[69.72125,21.51986],[69.72125,21.52014],[69.72097,21.52014],[69.72097,21.52042],[69.7207,21.52042],[69.7207,21.5207],[69.72042,21.5207],[69.72042,21.52097],[69.72014,21.52097],[69.72014,21.52126],[69.71986,21.52126],[69.71986,21.52153],[69.71958,21.52153],[69.71958,21.52181],[69.71931,21.52181],[69.71931,21.52208],[69.71903,21.52208],[69.71903,21.52236],[69.71876,21.52236],[69.71876,21.52264],[69.71848,21.52264],[69.71848,21.52292],[69.71819,21.52292],[69.71819,21.5232],[69.71792,21.5232],[69.71792,21.52347],[69.71764,21.52347],[69.71764,21.52375],[69.71736,21.52375],[69.71736,21.52403],[69.71709,21.52403],[69.71709,21.52431],[69.71653,21.52431],[69.71653,21.52459],[69.71625,21.52458],[69.71625,21.52514],[69.71597,21.52514],[69.71597,21.52542],[69.7157,21.52542],[69.7157,21.5257],[69.71542,21.5257],[69.71542,21.52597],[69.71514,21.52597],[69.71514,21.52625],[69.71486,21.52625],[69.71486,21.52681],[69.71459,21.52681],[69.71459,21.52708],[69.7143,21.52707],[69.7143,21.52736],[69.71403,21.52736],[69.71403,21.52764],[69.71375,21.52764],[69.71375,21.52792],[69.71347,21.52792],[69.71347,21.5282],[69.7132,21.5282],[69.7132,21.52847],[69.71291,21.52847],[69.71291,21.52903],[69.71264,21.52903],[69.71264,21.52931],[69.71237,21.52931],[69.71237,21.52986],[69.71208,21.52986],[69.71208,21.53042],[69.71181,21.53042],[69.71181,21.53097],[69.71152,21.53097],[69.71153,21.53125],[69.71125,21.53125],[69.71125,21.53147],[69.70842,21.53298],[69.7026,21.53796],[69.70111,21.54125],[69.70097,21.54125],[69.70097,21.54153],[69.7007,21.54153],[69.7007,21.54181],[69.70042,21.54181],[69.70042,21.54209],[69.70014,21.54208],[69.70014,21.54236],[69.69973,21.54236],[69.69958,21.54236],[69.69958,21.54247],[69.69958,21.54264],[69.69935,21.54264],[69.6993,21.54264],[69.6993,21.54267],[69.6993,21.54292],[69.69903,21.54292],[69.69903,21.5432],[69.69876,21.5432],[69.69876,21.54347],[69.69821,21.54347],[69.6982,21.54347],[69.6982,21.54348],[69.6982,21.54375],[69.69791,21.54375],[69.69791,21.54402],[69.69791,21.54403],[69.69789,21.54403],[69.69763,21.54403],[69.69763,21.54418],[69.69763,21.54431],[69.69743,21.54431],[69.69737,21.54431],[69.69737,21.54435],[69.69737,21.54458],[69.69708,21.54458],[69.69708,21.54486],[69.69654,21.54486],[69.69654,21.54514],[69.69625,21.54514],[69.69625,21.54543],[69.69597,21.54542],[69.69597,21.54569],[69.69569,21.54569],[69.69569,21.54597],[69.69542,21.54597],[69.69542,21.54625],[69.69486,21.54625],[69.69486,21.54653],[69.69457,21.54653],[69.69457,21.54681],[69.69431,21.54681],[69.69431,21.54708],[69.69403,21.54708],[69.69403,21.54736],[69.69363,21.54736],[69.69363,21.54736],[69.69292,21.54736],[69.69292,21.54764],[69.69264,21.54764],[69.69264,21.5479],[69.69264,21.5479],[69.69264,21.54792],[69.69259,21.54792],[69.69258,21.54792],[69.69236,21.54792],[69.69236,21.548],[69.69236,21.548],[69.69236,21.5482],[69.69209,21.5482],[69.69209,21.54847],[69.6918,21.54847],[69.6918,21.54875],[69.69125,21.54875],[69.69125,21.54903],[69.69121,21.54903],[69.69121,21.54903],[69.69097,21.54903],[69.69097,21.54931],[69.69042,21.5493],[69.69042,21.54959],[69.69014,21.54959],[69.69014,21.54986],[69.68958,21.54986],[69.68958,21.55014],[69.68847,21.55014],[69.68847,21.55101],[69.68847,21.55125],[69.6881,21.55124],[69.68792,21.55124],[69.68792,21.55137],[69.68792,21.55153],[69.68771,21.55153],[69.68764,21.55153],[69.68764,21.55158],[69.68764,21.55181],[69.68736,21.55181],[69.68736,21.55209],[69.68696,21.55209],[69.68681,21.55209],[69.68681,21.55219],[69.68682,21.55236],[69.68659,21.55236],[69.68653,21.55236],[69.68653,21.5524],[69.68653,21.55292],[69.68625,21.55292],[69.68625,21.5532],[69.68598,21.5532],[69.68598,21.55347],[69.68569,21.55347],[69.68569,21.55375],[69.68542,21.55375],[69.68542,21.55403],[69.68514,21.55403],[69.68514,21.55431],[69.68486,21.55431],[69.68486,21.55458],[69.68459,21.55458],[69.6846,21.55486],[69.68431,21.55486],[69.68431,21.55514],[69.68403,21.55514],[69.68403,21.55542],[69.68347,21.55542],[69.68347,21.5557],[69.6832,21.5557],[69.6832,21.55597],[69.68291,21.55597],[69.68291,21.55625],[69.68263,21.55625],[69.68263,21.55653],[69.68236,21.55653],[69.68236,21.55681],[69.68208,21.55681],[69.68208,21.55709],[69.68181,21.55708],[69.68181,21.55737],[69.68153,21.55737],[69.68153,21.55764],[69.68125,21.55764],[69.68125,21.55792],[69.68097,21.55792],[69.68097,21.5582],[69.6807,21.5582],[69.6807,21.55847],[69.68042,21.55847],[69.68042,21.55875],[69.68014,21.55875],[69.68014,21.55903],[69.67986,21.55903],[69.67986,21.55931],[69.67958,21.55931],[69.67958,21.55958],[69.67931,21.55958],[69.67931,21.55986],[69.67903,21.55986],[69.67903,21.56014],[69.67875,21.56014],[69.67875,21.56069],[69.67848,21.56069],[69.67848,21.56097],[69.67819,21.56097],[69.67819,21.56125],[69.67792,21.56125],[69.67792,21.56153],[69.67764,21.56153],[69.67764,21.56181],[69.67736,21.56181],[69.67736,21.56208],[69.67709,21.56208],[69.67709,21.56236],[69.6768,21.56236],[69.6768,21.56264],[69.67653,21.56264],[69.67653,21.56292],[69.67597,21.56292],[69.67597,21.56319],[69.6757,21.56319],[69.6757,21.56347],[69.67542,21.56347],[69.67542,21.56375],[69.67514,21.56375],[69.67514,21.56403],[69.67458,21.56403],[69.67458,21.56431],[69.67431,21.56431],[69.67431,21.56458],[69.67403,21.56458],[69.67403,21.56486],[69.67375,21.56486],[69.67375,21.56514],[69.67319,21.56514],[69.67319,21.56542],[69.67292,21.56542],[69.67292,21.5657],[69.67264,21.5657],[69.67264,21.56597],[69.67237,21.56597],[69.67237,21.56625],[69.6718,21.56624],[69.6718,21.56653],[69.67153,21.56653],[69.67153,21.56681],[69.67125,21.56681],[69.67125,21.56708],[69.67098,21.56708],[69.67098,21.56736],[69.67069,21.56736],[69.67069,21.56764],[69.67042,21.56764],[69.67042,21.56792],[69.67015,21.56792],[69.67015,21.5682],[69.66986,21.5682],[69.66986,21.56847],[69.66959,21.56847],[69.66959,21.56875],[69.6693,21.56875],[69.6693,21.56903],[69.66903,21.56903],[69.66903,21.56931],[69.66875,21.56931],[69.66875,21.56959],[69.66847,21.56958],[69.66847,21.56986],[69.6682,21.56986],[69.6682,21.57014],[69.66792,21.57014],[69.66792,21.5707],[69.66764,21.5707],[69.66764,21.57097],[69.66736,21.57097],[69.66736,21.57125],[69.66708,21.57125],[69.66708,21.57153],[69.66681,21.57153],[69.66681,21.57181],[69.66653,21.57181],[69.66653,21.57208],[69.66625,21.57208],[69.66625,21.57237],[69.66597,21.57237],[69.66597,21.57264],[69.6657,21.57264],[69.6657,21.57292],[69.66541,21.57292],[69.66541,21.57319],[69.66514,21.57319],[69.66514,21.57347],[69.66486,21.57347],[69.66487,21.57375],[69.66459,21.57375],[69.66459,21.57403],[69.66431,21.57403],[69.66431,21.57431],[69.66403,21.57431],[69.66403,21.57458],[69.66375,21.57458],[69.66375,21.57486],[69.66348,21.57486],[69.66348,21.57514],[69.66319,21.57514],[69.66319,21.57542],[69.66292,21.57541],[69.66292,21.5757],[69.66264,21.57569],[69.66264,21.57597],[69.66236,21.57597],[69.66236,21.57653],[69.66209,21.57653],[69.66209,21.57681],[69.66181,21.5768],[69.66181,21.57709],[69.66153,21.57709],[69.66153,21.57736],[69.66125,21.57736],[69.66125,21.57764],[69.66097,21.57764],[69.66097,21.57792],[69.6607,21.57792],[69.6607,21.5782],[69.66042,21.5782],[69.66042,21.57847],[69.66014,21.57847],[69.66014,21.57875],[69.65986,21.57875],[69.65986,21.57903],[69.65958,21.57903],[69.65958,21.57931],[69.65931,21.57931],[69.6593,21.57958],[69.65903,21.57958],[69.65903,21.57986],[69.65875,21.57986],[69.65875,21.58014],[69.65846,21.58014],[69.65846,21.58042],[69.65819,21.58042],[69.65819,21.58069],[69.65792,21.58069],[69.65792,21.58125],[69.65764,21.58125],[69.65764,21.58154],[69.65736,21.58154],[69.65736,21.58181],[69.65708,21.58181],[69.65708,21.58208],[69.65681,21.58208],[69.65681,21.58236],[69.65652,21.58236],[69.65652,21.58264],[69.65625,21.58264],[69.65625,21.58292],[69.65598,21.58292],[69.65598,21.5832],[69.65569,21.5832],[69.65569,21.58347],[69.65542,21.58347],[69.65542,21.58375],[69.65514,21.58375],[69.65514,21.58403],[69.65486,21.58403],[69.65486,21.58431],[69.65459,21.58431],[69.65459,21.58459],[69.65431,21.58459],[69.65431,21.58486],[69.65403,21.58486],[69.65403,21.58514],[69.65375,21.58514],[69.65375,21.5857],[69.65347,21.5857],[69.65347,21.58597],[69.6532,21.58597],[69.6532,21.58625],[69.65292,21.58625],[69.65292,21.58653],[69.65265,21.58653],[69.65265,21.58681],[69.65236,21.58681],[69.65236,21.58708],[69.65209,21.58708],[69.65209,21.58736],[69.6518,21.58735],[69.6518,21.58764],[69.65153,21.58764],[69.65153,21.58792],[69.65125,21.58792],[69.65125,21.58819],[69.65097,21.58819],[69.65097,21.58847],[69.6507,21.58847],[69.6507,21.58875],[69.65041,21.58875],[69.65041,21.58903],[69.65014,21.58903],[69.65014,21.58931],[69.64987,21.58931],[69.64987,21.58958],[69.64958,21.58958],[69.64958,21.58986],[69.64931,21.58986],[69.64931,21.59041],[69.64903,21.59041],[69.64903,21.5907],[69.64875,21.5907],[69.64875,21.59097],[69.64848,21.59097],[69.64849,21.59125],[69.6482,21.59125],[69.6482,21.59153],[69.64792,21.59153],[69.64792,21.59199],[69.64792,21.59208],[69.64781,21.59208],[69.64764,21.59208],[69.64764,21.59225],[69.64764,21.59236],[69.64752,21.59236],[69.64736,21.59236],[69.64736,21.5925],[69.64736,21.59264],[69.64721,21.59264],[69.6468,21.59264],[69.6468,21.59292],[69.64652,21.59292],[69.64652,21.5932],[69.64625,21.5932],[69.64625,21.59348],[69.64598,21.59348],[69.64598,21.59375],[69.64569,21.59375],[69.64569,21.59403],[69.64541,21.59403],[69.64541,21.59431],[69.64514,21.59431],[69.64514,21.59456],[69.64514,21.59486],[69.64486,21.59486],[69.64486,21.59514],[69.64458,21.59514],[69.64458,21.59542],[69.6443,21.59542],[69.6443,21.59569],[69.64403,21.59569],[69.64403,21.59597],[69.64375,21.59597],[69.64375,21.59625],[69.64348,21.59625],[69.64348,21.59654],[69.64319,21.59654],[69.64319,21.59681],[69.64292,21.59681],[69.64292,21.59709],[69.64271,21.59708],[69.64271,21.59708],[69.64264,21.59708],[69.64264,21.5972],[69.64264,21.5972],[69.64264,21.59736],[69.64255,21.59736],[69.64254,21.59736],[69.64236,21.59736],[69.64236,21.5975],[69.64236,21.59764],[69.64213,21.59764],[69.64208,21.59764],[69.64208,21.59767],[69.64208,21.59792],[69.64181,21.59792],[69.64181,21.5982],[69.64153,21.5982],[69.64153,21.59847],[69.64125,21.59847],[69.64125,21.59875],[69.64069,21.59875],[69.64069,21.59903],[69.64042,21.59903],[69.64042,21.59931],[69.64014,21.59931],[69.64014,21.59958],[69.63986,21.59958],[69.63986,21.59986],[69.63958,21.59986],[69.63958,21.60014],[69.63931,21.60014],[69.63931,21.60042],[69.63903,21.60042],[69.63903,21.60069],[69.63875,21.60069],[69.63875,21.60097],[69.63847,21.60097],[69.63847,21.60125],[69.63819,21.60125],[69.63819,21.60153],[69.63792,21.60153],[69.63792,21.6018],[69.63764,21.6018],[69.63764,21.60208],[69.63736,21.60208],[69.63736,21.60236],[69.63708,21.60235],[69.63708,21.60264],[69.6368,21.60264],[69.6368,21.6032],[69.63653,21.60319],[69.63653,21.60347],[69.63626,21.60347],[69.63626,21.60375],[69.63597,21.60375],[69.63597,21.60403],[69.6357,21.60403],[69.6357,21.60431],[69.63542,21.6043],[69.63542,21.60459],[69.63519,21.60458],[69.63514,21.60458],[69.63514,21.60464],[69.63514,21.60486],[69.63491,21.60486],[69.63486,21.60486],[69.63486,21.60491],[69.63486,21.60514],[69.63462,21.60514],[69.63458,21.60514],[69.63458,21.60518],[69.63458,21.60542],[69.63434,21.60542],[69.63431,21.60542],[69.63431,21.60545],[69.63431,21.6057],[69.63406,21.6057],[69.63403,21.6057],[69.63403,21.60573],[69.63403,21.60597],[69.63377,21.60597],[69.63375,21.60597],[69.63375,21.60599],[69.63375,21.60625],[69.63347,21.60625],[69.63347,21.60653],[69.6332,21.60653],[69.6332,21.60708],[69.63292,21.60708],[69.63292,21.60736],[69.63264,21.60736],[69.63264,21.60764],[69.63236,21.60764],[69.63236,21.60792],[69.63208,21.60792],[69.63208,21.60819],[69.63181,21.60819],[69.63181,21.60848],[69.63153,21.60847],[69.63154,21.60875],[69.63125,21.60875],[69.63125,21.60903],[69.63097,21.60903],[69.63097,21.60931],[69.63069,21.60931],[69.63069,21.60958],[69.63042,21.60958],[69.63042,21.60986],[69.63014,21.60986],[69.63014,21.61014],[69.62986,21.61014],[69.62986,21.61042],[69.62963,21.61042],[69.62958,21.61042],[69.62958,21.61047],[69.62958,21.61097],[69.6293,21.61097],[69.6293,21.61125],[69.62903,21.61125],[69.62903,21.61153],[69.62875,21.61152],[69.62875,21.61181],[69.62847,21.61181],[69.62847,21.61209],[69.6282,21.61209],[69.6282,21.61236],[69.62791,21.61236],[69.62791,21.61264],[69.62764,21.61264],[69.62764,21.61292],[69.62736,21.61292],[69.62736,21.61319],[69.62708,21.6132],[69.62708,21.61347],[69.62681,21.61347],[69.62681,21.61375],[69.62653,21.61375],[69.62653,21.61431],[69.62625,21.61431],[69.62625,21.61486],[69.62597,21.61486],[69.62597,21.61542],[69.6257,21.61542],[69.6257,21.61569],[69.62542,21.61569],[69.62542,21.61597],[69.62486,21.61597],[69.62486,21.61625],[69.62458,21.61625],[69.62458,21.61653],[69.62432,21.61653],[69.62432,21.61681],[69.62403,21.6168],[69.62403,21.61708],[69.62347,21.61708],[69.62347,21.61736],[69.62319,21.61736],[69.62319,21.61765],[69.62292,21.61765],[69.62292,21.61792],[69.62264,21.61791],[69.62264,21.6182],[69.62209,21.6182],[69.62209,21.61847],[69.62181,21.61847],[69.62181,21.61875],[69.62153,21.61875],[69.62153,21.61903],[69.62125,21.61903],[69.62125,21.61931],[69.62097,21.61931],[69.62097,21.61959],[69.6207,21.61958],[69.6207,21.62014],[69.62041,21.62014],[69.62041,21.62042],[69.62014,21.62042],[69.62014,21.62071],[69.61986,21.6207],[69.61986,21.62097],[69.61959,21.62097],[69.61959,21.62125],[69.61931,21.62125],[69.61931,21.62181],[69.61902,21.62181],[69.61902,21.62208],[69.61875,21.62208],[69.61875,21.62236],[69.61847,21.62236],[69.61847,21.62264],[69.61819,21.62264],[69.61819,21.62292],[69.61764,21.62292],[69.61764,21.62319],[69.61736,21.62319],[69.61736,21.62347],[69.61681,21.62346],[69.6168,21.62375],[69.61654,21.62375],[69.61654,21.62403],[69.61625,21.62403],[69.61625,21.62431],[69.61597,21.62431],[69.61597,21.62459],[69.61569,21.62458],[69.61569,21.62486],[69.61542,21.62486],[69.61542,21.62514],[69.6151,21.62514],[69.61486,21.62514],[69.61486,21.62536],[69.61486,21.62542],[69.61479,21.62542],[69.61459,21.62542],[69.61459,21.62559],[69.61459,21.62597],[69.6143,21.62597],[69.6143,21.62617],[69.6143,21.62625],[69.61417,21.62625],[69.61403,21.62625],[69.61403,21.62634],[69.61403,21.62681],[69.61375,21.62681],[69.61375,21.62708],[69.61403,21.62708],[69.61403,21.62736],[69.61375,21.62736],[69.61375,21.62764],[69.6132,21.62764],[69.6132,21.62792],[69.61264,21.62792],[69.61264,21.62819],[69.61153,21.62819],[69.61153,21.62847],[69.61125,21.62847],[69.61125,21.62875],[69.61078,21.62875],[69.61041,21.62875],[69.61041,21.62853],[69.61041,21.62847],[69.61014,21.62847],[69.61014,21.6287],[69.61014,21.62903],[69.60987,21.62903],[69.60987,21.6293],[69.60958,21.6293],[69.60958,21.62984],[69.60958,21.62987],[69.60955,21.62987],[69.60931,21.62987],[69.60931,21.63009],[69.60931,21.63011],[69.60929,21.63011],[69.60875,21.63014],[69.60875,21.63044],[69.60875,21.63062],[69.60875,21.6307],[69.60866,21.6307],[69.60848,21.63069],[69.60848,21.63087],[69.60848,21.63097],[69.60837,21.63097],[69.60819,21.63097],[69.60819,21.63114],[69.60819,21.63125],[69.60808,21.63125],[69.60792,21.63125],[69.60792,21.6314],[69.60792,21.63181],[69.60764,21.6318],[69.60764,21.63209],[69.60736,21.63208],[69.60736,21.63265],[69.60656,21.63265],[69.60625,21.63265],[69.60625,21.63292],[69.6057,21.63292],[69.6057,21.63342],[69.6057,21.63347],[69.60564,21.63347],[69.60514,21.63347],[69.60514,21.63375],[69.60486,21.63375],[69.60486,21.63418],[69.60486,21.63431],[69.60471,21.63431],[69.60403,21.63431],[69.60403,21.63458],[69.60319,21.63458],[69.6032,21.63514],[69.60291,21.63514],[69.60291,21.63574],[69.60291,21.63597],[69.60264,21.63597],[69.60264,21.63653],[69.60236,21.63653],[69.60236,21.63681],[69.60208,21.63681],[69.60208,21.63736],[69.60069,21.63736],[69.60069,21.63764],[69.59935,21.63764],[69.59903,21.63764],[69.59903,21.63778],[69.59903,21.63792],[69.59873,21.63792],[69.59785,21.63792],[69.59486,21.63792],[69.59486,21.6382],[69.59458,21.6382],[69.59458,21.63792],[69.59431,21.63792],[69.59431,21.6382],[69.59425,21.6382],[69.59422,21.6382],[69.59263,21.6382],[69.59263,21.63847],[69.59097,21.63847],[69.59097,21.63792],[69.5907,21.63792],[69.5907,21.63778],[69.59069,21.63736],[69.58986,21.63736],[69.58986,21.63708],[69.59014,21.63708],[69.59014,21.63681],[69.59041,21.6368],[69.59041,21.63653],[69.59097,21.63653],[69.59097,21.63625],[69.59125,21.63625],[69.59125,21.63597],[69.59153,21.63597],[69.59153,21.63569],[69.59236,21.63569],[69.59236,21.63542],[69.59263,21.63542],[69.59263,21.63514],[69.59279,21.63514],[69.59319,21.63514],[69.59319,21.63403],[69.59348,21.63403],[69.59348,21.63319],[69.59319,21.6332],[69.59319,21.63292],[69.59276,21.63292],[69.59237,21.63292],[69.59237,21.63236],[69.59209,21.63236],[69.59209,21.63153],[69.59237,21.63153],[69.59237,21.63109],[69.59237,21.63042],[69.59292,21.63042],[69.59292,21.62986],[69.59319,21.62987],[69.59319,21.6293],[69.59181,21.6293],[69.59181,21.62903],[69.59153,21.62903],[69.59153,21.62875],[69.59127,21.62875],[69.59125,21.62875],[69.59125,21.62871],[69.59125,21.62847],[69.59114,21.62847],[69.59097,21.62847],[69.59097,21.62813],[69.59097,21.62792],[69.59088,21.62792],[69.5907,21.62792],[69.5907,21.62753],[69.5907,21.62736],[69.59125,21.62736],[69.59125,21.62708],[69.59153,21.62708],[69.59153,21.62625],[69.5918,21.62625],[69.5918,21.62542],[69.59125,21.62542],[69.59125,21.62597],[69.58998,21.62597],[69.5893,21.62597],[69.5893,21.62431],[69.58946,21.62431],[69.58986,21.62431],[69.58986,21.62403],[69.59014,21.62403],[69.59014,21.62375],[69.59097,21.62375],[69.59097,21.62346],[69.5907,21.62347],[69.59069,21.62292],[69.59041,21.62292],[69.59041,21.62236],[69.59014,21.62236],[69.59014,21.62042],[69.58958,21.62042],[69.58958,21.62071],[69.58931,21.62071],[69.58931,21.62042],[69.58903,21.62042],[69.58903,21.62071],[69.58847,21.6207],[69.58847,21.62097],[69.58764,21.62097],[69.58764,21.62148],[69.58764,21.62153],[69.58759,21.62153],[69.58736,21.62153],[69.58736,21.62174],[69.58736,21.62319],[69.58764,21.62319],[69.58764,21.62431],[69.58791,21.62431],[69.58791,21.62486],[69.5882,21.62486],[69.5882,21.6257],[69.58847,21.6257],[69.58847,21.62653],[69.58875,21.62653],[69.58875,21.62736],[69.58903,21.62736],[69.58903,21.62829],[69.58903,21.62847],[69.58913,21.62847],[69.58931,21.62847],[69.58931,21.6288],[69.58931,21.62903],[69.58944,21.62903],[69.58958,21.62903],[69.58958,21.62928],[69.58958,21.62959],[69.58975,21.62959],[69.58986,21.62958],[69.58986,21.62979],[69.58986,21.62987],[69.5899,21.62986],[69.59014,21.62986],[69.59014,21.63014],[69.59041,21.63014],[69.59041,21.6307],[69.5907,21.63069],[69.5907,21.63097],[69.59097,21.63097],[69.59097,21.63153],[69.59125,21.63153],[69.59125,21.63236],[69.59153,21.63236],[69.59153,21.6332],[69.5918,21.63319],[69.5918,21.63431],[69.59153,21.63431],[69.59153,21.63486],[69.59125,21.63486],[69.59125,21.63514],[69.59097,21.63514],[69.59097,21.63542],[69.59041,21.63542],[69.59041,21.63569],[69.58986,21.63569],[69.58986,21.63597],[69.58958,21.63597],[69.58958,21.63625],[69.58847,21.63625],[69.58847,21.63653],[69.58708,21.63653],[69.58708,21.63681],[69.58625,21.63681],[69.58625,21.63708],[69.5857,21.63708],[69.5857,21.63736],[69.58486,21.63736],[69.58486,21.63764],[69.58459,21.63764],[69.58459,21.63792],[69.58403,21.63792],[69.58403,21.6382],[69.58375,21.6382],[69.58375,21.63847],[69.58348,21.63846],[69.58348,21.63875],[69.58319,21.63875],[69.58319,21.63903],[69.58292,21.63903],[69.58292,21.63931],[69.58264,21.63931],[69.58264,21.63959],[69.58236,21.63959],[69.58236,21.63986],[69.58208,21.63986],[69.58208,21.64014],[69.5818,21.64014],[69.5818,21.64042],[69.58125,21.64042],[69.58125,21.6407],[69.58097,21.6407],[69.58097,21.64097],[69.5804,21.64097],[69.5804,21.64125],[69.58014,21.64125],[69.58014,21.64153],[69.57958,21.64153],[69.57958,21.64181],[69.57931,21.64181],[69.57931,21.64208],[69.57875,21.64208],[69.57875,21.64236],[69.57848,21.64236],[69.57848,21.64264],[69.57792,21.64264],[69.57792,21.64292],[69.57764,21.64292],[69.57764,21.64319],[69.57736,21.64319],[69.57736,21.64348],[69.57681,21.64347],[69.57681,21.64375],[69.57653,21.64375],[69.57653,21.64403],[69.57625,21.64403],[69.57625,21.64431],[69.57597,21.64431],[69.57597,21.64459],[69.57542,21.64459],[69.57542,21.64486],[69.57514,21.64486],[69.57514,21.64625],[69.5743,21.64625],[69.5743,21.64597],[69.57375,21.64597],[69.57375,21.64625],[69.57347,21.64625],[69.57347,21.64653],[69.57237,21.64653],[69.57237,21.64681],[69.57153,21.64681],[69.57153,21.64709],[69.57125,21.64709],[69.57125,21.64736],[69.57097,21.64736],[69.57097,21.64765],[69.57069,21.64765],[69.57069,21.6482],[69.57042,21.6482],[69.57042,21.64847],[69.57014,21.64847],[69.57014,21.64875],[69.56986,21.64875],[69.56986,21.64903],[69.56958,21.64903],[69.56958,21.64931],[69.56931,21.64931],[69.56931,21.64986],[69.56903,21.64986],[69.56903,21.65014],[69.56875,21.65014],[69.56875,21.65042],[69.56819,21.65042],[69.56819,21.65069],[69.56792,21.65069],[69.56792,21.65097],[69.56764,21.65097],[69.56764,21.65125],[69.56736,21.65125],[69.56736,21.65153],[69.56709,21.65153],[69.56709,21.65181],[69.56736,21.65181],[69.56736,21.65208],[69.56709,21.65208],[69.56709,21.65236],[69.56624,21.65236],[69.56624,21.65264],[69.56541,21.65264],[69.56541,21.65292],[69.56458,21.65292],[69.56458,21.6532],[69.56403,21.6532],[69.56403,21.65347],[69.56375,21.65347],[69.56375,21.65375],[69.56319,21.65375],[69.56319,21.65403],[69.56264,21.65403],[69.56264,21.65431],[69.56236,21.65431],[69.56236,21.65458],[69.56181,21.65458],[69.56181,21.65486],[69.56125,21.65486],[69.56125,21.65514],[69.56097,21.65514],[69.56097,21.65542],[69.56042,21.65542],[69.56042,21.6557],[69.56014,21.6557],[69.56014,21.65625],[69.55986,21.65625],[69.55986,21.65653],[69.55959,21.65653],[69.55959,21.65682],[69.55931,21.65681],[69.55931,21.65737],[69.55903,21.65736],[69.55903,21.65764],[69.55875,21.65764],[69.55875,21.65792],[69.55847,21.65792],[69.55847,21.65847],[69.5582,21.65847],[69.5582,21.65875],[69.55791,21.65875],[69.55791,21.65903],[69.55764,21.65903],[69.55764,21.65931],[69.55736,21.65931],[69.55736,21.65959],[69.55709,21.65959],[69.55709,21.65986],[69.55681,21.65986],[69.55681,21.66014],[69.55653,21.66014],[69.55653,21.6607],[69.55597,21.6607],[69.55597,21.66097],[69.55569,21.66097],[69.55569,21.66125],[69.55514,21.66125],[69.55514,21.66153],[69.55486,21.66153],[69.55486,21.66181],[69.55458,21.66181],[69.55458,21.66208],[69.55431,21.66208],[69.55431,21.66236],[69.55403,21.66236],[69.55403,21.66264],[69.55347,21.66263],[69.55347,21.66292],[69.55319,21.66292],[69.55319,21.66319],[69.55292,21.66319],[69.55292,21.66347],[69.55264,21.66347],[69.55264,21.66375],[69.55236,21.66375],[69.55236,21.66403],[69.55209,21.66403],[69.55209,21.6643],[69.55181,21.6643],[69.55181,21.66458],[69.55153,21.66458],[69.55153,21.66486],[69.55153,21.66486],[69.55153,21.66486],[69.55125,21.66486],[69.55125,21.66507],[69.55125,21.66514],[69.55116,21.66514],[69.5507,21.66514],[69.5507,21.66542],[69.55041,21.66542],[69.55041,21.6657],[69.55014,21.6657],[69.55014,21.66592],[69.55014,21.66597],[69.55007,21.66597],[69.54986,21.66597],[69.54986,21.66613],[69.54986,21.66625],[69.5497,21.66625],[69.54958,21.66625],[69.54958,21.66635],[69.54958,21.66653],[69.54933,21.66653],[69.54931,21.66653],[69.54931,21.66655],[69.54931,21.66681],[69.54903,21.66681],[69.54903,21.66709],[69.54863,21.66708],[69.54847,21.66708],[69.54847,21.66722],[69.54847,21.66736],[69.5483,21.66736],[69.54819,21.66736],[69.54819,21.66746],[69.54819,21.66764],[69.54797,21.66764],[69.54792,21.66764],[69.54792,21.66768],[69.54792,21.66792],[69.54764,21.66792],[69.54764,21.6682],[69.54736,21.6682],[69.54736,21.66847],[69.547,21.66847],[69.54699,21.66847],[69.54681,21.66847],[69.54681,21.66863],[69.54681,21.66863],[69.54681,21.66876],[69.54665,21.66876],[69.54665,21.66876],[69.54652,21.66876],[69.54652,21.66887],[69.54652,21.66888],[69.54652,21.66903],[69.54634,21.66903],[69.54633,21.66903],[69.54625,21.66903],[69.54625,21.6691],[69.54625,21.6691],[69.54625,21.66931],[69.54601,21.66931],[69.54601,21.66931],[69.54598,21.66931],[69.54598,21.66933],[69.54598,21.66934],[69.54598,21.66958],[69.54569,21.66958],[69.54569,21.66986],[69.54535,21.66986],[69.54535,21.66986],[69.54514,21.66986],[69.54514,21.67004],[69.54514,21.67004],[69.54514,21.67014],[69.54502,21.67014],[69.54502,21.67014],[69.54486,21.67014],[69.54486,21.67028],[69.54486,21.67028],[69.54486,21.67042],[69.5447,21.67042],[69.5447,21.67042],[69.54459,21.67042],[69.54459,21.67051],[69.54459,21.67052],[69.54459,21.67069],[69.54437,21.67069],[69.54437,21.67069],[69.54431,21.67069],[69.54431,21.67075],[69.54431,21.67075],[69.54431,21.67098],[69.54405,21.67097],[69.54404,21.67097],[69.54403,21.67097],[69.54403,21.67098],[69.54403,21.67098],[69.54403,21.67125],[69.54375,21.67125],[69.54375,21.67153],[69.54347,21.67153],[69.54347,21.67208],[69.5432,21.67208],[69.5432,21.67236],[69.54292,21.67236],[69.54292,21.67264],[69.54264,21.67264],[69.54264,21.67292],[69.54236,21.67291],[69.54236,21.6732],[69.54209,21.6732],[69.54209,21.67347],[69.54181,21.67347],[69.54181,21.67375],[69.54153,21.67375],[69.54153,21.67403],[69.54126,21.67403],[69.54126,21.67431],[69.54041,21.67431],[69.54041,21.67459],[69.53987,21.67459],[69.53987,21.67486],[69.53958,21.67486],[69.53958,21.67514],[69.53931,21.67514],[69.53931,21.67542],[69.53903,21.67542],[69.53902,21.67569],[69.53875,21.6757],[69.53875,21.67597],[69.53819,21.67597],[69.53819,21.67625],[69.53782,21.67625],[69.53782,21.67625],[69.53764,21.67625],[69.53764,21.6764],[69.53764,21.67641],[69.53764,21.67653],[69.53749,21.67653],[69.53749,21.67653],[69.53736,21.67653],[69.53736,21.67664],[69.53736,21.67664],[69.53736,21.67681],[69.53716,21.67681],[69.53716,21.67681],[69.53709,21.67681],[69.53709,21.67687],[69.53709,21.67687],[69.53709,21.67708],[69.53684,21.67708],[69.53684,21.67708],[69.5368,21.67708],[69.5368,21.67712],[69.5368,21.67712],[69.5368,21.67736],[69.53653,21.67736],[69.53653,21.67764],[69.53625,21.67763],[69.53625,21.67792],[69.53597,21.67792],[69.53597,21.67819],[69.5357,21.67819],[69.5357,21.67847],[69.5352,21.67847],[69.5352,21.67847],[69.53513,21.67847],[69.53513,21.67853],[69.53513,21.67853],[69.53513,21.67875],[69.53487,21.67875],[69.53487,21.67875],[69.53486,21.67875],[69.53486,21.67876],[69.53486,21.67876],[69.53486,21.67903],[69.53458,21.67903],[69.53458,21.67931],[69.53431,21.67931],[69.5343,21.68014],[69.53403,21.68014],[69.53403,21.6807],[69.53347,21.6807],[69.53347,21.68097],[69.53264,21.68097],[69.53264,21.68125],[69.53209,21.68125],[69.53209,21.68153],[69.53181,21.68153],[69.53181,21.68181],[69.53153,21.68181],[69.53153,21.68208],[69.53125,21.68208],[69.53125,21.68236],[69.53098,21.68236],[69.53098,21.68264],[69.53069,21.68264],[69.53069,21.68292],[69.53042,21.68292],[69.53042,21.6832],[69.53014,21.6832],[69.53014,21.68347],[69.52986,21.68347],[69.52986,21.68376],[69.52959,21.68376],[69.52959,21.68403],[69.52903,21.68403],[69.52903,21.68431],[69.52875,21.68431],[69.52875,21.68459],[69.52847,21.68458],[69.52847,21.68486],[69.5282,21.68486],[69.5282,21.68514],[69.52792,21.68514],[69.52792,21.68542],[69.52764,21.68542],[69.52764,21.68569],[69.52736,21.68569],[69.52736,21.68597],[69.52708,21.68597],[69.52708,21.68625],[69.5268,21.68625],[69.5268,21.68653],[69.52653,21.68653],[69.52653,21.68681],[69.52625,21.68681],[69.52625,21.68709],[69.52597,21.68708],[69.52597,21.68736],[69.5257,21.68736],[69.5257,21.68764],[69.52541,21.68764],[69.52541,21.68792],[69.52487,21.68792],[69.52487,21.6882],[69.52458,21.6882],[69.52458,21.68847],[69.52431,21.68847],[69.52431,21.68875],[69.52403,21.68875],[69.52403,21.68903],[69.52375,21.68903],[69.52375,21.68931],[69.52348,21.68931],[69.52348,21.68958],[69.5232,21.68958],[69.5232,21.68986],[69.52292,21.68986],[69.52292,21.69014],[69.52264,21.69014],[69.52264,21.69042],[69.52236,21.69042],[69.52236,21.69069],[69.52209,21.69069],[69.52209,21.69097],[69.5218,21.69097],[69.5218,21.69125],[69.52153,21.69125],[69.52153,21.69153],[69.52125,21.69153],[69.52125,21.6918],[69.52091,21.6918],[69.52069,21.6918],[69.52069,21.69205],[69.52069,21.69208],[69.52067,21.69208],[69.52042,21.69208],[69.52042,21.69236],[69.52015,21.69236],[69.52015,21.69264],[69.51986,21.69264],[69.51986,21.69293],[69.51958,21.69293],[69.51958,21.6932],[69.5193,21.6932],[69.5193,21.69347],[69.51903,21.69347],[69.51903,21.69375],[69.51875,21.69375],[69.51875,21.69403],[69.51847,21.69403],[69.51847,21.69431],[69.5182,21.69431],[69.5182,21.69459],[69.51791,21.69458],[69.51791,21.69486],[69.51764,21.69486],[69.51764,21.69514],[69.51709,21.69514],[69.51709,21.69542],[69.51681,21.69542],[69.51681,21.6957],[69.51653,21.69569],[69.51653,21.69597],[69.51625,21.69597],[69.51625,21.69625],[69.51598,21.69625],[69.51598,21.69653],[69.51569,21.69653],[69.51569,21.69681],[69.51542,21.69681],[69.51542,21.69708],[69.51514,21.69708],[69.51514,21.69736],[69.51486,21.69736],[69.51486,21.69764],[69.51458,21.69764],[69.51458,21.69792],[69.51431,21.69792],[69.51431,21.6982],[69.51403,21.6982],[69.51403,21.69848],[69.51375,21.69848],[69.51375,21.69875],[69.51319,21.69874],[69.51319,21.69903],[69.51291,21.69903],[69.51291,21.69931],[69.51264,21.6993],[69.51264,21.69958],[69.51236,21.69958],[69.51236,21.69986],[69.51208,21.69986],[69.51208,21.70014],[69.5118,21.70014],[69.5118,21.70042],[69.51153,21.70042],[69.51153,21.7007],[69.51126,21.7007],[69.51126,21.70097],[69.51096,21.70097],[69.51096,21.70125],[69.5107,21.70125],[69.5107,21.70153],[69.51042,21.70153],[69.51042,21.70181],[69.51014,21.70181],[69.51014,21.70209],[69.50987,21.70209],[69.50987,21.70236],[69.50958,21.70236],[69.50958,21.70292],[69.50931,21.70292],[69.50931,21.7032],[69.50903,21.7032],[69.50903,21.70347],[69.50875,21.70347],[69.50875,21.70375],[69.50847,21.70375],[69.50847,21.70403],[69.50819,21.70403],[69.50819,21.70431],[69.50764,21.70431],[69.50764,21.70458],[69.50736,21.70458],[69.50736,21.70487],[69.50708,21.70487],[69.50708,21.70514],[69.50681,21.70514],[69.50681,21.70542],[69.50653,21.70542],[69.50653,21.70569],[69.50598,21.70569],[69.50598,21.70597],[69.50569,21.70597],[69.50569,21.70625],[69.50542,21.70625],[69.50542,21.70653],[69.50515,21.70653],[69.50515,21.70681],[69.50486,21.70681],[69.50486,21.70708],[69.50459,21.70708],[69.50459,21.70736],[69.5043,21.70736],[69.5043,21.70764],[69.50375,21.70764],[69.50375,21.70793],[69.50347,21.70792],[69.50347,21.7082],[69.5032,21.7082],[69.5032,21.70847],[69.50291,21.70847],[69.50291,21.70875],[69.50264,21.70875],[69.50264,21.70903],[69.50236,21.70903],[69.50236,21.70931],[69.50208,21.70931],[69.50208,21.70959],[69.50181,21.70959],[69.50181,21.70986],[69.50153,21.70986],[69.50153,21.71014],[69.50125,21.71014],[69.50125,21.71042],[69.50069,21.71042],[69.50069,21.7107],[69.50042,21.7107],[69.50042,21.71097],[69.50014,21.71097],[69.50014,21.71125],[69.49986,21.71125],[69.49986,21.71153],[69.49958,21.71153],[69.49958,21.71181],[69.49931,21.71181],[69.49931,21.71209],[69.49902,21.71208],[69.49902,21.71236],[69.49875,21.71236],[69.49875,21.71264],[69.49847,21.71264],[69.49847,21.71292],[69.49819,21.71292],[69.49819,21.7132],[69.49792,21.7132],[69.49792,21.71347],[69.49764,21.71347],[69.49764,21.71375],[69.49736,21.71374],[69.49736,21.71403],[69.4971,21.71403],[69.4971,21.71431],[69.49681,21.71431],[69.49681,21.71458],[69.49653,21.71458],[69.49653,21.71486],[69.49625,21.71486],[69.49625,21.71514],[69.49596,21.71514],[69.49596,21.71542],[69.4957,21.71542],[69.4957,21.7157],[69.49542,21.7157],[69.49542,21.71597],[69.49514,21.71597],[69.49514,21.71625],[69.49486,21.71625],[69.49486,21.71653],[69.49458,21.71653],[69.49458,21.71681],[69.49431,21.71681],[69.49431,21.71708],[69.49403,21.71708],[69.49403,21.71764],[69.49375,21.71764],[69.49375,21.71792],[69.49347,21.71792],[69.49347,21.7182],[69.4932,21.71819],[69.4932,21.71847],[69.49292,21.71847],[69.49292,21.71875],[69.49264,21.71875],[69.49264,21.71903],[69.49236,21.71903],[69.49236,21.71931],[69.49208,21.71931],[69.49208,21.71958],[69.49181,21.71958],[69.49181,21.71987],[69.49153,21.71987],[69.49153,21.72014],[69.49125,21.72014],[69.49125,21.72042],[69.49098,21.72042],[69.49098,21.72069],[69.49069,21.72069],[69.49069,21.72097],[69.49042,21.72097],[69.49042,21.72125],[69.49014,21.72125],[69.49014,21.72153],[69.48986,21.72153],[69.48986,21.72181],[69.48959,21.72181],[69.48959,21.72208],[69.4893,21.72208],[69.4893,21.72236],[69.48903,21.72236],[69.48903,21.72264],[69.48875,21.72264],[69.48875,21.72292],[69.48847,21.72292],[69.48847,21.72347],[69.4882,21.72347],[69.4882,21.72403],[69.48792,21.72403],[69.48792,21.72458],[69.48764,21.72458],[69.48764,21.72514],[69.48736,21.72514],[69.48736,21.72542],[69.48681,21.72542],[69.48681,21.7257],[69.48652,21.7257],[69.48652,21.72597],[69.48569,21.72597],[69.48569,21.72625],[69.48542,21.72625],[69.48542,21.72653],[69.48514,21.72653],[69.48514,21.72681],[69.48487,21.72681],[69.48487,21.72708],[69.48458,21.72708],[69.48458,21.72736],[69.48402,21.72736],[69.48402,21.72764],[69.48375,21.72764],[69.48375,21.72792],[69.48347,21.72792],[69.48347,21.7282],[69.48319,21.7282],[69.48319,21.72847],[69.48292,21.72847],[69.48292,21.72875],[69.48265,21.72875],[69.48265,21.72903],[69.48236,21.72903],[69.48236,21.72959],[69.48209,21.72958],[69.48209,21.72986],[69.4818,21.72986],[69.4818,21.73014],[69.48153,21.73014],[69.48153,21.7307],[69.48125,21.7307],[69.48125,21.73097],[69.48097,21.73097],[69.48098,21.73125],[69.4807,21.73125],[69.4807,21.73153],[69.48042,21.73153],[69.48042,21.73181],[69.48014,21.73181],[69.48014,21.73208],[69.47986,21.73208],[69.47986,21.73236],[69.47958,21.73236],[69.47958,21.73292],[69.47931,21.73292],[69.47931,21.73319],[69.47903,21.73319],[69.47903,21.73347],[69.47875,21.73347],[69.47875,21.73375],[69.47847,21.73375],[69.47847,21.73403],[69.4782,21.73403],[69.4782,21.73431],[69.47791,21.73431],[69.47791,21.73458],[69.47764,21.73458],[69.47764,21.73486],[69.47708,21.73485],[69.47708,21.73514],[69.47681,21.73514],[69.47681,21.73542],[69.47653,21.73542],[69.47653,21.7357],[69.47625,21.7357],[69.47625,21.73597],[69.47598,21.73597],[69.47598,21.73619],[69.47598,21.73625],[69.4759,21.73625],[69.47542,21.73625],[69.47542,21.73653],[69.47514,21.73653],[69.47514,21.73674],[69.47514,21.73681],[69.47504,21.73681],[69.47486,21.7368],[69.47486,21.73692],[69.47486,21.73709],[69.47461,21.73709],[69.47459,21.73709],[69.47459,21.7371],[69.47459,21.73736],[69.4743,21.73736],[69.4743,21.73764],[69.47403,21.73764],[69.47403,21.73792],[69.47347,21.73792],[69.47347,21.73819],[69.4732,21.7382],[69.4732,21.73847],[69.47292,21.73847],[69.47293,21.73875],[69.47236,21.73875],[69.47236,21.73903],[69.47208,21.73903],[69.47208,21.73931],[69.47181,21.73931],[69.4718,21.73959],[69.47153,21.73958],[69.47153,21.74014],[69.47125,21.74014],[69.47125,21.74042],[69.47097,21.74042],[69.47097,21.7407],[69.47069,21.7407],[69.47069,21.74097],[69.47014,21.74097],[69.47014,21.74125],[69.46958,21.74125],[69.46958,21.74153],[69.46931,21.74153],[69.46931,21.74181],[69.46875,21.74181],[69.46875,21.74208],[69.46819,21.74208],[69.46819,21.74236],[69.46764,21.74236],[69.46764,21.74264],[69.46709,21.74264],[69.46709,21.74292],[69.46653,21.74292],[69.46653,21.7432],[69.46625,21.7432],[69.46625,21.74347],[69.4657,21.74347],[69.4657,21.74375],[69.46514,21.74375],[69.46514,21.74404],[69.46459,21.74403],[69.46459,21.74431],[69.4643,21.74431],[69.4643,21.74459],[69.46375,21.74459],[69.46375,21.74486],[69.4632,21.74486],[69.4632,21.74514],[69.46291,21.74514],[69.46291,21.74542],[69.46236,21.74542],[69.46236,21.7457],[69.46181,21.7457],[69.46181,21.74597],[69.46153,21.74597],[69.46153,21.74625],[69.46099,21.74625],[69.46099,21.74653],[69.46042,21.74653],[69.46042,21.74681],[69.45986,21.74681],[69.45986,21.74708],[69.45959,21.74708],[69.45959,21.74736],[69.45903,21.74736],[69.45903,21.74764],[69.45848,21.74764],[69.45848,21.74792],[69.45819,21.74792],[69.45819,21.74819],[69.45766,21.74819],[69.45766,21.74819],[69.45764,21.74819],[69.45764,21.74821],[69.45764,21.74821],[69.45764,21.74847],[69.45732,21.74848],[69.45731,21.74848],[69.45708,21.74847],[69.45708,21.74866],[69.45708,21.74866],[69.45709,21.74875],[69.45698,21.74875],[69.45697,21.74875],[69.45681,21.74875],[69.45681,21.74888],[69.45681,21.74889],[69.45681,21.74903],[69.45663,21.74903],[69.45663,21.74903],[69.45625,21.74903],[69.45625,21.74931],[69.45569,21.74931],[69.45569,21.74958],[69.45542,21.74958],[69.45542,21.74986],[69.45486,21.74985],[69.45486,21.75014],[69.45458,21.75014],[69.45458,21.75042],[69.45403,21.75042],[69.45403,21.75069],[69.45375,21.75069],[69.45375,21.75097],[69.45319,21.75097],[69.45319,21.75125],[69.45292,21.75125],[69.45292,21.75153],[69.45236,21.75153],[69.45236,21.75181],[69.45208,21.75181],[69.45208,21.75208],[69.45153,21.75208],[69.45153,21.75236],[69.45125,21.75236],[69.45125,21.75264],[69.45069,21.75264],[69.45069,21.7532],[69.45042,21.7532],[69.45042,21.75347],[69.45014,21.75347],[69.45014,21.75375],[69.44986,21.75375],[69.44986,21.75403],[69.44959,21.75403],[69.44959,21.75431],[69.4493,21.75431],[69.4493,21.75458],[69.44903,21.75458],[69.44903,21.75486],[69.44876,21.75486],[69.44876,21.75514],[69.44847,21.75514],[69.44847,21.75542],[69.4482,21.75542],[69.4482,21.7557],[69.4479,21.7557],[69.4479,21.75598],[69.44736,21.75598],[69.44736,21.75625],[69.44708,21.75625],[69.44708,21.75653],[69.44681,21.75653],[69.44681,21.75681],[69.44653,21.75681],[69.44653,21.75709],[69.44625,21.75708],[69.44625,21.75736],[69.44569,21.75736],[69.44569,21.75764],[69.44542,21.75764],[69.44542,21.75792],[69.44514,21.75792],[69.44514,21.7582],[69.44486,21.7582],[69.44487,21.75875],[69.44458,21.75875],[69.44458,21.75904],[69.44431,21.75904],[69.44431,21.75931],[69.44403,21.75931],[69.44403,21.76],[69.44403,21.76],[69.44403,21.76014],[69.44385,21.76014],[69.44385,21.76014],[69.4421,21.76014],[69.4421,21.76042],[69.44097,21.76042],[69.44097,21.76069],[69.44014,21.76069],[69.44014,21.76097],[69.43986,21.76097],[69.43986,21.76125],[69.43958,21.76125],[69.43958,21.76181],[69.43931,21.76181],[69.43931,21.76264],[69.43819,21.76264],[69.43819,21.76292],[69.43792,21.76292],[69.43792,21.7632],[69.43764,21.76319],[69.43764,21.76347],[69.43736,21.76347],[69.43736,21.76367],[69.43736,21.76403],[69.43708,21.76403],[69.43708,21.76431],[69.43681,21.7643],[69.43681,21.76459],[69.43625,21.76459],[69.43625,21.76486],[69.43568,21.76486],[69.43568,21.76514],[69.43542,21.76514],[69.43542,21.76542],[69.43486,21.76542],[69.43486,21.7657],[69.43431,21.7657],[69.43431,21.76597],[69.43403,21.76597],[69.43403,21.76625],[69.43375,21.76625],[69.43375,21.76653],[69.43347,21.76653],[69.43347,21.76681],[69.4332,21.76681],[69.4332,21.76708],[69.43291,21.76708],[69.43291,21.76736],[69.43236,21.76736],[69.43236,21.76764],[69.43209,21.76764],[69.43209,21.76792],[69.43181,21.76792],[69.43181,21.76819],[69.43152,21.76819],[69.43152,21.76847],[69.43125,21.76847],[69.43125,21.76875],[69.43097,21.76875],[69.43097,21.76903],[69.43069,21.76903],[69.43069,21.76931],[69.43042,21.76931],[69.43042,21.76958],[69.43014,21.76958],[69.43014,21.76986],[69.42986,21.76986],[69.42987,21.77014],[69.4293,21.77014],[69.4293,21.77042],[69.42903,21.77042],[69.42903,21.7707],[69.42875,21.77069],[69.42875,21.77098],[69.42847,21.77098],[69.42847,21.77125],[69.42819,21.77125],[69.42819,21.77153],[69.42792,21.77153],[69.42792,21.77181],[69.42764,21.77181],[69.42764,21.77209],[69.42736,21.77209],[69.42736,21.77236],[69.42709,21.77236],[69.42709,21.77264],[69.4268,21.77264],[69.4268,21.77292],[69.42653,21.77292],[69.42653,21.7732],[69.42625,21.7732],[69.42625,21.77347],[69.42597,21.77347],[69.42597,21.77375],[69.4257,21.77375],[69.4257,21.77378],[69.4257,21.77403],[69.42542,21.77402],[69.42542,21.77431],[69.42514,21.77431],[69.42514,21.77486],[69.42486,21.77486],[69.42486,21.77514],[69.42458,21.77514],[69.42458,21.77542],[69.42431,21.77542],[69.42431,21.77569],[69.42403,21.77569],[69.42403,21.77597],[69.42374,21.77597],[69.42374,21.77625],[69.42347,21.77625],[69.42347,21.77653],[69.4232,21.77653],[69.4232,21.77653],[69.42319,21.77653],[69.42319,21.77655],[69.42319,21.77656],[69.42319,21.77681],[69.42309,21.77681],[69.42309,21.77681],[69.42292,21.77681],[69.42292,21.77708],[69.42264,21.77708],[69.42264,21.77736],[69.42264,21.77736],[69.42264,21.77736],[69.42237,21.77736],[69.42237,21.77762],[69.42237,21.77762],[69.42237,21.77764],[69.42235,21.77764],[69.42235,21.77764],[69.42208,21.77764],[69.42208,21.77789],[69.42208,21.77789],[69.42208,21.77792],[69.42205,21.77792],[69.42205,21.77792],[69.42181,21.77791],[69.42181,21.77815],[69.42181,21.77815],[69.42181,21.7782],[69.42177,21.7782],[69.42176,21.7782],[69.42153,21.7782],[69.42153,21.77842],[69.42153,21.77843],[69.42153,21.77847],[69.42147,21.77847],[69.42147,21.77847],[69.42125,21.77847],[69.42125,21.77868],[69.42125,21.77868],[69.42125,21.77875],[69.42118,21.77875],[69.42118,21.77875],[69.42097,21.77875],[69.42097,21.77895],[69.42097,21.77896],[69.42097,21.77903],[69.42089,21.77903],[69.42088,21.77903],[69.42068,21.77903],[69.42068,21.77923],[69.42068,21.77923],[69.42068,21.77931],[69.4206,21.77931],[69.42059,21.77931],[69.42042,21.77931],[69.42042,21.77947],[69.42042,21.77948],[69.42042,21.77958],[69.42031,21.77958],[69.4203,21.77958],[69.42014,21.77958],[69.42014,21.77974],[69.42014,21.77975],[69.42014,21.77986],[69.42002,21.77986],[69.42001,21.77986],[69.41986,21.77986],[69.41986,21.78],[69.41986,21.78],[69.41986,21.78015],[69.41971,21.78015],[69.41971,21.78015],[69.41959,21.78015],[69.41959,21.78026],[69.41959,21.78027],[69.41959,21.78042],[69.41943,21.78042],[69.41942,21.78042],[69.41929,21.78042],[69.41929,21.78054],[69.41929,21.78055],[69.41929,21.7807],[69.41913,21.7807],[69.41913,21.7807],[69.41903,21.7807],[69.41903,21.78079],[69.41903,21.7808],[69.41903,21.78097],[69.41885,21.78097],[69.41885,21.78097],[69.41875,21.78097],[69.41875,21.78106],[69.41875,21.78107],[69.41875,21.78125],[69.41855,21.78125],[69.41855,21.78125],[69.41847,21.78125],[69.41847,21.78132],[69.41847,21.78133],[69.41847,21.78153],[69.41826,21.78153],[69.41826,21.78153],[69.4182,21.78153],[69.4182,21.78159],[69.4182,21.78159],[69.4182,21.78181],[69.41797,21.78181],[69.41797,21.78181],[69.41791,21.78181],[69.41791,21.78186],[69.41791,21.78186],[69.41791,21.78208],[69.41768,21.78208],[69.41768,21.78208],[69.41764,21.78208],[69.41764,21.78212],[69.41764,21.78212],[69.41764,21.78236],[69.41739,21.78236],[69.41738,21.78236],[69.41736,21.78236],[69.41736,21.78238],[69.41736,21.78239],[69.41736,21.78264],[69.41709,21.78264],[69.41709,21.78264],[69.41708,21.78264],[69.41708,21.78265],[69.41708,21.78266],[69.41708,21.78292],[69.41681,21.78292],[69.41681,21.78319],[69.41653,21.78319],[69.41653,21.78347],[69.41625,21.78347],[69.41625,21.78375],[69.41597,21.78375],[69.41597,21.78403],[69.4157,21.78403],[69.4157,21.78431],[69.41541,21.78431],[69.41541,21.78459],[69.41505,21.78458],[69.41505,21.78458],[69.41486,21.78458],[69.41486,21.78476],[69.41486,21.78477],[69.41486,21.78486],[69.41476,21.78486],[69.41476,21.78486],[69.41458,21.78486],[69.41458,21.78503],[69.41458,21.78503],[69.41458,21.78514],[69.41446,21.78514],[69.41446,21.78514],[69.41431,21.78514],[69.41431,21.78529],[69.41431,21.78529],[69.41431,21.78542],[69.41417,21.78542],[69.41417,21.78542],[69.41403,21.78542],[69.41403,21.78556],[69.41403,21.78556],[69.41403,21.7857],[69.41388,21.7857],[69.41388,21.7857],[69.41375,21.7857],[69.41375,21.78582],[69.41375,21.78582],[69.41375,21.78597],[69.4136,21.78597],[69.41359,21.78597],[69.41348,21.78596],[69.41348,21.78607],[69.41348,21.78607],[69.41348,21.78625],[69.4133,21.78625],[69.41329,21.78625],[69.41319,21.78625],[69.41319,21.78635],[69.41319,21.78635],[69.41319,21.78653],[69.413,21.78653],[69.413,21.78653],[69.41292,21.78653],[69.41292,21.78661],[69.41292,21.78661],[69.41292,21.78681],[69.41271,21.78681],[69.41265,21.78681],[69.41264,21.78681],[69.41264,21.78688],[69.41264,21.78708],[69.41242,21.78708],[69.41236,21.78708],[69.41236,21.78714],[69.41236,21.78736],[69.41213,21.78736],[69.41209,21.78736],[69.41209,21.7874],[69.41209,21.78764],[69.41183,21.78764],[69.4118,21.78764],[69.4118,21.78768],[69.4118,21.78792],[69.41154,21.78792],[69.41153,21.78792],[69.41153,21.78793],[69.41153,21.78819],[69.41125,21.78819],[69.41097,21.78819],[69.41097,21.78846],[69.41097,21.78847],[69.41096,21.78847],[69.4107,21.78847],[69.4107,21.78872],[69.4107,21.78875],[69.41067,21.78875],[69.41042,21.78875],[69.41042,21.78899],[69.41042,21.78903],[69.41037,21.78903],[69.41014,21.78903],[69.41014,21.78925],[69.41014,21.7893],[69.41009,21.7893],[69.40986,21.7893],[69.40986,21.78952],[69.40986,21.78958],[69.40979,21.78958],[69.40959,21.78958],[69.40959,21.78978],[69.40959,21.78986],[69.4095,21.78986],[69.40903,21.78986],[69.40903,21.79014],[69.40876,21.79014],[69.40876,21.79042],[69.40847,21.79042],[69.40847,21.7907],[69.4082,21.79069],[69.4082,21.79097],[69.40792,21.79097],[69.40792,21.79125],[69.40736,21.79125],[69.40736,21.79153],[69.40708,21.79153],[69.40708,21.79181],[69.40681,21.79181],[69.40681,21.79209],[69.40652,21.79209],[69.40652,21.79236],[69.40625,21.79236],[69.40625,21.79264],[69.40599,21.79264],[69.40599,21.79292],[69.40542,21.79292],[69.40542,21.7932],[69.40513,21.7932],[69.40513,21.79347],[69.40486,21.79347],[69.40486,21.79375],[69.40459,21.79375],[69.40459,21.79403],[69.40403,21.79403],[69.40403,21.79431],[69.40375,21.79431],[69.40375,21.79458],[69.40347,21.79458],[69.40347,21.79486],[69.40291,21.79486],[69.40291,21.79515],[69.40264,21.79515],[69.40264,21.79542],[69.40236,21.79542],[69.40236,21.79569],[69.4018,21.79569],[69.4018,21.79597],[69.40153,21.79597],[69.40153,21.79625],[69.40125,21.79625],[69.40125,21.79653],[69.4007,21.79653],[69.4007,21.79681],[69.40042,21.79681],[69.40042,21.79708],[69.40014,21.79708],[69.40014,21.79736],[69.39986,21.79736],[69.39986,21.79764],[69.39957,21.79764],[69.39957,21.79792],[69.39931,21.79792],[69.39931,21.7982],[69.39903,21.7982],[69.39903,21.79875],[69.39875,21.79875],[69.39875,21.79903],[69.39848,21.79903],[69.39848,21.79931],[69.3982,21.79931],[69.3982,21.79959],[69.39792,21.79959],[69.39792,21.79986],[69.39764,21.79986],[69.39764,21.80014],[69.39736,21.80014],[69.39736,21.80042],[69.39709,21.80042],[69.39709,21.80069],[69.39681,21.8007],[69.39681,21.80097],[69.39653,21.80096],[69.39653,21.80125],[69.39625,21.80125],[69.3962,21.80181],[69.39598,21.80181],[69.39598,21.80208],[69.39569,21.80208],[69.39569,21.80236],[69.39542,21.80236],[69.39542,21.80264],[69.39514,21.80264],[69.39514,21.80292],[69.39486,21.80292],[69.39486,21.80319],[69.39459,21.80319],[69.39459,21.80347],[69.3943,21.80347],[69.3943,21.80403],[69.39403,21.80403],[69.39403,21.80432],[69.39375,21.8043],[69.39375,21.80458],[69.39351,21.80458],[69.39347,21.80458],[69.39347,21.80467],[69.39347,21.80486],[69.39338,21.80486],[69.3932,21.80486],[69.3932,21.80514],[69.39292,21.80514],[69.39292,21.80562],[69.39292,21.80562],[69.39292,21.8057],[69.39284,21.8057],[69.39284,21.8057],[69.39264,21.8057],[69.39264,21.80588],[69.39264,21.80589],[69.39264,21.80597],[69.39255,21.80597],[69.39254,21.80597],[69.39236,21.80597],[69.39236,21.80615],[69.39236,21.80615],[69.39236,21.80625],[69.39226,21.80625],[69.39225,21.80625],[69.39208,21.80625],[69.39208,21.80641],[69.39208,21.80641],[69.39208,21.80653],[69.39196,21.80653],[69.39196,21.80653],[69.39181,21.80653],[69.39181,21.80667],[69.39181,21.80668],[69.39181,21.80681],[69.39167,21.80681],[69.39167,21.80681],[69.39152,21.80681],[69.39152,21.80694],[69.39152,21.80694],[69.39152,21.80736],[69.39125,21.80736],[69.39125,21.80764],[69.39109,21.80764],[69.39101,21.80764],[69.39098,21.80764],[69.39098,21.80767],[69.39098,21.80792],[69.3907,21.80792],[69.3907,21.8082],[69.39042,21.8082],[69.39042,21.80847],[69.39014,21.80847],[69.39014,21.80903],[69.38986,21.80903],[69.38986,21.80931],[69.38958,21.80931],[69.38958,21.80958],[69.3893,21.80958],[69.38931,21.80986],[69.38903,21.80986],[69.38903,21.81014],[69.38875,21.81014],[69.38875,21.81069],[69.38847,21.81069],[69.38847,21.81097],[69.38819,21.81097],[69.38819,21.81125],[69.38792,21.81125],[69.38792,21.81153],[69.38763,21.81153],[69.38763,21.81181],[69.38736,21.81181],[69.38736,21.81236],[69.38708,21.81236],[69.38708,21.81264],[69.3868,21.81264],[69.3868,21.81292],[69.38653,21.81292],[69.38653,21.8132],[69.38626,21.8132],[69.38626,21.81347],[69.38597,21.81347],[69.38597,21.81403],[69.3857,21.81403],[69.3857,21.81431],[69.38542,21.81431],[69.38542,21.81458],[69.38514,21.81458],[69.38514,21.81486],[69.38486,21.81486],[69.38486,21.81514],[69.38458,21.81514],[69.38458,21.81569],[69.38431,21.81569],[69.38431,21.81597],[69.38404,21.81597],[69.38404,21.81626],[69.38375,21.81626],[69.38375,21.81653],[69.38347,21.81653],[69.38347,21.8168],[69.3832,21.8168],[69.3832,21.81736],[69.38292,21.81736],[69.38292,21.81764],[69.38264,21.81764],[69.38264,21.81792],[69.38236,21.81792],[69.38236,21.81847],[69.38208,21.81847],[69.38208,21.81875],[69.38186,21.81875],[69.38182,21.81875],[69.38182,21.81883],[69.38182,21.81903],[69.38171,21.81903],[69.38153,21.81903],[69.38153,21.81936],[69.38153,21.81959],[69.38138,21.81958],[69.38125,21.81958],[69.38125,21.81972],[69.38125,21.81986],[69.38112,21.81986],[69.38097,21.81986],[69.38097,21.82002],[69.38097,21.82014],[69.38086,21.82014],[69.38069,21.82014],[69.38069,21.82032],[69.38069,21.8207],[69.38042,21.8207],[69.38042,21.82097],[69.38014,21.82097],[69.38014,21.82125],[69.37986,21.82125],[69.37986,21.82153],[69.37959,21.82153],[69.37959,21.82208],[69.3793,21.82207],[69.3793,21.82236],[69.37903,21.82236],[69.37903,21.82264],[69.37876,21.82264],[69.37876,21.82292],[69.37847,21.82292],[69.37847,21.82319],[69.3782,21.82319],[69.3782,21.82375],[69.37791,21.82375],[69.37791,21.82403],[69.37764,21.82403],[69.37764,21.82431],[69.37736,21.82431],[69.37736,21.82458],[69.37708,21.82458],[69.37708,21.82502],[69.37708,21.82514],[69.37681,21.82513],[69.37681,21.82542],[69.37653,21.82542],[69.37653,21.8257],[69.37625,21.8257],[69.37625,21.82597],[69.37597,21.82597],[69.37597,21.82625],[69.37569,21.82625],[69.37569,21.82653],[69.37514,21.82653],[69.37514,21.82681],[69.37486,21.82681],[69.37486,21.82709],[69.37458,21.82709],[69.37458,21.82736],[69.37432,21.82736],[69.37432,21.82764],[69.37403,21.82764],[69.37403,21.82765],[69.37834,21.82846],[69.38075,21.8342],[69.3813,21.84225],[69.38505,21.85117],[69.3848,21.86408],[69.38609,21.87127],[69.38981,21.87713],[69.39466,21.88153],[69.4006,21.8848],[69.4026,21.88804],[69.40376,21.88968],[69.40739,21.89048],[69.41362,21.88312],[69.42087,21.87973],[69.42396,21.88076],[69.42821,21.88218],[69.43632,21.87332],[69.44897,21.8508],[69.46668,21.85249],[69.47662,21.85254],[69.48642,21.85392],[69.48953,21.85483],[69.48947,21.85866],[69.48477,21.87314],[69.48722,21.87324],[69.488,21.89367],[69.49475,21.89378],[69.49919,21.89275],[69.50253,21.89466],[69.50552,21.8997],[69.52551,21.88987],[69.53246,21.88841],[69.53555,21.89119],[69.54106,21.91193],[69.54201,21.91809],[69.54372,21.92271],[69.54781,21.9284],[69.55266,21.9323],[69.56543,21.94022],[69.58096,21.94482],[69.59022,21.94525],[69.60767,21.94437],[69.61111,21.94477],[69.61232,21.9456],[69.6158,21.94298],[69.61762,21.94058],[69.62094,21.94],[69.62907,21.92203],[69.63367,21.91787],[69.64234,21.91741],[69.65188,21.91959],[69.65701,21.9217],[69.65709,21.92821],[69.65167,21.95445],[69.68404,21.95843],[69.68935,21.97742],[69.69488,21.9775],[69.7166,21.97435],[69.72171,21.95616],[69.72578,21.95501],[69.72262,21.94017],[69.72339,21.9375],[69.71925,21.93489],[69.70886,21.93195],[69.70742,21.92932],[69.70771,21.92642],[69.69152,21.91215],[69.68628,21.90963],[69.68547,21.91472],[69.682,21.92534],[69.67109,21.92453],[69.66731,21.92233],[69.67285,21.9046],[69.67233,21.90199],[69.66734,21.89953],[69.66818,21.89224],[69.6667,21.88421],[69.6591,21.87076],[69.65747,21.86911],[69.64733,21.87017],[69.63555,21.8741],[69.63237,21.86878],[69.63061,21.86805],[69.62656,21.86793],[69.61881,21.86908],[69.61564,21.8677],[69.61122,21.86334],[69.60936,21.84417],[69.6095,21.83501],[69.60988,21.82985],[69.61344,21.82996],[69.61278,21.81278],[69.61353,21.80716],[69.61589,21.80581],[69.61636,21.80263],[69.61834,21.80156],[69.63213,21.80258],[69.63316,21.80759],[69.63331,21.81386],[69.63318,21.82302],[69.63226,21.82724],[69.63493,21.82909],[69.63703,21.83247],[69.64531,21.83626],[69.65329,21.83656],[69.65719,21.83429],[69.66543,21.81168],[69.67631,21.81052],[69.67538,21.81503],[69.67662,21.81864],[69.68311,21.81927],[69.68803,21.81859],[69.69127,21.81521],[69.69197,21.8096],[69.69598,21.80792],[69.69877,21.80564],[69.7015,21.79508],[69.7069,21.79527],[69.70946,21.79612],[69.71405,21.79289],[69.71896,21.79707],[69.72425,21.80406],[69.72535,21.8086],[69.72534,21.81829],[69.73226,21.82379],[69.73514,21.82801],[69.73994,21.83138],[69.7516,21.82692],[69.75953,21.82135],[69.76752,21.82031],[69.78889,21.82359],[69.79896,21.82298],[69.81209,21.82329],[69.81523,21.82246],[69.81662,21.81918],[69.81745,21.81291],[69.81579,21.78595],[69.81339,21.77361],[69.81016,21.76729],[69.81419,21.75061],[69.81697,21.74461],[69.81759,21.74026],[69.83407,21.74134],[69.83934,21.73255],[69.84648,21.73039],[69.85346,21.73067],[69.86025,21.73235],[69.86352,21.735],[69.86714,21.7354],[69.86749,21.75435],[69.86544,21.77543],[69.86985,21.77998],[69.87583,21.77319],[69.87928,21.76787],[69.88118,21.76726],[69.90872,21.7772],[69.91575,21.77888],[69.92815,21.77783],[69.93333,21.78019],[69.94611,21.79335],[69.94965,21.78961],[69.95939,21.79596],[69.96312,21.7973],[69.97036,21.7974],[69.97555,21.79931],[69.98596,21.80619],[69.99048,21.80803],[70.00004,21.80422],[70.00984,21.80086],[70.01159,21.79895],[70.01137,21.79353],[70.00847,21.78123],[70.00859,21.75726],[70.01279,21.74796],[70.01959,21.74483],[70.02021,21.72265],[70.01948,21.7152],[70.02113,21.70781],[70.02489,21.70399],[70.0287,21.70092],[70.03502,21.69791],[70.04032,21.69703],[70.05032,21.69812],[70.05584,21.70162],[70.0604,21.70802],[70.06592,21.71882],[70.07381,21.72902],[70.07506,21.73237]]]}}]}