{"type":"FeatureCollection","features":[{"type":"Feature","properties":{"id":"north-24-parganas","name":"North 24 Parganas","stateId":"west-bengal","stateName":"West Bengal","censuscode":337,"type":"district"},"geometry":{"type":"MultiPolygon","coordinates":[[[[88.82434,23.24874],[88.8283,23.24738],[88.82927,23.24784],[88.82935,23.24777],[88.83156,23.24743],[88.83419,23.24717],[88.83132,23.24307],[88.82696,23.23991],[88.82636,23.23852],[88.82575,23.23695],[88.82587,23.23514],[88.82759,23.23448],[88.82906,23.23471],[88.83368,23.23654],[88.83762,23.23993],[88.83762,23.24039],[88.83981,23.24063],[88.84102,23.24041],[88.84372,23.23794],[88.84522,23.23318],[88.85453,23.22845],[88.85453,23.22756],[88.85599,23.2271],[88.8562,23.22719],[88.8589,23.22826],[88.85916,23.22874],[88.86039,23.22998],[88.86521,23.23152],[88.86991,23.23211],[88.87531,23.2301],[88.88413,23.22878],[88.88535,23.22921],[88.88585,23.229],[88.89211,23.22964],[88.89845,23.22936],[88.90466,23.22973],[88.91005,23.23181],[88.91664,23.23247],[88.91861,23.23134],[88.9186,23.23089],[88.92082,23.2291],[88.9218,23.22844],[88.92241,23.22732],[88.92255,23.223],[88.92082,23.21734],[88.91986,23.21643],[88.91936,23.21644],[88.91766,23.21574],[88.91743,23.21372],[88.91743,23.21303],[88.92084,23.21123],[88.9223,23.21079],[88.92401,23.21149],[88.92637,23.2142],[88.92747,23.21487],[88.93003,23.2152],[88.93184,23.21509],[88.93356,23.21443],[88.93798,23.2112],[88.93799,23.21074],[88.93824,23.21055],[88.93904,23.21035],[88.94286,23.20767],[88.95108,23.20583],[88.95487,23.20499],[88.95878,23.2068],[88.96026,23.20951],[88.97123,23.21431],[88.97532,23.21922],[88.97672,23.22086],[88.97718,23.22138],[88.97892,23.22293],[88.98272,23.2245],[88.98748,23.22239],[88.99324,23.21979],[88.99596,23.21729],[88.99643,23.21616],[88.99777,23.21481],[88.99719,23.21187],[88.99548,23.21097],[88.99498,23.2112],[88.99277,23.21075],[88.99066,23.20938],[88.98981,23.20721],[88.98985,23.20485],[88.99132,23.20326],[88.99253,23.20213],[88.99279,23.20056],[88.9902,23.19797],[88.98877,23.19739],[88.98852,23.19647],[88.98546,23.19286],[88.9855,23.1847],[88.98501,23.18447],[88.98502,23.18378],[88.98451,23.18334],[88.98305,23.18357],[88.98059,23.18469],[88.97913,23.18921],[88.97839,23.18965],[88.97789,23.18988],[88.97737,23.19103],[88.97737,23.19149],[88.97538,23.19309],[88.97177,23.19462],[88.9665,23.19348],[88.96467,23.19236],[88.96275,23.18624],[88.96066,23.18442],[88.95969,23.18418],[88.95859,23.17968],[88.95714,23.17829],[88.95543,23.17762],[88.952,23.17759],[88.95113,23.17717],[88.94862,23.17618],[88.94652,23.17466],[88.941,23.1717],[88.9409,23.17147],[88.94041,23.17078],[88.93933,23.16717],[88.93651,23.16061],[88.93517,23.15857],[88.93426,23.15494],[88.93371,23.14792],[88.93459,23.14296],[88.93446,23.14115],[88.93372,23.14071],[88.93178,23.14114],[88.92882,23.14272],[88.92823,23.14249],[88.9258,23.14205],[88.92467,23.1351],[88.92458,23.13004],[88.92399,23.12868],[88.92131,23.12709],[88.91445,23.12615],[88.91165,23.12412],[88.91115,23.12412],[88.90812,23.118],[88.9067,23.11643],[88.90497,23.11441],[88.90057,23.1087],[88.89444,23.10553],[88.891,23.10761],[88.89038,23.10738],[88.88894,23.10822],[88.88736,23.10733],[88.88494,23.10166],[88.88419,23.10098],[88.8837,23.10074],[88.88223,23.10007],[88.87737,23.10029],[88.87323,23.09869],[88.87273,23.098],[88.87249,23.09416],[88.87287,23.09304],[88.87396,23.09212],[88.87459,23.08851],[88.87422,23.08716],[88.87127,23.08489],[88.86959,23.08147],[88.86935,23.08034],[88.86919,23.07686],[88.86962,23.07153],[88.87182,23.06725],[88.87625,23.06317],[88.87723,23.0591],[88.87785,23.04849],[88.87835,23.04826],[88.87995,23.04533],[88.8807,23.04443],[88.88191,23.04351],[88.88241,23.04215],[88.88157,23.03176],[88.87768,23.02587],[88.8766,23.02495],[88.87512,23.02111],[88.87488,23.01747],[88.87588,23.01499],[88.8765,23.01431],[88.87686,23.01252],[88.87683,23.0119],[88.87652,23.00709],[88.87615,23.00618],[88.87395,23.00458],[88.87345,23.00437],[88.86809,23.00548],[88.86101,23.00808],[88.85636,23.00974],[88.85182,23.00882],[88.84999,23.00768],[88.84999,23.00586],[88.84987,23.0052],[88.85,23.00474],[88.85146,23.00384],[88.85194,23.00368],[88.86103,23.00038],[88.86447,22.99846],[88.86518,22.99734],[88.86519,22.99688],[88.87107,22.99237],[88.87229,22.98332],[88.87183,22.97158],[88.87124,22.97088],[88.87088,22.97065],[88.8704,22.96792],[88.8694,22.96747],[88.86941,22.96701],[88.86527,22.96316],[88.86457,22.95797],[88.86994,22.95481],[88.8719,22.95436],[88.87262,22.9546],[88.87676,22.95391],[88.87848,22.95325],[88.89117,22.95496],[88.89485,22.95489],[88.8979,22.95359],[88.89849,22.95331],[88.90021,22.95196],[88.90034,22.95129],[88.90073,22.94449],[88.89929,22.93589],[88.90002,22.92958],[88.90787,22.92528],[88.91322,22.92463],[88.9169,22.92146],[88.91728,22.91965],[88.91642,22.91694],[88.91276,22.91309],[88.91179,22.91081],[88.90667,22.90742],[88.90642,22.90673],[88.90632,22.89951],[88.90681,22.89928],[88.90887,22.89384],[88.90973,22.89263],[88.90988,22.89228],[88.91038,22.89206],[88.91235,22.88029],[88.91309,22.87984],[88.91308,22.87937],[88.91776,22.8769],[88.92457,22.87465],[88.92605,22.87373],[88.93239,22.87182],[88.93554,22.87084],[88.94067,22.872],[88.94595,22.87728],[88.94896,22.88032],[88.94969,22.87858],[88.95118,22.87722],[88.95362,22.86999],[88.95436,22.86955],[88.95486,22.86933],[88.95598,22.86687],[88.95924,22.85983],[88.96147,22.85804],[88.96268,22.85531],[88.96609,22.85304],[88.96966,22.84675],[88.97015,22.84652],[88.9705,22.8454],[88.96999,22.83977],[88.96932,22.83182],[88.96617,22.82232],[88.96493,22.8198],[88.964,22.81279],[88.96339,22.81233],[88.96203,22.80895],[88.96142,22.80364],[88.96135,22.79718],[88.96062,22.79649],[88.95846,22.79607],[88.95355,22.79512],[88.95061,22.79399],[88.94452,22.79105],[88.9421,22.78967],[88.94187,22.7895],[88.94128,22.78899],[88.93952,22.78756],[88.93552,22.78422],[88.93519,22.7834],[88.93262,22.77698],[88.93009,22.77496],[88.93002,22.7749],[88.9278,22.77246],[88.9247,22.76904],[88.92426,22.76876],[88.92362,22.76836],[88.9234,22.76782],[88.92213,22.76475],[88.92216,22.75589],[88.92415,22.74958],[88.92417,22.74528],[88.92244,22.74052],[88.92369,22.73691],[88.92587,22.73511],[88.92613,22.73488],[88.92613,22.73444],[88.92917,22.73229],[88.92942,22.73206],[88.92942,22.73162],[88.93394,22.72766],[88.93748,22.71864],[88.93761,22.71749],[88.9381,22.71728],[88.93827,22.71721],[88.93969,22.71513],[88.94133,22.71272],[88.94163,22.71253],[88.94178,22.71184],[88.94555,22.70859],[88.94554,22.70813],[88.94863,22.70555],[88.94862,22.70509],[88.94887,22.70416],[88.9496,22.70393],[88.95056,22.7035],[88.95131,22.70281],[88.95131,22.70235],[88.95203,22.70215],[88.95228,22.70146],[88.96205,22.69427],[88.96217,22.69382],[88.96229,22.69199],[88.96086,22.68884],[88.95707,22.68407],[88.95595,22.68316],[88.95162,22.67342],[88.95015,22.663],[88.94728,22.65987],[88.94166,22.65372],[88.93595,22.65053],[88.93461,22.64822],[88.93243,22.64444],[88.93169,22.6408],[88.93316,22.63922],[88.93365,22.639],[88.93415,22.63764],[88.93462,22.63741],[88.93893,22.62476],[88.93931,22.62227],[88.94173,22.62068],[88.94174,22.62023],[88.94174,22.6198],[88.94637,22.61795],[88.94954,22.61844],[88.94999,22.61755],[88.95001,22.61752],[88.95031,22.61762],[88.95075,22.61776],[88.951,22.61766],[88.95652,22.61557],[88.95783,22.61183],[88.95779,22.6115],[88.95771,22.61078],[88.95746,22.6102],[88.95709,22.60977],[88.95665,22.60945],[88.95623,22.60917],[88.95579,22.60889],[88.95534,22.60861],[88.95505,22.60842],[88.9549,22.60832],[88.95448,22.608],[88.95405,22.60767],[88.95359,22.60739],[88.9531,22.60714],[88.95264,22.60685],[88.95222,22.60655],[88.95181,22.60625],[88.95139,22.60597],[88.95102,22.60575],[88.95071,22.60556],[88.95045,22.60546],[88.95028,22.60528],[88.95,22.60528],[88.94972,22.605],[88.94945,22.605],[88.94917,22.60473],[88.94889,22.60473],[88.9487,22.60454],[88.94861,22.60444],[88.9484,22.60416],[88.94801,22.60387],[88.94761,22.60349],[88.9472,22.60312],[88.94679,22.60278],[88.94643,22.60247],[88.94614,22.60217],[88.94592,22.60186],[88.94576,22.6015],[88.94547,22.60121],[88.94508,22.601],[88.94473,22.60064],[88.9444,22.60026],[88.94394,22.59999],[88.94347,22.59973],[88.943,22.59949],[88.94253,22.59929],[88.94209,22.59905],[88.94166,22.59886],[88.94126,22.59862],[88.94088,22.59837],[88.94053,22.59807],[88.94021,22.59774],[88.93996,22.59732],[88.93967,22.5969],[88.93931,22.59652],[88.93895,22.59614],[88.93855,22.59583],[88.93818,22.59554],[88.93783,22.59523],[88.93752,22.59491],[88.93724,22.59457],[88.93702,22.59422],[88.93687,22.59384],[88.93668,22.59348],[88.93654,22.59308],[88.93636,22.59267],[88.93612,22.59225],[88.93594,22.59175],[88.9358,22.59116],[88.93561,22.59055],[88.93554,22.58988],[88.93554,22.58923],[88.93554,22.58865],[88.93556,22.58818],[88.93562,22.58779],[88.93571,22.58741],[88.93581,22.58699],[88.93582,22.58648],[88.93578,22.58588],[88.93569,22.58524],[88.93563,22.58458],[88.9357,22.58393],[88.93576,22.58329],[88.93578,22.5827],[88.93579,22.58218],[88.9358,22.58171],[88.93582,22.58125],[88.93583,22.58076],[88.93587,22.58024],[88.93601,22.57975],[88.93617,22.57926],[88.93634,22.57884],[88.93637,22.57846],[88.93637,22.57815],[88.93658,22.57783],[88.93664,22.57759],[88.93667,22.57727],[88.93672,22.57692],[88.93684,22.57655],[88.93693,22.57612],[88.93694,22.57569],[88.93694,22.57526],[88.93697,22.57484],[88.93706,22.57443],[88.93717,22.57403],[88.93723,22.5736],[88.93732,22.57316],[88.93742,22.57271],[88.93748,22.57222],[88.93755,22.5717],[88.93771,22.57123],[88.93775,22.57078],[88.93768,22.57038],[88.93761,22.56993],[88.93706,22.56966],[88.93628,22.56969],[88.93559,22.56964],[88.93495,22.5695],[88.93432,22.56939],[88.9337,22.56922],[88.93312,22.56918],[88.93258,22.56922],[88.93209,22.56941],[88.93159,22.56957],[88.93107,22.5696],[88.93057,22.56943],[88.93014,22.56922],[88.92973,22.56906],[88.92936,22.56894],[88.92901,22.56886],[88.92868,22.56871],[88.92833,22.56866],[88.92796,22.56873],[88.92762,22.56865],[88.92731,22.56862],[88.92702,22.56859],[88.92671,22.5685],[88.9264,22.56837],[88.92606,22.56834],[88.9257,22.56833],[88.92534,22.56834],[88.92496,22.56834],[88.92458,22.56834],[88.92424,22.56833],[88.92396,22.56834],[88.92369,22.56835],[88.92339,22.56835],[88.92306,22.56833],[88.9227,22.56841],[88.9223,22.56855],[88.92194,22.56834],[88.92083,22.56834],[88.92056,22.56806],[88.91999,22.568],[88.91952,22.56807],[88.91917,22.56806],[88.91861,22.56802],[88.91831,22.56796],[88.91802,22.56782],[88.91772,22.5677],[88.91747,22.5675],[88.91721,22.56725],[88.91689,22.56698],[88.91656,22.56674],[88.91617,22.56657],[88.91582,22.56642],[88.91542,22.56634],[88.91506,22.56621],[88.91467,22.5662],[88.91427,22.56631],[88.91383,22.56629],[88.91342,22.56617],[88.91333,22.56611],[88.91222,22.56611],[88.91194,22.56583],[88.91167,22.56584],[88.91139,22.56556],[88.91111,22.56556],[88.91091,22.56535],[88.91084,22.56528],[88.90972,22.56528],[88.90945,22.56556],[88.9086,22.56556],[88.90833,22.56528],[88.90805,22.56516],[88.90767,22.56525],[88.9072,22.56523],[88.9067,22.56507],[88.90614,22.56496],[88.90559,22.5648],[88.90501,22.56473],[88.90442,22.5647],[88.90383,22.56457],[88.90321,22.56435],[88.90253,22.5642],[88.90184,22.56416],[88.90119,22.56412],[88.90061,22.56397],[88.90009,22.5639],[88.89959,22.56389],[88.89912,22.56389],[88.89868,22.56386],[88.89824,22.56377],[88.89776,22.56367],[88.89726,22.56357],[88.89683,22.5634],[88.89667,22.56333],[88.89639,22.56333],[88.8962,22.56315],[88.89611,22.56306],[88.89584,22.56306],[88.89555,22.56278],[88.89528,22.56278],[88.89472,22.56222],[88.89445,22.56222],[88.89417,22.56195],[88.89389,22.56195],[88.89333,22.56139],[88.89306,22.56139],[88.89289,22.5612],[88.8926,22.56093],[88.89226,22.56065],[88.89198,22.56032],[88.89176,22.55995],[88.89161,22.55956],[88.89141,22.55924],[88.89125,22.55891],[88.89111,22.55889],[88.89111,22.55806],[88.88917,22.55611],[88.88889,22.55611],[88.88871,22.55594],[88.88857,22.55581],[88.88823,22.55553],[88.88786,22.55525],[88.88754,22.55495],[88.88722,22.55462],[88.88691,22.55432],[88.88657,22.55405],[88.88627,22.55374],[88.88603,22.55339],[88.88583,22.55307],[88.88565,22.55278],[88.88547,22.55253],[88.88525,22.55229],[88.88501,22.55204],[88.88474,22.55175],[88.88445,22.55139],[88.88417,22.551],[88.88389,22.55055],[88.8836,22.55014],[88.88331,22.54974],[88.88299,22.54941],[88.88264,22.54912],[88.8823,22.54883],[88.882,22.54849],[88.88173,22.54812],[88.88147,22.54776],[88.88119,22.54743],[88.88089,22.54713],[88.88058,22.54686],[88.88025,22.54662],[88.87993,22.54637],[88.87965,22.546],[88.87942,22.54562],[88.87924,22.54528],[88.8787,22.54474],[88.87855,22.54464],[88.87848,22.54461],[88.87834,22.54453],[88.87798,22.54453],[88.87778,22.54472],[88.87695,22.54472],[88.87639,22.54417],[88.87556,22.54417],[88.87527,22.54445],[88.875,22.54445],[88.87472,22.54472],[88.87473,22.545],[88.87444,22.54528],[88.87444,22.54556],[88.87389,22.54611],[88.87305,22.54611],[88.87278,22.54584],[88.8725,22.54584],[88.87222,22.54556],[88.8718,22.54598],[88.87167,22.54611],[88.87139,22.54584],[88.87139,22.54472],[88.87083,22.54417],[88.87055,22.54417],[88.87,22.54472],[88.87,22.545],[88.86916,22.54584],[88.86889,22.54584],[88.86759,22.54454],[88.86694,22.54389],[88.86668,22.54389],[88.86584,22.54306],[88.86584,22.54194],[88.86694,22.54083],[88.86723,22.54084],[88.8675,22.54056],[88.8675,22.54028],[88.86735,22.54018],[88.8672,22.53979],[88.86713,22.53931],[88.86713,22.53884],[88.86706,22.53804],[88.86663,22.5371],[88.86634,22.53562],[88.86598,22.53395],[88.86613,22.53348],[88.86613,22.53254],[88.86598,22.53167],[88.86569,22.53047],[88.86598,22.52859],[88.8667,22.52611],[88.86699,22.5251],[88.86706,22.52343],[88.86659,22.52303],[88.86614,22.52274],[88.8657,22.52253],[88.86525,22.52235],[88.8648,22.52222],[88.86436,22.52211],[88.86395,22.52198],[88.86353,22.5219],[88.86315,22.52177],[88.86279,22.52163],[88.86246,22.52141],[88.86207,22.52125],[88.86167,22.52111],[88.86128,22.52099],[88.86093,22.52086],[88.86057,22.52073],[88.86024,22.52055],[88.85992,22.52033],[88.85958,22.52011],[88.85929,22.51982],[88.85905,22.5195],[88.8588,22.5192],[88.85855,22.5189],[88.85833,22.51855],[88.85813,22.51815],[88.85804,22.51766],[88.85796,22.51717],[88.8578,22.51672],[88.85767,22.51629],[88.85753,22.51587],[88.85741,22.51548],[88.85728,22.51509],[88.8572,22.51469],[88.8571,22.51434],[88.85698,22.51404],[88.85688,22.51371],[88.85674,22.51343],[88.85662,22.51309],[88.85639,22.51278],[88.85639,22.51167],[88.85528,22.51056],[88.855,22.51056],[88.85472,22.51028],[88.85416,22.51028],[88.85389,22.51],[88.85361,22.51],[88.85333,22.51028],[88.85293,22.51021],[88.85261,22.51031],[88.85245,22.51036],[88.85197,22.51031],[88.85146,22.51029],[88.85097,22.51028],[88.85046,22.51027],[88.84996,22.51023],[88.84948,22.51007],[88.84901,22.50994],[88.8486,22.50976],[88.84818,22.5096],[88.84772,22.50947],[88.84728,22.50936],[88.84686,22.50927],[88.84644,22.50938],[88.84611,22.50962],[88.84583,22.5098],[88.84551,22.50984],[88.84522,22.50976],[88.84493,22.50956],[88.84457,22.50931],[88.84418,22.50905],[88.84382,22.50875],[88.84348,22.50851],[88.84316,22.50834],[88.84281,22.50787],[88.8426,22.5072],[88.84267,22.5064],[88.84296,22.50486],[88.84324,22.50339],[88.84366,22.50204],[88.8446,22.50091],[88.84648,22.5004],[88.84689,22.50028],[88.84725,22.50017],[88.84753,22.50002],[88.84778,22.49995],[88.84804,22.49997],[88.8483,22.50004],[88.84856,22.50017],[88.84885,22.50025],[88.84916,22.50031],[88.84943,22.50041],[88.84977,22.50041],[88.8502,22.50046],[88.85074,22.50052],[88.85139,22.50054],[88.85208,22.50055],[88.85274,22.50055],[88.85331,22.50055],[88.85381,22.50055],[88.85429,22.50053],[88.85484,22.50046],[88.85547,22.50042],[88.85615,22.50049],[88.85652,22.50045],[88.85684,22.50043],[88.85749,22.50013],[88.85783,22.49988],[88.85816,22.49963],[88.85885,22.49915],[88.85929,22.49872],[88.85948,22.49823],[88.85966,22.49775],[88.85977,22.49723],[88.85994,22.49673],[88.86004,22.49616],[88.86021,22.49558],[88.86033,22.49494],[88.86054,22.49433],[88.86076,22.4937],[88.86102,22.49316],[88.8613,22.49269],[88.86153,22.49219],[88.86176,22.49166],[88.86199,22.49114],[88.86227,22.49068],[88.86259,22.4903],[88.86295,22.48999],[88.8633,22.48965],[88.86365,22.48929],[88.86408,22.48893],[88.86461,22.48859],[88.86508,22.48814],[88.86525,22.48752],[88.8652,22.48687],[88.86483,22.48635],[88.86421,22.48614],[88.8636,22.48602],[88.86311,22.4859],[88.8626,22.48587],[88.86204,22.48592],[88.86144,22.48586],[88.86083,22.48577],[88.8603,22.48555],[88.8598,22.48533],[88.85931,22.48516],[88.85889,22.4849],[88.85849,22.48459],[88.85811,22.48428],[88.85777,22.48394],[88.85749,22.48359],[88.85726,22.48323],[88.85713,22.48279],[88.8571,22.4823],[88.85705,22.4818],[88.85696,22.4813],[88.85687,22.48076],[88.85672,22.4802],[88.85667,22.47962],[88.85667,22.47905],[88.85667,22.47853],[88.85667,22.47806],[88.85667,22.47762],[88.85667,22.47716],[88.85669,22.47666],[88.85673,22.47614],[88.85681,22.47564],[88.85667,22.475],[88.85639,22.475],[88.85611,22.47472],[88.85583,22.47472],[88.85555,22.475],[88.85528,22.475],[88.855,22.47528],[88.85445,22.47528],[88.85432,22.47516],[88.85416,22.475],[88.85333,22.475],[88.85306,22.47528],[88.85278,22.47527],[88.8525,22.47556],[88.85167,22.47556],[88.85111,22.475],[88.85278,22.47333],[88.85278,22.47305],[88.85333,22.4725],[88.85333,22.47194],[88.85362,22.47167],[88.85361,22.47139],[88.85389,22.47111],[88.85389,22.47083],[88.85445,22.47028],[88.85445,22.47],[88.85472,22.46972],[88.85472,22.46917],[88.855,22.46889],[88.855,22.46833],[88.85472,22.46806],[88.85472,22.46778],[88.85445,22.4675],[88.85445,22.465],[88.85472,22.46472],[88.85472,22.46333],[88.85445,22.46306],[88.85445,22.46278],[88.85389,22.46222],[88.85389,22.46195],[88.85333,22.46139],[88.85333,22.46027],[88.85306,22.46],[88.85306,22.45944],[88.85278,22.45917],[88.85278,22.45889],[88.8525,22.45861],[88.8525,22.45833],[88.85278,22.45806],[88.85278,22.45694],[88.85194,22.45611],[88.85194,22.45584],[88.85222,22.45584],[88.85278,22.45528],[88.85278,22.45417],[88.85306,22.45389],[88.85333,22.45389],[88.85361,22.45417],[88.85445,22.455],[88.85472,22.455],[88.855,22.45472],[88.85528,22.45472],[88.85555,22.45445],[88.85555,22.45417],[88.85583,22.45389],[88.85583,22.45361],[88.85611,22.45333],[88.85611,22.45278],[88.85583,22.4525],[88.85741,22.45121],[88.85776,22.45081],[88.85807,22.45037],[88.85838,22.44992],[88.85864,22.44942],[88.85887,22.44891],[88.85905,22.44841],[88.85915,22.4479],[88.85921,22.44746],[88.85934,22.44708],[88.85942,22.44667],[88.85949,22.44617],[88.85962,22.44557],[88.85961,22.44483],[88.8594,22.44413],[88.85905,22.44354],[88.85863,22.44303],[88.85818,22.44256],[88.85773,22.44215],[88.85729,22.44176],[88.85681,22.44144],[88.85629,22.44119],[88.85576,22.44101],[88.85528,22.44081],[88.85487,22.44055],[88.85452,22.44026],[88.85423,22.43993],[88.85399,22.43955],[88.85377,22.43915],[88.85356,22.43872],[88.85334,22.4383],[88.85315,22.43784],[88.85307,22.43735],[88.85305,22.4369],[88.85304,22.43653],[88.85304,22.43622],[88.85304,22.43594],[88.85305,22.43567],[88.85305,22.4354],[88.85304,22.4351],[88.853,22.43477],[88.85298,22.43425],[88.85313,22.4336],[88.85307,22.43327],[88.85293,22.43303],[88.85273,22.43289],[88.85245,22.43283],[88.85208,22.43287],[88.85169,22.43293],[88.85131,22.43303],[88.85094,22.43319],[88.85053,22.43334],[88.85008,22.4335],[88.84962,22.43366],[88.84917,22.43386],[88.84872,22.43407],[88.84829,22.43432],[88.84792,22.43456],[88.84753,22.43474],[88.84712,22.43488],[88.84673,22.435],[88.84632,22.4351],[88.84592,22.43529],[88.84552,22.4355],[88.84509,22.43562],[88.84464,22.4357],[88.84428,22.43583],[88.84393,22.43595],[88.84348,22.43597],[88.84291,22.43591],[88.84219,22.436],[88.84149,22.43617],[88.84089,22.43641],[88.84039,22.4366],[88.83986,22.43672],[88.83935,22.43695],[88.83881,22.43717],[88.83822,22.43723],[88.83761,22.43725],[88.837,22.43732],[88.83633,22.43725],[88.83572,22.43723],[88.83516,22.43722],[88.83463,22.43717],[88.83409,22.43699],[88.83347,22.43691],[88.83282,22.43675],[88.8322,22.43667],[88.83163,22.43661],[88.83115,22.43647],[88.83067,22.43641],[88.8302,22.43621],[88.82964,22.43613],[88.82901,22.43603],[88.82836,22.43588],[88.82767,22.43574],[88.82693,22.43561],[88.82618,22.43561],[88.8255,22.43568],[88.82497,22.43586],[88.82453,22.43612],[88.82413,22.43659],[88.82411,22.43728],[88.82445,22.43783],[88.82486,22.43827],[88.82533,22.43861],[88.82585,22.43886],[88.82637,22.43922],[88.82687,22.43966],[88.82733,22.44012],[88.82776,22.44054],[88.82816,22.44095],[88.82854,22.44138],[88.82885,22.44178],[88.82909,22.44215],[88.82935,22.44247],[88.82947,22.44286],[88.82962,22.44325],[88.8297,22.44369],[88.82972,22.4441],[88.82972,22.44445],[88.82972,22.44475],[88.82972,22.44503],[88.82972,22.4453],[88.82972,22.44559],[88.82973,22.44592],[88.82972,22.44631],[88.82968,22.44675],[88.82955,22.4472],[88.82931,22.44763],[88.829,22.44807],[88.82867,22.44855],[88.82829,22.44902],[88.82783,22.44944],[88.82735,22.44984],[88.82688,22.45021],[88.82639,22.45049],[88.82594,22.4507],[88.82553,22.45088],[88.8252,22.45104],[88.82481,22.45112],[88.82434,22.45119],[88.82382,22.45137],[88.82322,22.45154],[88.82265,22.45179],[88.82204,22.45202],[88.82146,22.45229],[88.82092,22.45246],[88.82036,22.45253],[88.81987,22.45267],[88.81944,22.45287],[88.81895,22.45299],[88.81847,22.45314],[88.81804,22.45333],[88.81759,22.45355],[88.81716,22.45389],[88.81673,22.45424],[88.81639,22.45444],[88.81583,22.455],[88.81528,22.4552],[88.81472,22.45556],[88.81472,22.45583],[88.81416,22.45639],[88.81416,22.45667],[88.81418,22.45694],[88.81416,22.45723],[88.81416,22.45806],[88.81445,22.45833],[88.81445,22.46139],[88.81455,22.4616],[88.81445,22.46199],[88.81437,22.46234],[88.81429,22.46273],[88.81418,22.46317],[88.81405,22.46368],[88.81386,22.46419],[88.81368,22.46472],[88.81362,22.46531],[88.81361,22.46587],[88.81361,22.46638],[88.81361,22.46689],[88.81363,22.46747],[88.8137,22.46812],[88.81387,22.46882],[88.81398,22.46957],[88.81411,22.47026],[88.81422,22.4709],[88.81438,22.47148],[88.81436,22.47198],[88.81417,22.47235],[88.81397,22.47268],[88.81378,22.4731],[88.8136,22.47355],[88.81337,22.47401],[88.81318,22.47453],[88.81303,22.47508],[88.81284,22.47558],[88.81278,22.47605],[88.81274,22.47648],[88.81262,22.47686],[88.81254,22.47731],[88.81252,22.47784],[88.81252,22.47839],[88.8125,22.4789],[88.81245,22.47936],[88.81229,22.47969],[88.81219,22.48003],[88.81206,22.48033],[88.81194,22.48066],[88.81177,22.48101],[88.81156,22.48138],[88.81129,22.48175],[88.81094,22.4821],[88.81052,22.48241],[88.81001,22.48271],[88.80946,22.48305],[88.80888,22.48342],[88.8084,22.48383],[88.80801,22.48425],[88.80771,22.48466],[88.8074,22.48499],[88.80708,22.48527],[88.80672,22.48551],[88.8064,22.4858],[88.80605,22.48609],[88.80563,22.48633],[88.80524,22.48661],[88.80484,22.48683],[88.80447,22.48705],[88.80403,22.48721],[88.80354,22.48733],[88.80305,22.48747],[88.80258,22.4876],[88.80216,22.48774],[88.80172,22.48783],[88.80131,22.488],[88.80083,22.48812],[88.80039,22.48833],[88.79996,22.48857],[88.79956,22.4888],[88.79923,22.4891],[88.7989,22.48943],[88.79858,22.48978],[88.79833,22.4902],[88.79813,22.49063],[88.79807,22.49111],[88.79803,22.49157],[88.79797,22.49203],[88.79788,22.49245],[88.79783,22.49289],[88.79775,22.49331],[88.7976,22.49364],[88.79752,22.49394],[88.79742,22.49423],[88.79726,22.4945],[88.7971,22.49484],[88.79691,22.49521],[88.79666,22.49559],[88.7964,22.49602],[88.79613,22.49645],[88.79584,22.49685],[88.7955,22.49723],[88.79508,22.49762],[88.79462,22.49805],[88.79411,22.49844],[88.79363,22.49886],[88.79318,22.49922],[88.79273,22.49955],[88.79231,22.49989],[88.79195,22.50021],[88.7916,22.50044],[88.79125,22.50066],[88.79082,22.50086],[88.79028,22.5011],[88.78967,22.5013],[88.78902,22.50144],[88.7884,22.50159],[88.78777,22.50164],[88.78716,22.50167],[88.78663,22.50175],[88.78616,22.50193],[88.78569,22.50208],[88.78525,22.50225],[88.78485,22.50247],[88.78444,22.50266],[88.7841,22.50282],[88.78381,22.50306],[88.78354,22.50334],[88.78325,22.50366],[88.78303,22.50405],[88.78278,22.50445],[88.78255,22.50488],[88.78239,22.50538],[88.78211,22.5058],[88.78174,22.50618],[88.78133,22.50661],[88.78088,22.50702],[88.78043,22.50743],[88.77994,22.50777],[88.77948,22.50806],[88.77907,22.50831],[88.77869,22.50855],[88.77838,22.50883],[88.77806,22.50909],[88.77772,22.50937],[88.77733,22.50965],[88.77694,22.50999],[88.77649,22.51033],[88.77605,22.51071],[88.77557,22.51103],[88.77513,22.51137],[88.77469,22.51167],[88.77428,22.51194],[88.7739,22.5122],[88.77346,22.51237],[88.773,22.51256],[88.77254,22.51279],[88.77208,22.51306],[88.77167,22.51338],[88.77145,22.51387],[88.77139,22.51443],[88.77145,22.51499],[88.77168,22.51548],[88.77197,22.51593],[88.77227,22.51634],[88.7726,22.51674],[88.77296,22.51712],[88.77332,22.51747],[88.77367,22.51777],[88.77406,22.51803],[88.77445,22.5183],[88.77488,22.51857],[88.77528,22.51889],[88.77583,22.51889],[88.77611,22.51917],[88.77639,22.51917],[88.77695,22.51972],[88.77778,22.51972],[88.77805,22.52],[88.77889,22.52],[88.77917,22.52028],[88.78056,22.52028],[88.78083,22.52057],[88.78139,22.52057],[88.7815,22.52057],[88.78198,22.52065],[88.78242,22.52086],[88.78282,22.52115],[88.78314,22.52149],[88.78342,22.52182],[88.78367,22.52212],[88.78388,22.52239],[88.78405,22.52265],[88.78417,22.52294],[88.78423,22.52329],[88.78425,22.52368],[88.78426,22.52404],[88.78423,22.52437],[88.78417,22.5247],[88.78417,22.525],[88.78304,22.52617],[88.78267,22.52632],[88.78227,22.52643],[88.78188,22.5266],[88.78146,22.52667],[88.78105,22.52674],[88.77946,22.52664],[88.77895,22.5265],[88.77847,22.5265],[88.77802,22.52659],[88.77758,22.52655],[88.77717,22.52643],[88.77675,22.52632],[88.77632,22.5262],[88.77583,22.52617],[88.77535,22.52626],[88.77489,22.52643],[88.77445,22.52669],[88.77404,22.52701],[88.77368,22.52742],[88.77347,22.52791],[88.77346,22.52844],[88.77328,22.52905],[88.773,22.52969],[88.77265,22.53024],[88.77225,22.53067],[88.77187,22.53106],[88.77148,22.53137],[88.7711,22.53162],[88.77071,22.53175],[88.77035,22.53196],[88.76998,22.53219],[88.76953,22.53237],[88.76894,22.53249],[88.76829,22.5326],[88.76764,22.53281],[88.76703,22.53308],[88.76648,22.53337],[88.76602,22.53375],[88.76569,22.53424],[88.7655,22.53484],[88.76541,22.53541],[88.76538,22.5359],[88.76537,22.53628],[88.76537,22.53657],[88.76532,22.53683],[88.76524,22.53711],[88.76519,22.53746],[88.76519,22.5379],[88.76522,22.53842],[88.76527,22.53899],[88.76529,22.53958],[88.76527,22.54017],[88.76524,22.54074],[88.76519,22.5413],[88.76514,22.54185],[88.76512,22.54239],[88.76514,22.54292],[88.7652,22.54344],[88.76523,22.54395],[88.7653,22.5444],[88.76531,22.54482],[88.76519,22.54525],[88.76493,22.54568],[88.76465,22.54607],[88.76437,22.54643],[88.76415,22.54683],[88.76392,22.54723],[88.76366,22.54763],[88.76321,22.54802],[88.7628,22.54846],[88.7625,22.54886],[88.76233,22.54924],[88.76223,22.54965],[88.76221,22.55005],[88.76207,22.55052],[88.76243,22.5514],[88.76271,22.55186],[88.76293,22.55213],[88.7633,22.5524],[88.76365,22.55267],[88.76462,22.5539],[88.76493,22.55457],[88.76527,22.55516],[88.76558,22.5557],[88.76579,22.55619],[88.76594,22.55658],[88.76605,22.55692],[88.76621,22.55727],[88.76636,22.55768],[88.76643,22.55817],[88.76641,22.55874],[88.7664,22.55932],[88.76645,22.55973],[88.76651,22.56007],[88.76661,22.56041],[88.76667,22.56056],[88.76639,22.56084],[88.76611,22.56084],[88.76581,22.56062],[88.76563,22.56033],[88.76551,22.56003],[88.7654,22.5596],[88.76534,22.55911],[88.7653,22.55856],[88.76528,22.55799],[88.76522,22.55748],[88.76512,22.55705],[88.76498,22.5567],[88.76478,22.5564],[88.76453,22.5561],[88.76428,22.55529],[88.76342,22.55441],[88.76216,22.5529],[88.76184,22.55241],[88.76147,22.55194],[88.76119,22.55138],[88.76102,22.55076],[88.76098,22.55015],[88.7611,22.54967],[88.76126,22.5493],[88.76141,22.54897],[88.76162,22.54864],[88.76189,22.54827],[88.76217,22.54787],[88.7624,22.54747],[88.76345,22.54589],[88.76381,22.54456],[88.7636,22.54297],[88.76368,22.54247],[88.76369,22.54191],[88.76371,22.54129],[88.76376,22.54065],[88.76379,22.54005],[88.76379,22.53947],[88.76374,22.53894],[88.76363,22.53843],[88.76349,22.53794],[88.76353,22.53746],[88.76371,22.537],[88.76383,22.53655],[88.76389,22.53613],[88.76395,22.53572],[88.76405,22.5353],[88.76418,22.53484],[88.76434,22.53434],[88.76457,22.53389],[88.7649,22.53355],[88.76532,22.53325],[88.76575,22.53294],[88.76617,22.53258],[88.76661,22.5322],[88.76715,22.53189],[88.76775,22.53164],[88.76843,22.53143],[88.76913,22.5312],[88.76984,22.53092],[88.77027,22.53056],[88.77027,22.53],[88.76972,22.53],[88.76945,22.52972],[88.76889,22.53028],[88.76806,22.53028],[88.76778,22.53056],[88.76694,22.53056],[88.76639,22.53111],[88.76556,22.53111],[88.76527,22.53083],[88.76527,22.53056],[88.76472,22.53],[88.76472,22.52972],[88.765,22.52972],[88.76527,22.52944],[88.76527,22.52917],[88.76472,22.52861],[88.76472,22.52833],[88.76444,22.52806],[88.76444,22.52778],[88.765,22.52722],[88.76527,22.52722],[88.76556,22.5275],[88.76583,22.5275],[88.76667,22.52833],[88.76694,22.52833],[88.76722,22.52861],[88.76741,22.52843],[88.7675,22.52833],[88.76778,22.52833],[88.76806,22.52806],[88.76861,22.52806],[88.76945,22.52889],[88.77027,22.52889],[88.77055,22.52861],[88.77111,22.52861],[88.77118,22.52868],[88.77139,22.52889],[88.77187,22.52847],[88.772,22.52836],[88.77218,22.52798],[88.77246,22.52745],[88.77281,22.52695],[88.77324,22.5265],[88.77374,22.52604],[88.77431,22.52559],[88.77491,22.52518],[88.77561,22.52492],[88.77624,22.52499],[88.77693,22.52513],[88.77778,22.52528],[88.77805,22.52528],[88.77834,22.525],[88.77889,22.525],[88.78139,22.52528],[88.78167,22.525],[88.7825,22.525],[88.78278,22.52472],[88.78278,22.52278],[88.78221,22.52222],[88.78195,22.52222],[88.78167,22.52194],[88.78111,22.52194],[88.78083,22.52167],[88.78056,22.52167],[88.77998,22.52164],[88.7795,22.52146],[88.77902,22.52132],[88.77857,22.52118],[88.77815,22.5211],[88.7777,22.52104],[88.77731,22.52094],[88.77698,22.52091],[88.77695,22.52083],[88.77611,22.52083],[88.77583,22.52056],[88.77556,22.52057],[88.77528,22.52028],[88.775,22.52028],[88.77472,22.52],[88.7744,22.51976],[88.77398,22.51951],[88.77357,22.51923],[88.77314,22.51894],[88.77262,22.51864],[88.77206,22.51833],[88.77169,22.51789],[88.77139,22.51744],[88.77112,22.51701],[88.77087,22.5166],[88.77063,22.51617],[88.77043,22.5157],[88.77024,22.5152],[88.77001,22.51474],[88.76971,22.51429],[88.76936,22.51385],[88.76888,22.51359],[88.76838,22.51344],[88.76794,22.51355],[88.76752,22.5136],[88.7671,22.51361],[88.76669,22.51361],[88.76627,22.51361],[88.76582,22.51364],[88.76534,22.51369],[88.76474,22.51366],[88.76417,22.5137],[88.76363,22.51384],[88.76316,22.51389],[88.7627,22.5139],[88.76221,22.51391],[88.76171,22.51396],[88.76126,22.51411],[88.76083,22.51419],[88.76048,22.51429],[88.76019,22.51443],[88.75982,22.51453],[88.75938,22.51467],[88.75891,22.51479],[88.75848,22.51488],[88.75811,22.51502],[88.75768,22.51518],[88.75726,22.51531],[88.75685,22.51553],[88.75642,22.51568],[88.75601,22.51585],[88.75562,22.51602],[88.7552,22.51614],[88.75478,22.5163],[88.75435,22.51642],[88.75394,22.5166],[88.75349,22.51675],[88.75305,22.5169],[88.75246,22.51693],[88.75187,22.5169],[88.75078,22.51697],[88.75042,22.51697],[88.75013,22.5169],[88.74956,22.51664],[88.74898,22.51629],[88.74783,22.5161],[88.74675,22.51603],[88.74496,22.51575],[88.74372,22.51544],[88.74323,22.51534],[88.74277,22.5153],[88.74233,22.51526],[88.74186,22.5152],[88.7414,22.51505],[88.74093,22.51485],[88.74044,22.51466],[88.73995,22.5145],[88.73945,22.51434],[88.73898,22.51418],[88.73855,22.514],[88.73812,22.51385],[88.73776,22.51366],[88.73745,22.51346],[88.73717,22.51323],[88.73688,22.51297],[88.7366,22.51268],[88.7363,22.51238],[88.73602,22.51205],[88.73571,22.51174],[88.7354,22.51146],[88.73508,22.51125],[88.73478,22.51106],[88.73447,22.51096],[88.73415,22.51092],[88.73383,22.51095],[88.73352,22.51106],[88.73322,22.51128],[88.7329,22.51157],[88.7326,22.51192],[88.73227,22.5123],[88.73198,22.51273],[88.7317,22.51316],[88.73139,22.51358],[88.73103,22.51395],[88.7306,22.51431],[88.73013,22.51471],[88.72964,22.51511],[88.72918,22.51553],[88.72881,22.51593],[88.72858,22.51634],[88.72836,22.51671],[88.72813,22.51707],[88.72777,22.51735],[88.72738,22.51764],[88.72722,22.51806],[88.72667,22.51806],[88.72639,22.51834],[88.72611,22.51833],[88.72556,22.51889],[88.72528,22.51889],[88.72533,22.51904],[88.72495,22.51892],[88.72454,22.51894],[88.72411,22.51907],[88.72365,22.51933],[88.72316,22.51958],[88.72261,22.51971],[88.72196,22.5198],[88.72127,22.51989],[88.72055,22.52003],[88.71991,22.52029],[88.71936,22.52067],[88.71884,22.5212],[88.71811,22.52138],[88.71724,22.52235],[88.71655,22.52272],[88.71627,22.52372],[88.71573,22.52419],[88.71533,22.52471],[88.71494,22.52524],[88.71449,22.52571],[88.71401,22.5261],[88.71359,22.52642],[88.71317,22.52671],[88.71275,22.52695],[88.71234,22.52716],[88.71195,22.52728],[88.71159,22.52746],[88.71124,22.52767],[88.71095,22.52804],[88.71057,22.52851],[88.70998,22.52885],[88.70926,22.52908],[88.70849,22.5291],[88.70779,22.52894],[88.70716,22.52883],[88.70664,22.52867],[88.70616,22.52858],[88.70571,22.52844],[88.70527,22.52831],[88.70485,22.52818],[88.70446,22.52802],[88.70411,22.52783],[88.70378,22.52765],[88.70352,22.5274],[88.70331,22.5271],[88.70307,22.52676],[88.70269,22.52638],[88.70229,22.52601],[88.70188,22.52578],[88.70139,22.52556],[88.70111,22.52556],[88.70084,22.52583],[88.70084,22.52611],[88.70167,22.52694],[88.70167,22.52722],[88.70194,22.5275],[88.70194,22.52778],[88.70277,22.52861],[88.70306,22.52861],[88.70361,22.52917],[88.7025,22.53028],[88.70222,22.53028],[88.70194,22.53056],[88.70084,22.53056],[88.70055,22.53028],[88.7,22.53028],[88.69945,22.52972],[88.69861,22.52972],[88.6982,22.52931],[88.69778,22.52889],[88.6975,22.52889],[88.69722,22.52861],[88.69583,22.52861],[88.69556,22.52889],[88.69527,22.52889],[88.69502,22.52864],[88.69473,22.52833],[88.69444,22.52833],[88.6925,22.52639],[88.69222,22.52639],[88.69195,22.52611],[88.69195,22.52556],[88.6925,22.525],[88.69444,22.525],[88.695,22.52556],[88.69527,22.52556],[88.69583,22.52611],[88.69666,22.52611],[88.69722,22.52556],[88.69722,22.525],[88.69695,22.52472],[88.69667,22.52464],[88.69599,22.52451],[88.69533,22.52442],[88.69472,22.52431],[88.6942,22.52419],[88.69372,22.52407],[88.69315,22.52396],[88.6925,22.52393],[88.69186,22.52394],[88.69131,22.52402],[88.69093,22.52419],[88.69067,22.52441],[88.69051,22.52474],[88.69037,22.5251],[88.6903,22.52552],[88.69029,22.52594],[88.69035,22.52636],[88.69051,22.52672],[88.69065,22.52712],[88.69085,22.52746],[88.69106,22.5278],[88.69114,22.52826],[88.69126,22.52877],[88.69138,22.52931],[88.6915,22.52987],[88.69163,22.53042],[88.69168,22.53099],[88.69173,22.53156],[88.69182,22.53212],[88.69184,22.53265],[88.69168,22.53309],[88.69149,22.5335],[88.69135,22.53383],[88.69133,22.53406],[88.69078,22.53459],[88.69055,22.53462],[88.69031,22.5347],[88.69,22.53481],[88.68964,22.53496],[88.68921,22.53509],[88.68872,22.53526],[88.68819,22.53544],[88.68768,22.53565],[88.68715,22.53586],[88.68668,22.53604],[88.6862,22.5361],[88.68578,22.53611],[88.68545,22.53615],[88.68427,22.53661],[88.68312,22.53686],[88.68234,22.53744],[88.68214,22.53785],[88.68202,22.53822],[88.68205,22.53857],[88.68218,22.53892],[88.68234,22.53936],[88.68255,22.53985],[88.68284,22.54032],[88.68309,22.54144],[88.68314,22.54212],[88.68301,22.54248],[88.68279,22.54283],[88.68256,22.54327],[88.68227,22.54378],[88.68192,22.54421],[88.68154,22.54462],[88.68111,22.54495],[88.6806,22.54519],[88.68004,22.5454],[88.67948,22.54563],[88.67887,22.54589],[88.67824,22.54618],[88.67759,22.54652],[88.67699,22.54691],[88.67639,22.54741],[88.67593,22.54789],[88.67554,22.54825],[88.67518,22.54856],[88.67387,22.54962],[88.67359,22.55002],[88.67359,22.55062],[88.67366,22.55096],[88.67406,22.55181],[88.67409,22.55237],[88.6741,22.55296],[88.67404,22.55356],[88.6739,22.55416],[88.67369,22.55477],[88.67347,22.55534],[88.67326,22.55589],[88.67312,22.55635],[88.67309,22.55672],[88.67312,22.55702],[88.67326,22.55726],[88.67353,22.55746],[88.67388,22.55763],[88.67424,22.55779],[88.6746,22.55799],[88.67495,22.55825],[88.6753,22.55857],[88.67565,22.55895],[88.67596,22.55937],[88.67621,22.55982],[88.6764,22.56032],[88.67646,22.56083],[88.67641,22.56136],[88.67626,22.56189],[88.67598,22.56241],[88.67565,22.56296],[88.67529,22.56359],[88.67496,22.5642],[88.67469,22.56476],[88.67451,22.56526],[88.67439,22.56568],[88.67429,22.56606],[88.67423,22.56642],[88.67426,22.56674],[88.67468,22.5675],[88.67538,22.56834],[88.67619,22.56946],[88.67637,22.56994],[88.67663,22.57039],[88.67685,22.57085],[88.67699,22.57128],[88.67711,22.57162],[88.67718,22.57197],[88.67726,22.57235],[88.67736,22.57289],[88.67739,22.57338],[88.67735,22.57386],[88.67744,22.5743],[88.67764,22.57462],[88.67787,22.5748],[88.67812,22.5748],[88.67841,22.57459],[88.67873,22.57442],[88.67893,22.57438],[88.67912,22.57459],[88.67915,22.57506],[88.67912,22.57573],[88.67921,22.57631],[88.67944,22.57673],[88.67976,22.57702],[88.68016,22.57718],[88.68064,22.57722],[88.68087,22.57738],[88.68074,22.57775],[88.68044,22.5782],[88.68016,22.57865],[88.67998,22.57918],[88.67976,22.57969],[88.67949,22.5802],[88.67913,22.58072],[88.67872,22.58123],[88.67833,22.58177],[88.67797,22.58226],[88.67773,22.58273],[88.67773,22.58326],[88.67778,22.58362],[88.67778,22.58389],[88.67791,22.58424],[88.67806,22.58444],[88.67819,22.58472],[88.67834,22.585],[88.67854,22.58528],[88.67861,22.58556],[88.67867,22.58577],[88.67882,22.58592],[88.67894,22.58641],[88.67893,22.587],[88.67893,22.58764],[88.67887,22.5882],[88.67876,22.58867],[88.67863,22.5891],[88.67854,22.58962],[88.67851,22.58994],[88.6778,22.59083],[88.67773,22.59135],[88.67795,22.59213],[88.67825,22.59221],[88.67841,22.59259],[88.67822,22.59303],[88.67834,22.59361],[88.6775,22.59361],[88.67741,22.5935],[88.67716,22.59289],[88.67696,22.59221],[88.67681,22.59155],[88.67677,22.59096],[88.67678,22.59051],[88.67689,22.5901],[88.67701,22.58974],[88.67714,22.58944],[88.67729,22.58915],[88.67749,22.58888],[88.67773,22.58857],[88.67798,22.58816],[88.67814,22.58771],[88.67812,22.5873],[88.67799,22.58688],[88.6778,22.58644],[88.67758,22.58599],[88.67741,22.58552],[88.67723,22.58509],[88.67706,22.58472],[88.67693,22.58433],[88.67679,22.58399],[88.67663,22.58364],[88.67642,22.58328],[88.67617,22.58284],[88.67667,22.58222],[88.67667,22.58195],[88.67722,22.58139],[88.67722,22.58083],[88.67763,22.58069],[88.67795,22.5804],[88.67826,22.58009],[88.67854,22.57976],[88.67879,22.57938],[88.67892,22.57892],[88.67899,22.5784],[88.67895,22.57791],[88.67879,22.57748],[88.67854,22.57716],[88.67822,22.57686],[88.67787,22.57657],[88.67754,22.57625],[88.67723,22.57592],[88.67693,22.57557],[88.67664,22.57523],[88.67637,22.57492],[88.67609,22.57472],[88.67581,22.57472],[88.67583,22.57443],[88.67584,22.57111],[88.67555,22.57074],[88.67521,22.5706],[88.67439,22.56945],[88.67367,22.56885],[88.67304,22.56791],[88.6728,22.56734],[88.67271,22.56677],[88.67257,22.56626],[88.67252,22.56576],[88.67253,22.56531],[88.67261,22.5649],[88.67272,22.56454],[88.67284,22.5642],[88.67305,22.56387],[88.67332,22.56349],[88.67362,22.56304],[88.67399,22.56258],[88.67438,22.56212],[88.6747,22.56164],[88.67489,22.56113],[88.67487,22.56061],[88.67464,22.56019],[88.67427,22.55987],[88.67385,22.55963],[88.6735,22.55933],[88.67316,22.55906],[88.67278,22.55889],[88.67244,22.55867],[88.67216,22.55817],[88.67192,22.55765],[88.67175,22.55717],[88.6717,22.55668],[88.67178,22.55622],[88.67195,22.55573],[88.67219,22.55521],[88.67244,22.55469],[88.67265,22.55409],[88.67302,22.55364],[88.67309,22.55324],[88.67309,22.5529],[88.67302,22.55236],[88.67259,22.5517],[88.67216,22.55069],[88.67223,22.54944],[88.6725,22.54944],[88.67389,22.54806],[88.67416,22.54806],[88.67445,22.54778],[88.67459,22.54736],[88.67517,22.54693],[88.67572,22.5465],[88.6762,22.54613],[88.67655,22.54579],[88.67747,22.5451],[88.67805,22.54483],[88.67854,22.54463],[88.67919,22.54443],[88.6797,22.54429],[88.68034,22.54416],[88.68077,22.54396],[88.68113,22.54369],[88.68113,22.54302],[88.68106,22.54289],[88.68092,22.54254],[88.68085,22.54222],[88.6807,22.54141],[88.68056,22.54074],[88.68056,22.53947],[88.68027,22.53806],[88.68092,22.53639],[88.68197,22.53563],[88.68263,22.53536],[88.68341,22.53516],[88.6842,22.53503],[88.68463,22.53489],[88.68564,22.53463],[88.68607,22.53443],[88.68678,22.53443],[88.68815,22.53429],[88.68909,22.53402],[88.68952,22.53389],[88.68995,22.53335],[88.69023,22.53295],[88.69052,22.53241],[88.69073,22.53181],[88.69073,22.53094],[88.69067,22.5306],[88.69052,22.53047],[88.69016,22.53047],[88.68995,22.53087],[88.68987,22.53101],[88.68987,22.53208],[88.6898,22.53222],[88.6893,22.53222],[88.68913,22.53156],[88.68897,22.53102],[88.68877,22.53047],[88.68875,22.53016],[88.6889,22.52997],[88.68909,22.52972],[88.68916,22.52935],[88.68917,22.52893],[88.68917,22.52847],[88.68916,22.528],[88.68913,22.52753],[88.68903,22.52709],[88.68895,22.52667],[88.68882,22.52532],[88.68926,22.52405],[88.69019,22.52298],[88.69148,22.52238],[88.69306,22.52258],[88.69505,22.52317],[88.69566,22.52327],[88.69628,22.52332],[88.69688,22.5234],[88.69746,22.52352],[88.69792,22.52341],[88.69825,22.52319],[88.69859,22.52312],[88.69893,22.52325],[88.69939,22.52332],[88.69989,22.52348],[88.70045,22.52364],[88.70103,22.52389],[88.70165,22.52418],[88.70225,22.52455],[88.70273,22.52508],[88.70316,22.52564],[88.7036,22.5261],[88.70403,22.52647],[88.70448,22.52676],[88.70491,22.52706],[88.70538,22.52731],[88.70593,22.52752],[88.70656,22.52766],[88.70721,22.52773],[88.70749,22.52771],[88.7078,22.52769],[88.7083,22.52757],[88.70877,22.52744],[88.7092,22.52728],[88.70964,22.52714],[88.71008,22.52696],[88.71051,22.52679],[88.71092,22.5266],[88.71137,22.52643],[88.71185,22.52627],[88.7123,22.52607],[88.71272,22.52582],[88.71306,22.52544],[88.71327,22.52484],[88.71342,22.52425],[88.71361,22.5238],[88.71398,22.5235],[88.71451,22.52322],[88.71496,22.52284],[88.71532,22.52244],[88.71565,22.52205],[88.71602,22.52169],[88.71643,22.52136],[88.71685,22.52099],[88.71719,22.52053],[88.71748,22.52009],[88.71777,22.51973],[88.7181,22.51946],[88.71849,22.51926],[88.71895,22.51913],[88.71943,22.51902],[88.71986,22.51887],[88.72027,22.51873],[88.7207,22.51856],[88.72115,22.51839],[88.72162,22.5183],[88.72211,22.51832],[88.72259,22.51841],[88.72299,22.51837],[88.72337,22.51826],[88.72372,22.51807],[88.7241,22.51787],[88.72453,22.51768],[88.72496,22.51745],[88.72536,22.51715],[88.72575,22.5168],[88.72611,22.51641],[88.72652,22.51606],[88.72695,22.51571],[88.7274,22.51536],[88.72787,22.51498],[88.72836,22.51458],[88.72887,22.51418],[88.72935,22.51377],[88.72976,22.51333],[88.73011,22.51291],[88.73039,22.5125],[88.73064,22.51212],[88.73093,22.51174],[88.73127,22.51141],[88.73165,22.51111],[88.73203,22.51082],[88.7324,22.51056],[88.7328,22.51034],[88.73322,22.51017],[88.73357,22.50999],[88.73393,22.50989],[88.73433,22.50987],[88.73478,22.50986],[88.73521,22.50983],[88.73555,22.50976],[88.7358,22.50976],[88.736,22.50989],[88.73623,22.51025],[88.73647,22.5107],[88.73682,22.51115],[88.73718,22.51162],[88.73762,22.5121],[88.73812,22.51252],[88.73867,22.51286],[88.73921,22.5131],[88.73974,22.51326],[88.74023,22.51338],[88.74069,22.51353],[88.74115,22.5136],[88.74163,22.51368],[88.74207,22.51383],[88.74253,22.51395],[88.74297,22.5141],[88.74348,22.51422],[88.744,22.5144],[88.74462,22.51461],[88.74526,22.51493],[88.74593,22.51493],[88.74657,22.51494],[88.74721,22.51487],[88.7478,22.51481],[88.74834,22.5149],[88.74883,22.51493],[88.74926,22.515],[88.74969,22.51515],[88.75014,22.51534],[88.75063,22.5155],[88.75117,22.51555],[88.75174,22.51556],[88.75233,22.51556],[88.75291,22.51552],[88.75349,22.51541],[88.75408,22.51529],[88.75464,22.51518],[88.75513,22.51497],[88.75555,22.51472],[88.75594,22.51444],[88.75634,22.51419],[88.75677,22.51398],[88.75726,22.51385],[88.75774,22.51363],[88.75824,22.51342],[88.75874,22.51319],[88.75918,22.51295],[88.75961,22.51274],[88.75999,22.51254],[88.76041,22.51247],[88.76077,22.51236],[88.76112,22.51222],[88.7615,22.5121],[88.7619,22.51198],[88.76233,22.5119],[88.76276,22.51177],[88.76321,22.51182],[88.76361,22.51195],[88.76389,22.51167],[88.765,22.51167],[88.76527,22.51194],[88.7655,22.51194],[88.76597,22.51195],[88.76611,22.51195],[88.76653,22.51195],[88.76715,22.51194],[88.76783,22.51191],[88.7685,22.51177],[88.76911,22.5116],[88.76965,22.51142],[88.77,22.51139],[88.77028,22.51111],[88.77055,22.51111],[88.77084,22.51083],[88.77111,22.51084],[88.77139,22.51056],[88.7716,22.51052],[88.7721,22.51013],[88.77271,22.50972],[88.77335,22.50931],[88.77401,22.50892],[88.77469,22.50858],[88.77528,22.50819],[88.77586,22.5078],[88.77646,22.50749],[88.77704,22.50719],[88.77755,22.50688],[88.77799,22.5065],[88.77843,22.50609],[88.77883,22.50566],[88.77917,22.50524],[88.77942,22.50482],[88.77959,22.50445],[88.77977,22.50412],[88.77991,22.50375],[88.77999,22.50325],[88.78011,22.50282],[88.7801,22.50235],[88.78001,22.50182],[88.77989,22.5013],[88.77972,22.50081],[88.77956,22.50034],[88.77946,22.49984],[88.7794,22.49931],[88.77932,22.49877],[88.77922,22.49821],[88.77917,22.49764],[88.77917,22.49712],[88.77917,22.49664],[88.77917,22.4962],[88.77917,22.49577],[88.77917,22.49533],[88.77917,22.49491],[88.77921,22.49451],[88.77935,22.49417],[88.77944,22.49374],[88.77953,22.49315],[88.77974,22.49264],[88.78003,22.49234],[88.78041,22.49206],[88.78072,22.49178],[88.78102,22.49148],[88.78133,22.49116],[88.78162,22.49081],[88.78186,22.49046],[88.78205,22.49014],[88.78218,22.48987],[88.78228,22.48962],[88.78241,22.48934],[88.78259,22.48901],[88.78287,22.48871],[88.78315,22.48832],[88.78345,22.48796],[88.78371,22.4876],[88.78391,22.48718],[88.78416,22.48681],[88.78445,22.48646],[88.78471,22.48616],[88.78472,22.48639],[88.78667,22.48444],[88.78694,22.48445],[88.78722,22.48417],[88.7877,22.48407],[88.78822,22.48375],[88.7887,22.48327],[88.78913,22.48275],[88.78945,22.48223],[88.7898,22.48179],[88.79016,22.4814],[88.79033,22.48082],[88.79047,22.48026],[88.79055,22.47976],[88.79057,22.47932],[88.79059,22.47892],[88.79072,22.47856],[88.79105,22.47821],[88.79131,22.47779],[88.79137,22.47727],[88.79137,22.47675],[88.79143,22.47624],[88.79157,22.47572],[88.79171,22.47514],[88.79194,22.47458],[88.79219,22.47401],[88.79242,22.47344],[88.79266,22.4729],[88.79289,22.4724],[88.79312,22.47198],[88.79335,22.47158],[88.79359,22.47119],[88.79379,22.47074],[88.79394,22.47021],[88.79414,22.46971],[88.7943,22.4692],[88.79449,22.46875],[88.79472,22.46833],[88.79496,22.46791],[88.79519,22.46743],[88.79539,22.46693],[88.79558,22.46643],[88.79582,22.46601],[88.79606,22.46559],[88.79625,22.46515],[88.79649,22.46474],[88.79675,22.46436],[88.79703,22.46399],[88.79733,22.46362],[88.79767,22.46327],[88.79796,22.46287],[88.79821,22.46247],[88.79841,22.4621],[88.79861,22.46183],[88.79889,22.46167],[88.79916,22.46139],[88.79916,22.46083],[88.79945,22.46056],[88.79945,22.46],[88.79972,22.45972],[88.79972,22.45917],[88.8,22.45889],[88.8,22.45861],[88.80007,22.45852],[88.80026,22.45802],[88.80043,22.45756],[88.80051,22.45714],[88.80061,22.45675],[88.80066,22.45628],[88.80071,22.45579],[88.80074,22.45527],[88.80075,22.45473],[88.8008,22.45419],[88.80087,22.45357],[88.80097,22.45299],[88.80107,22.45236],[88.80117,22.45168],[88.80112,22.45105],[88.80108,22.45045],[88.80103,22.44987],[88.80111,22.44972],[88.80111,22.44861],[88.80083,22.44833],[88.80084,22.4475],[88.80111,22.44722],[88.80111,22.44667],[88.80139,22.44639],[88.80139,22.44611],[88.80167,22.44583],[88.80167,22.44555],[88.80199,22.44512],[88.80215,22.44448],[88.80234,22.44385],[88.80252,22.44342],[88.8028,22.44322],[88.80305,22.44302],[88.80334,22.44277],[88.8036,22.44247],[88.80389,22.44212],[88.80415,22.44178],[88.8044,22.44147],[88.8047,22.44124],[88.80499,22.44099],[88.80531,22.4407],[88.80571,22.4404],[88.80618,22.44006],[88.80672,22.43973],[88.80727,22.43939],[88.80777,22.43899],[88.80822,22.43859],[88.80864,22.43819],[88.80907,22.43784],[88.80944,22.43741],[88.80983,22.43699],[88.81025,22.43662],[88.81062,22.43618],[88.81103,22.43578],[88.81142,22.43536],[88.81184,22.43498],[88.81225,22.4346],[88.8127,22.43424],[88.81317,22.4339],[88.81363,22.43355],[88.814,22.43313],[88.8144,22.43276],[88.81483,22.43241],[88.81528,22.43209],[88.81571,22.43179],[88.81616,22.4315],[88.81664,22.43128],[88.81712,22.43107],[88.81756,22.43086],[88.81802,22.43071],[88.81848,22.43057],[88.81895,22.43047],[88.81942,22.43033],[88.81992,22.43037],[88.82042,22.43051],[88.82099,22.43056],[88.82156,22.43056],[88.82213,22.43051],[88.82262,22.43036],[88.82309,22.43029],[88.8235,22.43027],[88.82385,22.43026],[88.82417,22.43025],[88.82448,22.4302],[88.82484,22.43007],[88.82527,22.43],[88.82574,22.43001],[88.82624,22.43009],[88.82674,22.43028],[88.82861,22.43029],[88.82889,22.43],[88.83,22.43],[88.83028,22.43029],[88.83111,22.43029],[88.83139,22.43056],[88.83167,22.43029],[88.8325,22.43029],[88.83278,22.43056],[88.83305,22.43056],[88.83334,22.43083],[88.83361,22.43083],[88.83389,22.43111],[88.83472,22.43111],[88.835,22.43139],[88.83528,22.43139],[88.83556,22.43167],[88.83611,22.43167],[88.83639,22.43194],[88.83667,22.43194],[88.83695,22.43222],[88.84,22.43222],[88.84028,22.4325],[88.84194,22.4325],[88.84222,22.43222],[88.84556,22.43222],[88.84583,22.43194],[88.84639,22.43194],[88.84666,22.43167],[88.84722,22.43167],[88.84834,22.43056],[88.84834,22.43],[88.84861,22.42972],[88.84861,22.42917],[88.84889,22.42889],[88.84893,22.42824],[88.84911,22.42776],[88.84928,22.42732],[88.84946,22.42692],[88.84962,22.42653],[88.84969,22.4261],[88.84972,22.42565],[88.84977,22.42523],[88.84986,22.42487],[88.84996,22.42454],[88.85,22.42419],[88.85004,22.42381],[88.85017,22.42342],[88.8503,22.42295],[88.85047,22.42245],[88.85064,22.42192],[88.85082,22.42138],[88.85097,22.42083],[88.8511,22.42026],[88.85119,22.41969],[88.8514,22.41916],[88.85164,22.41864],[88.85181,22.41807],[88.85199,22.41752],[88.85219,22.41698],[88.85233,22.4164],[88.85252,22.41584],[88.85275,22.41531],[88.85294,22.41482],[88.85323,22.41447],[88.85335,22.4141],[88.85354,22.41379],[88.85371,22.41348],[88.85385,22.41311],[88.85401,22.41273],[88.85417,22.41235],[88.85439,22.41199],[88.85455,22.41155],[88.85476,22.41113],[88.855,22.41075],[88.85522,22.4104],[88.85538,22.41004],[88.85555,22.40969],[88.85568,22.40933],[88.85583,22.40893],[88.85596,22.40848],[88.85607,22.40801],[88.85605,22.40752],[88.85589,22.40705],[88.8559,22.40652],[88.856,22.40594],[88.85581,22.40541],[88.85553,22.40492],[88.85526,22.40445],[88.85503,22.40399],[88.85485,22.40352],[88.85472,22.40303],[88.85461,22.40253],[88.85452,22.40202],[88.85439,22.40156],[88.8542,22.40115],[88.85401,22.40072],[88.85381,22.40028],[88.85366,22.3998],[88.85361,22.39924],[88.85358,22.3987],[88.85353,22.39822],[88.85337,22.39781],[88.85329,22.39735],[88.85323,22.39687],[88.85303,22.39643],[88.85279,22.39597],[88.85259,22.39546],[88.85251,22.3949],[88.8525,22.39437],[88.8525,22.39393],[88.8525,22.39353],[88.8525,22.39313],[88.85251,22.39273],[88.8525,22.39222],[88.85222,22.39195],[88.85194,22.39195],[88.85167,22.39167],[88.85139,22.39195],[88.85083,22.39195],[88.85056,22.39222],[88.84751,22.39222],[88.84695,22.39167],[88.84695,22.39083],[88.84722,22.39056],[88.84722,22.39028],[88.8475,22.39],[88.84639,22.38889],[88.84639,22.38861],[88.84611,22.38833],[88.84639,22.38806],[88.84639,22.38778],[88.84666,22.3875],[88.84666,22.38722],[88.84889,22.385],[88.84889,22.38472],[88.84944,22.38417],[88.85028,22.38501],[88.85028,22.38528],[88.85083,22.38584],[88.85111,22.38583],[88.85167,22.38639],[88.85167,22.38667],[88.85194,22.38695],[88.8525,22.38695],[88.85278,22.38667],[88.85278,22.38501],[88.853,22.3847],[88.85304,22.38433],[88.85306,22.38387],[88.85307,22.38331],[88.85314,22.38272],[88.85333,22.38223],[88.85356,22.38177],[88.85381,22.38136],[88.85402,22.38097],[88.8542,22.3806],[88.85443,22.38029],[88.85465,22.37997],[88.85476,22.37953],[88.85489,22.37917],[88.85502,22.37891],[88.85516,22.37868],[88.85529,22.37837],[88.85541,22.37807],[88.85558,22.3778],[88.85577,22.37756],[88.85597,22.37732],[88.8561,22.37699],[88.85618,22.37662],[88.85634,22.37627],[88.85638,22.37584],[88.85638,22.3754],[88.85638,22.37492],[88.85645,22.37442],[88.85664,22.37391],[88.8568,22.37331],[88.85698,22.37267],[88.85723,22.37208],[88.85749,22.37155],[88.85774,22.37106],[88.85793,22.3706],[88.85806,22.37028],[88.85833,22.37001],[88.85833,22.36972],[88.85861,22.36944],[88.85889,22.36944],[88.85917,22.36917],[88.85917,22.36889],[88.85944,22.36861],[88.85944,22.36806],[88.85973,22.36778],[88.85973,22.3675],[88.86,22.36722],[88.86,22.36695],[88.86028,22.36667],[88.86024,22.36638],[88.86038,22.36598],[88.8606,22.36562],[88.86085,22.36532],[88.86111,22.36502],[88.86141,22.36471],[88.86173,22.36439],[88.86206,22.36409],[88.86253,22.36392],[88.86305,22.36383],[88.86359,22.36367],[88.86417,22.36355],[88.8648,22.36343],[88.86532,22.36312],[88.86584,22.36284],[88.86639,22.36262],[88.86688,22.36241],[88.86734,22.36217],[88.86772,22.36187],[88.86809,22.36155],[88.86851,22.36128],[88.86902,22.36104],[88.86954,22.36069],[88.87012,22.36034],[88.87077,22.36004],[88.87138,22.35973],[88.87192,22.35945],[88.87241,22.3592],[88.87287,22.35901],[88.87331,22.35883],[88.87376,22.35863],[88.87425,22.3584],[88.87475,22.35812],[88.87528,22.35776],[88.87577,22.35729],[88.87611,22.35665],[88.87633,22.35598],[88.87629,22.35531],[88.87591,22.35492],[88.87544,22.35502],[88.87503,22.35527],[88.87469,22.35558],[88.87439,22.35587],[88.8741,22.35617],[88.87383,22.35648],[88.87361,22.35667],[88.87139,22.35889],[88.87083,22.35889],[88.87055,22.35917],[88.86972,22.35917],[88.86958,22.35931],[88.86945,22.35945],[88.86916,22.35917],[88.86889,22.35914],[88.86833,22.35904],[88.86791,22.35893],[88.86753,22.35886],[88.86718,22.35882],[88.86684,22.35879],[88.86649,22.35878],[88.86613,22.35877],[88.86582,22.35868],[88.8655,22.35851],[88.86516,22.35836],[88.86482,22.35828],[88.86437,22.35822],[88.86383,22.35819],[88.86327,22.3582],[88.8628,22.35828],[88.86252,22.35847],[88.86228,22.35871],[88.86203,22.359],[88.86169,22.35923],[88.86133,22.35946],[88.86096,22.3597],[88.86058,22.35992],[88.86012,22.36008],[88.85962,22.36023],[88.85906,22.36036],[88.85849,22.36051],[88.85786,22.36064],[88.8572,22.3608],[88.85653,22.36095],[88.85587,22.36114],[88.85524,22.36134],[88.85468,22.36156],[88.85421,22.36177],[88.8538,22.36198],[88.85337,22.36219],[88.85294,22.3624],[88.85251,22.36264],[88.85211,22.36287],[88.85167,22.36318],[88.85118,22.36359],[88.85068,22.36393],[88.85021,22.36416],[88.84972,22.36437],[88.84924,22.36454],[88.84908,22.3645],[88.84885,22.36444],[88.84846,22.36427],[88.84801,22.36417],[88.84756,22.36408],[88.84714,22.36394],[88.84669,22.36383],[88.84623,22.36362],[88.8457,22.36339],[88.84514,22.36317],[88.84457,22.36297],[88.84395,22.36283],[88.8433,22.36269],[88.84271,22.36248],[88.84213,22.36226],[88.84151,22.36207],[88.84089,22.3619],[88.84035,22.36169],[88.83982,22.3615],[88.83933,22.36134],[88.83887,22.36115],[88.83839,22.361],[88.83789,22.36082],[88.83738,22.36063],[88.83684,22.36049],[88.83625,22.36026],[88.83558,22.36009],[88.83504,22.35988],[88.83461,22.35964],[88.83426,22.35946],[88.83389,22.35935],[88.83351,22.35928],[88.83309,22.35922],[88.83263,22.3592],[88.83218,22.35922],[88.83176,22.35926],[88.83138,22.35929],[88.83104,22.35933],[88.83074,22.35941],[88.83047,22.35951],[88.83013,22.35962],[88.8297,22.3597],[88.8292,22.35983],[88.82859,22.36009],[88.828,22.36035],[88.82775,22.3604],[88.82747,22.36047],[88.82697,22.36046],[88.82648,22.36036],[88.82596,22.36037],[88.82545,22.36054],[88.8249,22.36073],[88.82432,22.36091],[88.8241,22.36089],[88.82387,22.36086],[88.82345,22.36079],[88.82304,22.36069],[88.82255,22.36079],[88.82195,22.36089],[88.82138,22.36111],[88.82138,22.36139],[88.82166,22.36167],[88.82166,22.36194],[88.82153,22.36207],[88.82309,22.36448],[88.82415,22.37169],[88.82211,22.37424],[88.81162,22.37447],[88.80693,22.3765],[88.80169,22.37366],[88.78903,22.37009],[88.78564,22.37315],[88.78231,22.37407],[88.77768,22.37194],[88.77442,22.3728],[88.77417,22.37737],[88.77825,22.38609],[88.77652,22.38771],[88.77226,22.38314],[88.76769,22.38158],[88.76769,22.38592],[88.77269,22.38984],[88.77053,22.39348],[88.76516,22.39631],[88.76177,22.39354],[88.75646,22.39169],[88.75567,22.39337],[88.7593,22.39833],[88.7553,22.39925],[88.74369,22.40394],[88.73789,22.41029],[88.73609,22.41952],[88.73283,22.42362],[88.71542,22.42818],[88.70672,22.43228],[88.70467,22.43771],[88.70542,22.44296],[88.71085,22.44817],[88.71079,22.45348],[88.70566,22.45827],[88.69719,22.46087],[88.69214,22.46381],[88.68923,22.47166],[88.6786,22.48101],[88.67335,22.48725],[88.66803,22.49082],[88.66266,22.49272],[88.65766,22.49352],[88.65439,22.49537],[88.65432,22.49803],[88.65697,22.50155],[88.65864,22.5056],[88.65832,22.51437],[88.65629,22.51571],[88.65504,22.52321],[88.6514,22.52615],[88.64782,22.53233],[88.63902,22.54197],[88.63451,22.54808],[88.63438,22.55432],[88.63185,22.55484],[88.62858,22.5586],[88.62758,22.56535],[88.62949,22.56974],[88.62912,22.57436],[88.62577,22.57765],[88.62126,22.57868],[88.61668,22.58168],[88.61316,22.58659],[88.60877,22.58958],[88.60574,22.59125],[88.60054,22.59263],[88.59677,22.59575],[88.59645,22.60136],[88.59746,22.61357],[88.59376,22.61518],[88.58931,22.61287],[88.58275,22.61465],[88.57112,22.6222],[88.56456,22.62531],[88.5598,22.62559],[88.55747,22.61976],[88.55785,22.61248],[88.55532,22.60745],[88.55174,22.60595],[88.55137,22.60335],[88.54884,22.60098],[88.55163,22.59763],[88.54781,22.58561],[88.54245,22.5759],[88.52654,22.56115],[88.52568,22.55699],[88.52785,22.55128],[88.5255,22.54792],[88.51599,22.54929],[88.51339,22.55338],[88.51078,22.55586],[88.50214,22.55574],[88.48891,22.55784],[88.48562,22.5657],[88.48055,22.56765],[88.4759,22.57526],[88.47299,22.57439],[88.46967,22.56693],[88.4662,22.56993],[88.44756,22.56383],[88.44347,22.56682],[88.44117,22.5704],[88.43153,22.57222],[88.4267,22.57401],[88.42247,22.58393],[88.41643,22.57992],[88.4105,22.57996],[88.41442,22.57218],[88.41424,22.56733],[88.41075,22.55997],[88.40719,22.56581],[88.40563,22.5732],[88.39781,22.58681],[88.39538,22.59425],[88.39653,22.60119],[88.39561,22.62186],[88.3941,22.62815],[88.39212,22.62977],[88.38409,22.63118],[88.3632,22.63316],[88.36087,22.64043],[88.35832,22.64416],[88.35569,22.65026],[88.3598,22.66485],[88.36784,22.68342],[88.36738,22.69225],[88.36456,22.70489],[88.36292,22.71765],[88.36375,22.72793],[88.36599,22.74065],[88.36394,22.74751],[88.35618,22.75431],[88.34632,22.76023],[88.33862,22.76749],[88.33462,22.77533],[88.34703,22.78933],[88.34746,22.78981],[88.34962,22.78993],[88.35629,22.79463],[88.35845,22.80018],[88.3608,22.82138],[88.36475,22.82498],[88.37199,22.82557],[88.37829,22.82871],[88.37945,22.83501],[88.37435,22.84436],[88.37494,22.85383],[88.38092,22.86233],[88.38572,22.86445],[88.39998,22.8707],[88.4077,22.87644],[88.41091,22.88385],[88.41071,22.88664],[88.41019,22.89407],[88.40837,22.90458],[88.40544,22.91439],[88.40962,22.92463],[88.41399,22.93186],[88.4131,22.93983],[88.41167,22.94525],[88.41718,22.94451],[88.41778,22.95214],[88.42608,22.95592],[88.43811,22.95167],[88.46378,22.95005],[88.47012,22.94434],[88.47801,22.93437],[88.49108,22.93537],[88.49783,22.93683],[88.50887,22.94199],[88.51054,22.94292],[88.51538,22.94056],[88.51527,22.93404],[88.52,22.93052],[88.52408,22.93145],[88.5265,22.93064],[88.5304,22.931],[88.54727,22.92519],[88.55521,22.91965],[88.56128,22.92099],[88.56532,22.91707],[88.56723,22.92008],[88.57071,22.9139],[88.58193,22.91201],[88.58639,22.90854],[88.59142,22.91063],[88.60406,22.90816],[88.60641,22.90418],[88.6141,22.90459],[88.61572,22.90142],[88.62117,22.89535],[88.62199,22.88432],[88.62466,22.8808],[88.63543,22.88],[88.64517,22.88024],[88.64597,22.88261],[88.65371,22.88411],[88.65806,22.88031],[88.65942,22.87395],[88.66877,22.8839],[88.67217,22.88892],[88.66919,22.89429],[88.66732,22.90047],[88.66063,22.90652],[88.6579,22.9168],[88.65801,22.9212],[88.66378,22.92842],[88.65881,22.93703],[88.66476,22.93871],[88.6696,22.94142],[88.67642,22.93952],[88.68026,22.94432],[88.67257,22.94686],[88.66513,22.9513],[88.66562,22.95754],[88.66418,22.97048],[88.66424,22.98301],[88.66926,22.99301],[88.67397,22.99627],[88.67954,22.99844],[88.67948,23.00076],[88.68047,23.00446],[88.67718,23.0067],[88.67631,23.015],[88.68243,23.01562],[88.68343,23.01949],[88.68689,23.02124],[88.68848,23.02563],[88.6835,23.04822],[88.68631,23.04842],[88.68748,23.05032],[88.68463,23.05313],[88.68984,23.05545],[88.69472,23.06084],[88.69803,23.06289],[88.69878,23.0649],[88.6976,23.06729],[88.69432,23.0675],[88.69099,23.06638],[88.68588,23.07229],[88.68601,23.07784],[88.68212,23.08734],[88.6811,23.08983],[88.67826,23.09408],[88.68004,23.09679],[88.68322,23.09814],[88.68692,23.10453],[88.68406,23.10809],[88.68663,23.10962],[88.69738,23.11142],[88.69697,23.11709],[88.69887,23.12431],[88.70289,23.12803],[88.70306,23.13086],[88.70685,23.13603],[88.6976,23.15426],[88.70162,23.15722],[88.70097,23.15983],[88.70137,23.16197],[88.70015,23.1639],[88.70193,23.16666],[88.70814,23.16583],[88.7097,23.16715],[88.71328,23.16473],[88.71585,23.16581],[88.71237,23.17048],[88.71367,23.1704],[88.71575,23.1724],[88.72048,23.17281],[88.72142,23.17755],[88.71712,23.17696],[88.71806,23.18176],[88.72229,23.18235],[88.72288,23.18448],[88.72042,23.1863],[88.71991,23.18903],[88.71882,23.19605],[88.71806,23.21256],[88.71654,23.21443],[88.70791,23.21592],[88.70777,23.21899],[88.7112,23.22428],[88.71236,23.23544],[88.71638,23.23806],[88.72182,23.23562],[88.7235,23.23983],[88.72557,23.24085],[88.73427,23.24023],[88.73862,23.23497],[88.74883,23.23473],[88.75323,23.23781],[88.75297,23.23929],[88.76076,23.23742],[88.76543,23.23926],[88.76664,23.24128],[88.76749,23.24174],[88.77078,23.24222],[88.77153,23.24199],[88.773,23.24109],[88.78013,23.23524],[88.78133,23.2323],[88.78136,23.22595],[88.78233,23.22506],[88.78702,23.22145],[88.78702,23.22099],[88.78874,23.2201],[88.79045,23.21988],[88.79388,23.22034],[88.80001,23.2181],[88.80369,23.21765],[88.81123,23.21951],[88.81588,23.21814],[88.81737,23.21907],[88.81818,23.2254],[88.81366,23.23014],[88.81202,23.23558],[88.81117,23.24077],[88.81134,23.2459],[88.81197,23.25139],[88.81235,23.25228],[88.82118,23.25347],[88.82214,23.25301],[88.82289,23.25212],[88.82312,23.25099],[88.82434,23.24874]]],[[[88.84986,22.36292],[88.85,22.36278],[88.85083,22.36278],[88.85111,22.3625],[88.85139,22.3625],[88.85194,22.36194],[88.85222,22.36194],[88.85278,22.36139],[88.85306,22.36139],[88.85333,22.36111],[88.85389,22.36111],[88.85416,22.36082],[88.85445,22.36083],[88.85472,22.36056],[88.855,22.36056],[88.85528,22.36028],[88.85583,22.36028],[88.85611,22.36],[88.85639,22.36],[88.85667,22.35972],[88.85694,22.35972],[88.85722,22.35945],[88.8575,22.35972],[88.85833,22.35972],[88.85889,22.35917],[88.85889,22.35861],[88.85944,22.35806],[88.85973,22.35806],[88.86028,22.35861],[88.86083,22.35861],[88.86111,22.35834],[88.86139,22.35834],[88.86166,22.35806],[88.86195,22.35807],[88.86278,22.35722],[88.86334,22.35722],[88.86361,22.35695],[88.86417,22.35695],[88.86444,22.35667],[88.86472,22.35667],[88.865,22.35695],[88.86528,22.35695],[88.86556,22.35722],[88.86611,22.35722],[88.86639,22.3575],[88.86723,22.3575],[88.8675,22.35778],[88.86916,22.35778],[88.86945,22.35807],[88.86972,22.35807],[88.87,22.35778],[88.87055,22.35778],[88.87083,22.3575],[88.87111,22.3575],[88.87195,22.35667],[88.87222,22.35667],[88.87389,22.355],[88.87417,22.355],[88.87611,22.35306],[88.87639,22.35306],[88.87666,22.35278],[88.87695,22.35278],[88.87722,22.3525],[88.8775,22.3525],[88.87778,22.35222],[88.87805,22.35223],[88.87834,22.35195],[88.87861,22.35195],[88.87889,22.35167],[88.87917,22.35167],[88.87972,22.35111],[88.88,22.35111],[88.88055,22.35056],[88.88084,22.35056],[88.88111,22.35028],[88.88168,22.35028],[88.88194,22.35],[88.88277,22.35],[88.88361,22.34917],[88.88401,22.34909],[88.88438,22.34881],[88.88475,22.34844],[88.88517,22.34807],[88.88565,22.3477],[88.88614,22.34727],[88.88668,22.34682],[88.88725,22.34638],[88.88779,22.34589],[88.88833,22.34544],[88.88886,22.34504],[88.8894,22.34472],[88.88991,22.34444],[88.89039,22.34412],[88.8908,22.34373],[88.89117,22.34335],[88.89157,22.34308],[88.89185,22.34266],[88.89211,22.34215],[88.89242,22.34163],[88.89275,22.34108],[88.89302,22.34047],[88.8932,22.33986],[88.89336,22.33941],[88.89362,22.33903],[88.89388,22.33863],[88.89416,22.33818],[88.89443,22.33772],[88.89468,22.33727],[88.89494,22.33688],[88.89516,22.33648],[88.89545,22.33614],[88.8958,22.33582],[88.89618,22.3355],[88.8965,22.33505],[88.89687,22.33467],[88.89722,22.33428],[88.89761,22.3339],[88.898,22.33354],[88.89839,22.33318],[88.89887,22.3329],[88.89935,22.33259],[88.89984,22.33218],[88.90025,22.33169],[88.90055,22.33116],[88.90076,22.33069],[88.90083,22.33027],[88.90084,22.32992],[88.90086,22.32962],[88.90093,22.32935],[88.90104,22.32909],[88.90112,22.32877],[88.90123,22.32842],[88.90135,22.32802],[88.90139,22.32756],[88.90143,22.32712],[88.90157,22.32675],[88.90166,22.32636],[88.90173,22.32596],[88.9019,22.32559],[88.90201,22.32515],[88.90221,22.32478],[88.90241,22.32442],[88.90258,22.32409],[88.90275,22.32381],[88.90285,22.32345],[88.90305,22.32309],[88.90325,22.32269],[88.90343,22.32225],[88.90363,22.32182],[88.90387,22.3214],[88.90409,22.32094],[88.90424,22.32038],[88.90446,22.31986],[88.90474,22.31937],[88.90504,22.3189],[88.90534,22.3184],[88.90566,22.31795],[88.90597,22.31754],[88.90627,22.31717],[88.90657,22.31679],[88.90691,22.31641],[88.90732,22.31604],[88.90773,22.31567],[88.90808,22.31522],[88.90846,22.31479],[88.90891,22.31441],[88.9094,22.31397],[88.90972,22.31333],[88.91,22.31333],[88.91028,22.31305],[88.91055,22.31306],[88.91166,22.31195],[88.91166,22.31167],[88.91111,22.31111],[88.91084,22.31111],[88.91084,22.31083],[88.91055,22.31056],[88.91055,22.30917],[88.91084,22.30889],[88.91084,22.30861],[88.91111,22.30833],[88.91084,22.30806],[88.91084,22.3075],[88.91055,22.30722],[88.91055,22.30639],[88.91111,22.30583],[88.91139,22.30583],[88.91167,22.30556],[88.91194,22.30583],[88.9125,22.30583],[88.91361,22.30694],[88.91361,22.30722],[88.91417,22.30778],[88.91417,22.30833],[88.91444,22.30861],[88.915,22.30861],[88.91528,22.30833],[88.91556,22.30833],[88.91583,22.30945],[88.91612,22.30945],[88.91667,22.30889],[88.91695,22.30889],[88.91779,22.30806],[88.91805,22.30806],[88.91847,22.30776],[88.91902,22.30742],[88.91961,22.30707],[88.92026,22.30678],[88.9209,22.30649],[88.92159,22.30627],[88.9222,22.30593],[88.92276,22.30558],[88.92334,22.30533],[88.92385,22.30514],[88.92429,22.30497],[88.92469,22.30478],[88.92516,22.30471],[88.92565,22.30461],[88.92616,22.30443],[88.92667,22.30417],[88.92716,22.30389],[88.92765,22.3036],[88.92813,22.30339],[88.92865,22.30334],[88.9292,22.30333],[88.92973,22.30329],[88.93023,22.30313],[88.93073,22.30305],[88.93125,22.30303],[88.93187,22.30303],[88.93258,22.30301],[88.93321,22.30292],[88.93372,22.30278],[88.93413,22.30265],[88.9345,22.30245],[88.93491,22.30214],[88.9353,22.30175],[88.93568,22.30135],[88.93599,22.30094],[88.93622,22.30056],[88.93641,22.30021],[88.93661,22.29988],[88.93675,22.29949],[88.93693,22.29911],[88.93707,22.29869],[88.93722,22.29826],[88.93735,22.29781],[88.93747,22.29737],[88.93749,22.2969],[88.93748,22.29645],[88.93742,22.29602],[88.93748,22.29556],[88.9375,22.29509],[88.9375,22.29461],[88.9375,22.29414],[88.93748,22.29368],[88.93739,22.29323],[88.93725,22.29279],[88.93723,22.29235],[88.93722,22.29192],[88.93717,22.29149],[88.93699,22.2911],[88.93694,22.29063],[88.93689,22.29012],[88.93672,22.28961],[88.93667,22.28904],[88.93665,22.28842],[88.93655,22.2878],[88.93641,22.28717],[88.93629,22.28653],[88.93615,22.28591],[88.93606,22.28531],[88.93585,22.28481],[88.93565,22.28427],[88.93539,22.28373],[88.93512,22.28317],[88.93488,22.28261],[88.93463,22.28208],[88.93442,22.28152],[88.93417,22.28103],[88.93392,22.28058],[88.93372,22.28008],[88.93358,22.27946],[88.93337,22.27883],[88.93319,22.2782],[88.93303,22.27762],[88.93282,22.27714],[88.93272,22.27665],[88.93258,22.27621],[88.93248,22.27579],[88.93234,22.27538],[88.93224,22.27498],[88.93222,22.27456],[88.93217,22.27418],[88.93199,22.27387],[88.93195,22.27351],[88.93189,22.27311],[88.93172,22.2727],[88.93167,22.2722],[88.93166,22.27165],[88.93162,22.27109],[88.93146,22.27061],[88.9314,22.27017],[88.93139,22.26972],[88.93138,22.26927],[88.93134,22.26881],[88.9312,22.26839],[88.93112,22.26794],[88.93106,22.26746],[88.93088,22.26697],[88.9307,22.26644],[88.93054,22.2659],[88.93037,22.26534],[88.93024,22.26478],[88.93001,22.26423],[88.92981,22.26365],[88.92976,22.26301],[88.92985,22.26233],[88.92987,22.26168],[88.92998,22.26124],[88.93005,22.26084],[88.93022,22.26047],[88.93027,22.25997],[88.93034,22.25941],[88.93054,22.25887],[88.93073,22.2583],[88.93092,22.2577],[88.93118,22.25715],[88.93143,22.25664],[88.93166,22.25623],[88.93188,22.25587],[88.93201,22.2555],[88.93222,22.25522],[88.93244,22.25489],[88.93266,22.25448],[88.933,22.25407],[88.93334,22.25362],[88.93371,22.25321],[88.93413,22.25284],[88.93465,22.25254],[88.93502,22.25225],[88.93513,22.25213],[88.93583,22.25139],[88.93611,22.25139],[88.93694,22.25056],[88.93723,22.25056],[88.9389,22.24889],[88.9389,22.24861],[88.93932,22.24845],[88.93968,22.24812],[88.94011,22.24783],[88.94056,22.24761],[88.941,22.24745],[88.94143,22.24727],[88.94191,22.24722],[88.94241,22.24717],[88.94289,22.247],[88.94343,22.24695],[88.944,22.24693],[88.94455,22.24688],[88.94505,22.24671],[88.9456,22.24663],[88.94611,22.24649],[88.94659,22.24633],[88.94704,22.24615],[88.94757,22.24608],[88.94808,22.24593],[88.94862,22.24576],[88.94917,22.24553],[88.94965,22.24515],[88.95,22.24458],[88.95033,22.24403],[88.95068,22.24365],[88.95095,22.24333],[88.95114,22.24304],[88.95135,22.24273],[88.95147,22.24232],[88.95162,22.24191],[88.95167,22.24144],[88.95167,22.24094],[88.95167,22.24042],[88.95167,22.2399],[88.95167,22.2394],[88.9517,22.2389],[88.9519,22.23844],[88.95194,22.23793],[88.95195,22.23739],[88.952,22.23681],[88.95219,22.23626],[88.95235,22.23569],[88.95252,22.23513],[88.95272,22.2346],[88.95277,22.23407],[88.9528,22.23359],[88.95292,22.2332],[88.95303,22.23286],[88.95305,22.23252],[88.95306,22.23218],[88.95311,22.23185],[88.95325,22.23155],[88.95332,22.23121],[88.95336,22.23085],[88.95348,22.23053],[88.95358,22.23018],[88.95364,22.22977],[88.95374,22.22936],[88.95382,22.22895],[88.95387,22.22853],[88.9539,22.2281],[88.95392,22.22766],[88.95403,22.22722],[88.95414,22.22672],[88.95417,22.22619],[88.95416,22.22569],[88.95408,22.22524],[88.95386,22.22493],[88.95353,22.22472],[88.95313,22.22455],[88.95263,22.22444],[88.95206,22.22434],[88.95148,22.22441],[88.95086,22.22444],[88.95019,22.22442],[88.94953,22.22432],[88.94888,22.22421],[88.94832,22.22424],[88.94789,22.2244],[88.94747,22.22444],[88.94704,22.22445],[88.94662,22.22445],[88.94616,22.22444],[88.94572,22.22445],[88.94532,22.22448],[88.94492,22.22459],[88.94445,22.2247],[88.94395,22.22472],[88.94342,22.22472],[88.94286,22.22474],[88.94228,22.22483],[88.9417,22.22501],[88.94113,22.22521],[88.94048,22.22528],[88.93987,22.22536],[88.93935,22.22551],[88.93885,22.22561],[88.93842,22.2258],[88.93791,22.22596],[88.93734,22.22615],[88.93673,22.22634],[88.93608,22.22639],[88.93548,22.2264],[88.93494,22.22645],[88.93448,22.22661],[88.93397,22.22667],[88.93342,22.22672],[88.93286,22.22686],[88.93222,22.22694],[88.93156,22.22698],[88.93096,22.22713],[88.93044,22.22725],[88.93002,22.22746],[88.9296,22.22754],[88.92919,22.22772],[88.92871,22.22783],[88.92825,22.22804],[88.92778,22.2282],[88.92732,22.22836],[88.92689,22.22854],[88.92645,22.22869],[88.92607,22.2289],[88.92572,22.22915],[88.92536,22.22938],[88.92495,22.22962],[88.9245,22.22994],[88.92399,22.23028],[88.92345,22.23063],[88.92295,22.23105],[88.9224,22.2314],[88.92188,22.23174],[88.92144,22.23207],[88.92108,22.23239],[88.9207,22.23263],[88.92017,22.23281],[88.91961,22.23302],[88.91897,22.23303],[88.91875,22.233],[88.91831,22.23292],[88.91767,22.23275],[88.91711,22.23247],[88.91669,22.2321],[88.91639,22.23168],[88.91615,22.23127],[88.91598,22.23083],[88.91586,22.23035],[88.91583,22.22985],[88.91584,22.22935],[88.91589,22.22886],[88.91599,22.22839],[88.91609,22.22794],[88.91617,22.22749],[88.91627,22.22705],[88.91638,22.22661],[88.91648,22.22613],[88.91656,22.2256],[88.91659,22.22504],[88.91644,22.2246],[88.91635,22.22416],[88.91617,22.22375],[88.91607,22.22332],[88.91588,22.22293],[88.91572,22.22251],[88.91553,22.22205],[88.91534,22.2216],[88.91524,22.22104],[88.91503,22.22061],[88.91476,22.2203],[88.91448,22.22011],[88.91418,22.21999],[88.91387,22.2199],[88.91353,22.21989],[88.91307,22.21997],[88.91264,22.22],[88.91224,22.22],[88.91183,22.21998],[88.91138,22.22],[88.91085,22.22005],[88.9103,22.22024],[88.90967,22.22033],[88.9091,22.22055],[88.90854,22.22081],[88.90799,22.22104],[88.90745,22.22122],[88.90698,22.2215],[88.90641,22.22169],[88.9059,22.22191],[88.90543,22.22209],[88.90501,22.22228],[88.90459,22.22251],[88.90416,22.22278],[88.9037,22.22306],[88.90324,22.22333],[88.90276,22.22359],[88.90224,22.22382],[88.90178,22.22408],[88.90135,22.2244],[88.90092,22.22472],[88.90045,22.225],[88.89996,22.22528],[88.89947,22.22558],[88.89899,22.22591],[88.89854,22.22631],[88.89805,22.22664],[88.89755,22.22694],[88.89703,22.22722],[88.89653,22.22752],[88.89604,22.22783],[88.89552,22.2281],[88.89504,22.2284],[88.8946,22.22875],[88.89417,22.22913],[88.89368,22.22945],[88.89316,22.2298],[88.89265,22.23024],[88.89213,22.23067],[88.89161,22.23117],[88.89108,22.23167],[88.89055,22.23218],[88.89,22.23267],[88.88946,22.23314],[88.88896,22.23361],[88.88849,22.23405],[88.88818,22.2345],[88.88798,22.23491],[88.8878,22.23523],[88.88765,22.23552],[88.88747,22.23576],[88.88726,22.23599],[88.88705,22.2363],[88.88689,22.23671],[88.88668,22.23715],[88.88651,22.23766],[88.88642,22.23825],[88.8864,22.23883],[88.8864,22.23934],[88.88641,22.23976],[88.88647,22.24013],[88.88661,22.24047],[88.88676,22.2409],[88.88699,22.24137],[88.8873,22.24186],[88.88765,22.24236],[88.88802,22.24282],[88.88835,22.24333],[88.88871,22.2438],[88.88911,22.24422],[88.88947,22.24466],[88.88982,22.2451],[88.89015,22.2455],[88.89051,22.24586],[88.89085,22.24621],[88.89118,22.24659],[88.89156,22.24698],[88.89195,22.24743],[88.89236,22.24792],[88.89275,22.24841],[88.89312,22.24894],[88.89349,22.24941],[88.89387,22.24982],[88.89421,22.2502],[88.89452,22.25053],[88.89481,22.25083],[88.89506,22.25113],[88.89523,22.25149],[88.89533,22.25194],[88.89548,22.25239],[88.89545,22.25284],[88.89529,22.25323],[88.89514,22.25365],[88.89501,22.25409],[88.89487,22.25455],[88.89465,22.25493],[88.89433,22.25527],[88.89395,22.25555],[88.89354,22.25583],[88.8931,22.25612],[88.89265,22.25642],[88.89219,22.25676],[88.89166,22.25711],[88.89115,22.25749],[88.89072,22.25795],[88.89048,22.25852],[88.89028,22.25904],[88.89008,22.2595],[88.88992,22.25996],[88.88973,22.26043],[88.88956,22.26094],[88.88947,22.26155],[88.88938,22.2622],[88.8892,22.26282],[88.88905,22.26343],[88.88885,22.26398],[88.8886,22.26448],[88.88833,22.26499],[88.888,22.26548],[88.88761,22.26593],[88.88712,22.26629],[88.88656,22.26656],[88.88593,22.26678],[88.88523,22.26693],[88.88455,22.26706],[88.88387,22.26716],[88.88322,22.26726],[88.88266,22.26742],[88.8821,22.26759],[88.88163,22.26784],[88.88123,22.26814],[88.88091,22.26847],[88.88066,22.26878],[88.88048,22.26911],[88.88032,22.26941],[88.88018,22.2697],[88.88004,22.26999],[88.87993,22.27029],[88.87977,22.27057],[88.87968,22.27091],[88.87955,22.27128],[88.87938,22.27168],[88.87917,22.2721],[88.87897,22.27257],[88.87878,22.27308],[88.87849,22.2735],[88.87813,22.27384],[88.87773,22.27412],[88.87728,22.27433],[88.87677,22.27449],[88.87622,22.27455],[88.87568,22.2746],[88.87517,22.27466],[88.87466,22.27469],[88.87415,22.27474],[88.87381,22.27474],[88.87364,22.27475],[88.87312,22.27468],[88.87262,22.27455],[88.87212,22.27438],[88.87163,22.27411],[88.87108,22.27379],[88.87061,22.27343],[88.87012,22.27307],[88.86966,22.27268],[88.8692,22.2723],[88.86877,22.27187],[88.86832,22.27144],[88.86785,22.27109],[88.86736,22.27083],[88.86682,22.27067],[88.86623,22.27059],[88.86564,22.27065],[88.8651,22.27081],[88.86464,22.27111],[88.86426,22.27151],[88.86398,22.27195],[88.86381,22.27241],[88.86372,22.27287],[88.8637,22.27333],[88.86371,22.27377],[88.8637,22.27422],[88.8637,22.27466],[88.86363,22.27509],[88.86356,22.27551],[88.86341,22.27595],[88.86315,22.2764],[88.86276,22.27682],[88.86227,22.27714],[88.86173,22.27742],[88.86115,22.27764],[88.86057,22.27781],[88.86001,22.27798],[88.85944,22.27817],[88.85883,22.27838],[88.85822,22.27864],[88.85769,22.27897],[88.8573,22.27934],[88.85702,22.27971],[88.85683,22.28005],[88.85668,22.28035],[88.85657,22.28066],[88.85644,22.28096],[88.85625,22.28124],[88.85602,22.2815],[88.85574,22.28175],[88.8554,22.28198],[88.85499,22.28216],[88.85457,22.28231],[88.85417,22.28247],[88.85381,22.28265],[88.85345,22.28288],[88.8531,22.28318],[88.85278,22.28359],[88.85248,22.28401],[88.85222,22.2844],[88.85202,22.28474],[88.85189,22.28506],[88.85178,22.28538],[88.85165,22.28567],[88.85153,22.286],[88.85139,22.28634],[88.85123,22.28674],[88.85104,22.28715],[88.85082,22.28765],[88.85059,22.28824],[88.85037,22.28884],[88.84997,22.28931],[88.84948,22.28962],[88.84893,22.28983],[88.8483,22.28993],[88.84765,22.29003],[88.84695,22.29008],[88.84626,22.29012],[88.84611,22.29028],[88.84417,22.29028],[88.84389,22.29],[88.84361,22.29],[88.84333,22.28972],[88.84361,22.28944],[88.84389,22.28945],[88.84417,22.28917],[88.84444,22.28917],[88.84472,22.28945],[88.84557,22.28935],[88.84632,22.28932],[88.84705,22.28929],[88.84772,22.28923],[88.84834,22.2891],[88.84889,22.28889],[88.84935,22.28859],[88.84971,22.28818],[88.84996,22.28774],[88.85009,22.28729],[88.85015,22.28693],[88.85021,22.28658],[88.85032,22.28624],[88.85045,22.28588],[88.85061,22.28551],[88.85077,22.28518],[88.85092,22.28487],[88.85105,22.28458],[88.85117,22.28429],[88.8513,22.28396],[88.85149,22.28359],[88.85172,22.2832],[88.85202,22.28288],[88.85239,22.28263],[88.85279,22.28242],[88.85326,22.28221],[88.85372,22.28201],[88.85416,22.2818],[88.85457,22.28154],[88.85494,22.28123],[88.85529,22.2809],[88.85557,22.28055],[88.85577,22.28015],[88.85597,22.27971],[88.85621,22.27926],[88.85652,22.27883],[88.85692,22.27842],[88.85735,22.27803],[88.8578,22.27768],[88.85825,22.27744],[88.8587,22.27731],[88.85912,22.27723],[88.85956,22.27715],[88.8601,22.27712],[88.86069,22.27703],[88.86128,22.27686],[88.86182,22.27664],[88.86226,22.27637],[88.86255,22.27603],[88.86271,22.27558],[88.86275,22.27508],[88.86275,22.27456],[88.86272,22.27403],[88.86272,22.27349],[88.86276,22.27296],[88.86285,22.27244],[88.86304,22.27197],[88.86333,22.27156],[88.86368,22.27117],[88.86408,22.27079],[88.86447,22.27043],[88.86486,22.27015],[88.8653,22.26994],[88.86583,22.26982],[88.86641,22.26975],[88.86697,22.26975],[88.86745,22.26986],[88.86788,22.27007],[88.86828,22.2704],[88.86867,22.27081],[88.8691,22.27122],[88.86954,22.27158],[88.87003,22.27188],[88.87051,22.27217],[88.87102,22.27246],[88.87149,22.27275],[88.87193,22.27302],[88.87234,22.27325],[88.87274,22.27347],[88.87314,22.27362],[88.87354,22.2737],[88.87396,22.27373],[88.87438,22.27373],[88.87482,22.27373],[88.87528,22.27373],[88.87572,22.27373],[88.87617,22.27368],[88.87666,22.27355],[88.87711,22.27326],[88.87752,22.27281],[88.87785,22.27225],[88.87814,22.27165],[88.8784,22.2711],[88.87862,22.27058],[88.87882,22.27011],[88.87897,22.26971],[88.87911,22.26934],[88.87928,22.26897],[88.87946,22.26858],[88.87971,22.26821],[88.88005,22.26786],[88.88041,22.26753],[88.88081,22.26726],[88.88117,22.26702],[88.88153,22.26682],[88.88186,22.26663],[88.8822,22.26646],[88.88259,22.26632],[88.88304,22.26621],[88.88354,22.26611],[88.88406,22.26598],[88.88459,22.26591],[88.88512,22.26588],[88.88564,22.26583],[88.88615,22.26573],[88.88657,22.26555],[88.88693,22.26527],[88.88724,22.26491],[88.8875,22.26445],[88.88771,22.26389],[88.88786,22.26327],[88.88799,22.26266],[88.88805,22.26206],[88.88809,22.26149],[88.88821,22.26096],[88.88831,22.26042],[88.88842,22.25985],[88.88859,22.25928],[88.88876,22.25871],[88.88901,22.25823],[88.8893,22.25782],[88.88963,22.25747],[88.88995,22.2571],[88.89026,22.25668],[88.89058,22.25622],[88.89095,22.25577],[88.89146,22.2554],[88.89204,22.25513],[88.89259,22.25485],[88.89301,22.2544],[88.89333,22.25389],[88.89306,22.25361],[88.89333,22.25333],[88.89333,22.25194],[88.89343,22.25153],[88.89327,22.25105],[88.89294,22.25061],[88.89252,22.25018],[88.89208,22.24969],[88.89163,22.24913],[88.89112,22.2486],[88.89062,22.24805],[88.89014,22.24749],[88.8897,22.24695],[88.88927,22.2465],[88.88889,22.24611],[88.88855,22.24574],[88.88828,22.24534],[88.88802,22.24495],[88.88773,22.24454],[88.88743,22.24415],[88.88713,22.24374],[88.88692,22.24327],[88.88667,22.24283],[88.8864,22.24243],[88.88614,22.24203],[88.8859,22.24162],[88.88564,22.24121],[88.88545,22.24071],[88.88532,22.24013],[88.88523,22.23949],[88.88515,22.23884],[88.88522,22.23816],[88.8853,22.23746],[88.88544,22.23679],[88.88566,22.23621],[88.88594,22.23572],[88.88622,22.23526],[88.88647,22.2348],[88.88674,22.23438],[88.88702,22.23398],[88.88734,22.23362],[88.88767,22.23327],[88.88799,22.23287],[88.88836,22.23244],[88.88877,22.23195],[88.88923,22.23144],[88.88973,22.23099],[88.89021,22.23058],[88.89069,22.23024],[88.89111,22.22986],[88.89155,22.22947],[88.89204,22.22907],[88.89255,22.22865],[88.89307,22.22821],[88.89362,22.22778],[88.89417,22.22738],[88.89472,22.22701],[88.89526,22.22668],[88.89577,22.22639],[88.89622,22.22611],[88.89664,22.22583],[88.897,22.22554],[88.89735,22.22521],[88.89772,22.22488],[88.89816,22.22455],[88.89874,22.22426],[88.89924,22.22379],[88.89975,22.22329],[88.90034,22.22285],[88.90102,22.22251],[88.9017,22.22215],[88.90231,22.22173],[88.90295,22.2214],[88.90358,22.22113],[88.90415,22.22085],[88.9047,22.22055],[88.90524,22.22027],[88.90573,22.22001],[88.9062,22.21979],[88.90667,22.21969],[88.9071,22.21953],[88.9076,22.21943],[88.90807,22.21928],[88.90854,22.21916],[88.90899,22.21897],[88.90949,22.21885],[88.90995,22.21865],[88.91051,22.21852],[88.91107,22.2184],[88.91155,22.21814],[88.91193,22.21783],[88.91235,22.21763],[88.91275,22.21742],[88.91313,22.21715],[88.91344,22.21683],[88.91368,22.21644],[88.91389,22.21611],[88.91399,22.21577],[88.91399,22.21541],[88.91392,22.21503],[88.91389,22.21466],[88.91389,22.21431],[88.91388,22.21395],[88.91383,22.21359],[88.91375,22.21319],[88.91364,22.21273],[88.91361,22.21223],[88.91359,22.21172],[88.91348,22.21129],[88.91336,22.21088],[88.91331,22.21044],[88.91319,22.21002],[88.91306,22.2096],[88.91291,22.20916],[88.91274,22.20872],[88.9125,22.2083],[88.91222,22.20788],[88.91196,22.20746],[88.91171,22.207],[88.91141,22.20656],[88.91112,22.20609],[88.91081,22.2056],[88.91044,22.2051],[88.90991,22.20468],[88.90942,22.20416],[88.90887,22.20365],[88.90828,22.20315],[88.9077,22.20264],[88.90717,22.20206],[88.90662,22.20156],[88.90614,22.20112],[88.90576,22.20073],[88.90554,22.20034],[88.90535,22.20004],[88.90525,22.1997],[88.90509,22.19938],[88.90495,22.19901],[88.90476,22.19861],[88.90457,22.19817],[88.90446,22.19771],[88.90449,22.19724],[88.90466,22.19676],[88.90479,22.19621],[88.90501,22.19566],[88.90523,22.19506],[88.90533,22.19439],[88.90554,22.19384],[88.90578,22.19334],[88.90601,22.19288],[88.90626,22.19247],[88.90648,22.19203],[88.90677,22.19168],[88.9071,22.19137],[88.90743,22.19103],[88.9077,22.19064],[88.90805,22.19029],[88.90844,22.18999],[88.90881,22.18969],[88.90915,22.18934],[88.90948,22.18897],[88.90984,22.18862],[88.91022,22.18826],[88.91055,22.18788],[88.91084,22.18752],[88.91113,22.18721],[88.91138,22.18692],[88.91161,22.1866],[88.9118,22.18625],[88.91201,22.18594],[88.91231,22.18571],[88.91262,22.18549],[88.91286,22.18514],[88.91312,22.18478],[88.91346,22.18444],[88.91383,22.1841],[88.91418,22.18371],[88.91458,22.18333],[88.91499,22.18295],[88.91539,22.18256],[88.91583,22.1822],[88.91621,22.1818],[88.91658,22.18139],[88.91695,22.18099],[88.91733,22.18061],[88.91775,22.18028],[88.91808,22.17985],[88.91845,22.17945],[88.91881,22.17906],[88.91916,22.17868],[88.91948,22.17828],[88.91973,22.17782],[88.91999,22.17738],[88.92023,22.17694],[88.92047,22.17651],[88.92072,22.17609],[88.92093,22.17566],[88.92114,22.17519],[88.92134,22.17468],[88.92139,22.17403],[88.92137,22.17333],[88.92125,22.17262],[88.9211,22.17196],[88.92093,22.17136],[88.92083,22.17077],[88.92081,22.1702],[88.92078,22.16967],[88.92059,22.1692],[88.92046,22.16874],[88.92034,22.16829],[88.92023,22.16786],[88.92005,22.16749],[88.91996,22.16707],[88.9198,22.16671],[88.91967,22.16631],[88.91943,22.16596],[88.9191,22.16563],[88.91861,22.16535],[88.91792,22.16529],[88.91758,22.16528],[88.91726,22.16532],[88.91689,22.16551],[88.91641,22.16558],[88.91594,22.16572],[88.91547,22.16584],[88.91502,22.16597],[88.91459,22.16613],[88.91422,22.16632],[88.91382,22.16648],[88.91344,22.16666],[88.91302,22.16684],[88.91257,22.16703],[88.91216,22.16727],[88.91175,22.16752],[88.91138,22.16784],[88.91098,22.16817],[88.91045,22.16847],[88.90994,22.16884],[88.90943,22.1692],[88.90901,22.16961],[88.90867,22.17005],[88.90839,22.17051],[88.9081,22.17093],[88.90786,22.1714],[88.90759,22.17184],[88.90722,22.17222],[88.90685,22.17259],[88.90655,22.17293],[88.90633,22.17335],[88.90603,22.17369],[88.90569,22.17403],[88.90536,22.17436],[88.90503,22.17464],[88.90473,22.17498],[88.90442,22.17531],[88.90408,22.17561],[88.90365,22.17587],[88.90325,22.17612],[88.90288,22.17639],[88.9025,22.17665],[88.90208,22.17681],[88.90161,22.17696],[88.90117,22.17715],[88.90064,22.17726],[88.90014,22.17746],[88.89959,22.17763],[88.89894,22.17778],[88.89823,22.17791],[88.89746,22.17799],[88.8967,22.17784],[88.89595,22.17774],[88.89528,22.17755],[88.89462,22.17745],[88.89411,22.17724],[88.89362,22.17707],[88.89314,22.17687],[88.89268,22.17658],[88.89217,22.17628],[88.89158,22.176],[88.89107,22.17559],[88.89056,22.17517],[88.89005,22.17478],[88.88958,22.1744],[88.8892,22.17397],[88.88889,22.17352],[88.88861,22.17312],[88.88835,22.17276],[88.88811,22.17242],[88.88794,22.17202],[88.88776,22.17157],[88.88756,22.17114],[88.88743,22.1707],[88.88725,22.17031],[88.88712,22.16992],[88.88697,22.16951],[88.88688,22.16907],[88.8867,22.16867],[88.88658,22.16828],[88.88638,22.16798],[88.88609,22.16772],[88.88576,22.16754],[88.88538,22.16753],[88.885,22.16768],[88.88464,22.16786],[88.88425,22.16806],[88.88382,22.16824],[88.88336,22.16837],[88.88294,22.16859],[88.88251,22.16875],[88.88209,22.16891],[88.8817,22.1691],[88.88126,22.16918],[88.88084,22.16931],[88.88043,22.16944],[88.88,22.16956],[88.87956,22.16969],[88.87904,22.16974],[88.8785,22.16984],[88.87795,22.16997],[88.87735,22.17],[88.87714,22.16999],[88.87671,22.16995],[88.87607,22.16977],[88.87543,22.16979],[88.8748,22.16997],[88.87419,22.17011],[88.87364,22.17029],[88.87318,22.17051],[88.87279,22.17076],[88.87251,22.17105],[88.87227,22.17137],[88.87214,22.17176],[88.87201,22.17214],[88.8719,22.17248],[88.8718,22.17279],[88.87168,22.1731],[88.87158,22.17345],[88.87145,22.17385],[88.87135,22.17435],[88.87113,22.17491],[88.87097,22.17559],[88.87082,22.17625],[88.87064,22.17688],[88.87052,22.1775],[88.87032,22.17803],[88.87019,22.17854],[88.87001,22.17899],[88.86987,22.17944],[88.86974,22.17987],[88.86968,22.18031],[88.86952,22.18068],[88.86941,22.1811],[88.8692,22.18151],[88.86903,22.18195],[88.86887,22.18241],[88.86869,22.18283],[88.86854,22.18326],[88.86835,22.18363],[88.8682,22.18404],[88.86805,22.18448],[88.86788,22.18492],[88.86777,22.18533],[88.86761,22.18573],[88.86751,22.18617],[88.86739,22.18661],[88.86722,22.18703],[88.86701,22.18745],[88.86683,22.18781],[88.86668,22.18824],[88.86652,22.18876],[88.86641,22.18936],[88.86639,22.19004],[88.86639,22.1907],[88.86639,22.19131],[88.86637,22.19185],[88.86627,22.19237],[88.86621,22.19291],[88.86613,22.1935],[88.86618,22.19415],[88.86639,22.19483],[88.86665,22.19551],[88.86707,22.19604],[88.86756,22.19645],[88.86806,22.19682],[88.86855,22.19713],[88.86908,22.19733],[88.86965,22.19745],[88.87022,22.19747],[88.8717,22.19747],[88.87277,22.19733],[88.87315,22.19745],[88.87355,22.19749],[88.87399,22.19749],[88.87444,22.19751],[88.87493,22.19753],[88.87542,22.1975],[88.87592,22.19748],[88.8764,22.19753],[88.87691,22.19753],[88.87746,22.19759],[88.87801,22.19772],[88.87858,22.19783],[88.87911,22.19801],[88.87965,22.19815],[88.88017,22.19834],[88.88064,22.19852],[88.88112,22.19866],[88.88152,22.19889],[88.88194,22.19914],[88.88244,22.19938],[88.88296,22.19966],[88.88344,22.20005],[88.88388,22.20055],[88.88429,22.20106],[88.88468,22.2015],[88.88496,22.20187],[88.88514,22.20222],[88.88527,22.20253],[88.88537,22.20285],[88.88551,22.20322],[88.88565,22.20365],[88.88585,22.20408],[88.88603,22.20455],[88.88603,22.2051],[88.88603,22.20567],[88.88608,22.20625],[88.88609,22.20682],[88.88605,22.20737],[88.88592,22.20786],[88.88579,22.20833],[88.88561,22.20878],[88.88549,22.20926],[88.88533,22.20971],[88.88522,22.21016],[88.88504,22.21057],[88.88486,22.21098],[88.88459,22.21134],[88.88425,22.21166],[88.8839,22.21198],[88.88351,22.21227],[88.88309,22.2125],[88.88265,22.21271],[88.88216,22.2129],[88.88167,22.21307],[88.88117,22.21324],[88.88066,22.21332],[88.88012,22.21339],[88.87958,22.21356],[88.87902,22.21372],[88.87873,22.21376],[88.87844,22.21379],[88.87785,22.21379],[88.87718,22.21372],[88.87642,22.21375],[88.87568,22.21364],[88.87498,22.21353],[88.87435,22.2134],[88.87379,22.21332],[88.8733,22.21324],[88.87288,22.21311],[88.87246,22.21303],[88.87203,22.21294],[88.8716,22.21281],[88.87118,22.21271],[88.8708,22.21254],[88.87039,22.21242],[88.87,22.21227],[88.86959,22.21217],[88.86919,22.21203],[88.86875,22.21195],[88.86831,22.21186],[88.86787,22.2117],[88.86736,22.21156],[88.8668,22.21145],[88.8662,22.2114],[88.86559,22.21135],[88.86501,22.21125],[88.86443,22.21115],[88.86384,22.2111],[88.86324,22.21105],[88.86269,22.21096],[88.86215,22.21099],[88.86166,22.21093],[88.86119,22.211],[88.86066,22.21105],[88.86008,22.21104],[88.85948,22.21094],[88.85889,22.21086],[88.85832,22.21089],[88.85777,22.21102],[88.85719,22.21107],[88.85662,22.21108],[88.85606,22.2111],[88.85545,22.21115],[88.85477,22.21112],[88.85403,22.21115],[88.85326,22.21121],[88.85247,22.2113],[88.85167,22.21128],[88.85091,22.21136],[88.85013,22.21139],[88.84933,22.2114],[88.84852,22.21143],[88.84773,22.21155],[88.84698,22.21166],[88.84624,22.21178],[88.84548,22.21191],[88.84475,22.21202],[88.84411,22.21218],[88.84351,22.21234],[88.843,22.21255],[88.84255,22.2128],[88.84209,22.21308],[88.84166,22.21339],[88.84129,22.21378],[88.84101,22.21426],[88.84083,22.21481],[88.8407,22.21536],[88.84071,22.21596],[88.8408,22.21649],[88.84088,22.21697],[88.84098,22.21737],[88.84113,22.21772],[88.8413,22.21811],[88.84146,22.21855],[88.84168,22.21898],[88.84195,22.21941],[88.84227,22.21977],[88.84258,22.22012],[88.84286,22.22049],[88.84315,22.22084],[88.84344,22.2212],[88.84376,22.22154],[88.84409,22.22188],[88.84444,22.22222],[88.8448,22.22255],[88.84516,22.22285],[88.8455,22.22316],[88.84579,22.22347],[88.84608,22.2238],[88.84637,22.22414],[88.84666,22.2245],[88.84696,22.22486],[88.8473,22.22519],[88.84768,22.22549],[88.84805,22.22583],[88.84841,22.22619],[88.84875,22.22655],[88.84908,22.2269],[88.84943,22.22722],[88.84976,22.22758],[88.85005,22.22798],[88.85037,22.22837],[88.85074,22.2287],[88.85111,22.22906],[88.85151,22.22941],[88.85194,22.22976],[88.85236,22.23017],[88.85274,22.23066],[88.85311,22.23119],[88.8535,22.23176],[88.85396,22.23231],[88.8544,22.23289],[88.85474,22.23356],[88.85503,22.23423],[88.85535,22.23481],[88.85571,22.23527],[88.85604,22.23566],[88.85633,22.23605],[88.85654,22.23646],[88.85671,22.23689],[88.85686,22.2373],[88.85697,22.23772],[88.8571,22.23813],[88.8573,22.23847],[88.85745,22.2389],[88.85758,22.2394],[88.85777,22.23993],[88.85793,22.2405],[88.85802,22.24111],[88.85809,22.24173],[88.85825,22.24236],[88.85854,22.24299],[88.85895,22.24359],[88.85945,22.24415],[88.86002,22.24464],[88.86061,22.24505],[88.86126,22.24538],[88.86193,22.24561],[88.86256,22.24577],[88.86317,22.24597],[88.86378,22.24621],[88.86436,22.24647],[88.86494,22.24671],[88.86553,22.24693],[88.86612,22.24712],[88.86666,22.24735],[88.86715,22.24759],[88.86764,22.24781],[88.86812,22.24802],[88.86852,22.24828],[88.8689,22.24854],[88.86931,22.24878],[88.86977,22.24897],[88.87023,22.24917],[88.87071,22.24935],[88.87118,22.24955],[88.87164,22.24979],[88.87207,22.25006],[88.87247,22.25034],[88.87288,22.25059],[88.87329,22.25085],[88.8737,22.25111],[88.87413,22.25136],[88.87457,22.2516],[88.87503,22.25181],[88.87549,22.25207],[88.87588,22.25236],[88.87605,22.25265],[88.87584,22.2528],[88.87542,22.25279],[88.87497,22.25265],[88.87453,22.25244],[88.87412,22.2522],[88.87366,22.25198],[88.87315,22.25175],[88.87261,22.2515],[88.87209,22.25123],[88.87159,22.25098],[88.87111,22.25072],[88.87064,22.25041],[88.87013,22.25012],[88.8696,22.24983],[88.86906,22.24953],[88.86853,22.24923],[88.868,22.24889],[88.86741,22.24859],[88.86677,22.24833],[88.86617,22.24808],[88.86562,22.24785],[88.8651,22.24758],[88.86465,22.24734],[88.86423,22.24716],[88.8638,22.24701],[88.86335,22.24684],[88.86291,22.24667],[88.86247,22.24652],[88.86202,22.24641],[88.86153,22.24623],[88.86096,22.24597],[88.86035,22.24569],[88.85979,22.24543],[88.85927,22.24513],[88.85877,22.24481],[88.85835,22.24444],[88.85802,22.24409],[88.85775,22.24373],[88.85753,22.24345],[88.85736,22.24319],[88.85719,22.24288],[88.85703,22.24253],[88.85691,22.24208],[88.85676,22.24157],[88.85664,22.24097],[88.85664,22.24035],[88.85657,22.23984],[88.85647,22.23944],[88.85635,22.23913],[88.85622,22.23889],[88.85612,22.23861],[88.856,22.23835],[88.85589,22.238],[88.85574,22.23765],[88.85555,22.23727],[88.85531,22.2369],[88.85509,22.23654],[88.85481,22.23624],[88.85452,22.236],[88.85423,22.23594],[88.85402,22.2358],[88.85388,22.23567],[88.85387,22.23513],[88.85378,22.23436],[88.85353,22.23385],[88.85314,22.23339],[88.85273,22.23286],[88.85229,22.23233],[88.85189,22.23181],[88.85147,22.23135],[88.85105,22.23091],[88.85062,22.23048],[88.85025,22.23003],[88.8499,22.22966],[88.84957,22.22944],[88.84933,22.22932],[88.84895,22.22916],[88.84875,22.2289],[88.84853,22.22852],[88.84823,22.22812],[88.84789,22.22774],[88.84752,22.22735],[88.84715,22.22695],[88.84676,22.22658],[88.84637,22.22619],[88.84598,22.22583],[88.84557,22.22548],[88.84516,22.22514],[88.84476,22.22476],[88.84439,22.22437],[88.84406,22.22394],[88.8437,22.22353],[88.84337,22.2231],[88.84304,22.22268],[88.8427,22.2223],[88.84235,22.22195],[88.84203,22.22162],[88.84172,22.22126],[88.84143,22.22087],[88.84115,22.22047],[88.84088,22.22004],[88.84062,22.21962],[88.8404,22.21921],[88.84025,22.21879],[88.8401,22.21843],[88.83997,22.21807],[88.83983,22.21775],[88.83973,22.21739],[88.83963,22.21704],[88.83954,22.21661],[88.83948,22.2161],[88.83943,22.21553],[88.83953,22.21492],[88.83967,22.21435],[88.83985,22.21389],[88.84006,22.21358],[88.84026,22.21333],[88.84045,22.21303],[88.84068,22.21267],[88.84103,22.21232],[88.84148,22.21203],[88.84195,22.21174],[88.84248,22.21151],[88.84303,22.21135],[88.84354,22.2112],[88.84403,22.21106],[88.8445,22.21091],[88.84496,22.2108],[88.84538,22.21066],[88.84583,22.21054],[88.84628,22.21041],[88.84678,22.21029],[88.84727,22.2102],[88.84772,22.21022],[88.84815,22.21017],[88.84853,22.21001],[88.84895,22.20984],[88.84947,22.20979],[88.84997,22.20981],[88.85043,22.20991],[88.8509,22.20988],[88.85138,22.20978],[88.85187,22.20973],[88.85236,22.20972],[88.85283,22.2097],[88.85332,22.20965],[88.85382,22.20958],[88.85429,22.20967],[88.8548,22.2097],[88.85504,22.20968],[88.85528,22.20965],[88.85575,22.20952],[88.85624,22.20949],[88.85674,22.20953],[88.85722,22.20959],[88.8577,22.20951],[88.85816,22.20947],[88.8586,22.20947],[88.85901,22.20951],[88.85943,22.20946],[88.85989,22.20943],[88.86039,22.20942],[88.86095,22.20942],[88.86151,22.20942],[88.86209,22.20942],[88.86265,22.20942],[88.86317,22.20944],[88.86368,22.2095],[88.86417,22.20963],[88.86469,22.2097],[88.86528,22.20978],[88.86589,22.20993],[88.86652,22.21003],[88.86713,22.21016],[88.86771,22.21026],[88.86825,22.21038],[88.86876,22.21057],[88.86926,22.21075],[88.8698,22.21086],[88.87035,22.21099],[88.87089,22.21109],[88.87141,22.21119],[88.87188,22.21133],[88.87234,22.21141],[88.87276,22.21151],[88.87315,22.21163],[88.87356,22.21172],[88.87396,22.21186],[88.87442,22.21192],[88.87495,22.21193],[88.87552,22.21193],[88.87613,22.21196],[88.87678,22.21205],[88.8774,22.21214],[88.87802,22.21217],[88.87866,22.21218],[88.87935,22.21213],[88.88009,22.21199],[88.88086,22.21192],[88.88161,22.21182],[88.88228,22.2116],[88.88283,22.2113],[88.88328,22.21092],[88.88361,22.21052],[88.88384,22.21008],[88.884,22.20963],[88.88412,22.2092],[88.88419,22.20876],[88.8843,22.20832],[88.88438,22.20788],[88.88443,22.2074],[88.88444,22.2069],[88.88445,22.20637],[88.88445,22.20583],[88.88444,22.20528],[88.88438,22.20473],[88.88424,22.20422],[88.88418,22.20371],[88.88413,22.20322],[88.88402,22.20277],[88.88386,22.20234],[88.88361,22.20196],[88.88332,22.2016],[88.88302,22.20128],[88.88268,22.20102],[88.88231,22.2008],[88.88194,22.20056],[88.88154,22.20033],[88.88108,22.20016],[88.88059,22.20003],[88.88008,22.19995],[88.87962,22.19975],[88.87914,22.1996],[88.87869,22.19944],[88.87823,22.19926],[88.87775,22.1992],[88.87728,22.19913],[88.87685,22.19896],[88.87638,22.19902],[88.87589,22.19911],[88.87539,22.19911],[88.8749,22.19908],[88.87446,22.19899],[88.87403,22.19892],[88.87358,22.19889],[88.87311,22.19889],[88.87258,22.19889],[88.87199,22.19889],[88.87135,22.19889],[88.87064,22.19889],[88.86991,22.19889],[88.86916,22.19892],[88.86841,22.19896],[88.8677,22.19885],[88.86707,22.19861],[88.86652,22.19835],[88.86603,22.19815],[88.86554,22.19809],[88.86512,22.1982],[88.86488,22.19851],[88.86466,22.19886],[88.86441,22.19922],[88.86417,22.19964],[88.86392,22.20007],[88.86365,22.20049],[88.86337,22.20089],[88.86312,22.20135],[88.86288,22.2018],[88.86263,22.20219],[88.86235,22.20256],[88.86208,22.20294],[88.8618,22.20333],[88.86151,22.20373],[88.86118,22.20409],[88.86083,22.20446],[88.86047,22.20485],[88.86005,22.20518],[88.85958,22.20543],[88.85908,22.20561],[88.85859,22.20583],[88.85806,22.20604],[88.85743,22.20624],[88.85671,22.20632],[88.85597,22.20638],[88.85519,22.20638],[88.85447,22.20621],[88.85387,22.20599],[88.85337,22.20573],[88.85294,22.20545],[88.85254,22.20516],[88.85215,22.20489],[88.85178,22.20458],[88.85144,22.20423],[88.85114,22.20385],[88.85086,22.20341],[88.85059,22.20296],[88.85037,22.20247],[88.85015,22.20194],[88.85006,22.20134],[88.84998,22.20075],[88.84988,22.20018],[88.84975,22.19959],[88.84962,22.19896],[88.84953,22.19821],[88.84955,22.19743],[88.84964,22.19667],[88.84963,22.19591],[88.84955,22.19519],[88.8495,22.19452],[88.84946,22.19396],[88.84939,22.19352],[88.84925,22.19323],[88.84908,22.19299],[88.8489,22.19272],[88.84873,22.19239],[88.84856,22.19196],[88.84831,22.19155],[88.84801,22.19117],[88.84766,22.19084],[88.84731,22.1906],[88.84694,22.19045],[88.8466,22.1903],[88.84622,22.19025],[88.8458,22.19026],[88.84538,22.19029],[88.84499,22.19027],[88.84462,22.19028],[88.84427,22.19032],[88.84396,22.19044],[88.84361,22.19054],[88.84323,22.19067],[88.84284,22.19086],[88.84248,22.19112],[88.84212,22.19141],[88.84178,22.19172],[88.84145,22.19202],[88.84116,22.19233],[88.84088,22.19266],[88.84065,22.193],[88.84048,22.19337],[88.84031,22.19369],[88.84016,22.194],[88.83999,22.19425],[88.83979,22.1945],[88.8396,22.19481],[88.83943,22.19519],[88.83923,22.19561],[88.8391,22.19607],[88.83894,22.19652],[88.83882,22.19697],[88.83869,22.1974],[88.83863,22.19785],[88.83861,22.19834],[88.83859,22.19889],[88.83858,22.19951],[88.8386,22.20016],[88.83858,22.2008],[88.83835,22.20141],[88.83814,22.20191],[88.83804,22.20237],[88.83797,22.20278],[88.83788,22.20316],[88.83778,22.20352],[88.83771,22.20394],[88.83759,22.20441],[88.83749,22.20492],[88.83737,22.20538],[88.83727,22.20575],[88.83718,22.20608],[88.83706,22.20637],[88.83695,22.20671],[88.83679,22.20706],[88.83656,22.20739],[88.83625,22.20767],[88.83591,22.20798],[88.83557,22.2083],[88.8352,22.20859],[88.8348,22.20885],[88.83437,22.20907],[88.83387,22.20924],[88.83339,22.20943],[88.8329,22.20962],[88.83238,22.20976],[88.83179,22.20984],[88.8309,22.21013],[88.8299,22.21013],[88.82918,22.20999],[88.82825,22.20972],[88.82722,22.20882],[88.82691,22.20849],[88.82658,22.20812],[88.82624,22.20769],[88.82596,22.20727],[88.82571,22.20688],[88.8255,22.2065],[88.82531,22.206],[88.8251,22.20544],[88.82485,22.20488],[88.82462,22.20434],[88.82453,22.20381],[88.82456,22.20333],[88.82469,22.20294],[88.82479,22.20256],[88.82491,22.2022],[88.825,22.2018],[88.82505,22.20138],[88.82513,22.20096],[88.82526,22.20054],[88.82538,22.20006],[88.82554,22.19947],[88.82564,22.1988],[88.82546,22.1984],[88.82514,22.19812],[88.82468,22.19795],[88.82417,22.19776],[88.82367,22.19751],[88.82317,22.19725],[88.82262,22.19707],[88.82207,22.1969],[88.82153,22.19666],[88.82102,22.1964],[88.82055,22.19622],[88.82013,22.19616],[88.81977,22.19629],[88.81949,22.19636],[88.81925,22.19645],[88.81901,22.19667],[88.81877,22.19696],[88.81855,22.19729],[88.8183,22.19766],[88.81821,22.19821],[88.81809,22.1988],[88.81806,22.19941],[88.81805,22.19999],[88.81805,22.20052],[88.81806,22.20099],[88.8181,22.20142],[88.81817,22.20185],[88.81815,22.20229],[88.81808,22.20264],[88.81805,22.20299],[88.81799,22.20335],[88.81777,22.20371],[88.8175,22.20414],[88.81722,22.20469],[88.81688,22.2053],[88.81637,22.20584],[88.81577,22.20631],[88.81514,22.20673],[88.81455,22.20715],[88.81386,22.20751],[88.81315,22.20779],[88.81243,22.20804],[88.81172,22.20824],[88.81099,22.20831],[88.81027,22.20828],[88.8096,22.20815],[88.80893,22.20813],[88.8083,22.20827],[88.80769,22.20839],[88.80718,22.20862],[88.80672,22.20895],[88.80641,22.20944],[88.80616,22.21002],[88.80602,22.21069],[88.8058,22.21132],[88.8056,22.21191],[88.80544,22.21244],[88.80532,22.21291],[88.80528,22.21337],[88.80528,22.2138],[88.80531,22.21421],[88.8054,22.21461],[88.80556,22.21498],[88.80574,22.21536],[88.80588,22.21581],[88.80606,22.21626],[88.80618,22.21676],[88.80631,22.21724],[88.80632,22.21771],[88.80624,22.21814],[88.80616,22.21852],[88.80611,22.21887],[88.80604,22.2192],[88.80592,22.21951],[88.80586,22.21985],[88.80583,22.22021],[88.80576,22.22059],[88.80561,22.22095],[88.80549,22.22136],[88.80529,22.22168],[88.80508,22.22201],[88.80487,22.22237],[88.80465,22.22278],[88.80426,22.22313],[88.8037,22.22338],[88.80312,22.22363],[88.80261,22.22393],[88.80213,22.22427],[88.80168,22.22465],[88.80119,22.22501],[88.80077,22.22539],[88.80056,22.22584],[88.80054,22.22625],[88.8008,22.22657],[88.80123,22.22674],[88.80172,22.22675],[88.80224,22.22665],[88.80278,22.22654],[88.80329,22.22665],[88.80375,22.22679],[88.80415,22.22691],[88.80453,22.22699],[88.80489,22.22709],[88.80527,22.22717],[88.8056,22.22714],[88.80569,22.22714],[88.8061,22.22715],[88.80651,22.22719],[88.80693,22.22721],[88.80735,22.22723],[88.80777,22.22726],[88.8082,22.22732],[88.8086,22.22723],[88.80902,22.22712],[88.80943,22.22705],[88.80988,22.22717],[88.81035,22.22722],[88.81082,22.22729],[88.81126,22.22746],[88.81172,22.22759],[88.81216,22.22777],[88.81259,22.22796],[88.81303,22.2281],[88.81344,22.22829],[88.81386,22.22843],[88.81428,22.22856],[88.81471,22.22864],[88.81516,22.2288],[88.81561,22.22907],[88.81611,22.22936],[88.81662,22.22968],[88.81716,22.22999],[88.81769,22.23029],[88.81817,22.2306],[88.81855,22.23094],[88.81884,22.23132],[88.81915,22.23157],[88.81943,22.23181],[88.81967,22.2321],[88.81988,22.23248],[88.8201,22.23292],[88.82034,22.23339],[88.82064,22.23384],[88.82096,22.23429],[88.82121,22.23479],[88.82154,22.23523],[88.82189,22.23566],[88.82227,22.23611],[88.82274,22.23647],[88.82323,22.23684],[88.82371,22.23718],[88.82424,22.23747],[88.82479,22.2377],[88.82534,22.23787],[88.82579,22.23818],[88.82614,22.23854],[88.82647,22.2389],[88.82674,22.23924],[88.82698,22.23963],[88.82722,22.24],[88.8275,22.24028],[88.8275,22.24056],[88.82784,22.2409],[88.82842,22.24191],[88.82822,22.24322],[88.82813,22.24381],[88.82795,22.24446],[88.82792,22.24523],[88.82798,22.24601],[88.82806,22.24672],[88.82819,22.24733],[88.82837,22.24782],[88.82853,22.24824],[88.8286,22.24863],[88.82863,22.24901],[88.8287,22.24936],[88.82884,22.24971],[88.82889,22.25015],[88.82894,22.25068],[88.82914,22.25127],[88.82929,22.25194],[88.82942,22.25254],[88.8295,22.25316],[88.82957,22.25372],[88.82955,22.25422],[88.82952,22.25471],[88.82947,22.25526],[88.82945,22.25577],[88.82943,22.25621],[88.82939,22.25658],[88.82934,22.25686],[88.82931,22.25715],[88.82929,22.25761],[88.82924,22.25822],[88.82916,22.25883],[88.82899,22.25936],[88.82903,22.25989],[88.82895,22.26036],[88.82886,22.26081],[88.8287,22.26119],[88.82861,22.26156],[88.8285,22.2619],[88.82835,22.26221],[88.82825,22.26255],[88.82808,22.26287],[88.828,22.26328],[88.82784,22.26364],[88.82777,22.26411],[88.82771,22.26461],[88.82751,22.26503],[88.8273,22.26545],[88.82704,22.2658],[88.82675,22.26609],[88.82642,22.2663],[88.82598,22.26645],[88.82542,22.26663],[88.82478,22.26663],[88.82417,22.26667],[88.82333,22.26667],[88.82306,22.26639],[88.82278,22.26639],[88.82166,22.26528],[88.82056,22.26528],[88.82027,22.26556],[88.82027,22.26583],[88.82,22.26611],[88.82083,22.26694],[88.82083,22.2675],[88.82056,22.26778],[88.82056,22.26861],[88.82,22.26917],[88.82,22.26972],[88.81944,22.27028],[88.81917,22.27028],[88.81889,22.27056],[88.81805,22.27056],[88.81695,22.27167],[88.81664,22.27168],[88.81667,22.2721],[88.81667,22.27249],[88.8167,22.27286],[88.81681,22.27321],[88.81692,22.27361],[88.81694,22.27404],[88.81695,22.27452],[88.81695,22.275],[88.81695,22.27548],[88.81694,22.27596],[88.81692,22.27641],[88.81683,22.27685],[88.81669,22.27726],[88.81659,22.27768],[88.81647,22.27809],[88.8165,22.27854],[88.81651,22.27899],[88.81642,22.27942],[88.81637,22.27986],[88.81627,22.28027],[88.81614,22.28068],[88.81606,22.2811],[88.8159,22.28148],[88.81582,22.2819],[88.81573,22.2823],[88.81559,22.28263],[88.81545,22.28297],[88.81521,22.28329],[88.81485,22.28358],[88.81438,22.28386],[88.81381,22.28409],[88.81326,22.28436],[88.81259,22.28459],[88.81184,22.28472],[88.81106,22.28483],[88.81028,22.28489],[88.80952,22.2848],[88.80879,22.28469],[88.80811,22.28462],[88.80774,22.2847],[88.8077,22.2919],[88.80918,22.30582],[88.81436,22.31898],[88.80601,22.33129],[88.80586,22.33151],[88.80778,22.33422],[88.81129,22.33919],[88.81691,22.35274],[88.81695,22.35283],[88.81945,22.35887],[88.82001,22.35972],[88.82083,22.35972],[88.82112,22.35945],[88.82139,22.35945],[88.82166,22.35917],[88.82222,22.35917],[88.8225,22.35945],[88.82361,22.35945],[88.82389,22.35917],[88.82555,22.35917],[88.82584,22.35889],[88.82751,22.35889],[88.82777,22.35861],[88.82833,22.35861],[88.82848,22.35875],[88.82861,22.35889],[88.82972,22.35889],[88.83,22.35861],[88.83056,22.35861],[88.83083,22.35834],[88.83167,22.35834],[88.83195,22.35806],[88.83305,22.35806],[88.83334,22.35834],[88.83611,22.35834],[88.83639,22.35861],[88.83667,22.35861],[88.83694,22.35889],[88.83722,22.35889],[88.8374,22.35907],[88.83778,22.35945],[88.83806,22.35945],[88.83833,22.35972],[88.83861,22.35972],[88.83875,22.35986],[88.83889,22.36],[88.83916,22.36],[88.83945,22.36028],[88.84028,22.36028],[88.84055,22.36056],[88.84084,22.36056],[88.84111,22.36083],[88.84194,22.36082],[88.84209,22.36098],[88.84222,22.36111],[88.84278,22.36111],[88.84285,22.36118],[88.84306,22.36139],[88.84389,22.36139],[88.84417,22.36167],[88.84472,22.36167],[88.84486,22.36181],[88.845,22.36194],[88.84556,22.36194],[88.84574,22.36213],[88.84583,22.36222],[88.84611,22.36222],[88.84639,22.3625],[88.84722,22.3625],[88.8475,22.36278],[88.84944,22.36278],[88.84972,22.36306],[88.84986,22.36292]]],[[[88.96115,22.18859],[88.96131,22.18836],[88.96139,22.18807],[88.96145,22.18776],[88.96162,22.18747],[88.96173,22.18708],[88.9619,22.18666],[88.96195,22.18612],[88.962,22.18558],[88.96217,22.18513],[88.96225,22.18469],[88.96236,22.1843],[88.96247,22.18391],[88.96251,22.18347],[88.96256,22.18302],[88.9627,22.18258],[88.96278,22.18208],[88.96281,22.18156],[88.96294,22.18108],[88.96306,22.18058],[88.96323,22.18012],[88.96339,22.17967],[88.96359,22.17925],[88.96375,22.17884],[88.96391,22.17842],[88.96413,22.17806],[88.96424,22.17763],[88.96441,22.17724],[88.96449,22.17679],[88.96468,22.17635],[88.96474,22.17583],[88.96484,22.17533],[88.965,22.17488],[88.96518,22.17451],[88.9653,22.17413],[88.96542,22.17381],[88.96553,22.1735],[88.96561,22.17319],[88.96571,22.17289],[88.96581,22.17257],[88.96589,22.17221],[88.96608,22.17187],[88.96621,22.17142],[88.96639,22.17089],[88.96662,22.17034],[88.96691,22.16984],[88.96721,22.16936],[88.96748,22.1689],[88.9677,22.16841],[88.96793,22.16791],[88.96819,22.16738],[88.96854,22.16688],[88.96883,22.16629],[88.96912,22.16567],[88.96941,22.16507],[88.96977,22.16456],[88.97012,22.16415],[88.97039,22.16377],[88.9706,22.1634],[88.97077,22.1631],[88.97092,22.16282],[88.97113,22.1626],[88.97134,22.16238],[88.97152,22.16208],[88.97174,22.16173],[88.97207,22.16139],[88.97244,22.16101],[88.97277,22.16058],[88.97313,22.16021],[88.97344,22.15988],[88.97365,22.15953],[88.97383,22.15922],[88.97401,22.15891],[88.97424,22.15863],[88.97453,22.15835],[88.97488,22.15806],[88.97529,22.15774],[88.97569,22.15736],[88.97609,22.15697],[88.97652,22.15665],[88.97691,22.15632],[88.97727,22.15599],[88.97768,22.15576],[88.97804,22.15546],[88.97837,22.1551],[88.97875,22.15475],[88.97921,22.15444],[88.97969,22.15409],[88.98016,22.15372],[88.9806,22.15333],[88.98106,22.15297],[88.98148,22.15256],[88.98193,22.15219],[88.98228,22.15175],[88.98267,22.15138],[88.98302,22.151],[88.98333,22.15064],[88.9836,22.15026],[88.98387,22.14985],[88.98413,22.14946],[88.98441,22.14914],[88.98467,22.14883],[88.98486,22.14848],[88.98498,22.14812],[88.98502,22.14772],[88.98501,22.14731],[88.985,22.14689],[88.985,22.14645],[88.985,22.14599],[88.985,22.14553],[88.985,22.14507],[88.985,22.14461],[88.985,22.14415],[88.98502,22.14372],[88.98513,22.14335],[88.98525,22.14301],[88.98528,22.14262],[88.98528,22.14222],[88.98528,22.14181],[88.98529,22.14141],[88.98528,22.14102],[88.98525,22.14063],[88.98514,22.14025],[88.98497,22.13983],[88.98468,22.1394],[88.98428,22.13899],[88.98385,22.13861],[88.98342,22.13821],[88.98306,22.13777],[88.98273,22.13734],[88.98241,22.13694],[88.98215,22.13656],[88.98193,22.13614],[88.98173,22.13573],[88.98161,22.13526],[88.98141,22.13478],[88.98122,22.13427],[88.98104,22.13372],[88.9808,22.13323],[88.98048,22.13286],[88.98013,22.13263],[88.97977,22.13252],[88.97938,22.1325],[88.97893,22.13259],[88.97852,22.13286],[88.97816,22.13323],[88.97782,22.13359],[88.97752,22.13393],[88.97727,22.13427],[88.97705,22.13462],[88.97678,22.13498],[88.97647,22.13536],[88.97619,22.13581],[88.97597,22.13635],[88.97571,22.13687],[88.97539,22.13736],[88.97501,22.13777],[88.97464,22.13814],[88.97426,22.1385],[88.97385,22.13883],[88.97339,22.13917],[88.97295,22.13958],[88.97255,22.14003],[88.97212,22.14046],[88.97165,22.14083],[88.97121,22.14116],[88.97079,22.14148],[88.97045,22.14181],[88.97021,22.14217],[88.96999,22.14252],[88.96978,22.14289],[88.96963,22.14333],[88.96954,22.14379],[88.96956,22.14428],[88.96961,22.14477],[88.96962,22.14526],[88.9696,22.14576],[88.96952,22.14626],[88.96941,22.14673],[88.96928,22.14718],[88.96923,22.14763],[88.9692,22.14808],[88.96907,22.14846],[88.96895,22.1488],[88.96888,22.14913],[88.9689,22.14946],[88.96896,22.14979],[88.96909,22.15011],[88.96921,22.15046],[88.96937,22.1508],[88.96952,22.15118],[88.96974,22.15158],[88.96999,22.15203],[88.97028,22.15255],[88.97057,22.15313],[88.97081,22.15373],[88.97087,22.15433],[88.9708,22.15487],[88.97067,22.15534],[88.97051,22.15572],[88.9703,22.15603],[88.97003,22.1563],[88.96967,22.15652],[88.96925,22.1567],[88.9688,22.15687],[88.96829,22.15697],[88.96778,22.15695],[88.96729,22.15694],[88.96682,22.15697],[88.96636,22.1571],[88.96593,22.15728],[88.96556,22.15758],[88.96527,22.15799],[88.96502,22.15845],[88.96478,22.15892],[88.9645,22.15936],[88.96415,22.15972],[88.96372,22.16001],[88.9632,22.16014],[88.96262,22.16015],[88.96223,22.1601],[88.96204,22.16007],[88.96156,22.15994],[88.96119,22.15979],[88.96082,22.15965],[88.96043,22.15947],[88.95999,22.1593],[88.95959,22.15906],[88.95921,22.1588],[88.95883,22.15857],[88.95846,22.15836],[88.95809,22.15821],[88.95777,22.15807],[88.95747,22.15804],[88.95716,22.15809],[88.95689,22.15809],[88.95663,22.15799],[88.95631,22.15792],[88.95595,22.15781],[88.95555,22.15773],[88.95514,22.15775],[88.95473,22.15782],[88.95432,22.15798],[88.9539,22.15824],[88.95345,22.15854],[88.95305,22.15875],[88.95275,22.15847],[88.95312,22.15806],[88.95333,22.1575],[88.95361,22.15722],[88.95389,22.15723],[88.95421,22.15704],[88.95476,22.15687],[88.95542,22.15686],[88.95608,22.15684],[88.9567,22.15686],[88.95728,22.15688],[88.95781,22.15692],[88.9583,22.15705],[88.95874,22.15724],[88.95916,22.15747],[88.95957,22.15776],[88.95999,22.1581],[88.96045,22.15842],[88.96094,22.15869],[88.96148,22.15888],[88.96211,22.159],[88.96281,22.15894],[88.9634,22.15868],[88.96384,22.15828],[88.96415,22.15781],[88.96442,22.15734],[88.96471,22.15693],[88.96501,22.15655],[88.96535,22.15621],[88.96579,22.15597],[88.96629,22.15583],[88.9668,22.15572],[88.9673,22.15566],[88.9678,22.15566],[88.9683,22.15572],[88.96876,22.15568],[88.96909,22.15549],[88.96931,22.15517],[88.96945,22.15477],[88.9695,22.15429],[88.96945,22.15378],[88.9693,22.15329],[88.96912,22.15283],[88.96884,22.15243],[88.96852,22.15206],[88.96823,22.15167],[88.96796,22.15129],[88.96775,22.15091],[88.96759,22.1505],[88.96755,22.15007],[88.96761,22.14963],[88.96763,22.14918],[88.96762,22.14874],[88.9677,22.14827],[88.96788,22.14774],[88.96802,22.14717],[88.96815,22.14667],[88.96827,22.14621],[88.96835,22.14576],[88.96839,22.14531],[88.9684,22.14486],[88.9684,22.14442],[88.96839,22.14397],[88.96844,22.14349],[88.96852,22.14305],[88.9686,22.14264],[88.96868,22.14226],[88.96886,22.1419],[88.96909,22.14151],[88.96945,22.14116],[88.9699,22.14081],[88.97038,22.14041],[88.97089,22.13996],[88.97142,22.13949],[88.97198,22.13904],[88.97253,22.13858],[88.97305,22.13807],[88.97358,22.13755],[88.97408,22.13705],[88.97448,22.13648],[88.97483,22.13592],[88.97515,22.13543],[88.97546,22.13499],[88.97572,22.13457],[88.97601,22.13418],[88.9763,22.13381],[88.97658,22.13342],[88.97683,22.13301],[88.97706,22.1326],[88.97734,22.13226],[88.97762,22.13196],[88.97794,22.13169],[88.97826,22.13147],[88.97864,22.13131],[88.97903,22.13112],[88.97942,22.13098],[88.97982,22.13104],[88.98018,22.13126],[88.98051,22.13145],[88.98082,22.13168],[88.98113,22.13194],[88.98145,22.13222],[88.98175,22.13252],[88.98201,22.13288],[88.98222,22.13332],[88.98239,22.13377],[88.98257,22.13422],[88.98277,22.13462],[88.98294,22.13502],[88.98309,22.13542],[88.98325,22.13585],[88.98342,22.13629],[88.98365,22.13673],[88.98399,22.13716],[88.98444,22.13762],[88.9849,22.13814],[88.98522,22.13813],[88.98547,22.13787],[88.98568,22.13755],[88.98582,22.1372],[88.98591,22.1368],[88.98606,22.13641],[88.98611,22.13596],[88.98611,22.13549],[88.98606,22.13502],[88.98588,22.13457],[88.98583,22.1341],[88.98583,22.13356],[88.98577,22.13295],[88.98568,22.13227],[88.98557,22.13161],[88.98548,22.13099],[88.98531,22.13047],[88.98527,22.12997],[88.98518,22.12949],[88.98506,22.12898],[88.98501,22.12838],[88.98499,22.12774],[88.98492,22.12712],[88.98476,22.12657],[88.98468,22.12604],[88.98457,22.12553],[88.98444,22.12501],[88.98431,22.12446],[88.98419,22.12391],[88.98417,22.12333],[88.98417,22.12306],[88.98388,22.12278],[88.98388,22.12167],[88.98333,22.12111],[88.98333,22.11889],[88.98306,22.11861],[88.983,22.11803],[88.9828,22.11763],[88.98264,22.11722],[88.98249,22.11678],[88.98235,22.11636],[88.98223,22.1159],[88.98215,22.11543],[88.98198,22.11503],[88.98189,22.1146],[88.9818,22.11421],[88.98167,22.11384],[88.98154,22.11348],[88.98138,22.11313],[88.98121,22.11277],[88.981,22.11237],[88.98078,22.11195],[88.98055,22.11151],[88.98029,22.11106],[88.98006,22.1106],[88.97993,22.11013],[88.97972,22.10977],[88.9795,22.10949],[88.97934,22.10919],[88.97919,22.10891],[88.97906,22.10855],[88.97882,22.10823],[88.97861,22.10779],[88.97834,22.1073],[88.97806,22.10677],[88.97778,22.10626],[88.97751,22.10582],[88.97729,22.10545],[88.97718,22.10509],[88.97706,22.10478],[88.97691,22.10451],[88.97672,22.10426],[88.97664,22.10395],[88.97648,22.10368],[88.97637,22.10339],[88.97621,22.10314],[88.9761,22.10286],[88.97594,22.10259],[88.97581,22.10228],[88.9756,22.10196],[88.97545,22.10156],[88.97526,22.10117],[88.97504,22.1008],[88.97491,22.10036],[88.97471,22.09996],[88.97445,22.09954],[88.97418,22.09906],[88.9739,22.09853],[88.97366,22.09799],[88.9735,22.09743],[88.97334,22.0969],[88.97318,22.09637],[88.97305,22.09581],[88.97287,22.09525],[88.9727,22.09465],[88.97253,22.09406],[88.9724,22.09339],[88.97224,22.09273],[88.97209,22.09206],[88.97189,22.09146],[88.97169,22.09089],[88.97156,22.09032],[88.9714,22.08976],[88.97127,22.08918],[88.97114,22.0886],[88.97105,22.08799],[88.97084,22.0875],[88.97061,22.08702],[88.97038,22.08653],[88.97027,22.08586],[88.97015,22.08517],[88.96999,22.08457],[88.96978,22.08402],[88.96967,22.08351],[88.96945,22.08313],[88.96919,22.08283],[88.9689,22.08261],[88.96857,22.08244],[88.96828,22.08227],[88.96794,22.08233],[88.96759,22.08267],[88.96724,22.08308],[88.96689,22.08355],[88.96652,22.08407],[88.96621,22.08463],[88.96593,22.08514],[88.96568,22.08555],[88.96546,22.08591],[88.96528,22.08624],[88.96511,22.08656],[88.96494,22.08687],[88.96479,22.08718],[88.96473,22.08755],[88.96469,22.08794],[88.96468,22.08833],[88.96469,22.08875],[88.96469,22.08919],[88.96467,22.08964],[88.96458,22.09009],[88.96445,22.09051],[88.96426,22.09094],[88.96404,22.09143],[88.96371,22.09196],[88.9633,22.0925],[88.96281,22.09302],[88.9623,22.0935],[88.96177,22.0939],[88.96125,22.09428],[88.9607,22.09461],[88.96012,22.09488],[88.95951,22.09508],[88.95894,22.0953],[88.95843,22.09557],[88.95797,22.09588],[88.95757,22.09626],[88.95725,22.09669],[88.95697,22.09716],[88.95678,22.09763],[88.95669,22.0981],[88.95666,22.09857],[88.95666,22.09903],[88.95667,22.09948],[88.95664,22.09994],[88.95657,22.1004],[88.95642,22.10086],[88.95623,22.10133],[88.95598,22.10177],[88.95563,22.10214],[88.95519,22.10245],[88.95467,22.10266],[88.95412,22.10282],[88.95362,22.10294],[88.95317,22.10302],[88.95277,22.10312],[88.95247,22.10323],[88.952,22.10332],[88.95193,22.10353],[88.95179,22.10368],[88.9518,22.10403],[88.95187,22.10424],[88.95208,22.10472],[88.95167,22.10528],[88.95055,22.10417],[88.9507,22.10368],[88.95111,22.10306],[88.95111,22.10278],[88.95174,22.10249],[88.95241,22.1022],[88.95303,22.10207],[88.9537,22.10192],[88.95434,22.1017],[88.95486,22.10135],[88.95522,22.10091],[88.95544,22.10042],[88.95554,22.09995],[88.95556,22.09949],[88.95554,22.09904],[88.9555,22.09862],[88.95538,22.09822],[88.95514,22.09795],[88.95504,22.09757],[88.955,22.09722],[88.95541,22.09667],[88.95556,22.09639],[88.95639,22.09556],[88.95689,22.09525],[88.95733,22.09488],[88.95777,22.09453],[88.95822,22.09427],[88.95872,22.09407],[88.95924,22.09388],[88.95976,22.09368],[88.96027,22.09347],[88.96075,22.09324],[88.9612,22.09295],[88.96164,22.09264],[88.96203,22.09231],[88.9624,22.09198],[88.96275,22.09166],[88.96302,22.0913],[88.9632,22.09089],[88.96331,22.09045],[88.96335,22.08995],[88.96337,22.08941],[88.96335,22.08884],[88.96338,22.08826],[88.96342,22.08769],[88.96357,22.08715],[88.9637,22.08661],[88.96391,22.08614],[88.96416,22.08572],[88.96443,22.08529],[88.96473,22.08486],[88.96503,22.0844],[88.96535,22.08394],[88.96567,22.0835],[88.96594,22.08308],[88.96622,22.08268],[88.9665,22.08231],[88.96682,22.08199],[88.96716,22.08167],[88.9675,22.08],[88.96722,22.07972],[88.96722,22.07945],[88.96694,22.07917],[88.96694,22.07861],[88.96611,22.07778],[88.96584,22.07778],[88.96537,22.07723],[88.96486,22.07681],[88.96437,22.07641],[88.96387,22.0761],[88.96335,22.07583],[88.96288,22.07556],[88.96238,22.07531],[88.96182,22.07516],[88.96128,22.07498],[88.96079,22.07473],[88.96031,22.0745],[88.95984,22.0743],[88.95934,22.07419],[88.95888,22.07411],[88.95846,22.07393],[88.958,22.07389],[88.9575,22.07383],[88.95698,22.07366],[88.95638,22.07361],[88.95574,22.07361],[88.9551,22.07361],[88.95448,22.07361],[88.95386,22.07361],[88.95323,22.07361],[88.95259,22.07361],[88.95128,22.07361],[88.95064,22.07361],[88.95,22.07361],[88.94939,22.07361],[88.94883,22.07362],[88.94833,22.07367],[88.94788,22.07383],[88.94743,22.07389],[88.94695,22.07389],[88.94646,22.07389],[88.94598,22.07389],[88.94549,22.07389],[88.945,22.07389],[88.94453,22.07387],[88.94407,22.07378],[88.94362,22.07364],[88.94315,22.07361],[88.94269,22.07361],[88.94225,22.07359],[88.9418,22.07348],[88.94136,22.07339],[88.94091,22.07345],[88.94043,22.07338],[88.93993,22.07332],[88.93945,22.0732],[88.939,22.07308],[88.93858,22.07299],[88.93819,22.07282],[88.93779,22.07276],[88.93737,22.07265],[88.93694,22.0725],[88.93667,22.0725],[88.93639,22.07222],[88.93611,22.07222],[88.93556,22.07167],[88.93528,22.07167],[88.935,22.07139],[88.93445,22.07137],[88.93398,22.07111],[88.93353,22.07084],[88.93306,22.07056],[88.93259,22.07028],[88.93214,22.06999],[88.93172,22.06969],[88.93131,22.06938],[88.93088,22.06913],[88.93046,22.06889],[88.93005,22.06868],[88.92964,22.06852],[88.9293,22.06831],[88.92902,22.06802],[88.92876,22.06768],[88.92839,22.06741],[88.92803,22.06709],[88.92763,22.06681],[88.92721,22.06655],[88.92679,22.06635],[88.92642,22.06612],[88.92603,22.06592],[88.92554,22.06575],[88.92505,22.06526],[88.92464,22.06459],[88.92457,22.06402],[88.92467,22.06358],[88.92461,22.06323],[88.92443,22.06287],[88.9242,22.06247],[88.92404,22.06197],[88.92385,22.06147],[88.92361,22.061],[88.92336,22.06051],[88.92317,22.05996],[88.92303,22.05935],[88.92282,22.05874],[88.92268,22.05809],[88.92249,22.05746],[88.92231,22.05685],[88.92219,22.05623],[88.92203,22.05562],[88.92195,22.05494],[88.92191,22.05426],[88.92186,22.05363],[88.9218,22.05304],[88.92169,22.05238],[88.92172,22.05171],[88.92189,22.05102],[88.92194,22.05028],[88.92194,22.04955],[88.92195,22.04887],[88.92195,22.04827],[88.92194,22.04772],[88.92194,22.04718],[88.92197,22.04669],[88.9221,22.04627],[88.9222,22.04589],[88.92223,22.04552],[88.92223,22.04515],[88.92223,22.04473],[88.92227,22.04429],[88.92239,22.04388],[88.9225,22.04348],[88.9226,22.04307],[88.92271,22.04266],[88.92278,22.04237],[88.92281,22.04221],[88.923,22.04173],[88.92305,22.04115],[88.92307,22.0405],[88.92313,22.03984],[88.92329,22.03922],[88.92336,22.03859],[88.92352,22.03798],[88.9236,22.03732],[88.92365,22.03665],[88.92384,22.03605],[88.92389,22.03548],[88.92389,22.03495],[88.92389,22.03445],[88.92389,22.03396],[88.92395,22.03349],[88.92416,22.03304],[88.9243,22.03255],[88.9242,22.03204],[88.92414,22.0315],[88.92407,22.03097],[88.924,22.03045],[88.92393,22.02995],[88.92391,22.02952],[88.92393,22.02912],[88.924,22.02871],[88.92413,22.02816],[88.92416,22.02756],[88.92416,22.02693],[88.92412,22.02632],[88.92411,22.02572],[88.92397,22.02518],[88.92389,22.02467],[88.92394,22.0242],[88.92413,22.02382],[88.92427,22.02341],[88.92439,22.02299],[88.92449,22.02255],[88.92462,22.02213],[88.92475,22.02171],[88.92495,22.02132],[88.925,22.02085],[88.92505,22.02037],[88.92516,22.0199],[88.92528,22.01941],[88.9254,22.0189],[88.92555,22.01839],[88.92568,22.0179],[88.92577,22.01747],[88.92584,22.01707],[88.92592,22.01674],[88.92606,22.01648],[88.9261,22.01616],[88.92612,22.01584],[88.92617,22.01553],[88.92635,22.01523],[88.92645,22.01488],[88.92661,22.01454],[88.92671,22.01412],[88.92691,22.01374],[88.92709,22.01331],[88.92723,22.01282],[88.9274,22.01233],[88.92748,22.01186],[88.92752,22.01141],[88.92761,22.01102],[88.92774,22.01065],[88.92779,22.01021],[88.92784,22.00975],[88.92795,22.00926],[88.92807,22.00876],[88.92824,22.00828],[88.92834,22.00781],[88.92845,22.00741],[88.92857,22.00707],[88.92863,22.00672],[88.92873,22.00642],[88.92885,22.00615],[88.92889,22.00583],[88.92896,22.0055],[88.92917,22.00515],[88.92938,22.00473],[88.9295,22.00415],[88.92973,22.0036],[88.93,22.00309],[88.93027,22.00264],[88.93053,22.00225],[88.93072,22.00193],[88.93084,22.00162],[88.93095,22.00133],[88.93106,22.00093],[88.93111,22],[88.93253,22],[88.94393,22],[88.94611,22],[88.94639,22.00028],[88.94639,22.00083],[88.94611,22.00111],[88.94611,22.00167],[88.94583,22.00194],[88.94611,22.00222],[88.94611,22.00361],[88.94639,22.00389],[88.94639,22.00417],[88.94556,22.005],[88.945,22.005],[88.945,22.00528],[88.94417,22.00611],[88.94417,22.00639],[88.94394,22.00657],[88.94384,22.00664],[88.94371,22.00685],[88.94352,22.00719],[88.94328,22.00757],[88.94305,22.00806],[88.94279,22.00861],[88.9425,22.00913],[88.94214,22.00953],[88.9418,22.00989],[88.94153,22.01032],[88.9413,22.01081],[88.94104,22.01128],[88.94073,22.01167],[88.94048,22.01203],[88.94028,22.01238],[88.94012,22.01271],[88.93988,22.01299],[88.9397,22.01334],[88.93957,22.01375],[88.93939,22.0141],[88.93916,22.01441],[88.93892,22.01473],[88.9387,22.01511],[88.93854,22.01558],[88.93823,22.0159],[88.93801,22.01627],[88.93786,22.01667],[88.93772,22.0171],[88.93753,22.01751],[88.9374,22.01801],[88.93722,22.01851],[88.93702,22.01903],[88.9369,22.01961],[88.9367,22.02009],[88.93659,22.0206],[88.93641,22.02104],[88.93637,22.0215],[88.93626,22.02193],[88.93612,22.02236],[88.93611,22.02278],[88.93611,22.02333],[88.93584,22.02361],[88.93583,22.02472],[88.93556,22.025],[88.93556,22.02556],[88.93528,22.02584],[88.9353,22.02611],[88.93529,22.02631],[88.93528,22.02645],[88.93523,22.02703],[88.93504,22.02753],[88.935,22.02799],[88.935,22.02843],[88.935,22.02888],[88.935,22.02934],[88.935,22.0298],[88.93503,22.03025],[88.93509,22.0305],[88.93513,22.03068],[88.93521,22.03112],[88.9351,22.0316],[88.93501,22.03213],[88.935,22.03272],[88.93498,22.03334],[88.93493,22.03375],[88.9349,22.03398],[88.93475,22.03461],[88.93472,22.03526],[88.93471,22.03592],[88.93464,22.03655],[88.93452,22.03715],[88.93462,22.03769],[88.93465,22.0382],[88.93449,22.03867],[88.93445,22.03917],[88.93444,22.03969],[88.93444,22.04018],[88.93445,22.04065],[88.93445,22.04108],[88.93445,22.04252],[88.93445,22.04293],[88.93445,22.04341],[88.93444,22.04389],[88.9344,22.04441],[88.93424,22.04493],[88.93417,22.04554],[88.93421,22.04616],[88.93439,22.04672],[88.9344,22.04726],[88.93424,22.04774],[88.93417,22.04822],[88.93417,22.0487],[88.93417,22.04919],[88.93417,22.04964],[88.93417,22.05008],[88.93417,22.0505],[88.93417,22.05092],[88.93417,22.05135],[88.9342,22.05178],[88.93436,22.05218],[88.93443,22.05261],[88.93445,22.05308],[88.93449,22.05356],[88.93465,22.05404],[88.93474,22.05459],[88.93486,22.05514],[88.93503,22.05566],[88.93528,22.05611],[88.93555,22.05654],[88.9358,22.05698],[88.93604,22.05743],[88.93626,22.05791],[88.93639,22.05833],[88.93723,22.05917],[88.93723,22.05945],[88.9375,22.05972],[88.9375,22.06001],[88.93777,22.06028],[88.93777,22.06056],[88.93789,22.06052],[88.9382,22.06097],[88.93857,22.06141],[88.93897,22.06179],[88.93951,22.06197],[88.94005,22.06218],[88.94066,22.06223],[88.94123,22.06222],[88.9418,22.06216],[88.94234,22.06199],[88.94294,22.06198],[88.94356,22.06205],[88.94418,22.06209],[88.94479,22.06208],[88.94541,22.06201],[88.94604,22.06191],[88.94666,22.06181],[88.94728,22.06171],[88.94791,22.06161],[88.94854,22.06147],[88.94917,22.06121],[88.94978,22.06074],[88.9504,22.06059],[88.95101,22.06056],[88.95162,22.06055],[88.95222,22.06051],[88.95283,22.06032],[88.95349,22.06024],[88.95414,22.06008],[88.95481,22.06012],[88.95548,22.06025],[88.95615,22.06028],[88.95681,22.06028],[88.95746,22.06028],[88.95808,22.06024],[88.95863,22.06005],[88.95912,22.05982],[88.95952,22.05948],[88.9599,22.05917],[88.9601,22.05899],[88.96025,22.05885],[88.96057,22.05856],[88.96092,22.05833],[88.96131,22.05815],[88.9618,22.05805],[88.96232,22.05794],[88.96281,22.05773],[88.96326,22.05741],[88.96364,22.05699],[88.96395,22.05658],[88.9641,22.05618],[88.96399,22.05582],[88.96381,22.0555],[88.96356,22.05523],[88.96325,22.05499],[88.96288,22.05473],[88.9624,22.05445],[88.96185,22.05415],[88.96131,22.05378],[88.96089,22.05331],[88.96056,22.05282],[88.96029,22.05239],[88.96014,22.05201],[88.96024,22.05162],[88.96032,22.05115],[88.96054,22.05066],[88.96078,22.05008],[88.96111,22.04953],[88.96146,22.049],[88.96191,22.04858],[88.96235,22.04822],[88.96278,22.04791],[88.9632,22.04762],[88.9636,22.04732],[88.96399,22.047],[88.96442,22.04674],[88.96482,22.04643],[88.96523,22.04615],[88.9656,22.04585],[88.96596,22.04556],[88.9663,22.04527],[88.96664,22.04498],[88.96698,22.0447],[88.96735,22.04443],[88.9677,22.04413],[88.96804,22.0438],[88.96838,22.04346],[88.96877,22.04318],[88.96919,22.04292],[88.96966,22.0427],[88.97007,22.04242],[88.97042,22.04208],[88.97079,22.04173],[88.97118,22.04142],[88.97163,22.04114],[88.97206,22.04088],[88.97254,22.04068],[88.97307,22.04052],[88.97357,22.04028],[88.9741,22.04006],[88.97467,22.0399],[88.97524,22.03971],[88.9758,22.03945],[88.97634,22.03916],[88.97681,22.03883],[88.9771,22.03839],[88.97706,22.0379],[88.97691,22.03739],[88.97666,22.03689],[88.97635,22.03638],[88.976,22.03585],[88.97562,22.03533],[88.97521,22.03482],[88.97473,22.03433],[88.97426,22.03381],[88.97385,22.03317],[88.9734,22.03257],[88.97299,22.03197],[88.9726,22.03143],[88.97227,22.03095],[88.972,22.03051],[88.9719,22.03],[88.9717,22.02955],[88.97156,22.02907],[88.9714,22.02864],[88.97128,22.02823],[88.97114,22.02786],[88.97108,22.0275],[88.97094,22.0272],[88.97082,22.0269],[88.97066,22.02662],[88.97052,22.02631],[88.9703,22.02603],[88.97005,22.02571],[88.9699,22.02526],[88.96979,22.02478],[88.96967,22.02429],[88.96949,22.02387],[88.9693,22.02346],[88.96915,22.02307],[88.96893,22.02274],[88.96871,22.0224],[88.96858,22.02195],[88.96835,22.02158],[88.96809,22.02123],[88.96788,22.02084],[88.96767,22.02044],[88.96746,22.02003],[88.96721,22.01963],[88.96691,22.01924],[88.96658,22.01891],[88.96623,22.01867],[88.96585,22.01861],[88.9655,22.01861],[88.96516,22.01867],[88.96472,22.01889],[88.96445,22.01889],[88.96416,22.01917],[88.96389,22.01917],[88.96352,22.0188],[88.96333,22.01861],[88.9633,22.01845],[88.96305,22.01818],[88.96278,22.01785],[88.9625,22.0175],[88.96222,22.01722],[88.96222,22.01667],[88.96306,22.01667],[88.96389,22.0175],[88.96519,22.01741],[88.96526,22.01702],[88.96552,22.01663],[88.96565,22.01618],[88.96581,22.01577],[88.96588,22.01533],[88.96606,22.01493],[88.96611,22.01447],[88.96616,22.01399],[88.96629,22.01352],[88.96638,22.013],[88.96646,22.01247],[88.96667,22.01202],[88.96695,22.01156],[88.96727,22.01109],[88.96767,22.01067],[88.96806,22.01028],[88.96842,22.00989],[88.96874,22.00953],[88.96907,22.00918],[88.96945,22.00892],[88.96986,22.00866],[88.97032,22.00845],[88.97078,22.0082],[88.97121,22.00789],[88.97163,22.00758],[88.97217,22.00739],[88.97267,22.00717],[88.97315,22.00692],[88.97363,22.00664],[88.97408,22.00632],[88.97446,22.00595],[88.97485,22.00559],[88.97522,22.00523],[88.97551,22.00483],[88.97569,22.00432],[88.97581,22.00378],[88.97584,22.00319],[88.97583,22.0026],[88.97577,22.00204],[88.97562,22.00154],[88.97545,22.00109],[88.97528,22.00068],[88.97527,22.00036],[88.975,22],[88.97475,21.99973],[88.97455,21.99946],[88.97442,21.99916],[88.97419,21.99887],[88.97391,21.99851],[88.97304,21.99809],[88.9729,21.99779],[88.97263,21.99726],[88.97279,21.99693],[88.97256,21.99662],[88.97241,21.99632],[88.97222,21.99606],[88.97204,21.99577],[88.97192,21.99538],[88.97169,21.995],[88.97137,21.99455],[88.97139,21.99444],[88.97139,21.99361],[88.97124,21.99334],[88.97109,21.99305],[88.97096,21.99277],[88.97111,21.9925],[88.97111,21.99111],[88.97167,21.99055],[88.97195,21.99056],[88.97222,21.99028],[88.97222,21.99],[88.97221,21.98959],[88.97221,21.98891],[88.9725,21.98779],[88.97305,21.98722],[88.97361,21.98694],[88.97534,21.98633],[88.97585,21.9861],[88.97638,21.98587],[88.97703,21.98579],[88.97767,21.9856],[88.97837,21.98556],[88.9791,21.98555],[88.97982,21.98556],[88.9805,21.98555],[88.98113,21.9855],[88.98169,21.98532],[88.98227,21.98528],[88.98285,21.98527],[88.98341,21.98518],[88.98398,21.98503],[88.98456,21.98496],[88.98508,21.98476],[88.98564,21.98467],[88.98609,21.98446],[88.98656,21.98428],[88.98708,21.98413],[88.98751,21.98384],[88.98775,21.98338],[88.98776,21.98281],[88.98763,21.9822],[88.98752,21.9816],[88.98746,21.98104],[88.98727,21.98056],[88.98722,21.98011],[88.98722,21.97969],[88.98718,21.97929],[88.98699,21.97889],[88.98695,21.97845],[88.98697,21.97798],[88.9871,21.97749],[88.98718,21.97698],[88.98706,21.97648],[88.98706,21.97602],[88.98722,21.97556],[88.98722,21.97528],[88.9875,21.975],[88.9875,21.97472],[88.98778,21.97445],[88.98778,21.97389],[88.98818,21.97299],[88.98861,21.97279],[88.98895,21.97222],[88.98917,21.97195],[88.99056,21.97056],[88.99097,21.97029],[88.99139,21.97028],[88.99194,21.97008],[88.99223,21.97],[88.99271,21.97001],[88.99389,21.97028],[88.99416,21.97056],[88.99445,21.97056],[88.99472,21.97084],[88.995,21.97083],[88.9951,21.97088],[88.99547,21.97111],[88.99588,21.97138],[88.99635,21.97163],[88.9968,21.97193],[88.99725,21.97222],[88.99767,21.97252],[88.99798,21.97284],[88.99819,21.97317],[88.99867,21.97361],[88.99973,21.97389],[88.99973,21.97417],[89,21.97445],[89.00027,21.97506],[89.0005,21.97523],[89.00081,21.97559],[89.00112,21.97598],[89.00144,21.97633],[89.00179,21.97662],[89.00216,21.97683],[89.00243,21.97714],[89.00277,21.9774],[89.00312,21.97768],[89.00356,21.97793],[89.00396,21.97829],[89.00437,21.97868],[89.00472,21.97911],[89.00507,21.97951],[89.00542,21.97986],[89.00581,21.98015],[89.00618,21.98049],[89.00665,21.9808],[89.00719,21.98109],[89.00777,21.98139],[89.00838,21.98166],[89.009,21.98191],[89.00964,21.98195],[89.01023,21.98196],[89.01077,21.98199],[89.01126,21.98191],[89.01167,21.98169],[89.0121,21.9815],[89.01247,21.98122],[89.01277,21.98084],[89.01302,21.98044],[89.01317,21.98004],[89.01331,21.9797],[89.01337,21.97936],[89.01353,21.97911],[89.0136,21.97883],[89.01361,21.97855],[89.01361,21.97829],[89.01361,21.97804],[89.01361,21.9778],[89.01361,21.97755],[89.01361,21.97727],[89.01359,21.97697],[89.01347,21.97665],[89.01331,21.97631],[89.01308,21.97598],[89.01283,21.97562],[89.01256,21.97528],[89.01225,21.97493],[89.01195,21.97456],[89.01167,21.97415],[89.01137,21.97375],[89.01102,21.97336],[89.0106,21.97303],[89.01019,21.97269],[89.0098,21.97231],[89.0094,21.97197],[89.00899,21.97167],[89.0086,21.97136],[89.00825,21.97103],[89.00794,21.97073],[89.00758,21.97051],[89.00729,21.97027],[89.007,21.97],[89.00665,21.96972],[89.00619,21.96945],[89.00565,21.96917],[89.00507,21.96889],[89.00452,21.96857],[89.00404,21.9682],[89.00362,21.96776],[89.00323,21.96727],[89.00281,21.96682],[89.00235,21.96669],[89.00202,21.9665],[89.00153,21.96583],[89.00106,21.96547],[89.00098,21.96534],[89.00027,21.965],[89,21.96472],[88.99955,21.96442],[88.99921,21.96449],[88.99879,21.9642],[88.99836,21.96389],[88.99806,21.96362],[88.99528,21.96083],[88.99502,21.96047],[88.99472,21.96009],[88.99445,21.95971],[88.99416,21.95932],[88.99387,21.95894],[88.99358,21.95857],[88.99332,21.95815],[88.99306,21.95777],[88.99284,21.95741],[88.9927,21.95702],[88.99252,21.95668],[88.9924,21.9563],[88.9922,21.95595],[88.99196,21.95556],[88.99178,21.9551],[88.99123,21.95361],[88.99094,21.95193],[88.99097,21.95105],[88.99101,21.94984],[88.99101,21.94836],[88.99152,21.94749],[88.99173,21.94654],[88.99266,21.94466],[88.99402,21.94291],[88.99459,21.94197],[88.99638,21.94089],[88.99738,21.94009],[88.99889,21.93928],[89,21.93861],[89.00047,21.93827],[89.00102,21.93808],[89.00157,21.93791],[89.00208,21.93783],[89.00265,21.93774],[89.00319,21.93756],[89.00374,21.93746],[89.00419,21.93725],[89.00466,21.93719],[89.00506,21.93704],[89.00547,21.93692],[89.0057,21.93679],[89.00584,21.9367],[89.00627,21.9366],[89.00662,21.93639],[89.00702,21.9362],[89.00748,21.9361],[89.00793,21.93596],[89.00838,21.93582],[89.0088,21.93565],[89.00923,21.93549],[89.0096,21.93527],[89.00995,21.93501],[89.01029,21.9348],[89.01064,21.93463],[89.01096,21.93443],[89.01127,21.93418],[89.0116,21.93395],[89.0119,21.93365],[89.0122,21.93333],[89.01252,21.93302],[89.01292,21.93275],[89.01331,21.93241],[89.01367,21.93201],[89.01408,21.93163],[89.01443,21.93122],[89.01472,21.93077],[89.01504,21.93036],[89.0154,21.93002],[89.01576,21.92972],[89.01611,21.92942],[89.01643,21.92912],[89.01674,21.92882],[89.01705,21.92851],[89.01736,21.92819],[89.0176,21.92782],[89.01788,21.92751],[89.01838,21.92691],[89.01863,21.92622],[89.01922,21.92541],[89.01943,21.92494],[89.01965,21.92434],[89.01994,21.9238],[89.02008,21.92319],[89.02036,21.92279],[89.02079,21.92232],[89.02094,21.92212],[89.02135,21.92166],[89.02139,21.92125],[89.02139,21.92081],[89.02139,21.92034],[89.02139,21.91989],[89.02139,21.91944],[89.02139,21.91901],[89.02133,21.91859],[89.02115,21.91817],[89.02106,21.91768],[89.02086,21.9172],[89.02071,21.91668],[89.02053,21.91616],[89.02029,21.91573],[89.02004,21.91533],[89.01976,21.91499],[89.0195,21.91466],[89.01929,21.91429],[89.01908,21.91389],[89.01888,21.9135],[89.0187,21.91313],[89.01858,21.91278],[89.01839,21.91252],[89.0183,21.91222],[89.01813,21.91198],[89.01802,21.91168],[89.01777,21.91076],[89.01733,21.91022],[89.01684,21.90975],[89.01662,21.90954],[89.01648,21.90934],[89.01626,21.90908],[89.01612,21.90887],[89.01598,21.9088],[89.01527,21.90833],[89.015,21.90806],[89.015,21.9075],[89.01533,21.9068],[89.01533,21.90619],[89.01533,21.90574],[89.0153,21.90518],[89.01523,21.90469],[89.01534,21.90415],[89.01555,21.90381],[89.0155,21.90342],[89.01511,21.90307],[89.01464,21.90277],[89.01418,21.9025],[89.0137,21.90228],[89.01313,21.90218],[89.01257,21.90199],[89.01199,21.90195],[89.01144,21.90194],[89.01114,21.90194],[89.01093,21.90195],[89.01057,21.90214],[89.01003,21.90226],[89.0094,21.90227],[89.00878,21.90232],[89.00827,21.90229],[89.00778,21.90246],[89.00726,21.90254],[89.00683,21.90271],[89.00639,21.90282],[89.00598,21.90302],[89.00554,21.90306],[89.00509,21.90306],[89.00463,21.90306],[89.00417,21.90309],[89.0037,21.90322],[89.00317,21.90334],[89.0025,21.90361],[89.00195,21.90361],[89.00166,21.90389],[89,21.90444],[88.99907,21.90417],[88.99873,21.90437],[88.99834,21.9045],[88.99791,21.90462],[88.99745,21.90474],[88.99729,21.90485],[88.99696,21.90507],[88.99668,21.90527],[88.99634,21.90561],[88.99585,21.90569],[88.99509,21.90572],[88.99471,21.90585],[88.99426,21.9062],[88.99374,21.90666],[88.99337,21.90679],[88.993,21.9068],[88.99233,21.90695],[88.99189,21.90722],[88.99145,21.9075],[88.991,21.90778],[88.99055,21.90806],[88.99011,21.90834],[88.98966,21.90861],[88.98922,21.90889],[88.98875,21.90918],[88.98827,21.90951],[88.98776,21.90988],[88.98752,21.91053],[88.98678,21.91091],[88.98637,21.91136],[88.98579,21.91137],[88.98543,21.91161],[88.98511,21.91171],[88.98508,21.91181],[88.985,21.91194],[88.98438,21.91223],[88.98417,21.9125],[88.98306,21.91361],[88.98249,21.91374],[88.98237,21.91395],[88.98198,21.91407],[88.98131,21.91422],[88.98071,21.91459],[88.98005,21.91495],[88.97938,21.91527],[88.97873,21.91558],[88.97817,21.91593],[88.97764,21.91625],[88.97712,21.91657],[88.97659,21.91688],[88.97604,21.91719],[88.97552,21.9175],[88.97501,21.91779],[88.97453,21.91806],[88.97406,21.91834],[88.97359,21.91861],[88.97314,21.91889],[88.97267,21.91916],[88.97221,21.91943],[88.97183,21.91979],[88.97173,21.91988],[88.97124,21.92019],[88.97074,21.92015],[88.97023,21.92037],[88.96972,21.92057],[88.96925,21.92083],[88.96884,21.92114],[88.96855,21.92152],[88.96838,21.92198],[88.9685,21.92246],[88.96882,21.92294],[88.96919,21.92344],[88.96974,21.92384],[88.97006,21.92423],[88.97029,21.92479],[88.97066,21.92506],[88.971,21.92533],[88.97119,21.92574],[88.9715,21.92622],[88.97157,21.92672],[88.97176,21.92731],[88.97192,21.92797],[88.97196,21.92854],[88.97197,21.92865],[88.97171,21.92926],[88.97137,21.92986],[88.97092,21.93043],[88.97044,21.93093],[88.96994,21.93137],[88.96944,21.93173],[88.96894,21.93201],[88.96847,21.93225],[88.96803,21.93248],[88.96759,21.93267],[88.96713,21.93281],[88.9667,21.93299],[88.96626,21.93314],[88.96587,21.93334],[88.96551,21.93355],[88.96515,21.93377],[88.96487,21.93407],[88.96472,21.93443],[88.9647,21.9346],[88.96468,21.9348],[88.96495,21.93513],[88.96543,21.93534],[88.9659,21.93555],[88.96635,21.93574],[88.96684,21.9359],[88.9673,21.93606],[88.9678,21.93621],[88.96829,21.93634],[88.96878,21.93643],[88.96924,21.93653],[88.96961,21.93668],[88.96998,21.93684],[88.9704,21.93694],[88.97084,21.93702],[88.97127,21.93715],[88.97171,21.93723],[88.97218,21.93731],[88.97232,21.93735],[88.97264,21.93745],[88.97314,21.93757],[88.97365,21.93773],[88.97418,21.93785],[88.9747,21.93803],[88.97521,21.93824],[88.97572,21.93854],[88.97619,21.93895],[88.9766,21.93945],[88.97695,21.93998],[88.97723,21.94043],[88.97742,21.9408],[88.97747,21.94113],[88.97741,21.94144],[88.97724,21.94176],[88.97722,21.94195],[88.97667,21.9425],[88.97667,21.94583],[88.97639,21.94611],[88.97556,21.94611],[88.97528,21.94583],[88.97528,21.94528],[88.97528,21.94486],[88.97528,21.94441],[88.97531,21.94397],[88.97539,21.94354],[88.9755,21.94312],[88.97561,21.94269],[88.97574,21.94224],[88.9758,21.94174],[88.9758,21.9412],[88.97571,21.94065],[88.97543,21.94015],[88.97498,21.93973],[88.97441,21.93936],[88.97375,21.93907],[88.97305,21.93885],[88.97228,21.93863],[88.97152,21.93843],[88.97077,21.93825],[88.97003,21.93804],[88.96934,21.93786],[88.96878,21.93765],[88.96825,21.93747],[88.96768,21.93735],[88.96719,21.93725],[88.9666,21.93709],[88.96609,21.9369],[88.96561,21.93669],[88.96513,21.9365],[88.96469,21.93632],[88.96432,21.9361],[88.96398,21.9359],[88.96364,21.93578],[88.96333,21.93556],[88.96278,21.935],[88.9625,21.935],[88.9625,21.93472],[88.96306,21.93417],[88.9633,21.93365],[88.96362,21.93324],[88.96398,21.93286],[88.96442,21.93253],[88.96495,21.93223],[88.96555,21.93194],[88.96623,21.93166],[88.96693,21.93138],[88.96765,21.93105],[88.96832,21.93067],[88.96897,21.93028],[88.96955,21.9299],[88.96996,21.92947],[88.97026,21.92905],[88.97046,21.92867],[88.97054,21.92824],[88.97051,21.92778],[88.97033,21.92729],[88.97001,21.92678],[88.96939,21.92637],[88.96888,21.92599],[88.96841,21.92547],[88.96796,21.92494],[88.96777,21.92451],[88.9675,21.92419],[88.96709,21.92402],[88.96682,21.92372],[88.9667,21.92343],[88.96642,21.92311],[88.9661,21.92293],[88.96578,21.9229],[88.96542,21.92291],[88.96497,21.92298],[88.96443,21.92306],[88.96381,21.92315],[88.96318,21.92335],[88.96253,21.92361],[88.96187,21.92388],[88.96119,21.92409],[88.96053,21.92429],[88.95989,21.92445],[88.95929,21.9246],[88.95869,21.92474],[88.95813,21.92492],[88.95752,21.92507],[88.95689,21.92523],[88.95618,21.92531],[88.95549,21.92552],[88.95476,21.92565],[88.95409,21.92585],[88.95345,21.9261],[88.95284,21.92631],[88.95226,21.92649],[88.95174,21.92667],[88.95129,21.92689],[88.95084,21.9271],[88.95042,21.92731],[88.94999,21.92749],[88.94955,21.92768],[88.9491,21.92785],[88.94865,21.92801],[88.94818,21.92817],[88.94771,21.92832],[88.94724,21.92847],[88.9468,21.92865],[88.9464,21.92887],[88.94596,21.92904],[88.9455,21.92922],[88.94499,21.92946],[88.94444,21.92975],[88.94388,21.93011],[88.94332,21.93045],[88.94279,21.93077],[88.94233,21.93108],[88.94188,21.93139],[88.94144,21.93173],[88.94102,21.93213],[88.94057,21.93254],[88.94008,21.93296],[88.93951,21.93333],[88.93894,21.93371],[88.93842,21.93416],[88.93794,21.93461],[88.93748,21.93503],[88.93707,21.93543],[88.93668,21.93581],[88.93627,21.93614],[88.93588,21.93649],[88.93556,21.9369],[88.93529,21.93732],[88.93504,21.93773],[88.93473,21.93814],[88.93439,21.93858],[88.93401,21.93904],[88.93361,21.93943],[88.93277,21.94028],[88.93277,21.94056],[88.93195,21.94139],[88.93147,21.94208],[88.93037,21.94571],[88.93021,21.94624],[88.93026,21.94635],[88.93019,21.94749],[88.92847,21.95374],[88.92618,21.95993],[88.92575,21.96206],[88.92566,21.96269],[88.92524,21.9635],[88.92475,21.96363],[88.92423,21.96441],[88.9225,21.96669],[88.91975,21.97256],[88.91843,21.97608],[88.91748,21.97905],[88.91733,21.98012],[88.91747,21.98047],[88.91739,21.98071],[88.91721,21.98125],[88.91683,21.98192],[88.91672,21.9821],[88.9163,21.983],[88.91576,21.98419],[88.91558,21.98521],[88.91386,21.99114],[88.91272,21.99436],[88.913,21.99705],[88.91415,21.9984],[88.91472,22],[88.91469,22.00177],[88.91473,22.00229],[88.91481,22.00284],[88.91498,22.0034],[88.91513,22.00401],[88.9153,22.00466],[88.91553,22.00531],[88.91557,22.00601],[88.9156,22.00664],[88.91573,22.00714],[88.91577,22.00728],[88.91582,22.00752],[88.91583,22.00787],[88.91584,22.00825],[88.91587,22.00867],[88.91591,22.00912],[88.91591,22.00961],[88.91601,22.01012],[88.91608,22.01063],[88.91604,22.01117],[88.91588,22.01176],[88.91586,22.01235],[88.91591,22.0129],[88.91589,22.01336],[88.91591,22.01375],[88.91578,22.014],[88.91567,22.01435],[88.91566,22.01485],[88.91558,22.01532],[88.91554,22.01581],[88.91541,22.01627],[88.91527,22.0167],[88.91511,22.01713],[88.915,22.01758],[88.91489,22.01804],[88.91476,22.01851],[88.91471,22.01902],[88.91463,22.01952],[88.91448,22.01996],[88.91444,22.02039],[88.91435,22.02081],[88.91424,22.02118],[88.91416,22.02157],[88.91406,22.0219],[88.91392,22.0222],[88.91383,22.02253],[88.91364,22.02277],[88.91349,22.02306],[88.91332,22.0234],[88.91311,22.02378],[88.9129,22.02422],[88.9127,22.02468],[88.9126,22.02488],[88.91248,22.02511],[88.91224,22.02554],[88.91203,22.02601],[88.9118,22.02644],[88.9116,22.02692],[88.91138,22.02738],[88.91115,22.02788],[88.911,22.02843],[88.9108,22.02892],[88.91055,22.02933],[88.9103,22.02973],[88.91011,22.03016],[88.90985,22.03058],[88.90962,22.03102],[88.90938,22.03145],[88.90916,22.03188],[88.90894,22.03226],[88.90873,22.03268],[88.90857,22.03319],[88.90833,22.03372],[88.90806,22.03427],[88.90783,22.0348],[88.90782,22.03533],[88.90785,22.03585],[88.90804,22.03638],[88.90824,22.03687],[88.90844,22.03735],[88.90864,22.03778],[88.90889,22.03817],[88.90916,22.03854],[88.90939,22.03892],[88.90959,22.03931],[88.90979,22.03967],[88.91,22.03998],[88.91022,22.04026],[88.91034,22.04059],[88.91051,22.04092],[88.9106,22.04138],[88.91077,22.04182],[88.91087,22.04234],[88.91098,22.04284],[88.91106,22.04334],[88.91111,22.04383],[88.91109,22.04432],[88.91102,22.04482],[88.91088,22.04526],[88.91083,22.04572],[88.91074,22.04618],[88.9106,22.04665],[88.91055,22.0472],[88.91047,22.04777],[88.91032,22.04834],[88.91024,22.04894],[88.91011,22.04949],[88.91002,22.05],[88.90995,22.05045],[88.90986,22.05083],[88.90975,22.05115],[88.90971,22.05149],[88.90962,22.0518],[88.90953,22.05209],[88.90945,22.05233],[88.90933,22.05261],[88.90916,22.0529],[88.90894,22.05328],[88.90884,22.0538],[88.90866,22.05428],[88.9086,22.05472],[88.90852,22.05507],[88.90837,22.0553],[88.90831,22.05561],[88.9082,22.05595],[88.90802,22.05635],[88.90778,22.05682],[88.90751,22.05733],[88.90722,22.05786],[88.907,22.05822],[88.90694,22.05833],[88.90639,22.05889],[88.90639,22.05945],[88.90473,22.06111],[88.90468,22.06118],[88.90438,22.06159],[88.90395,22.06195],[88.90384,22.06205],[88.90349,22.06236],[88.90304,22.0628],[88.90259,22.06321],[88.90209,22.0635],[88.9017,22.06387],[88.90148,22.06429],[88.9014,22.06479],[88.90144,22.06528],[88.9017,22.06565],[88.90203,22.06594],[88.90231,22.06627],[88.90251,22.06665],[88.90279,22.06696],[88.90306,22.06724],[88.90334,22.06751],[88.90359,22.06783],[88.90379,22.06823],[88.90397,22.06866],[88.90426,22.06902],[88.90449,22.06947],[88.90472,22.06986],[88.90491,22.0702],[88.90502,22.07051],[88.90517,22.07075],[88.90528,22.071],[88.90541,22.07125],[88.90556,22.07156],[88.90572,22.07186],[88.90585,22.07218],[88.90597,22.07249],[88.90607,22.07276],[88.90614,22.07302],[88.90628,22.07324],[88.90638,22.07345],[88.9064,22.07368],[88.9064,22.07392],[88.90644,22.07422],[88.90657,22.07461],[88.90672,22.07511],[88.90697,22.07557],[88.90729,22.07595],[88.90751,22.0764],[88.90771,22.07686],[88.90789,22.07734],[88.90804,22.07774],[88.90808,22.07784],[88.90836,22.07832],[88.90876,22.07876],[88.90924,22.0792],[88.90985,22.07958],[88.91044,22.07999],[88.91102,22.08038],[88.9116,22.08074],[88.91217,22.08095],[88.91277,22.08118],[88.91333,22.0814],[88.91385,22.08167],[88.91439,22.08194],[88.91497,22.0822],[88.91559,22.08238],[88.91608,22.08265],[88.9165,22.08298],[88.91695,22.08325],[88.91738,22.0835],[88.91779,22.08385],[88.91825,22.08411],[88.91868,22.08443],[88.91911,22.08474],[88.91949,22.08505],[88.91981,22.08535],[88.9202,22.0856],[88.92053,22.08587],[88.92083,22.08617],[88.92114,22.08649],[88.92145,22.08682],[88.92183,22.08709],[88.9222,22.08737],[88.92252,22.08775],[88.92285,22.08812],[88.9232,22.08847],[88.92355,22.08882],[88.92389,22.08916],[88.92422,22.0895],[88.92455,22.08983],[88.92487,22.09015],[88.92519,22.09047],[88.92554,22.09081],[88.92589,22.09118],[88.92624,22.09163],[88.92669,22.09207],[88.9268,22.09217],[88.92722,22.09254],[88.92773,22.09307],[88.92814,22.09379],[88.92861,22.09444],[88.92907,22.09505],[88.92942,22.09566],[88.92973,22.09621],[88.93,22.09666],[88.93025,22.09705],[88.93044,22.09743],[88.93057,22.09777],[88.93072,22.0981],[88.93083,22.09851],[88.93094,22.09899],[88.93109,22.09953],[88.93121,22.1001],[88.93134,22.10063],[88.93138,22.10111],[88.93135,22.10159],[88.93123,22.10207],[88.93126,22.10263],[88.93118,22.1033],[88.93127,22.10394],[88.93137,22.10444],[88.93137,22.10488],[88.93126,22.10531],[88.93114,22.10579],[88.93105,22.10633],[88.93095,22.10688],[88.93085,22.10742],[88.93079,22.10793],[88.9306,22.10835],[88.93051,22.1088],[88.93032,22.1092],[88.93023,22.10964],[88.93002,22.11],[88.92986,22.11041],[88.92968,22.11091],[88.92953,22.11153],[88.92928,22.11205],[88.92903,22.11246],[88.92873,22.11285],[88.92852,22.11329],[88.92833,22.11366],[88.92814,22.11397],[88.92801,22.11432],[88.92782,22.11465],[88.92769,22.11509],[88.92748,22.1155],[88.92722,22.11591],[88.92692,22.11634],[88.9266,22.11675],[88.92627,22.11718],[88.92592,22.11758],[88.92565,22.11803],[88.92531,22.11845],[88.925,22.11892],[88.92472,22.11942],[88.92445,22.11988],[88.9242,22.12029],[88.92403,22.12069],[88.92386,22.12099],[88.92364,22.12126],[88.92346,22.12157],[88.92329,22.12187],[88.92311,22.1222],[88.92309,22.12258],[88.92325,22.12294],[88.92358,22.12319],[88.924,22.12318],[88.92421,22.12317],[88.9249,22.12297],[88.92549,22.12275],[88.926,22.12257],[88.92657,22.12245],[88.9272,22.1223],[88.92793,22.12225],[88.92871,22.12226],[88.9295,22.12234],[88.93023,22.1225],[88.93094,22.12264],[88.93196,22.12347],[88.93289,22.12428],[88.93455,22.12502],[88.93582,22.12504],[88.93623,22.12513],[88.93663,22.12523],[88.93707,22.12535],[88.93751,22.12549],[88.93801,22.12559],[88.93851,22.12572],[88.93898,22.12588],[88.93941,22.1261],[88.93978,22.12642],[88.94009,22.12682],[88.94027,22.12737],[88.94035,22.12798],[88.94021,22.12857],[88.9399,22.12912],[88.93943,22.12956],[88.93891,22.12995],[88.93838,22.1303],[88.93792,22.13068],[88.93753,22.13106],[88.93717,22.13143],[88.93678,22.13175],[88.93635,22.13198],[88.93591,22.13223],[88.9355,22.13251],[88.9351,22.13279],[88.93472,22.13309],[88.93433,22.13341],[88.93392,22.13372],[88.93353,22.13406],[88.93313,22.13438],[88.93275,22.13471],[88.93235,22.135],[88.93196,22.1353],[88.93163,22.13563],[88.9306,22.13698],[88.93044,22.13778],[88.9306,22.13785],[88.93087,22.1382],[88.93145,22.13866],[88.93166,22.13872],[88.93195,22.13886],[88.93238,22.13899],[88.93353,22.13933],[88.93396,22.13953],[88.93439,22.13973],[88.93497,22.14006],[88.9354,22.14033],[88.93568,22.14053],[88.9359,22.1408],[88.93626,22.14114],[88.9364,22.14147],[88.93648,22.14188],[88.93655,22.14214],[88.93655,22.14241],[88.93648,22.14281],[88.93619,22.14281],[88.93604,22.14261],[88.93597,22.14241],[88.93583,22.14221],[88.93547,22.14184],[88.93498,22.14145],[88.93479,22.14123],[88.9343,22.14084],[88.93377,22.1405],[88.93321,22.1402],[88.93261,22.13991],[88.93206,22.13968],[88.93154,22.13951],[88.93104,22.13929],[88.93053,22.13896],[88.93013,22.13852],[88.92984,22.13803],[88.92963,22.13749],[88.92948,22.13691],[88.92941,22.13637],[88.92957,22.13591],[88.9298,22.13554],[88.93013,22.13525],[88.93051,22.13496],[88.93088,22.13463],[88.93123,22.13427],[88.93158,22.13394],[88.93194,22.13365],[88.93232,22.13341],[88.93269,22.13318],[88.93304,22.13291],[88.93338,22.13262],[88.93377,22.13234],[88.93419,22.13204],[88.93465,22.13171],[88.93515,22.13136],[88.93565,22.13093],[88.93617,22.13053],[88.93665,22.13017],[88.93709,22.12986],[88.93748,22.12957],[88.93782,22.12928],[88.93815,22.129],[88.93846,22.12871],[88.9387,22.12838],[88.93887,22.12804],[88.93892,22.1277],[88.93887,22.12738],[88.93866,22.12712],[88.93832,22.12689],[88.93787,22.1267],[88.93737,22.12656],[88.93686,22.12643],[88.93632,22.12637],[88.93574,22.12633],[88.93514,22.12621],[88.93458,22.12605],[88.93404,22.12587],[88.93349,22.12571],[88.93298,22.12551],[88.93248,22.1253],[88.93198,22.12509],[88.9315,22.12485],[88.93105,22.12463],[88.93065,22.12439],[88.93028,22.12415],[88.92995,22.12394],[88.92963,22.12379],[88.92932,22.12366],[88.92896,22.12362],[88.92852,22.12364],[88.92806,22.12369],[88.92761,22.12364],[88.92719,22.12364],[88.9268,22.12373],[88.9264,22.12383],[88.92593,22.1239],[88.92538,22.124],[88.9247,22.12407],[88.92389,22.1241],[88.92352,22.12435],[88.92314,22.12461],[88.92268,22.12482],[88.92207,22.12498],[88.9214,22.12504],[88.92076,22.12524],[88.92015,22.12543],[88.91962,22.12571],[88.91911,22.12591],[88.91866,22.12614],[88.91823,22.12641],[88.91782,22.1267],[88.91744,22.12701],[88.91708,22.12735],[88.9167,22.12764],[88.91635,22.12795],[88.91598,22.12821],[88.91563,22.1285],[88.91521,22.1287],[88.9148,22.12893],[88.91441,22.1292],[88.91399,22.12946],[88.91358,22.12973],[88.91317,22.13003],[88.9128,22.13039],[88.91244,22.13078],[88.91205,22.13114],[88.91166,22.13153],[88.91131,22.1319],[88.91093,22.13222],[88.91055,22.13251],[88.91019,22.13287],[88.90981,22.13325],[88.90944,22.13365],[88.90914,22.13417],[88.90884,22.13474],[88.90865,22.13531],[88.9086,22.13587],[88.90861,22.13642],[88.90861,22.13694],[88.90861,22.13745],[88.90862,22.13794],[88.90871,22.1384],[88.90885,22.13884],[88.90889,22.13928],[88.90889,22.13974],[88.90889,22.14021],[88.90892,22.14064],[88.90898,22.141],[88.90898,22.14133],[88.90891,22.14165],[88.90884,22.14202],[88.90868,22.1424],[88.90858,22.14288],[88.90835,22.14338],[88.90817,22.14391],[88.90806,22.14443],[88.90797,22.14491],[88.90782,22.14531],[88.90778,22.14575],[88.90777,22.14622],[88.90771,22.1467],[88.90755,22.14712],[88.90746,22.14756],[88.90724,22.1479],[88.90705,22.14822],[88.90692,22.14861],[88.90672,22.14899],[88.90654,22.14948],[88.90635,22.15003],[88.90611,22.15052],[88.90585,22.15098],[88.90563,22.1514],[88.90544,22.15178],[88.90525,22.15209],[88.90501,22.15235],[88.90475,22.15264],[88.90449,22.15301],[88.90419,22.15343],[88.90385,22.15392],[88.90348,22.15441],[88.90306,22.15486],[88.90265,22.15527],[88.90226,22.15565],[88.9019,22.15608],[88.90152,22.15654],[88.90108,22.15704],[88.90057,22.15753],[88.90005,22.15803],[88.89951,22.15844],[88.8991,22.15886],[88.89871,22.15917],[88.89836,22.15947],[88.89804,22.1598],[88.89767,22.16011],[88.89719,22.16044],[88.89665,22.16085],[88.89614,22.16126],[88.89572,22.16169],[88.89538,22.16211],[88.89503,22.16242],[88.89476,22.16275],[88.89461,22.16315],[88.89451,22.16354],[88.89442,22.16391],[88.89427,22.16423],[88.89418,22.16461],[88.89411,22.16504],[88.89397,22.16543],[88.89379,22.16575],[88.89368,22.16624],[88.89345,22.16674],[88.89357,22.16724],[88.89365,22.16774],[88.89381,22.16818],[88.89388,22.16864],[88.89389,22.16914],[88.89394,22.1697],[88.89413,22.17029],[88.89428,22.17093],[88.89467,22.17136],[88.8952,22.17161],[88.8958,22.17163],[88.89637,22.17145],[88.89693,22.17126],[88.89746,22.17106],[88.89796,22.17082],[88.89842,22.17056],[88.89889,22.17028],[88.89935,22.17],[88.89983,22.16975],[88.90033,22.16954],[88.90087,22.16939],[88.90139,22.16916],[88.90192,22.16889],[88.90247,22.1686],[88.90298,22.16827],[88.90341,22.16789],[88.90382,22.16759],[88.90431,22.16746],[88.90472,22.16725],[88.90515,22.16707],[88.90561,22.16687],[88.90604,22.16658],[88.90643,22.1662],[88.90684,22.16585],[88.90726,22.16556],[88.90765,22.16527],[88.90802,22.16502],[88.90833,22.16473],[88.90862,22.16445],[88.90894,22.16418],[88.90929,22.16391],[88.90974,22.16366],[88.91023,22.16336],[88.91071,22.16298],[88.91117,22.16257],[88.91164,22.16223],[88.91211,22.16195],[88.91257,22.16171],[88.91315,22.1616],[88.91368,22.16138],[88.91425,22.16116],[88.9149,22.16109],[88.91556,22.16097],[88.91622,22.16085],[88.91692,22.16083],[88.9176,22.16083],[88.91821,22.16084],[88.91872,22.16091],[88.91917,22.16111],[88.91972,22.16111],[88.92,22.16139],[88.92028,22.16139],[88.92042,22.16153],[88.92056,22.16167],[88.92111,22.16167],[88.92096,22.16192],[88.92144,22.16211],[88.92175,22.16236],[88.92211,22.16255],[88.92245,22.16278],[88.92278,22.16305],[88.92316,22.16333],[88.92359,22.1636],[88.92403,22.16393],[88.92443,22.16435],[88.92478,22.16477],[88.92503,22.16517],[88.92525,22.16548],[88.92539,22.1658],[88.92552,22.16608],[88.92561,22.16645],[88.92578,22.16676],[88.92595,22.16712],[88.92609,22.16756],[88.92612,22.16807],[88.92612,22.16861],[88.92612,22.16916],[88.92614,22.16972],[88.92624,22.17027],[88.92624,22.1708],[88.92617,22.17138],[88.92622,22.17199],[88.92609,22.17253],[88.92597,22.17307],[88.92585,22.17356],[88.92565,22.17395],[88.92556,22.1744],[88.92542,22.17479],[88.92536,22.17521],[88.92555,22.17556],[88.9259,22.17584],[88.92635,22.17604],[88.92689,22.176],[88.92744,22.17583],[88.92796,22.17564],[88.92844,22.17546],[88.92889,22.17526],[88.92929,22.17503],[88.9297,22.17483],[88.93008,22.17464],[88.93043,22.17447],[88.93077,22.17435],[88.9311,22.1742],[88.93149,22.17418],[88.93189,22.17426],[88.93229,22.17442],[88.93266,22.17451],[88.93298,22.1747],[88.93333,22.17486],[88.93369,22.1751],[88.93402,22.17542],[88.93433,22.17578],[88.93468,22.17609],[88.93496,22.17646],[88.93521,22.17686],[88.93551,22.17726],[88.93581,22.17772],[88.93606,22.17827],[88.93636,22.17884],[88.93678,22.17937],[88.9373,22.1798],[88.93777,22.1802],[88.93835,22.18033],[88.93883,22.18049],[88.9392,22.18062],[88.9395,22.18079],[88.93983,22.18083],[88.94016,22.18087],[88.94049,22.18101],[88.94087,22.18105],[88.94128,22.18109],[88.9417,22.18111],[88.94214,22.18111],[88.94256,22.18112],[88.94298,22.18119],[88.94337,22.18135],[88.94383,22.18141],[88.9443,22.18159],[88.94475,22.18195],[88.94525,22.18236],[88.94573,22.18285],[88.94613,22.18347],[88.94649,22.1841],[88.94664,22.18476],[88.94662,22.18538],[88.94642,22.1859],[88.94618,22.18637],[88.94584,22.18677],[88.94547,22.18717],[88.945,22.18753],[88.9446,22.18798],[88.94412,22.18834],[88.94365,22.18866],[88.94324,22.18898],[88.94289,22.18933],[88.94256,22.18967],[88.94237,22.19001],[88.94264,22.19028],[88.9431,22.1905],[88.94372,22.19055],[88.94437,22.19056],[88.94496,22.19051],[88.94543,22.19033],[88.94589,22.1902],[88.94631,22.19007],[88.94675,22.18997],[88.94714,22.18981],[88.94756,22.18973],[88.94798,22.18969],[88.94837,22.18956],[88.94882,22.18943],[88.94935,22.18929],[88.94997,22.18919],[88.95067,22.18917],[88.95139,22.18919],[88.9521,22.18923],[88.95276,22.18939],[88.95336,22.18941],[88.95386,22.18946],[88.95428,22.18956],[88.95471,22.18969],[88.95522,22.18974],[88.95574,22.18981],[88.95624,22.18995],[88.95674,22.19],[88.95725,22.19004],[88.95773,22.19012],[88.95821,22.19025],[88.95869,22.19028],[88.95915,22.19023],[88.95958,22.19],[88.95998,22.18975],[88.96036,22.18955],[88.96066,22.18935],[88.96089,22.18912],[88.96103,22.18887],[88.96115,22.18859]]],[[[88.93417,22.55586],[88.93451,22.55583],[88.93484,22.55583],[88.93517,22.55585],[88.9355,22.55593],[88.93581,22.55611],[88.93618,22.5563],[88.9366,22.55643],[88.937,22.55666],[88.93742,22.55683],[88.93785,22.55691],[88.93826,22.55684],[88.93863,22.55664],[88.93891,22.55636],[88.93915,22.55606],[88.93937,22.55577],[88.93973,22.55559],[88.94012,22.55542],[88.94049,22.55521],[88.94084,22.55496],[88.94122,22.55472],[88.9416,22.55449],[88.94201,22.55438],[88.94242,22.55425],[88.94282,22.5541],[88.94311,22.55379],[88.94345,22.55355],[88.94381,22.55337],[88.94421,22.55328],[88.94469,22.55312],[88.94526,22.55307],[88.94587,22.55301],[88.94643,22.55278],[88.94698,22.55255],[88.94764,22.55247],[88.94825,22.55232],[88.94882,22.55223],[88.94941,22.55214],[88.94999,22.55204],[88.95055,22.55196],[88.95106,22.55195],[88.95155,22.55194],[88.95202,22.55191],[88.95245,22.55175],[88.95289,22.55168],[88.95334,22.55166],[88.95377,22.55161],[88.95422,22.55153],[88.95473,22.5515],[88.95531,22.55149],[88.95595,22.55137],[88.95658,22.55117],[88.95719,22.55094],[88.95776,22.55068],[88.95828,22.55039],[88.95876,22.55012],[88.95914,22.5498],[88.95944,22.54942],[88.95971,22.54902],[88.95996,22.54862],[88.96011,22.54815],[88.96029,22.5478],[88.96046,22.54747],[88.96061,22.54715],[88.9609,22.5469],[88.9611,22.54655],[88.96121,22.54627],[88.96125,22.54618],[88.96139,22.54583],[88.96151,22.54548],[88.96161,22.5451],[88.96171,22.54466],[88.96191,22.54422],[88.96203,22.54368],[88.96223,22.54317],[88.9625,22.54268],[88.96275,22.54219],[88.96288,22.54162],[88.96301,22.54108],[88.96316,22.54056],[88.96329,22.54006],[88.96338,22.53957],[88.96353,22.53914],[88.96368,22.53868],[88.96388,22.53823],[88.96407,22.53777],[88.9642,22.5373],[88.96436,22.53691],[88.96444,22.53654],[88.96454,22.53616],[88.96472,22.53577],[88.96493,22.53531],[88.96504,22.53471],[88.96523,22.53409],[88.96529,22.5334],[88.96538,22.53271],[88.96555,22.53205],[88.96568,22.53142],[88.9658,22.53085],[88.96587,22.53031],[88.966,22.52982],[88.96611,22.52931],[88.96622,22.5288],[88.9664,22.52833],[88.96661,22.52786],[88.9667,22.52729],[88.96691,22.52676],[88.96703,22.52619],[88.96719,22.52561],[88.96727,22.52498],[88.96745,22.52439],[88.9675,22.52381],[88.96753,22.52333],[88.96762,22.52296],[88.96774,22.52258],[88.96776,22.52215],[88.96777,22.52167],[88.96779,22.52115],[88.96786,22.52065],[88.96801,22.52025],[88.96806,22.51984],[88.96806,22.51945],[88.96806,22.51905],[88.9681,22.51861],[88.96828,22.51815],[88.96835,22.51759],[88.96848,22.517],[88.96864,22.51639],[88.9688,22.51579],[88.96892,22.51521],[88.96904,22.5147],[88.96915,22.51418],[88.96924,22.51375],[88.96939,22.51342],[88.96945,22.51308],[88.96948,22.51274],[88.96961,22.51247],[88.96973,22.51219],[88.96984,22.51191],[88.96993,22.51157],[88.96998,22.51117],[88.97,22.51068],[88.97,22.51013],[88.96997,22.50955],[88.96984,22.50901],[88.96977,22.5086],[88.96972,22.50695],[88.97,22.50667],[88.97,22.50611],[88.97028,22.50583],[88.97028,22.505],[88.97056,22.50472],[88.97056,22.50389],[88.97083,22.50361],[88.97083,22.50139],[88.97111,22.50111],[88.97111,22.50028],[88.97139,22.5],[88.97139,22.49889],[88.97165,22.49861],[88.97167,22.49833],[88.97195,22.49806],[88.97194,22.4975],[88.97222,22.49722],[88.97222,22.49694],[88.9725,22.49667],[88.9725,22.4964],[88.97334,22.49556],[88.97334,22.49528],[88.97361,22.495],[88.97361,22.49472],[88.97417,22.49417],[88.97417,22.49389],[88.97444,22.49361],[88.97444,22.49334],[88.975,22.49278],[88.975,22.4925],[88.97528,22.49222],[88.97528,22.49195],[88.97583,22.49139],[88.97583,22.49111],[88.97611,22.49083],[88.97611,22.49056],[88.97667,22.49],[88.97667,22.48944],[88.97694,22.48917],[88.97694,22.48806],[88.97722,22.48778],[88.97722,22.48611],[88.9775,22.48583],[88.9775,22.485],[88.97778,22.48472],[88.97778,22.48389],[88.97807,22.48361],[88.97806,22.48333],[88.97833,22.48306],[88.97833,22.4825],[88.97861,22.48222],[88.97861,22.48195],[88.97889,22.48167],[88.97889,22.4814],[88.97945,22.48083],[88.97945,22.48056],[88.97972,22.48028],[88.97972,22.48],[88.98,22.47972],[88.98,22.47945],[88.98055,22.47889],[88.98055,22.47861],[88.98194,22.47722],[88.98222,22.47723],[88.98305,22.47639],[88.98333,22.47639],[88.98361,22.47611],[88.98417,22.47611],[88.98444,22.47583],[88.98473,22.47584],[88.985,22.47556],[88.9866,22.47556],[88.98722,22.47556],[88.9875,22.47527],[88.98778,22.47528],[88.98891,22.47414],[88.98946,22.4736],[88.99111,22.47194],[88.99111,22.47167],[88.99167,22.47111],[88.99167,22.47083],[88.99278,22.46972],[88.99306,22.46972],[88.995,22.46778],[88.995,22.46722],[88.99528,22.46694],[88.995,22.46667],[88.995,22.46528],[88.99472,22.465],[88.99472,22.46417],[88.99445,22.46389],[88.99445,22.46304],[88.99416,22.46278],[88.99416,22.46222],[88.99389,22.46195],[88.99389,22.46139],[88.99361,22.46111],[88.99361,22.46],[88.99333,22.45972],[88.99333,22.45917],[88.99307,22.45889],[88.99307,22.45861],[88.99333,22.45833],[88.99333,22.45806],[88.99307,22.45778],[88.99307,22.45694],[88.99333,22.45667],[88.99333,22.45658],[88.99255,22.45367],[88.9925,22.45347],[88.99249,22.45342],[88.99248,22.45332],[88.99194,22.45278],[88.99194,22.4525],[88.99167,22.45222],[88.99167,22.45194],[88.99111,22.45139],[88.99111,22.45083],[88.99084,22.45056],[88.99084,22.45028],[88.98972,22.44917],[88.98861,22.44806],[88.98861,22.44778],[88.98833,22.4475],[88.98833,22.44639],[88.98805,22.44611],[88.98805,22.44555],[88.98834,22.44528],[88.98833,22.44306],[88.98861,22.44278],[88.98861,22.44167],[88.98889,22.44139],[88.98889,22.44083],[88.98917,22.44056],[88.98917,22.44],[88.98944,22.43972],[88.98917,22.43944],[88.99,22.43861],[88.99,22.43833],[88.99028,22.43806],[88.99028,22.43778],[88.99416,22.43389],[88.99429,22.43389],[88.99445,22.43389],[88.99555,22.43278],[88.99582,22.43278],[88.99639,22.43222],[88.99667,22.43222],[88.99695,22.43194],[88.99722,22.43194],[88.99778,22.43139],[88.99805,22.43139],[88.99805,22.43111],[88.99834,22.43083],[88.99834,22.43056],[88.99861,22.43029],[88.99861,22.42972],[88.99834,22.42945],[88.99834,22.42917],[88.99805,22.42889],[88.99778,22.42889],[88.99759,22.4287],[88.9975,22.42861],[88.99695,22.42861],[88.99667,22.42834],[88.99611,22.42834],[88.99584,22.42806],[88.99528,22.42806],[88.995,22.42778],[88.99445,22.42778],[88.99431,22.42764],[88.99417,22.4275],[88.99389,22.42722],[88.99361,22.42722],[88.99333,22.42695],[88.99306,22.42695],[88.99278,22.42667],[88.9925,22.42639],[88.99206,22.42639],[88.99194,22.42639],[88.99167,22.42611],[88.99138,22.42614],[88.99084,22.42556],[88.99069,22.42556],[88.99055,22.42556],[88.99001,22.425],[88.98972,22.425],[88.98917,22.42444],[88.98889,22.42444],[88.98834,22.42389],[88.98805,22.42389],[88.98583,22.42167],[88.98583,22.42139],[88.98473,22.42028],[88.98473,22.42],[88.98167,22.41694],[88.98139,22.41694],[88.98111,22.41667],[88.98082,22.41667],[88.98055,22.41639],[88.97916,22.41639],[88.97889,22.41611],[88.97806,22.41611],[88.97778,22.41583],[88.97667,22.41583],[88.97658,22.41574],[88.97639,22.41556],[88.97611,22.41556],[88.97583,22.41583],[88.97556,22.41556],[88.97528,22.41556],[88.975,22.41528],[88.97472,22.41528],[88.97444,22.41499],[88.97417,22.415],[88.97389,22.41472],[88.97361,22.41472],[88.97334,22.41445],[88.97278,22.41445],[88.9725,22.41417],[88.97222,22.41417],[88.97194,22.41389],[88.97111,22.41389],[88.97083,22.41361],[88.97028,22.41361],[88.97,22.41333],[88.96972,22.41334],[88.96945,22.41306],[88.96917,22.41306],[88.96888,22.41278],[88.96861,22.41278],[88.96806,22.41222],[88.96778,22.41222],[88.96722,22.41167],[88.96694,22.41167],[88.96639,22.41111],[88.96611,22.41111],[88.9657,22.4107],[88.96528,22.41028],[88.965,22.41028],[88.96472,22.41],[88.96472,22.40972],[88.96417,22.40917],[88.96416,22.40889],[88.96389,22.40861],[88.96389,22.40833],[88.96361,22.40806],[88.96361,22.40778],[88.96333,22.4075],[88.96333,22.40667],[88.96306,22.40639],[88.96306,22.40583],[88.96333,22.40556],[88.96333,22.40472],[88.96389,22.40417],[88.96389,22.40389],[88.96361,22.40361],[88.96416,22.40361],[88.9675,22.40028],[88.9675,22.39999],[88.96778,22.39972],[88.96778,22.39945],[88.96806,22.39917],[88.96806,22.39889],[88.96833,22.39861],[88.96833,22.39833],[88.96861,22.39806],[88.96861,22.39778],[88.96888,22.3975],[88.96888,22.39722],[88.96917,22.39694],[88.96917,22.39667],[88.96944,22.39639],[88.96944,22.39611],[88.97,22.39556],[88.97,22.39528],[88.97028,22.395],[88.97028,22.39389],[88.97,22.39361],[88.97,22.39333],[88.96945,22.39278],[88.96888,22.39278],[88.96861,22.3925],[88.96722,22.3925],[88.96694,22.39222],[88.96667,22.39222],[88.96611,22.39167],[88.96611,22.39139],[88.965,22.39028],[88.965,22.39],[88.96472,22.38972],[88.96472,22.38806],[88.965,22.38778],[88.965,22.38722],[88.96528,22.38694],[88.96528,22.38667],[88.96555,22.38639],[88.96555,22.38556],[88.96584,22.38528],[88.96555,22.38501],[88.96555,22.38417],[88.96528,22.38389],[88.96528,22.38195],[88.965,22.38167],[88.965,22.38111],[88.96472,22.38083],[88.96472,22.38028],[88.96445,22.38],[88.96445,22.37944],[88.96417,22.37917],[88.96416,22.37611],[88.96445,22.37583],[88.96445,22.37389],[88.96416,22.37361],[88.96417,22.37306],[88.96389,22.37278],[88.96389,22.3725],[88.96361,22.37222],[88.96361,22.37195],[88.96333,22.37167],[88.96333,22.37139],[88.9625,22.37056],[88.9625,22.37028],[88.96194,22.36972],[88.96195,22.36944],[88.96167,22.36917],[88.96167,22.36861],[88.96139,22.36833],[88.96139,22.36806],[88.95834,22.365],[88.95805,22.365],[88.95778,22.36472],[88.95722,22.36472],[88.95694,22.365],[88.95639,22.365],[88.95583,22.36556],[88.95583,22.36583],[88.95556,22.36611],[88.95556,22.36639],[88.9539,22.36806],[88.95361,22.36806],[88.95333,22.36833],[88.95306,22.36833],[88.95277,22.36861],[88.95222,22.36861],[88.95194,22.36889],[88.95084,22.36889],[88.95055,22.36917],[88.94972,22.36917],[88.94945,22.36944],[88.94861,22.36944],[88.94833,22.36972],[88.94806,22.36972],[88.94777,22.37001],[88.94744,22.37001],[88.94722,22.37001],[88.94695,22.37028],[88.94666,22.37028],[88.94556,22.37139],[88.94556,22.37445],[88.94583,22.37472],[88.94583,22.37528],[88.94611,22.37556],[88.94611,22.37611],[88.94639,22.37639],[88.94639,22.37778],[88.94666,22.37806],[88.94666,22.37861],[88.94695,22.37889],[88.94695,22.38056],[88.94666,22.38083],[88.94666,22.38139],[88.94583,22.38222],[88.94583,22.3825],[88.94556,22.38278],[88.94528,22.38278],[88.94473,22.38333],[88.94444,22.38333],[88.94417,22.38361],[88.94389,22.38361],[88.94361,22.38389],[88.94334,22.38389],[88.94305,22.38417],[88.94251,22.38417],[88.94222,22.38445],[88.94196,22.38445],[88.94139,22.38501],[88.94111,22.38501],[88.93945,22.38667],[88.93945,22.38722],[88.93916,22.3875],[88.93916,22.38778],[88.93945,22.38805],[88.93945,22.39056],[88.93916,22.39083],[88.93916,22.39167],[88.93889,22.39194],[88.9389,22.3925],[88.93723,22.39418],[88.93694,22.39417],[88.93528,22.39583],[88.93528,22.39639],[88.93611,22.39722],[88.93639,22.39722],[88.93667,22.3975],[88.93694,22.3975],[88.93723,22.39778],[88.93781,22.39778],[88.93806,22.39778],[88.93833,22.39806],[88.93861,22.39806],[88.93889,22.39833],[88.93972,22.39833],[88.94,22.39861],[88.94028,22.39861],[88.94055,22.39889],[88.94083,22.39889],[88.94167,22.39972],[88.94167,22.39999],[88.94196,22.40028],[88.94195,22.40278],[88.94167,22.40305],[88.94167,22.40389],[88.94139,22.40417],[88.94139,22.40472],[88.94111,22.405],[88.94111,22.40583],[88.94083,22.40612],[88.94083,22.4075],[88.94111,22.40778],[88.94111,22.40806],[88.94083,22.40833],[88.94083,22.41],[88.94055,22.41028],[88.94055,22.41056],[88.94083,22.41083],[88.94055,22.41111],[88.94055,22.41639],[88.94028,22.41667],[88.94028,22.41722],[88.94021,22.4185],[88.94049,22.41903],[88.94056,22.41905],[88.94065,22.41909],[88.94094,22.4193],[88.94123,22.41937],[88.94164,22.41943],[88.94294,22.4195],[88.9438,22.4195],[88.94452,22.41957],[88.94573,22.41956],[88.94631,22.41977],[88.9466,22.42003],[88.9466,22.42057],[88.94631,22.42064],[88.94452,22.42064],[88.9438,22.4207],[88.94301,22.42064],[88.94208,22.42064],[88.94167,22.42056],[88.94136,22.42055],[88.94089,22.42047],[88.94044,22.42026],[88.94001,22.41994],[88.93971,22.41949],[88.93945,22.41901],[88.93923,22.41855],[88.93912,22.41803],[88.93896,22.41754],[88.93895,22.417],[88.93906,22.41645],[88.93909,22.41586],[88.93902,22.41527],[88.93911,22.41465],[88.93916,22.41402],[88.93916,22.41337],[88.93916,22.41268],[88.93916,22.41193],[88.93916,22.4112],[88.93917,22.41046],[88.93918,22.40973],[88.93925,22.409],[88.93939,22.4083],[88.93945,22.40759],[88.93951,22.40693],[88.93968,22.40639],[88.93976,22.40588],[88.93992,22.40544],[88.94004,22.40494],[88.94023,22.40443],[88.94028,22.40383],[88.94032,22.4032],[88.94041,22.40258],[88.94036,22.40199],[88.94025,22.40139],[88.94,22.40085],[88.93965,22.40037],[88.9392,22.39996],[88.93874,22.39958],[88.93828,22.39928],[88.93777,22.39906],[88.93741,22.39893],[88.93723,22.39887],[88.93672,22.39867],[88.93616,22.39855],[88.93577,22.39833],[88.93547,22.3981],[88.93523,22.39791],[88.93501,22.39774],[88.93477,22.39751],[88.93449,22.39721],[88.93421,22.39683],[88.93404,22.39638],[88.93415,22.39586],[88.93433,22.39538],[88.93451,22.39496],[88.93474,22.39459],[88.935,22.39425],[88.93529,22.39391],[88.93565,22.39361],[88.93608,22.39333],[88.93655,22.39302],[88.93703,22.39265],[88.93741,22.39214],[88.93767,22.39153],[88.93777,22.39086],[88.93784,22.39026],[88.93797,22.38977],[88.93803,22.38931],[88.938,22.38887],[88.9379,22.38841],[88.93801,22.38792],[88.93812,22.38738],[88.93826,22.3869],[88.9384,22.38642],[88.93861,22.38603],[88.93883,22.38564],[88.93913,22.38531],[88.93942,22.38499],[88.93973,22.38468],[88.94005,22.3844],[88.94041,22.38415],[88.94078,22.38386],[88.94116,22.38358],[88.9416,22.38332],[88.94206,22.38306],[88.94254,22.38279],[88.94306,22.38253],[88.94357,22.38224],[88.94398,22.38185],[88.94437,22.38144],[88.94469,22.38097],[88.94493,22.38043],[88.94499,22.37983],[88.945,22.37921],[88.94499,22.37858],[88.94494,22.37794],[88.94483,22.37752],[88.94477,22.37729],[88.94467,22.37659],[88.94446,22.37593],[88.94429,22.37529],[88.94418,22.3747],[88.94416,22.37413],[88.94413,22.3736],[88.94395,22.37315],[88.94373,22.37276],[88.94383,22.3725],[88.94393,22.37215],[88.94413,22.37174],[88.94431,22.37125],[88.9445,22.3708],[88.94474,22.37042],[88.94502,22.37008],[88.94536,22.36979],[88.94573,22.36952],[88.94609,22.36919],[88.94648,22.3689],[88.94688,22.36862],[88.94731,22.36841],[88.9478,22.36827],[88.94808,22.36815],[88.94826,22.36807],[88.94874,22.36792],[88.94924,22.36779],[88.94975,22.36771],[88.95022,22.36752],[88.95068,22.36736],[88.95115,22.36721],[88.9516,22.36703],[88.95209,22.36691],[88.95252,22.3667],[88.95294,22.36654],[88.9532,22.36624],[88.95337,22.36589],[88.95348,22.36553],[88.95345,22.36514],[88.95325,22.36477],[88.95297,22.36437],[88.95262,22.36402],[88.95224,22.36371],[88.9519,22.36341],[88.95155,22.36316],[88.95123,22.3629],[88.9509,22.36257],[88.95059,22.36222],[88.95038,22.36176],[88.95034,22.36164],[88.9502,22.36123],[88.94993,22.36075],[88.94971,22.36026],[88.94953,22.3598],[88.94941,22.3594],[88.94924,22.35909],[88.94917,22.35878],[88.94914,22.35852],[88.94898,22.35829],[88.94889,22.35778],[88.94889,22.35639],[88.94861,22.35611],[88.94861,22.35583],[88.94861,22.35553],[88.94861,22.35516],[88.94862,22.35482],[88.94871,22.35449],[88.94884,22.35419],[88.94882,22.35383],[88.94884,22.35348],[88.94895,22.35313],[88.94913,22.35278],[88.94917,22.35233],[88.94923,22.35184],[88.9494,22.3513],[88.94945,22.35072],[88.94948,22.35011],[88.94961,22.34956],[88.94974,22.34905],[88.94987,22.34863],[88.95,22.34827],[88.95012,22.34794],[88.95025,22.34762],[88.95028,22.34724],[88.95028,22.34681],[88.95028,22.34634],[88.95032,22.34586],[88.95049,22.34544],[88.95059,22.34498],[88.95074,22.34453],[88.95078,22.34404],[88.95068,22.34351],[88.95052,22.34291],[88.95027,22.3423],[88.94999,22.34169],[88.94965,22.34116],[88.94932,22.3407],[88.94908,22.34024],[88.94879,22.33987],[88.94859,22.33934],[88.94835,22.33882],[88.94815,22.33829],[88.94798,22.33773],[88.94776,22.33722],[88.94753,22.33676],[88.94736,22.33627],[88.94722,22.33573],[88.94705,22.33519],[88.94687,22.33465],[88.94666,22.33415],[88.94647,22.33368],[88.94627,22.33321],[88.94611,22.33276],[88.94592,22.3323],[88.94581,22.33186],[88.94563,22.33143],[88.94553,22.33093],[88.9454,22.33045],[88.94529,22.32999],[88.94525,22.32955],[88.94513,22.32918],[88.945,22.32883],[88.94497,22.32845],[88.94485,22.32809],[88.94469,22.32764],[88.94463,22.32708],[88.94463,22.32641],[88.9447,22.32576],[88.94485,22.32524],[88.94498,22.3248],[88.9451,22.32445],[88.94524,22.32415],[88.94531,22.32379],[88.94546,22.32342],[88.94563,22.32297],[88.94583,22.32252],[88.94606,22.32209],[88.94618,22.32156],[88.94635,22.32102],[88.94642,22.32043],[88.94652,22.31985],[88.94643,22.31924],[88.94638,22.31867],[88.94633,22.31816],[88.94619,22.31773],[88.94611,22.31731],[88.94602,22.31689],[88.94585,22.31652],[88.9457,22.31611],[88.94555,22.31568],[88.94539,22.31527],[88.94526,22.31486],[88.9451,22.31452],[88.94492,22.31425],[88.94476,22.31398],[88.94468,22.31367],[88.94456,22.31339],[88.9444,22.31313],[88.94421,22.31289],[88.9441,22.3126],[88.94394,22.31233],[88.94388,22.312],[88.94377,22.31169],[88.94362,22.31139],[88.94347,22.31104],[88.94327,22.31065],[88.94291,22.31031],[88.94242,22.31005],[88.94217,22.30992],[88.94195,22.30988],[88.94167,22.30988],[88.9413,22.31002],[88.94094,22.31017],[88.94054,22.31028],[88.94014,22.31037],[88.9397,22.31043],[88.93928,22.31054],[88.93887,22.31062],[88.93852,22.31079],[88.93811,22.31083],[88.93768,22.31083],[88.93724,22.31083],[88.93681,22.31083],[88.93556,22.31083],[88.93514,22.31083],[88.93472,22.31083],[88.9343,22.31083],[88.93386,22.31086],[88.93343,22.311],[88.93296,22.3111],[88.93248,22.31117],[88.9321,22.31139],[88.93174,22.31167],[88.93139,22.31194],[88.93104,22.31219],[88.93064,22.3124],[88.93024,22.31256],[88.92985,22.31274],[88.92942,22.31285],[88.92906,22.31311],[88.92867,22.31331],[88.92834,22.31359],[88.92805,22.31384],[88.92778,22.31407],[88.92751,22.31434],[88.92728,22.31466],[88.92701,22.31495],[88.9268,22.31527],[88.9266,22.31553],[88.92638,22.31577],[88.92612,22.31599],[88.92587,22.31624],[88.92565,22.31657],[88.92542,22.31693],[88.92512,22.31726],[88.92469,22.31755],[88.92429,22.31792],[88.92389,22.31829],[88.92352,22.31872],[88.92318,22.31927],[88.92286,22.3199],[88.92248,22.32043],[88.92218,22.32087],[88.92185,22.32122],[88.92153,22.32156],[88.92133,22.32197],[88.92106,22.32229],[88.92082,22.32268],[88.92052,22.3231],[88.9202,22.32358],[88.91983,22.32407],[88.91951,22.32465],[88.9192,22.32521],[88.91885,22.3256],[88.91844,22.32589],[88.91811,22.32622],[88.91784,22.32659],[88.9175,22.32691],[88.91714,22.32729],[88.91673,22.32772],[88.91628,22.32817],[88.91579,22.32859],[88.91529,22.32889],[88.91487,22.32917],[88.91453,22.32946],[88.91422,22.32975],[88.91388,22.33008],[88.9135,22.33045],[88.91302,22.33084],[88.91253,22.33122],[88.91213,22.33161],[88.91173,22.3319],[88.9114,22.33221],[88.91106,22.33247],[88.91063,22.33263],[88.91025,22.33292],[88.90983,22.33324],[88.90942,22.33366],[88.90897,22.33408],[88.90853,22.33452],[88.90812,22.33496],[88.90778,22.3354],[88.90733,22.33579],[88.90704,22.33627],[88.90683,22.33678],[88.90662,22.33726],[88.90644,22.33775],[88.90636,22.33827],[88.90625,22.33877],[88.9063,22.33931],[88.90628,22.33987],[88.90612,22.34045],[88.90598,22.34106],[88.90589,22.34171],[88.90585,22.34231],[88.90592,22.34281],[88.90607,22.34315],[88.90611,22.34346],[88.90611,22.34377],[88.90611,22.34413],[88.90611,22.34455],[88.90606,22.34503],[88.90585,22.34556],[88.90567,22.34619],[88.90578,22.34691],[88.90578,22.34763],[88.9056,22.34823],[88.9055,22.34876],[88.90538,22.34918],[88.9053,22.34954],[88.90524,22.34991],[88.90508,22.35023],[88.90493,22.35063],[88.9048,22.35102],[88.90468,22.35129],[88.90451,22.3515],[88.9044,22.35179],[88.90421,22.35205],[88.90404,22.35237],[88.90387,22.35276],[88.90365,22.35313],[88.90352,22.35357],[88.90336,22.35398],[88.90324,22.35439],[88.90305,22.35475],[88.90282,22.35512],[88.90262,22.35558],[88.90236,22.35612],[88.90213,22.35685],[88.90214,22.35766],[88.90218,22.35838],[88.90204,22.35896],[88.90178,22.35941],[88.90177,22.35993],[88.9017,22.36041],[88.9017,22.36086],[88.90171,22.36133],[88.9017,22.36186],[88.90183,22.36242],[88.90192,22.36297],[88.90193,22.36348],[88.90184,22.36392],[88.90172,22.3643],[88.90166,22.36469],[88.90156,22.36509],[88.90142,22.36557],[88.90139,22.36609],[88.90134,22.36663],[88.90119,22.36712],[88.90103,22.36758],[88.90082,22.36807],[88.90058,22.36858],[88.90039,22.36912],[88.90039,22.36973],[88.90028,22.37023],[88.90017,22.37077],[88.90002,22.37133],[88.89972,22.37182],[88.89936,22.37232],[88.89903,22.37287],[88.89868,22.37336],[88.89854,22.37391],[88.89837,22.3744],[88.89822,22.37485],[88.89806,22.37527],[88.89791,22.37566],[88.89782,22.37603],[88.89767,22.37631],[88.89755,22.37661],[88.89738,22.37689],[88.89723,22.37727],[88.89711,22.37767],[88.89699,22.37803],[88.89691,22.37844],[88.89676,22.37883],[88.89661,22.37933],[88.89643,22.37983],[88.89641,22.38038],[88.89653,22.38091],[88.8967,22.38143],[88.89701,22.38187],[88.89739,22.38224],[88.89779,22.38259],[88.89817,22.38291],[88.89851,22.38323],[88.89884,22.38356],[88.8992,22.3839],[88.89955,22.38425],[88.89993,22.38449],[88.9003,22.38474],[88.90065,22.38501],[88.90099,22.38528],[88.90131,22.38555],[88.90165,22.38578],[88.90199,22.38599],[88.9024,22.38614],[88.90279,22.38638],[88.90328,22.38661],[88.9039,22.38677],[88.90459,22.38696],[88.9053,22.38721],[88.90602,22.38746],[88.90667,22.38778],[88.90731,22.38813],[88.908,22.38847],[88.90868,22.38886],[88.90942,22.3892],[88.91007,22.38964],[88.91064,22.38998],[88.91122,22.39016],[88.91175,22.39014],[88.91222,22.39033],[88.91264,22.39065],[88.91309,22.39088],[88.91348,22.39111],[88.91388,22.39134],[88.91436,22.39142],[88.91482,22.39158],[88.91529,22.39187],[88.91592,22.39194],[88.91654,22.39195],[88.91683,22.39195],[88.91711,22.39194],[88.91766,22.3919],[88.91833,22.39167],[88.91861,22.39167],[88.91917,22.39111],[88.91944,22.39111],[88.91972,22.39139],[88.92,22.39111],[88.92028,22.39111],[88.92139,22.39],[88.92167,22.39],[88.92194,22.38972],[88.9225,22.38972],[88.92306,22.38917],[88.92194,22.38805],[88.92194,22.38778],[88.92167,22.3875],[88.92167,22.38667],[88.92139,22.38639],[88.92139,22.38611],[88.92167,22.38583],[88.92167,22.38445],[88.92223,22.38389],[88.92278,22.38445],[88.92416,22.38445],[88.92528,22.38556],[88.92528,22.38667],[88.92555,22.38694],[88.92555,22.3875],[88.92639,22.38833],[88.92667,22.38833],[88.92685,22.38852],[88.92694,22.38861],[88.9275,22.38861],[88.92778,22.38889],[88.92805,22.38889],[88.92861,22.38944],[88.92917,22.38944],[88.93,22.39028],[88.93,22.39139],[88.92973,22.39167],[88.92973,22.39194],[88.92861,22.39306],[88.92834,22.39306],[88.92805,22.39333],[88.9275,22.39333],[88.92722,22.39306],[88.92694,22.39306],[88.92611,22.39222],[88.92555,22.39222],[88.925,22.39278],[88.92445,22.39222],[88.92416,22.39222],[88.92389,22.39195],[88.92306,22.39195],[88.92278,22.39167],[88.92194,22.39167],[88.92167,22.39195],[88.92194,22.39222],[88.92281,22.39287],[88.92424,22.39353],[88.92434,22.3938],[88.92473,22.39395],[88.92503,22.39419],[88.92533,22.39445],[88.92563,22.39471],[88.92596,22.39498],[88.92634,22.39524],[88.92668,22.39557],[88.927,22.39591],[88.92725,22.39631],[88.9275,22.39672],[88.92772,22.39717],[88.92782,22.39774],[88.92801,22.39831],[88.92805,22.39892],[88.92809,22.39954],[88.92816,22.40018],[88.9281,22.40078],[88.92802,22.40136],[88.92787,22.40187],[88.92777,22.40233],[88.92769,22.40271],[88.92754,22.40301],[88.92747,22.40333],[88.92737,22.40361],[88.92724,22.40387],[88.92711,22.40411],[88.92696,22.40442],[88.92673,22.4047],[88.92657,22.40507],[88.92638,22.40541],[88.92614,22.4058],[88.92582,22.40623],[88.9254,22.40668],[88.92486,22.40719],[88.92429,22.40766],[88.92377,22.40807],[88.92333,22.4085],[88.9229,22.40894],[88.92249,22.4094],[88.92194,22.40972],[88.92139,22.41002],[88.92083,22.41028],[88.92028,22.41083],[88.92,22.41083],[88.91944,22.41139],[88.91917,22.41139],[88.91889,22.41167],[88.91861,22.41167],[88.91833,22.41195],[88.91805,22.41195],[88.91778,22.41222],[88.9175,22.41222],[88.91722,22.4125],[88.91711,22.4126],[88.91678,22.41253],[88.91642,22.41251],[88.91599,22.41255],[88.91558,22.41266],[88.91521,22.41279],[88.91486,22.41291],[88.91449,22.41303],[88.91403,22.41311],[88.91357,22.41329],[88.91305,22.41335],[88.91254,22.41345],[88.91209,22.41358],[88.9116,22.41369],[88.91114,22.41389],[88.91063,22.41407],[88.90998,22.41424],[88.9094,22.41457],[88.90889,22.41472],[88.90778,22.41583],[88.90778,22.41694],[88.90831,22.4175],[88.90862,22.41777],[88.90908,22.41799],[88.90956,22.41828],[88.91005,22.41854],[88.91049,22.41888],[88.91087,22.4192],[88.91125,22.41941],[88.91155,22.41967],[88.91187,22.41986],[88.9124,22.41979],[88.91301,22.41961],[88.91344,22.41982],[88.91371,22.42039],[88.91398,22.42072],[88.91434,22.42075],[88.91463,22.42081],[88.91486,22.42095],[88.91515,22.42108],[88.91552,22.42112],[88.91592,22.42112],[88.91631,22.42116],[88.91667,22.42134],[88.91707,22.42145],[88.91749,22.42164],[88.91799,22.42179],[88.91856,22.42201],[88.91901,22.4224],[88.91933,22.42296],[88.91952,22.42363],[88.91998,22.42414],[88.92045,22.42468],[88.92065,22.42531],[88.92067,22.42589],[88.92062,22.42631],[88.92054,22.42669],[88.92042,22.42706],[88.92027,22.42739],[88.92008,22.4277],[88.91992,22.42802],[88.91972,22.42833],[88.91944,22.42861],[88.91944,22.42889],[88.91889,22.42945],[88.91889,22.42972],[88.91722,22.43139],[88.91722,22.43167],[88.91583,22.43306],[88.91583,22.43333],[88.91556,22.43361],[88.91556,22.43389],[88.91528,22.43417],[88.91528,22.43445],[88.915,22.43472],[88.915,22.435],[88.91473,22.43528],[88.91472,22.43556],[88.91417,22.4361],[88.91417,22.43639],[88.91389,22.43667],[88.91375,22.43674],[88.91358,22.43704],[88.91334,22.43734],[88.91305,22.43768],[88.91272,22.43806],[88.91235,22.43848],[88.91193,22.43889],[88.91142,22.43929],[88.91092,22.43974],[88.9104,22.44023],[88.90981,22.44063],[88.90929,22.44108],[88.90881,22.44148],[88.90836,22.44192],[88.90793,22.44234],[88.90745,22.44272],[88.90691,22.44303],[88.90636,22.44333],[88.9058,22.44364],[88.90531,22.44405],[88.90491,22.44452],[88.90452,22.44493],[88.90423,22.44532],[88.90405,22.44569],[88.90392,22.44615],[88.90389,22.44661],[88.90388,22.44702],[88.90388,22.44742],[88.90389,22.44783],[88.90389,22.44825],[88.90389,22.44868],[88.90385,22.4491],[88.90366,22.44951],[88.90361,22.44993],[88.90361,22.45037],[88.90361,22.45079],[88.90361,22.45123],[88.90359,22.45167],[88.90347,22.4521],[88.90335,22.45252],[88.90333,22.45296],[88.90334,22.45341],[88.90333,22.45388],[88.90329,22.45432],[88.90314,22.45474],[88.90316,22.45523],[88.90299,22.45568],[88.90289,22.45624],[88.90271,22.45678],[88.90256,22.45736],[88.9023,22.45789],[88.90211,22.45845],[88.90192,22.45899],[88.90168,22.45945],[88.90148,22.45987],[88.90121,22.46019],[88.90102,22.46052],[88.90084,22.46077],[88.90068,22.46099],[88.90055,22.4612],[88.90041,22.4614],[88.90024,22.4616],[88.90004,22.46179],[88.89987,22.46205],[88.89963,22.46226],[88.89926,22.46244],[88.89889,22.46275],[88.89846,22.46305],[88.89802,22.46334],[88.89764,22.46362],[88.8975,22.46389],[88.89694,22.46389],[88.89472,22.46611],[88.89472,22.46722],[88.89667,22.46917],[88.89667,22.46944],[88.89694,22.46972],[88.89694,22.47],[88.89722,22.47002],[88.89724,22.47055],[88.89738,22.47101],[88.89753,22.47151],[88.89775,22.47202],[88.89793,22.47261],[88.89808,22.47323],[88.89825,22.47381],[88.89835,22.47443],[88.89848,22.47507],[88.89865,22.47567],[88.89874,22.47631],[88.89882,22.47684],[88.89866,22.47729],[88.89857,22.47779],[88.8984,22.47826],[88.89825,22.47869],[88.89804,22.4791],[88.89778,22.47956],[88.89751,22.48009],[88.89729,22.48071],[88.89702,22.48128],[88.8968,22.48178],[88.89659,22.48232],[88.89642,22.48293],[88.89619,22.48351],[88.8963,22.4841],[88.89642,22.48469],[88.89661,22.48525],[88.89674,22.48585],[88.897,22.48631],[88.89732,22.48665],[88.89763,22.48695],[88.8979,22.48724],[88.89817,22.48756],[88.89847,22.4879],[88.89884,22.48826],[88.89933,22.48853],[88.8998,22.48887],[88.90027,22.48917],[88.90071,22.48945],[88.90087,22.48955],[88.90112,22.48969],[88.90139,22.48972],[88.90195,22.48972],[88.90278,22.49056],[88.90305,22.49056],[88.90361,22.49111],[88.90348,22.49114],[88.90379,22.49141],[88.90404,22.49171],[88.90428,22.49197],[88.9045,22.49223],[88.90479,22.4924],[88.90504,22.49271],[88.9053,22.49305],[88.90561,22.49337],[88.90585,22.49376],[88.90611,22.49416],[88.90637,22.49458],[88.90656,22.49509],[88.90672,22.49565],[88.90697,22.4962],[88.90705,22.49676],[88.9071,22.49727],[88.90719,22.49769],[88.90722,22.49813],[88.90726,22.4986],[88.90738,22.49909],[88.90736,22.49969],[88.90733,22.50037],[88.90725,22.50101],[88.90723,22.50159],[88.90722,22.50221],[88.90722,22.5025],[88.90694,22.50278],[88.90694,22.50306],[88.90889,22.505],[88.90916,22.505],[88.90972,22.50556],[88.90972,22.50583],[88.90945,22.50611],[88.90916,22.50611],[88.90889,22.50639],[88.90778,22.50639],[88.9075,22.50667],[88.90722,22.50667],[88.90695,22.50695],[88.90667,22.50695],[88.90639,22.50722],[88.90611,22.50722],[88.90611,22.5075],[88.90583,22.50778],[88.90583,22.50805],[88.90611,22.50833],[88.90611,22.50861],[88.90667,22.50861],[88.9075,22.50778],[88.90806,22.50778],[88.90833,22.5075],[88.91139,22.5075],[88.91166,22.50778],[88.91222,22.50778],[88.91242,22.50797],[88.9125,22.50806],[88.91306,22.50805],[88.91417,22.50917],[88.91417,22.51],[88.91444,22.51028],[88.91444,22.51111],[88.91417,22.51138],[88.91444,22.51167],[88.91444,22.51194],[88.91417,22.51222],[88.91417,22.51389],[88.91389,22.51417],[88.91389,22.51472],[88.91222,22.51639],[88.91222,22.51667],[88.91194,22.51695],[88.91194,22.51722],[88.91167,22.5175],[88.91167,22.51806],[88.91139,22.51833],[88.91139,22.51889],[88.91111,22.51917],[88.91111,22.51944],[88.91055,22.52],[88.91028,22.51972],[88.90972,22.51972],[88.90945,22.51945],[88.90916,22.51945],[88.90889,22.51917],[88.9086,22.51917],[88.90833,22.51889],[88.90806,22.51889],[88.9075,22.51833],[88.90722,22.51861],[88.90694,22.51861],[88.90639,22.51917],[88.9075,22.52028],[88.90806,22.52028],[88.91028,22.5225],[88.91028,22.52361],[88.91,22.52389],[88.91,22.52417],[88.90945,22.52472],[88.90945,22.525],[88.90889,22.52556],[88.90861,22.52556],[88.90806,22.525],[88.90806,22.52472],[88.90778,22.52444],[88.90778,22.52333],[88.9075,22.52306],[88.9075,22.52278],[88.90722,22.5225],[88.90695,22.52229],[88.90683,22.52271],[88.90663,22.52309],[88.9064,22.5235],[88.90618,22.52392],[88.90597,22.52431],[88.90582,22.52466],[88.9056,22.52491],[88.90541,22.52514],[88.90512,22.52533],[88.9048,22.52556],[88.90447,22.52584],[88.90423,22.52626],[88.90417,22.52678],[88.90413,22.52725],[88.90401,22.52765],[88.90392,22.52798],[88.9039,22.52831],[88.90389,22.52861],[88.90388,22.52891],[88.90383,22.52919],[88.90367,22.52943],[88.90359,22.5297],[88.9035,22.52997],[88.90334,22.53026],[88.90319,22.53065],[88.90311,22.53115],[88.90316,22.5317],[88.90337,22.53212],[88.90363,22.53245],[88.90388,22.53276],[88.90475,22.53451],[88.9046,22.53578],[88.90394,22.53765],[88.90376,22.53791],[88.90329,22.53836],[88.90285,22.53886],[88.9025,22.53944],[88.90221,22.54002],[88.90201,22.54063],[88.90202,22.54129],[88.90219,22.54191],[88.90241,22.54247],[88.90244,22.54302],[88.90225,22.54348],[88.9021,22.5439],[88.90199,22.54432],[88.90194,22.54477],[88.90188,22.54522],[88.9019,22.54565],[88.90192,22.54606],[88.90186,22.54644],[88.90166,22.54679],[88.90139,22.54718],[88.90107,22.54762],[88.90067,22.54806],[88.90023,22.54849],[88.89976,22.54886],[88.89934,22.54925],[88.89908,22.54972],[88.8989,22.55021],[88.8988,22.55066],[88.89867,22.55105],[88.89864,22.55137],[88.8981,22.55295],[88.89773,22.55377],[88.89749,22.55416],[88.89723,22.55448],[88.89697,22.55479],[88.89669,22.55509],[88.89639,22.55543],[88.89607,22.55579],[88.89569,22.55614],[88.89532,22.55657],[88.895,22.55714],[88.89477,22.55779],[88.89477,22.55847],[88.89494,22.55907],[88.89504,22.55964],[88.89529,22.56011],[88.89566,22.5605],[88.89614,22.56079],[88.89677,22.56092],[88.8974,22.56104],[88.89797,22.5611],[88.89854,22.56115],[88.8991,22.5613],[88.89967,22.56142],[88.90018,22.56165],[88.9007,22.56181],[88.90125,22.56193],[88.90183,22.56202],[88.9024,22.56218],[88.90302,22.56225],[88.90363,22.56237],[88.90423,22.56249],[88.90488,22.56262],[88.90553,22.5628],[88.90614,22.56299],[88.90677,22.56297],[88.90725,22.56304],[88.90768,22.56308],[88.90807,22.5632],[88.90849,22.56344],[88.90903,22.56359],[88.90961,22.5637],[88.91016,22.56386],[88.91072,22.56397],[88.91125,22.56416],[88.91179,22.56435],[88.91235,22.56443],[88.9129,22.5645],[88.91335,22.56467],[88.91383,22.56472],[88.91434,22.56473],[88.91486,22.5648],[88.91543,22.56495],[88.91605,22.565],[88.91667,22.56506],[88.91726,22.56524],[88.91783,22.56528],[88.91839,22.56528],[88.91894,22.56529],[88.91949,22.56538],[88.92002,22.56542],[88.92017,22.56531],[88.92039,22.56513],[88.92083,22.56498],[88.92126,22.56481],[88.92162,22.56447],[88.92204,22.56417],[88.92248,22.56387],[88.92287,22.56352],[88.92326,22.56315],[88.92365,22.56281],[88.92406,22.56249],[88.92445,22.56222],[88.92481,22.56195],[88.92519,22.56167],[88.9256,22.56139],[88.92603,22.56111],[88.92648,22.56083],[88.92694,22.56056],[88.92738,22.56028],[88.92782,22.56003],[88.92831,22.55977],[88.92879,22.55952],[88.92929,22.55919],[88.92979,22.55889],[88.93031,22.55859],[88.93081,22.55831],[88.93124,22.55793],[88.93158,22.55758],[88.93187,22.55724],[88.93218,22.55694],[88.93246,22.55667],[88.93276,22.55643],[88.93314,22.55629],[88.9335,22.55612],[88.93385,22.55599],[88.93417,22.55586]]],[[[88.81277,22.01944],[88.81306,22.01917],[88.81333,22.01917],[88.81528,22.01944],[88.81555,22.01972],[88.81834,22.02028],[88.81944,22.02056],[88.82027,22.02084],[88.82195,22.02167],[88.82611,22.02167],[88.82639,22.02139],[88.82639,22.02111],[88.83028,22.02056],[88.83195,22.02028],[88.83305,22.02],[88.83472,22.01944],[88.83583,22.01917],[88.8375,22.01861],[88.84333,22.01778],[88.84333,22.0175],[88.84833,22.0175],[88.84834,22.01777],[88.8525,22.01805],[88.85528,22.01861],[88.85611,22.01889],[88.85778,22.01972],[88.85861,22.02],[88.86083,22.02111],[88.86333,22.02361],[88.86417,22.02389],[88.86528,22.02445],[88.86639,22.02445],[88.86694,22.02417],[88.86833,22.02278],[88.86833,22.02222],[88.86861,22.02194],[88.86861,22.02139],[88.86916,22.02084],[88.86916,22.02056],[88.86972,22.02],[88.86972,22.01972],[88.87028,22.01917],[88.87028,22.01889],[88.87055,22.01861],[88.87055,22.01667],[88.87139,22.01528],[88.87249,22.01471],[88.87278,22.01444],[88.87334,22.01417],[88.87527,22.01222],[88.87612,22.01194],[88.87889,22.01167],[88.87972,22.01139],[88.88611,22.01111],[88.88722,22.01111],[88.8875,22.01139],[88.8925,22.01167],[88.89389,22.01194],[88.89666,22.01222],[88.89694,22.0125],[88.89833,22.01278],[88.89833,22.01306],[88.89934,22.01306],[88.89972,22.01306],[88.9025,22.01167],[88.90361,22.01056],[88.90361,22.00917],[88.90417,22.00861],[88.90417,22.00806],[88.90397,22.00786],[88.90389,22.00778],[88.90417,22.0075],[88.90417,22.00722],[88.90444,22.00695],[88.90444,22.00278],[88.90389,22.0025],[88.90389,22],[88.90355,21.99973],[88.90298,21.99436],[88.9024,21.9871],[88.90375,21.98077],[88.90412,21.97903],[88.90756,21.96935],[88.90784,21.96478],[88.90733,21.96159],[88.90585,21.95213],[88.90585,21.94269],[88.90585,21.93707],[88.90591,21.93607],[88.90627,21.93562],[88.90688,21.93404],[88.90702,21.93287],[88.90727,21.93132],[88.90727,21.92954],[88.90585,21.9282],[88.90402,21.92648],[88.90067,21.9248],[88.89746,21.92284],[88.89625,21.92261],[88.89574,21.92237],[88.89456,21.92194],[88.89011,21.92113],[88.8883,21.92073],[88.88587,21.9208],[88.88241,21.92229],[88.88121,21.92281],[88.87752,21.92257],[88.8729,21.92227],[88.86848,21.92203],[88.86804,21.922],[88.86145,21.91958],[88.85658,21.91906],[88.8497,21.92039],[88.84111,21.92469],[88.83882,21.92739],[88.83453,21.93276],[88.83289,21.93485],[88.82994,21.9376],[88.82484,21.93985],[88.82085,21.9405],[88.81648,21.94074],[88.81639,21.94111],[88.81611,21.94083],[88.815,21.94084],[88.81472,21.94056],[88.81416,21.94056],[88.81389,21.94028],[88.81333,21.94028],[88.81306,21.94],[88.81223,21.94],[88.81194,21.93972],[88.81167,21.93972],[88.81139,21.93944],[88.81,21.93944],[88.80979,21.93924],[88.80945,21.93889],[88.80861,21.93889],[88.80833,21.93917],[88.80805,21.93917],[88.80786,21.93936],[88.80778,21.93944],[88.8075,21.93943],[88.80695,21.94],[88.8064,21.94],[88.80611,21.94028],[88.80527,21.94028],[88.805,21.94056],[88.80444,21.94056],[88.80417,21.94084],[88.80389,21.94083],[88.80361,21.94111],[88.80334,21.94111],[88.80305,21.94139],[88.8025,21.94139],[88.80222,21.94167],[88.80194,21.94167],[88.80167,21.94195],[88.80084,21.94195],[88.80055,21.94222],[88.7975,21.94222],[88.79723,21.94195],[88.795,21.94195],[88.79473,21.94167],[88.79333,21.94167],[88.79305,21.94139],[88.7914,21.94139],[88.79111,21.94167],[88.79056,21.94167],[88.78944,21.94278],[88.78944,21.94306],[88.78917,21.94333],[88.78917,21.94611],[88.78944,21.94639],[88.78944,21.94722],[88.78972,21.9475],[88.78972,21.94933],[88.78972,21.94944],[88.79,21.94972],[88.79,21.95195],[88.78972,21.95222],[88.78972,21.9525],[88.78917,21.95306],[88.78917,21.95333],[88.78833,21.95417],[88.78806,21.95417],[88.78722,21.955],[88.78584,21.955],[88.78555,21.95472],[88.78528,21.95472],[88.785,21.95445],[88.78472,21.95445],[88.78417,21.95389],[88.78389,21.95389],[88.78278,21.95278],[88.7825,21.95278],[88.78111,21.95139],[88.78111,21.95111],[88.78056,21.95056],[88.78056,21.95028],[88.78028,21.95],[88.78028,21.94944],[88.78,21.94917],[88.78,21.94889],[88.77985,21.94875],[88.77944,21.94833],[88.77944,21.94806],[88.77917,21.94778],[88.77917,21.94695],[88.77889,21.94667],[88.77889,21.94639],[88.77805,21.94556],[88.77805,21.94528],[88.7775,21.94472],[88.7775,21.94445],[88.77639,21.94333],[88.77556,21.94333],[88.77528,21.94361],[88.775,21.94361],[88.77472,21.94389],[88.77444,21.94389],[88.77417,21.94417],[88.77389,21.94417],[88.77361,21.94445],[88.77333,21.94445],[88.77306,21.94472],[88.77278,21.94472],[88.77222,21.94528],[88.77194,21.94528],[88.77167,21.94556],[88.77111,21.94556],[88.77055,21.94611],[88.77,21.94611],[88.76945,21.94667],[88.76917,21.94667],[88.76833,21.9475],[88.76806,21.9475],[88.7675,21.94806],[88.76723,21.94806],[88.76639,21.94889],[88.76611,21.94889],[88.76579,21.94922],[88.76305,21.95195],[88.76305,21.95222],[88.76278,21.95222],[88.76222,21.95278],[88.76167,21.95278],[88.76167,21.95306],[88.76139,21.95333],[88.76111,21.95333],[88.76083,21.95361],[88.75972,21.95361],[88.75945,21.95389],[88.75912,21.95389],[88.75806,21.95389],[88.75777,21.95417],[88.7575,21.95417],[88.75694,21.95472],[88.75667,21.95472],[88.75639,21.955],[88.75611,21.955],[88.75584,21.95528],[88.75529,21.95528],[88.755,21.95556],[88.75445,21.95556],[88.75417,21.95583],[88.75333,21.95583],[88.75305,21.95611],[88.7525,21.95611],[88.75166,21.95694],[88.75166,21.95889],[88.75195,21.95917],[88.75195,21.95944],[88.75223,21.95972],[88.75223,21.96],[88.7525,21.96028],[88.7525,21.96056],[88.75278,21.96083],[88.75278,21.96139],[88.75305,21.96167],[88.75305,21.96194],[88.75361,21.9625],[88.75361,21.96333],[88.75389,21.96362],[88.75389,21.96444],[88.75417,21.96472],[88.75417,21.96555],[88.75445,21.96583],[88.75445,21.96611],[88.75472,21.96639],[88.75472,21.96694],[88.75555,21.96778],[88.75555,21.96861],[88.75584,21.96861],[88.75584,21.96889],[88.75611,21.96917],[88.75611,21.96946],[88.75611,21.97],[88.75639,21.97028],[88.75639,21.97111],[88.75667,21.97139],[88.75667,21.97222],[88.75694,21.9725],[88.75694,21.97445],[88.75667,21.97472],[88.75667,21.97528],[88.75611,21.97583],[88.75611,21.97611],[88.75584,21.97639],[88.75584,21.97667],[88.75556,21.97694],[88.75556,21.97722],[88.75333,21.97945],[88.75305,21.97944],[88.75223,21.98028],[88.75195,21.98028],[88.75166,21.98056],[88.75139,21.98056],[88.75111,21.98083],[88.75083,21.98083],[88.74973,21.98195],[88.74973,21.98222],[88.75,21.9825],[88.75,21.98306],[88.75083,21.98389],[88.75139,21.98445],[88.75166,21.98444],[88.7518,21.98458],[88.75195,21.98473],[88.7522,21.98473],[88.7525,21.985],[88.75305,21.985],[88.75333,21.98528],[88.75723,21.98528],[88.75777,21.98473],[88.76167,21.98473],[88.76195,21.98444],[88.76444,21.98444],[88.76472,21.98473],[88.765,21.98473],[88.76527,21.985],[88.76556,21.985],[88.76583,21.98528],[88.76639,21.98528],[88.76667,21.98556],[88.76694,21.98556],[88.76722,21.98583],[88.7675,21.98583],[88.76778,21.98611],[88.76806,21.98611],[88.77055,21.98861],[88.77084,21.98861],[88.77167,21.98945],[88.77194,21.98944],[88.77206,21.98956],[88.77223,21.98972],[88.77445,21.98972],[88.77528,21.98889],[88.77556,21.98889],[88.77695,21.9875],[88.77722,21.9875],[88.77972,21.985],[88.78,21.985],[88.78052,21.98448],[88.78083,21.98417],[88.78111,21.98417],[88.78139,21.98389],[88.78167,21.98389],[88.78239,21.98326],[88.7829,21.98286],[88.78326,21.98245],[88.78332,21.98165],[88.7821,21.98057],[88.78117,21.97929],[88.78056,21.97861],[88.78011,21.97802],[88.77999,21.9776],[88.78003,21.97627],[88.78032,21.97499],[88.78104,21.97364],[88.78197,21.9727],[88.78383,21.97203],[88.78526,21.97149],[88.78762,21.97096],[88.78991,21.97062],[88.79105,21.97062],[88.79105,21.97072],[88.79227,21.97052],[88.79251,21.97054],[88.79449,21.97072],[88.79629,21.97072],[88.79793,21.97039],[88.79922,21.97025],[88.80001,21.97039],[88.80029,21.97045],[88.80008,21.97112],[88.79951,21.97153],[88.79829,21.97166],[88.79327,21.97166],[88.79134,21.97183],[88.78972,21.97183],[88.78913,21.97183],[88.78641,21.97223],[88.78526,21.97277],[88.78483,21.97324],[88.78454,21.97338],[88.78411,21.97311],[88.78347,21.97344],[88.78225,21.97425],[88.78175,21.97486],[88.78189,21.97506],[88.78189,21.97539],[88.78146,21.9762],[88.78175,21.97654],[88.78175,21.97829],[88.7829,21.97902],[88.78412,21.98003],[88.78468,21.98044],[88.7849,21.98178],[88.78526,21.98266],[88.78547,21.98265],[88.7859,21.98265],[88.78676,21.98279],[88.78712,21.98313],[88.78805,21.98353],[88.78877,21.98373],[88.78927,21.98413],[88.78991,21.98434],[88.78991,21.98454],[88.78984,21.98528],[88.78941,21.98568],[88.78884,21.98575],[88.78827,21.98535],[88.78762,21.98508],[88.78705,21.98454],[88.78626,21.98427],[88.78533,21.98427],[88.78468,21.9844],[88.78361,21.98528],[88.78333,21.98528],[88.7825,21.98611],[88.78221,21.98611],[88.78194,21.98639],[88.78167,21.98639],[88.77778,21.99028],[88.77722,21.99028],[88.77667,21.99083],[88.77528,21.99083],[88.775,21.99112],[88.77444,21.99111],[88.77417,21.99139],[88.77222,21.99139],[88.77194,21.99111],[88.77111,21.99112],[88.77084,21.99083],[88.77055,21.99083],[88.77028,21.99056],[88.76972,21.99056],[88.76948,21.99031],[88.76917,21.99028],[88.76861,21.98972],[88.76833,21.98972],[88.76639,21.98778],[88.76592,21.98746],[88.76559,21.98722],[88.76545,21.98712],[88.76501,21.98686],[88.765,21.98667],[88.76444,21.98667],[88.76417,21.98639],[88.76334,21.98639],[88.76305,21.98611],[88.76028,21.98611],[88.76,21.98639],[88.75972,21.98639],[88.75945,21.98667],[88.75889,21.98667],[88.75861,21.98694],[88.75723,21.98694],[88.75694,21.98722],[88.75555,21.98722],[88.75529,21.9875],[88.75448,21.9875],[88.75417,21.9875],[88.75361,21.98806],[88.75361,21.98833],[88.75389,21.98861],[88.75389,21.98889],[88.75417,21.98917],[88.75445,21.98917],[88.75495,21.98971],[88.755,21.99],[88.75777,21.99278],[88.75778,21.99306],[88.75833,21.9936],[88.75833,21.99389],[88.75889,21.99444],[88.75889,21.99472],[88.75972,21.99556],[88.75972,21.99583],[88.76,21.99611],[88.76,21.99667],[88.76028,21.99694],[88.76028,21.9975],[88.76056,21.99778],[88.76056,21.99861],[88.76083,21.99889],[88.76083,22],[88.7611,22.00028],[88.76112,22.00067],[88.76113,22.00138],[88.76112,22.00215],[88.7611,22.0029],[88.76111,22.00365],[88.7611,22.00437],[88.76113,22.00509],[88.76124,22.00576],[88.76148,22.00634],[88.76188,22.00683],[88.76244,22.00721],[88.76303,22.00752],[88.7636,22.00779],[88.76414,22.00803],[88.76462,22.00825],[88.76505,22.00848],[88.7655,22.0087],[88.76596,22.0089],[88.76646,22.0091],[88.76699,22.00927],[88.76746,22.00947],[88.76794,22.00966],[88.76845,22.0098],[88.76896,22.00998],[88.7695,22.01016],[88.76998,22.01042],[88.77048,22.01069],[88.77105,22.01098],[88.77167,22.01139],[88.7725,22.01222],[88.77222,22.0125],[88.77202,22.01248],[88.77127,22.01222],[88.77065,22.01196],[88.77013,22.01177],[88.76966,22.01158],[88.76924,22.01139],[88.76881,22.0112],[88.76837,22.01104],[88.76796,22.01083],[88.76753,22.01062],[88.76707,22.01046],[88.76666,22.01027],[88.76625,22.01009],[88.76578,22.00992],[88.76527,22.00969],[88.76469,22.00943],[88.76407,22.00914],[88.76345,22.00885],[88.76287,22.00853],[88.76236,22.00817],[88.76187,22.00776],[88.76163,22.00776],[88.76139,22.00796],[88.76128,22.00812],[88.76115,22.0083],[88.76093,22.00875],[88.76079,22.00932],[88.76057,22.00989],[88.76041,22.01048],[88.76046,22.01107],[88.76063,22.01162],[88.76084,22.01209],[88.76108,22.01254],[88.76122,22.01303],[88.76135,22.01352],[88.76141,22.01404],[88.7615,22.01452],[88.76173,22.01491],[88.76187,22.01504],[88.76205,22.0152],[88.76247,22.01537],[88.7629,22.01557],[88.76338,22.01579],[88.76398,22.01583],[88.76463,22.01584],[88.7653,22.01583],[88.76598,22.01584],[88.76666,22.01588],[88.76733,22.01602],[88.76796,22.01584],[88.76857,22.01563],[88.76916,22.01551],[88.77091,22.01493],[88.77314,22.01493],[88.77472,22.01487],[88.77601,22.01487],[88.77695,22.015],[88.78028,22.01611],[88.78083,22.01639],[88.78087,22.0172],[88.78101,22.01761],[88.78173,22.01814],[88.78209,22.01821],[88.78274,22.01861],[88.78317,22.01895],[88.78338,22.01908],[88.78381,22.01928],[88.78439,22.01948],[88.78489,22.01968],[88.78527,22.02],[88.78527,22.02028],[88.78639,22.02084],[88.78667,22.02111],[88.78722,22.02139],[88.78806,22.02222],[88.78806,22.0225],[88.78917,22.02278],[88.79,22.02361],[88.79111,22.02389],[88.79278,22.02445],[88.795,22.02555],[88.79611,22.02667],[88.79778,22.02722],[88.79833,22.0275],[88.79945,22.02861],[88.80055,22.02889],[88.80055,22.02917],[88.80111,22.02944],[88.80139,22.02972],[88.80222,22.02972],[88.80306,22.02944],[88.80361,22.02917],[88.80389,22.02889],[88.80389,22.02861],[88.80417,22.02833],[88.80417,22.02806],[88.80444,22.02778],[88.80444,22.0275],[88.80473,22.02722],[88.80473,22.02695],[88.805,22.02667],[88.805,22.02639],[88.80527,22.02611],[88.80528,22.02583],[88.80556,22.02556],[88.80556,22.02445],[88.80611,22.02417],[88.80778,22.0225],[88.80889,22.02194],[88.80917,22.02167],[88.81028,22.02111],[88.81084,22.02056],[88.81084,22.02028],[88.81167,22.02],[88.81277,22.01944]]],[[[88.98476,22.38243],[88.98454,22.38193],[88.98444,22.38195],[88.98444,22.38139],[88.98417,22.38111],[88.98417,22.38056],[88.98388,22.38028],[88.98388,22.37944],[88.98361,22.37917],[88.98361,22.37889],[88.98339,22.37872],[88.98328,22.37831],[88.9831,22.37786],[88.98303,22.37735],[88.98293,22.37684],[88.98281,22.37635],[88.98277,22.37586],[88.98269,22.37538],[88.98254,22.37493],[88.9825,22.37445],[88.9825,22.37396],[88.98251,22.37346],[88.98254,22.37298],[88.98261,22.37254],[88.98275,22.37214],[88.98279,22.37173],[88.98286,22.37134],[88.98309,22.37109],[88.98334,22.37081],[88.98359,22.3705],[88.98383,22.37018],[88.98401,22.3698],[88.98419,22.36944],[88.98444,22.36915],[88.98465,22.36883],[88.98483,22.3685],[88.98505,22.36815],[88.98529,22.36779],[88.9856,22.36747],[88.98596,22.36718],[88.98628,22.36678],[88.98662,22.36637],[88.98698,22.36595],[88.98739,22.36558],[88.98785,22.36526],[88.98824,22.36489],[88.98849,22.36439],[88.98858,22.36387],[88.98849,22.36339],[88.98843,22.3633],[88.98827,22.36298],[88.98801,22.36259],[88.9877,22.36229],[88.98736,22.36203],[88.98715,22.3616],[88.98694,22.36111],[88.98674,22.36061],[88.98652,22.36012],[88.9863,22.35964],[88.98608,22.35917],[88.98589,22.35868],[88.98576,22.35815],[88.9856,22.35768],[88.98556,22.3575],[88.98556,22.35722],[88.98528,22.35695],[88.98528,22.35583],[88.98556,22.35556],[88.9856,22.35489],[88.98581,22.35436],[88.98596,22.35377],[88.98613,22.35319],[88.98634,22.35271],[88.9865,22.35226],[88.98672,22.35189],[88.98693,22.35153],[88.98711,22.35113],[88.98732,22.35072],[88.98752,22.35022],[88.98769,22.34964],[88.98756,22.34893],[88.98743,22.34818],[88.98722,22.34754],[88.98698,22.34697],[88.98679,22.34641],[88.98663,22.34582],[88.98643,22.34529],[88.98637,22.34476],[88.98627,22.34434],[88.98612,22.34399],[88.98601,22.34362],[88.98587,22.34318],[88.98578,22.34264],[88.9856,22.34208],[88.98543,22.34155],[88.98527,22.34107],[88.98512,22.34066],[88.98506,22.34023],[88.98499,22.33982],[88.98487,22.33946],[88.98475,22.33911],[88.98472,22.33871],[88.98465,22.33829],[88.98445,22.3379],[88.98426,22.33741],[88.98416,22.33681],[88.98405,22.33618],[88.9839,22.33562],[88.98375,22.33513],[88.98366,22.33469],[88.98362,22.33426],[88.98361,22.33384],[88.98361,22.33341],[88.98361,22.33297],[88.98364,22.33251],[88.98376,22.33206],[88.98387,22.33162],[88.98387,22.33117],[88.98377,22.33073],[88.98364,22.33031],[88.98361,22.32986],[88.98357,22.3294],[88.98341,22.32892],[88.98335,22.32835],[88.98333,22.32776],[88.98333,22.32719],[88.98333,22.32667],[88.98334,22.32625],[88.98337,22.3259],[88.98351,22.32564],[88.98361,22.32534],[88.98376,22.32502],[88.984,22.32471],[88.98434,22.32442],[88.98473,22.32407],[88.98518,22.32371],[88.98564,22.32333],[88.98608,22.32295],[88.98649,22.32255],[88.98676,22.32237],[88.98694,22.32224],[88.98742,22.32202],[88.98789,22.32183],[88.98837,22.32167],[88.98881,22.32153],[88.98924,22.32142],[88.98965,22.32131],[88.99007,22.32114],[88.99058,22.32111],[88.99113,22.32111],[88.99169,22.32111],[88.9922,22.32111],[88.99263,22.32115],[88.99301,22.32131],[88.99343,22.32141],[88.99392,22.32155],[88.99446,22.32169],[88.99502,22.3219],[88.99564,22.32201],[88.99619,22.32222],[88.99673,22.32243],[88.99705,22.32253],[89.00142,22.32188],[89.00153,22.3218],[89.00165,22.3215],[89.00204,22.32102],[89.0022,22.32058],[89.00252,22.32029],[89.00284,22.32001],[89.00316,22.31972],[89.00346,22.31944],[89.00379,22.31917],[89.00414,22.31888],[89.00455,22.31851],[89.00493,22.31836],[89.00549,22.31774],[89.00591,22.31734],[89.00639,22.31699],[89.00688,22.31665],[89.00734,22.31626],[89.00777,22.31589],[89.00821,22.31567],[89.00875,22.31541],[89.009,22.31504],[89.00948,22.31484],[89.00984,22.31414],[89.01028,22.31386],[89.01066,22.31351],[89.01099,22.31314],[89.01122,22.31267],[89.01142,22.31223],[89.01163,22.31182],[89.01179,22.31143],[89.012,22.31113],[89.01221,22.31087],[89.01236,22.3106],[89.01253,22.31033],[89.01274,22.31007],[89.01298,22.30978],[89.01314,22.30938],[89.01334,22.30895],[89.01357,22.30853],[89.01379,22.30807],[89.01402,22.30764],[89.01428,22.30724],[89.01457,22.3069],[89.01479,22.30648],[89.01512,22.30613],[89.01549,22.30583],[89.01586,22.30554],[89.01621,22.30521],[89.01656,22.30486],[89.01695,22.30447],[89.0173,22.30408],[89.01756,22.30367],[89.01784,22.30334],[89.0181,22.30305],[89.01839,22.30279],[89.0187,22.30254],[89.01907,22.30231],[89.0194,22.30202],[89.01977,22.30173],[89.02016,22.30149],[89.02047,22.30121],[89.02077,22.30096],[89.02097,22.30067],[89.0212,22.30052],[89.0214,22.30035],[89.02164,22.30014],[89.0219,22.29988],[89.02217,22.29965],[89.02242,22.29941],[89.02267,22.29881],[89.02272,22.2987],[89.02306,22.29792],[89.02316,22.29767],[89.02332,22.29729],[89.02347,22.29695],[89.02331,22.29694],[89.01851,22.29646],[89.01487,22.29746],[89.01475,22.29751],[89.0144,22.29767],[89.01399,22.29781],[89.01359,22.29803],[89.0131,22.29816],[89.01265,22.29835],[89.01224,22.29857],[89.01176,22.29866],[89.01135,22.29885],[89.01092,22.29889],[89.01047,22.29889],[89.01,22.29889],[89.00952,22.29893],[89.00905,22.29913],[89.00854,22.29917],[89.00803,22.29915],[89.00752,22.29906],[89.00701,22.29892],[89.00648,22.29889],[89.00594,22.29884],[89.00547,22.29865],[89.00494,22.29853],[89.00444,22.29833],[89.00392,22.2981],[89.00332,22.29803],[89.00273,22.29797],[89.00225,22.29781],[89.00179,22.29778],[89.00138,22.29777],[89.00098,22.29779],[89.00062,22.29788],[89.00029,22.29806],[89,22.29806],[88.99924,22.29762],[88.99904,22.29748],[88.99868,22.29736],[88.99825,22.29719],[88.99782,22.297],[88.99738,22.29682],[88.99702,22.29661],[88.99668,22.29638],[88.99636,22.29611],[88.996,22.29584],[88.99557,22.29552],[88.99522,22.29508],[88.99483,22.29466],[88.99455,22.29421],[88.99433,22.29378],[88.99416,22.29342],[88.99396,22.2931],[88.99385,22.29266],[88.99365,22.29222],[88.99361,22.29169],[88.99361,22.29116],[88.99361,22.29067],[88.99365,22.2902],[88.9938,22.28979],[88.99384,22.28936],[88.99367,22.28891],[88.99361,22.28846],[88.99361,22.28802],[88.99363,22.28761],[88.99374,22.28725],[88.99387,22.28692],[88.99389,22.28667],[88.99389,22.28611],[88.99416,22.28583],[88.99416,22.28555],[88.99445,22.28528],[88.99449,22.28496],[88.99473,22.28466],[88.995,22.28433],[88.99529,22.28394],[88.99562,22.28355],[88.99603,22.28313],[88.99644,22.28263],[88.99696,22.28223],[88.99754,22.28188],[88.99767,22.28179],[88.99806,22.2815],[88.99857,22.28116],[88.99902,22.28084],[88.99944,22.28056],[88.99973,22.28056],[89,22.28028],[89.00027,22.28],[89.00042,22.27999],[89.00077,22.27968],[89.00134,22.27922],[89.00186,22.27883],[89.00227,22.27841],[89.00269,22.27806],[89.0031,22.27775],[89.00351,22.27748],[89.00391,22.2772],[89.00432,22.27693],[89.00468,22.27664],[89.00501,22.27635],[89.00536,22.27605],[89.00576,22.27575],[89.00614,22.27537],[89.00655,22.27502],[89.00697,22.27471],[89.00738,22.27444],[89.00776,22.27416],[89.00814,22.27389],[89.00851,22.27362],[89.0089,22.2734],[89.0093,22.2732],[89.0097,22.27298],[89.01009,22.27272],[89.01048,22.27247],[89.01089,22.27218],[89.01135,22.27194],[89.01186,22.27167],[89.01241,22.27139],[89.01297,22.27111],[89.01356,22.27084],[89.01416,22.27056],[89.01478,22.27028],[89.01543,22.26998],[89.01608,22.26962],[89.0167,22.26918],[89.01723,22.26883],[89.0169,22.26616],[89.01648,22.26523],[89.01643,22.26517],[89.0161,22.26474],[89.01573,22.26434],[89.01535,22.26397],[89.01496,22.26362],[89.01459,22.2633],[89.01433,22.26294],[89.01411,22.26257],[89.01387,22.26229],[89.0136,22.26203],[89.01331,22.26174],[89.013,22.26142],[89.0127,22.26108],[89.01247,22.26066],[89.01224,22.26026],[89.01206,22.25984],[89.01192,22.25942],[89.01174,22.25904],[89.01163,22.25862],[89.01144,22.25825],[89.01139,22.25784],[89.01138,22.25742],[89.01138,22.257],[89.01139,22.25658],[89.01144,22.25617],[89.01162,22.25583],[89.0117,22.25545],[89.01183,22.25511],[89.01196,22.25482],[89.0121,22.25456],[89.01223,22.25428],[89.01238,22.25401],[89.01253,22.25373],[89.01273,22.25351],[89.01286,22.25327],[89.01302,22.25307],[89.01317,22.25279],[89.01343,22.2525],[89.0138,22.25222],[89.01419,22.25192],[89.01455,22.2516],[89.01495,22.25141],[89.01535,22.25129],[89.01572,22.25114],[89.0161,22.25111],[89.01651,22.25111],[89.01695,22.25111],[89.01737,22.25111],[89.01778,22.25112],[89.01818,22.25117],[89.01839,22.25126],[89.01857,22.25134],[89.01901,22.25141],[89.01944,22.25152],[89.01987,22.25169],[89.02029,22.25193],[89.02074,22.25212],[89.02126,22.25227],[89.0217,22.25249],[89.02211,22.25278],[89.0225,22.25307],[89.02287,22.2534],[89.02328,22.25371],[89.02367,22.25407],[89.02412,22.25438],[89.02458,22.25463],[89.02493,22.25493],[89.02524,22.25524],[89.02558,22.25552],[89.02596,22.2558],[89.02639,22.25604],[89.02683,22.25627],[89.02731,22.25647],[89.02778,22.25668],[89.02824,22.25694],[89.02869,22.2572],[89.02919,22.25738],[89.0297,22.25749],[89.03023,22.25753],[89.03074,22.25767],[89.0313,22.25774],[89.03188,22.25762],[89.0324,22.2573],[89.03273,22.25681],[89.03291,22.25626],[89.03308,22.25577],[89.03328,22.25537],[89.0334,22.25494],[89.03355,22.25453],[89.03358,22.25405],[89.03347,22.25355],[89.03336,22.25319],[89.03333,22.25285],[89.03338,22.25253],[89.03356,22.25222],[89.03361,22.25187],[89.03361,22.25152],[89.03361,22.25117],[89.03361,22.25081],[89.03362,22.25043],[89.03365,22.25003],[89.0338,22.24965],[89.03387,22.2492],[89.03389,22.24872],[89.03389,22.24821],[89.03389,22.2477],[89.03394,22.24717],[89.03413,22.24668],[89.03416,22.24618],[89.03417,22.24571],[89.03416,22.24527],[89.03416,22.24483],[89.03411,22.2444],[89.03405,22.24397],[89.03414,22.24354],[89.03416,22.2431],[89.03417,22.24266],[89.03421,22.24224],[89.03439,22.24186],[89.03444,22.24144],[89.03445,22.24101],[89.03445,22.24057],[89.03444,22.24013],[89.03439,22.23967],[89.03425,22.23926],[89.03418,22.23884],[89.03418,22.23842],[89.03426,22.23798],[89.03442,22.23755],[89.03445,22.23714],[89.03445,22.23672],[89.03445,22.23628],[89.03445,22.23578],[89.03446,22.23522],[89.0345,22.23465],[89.03449,22.23409],[89.03452,22.23359],[89.03469,22.23316],[89.03482,22.2327],[89.03501,22.23229],[89.03525,22.23193],[89.03541,22.23155],[89.03555,22.2312],[89.03567,22.23087],[89.0358,22.23057],[89.03583,22.2302],[89.03584,22.2298],[89.03591,22.22939],[89.03608,22.22899],[89.0362,22.22854],[89.03638,22.22809],[89.03656,22.22763],[89.0368,22.22719],[89.03705,22.22671],[89.03735,22.22626],[89.03763,22.22584],[89.03787,22.22547],[89.03807,22.22515],[89.03827,22.22489],[89.03839,22.22459],[89.0386,22.22436],[89.03881,22.22411],[89.039,22.2238],[89.03927,22.22351],[89.03957,22.2232],[89.03983,22.22282],[89.04012,22.22247],[89.04041,22.22213],[89.0408,22.2219],[89.04125,22.22162],[89.0417,22.22124],[89.04218,22.22087],[89.04266,22.22051],[89.04305,22.22013],[89.0434,22.21976],[89.04378,22.21942],[89.04414,22.21907],[89.04447,22.2187],[89.04482,22.21837],[89.04522,22.2181],[89.04559,22.21779],[89.04604,22.2175],[89.04653,22.2172],[89.04702,22.21686],[89.04745,22.21646],[89.0479,22.21612],[89.04835,22.2158],[89.04875,22.21542],[89.04916,22.21501],[89.04957,22.21461],[89.04996,22.21426],[89.05029,22.2139],[89.05061,22.2136],[89.0509,22.21329],[89.05126,22.21302],[89.05162,22.21271],[89.05199,22.21235],[89.05241,22.21204],[89.05285,22.2117],[89.05334,22.21138],[89.05383,22.21101],[89.0543,22.21055],[89.05476,22.21006],[89.05527,22.20961],[89.05576,22.20917],[89.05624,22.20875],[89.05673,22.20833],[89.05725,22.2079],[89.05781,22.20746],[89.05836,22.20696],[89.05895,22.20646],[89.05956,22.20598],[89.06011,22.20542],[89.06062,22.20481],[89.0612,22.20426],[89.06184,22.20381],[89.06244,22.2033],[89.06301,22.20277],[89.06358,22.20222],[89.06416,22.20167],[89.06471,22.20111],[89.06522,22.20051],[89.06567,22.19989],[89.06612,22.19933],[89.06656,22.19884],[89.06676,22.19854],[89.0669,22.19832],[89.06716,22.19783],[89.06736,22.19738],[89.06755,22.19701],[89.06774,22.19671],[89.06783,22.19638],[89.06801,22.19612],[89.06812,22.19579],[89.06831,22.19545],[89.06844,22.19502],[89.0686,22.19456],[89.06873,22.19406],[89.06886,22.19355],[89.06893,22.19302],[89.06909,22.19256],[89.06915,22.19205],[89.06917,22.19153],[89.06917,22.191],[89.06917,22.19047],[89.06912,22.18993],[89.06893,22.18943],[89.06888,22.18925],[89.06876,22.18889],[89.06859,22.18837],[89.06834,22.18789],[89.06807,22.1874],[89.06786,22.18688],[89.0677,22.18633],[89.0675,22.18586],[89.06728,22.18546],[89.06713,22.18509],[89.06692,22.18482],[89.06667,22.1846],[89.06642,22.18434],[89.06619,22.18397],[89.06592,22.18355],[89.0657,22.18305],[89.0655,22.18254],[89.06527,22.18206],[89.065,22.18161],[89.06471,22.18117],[89.06438,22.18077],[89.06401,22.1804],[89.06368,22.18004],[89.06347,22.17957],[89.06329,22.17904],[89.06305,22.1785],[89.06277,22.17796],[89.0625,22.17743],[89.06223,22.17691],[89.06197,22.1764],[89.06181,22.17583],[89.06165,22.17523],[89.06143,22.17464],[89.06137,22.17398],[89.06126,22.17337],[89.06113,22.17282],[89.06111,22.17234],[89.06111,22.1719],[89.0611,22.17148],[89.06104,22.17107],[89.06087,22.17065],[89.06084,22.17017],[89.06083,22.16963],[89.06083,22.16907],[89.06083,22.16847],[89.06083,22.16788],[89.06084,22.16731],[89.06087,22.16676],[89.06104,22.16626],[89.06112,22.16572],[89.06123,22.16516],[89.06141,22.16462],[89.06165,22.16408],[89.0618,22.16348],[89.06195,22.16286],[89.0621,22.16223],[89.06227,22.16164],[89.06251,22.16111],[89.06274,22.16064],[89.06287,22.16017],[89.06304,22.15977],[89.06329,22.15942],[89.06342,22.15896],[89.06363,22.1585],[89.06388,22.15803],[89.06414,22.15753],[89.06438,22.15701],[89.06462,22.15649],[89.06487,22.15598],[89.06511,22.15543],[89.06532,22.15481],[89.06557,22.1542],[89.06584,22.15362],[89.06609,22.15306],[89.06626,22.1525],[89.06641,22.15195],[89.06658,22.15146],[89.06672,22.15097],[89.06692,22.15057],[89.06707,22.15016],[89.06724,22.14978],[89.06745,22.14942],[89.06754,22.14899],[89.06777,22.14862],[89.06803,22.14825],[89.06831,22.14781],[89.06864,22.14736],[89.06906,22.14692],[89.06951,22.14648],[89.07002,22.14612],[89.07055,22.14583],[89.07105,22.14557],[89.07156,22.14538],[89.07206,22.14517],[89.07255,22.14498],[89.07299,22.14478],[89.07349,22.14472],[89.07404,22.14469],[89.07462,22.14456],[89.07524,22.14451],[89.07582,22.14468],[89.07639,22.14472],[89.07687,22.14476],[89.07729,22.14496],[89.07774,22.14503],[89.07822,22.14517],[89.0788,22.14532],[89.07938,22.14556],[89.07996,22.14583],[89.08051,22.14611],[89.08103,22.14642],[89.0815,22.14678],[89.08195,22.1472],[89.08249,22.14755],[89.08304,22.14792],[89.08354,22.14831],[89.08403,22.14864],[89.08442,22.149],[89.08475,22.14939],[89.08505,22.14977],[89.08537,22.1501],[89.08569,22.15041],[89.086,22.15073],[89.0863,22.15109],[89.08662,22.15143],[89.08694,22.15178],[89.08723,22.15213],[89.08752,22.15246],[89.0878,22.15281],[89.08807,22.15322],[89.0884,22.15368],[89.08878,22.15419],[89.0892,22.15474],[89.08966,22.15528],[89.09011,22.1558],[89.09052,22.15622],[89.09086,22.15661],[89.09118,22.15692],[89.09154,22.15721],[89.092,22.15749],[89.09255,22.15777],[89.09321,22.15793],[89.09389,22.15774],[89.09445,22.1573],[89.09498,22.15684],[89.09544,22.15638],[89.09581,22.15594],[89.09609,22.15549],[89.09626,22.15501],[89.09637,22.15453],[89.09634,22.15405],[89.09612,22.15362],[89.09586,22.1532],[89.09576,22.15304],[89.09561,22.15276],[89.09536,22.15233],[89.09506,22.15195],[89.09475,22.1516],[89.09444,22.15123],[89.09415,22.15087],[89.09385,22.1505],[89.09361,22.15008],[89.09335,22.14964],[89.09314,22.14918],[89.09289,22.14873],[89.09258,22.14834],[89.09225,22.14796],[89.09196,22.14752],[89.09168,22.14711],[89.09142,22.14672],[89.09111,22.14639],[89.09075,22.14604],[89.09029,22.1457],[89.08979,22.1453],[89.08922,22.14492],[89.08867,22.14451],[89.08811,22.14411],[89.08757,22.14369],[89.08695,22.14335],[89.08631,22.14305],[89.08571,22.14275],[89.08517,22.14239],[89.0847,22.14203],[89.08424,22.14176],[89.08375,22.14161],[89.08333,22.14139],[89.08295,22.14117],[89.08252,22.14102],[89.08208,22.14081],[89.08166,22.14054],[89.08122,22.14025],[89.0808,22.13993],[89.08031,22.1397],[89.07986,22.13945],[89.07943,22.13918],[89.07898,22.13897],[89.07855,22.13879],[89.07816,22.13845],[89.07772,22.13812],[89.07719,22.13781],[89.07662,22.13746],[89.0761,22.13706],[89.07555,22.13668],[89.07501,22.13638],[89.07454,22.13609],[89.07413,22.1358],[89.07373,22.13555],[89.07337,22.13531],[89.07307,22.13502],[89.0727,22.1348],[89.07228,22.13465],[89.07185,22.13443],[89.07144,22.13417],[89.07102,22.13392],[89.0706,22.13371],[89.07022,22.13345],[89.06981,22.13326],[89.06945,22.133],[89.0691,22.13273],[89.06872,22.13248],[89.06835,22.13218],[89.06798,22.13188],[89.06757,22.13161],[89.06717,22.13129],[89.06675,22.13103],[89.06639,22.13069],[89.06603,22.13038],[89.06561,22.13018],[89.06522,22.12995],[89.06481,22.12972],[89.06439,22.12952],[89.06395,22.12937],[89.06356,22.12916],[89.0632,22.12892],[89.06285,22.12874],[89.06251,22.12859],[89.06219,22.12843],[89.06187,22.12836],[89.06156,22.12849],[89.06129,22.12892],[89.06114,22.12948],[89.06111,22.1301],[89.06111,22.13075],[89.06106,22.13141],[89.06084,22.13206],[89.06062,22.13275],[89.06052,22.13348],[89.06032,22.13415],[89.06023,22.13478],[89.06005,22.13527],[89.06,22.13569],[89.05994,22.13601],[89.05979,22.13625],[89.05973,22.13654],[89.05968,22.13691],[89.05945,22.13732],[89.05918,22.13778],[89.05894,22.13827],[89.05867,22.13867],[89.05844,22.13904],[89.05815,22.13936],[89.05785,22.13973],[89.05746,22.14017],[89.05701,22.14068],[89.05659,22.14131],[89.05609,22.14192],[89.05556,22.14249],[89.05501,22.14305],[89.05444,22.14355],[89.05388,22.14403],[89.05332,22.14448],[89.0528,22.14495],[89.0522,22.14532],[89.05167,22.14556],[89.05055,22.14667],[89.05028,22.14667],[89.05,22.14694],[89.04967,22.14692],[89.04927,22.14698],[89.04883,22.14715],[89.04836,22.1473],[89.04793,22.14747],[89.0475,22.14761],[89.04707,22.14775],[89.0466,22.14785],[89.04613,22.14806],[89.04566,22.14831],[89.04515,22.14847],[89.04466,22.14864],[89.04421,22.14885],[89.0437,22.14896],[89.04325,22.14913],[89.04273,22.14921],[89.04224,22.14939],[89.04176,22.14949],[89.04129,22.14968],[89.04079,22.14977],[89.04032,22.14996],[89.03981,22.15011],[89.03934,22.15036],[89.03892,22.15059],[89.03853,22.15083],[89.03813,22.15106],[89.03777,22.15129],[89.0375,22.15139],[89.03694,22.15167],[89.03611,22.1525],[89.03584,22.1525],[89.03549,22.15275],[89.03519,22.15287],[89.03492,22.1531],[89.03458,22.15333],[89.03419,22.15362],[89.03384,22.15404],[89.03344,22.15443],[89.033,22.15477],[89.03253,22.1551],[89.03207,22.15545],[89.03169,22.15585],[89.03141,22.15629],[89.03112,22.15668],[89.03084,22.15709],[89.03056,22.15748],[89.03022,22.15784],[89.02987,22.15819],[89.02952,22.15855],[89.02921,22.15895],[89.02893,22.15939],[89.02862,22.15979],[89.02829,22.16019],[89.02795,22.16055],[89.0276,22.16089],[89.02733,22.16128],[89.02705,22.16165],[89.02673,22.16196],[89.02639,22.16227],[89.02601,22.16252],[89.02562,22.16277],[89.02532,22.16316],[89.02507,22.16359],[89.02478,22.16397],[89.0245,22.16437],[89.02419,22.16471],[89.02386,22.16503],[89.02353,22.16538],[89.02324,22.1658],[89.02295,22.16626],[89.0228,22.16685],[89.02279,22.1675],[89.02289,22.16813],[89.02311,22.16865],[89.02334,22.1691],[89.02357,22.1695],[89.02366,22.16995],[89.02388,22.17034],[89.02408,22.17076],[89.02423,22.17124],[89.02441,22.17172],[89.02452,22.17227],[89.02469,22.17279],[89.02477,22.17335],[89.02496,22.17389],[89.02504,22.1745],[89.02523,22.17508],[89.0254,22.17567],[89.02559,22.17622],[89.02583,22.17671],[89.02605,22.17722],[89.02612,22.17781],[89.02615,22.17843],[89.02632,22.17901],[89.02641,22.17958],[89.0265,22.18009],[89.02663,22.18054],[89.02667,22.18102],[89.02667,22.18151],[89.02667,22.18201],[89.02671,22.18248],[89.0269,22.18293],[89.02694,22.18342],[89.02695,22.18393],[89.02695,22.18447],[89.02698,22.185],[89.02718,22.18546],[89.02722,22.18591],[89.02722,22.18632],[89.02722,22.18669],[89.02722,22.18702],[89.02722,22.18734],[89.02721,22.18771],[89.02716,22.18809],[89.02698,22.1885],[89.02693,22.18896],[89.02683,22.1894],[89.0267,22.18982],[89.02667,22.19028],[89.02666,22.1908],[89.02662,22.19136],[89.02644,22.19194],[89.02635,22.19258],[89.02619,22.19315],[89.02612,22.19371],[89.02611,22.19424],[89.02606,22.19472],[89.02588,22.19514],[89.02583,22.19555],[89.02576,22.1959],[89.02564,22.19616],[89.02562,22.19642],[89.02557,22.19663],[89.02548,22.19687],[89.0253,22.19715],[89.02513,22.1975],[89.02497,22.19787],[89.02476,22.1982],[89.02459,22.19859],[89.02438,22.19896],[89.02415,22.19936],[89.0239,22.19978],[89.02364,22.20026],[89.02342,22.2008],[89.02313,22.20132],[89.02278,22.20181],[89.02241,22.2023],[89.02198,22.20275],[89.02154,22.20319],[89.02117,22.20365],[89.02084,22.20408],[89.02056,22.20444],[89.02028,22.20476],[89.02003,22.20506],[89.01975,22.20539],[89.01972,22.20555],[89.01861,22.20667],[89.0175,22.20667],[89.01722,22.20695],[89.01667,22.20694],[89.01656,22.20706],[89.01626,22.20724],[89.01594,22.20748],[89.01556,22.20767],[89.01517,22.20788],[89.01473,22.20807],[89.01432,22.2083],[89.01383,22.20841],[89.01341,22.20862],[89.01299,22.20887],[89.01249,22.20906],[89.01195,22.20926],[89.01139,22.20946],[89.01081,22.20968],[89.01019,22.20977],[89.00962,22.20996],[89.00902,22.21017],[89.00845,22.21044],[89.00786,22.21069],[89.00721,22.2107],[89.00658,22.21081],[89.006,22.21083],[89.00548,22.21084],[89.00501,22.21083],[89.00458,22.21083],[89.00416,22.21083],[89.00375,22.21088],[89.00333,22.21104],[89.00291,22.21097],[89.00249,22.2109],[89.00207,22.21105],[89.00161,22.21113],[89.00111,22.21115],[89.00058,22.21121],[89.00029,22.21158],[89,22.21195],[88.99908,22.21124],[88.99859,22.21086],[88.99722,22.21024],[88.99675,22.21003],[88.99625,22.20986],[88.99575,22.20968],[88.99528,22.20944],[88.99481,22.2092],[88.99432,22.20904],[88.9938,22.20885],[88.99333,22.20861],[88.99287,22.20833],[88.99239,22.20806],[88.99189,22.20778],[88.99137,22.20751],[88.99079,22.2073],[88.99017,22.20713],[88.98956,22.20702],[88.98917,22.20682],[88.9888,22.2066],[88.98844,22.20637],[88.98808,22.20616],[88.98763,22.20604],[88.98724,22.20588],[88.98679,22.20577],[88.98628,22.2056],[88.98569,22.20556],[88.98508,22.20556],[88.98453,22.20558],[88.98405,22.20569],[88.98361,22.20581],[88.98318,22.20591],[88.98279,22.20609],[88.98236,22.20618],[88.98192,22.2062],[88.98152,22.20635],[88.98107,22.20643],[88.98063,22.20661],[88.98012,22.20671],[88.97962,22.20689],[88.9791,22.20704],[88.97863,22.20724],[88.97823,22.20749],[88.97783,22.2077],[88.97736,22.20779],[88.97691,22.20795],[88.97645,22.20808],[88.97601,22.2083],[88.97549,22.20843],[88.97499,22.20863],[88.9745,22.20885],[88.97398,22.20898],[88.97349,22.20919],[88.973,22.20944],[88.97252,22.20971],[88.9721,22.21002],[88.97173,22.21032],[88.97145,22.21063],[88.97125,22.21095],[88.97108,22.21116],[88.97089,22.21133],[88.97074,22.21148],[88.97057,22.21166],[88.97042,22.21186],[88.9702,22.21211],[88.96996,22.21246],[88.9697,22.21279],[88.96944,22.21313],[88.96917,22.2135],[88.96888,22.2139],[88.96861,22.21431],[88.96837,22.21469],[88.96816,22.21505],[88.96806,22.21541],[88.96796,22.21575],[88.96783,22.21605],[88.96776,22.21642],[88.96765,22.21678],[88.96751,22.21717],[88.96741,22.21759],[88.9673,22.21795],[88.96719,22.21825],[88.96701,22.2186],[88.9669,22.2191],[88.96672,22.21965],[88.96664,22.22027],[88.96653,22.22088],[88.96638,22.22147],[88.9662,22.22203],[88.96611,22.2226],[88.96603,22.22315],[88.96594,22.22368],[88.96581,22.22415],[88.96561,22.22456],[88.96558,22.22501],[88.96559,22.22548],[88.96552,22.22596],[88.96536,22.22642],[88.96539,22.22692],[88.96538,22.22732],[88.96531,22.2276],[88.96529,22.22789],[88.96528,22.22821],[88.96526,22.22856],[88.96522,22.2289],[88.96505,22.22919],[88.965,22.22959],[88.965,22.23009],[88.96497,22.2307],[88.96485,22.2314],[88.96466,22.23205],[88.96453,22.23268],[88.96445,22.23326],[88.96443,22.23378],[88.96438,22.23425],[88.9643,22.23465],[88.96422,22.23496],[88.96415,22.23525],[88.96404,22.23552],[88.96391,22.23585],[88.9638,22.23627],[88.9637,22.2368],[88.96354,22.23729],[88.96332,22.23781],[88.96306,22.23834],[88.9628,22.2389],[88.96262,22.2395],[88.96252,22.24001],[88.96245,22.24055],[88.96223,22.24107],[88.96198,22.24163],[88.9617,22.24219],[88.9614,22.24271],[88.96111,22.2432],[88.96083,22.24363],[88.96055,22.244],[88.96027,22.24435],[88.95997,22.24466],[88.95964,22.24494],[88.95927,22.24519],[88.95897,22.24548],[88.95862,22.2458],[88.95829,22.24618],[88.95802,22.24666],[88.95764,22.24709],[88.95718,22.24754],[88.95672,22.248],[88.95624,22.2484],[88.95582,22.24888],[88.95539,22.24936],[88.95502,22.24985],[88.95452,22.25022],[88.95401,22.25055],[88.9535,22.25084],[88.95303,22.25111],[88.95259,22.25134],[88.95213,22.25149],[88.95169,22.25168],[88.95125,22.25194],[88.95078,22.2522],[88.95027,22.25248],[88.94977,22.25278],[88.94972,22.25306],[88.94833,22.25445],[88.94806,22.25444],[88.9475,22.255],[88.9475,22.25528],[88.94722,22.25556],[88.94722,22.25611],[88.9475,22.25639],[88.9475,22.25805],[88.9475,22.25841],[88.94765,22.25869],[88.9478,22.25901],[88.94801,22.25933],[88.9482,22.25971],[88.94844,22.26012],[88.94865,22.2606],[88.94888,22.26108],[88.94914,22.26154],[88.94936,22.26214],[88.94958,22.26274],[88.94972,22.26316],[88.94985,22.26353],[88.94993,22.2639],[88.94999,22.26426],[88.95,22.26462],[88.95004,22.265],[88.9502,22.26541],[88.9503,22.26596],[88.95046,22.26658],[88.95059,22.26719],[88.95079,22.26778],[88.9509,22.26842],[88.95112,22.26896],[88.95136,22.26951],[88.95154,22.27013],[88.95174,22.27073],[88.95179,22.27133],[88.95199,22.27177],[88.95209,22.27224],[88.95219,22.2726],[88.95222,22.27292],[88.95226,22.27324],[88.95241,22.27355],[88.95252,22.27394],[88.95269,22.2744],[88.95277,22.27497],[88.95288,22.27563],[88.95302,22.27635],[88.95307,22.27712],[88.95315,22.27793],[88.95321,22.27875],[88.9533,22.27944],[88.95333,22.2801],[88.95331,22.28074],[88.95321,22.28137],[88.95321,22.28205],[88.95328,22.28271],[88.95332,22.2833],[88.95333,22.28385],[88.95333,22.28431],[88.95333,22.28471],[88.95333,22.2851],[88.95333,22.28553],[88.9533,22.28605],[88.95321,22.28662],[88.95322,22.28717],[88.95331,22.28765],[88.95333,22.2881],[88.95334,22.28854],[88.95334,22.28896],[88.95334,22.28941],[88.95333,22.28991],[88.95328,22.29045],[88.95306,22.29097],[88.95286,22.29153],[88.95274,22.29215],[88.95256,22.29269],[88.95247,22.29315],[88.95233,22.29352],[88.95224,22.2939],[88.95221,22.29432],[88.95214,22.29477],[88.95195,22.29513],[88.95174,22.29549],[88.95159,22.29588],[88.95141,22.29622],[88.95135,22.29658],[88.95121,22.29687],[88.95112,22.29721],[88.95105,22.29762],[88.95088,22.29806],[88.95084,22.29865],[88.95083,22.29933],[88.95084,22.30007],[88.95088,22.30083],[88.95106,22.30154],[88.9511,22.3023],[88.95112,22.30303],[88.95116,22.30366],[88.95134,22.30416],[88.95139,22.30463],[88.95141,22.30504],[88.95148,22.30542],[88.95144,22.30589],[88.95148,22.30639],[88.95163,22.3069],[88.95177,22.30744],[88.95175,22.30799],[88.95174,22.30861],[88.9519,22.30919],[88.95194,22.30977],[88.95194,22.31032],[88.95194,22.31086],[88.95194,22.3114],[88.95194,22.31195],[88.95191,22.31248],[88.9518,22.31296],[88.95179,22.31348],[88.9519,22.314],[88.95195,22.31452],[88.95199,22.31503],[88.95211,22.31554],[88.95199,22.31604],[88.95194,22.31655],[88.9519,22.31704],[88.95174,22.31747],[88.95168,22.318],[88.95162,22.31854],[88.95144,22.31905],[88.95139,22.31959],[88.95139,22.32014],[88.95139,22.32066],[88.95138,22.32115],[88.95141,22.3216],[88.95153,22.32201],[88.95158,22.32243],[88.95155,22.32286],[88.95148,22.32328],[88.95161,22.32373],[88.95161,22.3242],[88.95145,22.32465],[88.95141,22.32511],[88.95152,22.32557],[88.95163,22.32604],[88.95166,22.32653],[88.95167,22.32698],[88.95168,22.32734],[88.95177,22.32761],[88.95203,22.32781],[88.95209,22.32803],[88.95183,22.32828],[88.95171,22.32855],[88.95167,22.32884],[88.95169,22.3292],[88.95179,22.32958],[88.95187,22.32999],[88.95192,22.33043],[88.95193,22.33088],[88.95195,22.33134],[88.95199,22.33179],[88.95216,22.33222],[88.95235,22.33266],[88.95252,22.33317],[88.95274,22.33365],[88.95296,22.33414],[88.9532,22.3346],[88.95341,22.33506],[88.9536,22.33548],[88.95377,22.33586],[88.95392,22.33621],[88.95409,22.33652],[88.95419,22.33685],[88.95435,22.33716],[88.95443,22.33756],[88.95448,22.33799],[88.95463,22.33839],[88.95472,22.33882],[88.9548,22.3392],[88.95496,22.33952],[88.95499,22.33985],[88.955,22.34019],[88.95505,22.34052],[88.95522,22.34081],[88.9553,22.34119],[88.95542,22.34156],[88.95551,22.34198],[88.95559,22.34239],[88.95576,22.34274],[88.95583,22.34309],[88.95588,22.3434],[88.95601,22.34364],[88.95609,22.34393],[88.95612,22.34427],[88.95615,22.34468],[88.95619,22.34478],[88.95631,22.34511],[88.95637,22.3456],[88.95639,22.34611],[88.9564,22.34662],[88.95644,22.34711],[88.95644,22.34762],[88.95662,22.3481],[88.95666,22.34861],[88.95667,22.3491],[88.95666,22.34955],[88.95668,22.3499],[88.95667,22.35028],[88.95639,22.35056],[88.95639,22.35278],[88.95615,22.35301],[88.95601,22.35342],[88.95582,22.35385],[88.95556,22.35427],[88.95528,22.35474],[88.95502,22.35523],[88.95482,22.35575],[88.95467,22.35625],[88.95448,22.35667],[88.95437,22.3571],[88.95422,22.35746],[88.95415,22.35788],[88.95405,22.35832],[88.95392,22.35878],[88.9539,22.35926],[88.95391,22.35973],[88.95403,22.36014],[88.95419,22.36048],[88.95441,22.3608],[88.9547,22.3611],[88.95507,22.36139],[88.95551,22.36161],[88.95601,22.36167],[88.95651,22.36174],[88.95694,22.36191],[88.95743,22.36203],[88.95789,22.36219],[88.9584,22.36231],[88.95888,22.36249],[88.95934,22.36268],[88.95969,22.36292],[88.95997,22.36322],[88.96018,22.36359],[88.96047,22.36394],[88.96081,22.36434],[88.96118,22.36479],[88.96154,22.36524],[88.96198,22.36558],[88.96242,22.36587],[88.96284,22.36616],[88.96335,22.36641],[88.96385,22.36667],[88.96432,22.367],[88.96462,22.36744],[88.96471,22.36803],[88.96478,22.36862],[88.96495,22.36918],[88.96506,22.36975],[88.96527,22.37022],[88.96548,22.37066],[88.96561,22.37113],[88.9658,22.37155],[88.96589,22.37202],[88.96606,22.37246],[88.96615,22.37301],[88.96634,22.37357],[88.96651,22.37417],[88.96666,22.37478],[88.96677,22.37536],[88.96691,22.3759],[88.96694,22.37635],[88.96695,22.37671],[88.96694,22.37704],[88.96694,22.37741],[88.96692,22.3779],[88.96684,22.3785],[88.96691,22.37915],[88.96699,22.37978],[88.96718,22.38027],[88.96731,22.38075],[88.96748,22.38118],[88.96764,22.38159],[88.9678,22.38198],[88.96797,22.38233],[88.96806,22.38273],[88.96818,22.38318],[88.9683,22.38371],[88.96833,22.38428],[88.96834,22.38484],[88.96834,22.38537],[88.96833,22.38585],[88.9683,22.38626],[88.96817,22.38657],[88.96808,22.38688],[88.96803,22.38725],[88.96793,22.38761],[88.9678,22.38795],[88.96778,22.38828],[88.96782,22.38858],[88.96796,22.38883],[88.96808,22.3891],[88.96826,22.38934],[88.96855,22.38955],[88.96883,22.38987],[88.96916,22.39025],[88.96959,22.39055],[88.97006,22.39081],[88.97054,22.39098],[88.97098,22.39115],[88.97137,22.39138],[88.97175,22.39159],[88.97214,22.39174],[88.97247,22.39195],[88.97278,22.39219],[88.97305,22.39245],[88.97327,22.39273],[88.97343,22.39304],[88.97356,22.39334],[88.97367,22.39364],[88.97385,22.39391],[88.97389,22.39417],[88.97389,22.39472],[88.97417,22.395],[88.97417,22.39667],[88.97401,22.39671],[88.97385,22.39712],[88.97359,22.39757],[88.97328,22.39806],[88.97293,22.39857],[88.97255,22.39903],[88.97223,22.39949],[88.97194,22.39994],[88.97166,22.40034],[88.97135,22.40072],[88.971,22.40105],[88.97065,22.40139],[88.97031,22.40172],[88.96997,22.40203],[88.96963,22.40232],[88.96927,22.40258],[88.96888,22.40287],[88.96848,22.40322],[88.9681,22.40368],[88.96776,22.40419],[88.96745,22.40468],[88.96719,22.40514],[88.96696,22.40555],[88.96681,22.40595],[88.9667,22.40632],[88.96669,22.40669],[88.9668,22.40706],[88.96701,22.40741],[88.96736,22.40769],[88.96787,22.40787],[88.96841,22.40807],[88.96893,22.40829],[88.96948,22.40841],[88.97001,22.40858],[88.97054,22.40857],[88.97108,22.40832],[88.97157,22.40792],[88.97191,22.40737],[88.97212,22.40676],[88.97226,22.40618],[88.97248,22.40576],[88.97267,22.40538],[88.97289,22.40504],[88.97318,22.40474],[88.97358,22.40445],[88.97404,22.40417],[88.97456,22.40389],[88.97483,22.40374],[88.97511,22.40359],[88.97561,22.40326],[88.976,22.40289],[88.97633,22.40251],[88.97665,22.40214],[88.97699,22.40174],[88.97742,22.4014],[88.97788,22.40105],[88.97827,22.40061],[88.97861,22.40018],[88.97893,22.39986],[88.97922,22.39964],[88.97945,22.39938],[88.97971,22.39911],[88.98,22.3988],[88.98033,22.39841],[88.98075,22.39802],[88.98117,22.39761],[88.98159,22.39723],[88.98203,22.39687],[88.98252,22.39655],[88.98306,22.39625],[88.98364,22.39591],[88.98421,22.39554],[88.98475,22.39511],[88.98531,22.39473],[88.98588,22.39441],[88.98644,22.39415],[88.98692,22.39383],[88.98733,22.39349],[88.9877,22.39312],[88.98801,22.39271],[88.98828,22.39229],[88.98859,22.39192],[88.98887,22.39156],[88.98909,22.39116],[88.98916,22.39065],[88.98917,22.39013],[88.98916,22.3896],[88.98908,22.38909],[88.98888,22.38861],[88.98862,22.38816],[88.98849,22.38795],[88.98834,22.38769],[88.98805,22.3872],[88.98775,22.3867],[88.98744,22.38621],[88.98703,22.38577],[88.98663,22.38534],[88.98624,22.38494],[88.98592,22.38455],[88.98565,22.38416],[88.98542,22.38376],[88.98521,22.38334],[88.98499,22.3829],[88.98476,22.38243]]],[[[88.92056,21.92583],[88.92167,21.92472],[88.92194,21.92472],[88.92223,21.92444],[88.9225,21.92445],[88.92278,21.92417],[88.92333,21.92417],[88.9236,21.92389],[88.92416,21.92389],[88.92722,21.92083],[88.9275,21.92083],[88.92861,21.91972],[88.92889,21.91972],[88.93024,21.91837],[88.93166,21.91695],[88.93222,21.91695],[88.9325,21.91667],[88.93277,21.91667],[88.93333,21.91611],[88.93361,21.91611],[88.93389,21.91583],[88.93417,21.91583],[88.93417,21.91556],[88.93445,21.91528],[88.93472,21.91528],[88.935,21.915],[88.93583,21.915],[88.93639,21.91444],[88.93667,21.91445],[88.93694,21.91417],[88.93723,21.91417],[88.9375,21.91389],[88.93806,21.91389],[88.93833,21.91361],[88.93861,21.91361],[88.9389,21.91333],[88.93916,21.91334],[88.93972,21.91278],[88.94,21.91278],[88.94028,21.91251],[88.94055,21.91251],[88.94083,21.91222],[88.94111,21.91222],[88.94139,21.91194],[88.94167,21.91195],[88.94222,21.91139],[88.9425,21.91139],[88.94278,21.91111],[88.94334,21.91111],[88.94361,21.91083],[88.94389,21.91083],[88.94417,21.91055],[88.94444,21.91055],[88.945,21.91],[88.94583,21.91],[88.94611,21.90972],[88.94695,21.90972],[88.9475,21.90917],[88.94777,21.90917],[88.94806,21.90889],[88.94833,21.90889],[88.94861,21.90861],[88.94889,21.90861],[88.94945,21.90806],[88.95084,21.90806],[88.95139,21.9075],[88.95222,21.9075],[88.9525,21.90722],[88.95277,21.90722],[88.95306,21.90694],[88.95361,21.90694],[88.95389,21.90667],[88.95417,21.90667],[88.95444,21.90638],[88.95472,21.90639],[88.955,21.90611],[88.95556,21.90611],[88.95611,21.90556],[88.95639,21.90556],[88.95667,21.90528],[88.95722,21.90528],[88.9575,21.905],[88.95778,21.905],[88.95805,21.90472],[88.95861,21.90472],[88.95889,21.90444],[88.95917,21.90444],[88.95973,21.90389],[88.96139,21.90389],[88.96167,21.90361],[88.96222,21.90361],[88.96278,21.90306],[88.96333,21.90306],[88.96361,21.90278],[88.96389,21.90278],[88.96416,21.9025],[88.96445,21.9025],[88.96471,21.90223],[88.965,21.90222],[88.96528,21.90195],[88.96555,21.90195],[88.96584,21.90167],[88.96611,21.90167],[88.96639,21.90139],[88.96694,21.90139],[88.96722,21.90111],[88.96778,21.90111],[88.96806,21.90083],[88.96833,21.90083],[88.96861,21.90056],[88.96889,21.90056],[88.96917,21.90028],[88.96944,21.90028],[88.96972,21.9],[88.97,21.9],[88.97028,21.89972],[88.97056,21.89972],[88.97083,21.89945],[88.97111,21.89945],[88.97139,21.89917],[88.97165,21.89917],[88.97222,21.89861],[88.9725,21.89861],[88.97278,21.89833],[88.97305,21.89833],[88.97361,21.89778],[88.97389,21.89778],[88.97472,21.89694],[88.97361,21.89583],[88.97278,21.89583],[88.9725,21.89556],[88.97165,21.89556],[88.97139,21.89528],[88.97,21.89528],[88.96972,21.895],[88.96917,21.895],[88.96888,21.89472],[88.96861,21.89472],[88.96833,21.89444],[88.96806,21.89444],[88.9675,21.89389],[88.96722,21.89389],[88.96667,21.89333],[88.96667,21.89306],[88.96639,21.89278],[88.96639,21.89194],[88.96611,21.89167],[88.96611,21.89028],[88.96639,21.89],[88.96639,21.88972],[88.96667,21.88945],[88.96667,21.88806],[88.96694,21.88778],[88.96694,21.88694],[88.96722,21.88667],[88.96722,21.88611],[88.9675,21.88583],[88.9675,21.88555],[88.96778,21.88528],[88.96778,21.885],[88.96806,21.88472],[88.96806,21.88444],[88.96861,21.88389],[88.96861,21.88361],[88.96945,21.88278],[88.96944,21.8825],[88.96972,21.88221],[88.96972,21.88194],[88.97,21.88167],[88.97,21.88111],[88.97028,21.88083],[88.97028,21.88056],[88.97056,21.88028],[88.97056,21.88],[88.97083,21.87972],[88.97083,21.87944],[88.97111,21.87917],[88.97111,21.87889],[88.97139,21.87861],[88.97139,21.87833],[88.97222,21.8775],[88.97222,21.87722],[88.9725,21.87694],[88.9725,21.87639],[88.97263,21.87611],[88.97278,21.87583],[88.97305,21.87556],[88.97305,21.87528],[88.97334,21.875],[88.97334,21.87472],[88.97361,21.87445],[88.97361,21.87417],[88.97417,21.87361],[88.97417,21.87306],[88.97444,21.87278],[88.97444,21.8725],[88.97472,21.87222],[88.97472,21.87195],[88.975,21.87167],[88.975,21.87139],[88.97528,21.87111],[88.97528,21.87083],[88.97583,21.87028],[88.97583,21.87],[88.97611,21.86972],[88.97611,21.86944],[88.97667,21.86889],[88.97667,21.8675],[88.97611,21.86695],[88.97583,21.86695],[88.97567,21.86678],[88.97556,21.86667],[88.97389,21.86667],[88.97361,21.86639],[88.97305,21.86639],[88.97278,21.86611],[88.97167,21.86611],[88.97167,21.86583],[88.97139,21.86556],[88.97111,21.86583],[88.97028,21.86583],[88.97,21.86556],[88.96917,21.86556],[88.96909,21.86547],[88.96889,21.86528],[88.96833,21.86528],[88.96806,21.865],[88.96796,21.865],[88.96778,21.865],[88.9675,21.86472],[88.96722,21.86472],[88.96639,21.86389],[88.96611,21.86389],[88.96584,21.86361],[88.96555,21.86361],[88.96528,21.86333],[88.965,21.86333],[88.96472,21.86306],[88.96445,21.86306],[88.96342,21.86204],[88.96222,21.86084],[88.96222,21.86056],[88.96194,21.86028],[88.96167,21.86028],[88.9613,21.85991],[88.96111,21.85972],[88.96111,21.85944],[88.96056,21.85889],[88.96056,21.85861],[88.96,21.85805],[88.96,21.85778],[88.95971,21.8575],[88.95971,21.85695],[88.95917,21.85639],[88.95917,21.85611],[88.95695,21.85389],[88.95666,21.85389],[88.95639,21.85361],[88.95611,21.85361],[88.95583,21.85389],[88.95556,21.85389],[88.955,21.85444],[88.95499,21.85473],[88.95472,21.855],[88.95472,21.85556],[88.95444,21.85583],[88.95444,21.85611],[88.95333,21.85722],[88.95333,21.85805],[88.95306,21.85833],[88.95306,21.85889],[88.95277,21.85917],[88.95277,21.86],[88.9525,21.86028],[88.9525,21.86056],[88.95222,21.86083],[88.95222,21.8614],[88.95194,21.86167],[88.95194,21.8625],[88.95222,21.86278],[88.95222,21.86361],[88.9525,21.86389],[88.95222,21.86417],[88.95194,21.86417],[88.95222,21.86445],[88.9525,21.86444],[88.95306,21.865],[88.95333,21.865],[88.95389,21.86556],[88.95417,21.86556],[88.95444,21.86583],[88.95472,21.86583],[88.955,21.86611],[88.95528,21.86611],[88.95556,21.86639],[88.95583,21.86639],[88.95611,21.86667],[88.95639,21.86667],[88.95657,21.86685],[88.95667,21.86695],[88.95694,21.86695],[88.9575,21.8675],[88.95778,21.8675],[88.95805,21.86778],[88.95834,21.86778],[88.95861,21.86806],[88.95861,21.86861],[88.95889,21.86889],[88.95889,21.86972],[88.95834,21.87027],[88.95834,21.87056],[88.9525,21.8764],[88.9525,21.87667],[88.95194,21.87722],[88.95194,21.8775],[88.95167,21.87778],[88.95167,21.87833],[88.95139,21.87861],[88.95139,21.88083],[88.95111,21.88111],[88.95111,21.88139],[88.95139,21.88167],[88.95139,21.8825],[88.95111,21.88278],[88.95111,21.88333],[88.95084,21.88361],[88.95084,21.88417],[88.95055,21.88444],[88.95055,21.88472],[88.95028,21.885],[88.95028,21.88528],[88.94972,21.88583],[88.94972,21.88639],[88.94945,21.88667],[88.94889,21.88667],[88.94889,21.88694],[88.94861,21.88694],[88.94833,21.88722],[88.94778,21.88722],[88.94722,21.88667],[88.94695,21.88667],[88.94666,21.88639],[88.94639,21.88639],[88.94611,21.88611],[88.94583,21.88611],[88.94556,21.88583],[88.94528,21.88584],[88.94473,21.88528],[88.94444,21.88528],[88.94417,21.885],[88.94389,21.885],[88.94361,21.88472],[88.94334,21.88472],[88.94195,21.88333],[88.94222,21.88305],[88.9425,21.88305],[88.94278,21.88278],[88.94306,21.88305],[88.94334,21.88305],[88.94389,21.88361],[88.94417,21.88361],[88.94473,21.88417],[88.945,21.88417],[88.94527,21.88445],[88.94556,21.88444],[88.94583,21.88472],[88.94611,21.88472],[88.94639,21.885],[88.94722,21.885],[88.9475,21.88528],[88.94777,21.88528],[88.94806,21.885],[88.94861,21.885],[88.94945,21.88417],[88.94945,21.88194],[88.94972,21.88167],[88.94972,21.88028],[88.95,21.88],[88.95,21.87917],[88.95028,21.87889],[88.95028,21.87778],[88.95055,21.8775],[88.95055,21.87694],[88.95084,21.87667],[88.95084,21.8764],[88.95111,21.87611],[88.95111,21.87583],[88.95139,21.87556],[88.95139,21.87528],[88.95167,21.875],[88.95167,21.87472],[88.9525,21.87389],[88.95277,21.87389],[88.95444,21.87222],[88.95472,21.87222],[88.95666,21.87028],[88.95666,21.87],[88.95695,21.86972],[88.95666,21.86944],[88.95666,21.86917],[88.95583,21.86833],[88.95556,21.86833],[88.95444,21.86722],[88.95417,21.86722],[88.95389,21.86695],[88.95361,21.86695],[88.95306,21.86639],[88.95277,21.86639],[88.95111,21.86472],[88.95084,21.86472],[88.95028,21.86417],[88.95028,21.8625],[88.95055,21.86222],[88.95055,21.86139],[88.95084,21.86111],[88.95084,21.86083],[88.95111,21.86056],[88.95111,21.85944],[88.95139,21.85917],[88.95139,21.85861],[88.95167,21.85833],[88.95167,21.8575],[88.95188,21.85721],[88.95194,21.85694],[88.95222,21.85667],[88.95222,21.8558],[88.95222,21.85417],[88.9525,21.85389],[88.9525,21.85342],[88.95255,21.85336],[88.95277,21.85306],[88.95277,21.85139],[88.9525,21.85111],[88.9525,21.85028],[88.95139,21.84917],[88.95139,21.84889],[88.95111,21.84861],[88.95111,21.84833],[88.95084,21.84806],[88.95084,21.84778],[88.95055,21.8475],[88.95055,21.84667],[88.95028,21.84639],[88.95028,21.84611],[88.94972,21.84556],[88.94972,21.84528],[88.94945,21.845],[88.94945,21.84444],[88.94917,21.84417],[88.94917,21.84389],[88.94889,21.84361],[88.94889,21.84306],[88.94861,21.84278],[88.94861,21.8425],[88.94833,21.84222],[88.94833,21.84194],[88.94806,21.84167],[88.94806,21.84139],[88.94722,21.84056],[88.94639,21.84139],[88.94639,21.84167],[88.94611,21.84194],[88.94611,21.84222],[88.94583,21.8425],[88.94583,21.84278],[88.94556,21.84306],[88.94556,21.84333],[88.94537,21.84357],[88.94527,21.84389],[88.945,21.84417],[88.945,21.84444],[88.94444,21.845],[88.94444,21.84528],[88.94389,21.84583],[88.94389,21.84611],[88.94361,21.84639],[88.94361,21.84667],[88.94222,21.84806],[88.94222,21.84833],[88.94139,21.84917],[88.94139,21.84945],[88.94111,21.84972],[88.94111,21.85],[88.94083,21.85028],[88.94083,21.85167],[88.94028,21.85221],[88.94028,21.8525],[88.93916,21.85361],[88.9389,21.85361],[88.93861,21.85389],[88.93667,21.85389],[88.93639,21.85361],[88.9325,21.85361],[88.93222,21.85333],[88.93139,21.85333],[88.93112,21.85306],[88.93028,21.85306],[88.93009,21.85287],[88.93,21.85278],[88.92917,21.85278],[88.92889,21.8525],[88.92834,21.8525],[88.92805,21.85221],[88.92694,21.85221],[88.92667,21.8525],[88.92611,21.8525],[88.92583,21.85278],[88.92555,21.85278],[88.92472,21.85361],[88.92472,21.85389],[88.91944,21.85917],[88.91917,21.85917],[88.91778,21.86056],[88.91779,21.86111],[88.9175,21.8614],[88.9175,21.86167],[88.91695,21.86222],[88.91695,21.86333],[88.91722,21.86361],[88.91722,21.86417],[88.91695,21.86445],[88.91695,21.86583],[88.91667,21.86611],[88.91666,21.86721],[88.91639,21.8675],[88.91639,21.86833],[88.91666,21.86861],[88.91667,21.86917],[88.91639,21.86944],[88.91639,21.86972],[88.91611,21.87],[88.91612,21.87056],[88.91583,21.87083],[88.91583,21.87195],[88.91556,21.87222],[88.91556,21.87472],[88.91528,21.875],[88.91528,21.87583],[88.91556,21.87611],[88.91556,21.87722],[88.91612,21.87778],[88.91556,21.87833],[88.91556,21.87861],[88.91528,21.87889],[88.91528,21.88],[88.91556,21.88028],[88.915,21.88083],[88.91472,21.88083],[88.91444,21.88056],[88.91389,21.88056],[88.91361,21.88083],[88.91084,21.88083],[88.91064,21.88064],[88.91055,21.88056],[88.91028,21.88056],[88.91,21.88028],[88.90972,21.88028],[88.90916,21.87972],[88.90889,21.87972],[88.90861,21.87944],[88.90833,21.87944],[88.90815,21.87926],[88.90806,21.87917],[88.9075,21.87917],[88.90722,21.87889],[88.90694,21.87889],[88.90694,21.87861],[88.90722,21.87833],[88.90722,21.87806],[88.90778,21.87806],[88.90791,21.87819],[88.90806,21.87833],[88.90889,21.87833],[88.90916,21.87861],[88.90972,21.87861],[88.91028,21.87917],[88.91059,21.87921],[88.91084,21.87944],[88.91167,21.87944],[88.91194,21.87972],[88.91333,21.87972],[88.91389,21.87917],[88.91389,21.87889],[88.91417,21.87861],[88.91417,21.87722],[88.91389,21.87694],[88.91417,21.87667],[88.91417,21.87611],[88.91389,21.87583],[88.91389,21.87333],[88.91417,21.87306],[88.91417,21.8725],[88.91444,21.87222],[88.91444,21.86972],[88.91472,21.86944],[88.91472,21.86889],[88.915,21.86861],[88.915,21.8675],[88.91528,21.86721],[88.91528,21.86611],[88.91556,21.86583],[88.91556,21.86333],[88.91583,21.86306],[88.91583,21.8625],[88.91528,21.86194],[88.915,21.86195],[88.91491,21.86185],[88.91444,21.86139],[88.91473,21.86111],[88.91528,21.86111],[88.91834,21.85805],[88.91861,21.85806],[88.92,21.85667],[88.92,21.85639],[88.92028,21.85611],[88.92028,21.85556],[88.92083,21.855],[88.92083,21.85472],[88.92167,21.85389],[88.92194,21.85389],[88.9236,21.85221],[88.92389,21.85222],[88.92416,21.85194],[88.92445,21.85194],[88.925,21.85139],[88.92528,21.85139],[88.92555,21.85111],[88.92611,21.85111],[88.92639,21.85083],[88.92667,21.85083],[88.92694,21.85111],[88.92722,21.85111],[88.9275,21.85083],[88.92778,21.85083],[88.92805,21.85056],[88.92834,21.85056],[88.92861,21.85083],[88.92889,21.85083],[88.92917,21.85056],[88.93028,21.85056],[88.93056,21.85083],[88.9325,21.85083],[88.93259,21.85093],[88.93277,21.85111],[88.93333,21.85111],[88.93361,21.85139],[88.93445,21.85139],[88.93472,21.85167],[88.93528,21.85167],[88.93556,21.85194],[88.9375,21.85194],[88.93777,21.85167],[88.93833,21.85167],[88.9389,21.85111],[88.93889,21.85083],[88.93916,21.85056],[88.93916,21.85],[88.9389,21.84972],[88.93889,21.84945],[88.93833,21.84889],[88.93806,21.84889],[88.93777,21.84861],[88.9375,21.84861],[88.93694,21.84806],[88.93667,21.84806],[88.93639,21.84778],[88.93583,21.84778],[88.93554,21.8475],[88.93528,21.8475],[88.93417,21.84639],[88.93389,21.84639],[88.93333,21.84583],[88.93334,21.84556],[88.93305,21.84528],[88.93305,21.84444],[88.93278,21.84417],[88.93277,21.84306],[88.93305,21.84278],[88.93305,21.84167],[88.93333,21.84139],[88.93333,21.84083],[88.93305,21.84056],[88.93305,21.84027],[88.93278,21.84],[88.93277,21.83889],[88.93222,21.83833],[88.93195,21.83833],[88.93166,21.83806],[88.93139,21.83806],[88.93112,21.83778],[88.93083,21.83778],[88.93056,21.83806],[88.93,21.83806],[88.92973,21.83833],[88.92639,21.83833],[88.92611,21.83806],[88.92583,21.83806],[88.92555,21.83778],[88.92472,21.83778],[88.9236,21.83667],[88.9236,21.83639],[88.92278,21.83556],[88.92278,21.83306],[88.92306,21.83278],[88.92306,21.83222],[88.92333,21.83194],[88.92333,21.83167],[88.92416,21.83083],[88.92389,21.83055],[88.92389,21.82861],[88.92445,21.82806],[88.92416,21.82778],[88.92416,21.82583],[88.92389,21.82556],[88.92389,21.82529],[88.92306,21.82444],[88.9225,21.82444],[88.92223,21.82417],[88.92139,21.82417],[88.92111,21.82444],[88.92056,21.82444],[88.92,21.825],[88.91972,21.825],[88.91944,21.82529],[88.91917,21.82529],[88.91889,21.82556],[88.91861,21.82556],[88.91834,21.82583],[88.91805,21.82583],[88.9175,21.82639],[88.91722,21.82639],[88.91667,21.82694],[88.91639,21.82694],[88.91612,21.82722],[88.91556,21.82722],[88.91528,21.8275],[88.91444,21.8275],[88.91422,21.82728],[88.91417,21.82722],[88.91361,21.82722],[88.91333,21.82694],[88.91306,21.82694],[88.9125,21.82639],[88.91222,21.82639],[88.91194,21.82611],[88.91166,21.82611],[88.91149,21.82593],[88.91139,21.82583],[88.91111,21.82583],[88.91084,21.82556],[88.91055,21.82556],[88.91,21.825],[88.90972,21.82472],[88.90972,21.82444],[88.90861,21.82333],[88.90778,21.82333],[88.90767,21.82322],[88.9075,21.82306],[88.90667,21.82306],[88.90639,21.82278],[88.90583,21.82278],[88.90556,21.8225],[88.90444,21.8225],[88.90417,21.82223],[88.90334,21.82223],[88.90305,21.82195],[88.90279,21.82195],[88.9025,21.82167],[88.90222,21.82167],[88.90166,21.82111],[88.90139,21.82111],[88.90083,21.82056],[88.90056,21.82056],[88.89972,21.81972],[88.89944,21.81972],[88.89917,21.81945],[88.89889,21.81945],[88.89806,21.81861],[88.89778,21.81861],[88.89528,21.8161],[88.895,21.81611],[88.89389,21.815],[88.89361,21.815],[88.89333,21.81472],[88.89306,21.81472],[88.8925,21.81417],[88.8925,21.81389],[88.89194,21.81333],[88.89167,21.81333],[88.89139,21.81306],[88.89111,21.81306],[88.89056,21.8125],[88.89027,21.8125],[88.89,21.81222],[88.88805,21.81222],[88.88778,21.8125],[88.8875,21.8125],[88.88722,21.81278],[88.88693,21.81278],[88.88667,21.81278],[88.88639,21.81306],[88.88611,21.81306],[88.885,21.81417],[88.885,21.81472],[88.88472,21.815],[88.88472,21.81528],[88.88416,21.81583],[88.88416,21.81639],[88.88361,21.81694],[88.88361,21.81722],[88.88277,21.81806],[88.88277,21.81833],[88.88194,21.81917],[88.88168,21.81916],[88.88055,21.82028],[88.88055,21.82083],[88.88028,21.82111],[88.88028,21.82223],[88.88055,21.82223],[88.88055,21.82278],[88.88084,21.82306],[88.88084,21.82389],[88.88111,21.82417],[88.88111,21.82472],[88.88139,21.825],[88.88139,21.82529],[88.88167,21.82556],[88.88168,21.82611],[88.88194,21.82639],[88.88194,21.82667],[88.88223,21.82694],[88.88223,21.82778],[88.8825,21.82806],[88.8825,21.82972],[88.88223,21.83],[88.88223,21.83056],[88.88139,21.83139],[88.88139,21.83194],[88.88111,21.83222],[88.88111,21.8325],[88.88084,21.83278],[88.88084,21.83306],[88.88055,21.83333],[88.88055,21.83361],[88.88028,21.83389],[88.88028,21.83417],[88.88,21.83444],[88.88,21.835],[88.87972,21.83528],[88.87972,21.83556],[88.87945,21.83583],[88.87945,21.83889],[88.87917,21.83917],[88.87917,21.84],[88.87889,21.84028],[88.87889,21.84083],[88.87862,21.84111],[88.87862,21.84278],[88.87833,21.84306],[88.87833,21.84361],[88.87805,21.84389],[88.87805,21.84445],[88.87778,21.84472],[88.87778,21.84556],[88.8775,21.84583],[88.8775,21.84611],[88.8775,21.84667],[88.87778,21.84694],[88.87778,21.8475],[88.87805,21.84778],[88.87805,21.84833],[88.87833,21.84861],[88.87834,21.85056],[88.87861,21.85083],[88.87861,21.85194],[88.87833,21.85221],[88.87834,21.85306],[88.87805,21.85333],[88.87805,21.85389],[88.87778,21.85417],[88.8775,21.85417],[88.87722,21.85444],[88.87695,21.85444],[88.87666,21.85472],[88.87527,21.85472],[88.875,21.855],[88.87417,21.855],[88.87389,21.85472],[88.87334,21.85472],[88.87305,21.85444],[88.87222,21.85444],[88.87195,21.85417],[88.86972,21.85417],[88.86945,21.85444],[88.86889,21.85444],[88.86833,21.855],[88.86806,21.855],[88.86778,21.85528],[88.86723,21.85527],[88.86694,21.85556],[88.86611,21.85556],[88.86584,21.85583],[88.86339,21.85583],[88.86111,21.85583],[88.86083,21.85611],[88.86055,21.85611],[88.86028,21.85639],[88.86,21.85639],[88.85973,21.85667],[88.85944,21.85667],[88.85889,21.85722],[88.85861,21.85722],[88.85722,21.85861],[88.85722,21.85917],[88.85667,21.85972],[88.85694,21.86],[88.85694,21.86028],[88.85749,21.86083],[88.85749,21.86111],[88.85806,21.86167],[88.85806,21.86194],[88.85861,21.8625],[88.85861,21.86278],[88.85917,21.86333],[88.85944,21.86333],[88.85973,21.86361],[88.86,21.86361],[88.86055,21.86417],[88.86083,21.86417],[88.86111,21.86445],[88.86111,21.865],[88.86045,21.86566],[88.86,21.86611],[88.85973,21.86611],[88.85944,21.86639],[88.85917,21.86639],[88.85889,21.86667],[88.85833,21.86667],[88.85806,21.86695],[88.85778,21.86695],[88.8575,21.86722],[88.85667,21.86722],[88.85555,21.86833],[88.85528,21.86833],[88.85445,21.86917],[88.85445,21.86944],[88.85416,21.86972],[88.85416,21.87306],[88.85445,21.87334],[88.85445,21.875],[88.85472,21.87528],[88.85445,21.87556],[88.85416,21.87556],[88.85416,21.87833],[88.85389,21.87861],[88.85389,21.87917],[88.85416,21.87944],[88.85416,21.88349],[88.85416,21.88389],[88.85389,21.88417],[88.85389,21.88555],[88.85361,21.88583],[88.85361,21.88639],[88.85333,21.88667],[88.85333,21.88778],[88.85361,21.88806],[88.85361,21.88861],[88.85416,21.88917],[88.85416,21.88945],[88.85389,21.88972],[88.85361,21.88972],[88.85333,21.89],[88.85278,21.89],[88.85194,21.89083],[88.85194,21.89167],[88.85139,21.89222],[88.85139,21.8925],[88.85083,21.89306],[88.85083,21.89333],[88.85056,21.89361],[88.85056,21.89389],[88.85028,21.89417],[88.85028,21.89444],[88.84972,21.895],[88.84973,21.89528],[88.84917,21.89583],[88.84917,21.89611],[88.84639,21.89889],[88.84639,21.89945],[88.84528,21.90056],[88.845,21.90056],[88.84084,21.90472],[88.84084,21.905],[88.83945,21.90639],[88.83917,21.90639],[88.83861,21.90694],[88.83833,21.90694],[88.83722,21.90806],[88.83695,21.90806],[88.83639,21.90861],[88.83611,21.90861],[88.83528,21.90945],[88.83472,21.90944],[88.83472,21.90972],[88.83417,21.90972],[88.83389,21.91],[88.83305,21.91],[88.83278,21.91028],[88.8325,21.91028],[88.83195,21.91083],[88.83167,21.91083],[88.83139,21.91111],[88.83111,21.91111],[88.83083,21.91139],[88.82972,21.91139],[88.82944,21.91167],[88.82917,21.91167],[88.82889,21.91195],[88.82861,21.91194],[88.82833,21.91222],[88.82777,21.91222],[88.82751,21.91251],[88.82722,21.91251],[88.82694,21.91278],[88.82667,21.91278],[88.82611,21.91334],[88.82584,21.91334],[88.82361,21.91556],[88.82361,21.91583],[88.82306,21.91639],[88.82306,21.91667],[88.82278,21.91695],[88.82278,21.91722],[88.82222,21.91778],[88.82222,21.91806],[88.82166,21.91861],[88.82166,21.91917],[88.82138,21.91945],[88.82139,21.92028],[88.82112,21.92056],[88.82112,21.92083],[88.82083,21.92111],[88.82083,21.92194],[88.82056,21.92222],[88.82056,21.92333],[88.82027,21.92361],[88.82027,21.92444],[88.82,21.92472],[88.82,21.92722],[88.81973,21.92749],[88.81973,21.92778],[88.81962,21.9282],[88.8205,21.92877],[88.82124,21.92889],[88.82199,21.929],[88.82368,21.92771],[88.82594,21.92655],[88.82622,21.92577],[88.8337,21.91992],[88.83517,21.91891],[88.83656,21.91789],[88.84913,21.91179],[88.85687,21.91071],[88.86632,21.91367],[88.86832,21.91501],[88.87257,21.91679],[88.87548,21.9175],[88.87812,21.91738],[88.88071,21.91656],[88.88323,21.91542],[88.88608,21.91501],[88.8866,21.91446],[88.88811,21.91451],[88.89007,21.91466],[88.89124,21.91528],[88.89496,21.9169],[88.90237,21.91888],[88.90498,21.91958],[88.90957,21.92308],[88.91192,21.92619],[88.91222,21.92658],[88.91457,21.92812],[88.91518,21.92818],[88.915,21.92796],[88.91515,21.92789],[88.91679,21.92717],[88.91715,21.92701],[88.91987,21.92607],[88.92056,21.92583]]],[[[89.01782,22.05032],[89.01836,22.05019],[89.01889,22.05],[89.01917,22.04972],[89.01999,22.04972],[89.02028,22.05],[89.02055,22.05],[89.02084,22.05028],[89.02138,22.05028],[89.02169,22.05034],[89.02212,22.05049],[89.02256,22.05061],[89.02296,22.0508],[89.02338,22.05097],[89.02383,22.05115],[89.02432,22.05133],[89.02488,22.05146],[89.02551,22.05169],[89.02621,22.05192],[89.02667,22.05179],[89.02711,22.05162],[89.02756,22.05143],[89.02812,22.05139],[89.02874,22.05134],[89.02943,22.0512],[89.03014,22.0513],[89.03088,22.05116],[89.03162,22.05115],[89.03232,22.05113],[89.03297,22.05111],[89.03357,22.05107],[89.03409,22.05088],[89.03464,22.05079],[89.03518,22.0506],[89.0358,22.05051],[89.03646,22.05032],[89.03716,22.05024],[89.03783,22.05],[89.0385,22.04973],[89.03915,22.04949],[89.03982,22.04938],[89.04035,22.04916],[89.04081,22.04887],[89.04121,22.0485],[89.04157,22.04804],[89.04192,22.04749],[89.04223,22.04687],[89.04252,22.04628],[89.04283,22.04578],[89.0431,22.0453],[89.04331,22.04485],[89.04344,22.04436],[89.04358,22.04385],[89.04365,22.04331],[89.04382,22.04283],[89.04396,22.04234],[89.04416,22.04196],[89.04442,22.04163],[89.04458,22.04126],[89.04474,22.04086],[89.04492,22.04048],[89.04507,22.04006],[89.04529,22.03965],[89.04556,22.03924],[89.04583,22.03881],[89.04583,22.03861],[89.04611,22.03833],[89.04611,22.03806],[89.04667,22.0375],[89.04667,22.03722],[89.04778,22.03611],[89.04778,22.03583],[89.04806,22.03555],[89.04806,22.03472],[89.05055,22.03223],[89.05055,22.03195],[89.05139,22.03111],[89.05139,22.03083],[89.06416,22.01805],[89.06416,22.01777],[89.06611,22.01583],[89.06611,22.01556],[89.06804,22.01361],[89.06804,22.01333],[89.06834,22.01306],[89.06835,22.01278],[89.06861,22.0125],[89.06861,22.01167],[89.06944,22.01083],[89.06944,22.01056],[89.0699,22.01025],[89.07029,22.00984],[89.07066,22.00943],[89.071,22.00902],[89.07132,22.00867],[89.07156,22.00832],[89.07176,22.00796],[89.07194,22.00759],[89.07209,22.00724],[89.07226,22.00693],[89.07247,22.00666],[89.0726,22.0063],[89.07278,22.00592],[89.07297,22.00548],[89.0731,22.00498],[89.07333,22.00455],[89.07358,22.00416],[89.07368,22.00374],[89.07385,22.00341],[89.07389,22.00306],[89.07396,22.00274],[89.07413,22.00244],[89.07417,22.00206],[89.07417,22.00164],[89.07424,22.00121],[89.07455,22.0009],[89.07445,22.00028],[89.07472,22],[89.07493,21.9994],[89.0751,21.99913],[89.07527,21.9988],[89.07542,21.99847],[89.07553,21.99815],[89.07555,21.99778],[89.07555,21.9975],[89.07556,21.99736],[89.07563,21.99689],[89.0758,21.9964],[89.07584,21.99585],[89.07592,21.99537],[89.07608,21.99499],[89.07616,21.99464],[89.07631,21.99437],[89.07638,21.99406],[89.07642,21.99371],[89.07658,21.99338],[89.07666,21.99295],[89.07674,21.99245],[89.07692,21.99196],[89.07706,21.99143],[89.07723,21.9909],[89.07745,21.99039],[89.07752,21.98987],[89.07741,21.98942],[89.07745,21.98886],[89.07773,21.9883],[89.07773,21.98762],[89.078,21.98693],[89.07802,21.98642],[89.07777,21.98593],[89.07773,21.98542],[89.07778,21.98492],[89.07777,21.98435],[89.07793,21.98391],[89.07787,21.98342],[89.07792,21.98269],[89.07779,21.98205],[89.07773,21.98149],[89.07758,21.981],[89.07747,21.98049],[89.07724,21.98002],[89.07695,21.97955],[89.07667,21.97901],[89.07639,21.97841],[89.07615,21.97777],[89.07604,21.97708],[89.07583,21.97646],[89.07556,21.97591],[89.07531,21.97539],[89.07513,21.97486],[89.07493,21.97438],[89.07471,21.97389],[89.07443,21.97344],[89.0741,21.97297],[89.07388,21.97241],[89.07362,21.97186],[89.07342,21.97133],[89.0733,21.97078],[89.0731,21.97028],[89.07294,21.96941],[89.07236,21.96927],[89.07182,21.97035],[89.07156,21.97128],[89.07131,21.97189],[89.07114,21.97249],[89.07099,21.97301],[89.07092,21.97353],[89.07087,21.97406],[89.07081,21.97462],[89.07077,21.97522],[89.07069,21.97586],[89.07067,21.97653],[89.07074,21.9772],[89.07083,21.97784],[89.07086,21.9785],[89.07088,21.97915],[89.07092,21.9798],[89.07093,21.98046],[89.07091,21.98113],[89.07088,21.98182],[89.07091,21.98251],[89.07092,21.98317],[89.07081,21.98378],[89.07059,21.9843],[89.07043,21.98437],[89.07006,21.98473],[89.06944,21.98473],[89.06932,21.98437],[89.06975,21.98402],[89.07001,21.98306],[89.07012,21.98262],[89.07015,21.9825],[89.07005,21.98184],[89.07004,21.98125],[89.07002,21.98067],[89.06979,21.98009],[89.06976,21.97953],[89.0697,21.97897],[89.0697,21.97838],[89.0697,21.97781],[89.06966,21.97726],[89.0696,21.97675],[89.06958,21.97617],[89.06959,21.97552],[89.06966,21.97487],[89.06981,21.97422],[89.06995,21.97356],[89.07003,21.97298],[89.07006,21.97243],[89.07014,21.97193],[89.07027,21.97144],[89.07044,21.97101],[89.07063,21.97062],[89.0708,21.97025],[89.07095,21.96983],[89.07115,21.96937],[89.07144,21.96887],[89.07184,21.96835],[89.07214,21.96671],[89.07194,21.96614],[89.07175,21.96555],[89.07191,21.96494],[89.07188,21.96449],[89.07153,21.96415],[89.07121,21.96382],[89.07126,21.96283],[89.07111,21.9622],[89.07117,21.96171],[89.0712,21.9613],[89.07114,21.96087],[89.07105,21.96049],[89.07087,21.96021],[89.07083,21.95984],[89.07083,21.95943],[89.07083,21.95897],[89.07083,21.95845],[89.07083,21.95786],[89.07069,21.95736],[89.07055,21.95672],[89.07047,21.95617],[89.07036,21.95561],[89.07029,21.95502],[89.07027,21.95438],[89.06996,21.95391],[89.06972,21.95335],[89.06953,21.95278],[89.06964,21.95219],[89.06948,21.95166],[89.0694,21.95112],[89.06923,21.95066],[89.06916,21.95016],[89.06909,21.94968],[89.06905,21.94956],[89.06893,21.94924],[89.06889,21.94877],[89.06889,21.94827],[89.06883,21.94773],[89.0686,21.9472],[89.06837,21.94663],[89.0682,21.94603],[89.06795,21.94552],[89.06773,21.94502],[89.06748,21.94454],[89.06722,21.94405],[89.067,21.94355],[89.06685,21.94299],[89.06667,21.94246],[89.06651,21.94196],[89.06633,21.94149],[89.06609,21.94108],[89.06586,21.94064],[89.06575,21.94009],[89.06553,21.93954],[89.06525,21.93902],[89.06496,21.93855],[89.06474,21.93811],[89.06461,21.93768],[89.06445,21.93725],[89.0643,21.93679],[89.06411,21.93626],[89.06384,21.93572],[89.06358,21.93509],[89.06329,21.93451],[89.06287,21.93411],[89.06258,21.93384],[89.06247,21.93374],[89.06206,21.93342],[89.06169,21.9331],[89.06129,21.93284],[89.06081,21.93268],[89.06067,21.93257],[89.06047,21.93241],[89.06015,21.93212],[89.05976,21.93197],[89.05933,21.93194],[89.05888,21.93194],[89.0587,21.93194],[89.05843,21.93194],[89.05797,21.93195],[89.05747,21.93195],[89.05692,21.93192],[89.05631,21.93177],[89.05563,21.93168],[89.0549,21.93165],[89.05421,21.93155],[89.05361,21.93137],[89.05316,21.93111],[89.05278,21.93084],[89.05244,21.93055],[89.05234,21.93046],[89.05214,21.93028],[89.05185,21.93007],[89.05153,21.9301],[89.05138,21.93026],[89.05102,21.93064],[89.05044,21.93098],[89.04999,21.93139],[89.0499,21.93148],[89.04961,21.9318],[89.0493,21.93219],[89.04896,21.93253],[89.04858,21.93282],[89.04814,21.93305],[89.04763,21.93323],[89.047,21.93326],[89.04636,21.93317],[89.0457,21.9331],[89.04501,21.93308],[89.04409,21.93268],[89.04333,21.9329],[89.0429,21.93342],[89.04264,21.93382],[89.04217,21.93404],[89.04206,21.93441],[89.04224,21.9351],[89.04216,21.93583],[89.04221,21.93653],[89.04224,21.9372],[89.04226,21.93785],[89.04227,21.93846],[89.04227,21.93901],[89.04231,21.93952],[89.04228,21.94001],[89.04226,21.9405],[89.04227,21.94101],[89.04215,21.9415],[89.042,21.94198],[89.04189,21.94251],[89.04179,21.94304],[89.04178,21.9436],[89.04187,21.94415],[89.04192,21.94472],[89.04194,21.94528],[89.04195,21.94583],[89.04195,21.94639],[89.04192,21.94694],[89.04188,21.9475],[89.04166,21.94917],[89.04186,21.94987],[89.04214,21.95008],[89.04194,21.9505],[89.04139,21.95063],[89.04104,21.95105],[89.04084,21.95091],[89.04057,21.95043],[89.04041,21.95006],[89.04063,21.94852],[89.04064,21.94797],[89.04057,21.94728],[89.0407,21.94679],[89.04086,21.94594],[89.04081,21.94524],[89.04081,21.94477],[89.04079,21.94434],[89.04074,21.94385],[89.04071,21.94335],[89.04083,21.94315],[89.0408,21.94256],[89.04087,21.94202],[89.04091,21.94141],[89.04097,21.94084],[89.04096,21.94045],[89.04092,21.94003],[89.04094,21.93962],[89.04096,21.93918],[89.04102,21.9387],[89.04103,21.93819],[89.04099,21.93771],[89.04099,21.93729],[89.04115,21.93641],[89.04121,21.93588],[89.04116,21.93535],[89.04115,21.93486],[89.04117,21.93441],[89.04118,21.93395],[89.04122,21.9335],[89.04134,21.93307],[89.04147,21.93263],[89.0417,21.93224],[89.04198,21.93193],[89.04234,21.93173],[89.04273,21.93167],[89.04314,21.93165],[89.04356,21.93166],[89.04398,21.93169],[89.0444,21.93178],[89.04485,21.93189],[89.04534,21.93195],[89.04585,21.93197],[89.04637,21.93197],[89.04688,21.93196],[89.04739,21.93189],[89.04785,21.93171],[89.04829,21.93147],[89.04869,21.9311],[89.04882,21.93096],[89.04911,21.93061],[89.04951,21.93004],[89.04946,21.92985],[89.04942,21.92971],[89.04914,21.92944],[89.04878,21.92921],[89.04833,21.92905],[89.04785,21.92891],[89.04726,21.92885],[89.04691,21.92874],[89.04665,21.92865],[89.04594,21.92861],[89.04519,21.92861],[89.04443,21.92858],[89.04367,21.92867],[89.04294,21.92876],[89.04227,21.92875],[89.04163,21.92848],[89.04116,21.92825],[89.04052,21.92824],[89.04002,21.9283],[89.0396,21.92826],[89.03925,21.92812],[89.0389,21.92806],[89.03848,21.92805],[89.03804,21.92802],[89.03757,21.92783],[89.03704,21.92778],[89.03646,21.92774],[89.03593,21.92754],[89.03539,21.92739],[89.03494,21.92707],[89.03445,21.92684],[89.03397,21.92666],[89.03355,21.92647],[89.03311,21.92635],[89.0327,21.92616],[89.03222,21.92612],[89.03174,21.92616],[89.03123,21.92626],[89.03079,21.92631],[89.03033,21.92644],[89.03008,21.9269],[89.02968,21.92737],[89.0298,21.92796],[89.0296,21.92818],[89.02904,21.92811],[89.02847,21.92826],[89.02827,21.92844],[89.02794,21.92874],[89.02751,21.92924],[89.02723,21.92942],[89.02681,21.92964],[89.02648,21.9299],[89.02616,21.93026],[89.02586,21.93048],[89.02553,21.93063],[89.02524,21.93111],[89.02525,21.93157],[89.02481,21.93173],[89.02452,21.93192],[89.02425,21.93208],[89.02399,21.93225],[89.02373,21.93264],[89.02318,21.9332],[89.02303,21.93352],[89.02271,21.93379],[89.02219,21.93404],[89.02194,21.93445],[89.02167,21.93483],[89.02137,21.9352],[89.02103,21.93553],[89.02067,21.93585],[89.02032,21.93618],[89.02,21.93655],[89.01968,21.9369],[89.01936,21.93722],[89.01903,21.93748],[89.01869,21.93769],[89.01834,21.93787],[89.01799,21.93807],[89.01765,21.93831],[89.0173,21.93853],[89.01696,21.93872],[89.01662,21.9389],[89.01628,21.93912],[89.01585,21.93931],[89.01543,21.93957],[89.01498,21.93984],[89.0145,21.94009],[89.01405,21.94038],[89.01357,21.94061],[89.01308,21.94084],[89.01262,21.9411],[89.01212,21.94133],[89.01159,21.94147],[89.01108,21.94168],[89.01059,21.94192],[89.01005,21.94205],[89.00954,21.94223],[89.00903,21.94244],[89.00849,21.94255],[89.00797,21.94274],[89.0074,21.94284],[89.0073,21.94287],[89.00687,21.94302],[89.00629,21.94309],[89.00572,21.94329],[89.00514,21.94349],[89.0047,21.94378],[89.0043,21.94406],[89.004,21.94442],[89.00369,21.94472],[89.0037,21.94521],[89.00339,21.9455],[89.00292,21.94579],[89.00243,21.9459],[89.00202,21.94619],[89.00167,21.94658],[89.00134,21.94698],[89.001,21.94735],[89.00069,21.94777],[89,21.94889],[88.99973,21.94911],[88.99955,21.94948],[88.99952,21.94961],[88.99946,21.94982],[88.99944,21.95013],[88.99938,21.95043],[88.99923,21.95075],[88.99917,21.95122],[88.99917,21.95177],[88.99917,21.95236],[88.99917,21.95295],[88.99926,21.95349],[88.99945,21.95391],[88.99962,21.95425],[89,21.95472],[89.00073,21.95587],[89.00125,21.95647],[89.00153,21.95689],[89.00216,21.958],[89.00251,21.95859],[89.00266,21.95877],[89.00288,21.95903],[89.00313,21.95951],[89.00353,21.95983],[89.0037,21.95992],[89.0041,21.96039],[89.00444,21.96068],[89.00475,21.96102],[89.00511,21.96138],[89.00551,21.96174],[89.00587,21.96213],[89.00624,21.96247],[89.00664,21.96276],[89.00702,21.96305],[89.00741,21.96333],[89.00776,21.96362],[89.0081,21.96389],[89.00842,21.96416],[89.00874,21.96444],[89.00907,21.96473],[89.00944,21.96504],[89.0098,21.96537],[89.01009,21.96576],[89.01047,21.96603],[89.01081,21.96625],[89.01109,21.96646],[89.0113,21.96671],[89.01148,21.96701],[89.01173,21.96729],[89.01196,21.96765],[89.01223,21.96798],[89.01251,21.96827],[89.01279,21.96853],[89.01306,21.96878],[89.01335,21.96903],[89.01368,21.96925],[89.01397,21.96953],[89.01426,21.9698],[89.01444,21.96994],[89.01457,21.97004],[89.01479,21.97034],[89.01501,21.97066],[89.01525,21.97094],[89.01542,21.97125],[89.0156,21.97156],[89.01584,21.97182],[89.01609,21.9721],[89.01632,21.97243],[89.01656,21.97277],[89.01683,21.97312],[89.01713,21.97357],[89.01737,21.97401],[89.01765,21.97449],[89.01784,21.97525],[89.01807,21.97553],[89.018,21.97604],[89.01799,21.97651],[89.01814,21.97703],[89.01814,21.97737],[89.01811,21.97773],[89.01799,21.97805],[89.01792,21.97859],[89.01792,21.97881],[89.01792,21.9792],[89.01774,21.97951],[89.01768,21.98008],[89.01758,21.98035],[89.01729,21.98078],[89.01649,21.98198],[89.01634,21.9824],[89.01611,21.98278],[89.01586,21.98315],[89.01561,21.98354],[89.01527,21.98384],[89.01487,21.98414],[89.01439,21.98437],[89.01383,21.98451],[89.0133,21.98472],[89.01277,21.98488],[89.01227,21.98502],[89.01182,21.98522],[89.01134,21.98528],[89.01086,21.98528],[89.01038,21.98528],[89.00991,21.98528],[89.00948,21.98528],[89.00907,21.98528],[89.00867,21.98528],[89.00822,21.98524],[89.00776,21.98504],[89.00719,21.98496],[89.00661,21.98476],[89.00601,21.98473],[89.00546,21.98486],[89.00508,21.98526],[89.00508,21.98591],[89.00544,21.98649],[89.00607,21.98682],[89.00672,21.9871],[89.00739,21.98728],[89.00799,21.98751],[89.00854,21.98779],[89.00906,21.98806],[89.00957,21.98835],[89.01005,21.98866],[89.01057,21.98892],[89.0111,21.98917],[89.01163,21.98943],[89.01213,21.98972],[89.01263,21.99002],[89.0131,21.99032],[89.01357,21.99057],[89.01398,21.99083],[89.01437,21.99111],[89.01475,21.99138],[89.01514,21.99167],[89.01552,21.99196],[89.01588,21.99227],[89.01621,21.99262],[89.01651,21.99305],[89.01685,21.99351],[89.01724,21.99397],[89.01767,21.99439],[89.01821,21.99472],[89.01879,21.99499],[89.01941,21.9952],[89.02007,21.99532],[89.02067,21.99551],[89.02127,21.99556],[89.02181,21.9956],[89.02223,21.99578],[89.02268,21.99585],[89.02314,21.99593],[89.02357,21.99611],[89.02406,21.99624],[89.02472,21.99615],[89.02538,21.99606],[89.02598,21.9959],[89.02658,21.99585],[89.02715,21.99584],[89.02766,21.99583],[89.02778,21.99583],[89.02805,21.99583],[89.02847,21.99591],[89.02861,21.99611],[89.02889,21.99619],[89.02924,21.99626],[89.0298,21.99653],[89.03009,21.99676],[89.03046,21.99707],[89.03078,21.99729],[89.0312,21.99741],[89.03145,21.99758],[89.03165,21.99789],[89.03214,21.99822],[89.03253,21.99864],[89.03269,21.99897],[89.03284,21.9994],[89.03279,21.99973],[89.03278,22],[89.03278,22.00094],[89.03286,22.00134],[89.0325,22.00208],[89.03192,22.00235],[89.03143,22.00235],[89.03078,22.00215],[89.03042,22.00168],[89.0302,22.00101],[89.03028,22],[89.03029,21.99962],[89.03023,21.99926],[89.03008,21.99895],[89.02998,21.99863],[89.02974,21.99836],[89.02941,21.99813],[89.02902,21.9979],[89.02872,21.99763],[89.02833,21.99742],[89.02789,21.99727],[89.02737,21.99723],[89.02685,21.99723],[89.02638,21.99726],[89.02596,21.99736],[89.02587,21.99738],[89.02554,21.99745],[89.025,21.9974],[89.02436,21.99725],[89.0239,21.99735],[89.02341,21.99752],[89.0229,21.99769],[89.02232,21.99755],[89.0217,21.99751],[89.02103,21.99749],[89.02038,21.99742],[89.01979,21.99722],[89.01923,21.99696],[89.01869,21.99673],[89.01824,21.99642],[89.01777,21.99611],[89.01728,21.99581],[89.01685,21.99547],[89.01642,21.99519],[89.01603,21.99493],[89.01564,21.99468],[89.01527,21.99437],[89.01488,21.99405],[89.01442,21.99373],[89.01389,21.99342],[89.01338,21.99306],[89.01287,21.99272],[89.01246,21.9923],[89.01204,21.9919],[89.01167,21.99147],[89.01128,21.99106],[89.01071,21.9908],[89.01016,21.99053],[89.00968,21.99025],[89.00923,21.99002],[89.00876,21.98986],[89.00829,21.98973],[89.0078,21.98961],[89.00732,21.98943],[89.00681,21.98921],[89.00625,21.989],[89.00581,21.98867],[89.00539,21.98833],[89.00504,21.98801],[89.00472,21.98767],[89.00442,21.98736],[89.00405,21.98712],[89.00361,21.98694],[89.00305,21.98639],[89.00305,21.98611],[89.00278,21.98583],[89.00278,21.98556],[89.0025,21.98528],[89.0025,21.98473],[89.00239,21.98434],[89.00224,21.98402],[89.00211,21.98364],[89.0019,21.98329],[89.00166,21.98292],[89.00139,21.9826],[89.0011,21.98232],[89.00077,21.98205],[89.00039,21.98154],[89,21.98139],[88.99957,21.9808],[88.99934,21.98075],[88.99905,21.98045],[88.99876,21.98014],[88.9985,21.9798],[88.99813,21.9795],[88.9978,21.97912],[88.99744,21.97869],[88.99703,21.97829],[88.99668,21.97783],[88.99637,21.97737],[88.99604,21.97698],[88.99567,21.97666],[88.99532,21.97633],[88.99499,21.97595],[88.99462,21.97558],[88.99422,21.97522],[88.99387,21.97483],[88.99352,21.97447],[88.99318,21.97417],[88.99287,21.97394],[88.99255,21.97371],[88.99244,21.97363],[88.99173,21.97404],[88.99166,21.97472],[88.99167,21.975],[88.99167,21.9786],[88.99139,21.97889],[88.99139,21.97958],[88.99143,21.98024],[88.99162,21.98085],[88.99167,21.98143],[88.99165,21.98195],[88.99152,21.98238],[88.99139,21.98274],[88.99125,21.98305],[88.9911,21.98335],[88.99094,21.98366],[88.99079,21.98405],[88.99056,21.98443],[88.99028,21.98485],[88.99001,21.98527],[88.98969,21.98567],[88.98928,21.98601],[88.98888,21.98638],[88.98841,21.98674],[88.98795,21.98716],[88.9874,21.9875],[88.98682,21.9878],[88.9863,21.98814],[88.98573,21.98843],[88.98511,21.98864],[88.98452,21.98889],[88.98393,21.98913],[88.98329,21.98924],[88.9827,21.98941],[88.98206,21.98948],[88.98142,21.98966],[88.98073,21.98975],[88.98005,21.98992],[88.97972,21.99],[88.97916,21.99],[88.97889,21.99028],[88.97833,21.99028],[88.97806,21.99056],[88.9775,21.99056],[88.97722,21.99083],[88.97667,21.99083],[88.97639,21.99112],[88.97583,21.99111],[88.97556,21.99139],[88.97807,21.99139],[88.97833,21.99111],[88.97861,21.99111],[88.97889,21.99139],[88.98,21.99139],[88.98064,21.99169],[88.98109,21.99186],[88.98157,21.99201],[88.98204,21.99223],[88.98253,21.99249],[88.98306,21.9928],[88.98359,21.99318],[88.9841,21.99362],[88.98459,21.99409],[88.98506,21.99456],[88.98548,21.99499],[88.98582,21.99539],[88.9861,21.99578],[88.98631,21.99613],[88.98649,21.99648],[88.9867,21.99678],[88.98694,21.99708],[88.98718,21.99742],[88.98748,21.99773],[88.98781,21.99803],[88.98817,21.99831],[88.98856,21.99859],[88.98899,21.99887],[88.98949,21.99912],[88.99004,21.99932],[88.99058,21.99949],[88.99114,21.99969],[88.9925,22],[88.99354,22.00087],[88.99397,22.00181],[88.99419,22.00214],[88.99433,22.00255],[88.99448,22.00302],[88.99461,22.00382],[88.99476,22.00442],[88.99498,22.00476],[88.99534,22.00523],[88.9957,22.00556],[88.99606,22.00583],[88.99641,22.00596],[88.99692,22.00616],[88.99757,22.0065],[88.99821,22.00663],[88.99871,22.00677],[88.999,22.00683],[88.99936,22.00697],[88.99936,22.00711],[88.99915,22.00717],[88.99857,22.00717],[88.99799,22.00704],[88.99713,22.00704],[88.99692,22.00697],[88.99634,22.00683],[88.99591,22.0067],[88.99541,22.00657],[88.99483,22.0063],[88.9944,22.00603],[88.99412,22.00576],[88.99383,22.00536],[88.99339,22.00481],[88.99311,22.00429],[88.99268,22.00335],[88.99261,22.00288],[88.99261,22.00255],[88.99253,22.00228],[88.9921,22.00194],[88.99139,22.00147],[88.98944,22],[88.9891,21.99973],[88.9886,21.99969],[88.98825,21.99951],[88.98788,21.99933],[88.98751,21.9991],[88.98716,21.99881],[88.98682,21.99848],[88.9865,21.99813],[88.98621,21.99778],[88.98589,21.99746],[88.98553,21.99714],[88.98517,21.99676],[88.98488,21.99629],[88.9846,21.99586],[88.9843,21.99549],[88.98401,21.99514],[88.9837,21.99478],[88.98338,21.99438],[88.98303,21.99401],[88.98262,21.99375],[88.98221,21.99353],[88.98183,21.99334],[88.98145,21.99319],[88.98105,21.99304],[88.98064,21.99289],[88.98021,21.99275],[88.97978,21.99262],[88.97939,21.99249],[88.97903,21.9924],[88.97839,21.99223],[88.975,21.9925],[88.97476,21.99292],[88.97462,21.99329],[88.97447,21.99364],[88.97442,21.99408],[88.97433,21.99455],[88.97449,21.99504],[88.97475,21.99549],[88.97504,21.99588],[88.97529,21.99624],[88.97554,21.99655],[88.97574,21.99686],[88.97591,21.99718],[88.97614,21.99745],[88.97639,21.99769],[88.97667,21.99793],[88.97698,21.99821],[88.97739,21.9985],[88.97778,21.99892],[88.97801,21.99942],[88.97833,22],[88.97861,22.00028],[88.97889,22.00056],[88.97889,22.00139],[88.97916,22.00167],[88.97916,22.00222],[88.97945,22.0025],[88.97945,22.00333],[88.97916,22.00361],[88.97916,22.00472],[88.97889,22.005],[88.97889,22.00556],[88.97861,22.00583],[88.97861,22.00611],[88.97838,22.00633],[88.97833,22.00639],[88.97806,22.00667],[88.97772,22.00701],[88.97743,22.00741],[88.97715,22.00787],[88.97685,22.00835],[88.97639,22.00863],[88.97591,22.00895],[88.97547,22.00931],[88.975,22.00967],[88.97449,22.01001],[88.97394,22.01036],[88.97339,22.01076],[88.97283,22.01113],[88.97227,22.01146],[88.97181,22.01177],[88.97132,22.01196],[88.97087,22.01214],[88.97044,22.01233],[88.97002,22.01251],[88.96961,22.01275],[88.96923,22.013],[88.96889,22.01332],[88.96857,22.01364],[88.96824,22.01395],[88.96809,22.01436],[88.96806,22.0148],[88.96806,22.0152],[88.96808,22.01554],[88.96818,22.01581],[88.96833,22.01605],[88.9685,22.0163],[88.96863,22.01664],[88.96879,22.01699],[88.96894,22.01735],[88.96917,22.01764],[88.96942,22.01793],[88.96966,22.01822],[88.96988,22.01854],[88.97009,22.01888],[88.97028,22.01922],[88.97047,22.01953],[88.97056,22.01988],[88.97063,22.0202],[88.9708,22.02046],[88.97097,22.0207],[88.97111,22.02097],[88.97124,22.02124],[88.97139,22.02151],[88.97152,22.0218],[88.97164,22.02213],[88.97173,22.02253],[88.97196,22.02289],[88.97221,22.02329],[88.97245,22.02374],[88.9726,22.02425],[88.97279,22.02464],[88.97305,22.025],[88.97305,22.02583],[88.97334,22.02611],[88.97338,22.0272],[88.97358,22.02779],[88.97375,22.02843],[88.97401,22.02899],[88.9743,22.02946],[88.9746,22.02987],[88.97493,22.03023],[88.97527,22.03056],[88.9756,22.0309],[88.97587,22.03131],[88.97613,22.03168],[88.97638,22.03201],[88.97659,22.03232],[88.97678,22.03262],[88.97697,22.03293],[88.9772,22.03326],[88.9774,22.03368],[88.97753,22.0342],[88.97773,22.03472],[88.97783,22.03529],[88.97807,22.03575],[88.97832,22.03621],[88.97859,22.03669],[88.97887,22.0372],[88.97911,22.03776],[88.97927,22.0384],[88.97953,22.03899],[88.97983,22.03959],[88.98024,22.04006],[88.98064,22.0405],[88.98105,22.04087],[88.98139,22.04121],[88.98171,22.04152],[88.98198,22.04171],[88.98219,22.04192],[88.98241,22.04214],[88.98267,22.04239],[88.98296,22.04269],[88.98328,22.043],[88.98358,22.0433],[88.98388,22.04361],[88.98418,22.04392],[88.98445,22.04424],[88.98471,22.04454],[88.98493,22.04481],[88.9851,22.04509],[88.98525,22.04535],[88.98537,22.04563],[88.9855,22.04592],[88.98558,22.04628],[88.98569,22.04664],[88.98583,22.04698],[88.98595,22.04734],[88.98607,22.04775],[88.98611,22.04819],[88.98612,22.04865],[88.98611,22.0491],[88.98605,22.04956],[88.98591,22.04998],[88.98583,22.05042],[88.98576,22.05086],[88.9856,22.05126],[88.98552,22.05171],[88.98538,22.05213],[88.98528,22.05256],[88.98518,22.053],[88.98504,22.05342],[88.98498,22.05386],[88.98489,22.05423],[88.98477,22.05448],[88.98478,22.05471],[88.98493,22.05495],[88.98517,22.05522],[88.98556,22.05545],[88.98615,22.0555],[88.98647,22.05549],[88.98682,22.05548],[88.98748,22.05532],[88.98814,22.05517],[88.98879,22.05502],[88.9894,22.05488],[88.98997,22.05472],[88.99046,22.05456],[88.99087,22.05446],[88.99111,22.05445],[88.99194,22.05445],[88.99205,22.05455],[88.99223,22.05472],[88.9925,22.05472],[88.99276,22.055],[88.99294,22.05485],[88.99348,22.05473],[88.99401,22.05459],[88.99453,22.05457],[88.99502,22.05478],[88.99548,22.05524],[88.99594,22.05556],[88.9964,22.05581],[88.99686,22.05607],[88.99723,22.05637],[88.99765,22.05666],[88.99811,22.05695],[88.9986,22.05717],[88.9991,22.05735],[88.99957,22.05759],[89,22.05778],[89.00028,22.0583],[89.00077,22.05894],[89.00098,22.05908],[89.0012,22.05928],[89.00142,22.05935],[89.0017,22.05935],[89.00228,22.05921],[89.00242,22.05894],[89.00256,22.05861],[89.00256,22.05827],[89.00264,22.05787],[89.00285,22.0576],[89.00285,22.05741],[89.003,22.05707],[89.00307,22.05679],[89.00314,22.05667],[89.00323,22.05645],[89.00357,22.05613],[89.00388,22.05576],[89.00412,22.05535],[89.0043,22.0549],[89.00449,22.05447],[89.00472,22.05408],[89.00497,22.05366],[89.00528,22.05326],[89.00562,22.05285],[89.00594,22.05248],[89.00614,22.0523],[89.00639,22.05222],[89.00777,22.05083],[89.00833,22.05082],[89.00882,22.0512],[89.00926,22.05161],[89.00968,22.05206],[89.01002,22.05256],[89.01023,22.05308],[89.01035,22.05359],[89.01055,22.05402],[89.01074,22.05443],[89.01093,22.05483],[89.01107,22.05526],[89.01118,22.05573],[89.01134,22.05621],[89.01145,22.05675],[89.01161,22.05731],[89.01174,22.05788],[89.01188,22.05834],[89.012,22.05874],[89.01212,22.05907],[89.01222,22.05939],[89.0123,22.05976],[89.01241,22.06013],[89.01258,22.0605],[89.0128,22.06089],[89.01304,22.06128],[89.01335,22.06157],[89.0137,22.06187],[89.01382,22.06218],[89.01425,22.06259],[89.01468,22.06266],[89.01511,22.06286],[89.01547,22.06293],[89.01569,22.06293],[89.01619,22.06279],[89.01633,22.06266],[89.01662,22.06239],[89.01669,22.06199],[89.01669,22.06092],[89.01655,22.06051],[89.01633,22.06016],[89.01618,22.05955],[89.01605,22.05891],[89.01585,22.05831],[89.01566,22.05768],[89.01552,22.05703],[89.01536,22.05643],[89.01529,22.0559],[89.01528,22.05541],[89.01531,22.05494],[89.01541,22.05446],[89.01551,22.05399],[89.01555,22.05347],[89.01556,22.05295],[89.01558,22.05241],[89.01567,22.05187],[89.01588,22.05136],[89.0162,22.05092],[89.01666,22.05063],[89.01724,22.05049],[89.01782,22.05032]]],[[[88.84475,22.18919],[88.84517,22.18915],[88.84557,22.18915],[88.84596,22.18917],[88.84634,22.18923],[88.8467,22.18936],[88.84715,22.18946],[88.84763,22.18963],[88.84811,22.18993],[88.84863,22.19033],[88.84914,22.1908],[88.8496,22.19129],[88.84997,22.19177],[88.85025,22.1922],[88.85046,22.19259],[88.85059,22.19296],[88.85076,22.19329],[88.85091,22.19365],[88.8511,22.19398],[88.85128,22.19439],[88.85139,22.19496],[88.85139,22.19564],[88.85134,22.19638],[88.85123,22.1971],[88.85114,22.19776],[88.85112,22.19836],[88.85112,22.19891],[88.85114,22.19945],[88.85119,22.20001],[88.85133,22.20053],[88.85145,22.20107],[88.85161,22.20154],[88.85173,22.20199],[88.8519,22.2024],[88.8521,22.20288],[88.85242,22.20336],[88.85279,22.20387],[88.85324,22.20433],[88.85375,22.2047],[88.85427,22.205],[88.85481,22.20521],[88.8554,22.20527],[88.85601,22.20528],[88.85662,22.20527],[88.85728,22.20521],[88.85793,22.20501],[88.85856,22.20477],[88.85912,22.20447],[88.85961,22.2041],[88.86005,22.20369],[88.86049,22.2033],[88.86086,22.20283],[88.86123,22.20238],[88.86154,22.20194],[88.86182,22.20152],[88.86208,22.20111],[88.86234,22.20069],[88.86256,22.20023],[88.86281,22.19976],[88.86306,22.19932],[88.86329,22.19889],[88.86343,22.19841],[88.86363,22.19799],[88.86385,22.19761],[88.86398,22.19715],[88.86414,22.19668],[88.86417,22.19619],[88.86412,22.19572],[88.86394,22.19528],[88.86389,22.1948],[88.86389,22.1943],[88.86389,22.19377],[88.86389,22.19321],[88.86389,22.19262],[88.86389,22.192],[88.86389,22.19135],[88.86389,22.19068],[88.8639,22.19002],[88.86398,22.18939],[88.86413,22.18885],[88.86417,22.18835],[88.86417,22.18791],[88.86417,22.18754],[88.86418,22.1872],[88.86427,22.18686],[88.8644,22.18651],[88.86445,22.18607],[88.86448,22.18559],[88.86465,22.18513],[88.86476,22.18459],[88.86497,22.18408],[88.86513,22.18347],[88.8653,22.18287],[88.86555,22.18229],[88.86577,22.1817],[88.86588,22.18109],[88.86608,22.18061],[88.86623,22.18018],[88.86637,22.17984],[88.86643,22.1795],[88.86659,22.17922],[88.86668,22.17888],[88.86677,22.17853],[88.86695,22.17824],[88.86714,22.17791],[88.86725,22.17746],[88.8674,22.17702],[88.86752,22.17658],[88.8677,22.17617],[88.86783,22.17571],[88.86804,22.1753],[88.86821,22.17483],[88.86833,22.17426],[88.86844,22.17365],[88.86856,22.17303],[88.86855,22.17239],[88.86838,22.17179],[88.86829,22.17119],[88.86806,22.17071],[88.8678,22.1703],[88.86742,22.17],[88.86694,22.16982],[88.86631,22.16996],[88.86559,22.17],[88.86484,22.16995],[88.86414,22.16979],[88.86348,22.16986],[88.8629,22.17],[88.86239,22.17013],[88.86195,22.17025],[88.8615,22.17031],[88.86108,22.17044],[88.86063,22.17058],[88.86018,22.1708],[88.8597,22.171],[88.85919,22.17118],[88.8587,22.1714],[88.85824,22.17167],[88.85776,22.17192],[88.85726,22.17208],[88.85678,22.17226],[88.85634,22.1725],[88.8559,22.17272],[88.8554,22.17282],[88.85495,22.17301],[88.85448,22.17306],[88.85403,22.17312],[88.85358,22.1733],[88.85306,22.17333],[88.85252,22.17338],[88.85196,22.17356],[88.85176,22.17358],[88.85139,22.17361],[88.85079,22.17356],[88.85024,22.17338],[88.84968,22.17329],[88.84919,22.17311],[88.84869,22.17297],[88.84822,22.17276],[88.84779,22.1725],[88.84734,22.17221],[88.84689,22.1719],[88.84642,22.17153],[88.84599,22.17109],[88.84557,22.17061],[88.84509,22.17025],[88.84467,22.16992],[88.8444,22.16953],[88.84415,22.16922],[88.8439,22.16891],[88.84372,22.16856],[88.84358,22.16811],[88.84337,22.16768],[88.8433,22.16718],[88.84332,22.16668],[88.84337,22.16616],[88.84354,22.16559],[88.84363,22.16492],[88.84377,22.16422],[88.84402,22.16363],[88.84426,22.1631],[88.84447,22.16267],[88.8447,22.16236],[88.84487,22.16208],[88.84504,22.16179],[88.84526,22.16151],[88.84548,22.1612],[88.84576,22.1609],[88.84611,22.16062],[88.84648,22.16031],[88.84686,22.16001],[88.84729,22.15972],[88.84773,22.15945],[88.84817,22.15917],[88.84861,22.15886],[88.84904,22.15846],[88.84945,22.15806],[88.84986,22.15764],[88.85026,22.15719],[88.85064,22.15676],[88.85104,22.15644],[88.85128,22.15607],[88.85139,22.1557],[88.85141,22.15539],[88.85142,22.15513],[88.85141,22.1549],[88.85137,22.15467],[88.8512,22.15442],[88.85091,22.15417],[88.85052,22.15394],[88.84998,22.15384],[88.84948,22.15368],[88.84896,22.15357],[88.84848,22.15337],[88.84799,22.15324],[88.84755,22.15304],[88.84714,22.15283],[88.84673,22.1526],[88.84637,22.1523],[88.84605,22.15197],[88.84574,22.15163],[88.84552,22.15122],[88.84532,22.15082],[88.84525,22.15033],[88.84516,22.14986],[88.84518,22.14946],[88.84529,22.14907],[88.84546,22.14867],[88.84561,22.1482],[88.84585,22.14776],[88.84614,22.14735],[88.84649,22.14702],[88.84692,22.1468],[88.84734,22.14656],[88.84782,22.14634],[88.84837,22.14615],[88.84898,22.14607],[88.8495,22.14592],[88.84999,22.14584],[88.85046,22.14583],[88.85091,22.14583],[88.85139,22.14583],[88.85184,22.14583],[88.85262,22.14583],[88.85298,22.14583],[88.85336,22.14583],[88.85381,22.14584],[88.85429,22.1459],[88.85477,22.14608],[88.85527,22.14607],[88.85567,22.14586],[88.856,22.14563],[88.85615,22.1453],[88.8563,22.145],[88.85612,22.14473],[88.85589,22.14445],[88.85558,22.14419],[88.85513,22.14403],[88.85463,22.14388],[88.8541,22.14365],[88.8535,22.14361],[88.85289,22.14357],[88.85235,22.14339],[88.85179,22.1433],[88.8513,22.14313],[88.85078,22.14303],[88.85033,22.14286],[88.84985,22.14273],[88.84943,22.14251],[88.84898,22.14232],[88.84855,22.14215],[88.84814,22.14194],[88.84775,22.1417],[88.84727,22.14157],[88.84686,22.14137],[88.84647,22.14111],[88.84606,22.14086],[88.84559,22.14072],[88.84515,22.14053],[88.84471,22.14029],[88.84422,22.14005],[88.8437,22.13979],[88.8432,22.13947],[88.84272,22.13917],[88.84231,22.13888],[88.842,22.1386],[88.84178,22.13833],[88.84158,22.13809],[88.84135,22.1379],[88.84104,22.13775],[88.84072,22.13752],[88.84035,22.1373],[88.84002,22.13706],[88.8397,22.13683],[88.83936,22.13666],[88.83899,22.1365],[88.83856,22.13641],[88.8381,22.13639],[88.83763,22.13639],[88.83717,22.13639],[88.83671,22.13634],[88.83623,22.1362],[88.83578,22.13633],[88.83554,22.1363],[88.83531,22.13627],[88.83484,22.13615],[88.83434,22.13612],[88.83383,22.13611],[88.83331,22.13609],[88.83283,22.13598],[88.83241,22.13575],[88.83198,22.13552],[88.83157,22.13529],[88.83115,22.13507],[88.83069,22.13497],[88.83025,22.13475],[88.82977,22.13461],[88.82928,22.1344],[88.82883,22.13412],[88.82835,22.13386],[88.8279,22.13357],[88.82751,22.13321],[88.82713,22.13286],[88.82668,22.1326],[88.82623,22.13233],[88.82586,22.13198],[88.82546,22.13167],[88.82507,22.13136],[88.82471,22.13102],[88.82433,22.13072],[88.82394,22.13042],[88.82362,22.13005],[88.82335,22.12964],[88.8231,22.12922],[88.82281,22.12882],[88.82258,22.12841],[88.82234,22.12805],[88.82215,22.12772],[88.82195,22.12744],[88.82174,22.1272],[88.82153,22.12699],[88.8213,22.12683],[88.82106,22.1267],[88.82077,22.12667],[88.82045,22.12667],[88.8201,22.12675],[88.81972,22.12695],[88.81928,22.12717],[88.81871,22.12729],[88.81817,22.12751],[88.81766,22.12779],[88.81716,22.12812],[88.81669,22.12848],[88.81624,22.12886],[88.81577,22.12917],[88.81528,22.12943],[88.81478,22.12964],[88.81422,22.12974],[88.81368,22.12992],[88.81314,22.13006],[88.81264,22.13029],[88.81213,22.13054],[88.81154,22.13076],[88.81088,22.13087],[88.81027,22.13107],[88.8097,22.13111],[88.8092,22.13111],[88.80876,22.13111],[88.80833,22.13111],[88.8079,22.13111],[88.80746,22.13111],[88.80698,22.13108],[88.80644,22.13092],[88.80583,22.13083],[88.80519,22.13073],[88.80461,22.13054],[88.80411,22.13028],[88.8036,22.13001],[88.80307,22.12973],[88.80256,22.12936],[88.80212,22.12892],[88.80169,22.1285],[88.80131,22.1281],[88.80093,22.12776],[88.80059,22.12743],[88.80027,22.12705],[88.79991,22.12667],[88.79952,22.1263],[88.79916,22.12583],[88.79881,22.12536],[88.79843,22.12495],[88.79811,22.1245],[88.79786,22.12406],[88.79773,22.12354],[88.79753,22.12311],[88.79739,22.12268],[88.79723,22.1223],[88.79708,22.12194],[88.79692,22.1216],[88.79675,22.12129],[88.79664,22.12093],[88.79646,22.1206],[88.79637,22.12016],[88.79623,22.11968],[88.79613,22.11911],[88.7961,22.11847],[88.79601,22.11782],[88.79587,22.11719],[88.79579,22.11655],[88.7956,22.11595],[88.79546,22.11535],[88.79524,22.11483],[88.79498,22.11444],[88.79465,22.11416],[88.79427,22.11395],[88.79375,22.11386],[88.79318,22.11374],[88.79259,22.11368],[88.79205,22.11384],[88.79153,22.11387],[88.79099,22.1139],[88.79043,22.11396],[88.78984,22.11412],[88.7892,22.11418],[88.78857,22.11425],[88.78794,22.11438],[88.78735,22.1143],[88.78676,22.11419],[88.78614,22.11417],[88.78548,22.11412],[88.78479,22.11393],[88.78407,22.11384],[88.78341,22.11365],[88.78275,22.11354],[88.78222,22.11333],[88.78174,22.1131],[88.78123,22.11298],[88.78083,22.11276],[88.78046,22.11251],[88.78006,22.1123],[88.77959,22.11217],[88.77917,22.11194],[88.7787,22.1117],[88.77818,22.1115],[88.77764,22.11122],[88.77718,22.11079],[88.7767,22.11034],[88.77615,22.10999],[88.77565,22.10966],[88.77535,22.10937],[88.77528,22.10944],[88.77282,22.10698],[88.7725,22.10695],[88.77194,22.10639],[88.77194,22.10611],[88.77169,22.10564],[88.77149,22.10509],[88.77136,22.10455],[88.7712,22.10407],[88.77112,22.10355],[88.77107,22.10302],[88.77091,22.10254],[88.77084,22.10206],[88.77083,22.10157],[88.77077,22.1011],[88.7706,22.10071],[88.77056,22.10026],[88.77055,22.09978],[88.77052,22.09929],[88.77037,22.09882],[88.77029,22.09832],[88.77028,22.09782],[88.77027,22.09731],[88.77027,22.09681],[88.77027,22.0963],[88.77028,22.0958],[88.77027,22.0953],[88.77027,22.09481],[88.77025,22.09431],[88.77011,22.09383],[88.77,22.09332],[88.76985,22.09279],[88.76956,22.09229],[88.76906,22.09195],[88.76846,22.09167],[88.76784,22.09139],[88.7672,22.09111],[88.76656,22.09088],[88.76594,22.09078],[88.76544,22.09056],[88.765,22.09031],[88.76452,22.09019],[88.76408,22.09004],[88.76363,22.08996],[88.76321,22.08976],[88.76275,22.08968],[88.76235,22.0895],[88.76189,22.08937],[88.76145,22.08919],[88.761,22.08905],[88.76057,22.08889],[88.76014,22.08875],[88.75973,22.0886],[88.75932,22.08841],[88.75887,22.08832],[88.75845,22.08817],[88.75808,22.08799],[88.75772,22.08777],[88.75736,22.08753],[88.75696,22.08734],[88.75656,22.08712],[88.75617,22.0869],[88.75581,22.08665],[88.75545,22.08639],[88.75508,22.08611],[88.75469,22.08583],[88.7543,22.08556],[88.75388,22.08528],[88.75344,22.08499],[88.75302,22.08468],[88.75264,22.08431],[88.75223,22.08397],[88.75182,22.08361],[88.75143,22.08324],[88.75111,22.08284],[88.75079,22.08247],[88.75047,22.08213],[88.75021,22.08174],[88.74989,22.0814],[88.74959,22.08106],[88.74936,22.08064],[88.74908,22.08027],[88.74879,22.07989],[88.74854,22.07948],[88.74826,22.07909],[88.74804,22.07868],[88.7478,22.07833],[88.74763,22.07792],[88.74746,22.0775],[88.74718,22.07715],[88.74693,22.07669],[88.74667,22.07621],[88.74638,22.07574],[88.74606,22.0753],[88.74568,22.07484],[88.74522,22.07438],[88.74474,22.07385],[88.74429,22.07328],[88.7439,22.07268],[88.74361,22.07208],[88.74339,22.07154],[88.74332,22.07093],[88.74319,22.07033],[88.74295,22.0698],[88.74257,22.06937],[88.74222,22.06889],[88.74192,22.06833],[88.74166,22.06779],[88.74141,22.06729],[88.74121,22.06679],[88.74096,22.06638],[88.7407,22.06593],[88.74053,22.06531],[88.74033,22.06467],[88.74029,22.06397],[88.74027,22.06334],[88.74029,22.06279],[88.74028,22.06232],[88.74028,22.0619],[88.74027,22.06146],[88.74022,22.06099],[88.74005,22.06052],[88.73996,22.05999],[88.73981,22.05951],[88.73974,22.05904],[88.73972,22.05857],[88.73967,22.05811],[88.73949,22.0577],[88.7394,22.05727],[88.73917,22.05699],[88.73882,22.05685],[88.73837,22.05671],[88.73782,22.05667],[88.7372,22.05664],[88.73656,22.05654],[88.73591,22.05646],[88.73537,22.05657],[88.73489,22.05665],[88.73448,22.05666],[88.73416,22.05667],[88.73306,22.05667],[88.73285,22.05666],[88.7324,22.05656],[88.73186,22.05643],[88.73129,22.05639],[88.73102,22.05639],[88.73044,22.05639],[88.73006,22.05639],[88.72968,22.05639],[88.7272,22.05639],[88.7268,22.05639],[88.72677,22.05639],[88.72458,22.05784],[88.71514,22.06236],[88.7043,22.06656],[88.70415,22.06661],[88.70411,22.06745],[88.70372,22.07572],[88.70556,22.08173],[88.70559,22.08184],[88.70825,22.08369],[88.71027,22.08509],[88.71594,22.08903],[88.72051,22.09171],[88.72576,22.09479],[88.73343,22.10148],[88.7353,22.10505],[88.73808,22.11034],[88.7381,22.11037],[88.7381,22.11037],[88.74362,22.12286],[88.74483,22.1256],[88.74559,22.12732],[88.74563,22.12739],[88.75365,22.13667],[88.75767,22.14132],[88.76575,22.14048],[88.76869,22.14017],[88.77351,22.14329],[88.77405,22.14409],[88.77481,22.14521],[88.77494,22.14529],[88.77554,22.14567],[88.77609,22.14612],[88.77656,22.14668],[88.77699,22.14725],[88.77745,22.14773],[88.77788,22.14816],[88.77824,22.14859],[88.77857,22.14899],[88.77886,22.14942],[88.77914,22.14987],[88.77936,22.15042],[88.77949,22.15107],[88.77972,22.15166],[88.78,22.1522],[88.78027,22.15271],[88.78053,22.15318],[88.78074,22.15365],[88.7809,22.1541],[88.78113,22.15451],[88.78141,22.15488],[88.78177,22.15524],[88.78223,22.15555],[88.78276,22.15583],[88.78335,22.1561],[88.78396,22.1563],[88.78464,22.15643],[88.78523,22.15667],[88.7858,22.15694],[88.78633,22.15722],[88.78681,22.15753],[88.78725,22.15786],[88.78773,22.15815],[88.78818,22.15843],[88.78868,22.15863],[88.78916,22.15889],[88.7896,22.15919],[88.79,22.15952],[88.7904,22.15983],[88.79079,22.1601],[88.79111,22.16043],[88.79141,22.16077],[88.79173,22.16109],[88.79204,22.16139],[88.79234,22.16169],[88.79257,22.16202],[88.7928,22.16233],[88.79305,22.1625],[88.79417,22.16361],[88.79417,22.16389],[88.79555,22.16528],[88.79583,22.16527],[88.79611,22.16556],[88.79694,22.16556],[88.79723,22.16583],[88.79723,22.16611],[88.7975,22.16639],[88.7975,22.16695],[88.79778,22.16722],[88.79778,22.16778],[88.79806,22.16806],[88.79806,22.16889],[88.79822,22.16888],[88.79841,22.16941],[88.79865,22.16988],[88.79897,22.17028],[88.79929,22.17069],[88.7996,22.17109],[88.79994,22.17145],[88.80026,22.17182],[88.80056,22.17223],[88.80085,22.17264],[88.80119,22.17301],[88.80158,22.17333],[88.80198,22.17361],[88.80238,22.1739],[88.80273,22.17423],[88.80306,22.17459],[88.80338,22.17494],[88.8037,22.17526],[88.80404,22.17556],[88.80437,22.17585],[88.80469,22.17617],[88.80501,22.17653],[88.80534,22.17689],[88.80572,22.17724],[88.80611,22.17762],[88.8065,22.17801],[88.80696,22.17834],[88.80747,22.17863],[88.80801,22.1789],[88.80858,22.17917],[88.8092,22.17941],[88.80991,22.17949],[88.81059,22.17969],[88.81124,22.17968],[88.81181,22.17945],[88.81232,22.17917],[88.81281,22.17884],[88.81324,22.17842],[88.81369,22.17798],[88.81418,22.17758],[88.81467,22.17719],[88.81516,22.17679],[88.81561,22.17635],[88.81608,22.17592],[88.81647,22.17544],[88.81679,22.17494],[88.81723,22.17462],[88.81769,22.17439],[88.81808,22.1741],[88.81837,22.1737],[88.81866,22.17328],[88.81902,22.17296],[88.81947,22.17273],[88.81989,22.17245],[88.82024,22.17211],[88.82056,22.17171],[88.82089,22.17134],[88.82126,22.17099],[88.82173,22.17075],[88.82219,22.17043],[88.82261,22.17001],[88.82305,22.1696],[88.82349,22.1692],[88.824,22.16888],[88.8245,22.16855],[88.82501,22.16823],[88.82552,22.16794],[88.82602,22.1676],[88.82652,22.16725],[88.82706,22.16694],[88.82762,22.16662],[88.82808,22.16621],[88.82859,22.16585],[88.8291,22.16555],[88.82959,22.16529],[88.83006,22.16509],[88.83051,22.16497],[88.83091,22.16476],[88.83141,22.16472],[88.83198,22.16466],[88.8326,22.16452],[88.83327,22.16467],[88.83399,22.16476],[88.83469,22.16494],[88.83536,22.16504],[88.83592,22.16526],[88.83637,22.16543],[88.83673,22.16562],[88.83703,22.16584],[88.83731,22.1661],[88.83762,22.16638],[88.83796,22.16668],[88.83827,22.16703],[88.83856,22.16745],[88.83889,22.16789],[88.83922,22.16838],[88.83956,22.16888],[88.83989,22.16938],[88.84005,22.17002],[88.84029,22.17063],[88.84051,22.17124],[88.84055,22.17197],[88.84056,22.17276],[88.84056,22.17353],[88.84055,22.17427],[88.84051,22.17494],[88.84031,22.17549],[88.84018,22.17606],[88.84,22.17658],[88.8398,22.17706],[88.83969,22.17756],[88.83953,22.17799],[88.83942,22.17835],[88.83928,22.17865],[88.83916,22.17897],[88.83904,22.17928],[88.83889,22.17958],[88.83871,22.1799],[88.83855,22.18023],[88.83834,22.18055],[88.83815,22.18088],[88.83801,22.18123],[88.8378,22.18152],[88.8376,22.18185],[88.83738,22.18225],[88.83712,22.18274],[88.83675,22.18327],[88.83638,22.18389],[88.83601,22.18455],[88.83565,22.18518],[88.8353,22.18577],[88.83501,22.18632],[88.83476,22.18679],[88.83459,22.1872],[88.83443,22.18757],[88.83425,22.18789],[88.83414,22.18827],[88.83395,22.18857],[88.83377,22.18887],[88.83356,22.18918],[88.83332,22.18955],[88.83305,22.18994],[88.83279,22.19035],[88.83254,22.19075],[88.8324,22.19119],[88.83222,22.19154],[88.83205,22.19185],[88.83193,22.19215],[88.83177,22.19241],[88.83165,22.1927],[88.8315,22.19296],[88.83138,22.19325],[88.83121,22.19352],[88.83108,22.19387],[88.83086,22.19422],[88.83067,22.19466],[88.83037,22.19502],[88.83003,22.19541],[88.82971,22.19584],[88.82938,22.19628],[88.82895,22.19661],[88.8285,22.19693],[88.82803,22.19721],[88.82754,22.19748],[88.82709,22.19784],[88.82677,22.19836],[88.82668,22.19905],[88.82659,22.19951],[88.82649,22.19976],[88.82641,22.19999],[88.82639,22.20024],[88.82639,22.20052],[88.82635,22.20083],[88.82626,22.20113],[88.82615,22.20148],[88.82612,22.20191],[88.82611,22.20237],[88.82611,22.20285],[88.82611,22.20333],[88.82611,22.20382],[88.82612,22.20429],[88.82617,22.20473],[88.82629,22.20509],[88.82641,22.20544],[88.82656,22.20576],[88.8267,22.20614],[88.8269,22.20654],[88.8271,22.20696],[88.82735,22.20737],[88.8277,22.20771],[88.82806,22.20804],[88.82845,22.20832],[88.8289,22.20848],[88.82939,22.20853],[88.82987,22.20866],[88.83033,22.20887],[88.83081,22.20902],[88.83133,22.20901],[88.83179,22.20882],[88.83229,22.20856],[88.8328,22.20826],[88.83337,22.20808],[88.83399,22.20791],[88.83454,22.20761],[88.83504,22.20719],[88.83547,22.20674],[88.83582,22.20625],[88.83607,22.20575],[88.83623,22.20525],[88.83634,22.20472],[88.83641,22.20418],[88.8365,22.20366],[88.83658,22.20316],[88.83662,22.20266],[88.83666,22.20216],[88.83672,22.20167],[88.83682,22.20121],[88.83688,22.20076],[88.83695,22.20056],[88.83694,22.2],[88.83753,22.1975],[88.83769,22.19695],[88.83783,22.19642],[88.83798,22.19595],[88.83812,22.19549],[88.83827,22.19503],[88.83842,22.19457],[88.83862,22.1941],[88.83887,22.1936],[88.83916,22.19308],[88.83952,22.19257],[88.8399,22.19208],[88.84029,22.19164],[88.8407,22.19122],[88.84115,22.19086],[88.84166,22.19054],[88.84219,22.19022],[88.84272,22.18991],[88.84322,22.18963],[88.84378,22.18943],[88.84428,22.18927],[88.84475,22.18919]]],[[[89.00138,22.19923],[89.00193,22.19917],[89.00251,22.19917],[89.0031,22.19917],[89.00367,22.19913],[89.00419,22.19892],[89.0047,22.19876],[89.00518,22.19862],[89.00564,22.19851],[89.00606,22.19835],[89.00649,22.19822],[89.0069,22.19807],[89.00734,22.19794],[89.00775,22.19778],[89.00819,22.19764],[89.00864,22.19749],[89.00909,22.19732],[89.00956,22.19719],[89.00997,22.19698],[89.0104,22.19682],[89.0108,22.19665],[89.01117,22.19643],[89.01163,22.19635],[89.01209,22.19614],[89.01258,22.19601],[89.01302,22.19582],[89.01339,22.19554],[89.01369,22.19518],[89.0139,22.19473],[89.01411,22.19426],[89.01418,22.1937],[89.01426,22.19314],[89.01441,22.19263],[89.01444,22.19214],[89.01445,22.19168],[89.01445,22.19123],[89.01444,22.19079],[89.0144,22.19035],[89.01421,22.18996],[89.01418,22.18951],[89.01413,22.18907],[89.01398,22.18868],[89.0139,22.18829],[89.01389,22.18788],[89.01389,22.18743],[89.01389,22.18693],[89.01389,22.18643],[89.01385,22.18593],[89.01366,22.18549],[89.01361,22.18499],[89.0136,22.18448],[89.01353,22.18399],[89.01337,22.18354],[89.01329,22.18309],[89.0131,22.18268],[89.01305,22.1822],[89.01301,22.18169],[89.01286,22.18119],[89.013,22.1807],[89.01305,22.18024],[89.01304,22.1798],[89.01295,22.17935],[89.01281,22.17885],[89.01278,22.17833],[89.01278,22.17639],[89.01305,22.17611],[89.01305,22.17556],[89.01328,22.17529],[89.01333,22.17479],[89.01334,22.17424],[89.01342,22.1737],[89.01357,22.17319],[89.01361,22.17271],[89.01362,22.17226],[89.01367,22.17186],[89.01383,22.17151],[89.01393,22.17107],[89.01415,22.17062],[89.01434,22.17007],[89.01443,22.16939],[89.01444,22.16866],[89.01446,22.16795],[89.01454,22.16731],[89.01468,22.1668],[89.01473,22.16667],[89.01472,22.16639],[89.01444,22.16611],[89.01444,22.16444],[89.01473,22.16417],[89.01472,22.16361],[89.015,22.16333],[89.015,22.1625],[89.01527,22.16221],[89.01529,22.16166],[89.01536,22.16121],[89.01552,22.16079],[89.01559,22.16034],[89.01579,22.15995],[89.01587,22.1595],[89.01604,22.15909],[89.01619,22.15866],[89.0164,22.15821],[89.01667,22.15775],[89.01694,22.15728],[89.01718,22.15679],[89.01734,22.15629],[89.01753,22.15587],[89.01775,22.15555],[89.01791,22.15515],[89.0181,22.15472],[89.01835,22.15427],[89.01863,22.15382],[89.01897,22.15338],[89.01938,22.15298],[89.0197,22.15253],[89.02002,22.15207],[89.02032,22.15166],[89.02059,22.15124],[89.02085,22.15082],[89.02194,22.14972],[89.02194,22.14917],[89.02222,22.14889],[89.02222,22.14861],[89.02242,22.14836],[89.02276,22.14822],[89.02309,22.14807],[89.02341,22.14796],[89.02368,22.14778],[89.02397,22.14758],[89.02436,22.14744],[89.02476,22.14721],[89.02518,22.14695],[89.02562,22.14668],[89.02607,22.14642],[89.02651,22.14609],[89.02695,22.1457],[89.02744,22.14531],[89.02801,22.145],[89.02861,22.14471],[89.02917,22.14434],[89.02972,22.14398],[89.03026,22.14364],[89.03082,22.14334],[89.03137,22.14306],[89.03191,22.1428],[89.03239,22.14251],[89.03286,22.14223],[89.0333,22.14197],[89.03372,22.14168],[89.03417,22.14139],[89.03468,22.14115],[89.03519,22.14084],[89.03573,22.14056],[89.03628,22.14028],[89.03683,22.14],[89.03737,22.13975],[89.03792,22.13955],[89.0384,22.13924],[89.0389,22.139],[89.03941,22.13881],[89.03989,22.13857],[89.04034,22.13829],[89.04081,22.13802],[89.04128,22.13775],[89.04173,22.13744],[89.04221,22.13718],[89.04266,22.13692],[89.04308,22.13665],[89.04346,22.13638],[89.04383,22.1361],[89.04419,22.13582],[89.04456,22.13555],[89.04493,22.13529],[89.04533,22.1351],[89.04578,22.13497],[89.0462,22.13475],[89.04665,22.1346],[89.0471,22.1344],[89.04752,22.13416],[89.04792,22.13388],[89.04832,22.13357],[89.04871,22.13325],[89.04911,22.13292],[89.04944,22.1325],[89.04973,22.13209],[89.05,22.13175],[89.05022,22.13143],[89.05035,22.13105],[89.05048,22.13063],[89.05032,22.13018],[89.05012,22.12968],[89.04996,22.12911],[89.04972,22.12862],[89.04946,22.12818],[89.04925,22.12778],[89.04905,22.1274],[89.04878,22.1271],[89.04855,22.12671],[89.04824,22.1263],[89.04789,22.12581],[89.04749,22.12526],[89.04703,22.12469],[89.04659,22.1241],[89.04616,22.12354],[89.04575,22.12298],[89.04529,22.12248],[89.04488,22.12197],[89.04448,22.12151],[89.04416,22.12104],[89.04388,22.12064],[89.04361,22.12029],[89.04333,22.11994],[89.04304,22.11957],[89.04269,22.11921],[89.04227,22.11888],[89.04188,22.11853],[89.04153,22.11809],[89.04115,22.1177],[89.04084,22.11733],[89.04056,22.11698],[89.04029,22.11666],[89.04002,22.11634],[89.03973,22.11598],[89.03945,22.11557],[89.03917,22.11513],[89.0389,22.11473],[89.03867,22.11438],[89.0385,22.11406],[89.03832,22.1138],[89.03814,22.11356],[89.03799,22.11328],[89.03777,22.11301],[89.03751,22.11272],[89.03723,22.11235],[89.03693,22.11194],[89.03656,22.11157],[89.03616,22.11128],[89.03584,22.11095],[89.03556,22.11067],[89.03526,22.11047],[89.03476,22.11047],[89.0341,22.11075],[89.03348,22.11094],[89.03305,22.11088],[89.03248,22.11088],[89.03219,22.11095],[89.0319,22.11088],[89.03147,22.11088],[89.03104,22.11108],[89.03061,22.11121],[89.03003,22.11114],[89.02931,22.11114],[89.02858,22.11125],[89.02802,22.11122],[89.02745,22.11134],[89.02689,22.11141],[89.02637,22.11139],[89.02587,22.11137],[89.02538,22.11133],[89.02486,22.11136],[89.02435,22.11141],[89.02383,22.11147],[89.02333,22.11159],[89.02287,22.11164],[89.02244,22.11165],[89.02202,22.11166],[89.02158,22.11167],[89.0211,22.11171],[89.02061,22.11185],[89.02006,22.11199],[89.01953,22.11219],[89.019,22.11237],[89.01845,22.11254],[89.0179,22.11275],[89.01735,22.11295],[89.01686,22.11322],[89.01655,22.11363],[89.0163,22.11419],[89.01637,22.11494],[89.01705,22.11535],[89.01743,22.11551],[89.01807,22.11551],[89.01857,22.11566],[89.01901,22.11584],[89.01943,22.11604],[89.0199,22.11617],[89.02035,22.11631],[89.02081,22.11638],[89.02126,22.11646],[89.02166,22.1166],[89.02206,22.11668],[89.02245,22.1168],[89.02283,22.11699],[89.02322,22.11721],[89.02366,22.11744],[89.02412,22.1177],[89.02463,22.11791],[89.02519,22.11807],[89.02575,22.11824],[89.02628,22.11842],[89.0268,22.11863],[89.02735,22.11886],[89.02795,22.11907],[89.02859,22.11921],[89.02919,22.11936],[89.0297,22.11952],[89.03007,22.11976],[89.0303,22.12001],[89.03049,22.12027],[89.03062,22.12056],[89.03078,22.12083],[89.0309,22.12115],[89.03098,22.12155],[89.03088,22.12201],[89.03056,22.12247],[89.03013,22.12294],[89.02943,22.1229],[89.02935,22.1227],[89.02964,22.12237],[89.02993,22.12196],[89.02979,22.12116],[89.02935,22.12069],[89.02885,22.12055],[89.02843,22.12039],[89.028,22.12031],[89.02752,22.12029],[89.02698,22.12026],[89.02633,22.12002],[89.0256,22.11978],[89.02485,22.11955],[89.02411,22.1193],[89.02344,22.11898],[89.0228,22.11861],[89.02215,22.11826],[89.02149,22.11794],[89.02084,22.1177],[89.02026,22.11745],[89.01981,22.11722],[89.01941,22.11704],[89.01906,22.11693],[89.01889,22.11695],[89.01765,22.11661],[89.01667,22.11611],[89.01615,22.11575],[89.01567,22.11541],[89.01523,22.11499],[89.01485,22.11453],[89.01465,22.11401],[89.01466,22.11351],[89.01489,22.1131],[89.01527,22.11275],[89.01572,22.11238],[89.01629,22.11208],[89.01693,22.11182],[89.01759,22.11157],[89.01825,22.11131],[89.01862,22.11125],[89.0192,22.11118],[89.01949,22.11112],[89.01999,22.11098],[89.02035,22.11085],[89.02107,22.11085],[89.02164,22.11058],[89.02222,22.11045],[89.0228,22.11045],[89.02337,22.11032],[89.02416,22.11025],[89.02452,22.11025],[89.02516,22.11032],[89.02775,22.11032],[89.02818,22.11011],[89.0288,22.11012],[89.02972,22.11019],[89.03044,22.11019],[89.03101,22.11012],[89.0319,22.10993],[89.03263,22.1097],[89.03335,22.10966],[89.03405,22.1096],[89.03486,22.10971],[89.03535,22.10959],[89.03553,22.1093],[89.03556,22.10891],[89.03556,22.10848],[89.03555,22.10804],[89.03548,22.1076],[89.03532,22.10717],[89.03528,22.10673],[89.03524,22.10629],[89.0351,22.10592],[89.03501,22.10553],[89.03501,22.10513],[89.03499,22.10469],[89.03496,22.10422],[89.03473,22.10377],[89.03448,22.10328],[89.03426,22.10274],[89.0341,22.10217],[89.03388,22.10164],[89.03366,22.10117],[89.03361,22.10063],[89.03357,22.10007],[89.0334,22.09952],[89.0333,22.0989],[89.03306,22.09834],[89.03282,22.09777],[89.03272,22.09712],[89.03278,22.09694],[89.0325,22.09667],[89.0325,22.09612],[89.03222,22.09583],[89.03222,22.09556],[89.03193,22.09528],[89.03193,22.095],[89.03167,22.09472],[89.03167,22.09444],[89.03111,22.09389],[89.03111,22.09333],[89.03139,22.09306],[89.03139,22.09278],[89.03162,22.09228],[89.03167,22.09178],[89.03167,22.09134],[89.0317,22.09092],[89.03184,22.09051],[89.03192,22.09004],[89.0319,22.08952],[89.03173,22.089],[89.03167,22.08842],[89.03166,22.08779],[89.03167,22.0871],[89.03172,22.08638],[89.0319,22.0857],[89.03193,22.08503],[89.03194,22.08446],[89.03193,22.08401],[89.03197,22.08366],[89.03207,22.08337],[89.03213,22.08307],[89.03223,22.08272],[89.0324,22.0823],[89.03249,22.08177],[89.0325,22.08122],[89.0325,22.08072],[89.03253,22.08031],[89.03264,22.07999],[89.03275,22.07969],[89.03278,22.07935],[89.03282,22.07893],[89.03302,22.07847],[89.03312,22.07794],[89.03333,22.0775],[89.03356,22.0771],[89.03372,22.0767],[89.03388,22.07634],[89.03401,22.07599],[89.03414,22.07564],[89.03423,22.07526],[89.0344,22.07494],[89.03444,22.07455],[89.03445,22.07417],[89.03447,22.07379],[89.03461,22.07343],[89.03471,22.073],[89.03476,22.07251],[89.03492,22.072],[89.03499,22.07144],[89.0351,22.0709],[89.03525,22.07042],[89.03528,22.06997],[89.03532,22.06955],[89.03548,22.0692],[89.03558,22.06876],[89.03574,22.06828],[89.03586,22.06774],[89.03607,22.0672],[89.03614,22.06663],[89.03626,22.06611],[89.03638,22.06569],[89.0365,22.06532],[89.03664,22.06496],[89.03667,22.06453],[89.03675,22.06403],[89.0369,22.06353],[89.03699,22.06294],[89.03718,22.06244],[89.03725,22.06196],[89.03743,22.06156],[89.03753,22.06112],[89.03771,22.06066],[89.03782,22.06009],[89.03806,22.05956],[89.03829,22.05909],[89.03847,22.05863],[89.03859,22.05818],[89.03862,22.05769],[89.03869,22.05717],[89.03885,22.05662],[89.03889,22.05604],[89.03887,22.05546],[89.03879,22.0549],[89.03864,22.05437],[89.03854,22.05383],[89.03822,22.05339],[89.03771,22.0531],[89.03705,22.05305],[89.03632,22.05305],[89.03555,22.05305],[89.0353,22.05306],[89.03478,22.05306],[89.03441,22.05306],[89.03404,22.05305],[89.03339,22.05302],[89.03284,22.05286],[89.03238,22.05279],[89.03193,22.05278],[89.03153,22.05278],[89.03111,22.05278],[89.03069,22.05278],[89.03027,22.05278],[89.02985,22.05278],[89.02947,22.05278],[89.02911,22.05282],[89.02879,22.05297],[89.02841,22.05308],[89.02803,22.05326],[89.02767,22.05352],[89.02753,22.05411],[89.02758,22.0548],[89.02783,22.0554],[89.02819,22.05586],[89.02852,22.05629],[89.02885,22.05669],[89.02911,22.05713],[89.0294,22.05759],[89.02967,22.05809],[89.02993,22.05863],[89.02997,22.05912],[89.02999,22.0598],[89.02981,22.0604],[89.02973,22.06106],[89.02969,22.0617],[89.02957,22.06229],[89.02947,22.06286],[89.02936,22.0634],[89.02923,22.06388],[89.02918,22.06434],[89.02916,22.06476],[89.02909,22.06515],[89.02896,22.06553],[89.02889,22.06602],[89.0288,22.06658],[89.02866,22.06718],[89.02856,22.06781],[89.02841,22.06837],[89.02836,22.06892],[89.02835,22.06942],[89.02838,22.06992],[89.02849,22.07045],[89.02857,22.07104],[89.02856,22.07166],[89.02848,22.07225],[89.02845,22.07281],[89.02856,22.07336],[89.02865,22.07394],[89.02877,22.07453],[89.02882,22.07513],[89.02893,22.07569],[89.02893,22.07622],[89.02883,22.07673],[89.0288,22.07713],[89.02863,22.07761],[89.02844,22.07805],[89.02829,22.0786],[89.02769,22.07915],[89.02705,22.07931],[89.0263,22.07916],[89.02573,22.07895],[89.02506,22.07886],[89.02444,22.07878],[89.02388,22.07883],[89.02338,22.07879],[89.02293,22.07863],[89.02245,22.07853],[89.02199,22.07837],[89.02167,22.07833],[89.02139,22.07806],[89.02139,22.07778],[89.02235,22.0777],[89.0227,22.07785],[89.02323,22.07777],[89.02365,22.07778],[89.02437,22.07792],[89.0248,22.07799],[89.02552,22.07799],[89.02595,22.07805],[89.0266,22.07805],[89.02724,22.07792],[89.0276,22.07778],[89.02775,22.07745],[89.02775,22.07698],[89.02775,22.07604],[89.0274,22.07557],[89.02723,22.07504],[89.02702,22.07452],[89.02685,22.07401],[89.02682,22.0735],[89.02691,22.07301],[89.02694,22.07249],[89.02695,22.0719],[89.02727,22.07116],[89.02724,22.07055],[89.02695,22.06982],[89.02695,22.06909],[89.02698,22.06837],[89.02706,22.06771],[89.02719,22.06712],[89.0273,22.06659],[89.02744,22.06613],[89.02751,22.06567],[89.0276,22.06523],[89.02773,22.0648],[89.02779,22.06433],[89.02785,22.06382],[89.02799,22.06333],[89.02815,22.06305],[89.02837,22.06264],[89.02851,22.06224],[89.02873,22.06184],[89.02879,22.06151],[89.02879,22.06097],[89.02894,22.0605],[89.02894,22.05956],[89.02879,22.05916],[89.02865,22.05889],[89.0284,22.05866],[89.02821,22.0581],[89.02793,22.05755],[89.02756,22.05702],[89.02718,22.05643],[89.02676,22.0559],[89.02642,22.05529],[89.0262,22.05465],[89.02619,22.05399],[89.02629,22.05336],[89.02605,22.05293],[89.02557,22.05266],[89.02471,22.05273],[89.02438,22.05272],[89.02429,22.05271],[89.02387,22.05271],[89.02312,22.05257],[89.02242,22.05245],[89.02177,22.05225],[89.02111,22.05206],[89.02056,22.0519],[89.02011,22.05168],[89.01971,22.05151],[89.01932,22.05142],[89.01893,22.05143],[89.01855,22.05153],[89.0182,22.05163],[89.01789,22.05169],[89.01764,22.05181],[89.01741,22.05198],[89.01721,22.05221],[89.01701,22.05252],[89.01688,22.05304],[89.01674,22.05366],[89.01669,22.05433],[89.01673,22.05499],[89.01688,22.05557],[89.01695,22.05611],[89.017,22.05656],[89.01714,22.05689],[89.01725,22.05722],[89.01739,22.05752],[89.0175,22.05785],[89.01762,22.05816],[89.01775,22.05847],[89.01782,22.05882],[89.01793,22.05917],[89.01803,22.05955],[89.01806,22.05997],[89.01805,22.06042],[89.01802,22.06086],[89.01791,22.06126],[89.01779,22.06161],[89.01769,22.06189],[89.01756,22.06213],[89.01743,22.06239],[89.01724,22.06261],[89.01701,22.06284],[89.0168,22.0631],[89.01658,22.0634],[89.01629,22.06368],[89.01591,22.06388],[89.01553,22.06405],[89.01527,22.06414],[89.0152,22.0642],[89.015,22.06437],[89.01473,22.06444],[89.0143,22.06437],[89.01418,22.06417],[89.01389,22.06389],[89.01364,22.06363],[89.01337,22.0633],[89.01305,22.06292],[89.01266,22.0625],[89.01226,22.06208],[89.01191,22.06168],[89.01161,22.06132],[89.01138,22.06098],[89.01119,22.06066],[89.01106,22.06028],[89.0109,22.05994],[89.01082,22.05956],[89.01072,22.05921],[89.0106,22.05888],[89.0105,22.05848],[89.01035,22.05804],[89.01023,22.05754],[89.01009,22.05705],[89.00999,22.05658],[89.00989,22.05618],[89.00977,22.05584],[89.0097,22.05551],[89.00961,22.05519],[89.00948,22.05488],[89.00934,22.05453],[89.00916,22.0542],[89.00896,22.05384],[89.0088,22.05339],[89.00861,22.05297],[89.00836,22.05262],[89.008,22.05247],[89.00763,22.05246],[89.00732,22.05264],[89.0071,22.05292],[89.00691,22.05325],[89.00672,22.05357],[89.00655,22.0539],[89.00639,22.05421],[89.00622,22.05449],[89.00603,22.05478],[89.00579,22.0551],[89.00556,22.05554],[89.0053,22.05605],[89.00499,22.05656],[89.00465,22.05701],[89.00437,22.05741],[89.00418,22.05784],[89.00394,22.05827],[89.00364,22.05869],[89.00331,22.05912],[89.00291,22.05945],[89.00249,22.05973],[89.00209,22.06],[89.00171,22.06026],[89.00107,22.06024],[89.00071,22.06003],[89.00057,22.05972],[89.00027,22.05944],[89,22.05917],[88.99962,22.05894],[88.9992,22.05884],[88.99878,22.0586],[88.99836,22.0583],[88.99797,22.05797],[88.99758,22.05766],[88.99708,22.05744],[88.99658,22.05721],[88.99609,22.05696],[88.99562,22.05673],[88.9952,22.05651],[88.99474,22.05635],[88.99425,22.05618],[88.99365,22.05612],[88.99301,22.0561],[88.9925,22.05611],[88.99239,22.05611],[88.99111,22.05611],[88.99084,22.05583],[88.99028,22.05583],[88.98988,22.05603],[88.9895,22.05614],[88.98914,22.05628],[88.98878,22.0564],[88.98844,22.05654],[88.98807,22.05666],[88.98767,22.05678],[88.98723,22.0569],[88.98675,22.05695],[88.98626,22.05699],[88.98579,22.0571],[88.98529,22.05698],[88.98483,22.05684],[88.98447,22.05667],[88.9842,22.05647],[88.98401,22.05621],[88.98387,22.05585],[88.9837,22.05546],[88.98358,22.055],[88.98345,22.05453],[88.98356,22.05407],[88.98361,22.05361],[88.98366,22.05319],[88.9838,22.05284],[88.98388,22.0525],[88.98396,22.05213],[88.9841,22.05178],[88.98421,22.05138],[88.9844,22.05099],[88.9845,22.05052],[88.98466,22.05007],[88.9847,22.0495],[88.98469,22.04887],[88.98463,22.0482],[88.98465,22.04758],[88.98455,22.04705],[88.98446,22.04654],[88.98438,22.04609],[88.98418,22.04581],[88.98394,22.04554],[88.98371,22.04528],[88.98351,22.045],[88.98334,22.04475],[88.98315,22.04446],[88.98289,22.04416],[88.98251,22.04383],[88.98205,22.04344],[88.98155,22.04303],[88.98106,22.04255],[88.98056,22.04208],[88.98007,22.04162],[88.97962,22.04113],[88.97919,22.04066],[88.97881,22.04021],[88.97841,22.03988],[88.97791,22.03992],[88.97742,22.04022],[88.97689,22.04052],[88.97635,22.04079],[88.97577,22.04104],[88.97512,22.04125],[88.97443,22.04145],[88.97381,22.04175],[88.9732,22.04206],[88.97258,22.04233],[88.97208,22.04266],[88.97162,22.04304],[88.97114,22.04341],[88.97063,22.04379],[88.97004,22.04413],[88.96941,22.04448],[88.96886,22.04495],[88.96831,22.04543],[88.96775,22.04587],[88.96722,22.04638],[88.96667,22.04685],[88.96613,22.04731],[88.96556,22.04775],[88.96497,22.04811],[88.96444,22.04851],[88.96395,22.04889],[88.96351,22.04927],[88.96312,22.04968],[88.96278,22.05013],[88.96243,22.05063],[88.96214,22.05117],[88.96203,22.05182],[88.96223,22.05246],[88.96268,22.05295],[88.9632,22.05332],[88.96372,22.05359],[88.96424,22.05385],[88.9647,22.05404],[88.96511,22.05428],[88.96539,22.0546],[88.96561,22.05506],[88.96584,22.0555],[88.96604,22.05597],[88.966,22.05649],[88.96583,22.05699],[88.96559,22.05745],[88.96532,22.05786],[88.96503,22.05828],[88.96468,22.0586],[88.9643,22.05888],[88.96394,22.05912],[88.96357,22.05933],[88.96319,22.05951],[88.96285,22.05977],[88.96254,22.06011],[88.96236,22.06048],[88.96249,22.06082],[88.96281,22.06113],[88.96324,22.0614],[88.96371,22.06168],[88.96415,22.06197],[88.96461,22.06224],[88.96507,22.0625],[88.96555,22.06277],[88.96603,22.06301],[88.96643,22.06336],[88.96693,22.06362],[88.96744,22.06389],[88.96791,22.06412],[88.96833,22.06417],[88.96917,22.065],[88.96922,22.06515],[88.96965,22.0654],[88.97004,22.06572],[88.97044,22.06601],[88.9708,22.06636],[88.97117,22.06672],[88.97153,22.06709],[88.97188,22.06742],[88.97221,22.06773],[88.97252,22.06802],[88.97289,22.06831],[88.97333,22.06862],[88.97379,22.06907],[88.97428,22.06958],[88.97475,22.07017],[88.9752,22.07076],[88.97558,22.07139],[88.97595,22.07198],[88.97639,22.07246],[88.97686,22.07283],[88.97717,22.07325],[88.97744,22.0736],[88.97754,22.07403],[88.97768,22.07436],[88.97778,22.07467],[88.97789,22.07496],[88.97805,22.07521],[88.97822,22.07545],[88.97835,22.07574],[88.97852,22.07601],[88.97868,22.07635],[88.9789,22.07669],[88.97913,22.07714],[88.97933,22.07766],[88.97955,22.07815],[88.97982,22.07857],[88.98011,22.07894],[88.98037,22.07928],[88.98055,22.07968],[88.98067,22.08009],[88.98077,22.08052],[88.98081,22.08096],[88.98087,22.08142],[88.98102,22.08188],[88.98111,22.08236],[88.98119,22.08284],[88.98135,22.08329],[88.98142,22.08375],[88.98151,22.08414],[88.98164,22.08448],[88.98171,22.08482],[88.98187,22.08512],[88.98196,22.08549],[88.98209,22.08586],[88.9822,22.08626],[88.98228,22.08669],[88.98245,22.08713],[88.9825,22.08763],[88.98254,22.08818],[88.98277,22.08868],[88.98296,22.08922],[88.98309,22.08975],[88.98325,22.0902],[88.98326,22.0907],[88.98331,22.09117],[88.98334,22.09162],[88.98337,22.09207],[88.98346,22.0925],[88.98354,22.09294],[88.9836,22.0934],[88.98366,22.09384],[88.98384,22.09424],[88.98389,22.09468],[88.9839,22.09514],[88.98392,22.0956],[88.98404,22.09598],[88.98417,22.09634],[88.98431,22.09668],[88.98445,22.09702],[88.9846,22.0974],[88.98475,22.09779],[88.98497,22.09814],[88.98512,22.0986],[88.98529,22.09909],[88.9855,22.09959],[88.98562,22.10015],[88.9858,22.10067],[88.98594,22.1012],[88.98611,22.1017],[88.98631,22.10217],[88.98646,22.10266],[88.98667,22.10313],[88.98691,22.10359],[88.98714,22.10407],[88.98743,22.10447],[88.9877,22.10486],[88.98783,22.10525],[88.98786,22.10535],[88.98807,22.10583],[88.98828,22.1063],[88.98841,22.10684],[88.98861,22.10734],[88.98881,22.10784],[88.98896,22.10839],[88.98917,22.10892],[88.98944,22.10945],[88.98968,22.10999],[88.98981,22.11061],[88.99002,22.11112],[88.99026,22.11149],[88.99043,22.11183],[88.99057,22.11214],[88.99072,22.1124],[88.9908,22.11272],[88.99088,22.11305],[88.99105,22.11332],[88.99114,22.11369],[88.99129,22.1141],[88.99142,22.11463],[88.99167,22.11515],[88.99194,22.11568],[88.9922,22.11623],[88.99238,22.11683],[88.99252,22.11745],[88.99271,22.11803],[88.99299,22.11854],[88.9933,22.11903],[88.99355,22.11958],[88.99379,22.12014],[88.99394,22.12078],[88.99416,22.1214],[88.99442,22.122],[88.99465,22.12262],[88.9948,22.12325],[88.99497,22.12372],[88.995,22.12389],[88.995,22.12417],[88.99528,22.12444],[88.99528,22.12472],[88.99555,22.125],[88.99555,22.12583],[88.99582,22.1261],[88.99584,22.12667],[88.99611,22.12694],[88.9961,22.12728],[88.9961,22.1275],[88.99611,22.12778],[88.99616,22.12828],[88.99634,22.1287],[88.9964,22.12916],[88.99647,22.12963],[88.99662,22.13009],[88.99671,22.13063],[88.99683,22.13117],[88.99687,22.13174],[88.99671,22.1323],[88.99667,22.13287],[88.99668,22.13343],[88.99677,22.13398],[88.9969,22.13452],[88.99694,22.13512],[88.99695,22.13571],[88.99695,22.13632],[88.99694,22.13691],[88.99694,22.13749],[88.99694,22.13803],[88.9969,22.13848],[88.99673,22.13886],[88.99667,22.13922],[88.99664,22.13963],[88.99661,22.14012],[88.99644,22.14066],[88.99634,22.14127],[88.99611,22.14177],[88.99595,22.14225],[88.99583,22.14273],[88.9957,22.14318],[88.99555,22.14362],[88.99538,22.14408],[88.99525,22.14463],[88.99504,22.14521],[88.99492,22.14588],[88.99471,22.14646],[88.99445,22.14697],[88.99425,22.14744],[88.99412,22.14787],[88.99395,22.1482],[88.99386,22.14855],[88.9937,22.14881],[88.99353,22.14905],[88.99337,22.14932],[88.99323,22.14967],[88.99303,22.15003],[88.99279,22.15041],[88.99256,22.15084],[88.99233,22.15128],[88.99214,22.15175],[88.99193,22.15222],[88.99166,22.15266],[88.99136,22.1531],[88.99108,22.15363],[88.99076,22.15413],[88.99041,22.15459],[88.99007,22.15498],[88.98978,22.15529],[88.98955,22.15556],[88.98936,22.15582],[88.98917,22.15605],[88.989,22.1563],[88.98883,22.15659],[88.9886,22.15687],[88.98834,22.15718],[88.98807,22.15752],[88.9878,22.15789],[88.98755,22.15827],[88.98727,22.15863],[88.98696,22.15901],[88.98664,22.15941],[88.98625,22.15977],[88.98591,22.16019],[88.98548,22.16058],[88.98506,22.16106],[88.98458,22.16155],[88.98408,22.16204],[88.98357,22.16249],[88.98311,22.16291],[88.98277,22.16336],[88.98241,22.16377],[88.98203,22.16416],[88.98159,22.16452],[88.9811,22.16486],[88.98061,22.16523],[88.98016,22.16567],[88.97971,22.16611],[88.97919,22.16649],[88.97872,22.1669],[88.97824,22.16731],[88.9778,22.16775],[88.97738,22.16818],[88.97701,22.16865],[88.97671,22.16912],[88.97642,22.16956],[88.97622,22.17003],[88.97604,22.17052],[88.97585,22.17102],[88.97569,22.17153],[88.97556,22.17207],[88.97545,22.17257],[88.97523,22.173],[88.97501,22.17343],[88.97484,22.17391],[88.97472,22.17443],[88.97459,22.17496],[88.97441,22.17544],[88.97424,22.17593],[88.97415,22.17644],[88.97403,22.17694],[88.97392,22.17744],[88.97389,22.17798],[88.97387,22.17857],[88.97379,22.17918],[88.97374,22.1798],[88.97383,22.1804],[88.97375,22.18095],[88.97359,22.18148],[88.97343,22.18197],[88.97334,22.18245],[88.97333,22.18294],[88.97334,22.18343],[88.97334,22.18389],[88.97334,22.18433],[88.97334,22.18648],[88.97334,22.18714],[88.97334,22.18781],[88.97334,22.18844],[88.97329,22.18902],[88.97312,22.1895],[88.97306,22.18997],[88.97305,22.19043],[88.97301,22.19089],[88.97288,22.19131],[88.97279,22.19175],[88.97278,22.1922],[88.97277,22.19264],[88.97275,22.19305],[88.97269,22.19344],[88.97296,22.19381],[88.97309,22.19386],[88.97347,22.19399],[88.97409,22.19392],[88.97475,22.1939],[88.97545,22.19389],[88.97612,22.19384],[88.97673,22.19368],[88.97734,22.19374],[88.97795,22.19386],[88.97859,22.1939],[88.97926,22.19395],[88.97992,22.19407],[88.98055,22.19416],[88.98116,22.19426],[88.98168,22.19443],[88.9822,22.19456],[88.98273,22.19474],[88.98325,22.19496],[88.98385,22.19511],[88.98443,22.19532],[88.98496,22.19556],[88.98544,22.1958],[88.9859,22.19592],[88.9863,22.19608],[88.98671,22.19618],[88.98708,22.19638],[88.9875,22.19656],[88.98797,22.19675],[88.98844,22.19696],[88.98891,22.19722],[88.98939,22.19745],[88.98982,22.19773],[88.9903,22.19791],[88.99076,22.19808],[88.99124,22.19827],[88.99179,22.19839],[88.99236,22.19857],[88.99304,22.19866],[88.99373,22.19885],[88.99448,22.19894],[88.99476,22.199],[88.99519,22.19909],[88.9959,22.19897],[88.99657,22.19912],[88.99721,22.19917],[88.99776,22.19921],[88.9982,22.19933],[88.99892,22.19937],[88.99946,22.19927],[89,22.19917],[89.00051,22.19935],[89.00069,22.19937],[89.00091,22.19938],[89.00114,22.1993],[89.00138,22.19923]]],[[[88.8977,22.54886],[88.89797,22.54812],[88.89878,22.54746],[88.89906,22.54754],[88.89926,22.54747],[88.89938,22.54743],[88.89976,22.54716],[88.90012,22.54678],[88.90035,22.54633],[88.90048,22.54585],[88.9005,22.54538],[88.90044,22.5449],[88.90026,22.54443],[88.89986,22.54401],[88.89981,22.54374],[88.89993,22.54347],[88.89999,22.54308],[88.90005,22.5426],[88.90022,22.54207],[88.90028,22.54146],[88.90034,22.54085],[88.90056,22.54035],[88.90083,22.53987],[88.90107,22.53938],[88.90127,22.5389],[88.90148,22.5385],[88.90177,22.5382],[88.90212,22.53778],[88.90248,22.53726],[88.90273,22.53673],[88.90279,22.53615],[88.90279,22.53557],[88.90278,22.53503],[88.90268,22.53451],[88.90248,22.53406],[88.90222,22.53366],[88.90195,22.53324],[88.90172,22.53276],[88.90166,22.53211],[88.90168,22.53138],[88.90176,22.53063],[88.90196,22.52989],[88.90218,22.52917],[88.90228,22.52846],[88.90238,22.52783],[88.90232,22.52728],[88.90235,22.52686],[88.9025,22.52652],[88.90273,22.52616],[88.90296,22.52565],[88.90323,22.52513],[88.90359,22.52475],[88.90394,22.52432],[88.90442,22.52392],[88.90489,22.52349],[88.90525,22.52297],[88.90553,22.52241],[88.90573,22.5218],[88.90578,22.52113],[88.90569,22.52052],[88.90549,22.5201],[88.90521,22.51977],[88.90488,22.51944],[88.90455,22.51905],[88.90426,22.51853],[88.90399,22.51793],[88.90365,22.5174],[88.90369,22.51697],[88.90383,22.5165],[88.90389,22.5159],[88.90388,22.51521],[88.90388,22.51448],[88.90387,22.51377],[88.9039,22.51306],[88.90395,22.51235],[88.90386,22.51157],[88.90365,22.5108],[88.90357,22.51001],[88.90335,22.5093],[88.90318,22.50863],[88.90305,22.50834],[88.90305,22.50722],[88.90278,22.50695],[88.90305,22.50667],[88.90305,22.50557],[88.90334,22.50528],[88.90334,22.50444],[88.90278,22.50389],[88.90195,22.50389],[88.90083,22.505],[88.90083,22.50528],[88.90166,22.50611],[88.90166,22.50667],[88.90111,22.50722],[88.90083,22.50722],[88.90056,22.5075],[88.90028,22.5075],[88.89917,22.50861],[88.89833,22.50861],[88.89694,22.50722],[88.89694,22.50695],[88.89639,22.50639],[88.89639,22.50528],[88.89555,22.50444],[88.89555,22.50389],[88.89528,22.50361],[88.89528,22.50333],[88.89528,22.50194],[88.895,22.50167],[88.895,22.50083],[88.89639,22.49944],[88.89667,22.49944],[88.89698,22.49913],[88.89778,22.49833],[88.89778,22.49806],[88.89806,22.49778],[88.89861,22.49778],[88.89917,22.49722],[88.89972,22.49722],[88.9,22.49695],[88.90056,22.49694],[88.90222,22.49861],[88.90222,22.49889],[88.9025,22.49917],[88.9025,22.49944],[88.90278,22.49972],[88.90305,22.49972],[88.90333,22.5],[88.90511,22.50044],[88.90526,22.49972],[88.9053,22.49903],[88.90529,22.49839],[88.90524,22.49779],[88.905,22.49729],[88.90472,22.49682],[88.90443,22.49638],[88.90405,22.49601],[88.90361,22.49565],[88.90315,22.4953],[88.90266,22.49497],[88.90221,22.49459],[88.90173,22.49425],[88.90121,22.49396],[88.9008,22.49365],[88.90041,22.49334],[88.89999,22.49306],[88.89956,22.49278],[88.89913,22.4925],[88.89874,22.49222],[88.89861,22.49222],[88.89833,22.49195],[88.89778,22.49195],[88.89738,22.49155],[88.89716,22.49132],[88.89694,22.49111],[88.89694,22.49083],[88.89417,22.48806],[88.89417,22.48778],[88.89306,22.48667],[88.89306,22.48639],[88.89278,22.48611],[88.89278,22.48528],[88.8925,22.485],[88.89233,22.48441],[88.89227,22.48389],[88.89226,22.48338],[88.89232,22.48289],[88.89245,22.48244],[88.89262,22.48199],[88.89291,22.48162],[88.89331,22.48129],[88.89372,22.48095],[88.89398,22.48056],[88.8942,22.48019],[88.89442,22.47985],[88.89458,22.47948],[88.89476,22.47913],[88.89505,22.47881],[88.89532,22.47837],[88.89566,22.47795],[88.89593,22.47747],[88.8961,22.47697],[88.89624,22.47651],[88.89635,22.476],[88.89652,22.47548],[88.89662,22.47493],[88.89659,22.47442],[88.89638,22.47403],[88.89618,22.47368],[88.89617,22.47336],[88.89633,22.47302],[88.89637,22.47247],[88.8963,22.47185],[88.89608,22.47133],[88.89588,22.47087],[88.89571,22.47048],[88.89552,22.47024],[88.89503,22.46976],[88.89477,22.46946],[88.89447,22.46916],[88.89415,22.46881],[88.89378,22.4684],[88.89339,22.46798],[88.89306,22.46752],[88.89278,22.46701],[88.8925,22.46647],[88.89229,22.46593],[88.89233,22.46535],[88.89252,22.46486],[88.89278,22.46446],[88.89307,22.46412],[88.89343,22.4638],[88.89388,22.46343],[88.8943,22.46306],[88.89472,22.46271],[88.89515,22.46237],[88.89557,22.46209],[88.896,22.46173],[88.89633,22.46119],[88.89666,22.46063],[88.89699,22.46012],[88.89732,22.45968],[88.8975,22.45919],[88.89762,22.45872],[88.89772,22.45828],[88.89779,22.45782],[88.8979,22.45739],[88.89799,22.45696],[88.89805,22.45652],[88.89809,22.45607],[88.89819,22.45564],[88.89809,22.45521],[88.89814,22.4548],[88.89829,22.4544],[88.89838,22.45394],[88.89857,22.45353],[88.89863,22.45307],[88.89873,22.45265],[88.8989,22.45229],[88.8991,22.45197],[88.89916,22.45159],[88.89917,22.45122],[88.89921,22.45088],[88.89937,22.45058],[88.89939,22.45022],[88.89925,22.44979],[88.89918,22.44938],[88.89925,22.44895],[88.89941,22.44854],[88.89948,22.4481],[88.89963,22.44772],[88.89971,22.44728],[88.89979,22.44679],[88.9,22.44632],[88.90023,22.44585],[88.90032,22.44539],[88.90047,22.44508],[88.90056,22.44484],[88.90066,22.44462],[88.90083,22.4444],[88.90105,22.44414],[88.90133,22.44389],[88.90161,22.44366],[88.90185,22.44341],[88.90201,22.44309],[88.90221,22.44283],[88.90239,22.44253],[88.90264,22.44226],[88.90298,22.44201],[88.90331,22.44167],[88.90361,22.44126],[88.90389,22.4408],[88.90414,22.44032],[88.90431,22.43981],[88.9046,22.43942],[88.9049,22.43901],[88.90527,22.43866],[88.90566,22.43824],[88.90603,22.43779],[88.90636,22.43737],[88.90662,22.43697],[88.90685,22.43663],[88.90704,22.43627],[88.90723,22.4359],[88.90745,22.4355],[88.90762,22.43507],[88.9078,22.43461],[88.90801,22.43416],[88.90806,22.43364],[88.90805,22.4331],[88.908,22.43257],[88.90792,22.43204],[88.90784,22.43152],[88.90777,22.43102],[88.90768,22.43059],[88.90757,22.43019],[88.90747,22.42979],[88.90731,22.42939],[88.90714,22.42893],[88.90688,22.42845],[88.90649,22.428],[88.90611,22.42748],[88.90579,22.4269],[88.90546,22.42632],[88.90512,22.42579],[88.90479,22.42529],[88.90446,22.42483],[88.90417,22.42435],[88.90388,22.42386],[88.90361,22.42336],[88.90333,22.42287],[88.90308,22.42248],[88.90305,22.42223],[88.90278,22.42195],[88.90278,22.41972],[88.9025,22.41945],[88.9025,22.41778],[88.90279,22.4175],[88.90278,22.41472],[88.90304,22.41445],[88.90315,22.41408],[88.90332,22.41374],[88.90345,22.41336],[88.90363,22.41301],[88.90388,22.41269],[88.90414,22.41233],[88.90434,22.41192],[88.90451,22.41167],[88.90474,22.41147],[88.90502,22.41125],[88.90536,22.41104],[88.90573,22.41082],[88.90611,22.41058],[88.90655,22.4104],[88.907,22.41021],[88.90752,22.40998],[88.90804,22.40971],[88.90855,22.40945],[88.90906,22.40922],[88.90961,22.40913],[88.9101,22.40892],[88.91062,22.4088],[88.91107,22.40865],[88.91154,22.40858],[88.91198,22.40845],[88.91244,22.40829],[88.91291,22.40809],[88.91346,22.40793],[88.91407,22.40776],[88.91465,22.40753],[88.91523,22.40737],[88.91573,22.40718],[88.91612,22.40694],[88.91647,22.4067],[88.91685,22.40648],[88.91727,22.40623],[88.91779,22.40596],[88.91834,22.40565],[88.91888,22.40525],[88.91931,22.40474],[88.91944,22.40472],[88.92111,22.40306],[88.92111,22.40278],[88.92139,22.4025],[88.92139,22.40167],[88.92167,22.40139],[88.92167,22.40055],[88.92139,22.40028],[88.92139,22.39972],[88.92111,22.39945],[88.92111,22.39917],[88.91779,22.39583],[88.91722,22.39583],[88.91702,22.3955],[88.9167,22.39511],[88.91615,22.39488],[88.91559,22.39458],[88.91508,22.3942],[88.91452,22.3939],[88.91399,22.39363],[88.91348,22.39346],[88.91304,22.39331],[88.91264,22.39312],[88.9122,22.39306],[88.91176,22.39305],[88.91132,22.39302],[88.91092,22.39288],[88.91048,22.3928],[88.90997,22.39277],[88.90942,22.39273],[88.90892,22.39261],[88.90844,22.39247],[88.90799,22.39232],[88.90752,22.39221],[88.90705,22.39209],[88.90658,22.39192],[88.90614,22.39167],[88.90567,22.39138],[88.90521,22.39105],[88.90472,22.39074],[88.90419,22.39044],[88.90369,22.39008],[88.90321,22.38972],[88.90274,22.38933],[88.9023,22.38896],[88.90183,22.38866],[88.90139,22.38837],[88.90099,22.38809],[88.90056,22.38786],[88.90014,22.38763],[88.89972,22.38739],[88.89934,22.38715],[88.89894,22.38692],[88.89855,22.3867],[88.89816,22.3865],[88.8978,22.38625],[88.89749,22.38592],[88.8972,22.38555],[88.89691,22.38517],[88.89655,22.38487],[88.89624,22.38457],[88.896,22.38422],[88.89581,22.38397],[88.89567,22.38373],[88.89552,22.38352],[88.89534,22.38328],[88.89521,22.38299],[88.89503,22.38269],[88.89491,22.38233],[88.89466,22.38198],[88.89445,22.38156],[88.89417,22.38111],[88.89417,22.37973],[88.89445,22.37945],[88.89445,22.37889],[88.89472,22.37861],[88.89472,22.37806],[88.89445,22.37778],[88.89417,22.37806],[88.89389,22.37806],[88.89278,22.37917],[88.8925,22.37917],[88.89222,22.37945],[88.89083,22.37945],[88.89056,22.37917],[88.88972,22.37917],[88.88944,22.37889],[88.88889,22.37889],[88.88861,22.37861],[88.88834,22.37861],[88.88805,22.37833],[88.88805,22.37778],[88.88861,22.37722],[88.88917,22.37722],[88.88944,22.37694],[88.88973,22.37694],[88.88991,22.37713],[88.89,22.37722],[88.89028,22.37722],[88.89056,22.37694],[88.89139,22.37694],[88.89167,22.37667],[88.89167,22.37639],[88.89194,22.37611],[88.89195,22.375],[88.89306,22.37389],[88.89306,22.37307],[88.89278,22.37278],[88.89389,22.37167],[88.89472,22.37167],[88.895,22.37194],[88.895,22.37278],[88.89555,22.37333],[88.89528,22.37361],[88.89584,22.37417],[88.89639,22.37361],[88.89611,22.37333],[88.89611,22.37306],[88.89666,22.37167],[88.89666,22.37111],[88.89694,22.37083],[88.89694,22.37028],[88.89833,22.36889],[88.89833,22.36861],[88.89861,22.36833],[88.89861,22.36722],[88.89806,22.36667],[88.89778,22.36667],[88.89694,22.3675],[88.89666,22.3675],[88.89611,22.36806],[88.89611,22.36833],[88.89528,22.36917],[88.89528,22.36944],[88.895,22.36972],[88.89472,22.36972],[88.89417,22.37028],[88.89417,22.37056],[88.89389,22.37056],[88.89361,22.37083],[88.89306,22.37083],[88.89278,22.37111],[88.8925,22.37111],[88.89222,22.37139],[88.89139,22.37139],[88.89111,22.37167],[88.88965,22.37167],[88.88965,22.3726],[88.88994,22.37301],[88.89022,22.37314],[88.89022,22.37354],[88.89051,22.37448],[88.89051,22.37489],[88.89066,22.37542],[88.88979,22.37622],[88.8895,22.37622],[88.88893,22.37636],[88.88793,22.37636],[88.88735,22.37649],[88.88577,22.37649],[88.88563,22.37596],[88.88548,22.37555],[88.88548,22.37528],[88.88577,22.37448],[88.88591,22.37421],[88.88635,22.37368],[88.88663,22.37341],[88.88676,22.3726],[88.88639,22.3725],[88.88611,22.37278],[88.8857,22.37333],[88.88541,22.37377],[88.88517,22.37419],[88.88497,22.3746],[88.88476,22.375],[88.88459,22.3755],[88.88439,22.37608],[88.88414,22.37655],[88.88388,22.37695],[88.88361,22.37732],[88.88336,22.37767],[88.88316,22.37809],[88.88298,22.37853],[88.88272,22.37894],[88.88247,22.37934],[88.88217,22.37968],[88.88184,22.38],[88.88153,22.38033],[88.88132,22.38077],[88.88104,22.3812],[88.88075,22.38165],[88.88034,22.38204],[88.88,22.38245],[88.87968,22.38283],[88.87943,22.38315],[88.8792,22.38339],[88.879,22.38363],[88.8788,22.38387],[88.87856,22.38408],[88.87826,22.38428],[88.87805,22.38452],[88.87785,22.38476],[88.87769,22.38499],[88.87751,22.3852],[88.87731,22.38548],[88.87709,22.38589],[88.87685,22.38639],[88.8766,22.38692],[88.87666,22.3875],[88.87674,22.38816],[88.87696,22.38876],[88.8772,22.38924],[88.87737,22.38971],[88.87753,22.39018],[88.87778,22.39066],[88.87804,22.39119],[88.87821,22.3918],[88.87847,22.39235],[88.8788,22.39282],[88.8791,22.39331],[88.8793,22.39367],[88.87944,22.39392],[88.87958,22.39418],[88.87972,22.39444],[88.87986,22.39473],[88.88,22.39504],[88.88012,22.39537],[88.88027,22.39565],[88.88035,22.39599],[88.88045,22.39653],[88.88058,22.39708],[88.88065,22.39764],[88.88084,22.39815],[88.88108,22.39863],[88.88126,22.39917],[88.88142,22.39973],[88.88165,22.40023],[88.88184,22.40074],[88.88197,22.40125],[88.88218,22.40172],[88.88223,22.40222],[88.88225,22.40272],[88.88229,22.40319],[88.88219,22.40364],[88.8819,22.404],[88.88151,22.40432],[88.88113,22.40463],[88.88079,22.40499],[88.88045,22.40533],[88.87994,22.40563],[88.87943,22.40595],[88.87888,22.40624],[88.87828,22.40656],[88.87762,22.40682],[88.87692,22.4071],[88.87621,22.40732],[88.87559,22.40754],[88.87505,22.40779],[88.87453,22.40806],[88.87403,22.40835],[88.87357,22.40866],[88.87312,22.40898],[88.87273,22.40937],[88.87233,22.40973],[88.87194,22.41007],[88.87155,22.41038],[88.87114,22.41062],[88.87076,22.41085],[88.8704,22.41107],[88.87003,22.41123],[88.86965,22.41139],[88.86926,22.41155],[88.86881,22.4117],[88.86833,22.41189],[88.86783,22.41193],[88.86731,22.41195],[88.8668,22.41195],[88.86629,22.41195],[88.86583,22.41193],[88.86542,22.41195],[88.86505,22.41197],[88.8647,22.41206],[88.8643,22.41203],[88.86387,22.41201],[88.86341,22.4122],[88.86292,22.41238],[88.86237,22.41255],[88.86189,22.41284],[88.86148,22.41321],[88.86116,22.41356],[88.86086,22.41391],[88.86067,22.41432],[88.86045,22.41469],[88.86018,22.41501],[88.85992,22.41535],[88.85964,22.41568],[88.85943,22.41612],[88.85921,22.41657],[88.85891,22.41699],[88.85867,22.41743],[88.85848,22.4179],[88.85817,22.41827],[88.85793,22.41873],[88.85767,22.41919],[88.85748,22.41965],[88.85727,22.42006],[88.85719,22.42049],[88.85701,22.42081],[88.85696,22.4212],[88.85668,22.42164],[88.85639,22.42219],[88.85612,22.42278],[88.85598,22.42339],[88.85608,22.424],[88.85611,22.42457],[88.85609,22.42511],[88.85596,22.42564],[88.85581,22.42622],[88.8556,22.42679],[88.85558,22.42745],[88.85566,22.4281],[88.85558,22.42852],[88.85556,22.42891],[88.85555,22.42929],[88.85555,22.42966],[88.85556,22.43006],[88.85555,22.43049],[88.85553,22.43098],[88.85538,22.43153],[88.85531,22.43219],[88.85527,22.43282],[88.85518,22.4334],[88.85493,22.43401],[88.85483,22.43473],[88.85478,22.43542],[88.85474,22.43598],[88.85472,22.43646],[88.85472,22.43692],[88.85473,22.43741],[88.85478,22.43792],[88.855,22.43841],[88.85529,22.43886],[88.85567,22.43916],[88.85607,22.43944],[88.85649,22.4397],[88.8569,22.43997],[88.85728,22.44026],[88.85768,22.44053],[88.85811,22.44075],[88.85854,22.44092],[88.85891,22.44115],[88.8592,22.44144],[88.85944,22.44179],[88.8597,22.44219],[88.85999,22.44262],[88.86028,22.44308],[88.86051,22.44356],[88.86065,22.44407],[88.8608,22.44455],[88.8609,22.44502],[88.86105,22.44548],[88.86104,22.44594],[88.86089,22.44637],[88.86084,22.44679],[88.86081,22.44717],[88.86071,22.44748],[88.86057,22.44777],[88.86044,22.44807],[88.86031,22.4484],[88.86021,22.44879],[88.86004,22.44915],[88.85989,22.44955],[88.85971,22.44996],[88.85949,22.45038],[88.85928,22.45081],[88.85905,22.45119],[88.8588,22.45151],[88.85857,22.45184],[88.85831,22.45218],[88.85797,22.45255],[88.85756,22.45294],[88.85719,22.45345],[88.85698,22.45413],[88.85686,22.45482],[88.85676,22.45548],[88.85684,22.45609],[88.85699,22.45667],[88.8572,22.45719],[88.8574,22.45764],[88.85761,22.45799],[88.85783,22.45827],[88.85806,22.45855],[88.85831,22.45888],[88.8586,22.45927],[88.85886,22.45971],[88.85906,22.46014],[88.85917,22.46129],[88.85974,22.46324],[88.86013,22.46608],[88.86023,22.46661],[88.86028,22.4671],[88.86029,22.46758],[88.86034,22.46805],[88.86044,22.46851],[88.86031,22.46895],[88.8602,22.46936],[88.86004,22.46973],[88.85996,22.47014],[88.85979,22.47051],[88.85968,22.47092],[88.8595,22.47129],[88.85941,22.47168],[88.85926,22.47198],[88.85912,22.47225],[88.85894,22.47249],[88.85884,22.47278],[88.85867,22.47303],[88.85857,22.47337],[88.85842,22.47371],[88.85834,22.47411],[88.85833,22.47456],[88.85834,22.47505],[88.85838,22.47555],[88.85849,22.47603],[88.85838,22.47652],[88.85824,22.47701],[88.85815,22.47751],[88.85824,22.478],[88.85831,22.47844],[88.85834,22.47885],[88.85834,22.47927],[88.85834,22.47978],[88.85833,22.4804],[88.85834,22.48111],[88.85839,22.48184],[88.85858,22.48253],[88.8588,22.48312],[88.85924,22.48344],[88.85971,22.48355],[88.8601,22.48358],[88.86039,22.48361],[88.86064,22.48381],[88.86092,22.48397],[88.86125,22.48406],[88.86162,22.48404],[88.86197,22.48397],[88.86227,22.48393],[88.86253,22.48404],[88.86275,22.48427],[88.86299,22.48441],[88.86329,22.48453],[88.86365,22.48467],[88.86408,22.48472],[88.86456,22.48479],[88.865,22.485],[88.86543,22.48527],[88.86589,22.48553],[88.86639,22.48568],[88.86684,22.48586],[88.86722,22.48613],[88.86753,22.48645],[88.86774,22.48687],[88.86777,22.48737],[88.86774,22.48787],[88.86752,22.48829],[88.86718,22.48862],[88.86671,22.48885],[88.86623,22.48901],[88.86588,22.48919],[88.8655,22.48943],[88.86508,22.48968],[88.8646,22.49],[88.86415,22.49037],[88.86381,22.49082],[88.86352,22.49125],[88.86333,22.4914],[88.86301,22.49175],[88.86281,22.49203],[88.8625,22.4924],[88.86214,22.49294],[88.86211,22.49329],[88.86187,22.49378],[88.86172,22.4944],[88.86159,22.49505],[88.86162,22.49568],[88.86158,22.49627],[88.86146,22.49683],[88.86144,22.49737],[88.86144,22.49786],[88.86143,22.49827],[88.8614,22.49864],[88.86133,22.49903],[88.86111,22.49941],[88.86073,22.49981],[88.86024,22.50026],[88.85966,22.50065],[88.85912,22.50104],[88.85859,22.50138],[88.85805,22.5016],[88.85746,22.50174],[88.85689,22.50187],[88.85629,22.50194],[88.8557,22.50201],[88.85512,22.50213],[88.85454,22.5022],[88.85266,22.50217],[88.85223,22.50217],[88.85144,22.50211],[88.85108,22.50197],[88.85072,22.50191],[88.8503,22.50177],[88.84965,22.50157],[88.84921,22.5015],[88.84872,22.50144],[88.84763,22.50144],[88.84721,22.5015],[88.8457,22.5017],[88.84526,22.50191],[88.84513,22.50204],[88.84498,22.50231],[88.84462,22.50284],[88.84447,22.50318],[88.84404,22.50412],[88.8439,22.50465],[88.8439,22.50512],[88.84383,22.50552],[88.84368,22.50633],[88.84361,22.5068],[88.84361,22.5074],[88.84404,22.50767],[88.84429,22.50794],[88.84467,22.50816],[88.84481,22.5083],[88.84517,22.5085],[88.84546,22.50863],[88.84624,22.50877],[88.84805,22.50877],[88.8484,22.50883],[88.84929,22.50901],[88.84973,22.50901],[88.85001,22.50914],[88.85037,22.50914],[88.85109,22.50908],[88.85217,22.50894],[88.85257,22.50897],[88.85365,22.50897],[88.85436,22.50903],[88.85487,22.5091],[88.85522,22.50923],[88.85559,22.50937],[88.85631,22.50977],[88.85667,22.50997],[88.85709,22.51077],[88.85796,22.51198],[88.8586,22.51387],[88.8587,22.51446],[88.85882,22.51499],[88.8589,22.51546],[88.85899,22.51589],[88.85912,22.51626],[88.85922,22.51662],[88.85944,22.51694],[88.85944,22.51751],[88.85973,22.51778],[88.85973,22.51833],[88.86,22.51861],[88.86,22.51889],[88.86028,22.51889],[88.86055,22.51917],[88.86139,22.51917],[88.86166,22.51945],[88.86188,22.51942],[88.86236,22.51955],[88.8628,22.51975],[88.86325,22.51999],[88.86374,22.5202],[88.86428,22.52034],[88.86479,22.52056],[88.86527,22.5208],[88.86581,22.52095],[88.86633,22.52115],[88.86681,22.52139],[88.86724,22.52167],[88.86759,22.52197],[88.86785,22.52229],[88.86807,22.5226],[88.86828,22.52294],[88.8684,22.52339],[88.86855,22.52393],[88.8686,22.52458],[88.86855,22.52524],[88.86839,22.52582],[88.86766,22.52815],[88.86716,22.53049],[88.8673,22.53224],[88.8673,22.53451],[88.86781,22.53739],[88.86831,22.53927],[88.86896,22.54047],[88.86924,22.54068],[88.86967,22.54088],[88.87025,22.54115],[88.87068,22.54128],[88.87125,22.54135],[88.87183,22.54141],[88.87167,22.54111],[88.87139,22.54083],[88.87111,22.54084],[88.87083,22.54056],[88.87055,22.54056],[88.87028,22.54028],[88.87,22.54028],[88.86972,22.54],[88.86972,22.53972],[88.86945,22.53945],[88.86945,22.53806],[88.87028,22.53722],[88.87028,22.53667],[88.86945,22.53583],[88.86945,22.53556],[88.86806,22.53417],[88.86806,22.53306],[88.86833,22.53278],[88.86833,22.53251],[88.86889,22.53194],[88.86889,22.53167],[88.86916,22.53139],[88.86916,22.53083],[88.86945,22.53056],[88.87,22.53056],[88.87083,22.53139],[88.87139,22.53139],[88.87167,22.53111],[88.87195,22.53111],[88.87222,22.53139],[88.87222,22.53195],[88.87278,22.53194],[88.87289,22.53205],[88.87305,22.53223],[88.87334,22.53222],[88.87334,22.53278],[88.87361,22.53306],[88.87361,22.53361],[88.87389,22.53389],[88.87389,22.53472],[88.87417,22.535],[88.87417,22.53528],[88.87459,22.5357],[88.875,22.53611],[88.87556,22.53611],[88.87695,22.5375],[88.87695,22.53778],[88.8775,22.53832],[88.8775,22.53861],[88.87611,22.54],[88.87611,22.53972],[88.87556,22.54028],[88.87583,22.54056],[88.87588,22.54082],[88.87611,22.54111],[88.8775,22.54111],[88.87801,22.54155],[88.87881,22.54307],[88.87908,22.54333],[88.87923,22.54346],[88.87971,22.54384],[88.88023,22.54416],[88.88072,22.54446],[88.88105,22.54491],[88.88126,22.54541],[88.88146,22.54588],[88.88174,22.54627],[88.88205,22.54661],[88.88239,22.54692],[88.88274,22.54722],[88.88307,22.54754],[88.88335,22.5479],[88.88362,22.54828],[88.88389,22.54869],[88.88416,22.54911],[88.88449,22.54945],[88.88487,22.54972],[88.88524,22.54999],[88.88553,22.55033],[88.88573,22.55072],[88.88595,22.55106],[88.88618,22.55133],[88.88641,22.55156],[88.88663,22.55179],[88.88679,22.55207],[88.88696,22.5524],[88.88722,22.55278],[88.88805,22.55362],[88.88834,22.55389],[88.88861,22.55389],[88.88889,22.55417],[88.88944,22.55417],[88.89,22.55362],[88.89027,22.55333],[88.89028,22.55305],[88.88944,22.55222],[88.88944,22.55195],[88.88917,22.55167],[88.88889,22.55167],[88.88861,22.55139],[88.88861,22.55028],[88.88889,22.55],[88.88861,22.54972],[88.88917,22.54917],[88.88917,22.54889],[88.88972,22.54833],[88.89,22.54833],[88.89056,22.54778],[88.89083,22.54778],[88.89167,22.54861],[88.89167,22.54889],[88.89194,22.54917],[88.8925,22.54917],[88.89278,22.54889],[88.89306,22.54889],[88.89333,22.54861],[88.89389,22.54917],[88.89389,22.54944],[88.89417,22.54972],[88.89417,22.55028],[88.89445,22.55056],[88.89445,22.55083],[88.89472,22.55111],[88.89472,22.55167],[88.89555,22.5525],[88.89555,22.55278],[88.89472,22.55362],[88.89489,22.55419],[88.89546,22.55417],[88.89589,22.5539],[88.8962,22.55356],[88.8964,22.55314],[88.89655,22.55276],[88.89664,22.55239],[88.89666,22.55204],[88.89669,22.55175],[88.89682,22.55153],[88.89691,22.55131],[88.89696,22.55105],[88.89705,22.55076],[88.89717,22.55045],[88.89726,22.55015],[88.8977,22.54886]]],[[[88.71806,21.90722],[88.71833,21.90694],[88.71861,21.90694],[88.71945,21.90611],[88.71944,21.90583],[88.72083,21.90444],[88.72111,21.90444],[88.72195,21.90361],[88.72195,21.90332],[88.72222,21.90306],[88.72222,21.90278],[88.72305,21.90195],[88.72305,21.90167],[88.72361,21.90167],[88.72528,21.9],[88.72556,21.9],[88.72583,21.89972],[88.72611,21.89972],[88.72667,21.89917],[88.7275,21.89917],[88.72778,21.89889],[88.72862,21.89889],[88.72889,21.89861],[88.73028,21.89861],[88.73055,21.89833],[88.73139,21.89833],[88.73167,21.89806],[88.73194,21.89806],[88.73222,21.89833],[88.73629,21.89833],[88.73666,21.89833],[88.73695,21.89861],[88.73889,21.89861],[88.73917,21.89889],[88.74223,21.89889],[88.7425,21.89861],[88.74306,21.89861],[88.74333,21.89833],[88.74389,21.89833],[88.74416,21.89806],[88.74472,21.89806],[88.745,21.89778],[88.74528,21.89778],[88.74555,21.89751],[88.74583,21.89751],[88.7461,21.89722],[88.74639,21.89722],[88.74667,21.89694],[88.74695,21.89694],[88.74722,21.89667],[88.7475,21.89667],[88.74805,21.89611],[88.74834,21.89611],[88.74861,21.89583],[88.74861,21.89556],[88.74916,21.895],[88.74916,21.89472],[88.74944,21.89444],[88.74944,21.89424],[88.74944,21.89306],[88.74916,21.89278],[88.74916,21.89194],[88.74889,21.89167],[88.74889,21.89111],[88.74834,21.89056],[88.74834,21.89028],[88.74861,21.89],[88.74861,21.88944],[88.74889,21.88917],[88.74889,21.88889],[88.74973,21.88806],[88.75,21.88806],[88.75111,21.88694],[88.75139,21.88694],[88.75166,21.88667],[88.75223,21.88667],[88.7525,21.88639],[88.75333,21.88639],[88.75361,21.88611],[88.75462,21.88611],[88.75528,21.88611],[88.75556,21.88584],[88.75584,21.88584],[88.75667,21.885],[88.75667,21.88386],[88.75667,21.88361],[88.75639,21.88333],[88.75639,21.88278],[88.75611,21.8825],[88.75611,21.88221],[88.75584,21.88194],[88.75584,21.88111],[88.75611,21.88083],[88.75611,21.88028],[88.7575,21.87889],[88.75777,21.87889],[88.75806,21.87861],[88.75889,21.87861],[88.75916,21.87833],[88.76,21.87833],[88.76028,21.87806],[88.7611,21.87806],[88.76139,21.87778],[88.7625,21.87778],[88.76278,21.8775],[88.76334,21.8775],[88.76361,21.87722],[88.76444,21.87722],[88.76472,21.87694],[88.76557,21.87694],[88.76667,21.87694],[88.76694,21.87722],[88.7675,21.87722],[88.76778,21.8775],[88.76806,21.8775],[88.76833,21.87722],[88.76889,21.87722],[88.76916,21.8775],[88.76945,21.87722],[88.77,21.87722],[88.77008,21.87714],[88.77055,21.87667],[88.77084,21.87667],[88.77111,21.8764],[88.77139,21.8764],[88.77167,21.87611],[88.77167,21.87583],[88.77223,21.87528],[88.77222,21.87472],[88.7725,21.87445],[88.7725,21.87417],[88.77278,21.87389],[88.77278,21.87361],[88.77306,21.87333],[88.77306,21.87278],[88.77333,21.8725],[88.77333,21.87222],[88.77361,21.87195],[88.77361,21.87167],[88.77389,21.87139],[88.77389,21.87111],[88.77444,21.87056],[88.77444,21.87027],[88.77472,21.87],[88.77472,21.86972],[88.77528,21.86917],[88.77528,21.86889],[88.775,21.86861],[88.775,21.86833],[88.77472,21.86806],[88.77472,21.86611],[88.77483,21.86601],[88.775,21.86583],[88.775,21.865],[88.77722,21.86278],[88.7775,21.86278],[88.77834,21.86194],[88.77861,21.86195],[88.77972,21.86084],[88.77972,21.86056],[88.78,21.86028],[88.78,21.86],[88.78056,21.85944],[88.78,21.85889],[88.77972,21.85889],[88.77944,21.85861],[88.77917,21.85861],[88.77889,21.85833],[88.77834,21.85833],[88.77805,21.85805],[88.77778,21.85806],[88.7775,21.85778],[88.77722,21.85778],[88.77695,21.8575],[88.77639,21.8575],[88.77611,21.85722],[88.77445,21.85722],[88.77417,21.85694],[88.77361,21.85695],[88.77333,21.85667],[88.77306,21.85667],[88.77278,21.85639],[88.7725,21.85639],[88.77222,21.85611],[88.77167,21.85611],[88.77167,21.85583],[88.76916,21.85333],[88.76916,21.85306],[88.76861,21.8525],[88.76861,21.85221],[88.76889,21.85194],[88.76861,21.85167],[88.76861,21.85056],[88.76833,21.85028],[88.76833,21.84694],[88.76806,21.84667],[88.76806,21.84639],[88.76778,21.84611],[88.76778,21.84556],[88.7675,21.84528],[88.7675,21.845],[88.76723,21.84472],[88.76722,21.84445],[88.76694,21.84417],[88.76694,21.84389],[88.76667,21.84361],[88.76667,21.84333],[88.76639,21.84306],[88.76639,21.84278],[88.76583,21.84222],[88.76583,21.84194],[88.76556,21.84167],[88.76583,21.84139],[88.76583,21.84056],[88.76556,21.84027],[88.76556,21.83945],[88.76527,21.83917],[88.76527,21.83889],[88.765,21.83861],[88.765,21.83806],[88.76472,21.83778],[88.76472,21.83667],[88.76444,21.83639],[88.76444,21.83528],[88.76417,21.835],[88.76417,21.83389],[88.76389,21.83361],[88.76389,21.82861],[88.76417,21.82861],[88.76444,21.82833],[88.76444,21.82806],[88.76472,21.82778],[88.76472,21.82722],[88.765,21.82694],[88.765,21.82667],[88.76556,21.82611],[88.76583,21.82611],[88.76611,21.82583],[88.76639,21.82583],[88.76667,21.82556],[88.76694,21.82556],[88.76723,21.82529],[88.7675,21.82529],[88.76806,21.82472],[88.76861,21.82472],[88.76889,21.82444],[88.76945,21.82444],[88.76972,21.82417],[88.77084,21.82417],[88.77111,21.82389],[88.77389,21.82389],[88.77417,21.82417],[88.77472,21.82417],[88.775,21.82389],[88.77583,21.82389],[88.77611,21.82361],[88.77639,21.82361],[88.77722,21.82278],[88.77722,21.82167],[88.77556,21.82],[88.77556,21.81972],[88.77528,21.81945],[88.77528,21.81917],[88.775,21.81889],[88.775,21.81861],[88.77472,21.81833],[88.77472,21.81778],[88.77444,21.8175],[88.77444,21.81694],[88.77417,21.81667],[88.77417,21.81639],[88.77389,21.8161],[88.77389,21.815],[88.77417,21.81472],[88.77417,21.81444],[88.77445,21.81417],[88.77444,21.81361],[88.77472,21.81333],[88.77472,21.8125],[88.775,21.81222],[88.775,21.81195],[88.77528,21.81167],[88.77528,21.81139],[88.775,21.81111],[88.775,21.81],[88.77472,21.80972],[88.77472,21.80945],[88.77417,21.80889],[88.77417,21.80861],[88.77333,21.80778],[88.77333,21.8075],[88.77306,21.80722],[88.77306,21.80695],[88.77111,21.805],[88.77084,21.805],[88.77027,21.80445],[88.77027,21.80416],[88.76861,21.8025],[88.76861,21.80222],[88.76806,21.80167],[88.76806,21.80139],[88.76778,21.80112],[88.76778,21.80083],[88.7675,21.80056],[88.7675,21.80028],[88.76723,21.8],[88.76723,21.79944],[88.76694,21.79917],[88.76694,21.79833],[88.76667,21.79806],[88.76667,21.79694],[88.76639,21.79667],[88.76639,21.79583],[88.76611,21.79556],[88.76611,21.79528],[88.76639,21.79499],[88.76639,21.79445],[88.76611,21.79417],[88.76611,21.79361],[88.76583,21.79333],[88.76583,21.79278],[88.76556,21.7925],[88.76556,21.79193],[88.76527,21.79167],[88.76527,21.79139],[88.765,21.79111],[88.765,21.79091],[88.765,21.79056],[88.76472,21.79028],[88.76472,21.78972],[88.76417,21.78917],[88.76444,21.78918],[88.76444,21.78889],[88.76417,21.78861],[88.76417,21.78833],[88.76389,21.78806],[88.76389,21.7875],[88.76278,21.78639],[88.76278,21.78612],[88.76167,21.785],[88.76167,21.78472],[88.75833,21.78139],[88.75806,21.78139],[88.75777,21.78111],[88.75694,21.78111],[88.75666,21.78134],[88.75639,21.78139],[88.75611,21.78167],[88.75611,21.78195],[88.75584,21.78222],[88.75584,21.7825],[88.75556,21.78278],[88.75556,21.78306],[88.75528,21.78333],[88.75529,21.78361],[88.755,21.78389],[88.755,21.78417],[88.75472,21.78445],[88.75472,21.78472],[88.75445,21.785],[88.75445,21.78528],[88.75417,21.78556],[88.75417,21.78583],[88.75389,21.78612],[88.75389,21.78639],[88.75361,21.78667],[88.75361,21.78695],[88.75333,21.78722],[88.75333,21.78778],[88.75305,21.78806],[88.75305,21.78889],[88.7525,21.78944],[88.7525,21.7925],[88.75222,21.79278],[88.75223,21.79499],[88.75195,21.79528],[88.75195,21.79694],[88.75166,21.79722],[88.75166,21.79833],[88.75139,21.79861],[88.75139,21.79944],[88.75111,21.79972],[88.75111,21.80028],[88.75083,21.80056],[88.75083,21.80528],[88.75111,21.80556],[88.75111,21.80667],[88.75139,21.80693],[88.75139,21.80806],[88.75166,21.80833],[88.75166,21.80889],[88.75195,21.80917],[88.75195,21.80945],[88.75223,21.80972],[88.75222,21.81056],[88.7525,21.81083],[88.7525,21.81167],[88.75278,21.81195],[88.75278,21.81222],[88.7525,21.8125],[88.7525,21.81444],[88.75166,21.81528],[88.75111,21.81528],[88.75028,21.81611],[88.75,21.8161],[88.74973,21.81639],[88.74889,21.81556],[88.74889,21.81528],[88.74834,21.81472],[88.74806,21.81472],[88.74695,21.81361],[88.74667,21.81361],[88.74667,21.81333],[88.74333,21.81],[88.74306,21.81],[88.74194,21.80889],[88.74194,21.80833],[88.74,21.80639],[88.74,21.80611],[88.73944,21.80556],[88.73944,21.80528],[88.73833,21.80416],[88.73833,21.80389],[88.73805,21.80361],[88.73805,21.80333],[88.73778,21.80305],[88.73778,21.80222],[88.7375,21.80194],[88.7375,21.80083],[88.73722,21.80056],[88.73722,21.8],[88.73695,21.79972],[88.73695,21.79917],[88.73583,21.79806],[88.73528,21.79806],[88.735,21.79778],[88.73139,21.79778],[88.7313,21.79769],[88.73112,21.7975],[88.73083,21.7975],[88.73054,21.79727],[88.73,21.79722],[88.72972,21.79694],[88.72945,21.79694],[88.72917,21.79667],[88.72889,21.79667],[88.72852,21.7963],[88.72833,21.79611],[88.72806,21.79611],[88.72694,21.795],[88.72667,21.795],[88.72639,21.79472],[88.72611,21.79472],[88.72583,21.79445],[88.72528,21.79445],[88.725,21.79472],[88.72444,21.79472],[88.72417,21.795],[88.72389,21.79499],[88.72334,21.79556],[88.72334,21.79611],[88.72305,21.79639],[88.72305,21.79722],[88.72278,21.7975],[88.72278,21.80028],[88.7225,21.80056],[88.7225,21.80112],[88.72222,21.80139],[88.72222,21.80194],[88.72195,21.80222],[88.72195,21.8025],[88.72167,21.80278],[88.72167,21.80333],[88.72139,21.80361],[88.72139,21.80389],[88.72111,21.80416],[88.72111,21.80444],[88.72083,21.80472],[88.72083,21.805],[88.72,21.80583],[88.72,21.80611],[88.71945,21.80667],[88.71944,21.80693],[88.71833,21.80806],[88.71778,21.80806],[88.71722,21.80861],[88.71694,21.80861],[88.71611,21.80945],[88.715,21.80945],[88.71472,21.80972],[88.71415,21.81003],[88.71405,21.81009],[88.71246,21.81054],[88.71092,21.81038],[88.71044,21.81034],[88.70972,21.81029],[88.70944,21.81029],[88.70917,21.81056],[88.70861,21.81056],[88.70834,21.81083],[88.70805,21.81083],[88.7075,21.81139],[88.7075,21.81167],[88.70722,21.81195],[88.70722,21.81278],[88.70667,21.81333],[88.70667,21.81417],[88.70611,21.81472],[88.70611,21.815],[88.70556,21.81556],[88.70556,21.8161],[88.705,21.81667],[88.705,21.81694],[88.70472,21.81722],[88.70472,21.8175],[88.70444,21.81778],[88.70445,21.81806],[88.70417,21.81833],[88.70418,21.81861],[88.70389,21.81889],[88.70389,21.81917],[88.70361,21.81944],[88.70362,21.82195],[88.70389,21.82223],[88.70389,21.8225],[88.70418,21.82278],[88.70417,21.82306],[88.70444,21.82333],[88.70444,21.82639],[88.70472,21.82667],[88.70472,21.82722],[88.705,21.8275],[88.705,21.82778],[88.70528,21.82806],[88.70556,21.82806],[88.70583,21.82833],[88.70639,21.82833],[88.70667,21.82806],[88.70722,21.82806],[88.70778,21.8275],[88.70805,21.8275],[88.70834,21.82722],[88.70861,21.82722],[88.70889,21.82694],[88.70917,21.82694],[88.70944,21.82667],[88.70972,21.82667],[88.71028,21.82611],[88.71083,21.82611],[88.71111,21.82583],[88.71139,21.82583],[88.71167,21.82556],[88.71222,21.82556],[88.7125,21.82529],[88.71333,21.82529],[88.71361,21.82556],[88.71472,21.82556],[88.71486,21.8257],[88.715,21.82583],[88.71528,21.82583],[88.71555,21.82611],[88.71667,21.82611],[88.71778,21.82722],[88.71778,21.8275],[88.71918,21.82889],[88.71917,21.82917],[88.71944,21.82944],[88.71944,21.83028],[88.71917,21.83055],[88.71917,21.83222],[88.72028,21.83334],[88.72056,21.83334],[88.72092,21.8337],[88.72111,21.83389],[88.72139,21.83389],[88.72166,21.83417],[88.7225,21.83417],[88.72278,21.83445],[88.72334,21.83445],[88.72361,21.83472],[88.72389,21.83472],[88.72417,21.835],[88.72444,21.835],[88.72499,21.83556],[88.72583,21.83556],[88.72611,21.83583],[88.72667,21.83583],[88.72694,21.83611],[88.7275,21.83611],[88.72778,21.83639],[88.72806,21.83639],[88.72833,21.83667],[88.72833,21.83694],[88.72806,21.83723],[88.72806,21.8375],[88.72778,21.8375],[88.7275,21.83722],[88.72667,21.83723],[88.72648,21.83704],[88.72639,21.83695],[88.72528,21.83695],[88.725,21.83667],[88.72472,21.83667],[88.72444,21.83639],[88.72417,21.83639],[88.72389,21.83611],[88.72361,21.83611],[88.72334,21.83583],[88.72305,21.83583],[88.72278,21.83556],[88.7225,21.83556],[88.72222,21.83528],[88.72195,21.83528],[88.72166,21.835],[88.72083,21.835],[88.72056,21.83472],[88.72028,21.83472],[88.72,21.83445],[88.71972,21.83445],[88.71916,21.83389],[88.71833,21.83306],[88.71806,21.83306],[88.71806,21.8325],[88.71778,21.83222],[88.71778,21.83028],[88.7175,21.83],[88.7175,21.82889],[88.71612,21.8275],[88.71584,21.8275],[88.71528,21.82694],[88.71333,21.82694],[88.71306,21.82667],[88.7125,21.82667],[88.71222,21.82694],[88.71167,21.82694],[88.71139,21.82722],[88.71111,21.82722],[88.71056,21.82778],[88.71028,21.82778],[88.70999,21.82806],[88.70972,21.82806],[88.70944,21.82833],[88.70917,21.82833],[88.70889,21.82861],[88.70861,21.82861],[88.70834,21.82889],[88.70805,21.82889],[88.70778,21.82917],[88.7075,21.82917],[88.70695,21.82972],[88.705,21.82972],[88.70472,21.82944],[88.70445,21.82944],[88.70389,21.82889],[88.70361,21.82889],[88.70361,21.82806],[88.70333,21.82778],[88.70333,21.8275],[88.70306,21.82722],[88.70306,21.825],[88.70277,21.82472],[88.70278,21.82444],[88.7025,21.82417],[88.70167,21.825],[88.70152,21.825],[88.70139,21.825],[88.70139,21.82523],[88.70139,21.82694],[88.70111,21.82722],[88.70139,21.8275],[88.70139,21.82806],[88.70111,21.82833],[88.70111,21.82972],[88.70084,21.83],[88.70084,21.83055],[88.70055,21.83083],[88.70055,21.83194],[88.7,21.8325],[88.7,21.83278],[88.69945,21.83333],[88.69945,21.83361],[88.69861,21.83444],[88.69861,21.83528],[88.69805,21.83583],[88.69805,21.83611],[88.6975,21.83667],[88.6975,21.83722],[88.69666,21.83806],[88.69666,21.83851],[88.69666,21.83889],[88.69639,21.83917],[88.69639,21.84027],[88.69611,21.84056],[88.69611,21.84083],[88.69583,21.84111],[88.69611,21.84139],[88.69611,21.84222],[88.69639,21.8425],[88.69639,21.84278],[88.69666,21.84278],[88.69778,21.84389],[88.69805,21.84389],[88.69917,21.845],[88.69917,21.84528],[88.69945,21.84556],[88.69945,21.84611],[88.69972,21.84639],[88.69972,21.84667],[88.7,21.84695],[88.7,21.84722],[88.70028,21.8475],[88.70028,21.84806],[88.70055,21.84833],[88.70055,21.84862],[88.70055,21.84917],[88.70084,21.84945],[88.70084,21.85083],[88.70111,21.85111],[88.70111,21.85167],[88.70139,21.85194],[88.70139,21.8525],[88.70167,21.85278],[88.70167,21.85361],[88.70194,21.85389],[88.70194,21.85472],[88.70333,21.85611],[88.70418,21.85611],[88.70444,21.85639],[88.70472,21.85639],[88.705,21.85611],[88.70611,21.85611],[88.70639,21.85583],[88.70695,21.85583],[88.7075,21.85528],[88.70778,21.85528],[88.70805,21.855],[88.70834,21.855],[88.70861,21.85472],[88.70889,21.85472],[88.70917,21.85444],[88.70944,21.85444],[88.70972,21.85417],[88.70999,21.85417],[88.71028,21.85389],[88.71056,21.85389],[88.71083,21.85361],[88.71111,21.85361],[88.71139,21.85333],[88.71166,21.85338],[88.71194,21.85361],[88.71361,21.85361],[88.71389,21.85389],[88.71445,21.85389],[88.71472,21.85417],[88.71528,21.85417],[88.71555,21.85444],[88.71584,21.85444],[88.71611,21.85472],[88.71639,21.85472],[88.71694,21.85528],[88.71722,21.85527],[88.7175,21.85556],[88.7175,21.85583],[88.71722,21.85611],[88.71722,21.85639],[88.71667,21.85639],[88.71653,21.85625],[88.71639,21.85611],[88.71611,21.85611],[88.71584,21.85583],[88.71555,21.85583],[88.71528,21.85556],[88.715,21.85556],[88.71491,21.85547],[88.71472,21.85528],[88.71445,21.85528],[88.71416,21.855],[88.71361,21.855],[88.71333,21.85472],[88.71222,21.85472],[88.71194,21.855],[88.71083,21.855],[88.71056,21.85528],[88.71028,21.85527],[88.70999,21.85556],[88.70972,21.85556],[88.70917,21.85611],[88.70861,21.85611],[88.70805,21.85667],[88.70778,21.85667],[88.70722,21.85722],[88.70695,21.85722],[88.70667,21.8575],[88.705,21.8575],[88.70472,21.85778],[88.70418,21.85778],[88.70389,21.8575],[88.70306,21.8575],[88.70277,21.85722],[88.7025,21.85722],[88.70139,21.85611],[88.70139,21.85583],[88.70084,21.85528],[88.70084,21.855],[88.70028,21.85444],[88.70028,21.85417],[88.7,21.85389],[88.7,21.85333],[88.69972,21.85306],[88.69972,21.8525],[88.69945,21.85221],[88.69945,21.85194],[88.69917,21.85167],[88.69917,21.85083],[88.69889,21.85056],[88.69889,21.84946],[88.69861,21.84917],[88.69861,21.84889],[88.69845,21.84873],[88.69806,21.84833],[88.69722,21.84833],[88.69695,21.84861],[88.69713,21.8488],[88.69722,21.84889],[88.69695,21.84917],[88.69695,21.85028],[88.69722,21.85056],[88.69722,21.85111],[88.6975,21.85139],[88.6975,21.85194],[88.69778,21.85221],[88.69778,21.8525],[88.69805,21.85278],[88.69805,21.85361],[88.69833,21.85389],[88.69833,21.85444],[88.69889,21.855],[88.69889,21.85527],[88.69917,21.85556],[88.69917,21.85639],[88.69861,21.85694],[88.69861,21.85861],[88.69833,21.85889],[88.69833,21.85925],[88.69833,21.86],[88.69861,21.86028],[88.69861,21.86056],[88.69889,21.86083],[88.69889,21.86111],[88.69972,21.86194],[88.69972,21.8625],[88.70084,21.86361],[88.70084,21.86389],[88.70111,21.86417],[88.70111,21.865],[88.70139,21.865],[88.7025,21.86611],[88.7025,21.86639],[88.70277,21.86667],[88.70277,21.8675],[88.70306,21.86778],[88.70306,21.86833],[88.70361,21.86889],[88.70361,21.86917],[88.70389,21.86944],[88.70389,21.86972],[88.70417,21.87],[88.70418,21.87111],[88.70444,21.87139],[88.70445,21.87167],[88.705,21.87222],[88.705,21.8725],[88.70528,21.87278],[88.7055,21.87278],[88.70583,21.87278],[88.70611,21.87306],[88.70611,21.87333],[88.7058,21.87364],[88.70556,21.87389],[88.70556,21.87417],[88.70639,21.875],[88.70639,21.87528],[88.70667,21.87556],[88.70667,21.87583],[88.70695,21.87611],[88.70695,21.8764],[88.70722,21.87667],[88.70722,21.87694],[88.70695,21.87722],[88.70778,21.87806],[88.70778,21.87833],[88.70805,21.87861],[88.70805,21.87944],[88.70834,21.87972],[88.70834,21.88],[88.70917,21.88083],[88.70917,21.88111],[88.71028,21.88221],[88.71028,21.8825],[88.71056,21.88278],[88.71056,21.88305],[88.71083,21.88333],[88.71083,21.88361],[88.71111,21.88389],[88.71111,21.88472],[88.71139,21.885],[88.71139,21.88528],[88.71167,21.88528],[88.71167,21.88555],[88.71186,21.88575],[88.71194,21.88584],[88.71194,21.8861],[88.71194,21.88639],[88.71204,21.88648],[88.7125,21.88694],[88.7125,21.88846],[88.7125,21.88861],[88.71222,21.88889],[88.71222,21.88917],[88.7125,21.88945],[88.7125,21.88972],[88.71275,21.88998],[88.71305,21.89028],[88.71306,21.89167],[88.71333,21.89195],[88.71333,21.89222],[88.71361,21.8925],[88.71361,21.89278],[88.71416,21.89333],[88.71416,21.89389],[88.71445,21.89417],[88.71445,21.895],[88.71472,21.89528],[88.71472,21.89639],[88.71584,21.89751],[88.71584,21.89778],[88.71528,21.89833],[88.71528,21.89861],[88.71555,21.89889],[88.71555,21.89923],[88.71555,21.89972],[88.71584,21.9],[88.71584,21.90139],[88.71612,21.90167],[88.71612,21.90306],[88.71667,21.90361],[88.71667,21.90611],[88.71639,21.90639],[88.71694,21.90639],[88.71778,21.90722],[88.71806,21.90722]]],[[[88.83167,21.76611],[88.83195,21.76583],[88.83278,21.76583],[88.83305,21.76556],[88.83417,21.76556],[88.83444,21.76528],[88.83472,21.76528],[88.835,21.76556],[88.83528,21.76528],[88.83583,21.76528],[88.83611,21.76501],[88.83778,21.76501],[88.83806,21.76472],[88.83945,21.76472],[88.83972,21.76445],[88.84055,21.76445],[88.84084,21.76472],[88.84111,21.76445],[88.84139,21.76445],[88.84167,21.76417],[88.84389,21.76417],[88.84417,21.76389],[88.84555,21.76389],[88.84583,21.76361],[88.84666,21.76361],[88.84695,21.76333],[88.84751,21.76333],[88.84778,21.76306],[88.84972,21.76306],[88.85,21.76278],[88.85167,21.76278],[88.85194,21.7625],[88.8525,21.7625],[88.85278,21.76222],[88.85389,21.76222],[88.85416,21.76194],[88.85445,21.76222],[88.855,21.76222],[88.85528,21.76194],[88.85639,21.76195],[88.85667,21.76167],[88.85722,21.76178],[88.85764,21.76183],[88.85806,21.76171],[88.85849,21.76167],[88.85892,21.76167],[88.85936,21.76167],[88.8598,21.76167],[88.86024,21.76167],[88.86069,21.76167],[88.86115,21.76167],[88.86163,21.76162],[88.86166,21.76139],[88.86222,21.76139],[88.8625,21.76111],[88.86278,21.76111],[88.86305,21.76083],[88.86333,21.76111],[88.86362,21.76111],[88.86389,21.76083],[88.86417,21.76083],[88.865,21.76],[88.865,21.75889],[88.86528,21.75861],[88.86528,21.75639],[88.865,21.75611],[88.865,21.75582],[88.86472,21.75556],[88.86472,21.755],[88.86444,21.75472],[88.86444,21.75445],[88.86417,21.75417],[88.86417,21.75361],[88.86333,21.75278],[88.86333,21.7525],[88.86305,21.75222],[88.86305,21.75167],[88.8625,21.75111],[88.8625,21.75083],[88.86222,21.75055],[88.86222,21.75028],[88.86166,21.74972],[88.86139,21.74972],[88.86056,21.74889],[88.86,21.74889],[88.85916,21.74811],[88.85861,21.74806],[88.85833,21.74778],[88.85806,21.74778],[88.85778,21.7475],[88.85749,21.7475],[88.85583,21.74583],[88.85584,21.74556],[88.85555,21.74556],[88.85528,21.74528],[88.855,21.74528],[88.855,21.745],[88.85333,21.74333],[88.85306,21.74294],[88.85277,21.7426],[88.85246,21.74226],[88.85212,21.74194],[88.8518,21.74161],[88.85154,21.74122],[88.85128,21.74082],[88.85104,21.74047],[88.85078,21.74018],[88.85057,21.73986],[88.8504,21.73951],[88.85027,21.73912],[88.85014,21.73876],[88.85,21.73889],[88.84944,21.73833],[88.84944,21.73806],[88.84917,21.73778],[88.84917,21.7375],[88.84889,21.73722],[88.84889,21.73667],[88.84834,21.73611],[88.84812,21.73552],[88.8478,21.73498],[88.8475,21.73439],[88.84723,21.73382],[88.84698,21.7333],[88.84683,21.73282],[88.84667,21.7325],[88.84663,21.73241],[88.84639,21.73222],[88.84639,21.73195],[88.84583,21.73139],[88.84583,21.73111],[88.84556,21.73083],[88.84556,21.73056],[88.84528,21.73028],[88.84528,21.72972],[88.845,21.72945],[88.845,21.72917],[88.84472,21.72888],[88.84472,21.7275],[88.84444,21.72722],[88.84444,21.72695],[88.84417,21.72667],[88.84417,21.72639],[88.84389,21.72611],[88.84389,21.72556],[88.84361,21.72528],[88.84362,21.7247],[88.84389,21.72444],[88.84389,21.72417],[88.84333,21.72361],[88.84333,21.72333],[88.84293,21.72292],[88.84278,21.72278],[88.84278,21.72256],[88.84278,21.72222],[88.8425,21.72194],[88.8425,21.72111],[88.84222,21.72083],[88.84222,21.72],[88.84194,21.71971],[88.84194,21.71889],[88.84139,21.71833],[88.84139,21.71806],[88.84111,21.71778],[88.84111,21.7175],[88.84084,21.71722],[88.84084,21.71694],[88.84028,21.71639],[88.84028,21.71583],[88.84,21.71556],[88.84,21.71445],[88.83972,21.71417],[88.83972,21.7139],[88.84,21.71361],[88.84,21.70889],[88.83972,21.70861],[88.83972,21.70806],[88.83945,21.70777],[88.83945,21.70722],[88.83917,21.70694],[88.83916,21.70667],[88.83972,21.70611],[88.83972,21.70583],[88.84,21.70556],[88.84,21.705],[88.84013,21.70463],[88.84055,21.70445],[88.84028,21.70417],[88.84028,21.70389],[88.83972,21.70333],[88.83972,21.70278],[88.84028,21.70222],[88.84028,21.70167],[88.84055,21.70139],[88.84055,21.69972],[88.84084,21.69945],[88.84055,21.69917],[88.84055,21.69722],[88.84084,21.69694],[88.84084,21.69639],[88.84055,21.69611],[88.84055,21.69528],[88.84028,21.695],[88.84028,21.69389],[88.84055,21.69361],[88.84055,21.69333],[88.84084,21.69306],[88.84084,21.69222],[88.84111,21.69194],[88.84111,21.69],[88.84084,21.68973],[88.84084,21.68861],[88.84111,21.68833],[88.84111,21.68806],[88.84139,21.68778],[88.84139,21.68696],[88.84167,21.68667],[88.84167,21.68472],[88.84194,21.68445],[88.84194,21.68361],[88.84222,21.68333],[88.84222,21.68278],[88.84251,21.6825],[88.8425,21.68222],[88.84222,21.68194],[88.84222,21.68111],[88.84251,21.68083],[88.8425,21.68056],[88.84333,21.67972],[88.84367,21.67928],[88.84361,21.67917],[88.84389,21.67889],[88.84389,21.67779],[88.84444,21.67722],[88.84444,21.67695],[88.845,21.67639],[88.845,21.67556],[88.84528,21.67528],[88.84528,21.67444],[88.84556,21.67417],[88.84555,21.67389],[88.84611,21.67333],[88.84611,21.67306],[88.84639,21.67278],[88.84639,21.67194],[88.84695,21.67139],[88.84695,21.67111],[88.84722,21.67084],[88.84722,21.67],[88.84805,21.66917],[88.84805,21.6686],[88.84833,21.66833],[88.84833,21.66806],[88.84861,21.66778],[88.84861,21.6675],[88.84889,21.66722],[88.84889,21.66611],[88.84917,21.66583],[88.84917,21.66528],[88.85028,21.66417],[88.85034,21.66385],[88.85054,21.66352],[88.85072,21.66317],[88.85092,21.6628],[88.85117,21.66244],[88.8514,21.66203],[88.85165,21.66161],[88.85191,21.66114],[88.85217,21.66062],[88.85248,21.66009],[88.85277,21.65956],[88.85304,21.65907],[88.85329,21.65866],[88.85351,21.65834],[88.85371,21.65807],[88.85389,21.65782],[88.85407,21.65758],[88.85419,21.65727],[88.85432,21.65694],[88.85447,21.65659],[88.85467,21.65622],[88.8549,21.65578],[88.85445,21.65528],[88.85472,21.655],[88.85472,21.65472],[88.85528,21.65417],[88.85555,21.65417],[88.85574,21.65363],[88.85589,21.6532],[88.8561,21.65284],[88.85629,21.65248],[88.85645,21.65213],[88.85664,21.65183],[88.85681,21.65149],[88.85691,21.65108],[88.85694,21.65061],[88.85696,21.65013],[88.85702,21.64967],[88.85723,21.64932],[88.85749,21.64899],[88.85774,21.64864],[88.85793,21.64826],[88.85809,21.64783],[88.85822,21.6474],[88.85835,21.64695],[88.85851,21.64647],[88.85873,21.64599],[88.85897,21.64545],[88.85919,21.64483],[88.85945,21.64421],[88.85973,21.64361],[88.85994,21.64307],[88.86,21.64256],[88.86002,21.64213],[88.8601,21.64176],[88.86026,21.6414],[88.86041,21.64095],[88.86053,21.64037],[88.86055,21.63969],[88.8605,21.63898],[88.86028,21.63834],[88.86007,21.63776],[88.85996,21.63723],[88.85976,21.63683],[88.85953,21.6365],[88.85922,21.63624],[88.85893,21.63595],[88.85869,21.63562],[88.85847,21.63528],[88.85829,21.63498],[88.85807,21.63472],[88.85786,21.63443],[88.85765,21.63409],[88.8574,21.63365],[88.85708,21.63322],[88.85667,21.63284],[88.85624,21.63246],[88.85585,21.63204],[88.8555,21.63162],[88.85514,21.63124],[88.85482,21.63085],[88.85451,21.63048],[88.85423,21.63007],[88.85393,21.62965],[88.85364,21.6292],[88.85334,21.62877],[88.85306,21.62839],[88.8528,21.62808],[88.85256,21.62782],[88.85238,21.62751],[88.85217,21.62722],[88.85189,21.62694],[88.85156,21.62668],[88.85117,21.62646],[88.85069,21.62646],[88.85033,21.62664],[88.85,21.62694],[88.85,21.6275],[88.84889,21.62861],[88.84889,21.62917],[88.84861,21.62944],[88.84861,21.62972],[88.84834,21.63],[88.8475,21.63],[88.84727,21.62977],[88.84666,21.62972],[88.84611,21.62917],[88.84611,21.62889],[88.84666,21.62833],[88.84666,21.6275],[88.84695,21.62722],[88.84639,21.62667],[88.84607,21.62672],[88.84553,21.62688],[88.84506,21.62693],[88.84462,21.62695],[88.8442,21.627],[88.84383,21.62717],[88.8435,21.62739],[88.84333,21.6275],[88.84306,21.62778],[88.84306,21.62944],[88.84278,21.62972],[88.84278,21.63139],[88.84306,21.63167],[88.84306,21.63278],[88.84333,21.63306],[88.84333,21.63333],[88.84337,21.63376],[88.84333,21.63389],[88.84361,21.63417],[88.84361,21.63611],[88.84389,21.63639],[88.84389,21.6375],[88.84417,21.63778],[88.84417,21.63833],[88.84444,21.63861],[88.84444,21.64111],[88.84417,21.64139],[88.84417,21.64194],[88.84389,21.64222],[88.84389,21.64305],[88.84361,21.64333],[88.84361,21.64361],[88.84333,21.64389],[88.84333,21.64417],[88.84306,21.64444],[88.84306,21.64472],[88.84278,21.645],[88.84278,21.64528],[88.84223,21.64561],[88.84182,21.64607],[88.84139,21.6465],[88.84113,21.6467],[88.84094,21.64684],[88.84084,21.64695],[88.84055,21.64694],[88.84,21.6475],[88.83972,21.6475],[88.83945,21.64778],[88.83916,21.64778],[88.83889,21.64806],[88.83861,21.64806],[88.83806,21.64861],[88.83778,21.64861],[88.83757,21.64882],[88.83718,21.64897],[88.83677,21.64912],[88.83632,21.64924],[88.83585,21.64939],[88.83533,21.64951],[88.83479,21.64966],[88.83472,21.64945],[88.83444,21.64972],[88.83417,21.64972],[88.83389,21.65],[88.83361,21.65],[88.83334,21.65028],[88.83222,21.65028],[88.83139,21.65111],[88.83111,21.65111],[88.83057,21.65195],[88.83,21.65195],[88.82972,21.65167],[88.82972,21.65139],[88.82917,21.65083],[88.82889,21.65083],[88.82861,21.65056],[88.82917,21.65],[88.82972,21.65],[88.83,21.65028],[88.83028,21.65028],[88.83057,21.65],[88.83083,21.65],[88.83139,21.64944],[88.83167,21.64945],[88.83195,21.64917],[88.83222,21.64917],[88.8325,21.64889],[88.8328,21.64882],[88.83322,21.64861],[88.83363,21.64839],[88.8341,21.64825],[88.83455,21.6481],[88.83502,21.64798],[88.83548,21.64783],[88.83598,21.64772],[88.83648,21.64755],[88.83702,21.64744],[88.83756,21.64726],[88.8381,21.64713],[88.83856,21.64692],[88.83898,21.64664],[88.83939,21.64632],[88.83978,21.64596],[88.8402,21.64563],[88.84064,21.64529],[88.84106,21.64494],[88.8414,21.64453],[88.84171,21.64411],[88.84196,21.6437],[88.84219,21.64333],[88.84233,21.64298],[88.84248,21.64266],[88.84261,21.64233],[88.84274,21.64198],[88.84282,21.64157],[88.84292,21.64115],[88.84302,21.64073],[88.84305,21.64027],[88.84306,21.63979],[88.84305,21.63932],[88.84299,21.63887],[88.84284,21.63845],[88.8427,21.63798],[88.84256,21.63748],[88.84251,21.63696],[88.84244,21.63646],[88.84228,21.63602],[88.84216,21.63553],[88.842,21.63504],[88.84192,21.63453],[88.8418,21.63405],[88.84164,21.6336],[88.84152,21.63317],[88.8416,21.63274],[88.84159,21.63228],[88.84142,21.63181],[88.84125,21.63124],[88.84131,21.63055],[88.84138,21.62984],[88.84144,21.62914],[88.84159,21.6285],[88.84174,21.62788],[88.84202,21.62736],[88.84235,21.62692],[88.8427,21.62649],[88.84306,21.62611],[88.84341,21.62574],[88.84374,21.62535],[88.84414,21.62502],[88.84456,21.62473],[88.84497,21.62445],[88.84542,21.62417],[88.84583,21.62389],[88.84601,21.62371],[88.84639,21.62333],[88.84639,21.62222],[88.84666,21.62195],[88.84666,21.62139],[88.84695,21.62111],[88.84583,21.62],[88.84532,21.62],[88.8449,21.62],[88.84433,21.62],[88.84375,21.62002],[88.84357,21.62006],[88.84319,21.62014],[88.84262,21.6203],[88.84202,21.62049],[88.84135,21.62048],[88.84072,21.62044],[88.84019,21.62042],[88.83972,21.62045],[88.83931,21.62054],[88.83891,21.62069],[88.8385,21.62087],[88.83806,21.62108],[88.83756,21.62127],[88.83698,21.62144],[88.83638,21.62161],[88.83584,21.62182],[88.83533,21.62205],[88.83488,21.62232],[88.8344,21.62254],[88.83393,21.62269],[88.83345,21.62265],[88.83303,21.62272],[88.83265,21.62287],[88.83233,21.62317],[88.83183,21.62343],[88.83128,21.62375],[88.83064,21.6239],[88.83006,21.62407],[88.8296,21.62402],[88.82919,21.6239],[88.82879,21.6239],[88.82841,21.62397],[88.82805,21.62419],[88.82773,21.62453],[88.82749,21.62501],[88.82721,21.62551],[88.82688,21.62597],[88.82642,21.62632],[88.82584,21.62663],[88.82526,21.62699],[88.82466,21.62692],[88.8242,21.62673],[88.82379,21.62674],[88.82339,21.62695],[88.82278,21.6275],[88.82195,21.6275],[88.82166,21.62778],[88.82083,21.62778],[88.82056,21.6275],[88.82,21.6275],[88.81973,21.62778],[88.81944,21.62778],[88.81861,21.62861],[88.81778,21.62861],[88.8175,21.62833],[88.81722,21.62833],[88.81686,21.6286],[88.81646,21.62882],[88.81599,21.62896],[88.81553,21.6292],[88.8151,21.6295],[88.81474,21.62987],[88.81439,21.63032],[88.81401,21.63071],[88.81362,21.63109],[88.81326,21.63148],[88.81293,21.63188],[88.81258,21.63223],[88.81226,21.63256],[88.81201,21.63289],[88.81186,21.63325],[88.81166,21.63355],[88.81143,21.63386],[88.81123,21.6342],[88.81106,21.63458],[88.81084,21.6349],[88.81067,21.63517],[88.81055,21.63542],[88.81043,21.63568],[88.8103,21.63604],[88.81023,21.63653],[88.81006,21.63706],[88.80978,21.63752],[88.80938,21.63789],[88.80907,21.63837],[88.8089,21.63879],[88.80885,21.63918],[88.80889,21.63956],[88.809,21.63993],[88.8092,21.64026],[88.80944,21.64061],[88.80972,21.64101],[88.81001,21.64145],[88.81033,21.64189],[88.81065,21.6423],[88.81096,21.64268],[88.81113,21.64312],[88.8113,21.64351],[88.81153,21.64387],[88.81184,21.64423],[88.81217,21.64468],[88.8125,21.64517],[88.81286,21.64564],[88.81315,21.64607],[88.81338,21.64642],[88.81361,21.64669],[88.81381,21.64699],[88.814,21.64734],[88.81415,21.64758],[88.81425,21.64775],[88.81456,21.64818],[88.8149,21.64863],[88.81523,21.64912],[88.81556,21.6496],[88.81587,21.65004],[88.81614,21.65044],[88.81641,21.65078],[88.81667,21.65111],[88.81693,21.65149],[88.81721,21.65194],[88.8175,21.65248],[88.81778,21.65306],[88.81805,21.65364],[88.81832,21.6542],[88.81859,21.65469],[88.81869,21.65485],[88.81888,21.65513],[88.81914,21.65557],[88.81927,21.65606],[88.81917,21.65611],[88.81944,21.65639],[88.81944,21.65666],[88.82056,21.65778],[88.82056,21.65833],[88.82083,21.65861],[88.82083,21.65889],[88.82111,21.65917],[88.82111,21.66028],[88.8212,21.66065],[88.82137,21.66107],[88.8215,21.66153],[88.82166,21.66167],[88.82166,21.66279],[88.82195,21.66306],[88.82195,21.66389],[88.82222,21.66417],[88.82222,21.66444],[88.82278,21.665],[88.82278,21.66972],[88.8225,21.67],[88.8225,21.67055],[88.82306,21.67111],[88.82278,21.67139],[88.82278,21.67166],[88.82258,21.67216],[88.82242,21.67258],[88.82227,21.67298],[88.8222,21.67337],[88.82211,21.67371],[88.82198,21.67403],[88.82193,21.67437],[88.82188,21.67469],[88.82179,21.67502],[88.82167,21.67534],[88.82154,21.67569],[88.82146,21.67612],[88.82125,21.67657],[88.82131,21.67699],[88.82113,21.67731],[88.82099,21.67761],[88.82098,21.67784],[88.82067,21.67806],[88.82079,21.67856],[88.82076,21.67891],[88.82049,21.67948],[88.8206,21.67952],[88.82005,21.68007],[88.81976,21.68003],[88.81972,21.68066],[88.81966,21.68133],[88.81944,21.68191],[88.81921,21.68242],[88.81916,21.68291],[88.81911,21.68334],[88.81892,21.68369],[88.81882,21.68406],[88.81866,21.68439],[88.81858,21.68479],[88.81845,21.68517],[88.81835,21.68558],[88.8183,21.686],[88.81814,21.68633],[88.81807,21.68669],[88.81805,21.68709],[88.81801,21.68755],[88.81783,21.68805],[88.81778,21.6886],[88.81778,21.68921],[88.81778,21.68984],[88.81778,21.69],[88.81778,21.69111],[88.8175,21.69139],[88.8175,21.69167],[88.81778,21.69194],[88.81778,21.6925],[88.81805,21.69277],[88.81805,21.69389],[88.81834,21.69417],[88.81834,21.69583],[88.81861,21.69611],[88.81861,21.69639],[88.81889,21.69667],[88.81889,21.69722],[88.81861,21.6975],[88.81889,21.69778],[88.81889,21.69834],[88.81915,21.69858],[88.81917,21.6989],[88.81944,21.69917],[88.81944,21.70195],[88.81917,21.70222],[88.81917,21.70333],[88.81889,21.70361],[88.81889,21.70389],[88.81861,21.70417],[88.81861,21.70471],[88.81834,21.705],[88.81834,21.70528],[88.81805,21.70556],[88.81805,21.70583],[88.8175,21.70639],[88.8175,21.70667],[88.81722,21.70694],[88.81722,21.70722],[88.81695,21.7075],[88.81695,21.70777],[88.81583,21.70889],[88.81583,21.70917],[88.815,21.71],[88.81443,21.71045],[88.81387,21.71085],[88.81334,21.71117],[88.81286,21.71147],[88.81245,21.7118],[88.81201,21.71206],[88.81164,21.71238],[88.81167,21.7125],[88.81139,21.7125],[88.81056,21.71333],[88.81028,21.71333],[88.80944,21.71417],[88.80889,21.71417],[88.80861,21.71445],[88.80833,21.71445],[88.80805,21.71472],[88.80722,21.71472],[88.80695,21.715],[88.8064,21.715],[88.80583,21.71556],[88.80556,21.71556],[88.80527,21.71583],[88.80501,21.71612],[88.80473,21.71636],[88.80439,21.71653],[88.80399,21.71664],[88.80357,21.71662],[88.80312,21.71641],[88.8026,21.71619],[88.80198,21.71612],[88.80132,21.71606],[88.80074,21.71583],[88.80015,21.7156],[88.79951,21.71555],[88.79887,21.71552],[88.79827,21.71537],[88.7977,21.71529],[88.79715,21.71527],[88.79665,21.71519],[88.79617,21.71489],[88.79549,21.71492],[88.79488,21.71474],[88.79434,21.71453],[88.79379,21.71444],[88.79326,21.71436],[88.79282,21.71421],[88.79243,21.71406],[88.79211,21.7138],[88.79169,21.7136],[88.79126,21.71341],[88.79077,21.7133],[88.79034,21.71311],[88.78992,21.7129],[88.78948,21.71274],[88.78909,21.71251],[88.7887,21.71228],[88.78832,21.71201],[88.78787,21.7119],[88.78744,21.71168],[88.78722,21.71195],[88.78722,21.71167],[88.78694,21.71139],[88.78667,21.71139],[88.78611,21.71084],[88.78584,21.71084],[88.785,21.71],[88.78472,21.71028],[88.78445,21.71028],[88.78399,21.70999],[88.78365,21.70976],[88.78333,21.7095],[88.783,21.70921],[88.78262,21.70889],[88.78221,21.70853],[88.78195,21.70861],[88.78152,21.70819],[88.78111,21.70777],[88.78083,21.70778],[88.78083,21.7075],[88.78056,21.70722],[88.78056,21.70694],[88.78028,21.70667],[88.78,21.70667],[88.77972,21.70639],[88.77944,21.70639],[88.77905,21.70609],[88.77856,21.70576],[88.77815,21.70537],[88.77772,21.70502],[88.77726,21.70471],[88.77678,21.70444],[88.77628,21.70413],[88.77584,21.70375],[88.77542,21.70337],[88.77497,21.70306],[88.77454,21.70278],[88.77415,21.7025],[88.7738,21.7022],[88.7735,21.70184],[88.77312,21.70147],[88.77264,21.7011],[88.77207,21.70072],[88.77139,21.70046],[88.77066,21.70022],[88.76999,21.69994],[88.76933,21.6997],[88.76874,21.69948],[88.76817,21.69937],[88.76803,21.69932],[88.76771,21.69919],[88.76727,21.69911],[88.76686,21.69903],[88.76643,21.69905],[88.76602,21.69908],[88.7659,21.69904],[88.76566,21.69895],[88.76532,21.69894],[88.76495,21.69912],[88.76454,21.69924],[88.76409,21.69945],[88.76359,21.69975],[88.76308,21.70016],[88.76264,21.70069],[88.76251,21.70137],[88.7625,21.70208],[88.76254,21.70279],[88.76278,21.70343],[88.7631,21.70402],[88.76357,21.70442],[88.76405,21.70474],[88.76446,21.70502],[88.76481,21.70528],[88.76515,21.70556],[88.76553,21.70583],[88.76596,21.70604],[88.76646,21.70616],[88.7669,21.70636],[88.76736,21.70652],[88.76781,21.70671],[88.76821,21.70695],[88.76861,21.70722],[88.76901,21.70749],[88.76946,21.7077],[88.77004,21.70769],[88.77055,21.7078],[88.771,21.708],[88.77146,21.70815],[88.77187,21.70836],[88.77226,21.70861],[88.77266,21.70889],[88.77306,21.70917],[88.77346,21.70944],[88.77388,21.7097],[88.77434,21.70992],[88.77478,21.71023],[88.77524,21.71053],[88.77573,21.71076],[88.77619,21.71096],[88.77662,21.71121],[88.77703,21.71149],[88.77747,21.7117],[88.77784,21.71194],[88.77814,21.71219],[88.77845,21.7124],[88.77872,21.71264],[88.77908,21.71288],[88.77946,21.71322],[88.77988,21.71363],[88.78026,21.7141],[88.78032,21.7142],[88.78056,21.71458],[88.78085,21.715],[88.78114,21.71533],[88.78138,21.71566],[88.78159,21.716],[88.78177,21.71638],[88.78195,21.71677],[88.78209,21.71719],[88.78223,21.71767],[88.78236,21.7182],[88.78253,21.71877],[88.78278,21.71936],[88.78306,21.71998],[88.78325,21.72062],[88.7831,21.7213],[88.78306,21.72201],[88.78303,21.72266],[88.7829,21.72322],[88.78279,21.72375],[88.78272,21.72427],[88.78258,21.7246],[88.78252,21.72475],[88.78237,21.72529],[88.78224,21.72586],[88.78221,21.72646],[88.7821,21.72702],[88.78183,21.72753],[88.78158,21.72806],[88.78132,21.72859],[88.78101,21.7291],[88.78064,21.72954],[88.7804,21.73004],[88.78032,21.73057],[88.78052,21.73106],[88.78086,21.73149],[88.78131,21.73187],[88.78139,21.73194],[88.78157,21.73213],[88.78194,21.7325],[88.78221,21.7325],[88.7825,21.73278],[88.78333,21.73278],[88.78361,21.73306],[88.78555,21.73306],[88.78584,21.73333],[88.78694,21.73333],[88.78722,21.73361],[88.78806,21.73361],[88.78833,21.73389],[88.78861,21.73389],[88.78889,21.73417],[88.78922,21.73417],[88.78972,21.73417],[88.78986,21.7343],[88.79,21.73444],[88.79056,21.73444],[88.79083,21.73472],[88.79139,21.73472],[88.79154,21.73488],[88.79166,21.735],[88.79195,21.735],[88.79222,21.73528],[88.7925,21.73528],[88.79305,21.73583],[88.79305,21.73639],[88.79333,21.73667],[88.79333,21.73694],[88.79305,21.73722],[88.79305,21.73778],[88.79278,21.73807],[88.79278,21.73861],[88.79222,21.73861],[88.79166,21.73917],[88.79139,21.73917],[88.79111,21.73945],[88.79056,21.73945],[88.79028,21.73972],[88.78917,21.73972],[88.78889,21.74],[88.7885,21.74],[88.7875,21.74],[88.78722,21.74028],[88.78694,21.74028],[88.78667,21.74056],[88.78667,21.74083],[88.78668,21.74117],[88.78694,21.7416],[88.78722,21.74203],[88.78754,21.74242],[88.78789,21.74274],[88.78829,21.74303],[88.78865,21.74339],[88.78895,21.7438],[88.78928,21.74415],[88.78958,21.74446],[88.78979,21.74478],[88.78999,21.74504],[88.79014,21.74532],[88.79025,21.74564],[88.79034,21.74603],[88.7905,21.74644],[88.79064,21.74692],[88.79079,21.74743],[88.79083,21.74792],[88.79083,21.74806],[88.79083,21.74861],[88.79056,21.74889],[88.79083,21.74917],[88.79111,21.74917],[88.7914,21.74889],[88.79166,21.74889],[88.79195,21.74861],[88.7925,21.74861],[88.79278,21.74833],[88.79305,21.74833],[88.79333,21.74806],[88.79375,21.74797],[88.79424,21.74779],[88.79474,21.74764],[88.79517,21.74746],[88.79559,21.7473],[88.79601,21.74723],[88.79646,21.74722],[88.79699,21.74712],[88.79762,21.74703],[88.79833,21.74706],[88.7991,21.7471],[88.79989,21.7471],[88.80068,21.74708],[88.80143,21.747],[88.80212,21.747],[88.80271,21.74697],[88.8033,21.74699],[88.80361,21.74722],[88.805,21.74727],[88.80527,21.7475],[88.80556,21.7475],[88.80583,21.74778],[88.80639,21.74778],[88.80648,21.74787],[88.80666,21.74806],[88.80778,21.74806],[88.80805,21.74833],[88.80889,21.74833],[88.80917,21.74861],[88.80944,21.74861],[88.80972,21.74889],[88.81,21.74889],[88.81028,21.74917],[88.81084,21.74917],[88.8112,21.74954],[88.81139,21.74972],[88.81167,21.74972],[88.81223,21.74999],[88.81283,21.7503],[88.81339,21.75063],[88.81388,21.75099],[88.81436,21.75138],[88.81485,21.75178],[88.81536,21.75217],[88.81586,21.75256],[88.81631,21.75295],[88.8167,21.7533],[88.81709,21.75359],[88.81743,21.75388],[88.81774,21.75416],[88.81805,21.75446],[88.81837,21.75476],[88.81869,21.75505],[88.81903,21.7553],[88.81937,21.75556],[88.81968,21.75584],[88.81997,21.75615],[88.82023,21.75648],[88.82046,21.75684],[88.8207,21.75722],[88.82096,21.75758],[88.82126,21.75789],[88.82162,21.75815],[88.82194,21.75843],[88.82224,21.75873],[88.82254,21.75907],[88.82285,21.75939],[88.82317,21.75969],[88.82348,21.75998],[88.82378,21.76026],[88.82408,21.76055],[88.8244,21.76083],[88.82473,21.76112],[88.82507,21.76139],[88.82542,21.76167],[88.82575,21.76195],[88.8261,21.76224],[88.82646,21.76254],[88.82687,21.76279],[88.8273,21.76305],[88.82774,21.76331],[88.82813,21.7636],[88.82851,21.76391],[88.82888,21.76424],[88.82926,21.76457],[88.82971,21.76479],[88.83016,21.76502],[88.83064,21.7653],[88.83111,21.76556],[88.83129,21.76574],[88.83167,21.76611]]],[[[88.7162,21.80738],[88.71657,21.80706],[88.71696,21.80672],[88.71736,21.80638],[88.71774,21.806],[88.71806,21.80556],[88.7184,21.80513],[88.71872,21.80469],[88.71896,21.80423],[88.71922,21.80382],[88.71947,21.80341],[88.71969,21.80302],[88.7198,21.80258],[88.71994,21.80217],[88.72006,21.80173],[88.72021,21.8013],[88.72029,21.80079],[88.72041,21.80025],[88.72057,21.79965],[88.72078,21.79905],[88.72097,21.79846],[88.72108,21.79783],[88.72111,21.79726],[88.72111,21.79679],[88.72112,21.79642],[88.72117,21.7961],[88.72135,21.79585],[88.72148,21.79557],[88.72162,21.7953],[88.72177,21.79504],[88.72194,21.7948],[88.72213,21.79454],[88.72238,21.79428],[88.72271,21.79397],[88.72315,21.79371],[88.72373,21.79351],[88.7244,21.79335],[88.72509,21.79323],[88.72573,21.79304],[88.72625,21.79278],[88.72669,21.79248],[88.72701,21.79214],[88.7272,21.79179],[88.72726,21.7914],[88.72724,21.79101],[88.72716,21.79059],[88.72721,21.79015],[88.7272,21.7897],[88.72711,21.78924],[88.7271,21.78875],[88.7272,21.78834],[88.72727,21.78795],[88.72739,21.78759],[88.72747,21.78722],[88.72752,21.78681],[88.72753,21.78637],[88.72751,21.78589],[88.72742,21.7854],[88.72722,21.78491],[88.72699,21.78441],[88.72681,21.78389],[88.72678,21.78334],[88.72688,21.78291],[88.72693,21.78252],[88.72694,21.78215],[88.72695,21.78177],[88.72695,21.78137],[88.72697,21.78098],[88.72705,21.78061],[88.72716,21.78029],[88.72721,21.77997],[88.72726,21.77965],[88.72736,21.77935],[88.72749,21.77908],[88.72762,21.7788],[88.72778,21.77855],[88.72794,21.77829],[88.72802,21.77798],[88.72806,21.77778],[88.72889,21.77778],[88.72916,21.7775],[88.72946,21.77775],[88.72977,21.77807],[88.73014,21.77834],[88.73054,21.77858],[88.73099,21.77877],[88.73152,21.77886],[88.73212,21.77888],[88.73272,21.77884],[88.73327,21.7787],[88.73363,21.77833],[88.73391,21.7779],[88.73414,21.77745],[88.73432,21.77697],[88.7345,21.77646],[88.73473,21.77594],[88.73499,21.77539],[88.73531,21.77496],[88.73568,21.77462],[88.73609,21.77433],[88.73662,21.77414],[88.73714,21.77396],[88.73766,21.77382],[88.73811,21.77365],[88.73856,21.77349],[88.73907,21.77341],[88.73959,21.77338],[88.74012,21.77336],[88.74066,21.77334],[88.74139,21.77306],[88.74223,21.77306],[88.7425,21.77278],[88.74333,21.77278],[88.74361,21.7725],[88.74389,21.7725],[88.74416,21.77222],[88.74472,21.77222],[88.74528,21.77167],[88.74542,21.77167],[88.74583,21.77167],[88.74583,21.77139],[88.7461,21.77111],[88.7461,21.77056],[88.74639,21.77028],[88.74639,21.77],[88.74638,21.76972],[88.74651,21.7693],[88.74651,21.76888],[88.74665,21.76819],[88.74707,21.76764],[88.74722,21.76723],[88.74735,21.76695],[88.74749,21.76667],[88.74763,21.76625],[88.74791,21.76598],[88.74846,21.76528],[88.74889,21.76501],[88.74944,21.76444],[88.74944,21.76417],[88.75027,21.76333],[88.75057,21.76322],[88.751,21.76302],[88.7514,21.76278],[88.75181,21.76256],[88.75227,21.76246],[88.75269,21.76227],[88.75316,21.76217],[88.75359,21.76196],[88.75406,21.76178],[88.75458,21.76166],[88.75513,21.76154],[88.7557,21.76143],[88.75627,21.76133],[88.75679,21.76111],[88.75726,21.76085],[88.75772,21.76062],[88.7582,21.76043],[88.75864,21.76019],[88.75894,21.75973],[88.75926,21.75922],[88.75912,21.7586],[88.75872,21.75804],[88.75835,21.75753],[88.758,21.75713],[88.75778,21.75677],[88.75758,21.75647],[88.75743,21.75617],[88.7572,21.75594],[88.75694,21.75573],[88.75669,21.7555],[88.75645,21.75526],[88.75624,21.755],[88.75604,21.75475],[88.75582,21.75454],[88.7556,21.75434],[88.75539,21.75412],[88.75517,21.75388],[88.75492,21.7536],[88.75464,21.75324],[88.75435,21.7528],[88.75417,21.75278],[88.75417,21.7525],[88.75389,21.75222],[88.75389,21.75194],[88.75361,21.75167],[88.75361,21.75111],[88.75333,21.75083],[88.75333,21.75055],[88.75278,21.75001],[88.75278,21.74972],[88.7525,21.74944],[88.7525,21.74889],[88.75223,21.74861],[88.75222,21.74528],[88.7525,21.745],[88.75223,21.74472],[88.75222,21.74278],[88.75195,21.7425],[88.75195,21.74222],[88.75166,21.74195],[88.75166,21.74139],[88.75139,21.74111],[88.75139,21.74056],[88.75111,21.74028],[88.75111,21.73968],[88.75111,21.73917],[88.75109,21.73868],[88.75099,21.73823],[88.75085,21.73779],[88.75084,21.73734],[88.75083,21.73722],[88.75083,21.73694],[88.75111,21.73667],[88.75111,21.73556],[88.75139,21.73528],[88.75139,21.73417],[88.75166,21.73389],[88.75166,21.73361],[88.75195,21.73333],[88.75195,21.73306],[88.75219,21.73276],[88.75244,21.73244],[88.75253,21.732],[88.75277,21.73158],[88.75309,21.73132],[88.7534,21.73101],[88.75369,21.73067],[88.75419,21.73054],[88.7545,21.73024],[88.75488,21.72998],[88.75523,21.72971],[88.75559,21.72942],[88.75597,21.72917],[88.75636,21.72894],[88.75686,21.72882],[88.75724,21.72835],[88.75762,21.72819],[88.75848,21.7278],[88.75916,21.72778],[88.75975,21.72751],[88.76031,21.72732],[88.76083,21.7272],[88.76126,21.72699],[88.76171,21.72693],[88.76214,21.72682],[88.76257,21.72673],[88.76298,21.72669],[88.7634,21.72667],[88.76383,21.72665],[88.76424,21.72653],[88.76465,21.72642],[88.76508,21.72638],[88.7655,21.7263],[88.76586,21.72614],[88.76627,21.72611],[88.76668,21.72611],[88.76709,21.72611],[88.76752,21.72611],[88.76794,21.72611],[88.76836,21.72611],[88.7688,21.72611],[88.76925,21.72611],[88.76971,21.72611],[88.77016,21.72604],[88.77055,21.72585],[88.77094,21.72571],[88.77133,21.72558],[88.77176,21.72556],[88.7722,21.72556],[88.77266,21.72552],[88.77309,21.72532],[88.77358,21.72526],[88.77404,21.72512],[88.77441,21.72492],[88.77471,21.72469],[88.77472,21.72445],[88.775,21.72445],[88.77528,21.72417],[88.77556,21.72417],[88.77611,21.72361],[88.77611,21.7225],[88.77639,21.72222],[88.77639,21.72139],[88.77666,21.72111],[88.77667,21.72083],[88.77611,21.72028],[88.77611,21.72],[88.77583,21.71971],[88.77583,21.71944],[88.77513,21.71902],[88.775,21.71889],[88.77503,21.7188],[88.77463,21.71851],[88.77421,21.71825],[88.77383,21.718],[88.77344,21.71777],[88.77306,21.71754],[88.77262,21.71735],[88.77213,21.71718],[88.77165,21.71697],[88.77114,21.71681],[88.77064,21.71665],[88.77016,21.71646],[88.76968,21.71631],[88.76956,21.71626],[88.76926,21.71612],[88.76886,21.71594],[88.76846,21.71577],[88.76808,21.71559],[88.76767,21.71545],[88.76725,21.71527],[88.76694,21.715],[88.76639,21.715],[88.76611,21.71472],[88.76527,21.71472],[88.76472,21.71434],[88.76379,21.71407],[88.76294,21.71373],[88.76237,21.71326],[88.76111,21.71222],[88.76056,21.71167],[88.76028,21.71195],[88.76,21.71167],[88.76,21.71139],[88.75972,21.71111],[88.75861,21.71111],[88.75822,21.71136],[88.75759,21.71149],[88.75692,21.71133],[88.75632,21.71107],[88.7558,21.71081],[88.75533,21.71055],[88.75488,21.71026],[88.75445,21.70997],[88.75403,21.70962],[88.75356,21.70931],[88.75306,21.70899],[88.75252,21.70865],[88.75194,21.70832],[88.75134,21.708],[88.75082,21.70772],[88.75038,21.70747],[88.74999,21.70728],[88.74957,21.7072],[88.74918,21.70717],[88.74883,21.70715],[88.74854,21.70711],[88.74828,21.70709],[88.74799,21.70712],[88.74767,21.7072],[88.74728,21.70728],[88.74688,21.70745],[88.74641,21.70764],[88.7459,21.7079],[88.74535,21.70825],[88.74484,21.70871],[88.7444,21.70922],[88.74389,21.70972],[88.74389,21.71028],[88.74333,21.71084],[88.74333,21.71278],[88.74361,21.71305],[88.74362,21.71417],[88.7436,21.71459],[88.74353,21.71513],[88.74339,21.71561],[88.74326,21.71601],[88.74308,21.71635],[88.74289,21.71669],[88.74267,21.71703],[88.74239,21.71733],[88.7421,21.71764],[88.74182,21.71796],[88.74156,21.71827],[88.74139,21.71833],[88.74084,21.71889],[88.74029,21.71889],[88.74,21.71917],[88.73917,21.71917],[88.73917,21.71944],[88.73889,21.71944],[88.73861,21.71972],[88.73805,21.71971],[88.73778,21.72],[88.73639,21.72],[88.73611,21.71971],[88.73586,21.71929],[88.73624,21.71918],[88.73669,21.71903],[88.7372,21.71893],[88.73767,21.71881],[88.73807,21.71865],[88.73847,21.71848],[88.73889,21.71829],[88.73933,21.71806],[88.73979,21.71779],[88.74031,21.7175],[88.74086,21.71713],[88.74139,21.71665],[88.74184,21.71611],[88.74211,21.71548],[88.74221,21.71482],[88.74222,21.71419],[88.74216,21.71358],[88.74204,21.71303],[88.74199,21.71247],[88.74197,21.71192],[88.742,21.71135],[88.74209,21.71075],[88.7423,21.71017],[88.74261,21.70962],[88.74294,21.70907],[88.74332,21.70861],[88.74371,21.70818],[88.7441,21.7078],[88.74447,21.70744],[88.74484,21.70711],[88.74523,21.70677],[88.74574,21.70646],[88.74626,21.70619],[88.74677,21.70601],[88.74722,21.70589],[88.74765,21.70583],[88.74805,21.70581],[88.74846,21.70582],[88.74886,21.70589],[88.74922,21.70601],[88.74958,21.70609],[88.74994,21.70618],[88.7503,21.70633],[88.75074,21.70646],[88.75119,21.70668],[88.75165,21.70692],[88.75215,21.70715],[88.75267,21.70741],[88.75317,21.70771],[88.75367,21.708],[88.75417,21.70831],[88.75469,21.70862],[88.75522,21.70896],[88.75577,21.70934],[88.75637,21.70966],[88.75698,21.7099],[88.75755,21.70997],[88.75806,21.70991],[88.75822,21.70986],[88.75861,21.70972],[88.75861,21.70917],[88.75889,21.70889],[88.75861,21.70861],[88.75861,21.70833],[88.75833,21.70806],[88.75806,21.70806],[88.75804,21.70789],[88.75784,21.70766],[88.75771,21.70739],[88.7575,21.70722],[88.7575,21.70667],[88.75694,21.70611],[88.75694,21.70583],[88.75667,21.70445],[88.75694,21.70417],[88.75694,21.70361],[88.75667,21.70333],[88.75667,21.70195],[88.75694,21.70167],[88.75694,21.70028],[88.75723,21.7],[88.75723,21.69972],[88.75748,21.69834],[88.75791,21.6975],[88.75817,21.69735],[88.75861,21.69682],[88.76056,21.69528],[88.76083,21.69528],[88.76139,21.69472],[88.76167,21.69472],[88.7625,21.69389],[88.7625,21.69361],[88.7627,21.69314],[88.76276,21.69293],[88.76277,21.69271],[88.76267,21.69235],[88.76237,21.69195],[88.76216,21.6916],[88.76199,21.69123],[88.76187,21.6908],[88.76172,21.69036],[88.76161,21.68991],[88.76147,21.68946],[88.76141,21.689],[88.76141,21.68849],[88.7614,21.68801],[88.76139,21.68756],[88.76134,21.68716],[88.76122,21.68684],[88.76112,21.6865],[88.76101,21.68616],[88.76081,21.6858],[88.76056,21.68541],[88.76035,21.68513],[88.76026,21.685],[88.75987,21.68463],[88.75945,21.68435],[88.75902,21.68412],[88.75861,21.68393],[88.7582,21.6838],[88.75778,21.68366],[88.75729,21.6836],[88.75672,21.68355],[88.75613,21.68345],[88.75554,21.68352],[88.755,21.68363],[88.75452,21.68378],[88.75403,21.68395],[88.7535,21.68418],[88.75291,21.68443],[88.75224,21.68464],[88.75149,21.68471],[88.75074,21.68456],[88.75014,21.68434],[88.74964,21.68412],[88.74922,21.68392],[88.7488,21.68378],[88.74835,21.68363],[88.7478,21.68358],[88.74721,21.68357],[88.7466,21.68358],[88.74603,21.6836],[88.74551,21.68366],[88.74508,21.68385],[88.74471,21.68416],[88.74438,21.68454],[88.74415,21.68503],[88.74403,21.68557],[88.74411,21.68611],[88.74416,21.68667],[88.74421,21.68723],[88.7443,21.68777],[88.74416,21.6883],[88.74395,21.68883],[88.74369,21.68932],[88.74333,21.68975],[88.74293,21.69014],[88.74242,21.69042],[88.74185,21.69063],[88.74122,21.69076],[88.74055,21.69073],[88.73992,21.69053],[88.73933,21.69026],[88.73882,21.68996],[88.7384,21.68966],[88.73801,21.68941],[88.73763,21.6892],[88.73721,21.68907],[88.73676,21.68892],[88.73623,21.68887],[88.73568,21.68888],[88.73515,21.68893],[88.73468,21.68905],[88.73421,21.6892],[88.73376,21.68937],[88.73324,21.68942],[88.7327,21.68938],[88.73222,21.68922],[88.73175,21.68905],[88.73135,21.68884],[88.73101,21.68859],[88.73071,21.68832],[88.73045,21.68806],[88.73022,21.68782],[88.73,21.68761],[88.72977,21.6874],[88.72954,21.68713],[88.72929,21.68676],[88.72908,21.68625],[88.72896,21.68566],[88.72897,21.68508],[88.72913,21.68458],[88.72928,21.68407],[88.72948,21.6836],[88.72973,21.68319],[88.73,21.68283],[88.73026,21.68252],[88.73051,21.68226],[88.73077,21.68203],[88.7311,21.68183],[88.73147,21.6816],[88.73187,21.68138],[88.73231,21.68117],[88.7328,21.68104],[88.73325,21.68084],[88.7337,21.68064],[88.73416,21.68045],[88.73463,21.68025],[88.73509,21.68006],[88.73559,21.67994],[88.73604,21.67973],[88.73649,21.67951],[88.73697,21.67931],[88.73746,21.6791],[88.73792,21.67883],[88.73831,21.6785],[88.73867,21.67817],[88.73904,21.67789],[88.73937,21.67762],[88.73978,21.67741],[88.74021,21.67715],[88.74068,21.67682],[88.74119,21.67646],[88.74175,21.6761],[88.7423,21.67575],[88.74282,21.67538],[88.74333,21.67509],[88.74384,21.67486],[88.74428,21.67463],[88.74473,21.67442],[88.74513,21.6742],[88.74553,21.67401],[88.74592,21.67381],[88.74631,21.67358],[88.74668,21.67333],[88.74705,21.67308],[88.74743,21.67284],[88.74778,21.6725],[88.74813,21.67216],[88.74853,21.67182],[88.74893,21.67146],[88.74935,21.67109],[88.74974,21.67068],[88.75017,21.6703],[88.75061,21.66995],[88.75105,21.66959],[88.75145,21.66919],[88.75187,21.66882],[88.75226,21.66842],[88.75267,21.66802],[88.75306,21.66762],[88.75346,21.66722],[88.75387,21.66683],[88.75425,21.66643],[88.75465,21.66605],[88.755,21.66564],[88.75528,21.6652],[88.75555,21.66473],[88.75582,21.66423],[88.75604,21.66368],[88.75626,21.66315],[88.75611,21.6628],[88.75576,21.6625],[88.75536,21.66215],[88.755,21.66167],[88.75481,21.66148],[88.75445,21.66111],[88.75389,21.66111],[88.75376,21.66125],[88.75361,21.66139],[88.7525,21.66028],[88.75223,21.66028],[88.75195,21.66],[88.75178,21.66],[88.75166,21.66],[88.75139,21.65972],[88.75056,21.65972],[88.75028,21.65945],[88.75,21.65917],[88.74916,21.65917],[88.74889,21.65889],[88.74861,21.65889],[88.74805,21.65833],[88.74778,21.65833],[88.747,21.6591],[88.74694,21.65916],[88.7466,21.65951],[88.74617,21.65993],[88.74571,21.6603],[88.74531,21.66069],[88.745,21.66111],[88.74471,21.66152],[88.74439,21.6619],[88.74403,21.66222],[88.74367,21.66255],[88.74335,21.66293],[88.74306,21.66332],[88.74272,21.66368],[88.74242,21.66405],[88.742,21.66431],[88.74167,21.66465],[88.74138,21.66504],[88.74107,21.66543],[88.7407,21.6658],[88.74026,21.66614],[88.73986,21.66654],[88.7395,21.66696],[88.73918,21.66739],[88.7389,21.66782],[88.73863,21.66825],[88.73835,21.66865],[88.73805,21.66904],[88.73771,21.6694],[88.73734,21.66972],[88.73699,21.67003],[88.73665,21.67032],[88.73631,21.67059],[88.73596,21.67083],[88.73562,21.67106],[88.73534,21.67134],[88.73505,21.67166],[88.7347,21.67194],[88.73431,21.67222],[88.73389,21.67249],[88.7335,21.67282],[88.73318,21.67323],[88.73293,21.67371],[88.73254,21.67403],[88.73214,21.67439],[88.73169,21.67472],[88.73122,21.675],[88.73077,21.67528],[88.73035,21.67556],[88.72991,21.67583],[88.72946,21.67611],[88.72904,21.67641],[88.72861,21.67669],[88.72818,21.67695],[88.72774,21.67719],[88.72729,21.67745],[88.72688,21.67776],[88.72647,21.67809],[88.72608,21.67842],[88.72564,21.67866],[88.72524,21.67893],[88.72483,21.67918],[88.72444,21.67945],[88.72406,21.67972],[88.72364,21.67997],[88.72323,21.68025],[88.72276,21.68052],[88.7223,21.68077],[88.72186,21.68106],[88.72138,21.68127],[88.72089,21.68145],[88.72047,21.68168],[88.72006,21.68194],[88.71964,21.68222],[88.71918,21.68249],[88.71869,21.68278],[88.71819,21.68309],[88.71774,21.68345],[88.71723,21.68377],[88.71674,21.6841],[88.71627,21.68443],[88.71581,21.68474],[88.71539,21.68503],[88.71501,21.68538],[88.71465,21.68577],[88.71426,21.68615],[88.71387,21.68656],[88.71344,21.68696],[88.71305,21.6874],[88.71269,21.6878],[88.71246,21.68823],[88.71223,21.68858],[88.71203,21.68888],[88.71185,21.68915],[88.71167,21.68939],[88.71149,21.68963],[88.71133,21.68991],[88.71111,21.69018],[88.71111,21.69056],[88.71083,21.69083],[88.71083,21.69139],[88.71056,21.69167],[88.71056,21.69306],[88.71028,21.69333],[88.71028,21.69361],[88.70999,21.69389],[88.70999,21.695],[88.70972,21.69528],[88.70972,21.69639],[88.70944,21.69667],[88.70944,21.69722],[88.70917,21.6975],[88.70917,21.69805],[88.70889,21.69834],[88.70889,21.69945],[88.70861,21.69972],[88.70861,21.70083],[88.70849,21.70139],[88.70836,21.70192],[88.7083,21.7025],[88.7081,21.70303],[88.70803,21.70362],[88.7079,21.70418],[88.70779,21.70472],[88.70781,21.70524],[88.70795,21.70573],[88.70805,21.70583],[88.70805,21.70639],[88.70778,21.70667],[88.70778,21.70722],[88.7075,21.7075],[88.7075,21.70806],[88.70667,21.70889],[88.70667,21.70917],[88.70695,21.70944],[88.70695,21.70972],[88.70722,21.71],[88.70722,21.71028],[88.70667,21.71083],[88.70667,21.7125],[88.70643,21.71307],[88.70638,21.71357],[88.70634,21.71403],[88.70617,21.71442],[88.70599,21.71479],[88.70588,21.7152],[88.70577,21.71559],[88.70558,21.71596],[88.70543,21.71634],[88.70526,21.71679],[88.70504,21.71723],[88.70499,21.71777],[88.70487,21.71832],[88.70468,21.71887],[88.70444,21.71939],[88.70422,21.71985],[88.70412,21.72029],[88.70393,21.72058],[88.70385,21.72092],[88.7037,21.72118],[88.70362,21.72145],[88.70356,21.72174],[88.70334,21.72198],[88.70319,21.72233],[88.70299,21.72283],[88.70274,21.72335],[88.70248,21.72388],[88.70224,21.7243],[88.70206,21.72465],[88.70174,21.72506],[88.7015,21.72546],[88.70138,21.72587],[88.70125,21.72625],[88.70113,21.7266],[88.70111,21.72696],[88.70111,21.72731],[88.70111,21.72766],[88.70111,21.72799],[88.7011,21.72831],[88.70106,21.72861],[88.70087,21.7289],[88.70084,21.72925],[88.70078,21.72965],[88.70058,21.73007],[88.70038,21.73057],[88.70009,21.73112],[88.70002,21.73183],[88.69976,21.73226],[88.69949,21.73261],[88.69926,21.73295],[88.69889,21.73306],[88.69861,21.73333],[88.69861,21.73361],[88.69778,21.73444],[88.69778,21.73472],[88.69833,21.73528],[88.69833,21.73583],[88.69805,21.73611],[88.69806,21.73639],[88.6975,21.73694],[88.6975,21.73722],[88.69722,21.7375],[88.69707,21.7378],[88.69707,21.73824],[88.69695,21.73876],[88.69701,21.73927],[88.69695,21.73967],[88.69701,21.74003],[88.69723,21.74032],[88.69751,21.74058],[88.69778,21.74084],[88.69792,21.74111],[88.69775,21.74142],[88.6974,21.74181],[88.69688,21.74222],[88.69636,21.74264],[88.69589,21.74301],[88.69553,21.74336],[88.69527,21.74361],[88.695,21.74389],[88.69501,21.74472],[88.69527,21.745],[88.69527,21.74556],[88.695,21.74583],[88.69501,21.74639],[88.69527,21.74667],[88.69527,21.74806],[88.69556,21.74833],[88.69556,21.75001],[88.69583,21.75028],[88.69583,21.75111],[88.69611,21.75139],[88.69611,21.75194],[88.69639,21.75222],[88.69639,21.7525],[88.69666,21.75278],[88.69666,21.75306],[88.69695,21.75334],[88.69695,21.75361],[88.69722,21.75389],[88.69722,21.75417],[88.69778,21.75472],[88.69778,21.755],[88.69805,21.75528],[88.69806,21.75556],[88.69833,21.75582],[88.69833,21.75639],[88.69861,21.75667],[88.69861,21.75695],[88.69889,21.75722],[88.69889,21.75754],[88.69889,21.75806],[88.69917,21.75833],[88.69917,21.75861],[88.69945,21.75889],[88.69945,21.75917],[88.70102,21.7608],[88.70111,21.7609],[88.70111,21.76103],[88.70131,21.76143],[88.70143,21.76197],[88.70156,21.76274],[88.70184,21.76336],[88.70211,21.7639],[88.70226,21.76442],[88.70244,21.76493],[88.70249,21.76551],[88.7025,21.76612],[88.70255,21.7667],[88.70274,21.76722],[88.70297,21.7677],[88.70319,21.76818],[88.70341,21.76861],[88.70362,21.76903],[88.70386,21.76944],[88.70404,21.76986],[88.70424,21.77025],[88.70444,21.77059],[88.70463,21.77096],[88.70475,21.7714],[88.70491,21.77188],[88.70507,21.77241],[88.70529,21.77294],[88.70556,21.77348],[88.70583,21.77401],[88.70611,21.77451],[88.70637,21.77497],[88.70666,21.7754],[88.70695,21.77584],[88.70721,21.77632],[88.70748,21.77682],[88.70775,21.77734],[88.70802,21.77789],[88.70827,21.77844],[88.70847,21.77898],[88.70853,21.77949],[88.70845,21.77997],[88.70856,21.78038],[88.70944,21.77999],[88.70944,21.78167],[88.71,21.78167],[88.71019,21.78185],[88.71056,21.78222],[88.71056,21.78333],[88.71083,21.78361],[88.71083,21.78476],[88.71083,21.785],[88.71111,21.78528],[88.71111,21.78583],[88.71139,21.78612],[88.71139,21.78695],[88.71194,21.7875],[88.71194,21.78806],[88.71167,21.78833],[88.71167,21.78861],[88.71194,21.78889],[88.71194,21.78944],[88.71167,21.78972],[88.71167,21.79],[88.71194,21.79028],[88.71194,21.79111],[88.71151,21.79155],[88.71111,21.79195],[88.7115,21.79233],[88.71167,21.7925],[88.71167,21.79278],[88.71194,21.79306],[88.71194,21.79389],[88.71167,21.79417],[88.71167,21.79472],[88.71194,21.79499],[88.71194,21.79556],[88.71222,21.79583],[88.71222,21.79806],[88.71194,21.79833],[88.71194,21.79917],[88.71222,21.79944],[88.71222,21.8],[88.71194,21.80028],[88.71194,21.80056],[88.71167,21.80083],[88.71167,21.80139],[88.71139,21.80167],[88.71139,21.80222],[88.71111,21.8025],[88.71111,21.80305],[88.71083,21.80333],[88.71083,21.80361],[88.71111,21.80389],[88.71111,21.805],[88.71083,21.80528],[88.71105,21.80602],[88.71163,21.80636],[88.7122,21.80722],[88.71321,21.8073],[88.71362,21.80728],[88.71402,21.80725],[88.71442,21.80722],[88.71506,21.8073],[88.71561,21.80729],[88.7162,21.80738]]],[[[89.05921,21.7218],[89.05942,21.72173],[89.05978,21.72181],[89.05984,21.72194],[89.06042,21.72194],[89.06071,21.72174],[89.06092,21.72147],[89.06113,21.72106],[89.061,21.72044],[89.06129,21.7201],[89.06165,21.7199],[89.06194,21.7195],[89.06215,21.71923],[89.06223,21.71883],[89.06229,21.71856],[89.06236,21.71822],[89.06251,21.71789],[89.06279,21.71735],[89.063,21.71714],[89.06322,21.71708],[89.06344,21.71694],[89.06372,21.71668],[89.06401,21.71634],[89.06415,21.716],[89.06444,21.71567],[89.06451,21.71546],[89.06465,21.71526],[89.06494,21.71506],[89.06522,21.71452],[89.06522,21.71392],[89.0653,21.71351],[89.06537,21.71318],[89.06537,21.71257],[89.06544,21.71237],[89.06551,21.7121],[89.06558,21.71163],[89.06566,21.71123],[89.0658,21.71103],[89.0658,21.71068],[89.06594,21.71036],[89.06594,21.70995],[89.06609,21.70955],[89.06623,21.70921],[89.06644,21.70874],[89.06666,21.70834],[89.06682,21.70808],[89.06689,21.70801],[89.06715,21.70775],[89.0673,21.7076],[89.06759,21.7074],[89.06778,21.70722],[89.06805,21.70694],[89.06821,21.70639],[89.06829,21.70626],[89.06829,21.70579],[89.0685,21.70539],[89.06872,21.70518],[89.06876,21.7051],[89.06886,21.70485],[89.06893,21.70471],[89.06915,21.70451],[89.06929,21.70424],[89.06958,21.70391],[89.06966,21.70364],[89.06972,21.70343],[89.06986,21.7033],[89.07015,21.70276],[89.07029,21.70229],[89.07037,21.70202],[89.07058,21.70175],[89.07058,21.70108],[89.07065,21.70095],[89.07065,21.69974],[89.07072,21.69954],[89.07072,21.69779],[89.07079,21.69745],[89.07086,21.69725],[89.07086,21.69664],[89.07079,21.69638],[89.07065,21.69597],[89.07058,21.69583],[89.07051,21.69563],[89.07022,21.6953],[89.06955,21.69485],[89.0694,21.69452],[89.06926,21.69418],[89.06926,21.69297],[89.06921,21.69284],[89.06912,21.69257],[89.0689,21.69216],[89.06862,21.69169],[89.06841,21.69129],[89.06826,21.69109],[89.06826,21.69088],[89.06812,21.69062],[89.06797,21.69041],[89.06769,21.69015],[89.0674,21.68988],[89.06726,21.68974],[89.0669,21.68967],[89.06604,21.68967],[89.06568,21.68974],[89.06547,21.68981],[89.06511,21.69028],[89.06496,21.69035],[89.06489,21.69036],[89.06454,21.69042],[89.06454,21.69021],[89.06461,21.69001],[89.06475,21.68974],[89.06482,21.68954],[89.0649,21.68941],[89.0649,21.68927],[89.06504,21.689],[89.06518,21.68887],[89.06532,21.68873],[89.06547,21.68867],[89.06769,21.68867],[89.06783,21.6886],[89.06826,21.68847],[89.06862,21.6884],[89.06898,21.6884],[89.06919,21.68833],[89.0694,21.68833],[89.06962,21.6884],[89.06991,21.6886],[89.07027,21.6888],[89.07048,21.689],[89.07063,21.6892],[89.07112,21.68941],[89.07141,21.68967],[89.07207,21.68989],[89.07265,21.68973],[89.07333,21.68917],[89.07389,21.68861],[89.07402,21.68861],[89.0743,21.68833],[89.07445,21.68806],[89.07486,21.6875],[89.075,21.68722],[89.07541,21.6866],[89.07555,21.68639],[89.07584,21.68611],[89.07597,21.68583],[89.07806,21.68361],[89.07833,21.68348],[89.07936,21.68216],[89.07957,21.68195],[89.07986,21.68146],[89.08083,21.68083],[89.08111,21.68083],[89.08154,21.68082],[89.08189,21.68055],[89.08196,21.6802],[89.08181,21.67966],[89.08173,21.67952],[89.08186,21.67891],[89.08236,21.6787],[89.08285,21.67896],[89.08313,21.67937],[89.08368,21.67949],[89.0839,21.67887],[89.08339,21.67826],[89.08303,21.67798],[89.08304,21.67752],[89.08338,21.67743],[89.08403,21.67802],[89.08441,21.67793],[89.08489,21.67783],[89.08511,21.67726],[89.08506,21.67684],[89.0848,21.67637],[89.085,21.67572],[89.0857,21.67465],[89.08608,21.67416],[89.08617,21.67403],[89.08645,21.67382],[89.08667,21.67361],[89.0868,21.67333],[89.08694,21.67306],[89.08701,21.67285],[89.08694,21.67229],[89.08694,21.67194],[89.08694,21.67139],[89.0881,21.67023],[89.08825,21.67003],[89.08839,21.66962],[89.08875,21.66922],[89.0889,21.66909],[89.08925,21.66868],[89.08939,21.66855],[89.08968,21.66842],[89.08997,21.66815],[89.09011,21.66794],[89.09018,21.66774],[89.09054,21.66741],[89.09054,21.66727],[89.09068,21.66707],[89.09097,21.667],[89.09111,21.667],[89.09155,21.66694],[89.09176,21.6668],[89.0919,21.66667],[89.09197,21.66653],[89.09205,21.66633],[89.09212,21.66606],[89.09233,21.66573],[89.09233,21.66492],[89.09226,21.66472],[89.09212,21.66445],[89.09219,21.66418],[89.09233,21.66411],[89.09248,21.66398],[89.09262,21.66377],[89.09269,21.66357],[89.09262,21.66337],[89.09254,21.66304],[89.09248,21.66283],[89.09233,21.66263],[89.0924,21.6623],[89.09254,21.66223],[89.09276,21.66209],[89.09284,21.66196],[89.09298,21.66142],[89.0929,21.66095],[89.09276,21.66075],[89.09276,21.66035],[89.0929,21.66008],[89.09305,21.66001],[89.09333,21.65972],[89.09377,21.65897],[89.09377,21.65871],[89.0937,21.6583],[89.09356,21.65796],[89.09342,21.6577],[89.09342,21.65716],[89.09364,21.65702],[89.09377,21.65696],[89.09392,21.65689],[89.09421,21.65655],[89.09435,21.65568],[89.09421,21.65534],[89.09413,21.65501],[89.09435,21.65454],[89.09469,21.6542],[89.09478,21.65406],[89.09493,21.65366],[89.09493,21.65312],[89.09485,21.65299],[89.09469,21.65265],[89.0947,21.65218],[89.09485,21.65198],[89.09493,21.65185],[89.09498,21.65131],[89.09506,21.65104],[89.09514,21.65063],[89.09514,21.6497],[89.09519,21.64887],[89.09519,21.64659],[89.09511,21.64619],[89.09511,21.64565],[89.09504,21.64511],[89.09504,21.64396],[89.09489,21.64343],[89.09483,21.64302],[89.09468,21.64222],[89.09468,21.64195],[89.09454,21.64148],[89.09441,21.64114],[89.09425,21.64074],[89.09412,21.6404],[89.09396,21.64013],[89.09375,21.63966],[89.09361,21.63946],[89.09354,21.6392],[89.09332,21.63872],[89.09329,21.63841],[89.09315,21.63774],[89.09301,21.63727],[89.09286,21.63693],[89.09251,21.63653],[89.09222,21.63619],[89.09194,21.63592],[89.09151,21.63586],[89.09122,21.63565],[89.09107,21.63539],[89.09086,21.63505],[89.09064,21.63465],[89.09064,21.63438],[89.09071,21.63418],[89.09064,21.63391],[89.09043,21.63377],[89.09007,21.63357],[89.08986,21.6335],[89.08957,21.63337],[89.08942,21.63323],[89.08872,21.6331],[89.08857,21.63297],[89.08828,21.63263],[89.08792,21.63223],[89.08757,21.63182],[89.08728,21.63162],[89.08699,21.63135],[89.08663,21.63108],[89.0865,21.63095],[89.0862,21.63068],[89.08585,21.63041],[89.08542,21.63021],[89.08513,21.63014],[89.08456,21.63001],[89.08393,21.63001],[89.08356,21.63028],[89.08327,21.63095],[89.08312,21.63128],[89.0832,21.63149],[89.08348,21.63175],[89.08377,21.63209],[89.08393,21.63229],[89.08398,21.63263],[89.0842,21.6329],[89.08456,21.6331],[89.0847,21.63317],[89.08492,21.63344],[89.08506,21.63371],[89.08498,21.63384],[89.08463,21.63384],[89.08398,21.63397],[89.08384,21.63397],[89.08312,21.63377],[89.08277,21.6335],[89.0827,21.63323],[89.08255,21.63303],[89.08241,21.63263],[89.08227,21.63229],[89.08227,21.63202],[89.08219,21.63189],[89.08212,21.63169],[89.08198,21.63142],[89.0817,21.63115],[89.08155,21.63095],[89.08155,21.63054],[89.08162,21.63034],[89.08183,21.63021],[89.08191,21.63014],[89.08191,21.63001],[89.08198,21.62954],[89.08198,21.6282],[89.08222,21.62817],[89.08221,21.62788],[89.08196,21.62786],[89.08193,21.62759],[89.08169,21.6276],[89.08169,21.62737],[89.08076,21.62734],[89.08055,21.6271],[89.08041,21.62683],[89.07997,21.62649],[89.07976,21.62636],[89.0794,21.62622],[89.07883,21.62609],[89.07875,21.62604],[89.0784,21.62582],[89.07804,21.62548],[89.07776,21.62521],[89.07768,21.62501],[89.07747,21.62494],[89.07726,21.62474],[89.07683,21.62474],[89.07625,21.62461],[89.07603,21.62454],[89.07568,21.62448],[89.07525,21.62414],[89.07503,21.624],[89.07475,21.62387],[89.07453,21.62387],[89.07425,21.62373],[89.07381,21.6236],[89.07353,21.6234],[89.07332,21.6234],[89.07281,21.62333],[89.07253,21.62326],[89.07224,21.62306],[89.07203,21.62266],[89.07195,21.62252],[89.07153,21.62226],[89.07139,21.62222],[89.07091,21.62229],[89.0697,21.62215],[89.06921,21.62228],[89.06893,21.62221],[89.06867,21.62106],[89.06836,21.62061],[89.06797,21.62037],[89.0668,21.62014],[89.06608,21.62013],[89.065,21.6202],[89.06451,21.62013],[89.06402,21.61966],[89.06326,21.6188],[89.06261,21.61854],[89.06233,21.61841],[89.06197,21.61834],[89.06154,21.61828],[89.06104,21.61814],[89.06061,21.61807],[89.06011,21.61807],[89.05945,21.61814],[89.05925,21.61848],[89.05904,21.61854],[89.05853,21.61841],[89.05845,21.61835],[89.05817,21.61814],[89.05775,21.61787],[89.05746,21.6178],[89.05703,21.61774],[89.05639,21.61767],[89.05545,21.61753],[89.0546,21.6176],[89.05431,21.6178],[89.05337,21.61794],[89.05309,21.61834],[89.05259,21.61834],[89.05209,21.61794],[89.05195,21.6178],[89.05187,21.61754],[89.05159,21.61753],[89.05144,21.61774],[89.05131,21.61774],[89.05109,21.61814],[89.05094,21.61834],[89.05073,21.61848],[89.05045,21.61868],[89.05016,21.61888],[89.0498,21.61922],[89.04973,21.61955],[89.04951,21.61989],[89.04944,21.62023],[89.04893,21.62055],[89.04836,21.6209],[89.04794,21.62123],[89.04751,21.62157],[89.04707,21.62218],[89.04665,21.62244],[89.04639,21.62276],[89.04542,21.62333],[89.04432,21.62436],[89.04411,21.62464],[89.04396,21.62483],[89.04353,21.62523],[89.04332,21.62543],[89.04317,21.62564],[89.04267,21.62611],[89.04239,21.62644],[89.04218,21.62665],[89.04189,21.62698],[89.04124,21.62739],[89.04102,21.62759],[89.04067,21.62779],[89.04023,21.62819],[89.03988,21.6286],[89.03952,21.62893],[89.03924,21.62927],[89.03888,21.62967],[89.03867,21.62987],[89.03838,21.63021],[89.03831,21.63034],[89.03823,21.63048],[89.03806,21.63056],[89.03778,21.63083],[89.0375,21.63083],[89.03694,21.63139],[89.03667,21.63139],[89.03639,21.63167],[89.03611,21.63167],[89.03555,21.63222],[89.03505,21.63289],[89.03476,21.6331],[89.03469,21.6333],[89.03448,21.63357],[89.03419,21.63411],[89.03419,21.63471],[89.03426,21.63518],[89.0344,21.63552],[89.03469,21.63606],[89.03497,21.63632],[89.03512,21.63673],[89.03526,21.63706],[89.03548,21.63754],[89.03591,21.63821],[89.03626,21.63874],[89.03655,21.63922],[89.03706,21.63975],[89.03741,21.63982],[89.0377,21.64009],[89.0377,21.64029],[89.03763,21.64056],[89.03734,21.6407],[89.03698,21.64056],[89.03648,21.64022],[89.03605,21.63989],[89.03569,21.63942],[89.03519,21.63895],[89.03505,21.63854],[89.03476,21.638],[89.03455,21.63767],[89.03426,21.63727],[89.03404,21.6368],[89.03391,21.63659],[89.03383,21.63619],[89.03368,21.63606],[89.03362,21.63558],[89.03347,21.63518],[89.03333,21.63471],[89.03319,21.63451],[89.03297,21.63425],[89.03275,21.63397],[89.03254,21.63375],[89.03091,21.6338],[89.03,21.63417],[89.02979,21.6343],[89.02944,21.63445],[89.02899,21.63478],[89.02885,21.63505],[89.02849,21.63532],[89.02842,21.63565],[89.02842,21.637],[89.02856,21.63713],[89.02856,21.63754],[89.02863,21.63773],[89.02849,21.63801],[89.02849,21.63875],[89.02842,21.63908],[89.02821,21.63949],[89.02806,21.63983],[89.02799,21.64009],[89.02798,21.64035],[89.02792,21.64077],[89.02756,21.6411],[89.02741,21.64144],[89.02727,21.64177],[89.02714,21.64218],[89.02692,21.64258],[89.02663,21.64285],[89.02648,21.64332],[89.02612,21.64366],[89.02605,21.64393],[89.0262,21.645],[89.02648,21.64527],[89.02677,21.64574],[89.02705,21.64635],[89.02708,21.64672],[89.02731,21.64799],[89.02735,21.64819],[89.0275,21.64889],[89.02778,21.64944],[89.02785,21.6498],[89.02805,21.65028],[89.02863,21.65062],[89.02869,21.65111],[89.02861,21.65167],[89.02805,21.65333],[89.02779,21.65389],[89.0275,21.6542],[89.02751,21.65458],[89.02722,21.65472],[89.02695,21.65506],[89.02639,21.65611],[89.02611,21.65639],[89.02611,21.65694],[89.02619,21.65742],[89.02641,21.65813],[89.0272,21.65855],[89.02806,21.65849],[89.02914,21.65816],[89.02966,21.65776],[89.03015,21.65721],[89.03073,21.65671],[89.03132,21.65618],[89.03152,21.65581],[89.03188,21.65519],[89.0324,21.65475],[89.03274,21.65453],[89.03304,21.65468],[89.03284,21.65528],[89.03245,21.6558],[89.03209,21.65621],[89.03161,21.65688],[89.03108,21.6573],[89.03045,21.65781],[89.03001,21.65823],[89.02969,21.65853],[89.02908,21.65897],[89.02806,21.65938],[89.02726,21.65946],[89.02571,21.6596],[89.02543,21.65966],[89.02501,21.65992],[89.0246,21.66048],[89.02425,21.66061],[89.02383,21.66076],[89.02348,21.66082],[89.023,21.66097],[89.02235,21.66104],[89.02167,21.66111],[89.02126,21.66167],[89.02111,21.66195],[89.0209,21.66236],[89.0209,21.6629],[89.02107,21.66326],[89.02161,21.66375],[89.02176,21.66397],[89.02197,21.66451],[89.0219,21.66535],[89.02195,21.6659],[89.02217,21.66652],[89.02236,21.66681],[89.02258,21.66709],[89.023,21.66751],[89.02305,21.66785],[89.02342,21.6682],[89.02341,21.66854],[89.02369,21.66889],[89.02377,21.66965],[89.0239,21.67074],[89.02376,21.67188],[89.02369,21.67269],[89.02362,21.67363],[89.02356,21.67424],[89.02348,21.67473],[89.02355,21.67535],[89.02362,21.67604],[89.02368,21.67639],[89.0239,21.67715],[89.02389,21.6775],[89.02403,21.68002],[89.02417,21.68083],[89.02431,21.68098],[89.02438,21.68132],[89.02459,21.68188],[89.02472,21.68222],[89.02501,21.68265],[89.02528,21.68333],[89.02549,21.68354],[89.02556,21.68389],[89.02583,21.68443],[89.02605,21.68508],[89.02611,21.68556],[89.02619,21.6861],[89.02634,21.68743],[89.02641,21.68791],[89.02633,21.68847],[89.02598,21.68908],[89.02576,21.69],[89.0257,21.69035],[89.02556,21.69056],[89.02549,21.6911],[89.02506,21.69237],[89.025,21.69277],[89.025,21.69361],[89.02473,21.69486],[89.02452,21.69514],[89.0241,21.69625],[89.02397,21.69652],[89.02355,21.69742],[89.02348,21.6977],[89.02321,21.69819],[89.02313,21.69868],[89.02286,21.69896],[89.022,21.70038],[89.02,21.70167],[89.01979,21.70174],[89.01945,21.70194],[89.01896,21.70208],[89.01861,21.70222],[89.01833,21.70229],[89.01806,21.7025],[89.01744,21.70284],[89.01695,21.70285],[89.01625,21.70291],[89.01583,21.70306],[89.01439,21.70326],[89.01361,21.70333],[89.01312,21.70326],[89.01212,21.70331],[89.01175,21.70333],[89.01111,21.70333],[89.01063,21.70347],[89.01028,21.70361],[89.01,21.70374],[89.0098,21.70487],[89.00996,21.70528],[89.01016,21.70589],[89.01051,21.70645],[89.01037,21.70706],[89.0105,21.70754],[89.01077,21.70791],[89.01154,21.70777],[89.01195,21.70793],[89.01222,21.70833],[89.0126,21.70853],[89.01278,21.70862],[89.01355,21.70862],[89.0139,21.70834],[89.015,21.70827],[89.01556,21.70806],[89.0175,21.70806],[89.01849,21.70821],[89.01917,21.70854],[89.01952,21.70875],[89.01999,21.70889],[89.02035,21.7091],[89.02099,21.70923],[89.02202,21.71009],[89.02238,21.71063],[89.02251,21.71104],[89.02265,21.7116],[89.023,21.71275],[89.02293,21.71403],[89.02229,21.71485],[89.02222,21.71528],[89.0229,21.71613],[89.0236,21.71653],[89.02409,21.71674],[89.02445,21.71668],[89.02472,21.71667],[89.02556,21.71667],[89.0259,21.71688],[89.02612,21.71694],[89.02667,21.71709],[89.02722,21.71722],[89.02756,21.7173],[89.02805,21.71737],[89.02862,21.71744],[89.03,21.71778],[89.03028,21.71806],[89.03083,21.71806],[89.03111,21.71833],[89.03139,21.71833],[89.03167,21.71861],[89.03222,21.71861],[89.03278,21.71917],[89.03306,21.71917],[89.0332,21.71931],[89.03333,21.71944],[89.03361,21.71944],[89.03389,21.71972],[89.03445,21.71971],[89.03472,21.72],[89.03584,21.72],[89.03611,21.72028],[89.03694,21.72028],[89.03722,21.72056],[89.03861,21.72056],[89.0388,21.72074],[89.03889,21.72083],[89.03917,21.72056],[89.03972,21.72056],[89.04,21.72083],[89.04083,21.72083],[89.04136,21.72086],[89.04279,21.72086],[89.04314,21.72093],[89.04358,21.72113],[89.04372,21.72113],[89.04415,21.7212],[89.04437,21.72126],[89.04451,21.72133],[89.04487,21.72147],[89.04516,21.72153],[89.04544,21.7216],[89.04594,21.72167],[89.04716,21.72167],[89.04774,21.72174],[89.04831,21.72174],[89.04974,21.7216],[89.05003,21.7216],[89.05045,21.72174],[89.05089,21.72187],[89.05134,21.72187],[89.05483,21.72187],[89.05548,21.7218],[89.05663,21.7218],[89.05699,21.72187],[89.05741,21.72187],[89.05849,21.72207],[89.05885,21.72207],[89.05906,21.722],[89.05921,21.7218]]],[[[88.98006,21.89312],[88.98058,21.89307],[88.9811,21.89305],[88.98161,21.89296],[88.98201,21.89277],[88.98237,21.89257],[88.98274,21.89247],[88.98312,21.8924],[88.98348,21.89233],[88.98385,21.8922],[88.98421,21.892],[88.98461,21.8918],[88.98504,21.89159],[88.98547,21.89139],[88.98591,21.89119],[88.98637,21.89103],[88.98678,21.89083],[88.98718,21.89062],[88.98756,21.89039],[88.98798,21.89018],[88.9884,21.88996],[88.98883,21.88972],[88.98928,21.88948],[88.98972,21.88927],[88.9902,21.88908],[88.99065,21.88887],[88.99107,21.88865],[88.99152,21.88847],[88.99195,21.88829],[88.99235,21.88805],[88.99275,21.8878],[88.99318,21.88753],[88.99363,21.88727],[88.99411,21.88704],[88.9946,21.88684],[88.99509,21.88664],[88.99559,21.8864],[88.9961,21.88614],[88.99662,21.88588],[88.99721,21.88557],[88.99795,21.88525],[88.99973,21.88361],[89,21.88389],[89.0015,21.88322],[89.00187,21.88303],[89.00222,21.88279],[89.00261,21.88261],[89.00297,21.88234],[89.00375,21.88199],[89.00425,21.88174],[89.00446,21.88158],[89.00492,21.88135],[89.00539,21.88101],[89.00594,21.88089],[89.00634,21.88062],[89.00683,21.88045],[89.00787,21.88004],[89.00848,21.87976],[89.00912,21.87968],[89.00952,21.87921],[89.01008,21.87882],[89.01057,21.87855],[89.01118,21.87825],[89.01163,21.87791],[89.01211,21.8776],[89.01268,21.87742],[89.01305,21.87719],[89.01357,21.87692],[89.0139,21.87678],[89.01441,21.87669],[89.01477,21.87627],[89.01516,21.87596],[89.01556,21.87569],[89.01598,21.87542],[89.01641,21.87517],[89.01686,21.87494],[89.01728,21.87465],[89.01765,21.87432],[89.01803,21.87403],[89.01839,21.87376],[89.0188,21.87354],[89.0192,21.87329],[89.01965,21.87305],[89.0201,21.87276],[89.02052,21.8724],[89.02092,21.87204],[89.02134,21.87174],[89.02174,21.87147],[89.02216,21.87125],[89.02251,21.87101],[89.02288,21.87074],[89.02329,21.87044],[89.02372,21.87009],[89.02419,21.86979],[89.02467,21.86949],[89.02512,21.86919],[89.02556,21.86889],[89.02602,21.86859],[89.02644,21.86825],[89.02681,21.86783],[89.02721,21.86742],[89.02761,21.86702],[89.02806,21.86666],[89.0285,21.86629],[89.02889,21.86584],[89.02924,21.86538],[89.0296,21.86493],[89.02995,21.86445],[89.03033,21.86392],[89.03052,21.86354],[89.0307,21.86321],[89.03096,21.86278],[89.03093,21.86232],[89.03098,21.86187],[89.03084,21.86127],[89.03094,21.86095],[89.03098,21.86009],[89.03086,21.85951],[89.03083,21.859],[89.03082,21.85855],[89.03078,21.85808],[89.03066,21.85756],[89.03062,21.85695],[89.03069,21.85631],[89.03069,21.85578],[89.03059,21.85521],[89.03038,21.85479],[89.0301,21.85422],[89.02975,21.8537],[89.02947,21.8531],[89.02923,21.85243],[89.02911,21.85172],[89.02889,21.85109],[89.0285,21.85067],[89.02825,21.85038],[89.02776,21.85019],[89.02719,21.84999],[89.02676,21.84968],[89.02631,21.8495],[89.02578,21.84941],[89.0253,21.84922],[89.02476,21.84922],[89.02456,21.84928],[89.02423,21.84938],[89.02372,21.84946],[89.02324,21.84955],[89.02275,21.84969],[89.02222,21.84978],[89.02168,21.84992],[89.02113,21.84998],[89.02058,21.84999],[89.02001,21.84999],[89.01946,21.85],[89.01892,21.85001],[89.01841,21.85007],[89.01794,21.85019],[89.01749,21.8502],[89.01706,21.8501],[89.01663,21.85011],[89.01624,21.85023],[89.01582,21.85031],[89.01542,21.85042],[89.01499,21.85052],[89.01453,21.85056],[89.01405,21.85059],[89.01357,21.85067],[89.01312,21.85086],[89.01268,21.8511],[89.01222,21.85132],[89.01175,21.85153],[89.0113,21.85177],[89.01086,21.85206],[89.01038,21.85239],[89.00988,21.85278],[89.00935,21.8532],[89.00884,21.8537],[89.00832,21.8542],[89.00778,21.85472],[89.00724,21.85523],[89.00674,21.85576],[89.00632,21.85634],[89.00592,21.8569],[89.00562,21.85748],[89.00544,21.85809],[89.00533,21.8587],[89.0053,21.85926],[89.00528,21.85978],[89.00528,21.86025],[89.00526,21.86071],[89.00518,21.8612],[89.00506,21.86172],[89.00497,21.86225],[89.00489,21.86271],[89.00487,21.86312],[89.00484,21.86346],[89.00479,21.86378],[89.0047,21.86409],[89.00451,21.86441],[89.00425,21.86478],[89.00383,21.86524],[89.0037,21.86544],[89.00326,21.86578],[89.00311,21.86591],[89.00276,21.86611],[89.00247,21.86638],[89.00233,21.86665],[89.00247,21.86692],[89.00262,21.86699],[89.00269,21.86712],[89.00283,21.86732],[89.00283,21.86746],[89.00262,21.86759],[89.00247,21.86773],[89.00226,21.86786],[89.00204,21.86786],[89.00182,21.86779],[89.00154,21.86766],[89.00147,21.86739],[89.00133,21.86732],[89.00097,21.86739],[89,21.86806],[88.99973,21.86833],[88.99899,21.86876],[88.99842,21.8693],[88.99813,21.86983],[88.99834,21.87056],[88.99834,21.87083],[88.99813,21.87106],[88.99785,21.87118],[88.99751,21.87122],[88.99713,21.87124],[88.99671,21.87124],[88.99625,21.87122],[88.99577,21.87118],[88.99531,21.87104],[88.99487,21.87085],[88.99451,21.87058],[88.99419,21.87029],[88.99383,21.86998],[88.99342,21.86963],[88.99303,21.86918],[88.99262,21.86875],[88.9922,21.86837],[88.99198,21.86784],[88.99134,21.86771],[88.99041,21.86804],[88.99002,21.86807],[88.98924,21.86812],[88.98963,21.86779],[88.99001,21.86748],[88.99039,21.86721],[88.99079,21.867],[88.9912,21.86683],[88.99163,21.86675],[88.992,21.86683],[88.99232,21.86703],[88.99267,21.86729],[88.99303,21.86761],[88.99339,21.86798],[88.99375,21.86835],[88.99389,21.86833],[88.99445,21.86889],[88.99445,21.86944],[88.99472,21.86944],[88.995,21.86972],[88.99528,21.86972],[88.99555,21.87],[88.99584,21.87],[88.99611,21.87028],[88.99667,21.87028],[88.99722,21.86972],[88.99722,21.86944],[88.99754,21.86904],[88.9978,21.86866],[88.99811,21.86827],[88.99844,21.86792],[88.99881,21.86766],[88.99916,21.8675],[88.99945,21.86744],[89,21.86721],[89.00045,21.86693],[89.00089,21.86652],[89.00118,21.86609],[89.00154,21.86568],[89.00195,21.86531],[89.00231,21.86494],[89.00263,21.86459],[89.00291,21.86425],[89.00319,21.8637],[89.00333,21.86336],[89.00339,21.86289],[89.00348,21.86235],[89.00348,21.86195],[89.00339,21.86169],[89.00312,21.86141],[89.00291,21.86107],[89.00276,21.8608],[89.00269,21.86027],[89.00298,21.86006],[89.00319,21.86006],[89.00355,21.85973],[89.00376,21.85932],[89.00398,21.85879],[89.00405,21.85805],[89.00399,21.85751],[89.00399,21.85697],[89.0042,21.8567],[89.00448,21.85623],[89.00455,21.8561],[89.00477,21.85563],[89.00505,21.85522],[89.00534,21.85496],[89.00678,21.85347],[89.00717,21.85323],[89.00755,21.85299],[89.00792,21.85275],[89.00823,21.85249],[89.00854,21.85221],[89.00887,21.85193],[89.00922,21.85165],[89.00961,21.85137],[89.01003,21.85106],[89.01041,21.85072],[89.01083,21.8504],[89.01133,21.85019],[89.01183,21.84994],[89.0123,21.84966],[89.01284,21.8494],[89.01342,21.84917],[89.01404,21.84911],[89.01464,21.849],[89.01527,21.84889],[89.01591,21.84879],[89.01658,21.84878],[89.01727,21.84868],[89.018,21.84863],[89.01873,21.84862],[89.01947,21.84861],[89.0202,21.84861],[89.02091,21.84861],[89.02159,21.84857],[89.02219,21.84847],[89.02274,21.84831],[89.02297,21.84822],[89.02325,21.84812],[89.02382,21.84803],[89.02435,21.84788],[89.02491,21.84772],[89.0254,21.84749],[89.02584,21.8472],[89.02631,21.84687],[89.02667,21.84667],[89.02703,21.84647],[89.02747,21.84627],[89.02775,21.84586],[89.02796,21.84566],[89.02818,21.84519],[89.02832,21.84479],[89.02897,21.84438],[89.0294,21.84405],[89.02976,21.84364],[89.0299,21.84311],[89.03004,21.84263],[89.03004,21.84176],[89.02997,21.84116],[89.02982,21.84062],[89.02982,21.84008],[89.02989,21.83988],[89.02997,21.83927],[89.02997,21.8382],[89.02982,21.83773],[89.02968,21.83739],[89.02968,21.83705],[89.02982,21.83665],[89.02982,21.83625],[89.02989,21.83578],[89.02995,21.83522],[89.02999,21.83453],[89.02976,21.83277],[89.0294,21.8317],[89.02916,21.83145],[89.0289,21.83118],[89.02865,21.83084],[89.02847,21.83041],[89.0283,21.82994],[89.02812,21.82946],[89.02808,21.82887],[89.02799,21.82872],[89.02723,21.82737],[89.0269,21.82685],[89.02652,21.82637],[89.02618,21.82588],[89.02589,21.82537],[89.02558,21.8249],[89.02529,21.8244],[89.02502,21.82388],[89.02471,21.82334],[89.02433,21.82285],[89.02384,21.82244],[89.02339,21.82198],[89.02305,21.82141],[89.02277,21.82083],[89.02239,21.82032],[89.02203,21.8199],[89.02176,21.8195],[89.02148,21.81919],[89.0212,21.81895],[89.02098,21.81868],[89.02072,21.81846],[89.0205,21.81812],[89.02024,21.81783],[89.01994,21.8176],[89.01952,21.81743],[89.01917,21.81719],[89.01885,21.81691],[89.0185,21.81667],[89.01815,21.81643],[89.01782,21.81615],[89.01744,21.81593],[89.01701,21.81583],[89.0166,21.81574],[89.01638,21.81585],[89.0157,21.81614],[89.01508,21.81678],[89.0148,21.81737],[89.0145,21.81785],[89.01418,21.81833],[89.01385,21.81878],[89.01351,21.81921],[89.01313,21.81963],[89.01273,21.82005],[89.01232,21.8205],[89.01195,21.82098],[89.01144,21.82144],[89.01093,21.8219],[89.01028,21.82243],[89.00983,21.82287],[89.00932,21.82294],[89.00907,21.82298],[89.00923,21.82243],[89.00972,21.82207],[89.01044,21.82123],[89.01102,21.8207],[89.0116,21.82016],[89.01189,21.81961],[89.01244,21.81908],[89.01283,21.81855],[89.01332,21.81814],[89.01358,21.81768],[89.01384,21.81729],[89.01411,21.81688],[89.01452,21.81642],[89.01453,21.8154],[89.01427,21.81492],[89.01389,21.81475],[89.01344,21.81467],[89.01298,21.81452],[89.01247,21.81442],[89.01198,21.81424],[89.01149,21.81414],[89.01105,21.81398],[89.01061,21.81387],[89.01022,21.81371],[89.00982,21.81359],[89.00948,21.81339],[89.00911,21.81325],[89.00881,21.81306],[89.00847,21.81292],[89.00795,21.81295],[89.00734,21.81302],[89.00667,21.81298],[89.00652,21.81295],[89.00597,21.81282],[89.00526,21.81278],[89.00457,21.81278],[89.00391,21.81282],[89.00331,21.81301],[89.00301,21.81304],[89.00275,21.81306],[89.00227,21.8131],[89.00189,21.8133],[89.00145,21.81343],[89.001,21.81364],[89.00056,21.81382],[89,21.81417],[88.99969,21.81415],[88.99939,21.81442],[88.99906,21.81456],[88.99873,21.81471],[88.99861,21.81472],[88.99834,21.815],[88.99695,21.815],[88.99667,21.81472],[88.99528,21.81472],[88.995,21.81444],[88.99472,21.81444],[88.99445,21.81417],[88.99416,21.81417],[88.99307,21.81306],[88.99307,21.81278],[88.99276,21.8125],[88.99276,21.81222],[88.99223,21.81167],[88.99223,21.81056],[88.99194,21.81029],[88.99194,21.80943],[88.99194,21.80882],[88.99194,21.80824],[88.99194,21.80806],[88.99194,21.80778],[88.99223,21.8075],[88.99223,21.80639],[88.9925,21.80611],[88.99194,21.80556],[88.99194,21.80501],[88.99194,21.80472],[88.99223,21.80444],[88.99223,21.80305],[88.99194,21.80278],[88.99189,21.80219],[88.99174,21.80177],[88.99189,21.80126],[88.99188,21.80079],[88.99168,21.80045],[88.99145,21.80015],[88.99138,21.79982],[88.99132,21.79951],[88.99123,21.79921],[88.9911,21.79892],[88.99092,21.79867],[88.99078,21.79841],[88.99061,21.79816],[88.99052,21.79784],[88.99033,21.79758],[88.99008,21.79736],[88.98995,21.79707],[88.98977,21.7968],[88.98965,21.79646],[88.98944,21.79609],[88.98919,21.79566],[88.98896,21.79512],[88.98868,21.7945],[88.98843,21.79388],[88.98821,21.79328],[88.98804,21.79272],[88.98781,21.79222],[88.98756,21.79174],[88.98728,21.79131],[88.98704,21.79086],[88.98676,21.79039],[88.98647,21.78992],[88.98612,21.78952],[88.98579,21.78914],[88.98554,21.78872],[88.98535,21.78831],[88.98528,21.78778],[88.985,21.78778],[88.98388,21.78667],[88.98361,21.78667],[88.98194,21.785],[88.98167,21.785],[88.97889,21.78222],[88.97861,21.78222],[88.97718,21.78083],[88.97704,21.78066],[88.97694,21.78053],[88.97677,21.7802],[88.97655,21.77984],[88.97636,21.77937],[88.9761,21.77894],[88.97577,21.77856],[88.97541,21.77819],[88.97507,21.77782],[88.97493,21.77763],[88.97477,21.77741],[88.9745,21.77699],[88.97414,21.77666],[88.97376,21.77635],[88.97342,21.77601],[88.97298,21.77577],[88.97252,21.77559],[88.97213,21.77542],[88.97175,21.7753],[88.97137,21.77522],[88.97094,21.77506],[88.9705,21.77509],[88.97,21.77528],[88.96972,21.77555],[88.96858,21.77555],[88.96806,21.77555],[88.9675,21.77611],[88.9675,21.77639],[88.96694,21.77694],[88.96694,21.77722],[88.96674,21.77737],[88.96665,21.77749],[88.96652,21.77766],[88.9663,21.77809],[88.96603,21.77853],[88.96566,21.77888],[88.96522,21.77916],[88.96476,21.77941],[88.96428,21.77961],[88.96381,21.77981],[88.96337,21.78006],[88.96297,21.78036],[88.96256,21.78064],[88.9622,21.78097],[88.96185,21.78123],[88.9616,21.78156],[88.96127,21.78178],[88.96093,21.78198],[88.9606,21.78221],[88.96023,21.7824],[88.9598,21.78253],[88.95942,21.78275],[88.95898,21.78286],[88.95861,21.78303],[88.95818,21.78312],[88.95777,21.7833],[88.9573,21.78333],[88.95682,21.78336],[88.95641,21.78348],[88.95607,21.78362],[88.95582,21.78377],[88.95557,21.78386],[88.95528,21.78389],[88.9549,21.78389],[88.95441,21.78388],[88.95381,21.78378],[88.95313,21.78356],[88.95242,21.78332],[88.95178,21.78354],[88.95143,21.78364],[88.95112,21.78373],[88.9505,21.7839],[88.94988,21.78405],[88.94913,21.78404],[88.94835,21.78414],[88.94764,21.78417],[88.94695,21.78419],[88.9463,21.7843],[88.94566,21.78423],[88.94509,21.7844],[88.94458,21.78447],[88.94415,21.7846],[88.94373,21.78473],[88.94335,21.78494],[88.94306,21.78526],[88.94282,21.7856],[88.94278,21.78604],[88.94279,21.7865],[88.94291,21.78695],[88.94307,21.78741],[88.94328,21.78787],[88.94347,21.78836],[88.94364,21.78886],[88.94388,21.78929],[88.94413,21.7897],[88.94443,21.79009],[88.94471,21.79052],[88.945,21.79102],[88.94538,21.79149],[88.94575,21.79193],[88.94609,21.79238],[88.94637,21.79283],[88.94659,21.79329],[88.94675,21.79379],[88.94703,21.79421],[88.94724,21.79467],[88.94753,21.79509],[88.94783,21.79552],[88.94817,21.79595],[88.94852,21.79641],[88.94885,21.79691],[88.94917,21.79741],[88.94947,21.79789],[88.94979,21.79835],[88.94987,21.79848],[88.9501,21.79882],[88.95047,21.79923],[88.9508,21.7997],[88.95107,21.80022],[88.95145,21.8006],[88.95181,21.80092],[88.95204,21.80134],[88.95231,21.80174],[88.95267,21.80214],[88.95305,21.80256],[88.95345,21.80299],[88.95393,21.8033],[88.95451,21.80342],[88.95512,21.80358],[88.95574,21.80361],[88.95635,21.80357],[88.95692,21.80338],[88.95746,21.80329],[88.95792,21.80311],[88.9584,21.80297],[88.95886,21.80276],[88.95927,21.80248],[88.95966,21.80218],[88.96009,21.80195],[88.96055,21.80178],[88.96102,21.80161],[88.96149,21.80143],[88.962,21.80135],[88.96246,21.80116],[88.96291,21.80098],[88.96335,21.80081],[88.96358,21.80071],[88.96379,21.80062],[88.96426,21.80051],[88.96472,21.80031],[88.96519,21.80019],[88.96558,21.80001],[88.96595,21.79988],[88.96631,21.79975],[88.9667,21.7997],[88.96712,21.79957],[88.9675,21.79947],[88.96789,21.79944],[88.9683,21.79946],[88.96871,21.79954],[88.96903,21.79969],[88.96932,21.79987],[88.96966,21.79998],[88.97002,21.80006],[88.97034,21.80025],[88.97076,21.80037],[88.97131,21.80057],[88.97157,21.80068],[88.97201,21.80074],[88.97261,21.801],[88.97303,21.8012],[88.97331,21.80149],[88.97372,21.80169],[88.97411,21.80194],[88.9745,21.80221],[88.97467,21.80229],[88.97491,21.80241],[88.97523,21.8026],[88.97547,21.80286],[88.97562,21.80323],[88.97585,21.80358],[88.97611,21.80392],[88.97634,21.80429],[88.97642,21.80447],[88.9765,21.80469],[88.97664,21.80509],[88.97668,21.80553],[88.97668,21.80599],[88.97675,21.80644],[88.97691,21.80684],[88.97697,21.80727],[88.9771,21.80764],[88.9772,21.80792],[88.97723,21.80822],[88.9773,21.80853],[88.97747,21.80889],[88.97753,21.80934],[88.9777,21.80983],[88.97778,21.81044],[88.97782,21.81111],[88.97798,21.81175],[88.97791,21.81244],[88.97805,21.81301],[88.97822,21.8135],[88.97839,21.81394],[88.97861,21.81434],[88.97878,21.81481],[88.97883,21.81495],[88.97895,21.81528],[88.97912,21.81576],[88.97933,21.8162],[88.97946,21.81672],[88.97962,21.81726],[88.97973,21.81784],[88.97984,21.8184],[88.97985,21.81895],[88.97975,21.81945],[88.97969,21.8199],[88.97951,21.82022],[88.97951,21.82063],[88.97951,21.82086],[88.97956,21.82104],[88.97931,21.82138],[88.97904,21.82178],[88.97888,21.82223],[88.97852,21.82268],[88.9782,21.82309],[88.97787,21.82351],[88.97751,21.8239],[88.97717,21.82429],[88.97684,21.82465],[88.97652,21.82497],[88.97626,21.82513],[88.97613,21.82521],[88.97578,21.8255],[88.97538,21.82578],[88.97494,21.82607],[88.97442,21.82633],[88.97385,21.82655],[88.97323,21.8267],[88.97267,21.82695],[88.97213,21.82722],[88.97156,21.82743],[88.97089,21.82754],[88.9702,21.82766],[88.96948,21.82776],[88.96875,21.82776],[88.96803,21.82765],[88.96806,21.8275],[88.96667,21.8275],[88.96639,21.82722],[88.96584,21.82722],[88.96555,21.8275],[88.96416,21.8275],[88.96383,21.8273],[88.96323,21.82717],[88.96268,21.82698],[88.9621,21.82682],[88.96155,21.82667],[88.96101,21.82655],[88.9605,21.82636],[88.96,21.82625],[88.95957,21.82618],[88.95915,21.82613],[88.95872,21.82611],[88.95834,21.82613],[88.958,21.82624],[88.95771,21.8264],[88.95744,21.82657],[88.95714,21.82668],[88.95685,21.82681],[88.95654,21.82695],[88.95623,21.82712],[88.95596,21.82741],[88.95576,21.82784],[88.95554,21.82827],[88.95528,21.82864],[88.95503,21.82895],[88.9548,21.82922],[88.95465,21.82951],[88.95446,21.82971],[88.95425,21.8299],[88.95411,21.83019],[88.95393,21.83045],[88.95379,21.83078],[88.95361,21.83107],[88.9534,21.83133],[88.95324,21.83163],[88.95303,21.83187],[88.95281,21.83208],[88.95266,21.83234],[88.95251,21.83266],[88.9524,21.83302],[88.95224,21.83339],[88.95215,21.83382],[88.95195,21.83421],[88.95178,21.83461],[88.95158,21.83497],[88.9514,21.83524],[88.95112,21.83559],[88.9509,21.83589],[88.95072,21.83618],[88.95052,21.83653],[88.95033,21.83686],[88.95028,21.83723],[88.95028,21.83764],[88.95029,21.83809],[88.95036,21.83861],[88.95037,21.83915],[88.95036,21.83969],[88.95056,21.84017],[88.95084,21.84065],[88.95108,21.84116],[88.95124,21.84174],[88.95155,21.84219],[88.95191,21.84256],[88.95216,21.843],[88.95235,21.84346],[88.95256,21.84393],[88.95285,21.84435],[88.95325,21.84472],[88.95368,21.84511],[88.95398,21.84563],[88.95436,21.84613],[88.95473,21.84661],[88.95508,21.8471],[88.95532,21.84775],[88.95571,21.84833],[88.95632,21.84889],[88.9567,21.84919],[88.95744,21.84971],[88.95795,21.85032],[88.95859,21.85086],[88.95911,21.85133],[88.95953,21.85183],[88.95984,21.85242],[88.96009,21.85294],[88.96043,21.85334],[88.96082,21.85373],[88.96124,21.85418],[88.96169,21.85469],[88.96217,21.85524],[88.96261,21.85581],[88.96302,21.85636],[88.96339,21.85689],[88.96376,21.85737],[88.96412,21.8578],[88.96445,21.85821],[88.96478,21.85857],[88.96511,21.85891],[88.9654,21.85928],[88.96574,21.85959],[88.96606,21.85992],[88.96641,21.86024],[88.96684,21.86045],[88.96719,21.86067],[88.96752,21.86094],[88.96788,21.8612],[88.96829,21.86143],[88.9687,21.86167],[88.96912,21.86188],[88.96961,21.86197],[88.97006,21.86214],[88.97047,21.86229],[88.97083,21.86251],[88.97121,21.8626],[88.9717,21.86282],[88.97233,21.86277],[88.97312,21.86301],[88.97338,21.86323],[88.97378,21.86349],[88.97433,21.86364],[88.97482,21.86386],[88.97532,21.86411],[88.97584,21.86432],[88.97636,21.86451],[88.97686,21.86473],[88.9773,21.86499],[88.97772,21.86524],[88.97805,21.86555],[88.97831,21.8659],[88.97848,21.86633],[88.97871,21.86669],[88.97891,21.86708],[88.97913,21.86744],[88.97928,21.86789],[88.97945,21.86835],[88.97964,21.86884],[88.97968,21.86936],[88.97951,21.86989],[88.97943,21.87044],[88.97933,21.87095],[88.97917,21.87139],[88.97901,21.87182],[88.97881,21.8722],[88.97852,21.87259],[88.97814,21.87297],[88.97771,21.8734],[88.97722,21.8739],[88.97676,21.87445],[88.97634,21.87497],[88.97599,21.87543],[88.97578,21.87588],[88.97548,21.87621],[88.97524,21.87656],[88.97528,21.87685],[88.97519,21.87713],[88.97491,21.87746],[88.97469,21.87787],[88.97472,21.87829],[88.97472,21.87873],[88.9746,21.87917],[88.97443,21.87962],[88.97418,21.88006],[88.97401,21.88055],[88.97383,21.88104],[88.9736,21.88149],[88.97334,21.88193],[88.97314,21.88242],[88.973,21.88294],[88.97277,21.88337],[88.9725,21.88378],[88.97224,21.88417],[88.97202,21.88457],[88.97187,21.88504],[88.97167,21.88549],[88.97141,21.88592],[88.97118,21.88637],[88.97088,21.88675],[88.9706,21.88715],[88.97035,21.88754],[88.97023,21.88804],[88.97002,21.88843],[88.96983,21.88882],[88.96969,21.88924],[88.96948,21.88969],[88.96931,21.89019],[88.96938,21.89075],[88.96966,21.89125],[88.97025,21.89154],[88.97092,21.89179],[88.9716,21.89198],[88.97228,21.89208],[88.9729,21.89224],[88.97344,21.89246],[88.97398,21.89255],[88.97446,21.89273],[88.97497,21.89281],[88.97543,21.89295],[88.97591,21.89307],[88.97644,21.89324],[88.97668,21.89321],[88.97701,21.89326],[88.97738,21.89347],[88.97789,21.89347],[88.97849,21.89344],[88.97906,21.89349],[88.97929,21.89339],[88.97957,21.89326],[88.98006,21.89312]]],[[[88.81681,22.26326],[88.81739,22.26319],[88.81803,22.26331],[88.8187,22.26344],[88.81932,22.26359],[88.81992,22.2637],[88.82052,22.26389],[88.82116,22.2641],[88.82182,22.26428],[88.82237,22.26449],[88.82285,22.26469],[88.82328,22.26484],[88.82367,22.26501],[88.8241,22.26521],[88.82465,22.26532],[88.82526,22.26538],[88.82547,22.26528],[88.82587,22.2651],[88.82625,22.26459],[88.82641,22.26402],[88.82653,22.26347],[88.82664,22.26293],[88.82668,22.26239],[88.82676,22.26187],[88.82684,22.26136],[88.82671,22.26083],[88.82673,22.2603],[88.82681,22.25972],[88.82692,22.2591],[88.827,22.25846],[88.82715,22.25789],[88.82735,22.2574],[88.82763,22.25704],[88.82773,22.25662],[88.82767,22.25604],[88.82749,22.25543],[88.82728,22.25475],[88.82732,22.25396],[88.82735,22.25323],[88.82721,22.25284],[88.82697,22.25248],[88.8268,22.25202],[88.82664,22.25152],[88.82647,22.25102],[88.82636,22.25048],[88.82623,22.24997],[88.82613,22.24945],[88.82611,22.24891],[88.82606,22.24841],[88.82588,22.24798],[88.82584,22.24754],[88.82584,22.24711],[88.82588,22.2467],[88.82607,22.24629],[88.82607,22.24583],[88.82592,22.24534],[88.82584,22.24486],[88.82582,22.24435],[88.82583,22.24381],[88.82584,22.24323],[88.82584,22.24263],[88.82581,22.24202],[88.82568,22.24144],[88.82542,22.24091],[88.82504,22.24051],[88.82463,22.24014],[88.82418,22.23981],[88.82356,22.23966],[88.82298,22.23934],[88.82248,22.2389],[88.82196,22.23847],[88.8215,22.23801],[88.82113,22.23751],[88.82081,22.23704],[88.82046,22.23667],[88.82013,22.23635],[88.81988,22.23597],[88.81961,22.23553],[88.81938,22.23503],[88.81914,22.23452],[88.81883,22.23405],[88.81853,22.23361],[88.81825,22.23317],[88.81802,22.23273],[88.81773,22.23235],[88.81741,22.23202],[88.81706,22.2317],[88.81669,22.23142],[88.8163,22.23117],[88.81588,22.23094],[88.81548,22.23068],[88.8151,22.23041],[88.81468,22.23019],[88.81425,22.22988],[88.81371,22.22969],[88.81319,22.2295],[88.8127,22.22938],[88.81225,22.22921],[88.81174,22.22908],[88.81121,22.22894],[88.81059,22.22893],[88.80992,22.229],[88.80923,22.22892],[88.80853,22.22882],[88.80788,22.22867],[88.80719,22.22861],[88.80649,22.22861],[88.80579,22.22856],[88.8051,22.22842],[88.80443,22.22824],[88.80375,22.2281],[88.80305,22.22806],[88.80236,22.22805],[88.80167,22.22804],[88.80101,22.228],[88.80042,22.22787],[88.79992,22.22769],[88.79948,22.22748],[88.7991,22.22719],[88.79881,22.22684],[88.7986,22.22641],[88.79847,22.22597],[88.79864,22.22553],[88.79892,22.22513],[88.79929,22.22478],[88.79972,22.22452],[88.80019,22.22427],[88.80068,22.22401],[88.80114,22.2237],[88.8016,22.22339],[88.80205,22.22304],[88.80252,22.22267],[88.80302,22.22229],[88.80352,22.22193],[88.80388,22.22143],[88.80416,22.22097],[88.80438,22.22057],[88.80449,22.22016],[88.80463,22.21977],[88.8047,22.21931],[88.80473,22.21874],[88.80473,22.21812],[88.80471,22.21748],[88.80462,22.21693],[88.80441,22.21654],[88.8042,22.21617],[88.80399,22.21584],[88.80381,22.21542],[88.8037,22.21501],[88.80373,22.21463],[88.80383,22.21425],[88.80383,22.21382],[88.80375,22.21332],[88.80389,22.21277],[88.8041,22.21218],[88.80431,22.21156],[88.80445,22.21093],[88.80457,22.21036],[88.80471,22.20989],[88.80483,22.20951],[88.80498,22.20921],[88.80512,22.20891],[88.8053,22.20863],[88.80554,22.20835],[88.80584,22.20805],[88.80621,22.20773],[88.8067,22.20747],[88.80727,22.2072],[88.80788,22.20698],[88.80855,22.20682],[88.80921,22.20663],[88.80988,22.2065],[88.81052,22.20661],[88.81076,22.20663],[88.81118,22.20666],[88.81168,22.20664],[88.8118,22.20664],[88.81238,22.20656],[88.81284,22.20631],[88.81329,22.20615],[88.81374,22.20606],[88.81416,22.20588],[88.81461,22.20571],[88.81499,22.20542],[88.81529,22.20508],[88.81557,22.20474],[88.81581,22.20439],[88.81601,22.20401],[88.81625,22.20361],[88.81643,22.20315],[88.81633,22.20257],[88.81634,22.20199],[88.81638,22.20138],[88.81639,22.20077],[88.8164,22.20016],[88.81642,22.19957],[88.81647,22.199],[88.81662,22.19846],[88.81672,22.19793],[88.8169,22.19745],[88.81703,22.19693],[88.81725,22.19653],[88.81754,22.19617],[88.81787,22.19586],[88.81823,22.19559],[88.81864,22.19538],[88.81908,22.19521],[88.81957,22.19504],[88.82017,22.195],[88.8208,22.19501],[88.82144,22.19507],[88.82199,22.19517],[88.82246,22.19527],[88.82289,22.19533],[88.82328,22.19551],[88.82371,22.19555],[88.8242,22.19557],[88.82468,22.19557],[88.82519,22.1956],[88.82573,22.19569],[88.82629,22.19578],[88.82679,22.19569],[88.82719,22.19542],[88.8275,22.19499],[88.82777,22.19444],[88.82803,22.19388],[88.82832,22.19334],[88.82857,22.19283],[88.82871,22.1923],[88.8289,22.19181],[88.82914,22.19138],[88.82932,22.19091],[88.82948,22.19042],[88.82971,22.18998],[88.8299,22.18949],[88.83007,22.189],[88.83031,22.18859],[88.83057,22.18817],[88.83086,22.18775],[88.83112,22.18727],[88.83134,22.18674],[88.83149,22.18618],[88.83169,22.18567],[88.83195,22.18522],[88.83222,22.18483],[88.8325,22.18442],[88.83278,22.18397],[88.83308,22.18347],[88.83341,22.18298],[88.83378,22.18252],[88.83412,22.1821],[88.83437,22.1817],[88.83458,22.18137],[88.83474,22.18106],[88.83492,22.18079],[88.83507,22.1805],[88.83527,22.18019],[88.83542,22.17985],[88.83557,22.17954],[88.83583,22.17917],[88.83611,22.17889],[88.83611,22.17861],[88.83667,22.17805],[88.83667,22.17778],[88.8375,22.17694],[88.8375,22.17639],[88.83778,22.17611],[88.83778,22.17556],[88.83806,22.17528],[88.83806,22.17417],[88.83812,22.17404],[88.83814,22.17347],[88.83807,22.17292],[88.83801,22.17237],[88.83782,22.17185],[88.83772,22.17131],[88.8375,22.17082],[88.83728,22.17033],[88.83707,22.16984],[88.83687,22.16938],[88.83669,22.16894],[88.83654,22.16851],[88.83632,22.16814],[88.83598,22.16785],[88.83556,22.16754],[88.83503,22.16723],[88.8344,22.16698],[88.83405,22.16685],[88.83375,22.16687],[88.83338,22.16695],[88.83296,22.16706],[88.83249,22.16716],[88.83197,22.16728],[88.83155,22.16764],[88.83109,22.16802],[88.83058,22.16841],[88.83011,22.16889],[88.82966,22.16937],[88.82917,22.16974],[88.8287,22.17007],[88.82834,22.17045],[88.82799,22.17084],[88.82762,22.17124],[88.82723,22.17159],[88.82683,22.17193],[88.82643,22.17223],[88.82604,22.1725],[88.82572,22.17278],[88.82542,22.17303],[88.82508,22.17326],[88.82474,22.17353],[88.8244,22.17386],[88.824,22.17418],[88.82357,22.17448],[88.8231,22.17478],[88.82263,22.17514],[88.82213,22.17551],[88.82158,22.17584],[88.82105,22.17619],[88.82059,22.17653],[88.82019,22.1769],[88.81979,22.17722],[88.81937,22.17751],[88.81895,22.17779],[88.81854,22.17814],[88.81815,22.17852],[88.81777,22.17888],[88.81737,22.1792],[88.81699,22.17952],[88.81665,22.17989],[88.81631,22.18024],[88.81594,22.18055],[88.81556,22.18085],[88.81519,22.18117],[88.81476,22.1814],[88.81433,22.1816],[88.81387,22.18172],[88.81345,22.18195],[88.81305,22.1822],[88.81263,22.18238],[88.81225,22.18254],[88.81187,22.18272],[88.81147,22.18285],[88.81108,22.18302],[88.81062,22.18309],[88.81015,22.18327],[88.80962,22.18334],[88.80908,22.18334],[88.80855,22.18329],[88.80807,22.18311],[88.80757,22.18305],[88.80708,22.18299],[88.80661,22.1828],[88.80612,22.18264],[88.80563,22.18245],[88.80515,22.1822],[88.80469,22.18192],[88.80419,22.18166],[88.80372,22.18139],[88.80328,22.18111],[88.80286,22.18083],[88.80244,22.18056],[88.80203,22.18027],[88.80158,22.17999],[88.80114,22.17966],[88.80071,22.1793],[88.80027,22.17892],[88.79981,22.17856],[88.79939,22.17813],[88.79897,22.17772],[88.79862,22.17729],[88.79833,22.17687],[88.79807,22.17649],[88.79783,22.17615],[88.7976,22.17584],[88.79735,22.17551],[88.7971,22.17513],[88.79684,22.1747],[88.79659,22.17424],[88.79629,22.17383],[88.79607,22.17339],[88.79589,22.17296],[88.79575,22.17255],[88.7956,22.17217],[88.79546,22.17181],[88.7953,22.17146],[88.79515,22.17109],[88.79496,22.17078],[88.79472,22.17059],[88.79444,22.17051],[88.79415,22.17057],[88.79388,22.17082],[88.79359,22.17121],[88.79332,22.17174],[88.79302,22.17233],[88.79269,22.17288],[88.79239,22.17345],[88.79209,22.17395],[88.79192,22.17439],[88.79169,22.17471],[88.79144,22.17501],[88.79116,22.17535],[88.79089,22.17577],[88.79058,22.17623],[88.79028,22.17675],[88.78998,22.17728],[88.78962,22.17772],[88.78923,22.17805],[88.78887,22.17835],[88.78848,22.17861],[88.78808,22.17884],[88.78765,22.17902],[88.78724,22.17919],[88.78687,22.17943],[88.78645,22.17966],[88.78595,22.17986],[88.78533,22.18003],[88.78471,22.18023],[88.78408,22.1803],[88.78348,22.18041],[88.78288,22.18055],[88.78225,22.18066],[88.78163,22.1808],[88.78101,22.18088],[88.78045,22.18107],[88.77989,22.18111],[88.77936,22.18112],[88.77886,22.18115],[88.77839,22.1813],[88.77789,22.18138],[88.77739,22.18145],[88.77695,22.18163],[88.77648,22.18175],[88.77605,22.18192],[88.77598,22.18194],[88.77104,22.18509],[88.76998,22.18982],[88.76986,22.19035],[88.76972,22.19097],[88.76968,22.19115],[88.76907,22.19387],[88.76796,22.19382],[88.76008,22.19352],[88.75983,22.19384],[88.75786,22.1963],[88.75555,22.19636],[88.74979,22.19653],[88.74976,22.19695],[88.74874,22.21356],[88.7498,22.21617],[88.75164,22.22072],[88.75147,22.22746],[88.75146,22.22799],[88.76324,22.24142],[88.76403,22.24231],[88.76975,22.24139],[88.77118,22.24116],[88.77321,22.24901],[88.77759,22.25224],[88.78717,22.25776],[88.78996,22.25937],[88.79094,22.25994],[88.79304,22.26114],[88.79511,22.26234],[88.79634,22.2747],[88.79742,22.27625],[88.79861,22.27796],[88.79874,22.27815],[88.79929,22.27829],[88.80349,22.27931],[88.80622,22.28213],[88.80708,22.28301],[88.80763,22.28313],[88.80821,22.28328],[88.80878,22.28333],[88.8092,22.28333],[88.80933,22.28333],[88.80985,22.28333],[88.81038,22.28333],[88.81093,22.28333],[88.8115,22.28334],[88.81206,22.28336],[88.8126,22.28339],[88.81307,22.28332],[88.81348,22.28321],[88.81389,22.28308],[88.81422,22.28281],[88.81441,22.28239],[88.81451,22.28184],[88.81464,22.28129],[88.81481,22.28082],[88.81496,22.28036],[88.815,22.27986],[88.81502,22.27934],[88.81505,22.27884],[88.81514,22.27836],[88.81525,22.27788],[88.81532,22.27739],[88.81541,22.27687],[88.81539,22.27636],[88.81538,22.27585],[88.81533,22.27531],[88.81529,22.27479],[88.81528,22.27427],[88.81528,22.27375],[88.81528,22.27323],[88.81528,22.27272],[88.81524,22.27223],[88.81514,22.27177],[88.81512,22.27131],[88.81517,22.27083],[88.81528,22.27037],[88.81541,22.2699],[88.81549,22.26943],[88.81551,22.26893],[88.81551,22.26842],[88.81545,22.26794],[88.81528,22.26756],[88.81512,22.26719],[88.81503,22.26679],[88.815,22.26635],[88.815,22.26588],[88.81502,22.26537],[88.81509,22.26485],[88.81528,22.2644],[88.81551,22.26399],[88.81589,22.26371],[88.81633,22.2635],[88.81681,22.26326]]],[[[88.88306,21.74528],[88.88277,21.745],[88.88361,21.745],[88.88389,21.74472],[88.88445,21.74472],[88.88472,21.74444],[88.885,21.74417],[88.88556,21.74417],[88.88639,21.74333],[88.88667,21.74333],[88.88722,21.74278],[88.8875,21.74278],[88.88778,21.7425],[88.88805,21.7425],[88.88834,21.74222],[88.88861,21.74222],[88.88889,21.74195],[88.88917,21.74195],[88.88944,21.74167],[88.88972,21.74167],[88.89056,21.74082],[88.89111,21.74083],[88.89139,21.74056],[88.89167,21.74056],[88.89195,21.74028],[88.89222,21.74028],[88.89333,21.73917],[88.89362,21.73917],[88.89389,21.73889],[88.89417,21.73889],[88.89445,21.73861],[88.89472,21.73861],[88.89584,21.7375],[88.89611,21.7375],[88.89639,21.73722],[88.89667,21.73722],[88.89694,21.73694],[88.89722,21.73694],[88.8975,21.73667],[88.89778,21.73667],[88.89778,21.73639],[88.89806,21.73639],[88.90083,21.73361],[88.90111,21.73361],[88.90139,21.73333],[88.90166,21.73333],[88.90528,21.72972],[88.90556,21.72972],[88.90583,21.72945],[88.90639,21.72945],[88.90667,21.72917],[88.90694,21.72917],[88.9075,21.72861],[88.9086,21.72861],[88.90889,21.72833],[88.90916,21.72833],[88.90945,21.72806],[88.91028,21.72806],[88.91055,21.72778],[88.91111,21.72778],[88.91139,21.7275],[88.91222,21.7275],[88.91389,21.72584],[88.91389,21.72556],[88.91417,21.72528],[88.91417,21.725],[88.91389,21.72472],[88.91389,21.72305],[88.91417,21.72278],[88.91417,21.72167],[88.91444,21.72139],[88.91444,21.72111],[88.91472,21.72083],[88.91472,21.72056],[88.915,21.72028],[88.915,21.72],[88.91528,21.71971],[88.915,21.71944],[88.915,21.71889],[88.91528,21.71861],[88.91528,21.71806],[88.91583,21.7175],[88.91583,21.71694],[88.91612,21.71667],[88.91611,21.71639],[88.91639,21.71611],[88.91639,21.71583],[88.91667,21.71556],[88.91666,21.71528],[88.91695,21.715],[88.91695,21.71472],[88.91722,21.71445],[88.91722,21.7139],[88.9175,21.71361],[88.9175,21.71333],[88.91805,21.71278],[88.91805,21.7125],[88.91944,21.71111],[88.91944,21.71084],[88.92028,21.71],[88.92056,21.71],[88.92333,21.70722],[88.92361,21.70722],[88.92416,21.70667],[88.92472,21.70667],[88.92528,21.70611],[88.92555,21.70611],[88.92583,21.70583],[88.92639,21.70583],[88.92694,21.70528],[88.9275,21.70528],[88.92778,21.705],[88.92834,21.705],[88.92861,21.70471],[88.92889,21.70472],[88.92917,21.70445],[88.92944,21.70445],[88.92973,21.70417],[88.93,21.70417],[88.93027,21.70389],[88.93111,21.70389],[88.93139,21.70361],[88.93166,21.70361],[88.93195,21.70333],[88.93278,21.70333],[88.93305,21.70306],[88.93333,21.70306],[88.93361,21.70278],[88.93389,21.70278],[88.93417,21.7025],[88.93445,21.7025],[88.93472,21.70222],[88.93528,21.70222],[88.93584,21.70167],[88.93611,21.70167],[88.9375,21.70028],[88.9375,21.7],[88.93861,21.6989],[88.93861,21.69861],[88.93916,21.69806],[88.93916,21.69778],[88.93945,21.6975],[88.93945,21.69667],[88.93972,21.69639],[88.93972,21.69611],[88.94,21.69583],[88.94,21.69555],[88.94028,21.69528],[88.94,21.695],[88.94,21.69472],[88.94028,21.69444],[88.94028,21.69417],[88.94055,21.69389],[88.94055,21.69333],[88.94083,21.69306],[88.94083,21.69194],[88.94111,21.69167],[88.94111,21.69111],[88.94167,21.69056],[88.94167,21.69],[88.94195,21.68972],[88.94139,21.68917],[88.94139,21.68778],[88.94076,21.68624],[88.94062,21.68503],[88.9399,21.68382],[88.9394,21.68255],[88.93899,21.68183],[88.9389,21.68167],[88.93868,21.68066],[88.93855,21.67945],[88.93855,21.67865],[88.93833,21.67805],[88.93833,21.67639],[88.93777,21.67583],[88.93777,21.67556],[88.9375,21.67528],[88.9375,21.675],[88.93777,21.67473],[88.9375,21.67444],[88.9375,21.67417],[88.93723,21.67389],[88.93723,21.67306],[88.93694,21.67278],[88.93694,21.67194],[88.93723,21.67167],[88.93694,21.67139],[88.93694,21.67111],[88.93723,21.67111],[88.93723,21.67084],[88.93694,21.67055],[88.93694,21.67028],[88.93639,21.66972],[88.93639,21.66944],[88.93583,21.66889],[88.93583,21.66778],[88.93611,21.66778],[88.93611,21.66722],[88.93584,21.66722],[88.93584,21.66667],[88.93554,21.66639],[88.93554,21.66611],[88.93528,21.66583],[88.93528,21.66556],[88.93472,21.665],[88.93472,21.66389],[88.93445,21.66361],[88.93445,21.66333],[88.93361,21.6625],[88.93361,21.66195],[88.93305,21.66139],[88.93305,21.66083],[88.93278,21.66056],[88.93278,21.66028],[88.9325,21.66],[88.9325,21.65972],[88.93222,21.65945],[88.9315,21.65834],[88.93083,21.65722],[88.93083,21.65694],[88.93028,21.65639],[88.93027,21.65528],[88.93,21.655],[88.93,21.65472],[88.92944,21.65417],[88.92944,21.65389],[88.92917,21.65362],[88.92917,21.65333],[88.92805,21.65222],[88.92805,21.65139],[88.9275,21.65083],[88.9275,21.65028],[88.92722,21.65],[88.92722,21.64972],[88.92611,21.64861],[88.92611,21.6475],[88.92555,21.64694],[88.92555,21.64528],[88.92528,21.645],[88.92528,21.6444],[88.92528,21.64333],[88.925,21.64305],[88.925,21.64222],[88.92472,21.64194],[88.92472,21.64139],[88.92445,21.64111],[88.92445,21.63972],[88.92416,21.63944],[88.92416,21.63861],[88.92389,21.63833],[88.92389,21.63694],[88.92361,21.63667],[88.9236,21.63583],[88.92306,21.63528],[88.92306,21.635],[88.92278,21.63472],[88.92278,21.63417],[88.92233,21.63373],[88.92194,21.63291],[88.92139,21.63278],[88.92083,21.63222],[88.92056,21.63222],[88.92014,21.63208],[88.91946,21.6322],[88.91888,21.63237],[88.91859,21.63264],[88.91776,21.63307],[88.91776,21.63362],[88.91779,21.63445],[88.91779,21.63528],[88.9175,21.63556],[88.9175,21.63611],[88.91722,21.63639],[88.91695,21.63639],[88.91666,21.63667],[88.91639,21.63667],[88.91611,21.63639],[88.91556,21.63639],[88.915,21.63694],[88.91472,21.63694],[88.91444,21.63722],[88.91444,21.6375],[88.91417,21.63778],[88.91388,21.63779],[88.91332,21.63861],[88.91319,21.63862],[88.91319,21.63917],[88.91333,21.63972],[88.91222,21.64083],[88.91194,21.64083],[88.91167,21.64111],[88.91107,21.64116],[88.91084,21.64139],[88.91055,21.64111],[88.91028,21.64111],[88.90945,21.64194],[88.9086,21.64278],[88.90861,21.64305],[88.90833,21.64333],[88.90833,21.64361],[88.90722,21.64472],[88.90722,21.645],[88.90611,21.64611],[88.90611,21.64639],[88.90583,21.64667],[88.90583,21.64695],[88.90556,21.64722],[88.90556,21.6475],[88.90528,21.64778],[88.90528,21.64806],[88.9046,21.64957],[88.90375,21.64996],[88.90028,21.65278],[88.89972,21.65278],[88.89944,21.65306],[88.89917,21.65278],[88.89889,21.65278],[88.89861,21.6525],[88.89833,21.6525],[88.89806,21.65222],[88.89611,21.65222],[88.89584,21.6525],[88.895,21.6525],[88.89472,21.65278],[88.89445,21.65278],[88.89343,21.65421],[88.89278,21.65444],[88.89221,21.65512],[88.89083,21.65611],[88.89027,21.65611],[88.89,21.65639],[88.88973,21.65639],[88.88917,21.65694],[88.88889,21.65694],[88.88778,21.65806],[88.88778,21.65833],[88.8875,21.65861],[88.8875,21.65889],[88.88722,21.65917],[88.88722,21.65945],[88.88667,21.66],[88.88667,21.66028],[88.88583,21.66111],[88.88583,21.66139],[88.88556,21.66167],[88.88556,21.66222],[88.88528,21.6625],[88.88528,21.66279],[88.885,21.66306],[88.885,21.66389],[88.88472,21.66417],[88.88472,21.66444],[88.88445,21.66472],[88.88472,21.665],[88.885,21.665],[88.88528,21.66528],[88.88528,21.66583],[88.88556,21.66611],[88.88556,21.66694],[88.88583,21.66722],[88.88583,21.66778],[88.88556,21.66806],[88.88556,21.66833],[88.88583,21.66861],[88.88583,21.66972],[88.88611,21.67],[88.88528,21.67084],[88.88528,21.67222],[88.88472,21.67278],[88.88472,21.67389],[88.885,21.67417],[88.885,21.67473],[88.88472,21.675],[88.88472,21.67556],[88.88445,21.67583],[88.88445,21.67639],[88.88416,21.67667],[88.88416,21.6775],[88.88389,21.67778],[88.88389,21.67805],[88.88306,21.67889],[88.88306,21.67917],[88.88333,21.67945],[88.88333,21.68028],[88.88306,21.68056],[88.88306,21.68083],[88.88277,21.68111],[88.88277,21.68194],[88.8825,21.68222],[88.8825,21.6825],[88.88223,21.68278],[88.88223,21.68306],[88.88194,21.68333],[88.88194,21.68361],[88.88111,21.68445],[88.88084,21.68445],[88.88055,21.68472],[88.88055,21.68556],[88.88028,21.68583],[88.88028,21.68639],[88.87972,21.68696],[88.87972,21.6875],[88.87917,21.68806],[88.87917,21.68833],[88.87889,21.68861],[88.87889,21.68944],[88.87861,21.68917],[88.87833,21.68917],[88.8775,21.68833],[88.87611,21.68973],[88.87611,21.69056],[88.87556,21.69111],[88.87556,21.69139],[88.875,21.69194],[88.875,21.69222],[88.87472,21.6925],[88.87472,21.69278],[88.87305,21.69444],[88.87305,21.69583],[88.87278,21.69611],[88.87278,21.6975],[88.8725,21.69778],[88.87249,21.69833],[88.87222,21.69861],[88.87222,21.69917],[88.87195,21.69944],[88.87195,21.7025],[88.87167,21.70278],[88.87167,21.70471],[88.87139,21.705],[88.87139,21.70694],[88.87167,21.70722],[88.87167,21.70777],[88.87139,21.70806],[88.87139,21.70944],[88.87167,21.70972],[88.87167,21.71028],[88.87195,21.71056],[88.87195,21.71195],[88.87167,21.71222],[88.87167,21.7125],[88.87186,21.71269],[88.87195,21.71278],[88.87195,21.71288],[88.87195,21.71361],[88.87222,21.71389],[88.87222,21.71472],[88.87249,21.715],[88.87222,21.71528],[88.87222,21.71639],[88.87249,21.71639],[88.87278,21.71667],[88.87278,21.71694],[88.87249,21.71722],[88.87249,21.71778],[88.87278,21.71806],[88.87278,21.71917],[88.87249,21.71944],[88.8725,21.72056],[88.87278,21.72083],[88.87278,21.72111],[88.87305,21.72139],[88.87305,21.72167],[88.87361,21.72222],[88.87361,21.7225],[88.87389,21.72278],[88.87389,21.72333],[88.87417,21.72361],[88.87417,21.72389],[88.87472,21.72444],[88.87473,21.72472],[88.87527,21.72528],[88.87527,21.72584],[88.87556,21.72611],[88.87556,21.72639],[88.87639,21.72722],[88.87639,21.72806],[88.87666,21.72833],[88.87666,21.72861],[88.87695,21.72888],[88.87695,21.72917],[88.87722,21.72944],[88.87722,21.73],[88.8775,21.73028],[88.8775,21.73111],[88.87805,21.73167],[88.87805,21.7325],[88.87778,21.73278],[88.87805,21.73306],[88.87805,21.73333],[88.87834,21.73361],[88.87834,21.73444],[88.87862,21.73472],[88.87862,21.73528],[88.87889,21.73556],[88.87889,21.73611],[88.87945,21.73667],[88.87945,21.73694],[88.87972,21.73722],[88.87972,21.73778],[88.88,21.73806],[88.88,21.73833],[88.88028,21.73861],[88.88,21.73889],[88.88,21.73972],[88.88028,21.74],[88.88028,21.74195],[88.88055,21.74222],[88.88055,21.74278],[88.88084,21.74306],[88.88084,21.74333],[88.88111,21.74361],[88.88111,21.74389],[88.88139,21.74389],[88.88139,21.74444],[88.88223,21.74528],[88.88306,21.74528]]],[[[88.86348,22.16731],[88.86392,22.16724],[88.86435,22.16722],[88.86473,22.16717],[88.86514,22.16699],[88.86566,22.16694],[88.86629,22.16694],[88.86694,22.16699],[88.86754,22.16718],[88.86813,22.16723],[88.86868,22.16731],[88.86916,22.16748],[88.86966,22.16759],[88.87014,22.16775],[88.87064,22.16783],[88.87109,22.16801],[88.87161,22.16805],[88.87215,22.16806],[88.8727,22.16806],[88.87326,22.16805],[88.87595,22.16805],[88.87622,22.16806],[88.87649,22.16806],[88.87704,22.16806],[88.8776,22.16805],[88.87815,22.16801],[88.87864,22.16783],[88.87917,22.16778],[88.87971,22.16774],[88.88021,22.16759],[88.88073,22.16747],[88.88116,22.16723],[88.88159,22.16702],[88.88206,22.16683],[88.88253,22.16663],[88.88297,22.16638],[88.8834,22.16611],[88.88384,22.16583],[88.88432,22.16556],[88.88485,22.16531],[88.88545,22.16509],[88.88609,22.16483],[88.88663,22.16445],[88.88703,22.16395],[88.88745,22.16344],[88.88773,22.16283],[88.88803,22.16225],[88.88834,22.1617],[88.88865,22.16119],[88.889,22.16072],[88.88937,22.16026],[88.88978,22.15979],[88.89023,22.15936],[88.89065,22.15892],[88.89105,22.15852],[88.89135,22.15811],[88.89166,22.1578],[88.89195,22.15749],[88.89223,22.15716],[88.8925,22.15677],[88.89278,22.15633],[88.89306,22.15586],[88.89333,22.15542],[88.89361,22.15504],[88.89387,22.15473],[88.89405,22.15443],[88.8942,22.15413],[88.89436,22.15388],[88.89453,22.15364],[88.89472,22.1534],[88.89491,22.15313],[88.89513,22.15281],[88.89545,22.15247],[88.89584,22.15207],[88.89629,22.15163],[88.89674,22.15115],[88.89722,22.15069],[88.89768,22.15025],[88.89814,22.1498],[88.89864,22.1494],[88.89909,22.14896],[88.89954,22.14853],[88.89994,22.14809],[88.90018,22.14757],[88.90027,22.14696],[88.90033,22.14634],[88.90051,22.14574],[88.90056,22.14503],[88.90063,22.14432],[88.90079,22.14363],[88.90083,22.14292],[88.90083,22.14225],[88.90087,22.14165],[88.90105,22.14114],[88.90112,22.14065],[88.90122,22.14017],[88.90137,22.1397],[88.90149,22.13922],[88.90168,22.13877],[88.9019,22.13835],[88.90205,22.13782],[88.90225,22.13734],[88.9025,22.13694],[88.90272,22.13657],[88.90287,22.13614],[88.90308,22.13569],[88.90336,22.13523],[88.90363,22.13469],[88.9039,22.13416],[88.90417,22.13364],[88.90444,22.13319],[88.90469,22.13279],[88.90487,22.13235],[88.90504,22.13191],[88.90528,22.13145],[88.90556,22.13094],[88.90583,22.13037],[88.90611,22.12979],[88.90643,22.12926],[88.90675,22.12882],[88.90706,22.12848],[88.90728,22.12812],[88.90752,22.12781],[88.90778,22.12752],[88.90802,22.12724],[88.90823,22.12696],[88.90847,22.12671],[88.90876,22.12651],[88.90905,22.12623],[88.90939,22.12589],[88.90979,22.1255],[88.91027,22.12511],[88.91075,22.12464],[88.91119,22.12411],[88.91166,22.12361],[88.91217,22.12313],[88.91273,22.12276],[88.91319,22.12235],[88.91357,22.12193],[88.9139,22.12153],[88.91425,22.12118],[88.91465,22.12088],[88.91499,22.1205],[88.91473,22.12056],[88.91666,22.11861],[88.91666,22.11833],[88.91701,22.11801],[88.91737,22.11763],[88.91772,22.11727],[88.91799,22.11687],[88.91816,22.11642],[88.91836,22.11598],[88.91861,22.11559],[88.91884,22.11518],[88.91902,22.11473],[88.91921,22.11427],[88.91949,22.11384],[88.91979,22.11342],[88.92019,22.11306],[88.92061,22.1127],[88.92095,22.11224],[88.9213,22.11176],[88.92161,22.1113],[88.9218,22.11086],[88.92196,22.1105],[88.92213,22.11023],[88.92225,22.10993],[88.92242,22.10965],[88.92255,22.10929],[88.92275,22.10895],[88.92286,22.10855],[88.92303,22.10813],[88.92313,22.10758],[88.92332,22.10698],[88.92345,22.10628],[88.92358,22.10555],[88.92361,22.10483],[88.92358,22.10416],[88.92342,22.10356],[88.92335,22.10301],[88.92333,22.10253],[88.92329,22.1021],[88.9231,22.10172],[88.92284,22.10133],[88.92268,22.10081],[88.92278,22.1],[88.92241,22.09948],[88.92201,22.09905],[88.92169,22.09864],[88.92141,22.09827],[88.9212,22.09787],[88.92103,22.09743],[88.92082,22.09698],[88.9206,22.09657],[88.92043,22.09612],[88.92025,22.09569],[88.92,22.09532],[88.91972,22.09496],[88.91946,22.09457],[88.91921,22.09414],[88.91894,22.09369],[88.91861,22.09331],[88.91833,22.0929],[88.91805,22.09253],[88.91779,22.09221],[88.91757,22.09189],[88.91735,22.09153],[88.91703,22.0912],[88.91663,22.0909],[88.91618,22.09061],[88.91575,22.0903],[88.91528,22.09005],[88.91471,22.08995],[88.91421,22.08976],[88.91371,22.08964],[88.91325,22.08944],[88.91283,22.08923],[88.91239,22.08906],[88.91195,22.08887],[88.91157,22.08863],[88.91112,22.08848],[88.91068,22.08831],[88.91029,22.08809],[88.90987,22.08799],[88.90958,22.0878],[88.9093,22.08763],[88.90905,22.08748],[88.90879,22.0873],[88.90845,22.08719],[88.90809,22.08702],[88.90765,22.08708],[88.90722,22.08724],[88.90682,22.0875],[88.90641,22.08778],[88.90595,22.08806],[88.90548,22.08833],[88.905,22.08861],[88.90454,22.08889],[88.90407,22.08917],[88.90361,22.08944],[88.90313,22.08967],[88.90259,22.08976],[88.90208,22.08997],[88.9015,22.09007],[88.90092,22.09024],[88.90028,22.09028],[88.8996,22.09028],[88.89894,22.09028],[88.89832,22.09029],[88.89774,22.09035],[88.89723,22.09051],[88.89675,22.09059],[88.89645,22.0908],[88.89629,22.09115],[88.89639,22.09176],[88.89653,22.09238],[88.89668,22.093],[88.89679,22.09359],[88.89673,22.09415],[88.89666,22.09472],[88.8966,22.09531],[88.89646,22.09591],[88.89628,22.09658],[88.89597,22.09724],[88.89552,22.09775],[88.89501,22.09813],[88.89449,22.09814],[88.89395,22.0982],[88.89343,22.09837],[88.89297,22.0986],[88.89256,22.09881],[88.89219,22.09894],[88.89189,22.09908],[88.89158,22.09923],[88.89124,22.0995],[88.89091,22.09991],[88.89066,22.10046],[88.89053,22.10104],[88.8905,22.10164],[88.89056,22.10226],[88.89069,22.10283],[88.8909,22.10337],[88.89114,22.1039],[88.89136,22.1044],[88.89156,22.10491],[88.89174,22.10547],[88.89191,22.10609],[88.89202,22.10677],[88.89211,22.10749],[88.89217,22.10819],[88.89217,22.10886],[88.89214,22.10951],[88.89208,22.1101],[88.89208,22.11062],[88.89216,22.11114],[88.89223,22.11175],[88.89229,22.1123],[88.89246,22.11288],[88.89274,22.11351],[88.89278,22.11417],[88.89278,22.11445],[88.89222,22.11445],[88.89195,22.11417],[88.89195,22.11361],[88.89183,22.11343],[88.89181,22.11283],[88.8917,22.1123],[88.8916,22.11178],[88.89149,22.11129],[88.89148,22.11078],[88.89149,22.11026],[88.89141,22.10979],[88.89134,22.10931],[88.89127,22.10881],[88.89114,22.10833],[88.89108,22.10783],[88.89104,22.10732],[88.89097,22.10682],[88.89087,22.1063],[88.89079,22.10582],[88.89066,22.10533],[88.89053,22.10481],[88.89038,22.10428],[88.89018,22.10376],[88.88994,22.1033],[88.88972,22.10285],[88.88954,22.10242],[88.88949,22.10198],[88.88951,22.10152],[88.88961,22.10105],[88.88969,22.10055],[88.88974,22.1],[88.88989,22.09947],[88.89031,22.09898],[88.89088,22.09859],[88.89147,22.09825],[88.89205,22.09796],[88.89262,22.0977],[88.89322,22.09748],[88.89391,22.09729],[88.89445,22.09711],[88.89485,22.09683],[88.89518,22.09642],[88.89542,22.0959],[88.89552,22.0953],[88.89555,22.09468],[88.89555,22.09404],[88.89555,22.0934],[88.89554,22.09275],[88.89548,22.09213],[88.89527,22.09166],[88.89497,22.09122],[88.89455,22.09085],[88.894,22.0906],[88.89333,22.0905],[88.89263,22.09034],[88.89188,22.09023],[88.89123,22.08999],[88.89061,22.08972],[88.89002,22.08945],[88.88944,22.08917],[88.88889,22.08889],[88.88835,22.0886],[88.88786,22.08826],[88.88742,22.08786],[88.88692,22.08753],[88.8864,22.08724],[88.8859,22.08695],[88.88538,22.08671],[88.88485,22.08655],[88.8844,22.0863],[88.88388,22.0861],[88.88335,22.08589],[88.8828,22.08579],[88.88226,22.08563],[88.88159,22.08557],[88.8813,22.08556],[88.88086,22.08556],[88.88026,22.08561],[88.87973,22.08579],[88.87921,22.08585],[88.87876,22.08597],[88.87836,22.08612],[88.87796,22.08631],[88.87748,22.08644],[88.87699,22.08663],[88.87648,22.08671],[88.87604,22.0869],[88.87554,22.08698],[88.87509,22.08712],[88.8746,22.08721],[88.87413,22.08729],[88.87367,22.08746],[88.87316,22.08753],[88.87272,22.08768],[88.87225,22.08781],[88.87186,22.08803],[88.87147,22.08826],[88.87107,22.08849],[88.87061,22.08867],[88.87019,22.0889],[88.8698,22.08916],[88.86937,22.08943],[88.86891,22.08971],[88.86845,22.09],[88.86801,22.09033],[88.86764,22.0907],[88.86727,22.09104],[88.86679,22.09126],[88.86633,22.09146],[88.86591,22.09168],[88.8655,22.09194],[88.86504,22.09219],[88.86455,22.09249],[88.864,22.09279],[88.86343,22.09313],[88.86293,22.09356],[88.86236,22.09394],[88.86183,22.09438],[88.86124,22.09475],[88.86071,22.09514],[88.86025,22.0956],[88.85986,22.09607],[88.85944,22.09648],[88.859,22.09684],[88.85854,22.09718],[88.85806,22.0975],[88.85758,22.09785],[88.85715,22.09825],[88.8567,22.09862],[88.85632,22.09907],[88.85587,22.09947],[88.85542,22.09986],[88.85497,22.10024],[88.85452,22.10062],[88.8541,22.10107],[88.85366,22.10148],[88.85327,22.10194],[88.85289,22.1024],[88.85254,22.10285],[88.85223,22.10331],[88.85194,22.10373],[88.85166,22.10408],[88.8514,22.10438],[88.85117,22.10467],[88.851,22.105],[88.85084,22.10533],[88.85071,22.10567],[88.85055,22.106],[88.85037,22.10632],[88.85024,22.10668],[88.85004,22.10697],[88.84999,22.10735],[88.84991,22.10771],[88.84976,22.10803],[88.84972,22.10839],[88.84972,22.10879],[88.84973,22.10921],[88.84972,22.10963],[88.84973,22.11007],[88.84972,22.11051],[88.84968,22.11095],[88.84953,22.11138],[88.84966,22.1118],[88.84972,22.11223],[88.84973,22.11267],[88.84973,22.11311],[88.84973,22.11355],[88.84973,22.114],[88.84968,22.11442],[88.84949,22.11477],[88.84944,22.11516],[88.8494,22.11552],[88.84924,22.1158],[88.84915,22.11616],[88.84904,22.11651],[88.8489,22.11687],[88.84882,22.11725],[88.84864,22.11753],[88.84853,22.11784],[88.84833,22.11807],[88.84811,22.11834],[88.84786,22.11866],[88.84763,22.11905],[88.84742,22.11952],[88.84719,22.11998],[88.84694,22.12043],[88.84668,22.12086],[88.84646,22.1213],[88.84618,22.12165],[88.84586,22.12196],[88.84552,22.12226],[88.8452,22.12257],[88.84486,22.12289],[88.84438,22.12312],[88.84392,22.12335],[88.84348,22.12361],[88.84304,22.12386],[88.84253,22.12401],[88.84205,22.12419],[88.84161,22.12442],[88.84109,22.12458],[88.84054,22.1247],[88.83992,22.12475],[88.83927,22.12488],[88.83862,22.125],[88.83798,22.1251],[88.83737,22.12523],[88.83679,22.12528],[88.83625,22.12528],[88.83575,22.12532],[88.83532,22.12548],[88.83485,22.12555],[88.83438,22.12561],[88.83398,22.12577],[88.83349,22.12584],[88.83299,22.12592],[88.83252,22.12607],[88.83203,22.12617],[88.83168,22.12637],[88.83136,22.12657],[88.83107,22.12673],[88.83086,22.12691],[88.8307,22.12708],[88.83059,22.12732],[88.83057,22.12762],[88.83062,22.12795],[88.83076,22.1283],[88.83092,22.12873],[88.83112,22.12918],[88.83135,22.12957],[88.83157,22.12991],[88.83182,22.13025],[88.83218,22.13054],[88.8327,22.13076],[88.83332,22.13083],[88.83399,22.1308],[88.83457,22.13065],[88.83504,22.13042],[88.83544,22.13056],[88.83583,22.13079],[88.83629,22.13086],[88.83671,22.13101],[88.83716,22.13113],[88.83761,22.13133],[88.83814,22.13149],[88.83866,22.13171],[88.83922,22.13195],[88.8398,22.13223],[88.84039,22.1325],[88.84101,22.13277],[88.84162,22.133],[88.84219,22.13317],[88.84261,22.13335],[88.8429,22.13356],[88.84317,22.13372],[88.84351,22.13392],[88.84392,22.13419],[88.84437,22.13452],[88.84478,22.13494],[88.84519,22.13535],[88.84554,22.13582],[88.84586,22.13629],[88.84618,22.13673],[88.84653,22.13709],[88.84692,22.1374],[88.84725,22.13773],[88.84759,22.13802],[88.84799,22.13824],[88.84853,22.13836],[88.84908,22.13856],[88.84971,22.13862],[88.85037,22.13872],[88.85103,22.13886],[88.8517,22.13889],[88.85236,22.13889],[88.853,22.13889],[88.85359,22.13893],[88.85413,22.13912],[88.85471,22.13917],[88.85528,22.13922],[88.85578,22.1394],[88.8563,22.13948],[88.85676,22.13965],[88.85723,22.13976],[88.85763,22.13998],[88.85805,22.14018],[88.85846,22.14042],[88.8588,22.14074],[88.85911,22.14109],[88.85943,22.14139],[88.8597,22.14165],[88.85992,22.14189],[88.86008,22.14217],[88.86025,22.14245],[88.86032,22.14282],[88.8605,22.14321],[88.86058,22.14365],[88.86073,22.14408],[88.86082,22.14454],[88.86083,22.14503],[88.86083,22.1455],[88.86083,22.14597],[88.86083,22.14642],[88.86081,22.14684],[88.86069,22.14722],[88.86055,22.14759],[88.86038,22.14797],[88.86024,22.14838],[88.86,22.14873],[88.85971,22.14907],[88.8594,22.14941],[88.85905,22.1497],[88.85866,22.14994],[88.85822,22.15012],[88.8578,22.1503],[88.85739,22.15055],[88.85699,22.15077],[88.85659,22.15094],[88.85635,22.15116],[88.85618,22.15134],[88.85612,22.1516],[88.85611,22.15189],[88.85615,22.15224],[88.8563,22.15262],[88.85638,22.15314],[88.85644,22.15378],[88.85662,22.15447],[88.85662,22.15515],[88.85641,22.15573],[88.85622,22.15629],[88.85608,22.15685],[88.85583,22.15733],[88.85551,22.15778],[88.85509,22.15813],[88.85468,22.1585],[88.85425,22.15878],[88.85375,22.15894],[88.85329,22.15917],[88.85288,22.15944],[88.85249,22.15971],[88.85212,22.15998],[88.85174,22.16022],[88.8514,22.16048],[88.8511,22.16075],[88.85082,22.16103],[88.85052,22.16132],[88.85018,22.16162],[88.84979,22.16191],[88.84944,22.16235],[88.8491,22.16285],[88.8488,22.16344],[88.84859,22.1641],[88.84837,22.16474],[88.84828,22.16536],[88.8481,22.16589],[88.84806,22.16643],[88.84808,22.16693],[88.84821,22.16738],[88.84832,22.16781],[88.84841,22.16823],[88.84861,22.16858],[88.84885,22.16889],[88.84911,22.16917],[88.84939,22.16942],[88.84974,22.1696],[88.85014,22.16975],[88.85055,22.16995],[88.85105,22.17],[88.8516,22.17004],[88.85216,22.17019],[88.85276,22.17026],[88.85338,22.17023],[88.85393,22.17004],[88.8545,22.16996],[88.855,22.16977],[88.85558,22.16972],[88.85616,22.16964],[88.85673,22.16947],[88.85731,22.16934],[88.85783,22.16915],[88.85832,22.16894],[88.85889,22.16885],[88.8594,22.16865],[88.85988,22.16854],[88.86026,22.16835],[88.86067,22.16822],[88.86106,22.16805],[88.86144,22.16788],[88.86185,22.16776],[88.86224,22.16762],[88.86263,22.1675],[88.86301,22.16738],[88.86348,22.16731]]],[[[88.85611,21.86528],[88.85694,21.86444],[88.85722,21.86445],[88.8575,21.86417],[88.85749,21.86361],[88.85722,21.86361],[88.85722,21.86333],[88.85667,21.86278],[88.85667,21.8625],[88.85639,21.86222],[88.85639,21.86195],[88.85611,21.86167],[88.85611,21.8614],[88.85583,21.86111],[88.85583,21.86056],[88.85555,21.86028],[88.85555,21.85944],[88.85528,21.85917],[88.85528,21.85806],[88.85555,21.85778],[88.85555,21.85722],[88.85631,21.85647],[88.85667,21.85611],[88.85694,21.85611],[88.8575,21.85556],[88.85778,21.85556],[88.85806,21.85527],[88.85861,21.85528],[88.85889,21.855],[88.85917,21.855],[88.85944,21.85472],[88.86028,21.85472],[88.86056,21.85444],[88.86166,21.85444],[88.86195,21.85417],[88.86222,21.85417],[88.86237,21.85431],[88.8625,21.85444],[88.86352,21.85444],[88.865,21.85444],[88.86528,21.85417],[88.86584,21.85417],[88.86611,21.85389],[88.86668,21.85389],[88.86694,21.85361],[88.86723,21.85361],[88.8675,21.85333],[88.86861,21.85333],[88.86889,21.85306],[88.86916,21.85306],[88.86945,21.85278],[88.87083,21.85278],[88.87111,21.8525],[88.87195,21.8525],[88.87222,21.85278],[88.87305,21.85278],[88.87334,21.85306],[88.87417,21.85306],[88.87444,21.85333],[88.87472,21.85333],[88.875,21.85306],[88.87556,21.85306],[88.87583,21.85278],[88.87611,21.85278],[88.87722,21.85167],[88.87695,21.85139],[88.87722,21.85111],[88.87722,21.85083],[88.87695,21.85056],[88.87695,21.85028],[88.87639,21.84972],[88.87639,21.84945],[88.87611,21.84917],[88.87611,21.84889],[88.87583,21.84861],[88.87583,21.84847],[88.87583,21.84806],[88.87556,21.84778],[88.87556,21.84667],[88.87527,21.84639],[88.87527,21.84611],[88.875,21.84583],[88.875,21.84556],[88.87527,21.84556],[88.87527,21.84528],[88.87611,21.84444],[88.87612,21.84389],[88.87639,21.84361],[88.87639,21.84306],[88.87666,21.84278],[88.87666,21.8425],[88.87695,21.84222],[88.87695,21.83833],[88.87722,21.83806],[88.87722,21.83695],[88.8775,21.83667],[88.8775,21.83639],[88.87778,21.83611],[88.87778,21.835],[88.87805,21.83472],[88.87805,21.83389],[88.87833,21.83361],[88.87833,21.83333],[88.87863,21.8328],[88.88,21.83139],[88.88,21.83056],[88.88028,21.83028],[88.88028,21.82889],[88.88,21.82861],[88.88,21.82778],[88.87972,21.8275],[88.87972,21.82667],[88.87945,21.82639],[88.87945,21.82556],[88.87925,21.82513],[88.87917,21.825],[88.87917,21.82417],[88.87889,21.82389],[88.87889,21.82306],[88.87862,21.82278],[88.87862,21.82223],[88.87889,21.82195],[88.87889,21.82],[88.87889,21.81992],[88.87889,21.81972],[88.87945,21.81917],[88.87945,21.81861],[88.88055,21.8175],[88.88055,21.81722],[88.88223,21.81556],[88.88223,21.81528],[88.88306,21.81444],[88.88306,21.81417],[88.88333,21.81389],[88.88306,21.81361],[88.88333,21.81361],[88.88333,21.81306],[88.88306,21.81278],[88.88306,21.81222],[88.8825,21.81167],[88.8825,21.81139],[88.88194,21.81083],[88.88194,21.81056],[88.88168,21.81029],[88.88168,21.81],[88.88028,21.80861],[88.88028,21.80833],[88.87972,21.80778],[88.87972,21.8075],[88.88,21.80722],[88.88,21.80584],[88.88055,21.80528],[88.88055,21.80472],[88.88084,21.80444],[88.88084,21.80416],[88.88111,21.80389],[88.88111,21.80194],[88.88139,21.80167],[88.88139,21.80112],[88.88168,21.80083],[88.88167,21.80056],[88.88194,21.80028],[88.88194,21.79833],[88.88223,21.79806],[88.88223,21.79722],[88.8825,21.79694],[88.8825,21.79667],[88.88306,21.79611],[88.88306,21.79583],[88.88445,21.79445],[88.88445,21.79417],[88.88528,21.79333],[88.88528,21.79278],[88.88583,21.79222],[88.88583,21.79195],[88.88778,21.79],[88.88805,21.79],[88.89139,21.78667],[88.89139,21.78639],[88.89194,21.78639],[88.89278,21.78555],[88.89306,21.78556],[88.89389,21.78472],[88.89389,21.78445],[88.89528,21.78306],[88.89555,21.78306],[88.89694,21.78167],[88.89694,21.78139],[88.89722,21.78111],[88.89722,21.78083],[88.89778,21.78028],[88.89778,21.77889],[88.89806,21.77861],[88.89806,21.77833],[88.8975,21.77778],[88.8975,21.7775],[88.89694,21.77695],[88.89694,21.77667],[88.89611,21.77583],[88.89611,21.77555],[88.89584,21.77528],[88.89584,21.77472],[88.89555,21.77444],[88.89555,21.77433],[88.89555,21.77389],[88.89528,21.77361],[88.89528,21.77269],[88.89528,21.7725],[88.895,21.77222],[88.895,21.77194],[88.89445,21.77139],[88.89445,21.77111],[88.89389,21.77056],[88.89389,21.77028],[88.89362,21.77],[88.89361,21.76972],[88.89333,21.76944],[88.89333,21.76889],[88.89306,21.76861],[88.89306,21.76806],[88.89278,21.76778],[88.89278,21.76722],[88.8925,21.76695],[88.8925,21.76583],[88.89222,21.76556],[88.89222,21.76444],[88.89139,21.76361],[88.89139,21.76278],[88.89111,21.7625],[88.89111,21.76],[88.89083,21.75972],[88.89083,21.75833],[88.89111,21.75806],[88.89111,21.755],[88.89139,21.75472],[88.89139,21.75361],[88.89194,21.75307],[88.89194,21.75278],[88.8925,21.75222],[88.8925,21.75139],[88.89306,21.75083],[88.89361,21.75083],[88.89389,21.75055],[88.89389,21.75028],[88.89555,21.74861],[88.89611,21.74861],[88.89694,21.74778],[88.89722,21.74778],[88.89778,21.74722],[88.89806,21.74722],[88.89833,21.74694],[88.89889,21.74694],[88.89917,21.74667],[88.9,21.74667],[88.9,21.74639],[88.90028,21.74639],[88.90047,21.74658],[88.90056,21.74667],[88.90111,21.74667],[88.90139,21.74639],[88.90279,21.74639],[88.90305,21.74611],[88.90722,21.74611],[88.9075,21.74639],[88.90806,21.74639],[88.90861,21.74694],[88.90889,21.74694],[88.909,21.74705],[88.90916,21.74722],[88.90945,21.74694],[88.91055,21.74694],[88.91084,21.74722],[88.91139,21.74722],[88.91166,21.7475],[88.91389,21.7475],[88.91417,21.74778],[88.91611,21.74778],[88.91639,21.7475],[88.91722,21.7475],[88.9175,21.74722],[88.91778,21.74722],[88.92003,21.74497],[88.92139,21.74361],[88.92139,21.74333],[88.92167,21.74306],[88.92167,21.74278],[88.92194,21.7425],[88.92139,21.74195],[88.92111,21.74195],[88.92139,21.74167],[88.92111,21.74139],[88.92111,21.74055],[88.92083,21.74028],[88.92083,21.74],[88.92028,21.73944],[88.92,21.73945],[88.91972,21.73917],[88.91972,21.73889],[88.91889,21.73807],[88.91889,21.73722],[88.91861,21.73694],[88.91861,21.73667],[88.91833,21.73639],[88.91833,21.73611],[88.91779,21.73556],[88.91779,21.73528],[88.91695,21.73444],[88.91695,21.73417],[88.91666,21.73389],[88.91666,21.73361],[88.91612,21.73306],[88.91611,21.7325],[88.91583,21.73222],[88.91612,21.73195],[88.91612,21.73167],[88.91638,21.7314],[88.91556,21.73056],[88.91556,21.73028],[88.91528,21.73],[88.91528,21.72917],[88.91444,21.72833],[88.91389,21.72833],[88.91333,21.72778],[88.9125,21.72861],[88.91139,21.72861],[88.91111,21.72889],[88.91084,21.72888],[88.91055,21.72917],[88.91028,21.72917],[88.91,21.72945],[88.90945,21.72945],[88.90916,21.72972],[88.90889,21.72972],[88.9086,21.73],[88.90778,21.73],[88.9075,21.73028],[88.90722,21.73028],[88.90694,21.73056],[88.90667,21.73056],[88.90639,21.73083],[88.90611,21.73083],[88.90556,21.7314],[88.90556,21.73167],[88.90528,21.73167],[88.905,21.73195],[88.905,21.73222],[88.90444,21.73278],[88.90417,21.73278],[88.90361,21.73333],[88.90333,21.73333],[88.90305,21.73361],[88.90278,21.73361],[88.90212,21.73428],[88.90083,21.73556],[88.90056,21.73556],[88.89972,21.73639],[88.89944,21.73639],[88.89833,21.7375],[88.89806,21.7375],[88.8975,21.73807],[88.89722,21.73807],[88.89667,21.73861],[88.89639,21.73861],[88.89584,21.73917],[88.89555,21.73917],[88.895,21.73972],[88.89472,21.73972],[88.89417,21.74028],[88.89389,21.74028],[88.89361,21.74056],[88.89333,21.74056],[88.89278,21.74111],[88.8925,21.74111],[88.89194,21.74167],[88.89167,21.74167],[88.89111,21.74222],[88.89083,21.74222],[88.89056,21.7425],[88.89027,21.7425],[88.89,21.74278],[88.88973,21.74278],[88.88917,21.74333],[88.88889,21.74333],[88.88861,21.74361],[88.88834,21.74361],[88.88805,21.74389],[88.88778,21.74388],[88.8875,21.74417],[88.88722,21.74417],[88.88667,21.74472],[88.88639,21.74472],[88.88611,21.745],[88.88583,21.745],[88.88528,21.74556],[88.88472,21.74556],[88.88445,21.74583],[88.88389,21.74583],[88.88361,21.74611],[88.88306,21.74611],[88.88277,21.74639],[88.88223,21.74639],[88.88139,21.74722],[88.88111,21.74722],[88.88028,21.74806],[88.88028,21.74833],[88.87945,21.74917],[88.87945,21.75055],[88.87917,21.75083],[88.87972,21.75139],[88.87972,21.75306],[88.87945,21.75334],[88.87945,21.75485],[88.87945,21.755],[88.87932,21.75513],[88.87917,21.75528],[88.87917,21.75545],[88.87917,21.75722],[88.87889,21.7575],[88.87889,21.75778],[88.87917,21.75778],[88.87917,21.75861],[88.87889,21.75889],[88.87889,21.75945],[88.87861,21.75972],[88.87862,21.76083],[88.87833,21.76111],[88.87834,21.76194],[88.87805,21.76222],[88.87805,21.76278],[88.87778,21.76306],[88.87778,21.76417],[88.8775,21.76445],[88.8775,21.76472],[88.87722,21.76501],[88.87722,21.76528],[88.87695,21.76556],[88.87695,21.76583],[88.87627,21.76722],[88.87583,21.76789],[88.87527,21.76872],[88.87485,21.76913],[88.87305,21.77055],[88.87263,21.77081],[88.87167,21.77139],[88.87139,21.77193],[88.86972,21.77306],[88.86916,21.77319],[88.86889,21.77333],[88.86861,21.77353],[88.86806,21.77389],[88.86777,21.77389],[88.8675,21.77418],[88.86723,21.77444],[88.86694,21.77444],[88.86659,21.77471],[88.86625,21.77499],[88.86611,21.77513],[88.86569,21.7754],[88.86535,21.77547],[88.86459,21.77611],[88.86417,21.77667],[88.86389,21.77667],[88.86333,21.77722],[88.86333,21.7775],[88.8635,21.77766],[88.86362,21.77778],[88.86417,21.77778],[88.86444,21.77806],[88.86472,21.77805],[88.865,21.77833],[88.865,21.77861],[88.86444,21.77917],[88.86417,21.77917],[88.86362,21.77861],[88.86305,21.77861],[88.8625,21.77806],[88.86222,21.77806],[88.86194,21.77791],[88.86083,21.77811],[88.86055,21.77832],[88.86042,21.77846],[88.86015,21.77867],[88.85979,21.77874],[88.85944,21.77861],[88.85889,21.77875],[88.85833,21.77889],[88.85778,21.77889],[88.85749,21.77917],[88.85639,21.77917],[88.85611,21.77944],[88.85555,21.77944],[88.85528,21.77972],[88.8525,21.77972],[88.85222,21.78],[88.84973,21.78],[88.84944,21.77972],[88.84917,21.77972],[88.84889,21.77944],[88.84778,21.77944],[88.84751,21.77972],[88.84472,21.77972],[88.84444,21.78],[88.84401,21.77957],[88.84389,21.77944],[88.84389,21.77917],[88.84306,21.77917],[88.84278,21.77944],[88.84222,21.77944],[88.84194,21.77972],[88.84111,21.77972],[88.84084,21.78],[88.83972,21.77999],[88.83945,21.78028],[88.83889,21.78028],[88.83861,21.78056],[88.83778,21.78056],[88.8375,21.78084],[88.83638,21.78083],[88.83611,21.78111],[88.83556,21.78111],[88.835,21.78167],[88.835,21.78361],[88.83528,21.78389],[88.83528,21.78445],[88.83556,21.78472],[88.83556,21.78528],[88.83583,21.78556],[88.83583,21.78583],[88.83606,21.78606],[88.83638,21.78639],[88.83638,21.78667],[88.83667,21.78695],[88.83667,21.78778],[88.83695,21.78806],[88.83694,21.78833],[88.83722,21.78861],[88.83722,21.78889],[88.8375,21.78917],[88.8375,21.78944],[88.83758,21.78952],[88.83778,21.78972],[88.83778,21.78983],[88.83778,21.79],[88.83806,21.79028],[88.83806,21.79056],[88.83833,21.79083],[88.83833,21.79111],[88.83861,21.79139],[88.83861,21.79167],[88.83889,21.79195],[88.83889,21.79333],[88.83916,21.79361],[88.83917,21.79445],[88.83945,21.79472],[88.83945,21.79556],[88.83972,21.79583],[88.83972,21.79806],[88.84,21.79833],[88.84,21.79861],[88.84028,21.79889],[88.84028,21.8],[88.84055,21.80028],[88.84055,21.8025],[88.84084,21.80278],[88.84084,21.80528],[88.84111,21.80555],[88.84111,21.80722],[88.84139,21.8075],[88.84139,21.81278],[88.84111,21.81306],[88.84111,21.81333],[88.84139,21.81361],[88.84139,21.81528],[88.84111,21.81556],[88.84111,21.81611],[88.84139,21.81611],[88.84055,21.81694],[88.84055,21.81778],[88.84028,21.81806],[88.84028,21.81833],[88.84055,21.81861],[88.84055,21.81917],[88.84028,21.81945],[88.84028,21.81972],[88.84055,21.82],[88.84028,21.82028],[88.84028,21.82111],[88.84,21.82139],[88.84,21.82195],[88.84028,21.82223],[88.84028,21.82306],[88.84,21.82333],[88.84,21.825],[88.83972,21.82528],[88.83972,21.82583],[88.83945,21.82611],[88.83945,21.82639],[88.83917,21.82667],[88.83917,21.82722],[88.83945,21.82722],[88.83889,21.82778],[88.83917,21.82806],[88.83916,21.82861],[88.83889,21.82889],[88.83889,21.8311],[88.83861,21.83139],[88.83861,21.83194],[88.83833,21.83222],[88.83833,21.83361],[88.83806,21.83389],[88.83806,21.83445],[88.83833,21.83444],[88.83778,21.835],[88.83778,21.83556],[88.8375,21.83583],[88.8375,21.83778],[88.83722,21.83805],[88.83722,21.84139],[88.8375,21.84167],[88.8375,21.8425],[88.83722,21.8425],[88.83722,21.84306],[88.8375,21.84333],[88.8375,21.84389],[88.83778,21.84417],[88.83778,21.84445],[88.83806,21.84472],[88.83806,21.84556],[88.83833,21.84583],[88.83833,21.84639],[88.83861,21.84667],[88.83861,21.84722],[88.83889,21.8475],[88.83889,21.84806],[88.83917,21.84833],[88.83916,21.84861],[88.84,21.84945],[88.84,21.84972],[88.84055,21.85028],[88.84084,21.85028],[88.84055,21.85056],[88.84111,21.85111],[88.84111,21.85139],[88.84278,21.85306],[88.84278,21.85333],[88.84417,21.85472],[88.84417,21.855],[88.84444,21.85527],[88.84444,21.85556],[88.84555,21.85667],[88.84555,21.85695],[88.84639,21.85778],[88.84639,21.85806],[88.84722,21.85889],[88.84751,21.85889],[88.84833,21.85972],[88.84861,21.85972],[88.85139,21.8625],[88.85139,21.86278],[88.85194,21.86333],[88.85194,21.86361],[88.85222,21.86389],[88.85222,21.86417],[88.85306,21.865],[88.85333,21.865],[88.85361,21.86528],[88.85611,21.86528]]],[[[88.98449,21.70569],[88.98509,21.70555],[88.98528,21.70556],[88.98556,21.70528],[88.98583,21.70528],[88.98681,21.7043],[88.98944,21.70167],[88.98944,21.7014],[88.98944,21.70111],[88.98972,21.70083],[88.98972,21.7],[88.99001,21.69972],[88.99,21.69805],[88.99028,21.69778],[88.99028,21.6975],[88.99001,21.69722],[88.99,21.69555],[88.99028,21.69528],[88.99001,21.695],[88.99,21.69444],[88.98972,21.69417],[88.98972,21.69361],[88.98944,21.69333],[88.98944,21.69306],[88.98972,21.69277],[88.98944,21.6925],[88.9895,21.69225],[88.98989,21.69212],[88.99017,21.69181],[88.99039,21.69137],[88.9906,21.69088],[88.99084,21.69043],[88.99107,21.69003],[88.99127,21.6897],[88.99143,21.68939],[88.99161,21.68909],[88.99172,21.68872],[88.99185,21.68834],[88.99198,21.68793],[88.99217,21.6875],[88.99194,21.68722],[88.9925,21.68667],[88.9925,21.68639],[88.99223,21.68611],[88.99223,21.68472],[88.99194,21.68445],[88.99194,21.68361],[88.99139,21.68306],[88.99139,21.6825],[88.99167,21.68222],[88.99167,21.68],[88.99194,21.67972],[88.99194,21.67889],[88.99223,21.67861],[88.99223,21.67833],[88.9925,21.67806],[88.9925,21.67778],[88.99333,21.67694],[88.99333,21.67611],[88.99307,21.67583],[88.99361,21.67528],[88.99333,21.675],[88.99333,21.67473],[88.99361,21.67444],[88.99361,21.67389],[88.99389,21.67361],[88.99389,21.67306],[88.99361,21.67278],[88.99361,21.67194],[88.99333,21.67111],[88.9925,21.67028],[88.99092,21.66966],[88.99064,21.66939],[88.98935,21.66845],[88.98889,21.66722],[88.98791,21.6663],[88.98734,21.66483],[88.98705,21.66105],[88.9869,21.65783],[88.98719,21.65593],[88.98762,21.65433],[88.98791,21.65298],[88.98834,21.65218],[88.9886,21.65188],[88.99045,21.65033],[88.99084,21.65],[88.99315,21.64925],[88.9943,21.64898],[88.99545,21.64903],[88.99599,21.64909],[88.99611,21.64917],[88.99639,21.64904],[88.99861,21.64945],[88.99889,21.64945],[89,21.64944],[89.0004,21.64969],[89.00081,21.6497],[89.00124,21.64972],[89.00166,21.64972],[89.00208,21.64972],[89.00249,21.64973],[89.00281,21.64964],[89.00327,21.64967],[89.0039,21.64973],[89.00432,21.6498],[89.00459,21.64993],[89.00538,21.65],[89.0058,21.65],[89.00622,21.65],[89.00662,21.65004],[89.00707,21.65002],[89.00722,21.65008],[89.00772,21.65008],[89.00788,21.65016],[89.008,21.65022],[89.00836,21.65029],[89.00858,21.65029],[89.00901,21.65042],[89.00929,21.65042],[89.00939,21.65045],[89.00952,21.65049],[89.0098,21.65045],[89.01015,21.65056],[89.01037,21.65056],[89.01073,21.65062],[89.01094,21.65076],[89.0113,21.65103],[89.01158,21.65123],[89.0118,21.65123],[89.01209,21.6513],[89.01223,21.65136],[89.01266,21.65143],[89.0128,21.6515],[89.01308,21.65156],[89.01331,21.6517],[89.01402,21.6521],[89.01437,21.65244],[89.01466,21.65264],[89.01488,21.65291],[89.01509,21.65311],[89.01538,21.65331],[89.01559,21.65338],[89.01588,21.65338],[89.01602,21.65358],[89.01631,21.65392],[89.01659,21.65412],[89.01674,21.65432],[89.01703,21.65452],[89.0174,21.65493],[89.01761,21.655],[89.01798,21.65512],[89.01826,21.6552],[89.01897,21.65527],[89.0194,21.65533],[89.01994,21.65525],[89.02032,21.65503],[89.02074,21.65492],[89.02115,21.65476],[89.02159,21.65471],[89.02205,21.6546],[89.02244,21.65436],[89.02276,21.65403],[89.02305,21.65359],[89.02334,21.65314],[89.02361,21.65273],[89.02349,21.65236],[89.02313,21.65209],[89.02292,21.65122],[89.02277,21.65081],[89.02278,21.64933],[89.0222,21.64853],[89.0222,21.64732],[89.02213,21.64692],[89.02198,21.64624],[89.02191,21.64584],[89.02176,21.64527],[89.0217,21.64476],[89.02163,21.64416],[89.02134,21.64355],[89.02127,21.64308],[89.02119,21.64227],[89.02127,21.6416],[89.02134,21.64113],[89.02134,21.64079],[89.02141,21.63985],[89.02141,21.63953],[89.02141,21.63906],[89.02177,21.63833],[89.02194,21.63798],[89.02205,21.63778],[89.02219,21.63717],[89.02226,21.6365],[89.02234,21.6361],[89.0227,21.63563],[89.02277,21.63522],[89.02298,21.63482],[89.02312,21.63462],[89.02341,21.63415],[89.02355,21.63388],[89.0237,21.63341],[89.02423,21.6324],[89.02439,21.63198],[89.02459,21.63153],[89.02485,21.63111],[89.02514,21.63071],[89.0255,21.63032],[89.02583,21.62989],[89.02618,21.62947],[89.02654,21.62912],[89.02666,21.62897],[89.02682,21.62877],[89.02715,21.62855],[89.02743,21.62831],[89.02766,21.62808],[89.02792,21.62791],[89.02818,21.62779],[89.0284,21.62773],[89.02857,21.6276],[89.02879,21.62751],[89.02911,21.62747],[89.02953,21.62733],[89.03004,21.62724],[89.03062,21.62719],[89.03117,21.62703],[89.03167,21.62692],[89.03207,21.62671],[89.03245,21.62657],[89.0328,21.62637],[89.03312,21.62616],[89.0335,21.62595],[89.03393,21.62571],[89.03445,21.62549],[89.03501,21.62526],[89.03576,21.62465],[89.03605,21.62424],[89.03626,21.62384],[89.03633,21.6235],[89.03641,21.62317],[89.03648,21.62283],[89.03648,21.62148],[89.03642,21.6212],[89.03637,21.62097],[89.03615,21.62077],[89.03601,21.62064],[89.03586,21.6203],[89.03586,21.62016],[89.03615,21.61996],[89.03629,21.61983],[89.03665,21.61976],[89.0368,21.61951],[89.03708,21.61901],[89.03735,21.61857],[89.03749,21.61813],[89.03754,21.61761],[89.03754,21.6166],[89.03748,21.61613],[89.0374,21.61552],[89.03725,21.61485],[89.03725,21.61458],[89.03661,21.61356],[89.03638,21.61331],[89.03601,21.61281],[89.03564,21.61235],[89.03534,21.61191],[89.0351,21.61158],[89.03503,21.6115],[89.03472,21.61109],[89.03439,21.61065],[89.034,21.61024],[89.03364,21.60983],[89.03328,21.60941],[89.03293,21.60902],[89.03258,21.60867],[89.03141,21.60798],[89.03105,21.60765],[89.03049,21.60718],[89.03004,21.60684],[89.02976,21.6065],[89.02948,21.6061],[89.02905,21.60509],[89.02876,21.60482],[89.02832,21.60487],[89.0276,21.60493],[89.02703,21.60493],[89.0261,21.60453],[89.02574,21.60426],[89.02545,21.60399],[89.02502,21.60386],[89.02438,21.60353],[89.02395,21.60332],[89.02345,21.60312],[89.02274,21.60292],[89.02238,21.60278],[89.02159,21.60265],[89.0213,21.60265],[89.02101,21.60251],[89.02073,21.60251],[89.02061,21.60251],[89.02033,21.60264],[89.02016,21.60268],[89.02004,21.6027],[89.0191,21.6027],[89.01853,21.60257],[89.01817,21.60251],[89.01766,21.60237],[89.01717,21.60223],[89.01695,21.60223],[89.01659,21.6023],[89.01631,21.6023],[89.01595,21.60243],[89.01574,21.60264],[89.01524,21.60304],[89.01495,21.60331],[89.01466,21.60331],[89.01409,21.60317],[89.01402,21.60297],[89.0138,21.60284],[89.01344,21.60223],[89.01287,21.60203],[89.01223,21.60203],[89.01187,21.6021],[89.01158,21.60224],[89.0113,21.60224],[89.01087,21.6021],[89.01065,21.60197],[89.01022,21.60183],[89.0098,21.60183],[89.00958,21.6019],[89.00936,21.60203],[89.00901,21.60224],[89.00851,21.60224],[89.00822,21.60216],[89.00747,21.60217],[89.00705,21.60215],[89.00648,21.60244],[89.0065,21.6033],[89.00642,21.60337],[89.00603,21.60331],[89.00563,21.60296],[89.0052,21.60285],[89.00488,21.60248],[89.00446,21.60203],[89.00392,21.60188],[89.00359,21.60207],[89.00295,21.60224],[89.00244,21.60231],[89.00199,21.60217],[89.00148,21.60204],[89.00087,21.60207],[89.00027,21.60209],[89,21.60167],[88.99973,21.60207],[88.99967,21.60242],[88.99889,21.60251],[88.99868,21.6031],[88.9985,21.60324],[88.99837,21.60371],[88.99807,21.60474],[88.99853,21.6064],[88.99867,21.60668],[88.99861,21.6068],[88.99868,21.60722],[88.99889,21.60833],[88.99861,21.60861],[88.99861,21.60944],[88.99857,21.60996],[88.99861,21.61028],[88.99841,21.61083],[88.99856,21.61125],[88.99834,21.61168],[88.99834,21.61361],[88.99839,21.61421],[88.99836,21.61468],[88.99834,21.61515],[88.99834,21.61563],[88.99834,21.61611],[88.99834,21.61659],[88.99834,21.61707],[88.99834,21.61753],[88.99833,21.61796],[88.99831,21.61839],[88.99821,21.61883],[88.99809,21.6193],[88.99806,21.61984],[88.99805,21.62044],[88.99805,21.62107],[88.99805,21.62167],[88.99803,21.62221],[88.99795,21.62266],[88.99781,21.62304],[88.99777,21.62339],[88.99774,21.6237],[88.99763,21.62398],[88.99752,21.62436],[88.99747,21.62477],[88.99733,21.62518],[88.99723,21.6256],[88.99713,21.62603],[88.99698,21.62642],[88.9969,21.62687],[88.99671,21.62725],[88.99638,21.62777],[88.99664,21.6283],[88.99659,21.62885],[88.99643,21.62935],[88.99639,21.62991],[88.99637,21.63047],[88.99632,21.631],[88.99615,21.63152],[88.99603,21.6321],[88.99586,21.63268],[88.99582,21.63331],[88.99574,21.63391],[88.99558,21.63446],[88.99549,21.635],[88.99532,21.63554],[88.99525,21.63613],[88.99513,21.6367],[88.995,21.6372],[88.99484,21.63766],[88.99474,21.63807],[88.99447,21.6384],[88.99426,21.63879],[88.99419,21.63935],[88.99413,21.63993],[88.99403,21.64043],[88.99393,21.64088],[88.99384,21.64129],[88.99369,21.64163],[88.99356,21.64195],[88.9934,21.64226],[88.99328,21.64262],[88.9931,21.64298],[88.9929,21.64336],[88.99265,21.64375],[88.99236,21.64414],[88.99201,21.64452],[88.99163,21.64488],[88.9912,21.64517],[88.99072,21.64537],[88.9902,21.64552],[88.98962,21.64565],[88.98902,21.64583],[88.98836,21.646],[88.98759,21.64607],[88.98679,21.64609],[88.98598,21.64609],[88.98517,21.64608],[88.98438,21.64604],[88.98362,21.64593],[88.9829,21.64591],[88.98222,21.6458],[88.98159,21.64566],[88.98095,21.64557],[88.98029,21.64553],[88.97962,21.64545],[88.97896,21.64531],[88.97827,21.64517],[88.97762,21.64495],[88.97702,21.6447],[88.97642,21.64444],[88.97583,21.64419],[88.97523,21.64397],[88.97465,21.64378],[88.97411,21.64357],[88.97361,21.64332],[88.97313,21.64304],[88.97266,21.64277],[88.97221,21.64251],[88.97179,21.64231],[88.97142,21.64214],[88.9711,21.64199],[88.97072,21.64192],[88.97028,21.64186],[88.96982,21.64173],[88.96966,21.64171],[88.96934,21.64168],[88.96886,21.64168],[88.9684,21.6417],[88.96799,21.64178],[88.96763,21.64196],[88.96732,21.64215],[88.9669,21.64244],[88.9665,21.64271],[88.96613,21.64302],[88.96575,21.64334],[88.96535,21.64365],[88.96519,21.64383],[88.965,21.64404],[88.96471,21.6445],[88.96445,21.64495],[88.96421,21.64535],[88.96402,21.64574],[88.96386,21.64613],[88.96371,21.64651],[88.9636,21.64695],[88.96348,21.64743],[88.96339,21.64797],[88.9633,21.64855],[88.96318,21.64914],[88.96312,21.64972],[88.96311,21.65028],[88.96313,21.65087],[88.9632,21.65151],[88.96326,21.6522],[88.9632,21.65296],[88.96322,21.65378],[88.96332,21.65459],[88.96342,21.65537],[88.96355,21.65608],[88.96362,21.65654],[88.96364,21.65675],[88.96373,21.65735],[88.96384,21.65788],[88.9639,21.65836],[88.96391,21.65881],[88.96391,21.65924],[88.96385,21.65966],[88.96373,21.66007],[88.96366,21.66055],[88.9636,21.66105],[88.96351,21.66153],[88.9634,21.66201],[88.96334,21.6625],[88.96326,21.66299],[88.96309,21.66345],[88.96291,21.66392],[88.96275,21.66441],[88.96255,21.66488],[88.9624,21.66535],[88.96222,21.66575],[88.96203,21.6661],[88.96189,21.66643],[88.96174,21.66672],[88.9616,21.66702],[88.96148,21.66733],[88.96136,21.66767],[88.96121,21.66804],[88.96107,21.66847],[88.9609,21.66895],[88.96075,21.66949],[88.96059,21.66996],[88.96045,21.67038],[88.96033,21.67074],[88.96023,21.67106],[88.96009,21.67136],[88.95996,21.67172],[88.9598,21.67214],[88.95964,21.67262],[88.95944,21.67311],[88.95924,21.67355],[88.95908,21.67396],[88.95891,21.67428],[88.95876,21.67457],[88.95862,21.67488],[88.95849,21.67517],[88.95837,21.67547],[88.95825,21.67577],[88.95807,21.67605],[88.95784,21.67636],[88.95757,21.67672],[88.95723,21.67709],[88.95665,21.67739],[88.95583,21.6775],[88.95556,21.67778],[88.95556,21.67806],[88.955,21.67861],[88.955,21.67889],[88.95444,21.67945],[88.95444,21.68083],[88.95472,21.68111],[88.95472,21.68139],[88.95444,21.68167],[88.95444,21.68222],[88.95472,21.6825],[88.95472,21.68278],[88.95444,21.68306],[88.95444,21.68639],[88.95417,21.68667],[88.95417,21.68753],[88.95416,21.68806],[88.95417,21.6885],[88.95417,21.68889],[88.95415,21.68927],[88.95406,21.68971],[88.9539,21.69021],[88.95372,21.69077],[88.9537,21.69135],[88.95371,21.6919],[88.95358,21.69247],[88.95335,21.69293],[88.95317,21.69332],[88.95299,21.69367],[88.95286,21.69401],[88.95277,21.69434],[88.95268,21.69465],[88.95249,21.6949],[88.9523,21.69514],[88.95221,21.69543],[88.95213,21.69571],[88.95208,21.69605],[88.95199,21.69643],[88.95191,21.69688],[88.95167,21.69734],[88.9514,21.69785],[88.95119,21.6984],[88.95112,21.69896],[88.95108,21.69946],[88.95094,21.69992],[88.95084,21.70036],[88.95084,21.70072],[88.95097,21.70101],[88.95131,21.70124],[88.95174,21.70143],[88.95245,21.70149],[88.95325,21.70142],[88.95397,21.70138],[88.95462,21.70137],[88.95524,21.70135],[88.95583,21.7013],[88.95638,21.70117],[88.95695,21.7011],[88.95749,21.70103],[88.95798,21.70089],[88.95847,21.7008],[88.95893,21.70071],[88.95934,21.70057],[88.95973,21.70048],[88.9601,21.70041],[88.96047,21.70032],[88.96086,21.70023],[88.96127,21.70015],[88.96167,21.7001],[88.96204,21.70016],[88.96238,21.70027],[88.96272,21.7004],[88.96313,21.70048],[88.96363,21.70051],[88.96416,21.70052],[88.96471,21.70052],[88.96526,21.70052],[88.96584,21.70051],[88.96642,21.7005],[88.96701,21.70042],[88.96757,21.70021],[88.96811,21.69991],[88.96861,21.69955],[88.96912,21.69919],[88.96963,21.69883],[88.97012,21.69849],[88.97062,21.69814],[88.97112,21.69783],[88.97166,21.6976],[88.97221,21.69747],[88.9727,21.69736],[88.97316,21.69739],[88.97358,21.69762],[88.974,21.69782],[88.97439,21.69809],[88.97475,21.69841],[88.97511,21.69874],[88.97541,21.69909],[88.9757,21.69941],[88.97596,21.69971],[88.97619,21.70003],[88.97645,21.70033],[88.97672,21.70065],[88.97697,21.70096],[88.97724,21.70131],[88.9776,21.70169],[88.97808,21.70217],[88.97839,21.70247],[88.9787,21.70276],[88.97918,21.70301],[88.97945,21.70308],[88.97968,21.70315],[88.97995,21.70326],[88.98031,21.70336],[88.98072,21.7035],[88.98116,21.70365],[88.98162,21.70386],[88.98212,21.70411],[88.98266,21.70439],[88.98323,21.70477],[88.98384,21.70532],[88.98449,21.70569]]],[[[88.72361,21.93194],[88.72417,21.93139],[88.72444,21.93139],[88.72444,21.93111],[88.72499,21.93055],[88.725,21.93028],[88.72528,21.93],[88.72528,21.92945],[88.72556,21.92917],[88.72556,21.92861],[88.72611,21.92806],[88.72611,21.92778],[88.72639,21.92749],[88.72639,21.92722],[88.72667,21.92695],[88.72667,21.92667],[88.72694,21.92639],[88.72694,21.92611],[88.72722,21.92583],[88.72722,21.92556],[88.72778,21.925],[88.72778,21.92472],[88.72833,21.92417],[88.72833,21.92389],[88.73055,21.92168],[88.73055,21.92139],[88.73222,21.91972],[88.7325,21.91972],[88.73278,21.91945],[88.73306,21.91945],[88.73333,21.91917],[88.73361,21.91917],[88.73389,21.91889],[88.73416,21.91889],[88.73444,21.91861],[88.735,21.91861],[88.73528,21.91833],[88.73583,21.91833],[88.73611,21.91806],[88.73778,21.91806],[88.73805,21.91778],[88.73881,21.91778],[88.73972,21.91778],[88.74,21.91806],[88.74084,21.91806],[88.74111,21.91833],[88.74167,21.91833],[88.74194,21.91861],[88.74277,21.91861],[88.74306,21.91889],[88.74361,21.91889],[88.74389,21.91917],[88.74416,21.91917],[88.74472,21.91972],[88.745,21.91972],[88.74528,21.92],[88.74555,21.92028],[88.74584,21.92028],[88.74772,21.92216],[88.74889,21.92333],[88.74916,21.92333],[88.75,21.92417],[88.75028,21.92417],[88.75075,21.92464],[88.75083,21.92472],[88.75111,21.92472],[88.75166,21.92528],[88.75195,21.92528],[88.75223,21.92556],[88.7525,21.92556],[88.75278,21.92583],[88.75304,21.92588],[88.75333,21.92611],[88.75361,21.92611],[88.75389,21.92639],[88.75417,21.92639],[88.75436,21.92658],[88.75445,21.92667],[88.75556,21.92667],[88.75576,21.92687],[88.75584,21.92695],[88.75611,21.92695],[88.75639,21.92667],[88.75945,21.92667],[88.75972,21.92639],[88.76083,21.92639],[88.7611,21.92611],[88.76305,21.92611],[88.76334,21.92583],[88.76361,21.92611],[88.76444,21.92611],[88.76472,21.92583],[88.76833,21.92583],[88.76861,21.92556],[88.76972,21.92556],[88.77,21.92528],[88.77055,21.92528],[88.77084,21.925],[88.77111,21.925],[88.77139,21.92472],[88.77389,21.92472],[88.77417,21.92444],[88.775,21.92445],[88.77583,21.92361],[88.77611,21.92361],[88.77695,21.92278],[88.7775,21.92278],[88.77778,21.9225],[88.7775,21.92222],[88.77805,21.92222],[88.77861,21.92167],[88.77889,21.92168],[88.77972,21.92083],[88.78,21.92083],[88.78083,21.92],[88.78111,21.92],[88.78139,21.91972],[88.78167,21.91972],[88.78195,21.91945],[88.78221,21.91945],[88.7825,21.91917],[88.78306,21.91917],[88.78333,21.91889],[88.78361,21.91889],[88.78389,21.91861],[88.78472,21.91861],[88.785,21.91833],[88.78528,21.91833],[88.78555,21.91806],[88.78584,21.91806],[88.78611,21.91778],[88.78667,21.91778],[88.78694,21.9175],[88.78889,21.9175],[88.78917,21.91722],[88.7925,21.91722],[88.79278,21.9175],[88.79333,21.9175],[88.79361,21.91778],[88.79417,21.91778],[88.79444,21.91806],[88.79499,21.91811],[88.79528,21.91833],[88.79555,21.91833],[88.79583,21.91861],[88.79639,21.91861],[88.79653,21.91875],[88.79667,21.91889],[88.79694,21.91889],[88.79723,21.91917],[88.7975,21.91917],[88.79806,21.91972],[88.79945,21.91972],[88.8,21.91917],[88.8,21.91889],[88.80027,21.91861],[88.80028,21.91778],[88.80055,21.9175],[88.80083,21.9175],[88.80111,21.91722],[88.80139,21.91722],[88.80167,21.91695],[88.80194,21.91695],[88.80278,21.91611],[88.8025,21.91583],[88.80278,21.91556],[88.80306,21.91556],[88.80389,21.91472],[88.80389,21.91445],[88.805,21.91334],[88.805,21.91306],[88.80527,21.91278],[88.80527,21.91251],[88.80556,21.91222],[88.80556,21.91194],[88.80611,21.91139],[88.80611,21.91111],[88.80666,21.91055],[88.80666,21.91028],[88.80705,21.90989],[88.80778,21.90917],[88.80778,21.90889],[88.80984,21.90683],[88.81194,21.90472],[88.81223,21.90472],[88.81361,21.90333],[88.81333,21.90306],[88.81389,21.90306],[88.81416,21.90278],[88.81416,21.9025],[88.81389,21.90222],[88.81389,21.90195],[88.81445,21.90139],[88.81361,21.90055],[88.81361,21.90028],[88.81277,21.89944],[88.8125,21.89945],[88.81223,21.89917],[88.81223,21.89889],[88.81098,21.89764],[88.81028,21.89694],[88.81,21.89694],[88.81,21.89667],[88.80861,21.89528],[88.80861,21.89389],[88.80889,21.89361],[88.80889,21.8925],[88.80861,21.89222],[88.80861,21.89028],[88.80833,21.89],[88.80833,21.88983],[88.80833,21.88917],[88.80861,21.88889],[88.80861,21.88583],[88.80833,21.88555],[88.80833,21.885],[88.80805,21.88472],[88.80805,21.88444],[88.8075,21.88389],[88.8075,21.88361],[88.80666,21.88278],[88.8064,21.88278],[88.80602,21.88241],[88.80528,21.88167],[88.805,21.88167],[88.80473,21.88139],[88.80444,21.88139],[88.80417,21.88111],[88.80389,21.88111],[88.80334,21.88056],[88.80305,21.88056],[88.80194,21.87944],[88.80167,21.87944],[88.80139,21.87917],[88.80111,21.87917],[88.80083,21.87889],[88.80027,21.87889],[88.8,21.87861],[88.79916,21.87861],[88.79889,21.87833],[88.79862,21.87833],[88.79778,21.8775],[88.7975,21.8775],[88.79667,21.87667],[88.79667,21.87611],[88.79639,21.87583],[88.79639,21.87556],[88.79611,21.87528],[88.79611,21.875],[88.79583,21.87472],[88.79583,21.87445],[88.79556,21.87417],[88.79555,21.87376],[88.79555,21.87361],[88.79528,21.87333],[88.79528,21.87278],[88.795,21.8725],[88.795,21.87222],[88.79473,21.87195],[88.79473,21.87139],[88.79417,21.87083],[88.79417,21.87],[88.79389,21.86972],[88.79389,21.86917],[88.79361,21.86889],[88.79361,21.86861],[88.79333,21.86833],[88.79333,21.86806],[88.79278,21.8675],[88.79278,21.86721],[88.79083,21.86528],[88.79056,21.86528],[88.79028,21.865],[88.79,21.865],[88.78972,21.86472],[88.78806,21.86472],[88.78778,21.865],[88.7875,21.865],[88.78694,21.86556],[88.78694,21.86611],[88.78722,21.86639],[88.78722,21.86695],[88.7875,21.86721],[88.7875,21.8675],[88.78778,21.8675],[88.78972,21.86944],[88.79,21.86944],[88.79028,21.86972],[88.79056,21.86972],[88.79083,21.87],[88.79111,21.87],[88.7925,21.87139],[88.7925,21.87167],[88.79278,21.87195],[88.79278,21.87222],[88.79333,21.87278],[88.79333,21.87389],[88.7936,21.87416],[88.79361,21.87528],[88.79333,21.87556],[88.79333,21.8764],[88.79305,21.87667],[88.79305,21.87694],[88.79278,21.87722],[88.79278,21.8775],[88.7925,21.87778],[88.7925,21.87806],[88.79195,21.87861],[88.79166,21.87861],[88.7914,21.87889],[88.79111,21.87889],[88.79083,21.87917],[88.78944,21.87917],[88.78917,21.87944],[88.78833,21.87944],[88.78806,21.87917],[88.7875,21.87917],[88.78722,21.87889],[88.78694,21.87889],[88.78667,21.87861],[88.78639,21.87861],[88.78527,21.8775],[88.78527,21.87724],[88.78472,21.87667],[88.78445,21.87667],[88.78445,21.8764],[88.78389,21.87583],[88.78389,21.87556],[88.78361,21.87528],[88.78361,21.875],[88.78306,21.87445],[88.78278,21.87445],[88.78278,21.87417],[88.78194,21.87334],[88.78194,21.87306],[88.77917,21.87027],[88.77889,21.87028],[88.77834,21.86972],[88.77778,21.86972],[88.77751,21.86961],[88.77695,21.86947],[88.77639,21.86972],[88.77611,21.86972],[88.77583,21.87],[88.77583,21.87056],[88.77556,21.87083],[88.77556,21.87111],[88.775,21.87167],[88.775,21.87195],[88.77472,21.87222],[88.77472,21.87278],[88.77445,21.87306],[88.77444,21.87361],[88.77417,21.87389],[88.77417,21.87445],[88.77389,21.87472],[88.77389,21.87528],[88.77361,21.87556],[88.77361,21.87589],[88.77361,21.87611],[88.77306,21.87667],[88.77306,21.87694],[88.77194,21.87806],[88.77111,21.87806],[88.77084,21.87833],[88.77055,21.87833],[88.77027,21.87861],[88.76972,21.87861],[88.76945,21.87889],[88.76917,21.87889],[88.76889,21.87917],[88.76833,21.87917],[88.76806,21.87944],[88.76778,21.87944],[88.76667,21.87833],[88.76639,21.87833],[88.76611,21.87861],[88.76444,21.87861],[88.76417,21.87889],[88.76361,21.87889],[88.76334,21.87917],[88.76266,21.87917],[88.76195,21.87917],[88.76167,21.87944],[88.76083,21.87944],[88.76056,21.87972],[88.75916,21.87972],[88.75889,21.88],[88.75833,21.88],[88.75806,21.88028],[88.75806,21.88083],[88.75778,21.88111],[88.75778,21.88333],[88.75806,21.88361],[88.75806,21.885],[88.75777,21.88528],[88.75778,21.88555],[88.7575,21.88583],[88.7575,21.88639],[88.75723,21.88639],[88.75667,21.88694],[88.75639,21.88694],[88.75611,21.88722],[88.75556,21.88722],[88.75529,21.8875],[88.755,21.8875],[88.75472,21.88778],[88.75417,21.88778],[88.75389,21.88806],[88.75314,21.88806],[88.7525,21.88806],[88.75223,21.88834],[88.75166,21.88834],[88.75139,21.88861],[88.75083,21.88861],[88.75056,21.88889],[88.75056,21.88917],[88.75027,21.88944],[88.75027,21.89028],[88.75,21.89056],[88.75,21.89138],[88.75028,21.89167],[88.75027,21.89222],[88.75056,21.8925],[88.75056,21.8934],[88.75056,21.89361],[88.75083,21.89389],[88.75083,21.89417],[88.75056,21.89444],[88.75056,21.89556],[88.75027,21.89583],[88.75027,21.89611],[88.75,21.89639],[88.74973,21.89639],[88.74889,21.89722],[88.74861,21.89722],[88.74834,21.89751],[88.74805,21.89751],[88.7475,21.89806],[88.74722,21.89806],[88.74695,21.89833],[88.74667,21.89833],[88.74639,21.89861],[88.7461,21.89861],[88.74583,21.89889],[88.74555,21.89889],[88.74528,21.89917],[88.745,21.89917],[88.74472,21.89945],[88.74416,21.89945],[88.74389,21.89972],[88.74333,21.89972],[88.74306,21.9],[88.74194,21.9],[88.74167,21.90028],[88.74111,21.90028],[88.74084,21.90056],[88.74055,21.90056],[88.74028,21.90028],[88.73833,21.90028],[88.73805,21.9],[88.73528,21.9],[88.735,21.89972],[88.73444,21.89972],[88.73416,21.9],[88.73333,21.9],[88.7332,21.89987],[88.73306,21.89972],[88.72916,21.89972],[88.72889,21.9],[88.72861,21.9],[88.72833,21.90028],[88.72806,21.90028],[88.72778,21.90056],[88.7275,21.90055],[88.72667,21.90139],[88.72639,21.90139],[88.72611,21.90167],[88.72583,21.90167],[88.72472,21.90278],[88.72472,21.90306],[88.72278,21.905],[88.72278,21.90528],[88.72111,21.90694],[88.72111,21.90722],[88.71972,21.90861],[88.71944,21.90861],[88.71889,21.90917],[88.71889,21.90989],[88.71889,21.91028],[88.71861,21.91055],[88.71861,21.91083],[88.71833,21.91111],[88.71833,21.91222],[88.71778,21.91278],[88.71778,21.91389],[88.7175,21.91417],[88.7175,21.91445],[88.71722,21.91472],[88.71722,21.91611],[88.71694,21.91639],[88.71694,21.9175],[88.71667,21.91778],[88.71694,21.91806],[88.71694,21.91861],[88.71723,21.91889],[88.71722,21.9195],[88.71722,21.91972],[88.7175,21.92],[88.7175,21.92194],[88.71778,21.92222],[88.71778,21.92278],[88.71806,21.92306],[88.71806,21.92444],[88.71833,21.92472],[88.71833,21.925],[88.71861,21.92528],[88.71861,21.92556],[88.71889,21.92583],[88.71889,21.92611],[88.71917,21.92639],[88.71917,21.92695],[88.72028,21.92806],[88.72028,21.92833],[88.72056,21.92861],[88.72056,21.92917],[88.72083,21.92945],[88.72083,21.92972],[88.72111,21.93],[88.72111,21.93055],[88.72174,21.93118],[88.72195,21.93139],[88.72278,21.93139],[88.72305,21.93167],[88.72334,21.93167],[88.72361,21.93194]]],[[[88.77194,21.65306],[88.7725,21.6525],[88.77278,21.6525],[88.77278,21.65222],[88.77223,21.65167],[88.77222,21.65139],[88.77389,21.64972],[88.77389,21.64917],[88.77417,21.64889],[88.77417,21.64833],[88.77333,21.6475],[88.77472,21.6475],[88.77556,21.64667],[88.77556,21.64528],[88.77528,21.645],[88.775,21.645],[88.775,21.64472],[88.77556,21.64417],[88.77556,21.64361],[88.775,21.64305],[88.77498,21.64276],[88.77472,21.6425],[88.77333,21.6425],[88.77333,21.64222],[88.7725,21.64222],[88.77194,21.64167],[88.77194,21.64139],[88.77278,21.64056],[88.77278,21.64028],[88.77306,21.64],[88.77278,21.63972],[88.77278,21.63667],[88.77222,21.63611],[88.77167,21.63611],[88.77139,21.63583],[88.77111,21.63583],[88.77111,21.63556],[88.77084,21.63528],[88.77084,21.635],[88.77055,21.63472],[88.77055,21.63139],[88.77111,21.63083],[88.77111,21.62806],[88.77167,21.6275],[88.77167,21.62722],[88.7725,21.62639],[88.7725,21.62556],[88.77222,21.62528],[88.77222,21.62472],[88.7725,21.62445],[88.7725,21.62417],[88.77278,21.62389],[88.77278,21.62333],[88.77306,21.62306],[88.77306,21.6225],[88.77333,21.62222],[88.77333,21.62195],[88.77361,21.62167],[88.77361,21.62139],[88.77389,21.62111],[88.77389,21.61972],[88.77462,21.61899],[88.77583,21.61778],[88.77639,21.61778],[88.77695,21.61722],[88.77695,21.61667],[88.77722,21.61639],[88.77695,21.61611],[88.77695,21.61583],[88.77639,21.61528],[88.77639,21.6151],[88.77639,21.615],[88.7775,21.615],[88.77778,21.61472],[88.77805,21.61472],[88.77861,21.61417],[88.77889,21.61417],[88.77917,21.61389],[88.77944,21.61389],[88.78028,21.61306],[88.78083,21.61306],[88.78115,21.61253],[88.78151,21.61212],[88.78192,21.61172],[88.78234,21.61131],[88.7825,21.61111],[88.78333,21.61028],[88.78333,21.61],[88.78416,21.60917],[88.78472,21.60917],[88.78491,21.60869],[88.78524,21.60834],[88.78558,21.60795],[88.78592,21.60757],[88.78628,21.60724],[88.78664,21.60691],[88.78695,21.60652],[88.78725,21.60612],[88.78757,21.60574],[88.78796,21.60537],[88.78843,21.60496],[88.7889,21.6045],[88.78936,21.60409],[88.78944,21.60389],[88.79056,21.60278],[88.79056,21.60222],[88.79083,21.60194],[88.79083,21.60167],[88.79066,21.60145],[88.79042,21.6012],[88.79021,21.60095],[88.78993,21.60073],[88.78966,21.6005],[88.78934,21.6003],[88.78896,21.60014],[88.78856,21.59998],[88.78844,21.59993],[88.78814,21.5998],[88.78771,21.59962],[88.78731,21.5994],[88.78692,21.59916],[88.78652,21.59894],[88.78608,21.59877],[88.78567,21.59856],[88.78525,21.59833],[88.78481,21.59812],[88.78449,21.59794],[88.78445,21.59806],[88.78435,21.59796],[88.78417,21.59778],[88.78361,21.59778],[88.78333,21.5975],[88.78306,21.5975],[88.78278,21.59722],[88.7825,21.59722],[88.78222,21.59695],[88.78222,21.59611],[88.78284,21.59628],[88.78341,21.59641],[88.78388,21.59657],[88.7843,21.59669],[88.78468,21.59685],[88.78509,21.59702],[88.78554,21.59721],[88.78603,21.59744],[88.78658,21.59765],[88.78713,21.59785],[88.78764,21.59805],[88.78813,21.59824],[88.7886,21.59843],[88.78896,21.59869],[88.78931,21.59898],[88.78951,21.59911],[88.78973,21.59924],[88.7902,21.59951],[88.79072,21.59977],[88.79124,21.59979],[88.79179,21.5996],[88.7924,21.59948],[88.7931,21.59955],[88.79373,21.59973],[88.79425,21.59978],[88.79475,21.59936],[88.79511,21.59876],[88.7952,21.59814],[88.79528,21.59805],[88.79528,21.59778],[88.79556,21.5975],[88.79555,21.59722],[88.79583,21.59695],[88.79583,21.59667],[88.79639,21.59611],[88.79639,21.59556],[88.79667,21.59528],[88.79667,21.59472],[88.79694,21.59445],[88.79723,21.59445],[88.79723,21.59417],[88.79778,21.59361],[88.79778,21.59222],[88.79806,21.59195],[88.79806,21.59167],[88.79778,21.59139],[88.79778,21.59111],[88.7975,21.59084],[88.7975,21.59055],[88.79723,21.59028],[88.79723,21.59],[88.79639,21.58917],[88.79639,21.58889],[88.79611,21.58861],[88.79611,21.58805],[88.79555,21.5875],[88.79556,21.58722],[88.79417,21.58583],[88.79389,21.58583],[88.79292,21.58486],[88.79195,21.58389],[88.79166,21.58389],[88.79089,21.58312],[88.79028,21.5825],[88.79028,21.58222],[88.79,21.58194],[88.78917,21.58194],[88.78833,21.58111],[88.78833,21.58083],[88.78806,21.58083],[88.78778,21.58056],[88.78667,21.58056],[88.78639,21.58028],[88.78527,21.58028],[88.785,21.58],[88.78472,21.58],[88.78445,21.58028],[88.78361,21.58028],[88.78333,21.58],[88.78221,21.58],[88.78194,21.58028],[88.78056,21.58028],[88.78028,21.58],[88.77972,21.58],[88.77944,21.58028],[88.77861,21.58028],[88.77856,21.58023],[88.77834,21.58],[88.77778,21.58],[88.7775,21.57972],[88.77722,21.57972],[88.77695,21.57945],[88.77667,21.57945],[88.77639,21.57972],[88.77556,21.57972],[88.775,21.57917],[88.77472,21.57917],[88.77444,21.57889],[88.77389,21.57889],[88.77361,21.57861],[88.77333,21.57861],[88.77306,21.57833],[88.7725,21.57834],[88.77222,21.57806],[88.77055,21.57806],[88.77027,21.57778],[88.77,21.57778],[88.76972,21.5775],[88.76945,21.5775],[88.76917,21.57722],[88.76861,21.57722],[88.76833,21.57694],[88.76722,21.57694],[88.76694,21.57667],[88.76639,21.57667],[88.76611,21.57639],[88.76583,21.57639],[88.76556,21.57611],[88.76389,21.57611],[88.76361,21.57583],[88.76195,21.57583],[88.76167,21.57611],[88.75806,21.57611],[88.75777,21.57583],[88.75611,21.57583],[88.75584,21.57611],[88.755,21.57611],[88.75445,21.57667],[88.75195,21.57667],[88.75166,21.57694],[88.75111,21.57694],[88.75056,21.5775],[88.75027,21.5775],[88.74944,21.57833],[88.74944,21.57861],[88.74916,21.57889],[88.74917,21.57917],[88.74889,21.57944],[88.74889,21.58028],[88.74861,21.58056],[88.74889,21.58083],[88.74889,21.58167],[88.74861,21.58194],[88.74862,21.58267],[88.74861,21.58331],[88.74861,21.58396],[88.74861,21.5846],[88.74862,21.58524],[88.74864,21.58588],[88.7487,21.5865],[88.7487,21.58711],[88.74868,21.58769],[88.74876,21.58822],[88.74887,21.58872],[88.74895,21.58919],[88.7491,21.58963],[88.74922,21.59011],[88.74944,21.59059],[88.74971,21.59112],[88.75002,21.59165],[88.7504,21.59215],[88.75087,21.59259],[88.75137,21.593],[88.75195,21.59332],[88.75249,21.59363],[88.75301,21.59396],[88.75348,21.59432],[88.75395,21.59469],[88.75449,21.59501],[88.75508,21.59528],[88.75565,21.59554],[88.75613,21.59579],[88.75621,21.59581],[88.75639,21.59583],[88.75667,21.59611],[88.75694,21.59611],[88.75806,21.59722],[88.75806,21.5975],[88.75836,21.59811],[88.75851,21.59868],[88.75848,21.59922],[88.75836,21.59966],[88.75824,21.60004],[88.75806,21.60034],[88.75783,21.60067],[88.75757,21.60105],[88.75718,21.60141],[88.7567,21.60183],[88.75618,21.6023],[88.75565,21.60277],[88.75513,21.60321],[88.75465,21.60362],[88.75417,21.604],[88.75367,21.60435],[88.75307,21.60464],[88.75238,21.60488],[88.75168,21.60514],[88.75097,21.60542],[88.75025,21.60566],[88.74953,21.60589],[88.74884,21.60613],[88.74821,21.60639],[88.74761,21.60663],[88.747,21.60684],[88.74635,21.60695],[88.74568,21.60706],[88.74506,21.60725],[88.74445,21.60749],[88.74384,21.60772],[88.74318,21.60788],[88.74258,21.60808],[88.74204,21.60832],[88.74152,21.60859],[88.74102,21.60882],[88.7405,21.60899],[88.74002,21.6092],[88.73954,21.60945],[88.73904,21.60972],[88.73852,21.61002],[88.73797,21.61038],[88.73745,21.61085],[88.73693,21.61137],[88.73645,21.61189],[88.73608,21.61241],[88.73576,21.61288],[88.73556,21.61334],[88.7354,21.61377],[88.73529,21.61419],[88.73518,21.61461],[88.73507,21.61501],[88.73502,21.61547],[88.73501,21.61595],[88.73501,21.61643],[88.73502,21.61688],[88.73501,21.6173],[88.73501,21.6177],[88.73501,21.61809],[88.73501,21.61847],[88.73501,21.61888],[88.73502,21.61932],[88.73502,21.61978],[88.73505,21.62024],[88.73512,21.62069],[88.73524,21.62115],[88.7353,21.62162],[88.7354,21.62208],[88.73556,21.62222],[88.73556,21.62278],[88.73611,21.62333],[88.73611,21.62362],[88.73556,21.62417],[88.73556,21.62445],[88.73528,21.62489],[88.73508,21.62523],[88.73494,21.62556],[88.73476,21.62583],[88.7346,21.62613],[88.73443,21.62648],[88.73419,21.6269],[88.73386,21.62733],[88.73347,21.62779],[88.73306,21.62825],[88.73264,21.6287],[88.7323,21.62914],[88.73206,21.62965],[88.73186,21.63016],[88.73162,21.6307],[88.73132,21.63125],[88.73109,21.63188],[88.73087,21.63251],[88.73068,21.6331],[88.73052,21.63367],[88.73039,21.63415],[88.73037,21.63466],[88.73032,21.63516],[88.73029,21.63569],[88.73027,21.63625],[88.73021,21.6368],[88.73007,21.63731],[88.72998,21.63784],[88.72986,21.63835],[88.72971,21.63888],[88.72955,21.63941],[88.72957,21.63995],[88.72982,21.64041],[88.73017,21.64079],[88.73058,21.64116],[88.73104,21.64154],[88.7316,21.6419],[88.73206,21.64219],[88.73219,21.64227],[88.73277,21.6427],[88.73334,21.64314],[88.73391,21.64358],[88.73449,21.64397],[88.73503,21.64433],[88.73558,21.64464],[88.73618,21.64483],[88.73687,21.64491],[88.73757,21.64493],[88.73827,21.64492],[88.73895,21.64488],[88.73962,21.64482],[88.74028,21.64481],[88.74093,21.64481],[88.74158,21.64482],[88.7423,21.64483],[88.74301,21.64483],[88.74371,21.64483],[88.74439,21.64486],[88.74506,21.64493],[88.74565,21.64506],[88.7462,21.64518],[88.74673,21.64528],[88.74722,21.64541],[88.7477,21.64551],[88.7482,21.64562],[88.74872,21.64576],[88.74928,21.64597],[88.74979,21.64625],[88.75022,21.64657],[88.7506,21.64689],[88.75098,21.64719],[88.75136,21.6475],[88.75173,21.64784],[88.75211,21.64807],[88.75251,21.64834],[88.75291,21.64861],[88.75334,21.64889],[88.7538,21.64917],[88.7543,21.64944],[88.75484,21.64972],[88.7554,21.64998],[88.75599,21.65019],[88.75656,21.65049],[88.75723,21.6506],[88.75784,21.65084],[88.75845,21.65111],[88.75904,21.65136],[88.75967,21.65153],[88.76022,21.65181],[88.76075,21.65216],[88.76127,21.65255],[88.76177,21.65302],[88.76243,21.65333],[88.76311,21.65357],[88.7638,21.65366],[88.76438,21.65391],[88.7649,21.65421],[88.7654,21.65455],[88.76608,21.6547],[88.7668,21.65479],[88.76743,21.65501],[88.76805,21.65528],[88.76868,21.65552],[88.76932,21.65559],[88.76986,21.65557],[88.77033,21.655],[88.77074,21.65455],[88.7711,21.65429],[88.77142,21.65403],[88.77171,21.6537],[88.77202,21.65335],[88.77194,21.65306]]],[[[88.83472,21.60722],[88.835,21.60695],[88.83528,21.60695],[88.83638,21.60583],[88.8375,21.60583],[88.83778,21.60556],[88.83806,21.60556],[88.83833,21.60528],[88.83833,21.60472],[88.83889,21.60417],[88.83916,21.60417],[88.83945,21.60389],[88.84,21.60389],[88.84055,21.60333],[88.84055,21.60306],[88.84084,21.60278],[88.84084,21.60222],[88.84111,21.60194],[88.84111,21.60167],[88.84139,21.60167],[88.84194,21.60111],[88.84306,21.60111],[88.84333,21.60083],[88.84417,21.60083],[88.84472,21.60028],[88.84528,21.60028],[88.84583,21.59972],[88.84611,21.59972],[88.84639,21.59945],[88.84666,21.59945],[88.84695,21.59972],[88.84778,21.59972],[88.84805,21.59945],[88.84861,21.59945],[88.84889,21.59917],[88.85083,21.59917],[88.85111,21.59889],[88.85333,21.59889],[88.85361,21.59861],[88.855,21.59861],[88.85528,21.59833],[88.85639,21.59833],[88.85667,21.59861],[88.85694,21.59861],[88.85722,21.59833],[88.85833,21.59833],[88.85917,21.5975],[88.85944,21.5975],[88.86,21.59694],[88.86028,21.59695],[88.86056,21.59667],[88.86111,21.59667],[88.86139,21.59638],[88.86278,21.59639],[88.86305,21.59611],[88.86528,21.59611],[88.86584,21.59556],[88.86611,21.59556],[88.86639,21.59528],[88.86668,21.59528],[88.86694,21.595],[88.86777,21.595],[88.86806,21.59472],[88.86894,21.59477],[88.86916,21.595],[88.86945,21.595],[88.86972,21.59528],[88.87,21.59528],[88.87028,21.59556],[88.87055,21.59528],[88.87055,21.595],[88.87083,21.59472],[88.87139,21.59472],[88.87167,21.59445],[88.87195,21.59445],[88.87222,21.59417],[88.87278,21.59417],[88.87305,21.59389],[88.87334,21.59389],[88.87389,21.59332],[88.87417,21.59334],[88.87444,21.59306],[88.87473,21.59306],[88.875,21.59278],[88.87527,21.59278],[88.87583,21.59222],[88.87612,21.59222],[88.87722,21.59111],[88.87722,21.59028],[88.87778,21.58972],[88.87778,21.58944],[88.87833,21.58889],[88.87833,21.58805],[88.87945,21.58694],[88.88,21.58639],[88.88055,21.58667],[88.88084,21.58639],[88.88139,21.58639],[88.88194,21.58583],[88.88277,21.58583],[88.88277,21.58528],[88.88361,21.58444],[88.88361,21.58417],[88.88389,21.58389],[88.88389,21.58361],[88.88416,21.58333],[88.88416,21.58306],[88.88472,21.58306],[88.88556,21.58222],[88.88583,21.58222],[88.88611,21.58194],[88.88695,21.58194],[88.88722,21.58167],[88.88834,21.58167],[88.88834,21.58138],[88.89028,21.58111],[88.89028,21.57917],[88.89056,21.57889],[88.89111,21.57889],[88.89167,21.57945],[88.8925,21.57945],[88.89361,21.57833],[88.89362,21.57806],[88.89417,21.5775],[88.89417,21.57722],[88.89445,21.57694],[88.89445,21.57639],[88.89472,21.57611],[88.89472,21.57583],[88.89528,21.57528],[88.89528,21.575],[88.89639,21.57389],[88.89666,21.57389],[88.89666,21.57333],[88.89694,21.57306],[88.89694,21.57124],[88.89694,21.57111],[88.89778,21.57028],[88.89778,21.57],[88.89816,21.56962],[88.89917,21.56861],[88.89917,21.56833],[88.9,21.5675],[88.9,21.56722],[88.90056,21.56667],[88.90056,21.56642],[88.90083,21.56611],[88.90083,21.56556],[88.90111,21.56528],[88.90111,21.56472],[88.90166,21.56417],[88.90166,21.56361],[88.9025,21.56278],[88.9025,21.5625],[88.9027,21.56229],[88.90305,21.56194],[88.90305,21.56167],[88.90334,21.56139],[88.90334,21.56083],[88.90361,21.56056],[88.90361,21.56027],[88.90389,21.56],[88.90389,21.55944],[88.90417,21.55917],[88.90417,21.55855],[88.90417,21.55806],[88.90389,21.55778],[88.90389,21.5575],[88.90361,21.55721],[88.90361,21.55583],[88.9,21.55222],[88.89917,21.55222],[88.89889,21.55195],[88.89861,21.55195],[88.89833,21.55167],[88.89806,21.55167],[88.89778,21.5514],[88.8975,21.5514],[88.89722,21.55111],[88.89694,21.55111],[88.89666,21.55083],[88.89639,21.55083],[88.89611,21.55056],[88.89555,21.55056],[88.89528,21.55028],[88.89389,21.55028],[88.89362,21.55],[88.8925,21.55],[88.89222,21.54972],[88.89,21.54972],[88.88972,21.55],[88.88944,21.55],[88.88917,21.55028],[88.8875,21.55028],[88.88722,21.55],[88.88695,21.55],[88.88667,21.54972],[88.88472,21.54972],[88.88445,21.54944],[88.88306,21.54944],[88.88277,21.54972],[88.88168,21.54972],[88.88139,21.55],[88.87972,21.55],[88.87959,21.54986],[88.87945,21.54972],[88.87805,21.54972],[88.87778,21.54944],[88.87695,21.54944],[88.87666,21.54917],[88.87556,21.54917],[88.87527,21.54889],[88.87444,21.54889],[88.87417,21.54917],[88.87222,21.54917],[88.87195,21.54944],[88.86861,21.54944],[88.86833,21.54972],[88.86806,21.54972],[88.86778,21.54944],[88.86694,21.54944],[88.86667,21.54972],[88.86639,21.54972],[88.86611,21.55],[88.86389,21.55],[88.86362,21.54972],[88.86305,21.54972],[88.86278,21.55],[88.8625,21.55],[88.86222,21.55028],[88.86083,21.55028],[88.86055,21.55],[88.86,21.55],[88.86,21.55111],[88.85944,21.55167],[88.85889,21.55167],[88.85778,21.55056],[88.85611,21.55056],[88.85583,21.55028],[88.85528,21.55028],[88.855,21.55],[88.85389,21.55],[88.85361,21.55028],[88.85278,21.55028],[88.8525,21.55056],[88.85222,21.55056],[88.85056,21.55222],[88.85,21.55222],[88.84973,21.55195],[88.84861,21.55195],[88.84833,21.55222],[88.84695,21.55222],[88.84695,21.5525],[88.84639,21.55306],[88.84528,21.55306],[88.845,21.55333],[88.84389,21.55333],[88.84333,21.55389],[88.84278,21.55389],[88.84194,21.55472],[88.84194,21.555],[88.84139,21.55556],[88.84139,21.55583],[88.84111,21.55611],[88.84111,21.55639],[88.84084,21.55667],[88.84055,21.55667],[88.84,21.55722],[88.83972,21.55721],[88.83945,21.5575],[88.83916,21.5575],[88.83889,21.55778],[88.83861,21.55778],[88.83833,21.55806],[88.83806,21.55806],[88.8375,21.55861],[88.8375,21.55889],[88.83695,21.55944],[88.83667,21.55944],[88.83639,21.55972],[88.83611,21.55972],[88.83583,21.56],[88.83583,21.56056],[88.83556,21.56083],[88.83556,21.56111],[88.83528,21.56139],[88.83528,21.56167],[88.83417,21.56278],[88.83417,21.56361],[88.83528,21.56389],[88.83528,21.56417],[88.83556,21.56444],[88.83556,21.56472],[88.83583,21.565],[88.83528,21.56556],[88.83444,21.56556],[88.83389,21.56611],[88.83361,21.56611],[88.83334,21.5664],[88.83278,21.5664],[88.8325,21.56611],[88.83222,21.56611],[88.83222,21.5664],[88.83195,21.56667],[88.83195,21.56722],[88.83167,21.5675],[88.83167,21.56861],[88.83139,21.56889],[88.83139,21.56917],[88.83111,21.56945],[88.83111,21.57056],[88.83083,21.57083],[88.83083,21.57195],[88.83028,21.5725],[88.83028,21.57278],[88.83,21.57306],[88.83,21.57333],[88.82972,21.57361],[88.82972,21.57417],[88.82918,21.57471],[88.82917,21.57528],[88.82861,21.57583],[88.82861,21.57667],[88.82833,21.57694],[88.82833,21.57861],[88.82861,21.57889],[88.82861,21.57917],[88.82889,21.57945],[88.82889,21.57972],[88.82917,21.58],[88.82945,21.58],[88.83028,21.58083],[88.83028,21.58222],[88.83057,21.5825],[88.83057,21.58306],[88.83111,21.58361],[88.83083,21.58389],[88.83083,21.585],[88.83056,21.58528],[88.83057,21.58639],[88.83083,21.58667],[88.83083,21.58751],[88.83111,21.58778],[88.83111,21.58805],[88.83139,21.58833],[88.83139,21.58945],[88.83195,21.59],[88.83195,21.59111],[88.83167,21.59139],[88.83167,21.5925],[88.83139,21.59278],[88.83139,21.59306],[88.83167,21.59334],[88.83167,21.59361],[88.83139,21.59389],[88.83139,21.595],[88.83111,21.59528],[88.83111,21.59611],[88.83083,21.59639],[88.83083,21.59695],[88.83057,21.59722],[88.83056,21.60056],[88.83083,21.60083],[88.83083,21.60111],[88.83057,21.60139],[88.83056,21.60167],[88.83083,21.60194],[88.83083,21.60361],[88.83111,21.60389],[88.83083,21.60417],[88.83139,21.60472],[88.83139,21.60528],[88.83278,21.60667],[88.83361,21.60667],[88.83399,21.60704],[88.83417,21.60722],[88.83472,21.60722]]],[[[88.78917,21.87861],[88.78944,21.87833],[88.79028,21.87833],[88.79056,21.87806],[88.79083,21.87806],[88.7914,21.8775],[88.79139,21.87722],[88.79166,21.87694],[88.79166,21.87667],[88.79195,21.8764],[88.79195,21.87613],[88.79218,21.87588],[88.7922,21.87536],[88.79222,21.87417],[88.7925,21.87389],[88.79222,21.87361],[88.79222,21.87306],[88.79195,21.87278],[88.79195,21.8725],[88.79111,21.87167],[88.79083,21.87167],[88.79065,21.87149],[88.79028,21.87111],[88.79,21.87111],[88.78972,21.87083],[88.78944,21.87083],[88.78889,21.87028],[88.78861,21.87028],[88.78778,21.86944],[88.7875,21.86944],[88.78694,21.86889],[88.78667,21.86889],[88.78611,21.86833],[88.78611,21.86695],[88.78584,21.86667],[88.78584,21.86641],[88.78584,21.86528],[88.78595,21.86516],[88.78722,21.86389],[88.7875,21.86389],[88.78778,21.86361],[88.78833,21.86361],[88.78861,21.86333],[88.78944,21.86333],[88.78972,21.86361],[88.79028,21.86361],[88.79056,21.86389],[88.79083,21.86389],[88.79111,21.86417],[88.7914,21.86417],[88.79361,21.86639],[88.79361,21.86667],[88.79417,21.86721],[88.79417,21.86778],[88.79444,21.86806],[88.79444,21.86833],[88.795,21.86889],[88.795,21.86944],[88.79528,21.86972],[88.79528,21.87056],[88.79555,21.87083],[88.79556,21.87139],[88.79583,21.87167],[88.79583,21.87195],[88.79611,21.87222],[88.79611,21.87278],[88.79667,21.87333],[88.79667,21.87361],[88.79694,21.87389],[88.79694,21.87417],[88.79723,21.87445],[88.79723,21.8747],[88.7975,21.875],[88.7975,21.87528],[88.79833,21.87611],[88.79833,21.8764],[88.79862,21.87667],[88.79862,21.87694],[88.79889,21.87694],[88.79945,21.8775],[88.80006,21.8775],[88.80055,21.8775],[88.80055,21.87778],[88.80064,21.87769],[88.80083,21.8775],[88.80083,21.87722],[88.80055,21.87694],[88.80055,21.87639],[88.80027,21.87611],[88.80028,21.87556],[88.8,21.87528],[88.8,21.87472],[88.79972,21.87445],[88.79972,21.87389],[88.79945,21.87361],[88.79945,21.87306],[88.79916,21.87278],[88.79916,21.8725],[88.79889,21.87222],[88.79889,21.87083],[88.79916,21.87056],[88.79916,21.87027],[88.79972,21.86972],[88.79972,21.86944],[88.80028,21.86889],[88.80055,21.86889],[88.80139,21.86806],[88.80167,21.86806],[88.80194,21.86778],[88.8025,21.86778],[88.80305,21.86721],[88.80334,21.86722],[88.80361,21.86695],[88.80444,21.86695],[88.80473,21.86667],[88.80695,21.86667],[88.80722,21.86695],[88.80833,21.86695],[88.80852,21.86713],[88.80861,21.86722],[88.80889,21.86721],[88.80917,21.8675],[88.80944,21.8675],[88.80972,21.86778],[88.81028,21.86778],[88.81055,21.86806],[88.81084,21.86806],[88.811,21.86823],[88.81111,21.86833],[88.81139,21.86833],[88.81167,21.86861],[88.81194,21.86861],[88.8125,21.86917],[88.81306,21.86917],[88.81333,21.86944],[88.81389,21.86944],[88.81416,21.86972],[88.81445,21.86972],[88.81472,21.87],[88.81555,21.87],[88.81583,21.87028],[88.81639,21.87027],[88.81667,21.87056],[88.81805,21.87056],[88.81834,21.87083],[88.81917,21.87083],[88.81944,21.87111],[88.82166,21.87111],[88.82195,21.87083],[88.82222,21.87083],[88.8225,21.87056],[88.8225,21.87027],[88.82278,21.87],[88.82278,21.86944],[88.82306,21.86917],[88.82306,21.86852],[88.82306,21.86833],[88.82333,21.86806],[88.82333,21.86778],[88.82361,21.8675],[88.82361,21.86721],[88.82417,21.86667],[88.82417,21.86639],[88.82472,21.86583],[88.82472,21.86556],[88.825,21.86528],[88.825,21.865],[88.82528,21.86472],[88.82584,21.86472],[88.82667,21.86389],[88.82751,21.86389],[88.82777,21.86361],[88.82806,21.86361],[88.82833,21.86333],[88.82889,21.86333],[88.82945,21.86278],[88.82944,21.8625],[88.82972,21.86222],[88.82972,21.86111],[88.82944,21.86083],[88.82945,21.85972],[88.82917,21.85944],[88.82917,21.85917],[88.82889,21.85889],[88.82889,21.85833],[88.82833,21.85778],[88.82818,21.85751],[88.8279,21.85722],[88.82806,21.85667],[88.82806,21.85556],[88.82777,21.85527],[88.82777,21.855],[88.82751,21.85472],[88.8275,21.85444],[88.82694,21.85389],[88.82667,21.85389],[88.82667,21.85306],[88.82639,21.85278],[88.82639,21.85221],[88.82611,21.85194],[88.82611,21.85167],[88.82584,21.85139],[88.82584,21.85083],[88.82555,21.85056],[88.82555,21.85],[88.82528,21.84972],[88.82528,21.84945],[88.825,21.84917],[88.825,21.84861],[88.82472,21.84833],[88.82472,21.8475],[88.82444,21.84722],[88.82445,21.84639],[88.82417,21.84611],[88.82417,21.84556],[88.82389,21.84528],[88.82389,21.845],[88.82361,21.84472],[88.82361,21.84445],[88.82333,21.84417],[88.82333,21.84361],[88.82306,21.84333],[88.82306,21.84306],[88.82278,21.84278],[88.82278,21.84194],[88.8225,21.84167],[88.8225,21.84139],[88.82195,21.84083],[88.82194,21.84056],[88.82112,21.83973],[88.82083,21.83972],[88.82,21.84056],[88.82,21.84111],[88.82027,21.84139],[88.82027,21.84222],[88.82056,21.8425],[88.82056,21.84278],[88.82083,21.84306],[88.82083,21.84333],[88.82111,21.84361],[88.82111,21.84389],[88.82139,21.84417],[88.82138,21.84444],[88.82195,21.845],[88.82194,21.84528],[88.8225,21.84583],[88.8225,21.84611],[88.82278,21.84639],[88.82278,21.84667],[88.82306,21.84695],[88.82306,21.84722],[88.82333,21.8475],[88.82333,21.84833],[88.82361,21.84861],[88.82361,21.85028],[88.82278,21.85111],[88.8225,21.85111],[88.82195,21.85167],[88.82139,21.85167],[88.82112,21.85194],[88.81917,21.85194],[88.81889,21.85167],[88.81889,21.85139],[88.81917,21.85111],[88.81917,21.85056],[88.82111,21.85056],[88.82138,21.85028],[88.82166,21.85028],[88.82222,21.84972],[88.82222,21.84945],[88.8225,21.84917],[88.8225,21.84833],[88.82222,21.84806],[88.82222,21.84778],[88.82166,21.84722],[88.82166,21.84695],[88.82139,21.84667],[88.82138,21.84639],[88.82056,21.84556],[88.82056,21.845],[88.82,21.84444],[88.82,21.84389],[88.81973,21.84361],[88.81972,21.84333],[88.81944,21.84306],[88.81944,21.8425],[88.81917,21.84222],[88.81917,21.84139],[88.81861,21.84083],[88.81861,21.84028],[88.81889,21.84],[88.81889,21.83945],[88.81917,21.83917],[88.81917,21.83861],[88.81972,21.83806],[88.81972,21.83778],[88.81944,21.8375],[88.81944,21.83723],[88.81973,21.83694],[88.81972,21.83528],[88.82,21.835],[88.82,21.83472],[88.82027,21.83445],[88.82027,21.83389],[88.82056,21.83361],[88.82056,21.83333],[88.82083,21.83306],[88.82083,21.83222],[88.82112,21.83194],[88.82112,21.82806],[88.82138,21.82778],[88.82138,21.82583],[88.82112,21.82556],[88.82111,21.825],[88.82,21.82389],[88.82,21.82361],[88.81889,21.8225],[88.81889,21.82223],[88.81834,21.82167],[88.81834,21.82139],[88.8175,21.82055],[88.8175,21.82028],[88.81695,21.81972],[88.81695,21.81945],[88.81662,21.81912],[88.81611,21.81861],[88.81611,21.81806],[88.81583,21.81778],[88.81583,21.8175],[88.81555,21.81722],[88.81555,21.81694],[88.81528,21.81667],[88.81528,21.81639],[88.815,21.8161],[88.815,21.81556],[88.81472,21.81528],[88.81472,21.815],[88.81416,21.81444],[88.81416,21.81389],[88.81361,21.81333],[88.81361,21.81306],[88.81306,21.8125],[88.81306,21.81195],[88.8125,21.81139],[88.8125,21.81111],[88.81223,21.81083],[88.81223,21.81056],[88.81194,21.81029],[88.81194,21.81],[88.81167,21.80972],[88.81167,21.80945],[88.81111,21.80889],[88.81084,21.80889],[88.81084,21.80861],[88.81084,21.80833],[88.80945,21.80695],[88.80945,21.80667],[88.80417,21.80139],[88.80417,21.80112],[88.80027,21.79722],[88.80028,21.79694],[88.79833,21.795],[88.79806,21.795],[88.79806,21.79472],[88.79723,21.79389],[88.79723,21.79361],[88.79639,21.79278],[88.79639,21.7925],[88.79583,21.79193],[88.79555,21.79195],[88.795,21.79139],[88.79472,21.79139],[88.79444,21.79167],[88.79389,21.79167],[88.79361,21.79195],[88.79333,21.79195],[88.79305,21.79222],[88.79278,21.79222],[88.7925,21.7925],[88.79222,21.7925],[88.79167,21.79304],[88.79139,21.79306],[88.79111,21.79333],[88.79083,21.79333],[88.78972,21.79445],[88.78972,21.79472],[88.78917,21.79528],[88.78917,21.79556],[88.78889,21.79583],[88.78889,21.79639],[88.78972,21.79722],[88.79028,21.79722],[88.79056,21.7975],[88.79083,21.79722],[88.79222,21.79722],[88.7925,21.7975],[88.79278,21.7975],[88.79473,21.79944],[88.79472,21.79972],[88.795,21.8],[88.795,21.80056],[88.79528,21.80083],[88.79528,21.80139],[88.79556,21.80167],[88.79555,21.80555],[88.79528,21.80584],[88.79528,21.80945],[88.795,21.80972],[88.795,21.81056],[88.79472,21.81083],[88.79472,21.81139],[88.79444,21.81167],[88.79444,21.8125],[88.79361,21.81333],[88.79333,21.81333],[88.79278,21.81389],[88.7925,21.81389],[88.79222,21.81417],[88.79222,21.81444],[88.79195,21.81472],[88.79195,21.815],[88.79056,21.81639],[88.79056,21.81667],[88.79028,21.81694],[88.79028,21.81722],[88.79,21.8175],[88.79,21.81778],[88.78944,21.81833],[88.78944,21.82083],[88.78972,21.82111],[88.78972,21.82139],[88.78944,21.82139],[88.78889,21.82195],[88.78861,21.82195],[88.78806,21.8225],[88.78806,21.82306],[88.78555,21.82556],[88.78528,21.82556],[88.785,21.82583],[88.78445,21.82583],[88.78416,21.82611],[88.78306,21.82611],[88.78278,21.82639],[88.7825,21.82639],[88.78221,21.82667],[88.78167,21.82667],[88.78139,21.82639],[88.78056,21.82639],[88.78028,21.82667],[88.77667,21.82667],[88.77639,21.82694],[88.77361,21.82694],[88.77347,21.8268],[88.77333,21.82667],[88.76945,21.82667],[88.76916,21.82694],[88.76833,21.82694],[88.76806,21.82722],[88.7675,21.82722],[88.76723,21.8275],[88.76694,21.8275],[88.76639,21.82806],[88.76611,21.82806],[88.76611,21.82861],[88.76583,21.82889],[88.76583,21.83055],[88.76611,21.83083],[88.76611,21.83167],[88.76639,21.83194],[88.76639,21.8325],[88.76667,21.83278],[88.76667,21.83333],[88.76694,21.83361],[88.76694,21.835],[88.76722,21.83528],[88.76723,21.83611],[88.7675,21.83639],[88.7675,21.83833],[88.76778,21.83861],[88.76778,21.84027],[88.76806,21.84056],[88.76806,21.84083],[88.76833,21.84111],[88.76833,21.84194],[88.76861,21.84222],[88.76861,21.84278],[88.76889,21.84306],[88.76889,21.84333],[88.76917,21.84361],[88.76917,21.84389],[88.76945,21.84417],[88.76945,21.84445],[88.76972,21.84472],[88.76972,21.845],[88.77,21.84528],[88.77,21.84556],[88.77055,21.84611],[88.77055,21.84667],[88.77084,21.84695],[88.77084,21.85194],[88.77111,21.85221],[88.77111,21.85278],[88.77139,21.85306],[88.77139,21.85333],[88.77167,21.85361],[88.77194,21.85361],[88.77222,21.85389],[88.7725,21.85389],[88.77278,21.85417],[88.77333,21.85417],[88.77361,21.85444],[88.77445,21.85444],[88.77463,21.85463],[88.77472,21.85472],[88.77528,21.85472],[88.77611,21.85528],[88.77638,21.85542],[88.77666,21.85556],[88.77695,21.85556],[88.77713,21.85574],[88.77722,21.85583],[88.77805,21.85583],[88.77834,21.85611],[88.77861,21.85611],[88.77875,21.85625],[88.77889,21.85639],[88.77944,21.85639],[88.77972,21.85667],[88.78,21.85667],[88.78167,21.85833],[88.78167,21.85861],[88.78195,21.85889],[88.78195,21.85944],[88.78221,21.85972],[88.78221,21.86028],[88.78194,21.86056],[88.78194,21.86111],[88.78167,21.8614],[88.78167,21.86167],[88.78111,21.86222],[88.78083,21.86222],[88.78028,21.86278],[88.78,21.86278],[88.77944,21.86333],[88.77917,21.86333],[88.77901,21.86349],[88.77889,21.86361],[88.77861,21.86361],[88.77695,21.86528],[88.77695,21.86583],[88.77666,21.86611],[88.77695,21.86639],[88.77695,21.86695],[88.7775,21.8675],[88.7775,21.86778],[88.77805,21.86833],[88.77861,21.86833],[88.77889,21.86861],[88.77917,21.86861],[88.77972,21.86917],[88.78,21.86917],[88.78139,21.87056],[88.78139,21.87083],[88.78222,21.87167],[88.78222,21.87195],[88.78389,21.87361],[88.78389,21.87389],[88.78555,21.87556],[88.78555,21.87583],[88.78569,21.87597],[88.78611,21.8764],[88.78639,21.87639],[88.78769,21.87769],[88.78776,21.87776],[88.78806,21.87806],[88.78833,21.87806],[88.78861,21.87833],[88.78889,21.87833],[88.78917,21.87861]]],[[[88.80585,22.08311],[88.8062,22.0828],[88.80656,22.08251],[88.80696,22.08229],[88.80746,22.08219],[88.80797,22.08204],[88.80847,22.08193],[88.80892,22.08179],[88.80938,22.08169],[88.80988,22.08161],[88.81036,22.08143],[88.81085,22.08134],[88.81119,22.0812],[88.81152,22.08113],[88.81187,22.0811],[88.81225,22.08105],[88.81267,22.08089],[88.81316,22.08084],[88.81364,22.0808],[88.81412,22.08071],[88.81458,22.08059],[88.81502,22.08058],[88.81541,22.08071],[88.8158,22.08091],[88.81619,22.08117],[88.8166,22.08144],[88.81703,22.08174],[88.81747,22.08198],[88.81789,22.08224],[88.81832,22.0825],[88.81874,22.08278],[88.81917,22.08302],[88.81962,22.08314],[88.81997,22.08331],[88.82027,22.08344],[88.82055,22.08363],[88.82086,22.08388],[88.82127,22.08414],[88.82175,22.08436],[88.82227,22.0845],[88.82276,22.08467],[88.82329,22.08477],[88.82377,22.08495],[88.82429,22.08506],[88.82472,22.08528],[88.82512,22.08554],[88.82554,22.08582],[88.82599,22.0861],[88.82652,22.08633],[88.82716,22.08631],[88.82778,22.08603],[88.82827,22.08565],[88.8288,22.08528],[88.82929,22.08491],[88.8297,22.08445],[88.83006,22.08396],[88.83041,22.08351],[88.83077,22.08311],[88.83109,22.08271],[88.83131,22.08231],[88.83145,22.08185],[88.83164,22.08138],[88.83179,22.08085],[88.83199,22.08028],[88.83222,22.07976],[88.83246,22.07927],[88.83262,22.0788],[88.83278,22.07842],[88.83293,22.07805],[88.83309,22.07764],[88.8333,22.07721],[88.83345,22.07672],[88.83361,22.07624],[88.83379,22.07583],[88.83395,22.07547],[88.83416,22.07521],[88.83436,22.07498],[88.83454,22.07474],[88.83474,22.07449],[88.83492,22.0742],[88.83497,22.07379],[88.83495,22.07333],[88.83487,22.07288],[88.83492,22.07245],[88.83519,22.07211],[88.83546,22.07173],[88.8357,22.07124],[88.8359,22.07074],[88.8361,22.07031],[88.8363,22.06989],[88.83642,22.06942],[88.83654,22.06887],[88.83662,22.06827],[88.83662,22.06761],[88.83651,22.06693],[88.83621,22.06634],[88.83575,22.06588],[88.83521,22.06551],[88.83472,22.06518],[88.83433,22.06496],[88.83401,22.06492],[88.83378,22.06507],[88.83358,22.06532],[88.83345,22.06566],[88.83337,22.06598],[88.83331,22.06635],[88.83323,22.06671],[88.83309,22.06706],[88.83296,22.06746],[88.8327,22.06786],[88.83229,22.06831],[88.83184,22.06876],[88.83143,22.06929],[88.83111,22.06984],[88.83083,22.07036],[88.83053,22.07082],[88.83012,22.07118],[88.8295,22.07137],[88.82921,22.07143],[88.82877,22.0715],[88.82808,22.07141],[88.82745,22.07129],[88.82697,22.07109],[88.82656,22.07085],[88.82618,22.07065],[88.82581,22.07057],[88.82552,22.07066],[88.825,22.07],[88.82472,22.07],[88.82444,22.06972],[88.82361,22.06972],[88.82361,22.06944],[88.82389,22.06917],[88.82361,22.06889],[88.82361,22.06861],[88.8232,22.0684],[88.82282,22.06813],[88.82237,22.06788],[88.82196,22.06754],[88.82154,22.06711],[88.82103,22.06666],[88.82047,22.06617],[88.8199,22.06569],[88.81942,22.06514],[88.81912,22.06446],[88.81878,22.06383],[88.81831,22.06336],[88.81769,22.06309],[88.81699,22.06297],[88.8163,22.06297],[88.81565,22.06284],[88.81509,22.06261],[88.81457,22.06246],[88.81417,22.06226],[88.81377,22.06216],[88.81345,22.06201],[88.81308,22.06195],[88.8127,22.06195],[88.81233,22.06202],[88.81202,22.06215],[88.81168,22.06221],[88.81139,22.06227],[88.81119,22.06242],[88.81106,22.06265],[88.81093,22.06289],[88.81098,22.06316],[88.81139,22.06361],[88.81111,22.06389],[88.81084,22.06389],[88.81055,22.06361],[88.81046,22.06357],[88.81007,22.06339],[88.80966,22.06343],[88.80931,22.06368],[88.80897,22.06406],[88.80852,22.06442],[88.80801,22.06476],[88.80749,22.06509],[88.80695,22.06536],[88.80639,22.06557],[88.80582,22.06576],[88.80565,22.06576],[88.80521,22.06574],[88.8046,22.06557],[88.804,22.06537],[88.80347,22.06509],[88.80314,22.0647],[88.80286,22.06427],[88.80252,22.06391],[88.80218,22.06353],[88.80193,22.06299],[88.80172,22.0624],[88.80163,22.06178],[88.8015,22.06123],[88.80136,22.06077],[88.80119,22.06043],[88.8011,22.06007],[88.80099,22.05974],[88.80085,22.05939],[88.80074,22.059],[88.8005,22.05863],[88.80019,22.05826],[88.79978,22.05792],[88.79939,22.05752],[88.79898,22.05718],[88.79859,22.05684],[88.79817,22.05654],[88.7977,22.05635],[88.79727,22.05617],[88.7968,22.05612],[88.79632,22.0561],[88.79582,22.05605],[88.79533,22.05588],[88.79474,22.05578],[88.79415,22.05566],[88.79355,22.05579],[88.79297,22.05588],[88.79253,22.0561],[88.79218,22.05642],[88.79191,22.05679],[88.7916,22.05721],[88.79126,22.05764],[88.79098,22.0581],[88.79084,22.0586],[88.79076,22.05904],[88.7906,22.05936],[88.79052,22.0597],[88.79034,22.05996],[88.79018,22.06028],[88.78997,22.06064],[88.78972,22.06083],[88.78889,22.06167],[88.78864,22.06166],[88.78838,22.0617],[88.78806,22.06189],[88.78765,22.06208],[88.78743,22.0626],[88.78751,22.0633],[88.78767,22.064],[88.78784,22.06469],[88.78809,22.06531],[88.78839,22.06594],[88.78866,22.06664],[88.78866,22.0673],[88.78869,22.06791],[88.78864,22.0685],[88.7886,22.06912],[88.78854,22.06977],[88.78845,22.0704],[88.78833,22.07083],[88.78833,22.07111],[88.78806,22.07139],[88.78778,22.07139],[88.7875,22.07167],[88.7875,22.07194],[88.78739,22.07205],[88.78722,22.07222],[88.78667,22.07167],[88.78667,22.07139],[88.78694,22.07111],[88.78697,22.07099],[88.78727,22.07045],[88.78739,22.06986],[88.78731,22.06923],[88.78731,22.06858],[88.78731,22.06791],[88.78744,22.06722],[88.78742,22.06659],[88.78726,22.06603],[88.78715,22.06552],[88.78698,22.06509],[88.78687,22.06467],[88.78672,22.0643],[88.78662,22.06388],[88.78647,22.06347],[88.78638,22.06289],[88.78633,22.06226],[88.78613,22.06184],[88.78594,22.0615],[88.78577,22.06118],[88.78557,22.06088],[88.78539,22.06049],[88.78525,22.06],[88.785,22.05954],[88.7848,22.05907],[88.78473,22.05857],[88.78471,22.0581],[88.7846,22.05767],[88.78447,22.05722],[88.78445,22.05673],[88.78442,22.05621],[88.78432,22.05571],[88.78419,22.05518],[88.78413,22.05461],[88.78397,22.05409],[88.78388,22.05351],[88.78375,22.05292],[88.78361,22.05234],[88.78344,22.05176],[88.78333,22.05115],[88.7832,22.05058],[88.78306,22.05005],[88.7829,22.04957],[88.78269,22.04918],[88.78242,22.04883],[88.78197,22.0486],[88.7815,22.04839],[88.78124,22.04836],[88.78102,22.04844],[88.78077,22.04862],[88.78049,22.04888],[88.78017,22.04917],[88.77981,22.04948],[88.77946,22.04985],[88.77917,22.05029],[88.77884,22.05073],[88.77846,22.0511],[88.77805,22.05142],[88.77761,22.05169],[88.77718,22.05198],[88.77676,22.05228],[88.77637,22.05262],[88.77595,22.05292],[88.77554,22.05317],[88.77528,22.05334],[88.775,22.05334],[88.77472,22.05361],[88.77417,22.05361],[88.77389,22.05389],[88.77361,22.05388],[88.77333,22.05417],[88.77306,22.05417],[88.77296,22.05428],[88.77265,22.05441],[88.7725,22.05445],[88.77223,22.05445],[88.77194,22.05472],[88.77167,22.05445],[88.77111,22.05445],[88.77084,22.05417],[88.77031,22.05417],[88.76988,22.05417],[88.76945,22.05417],[88.76902,22.05417],[88.76858,22.05417],[88.76814,22.05416],[88.76768,22.05411],[88.76723,22.05393],[88.76675,22.05388],[88.7663,22.05383],[88.76597,22.05367],[88.76562,22.05362],[88.76527,22.05361],[88.76491,22.05358],[88.76454,22.05344],[88.76414,22.05335],[88.76372,22.05333],[88.76333,22.05338],[88.76298,22.05357],[88.76261,22.05361],[88.76224,22.05362],[88.76185,22.05367],[88.76146,22.05383],[88.76097,22.05393],[88.76046,22.05416],[88.7599,22.05436],[88.75924,22.05444],[88.75854,22.05451],[88.75791,22.05473],[88.75729,22.05497],[88.75659,22.0551],[88.75591,22.05529],[88.75524,22.05552],[88.75453,22.05564],[88.75387,22.05584],[88.75323,22.05603],[88.75256,22.0561],[88.75224,22.05611],[88.75194,22.05611],[88.75134,22.05604],[88.75096,22.05587],[88.75056,22.0558],[88.75018,22.05572],[88.74979,22.0559],[88.74946,22.0562],[88.74916,22.05654],[88.74889,22.05686],[88.74863,22.05713],[88.74843,22.05742],[88.7483,22.05779],[88.74809,22.05817],[88.74798,22.0587],[88.74794,22.0593],[88.74807,22.05985],[88.74832,22.06032],[88.74856,22.06076],[88.74884,22.06116],[88.74908,22.06158],[88.74932,22.06198],[88.7495,22.0624],[88.74973,22.06274],[88.74996,22.06307],[88.75008,22.06352],[88.75026,22.06395],[88.75039,22.0644],[88.75057,22.06483],[88.7508,22.06522],[88.75093,22.06564],[88.7511,22.06606],[88.75124,22.0665],[88.7514,22.06692],[88.75165,22.0673],[88.75188,22.06772],[88.75211,22.0682],[88.75243,22.06865],[88.75273,22.06913],[88.75298,22.06966],[88.75315,22.07024],[88.75335,22.07079],[88.75358,22.07127],[88.75371,22.07175],[88.7539,22.07218],[88.7541,22.07258],[88.75428,22.07302],[88.75452,22.07339],[88.75483,22.07374],[88.75507,22.07411],[88.75532,22.07441],[88.75552,22.07469],[88.75555,22.07501],[88.75584,22.07528],[88.75584,22.07559],[88.75591,22.07589],[88.75607,22.07623],[88.75615,22.07673],[88.75638,22.07722],[88.75664,22.07774],[88.75697,22.07826],[88.75739,22.07879],[88.75779,22.07939],[88.75825,22.07992],[88.75869,22.08036],[88.7591,22.08076],[88.75954,22.08111],[88.76006,22.08139],[88.76062,22.08165],[88.76126,22.08181],[88.7619,22.08197],[88.76245,22.08222],[88.76297,22.08245],[88.7635,22.08254],[88.76394,22.08274],[88.76446,22.08283],[88.76495,22.08304],[88.76548,22.08326],[88.76601,22.08351],[88.76656,22.08376],[88.76714,22.08394],[88.76768,22.08418],[88.76816,22.08442],[88.76858,22.08464],[88.76887,22.08493],[88.76908,22.08525],[88.7694,22.08549],[88.76975,22.08547],[88.76997,22.08546],[88.77068,22.08517],[88.77122,22.08502],[88.77155,22.0851],[88.77164,22.08538],[88.77151,22.08582],[88.77108,22.08627],[88.77036,22.08647],[88.77077,22.08676],[88.77125,22.08719],[88.77173,22.08758],[88.77218,22.08792],[88.77249,22.08826],[88.77273,22.08857],[88.77293,22.08888],[88.77316,22.08918],[88.77341,22.08954],[88.77368,22.08996],[88.77399,22.09038],[88.77431,22.09083],[88.7746,22.09129],[88.77484,22.09178],[88.77508,22.09222],[88.77529,22.09261],[88.77551,22.09293],[88.77565,22.09328],[88.77583,22.09359],[88.77599,22.0939],[88.77613,22.09423],[88.7763,22.09452],[88.77638,22.09484],[88.77646,22.09517],[88.77661,22.09547],[88.77666,22.09585],[88.77671,22.09627],[88.77689,22.09668],[88.77695,22.09715],[88.77698,22.09764],[88.77711,22.09808],[88.77721,22.09854],[88.77724,22.09901],[88.77739,22.09948],[88.77751,22.09998],[88.7777,22.10047],[88.7779,22.10097],[88.77808,22.10153],[88.77834,22.10206],[88.77863,22.10256],[88.779,22.103],[88.77946,22.10335],[88.77991,22.10367],[88.78031,22.10404],[88.78072,22.10433],[88.78111,22.10459],[88.78151,22.10484],[88.78189,22.10508],[88.78221,22.10538],[88.78249,22.10571],[88.78273,22.10606],[88.783,22.10638],[88.78333,22.10667],[88.78375,22.10694],[88.78427,22.10717],[88.78493,22.10727],[88.78556,22.10746],[88.7862,22.1075],[88.78679,22.1075],[88.78731,22.10753],[88.78781,22.10767],[88.7883,22.10777],[88.7888,22.10778],[88.78929,22.10778],[88.78976,22.10778],[88.79022,22.1078],[88.79066,22.10789],[88.79109,22.10804],[88.79158,22.10813],[88.79204,22.10831],[88.79255,22.10841],[88.79305,22.10858],[88.79357,22.10863],[88.79407,22.10879],[88.79457,22.10889],[88.7951,22.109],[88.79568,22.10914],[88.79628,22.10917],[88.79689,22.10913],[88.79746,22.10894],[88.79803,22.10889],[88.79853,22.10873],[88.7989,22.10836],[88.79928,22.10794],[88.79959,22.10744],[88.79979,22.10688],[88.8,22.10639],[88.80017,22.10592],[88.80026,22.10545],[88.80032,22.10498],[88.80043,22.10454],[88.80034,22.10404],[88.80029,22.10352],[88.8002,22.103],[88.79994,22.10255],[88.79961,22.10213],[88.79924,22.10172],[88.79891,22.10131],[88.79865,22.1009],[88.79849,22.10045],[88.79836,22.09997],[88.79829,22.0995],[88.79819,22.09907],[88.79828,22.09867],[88.79834,22.09834],[88.79845,22.09808],[88.79863,22.09784],[88.79888,22.09756],[88.79917,22.0972],[88.79952,22.09684],[88.79996,22.09656],[88.80043,22.09623],[88.80085,22.09586],[88.80128,22.09547],[88.80164,22.09503],[88.8019,22.09455],[88.80208,22.09405],[88.80226,22.09359],[88.80244,22.09313],[88.80247,22.09261],[88.80241,22.09209],[88.80226,22.09161],[88.80211,22.09116],[88.80194,22.09073],[88.80176,22.09034],[88.80164,22.0899],[88.80148,22.08952],[88.80142,22.08915],[88.8015,22.0888],[88.80167,22.08846],[88.80187,22.0881],[88.80205,22.08768],[88.80224,22.08727],[88.80247,22.08687],[88.80267,22.08644],[88.80294,22.08606],[88.80321,22.08568],[88.80347,22.08527],[88.80376,22.08487],[88.80409,22.08453],[88.80443,22.0842],[88.80478,22.08392],[88.80518,22.08369],[88.80553,22.08342],[88.80585,22.08311]]],[[[88.7449,21.97984],[88.74539,21.97974],[88.74587,21.97972],[88.74641,21.97972],[88.74699,21.97969],[88.74759,21.97951],[88.74825,21.97938],[88.74887,21.97916],[88.74944,21.97889],[88.74973,21.97889],[88.75,21.97861],[88.75028,21.97861],[88.75056,21.97833],[88.75083,21.97833],[88.75111,21.97806],[88.75139,21.97806],[88.75195,21.9775],[88.75222,21.9775],[88.75305,21.97667],[88.75333,21.97667],[88.75333,21.97639],[88.75417,21.97556],[88.75417,21.97528],[88.75472,21.97472],[88.75472,21.97445],[88.75452,21.97381],[88.75446,21.97323],[88.75444,21.97263],[88.7544,21.97208],[88.7542,21.97158],[88.75407,21.97103],[88.75388,21.97049],[88.75362,21.96998],[88.75339,21.96948],[88.75325,21.96894],[88.75305,21.96844],[88.75286,21.96795],[88.75273,21.96742],[88.75254,21.96697],[88.75247,21.96653],[88.75231,21.96618],[88.75223,21.96585],[88.75219,21.96551],[88.75204,21.96523],[88.75191,21.96488],[88.75169,21.96452],[88.75154,21.96404],[88.75137,21.96353],[88.75112,21.96302],[88.75093,21.9625],[88.75073,21.962],[88.75047,21.96158],[88.75028,21.96114],[88.75012,21.96068],[88.74998,21.96025],[88.74979,21.95986],[88.74969,21.95943],[88.7495,21.95903],[88.74945,21.95858],[88.74944,21.95811],[88.74947,21.95766],[88.74965,21.95727],[88.74976,21.95681],[88.74996,21.95635],[88.75005,21.95579],[88.7503,21.95529],[88.75071,21.95485],[88.7512,21.95446],[88.75178,21.95417],[88.75236,21.95389],[88.75292,21.95361],[88.75349,21.95335],[88.7541,21.95314],[88.75476,21.953],[88.75542,21.95281],[88.75613,21.95274],[88.75681,21.95251],[88.7575,21.95229],[88.7582,21.95208],[88.75887,21.95185],[88.75951,21.95161],[88.76016,21.95137],[88.76077,21.9511],[88.76129,21.95077],[88.76173,21.95036],[88.76222,21.95],[88.7627,21.94965],[88.76312,21.94922],[88.76354,21.94881],[88.76388,21.94835],[88.76419,21.9479],[88.76454,21.94753],[88.76491,21.9472],[88.76529,21.94686],[88.76572,21.94651],[88.76619,21.94613],[88.76674,21.9458],[88.76725,21.9454],[88.76779,21.9451],[88.76833,21.94487],[88.76883,21.94467],[88.76927,21.94443],[88.76966,21.94417],[88.77003,21.94389],[88.77039,21.94363],[88.77077,21.9434],[88.77114,21.94318],[88.77157,21.94301],[88.77197,21.94278],[88.77241,21.94259],[88.77288,21.9424],[88.77336,21.9422],[88.77379,21.94198],[88.77423,21.94186],[88.77462,21.9417],[88.77504,21.94164],[88.77545,21.9415],[88.77584,21.94145],[88.7762,21.94162],[88.77659,21.9417],[88.7769,21.94188],[88.77728,21.94201],[88.77763,21.94223],[88.77799,21.94249],[88.77838,21.94274],[88.77876,21.94295],[88.77906,21.94321],[88.77937,21.94343],[88.77958,21.94375],[88.77977,21.94409],[88.78001,21.94443],[88.78028,21.94478],[88.78053,21.94519],[88.78069,21.94568],[88.7809,21.94618],[88.78112,21.94667],[88.78139,21.94714],[88.78165,21.9476],[88.78186,21.94804],[88.78208,21.94845],[88.78226,21.94883],[88.7825,21.94914],[88.78277,21.94943],[88.78304,21.94972],[88.78324,21.95005],[88.78341,21.95045],[88.78371,21.95082],[88.7841,21.9512],[88.78446,21.95165],[88.78496,21.95202],[88.78544,21.95237],[88.78596,21.95261],[88.78645,21.95265],[88.7869,21.95232],[88.78722,21.95178],[88.78742,21.95118],[88.78731,21.95053],[88.78742,21.95001],[88.78746,21.94986],[88.78746,21.94918],[88.78726,21.94852],[88.78722,21.94785],[88.78716,21.94719],[88.78698,21.9466],[88.78694,21.94596],[88.78694,21.94528],[88.78694,21.94458],[88.78695,21.9439],[88.78702,21.94329],[88.78712,21.94303],[88.78723,21.94279],[88.7875,21.94234],[88.78779,21.94189],[88.78812,21.94146],[88.78852,21.94108],[88.7889,21.94071],[88.78931,21.94043],[88.78976,21.94022],[88.79017,21.93999],[88.79055,21.93977],[88.79104,21.93968],[88.79152,21.93949],[88.79208,21.93943],[88.79269,21.93944],[88.79331,21.93944],[88.79394,21.93943],[88.79456,21.93947],[88.79516,21.9396],[88.79578,21.93975],[88.79637,21.93996],[88.79706,21.94],[88.79778,21.94],[88.79849,21.94],[88.79918,21.93997],[88.79982,21.9398],[88.80047,21.93974],[88.80111,21.93971],[88.80171,21.93965],[88.8022,21.93947],[88.8027,21.93937],[88.80313,21.93916],[88.80356,21.93889],[88.80402,21.93858],[88.80447,21.93819],[88.80494,21.93781],[88.80528,21.93735],[88.80556,21.9369],[88.80579,21.93648],[88.80583,21.93602],[88.80583,21.93558],[88.8058,21.93515],[88.80563,21.93476],[88.80556,21.93417],[88.80556,21.93389],[88.80527,21.93362],[88.80527,21.93306],[88.80473,21.9325],[88.80473,21.93222],[88.80361,21.93111],[88.80334,21.93111],[88.80334,21.93083],[88.80288,21.93037],[88.80222,21.92972],[88.80222,21.92945],[88.80055,21.92778],[88.80055,21.92749],[88.8,21.92695],[88.8,21.92667],[88.79945,21.92611],[88.79939,21.92593],[88.799,21.92567],[88.79858,21.92542],[88.7981,21.92521],[88.7976,21.92498],[88.79713,21.92472],[88.79666,21.92445],[88.79619,21.92417],[88.79572,21.92389],[88.79523,21.92361],[88.79472,21.92333],[88.79417,21.92304],[88.79364,21.92267],[88.79316,21.92221],[88.79271,21.92172],[88.79224,21.9213],[88.79179,21.92095],[88.79134,21.92068],[88.79083,21.92053],[88.79032,21.92032],[88.78972,21.92028],[88.78942,21.92028],[88.78915,21.92028],[88.7888,21.92033],[88.78847,21.92049],[88.78805,21.92059],[88.78764,21.92078],[88.78716,21.92091],[88.7867,21.92112],[88.78636,21.92133],[88.78627,21.92139],[88.78583,21.92166],[88.78535,21.92188],[88.78494,21.92214],[88.78468,21.92225],[88.78449,21.92233],[88.7841,21.92256],[88.78372,21.9228],[88.78339,21.92307],[88.78305,21.92336],[88.78269,21.92362],[88.78235,21.92389],[88.782,21.92417],[88.78162,21.92443],[88.7812,21.92466],[88.78082,21.92499],[88.7804,21.9253],[88.77998,21.92562],[88.77953,21.92586],[88.77908,21.92612],[88.77866,21.92639],[88.77821,21.92661],[88.77772,21.92675],[88.77731,21.92697],[88.7771,21.92712],[88.77694,21.92724],[88.77656,21.92751],[88.77616,21.92777],[88.7757,21.92799],[88.77515,21.92811],[88.77462,21.92834],[88.77406,21.92858],[88.77344,21.92877],[88.77277,21.92892],[88.77216,21.92916],[88.77155,21.9294],[88.77088,21.92953],[88.77022,21.92969],[88.76953,21.92974],[88.76889,21.92987],[88.76829,21.92998],[88.7677,21.93005],[88.7672,21.93024],[88.76669,21.93028],[88.76619,21.93028],[88.76569,21.93028],[88.76519,21.93033],[88.7647,21.93052],[88.76416,21.93056],[88.76357,21.93056],[88.76295,21.93058],[88.76232,21.93072],[88.76168,21.93081],[88.76106,21.93075],[88.76043,21.93063],[88.75985,21.93079],[88.75928,21.93083],[88.75877,21.93081],[88.75831,21.93067],[88.75785,21.93059],[88.75737,21.93065],[88.75687,21.93072],[88.75638,21.93059],[88.75583,21.93051],[88.7553,21.93032],[88.75466,21.93028],[88.754,21.93024],[88.7534,21.93],[88.75281,21.92978],[88.75221,21.92967],[88.75175,21.92945],[88.75133,21.92926],[88.75089,21.92914],[88.75054,21.92891],[88.75014,21.92875],[88.74973,21.92861],[88.74931,21.92848],[88.7489,21.92831],[88.74854,21.92807],[88.74814,21.92786],[88.74774,21.92762],[88.74728,21.92738],[88.74687,21.92699],[88.74638,21.92656],[88.74585,21.92612],[88.74539,21.92565],[88.74501,21.92519],[88.74471,21.92479],[88.74442,21.92447],[88.74413,21.92418],[88.7438,21.92389],[88.74345,21.9236],[88.7431,21.92327],[88.74277,21.92296],[88.74242,21.9227],[88.74205,21.92247],[88.7417,21.92225],[88.74129,21.92212],[88.74091,21.92198],[88.74051,21.92202],[88.74012,21.92219],[88.73969,21.92225],[88.73931,21.92244],[88.73917,21.9225],[88.73889,21.92278],[88.73805,21.92278],[88.73778,21.92306],[88.7375,21.92306],[88.73722,21.92333],[88.73695,21.92333],[88.73639,21.92389],[88.73556,21.92389],[88.73528,21.92417],[88.73473,21.92417],[88.73444,21.92445],[88.73389,21.92444],[88.73361,21.92472],[88.73333,21.92472],[88.73278,21.92528],[88.73245,21.92586],[88.73222,21.92625],[88.73204,21.92657],[88.73194,21.9269],[88.73183,21.9272],[88.7317,21.92749],[88.73159,21.92783],[88.73141,21.92813],[88.73125,21.92847],[88.7311,21.9288],[88.73093,21.92909],[88.73078,21.92935],[88.73059,21.92957],[88.73045,21.92982],[88.7303,21.93013],[88.7302,21.93048],[88.73,21.93083],[88.73,21.93111],[88.72945,21.93167],[88.72945,21.93194],[88.72889,21.9325],[88.72889,21.93278],[88.72833,21.93333],[88.72833,21.93361],[88.72722,21.93472],[88.72722,21.935],[88.72472,21.9375],[88.72472,21.93833],[88.72361,21.93944],[88.72389,21.93972],[88.72389,21.94056],[88.72361,21.94083],[88.72361,21.94139],[88.72334,21.94167],[88.72305,21.94195],[88.72295,21.94212],[88.72271,21.94237],[88.7224,21.94263],[88.72224,21.94297],[88.72227,21.94334],[88.72246,21.94372],[88.7225,21.94415],[88.7225,21.9446],[88.72255,21.94508],[88.72273,21.94551],[88.7228,21.94604],[88.72294,21.94655],[88.72306,21.94704],[88.72318,21.94746],[88.72331,21.94779],[88.72334,21.9481],[88.72334,21.94837],[88.72334,21.94862],[88.72361,21.94889],[88.72361,21.94944],[88.72389,21.94972],[88.72389,21.95222],[88.72361,21.9525],[88.72334,21.9525],[88.72334,21.95583],[88.72361,21.95611],[88.72361,21.95639],[88.72334,21.95667],[88.72334,21.95833],[88.72305,21.95861],[88.72305,21.95889],[88.72292,21.95915],[88.7228,21.9595],[88.72278,21.95986],[88.72282,21.96019],[88.72296,21.96047],[88.72305,21.96075],[88.72305,21.96105],[88.72305,21.96136],[88.72306,21.96166],[88.72305,21.96196],[88.723,21.96225],[88.72282,21.96251],[88.72278,21.96285],[88.72278,21.96325],[88.72278,21.96371],[88.72282,21.96421],[88.72299,21.96472],[88.7232,21.96519],[88.72327,21.96557],[88.72316,21.96585],[88.72302,21.96611],[88.72283,21.9664],[88.72278,21.96678],[88.72283,21.96724],[88.72301,21.96772],[88.72309,21.96829],[88.72326,21.96884],[88.72337,21.9694],[88.72356,21.96988],[88.72366,21.97033],[88.72384,21.97063],[88.72397,21.97091],[88.72417,21.97116],[88.72433,21.97142],[88.72443,21.97172],[88.72445,21.97204],[88.72443,21.97234],[88.72432,21.97262],[88.72415,21.97292],[88.72392,21.97331],[88.72373,21.97382],[88.72389,21.97437],[88.72415,21.97493],[88.72437,21.9755],[88.72447,21.97613],[88.72463,21.97673],[88.72473,21.97736],[88.72489,21.97794],[88.72506,21.97845],[88.72544,21.97885],[88.72598,21.97916],[88.7263,21.97908],[88.72661,21.979],[88.72726,21.97908],[88.7279,21.97949],[88.72858,21.97945],[88.72923,21.97944],[88.72987,21.97945],[88.73051,21.97945],[88.73116,21.97945],[88.73181,21.97945],[88.73247,21.97945],[88.73312,21.97944],[88.73377,21.97945],[88.73442,21.97944],[88.73506,21.9794],[88.73565,21.97921],[88.7362,21.97917],[88.73669,21.97916],[88.73712,21.97917],[88.73751,21.97917],[88.73792,21.97917],[88.73837,21.97917],[88.73886,21.97916],[88.73939,21.97917],[88.73991,21.97921],[88.74039,21.9794],[88.74086,21.97947],[88.74125,21.97958],[88.74163,21.9797],[88.74209,21.97974],[88.74259,21.97982],[88.74314,21.97997],[88.74375,21.98],[88.74435,21.97997],[88.7449,21.97984]]],[[[88.92468,21.76229],[88.92523,21.76223],[88.92574,21.76222],[88.92622,21.76218],[88.92664,21.76201],[88.9271,21.76195],[88.92761,21.76194],[88.92816,21.76195],[88.92875,21.76195],[88.92937,21.76195],[88.92999,21.76195],[88.93062,21.7619],[88.93113,21.7617],[88.93122,21.7617],[88.9325,21.76167],[88.93277,21.76195],[88.93389,21.76195],[88.93389,21.76167],[88.93417,21.76167],[88.93445,21.76139],[88.93472,21.76139],[88.935,21.76111],[88.93611,21.76111],[88.93639,21.76083],[88.93639,21.76056],[88.93723,21.76056],[88.9375,21.76028],[88.93833,21.76028],[88.93861,21.76],[88.93945,21.76],[88.93972,21.75972],[88.94,21.75972],[88.94028,21.75945],[88.94055,21.75945],[88.94083,21.75917],[88.94139,21.75917],[88.94167,21.75889],[88.94222,21.75889],[88.9425,21.75861],[88.94301,21.7586],[88.94351,21.75852],[88.94396,21.75837],[88.94447,21.75831],[88.94498,21.75811],[88.94554,21.75806],[88.94611,21.75802],[88.94663,21.75782],[88.94695,21.7575],[88.94722,21.75778],[88.94777,21.75778],[88.94833,21.75722],[88.94861,21.75722],[88.94917,21.75667],[88.94945,21.75667],[88.95028,21.75582],[88.95055,21.75583],[88.95084,21.75556],[88.95111,21.75556],[88.95139,21.75528],[88.95194,21.75528],[88.95222,21.755],[88.9525,21.755],[88.95277,21.75472],[88.95361,21.75472],[88.95389,21.75445],[88.95417,21.75445],[88.95464,21.75434],[88.95506,21.7542],[88.95549,21.75413],[88.95588,21.75399],[88.95627,21.75391],[88.95667,21.75389],[88.95708,21.75388],[88.95738,21.75388],[88.95751,21.75388],[88.95769,21.75388],[88.95795,21.75389],[88.95828,21.75388],[88.9584,21.75388],[88.95883,21.75384],[88.95922,21.75371],[88.95963,21.75363],[88.96005,21.75361],[88.9605,21.7536],[88.96095,21.75356],[88.96144,21.75338],[88.96201,21.75327],[88.96259,21.75304],[88.9632,21.75275],[88.96379,21.75239],[88.96432,21.75196],[88.96481,21.75153],[88.96511,21.75103],[88.96524,21.75047],[88.96527,21.74996],[88.96526,21.7495],[88.96522,21.74906],[88.96521,21.74862],[88.96513,21.74819],[88.96504,21.74774],[88.96501,21.74727],[88.965,21.74679],[88.965,21.74658],[88.96498,21.7463],[88.96492,21.74578],[88.96482,21.74519],[88.96487,21.74456],[88.96497,21.74385],[88.96507,21.74312],[88.96529,21.74248],[88.96555,21.74193],[88.96581,21.74143],[88.9661,21.74099],[88.96642,21.74055],[88.9668,21.74012],[88.96729,21.73979],[88.96785,21.73951],[88.96841,21.73934],[88.9689,21.7392],[88.96936,21.73912],[88.96983,21.73905],[88.97029,21.73899],[88.97072,21.7391],[88.97111,21.73919],[88.97145,21.73933],[88.97181,21.73942],[88.97219,21.7395],[88.97258,21.73967],[88.97303,21.73977],[88.97343,21.73997],[88.97387,21.74012],[88.97427,21.74031],[88.97465,21.74056],[88.97503,21.74083],[88.97546,21.7411],[88.97595,21.74138],[88.97623,21.74152],[88.97649,21.74166],[88.97704,21.74199],[88.97755,21.74241],[88.9781,21.74284],[88.97861,21.74331],[88.97919,21.74373],[88.97979,21.7441],[88.98042,21.74443],[88.98104,21.74473],[88.98166,21.74502],[88.98225,21.74531],[88.98284,21.7456],[88.98318,21.74574],[88.98344,21.74584],[88.98405,21.74605],[88.9847,21.7461],[88.98531,21.74605],[88.9858,21.74585],[88.98624,21.74558],[88.98669,21.74533],[88.98712,21.74507],[88.98748,21.74472],[88.98775,21.7443],[88.98794,21.74383],[88.98804,21.74332],[88.98804,21.74281],[88.98798,21.74234],[88.98782,21.74194],[88.98769,21.74151],[88.9875,21.74113],[88.98723,21.74074],[88.98698,21.74032],[88.98663,21.73992],[88.98621,21.73958],[88.98574,21.73932],[88.98535,21.73897],[88.985,21.73864],[88.98457,21.73833],[88.98417,21.73806],[88.98379,21.73778],[88.98343,21.73749],[88.98308,21.73719],[88.9827,21.73689],[88.98221,21.7366],[88.98166,21.73634],[88.98152,21.73628],[88.98106,21.73607],[88.98048,21.73582],[88.97996,21.73555],[88.9795,21.73528],[88.97909,21.735],[88.97867,21.73475],[88.9782,21.73458],[88.97774,21.73442],[88.97758,21.73432],[88.97733,21.73417],[88.97722,21.73417],[88.97639,21.73333],[88.97639,21.7325],[88.97611,21.73222],[88.97611,21.73167],[88.97528,21.73083],[88.97528,21.73056],[88.97472,21.73],[88.97472,21.72972],[88.97361,21.72861],[88.97361,21.72833],[88.97305,21.72778],[88.97305,21.7275],[88.97139,21.72584],[88.97139,21.72556],[88.97083,21.725],[88.97083,21.72472],[88.97028,21.72417],[88.97028,21.72389],[88.96972,21.72333],[88.96972,21.72305],[88.96945,21.72278],[88.96944,21.72],[88.96972,21.71971],[88.96972,21.71917],[88.97,21.71889],[88.97,21.71861],[88.97028,21.71833],[88.97028,21.71806],[88.97056,21.71778],[88.97056,21.7175],[88.97222,21.71583],[88.97222,21.71556],[88.9725,21.71528],[88.97278,21.71528],[88.97389,21.71417],[88.97417,21.71417],[88.97472,21.71361],[88.975,21.71361],[88.97528,21.71333],[88.97556,21.71333],[88.97583,21.71306],[88.97611,21.71306],[88.97722,21.71195],[88.9775,21.71195],[88.97806,21.71139],[88.97889,21.71139],[88.98055,21.70972],[88.98083,21.70972],[88.98139,21.70917],[88.98167,21.70917],[88.98333,21.7075],[88.98333,21.70722],[88.98361,21.70694],[88.98361,21.70667],[88.98388,21.70639],[88.98333,21.70583],[88.98275,21.7055],[88.98219,21.70532],[88.98164,21.70519],[88.98115,21.70502],[88.98067,21.70487],[88.9802,21.70468],[88.97975,21.70446],[88.97929,21.70427],[88.97884,21.70408],[88.9787,21.70401],[88.97841,21.70385],[88.97801,21.70358],[88.97764,21.70329],[88.97727,21.703],[88.97689,21.70271],[88.97652,21.7024],[88.9762,21.70206],[88.97591,21.70169],[88.97561,21.70136],[88.97529,21.70103],[88.97503,21.70065],[88.97477,21.70023],[88.97453,21.69981],[88.97418,21.69944],[88.97374,21.69909],[88.97335,21.69886],[88.97325,21.6988],[88.97305,21.69861],[88.97222,21.69861],[88.97165,21.69917],[88.97139,21.69917],[88.97111,21.69945],[88.97083,21.69944],[88.97028,21.7],[88.97,21.7],[88.96944,21.70056],[88.96917,21.70056],[88.96861,21.70111],[88.96833,21.70111],[88.96806,21.70139],[88.96778,21.70139],[88.9675,21.70167],[88.96722,21.70167],[88.96694,21.70195],[88.96195,21.70195],[88.96167,21.70167],[88.96083,21.70167],[88.9603,21.70169],[88.95988,21.70178],[88.95947,21.70189],[88.95904,21.70194],[88.95861,21.70201],[88.9582,21.70216],[88.95774,21.70226],[88.95727,21.7024],[88.95677,21.70249],[88.95629,21.70256],[88.95584,21.70271],[88.95538,21.70276],[88.95493,21.70277],[88.95445,21.70278],[88.95397,21.70279],[88.9535,21.70283],[88.95324,21.70281],[88.95304,21.7028],[88.95259,21.70278],[88.95215,21.70276],[88.95168,21.70271],[88.9512,21.70255],[88.95074,21.70246],[88.95024,21.70233],[88.94979,21.70251],[88.94936,21.70279],[88.94896,21.70315],[88.94862,21.70361],[88.94832,21.70411],[88.94806,21.70417],[88.94806,21.70445],[88.94666,21.70583],[88.94639,21.70583],[88.94611,21.70611],[88.94583,21.70611],[88.94444,21.7075],[88.94417,21.7075],[88.94361,21.70806],[88.94334,21.70806],[88.94306,21.70833],[88.94278,21.70833],[88.9425,21.70861],[88.94222,21.70861],[88.94196,21.70889],[88.94167,21.70889],[88.94111,21.70944],[88.94083,21.70944],[88.94028,21.71],[88.94,21.71],[88.93972,21.71028],[88.93945,21.71028],[88.93916,21.71056],[88.9389,21.71056],[88.93861,21.71084],[88.93833,21.71084],[88.93806,21.71111],[88.93777,21.71111],[88.93777,21.71139],[88.9375,21.71139],[88.93694,21.71195],[88.93667,21.71194],[88.93611,21.7125],[88.93584,21.7125],[88.935,21.71333],[88.93472,21.71333],[88.93417,21.7139],[88.93389,21.7139],[88.93361,21.71417],[88.93305,21.71417],[88.93277,21.71445],[88.9325,21.71445],[88.93222,21.71472],[88.93195,21.71472],[88.93139,21.71528],[88.93111,21.71528],[88.93083,21.71556],[88.93056,21.71556],[88.93,21.71611],[88.92973,21.71611],[88.92944,21.71639],[88.92917,21.71639],[88.92889,21.71667],[88.92861,21.71667],[88.92834,21.71694],[88.92805,21.71694],[88.92778,21.71722],[88.9275,21.71722],[88.92722,21.7175],[88.92694,21.7175],[88.92667,21.71778],[88.92639,21.71778],[88.92611,21.71806],[88.92583,21.71806],[88.92528,21.71861],[88.925,21.71861],[88.92472,21.71889],[88.92445,21.71889],[88.92416,21.71917],[88.92389,21.71917],[88.92361,21.71944],[88.92333,21.71944],[88.92306,21.71972],[88.92278,21.71971],[88.92278,21.72],[88.9225,21.72028],[88.9225,21.72111],[88.92278,21.72139],[88.92278,21.72167],[88.92306,21.72194],[88.92321,21.722],[88.92339,21.7224],[88.92362,21.72278],[88.92391,21.72318],[88.92426,21.72362],[88.92479,21.72412],[88.92498,21.72445],[88.92543,21.72524],[88.92575,21.72582],[88.926,21.72639],[88.92636,21.72679],[88.92667,21.72725],[88.92696,21.72778],[88.92722,21.72836],[88.9275,21.72898],[88.92778,21.72963],[88.92805,21.73027],[88.92833,21.73084],[88.92858,21.73137],[88.92881,21.73184],[88.9291,21.73223],[88.92938,21.7326],[88.92957,21.73305],[88.92974,21.73349],[88.92995,21.73388],[88.93002,21.73426],[88.93004,21.73444],[88.93,21.73472],[88.93111,21.73583],[88.93111,21.73639],[88.93083,21.73639],[88.93056,21.73667],[88.93083,21.73694],[88.93083,21.73807],[88.93056,21.73806],[88.93027,21.73833],[88.93028,21.73917],[88.93056,21.73945],[88.93028,21.73945],[88.93027,21.73972],[88.93056,21.74],[88.93056,21.74139],[88.93028,21.74167],[88.93027,21.74222],[88.93,21.7425],[88.93,21.74388],[88.92973,21.74417],[88.92973,21.745],[88.92944,21.74528],[88.92942,21.74585],[88.92931,21.74626],[88.92915,21.74669],[88.92912,21.74717],[88.92908,21.74771],[88.92891,21.74839],[88.92874,21.74891],[88.92852,21.74923],[88.92836,21.74964],[88.92825,21.75006],[88.92809,21.75044],[88.92799,21.75087],[88.92785,21.75116],[88.9278,21.75126],[88.92763,21.7517],[88.92748,21.75215],[88.92728,21.75256],[88.92718,21.75304],[88.92732,21.75351],[88.92727,21.75399],[88.9272,21.75436],[88.92709,21.75458],[88.92693,21.7548],[88.92673,21.75508],[88.92656,21.7554],[88.92651,21.75586],[88.92647,21.75607],[88.92621,21.75647],[88.92613,21.75681],[88.92561,21.75716],[88.92533,21.7575],[88.92502,21.75785],[88.92467,21.75821],[88.92427,21.75853],[88.9239,21.75894],[88.92354,21.75938],[88.92311,21.75981],[88.92274,21.7603],[88.92236,21.76075],[88.92225,21.7613],[88.92238,21.76186],[88.92283,21.76235],[88.92344,21.76268],[88.92409,21.76251],[88.92468,21.76229]]],[[[88.78416,21.73889],[88.78527,21.73778],[88.78611,21.73778],[88.78694,21.73694],[88.78639,21.73639],[88.78622,21.73612],[88.78593,21.73594],[88.78548,21.73576],[88.78498,21.73555],[88.78446,21.73533],[88.78384,21.73526],[88.7832,21.73515],[88.78257,21.73498],[88.78211,21.73478],[88.78198,21.73473],[88.78143,21.73445],[88.7809,21.73415],[88.78048,21.73383],[88.78001,21.73357],[88.77954,21.73332],[88.77908,21.73304],[88.77866,21.7327],[88.77829,21.7323],[88.77788,21.73191],[88.77767,21.73169],[88.77747,21.73147],[88.77691,21.73109],[88.77667,21.73085],[88.77636,21.73085],[88.77599,21.73096],[88.77562,21.73112],[88.77528,21.73136],[88.77489,21.73151],[88.77451,21.73167],[88.77411,21.73186],[88.77366,21.73194],[88.77319,21.73195],[88.7727,21.73195],[88.7722,21.73195],[88.7717,21.73194],[88.77118,21.73195],[88.77065,21.73199],[88.77014,21.73219],[88.76958,21.73236],[88.769,21.73248],[88.76843,21.7325],[88.76787,21.7325],[88.76733,21.7325],[88.76681,21.73246],[88.76634,21.73223],[88.76585,21.73204],[88.76528,21.73216],[88.76476,21.73219],[88.76432,21.73228],[88.7639,21.73246],[88.76366,21.73249],[88.76347,21.7325],[88.76302,21.73256],[88.7626,21.73274],[88.76212,21.7328],[88.76168,21.73291],[88.76127,21.73303],[88.76083,21.73306],[88.76039,21.73306],[88.75992,21.73306],[88.75941,21.73306],[88.75886,21.73308],[88.75831,21.73322],[88.75773,21.73332],[88.75716,21.73335],[88.75666,21.73341],[88.75632,21.73374],[88.75607,21.73409],[88.75584,21.73439],[88.75564,21.73468],[88.75557,21.73503],[88.7555,21.73541],[88.75532,21.7358],[88.75527,21.73631],[88.7552,21.73688],[88.75503,21.73746],[88.75492,21.73811],[88.75475,21.7387],[88.75471,21.73924],[88.75465,21.73977],[88.75451,21.74031],[88.75452,21.74088],[88.7545,21.74144],[88.75443,21.74196],[88.75431,21.74245],[88.75423,21.74293],[88.75436,21.74342],[88.75446,21.74394],[88.7546,21.74446],[88.75473,21.74497],[88.75488,21.74542],[88.75502,21.74579],[88.7552,21.74606],[88.7553,21.74638],[88.75542,21.74666],[88.75556,21.74694],[88.75571,21.74723],[88.75585,21.7476],[88.75602,21.74799],[88.75613,21.74847],[88.75632,21.74897],[88.75649,21.74951],[88.75677,21.74996],[88.75713,21.75034],[88.75743,21.75076],[88.75774,21.75118],[88.75802,21.75162],[88.75839,21.752],[88.7588,21.7524],[88.75928,21.7528],[88.75977,21.75323],[88.76035,21.75358],[88.76095,21.75389],[88.76149,21.75419],[88.76191,21.75455],[88.76222,21.75494],[88.7625,21.7553],[88.76277,21.75563],[88.76278,21.75582],[88.76305,21.75611],[88.76305,21.75667],[88.76334,21.75695],[88.76361,21.75695],[88.76354,21.75714],[88.76382,21.7574],[88.76424,21.75821],[88.76439,21.75929],[88.76439,21.7605],[88.76396,21.76225],[88.7625,21.76361],[88.76195,21.76417],[88.7616,21.76475],[88.76108,21.76504],[88.76062,21.76535],[88.76026,21.76571],[88.75997,21.76606],[88.75951,21.7662],[88.75903,21.76639],[88.7585,21.76661],[88.75787,21.7667],[88.75728,21.76691],[88.75665,21.767],[88.75628,21.76713],[88.75607,21.7672],[88.75548,21.76732],[88.75494,21.76747],[88.75439,21.76755],[88.75388,21.76774],[88.75333,21.76779],[88.75281,21.76789],[88.75232,21.76806],[88.75184,21.76826],[88.75131,21.76837],[88.75082,21.76861],[88.75034,21.7689],[88.74995,21.76924],[88.74976,21.76965],[88.74985,21.77011],[88.75012,21.77049],[88.75054,21.77077],[88.75096,21.77109],[88.7514,21.77139],[88.75183,21.77171],[88.75219,21.7721],[88.75253,21.77252],[88.75286,21.77291],[88.75328,21.77314],[88.75369,21.77337],[88.7541,21.77362],[88.75452,21.7739],[88.75494,21.77424],[88.75531,21.77464],[88.75569,21.77502],[88.75598,21.77544],[88.75617,21.77588],[88.75639,21.7762],[88.75662,21.77645],[88.75681,21.77669],[88.75697,21.77696],[88.75722,21.77724],[88.75749,21.77755],[88.75778,21.77791],[88.7581,21.77827],[88.75846,21.77861],[88.75882,21.77893],[88.75914,21.7793],[88.75945,21.7797],[88.75984,21.77999],[88.76027,21.78028],[88.7607,21.78056],[88.76116,21.78085],[88.76161,21.7812],[88.76205,21.78163],[88.76255,21.78205],[88.76305,21.7825],[88.76355,21.78298],[88.76408,21.7834],[88.76453,21.78389],[88.76494,21.7844],[88.76527,21.78494],[88.76556,21.78549],[88.76584,21.78599],[88.76611,21.78642],[88.76637,21.78679],[88.76658,21.78716],[88.7667,21.78756],[88.76693,21.78795],[88.76715,21.78838],[88.76734,21.78889],[88.76755,21.78942],[88.76778,21.78994],[88.768,21.79045],[88.76807,21.79099],[88.76811,21.79148],[88.76822,21.79192],[88.76832,21.7923],[88.76836,21.79266],[88.76838,21.793],[88.76856,21.79331],[88.76871,21.79367],[88.7688,21.79413],[88.76872,21.79469],[88.76894,21.79518],[88.76917,21.79566],[88.7694,21.79614],[88.76949,21.79668],[88.76969,21.79714],[88.76984,21.79762],[88.77001,21.79809],[88.77021,21.79855],[88.77039,21.79901],[88.77058,21.79945],[88.77083,21.79985],[88.77109,21.80026],[88.77139,21.80068],[88.77167,21.80114],[88.77197,21.8016],[88.77212,21.80178],[88.7723,21.80202],[88.77264,21.80237],[88.77297,21.8027],[88.77325,21.80304],[88.77356,21.80336],[88.77382,21.8037],[88.77399,21.80412],[88.77422,21.80449],[88.77446,21.80485],[88.77473,21.80518],[88.77501,21.8055],[88.77526,21.80579],[88.77542,21.8061],[88.77557,21.80639],[88.77576,21.80662],[88.77587,21.80692],[88.77604,21.80718],[88.77615,21.80754],[88.77632,21.80791],[88.7764,21.80837],[88.77648,21.80887],[88.77658,21.80938],[88.77667,21.80986],[88.77677,21.8103],[88.77682,21.81073],[88.77678,21.81116],[88.77668,21.81159],[88.77667,21.81206],[88.77666,21.81249],[88.7766,21.81289],[88.77644,21.81324],[88.77641,21.81362],[88.77639,21.81403],[88.77639,21.8145],[88.77634,21.81506],[88.77615,21.81562],[88.77616,21.81619],[88.77638,21.81667],[88.77663,21.81708],[88.77679,21.81746],[88.777,21.81777],[88.77724,21.81808],[88.7775,21.81849],[88.77782,21.81899],[88.77824,21.81945],[88.77866,21.81996],[88.77901,21.82041],[88.77928,21.82084],[88.77948,21.82128],[88.77969,21.82172],[88.77976,21.82228],[88.77998,21.82286],[88.78017,21.82348],[88.78044,21.82403],[88.78082,21.82443],[88.78124,21.82473],[88.78166,21.825],[88.78211,21.82519],[88.78279,21.82501],[88.78339,21.82482],[88.78391,21.82467],[88.78438,21.82447],[88.7849,21.82423],[88.78538,21.82384],[88.78585,21.82337],[88.7863,21.8229],[88.78664,21.82242],[88.7869,21.822],[88.78709,21.82166],[88.78724,21.82136],[88.78738,21.82107],[88.78751,21.82076],[88.78764,21.82041],[88.78775,21.82003],[88.78783,21.81961],[88.78797,21.81922],[88.78805,21.81881],[88.78807,21.81839],[88.78814,21.81801],[88.7883,21.81767],[88.78844,21.81728],[88.78861,21.81687],[88.78881,21.81645],[88.78901,21.81601],[88.78926,21.81564],[88.78957,21.81533],[88.78991,21.81507],[88.79021,21.81477],[88.7905,21.81443],[88.79079,21.81406],[88.79111,21.81366],[88.79147,21.8133],[88.79178,21.8129],[88.79202,21.81247],[88.7923,21.81212],[88.79254,21.81175],[88.79279,21.81137],[88.79305,21.81101],[88.79324,21.81062],[88.79339,21.81018],[88.79356,21.80974],[88.7936,21.80923],[88.79362,21.8087],[88.79366,21.80815],[88.79378,21.8076],[88.79389,21.8075],[88.79389,21.80611],[88.79417,21.80583],[88.79417,21.80222],[88.79411,21.80161],[88.79391,21.80109],[88.79376,21.8006],[88.79356,21.80022],[88.79333,21.79993],[88.79303,21.79969],[88.79265,21.7995],[88.79214,21.7994],[88.79166,21.79921],[88.79111,21.79913],[88.7906,21.79892],[88.79005,21.79883],[88.78958,21.79864],[88.7891,21.79852],[88.7887,21.79832],[88.78832,21.79807],[88.78795,21.79777],[88.7876,21.79738],[88.78735,21.79688],[88.78725,21.79632],[88.78726,21.7958],[88.78741,21.79535],[88.78764,21.79497],[88.7879,21.79463],[88.7881,21.79425],[88.78838,21.7939],[88.78873,21.79355],[88.78917,21.79319],[88.78966,21.7928],[88.79021,21.79242],[88.79072,21.79193],[88.79119,21.79142],[88.79153,21.79111],[88.79171,21.79095],[88.79226,21.79054],[88.79282,21.79009],[88.79337,21.78968],[88.7939,21.78923],[88.7944,21.78879],[88.79478,21.78834],[88.795,21.78806],[88.79583,21.78722],[88.79583,21.78611],[88.79556,21.78583],[88.79571,21.78574],[88.7955,21.78541],[88.79529,21.78515],[88.7951,21.78482],[88.79491,21.7845],[88.79463,21.78421],[88.79426,21.78394],[88.79397,21.78346],[88.79353,21.78299],[88.79317,21.78239],[88.79263,21.78189],[88.79218,21.78135],[88.79176,21.78084],[88.79135,21.78032],[88.79092,21.77978],[88.79054,21.77917],[88.7901,21.77862],[88.78967,21.77814],[88.78928,21.77778],[88.78898,21.77746],[88.78879,21.77713],[88.7886,21.7768],[88.78841,21.77646],[88.78817,21.77612],[88.78789,21.77579],[88.78763,21.77542],[88.78733,21.7751],[88.78722,21.775],[88.78472,21.7725],[88.78472,21.77222],[88.78417,21.77167],[88.78416,21.77083],[88.78389,21.77056],[88.78389,21.77028],[88.78362,21.76992],[88.7834,21.76962],[88.78327,21.76928],[88.7831,21.76896],[88.78302,21.76859],[88.78286,21.76824],[88.78275,21.76784],[88.7825,21.7675],[88.7825,21.76722],[88.78222,21.76695],[88.78222,21.76278],[88.7825,21.7625],[88.7825,21.76083],[88.78278,21.76056],[88.78278,21.75917],[88.78306,21.75889],[88.78306,21.75833],[88.78333,21.75806],[88.78333,21.75722],[88.78361,21.75695],[88.78361,21.75667],[88.78389,21.75639],[88.78389,21.75611],[88.78416,21.75582],[88.78417,21.75556],[88.78555,21.75417],[88.78555,21.75389],[88.78611,21.75333],[88.78611,21.75306],[88.78639,21.75278],[88.78639,21.7525],[88.78667,21.75222],[88.78667,21.75194],[88.78778,21.75083],[88.78778,21.75055],[88.78825,21.75034],[88.78854,21.75005],[88.78872,21.7497],[88.78883,21.74934],[88.78887,21.74893],[88.7889,21.74849],[88.78891,21.74802],[88.78889,21.74749],[88.78887,21.74694],[88.78878,21.74642],[88.78861,21.74597],[88.78836,21.74559],[88.78805,21.74528],[88.78768,21.74502],[88.7875,21.745],[88.78694,21.74444],[88.78667,21.74444],[88.78611,21.74389],[88.78584,21.74389],[88.78445,21.7425],[88.78445,21.74222],[88.78389,21.74167],[88.78389,21.74082],[88.78361,21.74056],[88.78389,21.74028],[88.78389,21.73944],[88.78417,21.73917],[88.78416,21.73889]]],[[[88.8179,22.12303],[88.8182,22.12294],[88.81847,22.12294],[88.81879,22.12304],[88.81918,22.12306],[88.81965,22.12306],[88.82023,22.12306],[88.82083,22.12306],[88.82143,22.12306],[88.82198,22.12306],[88.82244,22.12308],[88.82281,22.1232],[88.82308,22.12331],[88.82342,22.12333],[88.82383,22.12335],[88.82427,22.12345],[88.82475,22.12358],[88.82527,22.12363],[88.82578,22.12371],[88.82623,22.12386],[88.82668,22.12393],[88.82705,22.12409],[88.82746,22.12416],[88.82789,22.1242],[88.82828,22.12437],[88.82874,22.12445],[88.82927,22.12455],[88.8299,22.1247],[88.83061,22.12471],[88.83135,22.12461],[88.83202,22.12443],[88.83261,22.12421],[88.8332,22.12417],[88.83375,22.12412],[88.83423,22.12393],[88.83473,22.12388],[88.83518,22.12381],[88.83554,22.12364],[88.83594,22.1235],[88.83638,22.12336],[88.8369,22.1233],[88.83743,22.12315],[88.83806,22.12306],[88.83868,22.12296],[88.83924,22.12277],[88.83975,22.12254],[88.84034,22.12245],[88.84088,22.12223],[88.84142,22.12201],[88.84196,22.12181],[88.84251,22.12164],[88.84296,22.12136],[88.84335,22.12102],[88.84375,22.1207],[88.84418,22.1204],[88.84464,22.12009],[88.84519,22.1198],[88.84573,22.11942],[88.84618,22.11891],[88.8466,22.11838],[88.84694,22.11783],[88.84718,22.11725],[88.84724,22.11662],[88.84733,22.11602],[88.84747,22.11546],[88.84752,22.11488],[88.84764,22.1143],[88.84776,22.11366],[88.84778,22.11297],[88.84781,22.11225],[88.84798,22.11154],[88.84805,22.11082],[88.84805,22.11011],[88.84806,22.10943],[88.84809,22.1088],[88.84825,22.10825],[88.84832,22.10768],[88.84834,22.10711],[88.84838,22.10656],[88.84857,22.10609],[88.84864,22.10561],[88.8488,22.10522],[88.84888,22.10486],[88.84897,22.10452],[88.84913,22.10426],[88.84924,22.10397],[88.84943,22.10373],[88.84961,22.10344],[88.84982,22.10311],[88.85013,22.10278],[88.8505,22.10242],[88.85089,22.102],[88.85131,22.1016],[88.85168,22.10114],[88.85207,22.10073],[88.8525,22.10041],[88.85291,22.10013],[88.85323,22.09981],[88.8535,22.09947],[88.85383,22.09912],[88.85419,22.09874],[88.85463,22.09834],[88.85513,22.09793],[88.85569,22.09751],[88.85625,22.09708],[88.85678,22.09663],[88.85722,22.09612],[88.8577,22.09564],[88.85818,22.09517],[88.85871,22.09476],[88.85928,22.0944],[88.8598,22.09397],[88.86039,22.0936],[88.86096,22.09321],[88.86153,22.09278],[88.86209,22.09236],[88.86267,22.09196],[88.86327,22.09158],[88.86378,22.09114],[88.86433,22.09077],[88.8648,22.09035],[88.86531,22.08999],[88.86582,22.08963],[88.86633,22.08924],[88.86689,22.08888],[88.86736,22.08845],[88.86771,22.08795],[88.86788,22.08742],[88.86803,22.08695],[88.86806,22.08645],[88.86806,22.08596],[88.86803,22.08547],[88.86794,22.08502],[88.86776,22.08464],[88.86749,22.08436],[88.86717,22.08423],[88.86666,22.08435],[88.8662,22.08442],[88.86578,22.08451],[88.86535,22.08463],[88.86491,22.08468],[88.8645,22.08472],[88.86417,22.08482],[88.86388,22.08496],[88.86352,22.08509],[88.8631,22.08521],[88.86261,22.08527],[88.86214,22.08533],[88.86171,22.08544],[88.86122,22.08551],[88.86072,22.08556],[88.86026,22.08563],[88.85986,22.08578],[88.85947,22.08589],[88.85908,22.08603],[88.85861,22.08615],[88.85814,22.08631],[88.85765,22.08638],[88.85716,22.08646],[88.85666,22.08661],[88.8561,22.08676],[88.8555,22.08691],[88.85489,22.08706],[88.85428,22.08724],[88.85368,22.08742],[88.85304,22.08759],[88.85234,22.08763],[88.85167,22.08775],[88.85104,22.08789],[88.85043,22.08805],[88.84986,22.08824],[88.84927,22.08842],[88.84861,22.08857],[88.84795,22.08875],[88.84727,22.08887],[88.84662,22.08901],[88.84592,22.08911],[88.84526,22.08918],[88.84464,22.08928],[88.84409,22.08944],[88.84356,22.08965],[88.84296,22.08987],[88.84233,22.08995],[88.84178,22.09003],[88.84136,22.09017],[88.8412,22.0904],[88.84119,22.09065],[88.84128,22.0909],[88.84138,22.09117],[88.84151,22.09141],[88.84162,22.09168],[88.84179,22.09196],[88.84198,22.09232],[88.84217,22.09273],[88.84237,22.09314],[88.84253,22.09361],[88.84274,22.09403],[88.84298,22.09444],[88.84325,22.09481],[88.84351,22.09522],[88.84377,22.0957],[88.84402,22.09627],[88.84417,22.09694],[88.84415,22.09715],[88.84408,22.09749],[88.84401,22.09776],[88.84393,22.09802],[88.84372,22.09809],[88.84357,22.09809],[88.84343,22.09796],[88.84336,22.09782],[88.84329,22.09756],[88.84315,22.09743],[88.84311,22.09685],[88.84293,22.09643],[88.84278,22.09593],[88.84257,22.09547],[88.8423,22.09503],[88.84196,22.09467],[88.84161,22.09427],[88.84141,22.0938],[88.84122,22.09332],[88.84104,22.09283],[88.84089,22.09223],[88.84075,22.09167],[88.84055,22.09125],[88.84033,22.09093],[88.84011,22.09071],[88.83983,22.09051],[88.83947,22.0904],[88.83912,22.09048],[88.83895,22.09079],[88.83881,22.09093],[88.83866,22.09113],[88.8383,22.09113],[88.8383,22.09086],[88.83845,22.09019],[88.83866,22.08992],[88.83873,22.0899],[88.839,22.0898],[88.83916,22.08972],[88.83944,22.08966],[88.83982,22.08944],[88.84019,22.08924],[88.8406,22.08909],[88.84099,22.08894],[88.84139,22.08885],[88.84178,22.08872],[88.84217,22.08865],[88.8426,22.08861],[88.84304,22.08858],[88.84348,22.08847],[88.84397,22.08836],[88.84451,22.08825],[88.84508,22.08806],[88.84569,22.08787],[88.84637,22.08779],[88.84701,22.08772],[88.84765,22.08757],[88.84827,22.08749],[88.84886,22.08739],[88.84943,22.08727],[88.85002,22.08716],[88.85057,22.087],[88.85111,22.08685],[88.85159,22.0866],[88.85213,22.08646],[88.85281,22.0863],[88.85352,22.08609],[88.85422,22.08597],[88.85487,22.08591],[88.85548,22.08586],[88.85605,22.08577],[88.85655,22.08565],[88.85707,22.08552],[88.85751,22.08537],[88.85799,22.08526],[88.85846,22.08515],[88.85892,22.08502],[88.8594,22.08489],[88.8598,22.08469],[88.86022,22.08445],[88.86065,22.08431],[88.86108,22.08432],[88.86153,22.08433],[88.86195,22.08423],[88.86241,22.08416],[88.86285,22.08407],[88.86326,22.08394],[88.86334,22.08394],[88.86472,22.08389],[88.865,22.08361],[88.86611,22.08361],[88.86639,22.08333],[88.86694,22.08333],[88.8675,22.08278],[88.8675,22.0825],[88.86723,22.08222],[88.86701,22.08221],[88.86671,22.08209],[88.86644,22.0819],[88.86617,22.08167],[88.86585,22.08146],[88.8654,22.08131],[88.86495,22.08113],[88.86448,22.08099],[88.86403,22.08085],[88.86357,22.08075],[88.86317,22.0806],[88.86269,22.08052],[88.86221,22.08041],[88.86169,22.08032],[88.86113,22.08029],[88.86057,22.08028],[88.86,22.08028],[88.85944,22.08028],[88.85887,22.08028],[88.8583,22.08029],[88.85773,22.08033],[88.85715,22.0804],[88.8569,22.08038],[88.85653,22.08034],[88.85588,22.08034],[88.85524,22.08038],[88.85469,22.08025],[88.85418,22.08007],[88.85365,22.07996],[88.85316,22.07983],[88.85267,22.07973],[88.85217,22.07963],[88.85169,22.07949],[88.85118,22.07936],[88.85073,22.07916],[88.85032,22.07891],[88.84993,22.07866],[88.84954,22.07842],[88.84916,22.07817],[88.84875,22.0779],[88.84828,22.07767],[88.84783,22.07731],[88.84741,22.07687],[88.84697,22.07642],[88.84653,22.07597],[88.84608,22.07552],[88.84562,22.07509],[88.84512,22.07473],[88.8446,22.07441],[88.84414,22.07411],[88.84372,22.07385],[88.8433,22.07362],[88.84281,22.07342],[88.84222,22.07328],[88.84162,22.07312],[88.84094,22.07304],[88.84026,22.07299],[88.83996,22.07297],[88.83964,22.07295],[88.83923,22.07295],[88.83883,22.07297],[88.83846,22.07301],[88.83809,22.07308],[88.83775,22.07324],[88.83742,22.07349],[88.83704,22.07379],[88.83667,22.07412],[88.83629,22.07447],[88.836,22.07483],[88.83579,22.07515],[88.83559,22.07542],[88.83541,22.07571],[88.83526,22.07597],[88.83507,22.0762],[88.83493,22.07645],[88.83476,22.07669],[88.83464,22.07697],[88.83447,22.07722],[88.83432,22.07751],[88.83416,22.07784],[88.83399,22.07822],[88.83392,22.0787],[88.83387,22.07923],[88.83379,22.07974],[88.8336,22.08016],[88.83336,22.08054],[88.83314,22.0809],[88.83299,22.0813],[88.8329,22.08175],[88.8329,22.08227],[88.83278,22.08282],[88.8325,22.08322],[88.83221,22.08361],[88.83188,22.08402],[88.83147,22.08443],[88.83099,22.08486],[88.83056,22.08532],[88.83013,22.08577],[88.82965,22.08618],[88.82915,22.08656],[88.82863,22.08691],[88.82808,22.08724],[88.82763,22.0876],[88.8273,22.08806],[88.827,22.08855],[88.82664,22.08899],[88.82626,22.08942],[88.8259,22.08983],[88.82558,22.09028],[88.82531,22.09074],[88.82494,22.09112],[88.82445,22.09139],[88.82394,22.09165],[88.82342,22.0919],[88.82292,22.0921],[88.82244,22.09232],[88.82212,22.09266],[88.82195,22.09304],[88.82182,22.09344],[88.82179,22.09387],[88.82185,22.09432],[88.82194,22.09477],[88.82207,22.09523],[88.82223,22.09574],[88.82227,22.09624],[88.82223,22.09669],[88.8222,22.09714],[88.82218,22.09761],[88.82217,22.09808],[88.82216,22.09855],[88.82215,22.099],[88.82207,22.09944],[88.82207,22.09986],[88.82203,22.10023],[88.82189,22.10065],[88.82173,22.10116],[88.82157,22.10161],[88.82142,22.1019],[88.82127,22.10217],[88.82114,22.10248],[88.82104,22.10282],[88.82091,22.10315],[88.8207,22.10347],[88.82041,22.10381],[88.81999,22.10415],[88.81934,22.10429],[88.81921,22.10442],[88.81899,22.10442],[88.81876,22.10435],[88.81885,22.10409],[88.81899,22.10395],[88.81914,22.10368],[88.81928,22.10321],[88.81942,22.10295],[88.81956,22.10248],[88.81978,22.10209],[88.82009,22.10182],[88.82024,22.10143],[88.8204,22.10102],[88.82059,22.10067],[88.82079,22.10036],[88.82095,22.09998],[88.82105,22.0995],[88.8211,22.09894],[88.8211,22.09832],[88.82107,22.09771],[88.82097,22.09715],[88.82084,22.09656],[88.82074,22.0958],[88.8207,22.09504],[88.82067,22.09438],[88.82066,22.09392],[88.82073,22.09355],[88.82082,22.09319],[88.82091,22.0928],[88.82106,22.09241],[88.82118,22.09202],[88.82136,22.09174],[88.82163,22.09157],[88.82196,22.09138],[88.82237,22.09118],[88.82289,22.09098],[88.82343,22.09073],[88.82398,22.09041],[88.82446,22.09],[88.82489,22.08953],[88.82518,22.08899],[88.82542,22.08844],[88.82549,22.08785],[88.82526,22.08729],[88.82479,22.08689],[88.82426,22.08654],[88.82366,22.08635],[88.82315,22.08612],[88.82269,22.08593],[88.82219,22.0858],[88.82172,22.08564],[88.82125,22.08553],[88.8208,22.08539],[88.82036,22.08524],[88.81998,22.085],[88.81961,22.08475],[88.81923,22.0845],[88.81887,22.08422],[88.81851,22.08396],[88.81807,22.08373],[88.81764,22.08348],[88.81722,22.0832],[88.8168,22.08293],[88.81634,22.08272],[88.81591,22.08251],[88.81548,22.08232],[88.81504,22.08218],[88.81466,22.082],[88.8142,22.08195],[88.81374,22.08194],[88.81329,22.08196],[88.81287,22.08204],[88.8125,22.08222],[88.81207,22.08244],[88.81153,22.08262],[88.81093,22.0828],[88.81033,22.08299],[88.80968,22.0831],[88.80904,22.08327],[88.8084,22.08342],[88.80781,22.08363],[88.80727,22.08389],[88.80677,22.08418],[88.80633,22.08448],[88.8059,22.08475],[88.80551,22.08508],[88.80522,22.08549],[88.80495,22.0859],[88.80469,22.08632],[88.80443,22.08674],[88.80414,22.08714],[88.80385,22.08753],[88.8036,22.08798],[88.80339,22.08847],[88.80331,22.08901],[88.80326,22.08957],[88.80331,22.0901],[88.80334,22.09059],[88.80339,22.09101],[88.80353,22.09138],[88.8036,22.09183],[88.80362,22.09231],[88.80367,22.09279],[88.80378,22.09329],[88.80375,22.09384],[88.80359,22.09439],[88.80332,22.0949],[88.803,22.09541],[88.8026,22.09588],[88.80222,22.09638],[88.80177,22.09682],[88.80125,22.0972],[88.80073,22.09756],[88.80032,22.09797],[88.80002,22.0984],[88.79983,22.09882],[88.79983,22.09923],[88.80001,22.09962],[88.80022,22.1],[88.80035,22.10045],[88.80054,22.10086],[88.80074,22.10128],[88.80097,22.10164],[88.80121,22.10198],[88.80139,22.10235],[88.80156,22.10271],[88.80164,22.10312],[88.80167,22.1036],[88.80167,22.10414],[88.80167,22.10476],[88.80167,22.10541],[88.80167,22.10605],[88.80164,22.10662],[88.80153,22.10707],[88.80139,22.10743],[88.80126,22.10777],[88.80106,22.1081],[88.8008,22.10847],[88.80046,22.10883],[88.80003,22.10916],[88.79959,22.10948],[88.79923,22.10981],[88.799,22.11017],[88.79886,22.11055],[88.79869,22.11093],[88.79887,22.11138],[88.79913,22.11188],[88.79954,22.11231],[88.8,22.11276],[88.80044,22.11323],[88.80081,22.11374],[88.80114,22.11426],[88.80149,22.11472],[88.80182,22.1152],[88.80197,22.11585],[88.80219,22.11653],[88.80226,22.11729],[88.80245,22.11804],[88.80254,22.11881],[88.80278,22.11946],[88.80305,22.12005],[88.80334,22.12059],[88.80361,22.12113],[88.80389,22.12167],[88.80417,22.12222],[88.80445,22.12279],[88.80476,22.12333],[88.80508,22.12385],[88.80545,22.12434],[88.80586,22.12482],[88.80636,22.12523],[88.80704,22.12552],[88.80778,22.12561],[88.80844,22.12581],[88.80908,22.12597],[88.80976,22.12584],[88.81043,22.12566],[88.81098,22.12541],[88.81152,22.12514],[88.81205,22.1249],[88.81258,22.1247],[88.81303,22.12446],[88.81348,22.12429],[88.81391,22.12413],[88.81429,22.12393],[88.81473,22.12384],[88.81513,22.12365],[88.81555,22.12357],[88.8159,22.12338],[88.81632,22.12333],[88.81675,22.12328],[88.81712,22.12311],[88.81752,22.12306],[88.8179,22.12303]]],[[[88.80666,21.70667],[88.80722,21.70611],[88.8075,21.70611],[88.80805,21.70556],[88.80861,21.70556],[88.80889,21.70528],[88.80917,21.70528],[88.80972,21.70471],[88.80972,21.70445],[88.81,21.70417],[88.81,21.69917],[88.80972,21.6989],[88.80972,21.69528],[88.81,21.695],[88.81,21.69389],[88.81028,21.69361],[88.81028,21.69281],[88.81014,21.69146],[88.81014,21.69012],[88.81029,21.68864],[88.81,21.68722],[88.81,21.68528],[88.80972,21.685],[88.80972,21.68333],[88.80917,21.68278],[88.80917,21.68222],[88.80889,21.68194],[88.80889,21.68028],[88.80861,21.68],[88.80861,21.67972],[88.80805,21.67917],[88.80805,21.67861],[88.80778,21.67833],[88.80778,21.67695],[88.8075,21.67667],[88.8075,21.67583],[88.80722,21.67556],[88.80722,21.67525],[88.80722,21.675],[88.8064,21.67417],[88.80611,21.67417],[88.8064,21.67389],[88.8064,21.67361],[88.80695,21.67306],[88.80695,21.66972],[88.80722,21.66944],[88.80722,21.66583],[88.80695,21.66556],[88.80695,21.66472],[88.80666,21.66444],[88.80666,21.66389],[88.80611,21.66333],[88.80611,21.66306],[88.80556,21.6625],[88.80556,21.66222],[88.80473,21.66139],[88.80473,21.66111],[88.80417,21.66056],[88.80417,21.66028],[88.80305,21.65917],[88.80305,21.65889],[88.80222,21.65806],[88.80194,21.65806],[88.80167,21.65778],[88.80139,21.65778],[88.80111,21.6575],[88.80027,21.6575],[88.8,21.65722],[88.79945,21.65722],[88.79833,21.65611],[88.79806,21.65611],[88.79778,21.65583],[88.7975,21.65583],[88.79694,21.65528],[88.79667,21.65556],[88.79444,21.65556],[88.79417,21.65583],[88.79305,21.65583],[88.79278,21.65611],[88.7925,21.65611],[88.79222,21.65639],[88.79166,21.65639],[88.79147,21.65659],[88.79139,21.65667],[88.79083,21.65667],[88.79056,21.65694],[88.79,21.65694],[88.78944,21.6575],[88.78889,21.6575],[88.78833,21.65806],[88.78806,21.65806],[88.78778,21.65833],[88.78778,21.65861],[88.78722,21.65917],[88.78722,21.65944],[88.78778,21.66],[88.78806,21.66],[88.78833,21.66028],[88.78889,21.66028],[88.78917,21.66056],[88.78972,21.66056],[88.79,21.66083],[88.79056,21.66083],[88.79083,21.66111],[88.79166,21.66111],[88.79195,21.66139],[88.7925,21.66139],[88.79278,21.66167],[88.79305,21.66167],[88.79389,21.6625],[88.79389,21.66279],[88.79417,21.66306],[88.79417,21.66333],[88.79444,21.66361],[88.79444,21.66417],[88.79417,21.66444],[88.79305,21.66333],[88.79305,21.66306],[88.7925,21.6625],[88.79083,21.6625],[88.79056,21.66222],[88.79,21.66222],[88.78972,21.66195],[88.78889,21.66195],[88.78861,21.66167],[88.7875,21.66167],[88.78694,21.66111],[88.78667,21.66111],[88.78584,21.66028],[88.785,21.66028],[88.78472,21.66],[88.78389,21.66],[88.78361,21.66028],[88.78333,21.66028],[88.78306,21.66056],[88.78278,21.66056],[88.7825,21.66083],[88.7825,21.66111],[88.78221,21.66139],[88.78194,21.66111],[88.78167,21.66139],[88.78139,21.66139],[88.78111,21.66167],[88.78083,21.66167],[88.78056,21.66195],[88.78,21.66195],[88.77972,21.66222],[88.77944,21.66222],[88.77889,21.66279],[88.77889,21.66306],[88.77917,21.66333],[88.77861,21.66333],[88.77805,21.66389],[88.77778,21.66389],[88.7775,21.66417],[88.77583,21.66417],[88.77556,21.66389],[88.77472,21.66389],[88.77444,21.66417],[88.77417,21.66417],[88.77389,21.66444],[88.77333,21.66444],[88.77306,21.66472],[88.77278,21.66472],[88.7725,21.665],[88.77167,21.665],[88.77139,21.66528],[88.77084,21.66528],[88.77055,21.66556],[88.76833,21.66556],[88.76806,21.66528],[88.76778,21.66528],[88.76769,21.66519],[88.76722,21.66472],[88.76639,21.66472],[88.76621,21.66454],[88.76583,21.66417],[88.76527,21.66417],[88.765,21.66389],[88.76334,21.66389],[88.76305,21.66361],[88.76139,21.66361],[88.7611,21.66333],[88.76083,21.66333],[88.76056,21.66306],[88.76028,21.66333],[88.76,21.66333],[88.75972,21.66306],[88.75945,21.66306],[88.75916,21.66333],[88.75889,21.66333],[88.75806,21.66417],[88.75806,21.66444],[88.75667,21.66583],[88.75667,21.66611],[88.75556,21.66722],[88.75528,21.66722],[88.74917,21.67334],[88.74889,21.67333],[88.74805,21.67417],[88.74778,21.67417],[88.74722,21.67473],[88.74695,21.67473],[88.74667,21.675],[88.74639,21.675],[88.7461,21.67528],[88.74583,21.67528],[88.74555,21.67556],[88.74528,21.67556],[88.745,21.67583],[88.74472,21.67583],[88.74445,21.67611],[88.74416,21.67611],[88.74361,21.67667],[88.74333,21.67667],[88.74306,21.67695],[88.74277,21.67695],[88.74223,21.6775],[88.74194,21.6775],[88.74084,21.67861],[88.74055,21.67861],[88.73972,21.67945],[88.73944,21.67945],[88.73889,21.68],[88.73861,21.68],[88.73833,21.68028],[88.73805,21.68028],[88.73778,21.68056],[88.7375,21.68056],[88.73722,21.68083],[88.73695,21.68083],[88.73666,21.68111],[88.73639,21.68111],[88.73611,21.68139],[88.73583,21.68139],[88.73556,21.68167],[88.735,21.68167],[88.73473,21.68194],[88.73417,21.68194],[88.73389,21.68222],[88.73361,21.68222],[88.73333,21.6825],[88.73306,21.6825],[88.73278,21.68278],[88.7325,21.68278],[88.73222,21.68306],[88.73194,21.68306],[88.73084,21.68417],[88.73084,21.68445],[88.73055,21.68472],[88.73055,21.68639],[88.73139,21.68722],[88.73194,21.68722],[88.73199,21.68728],[88.73222,21.6875],[88.73666,21.6875],[88.73722,21.68806],[88.73805,21.68806],[88.73833,21.68833],[88.73861,21.68833],[88.73889,21.68861],[88.73917,21.68861],[88.73944,21.68889],[88.73972,21.68889],[88.74,21.68917],[88.74028,21.68917],[88.74042,21.68931],[88.74055,21.68944],[88.74111,21.68944],[88.74139,21.68917],[88.74194,21.68917],[88.7425,21.68861],[88.7425,21.68833],[88.74277,21.68806],[88.74277,21.68722],[88.74306,21.68695],[88.74277,21.68667],[88.74277,21.68639],[88.7425,21.68611],[88.7425,21.68528],[88.74277,21.685],[88.74277,21.68444],[88.74333,21.68389],[88.74333,21.6836],[88.74445,21.6825],[88.74472,21.6825],[88.745,21.68222],[88.74584,21.68222],[88.74611,21.68194],[88.7475,21.68194],[88.74778,21.68222],[88.74834,21.68222],[88.74861,21.6825],[88.74916,21.6825],[88.74944,21.68278],[88.74973,21.68278],[88.75,21.68306],[88.75028,21.68306],[88.75056,21.68333],[88.7525,21.68333],[88.75278,21.68306],[88.75305,21.68306],[88.75333,21.68278],[88.75417,21.68278],[88.75445,21.6825],[88.755,21.6825],[88.75529,21.68222],[88.7575,21.68228],[88.75777,21.6825],[88.75833,21.6825],[88.75861,21.68278],[88.75916,21.68278],[88.75945,21.68306],[88.75972,21.68306],[88.76,21.68333],[88.76028,21.68333],[88.76087,21.68393],[88.76167,21.68472],[88.76167,21.685],[88.76222,21.68556],[88.76222,21.68583],[88.7625,21.68611],[88.7625,21.68639],[88.76278,21.68667],[88.76278,21.68917],[88.76305,21.68944],[88.76305,21.69083],[88.76334,21.69111],[88.76334,21.69139],[88.76389,21.69194],[88.76444,21.6925],[88.76444,21.69277],[88.76455,21.69289],[88.76472,21.69306],[88.765,21.69306],[88.76527,21.69277],[88.76583,21.69278],[88.76611,21.6925],[88.76667,21.6925],[88.76694,21.69278],[88.76889,21.69277],[88.76917,21.69306],[88.76972,21.69306],[88.76991,21.69324],[88.77,21.69333],[88.77084,21.69333],[88.77111,21.69361],[88.77222,21.69361],[88.7725,21.69389],[88.77417,21.69389],[88.77444,21.69417],[88.77472,21.69417],[88.775,21.69444],[88.77528,21.69444],[88.77556,21.69472],[88.77611,21.69472],[88.77666,21.69528],[88.77695,21.69528],[88.77722,21.69555],[88.7775,21.69555],[88.77778,21.69583],[88.77889,21.69583],[88.77926,21.6962],[88.77944,21.69639],[88.77972,21.69639],[88.78028,21.69695],[88.78083,21.69695],[88.78139,21.6975],[88.78167,21.6975],[88.78194,21.69778],[88.78222,21.69778],[88.78278,21.69834],[88.78306,21.69833],[88.78361,21.6989],[88.78389,21.6989],[88.78416,21.69917],[88.78472,21.69917],[88.785,21.69945],[88.78555,21.69944],[88.78611,21.7],[88.78639,21.7],[88.78667,21.70028],[88.78694,21.70028],[88.78722,21.70056],[88.7875,21.70056],[88.78778,21.70084],[88.78806,21.70083],[88.78833,21.70111],[88.78861,21.70111],[88.78917,21.70167],[88.78944,21.70167],[88.78972,21.70195],[88.79,21.70195],[88.79028,21.70222],[88.79056,21.70222],[88.79111,21.70278],[88.7914,21.70278],[88.79148,21.70287],[88.79166,21.70306],[88.79222,21.70306],[88.7925,21.70333],[88.79305,21.70333],[88.79333,21.70361],[88.79361,21.70389],[88.79444,21.70389],[88.79472,21.70417],[88.79528,21.70417],[88.79555,21.70445],[88.79639,21.70445],[88.79667,21.70472],[88.79723,21.70471],[88.7975,21.705],[88.79778,21.705],[88.79833,21.70556],[88.79972,21.70556],[88.79989,21.70572],[88.8,21.70583],[88.80028,21.70583],[88.80055,21.70611],[88.80111,21.70611],[88.80125,21.70625],[88.80139,21.70639],[88.80305,21.70639],[88.80334,21.70667],[88.80361,21.70667],[88.80389,21.70639],[88.80417,21.70639],[88.80473,21.70583],[88.80528,21.70583],[88.80556,21.70556],[88.80583,21.70583],[88.80583,21.70639],[88.80611,21.70667],[88.80666,21.70667]]],[[[88.94861,21.835],[88.94861,21.83444],[88.94889,21.83417],[88.94889,21.83361],[88.94917,21.83333],[88.94917,21.83278],[88.94945,21.8325],[88.94945,21.83194],[88.95,21.83139],[88.95,21.83083],[88.95028,21.83055],[88.95028,21.83028],[88.95055,21.83],[88.95055,21.82944],[88.95111,21.82889],[88.95111,21.82861],[88.95306,21.82667],[88.95306,21.82639],[88.95361,21.82583],[88.95361,21.82556],[88.9539,21.82529],[88.95417,21.82529],[88.95444,21.825],[88.95472,21.825],[88.95528,21.82444],[88.95583,21.82444],[88.95611,21.82417],[88.95639,21.82417],[88.95667,21.82389],[88.95778,21.82389],[88.95805,21.82361],[88.95889,21.82361],[88.95917,21.82333],[88.95973,21.82333],[88.96,21.82306],[88.96056,21.82306],[88.96083,21.82278],[88.96584,21.82278],[88.96611,21.8225],[88.97178,21.8225],[88.9725,21.8225],[88.97278,21.82278],[88.975,21.82278],[88.97551,21.82227],[88.97639,21.82139],[88.97639,21.82111],[88.97667,21.82083],[88.97667,21.82056],[88.97583,21.81972],[88.97583,21.81917],[88.97528,21.81861],[88.97528,21.81814],[88.97528,21.81694],[88.97444,21.81611],[88.97444,21.81472],[88.97472,21.81444],[88.97444,21.81417],[88.97444,21.81389],[88.97389,21.81333],[88.97305,21.81333],[88.97305,21.81296],[88.97305,21.81278],[88.97334,21.8125],[88.97334,21.81195],[88.97305,21.81167],[88.97305,21.81083],[88.97278,21.81056],[88.97278,21.80972],[88.9725,21.80945],[88.9725,21.80917],[88.97222,21.80889],[88.97222,21.80861],[88.97194,21.80833],[88.97195,21.80722],[88.97167,21.80695],[88.97167,21.80528],[88.97139,21.805],[88.97139,21.80445],[88.97111,21.80416],[88.97111,21.80389],[88.9705,21.80328],[88.97,21.80278],[88.96889,21.80278],[88.96861,21.80305],[88.96833,21.80305],[88.96777,21.80362],[88.9675,21.80389],[88.96722,21.80389],[88.96694,21.80417],[88.96667,21.80417],[88.96611,21.80472],[88.96555,21.80472],[88.96528,21.805],[88.965,21.805],[88.96472,21.80528],[88.96445,21.80528],[88.96389,21.80584],[88.96361,21.80583],[88.96306,21.80639],[88.9625,21.80639],[88.96222,21.80667],[88.96167,21.80667],[88.96139,21.80695],[88.96083,21.80695],[88.96056,21.80722],[88.95834,21.80722],[88.95805,21.8075],[88.95639,21.8075],[88.95611,21.80778],[88.95556,21.80778],[88.95528,21.80806],[88.95417,21.80806],[88.9541,21.80799],[88.9539,21.80778],[88.95361,21.80778],[88.95333,21.8075],[88.95306,21.8075],[88.95277,21.80722],[88.9525,21.80722],[88.95139,21.80611],[88.95111,21.80611],[88.95084,21.80583],[88.95055,21.80584],[88.95028,21.80555],[88.94945,21.80556],[88.94917,21.80528],[88.94861,21.80528],[88.94824,21.80491],[88.94806,21.80472],[88.94806,21.80417],[88.94778,21.80389],[88.94777,21.80361],[88.9475,21.80333],[88.9475,21.80305],[88.94722,21.80278],[88.94722,21.8025],[88.94611,21.80139],[88.94611,21.80112],[88.94556,21.80056],[88.94556,21.80028],[88.94527,21.8],[88.94527,21.79944],[88.945,21.79917],[88.945,21.79889],[88.94473,21.79861],[88.94473,21.79833],[88.94444,21.79806],[88.94444,21.79778],[88.94389,21.79722],[88.94389,21.79694],[88.94361,21.79667],[88.94361,21.79639],[88.9425,21.79528],[88.9425,21.79499],[88.94222,21.79472],[88.94195,21.79472],[88.94028,21.79306],[88.94028,21.79222],[88.94,21.79195],[88.94,21.79167],[88.93972,21.79139],[88.93972,21.79],[88.93945,21.78972],[88.93945,21.78944],[88.93916,21.78917],[88.93916,21.78889],[88.9389,21.78861],[88.93889,21.78778],[88.93916,21.7875],[88.93916,21.78639],[88.93945,21.78612],[88.93945,21.78555],[88.93972,21.78528],[88.93972,21.785],[88.93957,21.78432],[88.9397,21.7839],[88.9397,21.78375],[88.93997,21.78306],[88.94012,21.78279],[88.94042,21.78237],[88.94042,21.78249],[88.94111,21.78222],[88.94167,21.78167],[88.94196,21.78167],[88.94212,21.7815],[88.9425,21.78111],[88.94278,21.78111],[88.94305,21.78083],[88.94334,21.78084],[88.94361,21.78056],[88.94389,21.78056],[88.94444,21.77999],[88.94473,21.78],[88.94528,21.77944],[88.94611,21.77944],[88.94639,21.77917],[88.94695,21.77917],[88.94722,21.77889],[88.94777,21.77889],[88.94806,21.77861],[88.94889,21.77861],[88.94917,21.77833],[88.94972,21.77834],[88.95,21.77805],[88.95111,21.77806],[88.95139,21.77778],[88.95222,21.77778],[88.9525,21.7775],[88.95306,21.7775],[88.95333,21.77722],[88.95417,21.77722],[88.95444,21.77694],[88.955,21.77695],[88.95528,21.77667],[88.95583,21.77667],[88.95611,21.77639],[88.95778,21.77639],[88.95805,21.77611],[88.95861,21.77611],[88.95889,21.77583],[88.95917,21.77583],[88.95944,21.77555],[88.95973,21.77555],[88.96,21.77528],[88.96,21.775],[88.96056,21.77444],[88.96056,21.77417],[88.96083,21.77389],[88.96083,21.77361],[88.96056,21.77333],[88.96056,21.77278],[88.95889,21.77111],[88.95889,21.77083],[88.95861,21.77056],[88.95834,21.77056],[88.9577,21.76993],[88.9575,21.76972],[88.9575,21.76944],[88.95666,21.76861],[88.95639,21.76861],[88.95611,21.76833],[88.95583,21.76833],[88.95444,21.76695],[88.95417,21.76695],[88.95389,21.76667],[88.95361,21.76667],[88.95333,21.76639],[88.95306,21.76639],[88.95277,21.76611],[88.95194,21.76611],[88.95167,21.76583],[88.95139,21.76583],[88.95084,21.76528],[88.95055,21.76528],[88.95009,21.76482],[88.95,21.76472],[88.94972,21.76472],[88.94945,21.76445],[88.94917,21.76445],[88.94889,21.76417],[88.94777,21.76417],[88.9475,21.76389],[88.94722,21.76389],[88.94695,21.76417],[88.94666,21.76417],[88.94639,21.76389],[88.94611,21.76389],[88.94583,21.76417],[88.945,21.76417],[88.94473,21.76445],[88.94444,21.76445],[88.94417,21.76472],[88.94361,21.76472],[88.94334,21.76501],[88.94222,21.76501],[88.94196,21.76528],[88.94083,21.76528],[88.94055,21.76556],[88.93916,21.76556],[88.93889,21.76583],[88.93528,21.76583],[88.935,21.76556],[88.93472,21.76556],[88.93445,21.76583],[88.93417,21.76583],[88.93389,21.76611],[88.93277,21.76611],[88.9325,21.76639],[88.93195,21.76639],[88.93166,21.76667],[88.92778,21.76667],[88.9275,21.76695],[88.92555,21.76695],[88.92528,21.76667],[88.9236,21.76667],[88.92333,21.76639],[88.92306,21.76639],[88.92278,21.76611],[88.92139,21.76611],[88.92083,21.76556],[88.92056,21.76556],[88.91861,21.76361],[88.91833,21.76361],[88.91779,21.76306],[88.91779,21.7625],[88.91763,21.76235],[88.9175,21.76222],[88.9175,21.76167],[88.91722,21.76139],[88.91722,21.75889],[88.9175,21.75861],[88.9175,21.75722],[88.91639,21.75611],[88.91611,21.75611],[88.91583,21.75582],[88.915,21.75583],[88.91472,21.75556],[88.91417,21.75556],[88.91417,21.75611],[88.91405,21.75623],[88.91389,21.75639],[88.91389,21.75667],[88.91361,21.75695],[88.91361,21.75722],[88.91333,21.7575],[88.91333,21.75778],[88.91306,21.75806],[88.91306,21.75861],[88.91278,21.75889],[88.91278,21.75945],[88.9125,21.75972],[88.9125,21.76],[88.91278,21.76028],[88.91278,21.76111],[88.91333,21.76167],[88.91333,21.76194],[88.91361,21.76222],[88.91361,21.7625],[88.91389,21.76278],[88.91389,21.76306],[88.91722,21.76639],[88.9175,21.76639],[88.91944,21.76833],[88.91972,21.76833],[88.92028,21.76889],[88.92028,21.76917],[88.92056,21.76944],[88.92056,21.76972],[88.92083,21.77],[88.92083,21.77028],[88.92111,21.77056],[88.92111,21.77083],[88.92139,21.77111],[88.92111,21.77139],[88.92111,21.77194],[88.92083,21.77222],[88.92083,21.77278],[88.92056,21.77306],[88.92056,21.77361],[88.92,21.77417],[88.92,21.77472],[88.91972,21.775],[88.91972,21.77528],[88.92,21.77555],[88.92,21.77639],[88.92028,21.77667],[88.92028,21.77722],[88.92056,21.7775],[88.92056,21.77805],[88.92083,21.77833],[88.92083,21.77861],[88.92111,21.77889],[88.92111,21.77917],[88.92139,21.77944],[88.92139,21.77999],[88.92167,21.78028],[88.92167,21.78056],[88.92194,21.78083],[88.92194,21.78167],[88.92223,21.78194],[88.92223,21.7825],[88.9225,21.78278],[88.9225,21.78333],[88.92278,21.78361],[88.92278,21.78389],[88.92306,21.78417],[88.92306,21.78472],[88.92333,21.785],[88.92333,21.78556],[88.9236,21.78583],[88.9236,21.78612],[88.92416,21.78667],[88.92416,21.78722],[88.92445,21.7875],[88.92445,21.78889],[88.92416,21.78917],[88.92416,21.78944],[88.92333,21.79028],[88.92306,21.79028],[88.92278,21.79056],[88.92194,21.79056],[88.92167,21.79083],[88.92028,21.79083],[88.91972,21.79139],[88.91972,21.79193],[88.92028,21.7925],[88.92056,21.7925],[88.92078,21.79273],[88.92083,21.79278],[88.92111,21.79278],[88.92167,21.79333],[88.92194,21.79333],[88.9225,21.79389],[88.92278,21.79389],[88.92306,21.79417],[88.92333,21.79417],[88.9236,21.79445],[88.92389,21.79445],[88.92445,21.795],[88.92472,21.795],[88.92667,21.79694],[88.92694,21.79694],[88.92778,21.79778],[88.92778,21.79806],[88.92861,21.79889],[88.92861,21.79917],[88.92889,21.79944],[88.92889,21.79972],[88.92917,21.8],[88.92917,21.80112],[88.92889,21.80139],[88.92889,21.80194],[88.92861,21.80222],[88.92861,21.80278],[88.92834,21.80305],[88.92834,21.80528],[88.92861,21.80555],[88.92861,21.80584],[88.92889,21.80583],[88.92917,21.80611],[88.92944,21.80611],[88.92973,21.80639],[88.93027,21.80639],[88.93056,21.80667],[88.93083,21.80667],[88.93139,21.80722],[88.93166,21.80722],[88.93305,21.80861],[88.93305,21.80889],[88.93334,21.80917],[88.93333,21.80972],[88.93361,21.81],[88.93361,21.81056],[88.93389,21.81083],[88.93361,21.81111],[88.93361,21.8125],[88.93389,21.81278],[88.93389,21.81306],[88.93417,21.81333],[88.93417,21.81361],[88.93472,21.81417],[88.93584,21.81417],[88.93611,21.81444],[88.93694,21.81444],[88.93723,21.81472],[88.9375,21.81472],[88.93833,21.81556],[88.93833,21.81583],[88.93861,21.8161],[88.93861,21.81639],[88.93889,21.81667],[88.9389,21.81694],[88.93833,21.8175],[88.93833,21.81778],[88.93806,21.81806],[88.93806,21.81833],[88.93777,21.81861],[88.93777,21.81889],[88.93723,21.81945],[88.93723,21.82083],[88.9375,21.82111],[88.9375,21.82139],[88.93723,21.82167],[88.93723,21.82195],[88.93694,21.82223],[88.93694,21.8225],[88.93554,21.82389],[88.93528,21.82389],[88.935,21.82417],[88.935,21.82444],[88.93472,21.82444],[88.93459,21.82431],[88.93445,21.82417],[88.93417,21.82417],[88.93389,21.82389],[88.93333,21.82389],[88.93305,21.82361],[88.93222,21.82361],[88.93195,21.82389],[88.93056,21.82389],[88.93027,21.82361],[88.93,21.82361],[88.92973,21.82333],[88.92861,21.82333],[88.92834,21.82361],[88.92805,21.82361],[88.92778,21.82333],[88.92722,21.82333],[88.92667,21.82389],[88.92639,21.82389],[88.92639,21.82417],[88.92611,21.82444],[88.92611,21.82611],[88.92583,21.82639],[88.92583,21.82806],[88.92611,21.82833],[88.92611,21.82972],[88.92583,21.83],[88.92583,21.83055],[88.92555,21.83083],[88.92555,21.83139],[88.92528,21.83167],[88.92528,21.83278],[88.925,21.83306],[88.925,21.83417],[88.92472,21.83444],[88.92472,21.83528],[88.92445,21.83556],[88.92445,21.83583],[88.92528,21.83583],[88.92583,21.83639],[88.92611,21.83639],[88.92639,21.83667],[88.9275,21.83667],[88.92778,21.83639],[88.92889,21.83639],[88.92917,21.83611],[88.93027,21.83611],[88.93056,21.83639],[88.93139,21.83639],[88.93166,21.83667],[88.93222,21.83667],[88.9325,21.83695],[88.93278,21.83695],[88.93417,21.83833],[88.93417,21.83861],[88.93445,21.83889],[88.93445,21.83945],[88.93472,21.83972],[88.93472,21.84306],[88.935,21.84333],[88.935,21.845],[88.93528,21.84528],[88.93528,21.84556],[88.93556,21.84556],[88.93611,21.84611],[88.93667,21.84611],[88.93723,21.84667],[88.9375,21.84667],[88.93777,21.84695],[88.93916,21.84695],[88.93945,21.84722],[88.94139,21.84722],[88.94222,21.84639],[88.94222,21.84611],[88.94278,21.84556],[88.94278,21.84528],[88.94305,21.845],[88.94305,21.84472],[88.94334,21.84445],[88.94334,21.84417],[88.94389,21.84361],[88.94389,21.84333],[88.94417,21.84306],[88.94417,21.84278],[88.94444,21.8425],[88.94444,21.84222],[88.94454,21.84212],[88.94528,21.84139],[88.94527,21.84111],[88.94695,21.83945],[88.94695,21.83917],[88.94722,21.83889],[88.94722,21.83833],[88.9475,21.83806],[88.9475,21.83778],[88.94777,21.8375],[88.94777,21.83723],[88.94806,21.83694],[88.94806,21.83639],[88.94833,21.83611],[88.94833,21.83528],[88.94861,21.835]]],[[[88.99967,21.78547],[89,21.78472],[89.00056,21.78505],[89.00093,21.78511],[89.00137,21.78499],[89.00187,21.78502],[89.00241,21.78483],[89.003,21.78465],[89.0036,21.78445],[89.00423,21.78426],[89.00488,21.78409],[89.00549,21.78388],[89.00606,21.78365],[89.00665,21.78348],[89.00719,21.7833],[89.00768,21.78307],[89.00815,21.78284],[89.00863,21.78265],[89.00909,21.78248],[89.00952,21.78224],[89.0099,21.78203],[89.01026,21.78178],[89.01061,21.7815],[89.01099,21.78121],[89.01128,21.78089],[89.01146,21.78053],[89.01158,21.78023],[89.01161,21.77994],[89.01157,21.77962],[89.01148,21.77928],[89.01134,21.77889],[89.0111,21.77849],[89.01078,21.77804],[89.01036,21.7776],[89.0098,21.77725],[89.00923,21.77695],[89.00865,21.77667],[89.00812,21.77639],[89.00763,21.77611],[89.00718,21.77585],[89.00673,21.77565],[89.00629,21.7755],[89.00591,21.77533],[89.00556,21.77522],[89.0053,21.77507],[89.00502,21.77499],[89.00472,21.77489],[89.00438,21.77475],[89.00396,21.77467],[89.00351,21.77448],[89.00305,21.77431],[89.00258,21.77414],[89.00214,21.7739],[89.00171,21.77367],[89.00124,21.77348],[89.00079,21.77329],[89.00038,21.773],[89,21.77278],[88.99923,21.77258],[88.99873,21.77217],[88.99866,21.77212],[88.99854,21.77201],[88.99805,21.77167],[88.9977,21.77139],[88.99736,21.77098],[88.99707,21.77056],[88.99695,21.77],[88.99673,21.76868],[88.99667,21.76833],[88.99667,21.76802],[88.99667,21.7675],[88.99667,21.76722],[88.99667,21.76695],[88.99667,21.76583],[88.99673,21.76556],[88.99695,21.76417],[88.99693,21.76396],[88.99722,21.76306],[88.99729,21.76278],[88.9975,21.76222],[88.99749,21.76194],[88.99778,21.76083],[88.99777,21.76062],[88.99777,21.76028],[88.99778,21.76],[88.99778,21.75917],[88.99799,21.75889],[88.99805,21.75833],[88.99826,21.75806],[88.99834,21.75778],[88.99827,21.7575],[88.99841,21.75688],[88.99861,21.75639],[88.99861,21.75611],[88.99847,21.75582],[88.99861,21.75556],[88.99861,21.755],[88.99889,21.75472],[88.99889,21.75417],[88.99883,21.75389],[88.99889,21.75361],[88.99889,21.75307],[88.99917,21.75278],[88.99917,21.75167],[88.99944,21.75139],[88.99944,21.75083],[88.99973,21.75055],[89,21.75001],[89.00027,21.74972],[89.00028,21.74944],[89.00057,21.74819],[89.00056,21.74781],[89.00085,21.74736],[89.00095,21.74711],[89.00108,21.74684],[89.00114,21.74653],[89.00127,21.74624],[89.0014,21.74595],[89.00154,21.74569],[89.00172,21.74542],[89.00195,21.74515],[89.00224,21.74482],[89.00253,21.74443],[89.00291,21.74402],[89.00324,21.74356],[89.00347,21.74306],[89.00367,21.74259],[89.00391,21.74221],[89.00421,21.7419],[89.00449,21.7416],[89.00475,21.74125],[89.00501,21.74092],[89.00532,21.7406],[89.00566,21.74031],[89.00604,21.74007],[89.00638,21.73978],[89.00668,21.73945],[89.00698,21.73913],[89.00729,21.73881],[89.00756,21.73847],[89.0079,21.73819],[89.00823,21.7379],[89.00861,21.73765],[89.00898,21.73741],[89.00937,21.73718],[89.00972,21.73689],[89.01005,21.73659],[89.01031,21.73622],[89.01058,21.73587],[89.01089,21.73557],[89.01122,21.73531],[89.01157,21.73508],[89.01192,21.73481],[89.01221,21.73445],[89.01248,21.73407],[89.01274,21.73366],[89.01302,21.73331],[89.01331,21.73296],[89.01355,21.73262],[89.01373,21.73223],[89.01388,21.73187],[89.014,21.7315],[89.01418,21.73114],[89.01438,21.73074],[89.015,21.72846],[89.01504,21.72792],[89.01524,21.72738],[89.01527,21.72679],[89.01529,21.7262],[89.0154,21.72565],[89.01543,21.72393],[89.0153,21.72319],[89.01524,21.72252],[89.01511,21.72191],[89.01507,21.7213],[89.01523,21.72073],[89.01527,21.72014],[89.01521,21.71959],[89.01503,21.71915],[89.01486,21.71879],[89.01445,21.7186],[89.01402,21.71846],[89.01357,21.71837],[89.01311,21.71807],[89.01264,21.71806],[89.01207,21.7182],[89.01157,21.71832],[89.01116,21.71829],[89.01064,21.7183],[89.01026,21.718],[89.00996,21.71767],[89.00938,21.71763],[89.00884,21.7177],[89.00836,21.71754],[89.00787,21.71738],[89.00742,21.71719],[89.007,21.71694],[89.00659,21.71673],[89.00615,21.71658],[89.00575,21.7164],[89.00532,21.71627],[89.00484,21.71613],[89.00428,21.71607],[89.0037,21.71607],[89.00316,21.71612],[89.00268,21.71624],[89.00216,21.71642],[89.00157,21.71664],[89.00089,21.71678],[89,21.71722],[88.99972,21.71743],[88.99938,21.71778],[88.99899,21.71805],[88.99893,21.7181],[88.9975,21.71944],[88.99722,21.71944],[88.99667,21.72],[88.99667,21.72028],[88.995,21.72194],[88.995,21.72222],[88.99445,21.72278],[88.99445,21.72305],[88.99416,21.72333],[88.99389,21.72333],[88.9936,21.72346],[88.99332,21.72358],[88.99297,21.72371],[88.99257,21.72391],[88.99212,21.72414],[88.99161,21.72436],[88.99104,21.72455],[88.99052,21.72476],[88.99009,21.72501],[88.98973,21.72523],[88.98933,21.7254],[88.98892,21.72555],[88.98849,21.72568],[88.98835,21.72572],[88.98805,21.72581],[88.98757,21.72592],[88.9871,21.72607],[88.9866,21.7262],[88.9861,21.72634],[88.98558,21.72644],[88.98508,21.72661],[88.985,21.72662],[88.98417,21.72667],[88.98389,21.72695],[88.98194,21.72695],[88.98167,21.72722],[88.98082,21.72722],[88.98055,21.7275],[88.97972,21.7275],[88.97945,21.72778],[88.97833,21.72778],[88.97818,21.72795],[88.97807,21.72806],[88.97722,21.72806],[88.97667,21.72861],[88.97667,21.72917],[88.97694,21.72955],[88.97713,21.73006],[88.97729,21.73063],[88.97755,21.73116],[88.97794,21.73157],[88.97835,21.73194],[88.9788,21.73223],[88.97921,21.73258],[88.97961,21.73291],[88.98007,21.73316],[88.98044,21.73349],[88.98065,21.73366],[88.98081,21.7338],[88.98115,21.73415],[88.98151,21.73443],[88.9819,21.73469],[88.98231,21.73492],[88.98276,21.73509],[88.9832,21.73527],[88.98364,21.73545],[88.98411,21.73565],[88.98453,21.73595],[88.98492,21.73631],[88.98536,21.73664],[88.9855,21.73673],[88.98582,21.73693],[88.98624,21.73723],[88.98662,21.73755],[88.98694,21.73791],[88.98723,21.73832],[88.9876,21.73871],[88.98798,21.73909],[88.98835,21.73945],[88.98866,21.73985],[88.98888,21.74032],[88.98907,21.74079],[88.98921,21.74125],[88.98938,21.74164],[88.98944,21.74208],[88.98946,21.74253],[88.98946,21.743],[88.98944,21.74346],[88.98938,21.74385],[88.98924,21.74416],[88.98915,21.74448],[88.98904,21.74479],[88.98892,21.74513],[88.98877,21.74551],[88.98854,21.74591],[88.98824,21.74631],[88.98788,21.74665],[88.9875,21.74694],[88.98711,21.74715],[88.98668,21.74722],[88.98625,21.74728],[88.98586,21.74742],[88.98583,21.7475],[88.98528,21.7475],[88.985,21.74778],[88.98444,21.74778],[88.98417,21.74806],[88.98388,21.74806],[88.98368,21.74781],[88.98348,21.74776],[88.98315,21.74768],[88.98275,21.74749],[88.98233,21.7473],[88.98184,21.7471],[88.98138,21.74685],[88.98095,21.74662],[88.98055,21.74637],[88.98019,21.74611],[88.97982,21.74583],[88.97945,21.74557],[88.97906,21.74533],[88.97864,21.74513],[88.97823,21.7449],[88.97783,21.74469],[88.97743,21.74446],[88.97699,21.74423],[88.9765,21.74404],[88.976,21.7438],[88.97563,21.74343],[88.97521,21.74319],[88.97476,21.74297],[88.97436,21.74272],[88.97396,21.74244],[88.97359,21.7421],[88.97321,21.74177],[88.97283,21.74148],[88.97237,21.74132],[88.97198,21.74113],[88.97174,21.741],[88.97163,21.74093],[88.97128,21.74078],[88.97099,21.74061],[88.97068,21.74048],[88.97041,21.74035],[88.97009,21.74034],[88.96977,21.74045],[88.96943,21.74053],[88.96908,21.7406],[88.96871,21.74071],[88.96835,21.74084],[88.968,21.74105],[88.96767,21.74126],[88.96735,21.74154],[88.96712,21.7419],[88.96687,21.74231],[88.96667,21.7428],[88.96648,21.74335],[88.96642,21.74397],[88.96639,21.74466],[88.96641,21.74531],[88.96642,21.74541],[88.96645,21.74588],[88.96645,21.7464],[88.96647,21.74694],[88.9666,21.74744],[88.96665,21.74797],[88.96667,21.74853],[88.9667,21.74911],[88.9667,21.74968],[88.96662,21.75016],[88.96645,21.75065],[88.96626,21.75116],[88.96606,21.75171],[88.96576,21.75223],[88.96534,21.75265],[88.9649,21.75302],[88.96444,21.75333],[88.964,21.75361],[88.9636,21.75388],[88.96322,21.75413],[88.96283,21.75433],[88.96242,21.7545],[88.962,21.75471],[88.96156,21.7549],[88.96105,21.75501],[88.96055,21.75515],[88.96002,21.75527],[88.9595,21.75536],[88.95899,21.75549],[88.95861,21.75553],[88.95847,21.75556],[88.95615,21.75556],[88.95528,21.75556],[88.955,21.75583],[88.95444,21.75582],[88.95417,21.75611],[88.95333,21.75611],[88.95306,21.75639],[88.95277,21.75639],[88.9525,21.75667],[88.95222,21.75667],[88.95111,21.75778],[88.95111,21.75806],[88.95155,21.75855],[88.95198,21.75896],[88.95251,21.7593],[88.95306,21.75958],[88.95361,21.75982],[88.9541,21.76004],[88.95457,21.76027],[88.95504,21.76048],[88.95552,21.76067],[88.956,21.76086],[88.95644,21.76111],[88.9569,21.76132],[88.95709,21.76137],[88.9574,21.76146],[88.95779,21.76168],[88.95805,21.76195],[88.95834,21.76195],[88.96056,21.76417],[88.96083,21.76417],[88.96194,21.76528],[88.96222,21.76528],[88.96258,21.76558],[88.96288,21.76593],[88.96305,21.76634],[88.96333,21.76664],[88.96356,21.76693],[88.96366,21.7673],[88.96378,21.76765],[88.96397,21.76799],[88.96418,21.76836],[88.96445,21.76876],[88.96471,21.76925],[88.96497,21.76982],[88.96518,21.77046],[88.96555,21.77098],[88.9659,21.77145],[88.9663,21.77185],[88.96677,21.77219],[88.96728,21.77242],[88.96788,21.77259],[88.96843,21.77271],[88.96892,21.77274],[88.96935,21.77263],[88.96977,21.77258],[88.97018,21.77263],[88.97059,21.77275],[88.97101,21.77278],[88.97142,21.7728],[88.97179,21.7729],[88.97218,21.77303],[88.97263,21.77311],[88.97305,21.77332],[88.97353,21.77352],[88.97402,21.77377],[88.97443,21.77413],[88.97486,21.77447],[88.97523,21.77482],[88.97552,21.77522],[88.97584,21.77558],[88.97611,21.77596],[88.97636,21.77635],[88.97668,21.77668],[88.97701,21.777],[88.97736,21.77729],[88.97767,21.77762],[88.97793,21.77799],[88.97825,21.77828],[88.97857,21.77856],[88.97888,21.77884],[88.9792,21.77913],[88.97953,21.77943],[88.97987,21.77972],[88.98022,21.78002],[88.98053,21.78034],[88.98083,21.78069],[88.98113,21.78103],[88.98144,21.78136],[88.98177,21.78166],[88.98209,21.78198],[88.98236,21.78234],[88.98273,21.78263],[88.98305,21.78297],[88.98334,21.78332],[88.98366,21.78366],[88.98398,21.78398],[88.98431,21.7843],[88.98463,21.78462],[88.98498,21.78491],[88.98528,21.78525],[88.98556,21.7856],[88.98585,21.78596],[88.98615,21.7863],[88.98648,21.78662],[88.98678,21.78696],[88.98708,21.78731],[88.98747,21.78755],[88.98788,21.78779],[88.98828,21.78806],[88.98872,21.78834],[88.9892,21.78861],[88.98972,21.78884],[88.99026,21.78885],[88.9909,21.78856],[88.99148,21.78832],[88.99195,21.78809],[88.99241,21.78793],[88.99287,21.78778],[88.99333,21.78762],[88.99349,21.78757],[88.99381,21.78746],[88.99426,21.78727],[88.99474,21.7871],[88.99521,21.78693],[88.99566,21.78672],[88.99613,21.78654],[88.99661,21.78638],[88.99705,21.78616],[88.99751,21.78599],[88.99797,21.78586],[88.99844,21.78578],[88.99891,21.78573],[88.99931,21.78558],[88.99967,21.78547]]],[[[88.91583,21.82583],[88.91639,21.82528],[88.91666,21.82529],[88.9175,21.82444],[88.91778,21.82444],[88.91834,21.82389],[88.91861,21.82389],[88.91889,21.82361],[88.91917,21.82361],[88.91944,21.82333],[88.91972,21.82333],[88.92,21.82306],[88.92056,21.82306],[88.92083,21.82278],[88.92194,21.82278],[88.92223,21.82306],[88.92306,21.82306],[88.92322,21.82322],[88.92333,21.82333],[88.92389,21.82333],[88.92445,21.82389],[88.92472,21.82389],[88.92528,21.82389],[88.92694,21.82223],[88.92778,21.82223],[88.92805,21.82195],[88.92889,21.82195],[88.92917,21.82223],[88.93,21.82223],[88.93027,21.8225],[88.93056,21.8225],[88.93083,21.82278],[88.93111,21.82278],[88.93139,21.8225],[88.935,21.8225],[88.93528,21.82223],[88.93554,21.82223],[88.93554,21.82195],[88.93583,21.82167],[88.93583,21.82],[88.93611,21.81972],[88.93611,21.81917],[88.93639,21.81889],[88.93639,21.81861],[88.93694,21.81806],[88.93694,21.81778],[88.93723,21.8175],[88.93723,21.81667],[88.93667,21.8161],[88.93556,21.81611],[88.93528,21.81583],[88.935,21.81583],[88.93445,21.81528],[88.93417,21.81528],[88.93333,21.81444],[88.93334,21.81417],[88.93305,21.81389],[88.93305,21.81361],[88.93278,21.81333],[88.93278,21.81306],[88.9325,21.81278],[88.9325,21.81167],[88.93222,21.81139],[88.93222,21.81083],[88.9325,21.81056],[88.93222,21.81029],[88.93222,21.80944],[88.93112,21.80833],[88.93083,21.80833],[88.93056,21.80806],[88.93027,21.80806],[88.93,21.80778],[88.92973,21.80778],[88.92944,21.8075],[88.92917,21.8075],[88.92889,21.80722],[88.92861,21.80722],[88.92778,21.80639],[88.92778,21.80611],[88.9275,21.80583],[88.9275,21.80555],[88.92722,21.80528],[88.92722,21.80445],[88.92694,21.80416],[88.92694,21.80361],[88.92722,21.80333],[88.92722,21.8025],[88.9275,21.80222],[88.9275,21.80194],[88.92778,21.80167],[88.92778,21.8],[88.9275,21.79972],[88.9275,21.79944],[88.92667,21.79861],[88.92667,21.79833],[88.92555,21.79722],[88.92528,21.79722],[88.92472,21.79667],[88.92445,21.79667],[88.92389,21.79611],[88.92361,21.79611],[88.92306,21.79556],[88.92278,21.79556],[88.92194,21.79472],[88.92167,21.79472],[88.92111,21.79417],[88.92056,21.79417],[88.92028,21.79389],[88.92,21.79389],[88.91972,21.79361],[88.91944,21.79361],[88.91922,21.79339],[88.91834,21.7925],[88.91833,21.79222],[88.91805,21.79222],[88.91805,21.79195],[88.91778,21.79167],[88.91779,21.79083],[88.91805,21.79056],[88.91805,21.79028],[88.91861,21.78972],[88.91889,21.78972],[88.91917,21.78944],[88.92,21.78944],[88.92028,21.78917],[88.92111,21.78917],[88.92139,21.78944],[88.92167,21.78944],[88.92194,21.78917],[88.9225,21.78918],[88.92306,21.78861],[88.92306,21.78833],[88.92333,21.78806],[88.92306,21.78778],[88.92306,21.78722],[88.92278,21.78695],[88.92278,21.78667],[88.92194,21.78583],[88.92194,21.78528],[88.92167,21.785],[88.92167,21.78417],[88.92139,21.78389],[88.92139,21.78333],[88.92111,21.78306],[88.92111,21.7825],[88.92083,21.78222],[88.92083,21.78167],[88.92056,21.78139],[88.92056,21.78083],[88.92028,21.78056],[88.92028,21.78028],[88.92,21.77999],[88.92,21.77944],[88.91972,21.77917],[88.91972,21.77861],[88.91944,21.77833],[88.91944,21.77805],[88.91917,21.77778],[88.91917,21.7775],[88.91861,21.77695],[88.91861,21.77611],[88.91834,21.77583],[88.91834,21.77528],[88.91805,21.775],[88.91805,21.77418],[88.91833,21.77389],[88.91833,21.77361],[88.91861,21.77333],[88.91861,21.77306],[88.91917,21.7725],[88.91917,21.77194],[88.91944,21.77167],[88.91944,21.77],[88.91889,21.76944],[88.91861,21.76944],[88.91695,21.76778],[88.91666,21.76778],[88.91556,21.76667],[88.91556,21.76639],[88.9125,21.76333],[88.9125,21.76306],[88.91166,21.76222],[88.91167,21.76194],[88.91139,21.76167],[88.91139,21.76083],[88.91111,21.76056],[88.91111,21.75972],[88.91084,21.75945],[88.91084,21.75917],[88.91111,21.75889],[88.91111,21.75861],[88.91139,21.75833],[88.91139,21.75806],[88.91167,21.75778],[88.91166,21.7575],[88.91194,21.75722],[88.91194,21.75695],[88.91222,21.75667],[88.91222,21.75611],[88.9125,21.75582],[88.9125,21.75556],[88.91278,21.75528],[88.91166,21.75417],[88.91084,21.75417],[88.91063,21.75396],[88.91055,21.75389],[88.90945,21.75389],[88.90927,21.7537],[88.90889,21.75333],[88.90861,21.75334],[88.90833,21.75306],[88.90806,21.75307],[88.90778,21.75278],[88.9075,21.75278],[88.90719,21.75247],[88.90695,21.75222],[88.90639,21.75222],[88.90611,21.75194],[88.90583,21.75194],[88.90556,21.75167],[88.90222,21.75167],[88.90195,21.75139],[88.90166,21.75167],[88.90083,21.75167],[88.90056,21.75194],[88.89778,21.75194],[88.8975,21.75222],[88.89722,21.75222],[88.89694,21.7525],[88.89666,21.7525],[88.89639,21.75278],[88.89611,21.75278],[88.89555,21.75333],[88.89555,21.75389],[88.895,21.75444],[88.895,21.755],[88.89472,21.75528],[88.89472,21.75556],[88.895,21.75582],[88.895,21.75778],[88.89528,21.75806],[88.89528,21.75861],[88.89555,21.75889],[88.89555,21.75917],[88.89584,21.75945],[88.89584,21.76167],[88.89611,21.76194],[88.89611,21.76445],[88.89639,21.76472],[88.89639,21.76556],[88.89722,21.76639],[88.89722,21.76667],[88.8975,21.76695],[88.8975,21.76722],[88.89778,21.7675],[88.89778,21.76861],[88.89806,21.76889],[88.89806,21.77],[88.89833,21.77028],[88.89833,21.77056],[88.89861,21.77083],[88.89861,21.77111],[88.89944,21.77194],[88.89944,21.77222],[88.89972,21.7725],[88.89972,21.77306],[88.9,21.77333],[88.9,21.77389],[88.90028,21.77417],[88.90028,21.77583],[88.90056,21.77611],[88.90056,21.77667],[88.90083,21.77695],[88.90083,21.77805],[88.90056,21.77833],[88.90056,21.78139],[88.90028,21.78167],[88.90028,21.78222],[88.89972,21.78278],[88.89972,21.78306],[88.89944,21.78333],[88.89944,21.78389],[88.89917,21.78417],[88.89917,21.78445],[88.89889,21.78472],[88.89889,21.78528],[88.89833,21.78583],[88.89833,21.78612],[88.89806,21.78639],[88.89806,21.78667],[88.89815,21.78676],[88.89889,21.7875],[88.89944,21.7875],[88.90028,21.78833],[88.90056,21.78833],[88.90083,21.78861],[88.90111,21.78861],[88.90222,21.78972],[88.90222,21.79],[88.9025,21.79028],[88.9025,21.79083],[88.90278,21.79111],[88.90279,21.79139],[88.90305,21.79167],[88.90305,21.79193],[88.90389,21.79278],[88.90417,21.79278],[88.90556,21.79417],[88.90639,21.79417],[88.90667,21.79389],[88.90694,21.79417],[88.90583,21.79528],[88.905,21.79528],[88.90486,21.79513],[88.90472,21.79499],[88.90444,21.795],[88.90417,21.79472],[88.90389,21.79472],[88.90333,21.79417],[88.90305,21.79417],[88.90279,21.79389],[88.90279,21.79361],[88.9025,21.79333],[88.9025,21.79306],[88.90222,21.79278],[88.90222,21.79222],[88.90195,21.79195],[88.90195,21.79167],[88.90166,21.79139],[88.90166,21.79111],[88.90139,21.79083],[88.90139,21.79028],[88.90056,21.78944],[88.90028,21.78944],[88.9,21.78917],[88.89944,21.78918],[88.89917,21.78889],[88.89833,21.78889],[88.89806,21.78861],[88.89778,21.78861],[88.89729,21.78813],[88.89694,21.78778],[88.89666,21.78778],[88.89639,21.78806],[88.89584,21.78806],[88.895,21.78889],[88.89472,21.78889],[88.89417,21.78944],[88.89389,21.78944],[88.89361,21.78972],[88.89333,21.78972],[88.89306,21.79],[88.89278,21.79],[88.89195,21.79083],[88.89167,21.79083],[88.89083,21.79167],[88.89083,21.79193],[88.89,21.79278],[88.89,21.79306],[88.88917,21.79389],[88.88917,21.79417],[88.88834,21.79499],[88.88834,21.79528],[88.88805,21.79556],[88.88805,21.79583],[88.88722,21.79667],[88.88722,21.79694],[88.88695,21.79722],[88.88695,21.7975],[88.88667,21.79778],[88.88667,21.79806],[88.88611,21.79861],[88.88611,21.79889],[88.88583,21.79917],[88.88583,21.79944],[88.88528,21.8],[88.88528,21.80028],[88.88416,21.80139],[88.88416,21.80167],[88.88361,21.80222],[88.88361,21.80305],[88.88333,21.80333],[88.88333,21.80389],[88.88306,21.80416],[88.88306,21.80444],[88.88333,21.80472],[88.88333,21.80722],[88.88306,21.8075],[88.88306,21.80806],[88.88333,21.80833],[88.88333,21.80861],[88.88361,21.80889],[88.88389,21.80889],[88.88472,21.80972],[88.885,21.80972],[88.88556,21.81029],[88.88639,21.81029],[88.8866,21.81049],[88.88667,21.81056],[88.88805,21.81056],[88.88834,21.81083],[88.88917,21.81083],[88.88944,21.81056],[88.88973,21.81083],[88.8904,21.81083],[88.89083,21.81083],[88.89111,21.81111],[88.89167,21.81111],[88.89194,21.81139],[88.89222,21.81139],[88.89264,21.81181],[88.89306,21.81222],[88.89362,21.81222],[88.89389,21.8125],[88.89417,21.8125],[88.89439,21.81272],[88.89445,21.81278],[88.89472,21.81278],[88.89584,21.81389],[88.89584,21.81417],[88.89722,21.81556],[88.89722,21.81583],[88.89806,21.81667],[88.89833,21.81667],[88.89861,21.81694],[88.89861,21.81722],[88.89889,21.81722],[88.89916,21.8175],[88.89972,21.81806],[88.9,21.81806],[88.90195,21.82],[88.90222,21.82],[88.90278,21.82056],[88.90417,21.82056],[88.90444,21.82083],[88.90528,21.82083],[88.90556,21.82111],[88.90667,21.82111],[88.90694,21.82139],[88.9075,21.82139],[88.90778,21.82167],[88.90806,21.82167],[88.90833,21.82195],[88.90889,21.82195],[88.90972,21.82278],[88.91,21.82278],[88.91055,21.82333],[88.91084,21.82333],[88.91111,21.82361],[88.91139,21.82361],[88.91361,21.82583],[88.91583,21.82583]]],[[[88.87055,22.0783],[88.8705,22.07771],[88.87032,22.07722],[88.87024,22.07668],[88.87003,22.07618],[88.86993,22.07566],[88.86976,22.07516],[88.8697,22.07459],[88.86956,22.074],[88.86942,22.07341],[88.8692,22.07286],[88.86906,22.07226],[88.86887,22.07168],[88.86864,22.07114],[88.86849,22.07059],[88.86835,22.07011],[88.86833,22.06965],[88.86833,22.06926],[88.86833,22.06893],[88.86833,22.06862],[88.86833,22.06831],[88.86833,22.06796],[88.86838,22.06756],[88.86857,22.06715],[88.86861,22.06664],[88.86866,22.06612],[88.86889,22.06569],[88.86916,22.06525],[88.8694,22.06475],[88.86955,22.06422],[88.86972,22.06384],[88.86989,22.06356],[88.87001,22.0633],[88.87016,22.06305],[88.87038,22.06278],[88.87066,22.06254],[88.87099,22.06234],[88.87138,22.06214],[88.8718,22.06192],[88.87225,22.06167],[88.87273,22.06142],[88.87332,22.06126],[88.8739,22.06109],[88.87445,22.06087],[88.87506,22.06075],[88.87561,22.06054],[88.87613,22.06028],[88.87666,22.06002],[88.87723,22.05984],[88.87778,22.05969],[88.87823,22.05944],[88.87862,22.05916],[88.87897,22.0589],[88.87937,22.05871],[88.87984,22.05857],[88.88031,22.05834],[88.88084,22.05814],[88.8814,22.05795],[88.88197,22.05776],[88.88249,22.0575],[88.88296,22.05721],[88.88339,22.05688],[88.88378,22.0565],[88.88416,22.05611],[88.88448,22.05568],[88.88483,22.05531],[88.88522,22.055],[88.88561,22.05472],[88.886,22.05444],[88.88641,22.05414],[88.8868,22.05377],[88.88721,22.05342],[88.88766,22.05308],[88.88815,22.05278],[88.88863,22.05247],[88.88905,22.05206],[88.88943,22.05163],[88.88963,22.05137],[88.88977,22.05119],[88.89011,22.05079],[88.89034,22.05032],[88.89056,22.04986],[88.89073,22.04938],[88.89079,22.04886],[88.8906,22.04833],[88.89037,22.04796],[88.89029,22.04783],[88.88982,22.0475],[88.88936,22.04722],[88.88892,22.04699],[88.88842,22.04689],[88.88796,22.04671],[88.88737,22.04662],[88.88678,22.04643],[88.88613,22.04639],[88.88549,22.04637],[88.8849,22.04627],[88.88435,22.04614],[88.8838,22.04611],[88.88328,22.04607],[88.88278,22.04587],[88.88224,22.04582],[88.88168,22.04571],[88.88107,22.04558],[88.88039,22.04556],[88.87968,22.04556],[88.87898,22.04556],[88.87836,22.04551],[88.87787,22.04532],[88.8774,22.04528],[88.87697,22.04529],[88.87655,22.0454],[88.87637,22.04544],[88.87614,22.04548],[88.8757,22.04532],[88.87521,22.04528],[88.87474,22.04527],[88.87427,22.04528],[88.8738,22.04533],[88.87336,22.04547],[88.87292,22.04534],[88.87245,22.04528],[88.87199,22.04528],[88.87152,22.04528],[88.87106,22.04528],[88.87061,22.04528],[88.86876,22.04528],[88.8683,22.04528],[88.86783,22.04528],[88.86738,22.04528],[88.86693,22.04529],[88.86649,22.04535],[88.86607,22.04552],[88.86561,22.04558],[88.86514,22.04569],[88.86467,22.04578],[88.86419,22.04568],[88.86375,22.04557],[88.86333,22.04555],[88.86298,22.04558],[88.86263,22.0457],[88.86225,22.04581],[88.86183,22.04583],[88.8614,22.04585],[88.861,22.04595],[88.86056,22.04612],[88.86028,22.04612],[88.86,22.04583],[88.85917,22.04583],[88.85886,22.04583],[88.85845,22.0458],[88.85809,22.04562],[88.85767,22.04557],[88.85722,22.04555],[88.85678,22.04552],[88.85638,22.04532],[88.85588,22.04527],[88.85537,22.0452],[88.85491,22.04499],[88.85445,22.04476],[88.85395,22.04463],[88.85349,22.04443],[88.85306,22.04419],[88.85258,22.04398],[88.85214,22.0438],[88.85173,22.0436],[88.85134,22.04335],[88.85094,22.04316],[88.85061,22.04297],[88.85039,22.04271],[88.85029,22.04233],[88.85021,22.04191],[88.85004,22.04149],[88.85004,22.04103],[88.85021,22.04058],[88.85035,22.04007],[88.85054,22.03956],[88.85072,22.03903],[88.85101,22.03857],[88.85125,22.03808],[88.85153,22.03763],[88.85175,22.03715],[88.85199,22.03673],[88.85226,22.03639],[88.8525,22.03607],[88.85274,22.03576],[88.85294,22.0354],[88.85314,22.03494],[88.85339,22.03453],[88.85375,22.03416],[88.85414,22.0338],[88.85448,22.03342],[88.85484,22.03306],[88.85522,22.03273],[88.85555,22.03236],[88.85584,22.03194],[88.85616,22.0315],[88.85656,22.03107],[88.85694,22.03057],[88.85733,22.03003],[88.85778,22.02952],[88.85822,22.02898],[88.85868,22.02838],[88.85916,22.0278],[88.85959,22.02721],[88.85986,22.02662],[88.85963,22.02604],[88.85923,22.02557],[88.85878,22.02518],[88.85832,22.0249],[88.85783,22.0247],[88.85741,22.02445],[88.85698,22.02422],[88.85648,22.02409],[88.85604,22.02389],[88.8556,22.02369],[88.85513,22.02359],[88.85471,22.02345],[88.85429,22.02333],[88.8539,22.02321],[88.85348,22.02305],[88.85302,22.0229],[88.85247,22.02279],[88.8519,22.0227],[88.85134,22.02254],[88.85077,22.0225],[88.8502,22.02245],[88.8497,22.02226],[88.84908,22.02221],[88.84835,22.02213],[88.84754,22.02197],[88.84718,22.02195],[88.84675,22.02194],[88.84617,22.02194],[88.84554,22.02193],[88.84493,22.02194],[88.84437,22.02194],[88.84386,22.02195],[88.84342,22.02203],[88.84308,22.0222],[88.8427,22.02231],[88.84235,22.02249],[88.84195,22.02264],[88.84155,22.02279],[88.84116,22.02298],[88.84071,22.02308],[88.84031,22.02326],[88.83989,22.02337],[88.83946,22.02357],[88.83896,22.02369],[88.8385,22.0239],[88.83807,22.02417],[88.83763,22.02444],[88.83721,22.02472],[88.83679,22.02499],[88.83636,22.02522],[88.83596,22.02545],[88.83566,22.02575],[88.83544,22.02612],[88.83527,22.02653],[88.83512,22.02694],[88.83499,22.02738],[88.83486,22.02777],[88.83474,22.02814],[88.83466,22.0285],[88.8345,22.02879],[88.8344,22.02915],[88.83421,22.02948],[88.83413,22.02994],[88.83408,22.03045],[88.83414,22.03102],[88.83412,22.0316],[88.83392,22.03212],[88.83374,22.03265],[88.83359,22.03314],[88.8334,22.03357],[88.8333,22.03399],[88.83316,22.03435],[88.83308,22.03465],[88.83305,22.03495],[88.83302,22.03527],[88.83292,22.03555],[88.83281,22.03584],[88.83278,22.03617],[88.83278,22.03655],[88.83278,22.03696],[88.83278,22.03738],[88.83278,22.03781],[88.83276,22.03823],[88.83272,22.03859],[88.8325,22.03889],[88.8325,22.03972],[88.83222,22.04],[88.83221,22.04008],[88.83215,22.0404],[88.832,22.04074],[88.83195,22.04117],[88.83195,22.04162],[88.83193,22.04209],[88.83189,22.04254],[88.83172,22.04294],[88.83167,22.04337],[88.83167,22.0438],[88.83167,22.04423],[88.83172,22.04465],[88.83195,22.04505],[88.83218,22.0455],[88.83211,22.04616],[88.83225,22.04679],[88.83251,22.0474],[88.83279,22.04801],[88.83306,22.04861],[88.83327,22.04918],[88.83341,22.04972],[88.83372,22.05009],[88.83418,22.05024],[88.83471,22.05028],[88.83524,22.05028],[88.83575,22.05028],[88.83625,22.05031],[88.83675,22.0504],[88.83719,22.05059],[88.83762,22.05082],[88.83808,22.05113],[88.83856,22.05144],[88.839,22.05183],[88.8394,22.05226],[88.83973,22.05271],[88.84007,22.05313],[88.84038,22.05348],[88.84073,22.0537],[88.84117,22.05373],[88.84168,22.05358],[88.84222,22.05335],[88.8428,22.05314],[88.84333,22.05306],[88.84361,22.05278],[88.84417,22.05278],[88.84444,22.05306],[88.84457,22.0532],[88.84472,22.05334],[88.845,22.05361],[88.845,22.05388],[88.84429,22.05401],[88.84366,22.05409],[88.84306,22.05412],[88.84245,22.05413],[88.84191,22.05424],[88.84149,22.0545],[88.8413,22.05485],[88.84129,22.05533],[88.84135,22.05579],[88.84137,22.05618],[88.84145,22.05655],[88.8416,22.05695],[88.84179,22.0574],[88.84203,22.05787],[88.84235,22.0583],[88.84278,22.05865],[88.84321,22.059],[88.84365,22.0593],[88.84406,22.05964],[88.84445,22.05999],[88.84472,22.06028],[88.845,22.06028],[88.84528,22.06056],[88.84555,22.06083],[88.84555,22.06167],[88.84513,22.06152],[88.84456,22.06127],[88.84405,22.06099],[88.84354,22.06065],[88.84307,22.0602],[88.84264,22.05974],[88.84217,22.0594],[88.84172,22.05914],[88.84136,22.05888],[88.84108,22.05862],[88.84085,22.05836],[88.84066,22.05804],[88.84056,22.05758],[88.84048,22.05702],[88.84045,22.05635],[88.84037,22.05571],[88.84019,22.05516],[88.83991,22.0547],[88.83964,22.05424],[88.83933,22.05379],[88.83898,22.05333],[88.83861,22.05286],[88.83823,22.05241],[88.83783,22.05202],[88.83741,22.05178],[88.83701,22.05168],[88.83662,22.05166],[88.83623,22.05166],[88.83584,22.05165],[88.83541,22.05164],[88.83489,22.05168],[88.8343,22.05181],[88.83374,22.05178],[88.83329,22.05169],[88.8329,22.05167],[88.83252,22.05168],[88.83213,22.05177],[88.8317,22.05195],[88.83128,22.05219],[88.83083,22.05241],[88.83038,22.05266],[88.82989,22.05293],[88.82945,22.05332],[88.82903,22.05375],[88.82862,22.05416],[88.82819,22.05457],[88.82771,22.05498],[88.82716,22.05537],[88.82664,22.05582],[88.82609,22.05627],[88.82553,22.05672],[88.825,22.05719],[88.82444,22.05758],[88.82391,22.05794],[88.8234,22.0583],[88.82292,22.0587],[88.82237,22.05901],[88.82182,22.05935],[88.8214,22.05983],[88.82104,22.06033],[88.82069,22.06076],[88.82034,22.06111],[88.82003,22.06144],[88.8198,22.06178],[88.81973,22.06222],[88.81944,22.0625],[88.81944,22.06306],[88.81972,22.06333],[88.81973,22.06361],[88.82,22.06389],[88.82,22.06417],[88.82017,22.06431],[88.82031,22.06441],[88.82056,22.06467],[88.82103,22.06499],[88.82147,22.06546],[88.82189,22.06595],[88.82227,22.0664],[88.82276,22.06682],[88.82328,22.06733],[88.82384,22.06781],[88.82438,22.06815],[88.82482,22.06846],[88.82527,22.06878],[88.82578,22.06913],[88.82636,22.06942],[88.82693,22.0697],[88.82749,22.06993],[88.82806,22.07005],[88.82856,22.07017],[88.82899,22.07014],[88.82932,22.07],[88.82961,22.06981],[88.82985,22.06957],[88.83005,22.06925],[88.83028,22.06892],[88.83057,22.0686],[88.83089,22.06828],[88.83122,22.06795],[88.83157,22.06759],[88.8319,22.06721],[88.83217,22.06677],[88.83233,22.0663],[88.83246,22.06585],[88.83253,22.06537],[88.83263,22.06491],[88.83282,22.0645],[88.8331,22.06416],[88.83347,22.06391],[88.8339,22.06378],[88.83438,22.06389],[88.83483,22.06415],[88.83527,22.06447],[88.83572,22.06481],[88.83616,22.06515],[88.83653,22.06543],[88.83685,22.06564],[88.83709,22.06585],[88.83727,22.06613],[88.83737,22.06661],[88.83743,22.06718],[88.83747,22.06775],[88.83756,22.06828],[88.8375,22.06861],[88.83733,22.06975],[88.83675,22.07075],[88.83632,22.07169],[88.83617,22.0721],[88.83603,22.0725],[88.83603,22.07283],[88.83614,22.07287],[88.83625,22.0729],[88.83646,22.0729],[88.83683,22.0727],[88.83718,22.0725],[88.83739,22.0723],[88.83768,22.07203],[88.8379,22.07176],[88.83826,22.07169],[88.83941,22.07156],[88.84013,22.07156],[88.84101,22.07154],[88.84149,22.07167],[88.84192,22.07186],[88.8424,22.07201],[88.84286,22.07224],[88.84334,22.0725],[88.84385,22.07277],[88.84438,22.07305],[88.84493,22.07333],[88.84551,22.07362],[88.84603,22.07401],[88.84649,22.07444],[88.84692,22.07486],[88.84734,22.07522],[88.84778,22.07553],[88.84824,22.07579],[88.84861,22.07615],[88.84893,22.07659],[88.84928,22.077],[88.84971,22.0773],[88.85017,22.07757],[88.8506,22.07782],[88.85101,22.07805],[88.85147,22.07828],[88.85197,22.07842],[88.85246,22.07859],[88.85292,22.07875],[88.85338,22.07887],[88.85386,22.07897],[88.85436,22.07905],[88.85487,22.07898],[88.85536,22.07888],[88.85585,22.0788],[88.85635,22.07892],[88.85684,22.07908],[88.85736,22.07914],[88.85786,22.07916],[88.85836,22.07916],[88.85886,22.07913],[88.85934,22.07904],[88.8598,22.07886],[88.86035,22.07872],[88.86095,22.07874],[88.8615,22.07892],[88.86192,22.07914],[88.86229,22.07932],[88.86268,22.07942],[88.8631,22.07949],[88.86353,22.07962],[88.86399,22.07971],[88.8645,22.0798],[88.86508,22.07999],[88.86573,22.08022],[88.86636,22.08052],[88.86702,22.08088],[88.8677,22.08127],[88.86848,22.08151],[88.86916,22.08137],[88.86964,22.08103],[88.86998,22.08057],[88.87028,22.08008],[88.87051,22.07956],[88.87056,22.07894],[88.87055,22.0783]]],[[[88.99721,21.71761],[88.99776,21.71721],[88.99833,21.71678],[88.99889,21.7163],[88.99944,21.71588],[88.99973,21.71528],[88.99973,21.71583],[89,21.71611],[89.00027,21.71583],[89.00129,21.71547],[89.0019,21.71536],[89.00246,21.71527],[89.00298,21.71518],[89.00349,21.71518],[89.00416,21.71514],[89.00461,21.71519],[89.00509,21.71517],[89.00559,21.71526],[89.00586,21.71534],[89.00628,21.71551],[89.00673,21.71567],[89.00717,21.71584],[89.00761,21.716],[89.00805,21.71613],[89.00852,21.71627],[89.009,21.71638],[89.00949,21.71649],[89.00996,21.71665],[89.01041,21.71681],[89.01085,21.71708],[89.01123,21.71731],[89.01154,21.71731],[89.01186,21.71731],[89.01229,21.71714],[89.01276,21.71716],[89.01328,21.71722],[89.01384,21.71732],[89.01446,21.71752],[89.0151,21.7177],[89.01557,21.71752],[89.01605,21.71727],[89.01651,21.71691],[89.01698,21.71647],[89.01749,21.71603],[89.01803,21.71559],[89.01863,21.71522],[89.01928,21.7149],[89.01989,21.71456],[89.02027,21.71409],[89.02052,21.71355],[89.02052,21.71298],[89.02028,21.71243],[89.02002,21.71196],[89.01972,21.71156],[89.01943,21.71122],[89.01912,21.71096],[89.01874,21.71078],[89.01839,21.71055],[89.01803,21.71033],[89.01753,21.71032],[89.01697,21.71041],[89.0164,21.71032],[89.01587,21.71029],[89.0154,21.71031],[89.01499,21.71044],[89.01462,21.71055],[89.01423,21.71056],[89.01382,21.71056],[89.01339,21.71056],[89.01294,21.71056],[89.01249,21.71055],[89.01205,21.71048],[89.01161,21.71032],[89.01111,21.71026],[89.01096,21.71021],[89.01064,21.7101],[89.01007,21.70994],[89.00951,21.70969],[89.00899,21.70935],[89.00864,21.70889],[89.00834,21.70847],[89.00812,21.70809],[89.00802,21.70773],[89.00787,21.70744],[89.00779,21.70713],[89.00777,21.70678],[89.00775,21.70638],[89.00763,21.70595],[89.00752,21.7055],[89.00752,21.70533],[89.0075,21.70504],[89.00753,21.7046],[89.00763,21.70421],[89.00774,21.70392],[89.00782,21.70363],[89.008,21.70336],[89.00814,21.70298],[89.00819,21.70287],[89.00835,21.70251],[89.00866,21.70202],[89.00916,21.70167],[89.00971,21.70136],[89.01025,21.70112],[89.01079,21.70091],[89.01135,21.7008],[89.01176,21.70067],[89.01191,21.70062],[89.01254,21.70056],[89.01321,21.7006],[89.0139,21.70079],[89.0146,21.70083],[89.01527,21.70079],[89.01587,21.7006],[89.01646,21.70051],[89.01697,21.70032],[89.01753,21.70022],[89.01802,21.70001],[89.01855,21.69981],[89.01914,21.69968],[89.01965,21.69935],[89.02005,21.69873],[89.02046,21.69815],[89.02077,21.69759],[89.02084,21.69702],[89.02084,21.69648],[89.02084,21.69598],[89.02091,21.6955],[89.02109,21.69503],[89.0212,21.69451],[89.0214,21.694],[89.02165,21.69353],[89.02184,21.69303],[89.02197,21.69255],[89.02221,21.69217],[89.02239,21.69177],[89.0226,21.69137],[89.02282,21.69093],[89.02312,21.69048],[89.0234,21.68998],[89.02364,21.68943],[89.0239,21.68888],[89.02412,21.68833],[89.02416,21.68773],[89.02412,21.68715],[89.02391,21.68665],[89.02368,21.68618],[89.0235,21.68571],[89.02333,21.68556],[89.02333,21.685],[89.02305,21.68472],[89.02306,21.68445],[89.02278,21.68417],[89.02278,21.68389],[89.0225,21.6836],[89.0225,21.68306],[89.02222,21.68278],[89.02222,21.6825],[89.02194,21.68222],[89.02194,21.68194],[89.02167,21.68167],[89.02167,21.68083],[89.02139,21.68056],[89.02139,21.67972],[89.02132,21.67965],[89.02111,21.67945],[89.02111,21.67745],[89.02111,21.67472],[89.02084,21.67444],[89.02084,21.67361],[89.02111,21.67333],[89.02111,21.67111],[89.02084,21.67084],[89.02084,21.67055],[89.02083,21.66996],[89.02077,21.66931],[89.02056,21.66878],[89.02036,21.66826],[89.0202,21.66772],[89.01994,21.66722],[89.01964,21.66674],[89.01925,21.66633],[89.0189,21.66586],[89.01861,21.66533],[89.0183,21.66513],[89.01798,21.66447],[89.01797,21.66396],[89.01801,21.66347],[89.01789,21.66306],[89.01795,21.66237],[89.01796,21.66173],[89.01784,21.66119],[89.0174,21.66085],[89.0169,21.66065],[89.01667,21.66055],[89.01527,21.65945],[89.01499,21.65923],[89.01414,21.65882],[89.01385,21.65854],[89.01385,21.65811],[89.01402,21.65741],[89.01389,21.65707],[89.01361,21.65686],[89.01311,21.65666],[89.01299,21.65645],[89.01278,21.65611],[89.0125,21.65583],[89.01222,21.65583],[89.01195,21.65556],[89.01167,21.65556],[89.01098,21.65483],[89.01035,21.65417],[89.01013,21.65396],[89.0093,21.65326],[89.00889,21.65306],[89.00833,21.65263],[89.00806,21.6525],[89.00776,21.65222],[89.00735,21.65222],[89.00694,21.65222],[89.00638,21.65208],[89.00396,21.65201],[89.00318,21.65242],[89.00236,21.65236],[89.00198,21.65223],[89.00143,21.65223],[89.00077,21.65216],[89,21.65222],[88.99955,21.65219],[88.99899,21.6521],[88.99871,21.65195],[88.99834,21.65192],[88.99802,21.65177],[88.99765,21.65168],[88.99725,21.65166],[88.99683,21.65167],[88.99641,21.65167],[88.99599,21.65164],[88.99557,21.65152],[88.99514,21.65141],[88.99471,21.65139],[88.99427,21.65139],[88.99384,21.65139],[88.99342,21.65139],[88.993,21.65142],[88.99263,21.65161],[88.99223,21.65168],[88.99184,21.65178],[88.99148,21.65199],[88.99114,21.6523],[88.99084,21.65265],[88.9906,21.65302],[88.9904,21.65336],[88.99026,21.65373],[88.99007,21.65412],[88.98997,21.65462],[88.98981,21.65514],[88.9898,21.65566],[88.98995,21.65626],[88.99001,21.65682],[88.99,21.65734],[88.98998,21.65784],[88.98992,21.65833],[88.98984,21.65878],[88.98974,21.65924],[88.98972,21.65969],[88.98972,21.66014],[88.98965,21.66059],[88.98948,21.66106],[88.98944,21.66162],[88.98944,21.66223],[88.98945,21.66286],[88.9895,21.66348],[88.98965,21.66404],[88.98978,21.6646],[88.99001,21.66506],[88.99025,21.66546],[88.99046,21.66587],[88.99061,21.66627],[88.99086,21.66664],[88.99119,21.667],[88.99165,21.66732],[88.99213,21.66771],[88.99256,21.66812],[88.99306,21.66859],[88.99365,21.66905],[88.99418,21.66951],[88.99437,21.66978],[88.99472,21.67028],[88.99472,21.67084],[88.995,21.67111],[88.995,21.67139],[88.99555,21.67194],[88.99555,21.67222],[88.99582,21.6725],[88.99582,21.67278],[88.99577,21.67326],[88.99561,21.67376],[88.99553,21.67423],[88.99545,21.67468],[88.99551,21.67517],[88.99551,21.67565],[88.99541,21.6761],[88.99525,21.67655],[88.99507,21.67698],[88.99493,21.67742],[88.99474,21.67782],[88.99464,21.67826],[88.99444,21.67867],[88.99426,21.67904],[88.99422,21.67914],[88.99406,21.67971],[88.99387,21.68028],[88.99361,21.68167],[88.99333,21.68194],[88.99333,21.68222],[88.99307,21.6825],[88.99306,21.68278],[88.99361,21.68333],[88.99361,21.68417],[88.99389,21.68444],[88.99389,21.685],[88.99416,21.68528],[88.99416,21.6875],[88.99389,21.68778],[88.99389,21.68833],[88.99361,21.68861],[88.99361,21.68917],[88.99333,21.68944],[88.99333,21.68972],[88.99307,21.69],[88.99307,21.69028],[88.99278,21.69056],[88.99278,21.69083],[88.99266,21.69095],[88.9925,21.69111],[88.9925,21.69167],[88.99223,21.69194],[88.99223,21.6925],[88.99194,21.69278],[88.99194,21.69439],[88.99194,21.69472],[88.99185,21.69482],[88.99167,21.695],[88.99167,21.69555],[88.99194,21.69583],[88.99194,21.69611],[88.99223,21.69639],[88.99223,21.69778],[88.9925,21.69806],[88.9925,21.6989],[88.99276,21.69917],[88.99276,21.7],[88.9925,21.70028],[88.9925,21.70139],[88.99223,21.70167],[88.99223,21.70195],[88.99194,21.70222],[88.99194,21.7025],[88.99167,21.70278],[88.99167,21.70306],[88.99139,21.70333],[88.99139,21.70361],[88.99084,21.70417],[88.99084,21.70444],[88.99001,21.70528],[88.99001,21.70556],[88.98917,21.70639],[88.98889,21.70639],[88.98473,21.71056],[88.98444,21.71056],[88.98333,21.71167],[88.98305,21.71167],[88.9825,21.71222],[88.98222,21.71222],[88.98167,21.71278],[88.98139,21.71278],[88.98111,21.71306],[88.98083,21.71306],[88.98055,21.71333],[88.98028,21.71333],[88.98,21.71361],[88.97972,21.71361],[88.97945,21.7139],[88.97916,21.7139],[88.97861,21.71445],[88.97833,21.71445],[88.97778,21.715],[88.9775,21.715],[88.97694,21.71556],[88.97667,21.71556],[88.97611,21.71611],[88.97583,21.71611],[88.97528,21.71667],[88.975,21.71667],[88.97467,21.717],[88.97334,21.71833],[88.97305,21.71833],[88.9725,21.71889],[88.97222,21.71889],[88.97111,21.72],[88.97111,21.72028],[88.97056,21.72083],[88.97056,21.72111],[88.97111,21.72167],[88.97111,21.72194],[88.97165,21.7225],[88.97194,21.7225],[88.97195,21.72278],[88.97389,21.72472],[88.97389,21.725],[88.97417,21.72528],[88.97417,21.72556],[88.97528,21.72667],[88.97556,21.72667],[88.97583,21.72695],[88.97611,21.72695],[88.97639,21.72722],[88.97667,21.72722],[88.9773,21.72712],[88.97775,21.72696],[88.978,21.72688],[88.97861,21.72665],[88.97914,21.72639],[88.97966,21.72618],[88.98021,21.72608],[88.98074,21.72594],[88.98124,21.7258],[88.98171,21.72561],[88.98216,21.72551],[88.98257,21.72538],[88.98299,21.7253],[88.98344,21.72527],[88.98388,21.72522],[88.98428,21.72506],[88.98471,21.725],[88.98515,21.72494],[88.98553,21.72479],[88.98596,21.72473],[88.9864,21.7247],[88.98683,21.72463],[88.98727,21.72449],[88.98772,21.72442],[88.98817,21.72432],[88.9886,21.72419],[88.98876,21.72415],[88.98904,21.72408],[88.98944,21.72391],[88.98985,21.72376],[88.99027,21.7236],[88.9907,21.72341],[88.99119,21.72324],[88.9917,21.72302],[88.99222,21.72278],[88.99272,21.7225],[88.99319,21.72222],[88.99359,21.72191],[88.99394,21.72155],[88.99423,21.72122],[88.99453,21.7209],[88.9948,21.72058],[88.99506,21.72024],[88.99532,21.71985],[88.9956,21.71942],[88.99591,21.71894],[88.99628,21.71848],[88.99673,21.71804],[88.99721,21.71761]]],[[[88.72885,21.63708],[88.72887,21.63659],[88.7289,21.63613],[88.72895,21.63573],[88.72906,21.63534],[88.72914,21.63493],[88.72922,21.63451],[88.72936,21.6341],[88.72944,21.63366],[88.72952,21.63321],[88.72967,21.6328],[88.72981,21.63236],[88.72996,21.6319],[88.73007,21.63144],[88.73025,21.63097],[88.73041,21.6305],[88.73061,21.63009],[88.73084,21.62973],[88.73106,21.62938],[88.73121,21.62898],[88.73138,21.6286],[88.73154,21.62822],[88.73174,21.62793],[88.732,21.62771],[88.73227,21.62745],[88.73256,21.62712],[88.73287,21.62673],[88.73321,21.62633],[88.73352,21.62588],[88.73377,21.62536],[88.73396,21.62477],[88.73413,21.62414],[88.73422,21.62347],[88.73416,21.62281],[88.73408,21.62219],[88.73395,21.62165],[88.73387,21.62113],[88.73382,21.62066],[88.7337,21.62024],[88.73363,21.61982],[88.73361,21.61943],[88.7336,21.61901],[88.73355,21.61857],[88.73345,21.6181],[88.73341,21.61758],[88.73347,21.61703],[88.73358,21.61649],[88.73367,21.61592],[88.73381,21.61538],[88.73393,21.61486],[88.73408,21.61443],[88.73414,21.61401],[88.73416,21.61363],[88.7342,21.6133],[88.73439,21.61298],[88.73454,21.61266],[88.7347,21.61239],[88.73486,21.61212],[88.73502,21.61188],[88.73519,21.61164],[88.73537,21.61137],[88.73558,21.61105],[88.73587,21.61068],[88.73624,21.61027],[88.7367,21.60984],[88.73727,21.60944],[88.7379,21.60911],[88.73853,21.60875],[88.73914,21.60837],[88.73978,21.60801],[88.74041,21.60767],[88.74107,21.6074],[88.74167,21.60717],[88.74217,21.60694],[88.74262,21.60674],[88.74306,21.6066],[88.74343,21.60642],[88.74382,21.60628],[88.74419,21.60612],[88.74458,21.60598],[88.745,21.60587],[88.74544,21.60579],[88.74586,21.60567],[88.74627,21.60557],[88.7467,21.60547],[88.74707,21.60532],[88.74747,21.60518],[88.74787,21.60505],[88.74831,21.60494],[88.74874,21.60475],[88.74922,21.60458],[88.74976,21.60441],[88.75035,21.60422],[88.75097,21.60406],[88.75152,21.60378],[88.75201,21.60343],[88.75251,21.6031],[88.753,21.60283],[88.75346,21.60259],[88.75393,21.60241],[88.75433,21.60215],[88.75469,21.60181],[88.7551,21.60145],[88.75556,21.60112],[88.75603,21.60079],[88.75648,21.60044],[88.75685,21.60005],[88.7571,21.59958],[88.75719,21.59898],[88.75712,21.59834],[88.75684,21.59779],[88.75636,21.59745],[88.75587,21.59716],[88.75541,21.59691],[88.75497,21.59668],[88.75453,21.59645],[88.75409,21.59619],[88.7536,21.59594],[88.75311,21.59568],[88.75264,21.5954],[88.75223,21.59507],[88.75182,21.59476],[88.75139,21.59447],[88.75094,21.59422],[88.75056,21.5939],[88.75022,21.59354],[88.74992,21.59315],[88.74957,21.59279],[88.74922,21.59245],[88.74891,21.59207],[88.74862,21.59169],[88.74835,21.59133],[88.74814,21.59095],[88.74799,21.59053],[88.7478,21.59014],[88.74763,21.58973],[88.74747,21.58931],[88.74729,21.58885],[88.74723,21.58828],[88.74722,21.58764],[88.74723,21.58698],[88.74728,21.58635],[88.74742,21.58581],[88.74741,21.58531],[88.74728,21.58486],[88.74725,21.58444],[88.74729,21.584],[88.74738,21.58358],[88.7473,21.5831],[88.74724,21.58256],[88.74722,21.58194],[88.74722,21.58134],[88.74722,21.58079],[88.74722,21.5803],[88.74722,21.57985],[88.74722,21.57972],[88.74722,21.57833],[88.74695,21.57806],[88.74695,21.5775],[88.74667,21.5775],[88.74555,21.57639],[88.745,21.57639],[88.74472,21.57611],[88.74416,21.57611],[88.74389,21.57583],[88.74306,21.57583],[88.74277,21.57611],[88.74167,21.57611],[88.74139,21.57583],[88.74084,21.57583],[88.74028,21.57528],[88.74029,21.575],[88.74084,21.57444],[88.74084,21.57389],[88.74111,21.57361],[88.74055,21.57306],[88.74028,21.57333],[88.74,21.57333],[88.73972,21.57306],[88.73889,21.57306],[88.73861,21.57278],[88.73833,21.57278],[88.73805,21.57306],[88.73722,21.57306],[88.73583,21.57167],[88.73556,21.57167],[88.73528,21.57195],[88.73473,21.57195],[88.73389,21.57278],[88.73222,21.57278],[88.73194,21.57306],[88.73139,21.57306],[88.73112,21.57278],[88.73028,21.57278],[88.73,21.57306],[88.72833,21.57306],[88.72806,21.57333],[88.72639,21.57333],[88.72611,21.57361],[88.72583,21.57361],[88.72556,21.57389],[88.72499,21.57389],[88.72472,21.57417],[88.72389,21.57417],[88.72334,21.57361],[88.72305,21.57361],[88.72222,21.57444],[88.72167,21.57444],[88.72139,21.57472],[88.72083,21.57472],[88.72056,21.575],[88.72028,21.575],[88.72,21.57528],[88.71944,21.57528],[88.71833,21.57639],[88.71806,21.57639],[88.71778,21.57667],[88.71723,21.57667],[88.71694,21.57694],[88.71667,21.57694],[88.71639,21.57722],[88.71612,21.57722],[88.715,21.57834],[88.71445,21.57833],[88.71416,21.57861],[88.71416,21.57889],[88.71389,21.57917],[88.71389,21.57972],[88.71333,21.58028],[88.71333,21.58056],[88.71306,21.58083],[88.71333,21.58111],[88.71305,21.58138],[88.71305,21.58167],[88.71222,21.5825],[88.71222,21.58278],[88.71194,21.58278],[88.71139,21.58333],[88.71139,21.58361],[88.71111,21.58389],[88.71111,21.58417],[88.71083,21.58444],[88.71083,21.58472],[88.71056,21.585],[88.71056,21.58528],[88.70999,21.58583],[88.70999,21.58611],[88.70944,21.58667],[88.70948,21.58695],[88.70941,21.58733],[88.70928,21.58766],[88.70914,21.58797],[88.70892,21.58828],[88.70866,21.5886],[88.7085,21.58899],[88.70833,21.58934],[88.70818,21.5897],[88.70802,21.59007],[88.70794,21.59045],[88.7079,21.59083],[88.70785,21.59121],[88.70774,21.59159],[88.7077,21.59201],[88.70767,21.59246],[88.70761,21.59287],[88.70749,21.59324],[88.70736,21.59356],[88.70726,21.59387],[88.70721,21.59422],[88.70721,21.59459],[88.70721,21.59496],[88.70724,21.5953],[88.70731,21.59562],[88.70753,21.59589],[88.70782,21.59613],[88.7081,21.59638],[88.70841,21.59662],[88.70872,21.59683],[88.70889,21.59709],[88.70905,21.59735],[88.70918,21.59749],[88.70917,21.59972],[88.70944,21.6],[88.70944,21.60056],[88.70972,21.60083],[88.70972,21.60111],[88.71,21.60139],[88.70999,21.60478],[88.70999,21.60639],[88.71028,21.60667],[88.71028,21.60695],[88.71056,21.60722],[88.71056,21.61],[88.71111,21.61056],[88.71111,21.61083],[88.71139,21.61111],[88.71139,21.61167],[88.71167,21.61194],[88.71167,21.61222],[88.71139,21.6125],[88.71139,21.61278],[88.71111,21.61306],[88.71111,21.61389],[88.71139,21.61417],[88.71139,21.61444],[88.71134,21.61497],[88.71167,21.61528],[88.71167,21.61611],[88.71185,21.6163],[88.71222,21.61667],[88.71278,21.61667],[88.71278,21.61722],[88.71305,21.61749],[88.71305,21.61889],[88.71278,21.61917],[88.71278,21.61972],[88.7125,21.62],[88.7125,21.62028],[88.71194,21.62083],[88.71194,21.62111],[88.7125,21.62167],[88.71278,21.62167],[88.71306,21.62195],[88.71333,21.62195],[88.71361,21.62222],[88.71361,21.6225],[88.71333,21.62278],[88.71333,21.62306],[88.71305,21.62333],[88.71305,21.62389],[88.71278,21.62417],[88.71278,21.62472],[88.71305,21.625],[88.71305,21.62528],[88.71333,21.62556],[88.71333,21.62583],[88.71389,21.62639],[88.71389,21.62668],[88.715,21.62778],[88.715,21.62833],[88.71528,21.62833],[88.71528,21.62917],[88.71555,21.62944],[88.71555,21.62972],[88.71584,21.63],[88.71584,21.63028],[88.71611,21.63056],[88.71612,21.63083],[88.71639,21.63111],[88.71639,21.63139],[88.71667,21.63167],[88.71667,21.63195],[88.71694,21.63222],[88.71694,21.6325],[88.71778,21.63333],[88.71917,21.63333],[88.71944,21.63305],[88.71944,21.63417],[88.71972,21.63445],[88.71972,21.63472],[88.72,21.635],[88.72,21.63556],[88.72028,21.63583],[88.72028,21.63778],[88.72083,21.63833],[88.72195,21.63833],[88.72236,21.63825],[88.72282,21.63801],[88.72319,21.63764],[88.72358,21.63737],[88.724,21.63719],[88.72446,21.63705],[88.72502,21.63704],[88.72555,21.63715],[88.72607,21.63729],[88.72656,21.63752],[88.72704,21.6378],[88.72749,21.63812],[88.72795,21.63836],[88.72836,21.63835],[88.72861,21.63802],[88.72879,21.63758],[88.72885,21.63708]]],[[[88.80666,21.74917],[88.8064,21.74889],[88.80556,21.74889],[88.80527,21.74861],[88.80473,21.74861],[88.80444,21.74833],[88.80222,21.74833],[88.80194,21.74861],[88.80111,21.74861],[88.80083,21.74889],[88.80055,21.74889],[88.80055,21.74917],[88.80027,21.74945],[88.79972,21.74945],[88.79945,21.74917],[88.79916,21.74917],[88.79891,21.74867],[88.79889,21.74833],[88.79694,21.74833],[88.79667,21.74861],[88.795,21.74861],[88.79472,21.74889],[88.79417,21.74889],[88.79389,21.74917],[88.79333,21.74917],[88.79305,21.74945],[88.79195,21.74944],[88.79166,21.74972],[88.7914,21.74972],[88.79111,21.75001],[88.79083,21.75001],[88.79054,21.75035],[88.79031,21.75068],[88.79009,21.75107],[88.78983,21.75142],[88.78954,21.75174],[88.78933,21.75207],[88.78918,21.75245],[88.78907,21.75286],[88.78889,21.75328],[88.78868,21.75367],[88.78854,21.7541],[88.78832,21.75445],[88.78806,21.75478],[88.78779,21.75516],[88.78757,21.7556],[88.78737,21.75607],[88.78712,21.75649],[88.7869,21.7569],[88.78666,21.75727],[88.78642,21.7576],[88.78621,21.75797],[88.78604,21.7584],[88.78583,21.75884],[88.78555,21.7593],[88.78526,21.75974],[88.785,21.76021],[88.78474,21.76064],[88.78452,21.76104],[88.78436,21.76147],[88.7842,21.7619],[88.78407,21.76234],[88.78402,21.76284],[88.78395,21.76336],[88.7839,21.7639],[88.78387,21.76447],[88.78386,21.76502],[88.7839,21.76552],[88.78408,21.76591],[88.78419,21.76629],[88.78436,21.76661],[88.78448,21.76697],[88.78471,21.76729],[88.78493,21.76769],[88.78523,21.76804],[88.78545,21.76849],[88.78565,21.76896],[88.78594,21.76934],[88.78624,21.76973],[88.78653,21.77012],[88.7869,21.77039],[88.78721,21.77072],[88.7875,21.77111],[88.7878,21.77152],[88.78815,21.77191],[88.78854,21.77227],[88.78888,21.77268],[88.78917,21.77312],[88.78942,21.77357],[88.78963,21.77402],[88.78993,21.77439],[88.79029,21.77469],[88.79073,21.77489],[88.79114,21.77512],[88.7915,21.77541],[88.79179,21.7758],[88.79212,21.77615],[88.7924,21.77654],[88.79272,21.77689],[88.79307,21.77725],[88.7935,21.77764],[88.79396,21.7781],[88.79444,21.77859],[88.79494,21.77905],[88.79528,21.77955],[88.79558,21.78002],[88.79585,21.78044],[88.79611,21.78082],[88.79639,21.78117],[88.79663,21.78153],[88.79679,21.78192],[88.79692,21.7823],[88.79697,21.7827],[88.79709,21.78305],[88.79723,21.78339],[88.79736,21.78375],[88.79745,21.78416],[88.79749,21.78459],[88.7975,21.78504],[88.79755,21.78548],[88.7976,21.78587],[88.79759,21.78625],[88.79752,21.78662],[88.79749,21.78699],[88.79743,21.78733],[88.79728,21.78763],[88.79723,21.78794],[88.79718,21.78824],[88.79708,21.78853],[88.79697,21.78884],[88.79694,21.78922],[88.79694,21.78966],[88.79694,21.79],[88.79723,21.79028],[88.79723,21.79056],[88.79889,21.79222],[88.79889,21.7925],[88.79945,21.79306],[88.79946,21.79317],[88.7998,21.79368],[88.80012,21.7942],[88.80044,21.79472],[88.80072,21.79523],[88.80098,21.79574],[88.80135,21.7962],[88.8017,21.79668],[88.80209,21.79709],[88.80245,21.79746],[88.80277,21.79778],[88.80306,21.7981],[88.80335,21.7984],[88.80368,21.79867],[88.80402,21.79895],[88.80431,21.79927],[88.80463,21.7995],[88.80489,21.79981],[88.805,21.8],[88.80512,21.80012],[88.80611,21.80112],[88.80611,21.80139],[88.8075,21.80278],[88.80778,21.80278],[88.80889,21.80389],[88.80917,21.80389],[88.80944,21.80416],[88.80944,21.80445],[88.81111,21.80611],[88.81111,21.80639],[88.81139,21.80667],[88.81139,21.80695],[88.81167,21.80722],[88.81207,21.80778],[88.81242,21.80823],[88.81274,21.80863],[88.81304,21.80902],[88.81332,21.80942],[88.81361,21.80981],[88.81389,21.81019],[88.81413,21.81054],[88.81427,21.81091],[88.81444,21.81124],[88.81458,21.81154],[88.8147,21.81185],[88.81477,21.81216],[88.81491,21.81244],[88.81503,21.81273],[88.8152,21.81302],[88.81531,21.81335],[88.81547,21.81365],[88.81561,21.81397],[88.81577,21.81424],[88.81593,21.81452],[88.81614,21.81476],[88.81638,21.81501],[88.8166,21.81528],[88.81679,21.81556],[88.81693,21.81586],[88.81703,21.81617],[88.81716,21.81643],[88.81726,21.81675],[88.81741,21.81704],[88.81751,21.81735],[88.81764,21.81764],[88.81778,21.81793],[88.81792,21.8182],[88.81809,21.81848],[88.81829,21.81875],[88.81847,21.81908],[88.81864,21.81947],[88.81887,21.81986],[88.81909,21.82028],[88.81934,21.82071],[88.81963,21.82114],[88.81994,21.8216],[88.8203,21.82207],[88.82072,21.82245],[88.8212,21.8227],[88.82167,21.8229],[88.82228,21.82257],[88.82291,21.8224],[88.82337,21.82213],[88.82363,21.82167],[88.82389,21.8212],[88.82416,21.82077],[88.82437,21.82032],[88.82446,21.81979],[88.82459,21.81932],[88.82472,21.81887],[88.82489,21.81848],[88.82507,21.81808],[88.82529,21.81769],[88.82555,21.81731],[88.82584,21.8169],[88.82611,21.81646],[88.82635,21.81597],[88.82655,21.81542],[88.82685,21.81495],[88.82711,21.8145],[88.82746,21.81416],[88.8278,21.81387],[88.8281,21.81357],[88.82839,21.81325],[88.82867,21.81288],[88.829,21.81255],[88.82936,21.81228],[88.82963,21.81195],[88.82986,21.81164],[88.83003,21.81132],[88.83024,21.81103],[88.83041,21.81073],[88.83059,21.81034],[88.83074,21.80994],[88.83064,21.80943],[88.83076,21.80892],[88.831,21.80839],[88.83096,21.8078],[88.8307,21.80725],[88.83038,21.80678],[88.83004,21.80642],[88.82973,21.80608],[88.82944,21.80569],[88.82914,21.80524],[88.82888,21.8047],[88.82869,21.80455],[88.82833,21.80428],[88.82808,21.80403],[88.82758,21.80345],[88.82705,21.80296],[88.82701,21.80268],[88.82668,21.80235],[88.82639,21.80199],[88.82612,21.80161],[88.82585,21.8012],[88.82563,21.80079],[88.8255,21.80033],[88.82529,21.79993],[88.82508,21.79954],[88.82482,21.79912],[88.82462,21.79864],[88.82461,21.79801],[88.8242,21.79756],[88.82382,21.79711],[88.82356,21.79663],[88.82332,21.79617],[88.82306,21.79573],[88.82285,21.79528],[88.82277,21.79477],[88.82269,21.79429],[88.82257,21.79389],[88.82202,21.79288],[88.82181,21.79207],[88.82145,21.79052],[88.8213,21.78891],[88.82073,21.78703],[88.82091,21.78522],[88.82108,21.78487],[88.82122,21.78447],[88.8214,21.78405],[88.82163,21.78251],[88.82156,21.78083],[88.82213,21.77975],[88.82292,21.77844],[88.82335,21.77773],[88.82464,21.77518],[88.82614,21.77276],[88.82642,21.77114],[88.82779,21.7698],[88.82893,21.76865],[88.83028,21.76722],[88.83028,21.76667],[88.83,21.76667],[88.8295,21.76616],[88.82887,21.76583],[88.82828,21.76555],[88.8277,21.76527],[88.82714,21.76498],[88.82662,21.76466],[88.82614,21.76431],[88.82568,21.76394],[88.82519,21.76361],[88.82471,21.76329],[88.82431,21.76292],[88.82392,21.76254],[88.82354,21.76215],[88.82315,21.76177],[88.82275,21.76141],[88.82233,21.76106],[88.82196,21.76068],[88.82159,21.7603],[88.82121,21.75994],[88.82103,21.75975],[88.82087,21.75959],[88.82057,21.75926],[88.8203,21.75898],[88.82004,21.75872],[88.81981,21.75843],[88.81954,21.75816],[88.81921,21.75789],[88.81892,21.75759],[88.81863,21.75727],[88.81834,21.75693],[88.8181,21.75662],[88.81783,21.75632],[88.81755,21.75603],[88.81726,21.75573],[88.81698,21.75543],[88.81669,21.7551],[88.81639,21.75477],[88.81608,21.75445],[88.81574,21.75415],[88.81538,21.75385],[88.815,21.75352],[88.81458,21.75318],[88.81413,21.75282],[88.81364,21.75249],[88.81315,21.75216],[88.81269,21.75184],[88.81228,21.75152],[88.8119,21.7512],[88.8115,21.75095],[88.81108,21.75075],[88.81074,21.75054],[88.81039,21.75034],[88.80999,21.75021],[88.8096,21.75005],[88.80944,21.75001],[88.80917,21.75001],[88.80889,21.74972],[88.80833,21.74972],[88.80805,21.74944],[88.8075,21.74945],[88.80722,21.74917],[88.80666,21.74917]]],[[[88.92883,22.22564],[88.92921,22.22557],[88.92963,22.22555],[88.93006,22.22554],[88.93053,22.22546],[88.93108,22.22531],[88.93172,22.22523],[88.93237,22.225],[88.93305,22.22481],[88.93378,22.22491],[88.93448,22.22476],[88.93523,22.22469],[88.93594,22.22452],[88.93669,22.22446],[88.93744,22.2244],[88.93816,22.22419],[88.93888,22.22403],[88.93958,22.22386],[88.94025,22.22361],[88.94091,22.22337],[88.94165,22.2233],[88.94235,22.22312],[88.94305,22.22302],[88.94369,22.22282],[88.94433,22.22278],[88.94496,22.22278],[88.94557,22.22278],[88.94618,22.22277],[88.94672,22.22272],[88.94717,22.22255],[88.9477,22.22251],[88.94824,22.22249],[88.94878,22.22242],[88.94931,22.22223],[88.94983,22.22212],[88.95036,22.22224],[88.95086,22.22245],[88.95145,22.22251],[88.95203,22.22251],[88.95261,22.22246],[88.95313,22.22223],[88.95366,22.22195],[88.95419,22.2216],[88.95451,22.22103],[88.95471,22.22034],[88.95483,22.21964],[88.95497,22.21899],[88.955,22.2184],[88.955,22.21788],[88.955,22.21743],[88.955,22.21699],[88.955,22.21656],[88.955,22.21614],[88.95505,22.21576],[88.9552,22.21547],[88.95527,22.21513],[88.95529,22.21477],[88.95534,22.21442],[88.95552,22.21415],[88.95556,22.21383],[88.9556,22.2135],[88.95576,22.21324],[88.95585,22.21292],[88.95598,22.21263],[88.95612,22.21235],[88.95628,22.21204],[88.95641,22.21163],[88.95663,22.21118],[88.95675,22.21063],[88.95694,22.21007],[88.95718,22.20949],[88.95728,22.20883],[88.95751,22.20823],[88.95778,22.20764],[88.95805,22.20711],[88.95829,22.20662],[88.95838,22.20614],[88.95858,22.20578],[88.9587,22.20537],[88.95889,22.20502],[88.95909,22.20465],[88.95924,22.20424],[88.95946,22.20383],[88.95969,22.2034],[88.95987,22.2029],[88.96004,22.20239],[88.96028,22.20192],[88.96051,22.20145],[88.96063,22.20096],[88.96085,22.20059],[88.96107,22.20028],[88.96111,22.19986],[88.96117,22.19941],[88.96135,22.19893],[88.96141,22.19839],[88.96149,22.19781],[88.96159,22.19721],[88.96144,22.19664],[88.96138,22.19606],[88.9613,22.19549],[88.96115,22.19497],[88.9611,22.19448],[88.96099,22.19405],[88.96082,22.19369],[88.96058,22.19336],[88.96027,22.19301],[88.95989,22.19269],[88.95947,22.19244],[88.95906,22.19221],[88.95866,22.19199],[88.95821,22.19191],[88.95783,22.19174],[88.9574,22.19168],[88.95694,22.19167],[88.95652,22.19167],[88.95609,22.19164],[88.95567,22.19151],[88.95525,22.19141],[88.9548,22.19139],[88.9543,22.19139],[88.9537,22.19139],[88.95303,22.19135],[88.95238,22.19118],[88.95168,22.19123],[88.95097,22.19136],[88.95026,22.19143],[88.94965,22.19162],[88.94907,22.19168],[88.94854,22.19176],[88.94804,22.19191],[88.94748,22.19197],[88.94691,22.19211],[88.94631,22.19226],[88.94575,22.19248],[88.94513,22.19264],[88.94449,22.19276],[88.94382,22.19278],[88.94315,22.19276],[88.9425,22.19266],[88.9419,22.19248],[88.94141,22.19219],[88.9411,22.1918],[88.94082,22.19144],[88.94057,22.19114],[88.94041,22.19084],[88.9403,22.19057],[88.94028,22.19029],[88.9403,22.19],[88.94041,22.18972],[88.94053,22.18944],[88.94059,22.18912],[88.94075,22.18886],[88.94093,22.18862],[88.94115,22.18837],[88.9414,22.1881],[88.9417,22.18781],[88.94205,22.18752],[88.94246,22.18722],[88.94291,22.18691],[88.94334,22.18653],[88.9438,22.18612],[88.94426,22.18572],[88.94456,22.18525],[88.94469,22.18476],[88.94459,22.18433],[88.94434,22.184],[88.94392,22.18381],[88.94346,22.18363],[88.94296,22.1835],[88.9425,22.18334],[88.94207,22.18318],[88.94164,22.18308],[88.94123,22.18306],[88.94078,22.18305],[88.94038,22.18301],[88.94003,22.18285],[88.93958,22.18278],[88.93909,22.18275],[88.93861,22.18264],[88.93812,22.18252],[88.93758,22.18247],[88.93705,22.18234],[88.93649,22.1822],[88.93597,22.18194],[88.93546,22.18164],[88.93504,22.18127],[88.93468,22.18086],[88.93434,22.18044],[88.93407,22.17999],[88.93381,22.17945],[88.9335,22.17889],[88.93314,22.17831],[88.93279,22.17772],[88.93239,22.17719],[88.9318,22.17702],[88.93148,22.17701],[88.93128,22.17715],[88.93098,22.17727],[88.9307,22.1775],[88.93035,22.17777],[88.92996,22.17805],[88.92955,22.17831],[88.92907,22.17849],[88.92858,22.17869],[88.92806,22.17892],[88.92751,22.17917],[88.92693,22.17941],[88.92631,22.17941],[88.92576,22.17925],[88.92524,22.17918],[88.92478,22.17917],[88.92435,22.1792],[88.92399,22.17934],[88.92365,22.17945],[88.92335,22.17963],[88.92307,22.17988],[88.92284,22.18022],[88.92262,22.1806],[88.92241,22.18106],[88.92208,22.18153],[88.92165,22.18201],[88.92115,22.18252],[88.92063,22.18305],[88.92008,22.18351],[88.91948,22.18386],[88.91894,22.18418],[88.91852,22.18454],[88.91815,22.1849],[88.91781,22.18525],[88.9175,22.18562],[88.91722,22.18601],[88.91693,22.18638],[88.91661,22.18672],[88.91628,22.18707],[88.91595,22.18748],[88.91558,22.18787],[88.91521,22.18827],[88.91482,22.18864],[88.91444,22.18903],[88.91407,22.18942],[88.91367,22.18978],[88.91329,22.19016],[88.91286,22.19049],[88.91248,22.19088],[88.91213,22.1913],[88.91172,22.19165],[88.91128,22.19197],[88.91088,22.19232],[88.91052,22.19269],[88.91016,22.19304],[88.9098,22.19337],[88.90946,22.19373],[88.90917,22.1941],[88.90889,22.19452],[88.9086,22.19493],[88.90834,22.19534],[88.90813,22.19579],[88.90807,22.19631],[88.9081,22.19682],[88.90829,22.19726],[88.90837,22.19774],[88.90858,22.19815],[88.90881,22.19858],[88.90912,22.19898],[88.90943,22.19943],[88.90976,22.19989],[88.91016,22.20032],[88.91051,22.2008],[88.9109,22.20127],[88.91136,22.20167],[88.9118,22.20204],[88.9122,22.20239],[88.91252,22.20274],[88.9128,22.20304],[88.91306,22.20335],[88.91333,22.20368],[88.91362,22.20407],[88.91396,22.20449],[88.91442,22.20487],[88.91486,22.20531],[88.91523,22.20578],[88.91553,22.20623],[88.91573,22.20666],[88.91586,22.20704],[88.916,22.20736],[88.91626,22.20759],[88.91654,22.20787],[88.91667,22.20826],[88.91679,22.20873],[88.91692,22.20926],[88.91698,22.20984],[88.91716,22.21042],[88.91726,22.21104],[88.9175,22.21155],[88.91773,22.21205],[88.91776,22.21255],[88.91766,22.21303],[88.91752,22.21352],[88.91744,22.21405],[88.91727,22.21463],[88.91718,22.21527],[88.91698,22.21584],[88.91687,22.21643],[88.9167,22.21696],[88.91663,22.21753],[88.91643,22.21807],[88.9164,22.21864],[88.91647,22.21921],[88.91668,22.21973],[88.91698,22.22024],[88.91732,22.22073],[88.91766,22.22123],[88.91798,22.22178],[88.9181,22.22242],[88.91829,22.22301],[88.91837,22.22358],[88.91857,22.22409],[88.91861,22.22462],[88.91862,22.22515],[88.91861,22.22567],[88.91857,22.22618],[88.91841,22.22661],[88.91834,22.22704],[88.91834,22.22745],[88.91834,22.22786],[88.91834,22.22833],[88.91834,22.22885],[88.91837,22.22941],[88.91856,22.22992],[88.91863,22.23042],[88.91879,22.23081],[88.9191,22.23105],[88.91955,22.23107],[88.92003,22.23089],[88.9205,22.23067],[88.92088,22.23034],[88.92126,22.23001],[88.92168,22.22969],[88.92207,22.22932],[88.92248,22.22898],[88.92284,22.22864],[88.92319,22.22835],[88.92356,22.2281],[88.92394,22.22783],[88.92436,22.22757],[88.92477,22.22729],[88.9252,22.22703],[88.92568,22.22681],[88.92614,22.22657],[88.92664,22.22643],[88.92718,22.22634],[88.92762,22.22611],[88.92802,22.2259],[88.92846,22.2258],[88.92883,22.22564]]],[[[88.96863,21.64043],[88.96905,21.64032],[88.96948,21.64029],[88.9699,21.64034],[88.97035,21.64048],[88.97081,21.6406],[88.97128,21.64074],[88.97172,21.6409],[88.97215,21.64108],[88.9726,21.64123],[88.97303,21.6414],[88.97347,21.64158],[88.97392,21.64172],[88.97436,21.64189],[88.97482,21.64204],[88.97527,21.64222],[88.97572,21.64244],[88.97618,21.64268],[88.97627,21.64273],[88.97663,21.64294],[88.97709,21.64312],[88.97754,21.64327],[88.97799,21.6434],[88.97843,21.64359],[88.97891,21.64378],[88.97949,21.64392],[88.9801,21.64408],[88.98071,21.64419],[88.98133,21.64432],[88.98198,21.6444],[88.98264,21.64443],[88.98331,21.64448],[88.98399,21.64453],[88.98468,21.64447],[88.98539,21.64459],[88.98601,21.64476],[88.98655,21.64484],[88.98702,21.64486],[88.98746,21.64486],[88.98789,21.64486],[88.98836,21.64483],[88.9889,21.64471],[88.98956,21.6446],[88.99024,21.64438],[88.99086,21.64404],[88.99139,21.64357],[88.99185,21.643],[88.99222,21.64239],[88.9925,21.64178],[88.99271,21.64119],[88.99288,21.64064],[88.99303,21.64015],[88.99311,21.63965],[88.99326,21.63918],[88.99332,21.63869],[88.99333,21.63819],[88.99334,21.63768],[88.99339,21.63718],[88.99354,21.6367],[88.99361,21.63621],[88.99367,21.63571],[88.99384,21.63519],[88.99389,21.63463],[88.99394,21.63406],[88.99407,21.63351],[88.99419,21.63292],[88.99435,21.6323],[88.99443,21.63165],[88.99446,21.63101],[88.99453,21.63042],[88.99468,21.62994],[88.99474,21.62946],[88.99481,21.62902],[88.99496,21.62863],[88.995,21.6282],[88.99478,21.62775],[88.9951,21.62731],[88.99485,21.62686],[88.99513,21.6264],[88.99485,21.62592],[88.99485,21.62541],[88.99485,21.62514],[88.99445,21.62486],[88.99432,21.62419],[88.99416,21.62333],[88.99387,21.62319],[88.99377,21.62275],[88.99307,21.62194],[88.99306,21.62139],[88.9925,21.62083],[88.9925,21.6205],[88.9925,21.61917],[88.99223,21.61889],[88.99223,21.61778],[88.9925,21.61749],[88.9925,21.61667],[88.99084,21.615],[88.9906,21.615],[88.99028,21.615],[88.98972,21.61445],[88.98944,21.61445],[88.98917,21.61417],[88.98889,21.61417],[88.98833,21.61361],[88.98805,21.61361],[88.98805,21.61333],[88.98778,21.61306],[88.98722,21.61306],[88.98695,21.61333],[88.98583,21.61333],[88.98583,21.61361],[88.98556,21.61389],[88.985,21.61389],[88.98444,21.61333],[88.98389,21.61333],[88.98361,21.61306],[88.98308,21.61306],[88.98167,21.61306],[88.98139,21.61333],[88.98,21.61333],[88.97958,21.61319],[88.97572,21.61319],[88.97472,21.61333],[88.97389,21.61333],[88.97361,21.61334],[88.97305,21.61348],[88.97287,21.61338],[88.97278,21.61333],[88.97071,21.61333],[88.97,21.61361],[88.96835,21.61361],[88.9675,21.61389],[88.96722,21.61389],[88.96694,21.61417],[88.96639,21.61417],[88.96611,21.61445],[88.96584,21.61444],[88.96555,21.61472],[88.96528,21.61472],[88.965,21.615],[88.96361,21.615],[88.96333,21.61528],[88.96278,21.61528],[88.9625,21.61555],[88.96222,21.61555],[88.96167,21.61611],[88.96028,21.61611],[88.95971,21.61667],[88.95834,21.61667],[88.95805,21.61695],[88.95778,21.61694],[88.9575,21.61722],[88.95641,21.61742],[88.95592,21.61757],[88.95612,21.6177],[88.95612,21.61778],[88.95611,21.61834],[88.95639,21.61833],[88.95639,21.61889],[88.95666,21.61917],[88.95667,21.61972],[88.95694,21.62],[88.95722,21.62],[88.95778,21.62056],[88.95778,21.62083],[88.95805,21.62111],[88.95841,21.62147],[88.95855,21.62169],[88.95876,21.62202],[88.95861,21.62222],[88.95861,21.6225],[88.95817,21.6225],[88.95805,21.6225],[88.95778,21.62278],[88.95778,21.62306],[88.95722,21.62362],[88.95722,21.62389],[88.95667,21.62445],[88.95639,21.62445],[88.95556,21.62528],[88.95528,21.62528],[88.95277,21.62778],[88.95277,21.62806],[88.95222,21.62861],[88.95222,21.62889],[88.95167,21.62944],[88.95167,21.62972],[88.95084,21.63056],[88.95084,21.63083],[88.95055,21.63111],[88.95055,21.63139],[88.95,21.63195],[88.95,21.63305],[88.94917,21.63389],[88.94861,21.63389],[88.94777,21.63472],[88.94777,21.635],[88.9475,21.63528],[88.9475,21.63556],[88.94722,21.63583],[88.94722,21.63611],[88.94666,21.63667],[88.94695,21.63694],[88.94666,21.63722],[88.94666,21.6375],[88.94583,21.63833],[88.94556,21.63833],[88.94527,21.63862],[88.94361,21.63861],[88.94302,21.63921],[88.94278,21.63944],[88.94267,21.6394],[88.94238,21.63975],[88.94207,21.64015],[88.94209,21.64056],[88.94225,21.64083],[88.94168,21.64153],[88.94141,21.64152],[88.94113,21.6418],[88.94099,21.6425],[88.94083,21.64278],[88.94083,21.64361],[88.94028,21.64417],[88.94024,21.64587],[88.94,21.64611],[88.94,21.64639],[88.93972,21.64667],[88.93972,21.64695],[88.94,21.64722],[88.94025,21.64729],[88.94058,21.6477],[88.94086,21.6481],[88.94111,21.64861],[88.94135,21.64885],[88.94167,21.64917],[88.94152,21.64932],[88.94139,21.64945],[88.94139,21.64972],[88.94186,21.65019],[88.94195,21.65028],[88.94195,21.65042],[88.94195,21.65083],[88.94221,21.65111],[88.94218,21.65129],[88.9423,21.65181],[88.94248,21.65229],[88.94263,21.65277],[88.94275,21.65323],[88.94281,21.65367],[88.94293,21.65403],[88.9431,21.65432],[88.94331,21.65458],[88.94347,21.65487],[88.94356,21.65524],[88.94383,21.65544],[88.94383,21.65593],[88.94421,21.65643],[88.94445,21.65688],[88.94469,21.6573],[88.94485,21.65796],[88.94495,21.65868],[88.94533,21.65926],[88.94554,21.65988],[88.9457,21.66051],[88.94586,21.66116],[88.94613,21.66177],[88.94646,21.66232],[88.94669,21.66292],[88.94696,21.6635],[88.94724,21.66398],[88.94753,21.66437],[88.9478,21.66467],[88.94805,21.66495],[88.94826,21.66524],[88.94838,21.66564],[88.94857,21.66605],[88.94874,21.66656],[88.94904,21.66695],[88.94938,21.66733],[88.94971,21.66769],[88.94987,21.66791],[88.95,21.66808],[88.95026,21.66848],[88.95045,21.66894],[88.95059,21.66947],[88.95084,21.66995],[88.95111,21.67043],[88.95138,21.67088],[88.9516,21.67133],[88.95179,21.67179],[88.95197,21.6722],[88.95222,21.67253],[88.95244,21.67287],[88.95261,21.67328],[88.95283,21.67366],[88.95307,21.67406],[88.95332,21.67448],[88.95355,21.67495],[88.95365,21.67554],[88.9539,21.67608],[88.95423,21.67655],[88.95469,21.67691],[88.95521,21.67709],[88.95588,21.67682],[88.95654,21.67628],[88.95705,21.67578],[88.95742,21.67529],[88.95766,21.67481],[88.95781,21.67433],[88.95793,21.67385],[88.95808,21.67337],[88.95827,21.6729],[88.95848,21.67245],[88.95866,21.67198],[88.95885,21.67151],[88.95904,21.67111],[88.95922,21.67068],[88.9594,21.67025],[88.95959,21.66979],[88.95975,21.66932],[88.95995,21.66889],[88.96014,21.66847],[88.96029,21.66799],[88.96042,21.6675],[88.96058,21.66699],[88.96078,21.66646],[88.96095,21.66595],[88.96105,21.66547],[88.96124,21.66502],[88.96146,21.66459],[88.96162,21.66419],[88.96173,21.6638],[88.96185,21.66335],[88.96198,21.66284],[88.96211,21.66228],[88.96223,21.66169],[88.96229,21.66103],[88.96236,21.66036],[88.96245,21.65964],[88.96249,21.65889],[88.96246,21.65815],[88.96239,21.65743],[88.96233,21.65674],[88.96223,21.65612],[88.96216,21.65556],[88.96211,21.65506],[88.96209,21.65459],[88.96204,21.65413],[88.96194,21.65365],[88.96186,21.65311],[88.9618,21.65254],[88.96178,21.65195],[88.96177,21.65138],[88.96179,21.65077],[88.96186,21.65011],[88.96192,21.6494],[88.96202,21.64868],[88.96217,21.64802],[88.96233,21.64744],[88.96249,21.64698],[88.96265,21.64658],[88.96285,21.64623],[88.9631,21.6459],[88.96333,21.6455],[88.96348,21.64504],[88.96358,21.64454],[88.96371,21.64408],[88.96389,21.6437],[88.96413,21.6434],[88.9644,21.64311],[88.96469,21.6428],[88.96497,21.64246],[88.9652,21.6421],[88.96548,21.64179],[88.96577,21.64153],[88.96608,21.6413],[88.96638,21.64103],[88.96676,21.64083],[88.96724,21.64067],[88.96773,21.64058],[88.96818,21.64052],[88.96863,21.64043]]],[[[89.01274,21.76484],[89.01337,21.76463],[89.01399,21.76447],[89.01456,21.76433],[89.01502,21.76412],[89.01543,21.76386],[89.0158,21.76359],[89.01617,21.76331],[89.01656,21.76306],[89.01695,21.76279],[89.01733,21.76253],[89.01769,21.76224],[89.01805,21.76194],[89.01839,21.7616],[89.01875,21.76123],[89.0191,21.76081],[89.01947,21.76035],[89.01988,21.75985],[89.02032,21.75938],[89.02077,21.75897],[89.02123,21.75862],[89.02164,21.75832],[89.02198,21.75801],[89.02231,21.75777],[89.02261,21.75754],[89.02296,21.75736],[89.02337,21.75726],[89.02381,21.75723],[89.02427,21.75723],[89.02471,21.75721],[89.0251,21.75714],[89.02541,21.75697],[89.02567,21.75674],[89.02596,21.75647],[89.02626,21.75617],[89.02658,21.75586],[89.0269,21.75554],[89.02719,21.75518],[89.02746,21.75479],[89.02776,21.75442],[89.02805,21.75403],[89.0283,21.75361],[89.02855,21.75316],[89.02882,21.75276],[89.02905,21.75238],[89.02926,21.75209],[89.02947,21.75187],[89.02965,21.75167],[89.02982,21.75145],[89.02999,21.75122],[89.03017,21.75096],[89.0304,21.75069],[89.03056,21.75048],[89.03065,21.75037],[89.03102,21.75002],[89.03146,21.74964],[89.03192,21.7492],[89.03236,21.7487],[89.03275,21.74814],[89.03321,21.74765],[89.03368,21.74721],[89.03414,21.74675],[89.03455,21.74625],[89.03502,21.74577],[89.03546,21.74529],[89.03588,21.7448],[89.03632,21.74428],[89.03726,21.74325],[89.0377,21.74278],[89.03806,21.74231],[89.03834,21.74197],[89.03855,21.74164],[89.03841,21.74117],[89.03806,21.74096],[89.03741,21.74083],[89.03698,21.74083],[89.03668,21.74054],[89.03655,21.74043],[89.03655,21.74029],[89.03684,21.73996],[89.03762,21.73996],[89.03819,21.74002],[89.03941,21.74002],[89.03972,21.74028],[89.04028,21.74028],[89.04056,21.74],[89.04083,21.74],[89.04139,21.73944],[89.04195,21.73945],[89.04472,21.73667],[89.045,21.73647],[89.04556,21.73611],[89.04576,21.73584],[89.04667,21.73528],[89.04715,21.73494],[89.04778,21.73472],[89.04798,21.73459],[89.04833,21.73444],[89.04861,21.73444],[89.04917,21.73389],[89.04945,21.73389],[89.04972,21.73361],[89.0499,21.73351],[89.05034,21.73337],[89.05062,21.73317],[89.05119,21.73263],[89.05127,21.73236],[89.05155,21.73216],[89.05199,21.73189],[89.05256,21.73169],[89.05306,21.73142],[89.05392,21.73102],[89.05413,21.73082],[89.05456,21.73055],[89.05472,21.7304],[89.05535,21.73014],[89.05583,21.72993],[89.05598,21.72982],[89.05649,21.72948],[89.05678,21.72928],[89.05727,21.72875],[89.05763,21.72861],[89.05921,21.7268],[89.05928,21.72592],[89.05871,21.72572],[89.05835,21.72524],[89.0582,21.72511],[89.05814,21.72485],[89.05806,21.72464],[89.05798,21.72462],[89.05742,21.72444],[89.05685,21.72424],[89.05649,21.72411],[89.05598,21.72404],[89.0557,21.72397],[89.05484,21.72404],[89.0542,21.72397],[89.05391,21.7239],[89.05348,21.72377],[89.05327,21.72363],[89.05259,21.72353],[89.0523,21.72346],[89.05151,21.72346],[89.05073,21.72339],[89.05048,21.72339],[89.04929,21.72339],[89.04887,21.72332],[89.04829,21.72319],[89.04779,21.72312],[89.04622,21.72312],[89.04572,21.72319],[89.04536,21.72319],[89.04472,21.72326],[89.0441,21.72305],[89.04331,21.72293],[89.04037,21.72293],[89.03959,21.72287],[89.03923,21.72287],[89.03808,21.72273],[89.03765,21.7226],[89.03687,21.72233],[89.036,21.72192],[89.03576,21.72195],[89.03533,21.72175],[89.03497,21.72162],[89.03447,21.72141],[89.03383,21.72135],[89.03247,21.72135],[89.03197,21.72148],[89.03168,21.72148],[89.03125,21.72176],[89.03104,21.72209],[89.03082,21.72256],[89.03061,21.72309],[89.03022,21.72356],[89.02998,21.72385],[89.02952,21.72442],[89.02933,21.72409],[89.02997,21.72285],[89.03084,21.72127],[89.03091,21.72092],[89.03062,21.72076],[89.03021,21.72055],[89.02973,21.72029],[89.02922,21.72007],[89.02871,21.71993],[89.02831,21.71971],[89.028,21.71951],[89.02769,21.71935],[89.02741,21.71916],[89.0271,21.71899],[89.02663,21.7189],[89.0261,21.71883],[89.0256,21.71868],[89.0251,21.71862],[89.02457,21.71856],[89.02405,21.71834],[89.0235,21.71812],[89.02288,21.71799],[89.02232,21.71779],[89.0218,21.71763],[89.0213,21.71747],[89.02088,21.71725],[89.02054,21.71725],[89.02026,21.71731],[89.01954,21.71743],[89.01912,21.71742],[89.01797,21.71767],[89.01741,21.71778],[89.01726,21.71842],[89.01734,21.71902],[89.01724,21.71959],[89.01714,21.72021],[89.01698,21.72082],[89.01716,21.72137],[89.0173,21.72186],[89.01736,21.7224],[89.01737,21.72279],[89.01737,21.72326],[89.01742,21.72352],[89.01746,21.72371],[89.01757,21.72431],[89.01772,21.725],[89.01766,21.72551],[89.01793,21.72601],[89.01805,21.72655],[89.01787,21.7271],[89.01765,21.72766],[89.01744,21.72829],[89.01746,21.72887],[89.01737,21.72938],[89.01727,21.72987],[89.01713,21.7304],[89.01693,21.73121],[89.01659,21.73182],[89.01637,21.73244],[89.01606,21.73298],[89.01572,21.73346],[89.01539,21.73388],[89.01504,21.73427],[89.01466,21.73467],[89.01422,21.73503],[89.01378,21.73539],[89.01337,21.73578],[89.01305,21.73623],[89.01276,21.73668],[89.01244,21.73712],[89.01202,21.73748],[89.01154,21.7378],[89.01111,21.73815],[89.0107,21.73848],[89.01035,21.73882],[89.01003,21.73914],[89.00972,21.73943],[89.00944,21.73972],[89.00915,21.74],[89.00884,21.74032],[89.00849,21.74067],[89.0081,21.74108],[89.00773,21.74155],[89.00729,21.742],[89.00685,21.74247],[89.00638,21.74289],[89.0059,21.74328],[89.00551,21.74368],[89.00523,21.74407],[89.0051,21.74441],[89.00497,21.74464],[89.00483,21.74497],[89.00465,21.74518],[89.00436,21.74533],[89.00394,21.74562],[89.00382,21.74617],[89.00365,21.74675],[89.00317,21.74709],[89.00285,21.74758],[89.00278,21.74818],[89.00246,21.74866],[89.00217,21.74899],[89.00191,21.7495],[89.00157,21.75002],[89.0014,21.75181],[89.00125,21.75229],[89.00107,21.75281],[89.00095,21.75376],[89.00098,21.75426],[89.00102,21.75473],[89.00111,21.75542],[89.00103,21.75601],[89.00089,21.7566],[89.00087,21.75718],[89.00081,21.75773],[89.00068,21.75822],[89.00059,21.75869],[89.00055,21.75915],[89.00048,21.75962],[89,21.76028],[88.99973,21.76055],[88.99973,21.76203],[88.99958,21.76305],[88.99951,21.76305],[88.99958,21.76339],[88.99973,21.76361],[88.99973,21.76389],[89,21.76417],[89.00047,21.76445],[89.00102,21.76459],[89.00167,21.76466],[89.0023,21.76464],[89.00291,21.76469],[89.00349,21.76488],[89.00406,21.76492],[89.00462,21.76499],[89.00478,21.76499],[89.00512,21.76498],[89.00568,21.76489],[89.0061,21.76493],[89.00658,21.76487],[89.00709,21.76496],[89.00763,21.76496],[89.00817,21.76489],[89.00876,21.7648],[89.00938,21.76482],[89.00998,21.76492],[89.0106,21.76495],[89.01125,21.76487],[89.01202,21.7649],[89.01274,21.76484]]],[[[88.81186,22.06075],[88.8123,22.06065],[88.81277,22.06077],[88.81322,22.06079],[88.81367,22.06075],[88.81401,22.06085],[88.8144,22.06102],[88.81492,22.06111],[88.81551,22.06121],[88.81614,22.06135],[88.81686,22.06139],[88.81763,22.06138],[88.8184,22.06129],[88.81901,22.06095],[88.81946,22.06036],[88.81983,22.05974],[88.82012,22.05916],[88.82036,22.05866],[88.8207,22.05833],[88.82083,22.05833],[88.82112,22.05806],[88.82138,22.05806],[88.82166,22.05778],[88.82195,22.05778],[88.8225,22.05722],[88.82278,22.05722],[88.82417,22.05583],[88.82445,22.05583],[88.82472,22.05556],[88.82526,22.05527],[88.82574,22.05496],[88.8262,22.05461],[88.82656,22.05428],[88.82693,22.05396],[88.82735,22.05372],[88.82774,22.05344],[88.82806,22.0531],[88.82839,22.05279],[88.8287,22.05252],[88.82902,22.05226],[88.82935,22.05202],[88.82968,22.05173],[88.83007,22.05144],[88.83053,22.05113],[88.83102,22.05075],[88.83143,22.05024],[88.83174,22.0497],[88.83188,22.04913],[88.83179,22.0486],[88.83164,22.04812],[88.8314,22.0477],[88.83115,22.04727],[88.83086,22.04682],[88.8306,22.04631],[88.83039,22.0458],[88.83023,22.04529],[88.82993,22.04489],[88.83028,22.04472],[88.83028,22.04389],[88.83028,22.04336],[88.83029,22.0429],[88.83036,22.04245],[88.83051,22.04203],[88.83055,22.0416],[88.83057,22.04114],[88.83057,22.04068],[88.83063,22.04024],[88.8308,22.03988],[88.83088,22.0395],[88.83106,22.03917],[88.83111,22.03879],[88.83111,22.03836],[88.83112,22.03791],[88.83115,22.03746],[88.83128,22.03703],[88.83138,22.0366],[88.83144,22.03616],[88.83162,22.03573],[88.83168,22.0352],[88.83178,22.03465],[88.83194,22.03418],[88.83211,22.03371],[88.83221,22.03319],[88.83228,22.03258],[88.83245,22.03194],[88.8325,22.03121],[88.83255,22.03049],[88.83272,22.02984],[88.83277,22.0292],[88.83276,22.02859],[88.83262,22.02803],[88.83247,22.02752],[88.83221,22.02717],[88.83186,22.02698],[88.83138,22.02694],[88.83085,22.02694],[88.83031,22.02697],[88.82982,22.02711],[88.82933,22.02716],[88.82909,22.02708],[88.82886,22.02699],[88.82837,22.02696],[88.8279,22.02702],[88.8274,22.027],[88.82692,22.02718],[88.82643,22.02722],[88.82594,22.02722],[88.82545,22.02722],[88.82495,22.02722],[88.82445,22.02722],[88.82394,22.02722],[88.82343,22.02722],[88.82294,22.0272],[88.82248,22.02706],[88.82201,22.02696],[88.82152,22.02693],[88.82102,22.02684],[88.82053,22.02669],[88.81998,22.02667],[88.81941,22.02665],[88.81882,22.02664],[88.81828,22.02648],[88.81774,22.02636],[88.81732,22.02615],[88.81686,22.02602],[88.8164,22.02586],[88.81587,22.02579],[88.81536,22.02557],[88.8148,22.02536],[88.81421,22.0252],[88.81366,22.02505],[88.81315,22.02514],[88.81295,22.02525],[88.81279,22.02545],[88.81265,22.02585],[88.81252,22.02639],[88.81241,22.02701],[88.81221,22.02756],[88.81198,22.02802],[88.81176,22.02842],[88.81165,22.02887],[88.8115,22.02935],[88.81139,22.02971],[88.81139,22.03],[88.81111,22.03028],[88.81084,22.03028],[88.81055,22.03056],[88.81028,22.03056],[88.8102,22.03074],[88.80992,22.03081],[88.80962,22.03094],[88.80932,22.03113],[88.80903,22.03139],[88.8087,22.03167],[88.80833,22.03195],[88.80789,22.03223],[88.80742,22.0325],[88.80689,22.03278],[88.80637,22.03305],[88.80585,22.03328],[88.80531,22.03337],[88.80484,22.03355],[88.80435,22.03361],[88.80384,22.03361],[88.80332,22.03361],[88.80277,22.03361],[88.80221,22.03361],[88.80164,22.03361],[88.80106,22.03361],[88.80048,22.0336],[88.79995,22.03353],[88.79953,22.03334],[88.79915,22.03317],[88.7988,22.03302],[88.79853,22.03283],[88.79822,22.03266],[88.79781,22.03248],[88.79734,22.03222],[88.79681,22.03194],[88.79628,22.03166],[88.79582,22.03137],[88.79542,22.03115],[88.79499,22.03106],[88.79466,22.03089],[88.79436,22.03094],[88.7941,22.03108],[88.79383,22.03114],[88.79359,22.03127],[88.79332,22.03147],[88.79296,22.03176],[88.79258,22.03215],[88.79224,22.0326],[88.79192,22.03311],[88.79152,22.0336],[88.79108,22.03407],[88.79062,22.03447],[88.79017,22.03481],[88.78967,22.03502],[88.78925,22.03528],[88.78888,22.03555],[88.7885,22.03579],[88.78806,22.03596],[88.78763,22.03612],[88.78721,22.03627],[88.7868,22.03639],[88.78639,22.03653],[88.78597,22.03664],[88.78551,22.03667],[88.78502,22.0367],[88.78454,22.03689],[88.78402,22.03695],[88.78348,22.03701],[88.78297,22.03719],[88.78243,22.03722],[88.78189,22.03722],[88.78136,22.03724],[88.78088,22.03734],[88.78046,22.03753],[88.78016,22.03783],[88.78002,22.03823],[88.78,22.03871],[88.78,22.03921],[88.78,22.03973],[88.78001,22.04026],[88.78009,22.04079],[88.78029,22.04125],[88.78053,22.0417],[88.78069,22.0422],[88.78084,22.04267],[88.781,22.04308],[88.78112,22.04345],[88.78127,22.04377],[88.78143,22.04404],[88.78165,22.04425],[88.78185,22.04446],[88.78204,22.04472],[88.78227,22.04498],[88.78257,22.04526],[88.78294,22.04555],[88.78336,22.04584],[88.78378,22.04614],[88.78413,22.0465],[88.78441,22.04689],[88.78465,22.04731],[88.78483,22.04777],[88.78503,22.04827],[88.78529,22.0488],[88.78555,22.04934],[88.78579,22.04991],[88.78584,22.05056],[88.78584,22.05118],[88.78584,22.05175],[88.78589,22.05224],[88.78607,22.05262],[88.78611,22.05298],[88.78611,22.05332],[88.78614,22.05364],[88.78626,22.05391],[88.78637,22.05422],[88.78642,22.05458],[88.78658,22.05494],[88.78666,22.05538],[88.78667,22.05585],[88.78667,22.05632],[88.78669,22.05678],[88.7868,22.05721],[88.78692,22.05765],[88.78699,22.05814],[88.78719,22.05864],[88.78729,22.0592],[88.78758,22.05963],[88.78801,22.05989],[88.7885,22.05977],[88.78888,22.05939],[88.78917,22.05897],[88.7894,22.05859],[88.78949,22.05813],[88.78969,22.05772],[88.78981,22.0573],[88.79002,22.05695],[88.79027,22.05662],[88.79055,22.05628],[88.79083,22.05594],[88.79112,22.0556],[88.79142,22.05529],[88.79171,22.05503],[88.79203,22.05483],[88.79243,22.05469],[88.79285,22.05453],[88.79336,22.0544],[88.7939,22.05424],[88.79447,22.05424],[88.79499,22.0544],[88.79552,22.05449],[88.79602,22.05471],[88.79658,22.05489],[88.79724,22.05498],[88.79794,22.05507],[88.79857,22.05529],[88.79915,22.05556],[88.7997,22.05583],[88.80024,22.05611],[88.80072,22.05641],[88.80109,22.05677],[88.80138,22.05717],[88.80163,22.05759],[88.80184,22.05804],[88.80209,22.0585],[88.80234,22.05903],[88.80253,22.05971],[88.80278,22.06038],[88.80306,22.06103],[88.80332,22.06164],[88.8035,22.06224],[88.80349,22.06284],[88.80369,22.06337],[88.80405,22.06378],[88.80449,22.06413],[88.80509,22.06433],[88.80571,22.06438],[88.80632,22.06417],[88.80692,22.06389],[88.8075,22.06349],[88.80803,22.06305],[88.80853,22.0626],[88.80904,22.06224],[88.80952,22.06194],[88.80995,22.06166],[88.81033,22.06139],[88.81069,22.06116],[88.81107,22.061],[88.81144,22.06085],[88.81186,22.06075]]],[[[88.6993,21.69767],[88.6995,21.69715],[88.69969,21.69658],[88.69975,21.6959],[88.69984,21.69521],[88.6998,21.69452],[88.69998,21.69397],[88.70013,21.69349],[88.70025,21.69311],[88.70029,21.69278],[88.70035,21.69248],[88.70052,21.69223],[88.70061,21.69194],[88.7008,21.69163],[88.70089,21.69125],[88.70109,21.69088],[88.70133,21.69052],[88.70156,21.69012],[88.70185,21.68972],[88.70213,21.68929],[88.70226,21.68875],[88.70242,21.68828],[88.70258,21.68782],[88.70278,21.68742],[88.703,21.68702],[88.70329,21.68664],[88.70359,21.68626],[88.70389,21.68586],[88.70416,21.68549],[88.70445,21.68512],[88.70472,21.68476],[88.70501,21.68436],[88.70536,21.68394],[88.70579,21.68351],[88.70615,21.683],[88.70643,21.68247],[88.70675,21.68201],[88.70712,21.68162],[88.70743,21.68119],[88.70779,21.68081],[88.70823,21.68047],[88.70856,21.68005],[88.70899,21.67973],[88.70943,21.67945],[88.70982,21.67913],[88.7103,21.67883],[88.71079,21.6785],[88.71109,21.67791],[88.71153,21.67759],[88.71207,21.67735],[88.71232,21.67682],[88.71278,21.67639],[88.7133,21.67599],[88.71379,21.67559],[88.71425,21.67527],[88.71465,21.67498],[88.71499,21.67468],[88.71532,21.67441],[88.71567,21.67416],[88.71603,21.67389],[88.71643,21.67362],[88.7169,21.67337],[88.7174,21.67306],[88.71793,21.67275],[88.71842,21.67241],[88.7189,21.67213],[88.71935,21.6719],[88.71974,21.67164],[88.72012,21.67138],[88.72048,21.67112],[88.72087,21.67088],[88.72128,21.67064],[88.72164,21.67032],[88.72202,21.67002],[88.72245,21.66975],[88.72286,21.66945],[88.7233,21.66915],[88.72372,21.66879],[88.72418,21.66845],[88.72467,21.66809],[88.72512,21.66766],[88.72556,21.66723],[88.72603,21.66686],[88.72643,21.66646],[88.72686,21.66607],[88.72731,21.66565],[88.72785,21.66527],[88.72842,21.66489],[88.72895,21.66445],[88.72948,21.66401],[88.73003,21.6636],[88.73057,21.66319],[88.7311,21.66282],[88.73158,21.66243],[88.732,21.66203],[88.73243,21.66169],[88.73285,21.66141],[88.73329,21.66117],[88.73382,21.66095],[88.73426,21.66063],[88.73469,21.66029],[88.735,21.65986],[88.73528,21.65945],[88.73557,21.65905],[88.73587,21.6587],[88.73618,21.65837],[88.7365,21.65807],[88.73682,21.65778],[88.73715,21.6575],[88.73748,21.6572],[88.7378,21.65689],[88.73815,21.6566],[88.73846,21.6563],[88.73876,21.656],[88.73907,21.6557],[88.73942,21.65542],[88.73972,21.65512],[88.74001,21.65482],[88.7403,21.65454],[88.74062,21.65426],[88.741,21.65401],[88.74136,21.65371],[88.74184,21.65353],[88.74228,21.65331],[88.74274,21.65313],[88.74322,21.65298],[88.74371,21.65277],[88.74432,21.65265],[88.74489,21.65241],[88.74548,21.65224],[88.74609,21.65209],[88.74669,21.65193],[88.74728,21.65174],[88.7479,21.65163],[88.74843,21.65141],[88.74894,21.65117],[88.74942,21.65094],[88.74982,21.65081],[88.75016,21.65048],[88.75051,21.65017],[88.75084,21.6498],[88.75117,21.64946],[88.75149,21.64926],[88.75159,21.64907],[88.75137,21.64872],[88.75079,21.64827],[88.75026,21.64791],[88.74984,21.64756],[88.74947,21.64725],[88.74913,21.647],[88.74876,21.6468],[88.74834,21.64663],[88.7479,21.64646],[88.74745,21.64629],[88.74699,21.64616],[88.74647,21.64605],[88.74591,21.64595],[88.74529,21.64589],[88.74464,21.64587],[88.74396,21.64586],[88.74329,21.64586],[88.74262,21.64584],[88.74192,21.64581],[88.74124,21.64574],[88.74055,21.64573],[88.73988,21.64572],[88.73923,21.6457],[88.73856,21.64571],[88.73786,21.64571],[88.73719,21.64567],[88.73656,21.64561],[88.73598,21.64547],[88.7355,21.64529],[88.73505,21.64507],[88.73457,21.64482],[88.73404,21.64455],[88.73347,21.64424],[88.73293,21.64394],[88.73243,21.64366],[88.73195,21.64335],[88.73148,21.64307],[88.73104,21.64277],[88.73059,21.64244],[88.73016,21.64207],[88.72972,21.64168],[88.72927,21.64128],[88.72896,21.64099],[88.72884,21.64088],[88.72839,21.6405],[88.72809,21.64029],[88.72791,21.64017],[88.72739,21.63987],[88.72687,21.63955],[88.72639,21.63915],[88.72589,21.63873],[88.72564,21.63855],[88.72536,21.63836],[88.72511,21.6382],[88.72484,21.63813],[88.72446,21.63804],[88.72402,21.63805],[88.72358,21.63812],[88.72315,21.63833],[88.72289,21.63862],[88.72282,21.63888],[88.72278,21.63917],[88.72305,21.63944],[88.72305,21.63972],[88.72305,21.64],[88.72334,21.64028],[88.72334,21.64111],[88.7225,21.64194],[88.7225,21.64222],[88.72222,21.6425],[88.72222,21.64278],[88.72167,21.64333],[88.72139,21.64333],[88.72139,21.64361],[88.72083,21.64417],[88.72056,21.64417],[88.72028,21.64444],[88.72002,21.64438],[88.71957,21.64461],[88.71903,21.64474],[88.71835,21.64483],[88.71817,21.64517],[88.71792,21.6456],[88.71757,21.64605],[88.71727,21.64647],[88.71711,21.6469],[88.71694,21.64722],[88.71685,21.64732],[88.71671,21.64748],[88.7165,21.64777],[88.71622,21.64804],[88.71586,21.64828],[88.71555,21.64858],[88.71526,21.64888],[88.71501,21.64919],[88.71491,21.64959],[88.71478,21.64999],[88.71459,21.65039],[88.71426,21.65075],[88.71374,21.65106],[88.71336,21.65146],[88.71307,21.65192],[88.71283,21.65247],[88.71271,21.65313],[88.71245,21.65371],[88.71205,21.65418],[88.71169,21.65461],[88.71138,21.65501],[88.71111,21.65535],[88.71088,21.65571],[88.71071,21.6561],[88.71053,21.65651],[88.71027,21.65689],[88.71003,21.65728],[88.70987,21.65773],[88.70961,21.65809],[88.70941,21.65845],[88.70917,21.65875],[88.70894,21.65903],[88.70881,21.65937],[88.70861,21.65965],[88.70841,21.65993],[88.70829,21.6603],[88.70805,21.66056],[88.70805,21.66083],[88.70917,21.66195],[88.70972,21.66195],[88.70999,21.66222],[88.70999,21.6625],[88.70972,21.66279],[88.70972,21.66306],[88.70944,21.66333],[88.70861,21.66333],[88.70834,21.66361],[88.70778,21.66361],[88.70722,21.66417],[88.70722,21.66472],[88.70695,21.66472],[88.70639,21.66528],[88.70472,21.66528],[88.70418,21.66472],[88.70361,21.66472],[88.70334,21.665],[88.70306,21.66528],[88.70322,21.66496],[88.7027,21.66509],[88.70221,21.66528],[88.70174,21.66548],[88.70132,21.66569],[88.70104,21.66603],[88.70078,21.66648],[88.70038,21.66689],[88.7,21.66731],[88.69962,21.66774],[88.69921,21.66813],[88.69882,21.66855],[88.69842,21.66892],[88.69807,21.66928],[88.69778,21.66962],[88.69753,21.66991],[88.69737,21.67026],[88.69717,21.6706],[88.69696,21.67096],[88.6968,21.67134],[88.69665,21.67175],[88.69645,21.67223],[88.69611,21.67289],[88.69593,21.67355],[88.69611,21.67361],[88.69556,21.67417],[88.69556,21.67444],[88.69444,21.67556],[88.69444,21.67583],[88.69361,21.67667],[88.69361,21.67695],[88.69222,21.67833],[88.69222,21.67861],[88.69195,21.67861],[88.68806,21.6825],[88.68769,21.68282],[88.68729,21.68305],[88.68704,21.68333],[88.68713,21.68362],[88.68737,21.68397],[88.68762,21.68438],[88.68783,21.68476],[88.6881,21.68507],[88.68834,21.68538],[88.6886,21.68571],[88.68884,21.68609],[88.68913,21.68648],[88.68941,21.6869],[88.68971,21.68733],[88.69,21.68779],[88.69028,21.68828],[88.69055,21.68882],[88.69078,21.68942],[88.6909,21.69011],[88.69112,21.69075],[88.69138,21.69134],[88.69166,21.69195],[88.69187,21.6926],[88.69195,21.69324],[88.69203,21.69381],[88.69218,21.69428],[88.69227,21.69471],[88.69245,21.69506],[88.69251,21.69542],[88.69258,21.69576],[88.69274,21.69609],[88.69283,21.6965],[88.69301,21.69692],[88.69308,21.69743],[88.6932,21.69792],[88.69334,21.69778],[88.69361,21.69805],[88.69361,21.69833],[88.69389,21.69861],[88.69389,21.69917],[88.69417,21.69944],[88.69417,21.70056],[88.69416,21.70113],[88.69416,21.70167],[88.69411,21.70221],[88.69395,21.70273],[88.694,21.7032],[88.69408,21.70374],[88.69423,21.7043],[88.69444,21.70481],[88.69466,21.70531],[88.69474,21.70581],[88.69489,21.70627],[88.69508,21.70669],[88.69542,21.70706],[88.69575,21.70748],[88.69588,21.708],[88.69607,21.70843],[88.69618,21.70893],[88.6963,21.70947],[88.69624,21.71008],[88.69632,21.71069],[88.6962,21.71125],[88.69583,21.71167],[88.69583,21.71278],[88.69611,21.71278],[88.69639,21.71306],[88.69639,21.71333],[88.69675,21.71321],[88.69693,21.71304],[88.69712,21.71288],[88.69734,21.71264],[88.6975,21.71228],[88.69767,21.71192],[88.69778,21.71157],[88.69792,21.71125],[88.69803,21.71094],[88.69805,21.71061],[88.69807,21.71028],[88.69814,21.70999],[88.6983,21.70972],[88.69834,21.7094],[88.69838,21.70904],[88.69849,21.70867],[88.69852,21.70831],[88.69853,21.708],[88.69861,21.70771],[88.69869,21.70735],[88.69886,21.70687],[88.69888,21.70624],[88.69885,21.70554],[88.69869,21.70483],[88.69878,21.70415],[88.69887,21.70353],[88.69884,21.70298],[88.69875,21.70249],[88.69886,21.70204],[88.69888,21.70158],[88.69883,21.70112],[88.69886,21.70062],[88.69888,21.70012],[88.6989,21.69961],[88.69896,21.69912],[88.69913,21.69866],[88.69918,21.69817],[88.6993,21.69767]]],[[[88.90141,22.04152],[88.90128,22.04102],[88.90113,22.04061],[88.90104,22.04024],[88.90087,22.03996],[88.90083,22.03963],[88.90083,22.03925],[88.90083,22.03917],[88.90083,22.03806],[88.90056,22.03778],[88.90056,22.03722],[88.90028,22.03695],[88.90028,22.03667],[88.90056,22.03639],[88.90056,22.03584],[88.90083,22.03555],[88.90086,22.03511],[88.90102,22.03465],[88.90114,22.03409],[88.90132,22.03348],[88.90138,22.0328],[88.90139,22.03206],[88.90141,22.0313],[88.90153,22.03056],[88.90165,22.02983],[88.90166,22.02914],[88.90166,22.02848],[88.90171,22.02787],[88.9019,22.02734],[88.90199,22.02676],[88.90217,22.02621],[88.90226,22.0256],[88.90245,22.02505],[88.90247,22.02451],[88.90229,22.02403],[88.90221,22.02353],[88.90202,22.02312],[88.90192,22.0227],[88.90177,22.0223],[88.90166,22.02222],[88.90166,22.01889],[88.90136,22.01832],[88.90094,22.01793],[88.9004,22.01775],[88.89993,22.01754],[88.89944,22.0175],[88.89917,22.0175],[88.89889,22.01722],[88.89833,22.01722],[88.89806,22.01695],[88.89778,22.01695],[88.89764,22.01681],[88.8975,22.01667],[88.89687,22.01658],[88.89629,22.01629],[88.89572,22.01601],[88.8951,22.0158],[88.89452,22.01555],[88.89394,22.01531],[88.89337,22.01515],[88.89285,22.01499],[88.89233,22.01478],[88.8917,22.01472],[88.89098,22.01472],[88.89066,22.01472],[88.89029,22.01472],[88.88979,22.01472],[88.88925,22.01472],[88.88868,22.01473],[88.88811,22.01482],[88.88755,22.01493],[88.88706,22.01477],[88.88655,22.01473],[88.88603,22.01477],[88.88556,22.01496],[88.88501,22.015],[88.88445,22.015],[88.8839,22.015],[88.88342,22.015],[88.88297,22.015],[88.88252,22.015],[88.88207,22.015],[88.88161,22.01495],[88.88116,22.01481],[88.88063,22.01492],[88.88015,22.01476],[88.87961,22.01468],[88.87908,22.01452],[88.87852,22.01464],[88.87795,22.01471],[88.87745,22.01473],[88.87702,22.01484],[88.87666,22.01509],[88.8763,22.01536],[88.87592,22.01559],[88.87562,22.01585],[88.87539,22.01615],[88.87527,22.01651],[88.8751,22.01686],[88.87502,22.01724],[88.87499,22.01766],[88.87494,22.01808],[88.87476,22.01847],[88.87472,22.01893],[88.87472,22.0194],[88.87473,22.01987],[88.8747,22.02031],[88.8746,22.02067],[88.87447,22.021],[88.87441,22.02137],[88.87425,22.02176],[88.87416,22.02219],[88.87404,22.02261],[88.87389,22.02299],[88.87373,22.02333],[88.87357,22.02365],[88.87336,22.02397],[88.87325,22.02436],[88.87305,22.02471],[88.87286,22.02507],[88.8727,22.02547],[88.87244,22.02581],[88.87212,22.02611],[88.8718,22.02642],[88.87167,22.02667],[88.87111,22.02722],[88.87083,22.02722],[88.87088,22.0275],[88.87059,22.02749],[88.87023,22.02754],[88.86983,22.02771],[88.86932,22.02777],[88.86877,22.02781],[88.86823,22.02798],[88.86765,22.02809],[88.86708,22.02829],[88.86645,22.02829],[88.86582,22.02815],[88.86526,22.0283],[88.86473,22.02837],[88.86435,22.02855],[88.86399,22.02867],[88.86371,22.0289],[88.86341,22.02919],[88.86309,22.02954],[88.86279,22.02997],[88.86241,22.03037],[88.86202,22.03076],[88.86165,22.03119],[88.86122,22.03156],[88.86081,22.03195],[88.86032,22.03228],[88.85987,22.03264],[88.85948,22.03303],[88.85913,22.03348],[88.85871,22.03387],[88.85824,22.03419],[88.85783,22.03455],[88.85751,22.03498],[88.85715,22.03535],[88.8568,22.03571],[88.8564,22.03608],[88.85591,22.03642],[88.85541,22.03682],[88.85494,22.03729],[88.85442,22.03775],[88.85391,22.03823],[88.85346,22.03875],[88.853,22.03923],[88.85254,22.03969],[88.85229,22.04023],[88.85218,22.04079],[88.85198,22.04123],[88.85195,22.04168],[88.85204,22.04211],[88.85233,22.04247],[88.85275,22.04277],[88.85327,22.04306],[88.8539,22.04329],[88.85464,22.04334],[88.85538,22.04338],[88.85604,22.04356],[88.85667,22.04357],[88.85731,22.04344],[88.85793,22.04358],[88.85855,22.04361],[88.85915,22.04361],[88.85972,22.04361],[88.86027,22.04361],[88.86081,22.04361],[88.86136,22.04365],[88.86191,22.04379],[88.86227,22.04371],[88.86246,22.04367],[88.86299,22.04362],[88.86349,22.04361],[88.86394,22.04361],[88.86433,22.04358],[88.86468,22.04341],[88.86509,22.04334],[88.86557,22.04333],[88.86613,22.04333],[88.8667,22.04327],[88.86724,22.0431],[88.86783,22.04306],[88.86846,22.04305],[88.86907,22.04305],[88.86969,22.04305],[88.87032,22.04307],[88.87093,22.04316],[88.87153,22.04331],[88.87217,22.04333],[88.87281,22.04334],[88.87342,22.04333],[88.87399,22.04333],[88.87448,22.04333],[88.87494,22.04333],[88.8754,22.04333],[88.87589,22.04338],[88.87642,22.04357],[88.87699,22.04361],[88.87759,22.04362],[88.8782,22.04367],[88.87879,22.04383],[88.87939,22.04389],[88.88,22.04394],[88.88053,22.04411],[88.8811,22.04416],[88.88166,22.04417],[88.88194,22.04417],[88.88222,22.04416],[88.88277,22.04417],[88.88329,22.04421],[88.88374,22.0444],[88.88423,22.04444],[88.88471,22.04447],[88.88515,22.0446],[88.88562,22.0447],[88.88613,22.04476],[88.88663,22.04493],[88.88715,22.04498],[88.8877,22.04496],[88.88816,22.04505],[88.88858,22.04527],[88.88905,22.04549],[88.88964,22.04558],[88.89021,22.04584],[88.89074,22.04618],[88.89117,22.0466],[88.89161,22.04704],[88.89179,22.04736],[88.89191,22.04756],[88.89206,22.04816],[88.89217,22.04877],[88.89204,22.04934],[88.89186,22.0498],[88.89169,22.05021],[88.89159,22.05065],[88.89138,22.051],[88.89112,22.05139],[88.89082,22.05187],[88.89046,22.05239],[88.89,22.05289],[88.88963,22.05324],[88.88949,22.05338],[88.88897,22.0539],[88.88844,22.0544],[88.88784,22.05479],[88.88729,22.05522],[88.88683,22.05567],[88.88634,22.05608],[88.8859,22.05647],[88.88562,22.05688],[88.88563,22.05732],[88.88593,22.05765],[88.8864,22.05777],[88.88692,22.05778],[88.88744,22.05774],[88.88788,22.05754],[88.8884,22.05749],[88.88893,22.05743],[88.88938,22.05726],[88.88985,22.05717],[88.89027,22.05699],[88.89056,22.05694],[88.89073,22.0569],[88.89112,22.05669],[88.89155,22.05652],[88.89202,22.05639],[88.89249,22.05624],[88.89296,22.05607],[88.8934,22.05583],[88.89389,22.05556],[88.89449,22.05528],[88.89514,22.05499],[88.8958,22.05461],[88.89634,22.05413],[88.89682,22.05365],[88.89726,22.05327],[88.89753,22.0529],[88.89781,22.05263],[88.89811,22.05244],[88.89838,22.05222],[88.8987,22.05202],[88.89907,22.05188],[88.89937,22.05167],[88.89965,22.05147],[88.89995,22.05131],[88.90024,22.05115],[88.90062,22.05107],[88.90101,22.05089],[88.90144,22.05081],[88.90184,22.05067],[88.90228,22.05053],[88.90269,22.05036],[88.90304,22.0501],[88.90334,22.04975],[88.9036,22.04937],[88.90381,22.04896],[88.90382,22.04885],[88.90389,22.04849],[88.90388,22.048],[88.90378,22.04751],[88.90359,22.04701],[88.90334,22.04649],[88.90305,22.04593],[88.90279,22.04533],[88.90251,22.04474],[88.9023,22.04414],[88.90214,22.04354],[88.90193,22.04304],[88.90171,22.04258],[88.9016,22.04204],[88.90141,22.04152]]],[[[88.86195,22.39889],[88.86305,22.39778],[88.86333,22.39806],[88.86362,22.39806],[88.86417,22.39861],[88.86528,22.39861],[88.86639,22.3975],[88.86639,22.39722],[88.86667,22.39694],[88.86668,22.39611],[88.86694,22.39583],[88.86667,22.39556],[88.86668,22.39418],[88.86639,22.39389],[88.86639,22.39361],[88.86611,22.39333],[88.86611,22.39278],[88.86584,22.3925],[88.86584,22.39222],[88.86556,22.39195],[88.86556,22.39083],[88.865,22.39028],[88.865,22.38972],[88.86444,22.38917],[88.86444,22.38889],[88.86417,22.38861],[88.86417,22.38778],[88.86528,22.38667],[88.86528,22.38583],[88.86555,22.38556],[88.86639,22.38639],[88.86639,22.38722],[88.86668,22.3875],[88.86668,22.38778],[88.86778,22.38889],[88.86777,22.38944],[88.86833,22.39],[88.86861,22.38972],[88.86889,22.38972],[88.86945,22.38917],[88.87,22.38917],[88.87028,22.38889],[88.87055,22.38889],[88.87083,22.38861],[88.87111,22.38861],[88.87195,22.38778],[88.87222,22.38778],[88.87249,22.3875],[88.87278,22.3875],[88.87305,22.38778],[88.87334,22.38778],[88.87417,22.38861],[88.87417,22.38972],[88.87361,22.39028],[88.87361,22.39167],[88.87389,22.39195],[88.87361,22.39222],[88.87361,22.39306],[88.87334,22.39333],[88.87334,22.39361],[88.87444,22.39472],[88.87444,22.395],[88.87389,22.39556],[88.87389,22.39583],[88.87361,22.39611],[88.87361,22.39667],[88.87389,22.39694],[88.87361,22.39722],[88.87361,22.3975],[88.87334,22.39778],[88.87334,22.39806],[88.87305,22.39833],[88.87305,22.39861],[88.87222,22.39944],[88.87222,22.40028],[88.87305,22.40028],[88.87334,22.39999],[88.87417,22.4],[88.87472,22.39945],[88.87472,22.39861],[88.87527,22.39806],[88.87556,22.39833],[88.87583,22.39833],[88.87611,22.39861],[88.87666,22.39861],[88.87695,22.39889],[88.8775,22.39889],[88.87834,22.39973],[88.87862,22.39972],[88.87917,22.40028],[88.87889,22.40055],[88.87889,22.40139],[88.87917,22.40167],[88.87917,22.4025],[88.87889,22.40278],[88.87889,22.40306],[88.87917,22.40333],[88.87917,22.40361],[88.87862,22.40417],[88.87916,22.404],[88.87959,22.40396],[88.88013,22.40375],[88.88058,22.40321],[88.88074,22.40253],[88.88061,22.4019],[88.88042,22.40128],[88.8802,22.40074],[88.87998,22.40021],[88.87975,22.3997],[88.87959,22.39921],[88.87945,22.39876],[88.8793,22.39835],[88.8792,22.39798],[88.87912,22.39762],[88.879,22.39733],[88.87891,22.39702],[88.87888,22.39669],[88.87882,22.39635],[88.87865,22.39608],[88.87856,22.39577],[88.87843,22.3955],[88.8783,22.39515],[88.87811,22.39473],[88.87799,22.39421],[88.87773,22.39379],[88.87746,22.39336],[88.87719,22.39292],[88.87689,22.39253],[88.87663,22.39217],[88.87641,22.39181],[88.87628,22.39145],[88.87612,22.39116],[88.87597,22.39089],[88.8758,22.39063],[88.87562,22.39039],[88.87555,22.39004],[88.87548,22.38969],[88.87531,22.38944],[88.87518,22.38916],[88.87508,22.38883],[88.87501,22.38841],[88.87495,22.38792],[88.87479,22.38737],[88.87485,22.38683],[88.87502,22.38632],[88.87525,22.38588],[88.8754,22.38543],[88.87558,22.38504],[88.87582,22.38473],[88.87601,22.38436],[88.87614,22.38391],[88.87639,22.38356],[88.87665,22.38322],[88.87689,22.38288],[88.87717,22.38256],[88.87749,22.38226],[88.87777,22.38195],[88.87798,22.38155],[88.8781,22.38108],[88.87833,22.38066],[88.87856,22.38022],[88.8788,22.37978],[88.87914,22.37947],[88.87942,22.37913],[88.87966,22.37882],[88.87983,22.37848],[88.88,22.37812],[88.8802,22.37771],[88.8804,22.37726],[88.88065,22.37677],[88.88103,22.37633],[88.88137,22.37584],[88.88166,22.3753],[88.8819,22.37474],[88.88199,22.37416],[88.88223,22.37374],[88.88251,22.37336],[88.88284,22.37302],[88.8832,22.37272],[88.88348,22.37235],[88.88375,22.37199],[88.88408,22.37173],[88.88441,22.37151],[88.88472,22.37129],[88.88501,22.37108],[88.8853,22.37087],[88.88568,22.37077],[88.88605,22.37056],[88.88647,22.37037],[88.88696,22.37024],[88.8875,22.37006],[88.88811,22.37001],[88.8888,22.37001],[88.88951,22.37001],[88.89022,22.37001],[88.89088,22.36979],[88.89151,22.36959],[88.89209,22.3694],[88.89258,22.36916],[88.893,22.36887],[88.89341,22.36858],[88.89383,22.36832],[88.8942,22.36799],[88.89449,22.36759],[88.89484,22.36723],[88.89523,22.36692],[88.89557,22.36653],[88.89593,22.36614],[88.89632,22.36577],[88.89664,22.36537],[88.8967,22.36531],[88.89778,22.36417],[88.8975,22.36417],[88.89778,22.36388],[88.89694,22.36306],[88.89666,22.36306],[88.89528,22.36167],[88.89528,22.36139],[88.895,22.36111],[88.895,22.36056],[88.89528,22.36028],[88.89528,22.35861],[88.895,22.35833],[88.895,22.35778],[88.89472,22.3575],[88.89472,22.35611],[88.895,22.35583],[88.895,22.35556],[88.89528,22.35528],[88.89584,22.35528],[88.89611,22.355],[88.89806,22.35695],[88.89806,22.35722],[88.89861,22.35778],[88.89917,22.35778],[88.89944,22.3575],[88.89944,22.35667],[88.89972,22.35639],[88.89972,22.35556],[88.9,22.35528],[88.9,22.35444],[88.90028,22.35417],[88.90028,22.35389],[88.90056,22.35361],[88.90056,22.35333],[88.90083,22.35306],[88.90083,22.35278],[88.90088,22.35223],[88.90106,22.35187],[88.90113,22.35147],[88.90123,22.35114],[88.90139,22.35084],[88.90157,22.3505],[88.90173,22.35008],[88.90193,22.34964],[88.90211,22.34916],[88.90228,22.34867],[88.90247,22.34821],[88.9026,22.3477],[88.90279,22.3472],[88.90302,22.3467],[88.90311,22.34607],[88.90321,22.3454],[88.90309,22.34469],[88.90302,22.34395],[88.9028,22.34326],[88.90257,22.3426],[88.90224,22.34208],[88.90195,22.3416],[88.90166,22.34115],[88.90139,22.34075],[88.90112,22.34038],[88.9009,22.34006],[88.90089,22.33999],[88.90083,22.33971],[88.9,22.33889],[88.9,22.33861],[88.89972,22.33833],[88.89972,22.33806],[88.89944,22.33778],[88.89944,22.3375],[88.89861,22.33667],[88.89806,22.33722],[88.89778,22.33722],[88.89667,22.33833],[88.89666,22.33861],[88.89639,22.33889],[88.89639,22.33945],[88.89612,22.33988],[88.89593,22.34029],[88.89571,22.34072],[88.89554,22.34126],[88.89534,22.34182],[88.8951,22.3423],[88.89493,22.34283],[88.89469,22.34336],[88.89445,22.34387],[88.89417,22.34431],[88.89391,22.3447],[88.89366,22.34507],[88.89345,22.34544],[88.89322,22.34577],[88.89286,22.34605],[88.89243,22.34643],[88.89183,22.34672],[88.89127,22.34711],[88.89066,22.3474],[88.89011,22.34766],[88.88961,22.34791],[88.88925,22.34826],[88.88886,22.34859],[88.88842,22.34883],[88.88806,22.34911],[88.88775,22.34942],[88.88743,22.34972],[88.8871,22.35],[88.88677,22.35026],[88.8864,22.35044],[88.88605,22.35062],[88.88567,22.35084],[88.8853,22.3511],[88.88497,22.3514],[88.88456,22.3516],[88.88424,22.35185],[88.88387,22.352],[88.88358,22.35222],[88.88322,22.3524],[88.88283,22.3527],[88.88242,22.35298],[88.882,22.35319],[88.88164,22.35346],[88.88126,22.35373],[88.88088,22.35404],[88.88058,22.3545],[88.88031,22.35503],[88.88008,22.35557],[88.87988,22.3561],[88.87971,22.35659],[88.87952,22.35707],[88.87945,22.35757],[88.87942,22.35807],[88.87931,22.35851],[88.87914,22.35895],[88.87889,22.35938],[88.87859,22.35982],[88.87822,22.36023],[88.87777,22.3606],[88.87737,22.36107],[88.87692,22.36148],[88.87642,22.36183],[88.87592,22.36215],[88.8755,22.36248],[88.87509,22.36281],[88.87473,22.36315],[88.87438,22.36349],[88.87395,22.36368],[88.87356,22.36388],[88.87315,22.36406],[88.8727,22.36424],[88.87222,22.36441],[88.87168,22.36445],[88.87114,22.36445],[88.8706,22.36445],[88.87007,22.36447],[88.86959,22.36459],[88.86913,22.36477],[88.86872,22.36497],[88.86828,22.36507],[88.86781,22.36524],[88.86736,22.36539],[88.86695,22.36555],[88.86656,22.36573],[88.86623,22.36593],[88.86582,22.36611],[88.86536,22.36631],[88.86491,22.3665],[88.86459,22.36678],[88.86423,22.36704],[88.86385,22.36737],[88.86342,22.36769],[88.86296,22.36804],[88.8625,22.36833],[88.8625,22.36861],[88.86222,22.36889],[88.86222,22.36917],[88.86139,22.37001],[88.86139,22.37028],[88.86083,22.37083],[88.86083,22.37111],[88.86083,22.37125],[88.86079,22.37171],[88.86061,22.37211],[88.86055,22.3725],[88.86048,22.37285],[88.86037,22.37322],[88.86029,22.37362],[88.86028,22.37407],[88.86028,22.37457],[88.86031,22.37508],[88.86038,22.37558],[88.86028,22.37613],[88.86013,22.37664],[88.85996,22.37726],[88.85979,22.3779],[88.85957,22.3786],[88.85967,22.37927],[88.85973,22.37972],[88.85973,22.38],[88.85944,22.38028],[88.85944,22.38111],[88.85917,22.38139],[88.85917,22.38222],[88.85889,22.3825],[88.85885,22.38239],[88.8587,22.38271],[88.85857,22.38306],[88.85834,22.38343],[88.85808,22.38387],[88.85781,22.38439],[88.85749,22.38501],[88.85694,22.38556],[88.85667,22.38556],[88.85611,22.38611],[88.85611,22.38639],[88.85558,22.38686],[88.85551,22.38692],[88.85541,22.38713],[88.85534,22.38764],[88.85543,22.38824],[88.85564,22.38884],[88.85567,22.38942],[88.85569,22.38993],[88.8558,22.39039],[88.85581,22.39087],[88.8557,22.39139],[88.85558,22.39188],[88.85556,22.39236],[88.85561,22.39284],[88.85578,22.39329],[88.85577,22.39381],[88.8556,22.39435],[88.85567,22.39481],[88.85584,22.39518],[88.85605,22.3955],[88.85625,22.39584],[88.85652,22.39618],[88.85685,22.39653],[88.85723,22.39687],[88.85762,22.39721],[88.85798,22.39767],[88.85831,22.39806],[88.85852,22.39842],[88.85873,22.39868],[88.85891,22.39895],[88.85902,22.39919],[88.85922,22.39941],[88.85929,22.39986],[88.85943,22.40028],[88.85955,22.40077],[88.85969,22.40127],[88.85976,22.40187],[88.85992,22.40246],[88.85999,22.40307],[88.86,22.40363],[88.86,22.40412],[88.85998,22.40449],[88.85992,22.40479],[88.85984,22.40514],[88.85982,22.40566],[88.85987,22.40622],[88.86,22.40667],[88.86028,22.40694],[88.86028,22.4075],[88.86056,22.40778],[88.86056,22.40834],[88.86083,22.40861],[88.86083,22.40972],[88.86166,22.41056],[88.86222,22.41056],[88.8625,22.41028],[88.8625,22.40972],[88.86222,22.40945],[88.86222,22.40917],[88.86195,22.40889],[88.86195,22.40861],[88.86166,22.40833],[88.86166,22.40723],[88.86139,22.40695],[88.86139,22.40611],[88.86111,22.40583],[88.86111,22.405],[88.86139,22.40472],[88.86139,22.40417],[88.86166,22.40389],[88.86166,22.40305],[88.86195,22.40278],[88.86195,22.40222],[88.86222,22.40195],[88.86222,22.40111],[88.86195,22.40083],[88.86195,22.4],[88.86166,22.39973],[88.86166,22.39945],[88.86195,22.39917],[88.86195,22.39889]]],[[[88.78139,22.50056],[88.78194,22.5],[88.78278,22.5],[88.78306,22.50028],[88.78333,22.50028],[88.78398,22.50009],[88.78449,22.49976],[88.785,22.4995],[88.78558,22.49935],[88.78614,22.49919],[88.78669,22.49911],[88.78719,22.49893],[88.78775,22.4989],[88.78832,22.49894],[88.78887,22.49912],[88.78944,22.49921],[88.79002,22.49932],[88.79062,22.49919],[88.79119,22.49906],[88.79167,22.49886],[88.79208,22.49861],[88.79248,22.49835],[88.79292,22.49805],[88.7934,22.49769],[88.79385,22.49727],[88.7943,22.49681],[88.79479,22.49638],[88.79523,22.49592],[88.79555,22.49543],[88.79582,22.49501],[88.79604,22.49463],[88.79619,22.49422],[88.79639,22.49376],[88.79659,22.49318],[88.79669,22.49249],[88.79684,22.49182],[88.79691,22.49116],[88.79694,22.49063],[88.79701,22.49025],[88.79718,22.48997],[88.79728,22.48962],[88.79746,22.48927],[88.79766,22.48884],[88.79784,22.48835],[88.7981,22.4879],[88.79842,22.48752],[88.79881,22.4872],[88.79919,22.4869],[88.79953,22.4866],[88.79989,22.48636],[88.80023,22.48615],[88.80063,22.48601],[88.80101,22.48582],[88.80145,22.4856],[88.80204,22.48545],[88.8027,22.48531],[88.80338,22.48523],[88.80396,22.485],[88.80451,22.48478],[88.8052,22.48468],[88.80587,22.48444],[88.80648,22.48411],[88.80693,22.48363],[88.80728,22.48311],[88.80768,22.48263],[88.80822,22.48227],[88.80881,22.48194],[88.80984,22.48119],[88.80999,22.48099],[88.8102,22.48059],[88.81049,22.48012],[88.81092,22.47959],[88.81121,22.47891],[88.81128,22.47831],[88.81121,22.4769],[88.81121,22.47597],[88.81162,22.47416],[88.81166,22.4737],[88.8117,22.47321],[88.81182,22.47275],[88.81193,22.4724],[88.81203,22.47205],[88.81223,22.47177],[88.81245,22.47147],[88.81257,22.47106],[88.81272,22.47058],[88.81274,22.47003],[88.81267,22.46953],[88.81254,22.46908],[88.8125,22.46861],[88.81249,22.46813],[88.81246,22.46765],[88.81233,22.4672],[88.81224,22.46675],[88.81222,22.46632],[88.81223,22.46588],[88.81225,22.4654],[88.81233,22.46489],[88.81225,22.46441],[88.81218,22.46395],[88.81194,22.46389],[88.81194,22.46222],[88.81223,22.46195],[88.81208,22.4601],[88.81194,22.45945],[88.812,22.45788],[88.81229,22.45452],[88.81235,22.45418],[88.81277,22.45361],[88.81291,22.45333],[88.81306,22.45306],[88.81333,22.45278],[88.81333,22.4525],[88.81361,22.45211],[88.81387,22.45178],[88.81408,22.45145],[88.81428,22.45106],[88.81458,22.45071],[88.81493,22.45039],[88.81537,22.45019],[88.81583,22.45003],[88.81631,22.44995],[88.81672,22.44978],[88.81715,22.44971],[88.81754,22.44964],[88.81791,22.44949],[88.81835,22.44945],[88.81884,22.44944],[88.81936,22.44944],[88.81985,22.44944],[88.8203,22.44943],[88.82073,22.44941],[88.82117,22.44937],[88.82165,22.44935],[88.82207,22.44946],[88.82256,22.44966],[88.82317,22.44976],[88.82383,22.44987],[88.82446,22.44969],[88.825,22.44941],[88.82539,22.44906],[88.82577,22.44876],[88.82608,22.44842],[88.82645,22.44804],[88.82685,22.44741],[88.8273,22.44677],[88.82743,22.44618],[88.82735,22.44567],[88.82719,22.44513],[88.82694,22.44462],[88.8267,22.44413],[88.82654,22.44369],[88.82633,22.44336],[88.82613,22.4431],[88.826,22.44281],[88.82583,22.44255],[88.82565,22.4423],[88.82549,22.44202],[88.82529,22.44175],[88.82506,22.44145],[88.82481,22.44114],[88.82449,22.44087],[88.82415,22.44057],[88.82383,22.44026],[88.82355,22.43992],[88.82329,22.43954],[88.82298,22.4392],[88.82265,22.43889],[88.8223,22.43859],[88.82198,22.43825],[88.82168,22.43789],[88.82145,22.43747],[88.82139,22.43692],[88.82138,22.43633],[88.8214,22.43575],[88.82149,22.43521],[88.82169,22.43479],[88.82194,22.43445],[88.82225,22.43414],[88.82261,22.43388],[88.82298,22.43361],[88.82337,22.43335],[88.82391,22.43317],[88.82455,22.43314],[88.82513,22.4332],[88.82555,22.43322],[88.82693,22.43313],[88.82844,22.43319],[88.82922,22.43333],[88.82987,22.43347],[88.83045,22.4336],[88.83109,22.43373],[88.83203,22.434],[88.83296,22.43427],[88.83347,22.4344],[88.83454,22.43461],[88.8349,22.43461],[88.83519,22.43454],[88.83527,22.43434],[88.83512,22.43408],[88.83483,22.4338],[88.83447,22.43367],[88.83411,22.4334],[88.83361,22.43326],[88.83289,22.4332],[88.83254,22.43307],[88.83218,22.43307],[88.83102,22.43273],[88.82922,22.43253],[88.827,22.43239],[88.82424,22.43205],[88.82368,22.43211],[88.82321,22.43219],[88.82273,22.43221],[88.82224,22.4322],[88.82173,22.43212],[88.82121,22.43199],[88.82096,22.43195],[88.82068,22.43194],[88.82027,22.43197],[88.81979,22.43213],[88.81923,22.43225],[88.81875,22.43248],[88.81833,22.43266],[88.81794,22.43279],[88.81759,22.43295],[88.81719,22.43307],[88.81675,22.43324],[88.81625,22.43342],[88.81584,22.43376],[88.81548,22.43413],[88.81514,22.43444],[88.81482,22.43471],[88.8145,22.43495],[88.81418,22.4352],[88.81388,22.43548],[88.81355,22.4358],[88.81314,22.43612],[88.81269,22.43648],[88.81223,22.43687],[88.81176,22.43731],[88.81136,22.43781],[88.81097,22.43834],[88.81059,22.43886],[88.81023,22.43941],[88.80985,22.43992],[88.80937,22.44032],[88.80888,22.44059],[88.80851,22.44087],[88.80822,22.44114],[88.80766,22.44136],[88.80687,22.44155],[88.80624,22.44188],[88.80585,22.44234],[88.80551,22.44269],[88.80515,22.44299],[88.80487,22.44336],[88.80459,22.44374],[88.80428,22.44409],[88.80397,22.44445],[88.80371,22.44488],[88.80351,22.44534],[88.80334,22.44579],[88.80317,22.44621],[88.80308,22.44662],[88.80305,22.44702],[88.80301,22.44742],[88.8029,22.4478],[88.8028,22.4482],[88.80278,22.44865],[88.80278,22.44911],[88.80278,22.44959],[88.80279,22.45008],[88.80283,22.45055],[88.80296,22.45093],[88.80307,22.45127],[88.803,22.45182],[88.80289,22.45235],[88.80282,22.45284],[88.80278,22.45335],[88.80273,22.45392],[88.80263,22.45456],[88.80258,22.45526],[88.80257,22.45595],[88.80241,22.45642],[88.8021,22.45672],[88.8018,22.45714],[88.80163,22.45775],[88.80142,22.45838],[88.80132,22.459],[88.80116,22.45951],[88.80108,22.46003],[88.80093,22.46046],[88.80085,22.4608],[88.80081,22.46112],[88.80069,22.4614],[88.80054,22.46172],[88.80031,22.46207],[88.80009,22.4625],[88.79982,22.46297],[88.79954,22.4635],[88.7992,22.46398],[88.79888,22.46445],[88.79858,22.46488],[88.79831,22.46522],[88.79807,22.4655],[88.79785,22.46579],[88.79768,22.46617],[88.79746,22.46656],[88.7974,22.46723],[88.79734,22.46784],[88.79701,22.46814],[88.79671,22.46847],[88.79642,22.46885],[88.79612,22.46919],[88.79586,22.46955],[88.79566,22.46992],[88.79553,22.47029],[88.79538,22.47061],[88.79525,22.47092],[88.79508,22.47125],[88.79495,22.47171],[88.79472,22.47221],[88.79443,22.47277],[88.79414,22.47334],[88.79386,22.47392],[88.79363,22.47448],[88.7935,22.47505],[88.79354,22.47568],[88.79341,22.47632],[88.79326,22.47694],[88.79311,22.47754],[88.79306,22.47817],[88.793,22.47876],[88.79284,22.47929],[88.79272,22.47982],[88.79254,22.48028],[88.79234,22.48075],[88.79216,22.4813],[88.79195,22.48181],[88.79172,22.48228],[88.79148,22.48272],[88.79115,22.48306],[88.7908,22.48338],[88.79047,22.4837],[88.79016,22.48402],[88.78988,22.4843],[88.7896,22.48455],[88.78927,22.48477],[88.78893,22.48505],[88.7886,22.48538],[88.78831,22.48575],[88.78799,22.48621],[88.78757,22.48669],[88.78711,22.48692],[88.78665,22.48712],[88.7862,22.48739],[88.78582,22.4878],[88.78544,22.48823],[88.78501,22.4886],[88.78459,22.48892],[88.78426,22.48925],[88.78402,22.48959],[88.78383,22.48989],[88.78362,22.49012],[88.78342,22.49036],[88.78326,22.49062],[88.78305,22.49089],[88.78281,22.49121],[88.78246,22.49161],[88.78208,22.49206],[88.78172,22.49262],[88.78143,22.4932],[88.78121,22.49371],[88.78111,22.49361],[88.78056,22.49417],[88.78056,22.495],[88.78028,22.49528],[88.78056,22.49556],[88.78056,22.49694],[88.78028,22.49722],[88.78028,22.49917],[88.78056,22.49944],[88.78056,22.49972],[88.78083,22.5],[88.78083,22.50028],[88.78111,22.50056],[88.78139,22.50056]]],[[[88.81695,21.90111],[88.81722,21.90083],[88.81778,21.90083],[88.81805,21.90056],[88.81834,21.90056],[88.81861,21.90028],[88.81917,21.90028],[88.81944,21.9],[88.82027,21.9],[88.82056,21.89972],[88.82083,21.89972],[88.82112,21.89945],[88.8225,21.89945],[88.82278,21.89917],[88.82361,21.89917],[88.82389,21.89945],[88.82639,21.89945],[88.82667,21.89917],[88.82694,21.89917],[88.82722,21.89889],[88.82806,21.89889],[88.82833,21.89861],[88.82861,21.89861],[88.82889,21.89833],[88.82917,21.89833],[88.82945,21.89806],[88.82972,21.89806],[88.83,21.89778],[88.83028,21.89778],[88.83057,21.89751],[88.83083,21.89751],[88.83111,21.89722],[88.83139,21.89722],[88.83195,21.89667],[88.83222,21.89667],[88.83278,21.89611],[88.83305,21.89611],[88.83389,21.89528],[88.83444,21.89528],[88.8375,21.89222],[88.8375,21.89195],[88.83778,21.89167],[88.83778,21.89138],[88.83945,21.88972],[88.83945,21.88945],[88.83917,21.88917],[88.83972,21.88861],[88.83972,21.88834],[88.84055,21.8875],[88.84055,21.88722],[88.84084,21.88694],[88.84084,21.88611],[88.84111,21.88584],[88.84084,21.88555],[88.84084,21.885],[88.84055,21.88472],[88.84055,21.8825],[88.84028,21.88221],[88.84028,21.88139],[88.84,21.88111],[88.84,21.88056],[88.83972,21.88028],[88.84,21.88],[88.83972,21.87972],[88.83972,21.87861],[88.83945,21.87833],[88.83945,21.8775],[88.83861,21.87667],[88.83861,21.8764],[88.83806,21.87583],[88.83806,21.87556],[88.83778,21.87528],[88.838,21.87506],[88.83806,21.875],[88.83722,21.87417],[88.83722,21.87361],[88.83695,21.87333],[88.83694,21.87306],[88.83583,21.87194],[88.83583,21.87167],[88.835,21.87083],[88.835,21.87056],[88.83417,21.86972],[88.83417,21.86944],[88.83361,21.86889],[88.83361,21.86861],[88.83167,21.86667],[88.83167,21.86639],[88.83083,21.86555],[88.83083,21.86528],[88.83041,21.86527],[88.83028,21.86528],[88.83001,21.86501],[88.82972,21.865],[88.82944,21.86472],[88.82861,21.86472],[88.82833,21.865],[88.82777,21.865],[88.82751,21.86528],[88.82723,21.86528],[88.82694,21.86556],[88.82667,21.86555],[88.82555,21.86667],[88.82555,21.86695],[88.82528,21.86721],[88.82528,21.8675],[88.825,21.86778],[88.825,21.86806],[88.82487,21.86818],[88.82472,21.86833],[88.82472,21.86917],[88.82444,21.86944],[88.82445,21.87],[88.82417,21.87027],[88.82417,21.87056],[88.82278,21.87195],[88.8225,21.87195],[88.82222,21.87222],[88.82166,21.87222],[88.82138,21.8725],[88.81944,21.8725],[88.81917,21.87222],[88.81834,21.87222],[88.81805,21.87195],[88.81695,21.87195],[88.81667,21.87167],[88.81555,21.87167],[88.81528,21.87139],[88.81445,21.87139],[88.81416,21.87111],[88.81361,21.87111],[88.81339,21.87089],[88.81333,21.87083],[88.81306,21.87083],[88.81278,21.87056],[88.81223,21.87056],[88.81139,21.86972],[88.81111,21.86972],[88.81103,21.86964],[88.81056,21.86917],[88.81028,21.86917],[88.81,21.86889],[88.80944,21.86889],[88.80917,21.86861],[88.80861,21.86861],[88.80833,21.86833],[88.80805,21.86833],[88.80778,21.86806],[88.80666,21.86806],[88.8064,21.86778],[88.80611,21.86806],[88.80579,21.86806],[88.80473,21.86806],[88.80444,21.86833],[88.80417,21.86833],[88.80389,21.86861],[88.80334,21.86861],[88.80305,21.86889],[88.80278,21.86889],[88.8025,21.86917],[88.80222,21.86917],[88.80194,21.86944],[88.80167,21.86944],[88.80139,21.86972],[88.80111,21.86972],[88.80028,21.87056],[88.80027,21.87222],[88.80055,21.8725],[88.80055,21.87306],[88.80083,21.87334],[88.80083,21.87389],[88.80111,21.87417],[88.80111,21.87445],[88.80139,21.87472],[88.80139,21.87556],[88.80194,21.87611],[88.80194,21.8764],[88.80222,21.87667],[88.80222,21.8775],[88.8025,21.87778],[88.8025,21.87833],[88.80278,21.87861],[88.80444,21.87972],[88.80473,21.88],[88.805,21.88],[88.80527,21.88028],[88.80583,21.88028],[88.80611,21.88056],[88.80639,21.88056],[88.80666,21.88083],[88.80695,21.88083],[88.8075,21.88139],[88.80778,21.88139],[88.80861,21.88221],[88.80861,21.8825],[88.80889,21.88278],[88.80889,21.88305],[88.80917,21.88333],[88.80917,21.88389],[88.80945,21.88417],[88.80944,21.88472],[88.80972,21.885],[88.80972,21.8875],[88.80944,21.88778],[88.80944,21.88806],[88.80972,21.88834],[88.80972,21.88889],[88.81,21.88917],[88.81,21.89266],[88.81,21.89306],[88.81028,21.89333],[88.81028,21.89347],[88.81028,21.89389],[88.81048,21.89409],[88.81056,21.89417],[88.81056,21.89433],[88.81056,21.89444],[88.81084,21.89472],[88.81084,21.895],[88.81111,21.89528],[88.81111,21.89583],[88.81139,21.89611],[88.81139,21.89639],[88.81157,21.89657],[88.81194,21.89694],[88.81223,21.89694],[88.8125,21.89722],[88.81277,21.89722],[88.81306,21.89751],[88.81333,21.89751],[88.81389,21.89806],[88.81389,21.89833],[88.81445,21.89889],[88.81445,21.89917],[88.81472,21.89944],[88.81472,21.9],[88.81528,21.90056],[88.81555,21.90056],[88.81567,21.90067],[88.81583,21.90083],[88.81639,21.90083],[88.81667,21.90111],[88.81695,21.90111]]],[[[89.01655,21.81123],[89.01655,21.81083],[89.01641,21.81036],[89.0162,21.80962],[89.01612,21.80831],[89.01611,21.80799],[89.01611,21.80763],[89.01605,21.80724],[89.01588,21.80687],[89.01575,21.80645],[89.01563,21.80604],[89.01549,21.80551],[89.01533,21.80391],[89.01528,21.80349],[89.0153,21.80302],[89.01512,21.80066],[89.01491,21.79993],[89.01447,21.79878],[89.01419,21.79851],[89.01383,21.79797],[89.01376,21.79696],[89.01376,21.79569],[89.01386,21.79407],[89.01437,21.79361],[89.01492,21.79301],[89.01515,21.7925],[89.01522,21.79189],[89.01515,21.79128],[89.01504,21.79074],[89.01479,21.79035],[89.0145,21.79008],[89.01412,21.79003],[89.01389,21.78973],[89.01396,21.78932],[89.01472,21.78896],[89.015,21.78861],[89.01504,21.78833],[89.01506,21.78787],[89.01507,21.78731],[89.01507,21.78673],[89.01511,21.78617],[89.01524,21.78567],[89.01533,21.78519],[89.01547,21.78478],[89.01554,21.7844],[89.01556,21.78406],[89.01559,21.78375],[89.01569,21.78346],[89.0158,21.78312],[89.01589,21.78267],[89.01609,21.78215],[89.01632,21.78155],[89.01672,21.78099],[89.01669,21.78044],[89.01672,21.77987],[89.01696,21.77934],[89.01725,21.77888],[89.0174,21.77846],[89.01724,21.77786],[89.01714,21.77736],[89.01724,21.77691],[89.01741,21.77647],[89.01757,21.77603],[89.01779,21.77564],[89.01803,21.77526],[89.01817,21.77481],[89.01811,21.77432],[89.01807,21.77381],[89.0181,21.77332],[89.01823,21.77291],[89.01845,21.77255],[89.01871,21.77218],[89.019,21.77173],[89.01929,21.77121],[89.01945,21.7706],[89.01962,21.76997],[89.01993,21.76948],[89.02017,21.76902],[89.02039,21.76859],[89.02052,21.76815],[89.02055,21.76765],[89.02053,21.76711],[89.02061,21.76658],[89.02074,21.76609],[89.02087,21.76562],[89.02106,21.76514],[89.02113,21.76469],[89.02123,21.76428],[89.02139,21.76392],[89.02155,21.7636],[89.02169,21.7633],[89.02184,21.76303],[89.02199,21.76276],[89.02215,21.7625],[89.02223,21.76214],[89.02233,21.76174],[89.02248,21.76132],[89.02257,21.76085],[89.02254,21.76021],[89.02285,21.75986],[89.02364,21.75954],[89.02373,21.75905],[89.0233,21.75897],[89.0227,21.75919],[89.02194,21.7594],[89.02181,21.75944],[89.02145,21.75997],[89.02113,21.76033],[89.02084,21.76074],[89.02056,21.76116],[89.02028,21.76156],[89.01997,21.76192],[89.01962,21.76225],[89.01925,21.76258],[89.01888,21.7629],[89.0185,21.76321],[89.0181,21.76356],[89.01771,21.76394],[89.01723,21.76429],[89.01672,21.76464],[89.01617,21.76496],[89.01563,21.76527],[89.01508,21.76555],[89.01454,21.7658],[89.01401,21.76597],[89.01349,21.76608],[89.013,21.76611],[89.01254,21.76611],[89.01209,21.76612],[89.01165,21.76617],[89.01123,21.76629],[89.01077,21.76637],[89.01027,21.76637],[89.00979,21.76634],[89.00934,21.76627],[89.00891,21.76622],[89.00848,21.7663],[89.008,21.76634],[89.00746,21.76635],[89.0069,21.76635],[89.00634,21.7663],[89.00582,21.76618],[89.0053,21.76613],[89.00468,21.76611],[89.00398,21.7661],[89.0032,21.76608],[89.00264,21.76603],[89.00208,21.76598],[89,21.76583],[88.99973,21.76611],[88.99944,21.76639],[88.99917,21.76667],[88.99881,21.76694],[88.99861,21.7675],[88.99811,21.76861],[88.99808,21.7688],[88.99805,21.76902],[88.99834,21.76972],[88.99861,21.77],[88.99895,21.77041],[88.9995,21.77076],[89,21.77056],[89.00043,21.77091],[89.00052,21.77098],[89.00087,21.77119],[89.00133,21.77154],[89.00165,21.77176],[89.002,21.77203],[89.00259,21.77223],[89.00281,21.77232],[89.00319,21.77247],[89.0038,21.77271],[89.00436,21.77299],[89.00488,21.77331],[89.00542,21.7736],[89.00597,21.77384],[89.00654,21.77404],[89.00706,21.77423],[89.00753,21.77447],[89.00798,21.77472],[89.00846,21.77499],[89.00897,21.77527],[89.00952,21.77555],[89.01004,21.77583],[89.01055,21.77613],[89.011,21.77646],[89.01138,21.77685],[89.01169,21.77725],[89.01196,21.77767],[89.01223,21.77809],[89.01248,21.77853],[89.01267,21.77897],[89.01276,21.7794],[89.01279,21.7798],[89.01278,21.78018],[89.01272,21.78055],[89.01254,21.78089],[89.01236,21.78125],[89.01219,21.78161],[89.01195,21.78195],[89.01167,21.78228],[89.01134,21.78261],[89.01096,21.78293],[89.01057,21.78325],[89.01015,21.78354],[89.00967,21.78376],[89.00918,21.78392],[89.00869,21.78412],[89.00819,21.78427],[89.00773,21.78449],[89.00726,21.78473],[89.00679,21.78496],[89.00628,21.78513],[89.00576,21.78532],[89.00525,21.78554],[89.00471,21.78572],[89.00417,21.78588],[89.00367,21.78611],[89.0032,21.78631],[89.00272,21.78646],[89.00222,21.78662],[89.00166,21.78673],[89.0011,21.78691],[89.00055,21.78713],[89,21.78722],[88.99959,21.7874],[88.99915,21.78765],[88.99864,21.78779],[88.9981,21.78791],[88.99748,21.78802],[88.99681,21.7881],[88.99618,21.78833],[88.99553,21.7886],[88.99487,21.78881],[88.99419,21.78892],[88.99359,21.78909],[88.993,21.78922],[88.9925,21.78938],[88.99202,21.78945],[88.99153,21.78951],[88.99097,21.7896],[88.99035,21.78975],[88.99018,21.79004],[88.9901,21.79042],[88.99002,21.79075],[88.99,21.79112],[88.99004,21.79154],[88.99024,21.79198],[88.99037,21.79246],[88.99057,21.79289],[88.99084,21.79328],[88.9911,21.79365],[88.99136,21.79399],[88.99155,21.79433],[88.99169,21.79468],[88.99191,21.79497],[88.99209,21.7953],[88.99221,21.79566],[88.99232,21.79607],[88.99252,21.79647],[88.99276,21.79688],[88.99299,21.7974],[88.99323,21.79795],[88.99346,21.79849],[88.99364,21.79903],[88.99378,21.79958],[88.99388,21.80009],[88.99396,21.80061],[88.99414,21.80109],[88.99426,21.80159],[88.99442,21.80204],[88.99445,21.80253],[88.99445,21.80303],[88.99445,21.80353],[88.99445,21.80404],[88.99445,21.80455],[88.99445,21.80506],[88.99446,21.80557],[88.99454,21.80608],[88.99461,21.80657],[88.99469,21.80711],[88.99466,21.80764],[88.99469,21.80812],[88.99461,21.8086],[88.99464,21.80911],[88.9945,21.80957],[88.99451,21.80992],[88.99451,21.81008],[88.99444,21.81061],[88.99446,21.8112],[88.99459,21.8118],[88.99486,21.81233],[88.99523,21.8125],[88.99535,21.81256],[88.99593,21.81254],[88.99655,21.81251],[88.99721,21.81246],[88.99785,21.8123],[88.99852,21.81215],[88.9991,21.81192],[88.99957,21.81167],[88.99973,21.81083],[88.99973,21.81139],[89,21.81167],[89.00137,21.81118],[89.00171,21.81117],[89.0023,21.81113],[89.00263,21.81112],[89.00296,21.81094],[89.00316,21.81077],[89.00339,21.81065],[89.00408,21.81053],[89.00473,21.81084],[89.00537,21.81077],[89.00585,21.81046],[89.00683,21.81063],[89.00735,21.81061],[89.00787,21.81069],[89.00837,21.81044],[89.00893,21.81079],[89.00928,21.81098],[89.00965,21.81106],[89.01018,21.8113],[89.01054,21.81143],[89.01083,21.81143],[89.01111,21.81137],[89.0114,21.81137],[89.01161,21.81143],[89.01204,21.81163],[89.01254,21.81184],[89.01305,21.81197],[89.01354,21.81204],[89.01367,21.81208],[89.01398,21.81217],[89.01455,21.81237],[89.01504,21.81244],[89.01549,21.81251],[89.01585,21.81251],[89.01627,21.81224],[89.01648,21.81197],[89.01662,21.81163],[89.01655,21.81123]]],[[[88.76331,22.05171],[88.76381,22.05167],[88.76432,22.05166],[88.7648,22.05167],[88.7653,22.05167],[88.76579,22.05167],[88.7663,22.05167],[88.7668,22.05166],[88.76729,22.05162],[88.76773,22.05144],[88.7682,22.05139],[88.7687,22.05139],[88.7692,22.05139],[88.7694,22.05139],[88.76968,22.05139],[88.77014,22.05139],[88.77055,22.05139],[88.77091,22.05139],[88.77126,22.05139],[88.77163,22.05135],[88.77206,22.05116],[88.7726,22.05109],[88.77318,22.05099],[88.77377,22.05082],[88.7743,22.05056],[88.7748,22.0503],[88.77526,22.05004],[88.77566,22.04972],[88.77606,22.04938],[88.77642,22.04903],[88.77678,22.04875],[88.777,22.04841],[88.77724,22.04813],[88.7775,22.04789],[88.77781,22.04767],[88.77818,22.04747],[88.77855,22.04722],[88.77892,22.04695],[88.77929,22.04666],[88.77959,22.04633],[88.77975,22.04593],[88.77995,22.04557],[88.77996,22.04517],[88.77979,22.04477],[88.77961,22.04434],[88.7794,22.04391],[88.77915,22.04347],[88.77889,22.04302],[88.77863,22.04252],[88.77846,22.04193],[88.77833,22.04132],[88.77821,22.04073],[88.77811,22.04018],[88.77823,22.03968],[88.77832,22.03923],[88.77839,22.03881],[88.77854,22.03845],[88.77862,22.03803],[88.77871,22.03757],[88.77891,22.03718],[88.7792,22.03684],[88.77956,22.03655],[88.77998,22.03633],[88.7804,22.03613],[88.78082,22.03594],[88.7812,22.03575],[88.78158,22.03555],[88.78196,22.03532],[88.78243,22.03524],[88.78286,22.03504],[88.78336,22.03495],[88.78381,22.03478],[88.78431,22.03473],[88.78482,22.03472],[88.78531,22.03472],[88.78576,22.03468],[88.78616,22.03449],[88.78661,22.03445],[88.78706,22.03444],[88.78752,22.03439],[88.78797,22.0342],[88.78845,22.03411],[88.78888,22.03388],[88.78934,22.03362],[88.78986,22.03333],[88.79041,22.03299],[88.79089,22.03251],[88.79128,22.03199],[88.79143,22.03133],[88.79159,22.03067],[88.7914,22.03],[88.79105,22.02937],[88.79052,22.02895],[88.78993,22.0286],[88.78939,22.02827],[88.78888,22.02795],[88.78838,22.02765],[88.78798,22.02729],[88.78755,22.02699],[88.78713,22.02669],[88.7867,22.02641],[88.78627,22.02612],[88.78583,22.02584],[88.78537,22.02555],[88.78489,22.02526],[88.78442,22.02489],[88.7839,22.02454],[88.78337,22.02413],[88.78285,22.0237],[88.78231,22.02334],[88.78178,22.02303],[88.78133,22.02272],[88.78092,22.02257],[88.78063,22.02269],[88.78036,22.02261],[88.78013,22.02224],[88.77991,22.02188],[88.77944,22.02111],[88.77861,22.02028],[88.77805,22.02],[88.77805,22.01972],[88.77417,22.01972],[88.77306,22.02],[88.76889,22.02],[88.76889,22.02056],[88.76778,22.02084],[88.76389,22.02111],[88.76167,22.02139],[88.76167,22.02167],[88.76111,22.02194],[88.76111,22.02524],[88.76111,22.02556],[88.76083,22.02528],[88.76083,22.02596],[88.76083,22.02722],[88.76056,22.0275],[88.76056,22.02778],[88.76028,22.02806],[88.76056,22.02833],[88.76056,22.02889],[88.76028,22.02917],[88.76028,22.02944],[88.76,22.02972],[88.76,22.03194],[88.75889,22.03306],[88.75904,22.03384],[88.75911,22.03426],[88.75918,22.03469],[88.75932,22.03531],[88.75912,22.03558],[88.75885,22.03584],[88.75856,22.03613],[88.75829,22.03645],[88.75804,22.03686],[88.75777,22.03731],[88.7575,22.03781],[88.75723,22.03834],[88.75694,22.03884],[88.75666,22.03931],[88.75637,22.03975],[88.75611,22.0402],[88.75593,22.04048],[88.75583,22.04063],[88.75558,22.04108],[88.75542,22.04152],[88.75529,22.04187],[88.75517,22.04219],[88.75503,22.04249],[88.75496,22.04284],[88.75478,22.04316],[88.75465,22.04357],[88.75444,22.044],[88.75417,22.04447],[88.75389,22.04499],[88.75361,22.04553],[88.75333,22.04606],[88.75309,22.04655],[88.75296,22.04705],[88.75276,22.04744],[88.75253,22.04778],[88.75236,22.04819],[88.75217,22.04859],[88.75194,22.049],[88.75172,22.04943],[88.75163,22.04992],[88.75143,22.05033],[88.75146,22.0507],[88.75161,22.05102],[88.75166,22.05137],[88.75172,22.05169],[88.75194,22.05194],[88.75214,22.05222],[88.75241,22.05249],[88.75248,22.05255],[88.75275,22.05276],[88.75315,22.05304],[88.75364,22.05329],[88.75425,22.05338],[88.75484,22.05355],[88.75543,22.05361],[88.75603,22.05361],[88.75659,22.05358],[88.75712,22.05345],[88.75763,22.05332],[88.75809,22.05316],[88.75855,22.05303],[88.75896,22.05282],[88.75946,22.05274],[88.75993,22.05255],[88.76044,22.05246],[88.7609,22.05226],[88.76141,22.05217],[88.76184,22.052],[88.76234,22.05194],[88.76246,22.05192],[88.76283,22.05187],[88.76331,22.05171]]],[[[88.75449,21.77866],[88.75417,21.77834],[88.75389,21.77834],[88.75305,21.7775],[88.75278,21.77778],[88.7525,21.77778],[88.75223,21.7775],[88.75195,21.7775],[88.75166,21.77722],[88.75139,21.77722],[88.75111,21.7775],[88.75083,21.7775],[88.75056,21.77722],[88.75,21.77722],[88.74973,21.77694],[88.74944,21.77695],[88.74944,21.77639],[88.74916,21.77611],[88.74917,21.77583],[88.74886,21.77555],[88.74859,21.77518],[88.74844,21.77498],[88.74831,21.7748],[88.74802,21.77445],[88.74775,21.77414],[88.74751,21.77387],[88.74733,21.7736],[88.74718,21.77331],[88.74694,21.77305],[88.74666,21.77277],[88.74629,21.77249],[88.74611,21.77222],[88.74577,21.77231],[88.74511,21.77249],[88.74454,21.7731],[88.74361,21.77343],[88.7431,21.7737],[88.74246,21.7739],[88.74196,21.7739],[88.74081,21.77418],[88.73981,21.77404],[88.73845,21.77444],[88.73716,21.77478],[88.73608,21.77518],[88.73544,21.77619],[88.73494,21.77727],[88.735,21.77806],[88.735,21.77861],[88.73473,21.77889],[88.73473,21.77917],[88.73444,21.77944],[88.7339,21.7796],[88.7332,21.7797],[88.7324,21.77972],[88.73166,21.77969],[88.73106,21.77958],[88.7306,21.77947],[88.73017,21.77941],[88.72972,21.77944],[88.72889,21.77944],[88.72862,21.77972],[88.72833,21.77972],[88.72833,21.78472],[88.72862,21.785],[88.72861,21.78583],[88.72889,21.78612],[88.72889,21.78695],[88.72861,21.78722],[88.72862,21.78806],[88.72833,21.78833],[88.72833,21.79222],[88.72806,21.7925],[88.72806,21.79278],[88.7275,21.79333],[88.7275,21.79361],[88.72778,21.79389],[88.72916,21.79528],[88.72945,21.79528],[88.73,21.79583],[88.73027,21.79584],[88.73074,21.79603],[88.73132,21.7961],[88.73196,21.79612],[88.73265,21.79616],[88.73335,21.79627],[88.73407,21.79637],[88.7348,21.79645],[88.73547,21.79663],[88.73611,21.79694],[88.7367,21.79728],[88.73724,21.79766],[88.73773,21.79806],[88.73816,21.7985],[88.73844,21.79903],[88.73866,21.7996],[88.73888,21.80014],[88.73909,21.80068],[88.73917,21.80125],[88.73926,21.80181],[88.73947,21.80231],[88.73971,21.80276],[88.73993,21.80322],[88.7401,21.8037],[88.7403,21.80416],[88.74055,21.80458],[88.74083,21.80498],[88.74115,21.80535],[88.74152,21.8057],[88.74192,21.80611],[88.74233,21.80659],[88.74277,21.80711],[88.74326,21.80764],[88.74384,21.8081],[88.74439,21.80861],[88.74482,21.80921],[88.74532,21.80976],[88.74583,21.81029],[88.74635,21.81082],[88.74687,21.81134],[88.74738,21.81188],[88.7479,21.81242],[88.74847,21.8129],[88.74904,21.81336],[88.74958,21.81381],[88.75012,21.81416],[88.75063,21.81422],[88.75103,21.81395],[88.75127,21.81354],[88.75131,21.81306],[88.7512,21.81252],[88.75112,21.81193],[88.75104,21.81131],[88.75089,21.81067],[88.75075,21.81002],[88.75053,21.80943],[88.75029,21.80887],[88.75007,21.8083],[88.74992,21.80767],[88.74973,21.80707],[88.74954,21.80649],[88.74939,21.80596],[88.74935,21.80542],[88.74937,21.80486],[88.74932,21.80425],[88.74932,21.80358],[88.74948,21.80298],[88.74964,21.80241],[88.74969,21.80181],[88.74963,21.80123],[88.74948,21.80082],[88.74944,21.80071],[88.74944,21.80028],[88.75,21.79972],[88.75,21.79861],[88.75027,21.79833],[88.7503,21.79781],[88.75036,21.79729],[88.75039,21.7967],[88.75051,21.79608],[88.75063,21.7954],[88.75076,21.79471],[88.75082,21.79399],[88.75085,21.79334],[88.7509,21.79277],[88.751,21.7923],[88.75098,21.79185],[88.75094,21.79141],[88.75105,21.79097],[88.75116,21.79052],[88.75132,21.7901],[88.75143,21.78965],[88.75158,21.78919],[88.75165,21.7887],[88.75169,21.78818],[88.75177,21.78768],[88.75195,21.78725],[88.75213,21.78684],[88.75227,21.78642],[88.75246,21.78607],[88.75262,21.78573],[88.75278,21.78541],[88.75293,21.78512],[88.75307,21.78483],[88.75322,21.78455],[88.75333,21.78426],[88.75343,21.78397],[88.75356,21.7837],[88.75368,21.78342],[88.75384,21.78315],[88.75398,21.78284],[88.75418,21.78254],[88.75443,21.78222],[88.75471,21.78184],[88.755,21.78137],[88.75528,21.78084],[88.75528,21.78056],[88.75555,21.78028],[88.75529,21.77999],[88.75528,21.77972],[88.755,21.77944],[88.755,21.77917],[88.75449,21.77866]]],[[[88.90254,22.08283],[88.90219,22.08261],[88.9018,22.08246],[88.90148,22.08221],[88.90112,22.08191],[88.90076,22.08161],[88.90034,22.08134],[88.89992,22.08105],[88.89944,22.08081],[88.89899,22.08052],[88.89864,22.08017],[88.89835,22.07976],[88.89803,22.07941],[88.89769,22.07908],[88.89735,22.07876],[88.89698,22.07849],[88.89663,22.07817],[88.89624,22.07788],[88.89586,22.07753],[88.89548,22.07715],[88.8951,22.07676],[88.89475,22.07632],[88.89445,22.07585],[88.89417,22.07542],[88.89394,22.07503],[88.89378,22.07463],[88.89362,22.07429],[88.89342,22.07395],[88.89326,22.07354],[88.89304,22.0731],[88.8928,22.07264],[88.89264,22.07209],[88.8925,22.07151],[88.89233,22.07093],[88.89223,22.0703],[88.89216,22.06969],[88.89196,22.06915],[88.8918,22.06861],[88.89167,22.06806],[88.89155,22.06753],[88.89142,22.06701],[88.89135,22.06647],[88.89115,22.06593],[88.89111,22.06533],[88.89111,22.0647],[88.89111,22.06404],[88.89114,22.06336],[88.89122,22.06269],[88.89137,22.06208],[88.89136,22.06147],[88.89118,22.06089],[88.89091,22.06036],[88.89034,22.06013],[88.88971,22.06024],[88.88905,22.06027],[88.88843,22.0602],[88.88789,22.06003],[88.88738,22.06],[88.8869,22.05997],[88.8865,22.05984],[88.88609,22.05974],[88.88567,22.05972],[88.88524,22.05972],[88.88481,22.05968],[88.8844,22.05948],[88.88387,22.05945],[88.88326,22.05945],[88.88297,22.05945],[88.88268,22.05947],[88.8823,22.05962],[88.88183,22.05976],[88.88134,22.06001],[88.88083,22.06028],[88.88028,22.06056],[88.87973,22.06084],[88.8792,22.06111],[88.87866,22.06138],[88.87814,22.06158],[88.87761,22.06172],[88.87713,22.06189],[88.87656,22.06199],[88.87601,22.06218],[88.87537,22.06226],[88.87477,22.06245],[88.87412,22.0625],[88.87347,22.06255],[88.87286,22.06276],[88.87225,22.063],[88.87169,22.06336],[88.87129,22.06385],[88.87096,22.06436],[88.8708,22.0649],[88.87058,22.06535],[88.87044,22.0658],[88.87031,22.06624],[88.87028,22.06676],[88.87028,22.06733],[88.87028,22.06791],[88.87028,22.06851],[88.87029,22.0691],[88.87038,22.06968],[88.87053,22.07024],[88.87055,22.07077],[88.87057,22.07131],[88.8707,22.07182],[88.87085,22.07242],[88.87111,22.07302],[88.87138,22.07363],[88.87158,22.07421],[88.87171,22.07475],[88.87189,22.07514],[88.87194,22.07552],[88.87199,22.07585],[88.87218,22.07615],[88.87222,22.0765],[88.87222,22.0769],[88.87222,22.07731],[88.87222,22.07775],[88.87222,22.07819],[88.87222,22.07863],[88.87222,22.07907],[88.87219,22.07947],[88.87203,22.0798],[88.87196,22.08015],[88.8719,22.08051],[88.87172,22.08081],[88.87158,22.08118],[88.87138,22.08153],[88.87111,22.0819],[88.87083,22.08232],[88.87055,22.08274],[88.87028,22.08316],[88.87,22.08349],[88.86974,22.08377],[88.86955,22.08407],[88.86942,22.08438],[88.86925,22.08468],[88.86925,22.08507],[88.8694,22.08556],[88.86951,22.08614],[88.86979,22.08659],[88.87021,22.0869],[88.87073,22.08699],[88.87125,22.08681],[88.87174,22.08659],[88.87225,22.08642],[88.87274,22.08634],[88.87322,22.08617],[88.87374,22.08611],[88.87425,22.08605],[88.87469,22.08583],[88.87509,22.08559],[88.87554,22.08539],[88.87596,22.08515],[88.87641,22.08491],[88.87686,22.08471],[88.87727,22.08449],[88.87773,22.08441],[88.87817,22.08425],[88.8787,22.08418],[88.87933,22.08416],[88.88001,22.08412],[88.88071,22.08396],[88.8814,22.08394],[88.88203,22.08416],[88.88261,22.08438],[88.88316,22.0845],[88.88364,22.08468],[88.88418,22.08478],[88.88469,22.08495],[88.88527,22.08505],[88.8858,22.08528],[88.88634,22.08557],[88.8869,22.08588],[88.88747,22.08627],[88.88802,22.0867],[88.88854,22.08713],[88.88908,22.08742],[88.88959,22.08764],[88.89007,22.0878],[88.8905,22.08799],[88.89097,22.0881],[88.89139,22.08833],[88.89187,22.08851],[88.89239,22.0886],[88.89292,22.08861],[88.89343,22.08865],[88.89384,22.08882],[88.89433,22.08889],[88.89484,22.08895],[88.89535,22.08913],[88.89597,22.08917],[88.8966,22.08917],[88.89722,22.08915],[88.89777,22.08903],[88.8983,22.08887],[88.89877,22.08861],[88.89921,22.08834],[88.89966,22.08814],[88.90017,22.08802],[88.90058,22.08782],[88.90105,22.08775],[88.90146,22.08758],[88.90189,22.08751],[88.90233,22.08745],[88.90273,22.08727],[88.9032,22.08722],[88.90369,22.08713],[88.90411,22.08692],[88.90444,22.08658],[88.90468,22.08616],[88.90472,22.08565],[88.90466,22.08512],[88.90442,22.08463],[88.90408,22.08421],[88.90367,22.08383],[88.90328,22.08344],[88.90287,22.08313],[88.90254,22.08283]]],[[[88.7443,21.98307],[88.74391,21.98305],[88.74352,21.98308],[88.74317,21.98321],[88.74284,21.9834],[88.74256,21.98371],[88.74236,21.98419],[88.7422,21.98474],[88.74199,21.98528],[88.74194,21.98585],[88.74192,21.98637],[88.74179,21.98682],[88.74168,21.98726],[88.74162,21.98771],[88.74143,21.98808],[88.7414,21.98844],[88.74145,21.98877],[88.74165,21.98904],[88.74182,21.98932],[88.74197,21.98959],[88.74217,21.98981],[88.74236,21.99014],[88.74258,21.9905],[88.7429,21.99083],[88.74329,21.99119],[88.74362,21.99156],[88.74396,21.99188],[88.74432,21.99211],[88.74469,21.99234],[88.74504,21.99266],[88.74548,21.99298],[88.74597,21.99337],[88.74643,21.99385],[88.74693,21.99432],[88.7474,21.99478],[88.74778,21.99527],[88.74822,21.99571],[88.74874,21.99614],[88.74928,21.99664],[88.7499,21.99711],[88.75052,21.99758],[88.75108,21.9981],[88.75111,21.99834],[88.75139,21.99833],[88.75223,21.99917],[88.75223,21.99945],[88.7525,22],[88.75278,22.00029],[88.75301,22.00031],[88.75324,22.00048],[88.75349,22.00073],[88.7537,22.00108],[88.75393,22.00142],[88.75417,22.00175],[88.75442,22.00207],[88.75463,22.00241],[88.75483,22.00276],[88.75506,22.00312],[88.75531,22.00352],[88.7556,22.00395],[88.75587,22.00444],[88.75615,22.00493],[88.75648,22.00538],[88.75673,22.00577],[88.75698,22.00606],[88.75723,22.00629],[88.75746,22.00648],[88.75768,22.00669],[88.75794,22.00694],[88.75829,22.00712],[88.75848,22.0071],[88.75871,22.00706],[88.75912,22.00672],[88.75944,22.00621],[88.75964,22.00567],[88.75967,22.00508],[88.75956,22.00443],[88.75967,22.0038],[88.75971,22.00332],[88.75971,22.00317],[88.75973,22.00258],[88.75974,22.00204],[88.75981,22.00133],[88.75945,22],[88.75945,21.99889],[88.75916,21.99861],[88.75916,21.99722],[88.75889,21.99695],[88.75889,21.99667],[88.75871,21.99628],[88.75854,21.99583],[88.75833,21.99583],[88.75833,21.99556],[88.75777,21.995],[88.75777,21.99472],[88.7575,21.99444],[88.7575,21.99417],[88.75723,21.99389],[88.75723,21.9936],[88.75683,21.99338],[88.75661,21.99298],[88.75636,21.99261],[88.75606,21.99228],[88.75569,21.99197],[88.75534,21.99165],[88.75497,21.99136],[88.75458,21.99105],[88.75415,21.99068],[88.75371,21.99028],[88.75361,21.99028],[88.75361,21.99],[88.75333,21.99],[88.75333,21.98972],[88.75305,21.98945],[88.75305,21.98917],[88.75278,21.98889],[88.75278,21.98833],[88.7525,21.98833],[88.75222,21.98806],[88.75195,21.98806],[88.75166,21.98779],[88.75139,21.9875],[88.75111,21.9875],[88.75083,21.98722],[88.75056,21.98722],[88.75038,21.98704],[88.75,21.98667],[88.74973,21.98667],[88.74954,21.98649],[88.74944,21.98639],[88.74805,21.985],[88.74778,21.985],[88.74722,21.98444],[88.74695,21.98445],[88.74654,21.98403],[88.74639,21.98389],[88.74583,21.98366],[88.7454,21.98346],[88.745,21.98332],[88.74467,21.98315],[88.7443,21.98307]]],[[[88.9189,22.42653],[88.91889,22.42528],[88.91861,22.425],[88.91861,22.42472],[88.91778,22.42389],[88.9175,22.42389],[88.91722,22.42361],[88.91639,22.42361],[88.91623,22.42335],[88.91585,22.42333],[88.91542,22.42329],[88.91502,22.42311],[88.91449,22.42306],[88.91394,22.42302],[88.91344,22.42284],[88.91321,22.42278],[88.91296,22.4228],[88.91262,22.42292],[88.9123,22.42305],[88.91196,22.42319],[88.91164,22.42338],[88.91143,22.4237],[88.91139,22.42417],[88.91145,22.42472],[88.91168,22.42521],[88.912,22.42558],[88.91241,22.4258],[88.91284,22.42591],[88.91313,22.42616],[88.91331,22.42648],[88.91354,22.42668],[88.91421,22.42646],[88.9149,22.4263],[88.91557,22.42646],[88.91599,22.42672],[88.91608,22.4271],[88.91608,22.42753],[88.9165,22.42803],[88.91679,22.4287],[88.91719,22.42903],[88.91732,22.42893],[88.91738,22.42887],[88.91766,22.42863],[88.91801,22.42834],[88.91835,22.4279],[88.91867,22.42742],[88.9189,22.42653]]],[[[88.85917,22.46944],[88.85917,22.46667],[88.85889,22.46639],[88.85889,22.46361],[88.85861,22.46333],[88.85861,22.46223],[88.85806,22.46167],[88.85806,22.46139],[88.85778,22.46111],[88.85778,22.46083],[88.8575,22.46056],[88.85749,22.46],[88.85722,22.45972],[88.85722,22.45945],[88.85667,22.45889],[88.85611,22.45889],[88.85611,22.45917],[88.85555,22.45972],[88.85555,22.46],[88.85528,22.46027],[88.85528,22.46056],[88.85555,22.46083],[88.85555,22.46111],[88.85611,22.46139],[88.85639,22.46139],[88.85722,22.46222],[88.85722,22.46389],[88.85749,22.46417],[88.8575,22.46556],[88.85722,22.46583],[88.85722,22.46694],[88.85778,22.4675],[88.85778,22.46806],[88.85806,22.46833],[88.85749,22.46889],[88.85639,22.46889],[88.85611,22.46917],[88.85639,22.46944],[88.85639,22.46972],[88.85611,22.47],[88.85611,22.47056],[88.85639,22.47083],[88.85639,22.47139],[88.85667,22.47167],[88.85667,22.47221],[88.85694,22.4725],[88.85722,22.4725],[88.85833,22.47139],[88.85833,22.47083],[88.85861,22.47056],[88.85861,22.47028],[88.85889,22.47],[88.85889,22.46972],[88.85917,22.46944]]],[[[88.93484,22.56389],[88.93554,22.5637],[88.93597,22.56343],[88.9361,22.56312],[88.93616,22.5628],[88.93626,22.56246],[88.9363,22.56208],[88.93621,22.56169],[88.93627,22.56133],[88.9361,22.5612],[88.93547,22.56139],[88.93497,22.56164],[88.93452,22.5619],[88.93401,22.56211],[88.9334,22.56214],[88.93281,22.56192],[88.93236,22.56163],[88.93222,22.56167],[88.93222,22.56139],[88.9325,22.56111],[88.9325,22.56083],[88.93278,22.56056],[88.93277,22.56028],[88.93445,22.55861],[88.93445,22.55833],[88.93417,22.55806],[88.93389,22.55806],[88.93361,22.55778],[88.93333,22.55806],[88.93305,22.55806],[88.93278,22.55833],[88.9325,22.55833],[88.93195,22.55889],[88.93195,22.55917],[88.93166,22.55944],[88.93166,22.55972],[88.93111,22.56028],[88.93097,22.56055],[88.93071,22.56087],[88.93052,22.56125],[88.93032,22.56163],[88.93021,22.56206],[88.93005,22.56241],[88.93002,22.56278],[88.93001,22.56313],[88.93009,22.56343],[88.93036,22.56361],[88.93079,22.56367],[88.93138,22.56373],[88.93197,22.56394],[88.9325,22.56404],[88.93303,22.56396],[88.9336,22.56406],[88.9339,22.56405],[88.9342,22.56403],[88.93484,22.56389]]],[[[88.86778,22.41083],[88.86806,22.41056],[88.86889,22.41056],[88.86945,22.41],[88.86972,22.41],[88.87139,22.40833],[88.87167,22.40834],[88.87278,22.40723],[88.87305,22.40723],[88.87361,22.40667],[88.87389,22.40667],[88.87417,22.40639],[88.87417,22.40612],[88.87444,22.40583],[88.87444,22.40556],[88.87417,22.40528],[88.87305,22.40528],[88.87278,22.405],[88.87249,22.40528],[88.87195,22.40528],[88.87139,22.40583],[88.87139,22.40639],[88.87111,22.40667],[88.87111,22.40695],[88.87083,22.40722],[88.87083,22.4075],[88.87,22.40834],[88.86889,22.40833],[88.86806,22.40918],[88.86778,22.40917],[88.8675,22.40945],[88.86723,22.40945],[88.86668,22.41],[88.86639,22.41],[88.86611,22.41028],[88.86611,22.41083],[88.86778,22.41083]]],[[[88.89236,21.65209],[88.89262,21.65167],[88.89291,21.65139],[88.89375,21.65056],[88.89389,21.65028],[88.89445,21.64972],[88.89389,21.64917],[88.89333,21.64917],[88.89306,21.64945],[88.89278,21.64945],[88.8925,21.64972],[88.8925,21.65],[88.89139,21.65111],[88.89111,21.65111],[88.89083,21.65139],[88.89083,21.65167],[88.89056,21.65195],[88.89028,21.65195],[88.89028,21.65222],[88.88917,21.65333],[88.88917,21.65362],[88.88889,21.65389],[88.88887,21.65417],[88.88901,21.65457],[88.88944,21.65457],[88.89,21.65447],[88.8915,21.65306],[88.89165,21.65278],[88.89193,21.6525],[88.89236,21.65209]]]]}}]}