{"type":"FeatureCollection","features":[{"type":"Feature","properties":{"id":"nicobar","name":"Nicobar","stateId":"andaman-and-nicobar-island","stateName":"Andaman & Nicobar Island","censuscode":638,"type":"district"},"geometry":{"type":"MultiPolygon","coordinates":[[[[93.84861,7.24051],[93.8487,7.23967],[93.84869,7.23808],[93.84853,7.23691],[93.84852,7.23566],[93.84852,7.2344],[93.84844,7.23348],[93.84777,7.23289],[93.84659,7.23264],[93.84527,7.23199],[93.84525,7.23198],[93.84523,7.23195],[93.84391,7.23064],[93.84298,7.2293],[93.84273,7.22779],[93.84306,7.22645],[93.84373,7.22494],[93.84423,7.22325],[93.84424,7.22319],[93.84456,7.2221],[93.84482,7.22159],[93.84482,7.22159],[93.8454,7.2205],[93.84574,7.21958],[93.8464,7.21858],[93.84682,7.21799],[93.84783,7.21715],[93.84975,7.21556],[93.85093,7.21505],[93.8521,7.21472],[93.85328,7.21463],[93.85381,7.21479],[93.85495,7.21471],[93.85587,7.21471],[93.8568,7.21513],[93.8578,7.21588],[93.85864,7.21647],[93.85957,7.21705],[93.85957,7.21705],[93.85992,7.21709],[93.86091,7.21722],[93.86208,7.21722],[93.86309,7.21713],[93.86376,7.21696],[93.86493,7.21696],[93.86611,7.21713],[93.86762,7.21738],[93.86762,7.21737],[93.86862,7.21712],[93.86954,7.2167],[93.86955,7.21669],[93.86996,7.2162],[93.87011,7.21577],[93.87021,7.21545],[93.87049,7.21494],[93.87072,7.21452],[93.87113,7.21369],[93.87239,7.21285],[93.87373,7.21218],[93.87448,7.21109],[93.87499,7.21008],[93.87591,7.20891],[93.87708,7.20832],[93.87834,7.2079],[93.87867,7.20714],[93.87842,7.20639],[93.87749,7.20539],[93.87749,7.20447],[93.87825,7.20405],[93.87942,7.20388],[93.88068,7.20404],[93.88169,7.20463],[93.88227,7.20438],[93.8826,7.20372],[93.88261,7.20371],[93.88261,7.20354],[93.88261,7.20304],[93.88235,7.20203],[93.88235,7.20128],[93.88235,7.20044],[93.88235,7.19977],[93.88235,7.19885],[93.88235,7.19801],[93.88235,7.19718],[93.88193,7.19642],[93.88142,7.19567],[93.88075,7.19492],[93.88041,7.19433],[93.88058,7.19324],[93.88117,7.19274],[93.88175,7.19215],[93.88259,7.1914],[93.88301,7.19064],[93.88334,7.18989],[93.88359,7.1893],[93.88368,7.18905],[93.88334,7.1883],[93.88334,7.18763],[93.88334,7.18654],[93.88342,7.18573],[93.88342,7.1857],[93.88342,7.18503],[93.8835,7.18411],[93.8835,7.18409],[93.88343,7.18381],[93.88301,7.18256],[93.88267,7.18114],[93.8825,7.17971],[93.88158,7.17913],[93.88081,7.17858],[93.88039,7.17717],[93.87997,7.17658],[93.88005,7.17557],[93.88014,7.17499],[93.88055,7.17423],[93.88064,7.17356],[93.88064,7.17289],[93.88072,7.17206],[93.88114,7.1713],[93.88172,7.17013],[93.88248,7.16963],[93.88323,7.16921],[93.88407,7.16862],[93.88449,7.16812],[93.88541,7.16728],[93.88583,7.16703],[93.88582,7.16619],[93.88507,7.1651],[93.88448,7.16435],[93.88406,7.16351],[93.88406,7.16284],[93.88406,7.162],[93.88406,7.16173],[93.88406,7.16108],[93.88447,7.16008],[93.88517,7.15927],[93.88548,7.1589],[93.88606,7.15807],[93.88707,7.15731],[93.88757,7.15631],[93.88774,7.15564],[93.8879,7.15471],[93.88799,7.15396],[93.88807,7.15304],[93.88807,7.1527],[93.88807,7.15245],[93.8881,7.15234],[93.88824,7.15178],[93.88807,7.1512],[93.88781,7.15084],[93.88775,7.15075],[93.88765,7.15061],[93.88756,7.14994],[93.88737,7.14963],[93.88706,7.14915],[93.88697,7.14902],[93.88697,7.14857],[93.88697,7.14793],[93.88697,7.14701],[93.88722,7.14592],[93.88722,7.14483],[93.88705,7.14391],[93.88713,7.14215],[93.8868,7.14107],[93.88671,7.13989],[93.88671,7.13931],[93.88637,7.13856],[93.88597,7.13827],[93.88587,7.13814],[93.8852,7.13747],[93.88517,7.13739],[93.88495,7.13672],[93.88486,7.13646],[93.88461,7.1342],[93.88477,7.1311],[93.88477,7.12993],[93.8851,7.12893],[93.88518,7.12801],[93.8856,7.12717],[93.88661,7.12633],[93.88761,7.12574],[93.88845,7.12532],[93.88912,7.12465],[93.88979,7.12381],[93.89029,7.12314],[93.89063,7.12281],[93.89105,7.12239],[93.89088,7.12172],[93.89079,7.12071],[93.89079,7.11921],[93.89062,7.11812],[93.89054,7.11711],[93.89003,7.11661],[93.88902,7.11519],[93.88877,7.1146],[93.88877,7.11393],[93.88877,7.11335],[93.88877,7.11243],[93.88877,7.11151],[93.88868,7.1105],[93.88793,7.10899],[93.88717,7.10824],[93.88633,7.10732],[93.88566,7.1059],[93.88557,7.10422],[93.88557,7.10288],[93.88557,7.10079],[93.88598,7.0992],[93.88674,7.09819],[93.88782,7.09635],[93.88791,7.09526],[93.88782,7.093],[93.8875,7.09256],[93.88715,7.09208],[93.88706,7.09074],[93.88723,7.08907],[93.88722,7.08706],[93.88814,7.08538],[93.88923,7.08454],[93.8896,7.08443],[93.88973,7.08395],[93.89066,7.08312],[93.89166,7.08261],[93.89258,7.08194],[93.8935,7.08127],[93.89468,7.08068],[93.89593,7.08035],[93.89719,7.08001],[93.89836,7.07976],[93.90004,7.0795],[93.90113,7.07908],[93.90188,7.0785],[93.90339,7.07665],[93.90406,7.07539],[93.90456,7.07414],[93.90498,7.0733],[93.90531,7.07229],[93.90564,7.07121],[93.90606,7.07053],[93.90631,7.06978],[93.90673,7.06794],[93.90673,7.06727],[93.90647,7.06635],[93.90614,7.06509],[93.90597,7.06392],[93.9063,7.06291],[93.90739,7.06174],[93.9089,7.0604],[93.9099,7.05897],[93.91074,7.05763],[93.91199,7.05688],[93.913,7.05637],[93.914,7.05579],[93.91442,7.0552],[93.91476,7.05445],[93.91484,7.05361],[93.91509,7.0521],[93.91517,7.05135],[93.91534,7.05043],[93.9155,7.0495],[93.91567,7.04883],[93.91568,7.04866],[93.91575,7.04758],[93.91583,7.04657],[93.91541,7.0454],[93.91457,7.04431],[93.91399,7.04356],[93.91366,7.04303],[93.91315,7.04222],[93.91264,7.04105],[93.91264,7.0403],[93.91306,7.03912],[93.91356,7.03854],[93.91398,7.0382],[93.91406,7.03762],[93.91406,7.0372],[93.91406,7.03594],[93.91406,7.03468],[93.91406,7.03431],[93.91406,7.03393],[93.91439,7.03318],[93.91519,7.03274],[93.91531,7.03267],[93.91606,7.03175],[93.9164,7.031],[93.91648,7.03008],[93.91606,7.0289],[93.91606,7.02879],[93.91606,7.02823],[93.91614,7.02794],[93.91639,7.02706],[93.91658,7.02604],[93.91664,7.02572],[93.9174,7.0253],[93.91797,7.02535],[93.9184,7.02538],[93.91857,7.02531],[93.91881,7.02521],[93.91957,7.02488],[93.92031,7.02431],[93.92033,7.02429],[93.9205,7.02429],[93.92108,7.02429],[93.92165,7.02454],[93.92168,7.02455],[93.92242,7.02488],[93.92385,7.02554],[93.92511,7.0263],[93.92603,7.02688],[93.92679,7.02721],[93.92737,7.02738],[93.92863,7.02721],[93.9293,7.02688],[93.92989,7.0262],[93.9303,7.02537],[93.93114,7.02453],[93.93189,7.02335],[93.93318,7.02237],[93.93332,7.02226],[93.93379,7.0219],[93.93474,7.02117],[93.93482,7.02059],[93.93507,7.02008],[93.93558,7.01967],[93.93666,7.01958],[93.93713,7.01934],[93.9375,7.01916],[93.93793,7.01879],[93.93803,7.01871],[93.93876,7.01773],[93.93951,7.01723],[93.9401,7.01715],[93.94068,7.01673],[93.94102,7.01664],[93.94127,7.01614],[93.9411,7.01555],[93.94068,7.01547],[93.94009,7.0153],[93.93934,7.01505],[93.93892,7.01438],[93.93992,7.01371],[93.94043,7.01355],[93.94126,7.01279],[93.94185,7.01204],[93.94252,7.01162],[93.94302,7.01111],[93.94386,7.01044],[93.94486,7.01019],[93.9457,7.01002],[93.94612,7.00943],[93.94654,7.00843],[93.94654,7.00751],[93.9467,7.00684],[93.94687,7.00625],[93.94695,7.0055],[93.94729,7.00458],[93.94737,7.00416],[93.94787,7.00307],[93.94795,7.00231],[93.94774,7.00174],[93.9478,6.9998],[93.94729,6.99779],[93.94653,6.99653],[93.94595,6.99536],[93.94519,6.99478],[93.94497,6.99451],[93.94443,6.99386],[93.9436,6.99361],[93.94312,6.99416],[93.94251,6.99487],[93.94217,6.99587],[93.94167,6.99755],[93.94092,6.99788],[93.93841,6.99872],[93.93765,6.99939],[93.9359,7.00032],[93.93506,7.00049],[93.93405,7.00107],[93.93347,7.00158],[93.93271,7.00292],[93.93272,7.00309],[93.93272,7.00409],[93.93255,7.00585],[93.93188,7.00669],[93.93155,7.00761],[93.93105,7.0087],[93.9308,7.01012],[93.92812,7.01163],[93.92653,7.0118],[93.92485,7.01181],[93.92351,7.01164],[93.92225,7.0103],[93.92099,7.00938],[93.9194,7.00805],[93.9178,7.00696],[93.91654,7.00612],[93.91605,7.00544],[93.91503,7.00403],[93.9147,7.00236],[93.91374,7.00019],[93.91384,6.99985],[93.91392,6.99876],[93.91417,6.99776],[93.91451,6.99658],[93.91484,6.99575],[93.91534,6.99516],[93.91601,6.99457],[93.91677,6.99424],[93.91785,6.99407],[93.91886,6.99381],[93.9197,6.99314],[93.92062,6.99256],[93.92137,6.99197],[93.92187,6.99155],[93.92288,6.99079],[93.92338,6.99038],[93.92397,6.98962],[93.92522,6.9892],[93.92673,6.98853],[93.92765,6.98794],[93.92807,6.98685],[93.92815,6.98635],[93.92815,6.9858],[93.92852,6.98516],[93.92874,6.98509],[93.92941,6.98492],[93.92966,6.98434],[93.92966,6.98325],[93.92949,6.9825],[93.92915,6.98183],[93.92881,6.98091],[93.92865,6.98015],[93.92848,6.97881],[93.92847,6.97781],[93.92847,6.97684],[93.92847,6.97655],[93.92847,6.97555],[93.92855,6.97488],[93.92905,6.97337],[93.92989,6.97278],[93.93023,6.97278],[93.93039,6.97261],[93.9314,6.97236],[93.93291,6.97144],[93.93324,6.9706],[93.93391,6.96968],[93.93466,6.96884],[93.93508,6.96767],[93.93508,6.96624],[93.93533,6.96482],[93.93608,6.9639],[93.93708,6.96289],[93.93801,6.96239],[93.94035,6.96146],[93.94228,6.96079],[93.94378,6.95987],[93.94429,6.95928],[93.94487,6.95811],[93.94562,6.95618],[93.94529,6.95492],[93.94447,6.95426],[93.94436,6.95417],[93.94377,6.95325],[93.94335,6.9525],[93.94252,6.952],[93.94143,6.952],[93.94059,6.952],[93.93874,6.952],[93.93732,6.95242],[93.93631,6.95302],[93.93515,6.95371],[93.93506,6.95377],[93.93372,6.95452],[93.93297,6.95477],[93.93246,6.95503],[93.93154,6.95561],[93.93037,6.95595],[93.92953,6.95587],[93.92946,6.95584],[93.92836,6.95545],[93.92777,6.9552],[93.92668,6.95478],[93.92567,6.9537],[93.92484,6.95294],[93.92349,6.95202],[93.92291,6.9511],[93.9229,6.94943],[93.9229,6.94859],[93.92231,6.94776],[93.92114,6.947],[93.92005,6.94642],[93.91896,6.946],[93.91829,6.94558],[93.91753,6.94492],[93.91753,6.9445],[93.91778,6.94341],[93.91778,6.94224],[93.91736,6.9414],[93.91704,6.94116],[93.91669,6.9409],[93.91602,6.94023],[93.91526,6.93956],[93.91501,6.93847],[93.91568,6.93755],[93.91627,6.93671],[93.91653,6.9355],[93.9166,6.9352],[93.91618,6.93437],[93.91595,6.93425],[93.91543,6.93399],[93.91517,6.93387],[93.91442,6.93387],[93.91341,6.93387],[93.91232,6.93362],[93.9114,6.93287],[93.91064,6.9322],[93.91022,6.9317],[93.90972,6.93052],[93.90956,6.92996],[93.90964,6.92985],[93.90963,6.9281],[93.90963,6.92684],[93.90988,6.92617],[93.91022,6.92491],[93.91097,6.92332],[93.91147,6.92248],[93.91189,6.92164],[93.91256,6.92089],[93.91314,6.92014],[93.91348,6.91938],[93.91431,6.91913],[93.91498,6.91871],[93.91582,6.91754],[93.91582,6.91645],[93.91624,6.91544],[93.9164,6.9146],[93.91648,6.91393],[93.91606,6.91318],[93.91556,6.91268],[93.91534,6.91252],[93.9138,6.91143],[93.91371,6.91132],[93.91346,6.91101],[93.91279,6.9095],[93.91262,6.9085],[93.91259,6.90843],[93.91241,6.90806],[93.91229,6.90783],[93.9117,6.90749],[93.91105,6.9072],[93.91078,6.90708],[93.90985,6.90674],[93.90899,6.9065],[93.90868,6.90641],[93.90709,6.90675],[93.9065,6.90708],[93.90558,6.90775],[93.90374,6.90801],[93.90232,6.90801],[93.90106,6.90793],[93.89963,6.90659],[93.89896,6.90575],[93.89812,6.90492],[93.89762,6.90433],[93.89695,6.90324],[93.89703,6.90224],[93.89745,6.90165],[93.89787,6.90132],[93.89803,6.90065],[93.8982,6.89956],[93.89887,6.89905],[93.89971,6.89889],[93.90038,6.89838],[93.90037,6.89754],[93.90029,6.89704],[93.8997,6.89646],[93.89903,6.89604],[93.8971,6.89445],[93.89668,6.89378],[93.8966,6.89328],[93.89676,6.89211],[93.89685,6.89169],[93.89735,6.89043],[93.89777,6.88984],[93.89818,6.88934],[93.89852,6.8885],[93.89877,6.88834],[93.89927,6.888],[93.89977,6.88766],[93.90002,6.88708],[93.90002,6.88607],[93.90002,6.8854],[93.89969,6.88432],[93.8996,6.88348],[93.90027,6.88272],[93.90119,6.88214],[93.90161,6.8813],[93.90203,6.88029],[93.90169,6.87753],[93.9016,6.87485],[93.90153,6.87452],[93.90126,6.87334],[93.90084,6.87284],[93.90051,6.87251],[93.89967,6.87234],[93.89866,6.87192],[93.89808,6.87159],[93.89764,6.87098],[93.89759,6.87096],[93.89583,6.8697],[93.89438,6.86927],[93.89439,6.86925],[93.89405,6.86841],[93.89371,6.86799],[93.89346,6.86741],[93.89313,6.86674],[93.89313,6.8659],[93.89296,6.86507],[93.89295,6.86339],[93.89295,6.86272],[93.89304,6.86197],[93.89329,6.86105],[93.89354,6.86029],[93.89395,6.85937],[93.89412,6.8587],[93.89412,6.85836],[93.89429,6.85753],[93.89437,6.85702],[93.89462,6.85635],[93.8947,6.85585],[93.8947,6.85527],[93.89395,6.85426],[93.89386,6.85326],[93.89386,6.85242],[93.89378,6.85142],[93.89352,6.84941],[93.89369,6.84848],[93.89377,6.8479],[93.89377,6.84689],[93.89419,6.84622],[93.89486,6.84555],[93.89528,6.84471],[93.89553,6.84388],[93.89569,6.84296],[93.89619,6.84212],[93.8972,6.84153],[93.89887,6.84144],[93.89954,6.84128],[93.90046,6.84119],[93.90147,6.84052],[93.90256,6.84043],[93.90356,6.84077],[93.90432,6.84119],[93.90583,6.84102],[93.90725,6.84001],[93.90834,6.83942],[93.90917,6.83825],[93.90976,6.83758],[93.91043,6.83615],[93.91042,6.83595],[93.91034,6.83465],[93.91034,6.83314],[93.90975,6.83197],[93.90903,6.83068],[93.90809,6.82945],[93.90708,6.82803],[93.90624,6.82719],[93.90596,6.82691],[93.90522,6.82544],[93.90463,6.82452],[93.90421,6.82385],[93.90379,6.82352],[93.90329,6.82293],[93.90278,6.82218],[93.90237,6.82176],[93.90195,6.82126],[93.90178,6.82084],[93.90144,6.82042],[93.90144,6.81967],[93.90144,6.81925],[93.90186,6.81858],[93.90236,6.81766],[93.90278,6.81657],[93.90278,6.81642],[93.90278,6.81621],[93.90278,6.81548],[93.90277,6.81473],[93.9027,6.81463],[93.90236,6.81414],[93.90177,6.81397],[93.90127,6.81356],[93.90051,6.81314],[93.90001,6.81272],[93.89976,6.8118],[93.89883,6.80989],[93.89849,6.80921],[93.8974,6.80711],[93.89682,6.80661],[93.89623,6.80603],[93.89547,6.80553],[93.89472,6.80511],[93.89363,6.80486],[93.89288,6.80486],[93.89221,6.80511],[93.89162,6.80528],[93.8907,6.80553],[93.8896,6.80553],[93.88953,6.80553],[93.88949,6.80551],[93.88894,6.8052],[93.88864,6.8046],[93.8886,6.80453],[93.8886,6.8045],[93.88852,6.80361],[93.88803,6.80094],[93.88801,6.80085],[93.88734,6.79842],[93.88692,6.79792],[93.88642,6.7975],[93.88549,6.79675],[93.88499,6.79633],[93.88407,6.79625],[93.88365,6.79583],[93.88239,6.79491],[93.88214,6.79466],[93.8813,6.79474],[93.88123,6.79488],[93.88105,6.79524],[93.88105,6.79591],[93.8808,6.79633],[93.88055,6.79667],[93.88022,6.79717],[93.87997,6.79784],[93.87988,6.79918],[93.87989,6.80035],[93.87989,6.80144],[93.8798,6.80236],[93.87955,6.8032],[93.87914,6.80379],[93.87855,6.80454],[93.87847,6.80496],[93.87771,6.80572],[93.87713,6.80597],[93.87621,6.80656],[93.87596,6.80706],[93.87579,6.80756],[93.87504,6.80815],[93.87445,6.80907],[93.87387,6.80966],[93.87328,6.81024],[93.87328,6.81058],[93.87322,6.81082],[93.87271,6.81145],[93.87267,6.81165],[93.87236,6.81175],[93.87203,6.812],[93.87161,6.81242],[93.87111,6.81276],[93.8706,6.81343],[93.86993,6.81402],[93.86977,6.81435],[93.86977,6.81502],[93.86952,6.81569],[93.86927,6.81619],[93.86876,6.81645],[93.86801,6.81653],[93.86575,6.81704],[93.86449,6.81704],[93.86332,6.81704],[93.86173,6.81704],[93.86055,6.81696],[93.85921,6.81663],[93.85804,6.81596],[93.85703,6.81587],[93.8562,6.81588],[93.85486,6.81588],[93.8541,6.81588],[93.85285,6.81546],[93.85185,6.81518],[93.85184,6.81504],[93.85175,6.81379],[93.85083,6.8127],[93.84999,6.8117],[93.84907,6.81061],[93.84848,6.81037],[93.84848,6.81011],[93.84848,6.80927],[93.84848,6.8081],[93.84848,6.80743],[93.84814,6.80651],[93.84807,6.80626],[93.84781,6.80534],[93.84722,6.80375],[93.8468,6.80308],[93.84655,6.80282],[93.84604,6.80224],[93.84579,6.80149],[93.84587,6.80073],[93.84594,6.80053],[93.84612,6.79998],[93.84646,6.79939],[93.84679,6.79889],[93.84679,6.79839],[93.84713,6.79763],[93.84713,6.79713],[93.84713,6.79638],[93.84712,6.79596],[93.84729,6.79512],[93.84763,6.79445],[93.84788,6.79403],[93.84813,6.79344],[93.84838,6.79286],[93.84863,6.79236],[93.84888,6.7916],[93.84888,6.79102],[93.84863,6.7906],[93.84837,6.79018],[93.84812,6.78984],[93.84753,6.78901],[93.84736,6.78869],[93.84712,6.78825],[93.84686,6.78742],[93.84686,6.78658],[93.84686,6.786],[93.84685,6.7858],[93.8467,6.78377],[93.84658,6.78247],[93.84677,6.78206],[93.84677,6.78139],[93.84635,6.7798],[93.84576,6.77804],[93.84442,6.77653],[93.84299,6.77545],[93.8414,6.77377],[93.84014,6.77227],[93.83947,6.77101],[93.83905,6.77018],[93.83897,6.76959],[93.83897,6.76909],[93.83838,6.76691],[93.83762,6.7644],[93.83737,6.76323],[93.83703,6.76047],[93.83644,6.75879],[93.83552,6.75754],[93.8351,6.75703],[93.83376,6.75653],[93.833,6.75662],[93.83259,6.75695],[93.83175,6.75712],[93.83099,6.75712],[93.83041,6.75671],[93.82923,6.75595],[93.8284,6.75595],[93.82697,6.75604],[93.82538,6.75663],[93.82412,6.75696],[93.82337,6.75696],[93.82211,6.7568],[93.81952,6.75747],[93.81726,6.75865],[93.81533,6.75957],[93.81441,6.75982],[93.81332,6.76041],[93.81232,6.76091],[93.81173,6.76108],[93.81106,6.76167],[93.81056,6.76234],[93.81056,6.76267],[93.80989,6.76334],[93.80914,6.76368],[93.8083,6.76376],[93.80755,6.76385],[93.80704,6.76385],[93.80654,6.7646],[93.80571,6.76553],[93.80512,6.76628],[93.80495,6.76687],[93.80445,6.76812],[93.80454,6.76888],[93.80462,6.76971],[93.80487,6.77114],[93.80563,6.77197],[93.80588,6.77256],[93.80622,6.77331],[93.80697,6.77432],[93.80781,6.77482],[93.80831,6.77482],[93.8089,6.77482],[93.80957,6.77498],[93.80974,6.77515],[93.81007,6.77549],[93.81041,6.77599],[93.81074,6.77649],[93.81091,6.77716],[93.8115,6.77741],[93.812,6.77749],[93.81242,6.77774],[93.81259,6.778],[93.81351,6.779],[93.8136,6.77967],[93.8136,6.78026],[93.8136,6.78076],[93.81351,6.78134],[93.81351,6.7814],[93.81301,6.78143],[93.81251,6.7816],[93.81176,6.78193],[93.81109,6.78235],[93.81067,6.78277],[93.80966,6.78369],[93.80916,6.78445],[93.80841,6.78545],[93.80791,6.78654],[93.80808,6.78805],[93.80875,6.78863],[93.80892,6.7893],[93.80892,6.78981],[93.80909,6.79056],[93.80967,6.79115],[93.81034,6.79173],[93.8111,6.7919],[93.81135,6.79215],[93.81236,6.79307],[93.81252,6.79416],[93.81253,6.79491],[93.81244,6.79566],[93.81194,6.7965],[93.81119,6.79692],[93.81027,6.79726],[93.80918,6.79776],[93.80876,6.79835],[93.80868,6.7991],[93.80884,6.80002],[93.80893,6.80094],[93.80935,6.8022],[93.80977,6.80329],[93.80986,6.80421],[93.80935,6.80496],[93.80927,6.80538],[93.8086,6.80655],[93.8086,6.80722],[93.80869,6.80789],[93.80978,6.80806],[93.81045,6.80764],[93.8112,6.80731],[93.81229,6.80756],[93.81304,6.80797],[93.81388,6.80881],[93.81439,6.80956],[93.81472,6.81015],[93.81539,6.81065],[93.81598,6.81124],[93.8164,6.81207],[93.8164,6.81299],[93.81632,6.81408],[93.81607,6.81475],[93.81607,6.81542],[93.81607,6.81609],[93.81607,6.81659],[93.81599,6.81718],[93.81582,6.81768],[93.81523,6.81835],[93.81406,6.81877],[93.81322,6.81903],[93.81205,6.81903],[93.81113,6.81886],[93.81054,6.81853],[93.80979,6.81794],[93.80912,6.81719],[93.8087,6.81627],[93.80853,6.81543],[93.80786,6.81485],[93.8071,6.81418],[93.80618,6.81351],[93.80526,6.81342],[93.80442,6.81343],[93.8035,6.81359],[93.80291,6.81385],[93.80241,6.81418],[93.80166,6.81477],[93.80164,6.815],[93.80141,6.81552],[93.80124,6.81569],[93.80074,6.81619],[93.79998,6.8167],[93.79965,6.81712],[93.79898,6.81795],[93.79831,6.81854],[93.79772,6.81921],[93.79706,6.8203],[93.79706,6.82122],[93.79706,6.82231],[93.79672,6.82281],[93.79614,6.82332],[93.79572,6.82374],[93.79547,6.82441],[93.79539,6.82508],[93.79488,6.82583],[93.79438,6.82642],[93.79363,6.82675],[93.79304,6.82717],[93.79246,6.82751],[93.79187,6.82801],[93.79137,6.8286],[93.79053,6.82944],[93.78961,6.82969],[93.78827,6.83028],[93.78743,6.83078],[93.7871,6.83204],[93.78693,6.83312],[93.78668,6.83421],[93.78668,6.8353],[93.78669,6.83698],[93.78669,6.8379],[93.78727,6.83865],[93.78769,6.83907],[93.7882,6.83982],[93.7882,6.84058],[93.7882,6.84116],[93.7882,6.84192],[93.78828,6.84267],[93.78854,6.84342],[93.78912,6.84392],[93.78963,6.84367],[93.79038,6.8435],[93.79071,6.84367],[93.79113,6.84417],[93.79164,6.84493],[93.79214,6.84551],[93.79239,6.84601],[93.79256,6.8466],[93.7929,6.84702],[93.79323,6.84735],[93.79382,6.84777],[93.79441,6.84819],[93.79457,6.84886],[93.79499,6.84936],[93.79516,6.85011],[93.79525,6.85078],[93.79525,6.85154],[93.79466,6.85187],[93.79366,6.85246],[93.79282,6.85246],[93.79223,6.85229],[93.79156,6.85196],[93.79106,6.85146],[93.79072,6.85087],[93.79014,6.85037],[93.78947,6.8502],[93.78879,6.84953],[93.78837,6.84878],[93.78804,6.8482],[93.78737,6.84795],[93.78687,6.84836],[93.78662,6.84878],[93.78628,6.84912],[93.78578,6.84945],[93.78553,6.84979],[93.78553,6.85021],[93.78586,6.85071],[93.78628,6.85071],[93.78695,6.85096],[93.78729,6.85146],[93.78712,6.85213],[93.78721,6.85272],[93.78788,6.85297],[93.78846,6.85255],[93.78947,6.85255],[93.79039,6.85313],[93.79131,6.85372],[93.79131,6.85464],[93.79065,6.85623],[93.78998,6.85715],[93.78947,6.85766],[93.7888,6.85799],[93.78797,6.85808],[93.78746,6.85799],[93.78704,6.85699],[93.78671,6.8564],[93.78553,6.8559],[93.78478,6.85599],[93.78294,6.85607],[93.78243,6.85632],[93.78151,6.85666],[93.78051,6.85783],[93.77934,6.85901],[93.77867,6.85993],[93.77842,6.86093],[93.778,6.86177],[93.77716,6.86336],[93.77633,6.8642],[93.77549,6.86479],[93.77449,6.86554],[93.77356,6.86638],[93.77348,6.86714],[93.77407,6.86764],[93.77474,6.86831],[93.77549,6.86906],[93.77575,6.8704],[93.77592,6.87115],[93.77592,6.87166],[93.77541,6.87266],[93.775,6.87358],[93.77483,6.87425],[93.77399,6.87534],[93.77316,6.8761],[93.77207,6.87677],[93.77207,6.87744],[93.77257,6.87777],[93.774,6.87861],[93.77542,6.87911],[93.77618,6.87961],[93.77693,6.88028],[93.77769,6.88061],[93.77861,6.88061],[93.77911,6.8807],[93.77961,6.8812],[93.77953,6.88262],[93.77953,6.88304],[93.77903,6.88371],[93.77828,6.88421],[93.77727,6.8848],[93.77585,6.88514],[93.77551,6.88556],[93.77535,6.88631],[93.77535,6.88715],[93.7756,6.8879],[93.77677,6.88857],[93.77786,6.8889],[93.77887,6.88899],[93.77954,6.8894],[93.78038,6.88991],[93.78105,6.89041],[93.78147,6.89116],[93.78155,6.89183],[93.78122,6.89217],[93.78088,6.89225],[93.78063,6.89225],[93.77988,6.89233],[93.77879,6.89225],[93.77778,6.89183],[93.77686,6.892],[93.77619,6.89301],[93.77622,6.8934],[93.77619,6.89343],[93.77535,6.89393],[93.77452,6.89418],[93.77368,6.89443],[93.77209,6.89502],[93.77117,6.89536],[93.76991,6.89561],[93.76832,6.89586],[93.76731,6.89645],[93.76648,6.89746],[93.76673,6.89829],[93.76715,6.8988],[93.76774,6.89963],[93.76782,6.90055],[93.76849,6.90139],[93.76883,6.9024],[93.76833,6.90315],[93.76757,6.90407],[93.76632,6.90483],[93.76565,6.90516],[93.76523,6.90575],[93.76523,6.90633],[93.76489,6.90692],[93.76448,6.90742],[93.76397,6.90835],[93.76397,6.90876],[93.76481,6.90952],[93.7654,6.90943],[93.76565,6.90952],[93.76624,6.9101],[93.76657,6.91086],[93.76658,6.91186],[93.76674,6.91253],[93.76709,6.9131],[93.76683,6.91395],[93.76658,6.91479],[93.76633,6.91554],[93.76574,6.91638],[93.76499,6.91697],[93.76407,6.91705],[93.76289,6.91697],[93.76256,6.91672],[93.76197,6.9163],[93.76147,6.91597],[93.76105,6.91538],[93.7608,6.91488],[93.76038,6.91455],[93.75996,6.91455],[93.75937,6.91455],[93.75879,6.9143],[93.75837,6.91405],[93.75778,6.91329],[93.75702,6.91221],[93.75702,6.91128],[93.75685,6.91053],[93.75635,6.90953],[93.75551,6.90852],[93.75467,6.90827],[93.75325,6.90836],[93.75182,6.90903],[93.7509,6.90962],[93.74998,6.91096],[93.74948,6.91238],[93.74856,6.91372],[93.74823,6.91397],[93.74781,6.91523],[93.74748,6.91674],[93.74731,6.91757],[93.74731,6.91808],[93.74689,6.91908],[93.74622,6.9195],[93.74555,6.92034],[93.74463,6.92118],[93.74413,6.92193],[93.74371,6.92269],[93.74321,6.92319],[93.74279,6.92394],[93.74246,6.92486],[93.74221,6.92587],[93.74221,6.92662],[93.74221,6.92746],[93.74221,6.92796],[93.74263,6.92888],[93.7433,6.9293],[93.74422,6.92972],[93.74489,6.9298],[93.74548,6.9298],[93.74598,6.92947],[93.74623,6.92938],[93.7469,6.92913],[93.74749,6.92896],[93.74849,6.92871],[93.75056,6.92878],[93.75102,6.92908],[93.75178,6.92983],[93.75228,6.93075],[93.75228,6.93193],[93.75228,6.93301],[93.75228,6.9341],[93.7522,6.93544],[93.75229,6.93678],[93.75262,6.93762],[93.75296,6.93967],[93.75263,6.94101],[93.75145,6.94177],[93.75112,6.94294],[93.75162,6.94336],[93.75229,6.94419],[93.75246,6.9452],[93.75238,6.94612],[93.75179,6.94696],[93.75129,6.9478],[93.75087,6.9488],[93.75099,6.9495],[93.75019,6.94964],[93.74944,6.95006],[93.74801,6.95048],[93.74734,6.95132],[93.74709,6.95216],[93.7471,6.95375],[93.74785,6.95467],[93.74844,6.95526],[93.74861,6.95609],[93.74861,6.95676],[93.74827,6.95743],[93.74743,6.95777],[93.74718,6.95861],[93.7471,6.95919],[93.74702,6.96011],[93.74694,6.9612],[93.74677,6.96187],[93.74593,6.96279],[93.74526,6.96321],[93.74434,6.96363],[93.74333,6.96372],[93.74241,6.96322],[93.74149,6.96255],[93.74057,6.96196],[93.73981,6.96146],[93.73914,6.96088],[93.7383,6.96021],[93.73705,6.95971],[93.73604,6.96013],[93.73579,6.9608],[93.73579,6.96188],[93.73579,6.96281],[93.73579,6.96381],[93.73579,6.96515],[93.73554,6.96632],[93.73512,6.96666],[93.73471,6.96657],[93.73404,6.96649],[93.73353,6.96725],[93.73286,6.96783],[93.73228,6.96867],[93.73203,6.96926],[93.73186,6.97018],[93.73178,6.97102],[93.73178,6.97185],[93.73195,6.97261],[93.73253,6.97344],[93.73287,6.97512],[93.73346,6.97629],[93.73346,6.97755],[93.73346,6.97872],[93.73304,6.97989],[93.73187,6.98182],[93.73045,6.98375],[93.72844,6.98651],[93.7261,6.98919],[93.72409,6.99112],[93.71873,6.99372],[93.7173,6.99381],[93.71604,6.99381],[93.71504,6.99373],[93.71361,6.99348],[93.71252,6.99306],[93.71143,6.99222],[93.71026,6.99147],[93.70934,6.99097],[93.70783,6.9908],[93.70674,6.99089],[93.70582,6.99139],[93.70498,6.99181],[93.70439,6.99248],[93.70398,6.99315],[93.70356,6.9939],[93.70356,6.99457],[93.70406,6.99566],[93.70473,6.99633],[93.70493,6.99635],[93.70517,6.9967],[93.70642,6.99746],[93.70669,6.9976],[93.70675,6.99851],[93.70675,6.99918],[93.70675,7.00052],[93.70658,7.00152],[93.70608,7.00219],[93.70491,7.00437],[93.70457,7.00554],[93.70424,7.00655],[93.70332,7.00839],[93.70148,7.01065],[93.70014,7.01183],[93.69855,7.013],[93.69587,7.01459],[93.69411,7.01552],[93.69226,7.01644],[93.69067,7.0172],[93.68908,7.01745],[93.68757,7.01778],[93.68522,7.01804],[93.68372,7.01821],[93.68187,7.01804],[93.68053,7.01746],[93.67927,7.01704],[93.67785,7.01612],[93.67726,7.01503],[93.67726,7.01361],[93.67726,7.01269],[93.67667,7.01168],[93.67625,7.01076],[93.67533,7.00858],[93.67491,7.00766],[93.67491,7.00641],[93.67482,7.0054],[93.67465,7.00431],[93.67398,7.00356],[93.67222,7.00306],[93.67063,7.00306],[93.6692,7.00306],[93.66753,7.00332],[93.66644,7.00348],[93.6656,7.00374],[93.66485,7.00441],[93.66351,7.0055],[93.66334,7.00667],[93.66334,7.00776],[93.66418,7.00952],[93.66527,7.01044],[93.66644,7.01094],[93.66707,7.01094],[93.66772,7.01118],[93.66964,7.01168],[93.67075,7.01256],[93.67072,7.01336],[93.67072,7.01412],[93.67064,7.01495],[93.67056,7.01596],[93.67056,7.0168],[93.67047,7.0178],[93.67031,7.01855],[93.67022,7.01931],[93.67064,7.02014],[93.67131,7.02081],[93.67224,7.02115],[93.67299,7.02148],[93.67375,7.02157],[93.674,7.0219],[93.67425,7.02265],[93.67425,7.02332],[93.67408,7.02424],[93.67383,7.02492],[93.67299,7.0255],[93.67232,7.02584],[93.67132,7.02634],[93.67082,7.02676],[93.66973,7.02793],[93.66931,7.02877],[93.66931,7.02978],[93.67015,7.03128],[93.67099,7.03178],[93.67174,7.03203],[93.67241,7.03279],[93.67288,7.03334],[93.67309,7.03421],[93.67309,7.0353],[93.673,7.03639],[93.67284,7.03714],[93.672,7.03773],[93.67167,7.03832],[93.671,7.03882],[93.67016,7.03957],[93.66957,7.03991],[93.66865,7.04024],[93.66764,7.04066],[93.66744,7.04075],[93.66681,7.041],[93.66597,7.04125],[93.66505,7.04192],[93.66471,7.04301],[93.66471,7.04368],[93.66497,7.04494],[93.66497,7.04611],[93.66488,7.04703],[93.6648,7.04778],[93.66497,7.04862],[93.66547,7.04996],[93.66606,7.05088],[93.66673,7.05214],[93.66724,7.05348],[93.66791,7.05482],[93.66799,7.0559],[93.66799,7.05691],[93.66791,7.05791],[93.66791,7.05909],[93.668,7.06001],[93.6685,7.06101],[93.6685,7.06202],[93.66842,7.0626],[93.66833,7.06302],[93.6685,7.06361],[93.66876,7.06461],[93.66876,7.0652],[93.66867,7.06604],[93.66825,7.06662],[93.66716,7.06721],[93.66608,7.06721],[93.66507,7.06721],[93.66348,7.06721],[93.66277,7.06729],[93.66256,7.06813],[93.66256,7.06906],[93.66256,7.06938],[93.66256,7.07023],[93.66273,7.07106],[93.66306,7.07199],[93.66357,7.07316],[93.66399,7.07391],[93.66457,7.07458],[93.66499,7.07517],[93.66566,7.076],[93.66617,7.07659],[93.66684,7.07717],[93.66751,7.07793],[93.6677,7.07804],[93.66818,7.07835],[93.66902,7.07893],[93.66977,7.0796],[93.66986,7.07989],[93.67011,7.08077],[93.67003,7.08194],[93.66986,7.08295],[93.66969,7.08395],[93.66949,7.08431],[93.66928,7.08446],[93.66886,7.08488],[93.66877,7.08496],[93.66827,7.08546],[93.66768,7.08597],[93.66727,7.0863],[93.66704,7.08632],[93.66623,7.0864],[93.66618,7.08639],[93.66559,7.08614],[93.66483,7.08588],[93.66349,7.08522],[93.66165,7.08505],[93.66031,7.08581],[93.66014,7.08631],[93.66014,7.08674],[93.66014,7.08698],[93.66056,7.08807],[93.6606,7.08847],[93.66065,7.08899],[93.6604,7.09016],[93.65998,7.09083],[93.65922,7.0915],[93.65839,7.09217],[93.65809,7.09266],[93.65788,7.09301],[93.65772,7.09393],[93.65772,7.09485],[93.65772,7.09594],[93.6578,7.09703],[93.6578,7.09879],[93.65806,7.10004],[93.65831,7.1008],[93.65872,7.10141],[93.65898,7.1018],[93.65909,7.10195],[93.65888,7.10254],[93.65963,7.10371],[93.66005,7.10404],[93.66064,7.10438],[93.66131,7.10471],[93.66273,7.10471],[93.66382,7.10454],[93.66449,7.10437],[93.6655,7.10421],[93.66562,7.10385],[93.66567,7.1037],[93.66567,7.10354],[93.66617,7.1032],[93.66634,7.10337],[93.66651,7.10404],[93.66658,7.10433],[93.6667,7.10439],[93.66795,7.10556],[93.66871,7.10715],[93.66988,7.10782],[93.67198,7.10874],[93.67357,7.10983],[93.67458,7.111],[93.67475,7.11359],[93.67366,7.11435],[93.67316,7.1146],[93.67312,7.11495],[93.6728,7.11492],[93.67188,7.11559],[93.67138,7.11609],[93.67063,7.11634],[93.67004,7.11634],[93.66895,7.11634],[93.66836,7.11685],[93.66811,7.1171],[93.66752,7.11718],[93.66702,7.1171],[93.66668,7.11635],[93.66668,7.11543],[93.66652,7.11501],[93.66601,7.11459],[93.66526,7.11451],[93.6645,7.11434],[93.66417,7.11342],[93.66408,7.11283],[93.66375,7.11233],[93.66333,7.11191],[93.66249,7.11166],[93.66157,7.11158],[93.66073,7.11191],[93.65964,7.11233],[93.65889,7.11233],[93.6583,7.11284],[93.65771,7.11342],[93.65679,7.11493],[93.65637,7.11703],[93.65613,7.12599],[93.65622,7.12674],[93.65663,7.12716],[93.65722,7.128],[93.65773,7.12875],[93.65831,7.12925],[93.65974,7.12958],[93.66016,7.12958],[93.66125,7.12958],[93.66242,7.12958],[93.66309,7.12958],[93.66385,7.12958],[93.6642,7.12993],[93.66415,7.12992],[93.66437,7.13043],[93.66479,7.13077],[93.66538,7.13144],[93.66605,7.13227],[93.66655,7.13286],[93.66706,7.1337],[93.66706,7.13453],[93.66706,7.13529],[93.66706,7.13571],[93.66706,7.13621],[93.66706,7.13747],[93.66731,7.13872],[93.66748,7.13906],[93.66751,7.13908],[93.66832,7.13981],[93.66924,7.13981],[93.67016,7.13922],[93.6705,7.13889],[93.67125,7.1383],[93.67192,7.13788],[93.67292,7.13767],[93.6741,7.13806],[93.67444,7.13846],[93.67545,7.13922],[93.67595,7.13997],[93.67645,7.14081],[93.67687,7.14173],[93.67755,7.14315],[93.6778,7.14457],[93.67822,7.14633],[93.67881,7.14842],[93.67881,7.1496],[93.67881,7.15169],[93.67881,7.15278],[93.67881,7.15395],[93.67881,7.15512],[93.67856,7.15638],[93.67789,7.1578],[93.67689,7.15822],[93.67625,7.15891],[93.67588,7.15931],[93.67547,7.1604],[93.67513,7.16174],[93.67505,7.16308],[93.67513,7.16409],[93.67539,7.16534],[93.67556,7.16693],[93.67564,7.16811],[93.67598,7.16894],[93.67615,7.17028],[93.67607,7.17116],[93.67604,7.17119],[93.67604,7.17124],[93.67604,7.17142],[93.67604,7.17228],[93.67604,7.17295],[93.67588,7.17353],[93.67487,7.1747],[93.67437,7.17521],[93.67403,7.17563],[93.67412,7.17596],[93.67445,7.1763],[93.67529,7.17705],[93.67536,7.17709],[93.67613,7.17755],[93.6768,7.17814],[93.67739,7.17864],[93.67773,7.17914],[93.67814,7.17939],[93.67882,7.17981],[93.67982,7.18048],[93.68041,7.18106],[93.68117,7.18173],[93.68184,7.1824],[93.68259,7.18282],[93.68318,7.18315],[93.6836,7.18332],[93.68419,7.18382],[93.68427,7.18416],[93.68427,7.18558],[93.68478,7.18684],[93.68536,7.18793],[93.68595,7.18876],[93.68645,7.18943],[93.68696,7.18968],[93.68738,7.18985],[93.68813,7.19027],[93.6883,7.19035],[93.6888,7.1906],[93.68931,7.19069],[93.68981,7.19068],[93.68989,7.19068],[93.69048,7.19077],[93.69124,7.19085],[93.69135,7.19097],[93.69157,7.19119],[93.69174,7.19169],[93.69208,7.19202],[93.69249,7.19211],[93.69275,7.19211],[93.69316,7.1916],[93.69375,7.19035],[93.69442,7.19001],[93.69453,7.18988],[93.69474,7.18988],[93.69528,7.19011],[93.69604,7.19011],[93.69738,7.18952],[93.69813,7.18902],[93.69956,7.18885],[93.70081,7.1886],[93.70199,7.18843],[93.70246,7.18838],[93.70391,7.1905],[93.70448,7.19075],[93.70566,7.19117],[93.70675,7.19167],[93.70733,7.19167],[93.70759,7.19173],[93.70762,7.19173],[93.70792,7.19152],[93.70861,7.19152],[93.71054,7.19152],[93.71172,7.19152],[93.71314,7.19185],[93.71423,7.19185],[93.71566,7.19143],[93.71584,7.19127],[93.71624,7.19093],[93.71624,7.19034],[93.71658,7.18908],[93.71733,7.18825],[93.71787,7.18785],[93.71951,7.18665],[93.72008,7.1864],[93.72085,7.18607],[93.72194,7.18565],[93.72278,7.18506],[93.72387,7.18464],[93.72529,7.18422],[93.72697,7.1843],[93.7289,7.18447],[93.72906,7.18505],[93.72898,7.18581],[93.72915,7.18639],[93.72919,7.18648],[93.7295,7.18651],[93.73042,7.18643],[93.73193,7.18668],[93.73302,7.18668],[93.73411,7.18718],[93.73428,7.18725],[93.73545,7.18776],[93.73652,7.18896],[93.7368,7.18927],[93.73772,7.1901],[93.73864,7.19069],[93.73906,7.19144],[93.73999,7.19278],[93.74016,7.19387],[93.74141,7.19437],[93.74209,7.19554],[93.74326,7.19697],[93.74354,7.19728],[93.74393,7.19772],[93.7446,7.19847],[93.74544,7.20031],[93.7462,7.20073],[93.74779,7.20098],[93.74846,7.20131],[93.75031,7.20223],[93.75115,7.20332],[93.75232,7.20273],[93.75283,7.20231],[93.75316,7.20148],[93.75291,7.20081],[93.75173,7.20114],[93.75039,7.20106],[93.74947,7.20031],[93.74897,7.19964],[93.74787,7.19897],[93.74787,7.19813],[93.7479,7.19793],[93.74796,7.19738],[93.74947,7.19721],[93.74989,7.19805],[93.74989,7.19805],[93.75022,7.19905],[93.75114,7.19939],[93.75265,7.19913],[93.75374,7.19854],[93.75416,7.19746],[93.75466,7.19712],[93.75617,7.19854],[93.7566,7.19988],[93.75634,7.20047],[93.75576,7.20164],[93.75576,7.20239],[93.75592,7.20304],[93.75593,7.20306],[93.75534,7.20365],[93.75522,7.20393],[93.75501,7.20441],[93.75568,7.20524],[93.75509,7.206],[93.75425,7.20549],[93.75325,7.20558],[93.753,7.20633],[93.75191,7.2065],[93.75157,7.20692],[93.75208,7.20784],[93.75325,7.20851],[93.75417,7.20935],[93.75451,7.21018],[93.75518,7.21152],[93.75569,7.21161],[93.7563,7.21165],[93.75694,7.21169],[93.75787,7.21236],[93.75796,7.21256],[93.7582,7.21311],[93.75851,7.21314],[93.75911,7.21374],[93.75995,7.21433],[93.76027,7.21439],[93.76037,7.21441],[93.76129,7.21441],[93.76193,7.21412],[93.76205,7.21407],[93.7628,7.21374],[93.76356,7.21365],[93.76378,7.21366],[93.76515,7.21373],[93.7659,7.21398],[93.76638,7.21398],[93.76674,7.21398],[93.76716,7.21356],[93.76716,7.21315],[93.76641,7.21248],[93.76532,7.21223],[93.76448,7.21156],[93.76422,7.2108],[93.76439,7.20972],[93.76458,7.20934],[93.76489,7.20871],[93.76515,7.20859],[93.76573,7.20832],[93.76632,7.20804],[93.76635,7.20803],[93.76816,7.20745],[93.76822,7.20743],[93.76975,7.20695],[93.77004,7.20687],[93.77076,7.20669],[93.77235,7.20686],[93.77369,7.20703],[93.77512,7.20753],[93.7763,7.20803],[93.77713,7.20861],[93.77747,7.2097],[93.77747,7.21045],[93.77714,7.21079],[93.77697,7.21171],[93.77705,7.21176],[93.77739,7.21196],[93.77806,7.21238],[93.77834,7.21238],[93.77882,7.21238],[93.77982,7.21238],[93.78074,7.21271],[93.78066,7.21355],[93.78133,7.21422],[93.78335,7.21489],[93.78419,7.21539],[93.78544,7.21555],[93.78662,7.21522],[93.78695,7.2148],[93.78695,7.21396],[93.78695,7.21296],[93.7867,7.21195],[93.78691,7.2108],[93.78695,7.21061],[93.78795,7.21028],[93.78879,7.21036],[93.78963,7.21061],[93.7903,7.21103],[93.79073,7.21158],[93.79089,7.21178],[93.79164,7.2127],[93.79232,7.2132],[93.79315,7.21312],[93.79399,7.2127],[93.79449,7.21211],[93.79525,7.21085],[93.79609,7.21035],[93.79667,7.21001],[93.79708,7.20949],[93.79726,7.20926],[93.79726,7.20867],[93.79709,7.20775],[93.79767,7.20666],[93.79868,7.20591],[93.79943,7.20499],[93.80044,7.20482],[93.80069,7.2054],[93.80069,7.20582],[93.80106,7.2064],[93.80111,7.20649],[93.80129,7.20643],[93.80187,7.20624],[93.80203,7.20582],[93.80203,7.20534],[93.80203,7.2049],[93.8017,7.20423],[93.80169,7.20314],[93.80253,7.20264],[93.80312,7.20289],[93.80337,7.20347],[93.8035,7.2036],[93.80362,7.20372],[93.80404,7.20347],[93.80437,7.20327],[93.80471,7.20305],[93.80488,7.20316],[93.80496,7.20322],[93.80488,7.20414],[93.80497,7.20531],[93.80505,7.20649],[93.80505,7.20783],[93.80472,7.20858],[93.80388,7.20917],[93.80313,7.21017],[93.80338,7.21143],[93.8038,7.21201],[93.8043,7.2121],[93.80498,7.2121],[93.80537,7.2121],[93.80541,7.2118],[93.80625,7.21071],[93.807,7.21004],[93.80775,7.20962],[93.80901,7.2097],[93.80901,7.21071],[93.80843,7.2118],[93.80843,7.21247],[93.80927,7.21246],[93.81002,7.21196],[93.81052,7.21305],[93.81145,7.21305],[93.81245,7.21263],[93.81295,7.21137],[93.81346,7.21187],[93.81354,7.2133],[93.81279,7.2143],[93.81178,7.21514],[93.81128,7.21539],[93.81019,7.21573],[93.80944,7.21606],[93.80885,7.21573],[93.8081,7.21548],[93.80734,7.21649],[93.80692,7.21724],[93.80709,7.21816],[93.80676,7.21892],[93.80676,7.2195],[93.80718,7.22],[93.80768,7.21942],[93.80894,7.21849],[93.81003,7.21933],[93.81037,7.22],[93.81154,7.21991],[93.81221,7.22033],[93.81196,7.22117],[93.81095,7.22159],[93.81054,7.22167],[93.8097,7.22201],[93.80953,7.22327],[93.80953,7.22394],[93.80953,7.22528],[93.80945,7.22636],[93.80962,7.22729],[93.80987,7.2276],[93.80994,7.22792],[93.80986,7.22875],[93.80936,7.22901],[93.8086,7.22926],[93.80743,7.22926],[93.80676,7.22876],[93.80667,7.22817],[93.8065,7.22759],[93.80583,7.22717],[93.80567,7.22767],[93.80567,7.22817],[93.80575,7.22935],[93.80584,7.22968],[93.80584,7.23018],[93.80584,7.23069],[93.80567,7.2311],[93.80567,7.23186],[93.80609,7.23253],[93.80633,7.23263],[93.80668,7.23278],[93.80719,7.23278],[93.80794,7.23278],[93.80911,7.23261],[93.80986,7.23202],[93.81079,7.23168],[93.81188,7.2316],[93.81214,7.23167],[93.81313,7.23193],[93.81426,7.23255],[93.81464,7.23277],[93.81607,7.23369],[93.81725,7.23444],[93.81743,7.23455],[93.81808,7.23494],[93.81867,7.23544],[93.81909,7.23611],[93.81998,7.23673],[93.82018,7.23686],[93.82119,7.23745],[93.82211,7.23745],[93.8232,7.23745],[93.82454,7.23744],[93.82572,7.23778],[93.82664,7.23828],[93.82765,7.23845],[93.82849,7.23836],[93.82857,7.23777],[93.82857,7.2371],[93.82882,7.23677],[93.82983,7.2371],[93.83033,7.2376],[93.83167,7.23794],[93.83243,7.23827],[93.8336,7.23877],[93.83461,7.23911],[93.83553,7.23927],[93.836,7.23927],[93.83603,7.23927],[93.83662,7.23927],[93.83703,7.23927],[93.83712,7.23927],[93.8378,7.23935],[93.8378,7.2396],[93.83729,7.24028],[93.83671,7.24111],[93.83687,7.24198],[93.83688,7.24203],[93.83729,7.24224],[93.83788,7.24254],[93.83923,7.24253],[93.84057,7.24245],[93.84174,7.24169],[93.84241,7.24102],[93.84325,7.2406],[93.84442,7.24043],[93.84543,7.24068],[93.84602,7.24152],[93.84644,7.24227],[93.84644,7.24303],[93.84669,7.24395],[93.84694,7.24445],[93.84778,7.24487],[93.8487,7.24478],[93.84946,7.24428],[93.84946,7.24294],[93.84904,7.24202],[93.84861,7.2411],[93.84861,7.24051]]],[[[93.38998,8.01991],[93.39108,8.0197],[93.392,8.0197],[93.39276,8.01944],[93.39293,8.01886],[93.39368,8.01877],[93.39503,8.01852],[93.39585,8.01834],[93.39687,8.0181],[93.3983,8.01718],[93.39931,8.01626],[93.40032,8.01551],[93.40057,8.01492],[93.40082,8.01458],[93.40124,8.01408],[93.40166,8.01333],[93.40166,8.01285],[93.40166,8.01274],[93.40292,8.01215],[93.40443,8.01148],[93.4057,8.01083],[93.40636,8.01048],[93.40737,8.00989],[93.40788,8.00897],[93.40863,8.00771],[93.4088,8.00713],[93.40905,8.00637],[93.40897,8.00587],[93.40754,8.00579],[93.40653,8.00512],[93.40642,8.00499],[93.40561,8.00403],[93.40519,8.00311],[93.40468,8.00252],[93.40443,8.0011],[93.40401,8.00026],[93.40334,7.99884],[93.40334,7.99767],[93.40317,7.99641],[93.403,7.99549],[93.40275,7.99432],[93.40249,7.99357],[93.40291,7.99231],[93.40316,7.99022],[93.40316,7.98904],[93.40322,7.9887],[93.4035,7.98703],[93.404,7.98578],[93.40407,7.98499],[93.40409,7.98486],[93.40417,7.98402],[93.40417,7.98396],[93.40446,7.98375],[93.40446,7.98312],[93.40446,7.98292],[93.40442,7.98229],[93.40426,7.98178],[93.40406,7.98131],[93.40371,7.98096],[93.40339,7.98072],[93.40288,7.98045],[93.40264,7.98001],[93.40244,7.97958],[93.40217,7.97876],[93.40213,7.97793],[93.40217,7.97722],[93.40236,7.97643],[93.40248,7.97577],[93.40252,7.97522],[93.40236,7.97474],[93.40193,7.97431],[93.4013,7.97415],[93.40071,7.97415],[93.40015,7.97415],[93.39925,7.97412],[93.39818,7.97412],[93.39803,7.97408],[93.39704,7.97384],[93.39676,7.97353],[93.39644,7.97258],[93.39613,7.97176],[93.39609,7.97046],[93.39628,7.96948],[93.39684,7.96869],[93.39755,7.96786],[93.39834,7.96747],[93.39916,7.96715],[93.40019,7.96656],[93.40082,7.96629],[93.40193,7.96613],[93.40252,7.96613],[93.40366,7.96589],[93.40484,7.96542],[93.40544,7.96518],[93.40607,7.96487],[93.40682,7.96491],[93.40753,7.96526],[93.40804,7.9655],[93.40875,7.96546],[93.40926,7.96487],[93.40942,7.964],[93.4097,7.96329],[93.41025,7.96274],[93.41094,7.96229],[93.41096,7.96227],[93.41183,7.96196],[93.41277,7.96144],[93.41356,7.9607],[93.41455,7.95999],[93.41498,7.95967],[93.41534,7.95936],[93.41601,7.95912],[93.41672,7.95908],[93.41751,7.959],[93.41869,7.95904],[93.41956,7.95916],[93.42074,7.95947],[93.42173,7.95979],[93.42276,7.9603],[93.42339,7.96077],[93.42398,7.96132],[93.42445,7.96161],[93.42473,7.96254],[93.42501,7.96313],[93.42544,7.9636],[93.4258,7.96381],[93.42611,7.964],[93.4271,7.96514],[93.42761,7.96557],[93.42816,7.96592],[93.42891,7.96592],[93.42986,7.96616],[93.43049,7.96631],[93.43116,7.96643],[93.43183,7.9664],[93.43207,7.96639],[93.43286,7.96596],[93.43294,7.96509],[93.43353,7.9638],[93.434,7.96285],[93.43436,7.96191],[93.43463,7.96081],[93.43467,7.9601],[93.43475,7.95931],[93.43495,7.9586],[93.43538,7.95786],[93.43558,7.95734],[93.43581,7.95691],[93.43608,7.9564],[93.43641,7.9562],[93.43708,7.95577],[93.43767,7.95549],[93.43818,7.95522],[93.43854,7.95498],[93.43857,7.95493],[93.43893,7.95491],[93.44045,7.95424],[93.44067,7.95396],[93.44114,7.95392],[93.44189,7.95349],[93.4428,7.95298],[93.44362,7.95246],[93.44481,7.95152],[93.44532,7.95101],[93.44579,7.9503],[93.44638,7.94951],[93.44678,7.94888],[93.44709,7.9481],[93.44757,7.94735],[93.44804,7.94676],[93.44879,7.94609],[93.44918,7.94558],[93.44962,7.94526],[93.45005,7.94467],[93.45028,7.94413],[93.45043,7.94398],[93.45155,7.94345],[93.4534,7.94251],[93.45439,7.94184],[93.45534,7.94137],[93.45589,7.94085],[93.45632,7.94038],[93.4568,7.94007],[93.45681,7.94002],[93.45724,7.93982],[93.45934,7.93823],[93.45954,7.93798],[93.45983,7.93782],[93.46058,7.93704],[93.4618,7.93586],[93.46287,7.93444],[93.46307,7.93377],[93.4631,7.93335],[93.46346,7.93294],[93.46413,7.93172],[93.46425,7.93129],[93.46474,7.9301],[93.46492,7.92995],[93.46575,7.92787],[93.46614,7.92559],[93.46641,7.9246],[93.46649,7.92331],[93.46653,7.92118],[93.46633,7.91992],[93.46621,7.91906],[93.46606,7.91678],[93.46609,7.91564],[93.46609,7.91469],[93.46649,7.91387],[93.467,7.91312],[93.46739,7.91225],[93.46787,7.91147],[93.46846,7.91068],[93.46905,7.91001],[93.4696,7.90938],[93.4698,7.90875],[93.47011,7.908],[93.47007,7.90765],[93.46996,7.90722],[93.46996,7.90674],[93.47027,7.90643],[93.47051,7.90576],[93.47059,7.90497],[93.47098,7.90399],[93.47122,7.90269],[93.47118,7.90202],[93.47141,7.90139],[93.47189,7.90073],[93.47228,7.90017],[93.47259,7.89939],[93.47303,7.89852],[93.4735,7.89762],[93.47362,7.89691],[93.47362,7.89652],[93.4738,7.89584],[93.47401,7.89502],[93.47425,7.89463],[93.4744,7.89462],[93.4746,7.89431],[93.47492,7.89372],[93.47492,7.89313],[93.4748,7.89254],[93.47362,7.89164],[93.4733,7.89125],[93.47294,7.89058],[93.47255,7.88983],[93.472,7.8894],[93.47176,7.88873],[93.47164,7.88794],[93.4716,7.88735],[93.47152,7.88676],[93.47136,7.88605],[93.47097,7.88558],[93.47097,7.88507],[93.47109,7.88421],[93.47093,7.88346],[93.47057,7.88307],[93.47002,7.88283],[93.46935,7.88193],[93.46903,7.88122],[93.46856,7.88055],[93.46801,7.87992],[93.46761,7.87976],[93.46718,7.87949],[93.46659,7.87898],[93.46615,7.87831],[93.466,7.8774],[93.46586,7.87725],[93.46544,7.87678],[93.46473,7.87634],[93.46422,7.87583],[93.46375,7.87544],[93.46335,7.87493],[93.46313,7.87446],[93.46307,7.87434],[93.46284,7.87415],[93.46248,7.87387],[93.46217,7.87335],[93.46201,7.87327],[93.46157,7.87304],[93.4615,7.87304],[93.46114,7.87304],[93.46079,7.87304],[93.46035,7.87328],[93.46006,7.87355],[93.45972,7.87387],[93.45889,7.87395],[93.45835,7.87395],[93.45826,7.87395],[93.45759,7.87403],[93.45708,7.87407],[93.45637,7.87434],[93.45586,7.87477],[93.45534,7.87485],[93.45491,7.87466],[93.45432,7.87454],[93.45373,7.87509],[93.45353,7.87531],[93.45329,7.87556],[93.45302,7.87593],[93.45282,7.87619],[93.45258,7.87698],[93.45246,7.87765],[93.45258,7.87842],[93.45258,7.87843],[93.4527,7.87906],[93.45262,7.87957],[93.45243,7.87988],[93.45231,7.88009],[93.45203,7.88068],[93.45176,7.88115],[93.45144,7.88186],[93.45144,7.88268],[93.45156,7.88327],[93.45176,7.88347],[93.45191,7.88359],[93.45211,7.88374],[93.45216,7.88396],[93.45223,7.88429],[93.45219,7.88477],[93.45196,7.88508],[93.4514,7.88536],[93.45093,7.88603],[93.45026,7.88693],[93.44975,7.8876],[93.44912,7.88839],[93.44868,7.88913],[93.44829,7.88984],[93.4479,7.89079],[93.44742,7.89189],[93.44711,7.89283],[93.44671,7.89374],[93.44612,7.89417],[93.44569,7.89472],[93.44529,7.89527],[93.44474,7.89633],[93.44423,7.89716],[93.44368,7.89783],[93.44238,7.89901],[93.44171,7.8994],[93.441,7.89988],[93.44029,7.90035],[93.43906,7.90102],[93.43808,7.90145],[93.43575,7.90243],[93.43476,7.90291],[93.43386,7.90338],[93.43224,7.90421],[93.43015,7.90519],[93.42944,7.90547],[93.42857,7.90586],[93.42759,7.90649],[93.42601,7.90704],[93.42479,7.90732],[93.42313,7.90755],[93.42206,7.90755],[93.42104,7.90755],[93.42017,7.90755],[93.41938,7.90756],[93.41828,7.90756],[93.41745,7.90756],[93.4163,7.90756],[93.41528,7.90748],[93.41433,7.90728],[93.41311,7.90701],[93.41224,7.90646],[93.41129,7.90587],[93.41107,7.90566],[93.41062,7.90524],[93.41026,7.90482],[93.40991,7.90441],[93.40956,7.90366],[93.409,7.90323],[93.40814,7.90292],[93.40739,7.90304],[93.40679,7.90327],[93.40577,7.90347],[93.40502,7.90351],[93.40364,7.90351],[93.40249,7.90343],[93.40127,7.90335],[93.40013,7.90312],[93.39918,7.903],[93.39859,7.90292],[93.39729,7.90237],[93.39658,7.9019],[93.39594,7.90139],[93.39551,7.90048],[93.39488,7.89938],[93.3946,7.89848],[93.39393,7.89765],[93.39385,7.8975],[93.39366,7.89687],[93.39358,7.89655],[93.3935,7.8962],[93.39334,7.89576],[93.39306,7.89462],[93.39275,7.8936],[93.39239,7.89309],[93.39176,7.89262],[93.39105,7.89203],[93.39026,7.89132],[93.38959,7.89077],[93.38908,7.89014],[93.38864,7.88951],[93.38821,7.88888],[93.38777,7.88833],[93.38714,7.88785],[93.38711,7.88779],[93.38653,7.88731],[93.38543,7.88695],[93.38427,7.88658],[93.38311,7.88632],[93.38196,7.88585],[93.38101,7.88517],[93.38043,7.88443],[93.38011,7.88385],[93.37922,7.88349],[93.37827,7.88354],[93.37706,7.88417],[93.3758,7.88428],[93.37459,7.88454],[93.3738,7.88485],[93.37317,7.88538],[93.37291,7.88601],[93.37265,7.88643],[93.37191,7.8869],[93.37117,7.887],[93.37017,7.88706],[93.36949,7.887],[93.36839,7.887],[93.36733,7.88721],[93.3666,7.88732],[93.36565,7.88732],[93.36465,7.88737],[93.36323,7.88779],[93.36213,7.88816],[93.36102,7.88853],[93.35992,7.88874],[93.35887,7.88911],[93.35781,7.88947],[93.35655,7.8901],[93.35566,7.89047],[93.35482,7.89094],[93.35387,7.89141],[93.35287,7.89199],[93.35177,7.89262],[93.35119,7.8933],[93.35077,7.89425],[93.35024,7.8953],[93.34998,7.89624],[93.34961,7.89776],[93.34961,7.89839],[93.34977,7.89886],[93.34977,7.8997],[93.34924,7.90044],[93.34824,7.90091],[93.34719,7.90128],[93.34625,7.90143],[93.3454,7.90253],[93.34493,7.90348],[93.34477,7.90448],[93.34462,7.90526],[93.3443,7.90594],[93.34414,7.90673],[93.34504,7.90694],[93.34551,7.90668],[93.34566,7.90664],[93.3466,7.90705],[93.34677,7.90773],[93.34672,7.90862],[93.34672,7.90982],[93.34667,7.91082],[93.34641,7.91171],[93.3462,7.91255],[93.34593,7.91334],[93.34577,7.91402],[93.34567,7.91454],[93.34525,7.91544],[93.34493,7.91607],[93.34491,7.91632],[93.34446,7.91659],[93.34425,7.9169],[93.34404,7.91722],[93.34336,7.91764],[93.34288,7.91806],[93.34283,7.91895],[93.34325,7.91953],[93.34362,7.9201],[93.34367,7.92068],[93.34399,7.92157],[93.34446,7.9222],[93.34494,7.92278],[93.34541,7.92325],[93.34588,7.92372],[93.34641,7.92446],[93.34699,7.92514],[93.34767,7.92561],[93.34814,7.92608],[93.34836,7.92655],[93.34851,7.92724],[93.34883,7.92771],[93.3492,7.92786],[93.34967,7.92823],[93.34999,7.92865],[93.35046,7.92928],[93.35093,7.9298],[93.35154,7.9303],[93.35172,7.93086],[93.35172,7.93132],[93.35172,7.93253],[93.35144,7.93263],[93.35079,7.93216],[93.35023,7.93114],[93.3491,7.9302],[93.34826,7.92918],[93.34761,7.92834],[93.34658,7.92731],[93.34508,7.92722],[93.34471,7.92778],[93.34462,7.9289],[93.34462,7.92983],[93.3449,7.93104],[93.34574,7.93216],[93.34639,7.93282],[93.34845,7.93365],[93.34957,7.93412],[93.3506,7.93468],[93.35126,7.93533],[93.35219,7.93617],[93.35285,7.93692],[93.35388,7.93766],[93.35462,7.93878],[93.35537,7.93962],[93.35612,7.94046],[93.35715,7.9413],[93.35734,7.94186],[93.35715,7.94186],[93.35612,7.94167],[93.35528,7.9412],[93.35434,7.94083],[93.3536,7.94037],[93.35285,7.93981],[93.35201,7.93934],[93.35126,7.93934],[93.35051,7.93934],[93.34985,7.93953],[93.3492,7.93999],[93.34808,7.93971],[93.34808,7.93869],[93.34808,7.93766],[93.34798,7.93664],[93.34798,7.93608],[93.34789,7.9358],[93.34677,7.93493],[93.34633,7.93461],[93.3457,7.93437],[93.34495,7.93418],[93.3444,7.93375],[93.34432,7.93312],[93.34408,7.93257],[93.34385,7.93198],[93.34329,7.9317],[93.34286,7.93182],[93.34258,7.93217],[93.34227,7.93253],[93.34191,7.9332],[93.3416,7.93375],[93.34112,7.9343],[93.34049,7.93453],[93.3397,7.93461],[93.33931,7.93497],[93.33891,7.93552],[93.33832,7.93611],[93.33773,7.93634],[93.3369,7.93642],[93.33603,7.93638],[93.33505,7.93638],[93.33418,7.93623],[93.33351,7.93587],[93.33284,7.93528],[93.33256,7.93461],[93.33256,7.93375],[93.33256,7.93292],[93.33233,7.93218],[93.33213,7.93194],[93.33165,7.93151],[93.33134,7.931],[93.33118,7.93041],[93.33094,7.92982],[93.33043,7.92907],[93.33043,7.92856],[93.33063,7.92812],[93.33106,7.92761],[93.3315,7.92726],[93.33193,7.92683],[93.33201,7.9267],[93.3321,7.92656],[93.33217,7.92647],[93.33232,7.92612],[93.33232,7.92569],[93.33232,7.92561],[93.33232,7.92545],[93.33232,7.92517],[93.33173,7.92462],[93.33157,7.92457],[93.33126,7.92447],[93.33059,7.92447],[93.32999,7.92453],[93.32909,7.92519],[93.32897,7.92525],[93.32854,7.92545],[93.32806,7.92573],[93.32751,7.92588],[93.32712,7.92608],[93.32668,7.92616],[93.32625,7.92628],[93.32596,7.92654],[93.3252,7.92681],[93.32436,7.92754],[93.32416,7.92754],[93.32372,7.92773],[93.32329,7.92801],[93.32305,7.92828],[93.32282,7.92856],[93.3225,7.92895],[93.32226,7.92923],[93.32203,7.92954],[93.32152,7.93009],[93.3212,7.93053],[93.32096,7.93084],[93.32049,7.93115],[93.32009,7.93147],[93.31954,7.93233],[93.31954,7.93281],[93.31954,7.93332],[93.3195,7.93387],[93.31954,7.93446],[93.31958,7.9354],[93.3197,7.93603],[93.31974,7.93654],[93.31978,7.93686],[93.31978,7.93687],[93.31982,7.93733],[93.31985,7.93791],[93.31986,7.93804],[93.3199,7.93843],[93.31982,7.93941],[93.31973,7.93987],[93.3197,7.94],[93.31962,7.94067],[93.31947,7.94118],[93.31923,7.94166],[93.31907,7.94217],[93.31883,7.94268],[93.31848,7.94355],[93.31785,7.9441],[93.31714,7.94473],[93.31677,7.94495],[93.31663,7.94504],[93.31619,7.94535],[93.31595,7.94587],[93.3156,7.94657],[93.31509,7.94732],[93.31469,7.94799],[93.31418,7.9485],[93.31371,7.94921],[93.31331,7.94952],[93.31292,7.95008],[93.31284,7.95037],[93.31252,7.95063],[93.31225,7.95114],[93.31217,7.95165],[93.31221,7.95251],[93.31221,7.9533],[93.31221,7.95397],[93.31205,7.95472],[93.31193,7.95539],[93.31192,7.9558],[93.31189,7.95676],[93.31189,7.95719],[93.31189,7.95759],[93.31177,7.95818],[93.31166,7.95869],[93.31162,7.95928],[93.31138,7.95979],[93.31114,7.9607],[93.31103,7.96144],[93.31103,7.96207],[93.31146,7.96262],[93.31174,7.96298],[93.31177,7.96315],[93.31239,7.96328],[93.31244,7.96356],[93.31264,7.9638],[93.31312,7.96447],[93.31347,7.96486],[93.31414,7.9651],[93.31466,7.96549],[93.31517,7.96616],[93.31548,7.96683],[93.31584,7.96754],[93.31623,7.96837],[93.3162,7.96915],[93.31616,7.96986],[93.31616,7.97035],[93.31687,7.97087],[93.318,7.97122],[93.31898,7.97157],[93.31982,7.97178],[93.32108,7.97219],[93.32277,7.9731],[93.32368,7.97401],[93.3241,7.97478],[93.32438,7.97541],[93.32445,7.97618],[93.32473,7.97716],[93.3248,7.97814],[93.3248,7.97912],[93.3248,7.98024],[93.3248,7.98107],[93.32466,7.98184],[93.32445,7.98268],[93.32431,7.98373],[93.32424,7.98464],[93.32438,7.98562],[93.32375,7.98646],[93.32347,7.9873],[93.32326,7.98835],[93.32312,7.98933],[93.32312,7.99045],[93.32319,7.991],[93.32382,7.99205],[93.3241,7.99289],[93.3246,7.9938],[93.32509,7.99478],[93.32509,7.99569],[93.3253,7.9966],[93.32565,7.99765],[93.32593,7.99849],[93.32628,7.99968],[93.32677,8.00072],[93.3274,8.00156],[93.32803,8.00247],[93.32831,8.00324],[93.32881,8.00401],[93.3293,8.00478],[93.32979,8.00548],[93.33035,8.00618],[93.33126,8.0066],[93.33189,8.00723],[93.33267,8.00834],[93.33337,8.00918],[93.33414,8.00932],[93.33491,8.01002],[93.33561,8.01079],[93.33631,8.01156],[93.33702,8.01156],[93.33737,8.01142],[93.33758,8.01123],[93.3384,8.011],[93.33966,8.01075],[93.34092,8.01016],[93.34218,8.01041],[93.34265,8.01094],[93.34286,8.01117],[93.34378,8.01142],[93.3442,8.01217],[93.34454,8.01284],[93.34479,8.0136],[93.34538,8.01401],[93.34588,8.01427],[93.34613,8.01485],[93.34647,8.01569],[93.34664,8.01602],[93.34748,8.01636],[93.34916,8.01443],[93.35,8.01385],[93.35,8.01251],[93.34966,8.0115],[93.34966,8.01058],[93.34974,8.00999],[93.35075,8.00899],[93.35117,8.0084],[93.35226,8.00807],[93.3531,8.00798],[93.35411,8.00798],[93.35562,8.00849],[93.35655,8.00874],[93.35769,8.00874],[93.35814,8.00874],[93.35843,8.00888],[93.35932,8.00932],[93.35981,8.00952],[93.36058,8.00982],[93.36125,8.01024],[93.36226,8.01141],[93.36302,8.01175],[93.36457,8.01305],[93.36461,8.01309],[93.3652,8.01376],[93.36582,8.01437],[93.36638,8.01493],[93.36705,8.01568],[93.36798,8.01669],[93.36865,8.01744],[93.36895,8.01812],[93.3694,8.01912],[93.37041,8.01995],[93.37067,8.02138],[93.37069,8.02148],[93.37083,8.02213],[93.37209,8.02238],[93.37361,8.02263],[93.37436,8.02263],[93.3752,8.02263],[93.37621,8.02263],[93.37814,8.02389],[93.3794,8.02481],[93.3805,8.02447],[93.38159,8.02355],[93.38259,8.02288],[93.3836,8.02246],[93.38461,8.02213],[93.38562,8.02154],[93.38646,8.02112],[93.3878,8.02087],[93.38889,8.02028],[93.38982,8.01995],[93.38998,8.01991]]],[[[93.71289,7.44324],[93.71289,7.44265],[93.71332,7.44196],[93.71332,7.44131],[93.71327,7.44083],[93.71321,7.44045],[93.71343,7.43975],[93.71386,7.43911],[93.71434,7.43852],[93.71461,7.43793],[93.71461,7.43728],[93.71498,7.43664],[93.71536,7.43621],[93.71579,7.43578],[93.71579,7.43503],[93.71584,7.43417],[93.71611,7.43369],[93.71681,7.43358],[93.71815,7.43336],[93.71869,7.43283],[93.71907,7.43223],[93.71923,7.43181],[93.72003,7.43073],[93.72035,7.42976],[93.72035,7.42891],[93.72051,7.42756],[93.72062,7.42633],[93.72056,7.42477],[93.72056,7.4237],[93.72126,7.42236],[93.7219,7.42144],[93.7219,7.42048],[93.72185,7.42005],[93.72147,7.41957],[93.72131,7.4186],[93.72131,7.4178],[93.72158,7.41661],[93.72163,7.41517],[93.72163,7.41382],[93.72146,7.41248],[93.72141,7.41114],[93.72135,7.40921],[93.72135,7.40733],[93.72135,7.4054],[93.72172,7.40411],[93.72205,7.40245],[93.72274,7.40062],[93.72301,7.39987],[93.72387,7.3989],[93.72408,7.39842],[93.72478,7.3975],[93.72537,7.39734],[93.72607,7.39734],[93.72693,7.3974],[93.72795,7.39729],[93.72838,7.39696],[93.72892,7.39648],[93.72924,7.39589],[93.72956,7.39525],[93.72999,7.39423],[93.73069,7.39342],[93.73139,7.39272],[93.73198,7.39186],[93.73279,7.39106],[93.73343,7.39057],[93.73408,7.39003],[93.73461,7.3896],[93.73558,7.38934],[93.73617,7.38907],[93.73725,7.38869],[93.73784,7.38821],[93.73843,7.38751],[93.7388,7.38713],[93.73945,7.3867],[93.7402,7.38611],[93.74063,7.38568],[93.74149,7.38514],[93.74192,7.38477],[93.74321,7.38428],[93.74396,7.38364],[93.74455,7.3831],[93.74525,7.38283],[93.74579,7.38272],[93.74659,7.38272],[93.74756,7.38283],[93.74762,7.38269],[93.74773,7.38272],[93.74783,7.38267],[93.74826,7.3824],[93.74864,7.38218],[93.74901,7.38181],[93.74939,7.38143],[93.74955,7.38079],[93.75025,7.38009],[93.75089,7.3796],[93.75159,7.37907],[93.75213,7.37864],[93.75288,7.3781],[93.75368,7.37751],[93.75449,7.37686],[93.75508,7.37611],[93.75572,7.37541],[93.75615,7.37488],[93.75648,7.3745],[93.75669,7.37375],[93.7568,7.37321],[93.75674,7.37241],[93.75674,7.37182],[93.75669,7.37117],[93.75669,7.37058],[93.75701,7.36951],[93.75738,7.36886],[93.75744,7.36849],[93.75738,7.36801],[93.75738,7.368],[93.75738,7.36747],[93.75717,7.36688],[93.75695,7.36634],[93.75652,7.36575],[93.7562,7.365],[93.75593,7.36446],[93.75547,7.36351],[93.75544,7.36344],[93.75539,7.36269],[93.75539,7.36205],[93.75566,7.36173],[93.75587,7.36178],[93.75632,7.36183],[93.75634,7.36178],[93.75641,7.36178],[93.75673,7.36151],[93.75716,7.36103],[93.75737,7.36054],[93.75737,7.35985],[93.75727,7.35883],[93.75705,7.35792],[93.75603,7.35657],[93.75495,7.35556],[93.75425,7.35518],[93.75361,7.35486],[93.75307,7.35422],[93.75264,7.35336],[93.75199,7.35255],[93.75134,7.35186],[93.75,7.351],[93.74919,7.35046],[93.7486,7.34998],[93.74806,7.34993],[93.74726,7.3495],[93.74645,7.3488],[93.74559,7.34768],[93.74516,7.34666],[93.74483,7.34575],[93.74467,7.34505],[93.7444,7.34419],[93.74381,7.34376],[93.74316,7.34355],[93.74273,7.34355],[93.74203,7.34355],[93.7416,7.34355],[93.74107,7.34344],[93.74042,7.34312],[93.73988,7.34285],[93.73924,7.34232],[93.73886,7.34141],[93.73864,7.34044],[93.73837,7.33969],[93.73805,7.33872],[93.73784,7.33824],[93.73751,7.33604],[93.73751,7.33497],[93.73719,7.33357],[93.73713,7.33261],[93.73616,7.33089],[93.73616,7.33035],[93.73616,7.32933],[93.73621,7.32826],[93.73621,7.32729],[93.73589,7.32665],[93.73524,7.32606],[93.73444,7.32531],[93.73384,7.32477],[93.73347,7.32397],[93.73293,7.323],[93.73239,7.32177],[93.73142,7.32032],[93.73067,7.31962],[93.72981,7.31903],[93.72921,7.31855],[93.72884,7.31786],[93.7283,7.31705],[93.7276,7.31646],[93.72706,7.31587],[93.72658,7.31491],[93.7262,7.31319],[93.72571,7.31147],[93.72523,7.31035],[93.72458,7.309],[93.7242,7.3082],[93.72162,7.30713],[93.72071,7.30659],[93.71958,7.30616],[93.71813,7.30601],[93.71748,7.30649],[93.71689,7.30703],[93.71625,7.30724],[93.71533,7.30714],[93.7149,7.30676],[93.71442,7.30644],[93.71324,7.30585],[93.71227,7.30542],[93.71151,7.30515],[93.71044,7.30478],[93.70926,7.30467],[93.70829,7.30467],[93.70727,7.30451],[93.7063,7.30403],[93.70555,7.30371],[93.70479,7.30382],[93.70415,7.30393],[93.70334,7.30403],[93.70259,7.30404],[93.70141,7.30371],[93.70055,7.30329],[93.69972,7.3028],[93.69958,7.30237],[93.69958,7.30082],[93.69922,7.29902],[93.69901,7.29895],[93.69898,7.29873],[93.6985,7.29851],[93.69742,7.29792],[93.69732,7.29771],[93.69699,7.29733],[93.69662,7.2969],[93.69603,7.29631],[93.6956,7.29594],[93.69441,7.29513],[93.6936,7.2946],[93.6928,7.2939],[93.69242,7.2932],[93.69188,7.29202],[93.69156,7.29143],[93.69086,7.29084],[93.69043,7.29042],[93.68989,7.28999],[93.68946,7.28956],[93.68898,7.28902],[93.68849,7.28854],[93.68753,7.28838],[93.68672,7.28822],[93.68623,7.28806],[93.68537,7.28752],[93.68467,7.28704],[93.68424,7.28618],[93.6836,7.28538],[93.68242,7.28452],[93.68139,7.28388],[93.68053,7.28318],[93.67946,7.28238],[93.67865,7.28157],[93.67838,7.28071],[93.67838,7.27959],[93.67865,7.27889],[93.67902,7.27792],[93.67934,7.27755],[93.67972,7.27701],[93.67977,7.27626],[93.67977,7.27572],[93.67977,7.27518],[93.67956,7.27475],[93.67923,7.27433],[93.67864,7.27395],[93.67767,7.27347],[93.67708,7.27299],[93.67649,7.27266],[93.67601,7.27229],[93.6752,7.27186],[93.6745,7.27143],[93.67359,7.27084],[93.67332,7.27041],[93.67283,7.26993],[93.6723,7.26939],[93.6717,7.26859],[93.67143,7.26789],[93.67122,7.26719],[93.67111,7.26655],[93.671,7.26596],[93.67063,7.26505],[93.67046,7.26424],[93.6703,7.26301],[93.67025,7.2621],[93.67003,7.26016],[93.66955,7.25952],[93.66917,7.25893],[93.66879,7.25818],[93.6682,7.25759],[93.66739,7.257],[93.6668,7.25668],[93.66573,7.25588],[93.66508,7.25545],[93.66433,7.25507],[93.66331,7.25443],[93.6625,7.25395],[93.66207,7.25368],[93.66142,7.25325],[93.66072,7.25266],[93.66035,7.25218],[93.65981,7.25132],[93.65911,7.25057],[93.65863,7.24998],[93.65798,7.24912],[93.6575,7.24864],[93.6568,7.2481],[93.65631,7.24767],[93.65572,7.24692],[93.65524,7.24628],[93.65481,7.2459],[93.65411,7.24531],[93.65276,7.24488],[93.65212,7.24489],[93.65104,7.24462],[93.65051,7.24435],[93.64981,7.24371],[93.64905,7.24371],[93.64798,7.24371],[93.64717,7.24387],[93.64669,7.24419],[93.64605,7.24494],[93.64598,7.24512],[93.64578,7.24564],[93.64529,7.24623],[93.64486,7.24634],[93.64411,7.24656],[93.64374,7.2472],[93.64358,7.24774],[93.64341,7.24865],[93.64288,7.24897],[93.64223,7.24913],[93.64186,7.24962],[93.63928,7.25241],[93.6389,7.25322],[93.63885,7.25407],[93.63896,7.25472],[93.63923,7.25536],[93.63928,7.25585],[93.63928,7.25627],[93.63928,7.25681],[93.63923,7.25719],[93.63902,7.25746],[93.63875,7.25788],[93.63853,7.25831],[93.63778,7.25939],[93.63622,7.26138],[93.63569,7.26181],[93.63548,7.26206],[93.63547,7.26224],[93.63504,7.26277],[93.63445,7.26342],[93.63375,7.26395],[93.63295,7.26422],[93.63198,7.26422],[93.63096,7.26417],[93.63037,7.26401],[93.63032,7.26398],[93.62999,7.26444],[93.62972,7.26503],[93.62951,7.26567],[93.6294,7.26648],[93.6294,7.26734],[93.6294,7.26814],[93.62946,7.2689],[93.63016,7.26986],[93.63053,7.27018],[93.63096,7.27072],[93.63134,7.27147],[93.63183,7.27249],[93.63236,7.27329],[93.63344,7.27394],[93.63371,7.27421],[93.63414,7.2748],[93.63435,7.27544],[93.63414,7.27657],[93.63409,7.27721],[93.63355,7.27791],[93.63285,7.27823],[93.63221,7.27839],[93.6314,7.27866],[93.63119,7.27909],[93.63124,7.27957],[93.63135,7.28],[93.63205,7.28081],[93.63275,7.28118],[93.63355,7.28183],[93.63436,7.28285],[93.63463,7.28386],[93.63501,7.2851],[93.63495,7.28612],[93.63479,7.28682],[93.63447,7.28805],[93.63404,7.28907],[93.63383,7.28988],[93.63351,7.29095],[93.63324,7.2917],[93.63217,7.29439],[93.63206,7.29551],[93.6319,7.29616],[93.63152,7.29696],[93.6312,7.29771],[93.63088,7.29847],[93.63056,7.29933],[93.63045,7.30024],[93.63034,7.30099],[93.63008,7.30169],[93.62992,7.30244],[93.62943,7.30314],[93.629,7.30367],[93.62863,7.30426],[93.62793,7.30518],[93.62728,7.30561],[93.62664,7.30588],[93.62583,7.30604],[93.62514,7.30615],[93.62444,7.3062],[93.62331,7.30642],[93.62272,7.30647],[93.62218,7.30674],[93.6217,7.30733],[93.62148,7.30803],[93.62132,7.3084],[93.62121,7.30926],[93.62121,7.30996],[93.6217,7.31082],[93.62229,7.3113],[93.62299,7.31146],[93.62396,7.31157],[93.62466,7.31157],[93.62535,7.31157],[93.62589,7.312],[93.62627,7.31248],[93.62708,7.31301],[93.62788,7.31339],[93.62858,7.31355],[93.62917,7.31371],[93.62966,7.31392],[93.63025,7.31468],[93.63079,7.31537],[93.63127,7.31607],[93.63213,7.3172],[93.63294,7.31779],[93.63412,7.31827],[93.63498,7.31913],[93.63557,7.31966],[93.63622,7.32036],[93.63654,7.32111],[93.63654,7.32192],[93.63649,7.32272],[93.63649,7.32363],[93.63682,7.32428],[93.63725,7.32546],[93.63725,7.32675],[93.63719,7.32793],[93.63709,7.32868],[93.63709,7.32986],[93.63704,7.33077],[93.63704,7.33179],[93.63693,7.33222],[93.63688,7.33225],[93.6369,7.33231],[93.63671,7.3326],[93.63639,7.33303],[93.63586,7.33383],[93.63553,7.33431],[93.63489,7.33469],[93.63441,7.33512],[93.63387,7.33555],[93.63365,7.33619],[93.63363,7.33624],[93.63333,7.33689],[93.63328,7.33775],[93.63339,7.33856],[93.63333,7.33974],[93.63328,7.3406],[93.63317,7.34145],[93.63312,7.34242],[93.63312,7.34349],[93.63312,7.34441],[93.63312,7.34553],[93.6335,7.34628],[93.63393,7.34698],[93.63388,7.34773],[93.63372,7.34827],[93.63329,7.34902],[93.63297,7.34961],[93.63248,7.35074],[93.63222,7.35171],[93.63222,7.35267],[93.63222,7.35369],[93.63222,7.3546],[93.63211,7.35579],[93.6319,7.3567],[93.63179,7.35761],[93.63163,7.3589],[93.63163,7.3597],[93.63163,7.36121],[93.63163,7.36147],[93.63217,7.36255],[93.63228,7.36335],[93.63223,7.36426],[93.63212,7.36496],[93.63239,7.36593],[93.63277,7.36684],[93.63277,7.36754],[93.63277,7.36845],[93.63277,7.36931],[93.63277,7.37028],[93.63288,7.37103],[93.63347,7.37188],[93.63385,7.37237],[93.63426,7.3727],[93.63444,7.37285],[93.63524,7.37339],[93.63627,7.37365],[93.63702,7.37371],[93.63799,7.37371],[93.63874,7.37371],[93.63955,7.37376],[93.6403,7.37376],[93.64132,7.37365],[93.64196,7.37327],[93.64256,7.37274],[93.64304,7.37214],[93.64379,7.37166],[93.64503,7.37139],[93.64551,7.37107],[93.6461,7.37075],[93.64648,7.37042],[93.6468,7.3701],[93.64683,7.37012],[93.64702,7.36999],[93.64809,7.36887],[93.64857,7.36854],[93.64906,7.36838],[93.6497,7.36833],[93.65056,7.3687],[93.65148,7.36945],[93.65223,7.36999],[93.65325,7.37047],[93.65395,7.37106],[93.6547,7.37181],[93.6554,7.3724],[93.6561,7.37288],[93.65664,7.37331],[93.65723,7.3739],[93.65772,7.37492],[93.65799,7.37546],[93.65858,7.37642],[93.65906,7.37701],[93.65976,7.37771],[93.66019,7.37819],[93.66033,7.37837],[93.66068,7.37884],[93.66089,7.37943],[93.66149,7.38002],[93.66208,7.38055],[93.66289,7.38114],[93.66353,7.38136],[93.66423,7.38136],[93.66493,7.38136],[93.66563,7.38119],[93.66611,7.38098],[93.66665,7.38066],[93.66697,7.37991],[93.66735,7.37931],[93.66751,7.37835],[93.66799,7.3776],[93.66874,7.37695],[93.66917,7.37652],[93.66965,7.37604],[93.67035,7.37534],[93.67073,7.37491],[93.67127,7.37432],[93.67164,7.37389],[93.67186,7.37373],[93.67239,7.37335],[93.67352,7.37308],[93.67433,7.37319],[93.67508,7.37362],[93.676,7.37426],[93.67707,7.37485],[93.67772,7.37528],[93.67874,7.37565],[93.67965,7.37614],[93.6803,7.37678],[93.681,7.37775],[93.68154,7.37839],[93.6817,7.3793],[93.68181,7.38021],[93.68181,7.38107],[93.68208,7.38193],[93.68213,7.38295],[93.68219,7.38402],[93.68246,7.38483],[93.6831,7.38542],[93.68332,7.38595],[93.68367,7.38648],[93.68375,7.3866],[93.68386,7.38676],[93.6844,7.3873],[93.6852,7.38751],[93.68639,7.38772],[93.68679,7.38785],[93.68712,7.38795],[93.68725,7.38799],[93.68827,7.38853],[93.68897,7.38895],[93.68972,7.38938],[93.69056,7.38962],[93.69068,7.38959],[93.69195,7.38959],[93.69219,7.38943],[93.69279,7.38943],[93.69332,7.38981],[93.69391,7.38992],[93.69445,7.39018],[93.69488,7.39067],[93.6949,7.39073],[93.69504,7.39131],[93.6951,7.39201],[93.6951,7.39254],[93.69558,7.39313],[93.69623,7.39313],[93.69704,7.39303],[93.69774,7.39345],[93.69827,7.39388],[93.69908,7.39388],[93.69994,7.39377],[93.70026,7.39404],[93.70112,7.39415],[93.70182,7.39409],[93.70241,7.39372],[93.70295,7.39361],[93.7036,7.39372],[93.70413,7.39409],[93.70462,7.39463],[93.70575,7.39468],[93.70655,7.39425],[93.70784,7.3942],[93.70827,7.39419],[93.70876,7.39441],[93.7086,7.395],[93.70811,7.39586],[93.70779,7.39656],[93.70779,7.39731],[93.70822,7.39806],[93.70892,7.39865],[93.7093,7.39935],[93.70914,7.40015],[93.70866,7.40042],[93.70726,7.40069],[93.7069,7.40092],[93.70673,7.40079],[93.70618,7.40101],[93.70527,7.40112],[93.70446,7.4015],[93.70371,7.40171],[93.70371,7.40241],[93.70425,7.40322],[93.7049,7.40375],[93.70565,7.40445],[93.7063,7.40515],[93.70662,7.40584],[93.70683,7.40659],[93.70689,7.40761],[93.707,7.4089],[93.707,7.40976],[93.707,7.41073],[93.70689,7.41153],[93.7069,7.41293],[93.70738,7.41357],[93.7077,7.41405],[93.70797,7.41491],[93.70808,7.41556],[93.7084,7.4162],[93.70883,7.417],[93.7091,7.41775],[93.70911,7.41867],[93.70911,7.41958],[93.70905,7.42038],[93.70905,7.42119],[93.70906,7.42216],[93.70949,7.42291],[93.70986,7.42355],[93.70986,7.42419],[93.70976,7.42462],[93.70938,7.42495],[93.7089,7.42516],[93.70841,7.42559],[93.70798,7.42602],[93.70766,7.4264],[93.70739,7.42693],[93.70723,7.42774],[93.70723,7.42865],[93.70723,7.42946],[93.7074,7.4301],[93.70756,7.43096],[93.70783,7.43176],[93.70783,7.43241],[93.70751,7.43337],[93.7074,7.43402],[93.70729,7.43461],[93.70719,7.43525],[93.70713,7.43574],[93.70735,7.43686],[93.70746,7.43761],[93.70741,7.4382],[93.70714,7.4388],[93.70676,7.43944],[93.70633,7.44019],[93.70585,7.44057],[93.70547,7.4411],[93.7051,7.44186],[93.7051,7.4425],[93.70558,7.4433],[93.70596,7.44373],[93.70661,7.44431],[93.70682,7.44422],[93.7073,7.44384],[93.70784,7.44352],[93.70859,7.44346],[93.70918,7.44352],[93.70962,7.44352],[93.71005,7.44373],[93.71026,7.44394],[93.71037,7.44432],[93.7108,7.44486],[93.71139,7.44486],[93.71204,7.44485],[93.71247,7.4448],[93.7129,7.44426],[93.7129,7.44367],[93.71289,7.44324]]],[[[93.52498,8.23205],[93.52599,8.23172],[93.52683,8.23171],[93.52826,8.23196],[93.52944,8.23196],[93.52988,8.23196],[93.53064,8.23146],[93.53159,8.23114],[93.53227,8.23078],[93.5329,8.23036],[93.53348,8.22983],[93.53417,8.22967],[93.5349,8.22957],[93.53585,8.22941],[93.53643,8.2293],[93.53667,8.22939],[93.53675,8.22936],[93.53776,8.22936],[93.53927,8.22852],[93.54036,8.22752],[93.54145,8.22668],[93.54263,8.22567],[93.54347,8.22475],[93.54405,8.22366],[93.54439,8.22257],[93.54464,8.22149],[93.54498,8.22015],[93.54514,8.21847],[93.54514,8.21688],[93.54523,8.21537],[93.54522,8.21395],[93.54573,8.21261],[93.54581,8.2111],[93.54581,8.20951],[93.54581,8.20851],[93.54598,8.20658],[93.54597,8.20524],[93.54572,8.20382],[93.54547,8.20198],[93.54521,8.20064],[93.54462,8.19863],[93.54429,8.19729],[93.54389,8.19579],[93.54367,8.19563],[93.54309,8.19511],[93.54235,8.19443],[93.54209,8.19385],[93.54205,8.19366],[93.54198,8.19332],[93.54146,8.19291],[93.54098,8.19285],[93.53993,8.19275],[93.53946,8.19233],[93.53893,8.19181],[93.5383,8.19128],[93.53774,8.19085],[93.53747,8.19009],[93.53722,8.18808],[93.53709,8.18765],[93.53771,8.18698],[93.53777,8.18614],[93.53777,8.18557],[93.53692,8.18441],[93.5365,8.18389],[93.53598,8.1831],[93.53576,8.18216],[93.53529,8.18132],[93.53482,8.18064],[93.53434,8.18017],[93.53366,8.17964],[93.53245,8.17865],[93.5315,8.17786],[93.53044,8.17697],[93.52929,8.17582],[93.52886,8.17545],[93.5285,8.17503],[93.52797,8.17461],[93.52744,8.17419],[93.52692,8.17372],[93.52628,8.1732],[93.5257,8.17283],[93.52518,8.17236],[93.52428,8.17273],[93.52413,8.17299],[93.52402,8.17367],[93.52397,8.17409],[93.52455,8.17488],[93.52523,8.17524],[93.52571,8.17566],[93.52623,8.1764],[93.52697,8.17702],[93.52765,8.17718],[93.52823,8.17718],[93.5286,8.17723],[93.52923,8.17734],[93.52987,8.17739],[93.53023,8.1777],[93.53034,8.17812],[93.53071,8.1786],[93.53108,8.1787],[93.53139,8.17896],[93.53218,8.17943],[93.53266,8.17991],[93.53292,8.18043],[93.53318,8.18122],[93.5334,8.1819],[93.53387,8.18247],[93.53413,8.18289],[93.53471,8.18363],[93.53471,8.18394],[93.53445,8.1841],[93.53413,8.18415],[93.5334,8.18415],[93.53276,8.18373],[93.53234,8.18337],[93.53161,8.18269],[93.53066,8.18227],[93.52934,8.18153],[93.52849,8.18157],[93.52798,8.18081],[93.5278,8.18055],[93.52663,8.17946],[93.52595,8.17854],[93.52607,8.1785],[93.52576,8.17823],[93.5256,8.17797],[93.5256,8.17779],[93.52523,8.17769],[93.52523,8.17724],[93.52497,8.17687],[93.52439,8.17598],[93.52386,8.17545],[93.52349,8.17482],[93.52302,8.17425],[93.52254,8.17389],[93.52232,8.17354],[93.52228,8.17325],[93.52181,8.17289],[93.52112,8.17289],[93.52017,8.17336],[93.52007,8.17336],[93.51914,8.1731],[93.51802,8.17279],[93.51765,8.17242],[93.51723,8.17173],[93.51707,8.17152],[93.51623,8.17063],[93.51544,8.17048],[93.51449,8.17048],[93.51381,8.17037],[93.51302,8.17027],[93.51244,8.16995],[93.51186,8.16964],[93.51133,8.16912],[93.5107,8.16859],[93.51044,8.16802],[93.51023,8.16749],[93.50975,8.16634],[93.50949,8.1655],[93.50954,8.1645],[93.50991,8.16398],[93.51012,8.16345],[93.51064,8.16298],[93.51112,8.16293],[93.5117,8.16298],[93.51217,8.16298],[93.51254,8.16256],[93.51259,8.16204],[93.51259,8.16135],[93.51233,8.16067],[93.51217,8.1601],[93.51191,8.15941],[93.51185,8.15878],[93.5118,8.15831],[93.51143,8.15742],[93.51106,8.15705],[93.51069,8.15674],[93.51011,8.15669],[93.50943,8.15669],[93.50875,8.15669],[93.50817,8.15627],[93.50806,8.15564],[93.50795,8.15491],[93.50795,8.15407],[93.50774,8.15286],[93.50764,8.15223],[93.50743,8.1515],[93.50732,8.15071],[93.50715,8.14988],[93.50711,8.14968],[93.50711,8.14966],[93.50669,8.14914],[93.50595,8.14893],[93.50474,8.14888],[93.50385,8.14888],[93.50348,8.14877],[93.50316,8.14793],[93.504,8.14725],[93.50416,8.14641],[93.50416,8.14542],[93.50458,8.14473],[93.50526,8.14416],[93.50558,8.14368],[93.50584,8.14316],[93.50615,8.14245],[93.50621,8.14232],[93.50663,8.14159],[93.50689,8.14122],[93.50763,8.14106],[93.50831,8.14111],[93.509,8.14143],[93.50902,8.14144],[93.51005,8.14101],[93.51089,8.14059],[93.51173,8.13996],[93.51252,8.13896],[93.5131,8.13749],[93.51347,8.1366],[93.5141,8.13576],[93.51489,8.13455],[93.51578,8.13345],[93.51641,8.1323],[93.51647,8.13156],[93.51647,8.13125],[93.51662,8.13009],[93.51699,8.12978],[93.51731,8.1291],[93.51739,8.12896],[93.51862,8.12841],[93.51925,8.12826],[93.51999,8.12784],[93.5203,8.1271],[93.52036,8.12637],[93.52041,8.12558],[93.52141,8.12464],[93.52193,8.12427],[93.52235,8.12359],[93.52251,8.12291],[93.52299,8.12207],[93.52356,8.12133],[93.52419,8.12013],[93.52451,8.11897],[93.52493,8.11792],[93.52551,8.11687],[93.52651,8.11525],[93.52698,8.11441],[93.52766,8.11331],[93.52787,8.11252],[93.52793,8.11189],[93.52814,8.11142],[93.52829,8.11094],[93.5282,8.11038],[93.52887,8.10995],[93.52966,8.10921],[93.52987,8.10837],[93.53045,8.10764],[93.53097,8.10654],[93.53145,8.10565],[93.53171,8.10439],[93.53176,8.10329],[93.53165,8.10155],[93.53171,8.10051],[93.53213,8.09956],[93.53255,8.09904],[93.53318,8.09799],[93.5336,8.0972],[93.53407,8.09668],[93.5346,8.09605],[93.53528,8.09589],[93.53576,8.09578],[93.53649,8.09536],[93.53651,8.0953],[93.53681,8.09521],[93.53739,8.09463],[93.53781,8.09389],[93.53828,8.09326],[93.53888,8.09285],[93.53907,8.09248],[93.53954,8.09206],[93.53996,8.09174],[93.54044,8.09143],[93.54086,8.09116],[93.54128,8.09106],[93.54175,8.09101],[93.5422,8.09109],[93.54275,8.0909],[93.54375,8.09069],[93.54443,8.09059],[93.54543,8.09053],[93.54617,8.09016],[93.54696,8.0899],[93.54733,8.08932],[93.5478,8.0889],[93.54796,8.08843],[93.54817,8.0877],[93.54822,8.08696],[93.54827,8.08623],[93.54833,8.0857],[93.54885,8.08497],[93.54932,8.08397],[93.54964,8.0835],[93.54985,8.08287],[93.55022,8.08214],[93.55037,8.08151],[93.55069,8.08083],[93.5509,8.07999],[93.55037,8.07904],[93.54999,8.07859],[93.55017,8.07813],[93.55033,8.07729],[93.55033,8.07695],[93.55058,8.07612],[93.55126,8.07578],[93.5513,8.07528],[93.55142,8.07521],[93.55184,8.07479],[93.55205,8.07416],[93.55216,8.07296],[93.5521,8.0718],[93.55168,8.07065],[93.55121,8.06981],[93.55121,8.06866],[93.55136,8.06792],[93.55168,8.06719],[93.55184,8.0663],[93.5522,8.06556],[93.55247,8.06478],[93.55231,8.06394],[93.55157,8.0631],[93.55073,8.06242],[93.54983,8.062],[93.54941,8.06106],[93.54957,8.06016],[93.54957,8.05927],[93.54933,8.05907],[93.54914,8.0582],[93.54864,8.05753],[93.54813,8.05619],[93.54805,8.05477],[93.5481,8.05354],[93.54835,8.05329],[93.54862,8.05261],[93.54877,8.05188],[93.54862,8.05104],[93.54825,8.05062],[93.54821,8.05059],[93.54788,8.05025],[93.54751,8.05021],[93.54746,8.0502],[93.54662,8.0502],[93.54588,8.0502],[93.54498,8.04984],[93.54477,8.04905],[93.54551,8.04847],[93.54656,8.04784],[93.5473,8.04705],[93.54756,8.04611],[93.54782,8.04532],[93.54794,8.0448],[93.54804,8.04472],[93.54905,8.04388],[93.54955,8.04296],[93.54955,8.04179],[93.54938,8.04074],[93.54938,8.03965],[93.54963,8.03873],[93.54972,8.03772],[93.54972,8.03672],[93.5498,8.03613],[93.54971,8.03572],[93.54888,8.0363],[93.54753,8.0363],[93.54627,8.03714],[93.54594,8.03723],[93.54484,8.03723],[93.54434,8.03773],[93.5435,8.03832],[93.54308,8.03806],[93.54165,8.0384],[93.54132,8.03882],[93.54019,8.03949],[93.54006,8.03957],[93.53989,8.04024],[93.54031,8.04108],[93.54039,8.04167],[93.53972,8.04251],[93.53922,8.04309],[93.53846,8.04376],[93.53846,8.04435],[93.53813,8.04485],[93.53771,8.04485],[93.53763,8.04488],[93.53751,8.04481],[93.53682,8.04486],[93.53651,8.04528],[93.53656,8.04591],[93.53693,8.04633],[93.53746,8.0468],[93.53709,8.04727],[93.53609,8.04738],[93.53535,8.04748],[93.53477,8.04769],[93.5342,8.04806],[93.53367,8.04817],[93.53278,8.04864],[93.53241,8.04895],[93.53193,8.04927],[93.53146,8.04943],[93.53099,8.04943],[93.53051,8.04943],[93.52962,8.04854],[93.5292,8.0478],[93.52867,8.04686],[93.52841,8.0456],[93.52835,8.04445],[93.52835,8.0434],[93.52819,8.04251],[93.52777,8.04161],[93.52796,8.04126],[93.52779,8.04009],[93.52762,8.03958],[93.52754,8.03883],[93.52745,8.03774],[93.52703,8.03657],[93.5267,8.03548],[93.52653,8.03414],[93.52644,8.0341],[93.52645,8.03375],[93.52608,8.03322],[93.52552,8.03286],[93.52519,8.03265],[93.52456,8.03254],[93.52388,8.03286],[93.52377,8.03291],[93.52314,8.03323],[93.52256,8.03422],[93.52248,8.03443],[93.52216,8.03439],[93.52157,8.03532],[93.52166,8.03599],[93.52164,8.03606],[93.52135,8.03627],[93.5213,8.03679],[93.52114,8.03742],[93.52072,8.03753],[93.52014,8.03753],[93.51993,8.03727],[93.51982,8.03664],[93.5194,8.0359],[93.51903,8.03554],[93.51835,8.03522],[93.51745,8.03517],[93.51724,8.03521],[93.51712,8.03515],[93.51603,8.03473],[93.51477,8.03465],[93.51409,8.03465],[93.51403,8.0346],[93.51351,8.03439],[93.51267,8.03412],[93.51203,8.03412],[93.51098,8.03418],[93.51019,8.03449],[93.50904,8.03449],[93.5083,8.03418],[93.50798,8.03345],[93.50793,8.03266],[93.50772,8.03182],[93.50772,8.03124],[93.50772,8.03077],[93.50745,8.03019],[93.50714,8.02977],[93.50677,8.0293],[93.50651,8.02867],[93.50645,8.02794],[93.50645,8.02679],[93.50645,8.02595],[93.50624,8.02521],[93.50629,8.02453],[93.5064,8.02332],[93.50682,8.02275],[93.5074,8.02249],[93.50808,8.02238],[93.50882,8.02212],[93.50982,8.02143],[93.51008,8.02075],[93.51029,8.02007],[93.5104,8.01968],[93.51097,8.01883],[93.51114,8.01807],[93.51165,8.0169],[93.51131,8.01606],[93.51047,8.01556],[93.50988,8.01514],[93.50912,8.01565],[93.50887,8.01665],[93.50795,8.01715],[93.50703,8.01766],[93.50602,8.01774],[93.50535,8.01716],[93.50526,8.01649],[93.50518,8.01573],[93.50551,8.01498],[93.50635,8.01464],[93.50627,8.01364],[93.50627,8.0128],[93.50643,8.01255],[93.50669,8.01163],[93.50719,8.01163],[93.5082,8.01129],[93.50879,8.01037],[93.50887,8.00987],[93.50845,8.00945],[93.50769,8.00928],[93.50677,8.00878],[93.50694,8.00803],[93.50719,8.00702],[93.50744,8.0066],[93.50727,8.00593],[93.50719,8.00552],[93.5071,8.00434],[93.50702,8.00418],[93.50676,8.00325],[93.50634,8.00284],[93.50634,8.00242],[93.5066,8.00171],[93.50626,8.00112],[93.50584,8.00095],[93.50559,8.00028],[93.5055,7.99953],[93.50491,7.99936],[93.50382,8.00028],[93.50332,8.00045],[93.50248,8.00121],[93.50189,8.00129],[93.50147,8.0007],[93.50164,8.0002],[93.50181,7.99987],[93.50181,7.9992],[93.50147,7.99794],[93.50038,7.99844],[93.4992,7.99886],[93.49878,7.99928],[93.49769,8.00012],[93.49677,8.00062],[93.49567,8.00079],[93.49441,8.00062],[93.49349,8.00029],[93.49257,8.00071],[93.49198,8.00163],[93.49198,8.00255],[93.49156,8.00356],[93.49164,8.00431],[93.49114,8.00523],[93.49097,8.00607],[93.49055,8.00716],[93.49022,8.00808],[93.48955,8.00917],[93.48913,8.01009],[93.48854,8.01101],[93.48854,8.01202],[93.48795,8.01327],[93.48745,8.01428],[93.4872,8.0152],[93.48661,8.01579],[93.48661,8.01671],[93.48636,8.01746],[93.48653,8.0183],[93.48678,8.01913],[93.48678,8.02014],[93.4867,8.0214],[93.48636,8.02248],[93.48628,8.02324],[93.48611,8.02449],[93.48611,8.0255],[93.48603,8.0265],[93.4862,8.02759],[93.4862,8.02885],[93.48609,8.02904],[93.48614,8.02926],[93.48604,8.02989],[93.48546,8.03068],[93.48545,8.03068],[93.48544,8.03077],[93.48603,8.03161],[93.48628,8.03278],[93.48629,8.03412],[93.48612,8.03488],[93.48587,8.03613],[93.48645,8.03638],[93.48671,8.03747],[93.48679,8.03798],[93.48772,8.03814],[93.48763,8.03906],[93.48679,8.03948],[93.48604,8.04024],[93.48621,8.04133],[93.48671,8.0422],[93.48646,8.04271],[93.48629,8.04329],[93.48587,8.04329],[93.48579,8.04447],[93.48638,8.04555],[93.48696,8.04639],[93.4878,8.04639],[93.48898,8.04622],[93.49007,8.04631],[93.49016,8.0458],[93.49041,8.04513],[93.49091,8.04505],[93.49167,8.0453],[93.49234,8.04471],[93.49217,8.04337],[93.49284,8.04304],[93.49352,8.04287],[93.49427,8.04279],[93.49536,8.04253],[93.49543,8.04235],[93.49557,8.04237],[93.49636,8.04237],[93.49689,8.04205],[93.49699,8.04158],[93.49703,8.04144],[93.49788,8.04144],[93.49881,8.04094],[93.49865,8.0406],[93.49873,8.04058],[93.49904,8.0399],[93.49941,8.03959],[93.49994,8.03938],[93.50041,8.03985],[93.50083,8.04022],[93.50157,8.04069],[93.50179,8.04069],[93.50217,8.04119],[93.50222,8.04159],[93.50204,8.04215],[93.50204,8.04263],[93.50204,8.0432],[93.50215,8.04389],[93.50241,8.04472],[93.50252,8.04474],[93.50262,8.04496],[93.50268,8.04499],[93.5032,8.04567],[93.50315,8.04619],[93.50313,8.04624],[93.50326,8.04663],[93.50318,8.04722],[93.50326,8.0478],[93.50368,8.04797],[93.50427,8.04797],[93.50469,8.04772],[93.50468,8.04768],[93.5051,8.04761],[93.5051,8.04708],[93.50457,8.04661],[93.5042,8.0463],[93.50399,8.04567],[93.50399,8.04493],[93.50457,8.04404],[93.50494,8.04325],[93.50494,8.04247],[93.5053,8.04173],[93.50541,8.04116],[93.50604,8.04042],[93.50646,8.03995],[93.50678,8.03942],[93.50735,8.03864],[93.50783,8.03811],[93.5082,8.03764],[93.50877,8.03743],[93.50877,8.03785],[93.50856,8.03848],[93.50783,8.03927],[93.50751,8.03969],[93.50725,8.04026],[93.50678,8.04089],[93.50657,8.04152],[93.50657,8.04226],[93.50657,8.04278],[93.50657,8.04341],[93.50646,8.04388],[93.50641,8.04446],[93.50649,8.04458],[93.50654,8.04466],[93.50662,8.04477],[93.50678,8.04488],[93.50731,8.04504],[93.50783,8.0453],[93.50799,8.04572],[93.50808,8.04611],[93.50797,8.04621],[93.50788,8.04696],[93.50822,8.04747],[93.50839,8.04872],[93.50839,8.04916],[93.50826,8.04939],[93.50826,8.04981],[93.50847,8.05012],[93.50905,8.05033],[93.50952,8.05059],[93.50973,8.05112],[93.50973,8.05131],[93.50906,8.0519],[93.50848,8.05249],[93.50814,8.05299],[93.50797,8.05358],[93.50797,8.05433],[93.50739,8.05484],[93.50638,8.05484],[93.50545,8.05484],[93.50429,8.05493],[93.50423,8.05513],[93.50373,8.05506],[93.50326,8.05527],[93.50352,8.05574],[93.50384,8.056],[93.50384,8.05631],[93.50385,8.05633],[93.50395,8.05663],[93.50395,8.05663],[93.50478,8.05668],[93.50554,8.05643],[93.50604,8.05626],[93.50621,8.05685],[93.50655,8.05735],[93.50646,8.05793],[93.50705,8.05785],[93.5078,8.05716],[93.508,8.0572],[93.50868,8.05731],[93.50905,8.05757],[93.50931,8.05815],[93.50957,8.05882],[93.50949,8.05927],[93.50915,8.06036],[93.50899,8.0607],[93.50914,8.06126],[93.50947,8.06155],[93.50974,8.06213],[93.50969,8.06255],[93.50947,8.06308],[93.50943,8.06312],[93.50949,8.06346],[93.50916,8.06396],[93.50916,8.0648],[93.50949,8.06497],[93.51016,8.06538],[93.51016,8.06605],[93.51033,8.06731],[93.5105,8.0679],[93.51134,8.06806],[93.51201,8.06806],[93.51243,8.06748],[93.5126,8.06681],[93.51311,8.06589],[93.5133,8.06519],[93.51348,8.06507],[93.51361,8.06463],[93.51361,8.06462],[93.51363,8.06454],[93.51384,8.06386],[93.51395,8.06313],[93.51395,8.06234],[93.51395,8.06187],[93.51395,8.06103],[93.51395,8.0605],[93.51405,8.06008],[93.51442,8.05966],[93.515,8.05914],[93.51552,8.05872],[93.51568,8.05814],[93.51573,8.05699],[93.51531,8.05599],[93.51494,8.055],[93.51484,8.0541],[93.51447,8.05311],[93.51436,8.05211],[93.5142,8.05127],[93.51394,8.05054],[93.51368,8.0498],[93.51368,8.04933],[93.51389,8.04886],[93.51457,8.04876],[93.5152,8.0486],[93.51589,8.04849],[93.51641,8.04797],[93.51678,8.04749],[93.5172,8.04702],[93.51757,8.04681],[93.51836,8.04707],[93.51904,8.0476],[93.5193,8.04797],[93.51941,8.04849],[93.51988,8.04938],[93.52046,8.0498],[93.52067,8.05038],[93.52104,8.0509],[93.52173,8.05148],[93.52246,8.05184],[93.52294,8.05184],[93.52378,8.0519],[93.52446,8.05216],[93.52504,8.05247],[93.52562,8.05284],[93.52599,8.05336],[93.52599,8.0541],[93.5261,8.05536],[93.5261,8.05593],[93.52568,8.05656],[93.52478,8.0574],[93.52457,8.05777],[93.52464,8.05804],[93.52444,8.05817],[93.52444,8.05876],[93.52444,8.0597],[93.52421,8.05997],[93.52436,8.06044],[93.52463,8.06102],[93.52442,8.06149],[93.52431,8.06196],[93.52431,8.06265],[93.52405,8.06312],[93.52421,8.06359],[93.52463,8.06359],[93.525,8.06343],[93.52573,8.06327],[93.52642,8.06296],[93.52689,8.06291],[93.52737,8.06317],[93.52775,8.06325],[93.52781,8.06387],[93.52812,8.064],[93.5281,8.06411],[93.52868,8.06432],[93.52921,8.06448],[93.52973,8.06458],[93.53031,8.06511],[93.53016,8.06563],[93.53005,8.06626],[93.53016,8.06689],[93.53026,8.06706],[93.53037,8.06725],[93.53047,8.06741],[93.53068,8.06794],[93.531,8.0682],[93.53132,8.06825],[93.53163,8.06862],[93.531,8.06873],[93.53011,8.06878],[93.52932,8.06904],[93.52837,8.06904],[93.52769,8.06868],[93.52684,8.06794],[93.52637,8.06752],[93.52563,8.06731],[93.52547,8.06768],[93.52535,8.06793],[93.52532,8.06799],[93.525,8.06857],[93.5249,8.06915],[93.52463,8.06957],[93.52463,8.07036],[93.52463,8.07088],[93.52458,8.07161],[93.52458,8.07187],[93.52458,8.07224],[93.52458,8.07287],[93.52458,8.07343],[93.52458,8.07366],[93.52459,8.07372],[93.52474,8.07455],[93.52495,8.07513],[93.52564,8.07555],[93.52588,8.07574],[93.52618,8.07599],[93.52622,8.07602],[93.52695,8.07628],[93.52764,8.07665],[93.52822,8.07722],[93.52869,8.07759],[93.52927,8.07811],[93.5298,8.07853],[93.53053,8.07874],[93.53085,8.07916],[93.53032,8.07932],[93.52964,8.07937],[93.52869,8.07937],[93.52785,8.07916],[93.5269,8.07869],[93.52606,8.07864],[93.52538,8.07869],[93.52464,8.07869],[93.52401,8.07869],[93.5238,8.07911],[93.5238,8.07946],[93.52362,8.07953],[93.52395,8.08062],[93.52406,8.08064],[93.52406,8.08074],[93.52412,8.08121],[93.52433,8.08184],[93.52433,8.08258],[93.52433,8.0831],[93.52427,8.08362],[93.52385,8.08394],[93.52354,8.08415],[93.52301,8.08431],[93.52254,8.08436],[93.52207,8.08425],[93.52154,8.08384],[93.52133,8.0831],[93.52085,8.08232],[93.52017,8.082],[93.51943,8.08211],[93.51885,8.08247],[93.51828,8.08279],[93.51764,8.083],[93.51712,8.08352],[93.51654,8.08394],[93.51601,8.08436],[93.51496,8.08457],[93.51433,8.08436],[93.51391,8.08358],[93.5138,8.08284],[93.51396,8.08216],[93.51364,8.08143],[93.51328,8.0808],[93.51317,8.08007],[93.51317,8.07928],[93.51317,8.07927],[93.5132,8.07932],[93.51429,8.07907],[93.51437,8.0784],[93.51362,8.07782],[93.5132,8.07723],[93.51236,8.07656],[93.51194,8.07598],[93.51236,8.07598],[93.51269,8.07547],[93.51269,8.07472],[93.51269,8.07438],[93.51202,8.07413],[93.51042,8.07405],[93.50941,8.07372],[93.50857,8.0733],[93.5079,8.0733],[93.50715,8.07363],[93.50709,8.07351],[93.50706,8.07257],[93.5068,8.07215],[93.50627,8.07194],[93.50585,8.07168],[93.50559,8.07126],[93.50548,8.07068],[93.50546,8.07055],[93.50555,8.07037],[93.50555,8.06953],[93.50513,8.06878],[93.50445,8.06878],[93.50395,8.06953],[93.50336,8.07012],[93.50294,8.07004],[93.50244,8.06953],[93.50177,8.06928],[93.50176,8.0687],[93.5021,8.0682],[93.50168,8.06753],[93.50039,8.0671],[93.49991,8.06594],[93.49933,8.06543],[93.49865,8.06543],[93.49748,8.06527],[93.49748,8.06644],[93.49679,8.06719],[93.49674,8.06717],[93.49648,8.06707],[93.49611,8.06681],[93.49564,8.06655],[93.4955,8.06601],[93.49558,8.06555],[93.49558,8.06502],[93.49543,8.06461],[93.49516,8.06455],[93.49485,8.06455],[93.49437,8.06445],[93.49406,8.06413],[93.49406,8.06392],[93.49379,8.06335],[93.49343,8.06324],[93.49303,8.06342],[93.49286,8.06334],[93.4921,8.0636],[93.49209,8.06365],[93.49179,8.06361],[93.49137,8.06351],[93.49122,8.06293],[93.49122,8.06277],[93.49151,8.06226],[93.49227,8.0615],[93.49302,8.06075],[93.49369,8.06025],[93.49453,8.06024],[93.49453,8.05983],[93.4942,8.05941],[93.49361,8.05891],[93.49369,8.0579],[93.4942,8.05706],[93.49411,8.05581],[93.49411,8.05505],[93.49386,8.05396],[93.49335,8.05313],[93.49243,8.05162],[93.49125,8.0507],[93.49024,8.05028],[93.48991,8.05079],[93.4894,8.0512],[93.48898,8.05179],[93.48789,8.05263],[93.48655,8.05271],[93.48613,8.05221],[93.48554,8.05204],[93.48546,8.05288],[93.48529,8.05363],[93.48479,8.05564],[93.4847,8.05631],[93.48484,8.05713],[93.48487,8.05732],[93.48512,8.05866],[93.48521,8.05975],[93.48546,8.06176],[93.48521,8.06285],[93.48513,8.06343],[93.48513,8.06419],[93.48479,8.06469],[93.48465,8.06503],[93.48454,8.06527],[93.48429,8.06636],[93.48437,8.06737],[93.48437,8.06837],[93.48455,8.06887],[93.48479,8.06955],[93.48479,8.07047],[93.48455,8.07228],[93.48454,8.07231],[93.48429,8.07331],[93.48412,8.07407],[93.48404,8.07532],[93.48387,8.0765],[93.48363,8.07798],[93.48362,8.078],[93.48312,8.07993],[93.48312,8.08144],[93.48236,8.08278],[93.48194,8.08361],[93.48144,8.08412],[93.48113,8.08493],[93.48102,8.08521],[93.48102,8.08613],[93.48094,8.08688],[93.48178,8.08596],[93.48213,8.08591],[93.4827,8.08648],[93.48344,8.0869],[93.4847,8.0869],[93.48483,8.0869],[93.48556,8.08705],[93.48657,8.08755],[93.48775,8.08822],[93.48875,8.08905],[93.48875,8.09014],[93.48951,8.09039],[93.49002,8.08991],[93.49002,8.08999],[93.48992,8.09088],[93.48965,8.09146],[93.48918,8.09225],[93.4886,8.09282],[93.48792,8.0934],[93.48713,8.09398],[93.48624,8.09471],[93.4855,8.09508],[93.48476,8.09534],[93.48387,8.09566],[93.48313,8.09603],[93.48255,8.09629],[93.48187,8.09645],[93.48145,8.09624],[93.48118,8.0955],[93.48092,8.09498],[93.48039,8.0944],[93.48002,8.09367],[93.47966,8.09278],[93.47955,8.09204],[93.47866,8.09084],[93.47823,8.09105],[93.47797,8.09157],[93.47796,8.09166],[93.47657,8.09325],[93.47607,8.09408],[93.47565,8.09434],[93.47551,8.0942],[93.47524,8.09446],[93.47471,8.09556],[93.47466,8.09661],[93.47455,8.09739],[93.47408,8.09829],[93.47277,8.0985],[93.47156,8.09897],[93.47129,8.09997],[93.47077,8.10128],[93.47045,8.10196],[93.47005,8.10224],[93.46956,8.10259],[93.46935,8.10314],[93.46929,8.10327],[93.46914,8.10416],[93.46882,8.1049],[93.46824,8.10563],[93.46793,8.10621],[93.46742,8.10639],[93.46742,8.1064],[93.46709,8.10732],[93.46675,8.10807],[93.46649,8.10859],[93.46614,8.10878],[93.46598,8.10936],[93.46598,8.10988],[93.46625,8.1103],[93.46651,8.11082],[93.46651,8.11124],[93.46646,8.11187],[93.46641,8.11245],[93.46614,8.11303],[93.46567,8.1136],[93.4653,8.11408],[93.46483,8.11444],[93.46451,8.11486],[93.46451,8.11501],[93.46449,8.11502],[93.46465,8.11611],[93.46507,8.1172],[93.46562,8.1175],[93.46583,8.11738],[93.46646,8.11733],[93.46683,8.11754],[93.46714,8.1179],[93.46762,8.11806],[93.46825,8.11811],[93.46846,8.11843],[93.46846,8.1188],[93.46825,8.11911],[93.46762,8.11922],[93.46704,8.11922],[93.46655,8.11919],[93.46642,8.11929],[93.46613,8.11953],[93.46558,8.11996],[93.46501,8.11994],[93.46499,8.1199],[93.46462,8.11958],[93.46441,8.11943],[93.46399,8.11916],[93.46351,8.11911],[93.46309,8.11917],[93.46236,8.11917],[93.46188,8.11922],[93.46187,8.11925],[93.46171,8.11921],[93.46133,8.11971],[93.46113,8.11997],[93.45995,8.12273],[93.45945,8.1239],[93.4592,8.12487],[93.4592,8.12491],[93.4602,8.12491],[93.46054,8.12575],[93.46061,8.12639],[93.46057,8.12682],[93.46041,8.12745],[93.46031,8.12803],[93.45999,8.12882],[93.45952,8.12955],[93.4591,8.13065],[93.45899,8.1317],[93.459,8.13238],[93.45904,8.13275],[93.45886,8.13295],[93.45912,8.13404],[93.45951,8.13477],[93.45968,8.1348],[93.46,8.13516],[93.46037,8.13558],[93.46084,8.13611],[93.4611,8.13653],[93.46113,8.13676],[93.46189,8.13705],[93.46266,8.13688],[93.46284,8.137],[93.46337,8.13757],[93.46373,8.13799],[93.46416,8.13852],[93.46489,8.13899],[93.46553,8.13956],[93.46526,8.14019],[93.46489,8.14103],[93.46453,8.14156],[93.46395,8.14214],[93.46374,8.14271],[93.46332,8.14329],[93.46269,8.14381],[93.46216,8.14397],[93.46153,8.14392],[93.461,8.14355],[93.46053,8.14319],[93.45995,8.14277],[93.45916,8.14282],[93.45853,8.14295],[93.4582,8.14291],[93.45746,8.14372],[93.45705,8.14392],[93.45658,8.1445],[93.45637,8.14529],[93.45637,8.14579],[93.45601,8.14635],[93.45593,8.14769],[93.45593,8.14886],[93.45593,8.14924],[93.45564,8.14974],[93.45553,8.15069],[93.45553,8.15137],[93.45606,8.15289],[93.45606,8.15352],[93.45601,8.15404],[93.4558,8.15446],[93.4558,8.15525],[93.45617,8.15593],[93.45617,8.15646],[93.45643,8.15709],[93.45664,8.15792],[93.45664,8.15824],[93.45664,8.15871],[93.45648,8.15939],[93.45622,8.16013],[93.45596,8.16091],[93.4558,8.16181],[93.45554,8.16286],[93.45538,8.16354],[93.45501,8.16453],[93.45475,8.16564],[93.45438,8.16621],[93.4538,8.16721],[93.45375,8.16805],[93.4538,8.16857],[93.45401,8.16904],[93.45491,8.16841],[93.45549,8.16841],[93.45559,8.16899],[93.45559,8.16967],[93.45554,8.17056],[93.45517,8.17177],[93.45486,8.17251],[93.45486,8.17308],[93.45475,8.17392],[93.45486,8.1746],[93.45518,8.17518],[93.45596,8.17581],[93.45654,8.17633],[93.45723,8.17654],[93.45786,8.17707],[93.45855,8.17775],[93.45891,8.17843],[93.45902,8.17895],[93.45949,8.17964],[93.46023,8.17979],[93.46165,8.17995],[93.4626,8.18005],[93.46349,8.18031],[93.46439,8.18042],[93.46497,8.18042],[93.46618,8.18052],[93.46749,8.18057],[93.46855,8.18073],[93.46928,8.1811],[93.47018,8.18115],[93.47113,8.18178],[93.47181,8.18236],[93.47286,8.18319],[93.47413,8.18346],[93.47508,8.18366],[93.47602,8.18398],[93.47692,8.18456],[93.47781,8.18524],[93.47855,8.18634],[93.47879,8.18663],[93.47882,8.18733],[93.47945,8.18823],[93.47997,8.18917],[93.48071,8.1898],[93.48119,8.19069],[93.48124,8.19142],[93.48124,8.19143],[93.4815,8.1921],[93.48245,8.19305],[93.48303,8.19352],[93.48403,8.19431],[93.48462,8.19465],[93.48466,8.19467],[93.48619,8.19556],[93.48703,8.19598],[93.48808,8.19656],[93.48847,8.19664],[93.48859,8.19667],[93.48877,8.19671],[93.48882,8.19677],[93.48914,8.1974],[93.48961,8.19813],[93.4903,8.19871],[93.49093,8.19955],[93.49093,8.2006],[93.49082,8.20149],[93.49056,8.20206],[93.4903,8.20327],[93.49077,8.20421],[93.49133,8.20484],[93.49151,8.20544],[93.49178,8.20554],[93.49188,8.20589],[93.49204,8.20647],[93.49225,8.2071],[93.49267,8.20794],[93.49299,8.20888],[93.49304,8.20977],[93.49288,8.21045],[93.49267,8.21114],[93.4923,8.21213],[93.4922,8.21292],[93.49204,8.21376],[93.49204,8.21475],[93.49199,8.21559],[93.49189,8.21701],[93.49194,8.2179],[93.49194,8.219],[93.49194,8.21989],[93.49289,8.22136],[93.49363,8.2221],[93.49426,8.22272],[93.49484,8.22293],[93.49563,8.22325],[93.49626,8.22367],[93.4971,8.22403],[93.49794,8.2243],[93.49808,8.22428],[93.49942,8.2247],[93.50018,8.22478],[93.50136,8.22503],[93.50228,8.2252],[93.50346,8.22562],[93.50472,8.2262],[93.50649,8.22645],[93.50741,8.22746],[93.50876,8.22838],[93.50941,8.2287],[93.51058,8.22822],[93.51142,8.22817],[93.51316,8.22848],[93.51421,8.22869],[93.51469,8.22916],[93.51482,8.22937],[93.51522,8.23],[93.51579,8.23063],[93.51643,8.23079],[93.51706,8.23084],[93.51801,8.23105],[93.51869,8.23136],[93.51916,8.23178],[93.51959,8.23225],[93.52001,8.23272],[93.52043,8.23292],[93.52044,8.23297],[93.5212,8.23381],[93.52271,8.23373],[93.52355,8.23348],[93.52439,8.2328],[93.52498,8.23205]]],[[[92.78947,9.24276],[92.79123,9.24218],[92.7925,9.24208],[92.79299,9.24053],[92.79465,9.23908],[92.79846,9.23511],[92.79934,9.23366],[92.801,9.23221],[92.80227,9.23086],[92.80344,9.22931],[92.80607,9.22708],[92.80705,9.22621],[92.80822,9.22505],[92.81057,9.2235],[92.81213,9.22253],[92.8135,9.22128],[92.81516,9.21934],[92.81711,9.21672],[92.81828,9.21498],[92.82014,9.21082],[92.8219,9.20529],[92.82269,9.20297],[92.82367,9.19948],[92.82504,9.19512],[92.82562,9.1927],[92.82631,9.18999],[92.82631,9.18737],[92.82573,9.18301],[92.82525,9.18088],[92.82505,9.17942],[92.82492,9.17946],[92.82532,9.17883],[92.82576,9.17804],[92.82647,9.17761],[92.8272,9.17749],[92.82847,9.17584],[92.82974,9.17245],[92.83004,9.1709],[92.83102,9.16751],[92.8318,9.16363],[92.83093,9.15937],[92.82977,9.15423],[92.82879,9.15152],[92.8286,9.14861],[92.82861,9.14551],[92.8292,9.14173],[92.82959,9.13873],[92.82969,9.13795],[92.82696,9.13872],[92.82345,9.13794],[92.8214,9.13717],[92.81955,9.13581],[92.81711,9.13474],[92.81399,9.13192],[92.81263,9.13037],[92.81234,9.12814],[92.81244,9.1264],[92.81264,9.12543],[92.81108,9.12446],[92.80854,9.12349],[92.80777,9.12232],[92.8063,9.12184],[92.80455,9.12106],[92.8025,9.1197],[92.7989,9.11902],[92.79704,9.11892],[92.79539,9.11872],[92.79275,9.11843],[92.78934,9.11833],[92.7869,9.11832],[92.78437,9.11861],[92.78242,9.11929],[92.78085,9.12016],[92.77822,9.12141],[92.77597,9.12364],[92.77383,9.12596],[92.77256,9.12693],[92.77129,9.1278],[92.76983,9.12809],[92.76918,9.12866],[92.76836,9.12741],[92.76817,9.12692],[92.76797,9.12644],[92.7671,9.12731],[92.76593,9.12731],[92.76505,9.12566],[92.76359,9.12508],[92.76183,9.12488],[92.75969,9.12517],[92.75861,9.12614],[92.75783,9.12672],[92.75569,9.12671],[92.75423,9.12623],[92.75237,9.12564],[92.75013,9.12545],[92.74857,9.12554],[92.74701,9.12544],[92.74457,9.12553],[92.74272,9.12505],[92.74175,9.12408],[92.74009,9.12378],[92.73882,9.12349],[92.73629,9.12329],[92.73327,9.12319],[92.73014,9.12455],[92.73004,9.12542],[92.73014,9.12687],[92.72946,9.12687],[92.72731,9.1289],[92.72623,9.13045],[92.72613,9.1322],[92.72642,9.13413],[92.72642,9.13646],[92.72622,9.1382],[92.72515,9.13956],[92.72339,9.1412],[92.72163,9.14275],[92.72085,9.1442],[92.71968,9.14575],[92.71967,9.14885],[92.71967,9.15099],[92.71908,9.15263],[92.71898,9.15447],[92.71869,9.15748],[92.71859,9.15903],[92.71849,9.16029],[92.71878,9.16252],[92.71926,9.16649],[92.71955,9.16804],[92.72071,9.16998],[92.7213,9.17289],[92.72129,9.17493],[92.72129,9.17783],[92.72138,9.17967],[92.72138,9.18113],[92.72157,9.18413],[92.72137,9.1853],[92.72037,9.1864],[92.72013,9.18718],[92.72013,9.18814],[92.72013,9.18911],[92.72022,9.19059],[92.72021,9.19165],[92.72021,9.1934],[92.7203,9.19515],[92.72038,9.1962],[92.72054,9.19789],[92.72058,9.19799],[92.72152,9.19926],[92.72152,9.19976],[92.72127,9.20043],[92.72119,9.20102],[92.72135,9.20186],[92.72152,9.20378],[92.72152,9.20453],[92.72101,9.20646],[92.72109,9.20788],[92.72109,9.20989],[92.72117,9.21182],[92.72209,9.21475],[92.72335,9.21735],[92.72461,9.21902],[92.72706,9.21987],[92.72916,9.21987],[92.73119,9.21945],[92.73237,9.2192],[92.73338,9.21845],[92.73422,9.2177],[92.73515,9.2172],[92.73591,9.21619],[92.73667,9.21603],[92.73768,9.21603],[92.73869,9.21611],[92.73979,9.2167],[92.7413,9.21704],[92.7429,9.21696],[92.744,9.21621],[92.74468,9.21537],[92.74535,9.21462],[92.74594,9.2137],[92.74662,9.21294],[92.74662,9.21227],[92.7478,9.21228],[92.74889,9.2127],[92.75007,9.21312],[92.75167,9.21471],[92.75319,9.2153],[92.75453,9.21555],[92.75614,9.21555],[92.75782,9.21564],[92.75925,9.21556],[92.7606,9.21539],[92.76237,9.21531],[92.76507,9.21515],[92.76633,9.2154],[92.76987,9.21808],[92.77113,9.21993],[92.77143,9.22053],[92.77172,9.2211],[92.77172,9.2221],[92.77172,9.22303],[92.77104,9.22378],[92.77112,9.22495],[92.77129,9.22587],[92.77163,9.22721],[92.77171,9.22813],[92.77297,9.22889],[92.77375,9.22918],[92.77432,9.22939],[92.77499,9.2299],[92.77575,9.23165],[92.776,9.23341],[92.77617,9.23425],[92.77633,9.23551],[92.77583,9.23659],[92.77515,9.23701],[92.77422,9.23726],[92.7738,9.23802],[92.7738,9.23869],[92.77397,9.23927],[92.77481,9.23936],[92.77523,9.23902],[92.77608,9.23936],[92.77675,9.23995],[92.77784,9.24011],[92.77805,9.24053],[92.77818,9.24078],[92.77843,9.24154],[92.77877,9.24279],[92.77902,9.24439],[92.77902,9.24531],[92.77902,9.24614],[92.77897,9.24649],[92.77893,9.24681],[92.77851,9.2474],[92.77775,9.24857],[92.77733,9.24966],[92.7769,9.25075],[92.77665,9.25158],[92.77623,9.25234],[92.77564,9.2525],[92.77564,9.25317],[92.77538,9.25376],[92.77496,9.25409],[92.77479,9.25501],[92.77462,9.25619],[92.77479,9.25635],[92.7758,9.25686],[92.77664,9.25694],[92.77749,9.25686],[92.77824,9.25636],[92.7785,9.2556],[92.7785,9.2546],[92.7785,9.2541],[92.77951,9.25309],[92.77979,9.25282],[92.78036,9.25226],[92.78037,9.25218],[92.78215,9.25021],[92.78312,9.24876],[92.78439,9.24799],[92.78596,9.24692],[92.78703,9.24615],[92.78781,9.24508],[92.7883,9.24402],[92.78947,9.24276]]],[[[93.12734,8.35559],[93.12787,8.35542],[93.12815,8.35513],[93.12833,8.35474],[93.12833,8.35425],[93.12833,8.35375],[93.12844,8.35336],[93.12854,8.3529],[93.12869,8.35244],[93.12897,8.35206],[93.12929,8.35177],[93.12943,8.35165],[93.12976,8.35156],[93.13003,8.35148],[93.13021,8.35134],[93.13037,8.35111],[93.13053,8.35084],[93.13069,8.35068],[93.13088,8.35047],[93.13088,8.35018],[93.13088,8.34994],[93.13081,8.34944],[93.13089,8.34923],[93.13124,8.34887],[93.13153,8.34866],[93.13178,8.34852],[93.13206,8.34841],[93.13266,8.34831],[93.13337,8.34831],[93.1339,8.3484],[93.13413,8.34835],[93.13466,8.34838],[93.13517,8.34854],[93.13551,8.34851],[93.13575,8.34848],[93.13592,8.34847],[93.1361,8.34846],[93.13637,8.34841],[93.13655,8.34838],[93.13677,8.34832],[93.13692,8.34832],[93.13783,8.34832],[93.1381,8.34832],[93.13828,8.34822],[93.13836,8.34814],[93.13863,8.34787],[93.13906,8.34782],[93.13946,8.34779],[93.14012,8.34771],[93.14063,8.34769],[93.14116,8.34769],[93.14118,8.34769],[93.14172,8.34766],[93.14252,8.34729],[93.14273,8.34697],[93.14281,8.34673],[93.14286,8.34641],[93.14289,8.34612],[93.14292,8.34586],[93.14292,8.34546],[93.14292,8.34519],[93.14292,8.34461],[93.14289,8.34408],[93.14297,8.34352],[93.143,8.34313],[93.14297,8.34286],[93.14292,8.34257],[93.14292,8.34228],[93.14295,8.34193],[93.14287,8.34153],[93.14265,8.34124],[93.14247,8.3409],[93.14244,8.34086],[93.14241,8.34066],[93.14213,8.34037],[93.14211,8.34028],[93.1419,8.33979],[93.14172,8.33926],[93.14144,8.33873],[93.14115,8.33752],[93.14105,8.33664],[93.14105,8.33572],[93.14105,8.33498],[93.14137,8.33424],[93.1414,8.33346],[93.1414,8.33264],[93.1413,8.33211],[93.14098,8.33134],[93.14094,8.33056],[93.14094,8.32999],[93.14009,8.32844],[93.14002,8.32798],[93.13935,8.32645],[93.13899,8.32543],[93.13881,8.32522],[93.138,8.32409],[93.13768,8.32338],[93.13711,8.32249],[93.13665,8.32196],[93.13597,8.32115],[93.13516,8.31995],[93.13438,8.31896],[93.13381,8.31804],[93.13329,8.31687],[93.13331,8.31631],[93.13331,8.31572],[93.13305,8.31509],[93.13262,8.31437],[93.13233,8.31389],[93.1323,8.31331],[93.13236,8.31281],[93.13241,8.31225],[93.1323,8.31169],[93.13201,8.31114],[93.13174,8.31074],[93.13153,8.31026],[93.13137,8.31005],[93.13137,8.30984],[93.13148,8.30957],[93.13164,8.30931],[93.13169,8.30901],[93.13169,8.3088],[93.13168,8.30865],[93.13166,8.30862],[93.13166,8.30851],[93.13166,8.30841],[93.13166,8.30824],[93.13169,8.30803],[93.13169,8.30777],[93.1318,8.30753],[93.13193,8.30729],[93.13206,8.3071],[93.13209,8.30708],[93.13229,8.30675],[93.13229,8.30622],[93.13229,8.3053],[93.13229,8.30449],[93.13229,8.30371],[93.13229,8.30311],[93.13246,8.30258],[93.13278,8.30205],[93.13282,8.30156],[93.13239,8.30064],[93.13197,8.29993],[93.13165,8.29908],[93.13137,8.29855],[93.13133,8.29763],[93.13108,8.29668],[93.13108,8.2959],[93.13087,8.2953],[93.13059,8.29473],[93.13041,8.29406],[93.1303,8.29339],[93.13016,8.29289],[93.12984,8.2924],[93.12952,8.29172],[93.12931,8.29137],[93.12912,8.29126],[93.12903,8.29099],[93.12811,8.28937],[93.12807,8.28918],[93.128,8.28872],[93.12768,8.28805],[93.12743,8.28766],[93.12718,8.2872],[93.12682,8.28656],[93.12656,8.2859],[93.12656,8.28562],[93.12643,8.28514],[93.12629,8.28469],[93.12597,8.2836],[93.12589,8.28318],[93.12568,8.28188],[93.12568,8.28151],[93.12568,8.28095],[93.12568,8.2806],[93.12568,8.28023],[93.12568,8.27962],[93.12568,8.27923],[93.12571,8.27785],[93.12576,8.27726],[93.1259,8.27676],[93.12606,8.27647],[93.12614,8.27615],[93.12619,8.27598],[93.12682,8.275],[93.12766,8.27324],[93.12893,8.27047],[93.13029,8.26852],[93.1305,8.2679],[93.13066,8.2675],[93.13082,8.26721],[93.13096,8.26689],[93.13117,8.26658],[93.13136,8.26628],[93.13189,8.26589],[93.13224,8.26559],[93.13248,8.26546],[93.1325,8.26546],[93.13313,8.26445],[93.13456,8.26269],[93.13658,8.26026],[93.13927,8.25783],[93.14179,8.25507],[93.14266,8.25429],[93.14499,8.25222],[93.14709,8.24996],[93.14713,8.24991],[93.14936,8.24737],[93.15226,8.24488],[93.15229,8.2447],[93.15256,8.24433],[93.1528,8.24393],[93.15322,8.24351],[93.15362,8.24321],[93.154,8.24298],[93.1553,8.24207],[93.15567,8.24178],[93.1561,8.24141],[93.1565,8.24123],[93.15724,8.24109],[93.15778,8.24091],[93.15834,8.24091],[93.15854,8.24091],[93.16104,8.24025],[93.16525,8.23783],[93.16987,8.23582],[93.17233,8.23432],[93.17251,8.23431],[93.17266,8.23417],[93.17314,8.23404],[93.17351,8.2338],[93.17394,8.23356],[93.17447,8.23327],[93.17522,8.23274],[93.17594,8.23229],[93.17692,8.23142],[93.17721,8.23099],[93.17759,8.23067],[93.17948,8.22967],[93.18169,8.22861],[93.18488,8.22744],[93.18667,8.22693],[93.18802,8.22654],[93.18909,8.22643],[93.18968,8.22635],[93.19037,8.22603],[93.19066,8.22577],[93.19151,8.22556],[93.19194,8.22542],[93.1925,8.2254],[93.19308,8.22519],[93.19351,8.22505],[93.19391,8.22503],[93.19408,8.22494],[93.19551,8.22276],[93.19561,8.22247],[93.19582,8.22235],[93.1961,8.22196],[93.19624,8.2215],[93.19627,8.22118],[93.19628,8.22104],[93.19646,8.22051],[93.19702,8.22023],[93.19728,8.22017],[93.19772,8.21988],[93.19781,8.21966],[93.19823,8.2192],[93.19866,8.21912],[93.19876,8.2191],[93.19923,8.21896],[93.19965,8.21885],[93.20007,8.21872],[93.20011,8.21871],[93.20047,8.21857],[93.20079,8.2185],[93.201,8.21851],[93.20324,8.21681],[93.20392,8.21604],[93.20427,8.21528],[93.20466,8.21457],[93.20455,8.21298],[93.20452,8.21224],[93.20423,8.21157],[93.20418,8.21135],[93.20412,8.21111],[93.20352,8.21005],[93.20346,8.20971],[93.20352,8.20906],[93.20347,8.20872],[93.20344,8.20792],[93.20339,8.20755],[93.20334,8.2071],[93.20334,8.20654],[93.20334,8.20596],[93.20331,8.20532],[93.20326,8.20484],[93.20318,8.20458],[93.20318,8.20421],[93.20322,8.2041],[93.20313,8.20393],[93.2031,8.20297],[93.2031,8.20241],[93.2031,8.20181],[93.20306,8.20124],[93.20271,8.20067],[93.20249,8.20007],[93.20247,8.20005],[93.20249,8.19993],[93.20249,8.19961],[93.20232,8.19938],[93.20211,8.19893],[93.20195,8.19853],[93.20185,8.19808],[93.20185,8.19776],[93.2019,8.19747],[93.20193,8.19726],[93.20193,8.19724],[93.20175,8.19703],[93.20132,8.19657],[93.20079,8.19622],[93.20019,8.19611],[93.20018,8.19611],[93.19968,8.19569],[93.19937,8.19565],[93.19866,8.19548],[93.19777,8.19537],[93.19718,8.19519],[93.19706,8.19516],[93.19632,8.19491],[93.19549,8.19484],[93.1954,8.19484],[93.19492,8.19487],[93.19439,8.1949],[93.19373,8.19497],[93.19319,8.19497],[93.19271,8.19495],[93.19208,8.19492],[93.19138,8.19492],[93.1904,8.19458],[93.19007,8.19441],[93.18957,8.19441],[93.18879,8.19413],[93.18812,8.19424],[93.18773,8.19459],[93.18754,8.19482],[93.18741,8.19498],[93.18684,8.19533],[93.18609,8.19554],[93.18528,8.19572],[93.18468,8.19607],[93.184,8.19646],[93.18322,8.19664],[93.18288,8.1967],[93.1819,8.1973],[93.18055,8.19738],[93.17996,8.1978],[93.17964,8.19808],[93.17949,8.19841],[93.17917,8.19887],[93.17875,8.19922],[93.1784,8.19925],[93.178,8.19929],[93.17759,8.19964],[93.17754,8.19968],[93.17715,8.20018],[93.17616,8.20071],[93.17537,8.20102],[93.17424,8.20131],[93.17367,8.20141],[93.17324,8.2017],[93.17271,8.20201],[93.17214,8.20212],[93.17157,8.20205],[93.17154,8.20205],[93.17108,8.20187],[93.17051,8.20177],[93.16977,8.20173],[93.16895,8.20159],[93.16822,8.20137],[93.16813,8.20134],[93.16749,8.20123],[93.16661,8.20123],[93.16593,8.20127],[93.16522,8.20148],[93.16466,8.20165],[93.16433,8.20224],[93.16332,8.20232],[93.16214,8.20215],[93.16105,8.20257],[93.16021,8.20307],[93.15979,8.20366],[93.15979,8.20441],[93.15979,8.20559],[93.15929,8.2059],[93.15928,8.20611],[93.15928,8.20635],[93.1593,8.20661],[93.15928,8.20677],[93.15912,8.20688],[93.15898,8.20685],[93.15869,8.20659],[93.15851,8.2064],[93.15825,8.20657],[93.15821,8.20664],[93.158,8.20682],[93.15778,8.20698],[93.15757,8.20717],[93.15733,8.20717],[93.15728,8.20715],[93.15713,8.20721],[93.15628,8.20728],[93.15574,8.20728],[93.1551,8.20728],[93.15425,8.20728],[93.15361,8.20746],[93.15326,8.20799],[93.15312,8.20836],[93.15308,8.20848],[93.15287,8.20901],[93.15255,8.20958],[93.15187,8.20997],[93.15123,8.21028],[93.15063,8.21064],[93.14999,8.21085],[93.14974,8.21087],[93.14945,8.21111],[93.14886,8.21128],[93.1482,8.21148],[93.14815,8.21159],[93.14768,8.21205],[93.14712,8.21241],[93.14658,8.21276],[93.14598,8.2129],[93.14531,8.21311],[93.14504,8.21311],[93.14495,8.21321],[93.14466,8.21343],[93.14442,8.21348],[93.1439,8.21396],[93.14315,8.21454],[93.14305,8.21462],[93.14282,8.21467],[93.1425,8.21481],[93.14222,8.21495],[93.14183,8.2153],[93.1414,8.21559],[93.14065,8.21601],[93.14019,8.21626],[93.13877,8.21686],[93.13868,8.21697],[93.13831,8.21704],[93.13771,8.21711],[93.13714,8.21718],[93.13636,8.21771],[93.13586,8.21817],[93.13584,8.21822],[93.13508,8.21881],[93.13424,8.2194],[93.13357,8.21966],[93.13352,8.21979],[93.13306,8.22015],[93.13224,8.22039],[93.13167,8.2205],[93.13064,8.22043],[93.13036,8.22029],[93.1302,8.22032],[93.12911,8.22074],[93.12751,8.2214],[93.126,8.22249],[93.12541,8.22266],[93.12465,8.22266],[93.1239,8.22274],[93.12325,8.22315],[93.12262,8.22336],[93.12219,8.22347],[93.1218,8.22364],[93.12132,8.22394],[93.12078,8.22406],[93.12074,8.22428],[93.12067,8.22499],[93.12021,8.22552],[93.11989,8.22612],[93.11974,8.22633],[93.11935,8.22676],[93.1191,8.22688],[93.11893,8.22697],[93.11829,8.22704],[93.11772,8.22739],[93.11644,8.2282],[93.11619,8.2287],[93.11616,8.22912],[93.11619,8.2299],[93.11619,8.2299],[93.11637,8.23054],[93.11669,8.23132],[93.11662,8.23199],[93.1163,8.23241],[93.11545,8.23312],[93.11463,8.23351],[93.11413,8.23368],[93.11356,8.23372],[93.11293,8.23376],[93.11284,8.23377],[93.11222,8.2339],[93.11175,8.23421],[93.11111,8.23471],[93.11048,8.23563],[93.11046,8.23578],[93.1104,8.2363],[93.11019,8.23669],[93.10984,8.23708],[93.1092,8.23754],[93.10856,8.23803],[93.10802,8.23828],[93.10756,8.2387],[93.10731,8.23916],[93.10707,8.23973],[93.10678,8.24015],[93.10643,8.24047],[93.10593,8.24065],[93.10543,8.24114],[93.10497,8.24157],[93.10444,8.2422],[93.10405,8.24291],[93.1039,8.24362],[93.1038,8.24433],[93.10355,8.24493],[93.10328,8.24517],[93.10322,8.24599],[93.10156,8.24641],[93.10114,8.24723],[93.10059,8.24985],[93.10045,8.25315],[93.09948,8.25438],[93.09865,8.25576],[93.09769,8.25741],[93.09492,8.26071],[93.08857,8.26814],[93.0885,8.26828],[93.08719,8.27103],[93.08636,8.27405],[93.08511,8.27639],[93.08497,8.27873],[93.08443,8.28295],[93.08468,8.28343],[93.085,8.28439],[93.08504,8.28527],[93.08504,8.28612],[93.08511,8.28711],[93.08518,8.28799],[93.08518,8.2887],[93.08518,8.28934],[93.08511,8.2899],[93.08504,8.2904],[93.08496,8.29082],[93.08475,8.2915],[93.08454,8.29203],[93.08436,8.2928],[93.08429,8.29337],[93.08425,8.29401],[93.08429,8.2945],[93.08432,8.29496],[93.08439,8.29539],[93.0845,8.29595],[93.08464,8.29666],[93.08493,8.2979],[93.08493,8.29853],[93.08492,8.29925],[93.0851,8.2995],[93.08552,8.30308],[93.08565,8.30666],[93.08952,8.31299],[93.09131,8.31725],[93.09283,8.32055],[93.09476,8.32358],[93.09476,8.32455],[93.09486,8.32464],[93.095,8.3251],[93.09514,8.3257],[93.0951,8.32658],[93.09517,8.32754],[93.09546,8.32846],[93.09546,8.3292],[93.09546,8.32987],[93.09539,8.33075],[93.09528,8.3315],[93.09514,8.33238],[93.09457,8.33316],[93.09449,8.33325],[93.09489,8.33596],[93.09508,8.33816],[93.0951,8.33822],[93.09531,8.33878],[93.09552,8.33947],[93.09779,8.34078],[93.0998,8.34142],[93.09986,8.34147],[93.10039,8.34214],[93.10081,8.34299],[93.10138,8.34388],[93.10174,8.34434],[93.10184,8.34515],[93.10245,8.346],[93.10277,8.34632],[93.1033,8.34653],[93.10387,8.34671],[93.10444,8.34685],[93.1049,8.34703],[93.10525,8.34752],[93.10546,8.34844],[93.10571,8.3489],[93.10625,8.34922],[93.10664,8.34922],[93.10717,8.34915],[93.10756,8.34901],[93.10786,8.34876],[93.10799,8.34865],[93.10848,8.34819],[93.10898,8.34791],[93.10911,8.34788],[93.10962,8.34777],[93.11022,8.34756],[93.11079,8.34742],[93.11129,8.34738],[93.1121,8.34735],[93.11282,8.34717],[93.11342,8.3471],[93.11349,8.34709],[93.11353,8.34714],[93.11381,8.34745],[93.11434,8.34788],[93.11484,8.34827],[93.11541,8.3488],[93.11608,8.34943],[93.11661,8.34961],[93.11715,8.34961],[93.11779,8.34968],[93.1186,8.34951],[93.11913,8.34954],[93.11967,8.34997],[93.12009,8.35029],[93.12066,8.35103],[93.12151,8.35177],[93.12197,8.35209],[93.12304,8.35283],[93.12332,8.35315],[93.12375,8.35354],[93.12414,8.354],[93.12457,8.35421],[93.12506,8.35464],[93.1256,8.35503],[93.12602,8.35519],[93.12616,8.35532],[93.12635,8.35553],[93.12659,8.35559],[93.12699,8.35559],[93.12703,8.35557],[93.12734,8.35559]]],[[[93.54775,8.02614],[93.54814,8.02594],[93.54873,8.02614],[93.54906,8.02656],[93.54929,8.027],[93.54953,8.02723],[93.54967,8.02731],[93.55021,8.02726],[93.55065,8.02726],[93.55147,8.02726],[93.55256,8.02684],[93.55332,8.02692],[93.55433,8.02658],[93.55435,8.02657],[93.55444,8.0264],[93.55465,8.02626],[93.55483,8.02617],[93.55501,8.02613],[93.55542,8.02566],[93.55601,8.02524],[93.55631,8.02522],[93.55663,8.02519],[93.55665,8.02515],[93.55679,8.02498],[93.55708,8.02484],[93.55741,8.0248],[93.55774,8.0248],[93.55808,8.0248],[93.55813,8.02483],[93.55839,8.02497],[93.55854,8.025],[93.55874,8.02497],[93.55903,8.02489],[93.55927,8.02477],[93.55952,8.02475],[93.55987,8.02493],[93.56021,8.02506],[93.56047,8.02506],[93.56081,8.02497],[93.56092,8.02471],[93.56078,8.02435],[93.56054,8.02391],[93.56063,8.02369],[93.56085,8.02356],[93.56127,8.02351],[93.56147,8.02353],[93.56175,8.02374],[93.56196,8.02389],[93.56227,8.02409],[93.56245,8.02431],[93.56245,8.02468],[93.56245,8.02497],[93.56264,8.02507],[93.56348,8.02482],[93.56436,8.02387],[93.56458,8.02371],[93.56491,8.0234],[93.56522,8.023],[93.5654,8.02269],[93.56542,8.02223],[93.56544,8.02192],[93.56544,8.02156],[93.56544,8.02154],[93.56546,8.02121],[93.56557,8.02102],[93.56575,8.0207],[93.56589,8.02041],[93.56597,8.02017],[93.56602,8.01981],[93.56613,8.01944],[93.56613,8.01902],[93.56617,8.01853],[93.56624,8.01807],[93.56628,8.01769],[93.56628,8.01736],[93.56618,8.01708],[93.56625,8.01686],[93.5663,8.01678],[93.56648,8.01618],[93.56659,8.01576],[93.56681,8.01548],[93.56715,8.01514],[93.5675,8.0149],[93.56786,8.01466],[93.56821,8.01437],[93.56841,8.01406],[93.56854,8.01359],[93.56857,8.01336],[93.56877,8.01309],[93.56969,8.01225],[93.56972,8.01225],[93.56985,8.01204],[93.5701,8.01187],[93.57023,8.01162],[93.57032,8.01138],[93.57049,8.01123],[93.57081,8.011],[93.5712,8.01089],[93.57145,8.01078],[93.57149,8.01076],[93.57165,8.01047],[93.57171,8.01012],[93.57178,8.00959],[93.57185,8.00917],[93.57198,8.0087],[93.57222,8.00813],[93.57247,8.00751],[93.57289,8.007],[93.57313,8.00658],[93.57349,8.00629],[93.57378,8.00576],[93.57409,8.00532],[93.57444,8.00481],[93.57466,8.00425],[93.57499,8.0037],[93.57519,8.00335],[93.57539,8.00295],[93.57553,8.00248],[93.5757,8.00204],[93.57586,8.00149],[93.57588,8.001],[93.57606,8.00049],[93.57652,7.99974],[93.57686,7.99934],[93.5773,7.99896],[93.57774,7.99863],[93.57816,7.99834],[93.57861,7.99805],[93.57894,7.99777],[93.57921,7.99746],[93.57945,7.99706],[93.57961,7.99655],[93.57978,7.99608],[93.57978,7.99569],[93.57985,7.99527],[93.57987,7.99493],[93.58014,7.99462],[93.5804,7.99423],[93.58067,7.99367],[93.58093,7.99336],[93.5812,7.9931],[93.58153,7.99281],[93.58202,7.99254],[93.58227,7.99239],[93.58242,7.99217],[93.58244,7.99188],[93.58231,7.99155],[93.58211,7.99128],[93.58204,7.99119],[93.58189,7.99082],[93.58191,7.99042],[93.58193,7.99002],[93.58191,7.98953],[93.58174,7.98935],[93.58158,7.98918],[93.58131,7.98903],[93.5811,7.98897],[93.58095,7.98894],[93.58066,7.98872],[93.58035,7.98836],[93.57982,7.98823],[93.57949,7.98772],[93.57962,7.98708],[93.57998,7.98673],[93.58022,7.98637],[93.58044,7.98606],[93.58091,7.98586],[93.58126,7.98566],[93.58164,7.98535],[93.58197,7.98515],[93.58203,7.98515],[93.58244,7.98486],[93.58274,7.98451],[93.58277,7.98431],[93.5828,7.98408],[93.58281,7.98391],[93.58281,7.98356],[93.58264,7.9831],[93.58241,7.9827],[93.58208,7.98237],[93.58193,7.9823],[93.5817,7.98219],[93.58137,7.98204],[93.58128,7.98206],[93.58104,7.98206],[93.58075,7.98203],[93.58063,7.98192],[93.58055,7.98184],[93.58033,7.98153],[93.58013,7.98104],[93.58006,7.98051],[93.57999,7.98022],[93.57995,7.97982],[93.57983,7.97953],[93.57983,7.97951],[93.57983,7.979],[93.57983,7.97855],[93.57983,7.97842],[93.57989,7.97765],[93.58008,7.97716],[93.5801,7.9771],[93.58028,7.97679],[93.58057,7.97661],[93.58076,7.97648],[93.58085,7.97642],[93.58117,7.97624],[93.58156,7.97604],[93.58185,7.97591],[93.58194,7.97555],[93.58183,7.97511],[93.58176,7.97488],[93.5817,7.97469],[93.58181,7.9742],[93.58198,7.97396],[93.58214,7.97374],[93.58232,7.97352],[93.58232,7.97307],[93.58232,7.97279],[93.58232,7.97243],[93.58243,7.97203],[93.58263,7.97168],[93.58269,7.97146],[93.58269,7.97121],[93.58247,7.97079],[93.58223,7.97044],[93.58211,7.97006],[93.58216,7.96969],[93.58214,7.96956],[93.5822,7.96916],[93.58234,7.96885],[93.58216,7.96865],[93.5818,7.96871],[93.58158,7.969],[93.58123,7.96905],[93.58085,7.96885],[93.58054,7.96861],[93.58025,7.9683],[93.58012,7.96801],[93.58009,7.96772],[93.57996,7.96734],[93.57978,7.96677],[93.57971,7.96653],[93.5796,7.96602],[93.57954,7.96551],[93.57954,7.96511],[93.57958,7.96467],[93.57976,7.96434],[93.57993,7.964],[93.58013,7.96365],[93.58031,7.96341],[93.58042,7.96321],[93.58058,7.96303],[93.58079,7.9629],[93.58133,7.96326],[93.58176,7.96319],[93.58189,7.96305],[93.58191,7.96272],[93.58191,7.96236],[93.58191,7.96203],[93.58193,7.96172],[93.58184,7.96148],[93.58182,7.96142],[93.58177,7.96128],[93.58175,7.96104],[93.5816,7.96068],[93.5814,7.96035],[93.58122,7.96009],[93.58124,7.95978],[93.58133,7.95947],[93.58144,7.95914],[93.58142,7.95843],[93.58115,7.95803],[93.58077,7.95765],[93.58053,7.95726],[93.58042,7.95686],[93.58022,7.95664],[93.58002,7.9563],[93.57968,7.95564],[93.57959,7.95515],[93.57959,7.95465],[93.57962,7.95409],[93.5797,7.95374],[93.57973,7.95361],[93.57975,7.95361],[93.58002,7.95352],[93.58008,7.95337],[93.58015,7.95323],[93.58019,7.9529],[93.58035,7.95248],[93.58041,7.95206],[93.58035,7.9515],[93.58035,7.95115],[93.58021,7.95071],[93.57992,7.95024],[93.57966,7.94984],[93.57957,7.94931],[93.57959,7.94887],[93.57977,7.94852],[93.57981,7.94841],[93.57992,7.94834],[93.57994,7.94803],[93.57977,7.9477],[93.57952,7.94739],[93.57947,7.94734],[93.57923,7.94712],[93.57932,7.94681],[93.57957,7.94675],[93.57957,7.94675],[93.57999,7.94697],[93.58023,7.9469],[93.58032,7.94661],[93.58034,7.94593],[93.58065,7.94571],[93.58092,7.94557],[93.58112,7.94531],[93.5809,7.94489],[93.58065,7.94466],[93.58052,7.94453],[93.5805,7.94437],[93.58047,7.94414],[93.58047,7.94374],[93.58047,7.94336],[93.58027,7.94292],[93.58016,7.9425],[93.58007,7.94215],[93.58011,7.94184],[93.58018,7.94181],[93.58054,7.94159],[93.5806,7.94133],[93.58061,7.94122],[93.58065,7.94088],[93.58074,7.94051],[93.58089,7.94017],[93.58094,7.94006],[93.581,7.93953],[93.58102,7.93911],[93.58091,7.93865],[93.58067,7.93825],[93.58011,7.93801],[93.5798,7.93765],[93.57954,7.93734],[93.57925,7.93703],[93.57914,7.93677],[93.57911,7.93628],[93.57914,7.93591],[93.57914,7.93551],[93.5792,7.93504],[93.57933,7.93467],[93.57938,7.93425],[93.57918,7.93383],[93.57873,7.93372],[93.57829,7.93372],[93.57791,7.93343],[93.57767,7.93312],[93.57729,7.93263],[93.57714,7.93243],[93.57695,7.93232],[93.57668,7.93141],[93.57671,7.93136],[93.57669,7.93126],[93.57667,7.93106],[93.57667,7.93089],[93.57678,7.93066],[93.5769,7.93059],[93.57705,7.93051],[93.57722,7.93044],[93.5774,7.93029],[93.57751,7.93009],[93.57754,7.93],[93.57756,7.92998],[93.57762,7.92982],[93.57755,7.92951],[93.57735,7.9294],[93.57693,7.92945],[93.57651,7.92967],[93.57607,7.92996],[93.5756,7.9302],[93.57523,7.93019],[93.57517,7.93023],[93.57488,7.93032],[93.57454,7.93033],[93.5742,7.93038],[93.57396,7.93038],[93.57325,7.93073],[93.57322,7.93088],[93.57316,7.93113],[93.57303,7.93157],[93.57261,7.93193],[93.57216,7.93215],[93.57143,7.93255],[93.57126,7.93263],[93.57119,7.93266],[93.57074,7.93284],[93.57046,7.9329],[93.57023,7.93317],[93.57014,7.93326],[93.5699,7.9335],[93.56957,7.93377],[93.5693,7.93414],[93.56877,7.93445],[93.56866,7.93447],[93.56835,7.93452],[93.56817,7.9347],[93.56797,7.93499],[93.56748,7.93501],[93.56713,7.93536],[93.56693,7.93567],[93.56653,7.93603],[93.56611,7.93614],[93.56573,7.93627],[93.56529,7.93658],[93.56502,7.93691],[93.56499,7.937],[93.56456,7.93709],[93.56429,7.93729],[93.56382,7.93762],[93.56349,7.93786],[93.56316,7.93835],[93.56297,7.93869],[93.56287,7.93888],[93.56258,7.93937],[93.56229,7.93988],[93.56203,7.94026],[93.56163,7.94063],[93.56127,7.94103],[93.56094,7.94134],[93.56052,7.94167],[93.56043,7.94172],[93.56015,7.94213],[93.55941,7.94308],[93.55895,7.94331],[93.55868,7.94358],[93.5583,7.94395],[93.55779,7.9446],[93.55753,7.94486],[93.55711,7.94515],[93.55648,7.9455],[93.55597,7.94575],[93.5552,7.94595],[93.5546,7.94619],[93.55424,7.94652],[93.55389,7.94701],[93.55378,7.9473],[93.5536,7.94772],[93.5536,7.94807],[93.55336,7.94865],[93.55294,7.94905],[93.55243,7.94947],[93.55187,7.94978],[93.55132,7.95006],[93.55058,7.9504],[93.55005,7.95064],[93.54954,7.95064],[93.54919,7.95051],[93.54892,7.95049],[93.54859,7.9506],[93.54834,7.95082],[93.54777,7.9512],[93.54746,7.95151],[93.54719,7.95186],[93.54646,7.95244],[93.54615,7.95268],[93.54604,7.95268],[93.54595,7.95241],[93.54586,7.95208],[93.54561,7.95191],[93.54535,7.95206],[93.54513,7.9523],[93.54515,7.95261],[93.54528,7.95283],[93.54544,7.95297],[93.54544,7.95334],[93.54495,7.95396],[93.54455,7.95438],[93.54424,7.95465],[93.54384,7.955],[93.54346,7.95536],[93.54322,7.95556],[93.54295,7.95569],[93.54258,7.95567],[93.54238,7.95543],[93.54224,7.95529],[93.54209,7.95525],[93.54176,7.95525],[93.54142,7.9554],[93.54118,7.95563],[93.54089,7.95587],[93.54062,7.95609],[93.54034,7.95631],[93.54011,7.95631],[93.54002,7.95627],[93.53969,7.95638],[93.5394,7.95667],[93.53914,7.957],[93.53881,7.9574],[93.53845,7.95782],[93.53823,7.95811],[93.53787,7.95844],[93.53781,7.95881],[93.53781,7.95915],[93.53787,7.9593],[93.53799,7.95937],[93.53798,7.9594],[93.53804,7.95945],[93.53803,7.95963],[93.53803,7.9599],[93.53801,7.9603],[93.53783,7.96083],[93.5377,7.96125],[93.53737,7.96193],[93.53674,7.96251],[93.53621,7.96289],[93.53559,7.96346],[93.53517,7.96386],[93.53448,7.96415],[93.53328,7.96479],[93.53273,7.96499],[93.53209,7.96537],[93.53153,7.96561],[93.53089,7.96592],[93.53047,7.96605],[93.53029,7.96632],[93.53018,7.96635],[93.53007,7.96644],[93.52982,7.96645],[93.52902,7.96696],[93.5288,7.96716],[93.52831,7.96749],[93.52772,7.96776],[93.52705,7.96794],[93.52683,7.96794],[93.52678,7.968],[93.52656,7.9682],[93.52636,7.96838],[93.52618,7.96853],[93.52596,7.96865],[93.52572,7.96876],[93.52536,7.96887],[93.52522,7.96888],[93.52499,7.96891],[93.52468,7.96904],[93.5245,7.96913],[93.5245,7.96916],[93.52447,7.9694],[93.52445,7.96953],[93.52445,7.96969],[93.52445,7.96984],[93.52461,7.97008],[93.52465,7.97017],[93.52485,7.97033],[93.52503,7.9705],[93.52512,7.97077],[93.52505,7.97101],[93.52488,7.97108],[93.52452,7.97112],[93.52426,7.97112],[93.52394,7.97112],[93.5239,7.9711],[93.52378,7.97103],[93.5237,7.97099],[93.52343,7.97082],[93.5231,7.97077],[93.52299,7.97077],[93.5229,7.97077],[93.52261,7.97075],[93.52246,7.97062],[93.52215,7.97062],[93.52195,7.97079],[93.52169,7.97119],[93.5215,7.97146],[93.52141,7.97161],[93.52111,7.97178],[93.52102,7.97183],[93.52102,7.97201],[93.52095,7.97223],[93.52075,7.97239],[93.52057,7.97272],[93.52057,7.97283],[93.52057,7.97296],[93.52048,7.97316],[93.5202,7.97341],[93.51997,7.97347],[93.51994,7.97347],[93.51964,7.97347],[93.51931,7.97361],[93.51915,7.97392],[93.51915,7.97413],[93.51915,7.97414],[93.51902,7.9744],[93.51871,7.97456],[93.51838,7.9746],[93.51804,7.97467],[93.51778,7.97482],[93.51744,7.97496],[93.51735,7.975],[93.51722,7.97513],[93.51727,7.97553],[93.51736,7.97589],[93.51745,7.97633],[93.51738,7.97657],[93.51733,7.97675],[93.51698,7.97717],[93.51698,7.97774],[93.51685,7.97821],[93.51656,7.9787],[93.51632,7.97903],[93.51605,7.97932],[93.51569,7.97956],[93.51552,7.97978],[93.51527,7.97986],[93.51479,7.98001],[93.51459,7.98007],[93.51427,7.98033],[93.51394,7.98033],[93.51372,7.98051],[93.5135,7.98076],[93.51332,7.98099],[93.5133,7.98102],[93.51292,7.98151],[93.51272,7.98175],[93.51221,7.98206],[93.51179,7.98224],[93.51149,7.98222],[93.51146,7.98222],[93.51112,7.98222],[93.51084,7.98248],[93.51052,7.98286],[93.51026,7.98321],[93.51004,7.98352],[93.50986,7.98372],[93.50968,7.98394],[93.50948,7.98416],[93.50886,7.98432],[93.50828,7.98464],[93.50812,7.98491],[93.50813,7.98496],[93.50813,7.98523],[93.50813,7.98554],[93.50809,7.98578],[93.50785,7.98608],[93.50786,7.9861],[93.50807,7.98647],[93.50854,7.98679],[93.5087,7.98715],[93.50865,7.98763],[93.50854,7.98799],[93.50844,7.98857],[93.50828,7.98873],[93.50835,7.98892],[93.50838,7.98925],[93.50838,7.98963],[93.50818,7.99005],[93.50818,7.99047],[93.50847,7.99105],[93.50855,7.99118],[93.50862,7.99151],[93.50862,7.99184],[93.50851,7.99222],[93.50827,7.99268],[93.50756,7.99357],[93.50711,7.99386],[93.50658,7.99386],[93.50607,7.99395],[93.50589,7.99417],[93.50589,7.99446],[93.50596,7.99459],[93.506,7.99468],[93.50627,7.9949],[93.50667,7.99512],[93.50674,7.99521],[93.50687,7.99536],[93.50687,7.9958],[93.50687,7.99623],[93.50674,7.99662],[93.50674,7.99665],[93.50676,7.99689],[93.50696,7.9971],[93.507,7.99715],[93.50709,7.99719],[93.5076,7.99697],[93.50778,7.99662],[93.50787,7.99667],[93.50811,7.99691],[93.50825,7.99715],[93.50849,7.99742],[93.50874,7.9976],[93.50898,7.9976],[93.50929,7.9976],[93.50934,7.9976],[93.50962,7.99764],[93.50976,7.99764],[93.50993,7.99757],[93.51027,7.99733],[93.51067,7.99728],[93.511,7.99731],[93.51127,7.99753],[93.5114,7.99782],[93.51148,7.99791],[93.51231,7.99798],[93.51246,7.99828],[93.51247,7.99828],[93.51284,7.9985],[93.51315,7.99872],[93.51327,7.99884],[93.51356,7.99893],[93.51366,7.99877],[93.514,7.99852],[93.51412,7.9983],[93.51417,7.99828],[93.51449,7.99806],[93.51473,7.99788],[93.51482,7.99761],[93.5148,7.9973],[93.51466,7.99711],[93.5146,7.99688],[93.5146,7.99653],[93.51468,7.9962],[93.51488,7.99589],[93.51491,7.99553],[93.51506,7.99531],[93.51537,7.99522],[93.51557,7.99498],[93.51581,7.99491],[93.51619,7.99483],[93.51628,7.99467],[93.51646,7.99447],[93.5167,7.99443],[93.51695,7.99436],[93.51717,7.99429],[93.51766,7.99414],[93.51786,7.99396],[93.51799,7.99384],[93.51814,7.9937],[93.51852,7.99362],[93.51861,7.99361],[93.5189,7.99356],[93.51919,7.99356],[93.51952,7.99367],[93.51965,7.99372],[93.51996,7.99403],[93.52019,7.9944],[93.52032,7.99473],[93.52034,7.99504],[93.5203,7.99535],[93.52029,7.99536],[93.52028,7.99548],[93.52023,7.9959],[93.5206,7.99632],[93.52117,7.99674],[93.52181,7.99727],[93.52197,7.99752],[93.52216,7.99752],[93.52248,7.99796],[93.52263,7.99838],[93.5227,7.99863],[93.52301,7.99883],[93.52337,7.999],[93.52338,7.999],[93.52339,7.999],[93.5237,7.99916],[93.52396,7.99916],[93.52423,7.99896],[93.52425,7.99894],[93.52447,7.99878],[93.52483,7.9988],[93.525,7.9991],[93.52501,7.99911],[93.52525,7.99944],[93.52572,7.99966],[93.52618,7.99982],[93.52625,7.99984],[93.52663,8],[93.52678,8.0007],[93.52679,8.00083],[93.52681,8.00104],[93.52705,8.00146],[93.52718,8.00162],[93.52734,8.00183],[93.52735,8.00197],[93.52738,8.00234],[93.52736,8.00267],[93.52741,8.00311],[93.52748,8.00323],[93.52763,8.00347],[93.52764,8.00372],[93.52765,8.00391],[93.5276,8.00408],[93.5275,8.0044],[93.52748,8.0049],[93.52747,8.00493],[93.52751,8.00497],[93.52771,8.00523],[93.52772,8.00524],[93.52792,8.00532],[93.52816,8.00542],[93.5287,8.00535],[93.52909,8.00533],[93.52949,8.00544],[93.52985,8.00561],[93.52991,8.00563],[93.53029,8.00575],[93.53042,8.00578],[93.53065,8.00583],[93.53107,8.00599],[93.53147,8.00614],[93.53187,8.00619],[93.53213,8.0063],[93.53218,8.00632],[93.53223,8.00654],[93.53216,8.00681],[93.53187,8.00718],[93.53147,8.00763],[93.53118,8.00818],[93.53092,8.00871],[93.53085,8.0092],[93.53085,8.00962],[93.53091,8.00981],[93.5309,8.00988],[93.5309,8.01041],[93.5309,8.01063],[93.53083,8.01092],[93.53067,8.01134],[93.53054,8.01181],[93.53048,8.01221],[93.53043,8.01265],[93.5304,8.01291],[93.53039,8.01298],[93.53039,8.013],[93.53039,8.01325],[93.53039,8.01378],[93.53039,8.0142],[93.53039,8.01451],[93.53037,8.01493],[93.53032,8.01561],[93.5303,8.01597],[93.53027,8.01619],[93.53021,8.01656],[93.53015,8.01694],[93.52992,8.01725],[93.52966,8.01761],[93.52941,8.01794],[93.52915,8.01824],[93.52906,8.01834],[93.52859,8.0188],[93.52853,8.01911],[93.52848,8.01931],[93.52848,8.01969],[93.52882,8.02035],[93.52895,8.02061],[93.5291,8.02086],[93.52911,8.02086],[93.52924,8.02099],[93.52962,8.02119],[93.53002,8.02137],[93.53006,8.02154],[93.52982,8.02179],[93.52977,8.02207],[93.52977,8.02227],[93.52979,8.02256],[93.52984,8.02294],[93.52994,8.02315],[93.52997,8.02322],[93.53011,8.02353],[93.53022,8.02387],[93.53033,8.02409],[93.53038,8.02418],[93.5308,8.02451],[93.53139,8.0248],[93.53148,8.02486],[93.53167,8.02494],[93.53176,8.02498],[93.53179,8.02499],[93.53202,8.02499],[93.53224,8.02494],[93.53228,8.02493],[93.53259,8.0249],[93.53286,8.02488],[93.53302,8.02487],[93.5331,8.02486],[93.53328,8.02475],[93.53348,8.02462],[93.53368,8.02446],[93.53399,8.02439],[93.53428,8.02435],[93.53459,8.02433],[93.53491,8.02436],[93.53497,8.02431],[93.53515,8.02406],[93.53532,8.0238],[93.53542,8.02363],[93.5355,8.02351],[93.53572,8.02322],[93.53577,8.02282],[93.53579,8.02253],[93.53585,8.02218],[93.53605,8.02183],[93.53643,8.02156],[93.53672,8.0213],[93.53681,8.02105],[93.53679,8.02087],[93.53683,8.0208],[93.53683,8.02048],[93.53687,8.02005],[93.53671,8.01966],[93.53632,8.01911],[93.53628,8.01852],[93.53639,8.01797],[93.53647,8.01757],[93.53659,8.01722],[93.53663,8.01694],[93.53675,8.01655],[93.53718,8.01667],[93.53742,8.01722],[93.53758,8.01753],[93.5377,8.01789],[93.53805,8.01796],[93.53841,8.01789],[93.5387,8.01759],[93.53876,8.01753],[93.53904,8.01714],[93.53949,8.01701],[93.53959,8.01698],[93.5403,8.01686],[93.54093,8.01674],[93.54164,8.01655],[93.54207,8.01615],[93.54223,8.0158],[93.54298,8.01509],[93.54302,8.01458],[93.54298,8.01418],[93.54255,8.0136],[93.54211,8.01328],[93.54156,8.01281],[93.54148,8.01222],[93.54172,8.01159],[93.54191,8.01108],[93.54235,8.01033],[93.54262,8.00998],[93.5429,8.00939],[93.54298,8.00903],[93.5429,8.00852],[93.5427,8.00813],[93.54258,8.0077],[93.54266,8.0073],[93.54298,8.00695],[93.54337,8.00644],[93.54396,8.00561],[93.54408,8.00529],[93.54424,8.00498],[93.54475,8.00467],[93.54514,8.00466],[93.54558,8.00423],[93.54605,8.00392],[93.54652,8.00352],[93.54688,8.00313],[93.54727,8.00281],[93.54771,8.00258],[93.54814,8.00222],[93.54842,8.00171],[93.54873,8.00136],[93.54885,8.00081],[93.54885,8.00018],[93.54877,7.99951],[93.54853,7.99892],[93.54857,7.99829],[93.54869,7.9977],[93.54924,7.99742],[93.5498,7.99719],[93.55031,7.99676],[93.5505,7.99632],[93.55074,7.99585],[93.55102,7.99577],[93.55129,7.99601],[93.55145,7.99652],[93.55149,7.99707],[93.55145,7.99797],[93.55145,7.99868],[93.55173,7.99943],[93.55181,8.00014],[93.55177,8.00065],[93.55189,8.00155],[93.55189,8.00199],[93.5515,8.00258],[93.55126,8.00321],[93.55122,8.00391],[93.55106,8.00482],[93.55106,8.0056],[93.5515,8.00663],[93.55189,8.00694],[93.55215,8.00711],[93.55227,8.00729],[93.5523,8.00753],[93.55221,8.00779],[93.55188,8.00809],[93.55159,8.00826],[93.55129,8.00856],[93.55129,8.00871],[93.55134,8.0088],[93.55112,8.00894],[93.55094,8.00918],[93.55076,8.00942],[93.55064,8.00977],[93.55052,8.0103],[93.55044,8.0108],[93.5502,8.01127],[93.55011,8.01166],[93.55008,8.01237],[93.55011,8.01281],[93.55059,8.0131],[93.55091,8.01343],[93.55088,8.01375],[93.55056,8.01393],[93.55002,8.01396],[93.54949,8.0142],[93.54908,8.01464],[93.54887,8.01508],[93.54872,8.01558],[93.54849,8.01617],[93.54837,8.01664],[93.54828,8.01685],[93.54834,8.01723],[93.54837,8.01759],[93.54837,8.01815],[93.54837,8.01865],[93.54837,8.0188],[93.5484,8.01924],[93.54882,8.01962],[93.54899,8.02004],[93.54902,8.02039],[93.54888,8.02071],[93.54819,8.02095],[93.54754,8.02128],[93.54719,8.02157],[93.54695,8.02184],[93.54692,8.02201],[93.54661,8.02256],[93.54657,8.02258],[93.54636,8.02284],[93.54595,8.02325],[93.54556,8.02364],[93.54518,8.02399],[93.54479,8.02426],[93.54435,8.02473],[93.54397,8.02526],[93.54408,8.02562],[93.54417,8.02588],[93.54444,8.02609],[93.54462,8.02632],[93.54477,8.02653],[93.54478,8.02658],[93.54504,8.02666],[93.54509,8.02691],[93.54503,8.02733],[93.54503,8.02777],[93.54521,8.02809],[93.54557,8.02806],[93.54604,8.02777],[93.54657,8.02738],[93.54699,8.02706],[93.54726,8.02667],[93.54743,8.02644],[93.54775,8.02614]]],[[[93.58842,8.10736],[93.58842,8.10653],[93.58867,8.10577],[93.58934,8.10452],[93.58955,8.10345],[93.5898,8.1031],[93.59016,8.10226],[93.59043,8.10137],[93.59053,8.10032],[93.59058,8.09938],[93.59058,8.09812],[93.59037,8.09697],[93.59021,8.09652],[93.59021,8.09629],[93.59021,8.0945],[93.59026,8.09272],[93.59052,8.09083],[93.59063,8.08962],[93.59068,8.08821],[93.59068,8.08679],[93.59057,8.08532],[93.59025,8.08391],[93.59036,8.08249],[93.59062,8.0816],[93.59114,8.08029],[93.59199,8.07919],[93.59225,8.07824],[93.5924,8.0773],[93.59235,8.07625],[93.59167,8.0752],[93.59119,8.07373],[93.59093,8.07232],[93.59061,8.07127],[93.59056,8.07054],[93.59043,8.07038],[93.59043,8.06943],[93.59056,8.06896],[93.59071,8.06828],[93.59087,8.06744],[93.59113,8.0666],[93.59129,8.06602],[93.59229,8.06461],[93.59239,8.06424],[93.59248,8.06375],[93.59267,8.06357],[93.59342,8.06348],[93.59426,8.06289],[93.59494,8.06239],[93.59569,8.06155],[93.59586,8.0608],[93.59589,8.06076],[93.5966,8.0602],[93.59718,8.05936],[93.59734,8.05862],[93.59733,8.05768],[93.59744,8.05705],[93.59786,8.05647],[93.59828,8.05605],[93.59896,8.05569],[93.59912,8.05516],[93.59886,8.05448],[93.59886,8.0543],[93.59886,8.05411],[93.59907,8.05375],[93.59943,8.05357],[93.5997,8.05343],[93.5998,8.05301],[93.59975,8.05249],[93.5997,8.05201],[93.59975,8.05133],[93.60001,8.05076],[93.60021,8.05052],[93.60033,8.05039],[93.60068,8.04999],[93.6007,8.04997],[93.60059,8.04908],[93.60059,8.04845],[93.60048,8.04782],[93.60017,8.04719],[93.59996,8.04646],[93.59986,8.04626],[93.59988,8.04623],[93.60063,8.0453],[93.60038,8.04447],[93.59954,8.04346],[93.5987,8.04246],[93.59819,8.04171],[93.5971,8.04146],[93.59626,8.04095],[93.59508,8.0402],[93.59466,8.03911],[93.59391,8.03861],[93.59248,8.03853],[93.59206,8.0392],[93.59172,8.04054],[93.5908,8.04154],[93.59075,8.04162],[93.59064,8.04164],[93.59022,8.0419],[93.59006,8.04216],[93.58964,8.04264],[93.58948,8.04295],[93.58948,8.04358],[93.58927,8.044],[93.58885,8.04468],[93.58869,8.045],[93.58838,8.04536],[93.58796,8.04563],[93.58764,8.0462],[93.58764,8.04657],[93.58764,8.04685],[93.58728,8.04707],[93.58602,8.04858],[93.58594,8.04908],[93.58586,8.04909],[93.58544,8.0493],[93.58501,8.04946],[93.58444,8.04972],[93.5838,8.04972],[93.58359,8.04951],[93.58291,8.04914],[93.58259,8.04951],[93.58254,8.05004],[93.58249,8.05067],[93.58212,8.05119],[93.5816,8.05172],[93.58123,8.05234],[93.58112,8.05329],[93.58113,8.05418],[93.58113,8.05431],[93.58107,8.05445],[93.58098,8.05529],[93.58082,8.05587],[93.58092,8.05618],[93.58081,8.05644],[93.58023,8.05707],[93.57955,8.05733],[93.57913,8.0577],[93.57839,8.05812],[93.57802,8.05812],[93.57734,8.05812],[93.57676,8.05864],[93.57634,8.05922],[93.57618,8.05974],[93.57587,8.06022],[93.57539,8.06048],[93.57461,8.06127],[93.57461,8.06129],[93.57452,8.06132],[93.57427,8.06207],[93.57421,8.06301],[93.57345,8.06342],[93.57329,8.06399],[93.5735,8.06447],[93.57379,8.06491],[93.57387,8.06504],[93.57366,8.06557],[93.57317,8.06561],[93.57308,8.06562],[93.57261,8.06588],[93.57287,8.06677],[93.57272,8.06693],[93.57203,8.06698],[93.57193,8.06735],[93.57219,8.06782],[93.57287,8.06819],[93.57298,8.06845],[93.57298,8.06866],[93.57309,8.06892],[93.57378,8.06927],[93.57393,8.06934],[93.57445,8.06987],[93.5744,8.07034],[93.57427,8.07088],[93.57425,8.07097],[93.57404,8.0716],[93.57404,8.07228],[93.57425,8.0727],[93.57488,8.07307],[93.57535,8.07312],[93.57567,8.0728],[93.57583,8.07301],[93.5763,8.07369],[93.57719,8.0738],[93.57793,8.0738],[93.57893,8.07374],[93.57977,8.07343],[93.5804,8.0729],[93.58121,8.0717],[93.5813,8.07192],[93.5813,8.07217],[93.5813,8.07275],[93.58161,8.07295],[93.58169,8.07295],[93.58203,8.0729],[93.58293,8.0729],[93.58346,8.07306],[93.58325,8.07337],[93.58251,8.07369],[93.58193,8.07406],[93.58183,8.07479],[93.5818,8.07548],[93.58177,8.07636],[93.58178,8.07694],[93.58172,8.07767],[93.58136,8.0782],[93.58057,8.07846],[93.58041,8.07893],[93.58072,8.07935],[93.58088,8.07972],[93.58104,8.08009],[93.58167,8.08019],[93.58199,8.08024],[93.58204,8.08082],[93.58173,8.0814],[93.58099,8.08161],[93.57994,8.08192],[93.57894,8.08266],[93.57804,8.0836],[93.57747,8.08471],[93.57699,8.08544],[93.57647,8.08623],[93.5751,8.08712],[93.57484,8.08791],[93.57421,8.08906],[93.57379,8.08959],[93.57321,8.09027],[93.57277,8.0907],[93.57247,8.09064],[93.57216,8.09027],[93.57137,8.09011],[93.57105,8.09048],[93.57068,8.09111],[93.57063,8.0919],[93.57095,8.09284],[93.57079,8.09343],[93.57069,8.09384],[93.57031,8.09434],[93.57005,8.09468],[93.56969,8.09531],[93.56986,8.09549],[93.56998,8.09563],[93.57002,8.09567],[93.57016,8.09583],[93.57079,8.09614],[93.57121,8.09656],[93.57132,8.09719],[93.57134,8.0974],[93.57137,8.09787],[93.57143,8.09871],[93.57158,8.09992],[93.57195,8.10097],[93.57232,8.10175],[93.57238,8.10228],[93.57238,8.10312],[93.57264,8.10406],[93.57306,8.10506],[93.57312,8.10579],[93.57338,8.10642],[93.57396,8.10715],[93.57396,8.10757],[93.5738,8.10794],[93.57343,8.10805],[93.57291,8.10794],[93.57222,8.10737],[93.57175,8.10705],[93.57085,8.10705],[93.57012,8.10758],[93.56901,8.10847],[93.56838,8.10926],[93.5678,8.11073],[93.56738,8.1112],[93.56649,8.1124],[93.56602,8.11324],[93.56539,8.11424],[93.56497,8.11487],[93.56495,8.11496],[93.56486,8.11498],[93.56454,8.11524],[93.56412,8.1154],[93.56339,8.11571],[93.56297,8.11603],[93.56276,8.1165],[93.56255,8.11692],[93.56234,8.11744],[93.56223,8.11786],[93.56223,8.11844],[93.56223,8.11917],[93.5625,8.1198],[93.56281,8.12033],[93.56344,8.1209],[93.56434,8.12127],[93.56513,8.12132],[93.56581,8.12143],[93.56618,8.12143],[93.56684,8.12138],[93.56768,8.1217],[93.56936,8.12262],[93.57121,8.1232],[93.57145,8.1232],[93.57166,8.12336],[93.57213,8.12368],[93.57297,8.12378],[93.57376,8.12378],[93.57476,8.12394],[93.5755,8.1242],[93.57587,8.12446],[93.5766,8.12462],[93.57665,8.12463],[93.57703,8.12477],[93.57718,8.12483],[93.5776,8.12493],[93.57829,8.12493],[93.57918,8.12493],[93.57976,8.12467],[93.58018,8.12425],[93.58039,8.12398],[93.58039,8.12384],[93.5807,8.12353],[93.58087,8.12236],[93.58129,8.12127],[93.58162,8.12001],[93.58246,8.11901],[93.58297,8.11809],[93.58339,8.1175],[93.58373,8.11685],[93.58406,8.11624],[93.58473,8.11557],[93.5854,8.11423],[93.58624,8.11415],[93.587,8.11331],[93.58708,8.11222],[93.5875,8.1113],[93.58783,8.11071],[93.588,8.10988],[93.58834,8.10904],[93.58834,8.10837],[93.58842,8.10736]]],[[[93.61446,8.57525],[93.61464,8.57511],[93.61495,8.57474],[93.61499,8.57426],[93.61521,8.57403],[93.61556,8.57377],[93.61572,8.57351],[93.61578,8.57322],[93.61614,8.57282],[93.61654,8.57254],[93.6168,8.57216],[93.61724,8.5721],[93.61741,8.5721],[93.61753,8.57196],[93.61766,8.57181],[93.61775,8.57162],[93.61781,8.57138],[93.61781,8.571],[93.61781,8.57073],[93.61781,8.57029],[93.61781,8.56995],[93.61781,8.56968],[93.61781,8.56946],[93.61772,8.56915],[93.61756,8.56897],[93.61741,8.56853],[93.61741,8.56813],[93.61744,8.56788],[93.61762,8.56764],[93.61793,8.56745],[93.61846,8.56736],[93.61883,8.5673],[93.61905,8.56733],[93.6193,8.56733],[93.61939,8.5672],[93.61939,8.56692],[93.61942,8.56662],[93.61948,8.56634],[93.61956,8.56617],[93.61957,8.56615],[93.61967,8.56594],[93.61982,8.56575],[93.61967,8.56541],[93.61948,8.56535],[93.61936,8.56492],[93.61954,8.56473],[93.61992,8.56492],[93.62013,8.56492],[93.62029,8.56467],[93.62016,8.56433],[93.62004,8.56371],[93.62019,8.5634],[93.62038,8.56306],[93.62038,8.56269],[93.62035,8.56244],[93.62016,8.56207],[93.6201,8.56152],[93.6201,8.56124],[93.62022,8.56087],[93.62038,8.56059],[93.6205,8.56037],[93.62065,8.5602],[93.62058,8.56003],[93.6206,8.55997],[93.62063,8.55982],[93.62063,8.5596],[93.62059,8.55951],[93.62041,8.55945],[93.62041,8.55945],[93.62028,8.55929],[93.62022,8.55908],[93.62013,8.5587],[93.62013,8.55833],[93.62013,8.55793],[93.62013,8.55772],[93.62018,8.55739],[93.62028,8.55679],[93.62,8.55657],[93.61985,8.55639],[93.6196,8.5562],[93.61926,8.55599],[93.61925,8.55599],[93.61913,8.55552],[93.61871,8.55418],[93.61871,8.55413],[93.61854,8.55389],[93.61835,8.55308],[93.61832,8.55262],[93.61832,8.5524],[93.61835,8.55212],[93.61835,8.55212],[93.61841,8.55176],[93.61841,8.55175],[93.61854,8.55151],[93.61872,8.5512],[93.61872,8.55086],[93.61885,8.55046],[93.619,8.55021],[93.61922,8.54984],[93.61941,8.54956],[93.61953,8.54931],[93.61968,8.549],[93.61987,8.54872],[93.61993,8.54863],[93.61993,8.54857],[93.61993,8.54832],[93.61984,8.54798],[93.61971,8.54789],[93.61943,8.54789],[93.61916,8.54801],[93.61903,8.54801],[93.61878,8.548],[93.6187,8.54707],[93.61872,8.54693],[93.61856,8.54653],[93.61853,8.54613],[93.61859,8.54567],[93.6189,8.54539],[93.61931,8.54526],[93.61965,8.54508],[93.61987,8.54495],[93.61998,8.54479],[93.62002,8.54474],[93.62002,8.54446],[93.61999,8.54424],[93.61977,8.54406],[93.61954,8.54397],[93.61952,8.54397],[93.61934,8.54387],[93.61928,8.54372],[93.61909,8.54329],[93.61915,8.54295],[93.61924,8.54258],[93.61952,8.54242],[93.62005,8.54239],[93.62036,8.54236],[93.6207,8.54217],[93.62101,8.54183],[93.62104,8.54162],[93.62107,8.54131],[93.62107,8.54103],[93.6211,8.54081],[93.62107,8.54053],[93.62092,8.54029],[93.62073,8.53992],[93.62079,8.53942],[93.62101,8.53893],[93.62129,8.53871],[93.6216,8.53853],[93.62188,8.53831],[93.62216,8.53812],[93.62225,8.53778],[93.62216,8.53744],[93.622,8.53701],[93.622,8.5367],[93.62203,8.53633],[93.62203,8.53593],[93.62203,8.53562],[93.62212,8.53519],[93.62225,8.53491],[93.6224,8.53475],[93.62284,8.53475],[93.62289,8.53468],[93.62302,8.53451],[93.62302,8.53414],[93.62268,8.53361],[93.62243,8.53333],[93.62218,8.53314],[93.62215,8.53312],[93.622,8.53268],[93.62206,8.53231],[93.62218,8.532],[93.6222,8.53197],[93.62222,8.5317],[93.62275,8.53109],[93.62283,8.53077],[93.62302,8.5304],[93.62327,8.53],[93.62345,8.52969],[93.62373,8.52941],[93.6241,8.52901],[93.62454,8.52857],[93.62479,8.52842],[93.625,8.52826],[93.62528,8.52805],[93.62547,8.52795],[93.62565,8.52783],[93.62596,8.52758],[93.62621,8.5274],[93.62671,8.52706],[93.62705,8.52699],[93.62755,8.52678],[93.62786,8.52662],[93.6286,8.52659],[93.62891,8.52681],[93.62912,8.52692],[93.62937,8.52692],[93.62942,8.5267],[93.62935,8.52662],[93.62929,8.52644],[93.62929,8.52628],[93.62932,8.526],[93.62941,8.52588],[93.62953,8.52582],[93.62978,8.52585],[93.63012,8.52585],[93.63046,8.52575],[93.63065,8.52566],[93.63093,8.52535],[93.63108,8.52514],[93.63136,8.52473],[93.63152,8.52455],[93.63214,8.52396],[93.63239,8.52381],[93.63267,8.52371],[93.63295,8.52359],[93.63304,8.52368],[93.63319,8.52399],[93.63335,8.52408],[93.63375,8.52421],[93.63413,8.52424],[93.63431,8.52424],[93.6345,8.52402],[93.63471,8.52377],[93.63484,8.52349],[93.63509,8.52322],[93.6353,8.52303],[93.63555,8.52297],[93.63558,8.52292],[93.63564,8.52281],[93.63577,8.52254],[93.63577,8.52238],[93.63568,8.52217],[93.63546,8.52201],[93.63502,8.52207],[93.63477,8.52192],[93.63471,8.52161],[93.63471,8.5216],[93.63471,8.52136],[93.63471,8.52115],[93.63466,8.52103],[93.63465,8.52099],[93.63446,8.52081],[93.63412,8.52065],[93.63375,8.52056],[93.63363,8.52052],[93.63344,8.52022],[93.63338,8.52],[93.63338,8.51979],[93.63338,8.51948],[93.63338,8.51926],[93.63338,8.51895],[93.63347,8.51868],[93.63356,8.51846],[93.63359,8.51834],[93.63357,8.5181],[93.63357,8.51802],[93.63356,8.51797],[93.6335,8.51772],[93.63347,8.51738],[93.63353,8.51701],[93.63396,8.51682],[93.63421,8.5171],[93.6343,8.51728],[93.63446,8.51738],[93.63474,8.51735],[93.63486,8.51725],[93.63496,8.51707],[93.63496,8.51695],[93.63486,8.51671],[93.63475,8.51666],[93.63455,8.5165],[93.63466,8.51615],[93.63492,8.51569],[93.63516,8.51533],[93.6353,8.51492],[93.63534,8.51443],[93.63549,8.51432],[93.636,8.5143],[93.63625,8.51428],[93.63664,8.51388],[93.63673,8.51359],[93.63706,8.51322],[93.63713,8.51296],[93.63708,8.51263],[93.63735,8.51223],[93.63739,8.51189],[93.63739,8.51183],[93.63739,8.5115],[93.63717,8.51119],[93.63686,8.51073],[93.63638,8.51016],[93.63576,8.50988],[93.63542,8.5099],[93.63489,8.50963],[93.63456,8.50941],[93.6341,8.50933],[93.63361,8.50924],[93.63312,8.50904],[93.63295,8.50888],[93.63281,8.50876],[93.63278,8.50855],[93.63275,8.50834],[93.63264,8.50801],[93.63259,8.50761],[93.63248,8.50726],[93.63206,8.50693],[93.63199,8.50689],[93.63184,8.50647],[93.63184,8.50607],[93.63185,8.50594],[93.63178,8.50565],[93.63221,8.50532],[93.63221,8.50526],[93.63252,8.50479],[93.63281,8.50435],[93.63307,8.50394],[93.63336,8.50367],[93.63363,8.5036],[93.63368,8.50359],[93.63407,8.50347],[93.63438,8.50336],[93.63467,8.50314],[93.6348,8.50286],[93.63478,8.50248],[93.63478,8.50241],[93.63489,8.50173],[93.63511,8.50142],[93.63511,8.50123],[93.63511,8.50072],[93.63524,8.50013],[93.63557,8.49973],[93.6359,8.49946],[93.63625,8.49916],[93.63652,8.49876],[93.63672,8.49843],[93.63691,8.4983],[93.63692,8.4983],[93.63694,8.49812],[93.63696,8.49794],[93.63696,8.49773],[93.63665,8.49727],[93.63645,8.49718],[93.63638,8.49706],[93.63603,8.49665],[93.63567,8.49627],[93.63565,8.49625],[93.63539,8.49572],[93.63539,8.49535],[93.63539,8.495],[93.63541,8.49467],[93.63547,8.49428],[93.63547,8.49393],[93.63534,8.49359],[93.63534,8.49317],[93.63547,8.49286],[93.63567,8.49255],[93.63587,8.49222],[93.63607,8.49198],[93.63629,8.4918],[93.63664,8.49163],[93.63698,8.49152],[93.63735,8.49163],[93.63771,8.49182],[93.63796,8.49197],[93.63816,8.49191],[93.63812,8.49178],[93.63815,8.49178],[93.63835,8.49163],[93.63837,8.49138],[93.63826,8.49116],[93.63808,8.49094],[93.6379,8.4907],[93.63778,8.49055],[93.63766,8.49039],[93.63748,8.48993],[93.63746,8.48951],[93.63759,8.48905],[93.63772,8.48882],[93.63757,8.48839],[93.63752,8.48797],[93.63755,8.48753],[93.63779,8.48683],[93.63832,8.48597],[93.63858,8.48542],[93.63878,8.48502],[93.63891,8.48471],[93.63898,8.48427],[93.63907,8.48392],[93.63909,8.48366],[93.63909,8.48342],[93.63916,8.48311],[93.63913,8.48278],[93.63918,8.48258],[93.63925,8.4825],[93.63925,8.48195],[93.63908,8.48102],[93.63905,8.48073],[93.63889,8.48051],[93.63889,8.48025],[93.639,8.4801],[93.63899,8.48002],[93.63932,8.47946],[93.63946,8.47945],[93.63982,8.47958],[93.64001,8.47976],[93.64026,8.47996],[93.64066,8.48016],[93.64097,8.48011],[93.64116,8.47987],[93.64123,8.47963],[93.64119,8.4793],[93.64099,8.47906],[93.64077,8.47895],[93.64039,8.4789],[93.64006,8.4789],[93.63973,8.4789],[93.63955,8.47879],[93.63945,8.47863],[93.63975,8.47835],[93.64006,8.47816],[93.64008,8.47813],[93.64006,8.47787],[93.6401,8.47754],[93.64017,8.47716],[93.64017,8.4767],[93.6405,8.47619],[93.64075,8.47582],[93.64075,8.47441],[93.64079,8.47416],[93.64074,8.4741],[93.64069,8.47373],[93.64069,8.4732],[93.64091,8.47274],[93.64109,8.4723],[93.6412,8.47195],[93.64146,8.47095],[93.64149,8.47043],[93.6416,8.4699],[93.64184,8.4693],[93.64226,8.46864],[93.64239,8.46827],[93.64237,8.46776],[93.64235,8.46728],[93.64223,8.46695],[93.6422,8.46675],[93.64215,8.46649],[93.64192,8.4662],[93.64168,8.466],[93.6413,8.4658],[93.6408,8.46567],[93.64049,8.46561],[93.63978,8.46572],[93.63936,8.46576],[93.63905,8.46622],[93.63902,8.46629],[93.63879,8.46649],[93.63861,8.46669],[93.63845,8.46691],[93.6383,8.46719],[93.63808,8.46748],[93.63786,8.4679],[93.63768,8.46836],[93.63755,8.4688],[93.63733,8.46933],[93.63722,8.46959],[93.63702,8.46981],[93.63682,8.4701],[93.63656,8.4703],[93.63616,8.47067],[93.63594,8.47072],[93.63572,8.47054],[93.63558,8.47019],[93.63525,8.47004],[93.63514,8.47012],[93.63501,8.4705],[93.63483,8.47083],[93.63452,8.47096],[93.63408,8.47109],[93.63353,8.47114],[93.63304,8.47114],[93.63247,8.47099],[93.63183,8.47083],[93.63116,8.47066],[93.63063,8.47044],[93.63003,8.47022],[93.62953,8.47],[93.62902,8.46973],[93.62866,8.46943],[93.62826,8.4691],[93.62789,8.46857],[93.62753,8.46826],[93.62722,8.46802],[93.62719,8.46799],[93.62694,8.46773],[93.62683,8.46734],[93.62676,8.46692],[93.62676,8.46652],[93.62676,8.4663],[93.62676,8.46617],[93.62665,8.46591],[93.62654,8.4656],[93.62629,8.46522],[93.62603,8.46483],[93.62573,8.46447],[93.62561,8.46432],[93.62552,8.46386],[93.62552,8.46336],[93.62533,8.46184],[93.62525,8.46164],[93.62521,8.4614],[93.62518,8.46085],[93.62512,8.46034],[93.62512,8.45986],[93.62518,8.45964],[93.62518,8.45943],[93.62518,8.45843],[93.62521,8.45812],[93.62503,8.45765],[93.62491,8.4571],[93.62487,8.45664],[93.62474,8.456],[93.62469,8.45539],[93.62454,8.45488],[93.62429,8.45435],[93.62427,8.45385],[93.62425,8.45345],[93.62407,8.4531],[93.62383,8.45273],[93.62361,8.45244],[93.62341,8.45211],[93.62327,8.45182],[93.62307,8.45132],[93.62307,8.45112],[93.62307,8.45099],[93.6229,8.45056],[93.62289,8.45053],[93.6227,8.4503],[93.62263,8.45002],[93.62259,8.44958],[93.62259,8.44912],[93.62266,8.44905],[93.62265,8.44897],[93.62466,8.44453],[93.62567,8.44344],[93.62635,8.44254],[93.62647,8.44225],[93.62678,8.44189],[93.62693,8.44167],[93.62699,8.44158],[93.62711,8.44134],[93.62711,8.44108],[93.62691,8.44095],[93.62688,8.44094],[93.62673,8.44088],[93.62672,8.44084],[93.62665,8.44079],[93.62658,8.44057],[93.62662,8.44033],[93.62673,8.44018],[93.62687,8.44016],[93.62709,8.44013],[93.62746,8.44024],[93.62773,8.44022],[93.62802,8.44006],[93.62817,8.43971],[93.62819,8.4394],[93.62806,8.43916],[93.62788,8.43896],[93.62766,8.43879],[93.62751,8.43871],[93.62726,8.43859],[93.62711,8.43837],[93.62708,8.43815],[93.62726,8.43793],[93.62746,8.4378],[93.62751,8.43778],[93.62753,8.43773],[93.62761,8.43753],[93.62765,8.43733],[93.62766,8.43729],[93.62759,8.43685],[93.62728,8.43659],[93.62723,8.43651],[93.62706,8.43628],[93.62691,8.43582],[93.62688,8.43544],[93.6269,8.43494],[93.62693,8.4343],[93.62699,8.43401],[93.62721,8.43367],[93.62717,8.43289],[93.62712,8.43273],[93.62712,8.43267],[93.62708,8.43227],[93.6267,8.43128],[93.62661,8.43076],[93.62626,8.42974],[93.62586,8.42902],[93.62546,8.42809],[93.62517,8.42751],[93.62513,8.42743],[93.62493,8.42702],[93.62484,8.42664],[93.62475,8.42618],[93.62469,8.42574],[93.62469,8.4257],[93.62469,8.42543],[93.62464,8.42503],[93.62422,8.42431],[93.62387,8.42398],[93.6234,8.42358],[93.62294,8.42323],[93.62267,8.42322],[93.62254,8.42321],[93.62225,8.4235],[93.6221,8.42385],[93.62205,8.42429],[93.62197,8.42482],[93.62201,8.42528],[93.62212,8.42563],[93.62241,8.42629],[93.62243,8.42671],[93.62228,8.42717],[93.62209,8.42754],[93.62203,8.42763],[93.62203,8.42778],[93.62201,8.4281],[93.62186,8.42858],[93.62175,8.42878],[93.62168,8.4289],[93.62162,8.42902],[93.62144,8.42933],[93.62126,8.42957],[93.62111,8.42992],[93.62095,8.43039],[93.62094,8.43069],[93.62086,8.43089],[93.6207,8.43214],[93.62002,8.43306],[93.6196,8.43379],[93.61956,8.4338],[93.61941,8.43395],[93.61912,8.43426],[93.61877,8.43461],[93.61855,8.43486],[93.61857,8.43525],[93.61882,8.43541],[93.61893,8.43579],[93.61916,8.43635],[93.61977,8.43624],[93.6201,8.43637],[93.62018,8.43649],[93.62034,8.43675],[93.62047,8.43706],[93.62072,8.43747],[93.62099,8.43784],[93.62104,8.43871],[93.62104,8.43936],[93.62104,8.43964],[93.62094,8.43965],[93.62096,8.4397],[93.62087,8.43998],[93.62059,8.44038],[93.62032,8.4406],[93.6201,8.441],[93.62004,8.44144],[93.61999,8.44179],[93.61989,8.4419],[93.61995,8.4419],[93.61991,8.44195],[93.61944,8.44257],[93.61916,8.44296],[93.61915,8.44296],[93.61895,8.44296],[93.6186,8.44296],[93.61823,8.44298],[93.61796,8.44305],[93.61792,8.44309],[93.61768,8.44307],[93.61756,8.44352],[93.61761,8.4436],[93.61781,8.44384],[93.61803,8.44428],[93.61807,8.44446],[93.61812,8.44448],[93.61854,8.44461],[93.61889,8.44476],[93.61929,8.44518],[93.61969,8.44542],[93.62,8.44577],[93.62037,8.44635],[93.6205,8.44663],[93.62055,8.44674],[93.62057,8.44679],[93.62066,8.4472],[93.62075,8.4476],[93.62077,8.44781],[93.62082,8.44833],[93.62075,8.44868],[93.62073,8.44905],[93.62055,8.44925],[93.62033,8.4494],[93.62009,8.4496],[93.61996,8.44982],[93.61993,8.45011],[93.62009,8.45042],[93.62011,8.45046],[93.62038,8.45081],[93.62062,8.45117],[93.62095,8.45169],[93.62109,8.45229],[93.62106,8.45271],[93.62097,8.45283],[93.6208,8.45306],[93.62053,8.45334],[93.62034,8.45356],[93.62027,8.45363],[93.62009,8.4539],[93.61987,8.45414],[93.61965,8.45447],[93.61945,8.4548],[93.61905,8.45508],[93.61874,8.45518],[93.61868,8.4552],[93.61844,8.45539],[93.61861,8.45579],[93.61883,8.45594],[93.61908,8.45603],[93.61914,8.45605],[93.61954,8.45634],[93.61985,8.45651],[93.62012,8.45678],[93.62032,8.45709],[93.6204,8.45722],[93.62043,8.45726],[93.62047,8.4574],[93.6206,8.4575],[93.62089,8.45792],[93.62118,8.45838],[93.62138,8.45878],[93.62167,8.4592],[93.62218,8.45988],[93.62246,8.46034],[93.62277,8.46111],[93.62297,8.46144],[93.62317,8.46166],[93.62322,8.46195],[93.62322,8.46204],[93.62333,8.46216],[93.62342,8.46299],[93.62342,8.46375],[93.62333,8.46459],[93.62325,8.46534],[93.623,8.46593],[93.62224,8.46643],[93.62191,8.46702],[93.62191,8.46819],[93.62191,8.46928],[93.62182,8.46949],[93.62172,8.46968],[93.62141,8.46992],[93.62124,8.47027],[93.62126,8.47062],[93.62155,8.47073],[93.62157,8.47073],[93.62192,8.47064],[93.62225,8.4704],[93.62258,8.47047],[93.62296,8.47084],[93.62314,8.47126],[93.62312,8.47163],[93.62312,8.47196],[93.623,8.47224],[93.62298,8.47229],[93.6229,8.47249],[93.62263,8.47298],[93.62256,8.47331],[93.6221,8.47373],[93.62173,8.47377],[93.62144,8.47362],[93.62111,8.47359],[93.62082,8.47364],[93.62064,8.47388],[93.62031,8.47414],[93.61976,8.47426],[93.61947,8.47461],[93.61947,8.4749],[93.61947,8.475],[93.61967,8.47536],[93.61998,8.47551],[93.62038,8.4758],[93.62056,8.47615],[93.62056,8.47659],[93.62045,8.47692],[93.6203,8.47727],[93.62032,8.47744],[93.62032,8.47811],[93.61981,8.47853],[93.61939,8.4792],[93.61931,8.47995],[93.61936,8.48054],[93.61937,8.48057],[93.61961,8.48077],[93.61987,8.48088],[93.62021,8.4811],[93.62045,8.4813],[93.62074,8.48154],[93.62096,8.48172],[93.62109,8.48187],[93.6212,8.48198],[93.62135,8.48213],[93.62209,8.48213],[93.62229,8.48204],[93.62288,8.48189],[93.62341,8.4818],[93.62381,8.48191],[93.62405,8.48209],[93.62474,8.48266],[93.62585,8.48338],[93.62607,8.48369],[93.62618,8.48396],[93.62623,8.48407],[93.62633,8.48433],[93.62638,8.48468],[93.62638,8.48501],[93.62653,8.4853],[93.62675,8.4853],[93.62695,8.48508],[93.62708,8.4849],[93.62709,8.48488],[93.6272,8.48475],[93.62771,8.48486],[93.62795,8.48517],[93.62799,8.48529],[93.62832,8.48556],[93.62874,8.4869],[93.62882,8.48798],[93.6289,8.48818],[93.62904,8.48849],[93.62908,8.48875],[93.62904,8.48915],[93.62891,8.48955],[93.62891,8.48958],[93.62891,8.48999],[93.62877,8.49003],[93.62859,8.4902],[93.62844,8.49032],[93.62824,8.49054],[93.62804,8.49073],[93.62771,8.49102],[93.6274,8.49128],[93.62714,8.49168],[93.62692,8.49208],[93.6267,8.49241],[93.62656,8.4928],[93.62652,8.4934],[93.62652,8.49375],[93.62652,8.49376],[93.62652,8.49408],[93.62648,8.4945],[93.62617,8.49481],[93.62599,8.49488],[93.6258,8.49527],[93.62579,8.49542],[93.62573,8.49545],[93.62564,8.49571],[93.62548,8.49602],[93.62528,8.49631],[93.62513,8.49668],[93.62509,8.49708],[93.62493,8.49741],[93.62451,8.49765],[93.62429,8.49798],[93.62434,8.49833],[93.62448,8.49859],[93.62456,8.49873],[93.62484,8.49888],[93.62509,8.49903],[93.62531,8.49923],[93.62542,8.49945],[93.62558,8.49974],[93.6258,8.50016],[93.62589,8.50042],[93.62589,8.50082],[93.62584,8.50121],[93.6256,8.50154],[93.62557,8.50159],[93.62564,8.50231],[93.62564,8.50232],[93.6258,8.5024],[93.62598,8.50258],[93.62626,8.50289],[93.62655,8.50315],[93.62653,8.50346],[93.62649,8.50354],[93.62637,8.50361],[93.62624,8.50377],[93.62604,8.5039],[93.62558,8.50432],[93.62536,8.5048],[93.6253,8.50525],[93.62529,8.50531],[93.62531,8.50551],[93.62532,8.50562],[93.6254,8.50603],[93.62549,8.50639],[93.62563,8.50678],[93.62585,8.50727],[93.62618,8.50755],[93.62636,8.50773],[93.62638,8.50775],[93.62638,8.50801],[93.62636,8.50826],[93.62632,8.50844],[93.62629,8.50859],[93.62618,8.50885],[93.62609,8.50925],[93.62609,8.5096],[93.62615,8.50977],[93.62623,8.50997],[93.62634,8.51021],[93.62634,8.51041],[93.62634,8.51068],[93.62625,8.51094],[93.62594,8.51105],[93.62585,8.51108],[93.62572,8.51118],[93.62559,8.51145],[93.62554,8.51173],[93.62539,8.512],[93.62532,8.51246],[93.62535,8.51257],[93.62541,8.51286],[93.62548,8.51325],[93.62541,8.51356],[93.62522,8.51381],[93.62515,8.51389],[93.62484,8.51418],[93.62475,8.51457],[93.62475,8.51495],[93.62475,8.51537],[93.62468,8.51583],[93.62457,8.51614],[93.62451,8.51656],[93.62442,8.51697],[93.62427,8.51733],[93.62416,8.51761],[93.62416,8.51785],[93.62413,8.51823],[93.62409,8.51852],[93.62398,8.51871],[93.6238,8.51898],[93.62354,8.51922],[93.62336,8.51944],[93.62316,8.51966],[93.6229,8.51995],[93.62265,8.52015],[93.62228,8.52039],[93.62193,8.52063],[93.62157,8.52089],[93.62124,8.52134],[93.62122,8.52169],[93.62124,8.52206],[93.62129,8.52235],[93.6213,8.52237],[93.62129,8.52245],[93.6215,8.52303],[93.62153,8.52303],[93.62188,8.52318],[93.62215,8.52354],[93.62239,8.52387],[93.62253,8.52417],[93.62259,8.5245],[93.62259,8.5249],[93.62249,8.52513],[93.6225,8.52521],[93.6225,8.5256],[93.62231,8.52596],[93.6223,8.52596],[93.62197,8.52607],[93.62169,8.52635],[93.62168,8.52641],[93.62162,8.52677],[93.62162,8.52701],[93.62162,8.52732],[93.62156,8.52767],[93.62142,8.52798],[93.62126,8.52805],[93.62105,8.52814],[93.6208,8.52823],[93.62073,8.52825],[93.62036,8.52836],[93.62001,8.5284],[93.61977,8.52858],[93.61963,8.52893],[93.61948,8.52922],[93.61922,8.52925],[93.61917,8.52926],[93.61879,8.52933],[93.61859,8.52955],[93.61857,8.5299],[93.61857,8.5303],[93.61853,8.53067],[93.61851,8.53109],[93.61846,8.53153],[93.61827,8.53197],[93.61804,8.53228],[93.618,8.53263],[93.61791,8.53292],[93.61776,8.53331],[93.61743,8.53362],[93.61741,8.53386],[93.61741,8.53391],[93.61754,8.53417],[93.61772,8.5345],[93.61772,8.53468],[93.61789,8.53492],[93.61798,8.53527],[93.61796,8.53558],[93.61776,8.53582],[93.61769,8.53589],[93.6175,8.53606],[93.61732,8.53633],[93.61708,8.53659],[93.61683,8.53688],[93.61679,8.53703],[93.61676,8.53712],[93.61674,8.53719],[93.61667,8.53745],[93.61666,8.53752],[93.61648,8.53774],[93.61644,8.53778],[93.61633,8.53789],[93.61604,8.53811],[93.61577,8.53827],[93.61557,8.53839],[93.61507,8.53869],[93.61474,8.53883],[93.61467,8.53886],[93.6144,8.53897],[93.61425,8.53928],[93.61425,8.53952],[93.61425,8.53974],[93.6142,8.54003],[93.61412,8.54023],[93.61394,8.54051],[93.61376,8.54084],[93.61372,8.54102],[93.61394,8.54131],[93.61387,8.54164],[93.61361,8.54179],[93.61334,8.54199],[93.61326,8.5423],[93.61306,8.54263],[93.61277,8.54296],[93.61253,8.54313],[93.61211,8.54335],[93.61186,8.54355],[93.61155,8.54392],[93.61149,8.54399],[93.61118,8.54448],[93.61121,8.54465],[93.61122,8.54476],[93.61145,8.54507],[93.6116,8.54538],[93.6116,8.54569],[93.6116,8.54585],[93.61165,8.54591],[93.61191,8.54593],[93.6122,8.54611],[93.61242,8.5467],[93.61237,8.54684],[93.61258,8.5471],[93.61275,8.54734],[93.61266,8.54758],[93.61244,8.54784],[93.61227,8.54822],[93.61187,8.54875],[93.61202,8.5491],[93.61218,8.54928],[93.61222,8.54961],[93.61211,8.54996],[93.61183,8.55049],[93.61161,8.55084],[93.61141,8.55128],[93.61145,8.55163],[93.61143,8.55205],[93.6113,8.55242],[93.61108,8.55262],[93.6109,8.5528],[93.6108,8.553],[93.61075,8.55311],[93.61075,8.55318],[93.61075,8.55341],[93.61086,8.55374],[93.61092,8.55412],[93.61091,8.55432],[93.61092,8.55434],[93.61108,8.55449],[93.61123,8.55467],[93.61148,8.55491],[93.61176,8.55526],[93.61174,8.55562],[93.61146,8.55599],[93.61145,8.556],[93.61126,8.55643],[93.61124,8.55678],[93.61124,8.55702],[93.61124,8.55709],[93.61139,8.55755],[93.61161,8.55784],[93.61197,8.55812],[93.61219,8.55837],[93.61234,8.55883],[93.61234,8.5591],[93.6125,8.55936],[93.61248,8.55941],[93.61243,8.55958],[93.61223,8.55977],[93.61206,8.55988],[93.61188,8.56008],[93.61164,8.56044],[93.61162,8.56068],[93.61163,8.56076],[93.61166,8.56099],[93.61188,8.56136],[93.61189,8.5615],[93.6119,8.56151],[93.6121,8.56156],[93.61237,8.5616],[93.61266,8.56167],[93.61296,8.56173],[93.61325,8.56206],[93.61347,8.5623],[93.6137,8.56246],[93.61378,8.56266],[93.61381,8.56288],[93.61376,8.56307],[93.61374,8.56343],[93.61372,8.56365],[93.61372,8.56398],[93.61374,8.56431],[93.61383,8.56455],[93.61398,8.56475],[93.61421,8.56486],[93.61434,8.56486],[93.61465,8.56488],[93.6148,8.56499],[93.6148,8.56516],[93.61478,8.56532],[93.61469,8.56542],[93.6146,8.56552],[93.61454,8.56561],[93.61441,8.56572],[93.61419,8.56589],[93.61396,8.56618],[93.61377,8.56653],[93.61361,8.56677],[93.61341,8.56713],[93.61335,8.5675],[93.61344,8.56781],[93.61359,8.56803],[93.61379,8.56821],[93.61376,8.56842],[93.61334,8.56884],[93.61292,8.56935],[93.61275,8.5701],[93.6125,8.57052],[93.61238,8.57101],[93.61238,8.5712],[93.61235,8.57131],[93.61233,8.57146],[93.61231,8.57162],[93.61231,8.57181],[93.61229,8.57201],[93.61229,8.5721],[93.6124,8.57223],[93.6126,8.57234],[93.61282,8.57243],[93.613,8.57258],[93.61304,8.57274],[93.61317,8.57291],[93.6132,8.57292],[93.61335,8.57291],[93.61355,8.57291],[93.61375,8.57291],[93.61399,8.57296],[93.61413,8.57302],[93.61413,8.57309],[93.61406,8.57324],[93.61399,8.5734],[93.61397,8.57342],[93.6139,8.57349],[93.61379,8.5736],[93.61379,8.57364],[93.61379,8.57371],[93.61379,8.57377],[93.61379,8.5739],[93.61379,8.57408],[93.61379,8.57426],[93.6138,8.5745],[93.6138,8.57474],[93.6138,8.57496],[93.6138,8.57518],[93.61399,8.57529],[93.61409,8.57527],[93.6141,8.57531],[93.61428,8.57531],[93.61446,8.57525]]],[[[93.235,8.26449],[93.23563,8.26431],[93.23575,8.26433],[93.23599,8.26426],[93.23676,8.26428],[93.23721,8.26388],[93.23761,8.26341],[93.23785,8.26304],[93.23798,8.26278],[93.2381,8.26265],[93.23852,8.2614],[93.23853,8.26138],[93.23878,8.26121],[93.23929,8.26057],[93.23953,8.2602],[93.23969,8.25977],[93.23979,8.25943],[93.23979,8.25925],[93.23987,8.25905],[93.23992,8.25864],[93.24,8.25853],[93.24014,8.25813],[93.24038,8.25773],[93.24059,8.25739],[93.24072,8.25709],[93.2408,8.25678],[93.24094,8.25638],[93.24118,8.25598],[93.24136,8.25572],[93.24152,8.25529],[93.24166,8.25492],[93.24168,8.25473],[93.242,8.25391],[93.24215,8.25345],[93.24298,8.2521],[93.2439,8.2506],[93.2442,8.25023],[93.24419,8.24999],[93.24421,8.24964],[93.2444,8.24932],[93.24474,8.24908],[93.24502,8.24908],[93.24567,8.24808],[93.24617,8.24691],[93.2464,8.24585],[93.24655,8.24561],[93.24671,8.24527],[93.24679,8.245],[93.24682,8.24463],[93.24693,8.24436],[93.24709,8.24412],[93.24733,8.24383],[93.24759,8.24359],[93.24775,8.2433],[93.24786,8.2429],[93.24791,8.24266],[93.24794,8.24253],[93.24807,8.24224],[93.24829,8.24195],[93.24851,8.24182],[93.24868,8.24171],[93.24884,8.24155],[93.24908,8.24126],[93.24932,8.24097],[93.24932,8.24062],[93.24924,8.24033],[93.24922,8.24018],[93.24919,8.24001],[93.24922,8.23967],[93.2494,8.23947],[93.24943,8.23943],[93.24964,8.23924],[93.24951,8.23887],[93.24919,8.23863],[93.24906,8.23858],[93.24895,8.2384],[93.249,8.23816],[93.24902,8.23797],[93.24903,8.23781],[93.24924,8.23741],[93.24948,8.23712],[93.24982,8.23689],[93.24983,8.23688],[93.24994,8.23667],[93.24999,8.23635],[93.25,8.23631],[93.25007,8.23588],[93.2502,8.23582],[93.25026,8.2358],[93.25044,8.23572],[93.2506,8.23545],[93.25066,8.23516],[93.25063,8.23487],[93.25049,8.23466],[93.25047,8.23463],[93.25044,8.23436],[93.25055,8.23415],[93.25055,8.23415],[93.25055,8.23414],[93.25055,8.23363],[93.25055,8.23326],[93.25022,8.23271],[93.25037,8.23217],[93.25037,8.23184],[93.25063,8.23109],[93.25121,8.23058],[93.25121,8.23016],[93.25113,8.22941],[93.25088,8.22874],[93.25087,8.22873],[93.25087,8.22829],[93.25061,8.22753],[93.25011,8.22691],[93.24979,8.22653],[93.24942,8.22634],[93.24904,8.22596],[93.2486,8.22546],[93.24809,8.22508],[93.24733,8.22496],[93.24695,8.22496],[93.24639,8.22496],[93.24627,8.22486],[93.24621,8.22481],[93.24544,8.22414],[93.24494,8.22408],[93.24468,8.22408],[93.24399,8.22433],[93.24342,8.22427],[93.24292,8.22408],[93.24222,8.22389],[93.24153,8.22408],[93.24127,8.22433],[93.24115,8.22447],[93.24113,8.22447],[93.24046,8.22455],[93.23945,8.22413],[93.23953,8.22372],[93.2397,8.22263],[93.2397,8.22197],[93.23951,8.22188],[93.23907,8.22206],[93.23856,8.22244],[93.23843,8.22276],[93.23818,8.22301],[93.23774,8.22339],[93.23724,8.2237],[93.2366,8.22414],[93.23642,8.22415],[93.23633,8.22436],[93.23633,8.22455],[93.23623,8.22474],[93.23593,8.22521],[93.23593,8.2255],[93.23592,8.22555],[93.23585,8.22574],[93.23567,8.22604],[93.23545,8.22625],[93.23527,8.22657],[93.23511,8.22699],[93.23492,8.22733],[93.23463,8.22781],[93.23459,8.22789],[93.23426,8.22821],[93.23398,8.22849],[93.23398,8.22969],[93.23398,8.22975],[93.23382,8.23041],[93.23348,8.23075],[93.23327,8.23105],[93.2331,8.23129],[93.23303,8.23139],[93.23257,8.2315],[93.23212,8.23194],[93.2313,8.23256],[93.23055,8.23282],[93.22966,8.23344],[93.22922,8.23363],[93.22815,8.2342],[93.22783,8.2347],[93.22752,8.23514],[93.22739,8.23539],[93.22644,8.23602],[93.226,8.23684],[93.22506,8.23772],[93.22411,8.23829],[93.22386,8.23873],[93.22367,8.2391],[93.22354,8.23948],[93.22335,8.23998],[93.22272,8.24074],[93.2224,8.24111],[93.22209,8.24155],[93.22196,8.24237],[93.22158,8.24306],[93.22133,8.24357],[93.22116,8.24387],[93.22115,8.24388],[93.22107,8.2442],[93.22099,8.24449],[93.22089,8.24487],[93.22068,8.24516],[93.22023,8.24567],[93.2202,8.24608],[93.2202,8.24671],[93.2202,8.24728],[93.22021,8.24732],[93.22011,8.24758],[93.22011,8.24875],[93.2202,8.24984],[93.22041,8.25084],[93.22054,8.25091],[93.22062,8.25105],[93.22089,8.25163],[93.22089,8.25195],[93.22083,8.2522],[93.22095,8.25252],[93.22121,8.25403],[93.22171,8.25562],[93.22174,8.25568],[93.22174,8.25601],[93.22179,8.25648],[93.22209,8.25701],[93.22233,8.25744],[93.2228,8.25784],[93.22289,8.25792],[93.22307,8.2581],[93.2235,8.25853],[93.22387,8.259],[93.22421,8.25941],[93.226,8.26056],[93.22743,8.26173],[93.22877,8.26249],[93.23255,8.26383],[93.23264,8.26384],[93.23319,8.26412],[93.23383,8.26434],[93.23455,8.26449],[93.235,8.26449]]],[[[93.04425,8.47121],[93.04471,8.4709],[93.04472,8.47091],[93.04586,8.4706],[93.04652,8.46987],[93.04741,8.46909],[93.04808,8.46831],[93.04858,8.46789],[93.04908,8.46757],[93.04968,8.46718],[93.05011,8.46686],[93.05057,8.4664],[93.05103,8.46598],[93.05157,8.46545],[93.05203,8.46506],[93.0526,8.46446],[93.05295,8.46418],[93.05338,8.46368],[93.0538,8.46333],[93.05397,8.4633],[93.0541,8.46313],[93.05626,8.46086],[93.05731,8.45831],[93.05718,8.45771],[93.05722,8.45725],[93.05711,8.45668],[93.05679,8.45608],[93.05651,8.45551],[93.05633,8.45491],[93.05615,8.45424],[93.05605,8.45329],[93.05591,8.45212],[93.05573,8.45067],[93.05573,8.4501],[93.05577,8.44929],[93.05591,8.44834],[93.05609,8.4477],[93.05637,8.44689],[93.05665,8.44657],[93.057,8.44655],[93.05891,8.44543],[93.05927,8.44352],[93.05879,8.44125],[93.05747,8.44053],[93.05727,8.44049],[93.05652,8.44052],[93.0557,8.44055],[93.05485,8.44059],[93.05371,8.44062],[93.05286,8.44038],[93.05204,8.44031],[93.0509,8.44048],[93.05048,8.44052],[93.04923,8.44094],[93.04842,8.44112],[93.04785,8.44129],[93.04678,8.44154],[93.04614,8.44161],[93.04561,8.44161],[93.04465,8.44161],[93.04449,8.44161],[93.04137,8.44339],[93.0406,8.44435],[93.04032,8.44444],[93.04003,8.44461],[93.03975,8.44479],[93.03932,8.44511],[93.03911,8.44553],[93.03833,8.44649],[93.03804,8.44688],[93.03786,8.4473],[93.03737,8.44808],[93.03723,8.44843],[93.03694,8.44914],[93.03655,8.4497],[93.03651,8.44987],[93.03644,8.44997],[93.03572,8.45212],[93.03574,8.4523],[93.03555,8.45264],[93.03548,8.4532],[93.03548,8.45384],[93.03552,8.45444],[93.03562,8.45508],[93.03566,8.45561],[93.0358,8.4561],[93.03587,8.45656],[93.03601,8.45695],[93.03619,8.45734],[93.03626,8.45747],[93.03668,8.4599],[93.03884,8.46492],[93.03926,8.46565],[93.03952,8.46661],[93.04038,8.4681],[93.0413,8.46969],[93.04176,8.47036],[93.04226,8.47086],[93.04265,8.47117],[93.04311,8.47121],[93.04368,8.47121],[93.04425,8.47121]]],[[[93.71976,7.20707],[93.71909,7.20673],[93.71842,7.2069],[93.71775,7.20707],[93.71691,7.20715],[93.71582,7.20732],[93.71498,7.20749],[93.71406,7.20749],[93.71347,7.20758],[93.71305,7.208],[93.7128,7.20833],[93.71279,7.20835],[93.71238,7.20955],[93.71222,7.21059],[93.71205,7.21168],[93.71213,7.2126],[93.71214,7.21361],[93.71205,7.21453],[93.7118,7.21537],[93.71138,7.21587],[93.71088,7.21696],[93.71088,7.21763],[93.7108,7.21863],[93.7103,7.21922],[93.70979,7.21964],[93.70938,7.22031],[93.70921,7.22081],[93.70913,7.22148],[93.70913,7.2219],[93.70913,7.22257],[93.70904,7.22316],[93.70888,7.22383],[93.70879,7.22441],[93.70871,7.22508],[93.70829,7.22592],[93.70787,7.22626],[93.70737,7.22726],[93.70771,7.22785],[93.70761,7.22808],[93.70796,7.22843],[93.70838,7.2291],[93.70884,7.22941],[93.70888,7.22944],[93.70888,7.22994],[93.70905,7.23019],[93.70922,7.23036],[93.70989,7.23036],[93.71031,7.23036],[93.71056,7.23027],[93.71064,7.22985],[93.71064,7.22893],[93.71081,7.22818],[93.71165,7.22751],[93.71223,7.227],[93.71223,7.22625],[93.71274,7.22558],[93.71324,7.22491],[93.71366,7.22432],[93.71374,7.22357],[93.71374,7.22282],[93.71374,7.22223],[93.71372,7.2218],[93.71449,7.22148],[93.71508,7.22081],[93.71558,7.22005],[93.71608,7.21905],[93.71667,7.21812],[93.71725,7.21754],[93.71792,7.2167],[93.71868,7.21594],[93.71943,7.21511],[93.71985,7.21477],[93.72069,7.21393],[93.72119,7.21335],[93.72111,7.21276],[93.72077,7.21234],[93.72027,7.21184],[93.72018,7.21109],[93.72001,7.21033],[93.72001,7.20941],[93.71993,7.20866],[93.71984,7.20774],[93.71976,7.20707]]],[[[93.68927,7.39598],[93.68791,7.39609],[93.68733,7.3974],[93.68702,7.39814],[93.68665,7.39882],[93.68607,7.39955],[93.68523,7.40039],[93.68476,7.40113],[93.68444,7.4017],[93.68424,7.40233],[93.68408,7.40312],[93.68403,7.40391],[93.68408,7.40464],[93.68408,7.40532],[93.68387,7.40574],[93.68387,7.40632],[93.68413,7.4069],[93.68466,7.40726],[93.68529,7.40779],[93.68587,7.40821],[93.6865,7.40852],[93.68724,7.40868],[93.68797,7.40904],[93.68866,7.40936],[93.68971,7.40936],[93.69039,7.40925],[93.69086,7.4092],[93.69144,7.40904],[93.69175,7.40862],[93.69175,7.40804],[93.6916,7.40747],[93.69144,7.40668],[93.69144,7.40631],[93.69144,7.40547],[93.69149,7.40463],[93.6917,7.404],[93.69227,7.40337],[93.69306,7.40285],[93.6938,7.40253],[93.69448,7.40227],[93.69511,7.40175],[93.69563,7.40133],[93.69616,7.40038],[93.69626,7.3998],[93.69626,7.39938],[93.69574,7.39881],[93.69542,7.3987],[93.69416,7.39844],[93.69306,7.39818],[93.69243,7.39776],[93.69185,7.39745],[93.6909,7.39713],[93.68985,7.39624],[93.68927,7.39598]]],[[[93.54521,7.51124],[93.54486,7.51108],[93.54438,7.51097],[93.54411,7.51116],[93.54379,7.51136],[93.54352,7.51136],[93.5432,7.5112],[93.54289,7.51109],[93.54253,7.5112],[93.54253,7.5116],[93.54257,7.51207],[93.54261,7.51242],[93.54245,7.51278],[93.54214,7.51317],[93.54167,7.5136],[93.54139,7.51408],[93.54139,7.51474],[93.54163,7.51518],[93.54179,7.51573],[93.54198,7.51616],[93.54218,7.51671],[93.54226,7.51718],[93.5423,7.51773],[93.54202,7.5184],[93.54183,7.51864],[93.54155,7.51895],[93.54108,7.51927],[93.54069,7.51974],[93.54053,7.52029],[93.54053,7.52057],[93.54069,7.52116],[93.54073,7.52163],[93.54092,7.52198],[93.54124,7.52238],[93.54144,7.52261],[93.54159,7.52304],[93.54159,7.52324],[93.54159,7.52356],[93.54191,7.52403],[93.54223,7.52426],[93.54246,7.52446],[93.54286,7.52454],[93.54317,7.52458],[93.54364,7.5245],[93.54396,7.52403],[93.54443,7.52359],[93.5449,7.52316],[93.54522,7.52273],[93.54561,7.52245],[93.54632,7.52194],[93.54652,7.52159],[93.54676,7.52119],[93.54699,7.5208],[93.54735,7.52048],[93.54778,7.52009],[93.54809,7.51974],[93.54869,7.51954],[93.54924,7.51914],[93.54963,7.51859],[93.54979,7.51792],[93.54987,7.51726],[93.54987,7.51651],[93.54979,7.51596],[93.54939,7.51537],[93.54896,7.51482],[93.54849,7.51435],[93.54817,7.51368],[93.54785,7.51321],[93.54746,7.5127],[93.54703,7.5123],[93.54659,7.51211],[93.54604,7.51187],[93.54553,7.51156],[93.54521,7.51124]]],[[[93.77184,7.39554],[93.77024,7.39445],[93.7694,7.3942],[93.76848,7.39454],[93.76739,7.39462],[93.76638,7.39487],[93.76588,7.39546],[93.76479,7.3958],[93.76437,7.3958],[93.76387,7.39647],[93.7632,7.39731],[93.76286,7.39848],[93.7632,7.39932],[93.7637,7.39965],[93.76413,7.40057],[93.76488,7.40107],[93.76589,7.40132],[93.76648,7.40166],[93.76639,7.40241],[93.76664,7.403],[93.76765,7.40333],[93.76815,7.40299],[93.76849,7.40274],[93.76908,7.40207],[93.76933,7.4014],[93.77033,7.40098],[93.77042,7.39981],[93.77134,7.39956],[93.77201,7.39905],[93.77184,7.39805],[93.77125,7.39771],[93.77184,7.39688],[93.77184,7.39554]]],[[[93.64805,7.47659],[93.64876,7.47652],[93.64955,7.47645],[93.64998,7.47624],[93.65063,7.47573],[93.65106,7.47552],[93.6517,7.47538],[93.65213,7.47537],[93.65292,7.47537],[93.65364,7.47537],[93.65385,7.4748],[93.65385,7.47437],[93.65328,7.47358],[93.65299,7.4728],[93.65292,7.47223],[93.65285,7.47158],[93.65256,7.47079],[93.65213,7.47008],[93.65141,7.46987],[93.65055,7.47022],[93.64983,7.47051],[93.64919,7.47051],[93.64811,7.47087],[93.64733,7.47116],[93.64632,7.47116],[93.64575,7.47102],[93.64532,7.47066],[93.64446,7.47073],[93.6441,7.47152],[93.6441,7.47216],[93.64424,7.47281],[93.64403,7.47331],[93.64389,7.47359],[93.64389,7.47388],[93.64403,7.47417],[93.64432,7.47438],[93.64453,7.47481],[93.64525,7.47531],[93.64568,7.47567],[93.6464,7.47667],[93.64697,7.47667],[93.64755,7.47667],[93.64805,7.47659]]],[[[93.65304,8.39363],[93.65317,8.39329],[93.65341,8.39294],[93.65357,8.39276],[93.65392,8.39233],[93.6541,8.39199],[93.65434,8.39177],[93.65471,8.39164],[93.6549,8.39153],[93.65517,8.39119],[93.65535,8.39095],[93.65554,8.39071],[93.65583,8.39068],[93.65623,8.39052],[93.65634,8.39034],[93.65615,8.39015],[93.65575,8.39021],[93.65543,8.39026],[93.65516,8.39026],[93.65482,8.39013],[93.65461,8.38997],[93.65429,8.38976],[93.6541,8.38952],[93.65375,8.38912],[93.65346,8.38904],[93.65314,8.3892],[93.65298,8.38949],[93.65285,8.38971],[93.65255,8.39002],[93.65218,8.39024],[93.65192,8.39034],[93.6516,8.39048],[93.65138,8.39058],[93.65106,8.39061],[93.65066,8.39061],[93.65029,8.39064],[93.65011,8.39077],[93.64981,8.3909],[93.64952,8.39098],[93.64931,8.39101],[93.64901,8.39101],[93.64891,8.39088],[93.64872,8.39072],[93.64848,8.39066],[93.64819,8.39064],[93.64787,8.39067],[93.64773,8.39085],[93.64763,8.39109],[93.64747,8.39136],[93.64723,8.39186],[93.64707,8.3921],[93.64691,8.39244],[93.64688,8.39271],[93.64688,8.39297],[93.64686,8.39319],[93.64678,8.39335],[93.64651,8.39343],[93.64622,8.39364],[93.64601,8.39372],[93.64574,8.39372],[93.64547,8.39372],[93.64513,8.39367],[93.64489,8.39367],[93.64462,8.39372],[93.64454,8.39401],[93.64454,8.39417],[93.64454,8.39433],[93.64454,8.3947],[93.64457,8.39483],[93.64486,8.39483],[93.64505,8.39473],[93.64518,8.39462],[93.64534,8.39443],[93.6455,8.3943],[93.64569,8.3943],[93.64593,8.39435],[93.64641,8.39438],[93.64673,8.39435],[93.64702,8.39422],[93.64729,8.39427],[93.6475,8.39427],[93.64803,8.39427],[93.64824,8.39414],[93.64843,8.39417],[93.64854,8.3943],[93.6487,8.39443],[93.64904,8.39446],[93.64923,8.39435],[93.64942,8.39401],[93.64974,8.39393],[93.65016,8.3939],[93.65061,8.39387],[93.65101,8.39387],[93.65133,8.39392],[93.65179,8.39422],[93.652,8.39427],[93.65235,8.39437],[93.65267,8.39435],[93.65277,8.39429],[93.65296,8.39408],[93.65301,8.3939],[93.65304,8.39363]]],[[[93.63428,7.47632],[93.63399,7.47589],[93.63277,7.47604],[93.63213,7.47647],[93.63192,7.47668],[93.63156,7.47704],[93.6312,7.47747],[93.63091,7.47783],[93.6307,7.47833],[93.63063,7.4794],[93.63099,7.47976],[93.63134,7.4799],[93.63177,7.4799],[93.63235,7.4799],[93.63285,7.4799],[93.63342,7.47976],[93.63414,7.47961],[93.63471,7.47947],[93.63514,7.4794],[93.63579,7.47925],[93.63636,7.47875],[93.63586,7.47818],[93.63514,7.47789],[93.63443,7.47747],[93.63428,7.47682],[93.63428,7.47632]]],[[[93.84148,7.28696],[93.8414,7.28662],[93.84073,7.28604],[93.84073,7.28595],[93.84031,7.28595],[93.84006,7.28687],[93.83972,7.28687],[93.83955,7.28729],[93.83955,7.28763],[93.83989,7.2883],[93.84073,7.2888],[93.84123,7.28897],[93.84165,7.28897],[93.84249,7.28938],[93.84308,7.28988],[93.84308,7.28896],[93.84266,7.28855],[93.84232,7.28813],[93.84182,7.28788],[93.84148,7.28696]]],[[[93.60887,8.58157],[93.60872,8.58144],[93.60858,8.58113],[93.60858,8.58086],[93.60887,8.58053],[93.60896,8.58016],[93.60876,8.57998],[93.60858,8.57981],[93.60858,8.57943],[93.60836,8.5793],[93.60814,8.57943],[93.60803,8.57959],[93.60794,8.57972],[93.60785,8.57992],[93.60779,8.58007],[93.60765,8.58023],[93.60748,8.58034],[93.60732,8.58051],[93.60732,8.58069],[93.60728,8.58087],[93.60715,8.58104],[93.60695,8.58126],[93.60695,8.5815],[93.60715,8.58177],[93.60732,8.58181],[93.60759,8.58172],[93.60765,8.58161],[93.60776,8.58161],[93.60801,8.58161],[93.60823,8.58161],[93.60832,8.5817],[93.60832,8.58183],[93.60838,8.58201],[93.60861,8.58207],[93.60876,8.58196],[93.60889,8.58181],[93.60889,8.58172],[93.60887,8.58157]]],[[[93.63453,8.39704],[93.63466,8.39699],[93.63493,8.39712],[93.63517,8.39712],[93.6353,8.39702],[93.63549,8.39678],[93.63559,8.39651],[93.63567,8.3963],[93.6357,8.39611],[93.6357,8.39585],[93.63551,8.39564],[93.63533,8.39553],[93.63477,8.39572],[93.63458,8.39588],[93.63456,8.39614],[93.63456,8.39643],[93.63453,8.39667],[93.63437,8.39683],[93.63421,8.39691],[93.63384,8.39715],[93.63373,8.39726],[93.63368,8.39734],[93.63362,8.39744],[93.63363,8.39755],[93.63365,8.39766],[93.63373,8.39803],[93.63384,8.39803],[93.63408,8.39803],[93.63426,8.39797],[93.63437,8.39779],[93.63442,8.39747],[93.63442,8.39734],[93.63453,8.39704]]],[[[93.64196,8.39348],[93.64166,8.39351],[93.6414,8.39372],[93.64129,8.39383],[93.64116,8.39404],[93.64145,8.39425],[93.64169,8.39431],[93.64199,8.39428],[93.64225,8.39423],[93.64249,8.39415],[93.64268,8.39407],[93.64292,8.39396],[93.64308,8.39388],[93.64313,8.39367],[93.64284,8.39354],[93.64257,8.39354],[93.6423,8.39354],[93.64196,8.39348]]]]}}]}