{"type":"FeatureCollection","features":[{"type":"Feature","properties":{"id":"south-andaman","name":"South Andaman","stateId":"andaman-and-nicobar-island","stateName":"Andaman & Nicobar Island","censuscode":640,"type":"district"},"geometry":{"type":"MultiPolygon","coordinates":[[[[92.69758,12.23961],[92.69778,12.23946],[92.69811,12.23949],[92.69843,12.23961],[92.69881,12.23961],[92.69916,12.23956],[92.69951,12.23939],[92.69954,12.23927],[92.69961,12.23905],[92.69981,12.23895],[92.70002,12.23865],[92.70007,12.2385],[92.70009,12.23831],[92.70022,12.23811],[92.70049,12.23791],[92.70052,12.23769],[92.7006,12.23747],[92.70072,12.23697],[92.70075,12.23663],[92.70075,12.23652],[92.70075,12.23626],[92.70085,12.23594],[92.70108,12.23572],[92.70125,12.23535],[92.70133,12.23507],[92.70143,12.23453],[92.70143,12.23433],[92.70153,12.23414],[92.70186,12.23416],[92.70193,12.23416],[92.70216,12.23424],[92.70233,12.23419],[92.70254,12.23394],[92.70264,12.23372],[92.70271,12.23352],[92.70306,12.23352],[92.70334,12.23352],[92.70367,12.23352],[92.70407,12.23342],[92.7043,12.23323],[92.70457,12.23286],[92.7046,12.23259],[92.70462,12.23229],[92.70464,12.23224],[92.70478,12.23192],[92.7048,12.23147],[92.7049,12.23106],[92.70515,12.23069],[92.70551,12.23014],[92.70566,12.22992],[92.70575,12.2298],[92.70586,12.22967],[92.70616,12.22943],[92.70629,12.22908],[92.70646,12.22864],[92.70649,12.22819],[92.70649,12.22796],[92.70649,12.22793],[92.70649,12.2279],[92.70639,12.22777],[92.70627,12.22758],[92.70614,12.2273],[92.70607,12.22691],[92.70607,12.22654],[92.70617,12.22632],[92.70642,12.22609],[92.70645,12.22605],[92.70662,12.22585],[92.7068,12.2255],[92.70687,12.22511],[92.7069,12.22466],[92.70677,12.22427],[92.7066,12.2238],[92.70657,12.22373],[92.70657,12.22294],[92.70665,12.22185],[92.70734,12.22163],[92.70756,12.22163],[92.70788,12.2215],[92.70814,12.22133],[92.70824,12.22096],[92.70821,12.22069],[92.70801,12.22039],[92.70791,12.22031],[92.70784,12.22017],[92.70783,12.22017],[92.70783,12.22015],[92.70781,12.22014],[92.70749,12.21987],[92.70719,12.2194],[92.70719,12.21883],[92.70721,12.21829],[92.70729,12.21782],[92.70739,12.21748],[92.70754,12.21711],[92.70777,12.21693],[92.70778,12.21692],[92.70782,12.21688],[92.70817,12.21708],[92.7085,12.21738],[92.70861,12.2178],[92.70867,12.21785],[92.70905,12.21802],[92.7095,12.21797],[92.70962,12.2177],[92.70965,12.21741],[92.7097,12.21711],[92.70993,12.21677],[92.71005,12.21627],[92.71008,12.21573],[92.71003,12.21521],[92.70983,12.21489],[92.70976,12.21447],[92.70983,12.21415],[92.71004,12.2136],[92.71024,12.21323],[92.71034,12.21274],[92.71034,12.21239],[92.71034,12.21202],[92.71039,12.21165],[92.71044,12.21136],[92.71049,12.21094],[92.71044,12.21037],[92.71044,12.20968],[92.7104,12.20909],[92.7103,12.20864],[92.71027,12.20822],[92.7101,12.2077],[92.71007,12.20741],[92.70997,12.20718],[92.70983,12.20696],[92.70949,12.20603],[92.70948,12.20587],[92.70937,12.20575],[92.70925,12.20548],[92.70917,12.20521],[92.70917,12.20491],[92.70922,12.20464],[92.70932,12.20443],[92.70933,12.20442],[92.70938,12.20414],[92.7094,12.20385],[92.70943,12.2036],[92.70935,12.2033],[92.70918,12.20306],[92.70912,12.20301],[92.70857,12.20176],[92.70857,12.20025],[92.70856,12.20024],[92.70858,12.1998],[92.70848,12.19952],[92.70811,12.19923],[92.7078,12.19918],[92.70756,12.19928],[92.70753,12.1993],[92.70718,12.1993],[92.70698,12.19917],[92.70673,12.199],[92.70673,12.19896],[92.70657,12.19893],[92.7064,12.1987],[92.70632,12.19843],[92.70653,12.19809],[92.7067,12.19809],[92.70688,12.19809],[92.70715,12.19806],[92.70741,12.19799],[92.70763,12.19784],[92.70766,12.1976],[92.70761,12.19742],[92.70763,12.19715],[92.70776,12.19693],[92.70791,12.19666],[92.70816,12.19631],[92.70902,12.19528],[92.7096,12.19456],[92.71002,12.19412],[92.71033,12.19333],[92.71058,12.19316],[92.71093,12.19281],[92.71156,12.19239],[92.71196,12.19187],[92.71241,12.19143],[92.71279,12.19109],[92.71289,12.19072],[92.71289,12.19039],[92.71276,12.18989],[92.71276,12.18941],[92.7127,12.18933],[92.71252,12.18918],[92.71232,12.18899],[92.71214,12.18881],[92.71187,12.18861],[92.71169,12.18859],[92.71152,12.18861],[92.71124,12.18866],[92.71094,12.18883],[92.71059,12.18891],[92.71024,12.18873],[92.70976,12.18839],[92.70936,12.18807],[92.70913,12.18779],[92.70878,12.18745],[92.70861,12.1871],[92.70852,12.18681],[92.70846,12.18661],[92.70826,12.18621],[92.70806,12.18582],[92.70791,12.18525],[92.70766,12.18443],[92.70708,12.18337],[92.70636,12.18198],[92.70591,12.18082],[92.70548,12.17988],[92.70538,12.17927],[92.70524,12.17877],[92.70509,12.17823],[92.70501,12.17793],[92.70496,12.17746],[92.70493,12.17732],[92.70506,12.17707],[92.70514,12.17677],[92.70514,12.17635],[92.70507,12.17588],[92.70487,12.17544],[92.70484,12.17497],[92.70484,12.17457],[92.70469,12.17418],[92.70464,12.17393],[92.70459,12.17371],[92.70464,12.17326],[92.7049,12.17307],[92.70515,12.17272],[92.70522,12.17245],[92.70522,12.17193],[92.70522,12.17151],[92.7051,12.17104],[92.70475,12.17077],[92.70442,12.17042],[92.7043,12.17022],[92.7043,12.16983],[92.70417,12.16961],[92.704,12.16943],[92.70392,12.16936],[92.70385,12.16911],[92.70385,12.16891],[92.70393,12.16866],[92.70395,12.16859],[92.70395,12.16837],[92.70395,12.16822],[92.70377,12.16808],[92.70375,12.1677],[92.70375,12.16731],[92.70375,12.16686],[92.70375,12.16642],[92.70368,12.16595],[92.70358,12.16541],[92.70348,12.16523],[92.70348,12.16489],[92.70371,12.16457],[92.70388,12.1643],[92.70419,12.16412],[92.70434,12.16437],[92.70447,12.16457],[92.70449,12.16459],[92.70476,12.16484],[92.70494,12.16524],[92.70494,12.1659],[92.70493,12.16619],[92.70532,12.16701],[92.70538,12.16707],[92.70561,12.16734],[92.70579,12.16749],[92.70604,12.16778],[92.70631,12.16805],[92.70654,12.16843],[92.70671,12.16877],[92.70671,12.16907],[92.70679,12.16949],[92.70683,12.16988],[92.70686,12.1702],[92.70698,12.17037],[92.70698,12.17038],[92.70706,12.1707],[92.70731,12.17109],[92.70766,12.17127],[92.70811,12.17127],[92.70866,12.17127],[92.70874,12.17127],[92.70892,12.17137],[92.70899,12.17189],[92.70929,12.17221],[92.70957,12.17248],[92.70994,12.17283],[92.71014,12.17303],[92.71042,12.17332],[92.71067,12.17357],[92.71097,12.17389],[92.71114,12.17411],[92.71134,12.17436],[92.71152,12.17466],[92.7117,12.17482],[92.71172,12.17488],[92.7119,12.17518],[92.71205,12.17543],[92.71237,12.17575],[92.7128,12.17607],[92.71317,12.17612],[92.71345,12.17585],[92.71348,12.17548],[92.71343,12.17501],[92.71328,12.17477],[92.71318,12.17459],[92.713,12.17427],[92.71293,12.1738],[92.71285,12.17333],[92.71285,12.17293],[92.71285,12.17254],[92.71291,12.17212],[92.71286,12.1716],[92.71288,12.17133],[92.71313,12.17125],[92.71319,12.17122],[92.71328,12.17118],[92.71359,12.17101],[92.71374,12.17079],[92.71374,12.17049],[92.71369,12.17017],[92.71344,12.16995],[92.71316,12.16985],[92.71298,12.16985],[92.71296,12.16985],[92.71246,12.17004],[92.71261,12.17036],[92.71261,12.17044],[92.71231,12.17034],[92.71211,12.16999],[92.71198,12.16962],[92.71181,12.16925],[92.71178,12.16903],[92.71171,12.16888],[92.71171,12.16871],[92.71179,12.16857],[92.71181,12.16853],[92.71188,12.16847],[92.71201,12.16849],[92.71234,12.16831],[92.71249,12.16807],[92.71259,12.16777],[92.71261,12.16738],[92.71261,12.16691],[92.71249,12.16651],[92.71239,12.16638],[92.71239,12.16629],[92.71238,12.16603],[92.71238,12.16602],[92.71237,12.16542],[92.71212,12.16495],[92.71174,12.16461],[92.71142,12.16421],[92.71132,12.16364],[92.71127,12.16332],[92.71104,12.16275],[92.71099,12.16233],[92.71099,12.16206],[92.71099,12.16182],[92.71099,12.16157],[92.71135,12.16137],[92.71155,12.16162],[92.7117,12.16234],[92.71169,12.16271],[92.71177,12.16303],[92.71197,12.16337],[92.71232,12.16389],[92.71252,12.16408],[92.71298,12.16485],[92.71409,12.16603],[92.71475,12.1668],[92.71475,12.16693],[92.7149,12.16736],[92.71512,12.16792],[92.71537,12.16862],[92.7156,12.16933],[92.7158,12.17017],[92.7159,12.17074],[92.71612,12.17156],[92.71637,12.17215],[92.71672,12.17269],[92.71725,12.17331],[92.71734,12.1734],[92.7174,12.17366],[92.71747,12.17395],[92.7175,12.17418],[92.71765,12.17452],[92.71765,12.17464],[92.7177,12.1747],[92.71782,12.17509],[92.71782,12.17556],[92.71772,12.17573],[92.71767,12.17575],[92.71767,12.17623],[92.71774,12.17667],[92.71802,12.17687],[92.71822,12.17702],[92.71849,12.17722],[92.71892,12.17734],[92.71922,12.17749],[92.71927,12.17751],[92.71952,12.17766],[92.7198,12.17789],[92.71992,12.17816],[92.72007,12.17843],[92.72022,12.1786],[92.72045,12.17878],[92.72058,12.17886],[92.7206,12.17907],[92.7205,12.17925],[92.72032,12.17942],[92.7203,12.17966],[92.72035,12.17986],[92.72042,12.18004],[92.72042,12.18028],[92.72037,12.18038],[92.72019,12.18043],[92.72004,12.18033],[92.71997,12.18028],[92.71987,12.18016],[92.71986,12.18015],[92.71979,12.17996],[92.71979,12.17979],[92.71979,12.17949],[92.71949,12.17919],[92.71914,12.17912],[92.71899,12.17937],[92.71897,12.17964],[92.71897,12.17993],[92.71912,12.18018],[92.71934,12.18038],[92.71947,12.18045],[92.71962,12.1807],[92.71962,12.18082],[92.71964,12.18112],[92.71969,12.18144],[92.71979,12.18181],[92.72002,12.18216],[92.72022,12.18231],[92.72027,12.18231],[92.72059,12.18246],[92.72094,12.18243],[92.72122,12.18201],[92.7211,12.18157],[92.72102,12.18142],[92.72096,12.18129],[92.72087,12.18107],[92.72067,12.18102],[92.72054,12.1809],[92.72052,12.18083],[92.72047,12.1806],[92.72052,12.18038],[92.72077,12.18023],[92.72107,12.18019],[92.72137,12.18019],[92.72138,12.18019],[92.72165,12.18011],[92.7218,12.17996],[92.7219,12.17974],[92.72198,12.17942],[92.72199,12.17937],[92.72203,12.17915],[92.72231,12.17888],[92.72271,12.17868],[92.72302,12.17859],[92.72314,12.17856],[92.72359,12.17851],[92.72384,12.17856],[92.72394,12.17855],[92.72399,12.17857],[92.72404,12.17856],[92.72426,12.17856],[92.72457,12.17856],[92.72472,12.17864],[92.72487,12.17878],[92.72494,12.17894],[92.72497,12.17898],[92.7252,12.17909],[92.72524,12.17911],[92.72549,12.17916],[92.72565,12.17935],[92.72567,12.17938],[92.72579,12.1796],[92.72599,12.1799],[92.72635,12.18015],[92.72672,12.18032],[92.72732,12.18049],[92.72785,12.18059],[92.72828,12.18072],[92.72883,12.18099],[92.72931,12.18119],[92.72971,12.18136],[92.73013,12.18159],[92.73066,12.18178],[92.73149,12.18188],[92.73202,12.18198],[92.73249,12.18198],[92.73302,12.18204],[92.73347,12.18216],[92.73397,12.18214],[92.7345,12.18211],[92.73503,12.18216],[92.73545,12.18234],[92.73552,12.18236],[92.73573,12.18248],[92.73618,12.18256],[92.73656,12.18256],[92.73694,12.18249],[92.73721,12.18239],[92.73734,12.18224],[92.73736,12.18196],[92.73766,12.18175],[92.73797,12.18153],[92.73831,12.18145],[92.73837,12.18145],[92.73874,12.18143],[92.73902,12.18133],[92.73935,12.18126],[92.73972,12.18116],[92.73998,12.18111],[92.74038,12.18106],[92.7408,12.18106],[92.74121,12.18091],[92.74163,12.18089],[92.74208,12.18087],[92.74256,12.18087],[92.74296,12.18084],[92.74329,12.18075],[92.74369,12.18057],[92.74394,12.18043],[92.74422,12.18035],[92.7446,12.18025],[92.74487,12.18011],[92.74515,12.17974],[92.74518,12.17934],[92.7451,12.17905],[92.74508,12.17897],[92.74515,12.1787],[92.74533,12.17867],[92.7455,12.17863],[92.74563,12.1786],[92.74575,12.17858],[92.74596,12.17853],[92.74606,12.17845],[92.74628,12.17848],[92.74656,12.17873],[92.74676,12.1787],[92.74698,12.17855],[92.74716,12.17828],[92.74746,12.17804],[92.74771,12.17779],[92.74804,12.17752],[92.74839,12.1773],[92.74882,12.1772],[92.74912,12.17732],[92.74945,12.17762],[92.74967,12.17799],[92.7497,12.17836],[92.74985,12.17876],[92.75005,12.17903],[92.75037,12.17935],[92.7508,12.17972],[92.75115,12.18009],[92.75131,12.18022],[92.7515,12.18037],[92.75156,12.18047],[92.75168,12.18069],[92.75188,12.18093],[92.7521,12.18098],[92.75273,12.18074],[92.75301,12.18052],[92.75323,12.18024],[92.75351,12.18005],[92.75376,12.17983],[92.75441,12.17951],[92.75484,12.17933],[92.75527,12.17911],[92.7557,12.17887],[92.75602,12.17864],[92.75625,12.1783],[92.7565,12.17805],[92.75688,12.17781],[92.75725,12.17776],[92.75756,12.17766],[92.75761,12.17754],[92.75791,12.17731],[92.75791,12.17694],[92.75781,12.17679],[92.75786,12.17665],[92.75783,12.17625],[92.75763,12.17586],[92.75755,12.17569],[92.75743,12.17546],[92.75731,12.17502],[92.75731,12.17465],[92.75741,12.17438],[92.75749,12.17418],[92.75766,12.17376],[92.75774,12.17336],[92.75774,12.17297],[92.75761,12.17265],[92.75744,12.17227],[92.75737,12.17198],[92.7573,12.17176],[92.75722,12.17148],[92.7573,12.17129],[92.75737,12.17114],[92.75764,12.17065],[92.75779,12.17025],[92.75775,12.16986],[92.75744,12.16946],[92.75722,12.16914],[92.75705,12.16854],[92.7572,12.16795],[92.7573,12.16773],[92.75735,12.16756],[92.75735,12.16719],[92.75735,12.16689],[92.75735,12.16666],[92.75757,12.1656],[92.75757,12.16519],[92.7578,12.16487],[92.75786,12.16447],[92.75788,12.16413],[92.75771,12.16366],[92.75753,12.16319],[92.75731,12.16289],[92.75721,12.16269],[92.75702,12.16256],[92.757,12.16249],[92.75701,12.16247],[92.75696,12.16217],[92.75693,12.16195],[92.75693,12.16163],[92.75676,12.16131],[92.75661,12.16101],[92.75641,12.16079],[92.75614,12.16073],[92.75613,12.16071],[92.75608,12.16071],[92.75601,12.16071],[92.75586,12.16075],[92.75586,12.16068],[92.75553,12.16059],[92.7551,12.16027],[92.75475,12.16002],[92.75417,12.1595],[92.7541,12.15913],[92.75413,12.15871],[92.75435,12.15836],[92.75448,12.15807],[92.75453,12.1577],[92.75481,12.15753],[92.75503,12.15765],[92.75503,12.1579],[92.75508,12.15829],[92.75526,12.15856],[92.75508,12.15898],[92.755,12.15935],[92.75503,12.15965],[92.75528,12.15995],[92.7557,12.16017],[92.75581,12.16011],[92.75575,12.15918],[92.75571,12.15865],[92.75571,12.15715],[92.7557,12.15709],[92.75576,12.15671],[92.75579,12.15558],[92.75571,12.15498],[92.75557,12.15432],[92.75557,12.15385],[92.75559,12.15338],[92.75559,12.15301],[92.75537,12.15246],[92.75509,12.15194],[92.75487,12.1516],[92.75469,12.15118],[92.75449,12.15078],[92.75427,12.15036],[92.75392,12.15005],[92.75351,12.14919],[92.75292,12.14777],[92.75207,12.14592],[92.75158,12.14491],[92.75094,12.14302],[92.75067,12.14243],[92.75059,12.14183],[92.75052,12.14045],[92.75052,12.13969],[92.75035,12.13924],[92.75013,12.13905],[92.74997,12.13892],[92.74975,12.13857],[92.74955,12.13825],[92.74947,12.13807],[92.74937,12.13783],[92.74932,12.13754],[92.74912,12.13704],[92.74885,12.13645],[92.74865,12.13595],[92.7483,12.13543],[92.7481,12.13504],[92.7479,12.13472],[92.74732,12.13348],[92.74702,12.13313],[92.74699,12.13308],[92.74684,12.13281],[92.74662,12.13242],[92.74644,12.13207],[92.74622,12.13158],[92.74599,12.13118],[92.74582,12.13059],[92.74581,12.13055],[92.7457,12.12967],[92.74545,12.12908],[92.7452,12.12856],[92.74497,12.12807],[92.7448,12.12745],[92.74475,12.12693],[92.7446,12.12619],[92.74445,12.1259],[92.74445,12.12473],[92.74449,12.12413],[92.74448,12.12404],[92.74448,12.12365],[92.74438,12.1231],[92.74438,12.12268],[92.74438,12.12216],[92.74438,12.12165],[92.74436,12.12123],[92.74416,12.12078],[92.74396,12.12041],[92.74386,12.12001],[92.74378,12.11969],[92.7437,12.11954],[92.74333,12.1189],[92.74308,12.1187],[92.74288,12.11833],[92.74241,12.11772],[92.74216,12.11729],[92.74181,12.11665],[92.74148,12.11618],[92.74118,12.11589],[92.74113,12.1157],[92.74105,12.11564],[92.7406,12.11527],[92.7402,12.11492],[92.73993,12.11475],[92.73968,12.1144],[92.73947,12.11418],[92.7394,12.1141],[92.7392,12.11373],[92.73895,12.11344],[92.73867,12.11306],[92.73832,12.11267],[92.73797,12.11213],[92.73763,12.11192],[92.73733,12.11099],[92.73684,12.10952],[92.73673,12.10869],[92.7367,12.10834],[92.7365,12.10738],[92.73635,12.10686],[92.7361,12.10607],[92.73608,12.10572],[92.73568,12.10437],[92.73568,12.10372],[92.73568,12.10311],[92.73596,12.10261],[92.73611,12.10232],[92.73656,12.1018],[92.73649,12.10116],[92.73619,12.10051],[92.73591,12.09985],[92.73589,12.09893],[92.73587,12.09812],[92.73579,12.09733],[92.73574,12.09676],[92.73567,12.09626],[92.73557,12.0955],[92.73556,12.09549],[92.73557,12.0954],[92.73552,12.09525],[92.73535,12.09478],[92.73535,12.09477],[92.73532,12.09419],[92.73532,12.09365],[92.73522,12.09305],[92.7351,12.09192],[92.7351,12.0916],[92.73511,12.09148],[92.73537,12.08913],[92.73572,12.08604],[92.73572,12.08592],[92.73576,12.08582],[92.73587,12.0855],[92.73597,12.08483],[92.73599,12.08446],[92.73612,12.08411],[92.73625,12.08372],[92.7364,12.08342],[92.73667,12.08303],[92.73695,12.08256],[92.7371,12.08224],[92.7372,12.08182],[92.73738,12.08133],[92.73747,12.08094],[92.73766,12.08056],[92.73766,12.08004],[92.73761,12.07945],[92.73744,12.07922],[92.73741,12.07918],[92.73713,12.07898],[92.73691,12.07858],[92.73656,12.07829],[92.73633,12.07794],[92.73623,12.07762],[92.73613,12.07737],[92.73608,12.07693],[92.73603,12.07651],[92.73603,12.07614],[92.73596,12.07579],[92.73583,12.07552],[92.73573,12.07527],[92.73553,12.0751],[92.73543,12.07485],[92.73531,12.07465],[92.73511,12.07418],[92.73521,12.07406],[92.73541,12.07426],[92.73559,12.07456],[92.73574,12.0748],[92.73584,12.07505],[92.73599,12.07532],[92.73609,12.07579],[92.73626,12.07611],[92.73631,12.07656],[92.73638,12.07698],[92.73653,12.07732],[92.73663,12.07772],[92.73676,12.07806],[92.73703,12.07848],[92.73731,12.07878],[92.73764,12.07893],[92.73774,12.07898],[92.73809,12.07903],[92.73836,12.07883],[92.73864,12.07859],[92.73899,12.07817],[92.73934,12.0777],[92.7397,12.0773],[92.74,12.07689],[92.74043,12.07624],[92.74075,12.07575],[92.74098,12.07538],[92.74098,12.07513],[92.74098,12.07508],[92.74091,12.07469],[92.74108,12.07427],[92.74113,12.0738],[92.74128,12.07333],[92.74129,12.07294],[92.74129,12.07254],[92.74121,12.07227],[92.74111,12.072],[92.74084,12.0717],[92.74056,12.07143],[92.74033,12.07125],[92.74008,12.07108],[92.73986,12.07088],[92.73951,12.07073],[92.73926,12.07061],[92.73943,12.07054],[92.73988,12.07056],[92.74024,12.07083],[92.74049,12.07111],[92.74081,12.07133],[92.74116,12.0716],[92.74141,12.07175],[92.74164,12.072],[92.74189,12.07234],[92.74201,12.07269],[92.74199,12.07306],[92.74189,12.07328],[92.74174,12.07358],[92.74153,12.07392],[92.74148,12.07415],[92.74151,12.07437],[92.74181,12.07452],[92.74183,12.07452],[92.74189,12.07447],[92.74197,12.07441],[92.74224,12.07438],[92.74259,12.07421],[92.743,12.07403],[92.74335,12.07381],[92.74411,12.07355],[92.74469,12.07329],[92.74505,12.07294],[92.7455,12.07268],[92.74661,12.07228],[92.74724,12.07211],[92.74835,12.07172],[92.74898,12.07163],[92.74974,12.07154],[92.75045,12.07141],[92.75121,12.07111],[92.75206,12.07084],[92.75286,12.07058],[92.75349,12.07001],[92.75442,12.06927],[92.75469,12.06887],[92.75488,12.06859],[92.75533,12.0682],[92.75559,12.06817],[92.75635,12.06765],[92.75684,12.0673],[92.75715,12.0669],[92.75724,12.06637],[92.75725,12.06627],[92.75787,12.06557],[92.75813,12.06331],[92.7577,12.0623],[92.75677,12.06088],[92.75567,12.05979],[92.75526,12.05916],[92.7553,12.05898],[92.75523,12.0587],[92.75521,12.05829],[92.75498,12.05807],[92.75456,12.05771],[92.75422,12.05754],[92.75371,12.05741],[92.75317,12.05715],[92.75276,12.05701],[92.75232,12.05681],[92.75194,12.0566],[92.7515,12.05639],[92.75107,12.05617],[92.75069,12.05604],[92.75036,12.05596],[92.75033,12.05596],[92.75031,12.05592],[92.75031,12.05578],[92.7505,12.05566],[92.75058,12.05569],[92.75084,12.05579],[92.75129,12.05591],[92.75166,12.0558],[92.75181,12.05548],[92.75171,12.05518],[92.75179,12.05503],[92.7524,12.05494],[92.75286,12.05488],[92.75333,12.05481],[92.75419,12.05487],[92.75485,12.05502],[92.75537,12.05507],[92.75573,12.05511],[92.75639,12.05507],[92.75673,12.05494],[92.75708,12.05485],[92.75719,12.05481],[92.75738,12.05495],[92.75768,12.05519],[92.75801,12.05543],[92.75831,12.05558],[92.75875,12.05575],[92.75907,12.05585],[92.75934,12.05585],[92.7597,12.05583],[92.7601,12.05579],[92.76057,12.05564],[92.7609,12.05534],[92.76107,12.05511],[92.76107,12.0551],[92.76124,12.05486],[92.76147,12.05462],[92.76166,12.05432],[92.76179,12.05407],[92.76185,12.05372],[92.76183,12.05316],[92.76181,12.05306],[92.76176,12.05282],[92.76148,12.05251],[92.76145,12.05248],[92.76117,12.05213],[92.76094,12.05183],[92.76094,12.05153],[92.76099,12.05147],[92.76115,12.0513],[92.76132,12.05113],[92.76149,12.05106],[92.76165,12.05099],[92.7621,12.05104],[92.76263,12.05144],[92.76305,12.05177],[92.7636,12.05209],[92.76395,12.05221],[92.7644,12.05226],[92.76495,12.05225],[92.76535,12.05195],[92.76583,12.05163],[92.76596,12.05122],[92.76621,12.05075],[92.76657,12.05028],[92.76688,12.04989],[92.76678,12.04957],[92.76638,12.04899],[92.76593,12.0486],[92.76563,12.04832],[92.76538,12.04804],[92.76532,12.04795],[92.76519,12.04775],[92.76519,12.04749],[92.76531,12.04737],[92.7654,12.04725],[92.76552,12.0472],[92.76578,12.0471],[92.7662,12.04701],[92.7666,12.04691],[92.76705,12.04688],[92.76755,12.04686],[92.768,12.0469],[92.76838,12.04696],[92.7688,12.04703],[92.7692,12.04709],[92.76941,12.04713],[92.76947,12.04718],[92.76962,12.04735],[92.76975,12.04748],[92.76989,12.04763],[92.77,12.04774],[92.77025,12.04788],[92.77047,12.04788],[92.77072,12.04778],[92.77087,12.04752],[92.77108,12.04737],[92.77137,12.04726],[92.7716,12.04713],[92.77186,12.04694],[92.77207,12.04677],[92.77234,12.04664],[92.7727,12.04672],[92.77271,12.04673],[92.77295,12.04698],[92.77301,12.04717],[92.77304,12.04728],[92.77312,12.04733],[92.77314,12.04735],[92.77323,12.04741],[92.77354,12.04751],[92.77388,12.04762],[92.7742,12.04773],[92.77444,12.04786],[92.77462,12.04796],[92.77492,12.04822],[92.77521,12.04846],[92.77528,12.04852],[92.77552,12.04874],[92.77553,12.04875],[92.77568,12.04893],[92.77566,12.04919],[92.77564,12.04931],[92.77564,12.04968],[92.77583,12.05009],[92.77623,12.05036],[92.77673,12.05054],[92.77718,12.05073],[92.77752,12.05073],[92.77785,12.05071],[92.77832,12.05064],[92.7787,12.05072],[92.77904,12.05081],[92.77954,12.05081],[92.77982,12.05062],[92.77996,12.05047],[92.78022,12.05014],[92.78049,12.05005],[92.78074,12.04997],[92.781,12.04975],[92.78118,12.04965],[92.78123,12.04932],[92.78112,12.04913],[92.78133,12.04883],[92.7815,12.04864],[92.78188,12.04859],[92.78234,12.04861],[92.78274,12.04861],[92.78312,12.04837],[92.78338,12.04801],[92.7835,12.04758],[92.78346,12.04685],[92.78346,12.04649],[92.78343,12.04614],[92.78322,12.0458],[92.78297,12.04528],[92.7828,12.04496],[92.78248,12.04475],[92.78232,12.04479],[92.78189,12.04468],[92.78157,12.04438],[92.78158,12.04404],[92.78157,12.04359],[92.78136,12.04301],[92.78079,12.0425],[92.78047,12.04219],[92.77995,12.04185],[92.77959,12.04166],[92.77927,12.04147],[92.77914,12.0414],[92.77887,12.04136],[92.77838,12.04155],[92.77822,12.04179],[92.77803,12.04203],[92.77779,12.04222],[92.77725,12.04216],[92.77704,12.04188],[92.77706,12.04151],[92.77708,12.04114],[92.7771,12.04109],[92.77693,12.04093],[92.77667,12.04091],[92.77644,12.041],[92.77632,12.04115],[92.77632,12.04115],[92.77615,12.0412],[92.77606,12.0412],[92.77592,12.04115],[92.77587,12.04098],[92.77585,12.04072],[92.77591,12.04049],[92.77593,12.04036],[92.77586,12.04023],[92.77586,12.03995],[92.77606,12.0398],[92.77621,12.0396],[92.7764,12.03933],[92.77648,12.03905],[92.77648,12.03885],[92.77656,12.03881],[92.77669,12.03857],[92.77671,12.03825],[92.77671,12.03799],[92.77671,12.03774],[92.77665,12.03744],[92.77656,12.03728],[92.77641,12.03718],[92.7764,12.03718],[92.77637,12.03714],[92.77629,12.03711],[92.77612,12.03709],[92.77606,12.0371],[92.77589,12.03707],[92.77553,12.03711],[92.77538,12.0369],[92.77563,12.03643],[92.77544,12.03613],[92.77538,12.03587],[92.77561,12.03553],[92.77573,12.03531],[92.7759,12.03503],[92.77599,12.03482],[92.77599,12.03449],[92.77588,12.03424],[92.77578,12.03394],[92.77578,12.03377],[92.7758,12.03357],[92.7758,12.03329],[92.77594,12.03305],[92.77613,12.03263],[92.77605,12.0323],[92.77575,12.03209],[92.77563,12.03201],[92.77548,12.032],[92.7752,12.03181],[92.77512,12.0314],[92.77509,12.03108],[92.77511,12.03054],[92.77541,12.03001],[92.77549,12.02969],[92.7757,12.02955],[92.77617,12.02964],[92.77634,12.02979],[92.77664,12.0299],[92.77699,12.02979],[92.7772,12.02959],[92.77726,12.0293],[92.77709,12.02893],[92.77684,12.02869],[92.77682,12.02841],[92.77697,12.02803],[92.77749,12.0279],[92.77758,12.02786],[92.77791,12.02781],[92.77825,12.02766],[92.77878,12.0274],[92.7791,12.02719],[92.77933,12.02697],[92.77939,12.02671],[92.77939,12.02637],[92.77913,12.02613],[92.77907,12.02579],[92.77907,12.02542],[92.77903,12.02508],[92.77888,12.02487],[92.77854,12.02467],[92.77822,12.0245],[92.77778,12.02442],[92.77744,12.02442],[92.77717,12.02442],[92.77691,12.02444],[92.7769,12.02444],[92.77658,12.02453],[92.77637,12.02459],[92.77629,12.02476],[92.77597,12.02477],[92.77557,12.02485],[92.77529,12.02492],[92.77458,12.02522],[92.77437,12.02537],[92.77376,12.02565],[92.77354,12.02571],[92.77333,12.0257],[92.77331,12.0257],[92.7731,12.0257],[92.77308,12.02563],[92.77287,12.02565],[92.77255,12.02559],[92.77232,12.02576],[92.77215,12.02587],[92.77177,12.02583],[92.77148,12.02585],[92.77118,12.02589],[92.77097,12.026],[92.77082,12.02609],[92.77061,12.02594],[92.77049,12.02583],[92.77025,12.02577],[92.76983,12.02583],[92.76945,12.02604],[92.76933,12.02628],[92.76905,12.02641],[92.76869,12.02648],[92.76848,12.02658],[92.76823,12.02658],[92.76781,12.02646],[92.7676,12.02646],[92.76722,12.02642],[92.76698,12.02626],[92.76662,12.02601],[92.76631,12.02579],[92.76586,12.02556],[92.76542,12.02564],[92.76521,12.02597],[92.76519,12.02631],[92.76519,12.02631],[92.76508,12.02653],[92.76494,12.02659],[92.76477,12.02635],[92.7646,12.02612],[92.76451,12.0258],[92.76457,12.02565],[92.76464,12.02548],[92.76477,12.02517],[92.76495,12.02483],[92.765,12.0247],[92.76527,12.02421],[92.76542,12.02399],[92.76552,12.0235],[92.76542,12.02328],[92.76508,12.02303],[92.76493,12.02283],[92.76472,12.0226],[92.76419,12.02236],[92.76373,12.02217],[92.7633,12.02202],[92.76297,12.02181],[92.76254,12.02149],[92.76231,12.02127],[92.7617,12.02136],[92.76134,12.02153],[92.76109,12.02175],[92.76077,12.02179],[92.76052,12.02192],[92.76016,12.02203],[92.75991,12.02203],[92.75927,12.02209],[92.75868,12.02229],[92.75816,12.02259],[92.75757,12.02298],[92.75717,12.02338],[92.757,12.02379],[92.75696,12.02414],[92.75696,12.02452],[92.75706,12.02491],[92.75721,12.02545],[92.75731,12.02564],[92.7574,12.02579],[92.75749,12.0262],[92.75739,12.02631],[92.75726,12.02656],[92.75694,12.02689],[92.75665,12.02715],[92.7564,12.02723],[92.75609,12.02706],[92.75591,12.02697],[92.75572,12.02676],[92.75525,12.02668],[92.75502,12.0268],[92.7545,12.02704],[92.75376,12.02775],[92.75357,12.02812],[92.75353,12.02833],[92.75332,12.02881],[92.75326,12.02915],[92.75311,12.02958],[92.75311,12.0299],[92.75311,12.03048],[92.75311,12.03102],[92.75316,12.03151],[92.75322,12.03173],[92.75326,12.03198],[92.75347,12.03244],[92.75364,12.03278],[92.75358,12.03316],[92.75331,12.03336],[92.75326,12.03351],[92.7532,12.03377],[92.7532,12.03378],[92.7532,12.03407],[92.75306,12.03441],[92.75297,12.03452],[92.75282,12.0343],[92.75269,12.034],[92.75268,12.03394],[92.75267,12.03379],[92.75246,12.0336],[92.75213,12.0334],[92.75195,12.03319],[92.75166,12.03283],[92.75136,12.03248],[92.75075,12.03195],[92.74993,12.03193],[92.74946,12.03238],[92.74902,12.0329],[92.74869,12.03354],[92.74867,12.03421],[92.74871,12.0347],[92.74898,12.03519],[92.7492,12.03571],[92.74922,12.03622],[92.74914,12.03648],[92.7489,12.03657],[92.74861,12.03685],[92.74853,12.03704],[92.74848,12.03715],[92.74829,12.03738],[92.748,12.03734],[92.74764,12.03715],[92.74761,12.03712],[92.74739,12.03689],[92.74728,12.03663],[92.74702,12.03633],[92.74679,12.03589],[92.74666,12.03539],[92.74643,12.03492],[92.74616,12.03453],[92.74567,12.03436],[92.74543,12.03442],[92.74471,12.03449],[92.74394,12.03496],[92.74369,12.03499],[92.74318,12.03535],[92.74285,12.03576],[92.74247,12.03611],[92.74226,12.03649],[92.74224,12.03708],[92.74226,12.03757],[92.74245,12.03819],[92.74245,12.03821],[92.74239,12.03868],[92.74216,12.03877],[92.74187,12.03884],[92.74186,12.03884],[92.74148,12.03895],[92.74112,12.03923],[92.74072,12.03968],[92.74054,12.03998],[92.7403,12.04045],[92.7403,12.04082],[92.74047,12.04112],[92.74071,12.04135],[92.74094,12.04146],[92.74095,12.04147],[92.74113,12.04154],[92.74134,12.04176],[92.74157,12.04206],[92.74178,12.04229],[92.7417,12.0424],[92.74143,12.04257],[92.7413,12.0427],[92.74113,12.04285],[92.74084,12.0429],[92.74074,12.04283],[92.74071,12.04281],[92.74071,12.04258],[92.74086,12.04234],[92.7409,12.04219],[92.74075,12.04197],[92.74052,12.04178],[92.74016,12.04153],[92.73986,12.04144],[92.73979,12.04144],[92.73968,12.04134],[92.73908,12.04134],[92.73896,12.04151],[92.73883,12.04164],[92.73862,12.04179],[92.73837,12.04161],[92.73837,12.04149],[92.73841,12.04134],[92.73848,12.04123],[92.73846,12.0412],[92.73862,12.04108],[92.73879,12.0409],[92.73908,12.04073],[92.73936,12.04056],[92.73954,12.04035],[92.73975,12.04009],[92.73992,12.03981],[92.73999,12.03953],[92.74003,12.03936],[92.74007,12.03912],[92.74007,12.03873],[92.74007,12.03845],[92.74009,12.03811],[92.74034,12.03775],[92.74044,12.03738],[92.74053,12.03712],[92.74059,12.0368],[92.74059,12.03648],[92.74059,12.03616],[92.7407,12.03579],[92.74084,12.03542],[92.74097,12.035],[92.74112,12.03476],[92.74116,12.03444],[92.74107,12.03401],[92.7408,12.03373],[92.74016,12.03403],[92.73985,12.03444],[92.7397,12.0348],[92.73968,12.03485],[92.73943,12.03528],[92.73909,12.0356],[92.73873,12.03596],[92.73838,12.03624],[92.7381,12.03631],[92.73809,12.03631],[92.73774,12.03629],[92.73751,12.03618],[92.73737,12.03608],[92.73732,12.03605],[92.73694,12.03576],[92.73671,12.03565],[92.73664,12.03546],[92.73681,12.03541],[92.73688,12.03543],[92.73713,12.03548],[92.7374,12.03552],[92.73772,12.03552],[92.73802,12.03545],[92.73831,12.03528],[92.73839,12.03506],[92.73837,12.03438],[92.7382,12.03412],[92.73808,12.03384],[92.73788,12.03337],[92.73782,12.03311],[92.73777,12.03284],[92.73776,12.03281],[92.73757,12.03242],[92.73731,12.03212],[92.73704,12.03182],[92.7367,12.03153],[92.73634,12.03142],[92.73583,12.03131],[92.73531,12.03125],[92.73514,12.03106],[92.7355,12.03097],[92.73598,12.03088],[92.73628,12.03069],[92.73653,12.03054],[92.73684,12.0303],[92.73716,12.03011],[92.73748,12.02991],[92.73752,12.02989],[92.73781,12.02989],[92.73784,12.02991],[92.73813,12.02995],[92.73845,12.02993],[92.73878,12.02985],[92.73912,12.02974],[92.73946,12.02972],[92.73986,12.02986],[92.74014,12.02995],[92.74035,12.03008],[92.7406,12.03014],[92.74075,12.03016],[92.74091,12.03016],[92.74108,12.03016],[92.74125,12.0301],[92.74144,12.03003],[92.74163,12.02984],[92.74174,12.0296],[92.74174,12.02935],[92.74163,12.02909],[92.74142,12.02887],[92.74127,12.02861],[92.74125,12.0284],[92.74125,12.02814],[92.74114,12.02795],[92.74098,12.02781],[92.74093,12.02776],[92.74085,12.02735],[92.74086,12.02729],[92.74089,12.02694],[92.74089,12.02677],[92.74084,12.02668],[92.74074,12.02656],[92.74074,12.02636],[92.74074,12.02613],[92.74069,12.02585],[92.74046,12.02553],[92.74023,12.0252],[92.74006,12.02507],[92.73977,12.02501],[92.73958,12.02501],[92.73945,12.02484],[92.73926,12.02467],[92.73903,12.0245],[92.73865,12.02448],[92.73818,12.02446],[92.7378,12.02454],[92.73771,12.0246],[92.73761,12.02467],[92.73715,12.02461],[92.73713,12.02459],[92.73698,12.02448],[92.73675,12.02431],[92.73639,12.02422],[92.73601,12.0242],[92.73571,12.02418],[92.73529,12.02435],[92.73517,12.02446],[92.73511,12.02457],[92.73508,12.02463],[92.73485,12.02459],[92.73485,12.02459],[92.73464,12.02446],[92.73451,12.02427],[92.73432,12.02412],[92.734,12.02403],[92.73392,12.02386],[92.73402,12.02358],[92.73409,12.0229],[92.73406,12.02251],[92.73391,12.02212],[92.73377,12.0218],[92.7336,12.02139],[92.73347,12.02105],[92.73339,12.02079],[92.73343,12.02053],[92.73359,12.02049],[92.73385,12.02043],[92.73416,12.02036],[92.73438,12.02025],[92.73465,12.02012],[92.73499,12.02],[92.73532,12.02],[92.73545,12.02034],[92.73573,12.02066],[92.73607,12.02079],[92.7364,12.0209],[92.73678,12.02089],[92.73708,12.02079],[92.73735,12.02064],[92.73762,12.02055],[92.73813,12.02057],[92.73838,12.02057],[92.73858,12.02055],[92.73879,12.0204],[92.73893,12.01996],[92.73931,12.01977],[92.73961,12.01973],[92.73984,12.01977],[92.74009,12.01977],[92.74039,12.01966],[92.74058,12.01947],[92.74059,12.01939],[92.7406,12.01938],[92.74066,12.01917],[92.7407,12.01895],[92.74068,12.01855],[92.7406,12.01838],[92.74053,12.01824],[92.7404,12.01786],[92.74019,12.01745],[92.73988,12.01702],[92.73964,12.01668],[92.73954,12.01665],[92.73931,12.01657],[92.73874,12.01661],[92.73867,12.01664],[92.73821,12.0169],[92.73795,12.0169],[92.7377,12.01679],[92.73751,12.01664],[92.73713,12.01671],[92.73669,12.01668],[92.73631,12.01641],[92.73624,12.01624],[92.73626,12.01596],[92.7366,12.01572],[92.73661,12.01572],[92.73692,12.01567],[92.73753,12.01552],[92.73808,12.01526],[92.73848,12.01488],[92.73886,12.0146],[92.73909,12.01423],[92.73945,12.01395],[92.73974,12.01346],[92.73995,12.01309],[92.73998,12.01292],[92.74001,12.01281],[92.74035,12.0129],[92.74045,12.01299],[92.74058,12.01309],[92.7409,12.01322],[92.74101,12.01328],[92.74111,12.01333],[92.74118,12.01358],[92.74118,12.01358],[92.74116,12.01388],[92.74116,12.0144],[92.74124,12.01472],[92.7415,12.01521],[92.74181,12.01547],[92.74219,12.01569],[92.74243,12.01579],[92.74262,12.01579],[92.74283,12.01592],[92.74289,12.01609],[92.74298,12.01635],[92.74353,12.01721],[92.74407,12.01749],[92.74446,12.01763],[92.74509,12.01761],[92.74557,12.01753],[92.74597,12.01746],[92.74656,12.01724],[92.74692,12.01699],[92.74713,12.01677],[92.74734,12.01641],[92.74745,12.01608],[92.74768,12.01567],[92.74793,12.01542],[92.7484,12.0152],[92.74867,12.01496],[92.74877,12.01471],[92.74875,12.01443],[92.74863,12.01432],[92.74869,12.0141],[92.74901,12.01397],[92.74936,12.014],[92.74974,12.01399],[92.75008,12.01393],[92.7504,12.01384],[92.75054,12.01333],[92.75025,12.01311],[92.75012,12.01305],[92.7501,12.0129],[92.7502,12.01277],[92.75052,12.01266],[92.75077,12.01255],[92.75101,12.01236],[92.75111,12.01217],[92.75111,12.01191],[92.75111,12.01174],[92.75095,12.01167],[92.75086,12.01142],[92.75046,12.01116],[92.74986,12.01095],[92.74912,12.01064],[92.74879,12.01041],[92.74845,12.01007],[92.74807,12.00981],[92.74764,12.00929],[92.7476,12.00904],[92.74771,12.00882],[92.74804,12.00872],[92.74838,12.00882],[92.74885,12.00891],[92.74921,12.00878],[92.74956,12.00856],[92.7499,12.00839],[92.75019,12.00811],[92.75034,12.00779],[92.75049,12.00753],[92.75059,12.00718],[92.75049,12.00678],[92.75028,12.0065],[92.75006,12.00626],[92.74977,12.00586],[92.74968,12.0056],[92.7497,12.00527],[92.74989,12.00506],[92.75017,12.00487],[92.75053,12.00465],[92.75105,12.00418],[92.75156,12.00358],[92.7517,12.00329],[92.75198,12.00302],[92.75229,12.0028],[92.75265,12.00263],[92.75297,12.00258],[92.7532,12.00258],[92.75339,12.00261],[92.7534,12.00262],[92.75343,12.00273],[92.75352,12.00288],[92.75394,12.0032],[92.75424,12.00344],[92.75472,12.00346],[92.75508,12.00337],[92.75538,12.00322],[92.75563,12.00303],[92.75573,12.00296],[92.75616,12.00271],[92.75679,12.00271],[92.75708,12.00274],[92.75734,12.00277],[92.75772,12.00285],[92.75799,12.00292],[92.75807,12.00295],[92.75833,12.00305],[92.75842,12.00323],[92.75846,12.00332],[92.75844,12.0036],[92.75825,12.0038],[92.75804,12.00403],[92.75791,12.00434],[92.75787,12.0047],[92.75806,12.00502],[92.75844,12.00522],[92.7588,12.00545],[92.7592,12.00573],[92.75936,12.00589],[92.75939,12.00592],[92.75939,12.00592],[92.75937,12.00611],[92.75926,12.00631],[92.75914,12.00657],[92.75905,12.00689],[92.75905,12.00721],[92.75904,12.0076],[92.75958,12.0083],[92.76003,12.00828],[92.76028,12.00821],[92.76045,12.00828],[92.76079,12.00852],[92.76111,12.00886],[92.76115,12.00925],[92.76108,12.00951],[92.76106,12.00987],[92.76106,12.00992],[92.76123,12.01019],[92.76144,12.01036],[92.76183,12.01056],[92.7621,12.0109],[92.76237,12.01126],[92.76284,12.01156],[92.76345,12.01178],[92.76404,12.0119],[92.76463,12.01197],[92.76501,12.01199],[92.76518,12.01184],[92.76546,12.01166],[92.76586,12.0116],[92.766,12.01171],[92.76632,12.01171],[92.76677,12.01171],[92.76696,12.0116],[92.76719,12.01134],[92.76721,12.01108],[92.76721,12.01085],[92.7669,12.0106],[92.76689,12.01059],[92.76689,12.01058],[92.76689,12.01031],[92.76676,12.00999],[92.7664,12.00967],[92.76611,12.0093],[92.76579,12.00896],[92.7657,12.00844],[92.76562,12.00791],[92.7656,12.00745],[92.76555,12.00698],[92.76555,12.00653],[92.76559,12.00608],[92.7657,12.00584],[92.76593,12.00539],[92.76616,12.00479],[92.76616,12.0044],[92.76608,12.00404],[92.76591,12.00389],[92.76591,12.00361],[92.76599,12.00337],[92.76616,12.00301],[92.76622,12.00267],[92.76622,12.00264],[92.76624,12.0026],[92.76658,12.00217],[92.76713,12.0017],[92.76753,12.00133],[92.7678,12.00092],[92.76795,12.00071],[92.76839,12.00025],[92.7687,11.99985],[92.76885,11.99955],[92.76893,11.99922],[92.76872,11.99888],[92.76845,11.99862],[92.76809,11.99849],[92.76771,11.99843],[92.76722,11.99835],[92.76667,11.99818],[92.76623,11.9982],[92.76591,11.99822],[92.76558,11.99803],[92.76543,11.99783],[92.76507,11.99773],[92.76452,11.99782],[92.7641,11.99809],[92.76379,11.99844],[92.76368,11.99867],[92.76366,11.99893],[92.76366,11.99898],[92.76347,11.99919],[92.7632,11.9991],[92.76305,11.99909],[92.76235,11.99894],[92.76201,11.99887],[92.7618,11.99883],[92.76136,11.99861],[92.76129,11.99846],[92.76117,11.99817],[92.76093,11.99802],[92.76041,11.99793],[92.76003,11.99791],[92.75944,11.99767],[92.75914,11.99742],[92.75853,11.99723],[92.75819,11.99727],[92.75771,11.99736],[92.75728,11.99734],[92.75665,11.99717],[92.75612,11.99702],[92.75559,11.99691],[92.75509,11.99691],[92.75479,11.99691],[92.75425,11.99696],[92.75397,11.99706],[92.75357,11.99717],[92.75325,11.99709],[92.75289,11.99685],[92.75249,11.99676],[92.75218,11.99679],[92.75184,11.99679],[92.75163,11.99674],[92.75142,11.99651],[92.75121,11.99634],[92.75091,11.99619],[92.75059,11.99615],[92.75028,11.99597],[92.7496,11.99576],[92.74909,11.9957],[92.74855,11.9957],[92.74819,11.99574],[92.74776,11.99579],[92.74758,11.99598],[92.74751,11.99605],[92.74726,11.9965],[92.74699,11.99688],[92.74673,11.99704],[92.74658,11.99684],[92.74658,11.99633],[92.74646,11.99594],[92.74645,11.99592],[92.74631,11.9957],[92.74608,11.99534],[92.74597,11.99498],[92.74578,11.99472],[92.74542,11.99439],[92.74517,11.99422],[92.74479,11.99401],[92.74436,11.99403],[92.74417,11.99421],[92.74398,11.99442],[92.74367,11.99466],[92.74337,11.99483],[92.7432,11.99476],[92.74318,11.99453],[92.74316,11.99425],[92.74316,11.99391],[92.74316,11.99346],[92.74316,11.9932],[92.7432,11.99288],[92.7432,11.99257],[92.74318,11.99245],[92.74352,11.9923],[92.74366,11.99176],[92.74356,11.99139],[92.74354,11.99099],[92.74347,11.9906],[92.74336,11.99023],[92.74313,11.98985],[92.74303,11.98933],[92.74302,11.98894],[92.7433,11.98862],[92.74351,11.98869],[92.74366,11.98903],[92.7441,11.98914],[92.7444,11.98907],[92.74467,11.98931],[92.74467,11.9895],[92.74486,11.98984],[92.7455,11.99002],[92.74581,11.98999],[92.74615,11.99016],[92.74651,11.99044],[92.7467,11.99057],[92.74731,11.99102],[92.74761,11.99136],[92.74801,11.99164],[92.7485,11.99175],[92.7489,11.99177],[92.74925,11.99188],[92.74947,11.9922],[92.74974,11.9925],[92.75025,11.99282],[92.75084,11.99286],[92.75156,11.99288],[92.75198,11.99288],[92.75251,11.99279],[92.75272,11.99266],[92.75278,11.99288],[92.75303,11.993],[92.75343,11.99286],[92.75384,11.99255],[92.75413,11.99212],[92.75434,11.9918],[92.75434,11.99159],[92.75426,11.99154],[92.75402,11.99144],[92.75394,11.99129],[92.75427,11.99107],[92.75491,11.99072],[92.75533,11.99038],[92.7556,11.99012],[92.75609,11.99004],[92.75638,11.98989],[92.7568,11.98956],[92.75722,11.98922],[92.75756,11.98896],[92.75765,11.98861],[92.75756,11.98836],[92.75726,11.98801],[92.75724,11.98761],[92.75724,11.98718],[92.75705,11.98685],[92.75646,11.98673],[92.75604,11.98675],[92.75597,11.98678],[92.7556,11.98627],[92.75561,11.98623],[92.75559,11.98574],[92.75559,11.98535],[92.75559,11.98488],[92.75557,11.98432],[92.75557,11.98351],[92.75536,11.98297],[92.75514,11.98252],[92.75495,11.98226],[92.7544,11.98203],[92.75394,11.98201],[92.75348,11.98179],[92.75301,11.98139],[92.75265,11.98083],[92.75225,11.9804],[92.7521,11.98019],[92.75204,11.97988],[92.75174,11.97956],[92.75115,11.97933],[92.75064,11.97903],[92.74995,11.97869],[92.7494,11.97841],[92.7488,11.97811],[92.74815,11.97805],[92.7476,11.97811],[92.74716,11.97826],[92.74686,11.97848],[92.74655,11.97882],[92.74634,11.97898],[92.74633,11.97899],[92.74629,11.97902],[92.74611,11.97919],[92.7461,11.97923],[92.746,11.97925],[92.74568,11.97951],[92.7455,11.97981],[92.7455,11.9802],[92.74577,11.98059],[92.74611,11.98082],[92.74638,11.98093],[92.7463,11.98116],[92.74622,11.98131],[92.74598,11.98162],[92.74588,11.982],[92.7459,11.98233],[92.74611,11.98254],[92.74632,11.9826],[92.74638,11.98274],[92.74643,11.98284],[92.74637,11.98314],[92.74622,11.98338],[92.74597,11.98346],[92.74563,11.98351],[92.74525,11.98336],[92.7451,11.98317],[92.74502,11.98308],[92.74472,11.98269],[92.74411,11.98231],[92.74364,11.98203],[92.74322,11.9816],[92.74275,11.98124],[92.74193,11.98081],[92.74147,11.98057],[92.74106,11.98029],[92.74071,11.98008],[92.74035,11.97989],[92.73997,11.97976],[92.73959,11.97974],[92.73933,11.97959],[92.73866,11.97875],[92.73844,11.97828],[92.73811,11.97798],[92.73756,11.97755],[92.73696,11.97717],[92.73618,11.97698],[92.73559,11.97702],[92.73515,11.97704],[92.73475,11.97717],[92.73467,11.97722],[92.73448,11.97732],[92.73416,11.97756],[92.73389,11.97797],[92.73368,11.97821],[92.73367,11.97823],[92.73351,11.97849],[92.73344,11.97866],[92.73336,11.97909],[92.7334,11.97935],[92.73347,11.97967],[92.73361,11.97986],[92.73351,11.97999],[92.73341,11.98008],[92.7334,11.98027],[92.73334,11.9805],[92.73349,11.98066],[92.73368,11.98089],[92.73379,11.98117],[92.73379,11.98143],[92.73364,11.98171],[92.73339,11.98201],[92.73311,11.98231],[92.73305,11.98261],[92.73309,11.98304],[92.73339,11.9837],[92.73377,11.98418],[92.73413,11.98435],[92.73516,11.98447],[92.73569,11.98454],[92.73616,11.98467],[92.73645,11.98479],[92.73658,11.98505],[92.7366,11.98531],[92.73671,11.98563],[92.73683,11.98593],[92.73717,11.98651],[92.73745,11.98677],[92.73781,11.98719],[92.73808,11.98752],[92.73825,11.98792],[92.73834,11.98837],[92.73838,11.98883],[92.73826,11.98917],[92.73748,11.98988],[92.73716,11.99018],[92.73685,11.99053],[92.73666,11.99091],[92.73682,11.99136],[92.73708,11.99177],[92.73742,11.99235],[92.73742,11.99265],[92.73744,11.99299],[92.73744,11.99326],[92.73742,11.99329],[92.73734,11.99364],[92.73723,11.994],[92.73721,11.99428],[92.73719,11.99471],[92.73725,11.99514],[92.73751,11.99557],[92.73785,11.99598],[92.73817,11.99641],[92.73848,11.99677],[92.73872,11.99711],[92.73889,11.99731],[92.73889,11.99746],[92.73888,11.99754],[92.73855,11.99754],[92.73844,11.99756],[92.73836,11.99757],[92.73806,11.99761],[92.73785,11.9977],[92.7376,11.99791],[92.73737,11.99808],[92.73695,11.99813],[92.73659,11.99796],[92.73623,11.99785],[92.73585,11.99774],[92.73576,11.99774],[92.73562,11.99775],[92.73532,11.99781],[92.73524,11.99784],[92.73507,11.9979],[92.73475,11.99815],[92.73448,11.99831],[92.7342,11.99837],[92.73395,11.99837],[92.73363,11.99835],[92.73332,11.99816],[92.73299,11.99793],[92.73289,11.99793],[92.73264,11.9979],[92.73243,11.99784],[92.73236,11.99764],[92.73236,11.99743],[92.73199,11.99711],[92.7316,11.99713],[92.73141,11.99739],[92.7314,11.99767],[92.73129,11.99775],[92.73093,11.99771],[92.73082,11.99758],[92.73078,11.99735],[92.73076,11.99713],[92.73069,11.99697],[92.73065,11.9966],[92.73048,11.99644],[92.73034,11.99632],[92.73006,11.99621],[92.72977,11.99617],[92.72947,11.99613],[92.72925,11.99617],[92.72909,11.9961],[92.72875,11.99565],[92.72856,11.9954],[92.72842,11.99516],[92.72839,11.9949],[92.72843,11.99454],[92.72848,11.99432],[92.7285,11.99424],[92.72864,11.99392],[92.72909,11.99383],[92.72947,11.994],[92.72968,11.99412],[92.7297,11.99413],[92.72987,11.99426],[92.73012,11.99434],[92.73046,11.99432],[92.73078,11.99428],[92.73083,11.99423],[92.73094,11.99423],[92.73128,11.99412],[92.73143,11.99393],[92.73136,11.99355],[92.73096,11.99335],[92.73027,11.99316],[92.72978,11.99292],[92.72959,11.99256],[92.72953,11.99213],[92.72944,11.99108],[92.72942,11.99059],[92.72931,11.99009],[92.72914,11.98949],[92.72901,11.98904],[92.72899,11.98883],[92.72891,11.98844],[92.72886,11.9882],[92.72886,11.98801],[92.72886,11.98764],[92.72886,11.98736],[92.72881,11.98728],[92.7288,11.98709],[92.72846,11.98646],[92.72825,11.98614],[92.72808,11.98574],[92.72759,11.98522],[92.72725,11.98498],[92.72698,11.98494],[92.72668,11.98464],[92.72666,11.98434],[92.72683,11.98406],[92.72708,11.98387],[92.72733,11.98365],[92.72742,11.98348],[92.72755,11.98303],[92.72752,11.98262],[92.727,11.98243],[92.72617,11.98226],[92.72571,11.98205],[92.72493,11.9819],[92.72431,11.98168],[92.72391,11.98145],[92.72355,11.98126],[92.72343,11.98117],[92.72341,11.98115],[92.72341,11.98106],[92.72342,11.98095],[92.72347,11.98085],[92.7235,11.98079],[92.72378,11.98078],[92.72412,11.98067],[92.72435,11.98044],[92.72454,11.98024],[92.72461,11.97994],[92.72465,11.97968],[92.72486,11.97938],[92.72502,11.97921],[92.72522,11.97883],[92.7253,11.97844],[92.72532,11.97807],[92.72534,11.97777],[92.72534,11.97751],[92.72515,11.97719],[92.72479,11.97681],[92.72454,11.97672],[92.72435,11.97661],[92.72417,11.97661],[92.72413,11.97644],[92.72398,11.97623],[92.72392,11.9761],[92.72392,11.97604],[92.72393,11.97601],[92.72403,11.9758],[92.72415,11.97565],[92.72438,11.97546],[92.72457,11.97524],[92.72468,11.97503],[92.72491,11.97496],[92.72504,11.97485],[92.72519,11.97472],[92.72537,11.97461],[92.72547,11.9745],[92.72552,11.97447],[92.7258,11.97453],[92.72618,11.9747],[92.72639,11.97491],[92.7266,11.97513],[92.72662,11.97516],[92.7267,11.97532],[92.72696,11.97545],[92.72736,11.97558],[92.72764,11.97584],[92.72797,11.97616],[92.72835,11.9763],[92.72842,11.97663],[92.72867,11.97676],[92.72895,11.97676],[92.7292,11.97669],[92.72943,11.97654],[92.7297,11.97639],[92.72996,11.97624],[92.73032,11.976],[92.73057,11.97578],[92.73107,11.97495],[92.73128,11.97463],[92.73135,11.97424],[92.73141,11.97392],[92.73166,11.97361],[92.73195,11.97318],[92.7321,11.97282],[92.73225,11.97247],[92.73252,11.9722],[92.73267,11.97187],[92.73277,11.97159],[92.73301,11.97129],[92.73315,11.97101],[92.73324,11.9705],[92.73324,11.97009],[92.73309,11.96969],[92.73309,11.9694],[92.73306,11.96904],[92.73287,11.96833],[92.73239,11.96801],[92.73197,11.96797],[92.73169,11.9681],[92.73137,11.9684],[92.73106,11.96868],[92.73078,11.96891],[92.73039,11.96911],[92.73028,11.96918],[92.72968,11.96941],[92.72889,11.96935],[92.7287,11.96926],[92.72832,11.96885],[92.72804,11.96866],[92.72749,11.96838],[92.72732,11.96828],[92.72688,11.96818],[92.72665,11.968],[92.72635,11.96783],[92.72599,11.9677],[92.72564,11.96763],[92.72549,11.96753],[92.72529,11.96738],[92.72523,11.9673],[92.72513,11.96729],[92.72498,11.96703],[92.72504,11.96678],[92.72538,11.96654],[92.72554,11.96647],[92.72567,11.9662],[92.72582,11.966],[92.72583,11.96598],[92.7259,11.96585],[92.72592,11.96559],[92.7259,11.96531],[92.72578,11.96489],[92.72561,11.96478],[92.72542,11.96471],[92.72516,11.96454],[92.72495,11.96442],[92.72468,11.96418],[92.7244,11.96386],[92.72427,11.96364],[92.72421,11.96345],[92.72408,11.96322],[92.72406,11.96319],[92.72391,11.96315],[92.72385,11.96315],[92.72382,11.96314],[92.7236,11.96306],[92.72347,11.96289],[92.72339,11.96277],[92.7232,11.96266],[92.7229,11.96266],[92.72256,11.96277],[92.72249,11.96303],[92.72246,11.96304],[92.72195,11.96367],[92.72185,11.96386],[92.72164,11.96397],[92.72136,11.96401],[92.72109,11.9641],[92.72081,11.96425],[92.72056,11.96436],[92.72037,11.96432],[92.7202,11.96419],[92.72029,11.96404],[92.72046,11.96378],[92.72053,11.96376],[92.72051,11.96375],[92.72071,11.96367],[92.72073,11.96346],[92.72067,11.96318],[92.72047,11.96297],[92.72028,11.96281],[92.72005,11.9626],[92.71971,11.96254],[92.71944,11.96265],[92.71929,11.96271],[92.71914,11.96301],[92.71889,11.96336],[92.71866,11.96359],[92.71832,11.96387],[92.71816,11.96374],[92.71809,11.96344],[92.71813,11.96316],[92.71828,11.96291],[92.71845,11.96275],[92.71883,11.96249],[92.71895,11.96234],[92.71923,11.96211],[92.71925,11.96202],[92.71929,11.96183],[92.71931,11.96151],[92.71929,11.96114],[92.71916,11.96069],[92.7191,11.96024],[92.71918,11.95996],[92.71929,11.95962],[92.71935,11.9594],[92.71941,11.95904],[92.71941,11.95865],[92.71935,11.95828],[92.71934,11.95803],[92.71928,11.95779],[92.71924,11.9576],[92.71917,11.95738],[92.71911,11.95725],[92.71907,11.95719],[92.71907,11.95715],[92.71903,11.95685],[92.71879,11.95652],[92.71845,11.95622],[92.71843,11.9559],[92.71839,11.95543],[92.7183,11.95472],[92.71818,11.95438],[92.71807,11.95404],[92.71786,11.95376],[92.71765,11.95343],[92.71748,11.95311],[92.71731,11.95286],[92.71708,11.95264],[92.71687,11.95256],[92.71665,11.95245],[92.71657,11.95228],[92.71644,11.95209],[92.71627,11.95198],[92.71598,11.95194],[92.71589,11.95195],[92.71577,11.95177],[92.71579,11.95153],[92.71598,11.95134],[92.71606,11.95125],[92.71627,11.95105],[92.71638,11.95078],[92.71642,11.95052],[92.71648,11.95032],[92.71658,11.95017],[92.71669,11.95006],[92.71688,11.94998],[92.7171,11.94991],[92.71739,11.94998],[92.71775,11.94998],[92.7181,11.94985],[92.71857,11.94965],[92.71882,11.94927],[92.7188,11.94886],[92.71875,11.94873],[92.71859,11.94834],[92.71837,11.94791],[92.71799,11.94755],[92.71759,11.94723],[92.7174,11.94707],[92.71732,11.94701],[92.71698,11.94676],[92.71674,11.94637],[92.7167,11.94575],[92.71681,11.94545],[92.71706,11.94519],[92.71725,11.94483],[92.71735,11.9445],[92.7175,11.94431],[92.71769,11.94409],[92.71775,11.94384],[92.71777,11.94349],[92.71794,11.94311],[92.71813,11.94282],[92.71817,11.94252],[92.71815,11.94209],[92.71802,11.94173],[92.71792,11.94124],[92.7181,11.94089],[92.71825,11.94066],[92.71842,11.94057],[92.71853,11.9404],[92.71855,11.9403],[92.71865,11.94016],[92.71874,11.9399],[92.71874,11.9395],[92.71874,11.93913],[92.71863,11.93879],[92.71847,11.93844],[92.71844,11.93838],[92.71833,11.93806],[92.71803,11.93758],[92.7178,11.93733],[92.71767,11.93718],[92.7173,11.93701],[92.71685,11.93692],[92.71647,11.93694],[92.71622,11.93724],[92.7162,11.93728],[92.71609,11.93752],[92.71592,11.93768],[92.71557,11.93735],[92.71557,11.93732],[92.71554,11.93718],[92.71537,11.93693],[92.71525,11.93654],[92.71522,11.93611],[92.7152,11.93572],[92.71508,11.93527],[92.71497,11.9348],[92.71471,11.93448],[92.71465,11.93416],[92.71465,11.93386],[92.71448,11.93325],[92.7145,11.933],[92.7148,11.93257],[92.7149,11.93237],[92.71515,11.93209],[92.71536,11.93186],[92.71543,11.93168],[92.71553,11.93147],[92.71587,11.93151],[92.71593,11.93222],[92.71596,11.93263],[92.71636,11.93355],[92.71666,11.93389],[92.71708,11.93417],[92.7174,11.93443],[92.7178,11.93469],[92.71826,11.93492],[92.71896,11.93505],[92.71934,11.93513],[92.71987,11.93513],[92.72025,11.93505],[92.72065,11.93485],[92.72107,11.93474],[92.7216,11.93449],[92.722,11.93427],[92.72246,11.93395],[92.72275,11.93358],[92.72288,11.93328],[92.72313,11.93289],[92.72347,11.93268],[92.72374,11.93242],[92.72421,11.93192],[92.7245,11.9316],[92.72471,11.93113],[92.72473,11.93063],[92.72475,11.93023],[92.72475,11.92992],[92.72452,11.92965],[92.72427,11.92967],[92.72417,11.92976],[92.72405,11.92988],[92.72387,11.93012],[92.72378,11.92993],[92.7238,11.92963],[92.7239,11.9293],[92.72391,11.92902],[92.72407,11.92862],[92.72431,11.92855],[92.72433,11.92855],[92.72431,11.9289],[92.72473,11.92896],[92.725,11.92877],[92.72515,11.92846],[92.72525,11.92812],[92.7253,11.92775],[92.72536,11.92752],[92.7254,11.92747],[92.72567,11.92702],[92.72572,11.92649],[92.72565,11.92595],[92.72563,11.92556],[92.72563,11.92516],[92.72563,11.92462],[92.72565,11.92421],[92.72565,11.92385],[92.72565,11.92359],[92.72564,11.92339],[92.72535,11.92316],[92.72528,11.92303],[92.72522,11.92273],[92.72495,11.92222],[92.72494,11.92176],[92.72501,11.92116],[92.72496,11.9206],[92.72488,11.92011],[92.72469,11.9196],[92.72439,11.9193],[92.72416,11.91908],[92.72411,11.91899],[92.72397,11.91878],[92.72405,11.91861],[92.72405,11.91834],[92.72414,11.91824],[92.72432,11.91799],[92.72451,11.9176],[92.72462,11.91728],[92.72466,11.91697],[92.72466,11.91695],[92.72468,11.91672],[92.72491,11.91642],[92.72507,11.91627],[92.72512,11.91622],[92.72521,11.91601],[92.72525,11.91573],[92.72531,11.91532],[92.72535,11.91511],[92.72518,11.91493],[92.7251,11.91485],[92.72506,11.91465],[92.72506,11.91446],[92.72506,11.91427],[92.72506,11.91405],[92.72506,11.91386],[92.72493,11.91358],[92.72482,11.91341],[92.72478,11.91335],[92.72461,11.91315],[92.72455,11.91294],[92.72467,11.91274],[92.72482,11.91259],[92.72484,11.91257],[92.72486,11.91229],[92.72513,11.91197],[92.72528,11.9116],[92.72532,11.91128],[92.72534,11.911],[92.72543,11.91075],[92.72549,11.91049],[92.72564,11.90984],[92.72566,11.90935],[92.72547,11.90888],[92.72532,11.90856],[92.72515,11.9083],[92.72492,11.908],[92.72487,11.90792],[92.72483,11.90758],[92.72458,11.90624],[92.72451,11.90576],[92.72468,11.9057],[92.7248,11.90549],[92.72478,11.90499],[92.7247,11.90488],[92.72447,11.90479],[92.72447,11.90478],[92.72408,11.90474],[92.72372,11.9046],[92.7233,11.90418],[92.723,11.90379],[92.72275,11.90366],[92.72274,11.90366],[92.72272,11.90364],[92.72242,11.90338],[92.72231,11.9032],[92.72232,11.90286],[92.72234,11.90281],[92.72238,11.90273],[92.72267,11.90279],[92.72288,11.90293],[92.72334,11.903],[92.72366,11.90303],[92.72403,11.903],[92.72408,11.90307],[92.72433,11.90328],[92.72461,11.90345],[92.72492,11.90345],[92.72511,11.90335],[92.72524,11.90328],[92.72549,11.90307],[92.72574,11.90276],[92.72595,11.90245],[92.72595,11.90228],[92.72595,11.90206],[92.72602,11.90175],[92.72616,11.90151],[92.7262,11.90147],[92.72648,11.90123],[92.72666,11.90095],[92.72677,11.90068],[92.72695,11.90039],[92.72712,11.90016],[92.72715,11.89893],[92.72715,11.8982],[92.72711,11.89775],[92.72679,11.89637],[92.72617,11.89504],[92.72535,11.89363],[92.72446,11.89264],[92.72385,11.89221],[92.72338,11.89196],[92.72323,11.89189],[92.72322,11.89184],[92.72332,11.89171],[92.72357,11.89167],[92.72385,11.89164],[92.72388,11.89161],[92.72395,11.89164],[92.72444,11.89178],[92.72503,11.89181],[92.72564,11.89178],[92.72598,11.89159],[92.72619,11.89133],[92.72621,11.89096],[92.72621,11.89049],[92.72617,11.89008],[92.72616,11.88972],[92.72608,11.88935],[92.72599,11.88905],[92.72622,11.88832],[92.72622,11.88796],[92.72605,11.88776],[92.72597,11.88742],[92.72593,11.88697],[92.72573,11.88626],[92.72565,11.88592],[92.72559,11.88555],[92.72556,11.88519],[92.72556,11.88474],[92.72552,11.88418],[92.72545,11.88369],[92.72545,11.88332],[92.72541,11.88302],[92.72522,11.88206],[92.72509,11.88137],[92.72503,11.88102],[92.72477,11.88055],[92.72465,11.88015],[92.72447,11.87991],[92.72431,11.87967],[92.72439,11.87948],[92.72456,11.87933],[92.72456,11.87914],[92.72431,11.87894],[92.72403,11.87877],[92.7238,11.87875],[92.72366,11.87873],[92.72354,11.87871],[92.72345,11.8784],[92.72344,11.87836],[92.72337,11.87804],[92.72322,11.87787],[92.72321,11.87781],[92.72332,11.87764],[92.72349,11.87753],[92.72367,11.87746],[92.72371,11.8774],[92.72403,11.87746],[92.7243,11.87744],[92.72431,11.87743],[92.72443,11.87742],[92.72475,11.87733],[92.72514,11.87714],[92.72536,11.87694],[92.7255,11.87666],[92.72555,11.87636],[92.72552,11.87608],[92.72546,11.87586],[92.72546,11.87544],[92.72542,11.87492],[92.72543,11.87456],[92.72539,11.87421],[92.72535,11.87401],[92.72535,11.87391],[92.72539,11.87361],[92.72539,11.87325],[92.72545,11.87291],[92.72545,11.87254],[92.72547,11.87218],[92.72554,11.87177],[92.72577,11.87142],[92.72593,11.87112],[92.72596,11.87086],[92.72596,11.87065],[92.72602,11.87043],[92.72606,11.87011],[92.72601,11.86934],[92.72603,11.86887],[92.72612,11.86863],[92.72624,11.86818],[92.72633,11.86769],[92.72641,11.8673],[92.72645,11.86693],[92.72656,11.86646],[92.72658,11.86614],[92.72658,11.86582],[92.72658,11.86578],[92.72675,11.86551],[92.72693,11.86511],[92.72721,11.86435],[92.72719,11.86405],[92.72718,11.8635],[92.72718,11.86315],[92.72718,11.86251],[92.72718,11.86212],[92.72716,11.86173],[92.72707,11.86143],[92.72684,11.86101],[92.72669,11.86057],[92.72658,11.86042],[92.72645,11.85911],[92.7262,11.85777],[92.72603,11.85694],[92.72598,11.85684],[92.72593,11.85656],[92.7258,11.85615],[92.72563,11.85585],[92.7255,11.85542],[92.72542,11.85499],[92.72529,11.85452],[92.7252,11.85412],[92.72518,11.85375],[92.72509,11.85341],[92.72499,11.853],[92.72497,11.85297],[92.72494,11.8525],[92.72469,11.85091],[92.72457,11.85075],[92.72456,11.85061],[92.72448,11.85038],[92.72437,11.8501],[92.72418,11.84978],[92.72397,11.84948],[92.72384,11.84914],[92.72361,11.84875],[92.72342,11.84841],[92.72323,11.84819],[92.72317,11.84814],[92.72312,11.848],[92.72299,11.84764],[92.72223,11.84563],[92.72147,11.84429],[92.721,11.84362],[92.721,11.84345],[92.72098,11.84317],[92.72089,11.84285],[92.72079,11.84257],[92.72072,11.84221],[92.72064,11.84191],[92.72053,11.84147],[92.72047,11.8412],[92.72042,11.84075],[92.72029,11.84032],[92.72006,11.83999],[92.71991,11.83954],[92.71979,11.83916],[92.71972,11.83892],[92.71972,11.83868],[92.71972,11.83839],[92.71968,11.83813],[92.71955,11.83793],[92.71941,11.8378],[92.71928,11.83757],[92.71906,11.83729],[92.71887,11.83706],[92.71868,11.83682],[92.71843,11.83652],[92.7182,11.83622],[92.71798,11.83585],[92.71777,11.83543],[92.71767,11.83515],[92.71764,11.83484],[92.71764,11.83457],[92.7176,11.8342],[92.71758,11.83397],[92.71758,11.83375],[92.71745,11.83347],[92.7172,11.83328],[92.71694,11.83321],[92.7167,11.83325],[92.71667,11.83307],[92.71659,11.83298],[92.71661,11.83289],[92.71661,11.83244],[92.71652,11.83214],[92.71631,11.83178],[92.71616,11.83145],[92.71603,11.83109],[92.71593,11.83064],[92.71586,11.83025],[92.71594,11.82999],[92.71603,11.82978],[92.71609,11.82944],[92.71609,11.82922],[92.71601,11.82899],[92.71592,11.82882],[92.71586,11.82868],[92.71571,11.82855],[92.71569,11.82843],[92.71554,11.82804],[92.71473,11.82673],[92.71387,11.82523],[92.71338,11.82446],[92.71259,11.82317],[92.71179,11.82172],[92.71149,11.82126],[92.71101,11.82064],[92.7105,11.81998],[92.71007,11.81938],[92.71003,11.81934],[92.70986,11.81888],[92.70958,11.81848],[92.70923,11.81813],[92.70867,11.81778],[92.7084,11.81753],[92.70796,11.8172],[92.70718,11.81648],[92.70573,11.81557],[92.70566,11.81557],[92.70529,11.81537],[92.70449,11.81505],[92.70415,11.81499],[92.70361,11.81477],[92.70302,11.8146],[92.70246,11.81447],[92.70163,11.81444],[92.70084,11.81446],[92.7002,11.81457],[92.69967,11.81465],[92.69903,11.81465],[92.6988,11.8146],[92.69844,11.81499],[92.69812,11.81533],[92.69777,11.81568],[92.6972,11.81606],[92.69664,11.81641],[92.69628,11.81672],[92.69568,11.81693],[92.69515,11.81717],[92.69469,11.81731],[92.69434,11.81734],[92.69371,11.81734],[92.69353,11.8173],[92.69353,11.8171],[92.69378,11.81692],[92.69413,11.81685],[92.69445,11.81682],[92.69477,11.81682],[92.69508,11.81675],[92.69565,11.81654],[92.6959,11.81634],[92.69621,11.81599],[92.6965,11.81571],[92.69667,11.81543],[92.69692,11.81488],[92.69706,11.81446],[92.69706,11.81408],[92.69706,11.81363],[92.69685,11.81335],[92.69625,11.81335],[92.69558,11.81356],[92.69417,11.81442],[92.69262,11.81529],[92.69106,11.81622],[92.69043,11.8164],[92.69,11.81674],[92.68895,11.81684],[92.68729,11.81715],[92.68602,11.81781],[92.68496,11.81826],[92.68411,11.81871],[92.68256,11.81944],[92.68062,11.81982],[92.68016,11.81995],[92.67942,11.82016],[92.67871,11.82033],[92.67818,11.82019],[92.67836,11.81974],[92.67896,11.81933],[92.67953,11.81905],[92.67999,11.81881],[92.68069,11.81846],[92.68157,11.81818],[92.68253,11.81791],[92.68344,11.81746],[92.68472,11.81666],[92.6862,11.81576],[92.68701,11.81535],[92.68779,11.81497],[92.68846,11.81476],[92.68913,11.81469],[92.68973,11.81476],[92.6904,11.81494],[92.69117,11.81497],[92.69191,11.81487],[92.69265,11.81449],[92.69304,11.81411],[92.69311,11.81379],[92.69322,11.81345],[92.69336,11.81289],[92.69347,11.81241],[92.69347,11.81188],[92.69333,11.81133],[92.69298,11.81077],[92.69256,11.81018],[92.6921,11.8098],[92.69157,11.80924],[92.69108,11.80837],[92.69034,11.80729],[92.68964,11.8067],[92.68897,11.80628],[92.68819,11.80593],[92.68749,11.80586],[92.68647,11.80579],[92.6853,11.80575],[92.68481,11.80561],[92.68456,11.80547],[92.68393,11.8054],[92.6835,11.80547],[92.68301,11.80516],[92.68241,11.8045],[92.68199,11.80391],[92.68167,11.80338],[92.68143,11.80279],[92.68115,11.80213],[92.6809,11.80144],[92.68073,11.8006],[92.68069,11.80015],[92.68059,11.79963],[92.68059,11.79935],[92.68087,11.79914],[92.6814,11.79932],[92.68196,11.80064],[92.68259,11.802],[92.68347,11.80339],[92.68453,11.80429],[92.68534,11.80492],[92.68629,11.80513],[92.68685,11.80513],[92.68756,11.80513],[92.68819,11.80513],[92.68886,11.80524],[92.68936,11.80541],[92.69031,11.80604],[92.69136,11.80736],[92.6926,11.80883],[92.6939,11.80987],[92.69555,11.81081],[92.69707,11.81175],[92.69788,11.81235],[92.69858,11.8129],[92.69877,11.81312],[92.6992,11.81317],[92.69942,11.81311],[92.6999,11.81292],[92.70043,11.81278],[92.70107,11.81265],[92.70171,11.81276],[92.70224,11.81304],[92.70286,11.81317],[92.70361,11.81315],[92.70431,11.81315],[92.70503,11.81321],[92.70559,11.81348],[92.7062,11.81387],[92.70682,11.81398],[92.70752,11.81404],[92.70816,11.81409],[92.70902,11.81431],[92.70994,11.81478],[92.71058,11.81531],[92.71097,11.81599],[92.71131,11.81671],[92.71175,11.81729],[92.71186,11.81758],[92.71192,11.81756],[92.71244,11.81885],[92.71236,11.81891],[92.71236,11.81932],[92.71256,11.81954],[92.71289,11.81988],[92.71323,11.82029],[92.71362,11.82059],[92.71401,11.82095],[92.71429,11.82131],[92.71451,11.82164],[92.71481,11.82202],[92.71534,11.82263],[92.71573,11.8231],[92.71601,11.82346],[92.71635,11.82362],[92.71665,11.82367],[92.71688,11.82371],[92.71735,11.82401],[92.71777,11.82431],[92.71807,11.82475],[92.71835,11.82517],[92.7186,11.82566],[92.71885,11.82605],[92.71895,11.82626],[92.71926,11.82671],[92.71922,11.82684],[92.71921,11.82728],[92.71913,11.82778],[92.71916,11.82847],[92.71941,11.82905],[92.71941,11.82957],[92.7194,11.83026],[92.71951,11.83078],[92.71951,11.83144],[92.71979,11.83213],[92.72001,11.83265],[92.7204,11.83356],[92.72068,11.83411],[92.72099,11.83449],[92.72121,11.83485],[92.72146,11.83518],[92.72171,11.83562],[92.72199,11.8362],[92.72216,11.83645],[92.72246,11.83692],[92.72263,11.8373],[92.72263,11.83771],[92.72279,11.83829],[92.72304,11.83876],[92.72341,11.83928],[92.72374,11.83961],[92.72402,11.84],[92.72413,11.8403],[92.72441,11.8406],[92.7246,11.84082],[92.72486,11.84105],[92.725,11.84114],[92.72527,11.84132],[92.7255,11.84171],[92.72569,11.84215],[92.7258,11.84248],[92.726,11.84286],[92.72633,11.84344],[92.72637,11.84384],[92.7264,11.84388],[92.72641,11.8439],[92.72641,11.84413],[92.7265,11.8446],[92.72663,11.84515],[92.72688,11.84553],[92.72708,11.84572],[92.72707,11.84631],[92.72707,11.84711],[92.72707,11.84723],[92.72696,11.84757],[92.72696,11.84803],[92.72696,11.8485],[92.72729,11.849],[92.72732,11.84911],[92.72735,11.84922],[92.72743,11.84996],[92.72771,11.85048],[92.72788,11.85098],[92.72796,11.85134],[92.72818,11.85189],[92.72844,11.8523],[92.7286,11.85239],[92.72863,11.85243],[92.72869,11.85252],[92.72933,11.8531],[92.7298,11.85318],[92.73016,11.85332],[92.73047,11.85362],[92.73072,11.85406],[92.7309,11.85422],[92.73122,11.85494],[92.7319,11.85653],[92.73207,11.85745],[92.73187,11.85817],[92.7318,11.85816],[92.73155,11.85838],[92.73119,11.85868],[92.73105,11.85904],[92.73071,11.8594],[92.7304,11.85951],[92.73024,11.85989],[92.73023,11.86047],[92.73032,11.86105],[92.7304,11.86116],[92.73032,11.86132],[92.73032,11.86168],[92.73031,11.8622],[92.73048,11.86275],[92.7307,11.86336],[92.73087,11.86396],[92.73101,11.8644],[92.73112,11.86495],[92.73112,11.86548],[92.73106,11.86586],[92.73105,11.86609],[92.73103,11.86627],[92.73095,11.86669],[92.73095,11.86713],[92.73104,11.86758],[92.73106,11.86768],[92.73106,11.86823],[92.73126,11.86862],[92.73111,11.86908],[92.73111,11.86959],[92.73136,11.87084],[92.73152,11.87125],[92.73144,11.87164],[92.7315,11.87221],[92.73152,11.87282],[92.73169,11.87332],[92.73194,11.87384],[92.73222,11.87428],[92.73236,11.87486],[92.73266,11.87535],[92.73269,11.87582],[92.73269,11.87656],[92.73277,11.87678],[92.73316,11.87683],[92.73312,11.87689],[92.73294,11.87692],[92.73277,11.87708],[92.73258,11.8773],[92.73221,11.87774],[92.73213,11.87816],[92.73204,11.87854],[92.73201,11.87904],[92.73213,11.87942],[92.73225,11.87956],[92.73229,11.87961],[92.73271,11.87959],[92.73313,11.87948],[92.73335,11.87948],[92.73352,11.87951],[92.7336,11.87964],[92.73363,11.87984],[92.73355,11.87989],[92.73335,11.87984],[92.73293,11.87983],[92.73249,11.87986],[92.73215,11.88008],[92.73214,11.88009],[92.73207,11.8804],[92.73184,11.88038],[92.73165,11.88068],[92.73154,11.88099],[92.73142,11.88137],[92.73142,11.88192],[92.73142,11.88233],[92.73142,11.88286],[92.73142,11.88327],[92.73139,11.88365],[92.73133,11.88418],[92.73131,11.8847],[92.7313,11.88514],[92.7313,11.88561],[92.73141,11.88596],[92.73141,11.88657],[92.73161,11.88712],[92.73186,11.88762],[92.73202,11.88814],[92.73214,11.8885],[92.73225,11.88896],[92.73239,11.88921],[92.73241,11.88957],[92.73241,11.88987],[92.73247,11.89028],[92.73241,11.89064],[92.73241,11.89097],[92.73261,11.89125],[92.73268,11.89129],[92.73268,11.89269],[92.7326,11.8939],[92.73252,11.89411],[92.73224,11.89438],[92.73193,11.89479],[92.73162,11.89545],[92.73159,11.89603],[92.73159,11.89641],[92.73159,11.89716],[92.73192,11.89787],[92.73205,11.89795],[92.73208,11.8983],[92.73211,11.89843],[92.73189,11.89862],[92.73186,11.89892],[92.73195,11.89925],[92.732,11.89972],[92.7322,11.90018],[92.73236,11.90065],[92.7325,11.90112],[92.73256,11.90167],[92.73261,11.90214],[92.73267,11.9026],[92.73272,11.90302],[92.73286,11.90351],[92.733,11.90406],[92.73307,11.90419],[92.73303,11.90423],[92.73305,11.90458],[92.73305,11.90511],[92.7335,11.90566],[92.73372,11.90602],[92.73372,11.90635],[92.73394,11.9069],[92.73417,11.90736],[92.73433,11.90802],[92.73453,11.90863],[92.73475,11.90907],[92.73503,11.90959],[92.73506,11.90995],[92.73519,11.91042],[92.73539,11.91111],[92.73553,11.91141],[92.73567,11.91174],[92.73589,11.91223],[92.7362,11.9127],[92.73639,11.91323],[92.73656,11.914],[92.73672,11.91468],[92.73689,11.91532],[92.73725,11.91595],[92.73749,11.91628],[92.73756,11.91669],[92.73781,11.91708],[92.73817,11.91746],[92.7385,11.91785],[92.73884,11.91824],[92.73945,11.91881],[92.73992,11.91939],[92.74048,11.91983],[92.7409,11.92019],[92.74123,11.92047],[92.74163,11.92088],[92.74185,11.92132],[92.74215,11.92226],[92.74224,11.92286],[92.74226,11.92341],[92.74232,11.92407],[92.74234,11.92473],[92.7424,11.92534],[92.74284,11.926],[92.74332,11.9268],[92.74379,11.92754],[92.7439,11.9279],[92.74415,11.92834],[92.74432,11.9285],[92.74467,11.92854],[92.74494,11.92891],[92.74491,11.92919],[92.74493,11.92947],[92.74535,11.92993],[92.7457,11.93004],[92.74568,11.93035],[92.74571,11.9309],[92.74577,11.9315],[92.74605,11.93189],[92.7463,11.93225],[92.74674,11.93249],[92.74719,11.93266],[92.74772,11.93266],[92.74811,11.93261],[92.74867,11.93264],[92.74917,11.9325],[92.74931,11.93222],[92.74973,11.93225],[92.75004,11.93231],[92.75054,11.93231],[92.75099,11.93228],[92.7513,11.93192],[92.75169,11.93173],[92.75208,11.93176],[92.75269,11.93176],[92.75308,11.93165],[92.7537,11.93226],[92.75381,11.9327],[92.75406,11.93308],[92.75442,11.93336],[92.75495,11.93355],[92.75542,11.9338],[92.75584,11.93411],[92.75604,11.93446],[92.75621,11.93482],[92.75648,11.93507],[92.75701,11.93518],[92.75749,11.93515],[92.75785,11.9351],[92.7583,11.93499],[92.75869,11.9348],[92.75905,11.93474],[92.75939,11.93507],[92.75928,11.93529],[92.75933,11.93537],[92.75917,11.93557],[92.759,11.9356],[92.75886,11.93571],[92.75872,11.93593],[92.75874,11.93631],[92.75902,11.93661],[92.75933,11.93692],[92.75978,11.93705],[92.76042,11.93706],[92.76084,11.93686],[92.76103,11.93656],[92.76148,11.93673],[92.76195,11.93709],[92.76218,11.93739],[92.76246,11.93769],[92.76262,11.93808],[92.76259,11.93843],[92.76248,11.9386],[92.76248,11.93893],[92.76273,11.93937],[92.76343,11.93965],[92.76382,11.93976],[92.76385,11.93995],[92.76415,11.94039],[92.76446,11.94042],[92.76477,11.94036],[92.76496,11.94006],[92.76538,11.93976],[92.76566,11.9394],[92.76589,11.93916],[92.76631,11.93883],[92.76678,11.9385],[92.76734,11.93847],[92.76796,11.93855],[92.76837,11.9388],[92.76865,11.93902],[92.76907,11.93933],[92.76952,11.93949],[92.77001,11.93957],[92.77002,11.93957],[92.7703,11.93996],[92.77072,11.94035],[92.77142,11.94018],[92.77186,11.93996],[92.77225,11.93974],[92.77273,11.93955],[92.7732,11.9395],[92.77368,11.93944],[92.77421,11.93939],[92.77455,11.93936],[92.77544,11.93914],[92.77586,11.93914],[92.77636,11.9389],[92.77686,11.93876],[92.7774,11.93857],[92.77787,11.93852],[92.7784,11.93827],[92.77879,11.93791],[92.77918,11.93764],[92.77974,11.93717],[92.78005,11.93701],[92.78053,11.9369],[92.78097,11.93684],[92.78139,11.93668],[92.78187,11.93657],[92.78188,11.93656],[92.78209,11.93649],[92.78226,11.93643],[92.78254,11.93635],[92.78293,11.93646],[92.78296,11.93646],[92.78318,11.93671],[92.78354,11.9369],[92.78382,11.93688],[92.78393,11.93674],[92.78394,11.93672],[92.78424,11.93666],[92.78463,11.93655],[92.78514,11.93633],[92.7853,11.93605],[92.78525,11.93575],[92.78533,11.93542],[92.78553,11.93517],[92.78561,11.93487],[92.78525,11.93462],[92.78475,11.93462],[92.78424,11.93435],[92.78391,11.93424],[92.78363,11.93396],[92.78338,11.93366],[92.78319,11.93319],[92.78299,11.93253],[92.78271,11.9319],[92.78255,11.93143],[92.78255,11.93102],[92.78258,11.93082],[92.7827,11.93018],[92.78302,11.92953],[92.78413,11.9282],[92.78573,11.9269],[92.78604,11.92687],[92.78655,11.92676],[92.78683,11.92657],[92.78713,11.9264],[92.78744,11.92596],[92.78767,11.9255],[92.78775,11.92497],[92.7877,11.92462],[92.78759,11.92429],[92.78747,11.92412],[92.78754,11.92301],[92.78767,11.92143],[92.7879,11.92134],[92.7879,11.92079],[92.78781,11.92052],[92.78779,11.92044],[92.78765,11.92011],[92.78759,11.91978],[92.78779,11.91956],[92.78791,11.91956],[92.7879,11.91951],[92.78798,11.91947],[92.78818,11.91926],[92.78824,11.91904],[92.78821,11.91882],[92.78815,11.91871],[92.78778,11.91863],[92.78764,11.91757],[92.78743,11.91737],[92.78743,11.91736],[92.78726,11.91689],[92.78721,11.91648],[92.78715,11.91626],[92.78701,11.91606],[92.78673,11.91579],[92.78659,11.91557],[92.7866,11.91532],[92.78657,11.91488],[92.78648,11.91439],[92.78629,11.91397],[92.78612,11.91372],[92.78587,11.9136],[92.78518,11.91179],[92.78527,11.91087],[92.78525,11.91066],[92.78549,11.91045],[92.7856,11.9102],[92.78557,11.90993],[92.7854,11.90954],[92.78521,11.90924],[92.78515,11.90883],[92.78499,11.9085],[92.78482,11.908],[92.78463,11.90775],[92.78421,11.90759],[92.78407,11.90759],[92.78403,11.90751],[92.78384,11.90707],[92.78379,11.90671],[92.78365,11.90627],[92.78351,11.90591],[92.78348,11.90561],[92.78346,11.90517],[92.78346,11.90487],[92.78354,11.90462],[92.78379,11.90429],[92.78399,11.90404],[92.78419,11.90377],[92.7842,11.90374],[92.78489,11.90386],[92.78491,11.90388],[92.78522,11.90393],[92.78555,11.90388],[92.78583,11.90382],[92.786,11.90355],[92.78589,11.90316],[92.78564,11.903],[92.78563,11.90298],[92.7855,11.90245],[92.78567,11.90212],[92.78576,11.90201],[92.78589,11.90187],[92.78612,11.90171],[92.78632,11.90161],[92.78651,11.90152],[92.78687,11.90146],[92.78726,11.9016],[92.78727,11.90167],[92.78729,11.90198],[92.78757,11.90223],[92.78799,11.90234],[92.78818,11.90234],[92.7884,11.90221],[92.78835,11.90185],[92.78816,11.90154],[92.78813,11.90149],[92.78821,11.90105],[92.78824,11.90095],[92.7883,11.90075],[92.78824,11.90034],[92.78791,11.89998],[92.78768,11.89998],[92.7874,11.90017],[92.78713,11.90041],[92.78707,11.90047],[92.7867,11.90064],[92.78626,11.90063],[92.78598,11.90044],[92.78595,11.90041],[92.78559,11.90006],[92.78534,11.89973],[92.78523,11.89937],[92.78511,11.89912],[92.78492,11.89893],[92.78467,11.89906],[92.78442,11.89931],[92.78437,11.89936],[92.78436,11.89939],[92.78414,11.89948],[92.78389,11.89948],[92.78355,11.89939],[92.78335,11.89926],[92.78327,11.8992],[92.78285,11.89898],[92.78241,11.89868],[92.78151,11.89799],[92.78062,11.89727],[92.7799,11.89655],[92.77968,11.89584],[92.77937,11.8946],[92.77926,11.89375],[92.77912,11.89328],[92.77912,11.8932],[92.77909,11.8929],[92.77907,11.89248],[92.77907,11.89213],[92.77921,11.89163],[92.77938,11.89138],[92.77957,11.89105],[92.77993,11.89097],[92.78041,11.89086],[92.78105,11.89064],[92.7813,11.89042],[92.78167,11.89015],[92.78184,11.88979],[92.78186,11.88973],[92.78199,11.8896],[92.78216,11.88809],[92.7825,11.88717],[92.78259,11.88692],[92.78309,11.88663],[92.7831,11.88663],[92.78343,11.88672],[92.7838,11.88683],[92.78399,11.8868],[92.78427,11.88666],[92.78452,11.88641],[92.78475,11.8863],[92.78503,11.88603],[92.7853,11.88587],[92.78575,11.88556],[92.78617,11.88532],[92.78653,11.88526],[92.78687,11.88513],[92.78707,11.88504],[92.78743,11.88477],[92.78776,11.88471],[92.78827,11.88469],[92.78852,11.88447],[92.78843,11.88408],[92.78824,11.88397],[92.78788,11.88389],[92.7876,11.8837],[92.78724,11.88348],[92.78701,11.88326],[92.78672,11.88323],[92.78616,11.88283],[92.786,11.88174],[92.78591,11.88082],[92.78591,11.87973],[92.78602,11.87888],[92.78615,11.8788],[92.78638,11.87855],[92.78649,11.87833],[92.7866,11.87814],[92.78671,11.878],[92.78683,11.87781],[92.78688,11.87751],[92.78691,11.87712],[92.78686,11.87677],[92.78658,11.87649],[92.78638,11.8763],[92.78618,11.87622],[92.78618,11.87621],[92.78584,11.87537],[92.78609,11.8742],[92.78622,11.87396],[92.7863,11.87393],[92.78653,11.8738],[92.78675,11.8736],[92.78697,11.87338],[92.78703,11.87311],[92.78703,11.87286],[92.787,11.87256],[92.78684,11.87237],[92.78661,11.87215],[92.78647,11.87193],[92.78647,11.8716],[92.78647,11.87124],[92.7865,11.87091],[92.78653,11.8705],[92.78642,11.87017],[92.7862,11.86986],[92.78607,11.8698],[92.78592,11.86956],[92.78584,11.86931],[92.78581,11.86876],[92.78587,11.86859],[92.78585,11.86851],[92.78585,11.86767],[92.78628,11.86684],[92.78628,11.866],[92.78619,11.86508],[92.7856,11.86441],[92.78518,11.8629],[92.78509,11.86223],[92.78509,11.86222],[92.78507,11.86202],[92.78473,11.86175],[92.78448,11.86147],[92.7842,11.86109],[92.78395,11.86076],[92.78373,11.86034],[92.78367,11.85988],[92.78373,11.85957],[92.78376,11.8593],[92.78379,11.85897],[92.78381,11.85878],[92.78375,11.85852],[92.78378,11.85834],[92.78391,11.85737],[92.78434,11.85679],[92.78472,11.85662],[92.7848,11.85666],[92.78494,11.8568],[92.78516,11.85683],[92.78533,11.85683],[92.78552,11.85674],[92.78563,11.85663],[92.78569,11.85644],[92.78569,11.85622],[92.78572,11.856],[92.7858,11.85581],[92.78589,11.85562],[92.78603,11.85545],[92.78614,11.85526],[92.78619,11.85509],[92.78617,11.85485],[92.78614,11.85465],[92.78606,11.85454],[92.78592,11.85435],[92.78577,11.85422],[92.78546,11.85272],[92.78544,11.8527],[92.78539,11.85253],[92.78536,11.85243],[92.78534,11.85239],[92.78519,11.85212],[92.78506,11.85188],[92.78494,11.8517],[92.7848,11.85165],[92.78464,11.85143],[92.78433,11.85124],[92.78408,11.85108],[92.7838,11.85102],[92.78349,11.85116],[92.78324,11.85149],[92.78288,11.8516],[92.78263,11.85162],[92.78226,11.85165],[92.78176,11.85165],[92.78143,11.85178],[92.78137,11.85176],[92.78061,11.851],[92.78056,11.85071],[92.78056,11.85014],[92.78056,11.84967],[92.78059,11.84901],[92.78054,11.84857],[92.78043,11.84829],[92.78012,11.84766],[92.7801,11.84757],[92.78002,11.8469],[92.78002,11.84598],[92.78002,11.84578],[92.78015,11.84573],[92.78046,11.84557],[92.78054,11.84532],[92.78063,11.84508],[92.78085,11.84486],[92.78102,11.84458],[92.78122,11.84431],[92.78141,11.84387],[92.78124,11.84337],[92.78102,11.84301],[92.78069,11.84282],[92.78035,11.84274],[92.77974,11.84227],[92.77946,11.84197],[92.77913,11.84169],[92.77876,11.84153],[92.77851,11.84136],[92.77811,11.84117],[92.77791,11.84062],[92.77799,11.83945],[92.77833,11.83839],[92.77834,11.83836],[92.77834,11.83831],[92.77843,11.83822],[92.77863,11.83789],[92.77871,11.83759],[92.7786,11.83729],[92.77835,11.83693],[92.77816,11.8366],[92.77793,11.83619],[92.77766,11.83586],[92.77738,11.83553],[92.77727,11.83534],[92.77704,11.83525],[92.77698,11.83513],[92.77696,11.83511],[92.77671,11.83478],[92.77624,11.83418],[92.7761,11.83377],[92.7761,11.83335],[92.77613,11.83302],[92.77632,11.83295],[92.77631,11.83283],[92.77639,11.83208],[92.77741,11.83124],[92.77801,11.83041],[92.77835,11.82949],[92.7781,11.82856],[92.77793,11.82748],[92.77725,11.82655],[92.77683,11.82613],[92.77633,11.82589],[92.77615,11.8258],[92.77569,11.82515],[92.77569,11.82507],[92.77569,11.82477],[92.77569,11.82439],[92.77569,11.82395],[92.7757,11.82364],[92.7757,11.82326],[92.7757,11.82296],[92.7756,11.82269],[92.77564,11.82253],[92.77615,11.82203],[92.77616,11.82061],[92.77565,11.81944],[92.77523,11.81843],[92.77429,11.81701],[92.77412,11.81659],[92.77412,11.81628],[92.77413,11.816],[92.77413,11.81522],[92.77413,11.81493],[92.7742,11.81487],[92.77437,11.81457],[92.77451,11.81443],[92.77473,11.81418],[92.77479,11.81385],[92.77485,11.81363],[92.7749,11.81339],[92.7749,11.81311],[92.77474,11.81281],[92.7746,11.81262],[92.7744,11.81251],[92.77433,11.81228],[92.77424,11.8122],[92.77412,11.81187],[92.77418,11.81181],[92.77429,11.81171],[92.77443,11.81152],[92.77449,11.81124],[92.77441,11.81091],[92.77407,11.81072],[92.77389,11.81068],[92.77346,11.81014],[92.77336,11.80986],[92.77332,11.80984],[92.77304,11.80951],[92.77279,11.80923],[92.77259,11.80884],[92.77257,11.80849],[92.7726,11.80807],[92.77271,11.8078],[92.77282,11.80731],[92.77282,11.80692],[92.77279,11.8064],[92.77263,11.80598],[92.77235,11.80549],[92.77204,11.80497],[92.77171,11.80466],[92.77129,11.80453],[92.77093,11.80439],[92.77074,11.80387],[92.77065,11.80362],[92.77071,11.80364],[92.77073,11.80301],[92.77082,11.80282],[92.77085,11.80263],[92.77085,11.80235],[92.77088,11.8021],[92.77081,11.80203],[92.77088,11.80177],[92.77104,11.80147],[92.77121,11.80131],[92.77118,11.80106],[92.77104,11.80087],[92.77082,11.80076],[92.77075,11.80074],[92.77046,11.80067],[92.76982,11.80037],[92.76954,11.80007],[92.76929,11.79965],[92.76929,11.79921],[92.76932,11.79902],[92.76932,11.79897],[92.76935,11.7988],[92.76949,11.79839],[92.76965,11.79806],[92.76966,11.79806],[92.76988,11.79795],[92.77005,11.79743],[92.77002,11.79718],[92.77,11.79704],[92.76999,11.79693],[92.77005,11.79669],[92.77012,11.7966],[92.77035,11.7963],[92.77041,11.79608],[92.77041,11.79586],[92.77041,11.79564],[92.7703,11.79537],[92.77015,11.79528],[92.76974,11.79431],[92.76963,11.7936],[92.76983,11.79303],[92.76997,11.79248],[92.77014,11.79207],[92.7705,11.79168],[92.77087,11.79127],[92.77103,11.79091],[92.7712,11.79044],[92.77129,11.78973],[92.77115,11.7889],[92.77095,11.78833],[92.77076,11.78772],[92.77073,11.78706],[92.77079,11.78637],[92.77085,11.78602],[92.7709,11.7856],[92.77076,11.78527],[92.77054,11.78494],[92.77026,11.78459],[92.77004,11.78412],[92.76976,11.78354],[92.76954,11.78318],[92.7694,11.78293],[92.76908,11.78283],[92.76902,11.78271],[92.76901,11.78252],[92.76898,11.78216],[92.76887,11.78197],[92.76868,11.78175],[92.76843,11.78159],[92.7682,11.78142],[92.76798,11.78117],[92.76777,11.78111],[92.76756,11.78024],[92.76705,11.77982],[92.76697,11.77932],[92.76708,11.77852],[92.76708,11.77852],[92.76712,11.77848],[92.76732,11.77815],[92.76751,11.77776],[92.76762,11.77746],[92.76774,11.77724],[92.76785,11.77696],[92.76799,11.7768],[92.76827,11.77658],[92.76852,11.77644],[92.76872,11.77625],[92.76886,11.77603],[92.76897,11.77537],[92.76888,11.77493],[92.76875,11.77463],[92.76875,11.77424],[92.76883,11.77405],[92.76889,11.77372],[92.76883,11.77342],[92.76861,11.77309],[92.76864,11.77273],[92.76867,11.77254],[92.76858,11.77221],[92.76833,11.77177],[92.76822,11.77166],[92.76817,11.77146],[92.76811,11.77119],[92.76789,11.771],[92.76772,11.77083],[92.76762,11.7708],[92.76758,11.7707],[92.76664,11.76994],[92.76655,11.76982],[92.76655,11.76981],[92.76638,11.76934],[92.76619,11.76896],[92.76597,11.76863],[92.76574,11.76844],[92.76544,11.76813],[92.76518,11.76797],[92.76497,11.76792],[92.76478,11.76768],[92.76461,11.76701],[92.76464,11.76659],[92.76471,11.76651],[92.76485,11.76629],[92.76491,11.76601],[92.76494,11.76566],[92.76494,11.76538],[92.76511,11.76508],[92.76541,11.76483],[92.76564,11.76467],[92.76574,11.76447],[92.7658,11.76442],[92.7658,11.76358],[92.76581,11.76249],[92.76555,11.76174],[92.76453,11.76149],[92.76408,11.76136],[92.76394,11.76106],[92.76394,11.76087],[92.764,11.7604],[92.76414,11.75985],[92.76414,11.75962],[92.76416,11.75959],[92.76431,11.7598],[92.76461,11.75974],[92.765,11.75958],[92.76531,11.75925],[92.76542,11.75889],[92.76545,11.75862],[92.76545,11.75834],[92.76554,11.75821],[92.76557,11.7579],[92.76551,11.75763],[92.76551,11.75705],[92.76557,11.75672],[92.76571,11.75636],[92.76557,11.75554],[92.76553,11.75543],[92.76573,11.75454],[92.76582,11.75362],[92.76582,11.75211],[92.76498,11.75044],[92.76494,11.75037],[92.76494,11.75012],[92.76488,11.74979],[92.76474,11.74954],[92.76458,11.74938],[92.76432,11.74913],[92.76407,11.74895],[92.76396,11.74888],[92.76385,11.74877],[92.76352,11.7483],[92.76327,11.74792],[92.76326,11.74791],[92.7631,11.74764],[92.76268,11.74728],[92.76235,11.74706],[92.76198,11.74703],[92.76198,11.74703],[92.76108,11.74574],[92.76091,11.74457],[92.76151,11.74298],[92.76162,11.74279],[92.76166,11.74274],[92.76202,11.74228],[92.76216,11.74195],[92.76216,11.74156],[92.76197,11.7412],[92.76197,11.74085],[92.76166,11.74027],[92.76158,11.73983],[92.76133,11.73947],[92.76105,11.73914],[92.76087,11.73914],[92.76083,11.73906],[92.7606,11.73892],[92.76053,11.73885],[92.7605,11.73879],[92.76029,11.73855],[92.75974,11.73812],[92.75938,11.73776],[92.75918,11.73732],[92.75916,11.73688],[92.75904,11.7365],[92.75893,11.73606],[92.7588,11.73553],[92.7588,11.73498],[92.75882,11.73457],[92.75883,11.73454],[92.75885,11.73424],[92.75902,11.73377],[92.75916,11.73342],[92.75919,11.73317],[92.75916,11.73289],[92.75888,11.73262],[92.75886,11.73261],[92.75881,11.73184],[92.75881,11.73084],[92.75898,11.73033],[92.75856,11.72891],[92.7584,11.72864],[92.75819,11.72847],[92.75794,11.72811],[92.75747,11.72789],[92.75711,11.72747],[92.75691,11.72717],[92.75668,11.72696],[92.7561,11.72665],[92.75613,11.72653],[92.75608,11.72645],[92.75605,11.72623],[92.75608,11.72566],[92.75625,11.72524],[92.7565,11.72489],[92.75669,11.72464],[92.7568,11.72461],[92.75687,11.72447],[92.75678,11.72355],[92.75662,11.72238],[92.7567,11.72154],[92.7567,11.72045],[92.75603,11.71953],[92.75553,11.71893],[92.75536,11.71889],[92.75509,11.7187],[92.75486,11.71845],[92.75475,11.7182],[92.75475,11.71808],[92.75475,11.71793],[92.75478,11.71757],[92.75481,11.71718],[92.75489,11.71696],[92.75512,11.7168],[92.75526,11.71663],[92.75526,11.71641],[92.75529,11.71611],[92.75565,11.71595],[92.75593,11.71573],[92.75607,11.71548],[92.75635,11.71501],[92.75649,11.71457],[92.75649,11.71433],[92.75652,11.714],[92.75668,11.71378],[92.75694,11.71353],[92.75697,11.71344],[92.75702,11.71331],[92.75716,11.71281],[92.75719,11.71271],[92.75725,11.71243],[92.75727,11.71205],[92.7572,11.71198],[92.75722,11.71166],[92.75729,11.71139],[92.7573,11.71136],[92.75732,11.71134],[92.75755,11.71117],[92.7576,11.71092],[92.75761,11.71084],[92.75761,11.7105],[92.75761,11.71045],[92.75758,11.71029],[92.75753,11.70998],[92.75753,11.70989],[92.75753,11.70952],[92.75756,11.7093],[92.75759,11.70894],[92.75767,11.70869],[92.75778,11.7082],[92.75742,11.70778],[92.75727,11.70768],[92.75724,11.70731],[92.75665,11.7058],[92.75571,11.70413],[92.75546,11.70304],[92.75544,11.70295],[92.75548,11.70269],[92.75548,11.70236],[92.75542,11.70217],[92.75523,11.70189],[92.75492,11.70176],[92.75447,11.70173],[92.75428,11.70192],[92.75417,11.70217],[92.75394,11.70239],[92.75372,11.70258],[92.75364,11.7031],[92.75316,11.70362],[92.75305,11.70357],[92.75271,11.70362],[92.75235,11.70379],[92.75204,11.70412],[92.75171,11.70431],[92.75157,11.70472],[92.75162,11.70489],[92.75187,11.705],[92.7519,11.70515],[92.75193,11.7053],[92.75187,11.70552],[92.75173,11.70574],[92.75173,11.70593],[92.75159,11.70612],[92.75131,11.70634],[92.75109,11.70656],[92.75075,11.70706],[92.75062,11.70715],[92.75028,11.70772],[92.75028,11.70772],[92.75,11.70791],[92.74966,11.70813],[92.74924,11.70848],[92.74902,11.70887],[92.74877,11.70914],[92.74852,11.70947],[92.74824,11.70975],[92.74796,11.71002],[92.74765,11.71035],[92.7474,11.71074],[92.74738,11.7108],[92.74706,11.7109],[92.74689,11.71151],[92.74692,11.71211],[92.74686,11.71258],[92.74672,11.71277],[92.74647,11.71304],[92.74642,11.71329],[92.74642,11.7139],[92.74636,11.71414],[92.74625,11.71434],[92.746,11.71442],[92.74547,11.71458],[92.7453,11.71398],[92.74491,11.71378],[92.74452,11.71392],[92.74416,11.71392],[92.74393,11.7137],[92.74365,11.7134],[92.74335,11.71323],[92.74317,11.71327],[92.74312,11.71334],[92.74298,11.71337],[92.7429,11.71334],[92.74289,11.71333],[92.74279,11.71316],[92.74276,11.71312],[92.74265,11.71285],[92.74265,11.71265],[92.74268,11.71249],[92.74274,11.71224],[92.74277,11.71221],[92.7429,11.7121],[92.74299,11.71183],[92.74288,11.71155],[92.74267,11.71149],[92.74263,11.71147],[92.74249,11.71136],[92.74246,11.71098],[92.7424,11.71067],[92.74246,11.71057],[92.74237,11.71021],[92.74237,11.70862],[92.74237,11.70697],[92.74266,11.70633],[92.74272,11.70594],[92.74278,11.70561],[92.74286,11.70526],[92.74286,11.70462],[92.74286,11.70435],[92.74357,11.70268],[92.74383,11.70168],[92.74383,11.7009],[92.74407,11.70047],[92.74418,11.70012],[92.74424,11.6997],[92.74424,11.69924],[92.74424,11.69882],[92.74421,11.69841],[92.74418,11.69822],[92.744,11.69799],[92.74401,11.69657],[92.74437,11.69516],[92.74452,11.69489],[92.74466,11.69456],[92.74483,11.69429],[92.74509,11.69357],[92.74523,11.6931],[92.74528,11.69264],[92.74528,11.69222],[92.74495,11.69178],[92.7445,11.69132],[92.74414,11.69104],[92.74353,11.69087],[92.74346,11.6909],[92.74344,11.69087],[92.74277,11.69068],[92.74236,11.69065],[92.74177,11.69065],[92.74118,11.69062],[92.74054,11.69065],[92.73993,11.69068],[92.73934,11.69067],[92.73892,11.69092],[92.73862,11.69117],[92.73834,11.69125],[92.73803,11.69133],[92.73761,11.69152],[92.73744,11.69177],[92.7373,11.69213],[92.73722,11.69225],[92.73663,11.69268],[92.73644,11.69262],[92.73596,11.69268],[92.73557,11.69292],[92.73538,11.69325],[92.73546,11.69361],[92.73563,11.69386],[92.73563,11.69386],[92.73563,11.69416],[92.73554,11.69438],[92.73529,11.69449],[92.73504,11.69471],[92.73481,11.69474],[92.73385,11.69568],[92.73364,11.69561],[92.73322,11.6957],[92.73292,11.69597],[92.73266,11.69633],[92.73252,11.69677],[92.73249,11.69729],[92.73249,11.69762],[92.73194,11.69865],[92.73182,11.69864],[92.73163,11.69864],[92.73121,11.6985],[92.73113,11.69822],[92.73096,11.69806],[92.73062,11.69806],[92.73051,11.6985],[92.73037,11.69872],[92.72995,11.69863],[92.72967,11.69849],[92.72914,11.6983],[92.72914,11.6983],[92.72908,11.69651],[92.72909,11.69646],[92.72907,11.69621],[92.72904,11.69594],[92.72901,11.69566],[92.72882,11.69519],[92.72831,11.69505],[92.72792,11.69516],[92.7275,11.69536],[92.72714,11.69568],[92.72694,11.69604],[92.72678,11.69659],[92.72677,11.69698],[92.7268,11.69744],[92.7268,11.69764],[92.7268,11.69777],[92.72658,11.69794],[92.72624,11.69791],[92.72596,11.69783],[92.72557,11.69772],[92.72556,11.69771],[92.72538,11.69761],[92.72496,11.69744],[92.72443,11.69761],[92.72434,11.69771],[92.72404,11.69771],[92.72288,11.6979],[92.72248,11.69779],[92.72206,11.69799],[92.72178,11.69826],[92.72155,11.69853],[92.72153,11.69881],[92.72152,11.69914],[92.72072,11.70021],[92.72064,11.7023],[92.71995,11.70356],[92.71989,11.70376],[92.71936,11.7054],[92.71808,11.70623],[92.71698,11.70615],[92.71604,11.70572],[92.71604,11.70545],[92.71588,11.70501],[92.7154,11.70466],[92.71465,11.70432],[92.71438,11.7043],[92.71432,11.70396],[92.71418,11.70388],[92.71401,11.70355],[92.71418,11.70311],[92.71418,11.70311],[92.71427,11.70154],[92.71427,11.70039],[92.71441,11.70025],[92.71452,11.69992],[92.71455,11.69962],[92.71449,11.69924],[92.71427,11.69904],[92.71427,11.69878],[92.71359,11.69802],[92.71364,11.69761],[92.71358,11.69758],[92.71338,11.69725],[92.71363,11.69676],[92.71374,11.69664],[92.71377,11.69635],[92.71233,11.69517],[92.71173,11.69517],[92.71028,11.6971],[92.70892,11.69893],[92.70824,11.70052],[92.70821,11.70051],[92.70805,11.70042],[92.70796,11.70079],[92.70793,11.70142],[92.70801,11.70192],[92.70835,11.70228],[92.70863,11.70247],[92.70868,11.70272],[92.70854,11.70302],[92.70829,11.70327],[92.70793,11.70357],[92.7077,11.70387],[92.70734,11.70415],[92.70695,11.70464],[92.70647,11.705],[92.70622,11.70527],[92.70577,11.70588],[92.70563,11.70607],[92.70541,11.70634],[92.70502,11.70659],[92.70443,11.70689],[92.70399,11.70683],[92.70315,11.70692],[92.70284,11.70724],[92.70253,11.70755],[92.70237,11.70763],[92.70214,11.70777],[92.70184,11.70788],[92.7017,11.70776],[92.70173,11.70752],[92.70195,11.70733],[92.7022,11.70697],[92.70234,11.70672],[92.7022,11.70645],[92.70209,11.70628],[92.70223,11.70601],[92.70254,11.70587],[92.70287,11.70568],[92.70315,11.70557],[92.70335,11.7054],[92.70352,11.70516],[92.70396,11.70483],[92.70435,11.70466],[92.70472,11.70439],[92.70494,11.70422],[92.70508,11.70398],[92.70533,11.70367],[92.70553,11.70332],[92.70561,11.70296],[92.70561,11.70268],[92.70542,11.70252],[92.70514,11.70252],[92.70472,11.70249],[92.70397,11.70243],[92.70341,11.70243],[92.70232,11.70227],[92.7016,11.70224],[92.70104,11.70215],[92.69976,11.7019],[92.69928,11.7019],[92.69875,11.70193],[92.69858,11.70223],[92.69833,11.7022],[92.69802,11.70204],[92.69766,11.70184],[92.69724,11.70171],[92.69702,11.70151],[92.69621,11.70121],[92.69593,11.70102],[92.69582,11.70077],[92.69607,11.70049],[92.69658,11.7005],[92.69713,11.70058],[92.69764,11.70066],[92.69831,11.70083],[92.69884,11.70091],[92.69937,11.70097],[92.69992,11.701],[92.70045,11.70094],[92.70135,11.70097],[92.70213,11.70108],[92.70288,11.70106],[92.70358,11.70106],[92.70442,11.70103],[92.70497,11.70101],[92.70564,11.70095],[92.70612,11.70079],[92.70651,11.70071],[92.7069,11.70049],[92.70707,11.70021],[92.70715,11.69999],[92.70718,11.69995],[92.70716,11.69993],[92.70732,11.69966],[92.70732,11.69917],[92.70738,11.69887],[92.70732,11.69843],[92.70763,11.6979],[92.70772,11.69771],[92.70772,11.69738],[92.70769,11.69716],[92.70741,11.69691],[92.70696,11.69683],[92.7068,11.69724],[92.70688,11.69752],[92.70685,11.69782],[92.7066,11.69793],[92.70649,11.69815],[92.70657,11.69873],[92.70657,11.69906],[92.70632,11.69917],[92.70598,11.69917],[92.70582,11.69903],[92.7049,11.69859],[92.70417,11.69828],[92.70389,11.69803],[92.70353,11.6977],[92.70317,11.69735],[92.70278,11.69696],[92.70264,11.69657],[92.70247,11.69613],[92.70247,11.69586],[92.70247,11.69547],[92.70248,11.69501],[92.70239,11.69448],[92.70234,11.69404],[92.70212,11.69352],[92.70189,11.69314],[92.70161,11.6928],[92.70154,11.69278],[92.70154,11.69242],[92.70164,11.69231],[92.70201,11.69187],[92.70237,11.69138],[92.70265,11.69096],[92.70265,11.69072],[92.70262,11.69039],[92.70275,11.68982],[92.70282,11.68975],[92.70307,11.68951],[92.70318,11.68904],[92.70321,11.68868],[92.70327,11.68813],[92.70338,11.68767],[92.70355,11.68731],[92.70358,11.68695],[92.70358,11.68665],[92.70361,11.68613],[92.70359,11.68604],[92.70359,11.68603],[92.7036,11.68487],[92.70383,11.68472],[92.704,11.68434],[92.70412,11.68404],[92.7042,11.6836],[92.70423,11.68321],[92.7042,11.68291],[92.70395,11.68252],[92.7037,11.68222],[92.70342,11.68189],[92.70332,11.68177],[92.70326,11.68168],[92.70301,11.68067],[92.70208,11.68],[92.70181,11.67981],[92.70186,11.6795],[92.70186,11.67925],[92.70185,11.67902],[92.70187,11.67889],[92.70184,11.67845],[92.70173,11.67815],[92.70156,11.67804],[92.70139,11.67806],[92.70131,11.6782],[92.70125,11.67831],[92.70117,11.67839],[92.70111,11.67828],[92.70106,11.6779],[92.70106,11.67787],[92.701,11.67765],[92.701,11.6774],[92.70106,11.67718],[92.70106,11.67718],[92.70125,11.67705],[92.70134,11.6768],[92.70134,11.6765],[92.70115,11.67617],[92.70114,11.67616],[92.70115,11.67607],[92.70115,11.67601],[92.70115,11.67464],[92.70192,11.67314],[92.70258,11.67255],[92.7029,11.67287],[92.70312,11.67316],[92.70349,11.67301],[92.70387,11.67272],[92.70424,11.67243],[92.70469,11.67236],[92.70517,11.67228],[92.70562,11.67225],[92.70614,11.67243],[92.70662,11.67258],[92.70696,11.67243],[92.70751,11.67236],[92.70818,11.6724],[92.7087,11.67236],[92.70893,11.672],[92.70897,11.67167],[92.70919,11.6713],[92.70934,11.67101],[92.7093,11.67057],[92.70912,11.67035],[92.70889,11.67042],[92.70877,11.6705],[92.7086,11.6706],[92.70822,11.6706],[92.70796,11.6702],[92.70797,11.66987],[92.70787,11.66955],[92.70782,11.66935],[92.70759,11.66913],[92.70715,11.66917],[92.70659,11.66917],[92.70596,11.66909],[92.70551,11.66902],[92.70492,11.66865],[92.70469,11.66829],[92.70458,11.66781],[92.70458,11.66752],[92.70429,11.6674],[92.70392,11.6674],[92.70358,11.66737],[92.70321,11.66726],[92.70232,11.66714],[92.70198,11.66711],[92.70161,11.66696],[92.70116,11.66696],[92.70072,11.66699],[92.70064,11.66714],[92.70064,11.66732],[92.70066,11.6674],[92.70049,11.6674],[92.70012,11.66725],[92.69971,11.66696],[92.6993,11.6667],[92.69908,11.6664],[92.69886,11.66611],[92.69826,11.66607],[92.69823,11.66609],[92.69811,11.66601],[92.69768,11.6667],[92.69744,11.66662],[92.69696,11.66669],[92.69636,11.6668],[92.6961,11.66702],[92.69562,11.66753],[92.69528,11.66775],[92.69502,11.66797],[92.69461,11.66812],[92.69424,11.6683],[92.69394,11.66867],[92.69368,11.66907],[92.69342,11.66911],[92.69294,11.6687],[92.69238,11.66786],[92.69235,11.66738],[92.69235,11.66698],[92.69246,11.66592],[92.6925,11.66533],[92.69246,11.66521],[92.69239,11.66504],[92.69239,11.66503],[92.6922,11.66485],[92.69168,11.66452],[92.69109,11.66434],[92.69062,11.6644],[92.68962,11.664],[92.68934,11.66356],[92.68901,11.66312],[92.68826,11.66283],[92.68741,11.66319],[92.68692,11.66337],[92.68674,11.66363],[92.68646,11.66387],[92.68594,11.66323],[92.6856,11.66239],[92.68535,11.66138],[92.68518,11.66054],[92.68488,11.6604],[92.68466,11.66011],[92.68436,11.65989],[92.68399,11.65967],[92.68388,11.65941],[92.68407,11.65913],[92.68399,11.65887],[92.68484,11.65828],[92.68504,11.65827],[92.6853,11.65805],[92.68563,11.6578],[92.68604,11.65758],[92.68638,11.65725],[92.68668,11.65692],[92.68686,11.65652],[92.68694,11.65619],[92.68694,11.65609],[92.68694,11.65598],[92.68694,11.65586],[92.68683,11.65567],[92.68657,11.65546],[92.68657,11.65545],[92.68623,11.65523],[92.68579,11.65498],[92.68568,11.65465],[92.68568,11.65435],[92.68577,11.65406],[92.68579,11.65399],[92.68572,11.65366],[92.68549,11.6535],[92.68538,11.65343],[92.68537,11.65343],[92.68516,11.65336],[92.68486,11.65318],[92.68453,11.65307],[92.68438,11.65292],[92.68423,11.65252],[92.68408,11.65226],[92.68401,11.65197],[92.68386,11.65153],[92.68379,11.65116],[92.68345,11.65101],[92.68289,11.65112],[92.68248,11.65138],[92.68232,11.65175],[92.68078,11.652],[92.68068,11.65204],[92.6804,11.65196],[92.67977,11.65199],[92.67925,11.65225],[92.67846,11.65261],[92.67764,11.65287],[92.67686,11.65312],[92.6759,11.65345],[92.67519,11.65374],[92.67467,11.65374],[92.67385,11.65385],[92.67351,11.65407],[92.67329,11.65407],[92.67305,11.65404],[92.67299,11.65403],[92.67284,11.65396],[92.67271,11.65392],[92.67251,11.65385],[92.6721,11.65385],[92.67136,11.65407],[92.67098,11.65432],[92.67028,11.65436],[92.66964,11.65432],[92.66879,11.65424],[92.66842,11.65424],[92.66775,11.65439],[92.6673,11.65468],[92.66663,11.65475],[92.66615,11.65475],[92.66615,11.65439],[92.66592,11.6542],[92.6657,11.65406],[92.66559,11.65395],[92.66526,11.65358],[92.66529,11.65339],[92.66534,11.65338],[92.66552,11.65347],[92.66596,11.65369],[92.66633,11.65369],[92.66674,11.6534],[92.66689,11.65307],[92.66689,11.65274],[92.6669,11.65248],[92.66672,11.65234],[92.66621,11.65097],[92.66585,11.64917],[92.66594,11.649],[92.66597,11.64848],[92.66597,11.64804],[92.66594,11.64746],[92.66564,11.64698],[92.66553,11.64658],[92.6655,11.64606],[92.6655,11.64562],[92.6654,11.64535],[92.66622,11.64435],[92.6669,11.64419],[92.66764,11.64328],[92.66807,11.64302],[92.66811,11.64258],[92.66793,11.64255],[92.6677,11.64251],[92.66736,11.64218],[92.66748,11.64174],[92.66777,11.64152],[92.66801,11.64169],[92.66807,11.64174],[92.66833,11.64211],[92.66867,11.64196],[92.66889,11.64156],[92.669,11.64116],[92.66897,11.64042],[92.66867,11.64009],[92.66815,11.63976],[92.66796,11.63943],[92.66837,11.63921],[92.66852,11.63851],[92.66834,11.638],[92.66819,11.63756],[92.66819,11.63727],[92.66819,11.63686],[92.66819,11.63635],[92.66831,11.63587],[92.66834,11.63543],[92.66825,11.63513],[92.66854,11.63456],[92.66939,11.63314],[92.67016,11.63189],[92.67084,11.6308],[92.67089,11.63069],[92.67099,11.63075],[92.67107,11.63111],[92.6711,11.63148],[92.67125,11.63181],[92.67159,11.63196],[92.67207,11.63196],[92.6727,11.63185],[92.67304,11.63137],[92.67297,11.63104],[92.67282,11.63086],[92.67293,11.6306],[92.6733,11.63038],[92.67371,11.63024],[92.67401,11.63057],[92.67431,11.63057],[92.67453,11.63031],[92.6746,11.62991],[92.67453,11.62943],[92.67427,11.62921],[92.67394,11.62907],[92.67349,11.62884],[92.67312,11.62882],[92.67313,11.62871],[92.67305,11.62779],[92.67322,11.6267],[92.67399,11.62553],[92.6745,11.6247],[92.67462,11.62458],[92.67532,11.62478],[92.6755,11.62499],[92.67599,11.62554],[92.67667,11.62713],[92.67675,11.62855],[92.67708,11.62864],[92.67714,11.62896],[92.67747,11.62911],[92.67792,11.62911],[92.6784,11.62901],[92.67844,11.629],[92.679,11.629],[92.67963,11.62908],[92.68007,11.6293],[92.68067,11.62992],[92.68096,11.63047],[92.68097,11.63051],[92.681,11.63099],[92.68104,11.63165],[92.68107,11.63234],[92.68077,11.63319],[92.68036,11.63403],[92.68006,11.63469],[92.67988,11.63494],[92.6798,11.63535],[92.67999,11.63575],[92.68043,11.63597],[92.68095,11.63634],[92.68106,11.63663],[92.68114,11.63693],[92.68132,11.63718],[92.6814,11.63744],[92.68165,11.63792],[92.68166,11.63792],[92.68169,11.63794],[92.6821,11.63814],[92.68236,11.63814],[92.68266,11.63796],[92.68266,11.63794],[92.68267,11.63786],[92.6827,11.63766],[92.6827,11.6373],[92.6827,11.63689],[92.68281,11.6366],[92.68307,11.63631],[92.68311,11.63612],[92.68337,11.63583],[92.68374,11.63579],[92.68411,11.63561],[92.68445,11.63536],[92.6846,11.63517],[92.68467,11.63488],[92.68486,11.63407],[92.68486,11.63345],[92.68486,11.63275],[92.68487,11.63217],[92.68482,11.63171],[92.68479,11.63151],[92.68472,11.63092],[92.68465,11.63044],[92.68468,11.62986],[92.68476,11.62938],[92.68498,11.62905],[92.6851,11.62868],[92.68528,11.62872],[92.68543,11.62938],[92.68565,11.62946],[92.68602,11.6296],[92.6861,11.62975],[92.68584,11.63012],[92.6855,11.63055],[92.68539,11.63099],[92.68531,11.63147],[92.68531,11.63169],[92.68531,11.63185],[92.68531,11.63206],[92.68546,11.63239],[92.68568,11.63279],[92.68594,11.63334],[92.68609,11.63349],[92.68631,11.63404],[92.68631,11.63444],[92.68624,11.63485],[92.68594,11.6354],[92.68594,11.63598],[92.68623,11.63679],[92.68642,11.63719],[92.68668,11.63752],[92.68675,11.63778],[92.68679,11.63789],[92.68675,11.63797],[92.68664,11.63822],[92.68642,11.63844],[92.68641,11.63881],[92.68641,11.63943],[92.68641,11.63976],[92.68645,11.64009],[92.68671,11.6406],[92.68682,11.64086],[92.68723,11.64104],[92.68741,11.64105],[92.68771,11.64105],[92.68782,11.64086],[92.68853,11.64055],[92.68947,11.63929],[92.68948,11.63916],[92.68984,11.63881],[92.69025,11.63823],[92.69036,11.63771],[92.69051,11.63724],[92.69058,11.63687],[92.6906,11.63676],[92.69061,11.6367],[92.69062,11.63658],[92.69056,11.63641],[92.69051,11.6361],[92.69051,11.63533],[92.69059,11.63456],[92.69074,11.63383],[92.69074,11.63306],[92.69089,11.6324],[92.691,11.63196],[92.69097,11.63134],[92.69063,11.63097],[92.69011,11.63067],[92.68967,11.63042],[92.68963,11.62983],[92.69004,11.62924],[92.69049,11.6291],[92.69105,11.62914],[92.69125,11.62905],[92.69146,11.62895],[92.69209,11.628],[92.6925,11.62742],[92.69258,11.62676],[92.69291,11.62628],[92.69314,11.62569],[92.69314,11.62569],[92.6934,11.62518],[92.69358,11.62474],[92.69373,11.62441],[92.69452,11.62295],[92.69478,11.62247],[92.69508,11.62199],[92.69519,11.62181],[92.6956,11.62163],[92.69582,11.62174],[92.69578,11.62218],[92.6956,11.62273],[92.6956,11.62339],[92.69518,11.62408],[92.69496,11.62478],[92.69496,11.62533],[92.69496,11.62584],[92.69494,11.62609],[92.69488,11.62676],[92.69488,11.62731],[92.69506,11.62847],[92.69503,11.62907],[92.69469,11.62991],[92.69428,11.63079],[92.69394,11.63211],[92.69349,11.63288],[92.69297,11.63416],[92.69282,11.63482],[92.69274,11.63567],[92.69274,11.63625],[92.69278,11.6371],[92.69296,11.63779],[92.69322,11.63812],[92.69352,11.63842],[92.69393,11.63871],[92.69437,11.63904],[92.69489,11.63937],[92.69556,11.63952],[92.6962,11.63952],[92.69672,11.63934],[92.6972,11.63919],[92.69776,11.63916],[92.69813,11.63956],[92.69831,11.64008],[92.69891,11.64041],[92.69947,11.64056],[92.6998,11.64078],[92.70025,11.64103],[92.7004,11.64125],[92.70088,11.64153],[92.70066,11.64162],[92.70043,11.64217],[92.7001,11.64265],[92.70002,11.64334],[92.69987,11.64378],[92.69972,11.64448],[92.69964,11.64499],[92.69961,11.64558],[92.69964,11.64595],[92.6999,11.64624],[92.70027,11.64661],[92.70035,11.64701],[92.70035,11.6473],[92.70005,11.64782],[92.69971,11.64818],[92.69953,11.6487],[92.69934,11.64906],[92.69911,11.64932],[92.69901,11.64946],[92.69889,11.64961],[92.69865,11.64961],[92.69848,11.64961],[92.69818,11.64939],[92.69766,11.64928],[92.69737,11.64939],[92.69685,11.64953],[92.69644,11.64953],[92.69595,11.64961],[92.69569,11.6499],[92.69565,11.65015],[92.69573,11.65041],[92.69582,11.65071],[92.69584,11.65078],[92.69573,11.65114],[92.69535,11.65133],[92.69506,11.65166],[92.69495,11.65177],[92.69479,11.65195],[92.6945,11.65243],[92.69446,11.65301],[92.69472,11.65349],[92.69509,11.65364],[92.69568,11.65375],[92.69635,11.65375],[92.69699,11.65375],[92.69705,11.65369],[92.69725,11.65349],[92.69766,11.6535],[92.69795,11.65386],[92.69797,11.65388],[92.69844,11.65434],[92.69899,11.65474],[92.69959,11.65486],[92.70011,11.655],[92.70063,11.655],[92.70111,11.6549],[92.70182,11.6549],[92.70191,11.6548],[92.70201,11.6548],[92.70269,11.65422],[92.70318,11.65277],[92.70335,11.65277],[92.70353,11.65277],[92.70439,11.65233],[92.7048,11.6519],[92.70499,11.6516],[92.7051,11.6512],[92.70536,11.65058],[92.70559,11.65017],[92.7057,11.64988],[92.70603,11.64904],[92.70618,11.64841],[92.70633,11.64754],[92.70634,11.64699],[92.70656,11.6464],[92.7069,11.64585],[92.70727,11.64534],[92.70731,11.64486],[92.70731,11.64435],[92.70746,11.64387],[92.7079,11.6435],[92.70846,11.64351],[92.70906,11.64362],[92.70962,11.64384],[92.71014,11.64395],[92.71077,11.64395],[92.71159,11.64391],[92.71214,11.64439],[92.71255,11.64494],[92.71255,11.64531],[92.71248,11.64571],[92.71225,11.64604],[92.71199,11.64656],[92.71199,11.64711],[92.712,11.64713],[92.71187,11.64737],[92.71187,11.64828],[92.7115,11.6485],[92.7112,11.64886],[92.71098,11.6493],[92.71076,11.64971],[92.71038,11.65011],[92.71009,11.65073],[92.7099,11.65121],[92.7099,11.65165],[92.71012,11.65205],[92.71043,11.65211],[92.71067,11.65256],[92.71069,11.65256],[92.71068,11.65264],[92.71146,11.65301],[92.7119,11.65308],[92.71246,11.65323],[92.71302,11.65327],[92.71354,11.65331],[92.71387,11.65345],[92.71417,11.65349],[92.71466,11.65356],[92.71525,11.65353],[92.71581,11.65324],[92.716,11.65307],[92.71602,11.65307],[92.71764,11.65324],[92.71888,11.65337],[92.7196,11.65321],[92.72053,11.6535],[92.72094,11.65376],[92.72139,11.65413],[92.72165,11.65446],[92.72182,11.65474],[92.72218,11.65492],[92.72228,11.65523],[92.72276,11.65585],[92.72328,11.65626],[92.72384,11.65633],[92.72432,11.65637],[92.72478,11.65639],[92.72499,11.65641],[92.72551,11.65648],[92.72588,11.6567],[92.72622,11.65685],[92.72623,11.65686],[92.72672,11.65694],[92.72699,11.65703],[92.72707,11.65722],[92.72741,11.6574],[92.72785,11.65747],[92.72837,11.65748],[92.72878,11.65755],[92.72923,11.65781],[92.72953,11.65832],[92.72975,11.65883],[92.73008,11.65935],[92.73012,11.65983],[92.73012,11.66041],[92.73012,11.66085],[92.72993,11.6614],[92.72967,11.6618],[92.7293,11.66202],[92.72859,11.66202],[92.72773,11.66202],[92.72699,11.66206],[92.72606,11.6622],[92.7255,11.66242],[92.72479,11.66264],[92.72431,11.6626],[92.72364,11.66264],[92.72304,11.66267],[92.72249,11.66275],[92.72219,11.66282],[92.72189,11.66293],[92.72163,11.663],[92.72146,11.66319],[92.72127,11.66321],[92.72081,11.66337],[92.7206,11.66344],[92.72055,11.66344],[92.72014,11.66344],[92.71977,11.66347],[92.71914,11.66395],[92.71913,11.66406],[92.71837,11.66481],[92.71835,11.6649],[92.71809,11.66519],[92.71772,11.66527],[92.71724,11.66527],[92.71716,11.66522],[92.7169,11.66504],[92.71638,11.66515],[92.71634,11.66574],[92.71653,11.66633],[92.71671,11.66684],[92.71701,11.66708],[92.71694,11.66851],[92.71693,11.66881],[92.71699,11.66915],[92.71738,11.66926],[92.71756,11.66937],[92.71801,11.66956],[92.71831,11.66985],[92.71853,11.67051],[92.71819,11.67091],[92.71797,11.67117],[92.71775,11.67157],[92.71756,11.67183],[92.71747,11.67202],[92.71741,11.67216],[92.71737,11.67253],[92.71737,11.67286],[92.71737,11.67308],[92.7173,11.67344],[92.71711,11.67359],[92.71692,11.67384],[92.71677,11.6741],[92.71677,11.67443],[92.71685,11.67458],[92.71696,11.67472],[92.71699,11.67509],[92.71681,11.67531],[92.71651,11.67553],[92.71629,11.67579],[92.71603,11.67601],[92.71573,11.67623],[92.71569,11.67663],[92.71576,11.67685],[92.71612,11.67685],[92.71606,11.67693],[92.71583,11.67718],[92.71565,11.67737],[92.71565,11.6774],[92.71558,11.67769],[92.71558,11.67788],[92.71572,11.67857],[92.71613,11.6789],[92.71684,11.67894],[92.71721,11.67942],[92.71702,11.67957],[92.7165,11.67989],[92.7165,11.68037],[92.71656,11.68078],[92.7169,11.68112],[92.71702,11.6812],[92.71702,11.68129],[92.71717,11.68173],[92.71747,11.68188],[92.71784,11.68195],[92.71806,11.68213],[92.71836,11.6825],[92.71873,11.68301],[92.71899,11.68342],[92.71928,11.68386],[92.71969,11.68423],[92.72014,11.68459],[92.72047,11.68489],[92.7207,11.68522],[92.72084,11.68562],[92.72103,11.68599],[92.72136,11.68661],[92.72159,11.6868],[92.72233,11.68639],[92.7224,11.6863],[92.72233,11.68595],[92.72211,11.68577],[92.72189,11.68566],[92.72189,11.6854],[92.72204,11.68515],[92.7223,11.68507],[92.72248,11.68486],[92.72256,11.68456],[92.72286,11.68423],[92.7233,11.68423],[92.72356,11.68456],[92.72356,11.68493],[92.72356,11.68519],[92.72356,11.68563],[92.72363,11.68588],[92.72363,11.68599],[92.72375,11.68601],[92.72388,11.68651],[92.72381,11.68695],[92.72337,11.68707],[92.72326,11.68717],[92.72285,11.6872],[92.72244,11.68746],[92.72207,11.68782],[92.72199,11.68823],[92.72203,11.68874],[92.72214,11.68914],[92.72236,11.68955],[92.72278,11.68955],[92.72285,11.68958],[92.72387,11.68965],[92.72445,11.68946],[92.72489,11.68927],[92.72496,11.68858],[92.72534,11.68858],[92.72539,11.6886],[92.72553,11.68886],[92.7259,11.68908],[92.72616,11.68912],[92.72642,11.68904],[92.72653,11.68886],[92.72653,11.68873],[92.72655,11.68871],[92.72655,11.68821],[92.72636,11.68783],[92.72591,11.68746],[92.72528,11.68714],[92.72458,11.68683],[92.72452,11.68601],[92.72414,11.68431],[92.72414,11.68268],[92.72472,11.68205],[92.72579,11.68138],[92.72591,11.6813],[92.7271,11.68038],[92.72756,11.68023],[92.72796,11.68036],[92.72833,11.68047],[92.7287,11.68054],[92.72889,11.68054],[92.7293,11.68054],[92.72963,11.68058],[92.73015,11.68058],[92.7306,11.68043],[92.73094,11.68014],[92.73101,11.67974],[92.73105,11.67933],[92.73105,11.679],[92.73105,11.67899],[92.73109,11.67888],[92.73119,11.67829],[92.73127,11.67823],[92.73142,11.67768],[92.73146,11.67724],[92.73154,11.67647],[92.73135,11.67574],[92.73132,11.67515],[92.73132,11.67464],[92.73141,11.67383],[92.73255,11.67311],[92.73331,11.67294],[92.73442,11.67311],[92.73501,11.67395],[92.73501,11.67529],[92.73475,11.67579],[92.73466,11.6768],[92.7348,11.67684],[92.73503,11.67707],[92.7354,11.67744],[92.73585,11.6778],[92.73659,11.67799],[92.73712,11.6781],[92.73793,11.67814],[92.73864,11.67806],[92.73901,11.67796],[92.73946,11.6777],[92.73969,11.67741],[92.7401,11.67731],[92.74121,11.67711],[92.74125,11.67708],[92.74177,11.67682],[92.74218,11.67671],[92.74262,11.6766],[92.74311,11.67631],[92.74359,11.67613],[92.74382,11.67587],[92.74411,11.67576],[92.74445,11.67574],[92.74471,11.67573],[92.74519,11.67599],[92.74541,11.67621],[92.74575,11.67639],[92.74612,11.67661],[92.74653,11.67676],[92.74694,11.67687],[92.74738,11.67687],[92.74741,11.67685],[92.74808,11.6769],[92.74927,11.6764],[92.74953,11.67565],[92.74945,11.67465],[92.74928,11.67381],[92.74903,11.67289],[92.74826,11.67247],[92.7475,11.67129],[92.74759,11.67079],[92.74793,11.66987],[92.74835,11.66895],[92.74903,11.66803],[92.74972,11.66749],[92.75065,11.66724],[92.75122,11.6669],[92.75135,11.66705],[92.75149,11.66731],[92.75168,11.6676],[92.75194,11.66782],[92.75235,11.66786],[92.75276,11.66786],[92.75309,11.6676],[92.75335,11.66724],[92.75362,11.66683],[92.7538,11.66658],[92.75384,11.6665],[92.75434,11.66659],[92.75458,11.6668],[92.75492,11.6668],[92.75525,11.66684],[92.75559,11.66684],[92.75581,11.66665],[92.75585,11.6664],[92.75592,11.6661],[92.75603,11.6659],[92.75607,11.66585],[92.75637,11.66567],[92.75656,11.66562],[92.75685,11.66491],[92.75643,11.66398],[92.75567,11.66273],[92.75589,11.6623],[92.75604,11.66225],[92.75612,11.66196],[92.75608,11.66163],[92.75575,11.66119],[92.75556,11.66101],[92.75544,11.66083],[92.75523,11.66053],[92.75515,11.66013],[92.75514,11.66002],[92.75474,11.65929],[92.75454,11.65838],[92.75449,11.65812],[92.75452,11.65807],[92.75449,11.65771],[92.75456,11.65734],[92.7552,11.65705],[92.75572,11.65729],[92.75592,11.65723],[92.75609,11.65727],[92.75642,11.65727],[92.75644,11.65726],[92.75672,11.65709],[92.75694,11.65698],[92.75732,11.65679],[92.75758,11.65676],[92.75776,11.65665],[92.75776,11.65665],[92.75787,11.65646],[92.75787,11.65621],[92.75788,11.6558],[92.75788,11.65536],[92.75788,11.65503],[92.75751,11.65467],[92.75729,11.65438],[92.75721,11.65426],[92.75684,11.65368],[92.75691,11.65305],[92.75695,11.65254],[92.7571,11.65203],[92.75721,11.65188],[92.75733,11.65151],[92.7574,11.65122],[92.75744,11.65107],[92.75725,11.65063],[92.75681,11.65034],[92.75662,11.65008],[92.75681,11.64983],[92.75684,11.64982],[92.75707,11.64975],[92.75711,11.64946],[92.75703,11.64909],[92.7567,11.64902],[92.7564,11.6488],[92.75637,11.64879],[92.75629,11.64841],[92.75612,11.64758],[92.75493,11.64749],[92.75442,11.64699],[92.75375,11.64598],[92.75364,11.64586],[92.75362,11.64553],[92.75339,11.64516],[92.75302,11.64487],[92.75265,11.64458],[92.75213,11.64443],[92.75189,11.64448],[92.7517,11.64452],[92.75161,11.64454],[92.75158,11.64455],[92.7506,11.6448],[92.74932,11.64517],[92.74904,11.64508],[92.74848,11.64486],[92.74804,11.64468],[92.74783,11.64469],[92.7478,11.64463],[92.74696,11.64321],[92.7469,11.64221],[92.74719,11.64196],[92.74752,11.64178],[92.74767,11.64141],[92.74741,11.64119],[92.74704,11.64123],[92.74673,11.64148],[92.7462,11.64095],[92.74611,11.64086],[92.74722,11.64019],[92.74768,11.64022],[92.74779,11.64028],[92.74797,11.64053],[92.74834,11.64064],[92.74871,11.64065],[92.74898,11.64046],[92.7492,11.64017],[92.74935,11.63973],[92.7492,11.6394],[92.74894,11.63914],[92.74883,11.63901],[92.74875,11.63892],[92.74857,11.63855],[92.74857,11.63819],[92.74883,11.63793],[92.74931,11.63779],[92.74967,11.63781],[92.74984,11.63782],[92.75002,11.63768],[92.75043,11.63742],[92.75058,11.63728],[92.75095,11.63706],[92.75103,11.63687],[92.75133,11.63665],[92.75155,11.6364],[92.75159,11.63603],[92.75159,11.63563],[92.75163,11.63533],[92.75189,11.63511],[92.75207,11.63471],[92.75219,11.63427],[92.75222,11.63387],[92.75219,11.6338],[92.75232,11.63351],[92.75227,11.63338],[92.75249,11.63302],[92.75249,11.63255],[92.75234,11.6324],[92.75208,11.63233],[92.75185,11.63203],[92.75186,11.63159],[92.75163,11.63101],[92.7513,11.63053],[92.75093,11.62994],[92.751,11.62947],[92.75116,11.62911],[92.7513,11.62881],[92.75153,11.6287],[92.75182,11.62855],[92.75231,11.62844],[92.75253,11.62789],[92.75238,11.62734],[92.7525,11.62668],[92.75257,11.62602],[92.75268,11.6258],[92.75272,11.62522],[92.75269,11.62485],[92.75272,11.62426],[92.75284,11.62386],[92.75246,11.62353],[92.75224,11.62323],[92.75224,11.62279],[92.75254,11.62232],[92.75303,11.62217],[92.75332,11.62199],[92.7534,11.62166],[92.75299,11.62137],[92.75236,11.62144],[92.75217,11.62136],[92.75195,11.62118],[92.75184,11.62122],[92.75184,11.62075],[92.75184,11.62061],[92.75243,11.61978],[92.75267,11.61959],[92.75277,11.61957],[92.75336,11.61939],[92.75396,11.61931],[92.75437,11.6192],[92.75456,11.6188],[92.75459,11.61851],[92.75467,11.618],[92.75445,11.61748],[92.75385,11.61719],[92.75341,11.61719],[92.75307,11.61708],[92.75285,11.61671],[92.75273,11.61659],[92.75272,11.61641],[92.75274,11.61638],[92.75315,11.61594],[92.75352,11.61557],[92.75367,11.61517],[92.75389,11.61458],[92.75404,11.61418],[92.75393,11.61359],[92.75371,11.61326],[92.75352,11.61304],[92.75323,11.61279],[92.75282,11.61205],[92.7527,11.61197],[92.7527,11.61115],[92.75263,11.61],[92.75271,11.60974],[92.7526,11.60915],[92.75212,11.6086],[92.75175,11.60824],[92.75134,11.60772],[92.75075,11.60754],[92.75056,11.60765],[92.75021,11.60787],[92.74955,11.6073],[92.74944,11.60695],[92.74915,11.60669],[92.74899,11.60662],[92.74874,11.60569],[92.74881,11.60559],[92.74885,11.60526],[92.74859,11.60497],[92.74851,11.60496],[92.74818,11.60416],[92.74833,11.60379],[92.74863,11.60343],[92.74889,11.60306],[92.74904,11.60259],[92.74908,11.60189],[92.74893,11.60127],[92.74856,11.60071],[92.74804,11.60053],[92.74726,11.60042],[92.74648,11.60034],[92.74592,11.60031],[92.74507,11.59972],[92.74425,11.59851],[92.74399,11.59799],[92.74344,11.59755],[92.74303,11.59707],[92.74281,11.59674],[92.74262,11.59649],[92.74247,11.59627],[92.74237,11.59619],[92.74255,11.59616],[92.74277,11.59564],[92.74247,11.59517],[92.7424,11.59484],[92.74203,11.59443],[92.74166,11.59392],[92.74151,11.59363],[92.74118,11.59329],[92.74099,11.59289],[92.7411,11.59172],[92.74129,11.59073],[92.74157,11.59027],[92.74163,11.59018],[92.74204,11.58996],[92.74237,11.59003],[92.74252,11.59018],[92.74318,11.59029],[92.74428,11.59029],[92.74431,11.59022],[92.74464,11.59022],[92.74471,11.59],[92.74483,11.5896],[92.74483,11.58908],[92.74475,11.58861],[92.74454,11.58837],[92.74446,11.58828],[92.74416,11.58776],[92.74405,11.58707],[92.74405,11.58633],[92.74405,11.58575],[92.744,11.58517],[92.74398,11.58501],[92.74394,11.58454],[92.74383,11.58395],[92.74365,11.58351],[92.74316,11.58325],[92.74294,11.58318],[92.74294,11.58318],[92.74243,11.58209],[92.74243,11.58108],[92.74216,11.58006],[92.74217,11.57999],[92.74213,11.57955],[92.74176,11.57914],[92.74172,11.57911],[92.7415,11.57845],[92.74098,11.57852],[92.74073,11.57888],[92.74064,11.57888],[92.74009,11.57925],[92.73964,11.57958],[92.73904,11.57987],[92.73883,11.58031],[92.73793,11.58007],[92.73796,11.57975],[92.73802,11.57906],[92.73792,11.57838],[92.73797,11.57822],[92.73797,11.57774],[92.73797,11.5773],[92.7379,11.57686],[92.73786,11.57653],[92.73776,11.57632],[92.73803,11.57567],[92.73855,11.57471],[92.73864,11.5747],[92.73887,11.5747],[92.73898,11.57452],[92.73905,11.57419],[92.73924,11.57375],[92.73935,11.57331],[92.73935,11.57287],[92.73932,11.57235],[92.73932,11.57199],[92.73936,11.57147],[92.73958,11.571],[92.73962,11.57052],[92.73928,11.57012],[92.7388,11.56975],[92.73791,11.56839],[92.73741,11.56814],[92.73736,11.56805],[92.7366,11.56738],[92.73637,11.56726],[92.7362,11.567],[92.73587,11.56674],[92.73535,11.56644],[92.73505,11.56619],[92.73461,11.56582],[92.73416,11.56542],[92.73394,11.56487],[92.73338,11.56376],[92.73316,11.56299],[92.7326,11.56226],[92.73156,11.56127],[92.73105,11.56068],[92.73075,11.56035],[92.7302,11.55967],[92.73015,11.55961],[92.73008,11.55892],[92.73016,11.55837],[92.73019,11.55815],[92.73042,11.55764],[92.73083,11.55701],[92.73087,11.55672],[92.73087,11.55588],[92.73087,11.55584],[92.73102,11.5554],[92.73135,11.55507],[92.73156,11.55527],[92.7317,11.55515],[92.73183,11.55512],[92.73225,11.55529],[92.73269,11.55522],[92.7328,11.55507],[92.73306,11.55482],[92.73344,11.55471],[92.7337,11.55445],[92.73396,11.55419],[92.73444,11.55398],[92.73478,11.55383],[92.73496,11.55332],[92.73496,11.55288],[92.73474,11.55218],[92.73422,11.55141],[92.73422,11.55093],[92.73404,11.55046],[92.73352,11.55049],[92.73325,11.5507],[92.73281,11.55021],[92.73272,11.5498],[92.73276,11.54963],[92.73279,11.54946],[92.73319,11.54946],[92.73352,11.54961],[92.73378,11.54943],[92.73382,11.54891],[92.7336,11.54851],[92.73352,11.54814],[92.73337,11.54767],[92.73304,11.54726],[92.7323,11.54715],[92.73174,11.5473],[92.73168,11.54739],[92.73144,11.54755],[92.73088,11.54752],[92.73081,11.54722],[92.73085,11.54686],[92.73092,11.5468],[92.73129,11.54573],[92.73136,11.54544],[92.73163,11.54431],[92.73197,11.54339],[92.73197,11.54272],[92.73164,11.54188],[92.73053,11.54088],[92.72968,11.54071],[92.72875,11.54004],[92.72867,11.53903],[92.72825,11.53803],[92.72765,11.53761],[92.72672,11.53677],[92.72664,11.53568],[92.72647,11.53501],[92.72605,11.53442],[92.72534,11.53379],[92.72533,11.53379],[92.72485,11.53339],[92.72451,11.53298],[92.72429,11.53236],[92.72448,11.53214],[92.72463,11.53174],[92.72463,11.53141],[92.72402,11.53065],[92.72351,11.5299],[92.72351,11.52906],[92.7236,11.52755],[92.72368,11.5263],[92.72411,11.52563],[92.72432,11.52539],[92.72479,11.52539],[92.72512,11.52514],[92.72527,11.52477],[92.72542,11.5243],[92.72542,11.52371],[92.72546,11.52323],[92.72543,11.52277],[92.72556,11.52237],[92.72577,11.52204],[92.7261,11.52188],[92.72654,11.52144],[92.72673,11.52107],[92.72714,11.52023],[92.72718,11.51983],[92.72718,11.51975],[92.72726,11.51961],[92.72743,11.51885],[92.72727,11.51804],[92.72737,11.51792],[92.72748,11.51722],[92.72745,11.5166],[92.72711,11.51609],[92.72674,11.51572],[92.72607,11.51557],[92.72573,11.51543],[92.72563,11.51539],[92.72562,11.51538],[92.72514,11.51491],[92.72481,11.51447],[92.72436,11.51399],[92.72392,11.51384],[92.7234,11.51351],[92.72355,11.51326],[92.72385,11.51318],[92.72407,11.51318],[92.72409,11.51315],[92.72417,11.51304],[92.72425,11.51293],[92.72429,11.51249],[92.72414,11.51205],[92.72392,11.51157],[92.72363,11.51109],[92.72344,11.51047],[92.72303,11.50992],[92.72274,11.50937],[92.72237,11.50889],[92.72188,11.50878],[92.72148,11.50873],[92.721,11.50821],[92.72102,11.50811],[92.7211,11.50804],[92.72118,11.50793],[92.72122,11.50764],[92.72116,11.50743],[92.72115,11.50736],[92.72114,11.50735],[92.72081,11.50713],[92.72058,11.50709],[92.72052,11.5071],[92.72021,11.50713],[92.71992,11.50705],[92.71969,11.50669],[92.71959,11.50622],[92.71948,11.50603],[92.71948,11.50544],[92.71948,11.50501],[92.71955,11.50485],[92.71951,11.50445],[92.71933,11.50408],[92.71899,11.50386],[92.71881,11.50368],[92.71844,11.50353],[92.7181,11.50353],[92.7177,11.50285],[92.7177,11.50176],[92.7177,11.50109],[92.71737,11.4995],[92.71694,11.49883],[92.71686,11.49799],[92.71695,11.49732],[92.71711,11.49683],[92.71722,11.49674],[92.71722,11.49634],[92.71711,11.4959],[92.71693,11.4955],[92.71704,11.49524],[92.71711,11.49487],[92.71704,11.49447],[92.71689,11.49418],[92.71667,11.49396],[92.71637,11.49363],[92.71604,11.49352],[92.71526,11.49348],[92.7151,11.49356],[92.71483,11.49321],[92.71458,11.49271],[92.71416,11.49187],[92.71424,11.4912],[92.71458,11.49062],[92.7145,11.49003],[92.71391,11.48928],[92.71314,11.48919],[92.71229,11.48911],[92.71196,11.4886],[92.71204,11.4876],[92.71213,11.48685],[92.71213,11.48609],[92.71247,11.48542],[92.7125,11.48532],[92.71264,11.48475],[92.71273,11.48383],[92.71239,11.483],[92.71188,11.48258],[92.71163,11.48191],[92.7118,11.4814],[92.7118,11.48057],[92.71172,11.47973],[92.7118,11.47906],[92.71198,11.47831],[92.71172,11.47764],[92.71096,11.4778],[92.7107,11.47847],[92.7107,11.47914],[92.71061,11.47989],[92.71019,11.48048],[92.71002,11.48098],[92.70959,11.48148],[92.70907,11.48154],[92.70896,11.48148],[92.70855,11.48158],[92.70818,11.48195],[92.70795,11.4825],[92.70795,11.48298],[92.70792,11.48327],[92.70791,11.48386],[92.70791,11.48419],[92.70791,11.48461],[92.7078,11.48463],[92.70739,11.48492],[92.70694,11.4855],[92.70687,11.48638],[92.70754,11.48712],[92.70806,11.48752],[92.70861,11.48785],[92.70903,11.48817],[92.70902,11.48829],[92.70902,11.48847],[92.70902,11.4887],[92.70926,11.48929],[92.70939,11.48938],[92.70939,11.48942],[92.70968,11.48959],[92.70975,11.48981],[92.70981,11.49003],[92.70981,11.49035],[92.70971,11.49077],[92.70949,11.49109],[92.70923,11.49125],[92.70909,11.49162],[92.70888,11.49176],[92.7077,11.49253],[92.70709,11.49266],[92.70667,11.49254],[92.70608,11.49254],[92.70533,11.49262],[92.70485,11.49276],[92.70488,11.49353],[92.7049,11.49356],[92.7049,11.4937],[92.70464,11.49479],[92.70464,11.49568],[92.70431,11.49576],[92.70399,11.49602],[92.70386,11.49632],[92.70371,11.497],[92.70371,11.49741],[92.70371,11.4978],[92.70377,11.49803],[92.70372,11.49821],[92.70365,11.49876],[92.70365,11.4991],[92.70376,11.49928],[92.70348,11.4996],[92.70275,11.49998],[92.7025,11.50006],[92.70207,11.50043],[92.70196,11.50082],[92.70192,11.50096],[92.70197,11.50135],[92.7019,11.50174],[92.70165,11.50204],[92.7012,11.50246],[92.7009,11.50283],[92.70037,11.50309],[92.70023,11.50331],[92.70018,11.50339],[92.70017,11.50355],[92.70016,11.50359],[92.70015,11.50371],[92.70014,11.50376],[92.70015,11.50379],[92.7002,11.50394],[92.70043,11.50418],[92.70067,11.50437],[92.70078,11.50478],[92.70072,11.50487],[92.70074,11.50498],[92.70071,11.50548],[92.70057,11.50576],[92.70042,11.50605],[92.70007,11.50626],[92.6996,11.50642],[92.69952,11.5067],[92.69952,11.50672],[92.69958,11.50705],[92.69963,11.5072],[92.6992,11.50716],[92.69887,11.50712],[92.69857,11.50741],[92.69852,11.50743],[92.69852,11.50748],[92.6983,11.50774],[92.69779,11.50798],[92.69726,11.50785],[92.69709,11.50766],[92.69704,11.50718],[92.6968,11.50709],[92.69674,11.50689],[92.6967,11.50675],[92.69635,11.50638],[92.69586,11.50616],[92.69541,11.50619],[92.69516,11.5063],[92.69492,11.5064],[92.69473,11.50631],[92.69454,11.50623],[92.69415,11.50599],[92.69357,11.50608],[92.69327,11.50628],[92.69306,11.50663],[92.69317,11.50715],[92.69332,11.50754],[92.69306,11.50782],[92.69262,11.50797],[92.69212,11.50802],[92.69138,11.50809],[92.69103,11.50826],[92.69077,11.50845],[92.68993,11.50819],[92.68986,11.50819],[92.68985,11.50819],[92.68975,11.50813],[92.68945,11.50798],[92.68904,11.50796],[92.6886,11.50807],[92.68793,11.50848],[92.68792,11.50849],[92.6878,11.50856],[92.6874,11.50902],[92.6868,11.50973],[92.68641,11.51045],[92.68625,11.51064],[92.68625,11.51068],[92.68608,11.51101],[92.68602,11.51133],[92.68582,11.51151],[92.68557,11.51182],[92.68522,11.51205],[92.68469,11.51214],[92.68437,11.51225],[92.68398,11.51225],[92.68352,11.51208],[92.68311,11.51171],[92.68274,11.51136],[92.68244,11.51104],[92.68208,11.51084],[92.68165,11.51069],[92.68105,11.5107],[92.68032,11.51093],[92.68015,11.51098],[92.67977,11.51124],[92.67973,11.51128],[92.67951,11.51155],[92.6793,11.51181],[92.679,11.5119],[92.67859,11.51188],[92.67827,11.51177],[92.6781,11.5117],[92.67789,11.51159],[92.67753,11.51129],[92.6771,11.51088],[92.67667,11.51045],[92.67645,11.51003],[92.67619,11.50968],[92.67577,11.50917],[92.67536,11.50886],[92.67536,11.50886],[92.67504,11.50849],[92.67501,11.50817],[92.67505,11.50805],[92.67508,11.50793],[92.67514,11.50771],[92.67503,11.50747],[92.67478,11.50726],[92.67443,11.50712],[92.67431,11.50682],[92.6743,11.50652],[92.67456,11.50602],[92.67469,11.50575],[92.67469,11.50539],[92.67462,11.505],[92.67434,11.50499],[92.67381,11.50535],[92.67338,11.50554],[92.67315,11.50554],[92.67281,11.50528],[92.67257,11.50502],[92.67244,11.50476],[92.67242,11.50456],[92.67242,11.50426],[92.67242,11.50396],[92.67229,11.50372],[92.67173,11.50357],[92.6713,11.50365],[92.67107,11.50387],[92.67069,11.5042],[92.6703,11.50438],[92.66983,11.50455],[92.66945,11.50457],[92.6694,11.50457],[92.66913,11.50451],[92.6688,11.50433],[92.66855,11.50425],[92.66816,11.50423],[92.66776,11.50429],[92.66752,11.50429],[92.66728,11.50416],[92.66699,11.50414],[92.66669,11.50421],[92.66647,11.50436],[92.66647,11.50454],[92.66615,11.50475],[92.66585,11.50502],[92.66554,11.50538],[92.66538,11.50563],[92.66517,11.50597],[92.66483,11.5061],[92.66449,11.50628],[92.66428,11.50654],[92.66396,11.50687],[92.66361,11.50739],[92.6633,11.50776],[92.66295,11.5083],[92.66268,11.50882],[92.66246,11.50928],[92.66217,11.50961],[92.66148,11.51013],[92.66135,11.51059],[92.66133,11.51095],[92.66124,11.51107],[92.66062,11.51196],[92.66022,11.51211],[92.65999,11.51255],[92.65948,11.51303],[92.65899,11.51364],[92.65854,11.51412],[92.65799,11.51451],[92.65771,11.51462],[92.65702,11.51462],[92.6566,11.51464],[92.65598,11.51477],[92.65561,11.51493],[92.65531,11.51523],[92.65495,11.5156],[92.6545,11.51591],[92.65418,11.51624],[92.65378,11.51663],[92.65341,11.517],[92.65307,11.51746],[92.65271,11.51796],[92.65243,11.51839],[92.65233,11.51854],[92.65214,11.51859],[92.65152,11.51863],[92.65096,11.51878],[92.65068,11.51918],[92.65034,11.51963],[92.65,11.52],[92.64991,11.52029],[92.6496,11.52064],[92.64927,11.52098],[92.64904,11.52101],[92.64855,11.5212],[92.64799,11.52134],[92.64763,11.52155],[92.64748,11.52179],[92.64733,11.52205],[92.64722,11.52219],[92.6472,11.52227],[92.64716,11.52242],[92.64697,11.52275],[92.64701,11.52314],[92.64684,11.52344],[92.64673,11.52345],[92.64655,11.52347],[92.64624,11.52343],[92.64599,11.52362],[92.64584,11.52399],[92.64582,11.52421],[92.64582,11.52436],[92.64595,11.52466],[92.64614,11.52503],[92.64636,11.52558],[92.64632,11.52584],[92.64642,11.52627],[92.64642,11.52664],[92.6466,11.52684],[92.64681,11.52707],[92.64673,11.52727],[92.64677,11.52744],[92.64683,11.52775],[92.64683,11.52812],[92.64677,11.52879],[92.6466,11.52908],[92.64645,11.52947],[92.64628,11.52992],[92.64603,11.53029],[92.64607,11.53049],[92.64613,11.53075],[92.64607,11.53114],[92.6459,11.53151],[92.64571,11.5319],[92.6456,11.53223],[92.64546,11.53264],[92.64546,11.53266],[92.6454,11.53284],[92.64535,11.53301],[92.64535,11.53329],[92.6454,11.53362],[92.64541,11.53366],[92.6455,11.53379],[92.64554,11.53418],[92.64543,11.53425],[92.64539,11.53429],[92.64524,11.53462],[92.64533,11.53486],[92.64551,11.53507],[92.64555,11.53512],[92.64565,11.53545],[92.64593,11.53605],[92.64582,11.53641],[92.64576,11.53662],[92.64502,11.53719],[92.64474,11.53755],[92.64449,11.5383],[92.64429,11.53914],[92.64408,11.54025],[92.64408,11.54101],[92.64409,11.54149],[92.6443,11.54214],[92.64469,11.54253],[92.64542,11.54272],[92.64563,11.54276],[92.64599,11.54283],[92.64638,11.54301],[92.64679,11.54333],[92.64719,11.54372],[92.64747,11.54442],[92.64752,11.54452],[92.64796,11.54481],[92.64837,11.54506],[92.64867,11.5452],[92.64884,11.54546],[92.64901,11.54596],[92.64915,11.54634],[92.6494,11.54687],[92.64964,11.54728],[92.6497,11.5478],[92.64968,11.54819],[92.64998,11.54889],[92.65035,11.54945],[92.65074,11.54991],[92.65099,11.54993],[92.65102,11.55006],[92.65093,11.55106],[92.6509,11.55151],[92.65076,11.55164],[92.65044,11.55204],[92.6501,11.55247],[92.64963,11.55293],[92.6491,11.55336],[92.64854,11.55385],[92.64763,11.5545],[92.64705,11.55487],[92.64622,11.55528],[92.64525,11.55594],[92.64457,11.5565],[92.644,11.55698],[92.64353,11.55751],[92.64321,11.55784],[92.64289,11.55849],[92.64261,11.55934],[92.64253,11.56014],[92.6423,11.56071],[92.64242,11.56136],[92.64273,11.56227],[92.64304,11.56268],[92.64313,11.56309],[92.64327,11.56428],[92.64329,11.56433],[92.64356,11.56463],[92.64384,11.56494],[92.64423,11.5654],[92.64459,11.56596],[92.645,11.56665],[92.645,11.56711],[92.64524,11.56798],[92.64535,11.56859],[92.64548,11.56895],[92.64567,11.5695],[92.64599,11.57011],[92.64645,11.57091],[92.64657,11.57141],[92.64688,11.57191],[92.64705,11.57247],[92.64643,11.57282],[92.64605,11.57293],[92.64553,11.57295],[92.64478,11.57311],[92.6441,11.57335],[92.6437,11.57361],[92.64301,11.57405],[92.64222,11.5744],[92.642,11.57447],[92.64152,11.57462],[92.64077,11.57499],[92.64017,11.57542],[92.63962,11.57569],[92.63893,11.57617],[92.63862,11.5765],[92.63844,11.57669],[92.63795,11.57714],[92.63733,11.57749],[92.63691,11.57778],[92.63658,11.57804],[92.63618,11.5783],[92.63558,11.57861],[92.63547,11.57867],[92.63536,11.57879],[92.63498,11.57889],[92.63441,11.57909],[92.63413,11.57942],[92.63379,11.57972],[92.63351,11.58003],[92.63307,11.58033],[92.63253,11.57974],[92.63237,11.57806],[92.63237,11.57772],[92.6322,11.57749],[92.6322,11.57716],[92.6322,11.5767],[92.6323,11.57638],[92.63241,11.57592],[92.63248,11.57559],[92.63249,11.57522],[92.63245,11.5749],[92.63217,11.57453],[92.63191,11.57433],[92.63164,11.57392],[92.63146,11.57371],[92.63155,11.57355],[92.63176,11.57351],[92.63196,11.57346],[92.63215,11.57296],[92.63215,11.57294],[92.6321,11.57258],[92.63202,11.57225],[92.63185,11.57194],[92.6315,11.57171],[92.63107,11.57149],[92.63052,11.57143],[92.63003,11.57149],[92.62968,11.5718],[92.62967,11.57215],[92.62977,11.57239],[92.62994,11.57264],[92.62994,11.57264],[92.62986,11.57267],[92.62947,11.57254],[92.6292,11.57243],[92.62875,11.57221],[92.62851,11.57193],[92.6284,11.57172],[92.62829,11.5715],[92.62816,11.57104],[92.62772,11.57052],[92.62744,11.57011],[92.62673,11.56946],[92.62632,11.56903],[92.62604,11.56872],[92.62583,11.56835],[92.62551,11.56796],[92.62525,11.56744],[92.62497,11.56711],[92.62463,11.56681],[92.62449,11.5667],[92.6243,11.56655],[92.6239,11.56638],[92.62343,11.56598],[92.62328,11.56585],[92.62323,11.5658],[92.62323,11.56576],[92.62323,11.56538],[92.62323,11.56514],[92.62313,11.56495],[92.62289,11.56467],[92.62267,11.56425],[92.62257,11.56393],[92.62225,11.56343],[92.62207,11.56315],[92.62188,11.56265],[92.6215,11.56238],[92.62136,11.56228],[92.62128,11.56213],[92.62115,11.56185],[92.62096,11.5615],[92.62057,11.56133],[92.61999,11.56135],[92.61946,11.56154],[92.61916,11.56181],[92.61895,11.56231],[92.61859,11.56239],[92.61827,11.56237],[92.61795,11.56242],[92.61786,11.56249],[92.61773,11.56258],[92.61763,11.56264],[92.61746,11.56301],[92.61746,11.56304],[92.61746,11.56305],[92.61743,11.56322],[92.61756,11.56364],[92.61771,11.56401],[92.61776,11.56437],[92.61799,11.56479],[92.61815,11.56537],[92.6181,11.56563],[92.61798,11.56579],[92.61791,11.56631],[92.61791,11.56676],[92.618,11.56702],[92.61819,11.56741],[92.61832,11.56785],[92.61854,11.56837],[92.6186,11.56876],[92.61877,11.56911],[92.61897,11.56954],[92.61912,11.56989],[92.61931,11.57048],[92.61949,11.57087],[92.61976,11.57137],[92.62009,11.5728],[92.6202,11.57352],[92.62026,11.57419],[92.62024,11.57478],[92.62018,11.57532],[92.62018,11.57593],[92.62022,11.57652],[92.62021,11.57708],[92.62016,11.57775],[92.61989,11.57812],[92.61978,11.57856],[92.61972,11.57893],[92.6197,11.57952],[92.61959,11.58037],[92.61955,11.58071],[92.61966,11.5813],[92.61966,11.5813],[92.61937,11.58222],[92.61925,11.58314],[92.61924,11.58313],[92.61919,11.58345],[92.61903,11.58367],[92.61871,11.58404],[92.61851,11.58437],[92.61849,11.58461],[92.61849,11.58469],[92.61845,11.58502],[92.61826,11.5855],[92.61788,11.58604],[92.61741,11.58622],[92.61696,11.58646],[92.61695,11.58646],[92.61645,11.58648],[92.61598,11.5865],[92.61538,11.58674],[92.61512,11.58711],[92.61487,11.58727],[92.61442,11.58772],[92.61433,11.58814],[92.61425,11.58855],[92.61425,11.589],[92.61421,11.58948],[92.61391,11.58985],[92.61374,11.59036],[92.61333,11.59053],[92.61314,11.59066],[92.61287,11.59084],[92.61257,11.59109],[92.61252,11.59114],[92.61247,11.59124],[92.6124,11.59136],[92.6122,11.59171],[92.61199,11.59214],[92.61176,11.59258],[92.61146,11.59288],[92.61123,11.59318],[92.61095,11.59351],[92.61063,11.59369],[92.61026,11.59399],[92.61001,11.59419],[92.60975,11.5943],[92.60943,11.59443],[92.60935,11.59443],[92.6092,11.59443],[92.60881,11.5941],[92.60855,11.59369],[92.60808,11.59354],[92.60761,11.59367],[92.60723,11.59391],[92.60721,11.59402],[92.60717,11.59418],[92.60719,11.5945],[92.60727,11.59485],[92.60738,11.59511],[92.60743,11.59522],[92.6077,11.59576],[92.6079,11.59643],[92.60811,11.59684],[92.60829,11.5973],[92.60841,11.59774],[92.60854,11.59821],[92.60861,11.59863],[92.60863,11.59913],[92.60876,11.59953],[92.60889,11.59989],[92.60892,11.60013],[92.60896,11.60043],[92.60896,11.60095],[92.60896,11.60132],[92.60874,11.60141],[92.60813,11.60182],[92.60763,11.60235],[92.60738,11.60289],[92.60715,11.60354],[92.60693,11.60426],[92.60674,11.60474],[92.60649,11.60546],[92.60641,11.60585],[92.60632,11.60632],[92.60622,11.60657],[92.60615,11.60672],[92.60597,11.60724],[92.60579,11.60732],[92.60568,11.60765],[92.60566,11.60806],[92.60566,11.6085],[92.60566,11.60898],[92.60576,11.60925],[92.60584,11.60946],[92.60594,11.6098],[92.60593,11.61026],[92.60593,11.6105],[92.60622,11.61116],[92.60673,11.61216],[92.60675,11.61218],[92.60674,11.61226],[92.60687,11.61254],[92.60721,11.61299],[92.60752,11.61338],[92.6079,11.61369],[92.60807,11.61393],[92.60841,11.61458],[92.60884,11.61523],[92.60891,11.61536],[92.60896,11.61552],[92.60889,11.61571],[92.60878,11.61649],[92.60887,11.61681],[92.60894,11.61721],[92.60907,11.61764],[92.60913,11.61803],[92.60916,11.61806],[92.60918,11.6184],[92.60898,11.6184],[92.60875,11.61857],[92.60866,11.61873],[92.60864,11.61907],[92.60864,11.61951],[92.60879,11.61975],[92.60875,11.62001],[92.60866,11.62031],[92.60862,11.6206],[92.60862,11.62097],[92.60873,11.62107],[92.60893,11.62133],[92.60948,11.62151],[92.6098,11.62151],[92.61019,11.6215],[92.61038,11.62137],[92.61057,11.62108],[92.61065,11.62096],[92.61089,11.62111],[92.61108,11.62146],[92.61108,11.62147],[92.61123,11.62181],[92.61156,11.62198],[92.61185,11.62189],[92.61194,11.62174],[92.61209,11.6216],[92.61217,11.62152],[92.61245,11.62154],[92.61252,11.62159],[92.61275,11.62174],[92.61295,11.62189],[92.61322,11.62193],[92.61369,11.62187],[92.61404,11.62171],[92.61446,11.62167],[92.61465,11.62163],[92.61493,11.62162],[92.61519,11.62162],[92.61555,11.62169],[92.61594,11.62171],[92.61652,11.62169],[92.61681,11.62173],[92.61703,11.62184],[92.61743,11.62184],[92.61801,11.62175],[92.61839,11.62159],[92.61878,11.62137],[92.61904,11.62109],[92.6192,11.62093],[92.61962,11.62073],[92.61981,11.62058],[92.62,11.62054],[92.6204,11.62048],[92.62115,11.62],[92.62204,11.61934],[92.62256,11.61906],[92.62303,11.61875],[92.62356,11.6183],[92.62416,11.61797],[92.62478,11.61801],[92.62499,11.61843],[92.62504,11.61903],[92.62498,11.61973],[92.62498,11.62019],[92.62519,11.62079],[92.62541,11.62123],[92.62556,11.62164],[92.62577,11.62199],[92.62577,11.62207],[92.62601,11.62259],[92.62622,11.62277],[92.62635,11.62299],[92.62642,11.62314],[92.62669,11.62359],[92.62678,11.62388],[92.627,11.62435],[92.62693,11.62453],[92.62693,11.62474],[92.62708,11.625],[92.62742,11.62513],[92.62728,11.62542],[92.62726,11.62572],[92.6273,11.62605],[92.62749,11.62644],[92.62771,11.62648],[92.628,11.62639],[92.62824,11.62617],[92.62865,11.62604],[92.62905,11.62589],[92.62933,11.62567],[92.6295,11.62535],[92.62963,11.62509],[92.62978,11.62446],[92.63003,11.62397],[92.63007,11.62352],[92.63007,11.62309],[92.63013,11.62261],[92.63011,11.62224],[92.63011,11.62191],[92.63017,11.62132],[92.63032,11.62106],[92.63036,11.62082],[92.63036,11.62063],[92.63023,11.62039],[92.63011,11.62009],[92.63013,11.61974],[92.63034,11.61946],[92.63055,11.61909],[92.63053,11.61876],[92.6304,11.61848],[92.63031,11.61821],[92.63002,11.6178],[92.63034,11.61748],[92.63074,11.61728],[92.63144,11.61713],[92.63213,11.61719],[92.63301,11.6171],[92.63384,11.61712],[92.6342,11.61695],[92.6345,11.61651],[92.63489,11.61612],[92.63508,11.61594],[92.63525,11.61577],[92.63576,11.61577],[92.63621,11.61599],[92.63643,11.61625],[92.63677,11.61664],[92.63707,11.61698],[92.63747,11.61733],[92.63795,11.61783],[92.63854,11.61826],[92.63902,11.61872],[92.6394,11.61913],[92.6397,11.61948],[92.6402,11.61999],[92.64058,11.62026],[92.6409,11.62069],[92.64107,11.62117],[92.64114,11.62164],[92.64138,11.62206],[92.64181,11.62243],[92.64221,11.62275],[92.64256,11.62301],[92.64301,11.62342],[92.64343,11.6237],[92.64373,11.62398],[92.64401,11.62442],[92.64427,11.62487],[92.64444,11.62542],[92.6447,11.62602],[92.64466,11.62648],[92.64466,11.62716],[92.6447,11.62783],[92.64494,11.62861],[92.64511,11.62917],[92.64511,11.62978],[92.6451,11.6303],[92.6451,11.63089],[92.6451,11.63141],[92.64514,11.63193],[92.64519,11.63243],[92.64527,11.63283],[92.64519,11.63319],[92.64502,11.63369],[92.64502,11.63417],[92.64498,11.63459],[92.64477,11.63515],[92.64459,11.63581],[92.64458,11.63628],[92.64455,11.63674],[92.64434,11.63728],[92.64398,11.63767],[92.64374,11.63796],[92.64372,11.63842],[92.64376,11.63875],[92.64349,11.6392],[92.64338,11.6393],[92.64309,11.63935],[92.64291,11.63939],[92.64262,11.63944],[92.64242,11.63946],[92.64219,11.63938],[92.642,11.63925],[92.64167,11.63905],[92.64146,11.6389],[92.64106,11.63881],[92.64106,11.63881],[92.64103,11.63877],[92.64085,11.63832],[92.64086,11.63831],[92.64097,11.63807],[92.64099,11.63775],[92.64086,11.63747],[92.64052,11.63721],[92.64032,11.63706],[92.64006,11.63704],[92.63976,11.63668],[92.63959,11.63645],[92.63957,11.63636],[92.63944,11.63599],[92.63925,11.63551],[92.63906,11.6353],[92.63861,11.63502],[92.63807,11.63469],[92.63762,11.63443],[92.63709,11.63434],[92.63664,11.63433],[92.63621,11.63428],[92.63559,11.63437],[92.63521,11.6345],[92.63489,11.63483],[92.63467,11.63507],[92.63444,11.63535],[92.6341,11.63585],[92.63402,11.63616],[92.6341,11.63638],[92.6341,11.63681],[92.6341,11.63722],[92.63417,11.63764],[92.6343,11.63802],[92.63439,11.63839],[92.63453,11.63879],[92.63469,11.63968],[92.63503,11.64102],[92.63548,11.6416],[92.63562,11.64178],[92.63577,11.64189],[92.6363,11.64228],[92.63639,11.64247],[92.63655,11.64248],[92.63664,11.64254],[92.63677,11.64269],[92.6369,11.64293],[92.63702,11.64317],[92.6371,11.64363],[92.63711,11.64365],[92.6372,11.644],[92.6372,11.64419],[92.63735,11.64445],[92.63767,11.64486],[92.63788,11.64508],[92.63801,11.6454],[92.63804,11.64571],[92.63802,11.64603],[92.63791,11.64641],[92.63772,11.64665],[92.63751,11.64686],[92.63738,11.64702],[92.63725,11.64727],[92.6371,11.64739],[92.63686,11.64756],[92.63657,11.64787],[92.63627,11.6481],[92.63586,11.64848],[92.63571,11.64887],[92.63571,11.64925],[92.63571,11.64928],[92.63555,11.64954],[92.63542,11.64967],[92.63527,11.64995],[92.63516,11.65019],[92.63523,11.65067],[92.63531,11.65084],[92.63533,11.65102],[92.63495,11.65093],[92.63491,11.65072],[92.63486,11.65059],[92.63469,11.65045],[92.63464,11.65041],[92.63456,11.65035],[92.63443,11.6502],[92.63409,11.65004],[92.63384,11.64991],[92.63354,11.64979],[92.6332,11.64983],[92.63292,11.64998],[92.63288,11.65024],[92.63283,11.65052],[92.63281,11.65056],[92.63271,11.65077],[92.63254,11.65098],[92.63239,11.65116],[92.63226,11.65144],[92.63209,11.65161],[92.6319,11.65188],[92.63177,11.65196],[92.63164,11.65196],[92.63155,11.65181],[92.63153,11.65162],[92.63149,11.6514],[92.63147,11.6512],[92.6314,11.65094],[92.63125,11.65068],[92.63104,11.65036],[92.63091,11.65001],[92.63089,11.64957],[92.63089,11.64918],[92.63088,11.64871],[92.63088,11.64834],[92.63093,11.64807],[92.63095,11.64794],[92.63133,11.64749],[92.63143,11.64712],[92.6315,11.6469],[92.6315,11.64664],[92.6315,11.64631],[92.63148,11.64594],[92.63139,11.64564],[92.63129,11.64542],[92.63134,11.64514],[92.63156,11.6447],[92.63188,11.64436],[92.63198,11.64394],[92.63202,11.64338],[92.63206,11.64275],[92.63202,11.64242],[92.63205,11.64227],[92.63214,11.64202],[92.6327,11.6406],[92.63294,11.64038],[92.633,11.64018],[92.63302,11.63981],[92.63302,11.63935],[92.63302,11.63905],[92.63289,11.63864],[92.63285,11.63827],[92.63286,11.63794],[92.63278,11.63766],[92.63257,11.63742],[92.63256,11.6374],[92.63256,11.63718],[92.63259,11.63673],[92.63258,11.63631],[92.63252,11.63594],[92.63247,11.63536],[92.63235,11.63505],[92.63226,11.63468],[92.63209,11.63432],[92.63204,11.6341],[92.63185,11.63368],[92.63185,11.63336],[92.63183,11.63299],[92.63183,11.63245],[92.63178,11.63212],[92.63167,11.63195],[92.63165,11.63172],[92.63157,11.63038],[92.63157,11.62989],[92.63161,11.62988],[92.63184,11.6296],[92.63199,11.62936],[92.63205,11.62917],[92.63194,11.62893],[92.6319,11.62877],[92.63171,11.62866],[92.63139,11.62847],[92.63134,11.62846],[92.63098,11.62841],[92.6307,11.62839],[92.63025,11.62839],[92.62976,11.62839],[92.62936,11.62852],[92.629,11.62856],[92.62869,11.62857],[92.62839,11.62841],[92.62839,11.62841],[92.62816,11.6283],[92.62786,11.6283],[92.6276,11.62835],[92.6272,11.62837],[92.62679,11.62835],[92.62643,11.62837],[92.62589,11.62851],[92.6253,11.62875],[92.62495,11.62897],[92.62451,11.62934],[92.62402,11.62958],[92.62376,11.62975],[92.62353,11.63012],[92.6232,11.63016],[92.62291,11.63038],[92.62267,11.63069],[92.62242,11.63104],[92.6222,11.63138],[92.62209,11.63161],[92.62203,11.63175],[92.62195,11.63202],[92.62172,11.63232],[92.6214,11.63265],[92.62103,11.63299],[92.62073,11.63302],[92.62069,11.63302],[92.62061,11.63308],[92.62033,11.63311],[92.61998,11.63321],[92.61971,11.633],[92.61943,11.63278],[92.619,11.63272],[92.61795,11.63279],[92.61708,11.6329],[92.61674,11.63318],[92.61633,11.63359],[92.61593,11.63399],[92.61576,11.63417],[92.61561,11.63431],[92.61524,11.63453],[92.61475,11.63486],[92.61454,11.63489],[92.61433,11.63492],[92.61394,11.63499],[92.61334,11.63512],[92.61298,11.63525],[92.61275,11.63556],[92.61245,11.63575],[92.61219,11.63576],[92.61198,11.63578],[92.61171,11.63581],[92.6117,11.63578],[92.6117,11.63567],[92.6114,11.63519],[92.61121,11.63489],[92.61092,11.63452],[92.61073,11.6343],[92.61043,11.63397],[92.61043,11.63396],[92.6102,11.63385],[92.60983,11.63379],[92.60951,11.63383],[92.60915,11.6339],[92.60876,11.63387],[92.60872,11.63387],[92.60829,11.63392],[92.60795,11.63409],[92.60789,11.6347],[92.60789,11.63498],[92.60789,11.63536],[92.60809,11.63568],[92.60829,11.63579],[92.60839,11.63585],[92.60828,11.63612],[92.60828,11.63613],[92.608,11.63629],[92.60796,11.63659],[92.60798,11.63688],[92.60815,11.63719],[92.60817,11.63722],[92.60824,11.6375],[92.60803,11.63785],[92.60801,11.6382],[92.60803,11.63829],[92.60788,11.63866],[92.60763,11.63884],[92.6076,11.63886],[92.60728,11.6392],[92.60724,11.63948],[92.60731,11.63975],[92.60738,11.63997],[92.60741,11.64005],[92.60739,11.64038],[92.60738,11.6404],[92.60727,11.64066],[92.60718,11.64101],[92.60705,11.64127],[92.60683,11.64179],[92.60643,11.64229],[92.60627,11.64283],[92.60616,11.64336],[92.60599,11.64368],[92.60576,11.64405],[92.60561,11.64436],[92.60544,11.64464],[92.60531,11.64484],[92.60514,11.64508],[92.60497,11.64536],[92.60473,11.64558],[92.60456,11.64573],[92.60442,11.64592],[92.60429,11.64612],[92.60418,11.64635],[92.60395,11.64651],[92.60378,11.64686],[92.60342,11.64765],[92.60314,11.64802],[92.60297,11.64836],[92.60259,11.64897],[92.6022,11.64943],[92.60171,11.6498],[92.60143,11.65009],[92.60116,11.65045],[92.6009,11.65056],[92.60047,11.65059],[92.60017,11.65059],[92.59979,11.65061],[92.59958,11.6507],[92.59956,11.65076],[92.5994,11.65076],[92.59928,11.65115],[92.59921,11.6515],[92.59917,11.65166],[92.59917,11.6519],[92.5992,11.65231],[92.59939,11.65289],[92.59948,11.65333],[92.5996,11.65383],[92.59961,11.65422],[92.59963,11.65467],[92.59972,11.65502],[92.59976,11.65507],[92.59997,11.65535],[92.60019,11.65554],[92.60061,11.65591],[92.60104,11.65623],[92.60119,11.65645],[92.60081,11.65643],[92.60059,11.65632],[92.60025,11.65622],[92.59985,11.65624],[92.5997,11.65646],[92.59968,11.65648],[92.5997,11.65651],[92.59981,11.65672],[92.59991,11.65695],[92.59987,11.65717],[92.5997,11.65705],[92.5997,11.6571],[92.59968,11.65714],[92.59959,11.65709],[92.59936,11.65711],[92.59895,11.65735],[92.59874,11.65761],[92.59874,11.65796],[92.5988,11.65839],[92.59866,11.65866],[92.59842,11.65896],[92.59827,11.65946],[92.59815,11.65981],[92.59796,11.66026],[92.59779,11.66053],[92.5977,11.66081],[92.59751,11.66109],[92.59729,11.6615],[92.59696,11.66188],[92.59664,11.66229],[92.59636,11.66285],[92.59613,11.66318],[92.59598,11.66347],[92.59587,11.66392],[92.59561,11.66431],[92.59559,11.6647],[92.59542,11.66505],[92.59521,11.66529],[92.59513,11.66562],[92.59513,11.66608],[92.59492,11.66638],[92.59464,11.66668],[92.59459,11.66669],[92.59436,11.66684],[92.59415,11.66697],[92.59385,11.66703],[92.59366,11.66717],[92.59342,11.66743],[92.59327,11.66736],[92.59327,11.66708],[92.59321,11.66686],[92.5931,11.66667],[92.59252,11.6668],[92.59241,11.66689],[92.59201,11.66736],[92.5919,11.66771],[92.5918,11.6681],[92.5915,11.66845],[92.59122,11.66874],[92.5912,11.66913],[92.5912,11.66948],[92.59133,11.67],[92.59134,11.67003],[92.59134,11.67056],[92.59167,11.67089],[92.59166,11.67095],[92.59194,11.67125],[92.59223,11.67156],[92.5923,11.67189],[92.59264,11.67245],[92.59307,11.67258],[92.59354,11.67275],[92.59393,11.67288],[92.59442,11.6729],[92.59476,11.67277],[92.59502,11.67262],[92.59521,11.67272],[92.59545,11.67288],[92.59568,11.67301],[92.59584,11.67333],[92.59668,11.67476],[92.59727,11.6766],[92.59753,11.67703],[92.59778,11.67744],[92.5982,11.6787],[92.5984,11.67941],[92.59831,11.67952],[92.59816,11.67987],[92.59811,11.68021],[92.59822,11.68071],[92.59825,11.68108],[92.5984,11.68152],[92.59848,11.68206],[92.59866,11.68263],[92.59879,11.68301],[92.59881,11.68341],[92.5987,11.68388],[92.59864,11.68443],[92.59862,11.68491],[92.5986,11.68543],[92.59858,11.68576],[92.59858,11.68615],[92.59869,11.68652],[92.5989,11.68684],[92.5991,11.68712],[92.59912,11.68714],[92.59912,11.68724],[92.59915,11.6874],[92.59907,11.68743],[92.5989,11.68765],[92.59873,11.68786],[92.59861,11.68819],[92.59876,11.68878],[92.59906,11.68912],[92.59925,11.68964],[92.5993,11.69005],[92.59947,11.6906],[92.5997,11.69078],[92.5997,11.69084],[92.59957,11.69141],[92.59928,11.69268],[92.59851,11.69343],[92.59718,11.69458],[92.5971,11.69458],[92.59678,11.69476],[92.59653,11.69482],[92.59617,11.69495],[92.59615,11.69537],[92.59628,11.69578],[92.59653,11.69626],[92.59659,11.69632],[92.59663,11.69652],[92.59663,11.69681],[92.59681,11.69715],[92.59682,11.69758],[92.59675,11.698],[92.5965,11.69834],[92.59639,11.69844],[92.59629,11.69887],[92.59561,11.69945],[92.59547,11.69981],[92.59526,11.69998],[92.59511,11.70019],[92.59494,11.70072],[92.59486,11.70111],[92.59485,11.70139],[92.59482,11.70178],[92.59465,11.702],[92.59426,11.7022],[92.59396,11.7025],[92.59358,11.70276],[92.59329,11.70291],[92.59317,11.70298],[92.59288,11.70329],[92.59284,11.70365],[92.59284,11.70409],[92.59279,11.70455],[92.59292,11.705],[92.59301,11.70512],[92.59316,11.70564],[92.59338,11.70543],[92.59348,11.70563],[92.59369,11.70591],[92.59391,11.70633],[92.59419,11.70695],[92.59432,11.70745],[92.59432,11.70785],[92.59439,11.70848],[92.5946,11.70902],[92.59484,11.70945],[92.5951,11.70969],[92.59561,11.70975],[92.59597,11.70986],[92.59643,11.70989],[92.59659,11.7099],[92.59702,11.70992],[92.59751,11.71001],[92.59753,11.71018],[92.59725,11.71019],[92.59681,11.71019],[92.59648,11.71019],[92.59646,11.71019],[92.59595,11.71015],[92.59557,11.71026],[92.59542,11.7106],[92.59559,11.71078],[92.59589,11.71104],[92.59568,11.7111],[92.59542,11.71104],[92.59512,11.71126],[92.59474,11.7115],[92.59427,11.71185],[92.59367,11.71228],[92.59329,11.71263],[92.59278,11.71318],[92.59235,11.71335],[92.5919,11.71359],[92.59154,11.71381],[92.5913,11.7142],[92.59088,11.7145],[92.59039,11.71464],[92.5899,11.71501],[92.58945,11.7156],[92.589,11.71594],[92.58866,11.71629],[92.58813,11.71688],[92.58808,11.71721],[92.58808,11.71725],[92.58807,11.71775],[92.58824,11.71823],[92.58835,11.71864],[92.58871,11.71916],[92.58878,11.71966],[92.58884,11.72021],[92.58893,11.72081],[92.58897,11.72146],[92.58902,11.72197],[92.58898,11.72253],[92.58898,11.7231],[92.58898,11.72396],[92.589,11.72423],[92.58902,11.72457],[92.58898,11.72466],[92.58881,11.72466],[92.5887,11.72405],[92.58864,11.72375],[92.58864,11.72325],[92.58864,11.72307],[92.58857,11.72194],[92.58857,11.72142],[92.58856,11.72084],[92.5885,11.72032],[92.58848,11.71994],[92.58832,11.71949],[92.58809,11.71908],[92.58796,11.71871],[92.58783,11.71849],[92.58766,11.71816],[92.58742,11.7179],[92.58732,11.71764],[92.58732,11.71743],[92.58704,11.71681],[92.58702,11.71676],[92.58691,11.71619],[92.5868,11.71578],[92.58692,11.71526],[92.5869,11.71478],[92.5869,11.71428],[92.58669,11.71389],[92.58636,11.71373],[92.58583,11.71413],[92.58551,11.71452],[92.58524,11.71496],[92.58481,11.71548],[92.58453,11.7157],[92.584,11.71578],[92.58355,11.71585],[92.58321,11.71616],[92.58291,11.71644],[92.58285,11.71676],[92.58238,11.7169],[92.5817,11.71692],[92.58082,11.71697],[92.58016,11.71693],[92.57952,11.71688],[92.57894,11.7168],[92.57825,11.71654],[92.57767,11.7163],[92.57705,11.71611],[92.57633,11.716],[92.57554,11.7162],[92.57524,11.71663],[92.57522,11.71664],[92.5752,11.71657],[92.57515,11.71654],[92.57488,11.71635],[92.5747,11.71618],[92.57451,11.71588],[92.57445,11.71557],[92.57464,11.71478],[92.57464,11.71477],[92.57464,11.71448],[92.57455,11.71407],[92.57446,11.71386],[92.5744,11.71373],[92.57444,11.71344],[92.57446,11.71341],[92.57463,11.71314],[92.57478,11.71262],[92.57489,11.71214],[92.57482,11.71172],[92.57456,11.71153],[92.57441,11.71116],[92.57452,11.71079],[92.57447,11.71042],[92.57426,11.71014],[92.57407,11.70996],[92.57403,11.70992],[92.57404,11.70983],[92.57405,11.70973],[92.57409,11.70946],[92.57415,11.70921],[92.57415,11.70903],[92.57396,11.70879],[92.57378,11.70873],[92.57362,11.70868],[92.57347,11.70847],[92.57347,11.70823],[92.57363,11.70797],[92.57371,11.70795],[92.57371,11.70794],[92.57387,11.70788],[92.57391,11.70758],[92.57393,11.70727],[92.57389,11.70692],[92.57372,11.70669],[92.57355,11.70645],[92.57352,11.70619],[92.57354,11.70595],[92.57357,11.70575],[92.57356,11.70542],[92.57356,11.7051],[92.57341,11.70469],[92.57318,11.7043],[92.57318,11.70399],[92.57317,11.70377],[92.57311,11.70343],[92.57307,11.70293],[92.57302,11.70277],[92.57298,11.70262],[92.57292,11.70247],[92.57287,11.70242],[92.57304,11.70219],[92.57313,11.70193],[92.57315,11.70145],[92.57315,11.70097],[92.57314,11.70058],[92.57308,11.70014],[92.57301,11.69962],[92.57298,11.69954],[92.57293,11.6993],[92.57282,11.69908],[92.57271,11.69902],[92.5726,11.69895],[92.57239,11.69889],[92.57216,11.69887],[92.57186,11.69884],[92.57141,11.69869],[92.57106,11.69846],[92.57059,11.69813],[92.57057,11.6981],[92.57025,11.69797],[92.56872,11.69679],[92.56848,11.69656],[92.56843,11.69622],[92.56832,11.6959],[92.56809,11.69555],[92.56772,11.69531],[92.5674,11.69521],[92.56715,11.6951],[92.56633,11.69471],[92.5663,11.69469],[92.56599,11.69445],[92.56588,11.69417],[92.56584,11.69375],[92.5658,11.69338],[92.56573,11.69299],[92.56569,11.69267],[92.56568,11.69267],[92.56568,11.69262],[92.56554,11.69241],[92.56526,11.69237],[92.56489,11.69243],[92.56455,11.69258],[92.56432,11.69278],[92.56408,11.69291],[92.56361,11.69313],[92.56327,11.69326],[92.56308,11.69346],[92.56299,11.69355],[92.56297,11.69355],[92.56253,11.69374],[92.56216,11.69402],[92.56199,11.69435],[92.56193,11.69468],[92.56193,11.69469],[92.56192,11.6947],[92.56191,11.69474],[92.5618,11.69498],[92.56163,11.69522],[92.56151,11.69546],[92.56136,11.69577],[92.56117,11.69612],[92.56099,11.69644],[92.5608,11.69685],[92.5608,11.69722],[92.56074,11.6977],[92.56059,11.69799],[92.56038,11.69827],[92.56027,11.69866],[92.56023,11.69918],[92.56019,11.69959],[92.56008,11.69994],[92.55985,11.7003],[92.55972,11.70101],[92.55943,11.70134],[92.55928,11.70175],[92.5592,11.70221],[92.55905,11.70273],[92.55894,11.70303],[92.5589,11.70358],[92.55889,11.70369],[92.55842,11.70464],[92.55757,11.70614],[92.55756,11.70621],[92.55756,11.70658],[92.5578,11.70667],[92.55799,11.7069],[92.55803,11.70719],[92.55797,11.70747],[92.55765,11.70767],[92.5575,11.70764],[92.55729,11.70784],[92.55727,11.70787],[92.55714,11.70865],[92.55654,11.71024],[92.55526,11.71367],[92.55529,11.71385],[92.55527,11.71413],[92.55525,11.71456],[92.55513,11.71491],[92.55492,11.71524],[92.55462,11.71574],[92.55432,11.7163],[92.55424,11.71682],[92.55424,11.71708],[92.55419,11.71721],[92.55398,11.71746],[92.55381,11.71811],[92.55376,11.7183],[92.55373,11.71841],[92.55361,11.7187],[92.55358,11.71876],[92.55358,11.71878],[92.55353,11.71896],[92.55349,11.71911],[92.55349,11.71914],[92.55356,11.71935],[92.5536,11.71956],[92.55349,11.71959],[92.55341,11.71959],[92.55317,11.71957],[92.55279,11.71952],[92.55241,11.71954],[92.55202,11.71981],[92.55209,11.72053],[92.55231,11.72073],[92.55235,11.72078],[92.55256,11.72113],[92.55247,11.72135],[92.55244,11.72138],[92.55245,11.72145],[92.55245,11.72192],[92.55231,11.72202],[92.55214,11.72231],[92.55207,11.72266],[92.55216,11.72317],[92.55235,11.72355],[92.55255,11.72389],[92.5527,11.72417],[92.55278,11.7253],[92.55278,11.72564],[92.55286,11.72689],[92.55284,11.72749],[92.55281,11.72758],[92.55271,11.72817],[92.55267,11.72887],[92.55252,11.72935],[92.55246,11.72996],[92.55233,11.73059],[92.55223,11.73119],[92.55223,11.73157],[92.55227,11.73198],[92.55234,11.73212],[92.55243,11.73311],[92.55242,11.73346],[92.5524,11.7338],[92.55247,11.73422],[92.55243,11.73509],[92.55239,11.73547],[92.55234,11.73584],[92.55235,11.73634],[92.55235,11.73693],[92.55235,11.73745],[92.55235,11.73785],[92.5524,11.73824],[92.55267,11.7385],[92.55289,11.73852],[92.55303,11.73859],[92.55321,11.73867],[92.55327,11.73888],[92.55331,11.73892],[92.55342,11.73904],[92.55359,11.73915],[92.55377,11.73927],[92.554,11.73951],[92.55409,11.73995],[92.55417,11.7404],[92.55417,11.7409],[92.55416,11.74143],[92.55418,11.74187],[92.55418,11.74203],[92.55413,11.74224],[92.55409,11.74243],[92.55395,11.74277],[92.55376,11.74306],[92.55364,11.74333],[92.55358,11.74347],[92.55357,11.74348],[92.55329,11.74382],[92.5531,11.7441],[92.55307,11.74443],[92.55308,11.74475],[92.55309,11.74481],[92.5531,11.74501],[92.5531,11.74527],[92.5531,11.74536],[92.55308,11.7459],[92.55306,11.74625],[92.55306,11.74665],[92.55308,11.74719],[92.55308,11.74773],[92.55308,11.74817],[92.55317,11.74866],[92.55319,11.74873],[92.55318,11.74874],[92.55302,11.74893],[92.55279,11.74917],[92.55279,11.74947],[92.55287,11.74956],[92.55313,11.74958],[92.55322,11.74966],[92.55326,11.74997],[92.55322,11.75025],[92.55322,11.75058],[92.55346,11.75094],[92.55346,11.75095],[92.55347,11.75099],[92.55348,11.75125],[92.55348,11.75153],[92.55347,11.75175],[92.55346,11.75181],[92.5534,11.75212],[92.55344,11.75275],[92.55344,11.75331],[92.5534,11.75399],[92.55336,11.75455],[92.5533,11.75469],[92.55319,11.75499],[92.55315,11.75508],[92.55291,11.75538],[92.55274,11.75555],[92.55254,11.75564],[92.55251,11.75566],[92.5524,11.75582],[92.55221,11.75584],[92.55204,11.75577],[92.55176,11.75589],[92.55168,11.75612],[92.55172,11.75651],[92.55172,11.75701],[92.55191,11.75727],[92.552,11.75753],[92.55226,11.75788],[92.55249,11.75808],[92.55254,11.75809],[92.55275,11.75814],[92.55311,11.7584],[92.55314,11.75882],[92.55314,11.75929],[92.55314,11.75931],[92.55318,11.75964],[92.55333,11.75992],[92.55346,11.7601],[92.55368,11.76035],[92.5538,11.76049],[92.55383,11.76053],[92.55389,11.76079],[92.55404,11.76112],[92.55394,11.76148],[92.5538,11.76159],[92.5537,11.76166],[92.5534,11.76175],[92.5531,11.76194],[92.5528,11.76236],[92.55276,11.7626],[92.55268,11.76295],[92.55269,11.76311],[92.5527,11.76331],[92.55281,11.76353],[92.5529,11.76364],[92.553,11.76377],[92.55309,11.76386],[92.55326,11.76404],[92.55328,11.7642],[92.55339,11.76453],[92.55364,11.76481],[92.55399,11.76501],[92.55429,11.76526],[92.55448,11.76544],[92.55448,11.76544],[92.55442,11.76555],[92.5544,11.76614],[92.55442,11.76655],[92.55466,11.7669],[92.55504,11.76709],[92.55523,11.76718],[92.5557,11.76726],[92.55607,11.7673],[92.55632,11.76735],[92.55658,11.76754],[92.55694,11.76769],[92.55716,11.76787],[92.55741,11.76819],[92.55757,11.76847],[92.55802,11.76864],[92.55838,11.76884],[92.55853,11.76889],[92.55864,11.76893],[92.55878,11.76904],[92.55893,11.76925],[92.55906,11.76953],[92.55921,11.76981],[92.55921,11.76986],[92.55966,11.77055],[92.55962,11.77055],[92.55934,11.77058],[92.55907,11.77077],[92.55905,11.77114],[92.55909,11.77142],[92.55924,11.77177],[92.55918,11.77197],[92.55916,11.77232],[92.55911,11.77257],[92.55912,11.77294],[92.55922,11.77317],[92.55927,11.77329],[92.55922,11.77362],[92.55912,11.77384],[92.55893,11.77379],[92.55859,11.77368],[92.55837,11.77364],[92.55833,11.77364],[92.55805,11.77347],[92.55767,11.7734],[92.55734,11.77336],[92.55709,11.77325],[92.55677,11.77321],[92.55634,11.77324],[92.55609,11.77339],[92.55606,11.77365],[92.55606,11.77366],[92.55611,11.7738],[92.55613,11.77409],[92.55613,11.77413],[92.55605,11.77441],[92.55585,11.77456],[92.55568,11.77476],[92.55547,11.77509],[92.55536,11.77554],[92.55532,11.77604],[92.55535,11.7765],[92.55535,11.77696],[92.55531,11.77743],[92.55514,11.77785],[92.55501,11.77835],[92.55482,11.77861],[92.55475,11.77891],[92.55469,11.77932],[92.55465,11.77982],[92.55465,11.78011],[92.55465,11.78041],[92.55463,11.78067],[92.55461,11.78104],[92.5545,11.78124],[92.55442,11.78143],[92.55436,11.78174],[92.55421,11.78206],[92.554,11.78231],[92.55387,11.78248],[92.55367,11.78276],[92.55348,11.78304],[92.55334,11.78344],[92.55331,11.78379],[92.55297,11.78398],[92.55295,11.78403],[92.55276,11.78405],[92.55259,11.78409],[92.5524,11.78422],[92.55233,11.7845],[92.55231,11.78466],[92.55234,11.78483],[92.55234,11.78533],[92.55245,11.78576],[92.5526,11.78618],[92.55279,11.7865],[92.55307,11.78674],[92.55313,11.78691],[92.55314,11.78708],[92.55316,11.7873],[92.55316,11.78731],[92.55324,11.78755],[92.55328,11.78793],[92.55311,11.7882],[92.55284,11.78857],[92.55263,11.78892],[92.5526,11.78933],[92.55263,11.78968],[92.55265,11.78974],[92.55265,11.79103],[92.55265,11.79105],[92.55265,11.79129],[92.55274,11.79168],[92.55291,11.79198],[92.55308,11.79226],[92.55332,11.79256],[92.55349,11.79272],[92.5539,11.793],[92.55417,11.79323],[92.55407,11.79345],[92.55386,11.79359],[92.55366,11.79371],[92.55328,11.79411],[92.55315,11.79456],[92.55311,11.795],[92.55314,11.7955],[92.55329,11.79587],[92.55337,11.79635],[92.55336,11.79648],[92.55335,11.79661],[92.55325,11.79696],[92.55305,11.79719],[92.55303,11.79722],[92.55267,11.79748],[92.55239,11.79787],[92.55222,11.79815],[92.55207,11.79841],[92.55206,11.7987],[92.55218,11.79913],[92.55234,11.79939],[92.55234,11.79957],[92.55232,11.79974],[92.55214,11.79983],[92.55184,11.8],[92.55161,11.80018],[92.55144,11.80054],[92.55144,11.80079],[92.55149,11.80111],[92.55157,11.80139],[92.55149,11.80167],[92.55149,11.80185],[92.55149,11.80218],[92.55147,11.80244],[92.55136,11.80268],[92.55121,11.80294],[92.55104,11.80324],[92.55087,11.80361],[92.55079,11.8039],[92.55075,11.80424],[92.5507,11.80448],[92.55083,11.80491],[92.55111,11.8052],[92.55129,11.80555],[92.55143,11.80589],[92.55142,11.80624],[92.55144,11.80652],[92.55142,11.80687],[92.55125,11.80717],[92.55106,11.80735],[92.5509,11.80761],[92.55089,11.80763],[92.55088,11.80764],[92.55065,11.80774],[92.55035,11.80787],[92.55012,11.80803],[92.54997,11.80839],[92.54975,11.80874],[92.54967,11.80918],[92.54967,11.80961],[92.54963,11.80994],[92.54961,11.81027],[92.54957,11.81046],[92.54976,11.8107],[92.55002,11.81103],[92.5501,11.81131],[92.55019,11.81168],[92.55021,11.81209],[92.55009,11.81233],[92.55002,11.81244],[92.54981,11.81274],[92.54977,11.81307],[92.54977,11.81339],[92.54977,11.81387],[92.54975,11.81435],[92.54971,11.81472],[92.54958,11.81516],[92.54948,11.81542],[92.54931,11.81568],[92.54913,11.81594],[92.54909,11.81624],[92.54909,11.81659],[92.54909,11.81668],[92.54909,11.81681],[92.54903,11.81711],[92.5488,11.81735],[92.54859,11.81768],[92.54845,11.81774],[92.54844,11.81775],[92.5482,11.81794],[92.54792,11.81794],[92.54769,11.81796],[92.54735,11.81816],[92.54714,11.81836],[92.54686,11.81864],[92.54664,11.81884],[92.54641,11.81906],[92.54626,11.8193],[92.54611,11.81956],[92.54592,11.81973],[92.54569,11.81977],[92.54551,11.81967],[92.54528,11.81952],[92.54479,11.8196],[92.5443,11.81967],[92.544,11.81967],[92.54361,11.8195],[92.54333,11.81935],[92.54299,11.81915],[92.54263,11.81894],[92.54203,11.8187],[92.54147,11.81872],[92.54096,11.81892],[92.54067,11.81944],[92.54056,11.81983],[92.5405,11.82031],[92.54058,11.82066],[92.54071,11.82101],[92.54073,11.82133],[92.54069,11.82174],[92.54068,11.82184],[92.54063,11.82187],[92.54052,11.82199],[92.5405,11.82231],[92.5405,11.82255],[92.5405,11.82296],[92.54064,11.82333],[92.54079,11.82357],[92.541,11.82387],[92.54119,11.82424],[92.54149,11.82465],[92.54171,11.82496],[92.54203,11.8253],[92.54231,11.82561],[92.54256,11.82585],[92.54293,11.82615],[92.54329,11.82648],[92.54372,11.82687],[92.54404,11.82721],[92.54421,11.82743],[92.54458,11.82791],[92.54535,11.82816],[92.54569,11.82844],[92.54591,11.82879],[92.54605,11.82921],[92.54616,11.82957],[92.54627,11.82994],[92.54636,11.83033],[92.54649,11.8307],[92.54651,11.83107],[92.54651,11.83155],[92.54651,11.83201],[92.54658,11.83262],[92.54658,11.83309],[92.54658,11.83346],[92.5466,11.83411],[92.5466,11.83457],[92.54667,11.83505],[92.54669,11.83548],[92.54648,11.83572],[92.54633,11.83566],[92.54627,11.83531],[92.54622,11.83498],[92.54603,11.8347],[92.54599,11.83444],[92.54594,11.83407],[92.54581,11.83364],[92.54557,11.83308],[92.54545,11.83296],[92.54513,11.83229],[92.54502,11.83168],[92.54465,11.83091],[92.54429,11.83014],[92.54388,11.82941],[92.54336,11.82889],[92.54289,11.82856],[92.54245,11.8285],[92.54244,11.8285],[92.54229,11.82848],[92.54189,11.82867],[92.5418,11.82889],[92.5418,11.82919],[92.54191,11.82956],[92.54193,11.82998],[92.5419,11.8305],[92.54187,11.83089],[92.5419,11.8315],[92.54188,11.83191],[92.54188,11.83228],[92.54196,11.83259],[92.54197,11.83302],[92.54188,11.8333],[92.5418,11.83365],[92.54176,11.83408],[92.54184,11.83452],[92.54184,11.83508],[92.5418,11.83558],[92.54179,11.83574],[92.54166,11.83603],[92.54159,11.83613],[92.54133,11.83654],[92.54131,11.83657],[92.54112,11.8368],[92.54097,11.83706],[92.54063,11.83733],[92.54029,11.83759],[92.54004,11.83789],[92.5398,11.83802],[92.53933,11.83829],[92.53859,11.83851],[92.53824,11.83862],[92.53782,11.83879],[92.5375,11.83894],[92.53726,11.83905],[92.5369,11.8391],[92.53654,11.83912],[92.53635,11.8391],[92.53611,11.83897],[92.5359,11.83865],[92.53579,11.83841],[92.53566,11.83815],[92.53506,11.83732],[92.53444,11.83617],[92.53413,11.8358],[92.5339,11.83548],[92.53371,11.83526],[92.53354,11.83489],[92.5334,11.83461],[92.5333,11.83435],[92.53308,11.83413],[92.53305,11.83403],[92.5329,11.8337],[92.53245,11.83328],[92.53194,11.83326],[92.53154,11.83335],[92.53119,11.83355],[92.53102,11.83377],[92.53069,11.83397],[92.53049,11.83398],[92.53009,11.833],[92.52999,11.83177],[92.52979,11.83152],[92.52962,11.83123],[92.52929,11.83105],[92.52892,11.83098],[92.52857,11.83088],[92.52832,11.83073],[92.52814,11.83043],[92.52814,11.83001],[92.52799,11.82972],[92.52772,11.82952],[92.52732,11.82902],[92.52699,11.82877],[92.52664,11.82853],[92.52629,11.8283],[92.52587,11.82803],[92.52564,11.82768],[92.52522,11.82739],[92.52479,11.82694],[92.52436,11.82667],[92.52394,11.82647],[92.52336,11.82639],[92.52289,11.82647],[92.52264,11.82664],[92.52218,11.82671],[92.52151,11.82681],[92.5211,11.82715],[92.52085,11.82757],[92.5207,11.82794],[92.5206,11.82821],[92.5205,11.82854],[92.52025,11.82891],[92.51995,11.82932],[92.51969,11.82969],[92.51952,11.83009],[92.51919,11.83066],[92.51869,11.83182],[92.51858,11.83226],[92.51841,11.83265],[92.51831,11.83295],[92.5182,11.83337],[92.51773,11.83376],[92.51778,11.8346],[92.5176,11.83539],[92.5177,11.83586],[92.5181,11.83631],[92.51862,11.83658],[92.51902,11.83661],[92.51912,11.83681],[92.51887,11.837],[92.51885,11.83727],[92.51892,11.8375],[92.51912,11.83792],[92.51919,11.83844],[92.51942,11.83876],[92.51944,11.83901],[92.51947,11.83925],[92.51934,11.83957],[92.51918,11.83986],[92.51917,11.83989],[92.51899,11.84029],[92.51889,11.84088],[92.51881,11.84142],[92.51883,11.84149],[92.51866,11.84155],[92.51841,11.84199],[92.51823,11.84258],[92.51795,11.84335],[92.51775,11.84391],[92.5174,11.84453],[92.51727,11.84482],[92.51717,11.84502],[92.51694,11.84532],[92.51669,11.84567],[92.51632,11.84599],[92.51586,11.84628],[92.51554,11.84633],[92.51552,11.84633],[92.51541,11.84641],[92.51506,11.84648],[92.51473,11.84662],[92.51443,11.84699],[92.51391,11.84739],[92.51368,11.84795],[92.5136,11.8487],[92.51362,11.84951],[92.51395,11.85018],[92.51437,11.85057],[92.5147,11.85077],[92.51494,11.85111],[92.51536,11.85237],[92.51557,11.85295],[92.51559,11.85344],[92.51572,11.85421],[92.51594,11.85483],[92.51639,11.85559],[92.51669,11.85599],[92.51739,11.85634],[92.51804,11.85651],[92.51852,11.85656],[92.5189,11.85663],[92.51892,11.85664],[92.51891,11.85757],[92.51891,11.85762],[92.51887,11.85775],[92.51876,11.85851],[92.51869,11.85886],[92.51869,11.85962],[92.51889,11.86009],[92.51914,11.86051],[92.51928,11.86098],[92.51943,11.86148],[92.51968,11.86195],[92.51983,11.86237],[92.51996,11.86279],[92.52003,11.86341],[92.52008,11.86388],[92.52023,11.86447],[92.52033,11.86489],[92.52045,11.86531],[92.5205,11.86568],[92.52068,11.86598],[92.52082,11.86659],[92.52112,11.86731],[92.52137,11.86781],[92.5217,11.86845],[92.5221,11.86912],[92.52227,11.86966],[92.5225,11.87003],[92.5229,11.87035],[92.52337,11.8705],[92.52377,11.8705],[92.52412,11.87058],[92.52442,11.87078],[92.52462,11.87095],[92.52482,11.87122],[92.52493,11.87128],[92.52507,11.87135],[92.5252,11.87187],[92.52508,11.8721],[92.52505,11.87216],[92.5248,11.87246],[92.52467,11.8729],[92.52452,11.87347],[92.52454,11.87394],[92.52459,11.87436],[92.52466,11.87488],[92.52491,11.87532],[92.52504,11.87574],[92.52494,11.87611],[92.52477,11.8764],[92.52473,11.87646],[92.52466,11.87682],[92.52466,11.87683],[92.52463,11.87737],[92.52461,11.87784],[92.52468,11.87841],[92.52468,11.87895],[92.5249,11.87952],[92.5252,11.88009],[92.52538,11.88042],[92.52589,11.88068],[92.52622,11.88085],[92.52659,11.88111],[92.52687,11.88133],[92.52692,11.88195],[92.52692,11.88278],[92.52683,11.88362],[92.52679,11.88374],[92.52661,11.88391],[92.52634,11.8843],[92.52621,11.88483],[92.52611,11.88529],[92.52607,11.88575],[92.52574,11.88671],[92.5257,11.88723],[92.5256,11.88934],[92.52559,11.89036],[92.52569,11.89099],[92.52579,11.89171],[92.52585,11.89234],[92.52617,11.89339],[92.52615,11.89346],[92.52615,11.89389],[92.52615,11.89441],[92.52615,11.89514],[92.52628,11.8958],[92.52628,11.89622],[92.52705,11.89646],[92.52758,11.89643],[92.52839,11.89643],[92.52942,11.89663],[92.53036,11.89686],[92.53106,11.89726],[92.53139,11.89752],[92.53196,11.89798],[92.53236,11.89835],[92.53279,11.89855],[92.53336,11.89875],[92.5338,11.89904],[92.5342,11.89937],[92.5346,11.89974],[92.53516,11.90003],[92.5356,11.90033],[92.53596,11.90079],[92.53623,11.90129],[92.5366,11.90182],[92.53706,11.90254],[92.5374,11.90327],[92.53749,11.90386],[92.53779,11.90449],[92.53779,11.90478],[92.53779,11.90518],[92.53779,11.90567],[92.53789,11.90623],[92.53789,11.90659],[92.53779,11.90709],[92.53765,11.90725],[92.53715,11.90765],[92.53668,11.90768],[92.53618,11.90784],[92.53564,11.9081],[92.53541,11.90847],[92.53531,11.90893],[92.53527,11.90935],[92.535,11.90958],[92.53467,11.90985],[92.53447,11.91018],[92.5344,11.91067],[92.53442,11.91091],[92.53437,11.9112],[92.53423,11.91192],[92.53439,11.91264],[92.5348,11.91288],[92.53516,11.91301],[92.53517,11.91302],[92.53602,11.91328],[92.5362,11.91357],[92.5362,11.9136],[92.5362,11.91397],[92.53626,11.91426],[92.5365,11.91446],[92.53693,11.91456],[92.53724,11.9147],[92.53755,11.91496],[92.53776,11.9151],[92.5379,11.91532],[92.53817,11.91565],[92.53857,11.91595],[92.539,11.91625],[92.5397,11.91648],[92.54024,11.91671],[92.54024,11.91671],[92.54127,11.91722],[92.54124,11.9178],[92.54124,11.91819],[92.5413,11.91889],[92.54163,11.91978],[92.5417,11.92024],[92.54186,11.92067],[92.54193,11.92078],[92.54193,11.92113],[92.54193,11.92185],[92.54193,11.92244],[92.54226,11.9231],[92.54263,11.92353],[92.54313,11.92399],[92.54366,11.92419],[92.5446,11.9242],[92.54483,11.92406],[92.54497,11.924],[92.5455,11.92407],[92.546,11.9242],[92.5463,11.9243],[92.54647,11.92437],[92.54657,11.9245],[92.54684,11.92483],[92.5471,11.92509],[92.54764,11.92532],[92.54814,11.92546],[92.54864,11.92559],[92.54911,11.92566],[92.54954,11.92579],[92.54994,11.92595],[92.55018,11.92615],[92.55051,11.92635],[92.55095,11.92635],[92.55138,11.92622],[92.55175,11.92622],[92.55202,11.92632],[92.55252,11.92632],[92.55289,11.92623],[92.55342,11.92616],[92.55362,11.926],[92.55402,11.9259],[92.55429,11.9259],[92.55479,11.926],[92.55509,11.92577],[92.55511,11.92577],[92.55546,11.9258],[92.55549,11.926],[92.55546,11.9263],[92.55511,11.92664],[92.55511,11.9271],[92.55511,11.9281],[92.55562,11.92936],[92.5568,11.93087],[92.55884,11.93355],[92.5596,11.93464],[92.55966,11.93475],[92.55985,11.9348],[92.56009,11.93507],[92.56032,11.93537],[92.56052,11.93583],[92.56065,11.93629],[92.56072,11.93662],[92.56072,11.93695],[92.56053,11.93705],[92.56049,11.93707],[92.56048,11.93708],[92.56045,11.93707],[92.56032,11.93704],[92.56015,11.93757],[92.56004,11.93813],[92.55994,11.93859],[92.55984,11.93905],[92.55957,11.93945],[92.55934,11.93958],[92.55897,11.93954],[92.5588,11.93935],[92.55854,11.93908],[92.5582,11.93902],[92.5579,11.93934],[92.5579,11.93948],[92.5581,11.93984],[92.55807,11.9401],[92.55787,11.9402],[92.5578,11.9404],[92.5581,11.94086],[92.55857,11.94116],[92.55897,11.94126],[92.55899,11.94125],[92.55964,11.94147],[92.55964,11.94149],[92.55963,11.94178],[92.55983,11.94228],[92.56007,11.94254],[92.56047,11.94268],[92.56051,11.94318],[92.56091,11.94391],[92.56087,11.94416],[92.56083,11.94442],[92.56083,11.94472],[92.5609,11.94511],[92.56113,11.94564],[92.56156,11.94617],[92.56199,11.94646],[92.56208,11.94662],[92.56228,11.94679],[92.56251,11.94687],[92.56293,11.94672],[92.56311,11.9464],[92.56316,11.94605],[92.56319,11.94571],[92.56331,11.94539],[92.56356,11.94502],[92.56372,11.9447],[92.56384,11.94435],[92.56407,11.94408],[92.5646,11.94393],[92.56502,11.94398],[92.56537,11.94384],[92.56552,11.94354],[92.56553,11.94315],[92.56548,11.94273],[92.5656,11.94201],[92.56568,11.94147],[92.56576,11.94102],[92.56601,11.94073],[92.56634,11.94031],[92.56666,11.93989],[92.56684,11.93942],[92.56692,11.93902],[92.56712,11.93853],[92.56737,11.93809],[92.56752,11.93767],[92.56765,11.93705],[92.56785,11.93653],[92.56813,11.93609],[92.5685,11.93564],[92.56883,11.9351],[92.56923,11.93461],[92.56939,11.93421],[92.56946,11.9336],[92.56956,11.9331],[92.56967,11.93254],[92.56967,11.93233],[92.56977,11.93192],[92.56994,11.93157],[92.57027,11.93115],[92.57057,11.93073],[92.57093,11.93022],[92.5714,11.92975],[92.57181,11.92911],[92.57253,11.92871],[92.57281,11.92829],[92.57331,11.92798],[92.57369,11.92775],[92.57412,11.92758],[92.57484,11.92739],[92.57562,11.92721],[92.57597,11.92709],[92.57633,11.92707],[92.57688,11.927],[92.5772,11.92705],[92.57745,11.92714],[92.5775,11.92719],[92.57775,11.92744],[92.57793,11.92771],[92.5782,11.92789],[92.57858,11.92784],[92.57883,11.92762],[92.57926,11.92698],[92.57926,11.92673],[92.57921,11.92641],[92.57916,11.92604],[92.57899,11.92569],[92.57897,11.92565],[92.57948,11.92535],[92.57954,11.92545],[92.57969,11.92547],[92.57992,11.92545],[92.58019,11.92523],[92.58042,11.92488],[92.58052,11.92444],[92.5806,11.92407],[92.58067,11.92365],[92.58077,11.9233],[92.58085,11.92303],[92.58095,11.92278],[92.5809,11.92216],[92.5809,11.92189],[92.58103,11.9217],[92.58113,11.92125],[92.58118,11.92093],[92.58111,11.92044],[92.58093,11.92004],[92.5808,11.91982],[92.58076,11.91974],[92.5808,11.91968],[92.58086,11.9196],[92.58073,11.91915],[92.58071,11.91908],[92.58041,11.91861],[92.58018,11.91831],[92.58019,11.91789],[92.58038,11.9177],[92.58044,11.91764],[92.58074,11.91735],[92.58104,11.917],[92.58124,11.91668],[92.58149,11.91634],[92.58185,11.91584],[92.58197,11.91515],[92.5821,11.91478],[92.5821,11.91451],[92.5821,11.91419],[92.58218,11.91402],[92.58226,11.91327],[92.58231,11.91255],[92.58248,11.91246],[92.58261,11.91219],[92.58263,11.91185],[92.58263,11.91152],[92.58263,11.91128],[92.58278,11.9111],[92.58301,11.91081],[92.58303,11.91062],[92.58304,11.91049],[92.58304,11.91012],[92.58324,11.90977],[92.58349,11.90967],[92.58362,11.90943],[92.58364,11.90934],[92.58369,11.90916],[92.58374,11.90883],[92.58377,11.90841],[92.5837,11.90804],[92.58352,11.90772],[92.58327,11.9074],[92.58307,11.90705],[92.58285,11.90673],[92.58263,11.90671],[92.58262,11.90671],[92.58242,11.90653],[92.58229,11.90641],[92.58231,11.90623],[92.58232,11.90607],[92.5825,11.90589],[92.58275,11.9054],[92.58282,11.90523],[92.58286,11.90506],[92.58296,11.9049],[92.58322,11.90381],[92.58322,11.90355],[92.58356,11.90355],[92.58401,11.90338],[92.58441,11.90301],[92.58461,11.90266],[92.58474,11.90222],[92.58476,11.90208],[92.58481,11.902],[92.58496,11.90158],[92.58504,11.90113],[92.58507,11.90076],[92.58509,11.90017],[92.58517,11.89923],[92.58512,11.89893],[92.58512,11.89856],[92.58512,11.89819],[92.58515,11.89772],[92.5852,11.8973],[92.58538,11.89696],[92.5857,11.89632],[92.58601,11.89612],[92.58613,11.89573],[92.58618,11.89536],[92.58593,11.89481],[92.58568,11.89434],[92.58544,11.89382],[92.58514,11.89306],[92.58504,11.89281],[92.58498,11.8927],[92.58495,11.89254],[92.58504,11.89244],[92.58511,11.89207],[92.58526,11.89172],[92.58529,11.8914],[92.58529,11.89098],[92.58529,11.89071],[92.58539,11.89024],[92.58582,11.88953],[92.58663,11.88864],[92.58695,11.88807],[92.58713,11.88778],[92.58713,11.88743],[92.58714,11.88741],[92.58728,11.88716],[92.58751,11.88701],[92.58766,11.88708],[92.58778,11.88713],[92.58811,11.88719],[92.58859,11.88709],[92.58884,11.88692],[92.58914,11.88667],[92.58957,11.88657],[92.59004,11.88662],[92.59024,11.88682],[92.59044,11.88682],[92.59087,11.88682],[92.59129,11.88685],[92.5915,11.88702],[92.59162,11.88714],[92.59185,11.88722],[92.59199,11.88721],[92.59212,11.88719],[92.59227,11.88732],[92.59227,11.88752],[92.5922,11.88769],[92.59226,11.88789],[92.59225,11.88801],[92.59224,11.8884],[92.59232,11.8889],[92.59232,11.88959],[92.59234,11.88999],[92.59239,11.89055],[92.59256,11.8911],[92.59259,11.89134],[92.59271,11.89184],[92.59274,11.89231],[92.59279,11.8928],[92.59283,11.89322],[92.59291,11.89354],[92.59296,11.89379],[92.59306,11.89409],[92.59323,11.89458],[92.59343,11.89503],[92.59366,11.89542],[92.59373,11.89554],[92.59386,11.89574],[92.59388,11.89614],[92.59375,11.89646],[92.59367,11.89652],[92.5936,11.89656],[92.59345,11.89666],[92.5932,11.89722],[92.5932,11.89759],[92.59327,11.89804],[92.5934,11.89829],[92.59355,11.89861],[92.59352,11.89881],[92.59362,11.89913],[92.5939,11.89952],[92.59415,11.89975],[92.5945,11.89987],[92.59458,11.89982],[92.5946,11.89985],[92.59498,11.89972],[92.59545,11.8995],[92.59575,11.89908],[92.59601,11.89864],[92.59608,11.89832],[92.59628,11.8981],[92.59651,11.89785],[92.59676,11.8975],[92.59711,11.89731],[92.59746,11.89709],[92.59758,11.89695],[92.59772,11.89679],[92.59796,11.8967],[92.59809,11.89664],[92.59837,11.89661],[92.59844,11.89659],[92.59884,11.89674],[92.59909,11.89711],[92.59914,11.89748],[92.59926,11.89775],[92.59927,11.89776],[92.59947,11.89813],[92.59972,11.89842],[92.60009,11.89852],[92.60052,11.89853],[92.60112,11.8983],[92.60145,11.89806],[92.60163,11.89769],[92.60173,11.89742],[92.60184,11.89725],[92.60185,11.89723],[92.60193,11.89712],[92.60213,11.89683],[92.60236,11.89636],[92.60241,11.89599],[92.60233,11.89557],[92.60218,11.89529],[92.60218,11.89492],[92.60219,11.8946],[92.60219,11.89421],[92.60219,11.89379],[92.60219,11.89339],[92.60209,11.893],[92.60181,11.89263],[92.60159,11.89228],[92.60139,11.89201],[92.60121,11.89169],[92.60121,11.89144],[92.60134,11.8909],[92.60139,11.89045],[92.60142,11.89016],[92.60142,11.88993],[92.60147,11.88974],[92.60165,11.88956],[92.60165,11.88955],[92.60187,11.88944],[92.60212,11.88917],[92.60225,11.88877],[92.60225,11.8883],[92.60225,11.88786],[92.60223,11.88744],[92.60223,11.88707],[92.60225,11.88635],[92.60238,11.88544],[92.60233,11.88507],[92.60225,11.88494],[92.60211,11.88472],[92.60178,11.88435],[92.60158,11.88401],[92.60146,11.88363],[92.60138,11.88329],[92.60138,11.88312],[92.60138,11.88309],[92.60139,11.8829],[92.60139,11.88289],[92.60144,11.88262],[92.60159,11.88253],[92.60171,11.88223],[92.60171,11.88181],[92.60154,11.88129],[92.60129,11.88084],[92.60107,11.88037],[92.60107,11.88005],[92.60107,11.87983],[92.60099,11.87978],[92.60099,11.87944],[92.60117,11.87904],[92.60147,11.8787],[92.60165,11.87833],[92.60172,11.87791],[92.60177,11.87731],[92.6018,11.87684],[92.6018,11.87637],[92.60176,11.87617],[92.60182,11.87539],[92.60182,11.8743],[92.60181,11.87421],[92.60193,11.87349],[92.60189,11.87302],[92.60184,11.87257],[92.60171,11.87225],[92.60149,11.87193],[92.60126,11.87163],[92.60119,11.87136],[92.60101,11.87106],[92.60086,11.87074],[92.60069,11.87044],[92.60056,11.87012],[92.60039,11.86975],[92.60039,11.86869],[92.60039,11.86718],[92.6004,11.86631],[92.60045,11.86629],[92.60067,11.86607],[92.60067,11.86575],[92.60074,11.86534],[92.60075,11.86528],[92.60085,11.86494],[92.601,11.86478],[92.60113,11.86464],[92.60166,11.86393],[92.60191,11.86353],[92.60206,11.86301],[92.60211,11.86267],[92.60226,11.8623],[92.60241,11.86193],[92.60254,11.86146],[92.60254,11.86105],[92.60259,11.86101],[92.60279,11.86077],[92.60304,11.8604],[92.60327,11.86005],[92.60357,11.85966],[92.60425,11.85889],[92.60463,11.85875],[92.60467,11.85872],[92.6049,11.85855],[92.60525,11.85848],[92.60546,11.85838],[92.60568,11.8583],[92.60586,11.85818],[92.60608,11.85796],[92.60628,11.85794],[92.60631,11.85813],[92.60608,11.85831],[92.60578,11.85848],[92.6055,11.85865],[92.60518,11.85875],[92.60501,11.8588],[92.60495,11.85882],[92.60475,11.85899],[92.6048,11.85924],[92.60495,11.85932],[92.60495,11.85951],[92.60525,11.85964],[92.60555,11.85984],[92.60528,11.86001],[92.60505,11.8603],[92.60487,11.86072],[92.6047,11.86127],[92.60449,11.86161],[92.60427,11.86198],[92.60424,11.8626],[92.60414,11.86292],[92.60396,11.86322],[92.60384,11.86356],[92.60381,11.86391],[92.60399,11.86415],[92.60389,11.86448],[92.60371,11.8648],[92.60363,11.86509],[92.60343,11.86544],[92.60328,11.86578],[92.60328,11.86613],[92.60346,11.8665],[92.60375,11.86697],[92.60378,11.86734],[92.60403,11.86776],[92.60435,11.86821],[92.6047,11.86863],[92.6049,11.869],[92.60548,11.86929],[92.6059,11.86972],[92.60626,11.86996],[92.60668,11.87011],[92.60711,11.87041],[92.60753,11.87078],[92.60806,11.871],[92.60856,11.87103],[92.60891,11.87103],[92.60929,11.87116],[92.60961,11.87113],[92.60996,11.87093],[92.61024,11.87089],[92.61053,11.87094],[92.61062,11.87096],[92.61064,11.871],[92.61077,11.87121],[92.61069,11.87146],[92.61066,11.8718],[92.61071,11.8722],[92.61069,11.87257],[92.61069,11.87294],[92.61091,11.87311],[92.6111,11.8732],[92.61118,11.87412],[92.61109,11.87415],[92.61093,11.87447],[92.61093,11.87509],[92.61116,11.8763],[92.6112,11.87694],[92.6112,11.87748],[92.6112,11.87803],[92.6112,11.87892],[92.61133,11.87924],[92.61135,11.87929],[92.6116,11.87956],[92.61182,11.87988],[92.61175,11.8802],[92.61157,11.8803],[92.61147,11.8803],[92.61148,11.88031],[92.6114,11.88032],[92.61105,11.88035],[92.61087,11.88077],[92.61087,11.88111],[92.61087,11.88138],[92.61087,11.88171],[92.61087,11.88208],[92.61077,11.88232],[92.61064,11.88247],[92.61061,11.88291],[92.61061,11.88319],[92.61061,11.88356],[92.61056,11.88378],[92.61044,11.88408],[92.61038,11.8843],[92.61033,11.88452],[92.61038,11.885],[92.61038,11.88501],[92.61046,11.8858],[92.61046,11.88615],[92.61038,11.88629],[92.6103,11.88642],[92.6103,11.88696],[92.61025,11.88751],[92.61026,11.88758],[92.61033,11.8882],[92.61035,11.88845],[92.61032,11.88892],[92.61032,11.88929],[92.6102,11.88976],[92.61009,11.89028],[92.61007,11.89037],[92.61002,11.89089],[92.60994,11.89143],[92.60994,11.89193],[92.60991,11.8925],[92.60991,11.89309],[92.60991,11.89368],[92.60991,11.89447],[92.60996,11.89516],[92.61008,11.89544],[92.61027,11.89579],[92.61028,11.89581],[92.61027,11.89584],[92.61018,11.89608],[92.61013,11.89637],[92.61018,11.89687],[92.61027,11.89715],[92.6103,11.89726],[92.61033,11.89761],[92.61033,11.898],[92.61043,11.89865],[92.61045,11.89914],[92.6105,11.89966],[92.6105,11.90008],[92.6107,11.90048],[92.61067,11.90052],[92.61072,11.90131],[92.61072,11.90201],[92.61074,11.90238],[92.61074,11.90294],[92.61082,11.90344],[92.61089,11.90401],[92.61094,11.90472],[92.61091,11.90497],[92.61094,11.90529],[92.61096,11.90571],[92.61089,11.90611],[92.61076,11.90628],[92.61068,11.90638],[92.61053,11.90682],[92.61028,11.90727],[92.61025,11.90801],[92.61035,11.90858],[92.61058,11.909],[92.61083,11.90937],[92.61118,11.90991],[92.6112,11.91031],[92.6112,11.91073],[92.61127,11.91129],[92.61137,11.91162],[92.61152,11.91206],[92.61152,11.91246],[92.61162,11.91292],[92.6117,11.91337],[92.61169,11.91376],[92.61169,11.91414],[92.61194,11.91446],[92.61203,11.91465],[92.61209,11.91478],[92.61197,11.9149],[92.61182,11.91488],[92.61169,11.91481],[92.61154,11.91483],[92.61119,11.91499],[92.61117,11.915],[92.61076,11.91515],[92.61063,11.91523],[92.61041,11.91537],[92.61026,11.91564],[92.61015,11.91586],[92.61008,11.91598],[92.60993,11.91643],[92.60978,11.91677],[92.60971,11.91692],[92.60961,11.91714],[92.60958,11.91749],[92.6095,11.91791],[92.60938,11.91845],[92.60936,11.91853],[92.60933,11.91872],[92.6093,11.91882],[92.60887,11.91882],[92.60837,11.91875],[92.60787,11.9186],[92.6074,11.9185],[92.60736,11.91847],[92.60707,11.91827],[92.60672,11.91817],[92.60642,11.91817],[92.60602,11.91825],[92.60582,11.91844],[92.60576,11.91872],[92.60566,11.91906],[92.60581,11.9197],[92.60594,11.92],[92.60621,11.92032],[92.60659,11.92074],[92.60686,11.92106],[92.60686,11.92139],[92.60669,11.92156],[92.60636,11.92175],[92.60606,11.92208],[92.60596,11.9224],[92.60596,11.92267],[92.60596,11.92271],[92.60598,11.92296],[92.60593,11.92319],[92.60582,11.92332],[92.60573,11.92343],[92.60575,11.92378],[92.60598,11.92405],[92.60613,11.92422],[92.60629,11.92454],[92.60646,11.9247],[92.60653,11.92499],[92.60663,11.92524],[92.60685,11.92561],[92.6071,11.92593],[92.60728,11.92613],[92.60748,11.9264],[92.60765,11.92667],[92.60768,11.92707],[92.60788,11.92732],[92.6081,11.92764],[92.60843,11.92801],[92.60909,11.9299],[92.60951,11.93175],[92.60953,11.93273],[92.60969,11.93305],[92.60979,11.93342],[92.60979,11.93381],[92.60979,11.93423],[92.60979,11.93468],[92.60986,11.9351],[92.61001,11.9353],[92.61021,11.93554],[92.61026,11.93579],[92.61016,11.93592],[92.60999,11.93616],[92.61001,11.93651],[92.61019,11.93703],[92.61022,11.93721],[92.61026,11.93742],[92.61028,11.93774],[92.61038,11.93819],[92.61058,11.93853],[92.61069,11.93862],[92.6107,11.93868],[92.61091,11.93883],[92.61103,11.93925],[92.61103,11.9396],[92.61108,11.93992],[92.61123,11.94021],[92.61123,11.94091],[92.61123,11.94143],[92.6112,11.94184],[92.61118,11.94203],[92.61118,11.94322],[92.61084,11.94422],[92.61057,11.94454],[92.61027,11.94458],[92.60992,11.94466],[92.60964,11.94485],[92.60941,11.94527],[92.60914,11.94552],[92.60881,11.94587],[92.60863,11.94626],[92.60851,11.94678],[92.60828,11.94707],[92.60818,11.94754],[92.60818,11.94799],[92.60818,11.94863],[92.6083,11.9492],[92.60838,11.94964],[92.6085,11.95001],[92.60875,11.95036],[92.60887,11.95055],[92.60895,11.95068],[92.60915,11.95098],[92.6092,11.95125],[92.6092,11.95155],[92.60912,11.95172],[92.60902,11.95194],[92.60879,11.95215],[92.60901,11.95335],[92.60917,11.95352],[92.60942,11.95379],[92.60957,11.95404],[92.60962,11.95444],[92.60962,11.95493],[92.60934,11.95525],[92.6092,11.95532],[92.6092,11.95542],[92.60916,11.95545],[92.60901,11.95572],[92.60898,11.95615],[92.60894,11.95626],[92.60894,11.95649],[92.60896,11.95705],[92.60926,11.95765],[92.60956,11.9577],[92.60981,11.9577],[92.61014,11.95777],[92.61076,11.9579],[92.61097,11.9579],[92.61124,11.9579],[92.61154,11.95794],[92.61162,11.95807],[92.61172,11.95825],[92.61192,11.95837],[92.61209,11.95842],[92.61234,11.95842],[92.61257,11.95854],[92.61277,11.95862],[92.61299,11.95884],[92.61282,11.95889],[92.61266,11.95894],[92.61254,11.95896],[92.61234,11.95909],[92.61221,11.95963],[92.61231,11.95993],[92.61241,11.96007],[92.61241,11.96015],[92.61259,11.96057],[92.61271,11.96104],[92.61276,11.96148],[92.61281,11.96185],[92.61284,11.96237],[92.61283,11.96284],[92.61291,11.96339],[92.61303,11.96373],[92.61331,11.96425],[92.61336,11.9646],[92.61341,11.96502],[92.61346,11.96536],[92.6136,11.96556],[92.61342,11.96591],[92.61338,11.96591],[92.61298,11.9661],[92.6129,11.96645],[92.61283,11.96682],[92.61275,11.96724],[92.61275,11.96744],[92.61267,11.96768],[92.61267,11.96782],[92.61267,11.96815],[92.6125,11.96864],[92.61249,11.96867],[92.61224,11.96921],[92.61212,11.96961],[92.61201,11.97005],[92.61201,11.97055],[92.61221,11.97092],[92.61249,11.97116],[92.61256,11.97118],[92.61256,11.97129],[92.61274,11.97139],[92.61274,11.97156],[92.61271,11.97193],[92.61264,11.97228],[92.61246,11.97255],[92.61244,11.97256],[92.61196,11.97377],[92.61217,11.97559],[92.61215,11.97573],[92.61203,11.97613],[92.61195,11.97665],[92.6121,11.97734],[92.61234,11.97771],[92.61235,11.97797],[92.61257,11.97823],[92.61257,11.97862],[92.61255,11.97909],[92.61244,11.97944],[92.61233,11.97972],[92.61232,11.97978],[92.61222,11.98023],[92.61212,11.98057],[92.61204,11.9808],[92.61203,11.98106],[92.61202,11.98293],[92.61198,11.98299],[92.61198,11.98334],[92.61211,11.98381],[92.61236,11.98423],[92.61246,11.98436],[92.61261,11.98483],[92.61303,11.98684],[92.61371,11.98977],[92.61456,11.99069],[92.61668,11.99103],[92.6167,11.99108],[92.61686,11.99108],[92.61718,11.99145],[92.61731,11.99187],[92.61728,11.99219],[92.61711,11.99269],[92.61625,11.99289],[92.61533,11.99334],[92.61411,11.99469],[92.61289,11.99641],[92.61265,11.99806],[92.61265,12.00016],[92.61257,12.00219],[92.61226,12.00392],[92.6121,12.00564],[92.61202,12.00752],[92.61209,12.0091],[92.61316,12.01023],[92.61491,12.01053],[92.61497,12.01053],[92.61499,12.01054],[92.61519,12.01145],[92.61499,12.01158],[92.61453,12.01256],[92.61429,12.01406],[92.61482,12.01526],[92.61551,12.01714],[92.61558,12.01827],[92.61558,12.0194],[92.61611,12.0206],[92.61664,12.02173],[92.61656,12.0224],[92.61595,12.02345],[92.61625,12.0248],[92.61739,12.02601],[92.61812,12.02594],[92.61826,12.02598],[92.61866,12.02606],[92.61913,12.02606],[92.61946,12.02598],[92.62001,12.02576],[92.62051,12.02576],[92.62085,12.02586],[92.62135,12.02652],[92.62128,12.02684],[92.62158,12.02767],[92.62196,12.02835],[92.62196,12.0291],[92.62173,12.0297],[92.62089,12.0303],[92.62013,12.03067],[92.61967,12.0318],[92.61966,12.03315],[92.62004,12.03465],[92.62088,12.03548],[92.62164,12.03676],[92.62164,12.03803],[92.62162,12.03819],[92.62129,12.03836],[92.62112,12.03836],[92.62109,12.03845],[92.62084,12.03836],[92.62066,12.03816],[92.62034,12.03804],[92.61993,12.03826],[92.61991,12.03851],[92.61998,12.03902],[92.62013,12.03947],[92.62011,12.04004],[92.62008,12.04058],[92.62005,12.04147],[92.6206,12.04199],[92.62138,12.04152],[92.62158,12.04118],[92.62201,12.04101],[92.62251,12.04108],[92.62314,12.04123],[92.62349,12.0414],[92.62366,12.04175],[92.62386,12.04197],[92.62414,12.04192],[92.62469,12.04158],[92.62506,12.04176],[92.62514,12.0418],[92.62518,12.04183],[92.62547,12.04208],[92.62587,12.0424],[92.6261,12.04264],[92.62645,12.04299],[92.62681,12.04307],[92.62704,12.0439],[92.62711,12.04473],[92.62711,12.04578],[92.6268,12.04706],[92.62619,12.04788],[92.62489,12.04855],[92.62382,12.04878],[92.62283,12.04907],[92.62192,12.04952],[92.62168,12.05065],[92.6216,12.05193],[92.62145,12.05328],[92.6216,12.05448],[92.62228,12.05553],[92.62274,12.05673],[92.62312,12.05809],[92.62281,12.05884],[92.62296,12.05936],[92.62327,12.05944],[92.62357,12.05944],[92.62418,12.05959],[92.62441,12.06057],[92.62494,12.06162],[92.62479,12.06215],[92.62425,12.06252],[92.62356,12.06252],[92.62311,12.06199],[92.62296,12.06169],[92.62234,12.06192],[92.6215,12.06251],[92.62036,12.06356],[92.61929,12.06484],[92.61913,12.06641],[92.61928,12.06777],[92.61928,12.06927],[92.61927,12.07039],[92.61927,12.0716],[92.62024,12.07292],[92.62043,12.07326],[92.62055,12.07378],[92.62049,12.07403],[92.6204,12.07444],[92.62058,12.07513],[92.62058,12.07514],[92.62098,12.07563],[92.62122,12.07637],[92.62122,12.07674],[92.62122,12.07723],[92.62127,12.07775],[92.62127,12.07812],[92.62127,12.07823],[92.62127,12.07867],[92.62144,12.07936],[92.62161,12.07975],[92.62169,12.07995],[92.62176,12.08026],[92.62177,12.0803],[92.62204,12.08265],[92.62199,12.08336],[92.62198,12.08408],[92.62206,12.08492],[92.62223,12.08566],[92.62233,12.08638],[92.62233,12.08699],[92.62233,12.08726],[92.62233,12.08766],[92.62235,12.0883],[92.62225,12.08882],[92.62225,12.08903],[92.62225,12.08954],[92.62235,12.09018],[92.62275,12.09082],[92.62312,12.09114],[92.62332,12.09141],[92.62347,12.09161],[92.62348,12.0917],[92.6235,12.09191],[92.62342,12.09265],[92.62337,12.09342],[92.62332,12.09398],[92.62332,12.09443],[92.62306,12.09495],[92.62276,12.09549],[92.62258,12.09611],[92.62283,12.09653],[92.62318,12.09685],[92.62329,12.09683],[92.62334,12.09682],[92.62346,12.09668],[92.62369,12.09626],[92.62369,12.0967],[92.62369,12.09727],[92.62366,12.09779],[92.62364,12.09831],[92.62396,12.09887],[92.6243,12.10038],[92.62455,12.10163],[92.62464,12.10297],[92.6249,12.1037],[92.62492,12.10466],[92.62502,12.1052],[92.62505,12.10582],[92.62535,12.10654],[92.62544,12.10715],[92.62579,12.10767],[92.62604,12.10802],[92.62637,12.10869],[92.62669,12.10923],[92.62707,12.10973],[92.62747,12.11042],[92.62792,12.11111],[92.6286,12.11173],[92.62907,12.11198],[92.62957,12.11227],[92.62998,12.11242],[92.63018,12.11262],[92.63023,12.11284],[92.63002,12.11294],[92.62982,12.11292],[92.62952,12.11262],[92.62912,12.11237],[92.62865,12.11237],[92.62844,12.11262],[92.62842,12.11301],[92.62842,12.11358],[92.62839,12.11393],[92.62839,12.11452],[92.62844,12.11489],[92.62876,12.11548],[92.62914,12.11603],[92.62951,12.11647],[92.63024,12.11665],[92.63047,12.11645],[92.6306,12.11541],[92.63037,12.11512],[92.6303,12.1148],[92.6303,12.1145],[92.63035,12.11418],[92.6303,12.11361],[92.63025,12.11329],[92.63048,12.11277],[92.63123,12.11285],[92.63171,12.11304],[92.63177,12.11308],[92.63206,12.11347],[92.63221,12.11394],[92.63225,12.11443],[92.63225,12.1146],[92.63225,12.11487],[92.63225,12.11529],[92.63233,12.11569],[92.63243,12.11621],[92.63247,12.11636],[92.63214,12.11668],[92.63198,12.11721],[92.63114,12.11758],[92.63038,12.11795],[92.63022,12.11886],[92.63068,12.11953],[92.63137,12.12006],[92.63198,12.11991],[92.63259,12.11991],[92.63343,12.11991],[92.63389,12.11939],[92.63442,12.11886],[92.63468,12.11874],[92.63483,12.11886],[92.63491,12.11901],[92.635,12.11903],[92.63551,12.11933],[92.63572,12.11958],[92.63572,12.12044],[92.63571,12.12105],[92.63487,12.12172],[92.6338,12.12224],[92.63289,12.12277],[92.63285,12.12277],[92.63266,12.1226],[92.63239,12.12241],[92.63148,12.12255],[92.63138,12.1227],[92.63141,12.12312],[92.63141,12.12359],[92.63158,12.12399],[92.63175,12.12428],[92.63185,12.12468],[92.63198,12.12502],[92.6321,12.12537],[92.63215,12.12544],[92.63235,12.12579],[92.63238,12.12619],[92.63238,12.12631],[92.63238,12.12656],[92.63248,12.12698],[92.63273,12.1273],[92.63283,12.12762],[92.63283,12.12804],[92.63282,12.12856],[92.6329,12.12908],[92.63295,12.12935],[92.63297,12.12989],[92.63312,12.13016],[92.63362,12.13081],[92.63362,12.1312],[92.63362,12.13147],[92.63352,12.13187],[92.63349,12.13219],[92.63369,12.13325],[92.63394,12.1336],[92.63402,12.13394],[92.63404,12.13431],[92.63419,12.13476],[92.63447,12.13526],[92.63448,12.13541],[92.63464,12.13555],[92.63469,12.13561],[92.63469,12.13584],[92.63469,12.13726],[92.63491,12.13899],[92.63529,12.14027],[92.63613,12.14162],[92.63696,12.14268],[92.63787,12.14351],[92.63798,12.14385],[92.63798,12.14435],[92.63782,12.14491],[92.63771,12.14499],[92.63748,12.14509],[92.63708,12.14511],[92.63693,12.14539],[92.63693,12.14578],[92.63718,12.14627],[92.63748,12.14677],[92.63785,12.14724],[92.63821,12.1474],[92.63823,12.14745],[92.6384,12.14837],[92.6384,12.14838],[92.6384,12.14966],[92.6387,12.15102],[92.63931,12.15259],[92.64052,12.15455],[92.64052,12.15545],[92.64067,12.15658],[92.64113,12.15815],[92.6415,12.15921],[92.64188,12.16071],[92.64188,12.16176],[92.64203,12.16356],[92.64225,12.16484],[92.64248,12.16619],[92.64286,12.1674],[92.64332,12.16845],[92.64385,12.16995],[92.64392,12.17198],[92.64429,12.17588],[92.64429,12.17664],[92.64482,12.17784],[92.64543,12.17889],[92.64604,12.17979],[92.64665,12.181],[92.64771,12.18265],[92.6487,12.18423],[92.64908,12.18573],[92.64953,12.18693],[92.65052,12.18851],[92.65105,12.18972],[92.65166,12.19114],[92.65227,12.19257],[92.65318,12.1946],[92.65363,12.19611],[92.65447,12.19791],[92.65523,12.19956],[92.65584,12.20084],[92.65642,12.20105],[92.65663,12.20137],[92.65683,12.20218],[92.65683,12.20287],[92.6568,12.20362],[92.65693,12.20431],[92.65728,12.20493],[92.65775,12.20562],[92.65803,12.2059],[92.65803,12.20592],[92.65818,12.20653],[92.65828,12.20695],[92.65853,12.2074],[92.65857,12.20744],[92.65858,12.20779],[92.65875,12.20858],[92.659,12.2091],[92.6593,12.20994],[92.6596,12.21069],[92.65993,12.21125],[92.6603,12.2118],[92.66055,12.21232],[92.66075,12.21291],[92.66097,12.21358],[92.66132,12.21425],[92.66135,12.21459],[92.66137,12.21513],[92.66157,12.21575],[92.66197,12.21649],[92.66227,12.21704],[92.6625,12.21746],[92.66277,12.21785],[92.66305,12.21803],[92.66324,12.21803],[92.66327,12.21798],[92.66323,12.21739],[92.66303,12.21699],[92.66303,12.21692],[92.66345,12.21704],[92.66358,12.21736],[92.6637,12.21758],[92.6639,12.21781],[92.66415,12.21798],[92.66448,12.2181],[92.66452,12.2181],[92.66481,12.21798],[92.66501,12.21776],[92.66546,12.21759],[92.66564,12.21747],[92.66589,12.21737],[92.66594,12.21707],[92.66594,12.21682],[92.66586,12.2166],[92.66554,12.21638],[92.66539,12.21603],[92.66524,12.21572],[92.66522,12.2154],[92.6648,12.21423],[92.66487,12.21403],[92.66487,12.21361],[92.66487,12.21326],[92.66484,12.21299],[92.66457,12.21267],[92.66434,12.2124],[92.66432,12.212],[92.66437,12.21166],[92.66432,12.21129],[92.66414,12.21089],[92.66374,12.2105],[92.66369,12.21045],[92.66347,12.21008],[92.66342,12.20963],[92.66341,12.20952],[92.66339,12.20919],[92.6634,12.20874],[92.66335,12.2084],[92.66315,12.20805],[92.66293,12.20776],[92.66291,12.20769],[92.66297,12.20723],[92.66295,12.20669],[92.66287,12.2059],[92.66267,12.20555],[92.66225,12.20546],[92.66185,12.20545],[92.66152,12.20526],[92.66152,12.20481],[92.66152,12.20437],[92.6615,12.20387],[92.66145,12.20345],[92.66125,12.20296],[92.66095,12.20239],[92.66082,12.20199],[92.66075,12.20157],[92.66075,12.20091],[92.6607,12.20036],[92.66058,12.20012],[92.66028,12.19984],[92.65978,12.1996],[92.65957,12.19946],[92.65939,12.19915],[92.65918,12.1983],[92.65888,12.19792],[92.6587,12.19745],[92.65865,12.19705],[92.65864,12.19699],[92.6586,12.19661],[92.65848,12.19609],[92.65833,12.19564],[92.65813,12.1951],[92.6579,12.19453],[92.65775,12.19401],[92.65763,12.19334],[92.65733,12.19282],[92.65703,12.1923],[92.65675,12.19171],[92.65658,12.19117],[92.65636,12.19057],[92.65608,12.19003],[92.65582,12.1897],[92.65576,12.18961],[92.65566,12.18907],[92.65566,12.18901],[92.65566,12.18888],[92.65573,12.18852],[92.65573,12.18805],[92.65558,12.18751],[92.65526,12.18702],[92.65513,12.18677],[92.65511,12.18642],[92.65534,12.18615],[92.65546,12.18581],[92.65541,12.18539],[92.65504,12.18509],[92.65476,12.18496],[92.65456,12.18487],[92.65441,12.18452],[92.65444,12.18425],[92.65446,12.1841],[92.65456,12.18375],[92.65416,12.18304],[92.65398,12.1829],[92.65396,12.18289],[92.65381,12.18254],[92.65389,12.18239],[92.65398,12.18232],[92.65401,12.1823],[92.65427,12.18217],[92.65449,12.18203],[92.65462,12.18178],[92.65479,12.18163],[92.65522,12.18173],[92.65552,12.182],[92.65555,12.18232],[92.65572,12.18255],[92.65587,12.18272],[92.6562,12.18277],[92.65657,12.18265],[92.65668,12.18225],[92.6569,12.18225],[92.6572,12.18243],[92.65745,12.18272],[92.65765,12.18309],[92.65795,12.18354],[92.6583,12.18403],[92.65853,12.18426],[92.6589,12.18468],[92.65892,12.18469],[92.65893,12.18482],[92.65895,12.18485],[92.65918,12.18527],[92.6594,12.18567],[92.65943,12.18609],[92.65925,12.18636],[92.65882,12.18663],[92.6585,12.1869],[92.65835,12.18702],[92.65789,12.18707],[92.6578,12.1871],[92.65757,12.18717],[92.65742,12.18739],[92.65737,12.18766],[92.65734,12.18816],[92.65745,12.18832],[92.65762,12.18857],[92.65779,12.18882],[92.65793,12.18883],[92.65822,12.18885],[92.65847,12.18875],[92.65882,12.18888],[92.65915,12.18912],[92.65947,12.18937],[92.65949,12.18964],[92.65965,12.18991],[92.65992,12.19034],[92.66025,12.19063],[92.66055,12.19093],[92.66082,12.19125],[92.66105,12.19162],[92.6613,12.19204],[92.66162,12.19254],[92.66185,12.1932],[92.66182,12.19387],[92.66192,12.19446],[92.66192,12.19481],[92.66209,12.19533],[92.66237,12.1959],[92.66254,12.19652],[92.66262,12.19701],[92.66274,12.19745],[92.66289,12.19834],[92.66334,12.19913],[92.66348,12.19932],[92.66355,12.19983],[92.66432,12.20125],[92.66459,12.20162],[92.66469,12.202],[92.66479,12.2024],[92.66499,12.20292],[92.66539,12.20344],[92.66599,12.20388],[92.66659,12.20401],[92.66706,12.20402],[92.66763,12.20436],[92.66814,12.20503],[92.66874,12.20549],[92.66888,12.20569],[92.66903,12.20591],[92.66923,12.20621],[92.66935,12.20656],[92.66945,12.20685],[92.66952,12.20742],[92.66952,12.20784],[92.6696,12.20816],[92.66982,12.20863],[92.6699,12.20873],[92.67026,12.20972],[92.67111,12.21063],[92.67112,12.21068],[92.6713,12.21108],[92.6715,12.2118],[92.67177,12.21234],[92.67187,12.21245],[92.67212,12.21301],[92.67242,12.2135],[92.67244,12.21352],[92.67265,12.2138],[92.67277,12.21417],[92.67295,12.21462],[92.67315,12.21509],[92.67325,12.21553],[92.67328,12.2158],[92.6733,12.216],[92.67332,12.21635],[92.6734,12.21669],[92.67362,12.21695],[92.67362,12.21696],[92.6737,12.21736],[92.67385,12.21778],[92.6741,12.21822],[92.67457,12.21847],[92.6749,12.21847],[92.67535,12.21855],[92.67583,12.21852],[92.67615,12.21835],[92.67658,12.21818],[92.67706,12.21788],[92.67734,12.21766],[92.67771,12.21717],[92.67787,12.21675],[92.67794,12.21626],[92.67797,12.21598],[92.67782,12.21558],[92.67783,12.21549],[92.67782,12.21539],[92.67782,12.21492],[92.67785,12.21428],[92.67785,12.21369],[92.67785,12.21324],[92.67787,12.2128],[92.67777,12.21225],[92.67773,12.21169],[92.6776,12.21107],[92.67768,12.21053],[92.67773,12.21003],[92.67776,12.20946],[92.67773,12.20904],[92.67773,12.2086],[92.67774,12.20849],[92.67776,12.20823],[92.67781,12.20702],[92.67776,12.20657],[92.67769,12.2062],[92.67764,12.20583],[92.67758,12.20552],[92.67754,12.20526],[92.67754,12.20485],[92.67757,12.2045],[92.67759,12.20452],[92.67759,12.20446],[92.67739,12.20423],[92.67706,12.20388],[92.67709,12.20368],[92.67734,12.20371],[92.67767,12.20378],[92.67789,12.20376],[92.67802,12.20351],[92.67829,12.20371],[92.67829,12.20388],[92.67837,12.20403],[92.67842,12.20411],[92.67849,12.20423],[92.6787,12.2044],[92.67887,12.20458],[92.67887,12.20487],[92.67887,12.20517],[92.67884,12.20554],[92.67869,12.20588],[92.67869,12.20623],[92.67874,12.20658],[92.6788,12.20666],[92.67884,12.20677],[92.67904,12.20707],[92.67927,12.20724],[92.67939,12.20752],[92.67924,12.20771],[92.67891,12.20781],[92.67868,12.20792],[92.67868,12.20856],[92.67868,12.20945],[92.67878,12.20966],[92.67888,12.20998],[92.67911,12.21038],[92.67918,12.2107],[92.67918,12.21105],[92.67916,12.21142],[92.67911,12.21152],[92.67916,12.21164],[92.67916,12.21186],[92.67918,12.21231],[92.6792,12.21273],[92.67923,12.21315],[92.67948,12.21335],[92.67965,12.21357],[92.6797,12.21384],[92.67995,12.21414],[92.68028,12.21438],[92.68053,12.21448],[92.68091,12.21448],[92.68136,12.21439],[92.68194,12.21409],[92.68242,12.21397],[92.68287,12.2139],[92.68334,12.21385],[92.68382,12.2135],[92.68387,12.21318],[92.68392,12.21284],[92.6841,12.21177],[92.68415,12.21128],[92.68428,12.21076],[92.68423,12.21017],[92.68408,12.20965],[92.68396,12.20944],[92.68396,12.20832],[92.68388,12.20715],[92.68481,12.20841],[92.68496,12.20878],[92.68496,12.20908],[92.68496,12.2095],[92.68498,12.21015],[92.68501,12.21054],[92.68536,12.2115],[92.68563,12.21178],[92.68588,12.21215],[92.68618,12.21247],[92.68641,12.21284],[92.68661,12.21321],[92.68668,12.21356],[92.68678,12.21405],[92.68683,12.21455],[92.68704,12.2148],[92.68704,12.21484],[92.68681,12.21516],[92.68663,12.21558],[92.68658,12.21595],[92.6866,12.21625],[92.68678,12.2165],[92.68685,12.21684],[92.68683,12.21711],[92.6867,12.21736],[92.68653,12.21746],[92.68632,12.21756],[92.6861,12.21778],[92.68597,12.21815],[92.68595,12.21847],[92.68579,12.21894],[92.68554,12.21904],[92.68524,12.21911],[92.68514,12.21933],[92.68499,12.21978],[92.68481,12.2203],[92.68476,12.22094],[92.68476,12.22173],[92.68482,12.22183],[92.68498,12.22207],[92.68516,12.22259],[92.68513,12.22306],[92.68511,12.22348],[92.68511,12.2236],[92.68529,12.22432],[92.68607,12.22568],[92.68603,12.22603],[92.686,12.22662],[92.6861,12.22729],[92.68643,12.22788],[92.68683,12.22828],[92.6871,12.22832],[92.68726,12.22835],[92.68756,12.22835],[92.68781,12.22845],[92.68798,12.22882],[92.68798,12.22911],[92.68817,12.22926],[92.68855,12.23032],[92.68846,12.23033],[92.68833,12.2304],[92.68823,12.23058],[92.68823,12.2309],[92.68846,12.23124],[92.68875,12.23146],[92.68876,12.23152],[92.68879,12.23198],[92.68875,12.23208],[92.6885,12.23238],[92.6882,12.2326],[92.68813,12.23287],[92.68812,12.23312],[92.68822,12.23339],[92.68843,12.23366],[92.68875,12.23396],[92.6889,12.23428],[92.68893,12.23458],[92.68892,12.23495],[92.68905,12.23527],[92.6893,12.23554],[92.68968,12.23564],[92.69,12.23562],[92.69035,12.2355],[92.69068,12.23545],[92.69093,12.23547],[92.69108,12.23557],[92.69123,12.23572],[92.69136,12.23619],[92.69148,12.23654],[92.69158,12.23676],[92.69181,12.23701],[92.69201,12.2372],[92.69226,12.23738],[92.69251,12.23758],[92.69266,12.23782],[92.69301,12.23827],[92.69349,12.23866],[92.69369,12.23908],[92.69389,12.23933],[92.69421,12.23958],[92.69464,12.23978],[92.69502,12.23978],[92.69521,12.23975],[92.69534,12.23973],[92.69569,12.23973],[92.69605,12.23973],[92.69635,12.23978],[92.6965,12.2399],[92.6967,12.24005],[92.69677,12.24008],[92.697,12.24013],[92.69728,12.2401],[92.69743,12.23991],[92.69758,12.23961]]],[[[92.5184,10.89749],[92.51906,10.89735],[92.51967,10.89735],[92.52023,10.89732],[92.52069,10.89725],[92.52082,10.89708],[92.52102,10.89707],[92.52174,10.89667],[92.52197,10.89631],[92.52228,10.89582],[92.52256,10.89538],[92.52283,10.89489],[92.52289,10.89469],[92.52327,10.89431],[92.52355,10.89422],[92.5245,10.89369],[92.52545,10.89289],[92.52617,10.89213],[92.52667,10.89164],[92.52726,10.89089],[92.52753,10.89058],[92.52769,10.89033],[92.52776,10.88997],[92.52786,10.88962],[92.52804,10.88909],[92.5284,10.88864],[92.52863,10.88837],[92.52885,10.88809],[92.52908,10.88781],[92.52924,10.88759],[92.52948,10.88741],[92.52966,10.88697],[92.52984,10.88661],[92.52998,10.88617],[92.52998,10.88581],[92.52962,10.88541],[92.52913,10.88514],[92.52879,10.88454],[92.5288,10.88405],[92.52867,10.88389],[92.52822,10.88318],[92.52813,10.88273],[92.52836,10.8822],[92.52877,10.88206],[92.52888,10.88203],[92.52888,10.88193],[92.52898,10.8819],[92.52913,10.88182],[92.52921,10.8816],[92.52918,10.88139],[92.52901,10.88119],[92.52884,10.88095],[92.52869,10.88073],[92.52863,10.88064],[92.52863,10.88035],[92.52864,10.87985],[92.52882,10.87981],[92.52882,10.87948],[92.52887,10.87917],[92.52891,10.8791],[92.52891,10.87906],[92.52893,10.87895],[92.52894,10.87874],[92.52893,10.87854],[92.52893,10.87836],[92.52919,10.87827],[92.52921,10.87847],[92.52923,10.87856],[92.52923,10.87867],[92.52921,10.87885],[92.52921,10.87901],[92.52918,10.87918],[92.52918,10.87935],[92.52918,10.8795],[92.52918,10.87966],[92.52918,10.87984],[92.52921,10.88002],[92.52934,10.88017],[92.52951,10.88017],[92.52964,10.8801],[92.52972,10.87994],[92.52978,10.87973],[92.52978,10.87957],[92.52977,10.8794],[92.52974,10.87914],[92.5297,10.87891],[92.52976,10.87849],[92.52997,10.87816],[92.53,10.87811],[92.53,10.87806],[92.53007,10.87766],[92.53048,10.87698],[92.53084,10.87699],[92.53122,10.87716],[92.53149,10.87736],[92.53159,10.87774],[92.53157,10.87829],[92.53157,10.87882],[92.53162,10.87932],[92.53172,10.8799],[92.53187,10.88045],[92.53187,10.88072],[92.53186,10.8813],[92.53174,10.88178],[92.53151,10.88208],[92.5312,10.88248],[92.5308,10.88278],[92.53052,10.88305],[92.53006,10.88345],[92.53002,10.88349],[92.52998,10.8837],[92.53023,10.88429],[92.53125,10.88471],[92.53138,10.88467],[92.53157,10.8848],[92.53199,10.8848],[92.53271,10.88474],[92.53337,10.88468],[92.53464,10.88427],[92.53506,10.88403],[92.5356,10.88368],[92.53608,10.88338],[92.53662,10.88296],[92.53729,10.88255],[92.53783,10.88219],[92.53837,10.8819],[92.53867,10.88142],[92.53909,10.88113],[92.53927,10.88065],[92.53929,10.88061],[92.53985,10.88013],[92.54061,10.87938],[92.54128,10.87868],[92.54217,10.87776],[92.54306,10.87696],[92.54423,10.87575],[92.54489,10.87493],[92.54552,10.87408],[92.54662,10.87293],[92.54735,10.87213],[92.54817,10.87145],[92.5487,10.87123],[92.54883,10.8712],[92.54916,10.8713],[92.54941,10.87143],[92.54979,10.8715],[92.55045,10.8712],[92.55058,10.87103],[92.55119,10.8704],[92.55132,10.8701],[92.55203,10.8695],[92.55233,10.86918],[92.55269,10.86873],[92.55305,10.86858],[92.55322,10.86813],[92.55394,10.8674],[92.55427,10.86715],[92.5547,10.86685],[92.555,10.86665],[92.55526,10.8663],[92.55607,10.86532],[92.55648,10.8649],[92.55686,10.86452],[92.55722,10.86422],[92.55778,10.8634],[92.55823,10.86297],[92.55849,10.86245],[92.55874,10.86194],[92.55913,10.86137],[92.55936,10.86079],[92.55948,10.86047],[92.55956,10.85981],[92.55964,10.85936],[92.55967,10.85856],[92.55959,10.85813],[92.55941,10.85761],[92.55924,10.85691],[92.55871,10.85613],[92.55833,10.85577],[92.558,10.85527],[92.55767,10.85477],[92.55732,10.85419],[92.55716,10.85367],[92.55709,10.85314],[92.55659,10.85181],[92.55649,10.85141],[92.55623,10.8507],[92.55623,10.85003],[92.55624,10.84933],[92.55631,10.84872],[92.55624,10.84825],[92.55606,10.84742],[92.55606,10.84669],[92.55612,10.84574],[92.5562,10.84471],[92.5564,10.84371],[92.55683,10.84298],[92.55706,10.84261],[92.55739,10.84216],[92.5577,10.8416],[92.5579,10.84115],[92.55803,10.84055],[92.55821,10.83988],[92.55847,10.83922],[92.55877,10.83837],[92.55908,10.83777],[92.55923,10.83707],[92.55936,10.83652],[92.55974,10.83567],[92.56007,10.83489],[92.56028,10.83434],[92.56043,10.83396],[92.56059,10.83339],[92.56076,10.83291],[92.56097,10.83223],[92.56122,10.83158],[92.56155,10.83126],[92.56178,10.83086],[92.56206,10.8304],[92.56232,10.83005],[92.56265,10.8296],[92.56283,10.82908],[92.56303,10.82858],[92.56306,10.82818],[92.56308,10.8276],[92.56286,10.82692],[92.56258,10.82647],[92.5624,10.82612],[92.56187,10.82491],[92.56162,10.82449],[92.56137,10.82413],[92.56122,10.82388],[92.56108,10.82376],[92.56069,10.82205],[92.56069,10.82173],[92.56069,10.8211],[92.56069,10.82055],[92.56069,10.81989],[92.56077,10.81919],[92.561,10.81864],[92.56133,10.81814],[92.56153,10.81766],[92.56161,10.81706],[92.56149,10.81656],[92.56111,10.81611],[92.5608,10.81568],[92.56055,10.81518],[92.56035,10.81493],[92.56058,10.81424],[92.56092,10.81383],[92.56092,10.81374],[92.56092,10.81324],[92.56084,10.81207],[92.56127,10.81065],[92.56165,10.81008],[92.56247,10.80959],[92.56333,10.80857],[92.56379,10.80824],[92.56409,10.80784],[92.5644,10.80751],[92.56463,10.80711],[92.56496,10.80679],[92.56503,10.80656],[92.56524,10.80621],[92.56537,10.80589],[92.56535,10.80584],[92.56529,10.80561],[92.56494,10.80546],[92.56443,10.80543],[92.56372,10.80526],[92.56352,10.80508],[92.56329,10.80485],[92.5632,10.80455],[92.56319,10.8045],[92.56311,10.80433],[92.56311,10.80415],[92.56334,10.80388],[92.56365,10.80378],[92.56415,10.8037],[92.56443,10.80365],[92.56471,10.80358],[92.5653,10.80328],[92.56568,10.80298],[92.56613,10.80283],[92.56657,10.80278],[92.56756,10.80253],[92.56804,10.80236],[92.56865,10.80233],[92.56928,10.80238],[92.57002,10.80251],[92.57065,10.80261],[92.57116,10.80269],[92.57189,10.80262],[92.57248,10.80234],[92.57288,10.80199],[92.57324,10.80147],[92.57332,10.80121],[92.57339,10.80054],[92.5735,10.79994],[92.57357,10.79951],[92.5737,10.79901],[92.57385,10.79866],[92.57401,10.79831],[92.57419,10.79801],[92.57454,10.79736],[92.57475,10.797],[92.57498,10.7965],[92.57526,10.79605],[92.57561,10.79548],[92.57576,10.79515],[92.57686,10.7941],[92.57706,10.79382],[92.57787,10.79325],[92.57826,10.79285],[92.57892,10.79242],[92.57935,10.7921],[92.57993,10.79175],[92.58039,10.7915],[92.5809,10.79143],[92.58153,10.7912],[92.58214,10.79073],[92.58221,10.79064],[92.58255,10.79043],[92.58321,10.79008],[92.58384,10.7899],[92.58443,10.78973],[92.58514,10.78945],[92.58569,10.78918],[92.58618,10.78885],[92.58663,10.78848],[92.58686,10.78813],[92.58709,10.78763],[92.58712,10.78708],[92.5872,10.78642],[92.5873,10.7858],[92.58733,10.78532],[92.58718,10.78466],[92.58732,10.78374],[92.58728,10.78183],[92.58733,10.78173],[92.58749,10.78121],[92.58754,10.78066],[92.58759,10.78006],[92.58749,10.77935],[92.58725,10.77882],[92.58725,10.77839],[92.58705,10.77785],[92.58697,10.77672],[92.58677,10.77509],[92.58649,10.77233],[92.58526,10.76714],[92.58425,10.76452],[92.58423,10.76415],[92.58408,10.76342],[92.584,10.76262],[92.58363,10.76151],[92.58353,10.76084],[92.58332,10.75993],[92.58312,10.75893],[92.58313,10.7582],[92.58313,10.75692],[92.58291,10.75581],[92.58299,10.75548],[92.58306,10.755],[92.58307,10.75452],[92.58309,10.75417],[92.58312,10.75375],[92.5832,10.75322],[92.58325,10.75252],[92.5831,10.75044],[92.5831,10.74996],[92.58305,10.74948],[92.58287,10.74901],[92.5828,10.74876],[92.58279,10.74875],[92.58275,10.7483],[92.58255,10.74785],[92.58237,10.74725],[92.58222,10.7466],[92.58222,10.74622],[92.58222,10.7457],[92.58217,10.74469],[92.58218,10.74427],[92.58223,10.74369],[92.5823,10.74336],[92.58246,10.74294],[92.58271,10.74254],[92.58284,10.74226],[92.58289,10.74166],[92.58297,10.74103],[92.58307,10.74061],[92.58343,10.73998],[92.58371,10.73968],[92.58386,10.73951],[92.58429,10.73908],[92.58467,10.7386],[92.58495,10.73833],[92.58513,10.738],[92.58528,10.73768],[92.58539,10.73728],[92.58551,10.73698],[92.58559,10.73675],[92.58577,10.7362],[92.5859,10.73595],[92.5861,10.73575],[92.5863,10.7355],[92.58671,10.73492],[92.58696,10.73455],[92.58722,10.73407],[92.58737,10.73367],[92.58768,10.73314],[92.58773,10.73274],[92.58781,10.73227],[92.58811,10.73119],[92.58827,10.73061],[92.58834,10.72999],[92.5884,10.72893],[92.5884,10.72818],[92.5884,10.72765],[92.5884,10.72713],[92.58835,10.7264],[92.58838,10.72595],[92.58843,10.72492],[92.58848,10.72429],[92.58856,10.72374],[92.58877,10.72254],[92.58882,10.72209],[92.58894,10.72166],[92.58915,10.72023],[92.58925,10.71986],[92.58928,10.7194],[92.58933,10.7191],[92.58951,10.71875],[92.59017,10.71758],[92.5906,10.71662],[92.59106,10.71577],[92.59127,10.71527],[92.59157,10.71477],[92.59203,10.71424],[92.59223,10.71317],[92.59236,10.71239],[92.59241,10.71191],[92.59264,10.71141],[92.59272,10.71111],[92.5931,10.71026],[92.59328,10.70998],[92.59369,10.70946],[92.59412,10.70898],[92.59442,10.70866],[92.59493,10.70816],[92.59542,10.70766],[92.59575,10.70716],[92.59598,10.70675],[92.59626,10.7064],[92.59687,10.70558],[92.59717,10.7047],[92.59743,10.70375],[92.59756,10.7032],[92.59766,10.70244],[92.59768,10.70192],[92.59779,10.70144],[92.59784,10.70092],[92.59787,10.70024],[92.59787,10.69974],[92.59787,10.69921],[92.59784,10.69873],[92.59779,10.69841],[92.59772,10.69783],[92.59769,10.69723],[92.59762,10.69675],[92.59744,10.69595],[92.59737,10.69562],[92.59724,10.69515],[92.59714,10.69469],[92.59699,10.69424],[92.59679,10.69384],[92.59664,10.69354],[92.59641,10.69319],[92.59606,10.69269],[92.59606,10.69238],[92.59613,10.69216],[92.59634,10.69181],[92.59649,10.69143],[92.59664,10.69106],[92.59664,10.69063],[92.59667,10.6902],[92.59667,10.68963],[92.59667,10.68923],[92.59665,10.6888],[92.59667,10.68832],[92.59675,10.68802],[92.59678,10.68765],[92.59678,10.6873],[92.59678,10.68687],[92.59675,10.68664],[92.5967,10.68607],[92.59668,10.68572],[92.59678,10.68494],[92.59691,10.68446],[92.59711,10.68401],[92.59714,10.68341],[92.59714,10.68281],[92.59719,10.68223],[92.5972,10.6816],[92.59717,10.68095],[92.59705,10.68032],[92.59682,10.6797],[92.59667,10.67915],[92.59647,10.67837],[92.59637,10.67804],[92.59616,10.67766],[92.59594,10.67741],[92.59558,10.67716],[92.59515,10.67709],[92.5947,10.67698],[92.59371,10.67681],[92.59317,10.67681],[92.59272,10.67685],[92.59231,10.67713],[92.59127,10.67763],[92.59051,10.6781],[92.58916,10.67888],[92.58853,10.67943],[92.5881,10.67953],[92.58757,10.67963],[92.58655,10.6795],[92.58592,10.6795],[92.58506,10.67935],[92.58425,10.67887],[92.58392,10.67862],[92.58349,10.67834],[92.583,10.67801],[92.5823,10.67753],[92.58171,10.67711],[92.58116,10.67683],[92.58045,10.6763],[92.58002,10.676],[92.57941,10.67557],[92.57893,10.67487],[92.57807,10.67417],[92.57772,10.67369],[92.57723,10.67311],[92.57683,10.67268],[92.57645,10.67218],[92.57587,10.67128],[92.57565,10.67091],[92.57552,10.67024],[92.57544,10.66806],[92.57545,10.66795],[92.57557,10.66782],[92.5759,10.66726],[92.57611,10.66656],[92.57626,10.66584],[92.57647,10.66491],[92.57677,10.66416],[92.57731,10.66343],[92.57754,10.66288],[92.57744,10.66228],[92.57744,10.66163],[92.57749,10.6609],[92.57767,10.66],[92.57818,10.65892],[92.57859,10.65839],[92.57889,10.65797],[92.57925,10.65774],[92.57947,10.65767],[92.57963,10.65762],[92.58001,10.65774],[92.58029,10.658],[92.58054,10.65835],[92.58099,10.65857],[92.58129,10.65864],[92.58145,10.65867],[92.58186,10.65863],[92.58198,10.6584],[92.58191,10.65807],[92.58181,10.65765],[92.5815,10.65727],[92.58107,10.65677],[92.58069,10.65634],[92.58016,10.65589],[92.57966,10.65521],[92.5792,10.65461],[92.57867,10.65413],[92.57809,10.65385],[92.57766,10.65385],[92.57735,10.6537],[92.5769,10.65352],[92.57626,10.6533],[92.57558,10.65309],[92.57474,10.65299],[92.57383,10.65297],[92.57289,10.65294],[92.57241,10.65291],[92.57223,10.65296],[92.57113,10.65263],[92.57054,10.65256],[92.56993,10.65236],[92.56937,10.65208],[92.56866,10.65173],[92.56813,10.65142],[92.56757,10.65117],[92.56697,10.65082],[92.56628,10.65037],[92.5658,10.65004],[92.56486,10.64936],[92.56431,10.64896],[92.5639,10.64868],[92.56355,10.64828],[92.56338,10.64806],[92.56051,10.64559],[92.55738,10.64282],[92.55476,10.64014],[92.55389,10.63942],[92.55388,10.63941],[92.55371,10.6392],[92.5534,10.6388],[92.55308,10.63848],[92.55272,10.63807],[92.55237,10.63767],[92.55191,10.63717],[92.55141,10.63659],[92.55113,10.63619],[92.55083,10.63576],[92.55047,10.63528],[92.55004,10.63463],[92.54964,10.63405],[92.54923,10.6334],[92.54888,10.63287],[92.54858,10.63237],[92.54787,10.63144],[92.54749,10.63096],[92.54709,10.63041],[92.54676,10.62988],[92.54656,10.62946],[92.54643,10.62911],[92.54623,10.62886],[92.54615,10.62863],[92.54589,10.62858],[92.54464,10.62622],[92.54217,10.62095],[92.54219,10.62052],[92.54209,10.61982],[92.54181,10.61922],[92.54146,10.61844],[92.54108,10.61786],[92.54078,10.61728],[92.54059,10.61701],[92.53993,10.61465],[92.53968,10.61105],[92.53969,10.60896],[92.53961,10.60745],[92.5397,10.60477],[92.54004,10.60352],[92.54021,10.60126],[92.54022,10.60116],[92.54041,10.60076],[92.54067,10.5998],[92.5409,10.5991],[92.5413,10.59805],[92.54164,10.5974],[92.54189,10.59655],[92.54215,10.59594],[92.5426,10.59512],[92.54309,10.59444],[92.54342,10.59372],[92.54372,10.59326],[92.54423,10.59264],[92.54451,10.59219],[92.54489,10.59174],[92.54558,10.59151],[92.54596,10.59129],[92.54669,10.59114],[92.54743,10.59102],[92.54834,10.59077],[92.5492,10.59047],[92.55062,10.59015],[92.55126,10.58982],[92.5522,10.58947],[92.55321,10.58897],[92.55385,10.58877],[92.55438,10.58862],[92.55504,10.5883],[92.55583,10.58808],[92.55636,10.58788],[92.55717,10.58755],[92.5578,10.5874],[92.55859,10.58735],[92.55912,10.58731],[92.55971,10.58721],[92.56026,10.58718],[92.56029,10.58718],[92.56069,10.58731],[92.56097,10.58723],[92.56135,10.58724],[92.56173,10.58706],[92.56209,10.58689],[92.56233,10.58678],[92.56234,10.58676],[92.56262,10.58639],[92.56288,10.58619],[92.56327,10.58614],[92.56331,10.58606],[92.56359,10.58591],[92.56374,10.58569],[92.56394,10.58544],[92.56415,10.58518],[92.56437,10.58483],[92.56465,10.58451],[92.56501,10.58413],[92.56547,10.58381],[92.56587,10.58353],[92.56623,10.58323],[92.56653,10.58283],[92.56658,10.58251],[92.56762,10.58184],[92.5678,10.58158],[92.56816,10.58118],[92.56844,10.58088],[92.56859,10.58053],[92.56887,10.58023],[92.56892,10.57983],[92.56892,10.57935],[92.5688,10.57855],[92.56857,10.57812],[92.56834,10.57755],[92.56827,10.57704],[92.56825,10.57674],[92.56825,10.57627],[92.56825,10.57622],[92.56703,10.57455],[92.56637,10.57433],[92.56627,10.57421],[92.56592,10.5739],[92.56562,10.57363],[92.56541,10.57335],[92.56514,10.57302],[92.56481,10.57262],[92.56455,10.5721],[92.56453,10.57194],[92.5638,10.57101],[92.56325,10.5701],[92.56319,10.57009],[92.56281,10.56981],[92.56238,10.56946],[92.562,10.56903],[92.56177,10.56848],[92.56137,10.56775],[92.56097,10.56737],[92.56039,10.56662],[92.56001,10.56617],[92.55991,10.56584],[92.55948,10.56486],[92.55922,10.56454],[92.55874,10.56363],[92.55857,10.56315],[92.55837,10.56265],[92.55804,10.56225],[92.55751,10.56157],[92.55675,10.56092],[92.55619,10.56052],[92.55546,10.56001],[92.55493,10.55954],[92.5544,10.55911],[92.55402,10.55863],[92.55369,10.55795],[92.55344,10.55738],[92.55334,10.55692],[92.55291,10.55662],[92.55227,10.55617],[92.55161,10.55587],[92.55088,10.55556],[92.55007,10.55521],[92.54951,10.55496],[92.5488,10.55473],[92.5483,10.55448],[92.54779,10.5541],[92.54749,10.55393],[92.54739,10.55375],[92.54726,10.55368],[92.5468,10.5533],[92.54637,10.55295],[92.54589,10.55249],[92.54549,10.55197],[92.54506,10.55119],[92.54471,10.55053],[92.54433,10.54971],[92.54425,10.54951],[92.54425,10.54936],[92.54403,10.5493],[92.54385,10.54913],[92.54372,10.54898],[92.54365,10.54863],[92.54392,10.5484],[92.54395,10.54838],[92.5441,10.54813],[92.54428,10.5478],[92.54441,10.54737],[92.54441,10.54695],[92.54441,10.54667],[92.54421,10.5463],[92.54396,10.54594],[92.54378,10.54567],[92.54375,10.54565],[92.54376,10.54562],[92.54386,10.54517],[92.54391,10.54459],[92.54391,10.54411],[92.54379,10.54374],[92.54356,10.54338],[92.54344,10.54329],[92.54306,10.54208],[92.54238,10.54048],[92.54205,10.53956],[92.54173,10.5384],[92.54154,10.53772],[92.54062,10.53613],[92.53952,10.53571],[92.53926,10.5356],[92.53891,10.53535],[92.53856,10.5351],[92.53823,10.5349],[92.53795,10.53467],[92.53742,10.53422],[92.53709,10.53384],[92.53681,10.53339],[92.53654,10.53289],[92.53626,10.53228],[92.53601,10.53163],[92.53586,10.53115],[92.53553,10.53075],[92.53545,10.53074],[92.53488,10.53009],[92.53395,10.52933],[92.5337,10.52849],[92.53327,10.52782],[92.53302,10.52707],[92.53301,10.52704],[92.53318,10.52666],[92.53346,10.52626],[92.53371,10.52581],[92.53384,10.52543],[92.53389,10.52496],[92.53392,10.52461],[92.53386,10.52445],[92.5337,10.52354],[92.53372,10.52323],[92.53372,10.5229],[92.53367,10.5225],[92.53334,10.5221],[92.53309,10.52184],[92.53284,10.52169],[92.53277,10.52166],[92.5327,10.52146],[92.53228,10.5207],[92.53213,10.52052],[92.53213,10.52041],[92.53211,10.52001],[92.53193,10.51959],[92.53168,10.51921],[92.53143,10.51871],[92.53116,10.51833],[92.53112,10.51828],[92.53089,10.51798],[92.53029,10.51763],[92.52971,10.5173],[92.52905,10.51705],[92.52841,10.51694],[92.52778,10.51702],[92.52692,10.51707],[92.52639,10.51709],[92.5258,10.51709],[92.5253,10.51709],[92.52449,10.51696],[92.52395,10.51666],[92.52394,10.5165],[92.52391,10.5165],[92.52287,10.51546],[92.52256,10.51528],[92.52191,10.51492],[92.52115,10.51455],[92.52046,10.51432],[92.51963,10.51404],[92.51907,10.51379],[92.51839,10.51354],[92.5177,10.51328],[92.51694,10.51308],[92.51623,10.51283],[92.51548,10.51245],[92.51529,10.51238],[92.51323,10.51184],[92.51251,10.51184],[92.51168,10.51186],[92.51076,10.51191],[92.50985,10.51209],[92.50894,10.51208],[92.50813,10.51201],[92.50757,10.51193],[92.50694,10.51168],[92.50613,10.5114],[92.50519,10.51102],[92.50446,10.51084],[92.5037,10.51077],[92.50281,10.51074],[92.50202,10.51074],[92.50114,10.51074],[92.5003,10.51076],[92.49979,10.51078],[92.49959,10.51086],[92.49924,10.51088],[92.49837,10.51121],[92.49804,10.51136],[92.49761,10.51168],[92.49743,10.51196],[92.49718,10.51226],[92.4968,10.51263],[92.49637,10.51303],[92.49581,10.51341],[92.49543,10.51363],[92.495,10.51381],[92.49462,10.51411],[92.49423,10.51451],[92.49388,10.51493],[92.49352,10.51516],[92.49304,10.51546],[92.49238,10.51551],[92.49177,10.51553],[92.49122,10.51553],[92.49071,10.51555],[92.48939,10.5158],[92.48774,10.5162],[92.48637,10.51659],[92.48495,10.51697],[92.4844,10.51717],[92.48346,10.51752],[92.48285,10.51764],[92.48201,10.51789],[92.48117,10.51841],[92.48087,10.51876],[92.48059,10.51904],[92.48045,10.51914],[92.48013,10.52007],[92.4798,10.52047],[92.47901,10.52084],[92.4782,10.52114],[92.47776,10.52127],[92.47644,10.52233],[92.47432,10.5235],[92.47238,10.52516],[92.47237,10.52517],[92.47093,10.52634],[92.46974,10.52751],[92.4683,10.52901],[92.46643,10.53076],[92.46596,10.53126],[92.46573,10.53182],[92.46535,10.53244],[92.46467,10.53344],[92.46423,10.53394],[92.46385,10.53439],[92.46352,10.53467],[92.46332,10.53497],[92.46296,10.5354],[92.46253,10.53567],[92.46192,10.53585],[92.46109,10.53636],[92.46027,10.53681],[92.46007,10.53709],[92.45966,10.53737],[92.45931,10.53757],[92.45895,10.53787],[92.45834,10.53832],[92.45768,10.53882],[92.45728,10.53929],[92.45674,10.53949],[92.45593,10.53982],[92.45525,10.54014],[92.45459,10.54037],[92.45405,10.54089],[92.45334,10.54139],[92.45278,10.54204],[92.45268,10.54209],[92.45215,10.54234],[92.45073,10.54301],[92.45035,10.54317],[92.44994,10.54334],[92.44877,10.54369],[92.44789,10.54388],[92.44725,10.54391],[92.44591,10.54436],[92.4453,10.54445],[92.44454,10.54458],[92.44393,10.54463],[92.44302,10.54493],[92.44231,10.5451],[92.44214,10.54514],[92.44208,10.5452],[92.44175,10.54545],[92.44109,10.54567],[92.43964,10.54622],[92.43883,10.54647],[92.43784,10.54669],[92.43729,10.54707],[92.43625,10.54749],[92.43513,10.54789],[92.43429,10.54819],[92.43308,10.54839],[92.43188,10.54838],[92.43082,10.54838],[92.4297,10.54838],[92.42877,10.54855],[92.42783,10.5487],[92.42694,10.5487],[92.42524,10.54869],[92.42453,10.54869],[92.42349,10.54864],[92.42248,10.54858],[92.42205,10.54846],[92.42096,10.54828],[92.41995,10.54815],[92.41911,10.5479],[92.41858,10.54734],[92.41818,10.54669],[92.41767,10.54586],[92.41745,10.54539],[92.41719,10.54481],[92.41679,10.54433],[92.41631,10.54375],[92.4157,10.5434],[92.41507,10.54277],[92.41457,10.54212],[92.41411,10.54146],[92.41363,10.54081],[92.41293,10.53983],[92.41294,10.53969],[92.41257,10.53937],[92.41122,10.53753],[92.41057,10.53693],[92.41045,10.53669],[92.4101,10.53631],[92.40979,10.53591],[92.40916,10.53541],[92.4085,10.5349],[92.4078,10.53425],[92.40734,10.53382],[92.40643,10.53332],[92.40582,10.53297],[92.40579,10.53296],[92.4057,10.53288],[92.40562,10.53287],[92.40499,10.53271],[92.40423,10.53249],[92.40332,10.53198],[92.40253,10.53165],[92.4019,10.5314],[92.40121,10.53132],[92.40061,10.53125],[92.3999,10.5311],[92.39896,10.53089],[92.39782,10.53076],[92.39693,10.53071],[92.39645,10.53071],[92.39605,10.53071],[92.39501,10.53063],[92.3943,10.53063],[92.39364,10.53058],[92.3927,10.53055],[92.39204,10.53057],[92.39149,10.53075],[92.39083,10.53095],[92.38976,10.53104],[92.38918,10.53104],[92.38877,10.53124],[92.38866,10.53124],[92.38827,10.53136],[92.38778,10.53141],[92.387,10.53151],[92.38624,10.53169],[92.38586,10.53186],[92.38553,10.53218],[92.38512,10.53251],[92.38466,10.53278],[92.38418,10.53316],[92.38385,10.53341],[92.38363,10.53354],[92.38348,10.53419],[92.38347,10.53423],[92.38347,10.53461],[92.38347,10.53501],[92.38346,10.53534],[92.38329,10.53564],[92.38288,10.53584],[92.38253,10.53591],[92.38227,10.53601],[92.38198,10.53627],[92.38187,10.53653],[92.38195,10.53718],[92.38194,10.53739],[92.38191,10.53777],[92.38181,10.53829],[92.38178,10.53874],[92.38198,10.53922],[92.38208,10.53937],[92.38211,10.53972],[92.38223,10.54012],[92.38249,10.5407],[92.38271,10.54118],[92.38312,10.54173],[92.3836,10.54203],[92.38375,10.54213],[92.38395,10.54226],[92.38431,10.54256],[92.38447,10.54297],[92.38448,10.54301],[92.38461,10.54354],[92.38491,10.54399],[92.38544,10.5443],[92.38592,10.5443],[92.38593,10.5443],[92.38701,10.54491],[92.38711,10.54503],[92.38757,10.54556],[92.38815,10.54608],[92.38893,10.54671],[92.39004,10.5483],[92.39032,10.5487],[92.39078,10.5492],[92.39105,10.54978],[92.3912,10.55016],[92.39168,10.55066],[92.39196,10.55108],[92.39234,10.55156],[92.39302,10.55209],[92.39334,10.55247],[92.3936,10.55247],[92.39429,10.55302],[92.39429,10.55342],[92.39426,10.55395],[92.39413,10.55425],[92.3939,10.5545],[92.39362,10.55475],[92.39339,10.555],[92.39324,10.55514],[92.39324,10.55527],[92.39309,10.55545],[92.39304,10.5559],[92.39304,10.55653],[92.39306,10.55726],[92.39321,10.55788],[92.39347,10.55829],[92.39354,10.55851],[92.39364,10.55891],[92.39381,10.55914],[92.39399,10.55939],[92.39417,10.55992],[92.39437,10.5605],[92.39454,10.56087],[92.3949,10.5616],[92.3951,10.56203],[92.3955,10.56311],[92.39588,10.56378],[92.39621,10.56424],[92.39676,10.56456],[92.3975,10.56482],[92.39795,10.56519],[92.39833,10.56572],[92.39869,10.5662],[92.39877,10.56629],[92.39879,10.56654],[92.39887,10.56665],[92.39891,10.5669],[92.39916,10.56758],[92.39959,10.56818],[92.39967,10.56884],[92.39982,10.56954],[92.39994,10.57009],[92.40022,10.57072],[92.40042,10.57129],[92.40085,10.57197],[92.40128,10.57245],[92.40176,10.57293],[92.40227,10.57338],[92.40287,10.57381],[92.4034,10.57396],[92.40437,10.57424],[92.40467,10.57464],[92.40502,10.57517],[92.40507,10.57519],[92.40511,10.57527],[92.40587,10.57621],[92.40596,10.57648],[92.40626,10.57695],[92.4068,10.57759],[92.4073,10.57854],[92.40792,10.57933],[92.40795,10.57954],[92.40823,10.57999],[92.40835,10.58013],[92.40841,10.58027],[92.40871,10.58077],[92.40891,10.58115],[92.40929,10.5815],[92.4093,10.58151],[92.40975,10.5824],[92.41019,10.58308],[92.41017,10.58318],[92.41004,10.58378],[92.40999,10.58423],[92.40999,10.58506],[92.40976,10.58629],[92.40983,10.58684],[92.40986,10.58734],[92.40991,10.58785],[92.41026,10.58857],[92.4103,10.58864],[92.41021,10.58903],[92.41003,10.58945],[92.40998,10.59],[92.41,10.59038],[92.4103,10.59093],[92.41033,10.591],[92.41056,10.59269],[92.41068,10.59345],[92.41068,10.59347],[92.41073,10.59387],[92.41075,10.59444],[92.41093,10.595],[92.41123,10.59557],[92.41158,10.59605],[92.41191,10.59653],[92.41203,10.59666],[92.41216,10.59705],[92.41241,10.59797],[92.41249,10.59923],[92.41241,10.59982],[92.41266,10.60065],[92.41308,10.60161],[92.41352,10.60207],[92.41367,10.60243],[92.41372,10.6029],[92.41372,10.6033],[92.41366,10.60383],[92.41351,10.60421],[92.41329,10.60458],[92.4133,10.60474],[92.41332,10.60492],[92.41366,10.60601],[92.41467,10.60769],[92.41553,10.60836],[92.41585,10.60861],[92.41661,10.60945],[92.41746,10.60996],[92.41839,10.61013],[92.41932,10.61013],[92.41944,10.61021],[92.41955,10.61021],[92.42001,10.61047],[92.42024,10.61067],[92.42041,10.61092],[92.42046,10.6112],[92.42069,10.61212],[92.42074,10.6128],[92.42084,10.61395],[92.42086,10.61453],[92.42086,10.61508],[92.42086,10.61563],[92.4205,10.61671],[92.42037,10.61696],[92.42006,10.61837],[92.41999,10.61884],[92.41978,10.61969],[92.41955,10.62042],[92.41937,10.6212],[92.41917,10.6218],[92.41891,10.62245],[92.41881,10.62254],[92.41877,10.62285],[92.41826,10.62403],[92.41801,10.62503],[92.418,10.62637],[92.41792,10.62779],[92.4174,10.62888],[92.41681,10.63022],[92.41663,10.63181],[92.41587,10.63323],[92.41523,10.63399],[92.41492,10.6349],[92.41441,10.63593],[92.41416,10.63636],[92.41395,10.63681],[92.4137,10.63721],[92.41355,10.63748],[92.41352,10.6375],[92.41332,10.63816],[92.41228,10.64014],[92.41227,10.64016],[92.41199,10.64094],[92.41174,10.64169],[92.4114,10.64262],[92.41112,10.64329],[92.41087,10.64395],[92.41056,10.64457],[92.41038,10.645],[92.41,10.6456],[92.40964,10.64622],[92.40939,10.64667],[92.40921,10.64703],[92.40906,10.64735],[92.4085,10.6483],[92.40814,10.6488],[92.40776,10.64945],[92.40743,10.65],[92.40702,10.65048],[92.40664,10.65088],[92.40655,10.65095],[92.40643,10.65145],[92.40617,10.65221],[92.40615,10.65225],[92.40593,10.65246],[92.40565,10.65288],[92.40519,10.65341],[92.40481,10.65406],[92.40464,10.65433],[92.40456,10.65429],[92.40405,10.65505],[92.40286,10.65672],[92.40184,10.65839],[92.39988,10.66089],[92.39717,10.66398],[92.39632,10.66474],[92.39552,10.66541],[92.39513,10.66574],[92.39437,10.66632],[92.39369,10.66649],[92.39301,10.66648],[92.39217,10.66648],[92.39115,10.66623],[92.39076,10.66617],[92.39039,10.66582],[92.39017,10.66576],[92.38997,10.66566],[92.38951,10.66563],[92.38911,10.66565],[92.3888,10.6658],[92.38824,10.66595],[92.38781,10.66603],[92.38738,10.66605],[92.3869,10.66602],[92.38662,10.6661],[92.38632,10.66625],[92.38583,10.66637],[92.38561,10.6664],[92.38545,10.66642],[92.38502,10.66642],[92.38464,10.66644],[92.38431,10.66662],[92.38416,10.66684],[92.38403,10.66707],[92.38403,10.66707],[92.38375,10.66727],[92.38375,10.66727],[92.38342,10.66732],[92.38312,10.66737],[92.38271,10.66757],[92.38258,10.66787],[92.38258,10.66842],[92.38261,10.66887],[92.38264,10.66898],[92.38268,10.66915],[92.38294,10.6695],[92.38321,10.66987],[92.38336,10.67018],[92.38354,10.6707],[92.38354,10.67115],[92.38354,10.67153],[92.38351,10.67188],[92.38351,10.67221],[92.38346,10.67253],[92.38342,10.67279],[92.38341,10.67281],[92.38338,10.67296],[92.38343,10.67319],[92.38346,10.67331],[92.38353,10.67359],[92.38361,10.67391],[92.38368,10.67426],[92.38371,10.67464],[92.3837,10.67475],[92.38366,10.67485],[92.38373,10.67509],[92.38368,10.67527],[92.3836,10.67559],[92.38348,10.67577],[92.38322,10.67609],[92.38297,10.67639],[92.38272,10.67661],[92.38269,10.67664],[92.38264,10.67672],[92.38248,10.67699],[92.38233,10.67715],[92.38223,10.67724],[92.382,10.67757],[92.38192,10.67785],[92.38207,10.67815],[92.38212,10.67816],[92.38238,10.67825],[92.38266,10.67845],[92.38283,10.67878],[92.38288,10.67913],[92.38286,10.67955],[92.3827,10.67988],[92.38237,10.68018],[92.3824,10.6803],[92.3824,10.6806],[92.38227,10.68098],[92.38209,10.68133],[92.38194,10.68171],[92.38178,10.68203],[92.38167,10.68219],[92.38163,10.68236],[92.38145,10.68412],[92.38145,10.68512],[92.38127,10.68663],[92.38127,10.68772],[92.38127,10.6888],[92.38127,10.68901],[92.38127,10.68947],[92.38075,10.69207],[92.38058,10.69374],[92.38057,10.69458],[92.38072,10.69512],[92.38076,10.69517],[92.38106,10.69547],[92.38134,10.69592],[92.38144,10.69665],[92.38149,10.69723],[92.38154,10.69786],[92.38156,10.69861],[92.38148,10.70019],[92.38107,10.70152],[92.38084,10.70229],[92.38056,10.70299],[92.38061,10.70402],[92.3806,10.70467],[92.3806,10.70543],[92.3806,10.70618],[92.3806,10.70698],[92.3806,10.70766],[92.38059,10.70828],[92.38058,10.70835],[92.38062,10.70906],[92.38078,10.71099],[92.38095,10.71291],[92.3812,10.71442],[92.3817,10.71618],[92.38229,10.71694],[92.38279,10.71936],[92.38295,10.7207],[92.3829,10.72171],[92.38271,10.72231],[92.38266,10.72271],[92.38253,10.72324],[92.38243,10.72371],[92.38237,10.72414],[92.38237,10.72466],[92.38237,10.72491],[92.38226,10.72522],[92.38184,10.72606],[92.38073,10.72815],[92.38039,10.73016],[92.38039,10.73125],[92.37996,10.73292],[92.37916,10.73486],[92.3791,10.73501],[92.37893,10.73652],[92.37825,10.73794],[92.37816,10.73986],[92.37837,10.74045],[92.3784,10.74045],[92.379,10.74083],[92.37915,10.74148],[92.37925,10.74238],[92.37928,10.74324],[92.37927,10.74404],[92.37925,10.74467],[92.37925,10.74529],[92.37894,10.74655],[92.37882,10.74677],[92.37882,10.7469],[92.37881,10.74782],[92.37881,10.74924],[92.37881,10.75066],[92.3788,10.75184],[92.3788,10.75284],[92.3788,10.75393],[92.37896,10.75493],[92.37913,10.75602],[92.37985,10.75635],[92.38038,10.75678],[92.38061,10.75733],[92.38081,10.75801],[92.38086,10.75879],[92.3809,10.75955],[92.38157,10.75988],[92.38182,10.76105],[92.38182,10.76256],[92.38165,10.76323],[92.38127,10.76406],[92.38124,10.76448],[92.38122,10.76491],[92.38109,10.76523],[92.38076,10.76561],[92.38033,10.76593],[92.37995,10.76623],[92.37962,10.76668],[92.37928,10.76716],[92.37916,10.76751],[92.37916,10.76781],[92.37915,10.76814],[92.37915,10.76854],[92.37892,10.76914],[92.37859,10.76944],[92.37814,10.76964],[92.37808,10.76967],[92.37799,10.76975],[92.37739,10.77075],[92.37722,10.77159],[92.37713,10.77301],[92.37654,10.77443],[92.37662,10.77519],[92.37661,10.77669],[92.37644,10.77778],[92.37644,10.77845],[92.37644,10.77971],[92.3766,10.78096],[92.37702,10.78297],[92.37812,10.78473],[92.37964,10.78616],[92.38175,10.78843],[92.38318,10.78985],[92.38373,10.79032],[92.38424,10.79082],[92.38457,10.79102],[92.38492,10.7911],[92.38513,10.79102],[92.38538,10.7907],[92.38538,10.79068],[92.38541,10.79035],[92.38548,10.7899],[92.38565,10.78963],[92.38569,10.78957],[92.38576,10.78925],[92.38584,10.78889],[92.38589,10.78859],[92.38589,10.78822],[92.38589,10.78791],[92.3859,10.78779],[92.3859,10.78742],[92.3859,10.78724],[92.3859,10.78699],[92.3859,10.78669],[92.3859,10.78636],[92.38575,10.78589],[92.38562,10.78486],[92.38563,10.78451],[92.38573,10.78416],[92.38573,10.78415],[92.38652,10.78353],[92.38747,10.78278],[92.38766,10.78264],[92.38855,10.78221],[92.38916,10.78193],[92.38972,10.78166],[92.3903,10.78138],[92.3904,10.78131],[92.39063,10.78113],[92.39104,10.78088],[92.39165,10.78079],[92.39236,10.78064],[92.39314,10.78051],[92.3935,10.78042],[92.39359,10.7804],[92.39374,10.78032],[92.39378,10.78024],[92.39386,10.77956],[92.39401,10.77914],[92.39437,10.77869],[92.3947,10.77814],[92.39536,10.77789],[92.39614,10.77839],[92.39642,10.77882],[92.39675,10.7794],[92.39723,10.78],[92.39746,10.78025],[92.39779,10.78058],[92.39816,10.78085],[92.3986,10.78106],[92.39903,10.78103],[92.39943,10.78098],[92.39984,10.78101],[92.40024,10.78106],[92.40073,10.78134],[92.40118,10.78139],[92.40156,10.78142],[92.40225,10.78142],[92.40316,10.78144],[92.40349,10.78157],[92.40394,10.78177],[92.4042,10.78195],[92.40425,10.782],[92.40461,10.78215],[92.4056,10.78251],[92.40636,10.78292],[92.4074,10.7835],[92.40852,10.78422],[92.40902,10.78498],[92.41096,10.78633],[92.4135,10.78885],[92.41493,10.79103],[92.41554,10.79149],[92.41589,10.79191],[92.41639,10.79266],[92.4167,10.79304],[92.41733,10.79387],[92.41766,10.7943],[92.41816,10.79483],[92.41836,10.79497],[92.41867,10.79518],[92.41907,10.79568],[92.41943,10.79606],[92.41983,10.79679],[92.42006,10.79731],[92.42008,10.79782],[92.42008,10.79809],[92.42056,10.79887],[92.4209,10.79979],[92.42166,10.8013],[92.42215,10.80221],[92.42225,10.80239],[92.4225,10.80315],[92.4225,10.80373],[92.42225,10.80414],[92.4224,10.80424],[92.4228,10.80474],[92.4231,10.80555],[92.42323,10.80653],[92.4233,10.80703],[92.42361,10.80753],[92.42378,10.80791],[92.42371,10.80811],[92.42356,10.80823],[92.42338,10.80838],[92.42322,10.80871],[92.42368,10.80901],[92.42429,10.80919],[92.42487,10.80944],[92.42523,10.80971],[92.42527,10.80976],[92.42586,10.81065],[92.42621,10.81159],[92.42635,10.81226],[92.42666,10.81311],[92.42697,10.814],[92.42724,10.81507],[92.42764,10.81699],[92.42763,10.81703],[92.42764,10.81704],[92.42771,10.81752],[92.42769,10.81802],[92.42766,10.8185],[92.42758,10.81908],[92.42743,10.81968],[92.42735,10.81988],[92.42728,10.82107],[92.42724,10.82148],[92.42709,10.82189],[92.42691,10.82225],[92.42686,10.8226],[92.42686,10.82296],[92.42708,10.82323],[92.42772,10.82319],[92.42817,10.82301],[92.42838,10.82295],[92.42841,10.82291],[92.42849,10.82291],[92.42882,10.82274],[92.4292,10.82249],[92.42948,10.82227],[92.42973,10.82191],[92.43006,10.82172],[92.43047,10.82152],[92.43064,10.82142],[92.43072,10.82142],[92.43074,10.8214],[92.43185,10.82134],[92.43346,10.82143],[92.43523,10.82235],[92.43616,10.82311],[92.43735,10.82412],[92.43802,10.82504],[92.43827,10.82539],[92.43885,10.8262],[92.43921,10.82647],[92.44038,10.8275],[92.44154,10.82897],[92.4433,10.83139],[92.44398,10.83193],[92.44416,10.83216],[92.44449,10.83276],[92.44487,10.83349],[92.44512,10.83397],[92.44545,10.83442],[92.44564,10.8346],[92.44571,10.83488],[92.44587,10.8351],[92.44692,10.83639],[92.44712,10.83639],[92.44749,10.83654],[92.44825,10.83663],[92.44844,10.83683],[92.44879,10.83719],[92.44927,10.83746],[92.44975,10.83759],[92.45044,10.83759],[92.4509,10.83759],[92.45135,10.83754],[92.45183,10.83739],[92.45224,10.83712],[92.45262,10.83687],[92.45277,10.8368],[92.45298,10.8368],[92.45361,10.83681],[92.45456,10.83699],[92.45472,10.83708],[92.4548,10.83708],[92.45546,10.8372],[92.45627,10.83763],[92.45675,10.83796],[92.45713,10.83834],[92.45751,10.83886],[92.45771,10.83952],[92.45802,10.84009],[92.45818,10.84064],[92.45824,10.84079],[92.45874,10.84159],[92.45887,10.84217],[92.45968,10.84387],[92.4603,10.84668],[92.46057,10.84868],[92.46061,10.85011],[92.46051,10.85176],[92.46028,10.85345],[92.46028,10.85425],[92.45996,10.85492],[92.45938,10.8563],[92.45865,10.85733],[92.45829,10.85773],[92.45805,10.85796],[92.45797,10.85804],[92.45729,10.85853],[92.4568,10.85893],[92.45662,10.85959],[92.45667,10.8601],[92.4567,10.86049],[92.45697,10.86111],[92.45711,10.86152],[92.45867,10.86293],[92.45955,10.86345],[92.45996,10.86347],[92.46042,10.8635],[92.46077,10.8635],[92.46092,10.86349],[92.46124,10.86338],[92.46146,10.86347],[92.46201,10.86355],[92.46204,10.86355],[92.4625,10.86375],[92.46295,10.86395],[92.46351,10.86423],[92.46394,10.86453],[92.46437,10.86474],[92.46472,10.86494],[92.46523,10.86525],[92.46569,10.86546],[92.4673,10.86613],[92.4678,10.86643],[92.4684,10.86645],[92.46896,10.8666],[92.46941,10.86696],[92.46982,10.86731],[92.47007,10.86776],[92.47037,10.86829],[92.47052,10.86932],[92.47052,10.86977],[92.4706,10.87044],[92.47082,10.87044],[92.47118,10.87045],[92.47161,10.87032],[92.47194,10.87025],[92.4724,10.8702],[92.47283,10.87022],[92.47306,10.87037],[92.47321,10.87058],[92.47322,10.87059],[92.47351,10.87078],[92.47379,10.87083],[92.4741,10.87083],[92.4745,10.87075],[92.47504,10.87066],[92.47512,10.87063],[92.47557,10.87048],[92.476,10.87023],[92.47641,10.86998],[92.47717,10.86996],[92.4779,10.87016],[92.47884,10.87054],[92.47917,10.87084],[92.47963,10.87127],[92.48001,10.87157],[92.48023,10.87185],[92.48046,10.87217],[92.48064,10.87253],[92.48069,10.87275],[92.48068,10.87284],[92.48142,10.87366],[92.48261,10.87459],[92.48311,10.87551],[92.48381,10.87633],[92.48382,10.87647],[92.4839,10.87712],[92.484,10.87765],[92.48425,10.8781],[92.48458,10.87843],[92.48499,10.87876],[92.48544,10.87911],[92.48585,10.8793],[92.487,10.88071],[92.48747,10.88125],[92.48782,10.8814],[92.48805,10.88162],[92.48866,10.8823],[92.48886,10.88263],[92.48906,10.88295],[92.48926,10.88331],[92.48933,10.8836],[92.48971,10.88448],[92.48979,10.88511],[92.48997,10.88556],[92.4904,10.88614],[92.49065,10.88652],[92.49126,10.88712],[92.49159,10.88741],[92.49164,10.88777],[92.49194,10.88833],[92.49229,10.88873],[92.4926,10.88906],[92.49298,10.88943],[92.49348,10.88968],[92.49396,10.88966],[92.49427,10.88956],[92.49473,10.88971],[92.49523,10.89007],[92.49574,10.89012],[92.49612,10.89007],[92.49648,10.88999],[92.49693,10.88987],[92.49704,10.88984],[92.4971,10.88986],[92.49731,10.89002],[92.49749,10.89015],[92.49782,10.89017],[92.49817,10.89025],[92.49853,10.89045],[92.49886,10.89053],[92.49919,10.89055],[92.49962,10.89055],[92.49998,10.8906],[92.50036,10.89081],[92.50084,10.89088],[92.50124,10.89091],[92.5017,10.89093],[92.50226,10.89094],[92.50271,10.89094],[92.50312,10.89079],[92.50345,10.89059],[92.50376,10.89034],[92.50378,10.8903],[92.50389,10.89025],[92.50453,10.88999],[92.50511,10.88972],[92.50561,10.88954],[92.50578,10.88946],[92.50603,10.88946],[92.50676,10.88967],[92.50677,10.88969],[92.50769,10.89068],[92.50778,10.89099],[92.50789,10.89102],[92.50832,10.89153],[92.50865,10.89205],[92.50898,10.89263],[92.50913,10.89341],[92.5092,10.89369],[92.5092,10.89369],[92.50989,10.89469],[92.50991,10.89482],[92.51014,10.89514],[92.51064,10.89552],[92.51115,10.89592],[92.51171,10.8962],[92.51232,10.89655],[92.51278,10.89684],[92.5128,10.89685],[92.51308,10.89701],[92.51336,10.89716],[92.5135,10.89721],[92.51386,10.89739],[92.51401,10.89739],[92.51407,10.89743],[92.51465,10.89761],[92.51538,10.89766],[92.51592,10.89766],[92.51658,10.89767],[92.51719,10.89767],[92.51782,10.89764],[92.5184,10.89749]]],[[[92.64131,11.51029],[92.6419,11.51022],[92.64239,11.51019],[92.64266,11.51023],[92.64277,11.51025],[92.64334,11.51042],[92.64385,11.51068],[92.64416,11.51108],[92.64438,11.51159],[92.64459,11.51197],[92.64505,11.51217],[92.64533,11.51199],[92.64534,11.51197],[92.64538,11.51164],[92.64538,11.51124],[92.64539,11.5098],[92.64539,11.50899],[92.64539,11.50853],[92.64539,11.50803],[92.64511,11.506],[92.64514,11.50568],[92.64516,11.50556],[92.64501,11.50437],[92.64496,11.50431],[92.64453,11.50353],[92.64448,11.50234],[92.64446,11.5013],[92.64479,11.50062],[92.64541,11.50027],[92.64623,11.50024],[92.64695,11.50051],[92.64697,11.5005],[92.64782,11.50007],[92.6483,11.49982],[92.64884,11.49942],[92.64949,11.49866],[92.65018,11.49823],[92.65079,11.49778],[92.65123,11.49745],[92.65185,11.49705],[92.65226,11.49664],[92.65267,11.49626],[92.65326,11.49586],[92.65452,11.49528],[92.65511,11.4948],[92.65567,11.49445],[92.6558,11.49395],[92.6558,11.49347],[92.65565,11.49321],[92.65547,11.49288],[92.6555,11.49235],[92.65529,11.49195],[92.65516,11.49164],[92.65542,11.49147],[92.65568,11.49154],[92.65575,11.4918],[92.65606,11.49218],[92.65657,11.49256],[92.65668,11.4926],[92.65693,11.49268],[92.65739,11.49263],[92.65801,11.49238],[92.65883,11.49198],[92.65942,11.4914],[92.66016,11.49112],[92.66083,11.49097],[92.66152,11.49087],[92.66211,11.49082],[92.66275,11.4907],[92.66308,11.49057],[92.66387,11.49087],[92.66395,11.49089],[92.66426,11.49131],[92.66459,11.49164],[92.665,11.49192],[92.66544,11.49192],[92.6659,11.49184],[92.66631,11.49187],[92.66672,11.4919],[92.66703,11.49187],[92.66733,11.49169],[92.66764,11.49144],[92.6679,11.49117],[92.66828,11.49074],[92.66872,11.49041],[92.66911,11.48988],[92.66921,11.4894],[92.66929,11.48904],[92.66932,11.48869],[92.66938,11.48856],[92.66938,11.48739],[92.66971,11.48676],[92.67019,11.48644],[92.67058,11.48594],[92.67078,11.48528],[92.67078,11.48478],[92.67058,11.48432],[92.67055,11.48382],[92.67079,11.48334],[92.67094,11.48276],[92.67084,11.48243],[92.67061,11.4821],[92.67035,11.48159],[92.67082,11.48104],[92.67094,11.48073],[92.67071,11.48028],[92.67043,11.48],[92.67033,11.47982],[92.67054,11.47924],[92.67085,11.47907],[92.6711,11.47864],[92.67126,11.47831],[92.67136,11.47788],[92.67149,11.47752],[92.67152,11.47722],[92.67152,11.47697],[92.67152,11.4769],[92.67164,11.47682],[92.67188,11.47674],[92.67218,11.47672],[92.67252,11.47672],[92.67265,11.47672],[92.67275,11.47672],[92.67298,11.47657],[92.67308,11.47637],[92.67311,11.47614],[92.67311,11.47599],[92.67311,11.47583],[92.67314,11.47576],[92.67399,11.47451],[92.6743,11.47426],[92.67437,11.47387],[92.6747,11.47359],[92.67516,11.47351],[92.67519,11.47353],[92.67555,11.47367],[92.67598,11.47352],[92.67626,11.47329],[92.67642,11.47294],[92.67643,11.47269],[92.67644,11.47251],[92.6765,11.47208],[92.67663,11.47175],[92.67683,11.47152],[92.67709,11.47129],[92.67711,11.47094],[92.67712,11.47028],[92.67706,11.4699],[92.67699,11.4695],[92.67673,11.46912],[92.67661,11.46877],[92.67663,11.46844],[92.67671,11.46816],[92.67678,11.46801],[92.67671,11.46793],[92.67661,11.46783],[92.67643,11.4676],[92.67628,11.46743],[92.6762,11.46689],[92.67623,11.46652],[92.6763,11.46629],[92.67635,11.46614],[92.67651,11.46588],[92.67657,11.4658],[92.67661,11.46556],[92.67656,11.46528],[92.67623,11.46495],[92.67606,11.46475],[92.67592,11.46459],[92.67582,11.46411],[92.6758,11.46358],[92.67582,11.463],[92.67582,11.4625],[92.67588,11.46199],[92.67608,11.46149],[92.67642,11.46113],[92.67693,11.46106],[92.67724,11.46106],[92.67739,11.4611],[92.67742,11.46108],[92.67762,11.46088],[92.6777,11.4606],[92.67767,11.46038],[92.67755,11.46002],[92.67739,11.45968],[92.67734,11.45957],[92.67734,11.45919],[92.67747,11.45891],[92.67778,11.45851],[92.67781,11.45818],[92.67788,11.45782],[92.67809,11.45755],[92.67858,11.45742],[92.67858,11.45742],[92.67901,11.45735],[92.67927,11.45712],[92.67947,11.45677],[92.67958,11.45624],[92.67989,11.45581],[92.68012,11.45538],[92.68009,11.45513],[92.67986,11.45495],[92.67975,11.45489],[92.67958,11.4548],[92.67958,11.45452],[92.67958,11.45449],[92.67963,11.45419],[92.67951,11.45391],[92.67948,11.45383],[92.6793,11.45348],[92.67935,11.45315],[92.67958,11.45285],[92.67987,11.4527],[92.68005,11.45252],[92.68028,11.45224],[92.68043,11.45189],[92.68036,11.45131],[92.68056,11.45106],[92.68097,11.45087],[92.681,11.45086],[92.68118,11.45058],[92.68118,11.4503],[92.68123,11.44972],[92.68144,11.44944],[92.68162,11.44914],[92.68162,11.44878],[92.68159,11.44841],[92.68144,11.44808],[92.68121,11.44775],[92.68105,11.44775],[92.68067,11.44731],[92.68086,11.44711],[92.68088,11.44684],[92.68119,11.44656],[92.68149,11.44644],[92.68149,11.44643],[92.68183,11.44628],[92.68218,11.44621],[92.6826,11.44603],[92.68295,11.44578],[92.68311,11.44558],[92.68324,11.44538],[92.68324,11.44519],[92.68324,11.4451],[92.68324,11.44487],[92.68344,11.44464],[92.68356,11.44459],[92.68378,11.44449],[92.68401,11.44424],[92.68432,11.44391],[92.68437,11.44353],[92.68439,11.44315],[92.68436,11.44298],[92.68432,11.44277],[92.68431,11.44275],[92.68427,11.44245],[92.68411,11.44204],[92.68386,11.44171],[92.68376,11.44154],[92.68368,11.44135],[92.6836,11.44116],[92.6836,11.44103],[92.68366,11.44099],[92.68376,11.4409],[92.68376,11.44088],[92.68402,11.44065],[92.68432,11.44058],[92.68439,11.44057],[92.68466,11.44024],[92.68458,11.43997],[92.68458,11.43957],[92.68463,11.43934],[92.68479,11.43916],[92.68494,11.43909],[92.68497,11.43908],[92.68501,11.43887],[92.68527,11.438],[92.68505,11.43724],[92.6852,11.43686],[92.68536,11.43666],[92.68543,11.43656],[92.68571,11.43621],[92.68572,11.43583],[92.68559,11.43555],[92.68536,11.43547],[92.68531,11.43545],[92.68505,11.43527],[92.68497,11.43499],[92.68536,11.43476],[92.68536,11.43435],[92.68468,11.43334],[92.68392,11.43259],[92.68274,11.43219],[92.68244,11.43228],[92.68221,11.43228],[92.68178,11.43223],[92.68147,11.43203],[92.68124,11.4317],[92.68106,11.43119],[92.68106,11.43076],[92.68106,11.43051],[92.68106,11.43016],[92.68117,11.42975],[92.68132,11.42948],[92.68168,11.429],[92.68194,11.42869],[92.68235,11.42839],[92.68276,11.42806],[92.68325,11.42786],[92.68358,11.42781],[92.68391,11.42779],[92.68417,11.42776],[92.68438,11.42773],[92.68419,11.42715],[92.68173,11.4263],[92.68119,11.42698],[92.68117,11.4271],[92.68117,11.4274],[92.68099,11.42783],[92.68073,11.42821],[92.68043,11.42864],[92.68009,11.42887],[92.67971,11.42902],[92.67965,11.42902],[92.6793,11.42902],[92.67897,11.42902],[92.67853,11.42879],[92.67845,11.42872],[92.67826,11.42809],[92.67825,11.42803],[92.67823,11.42788],[92.67787,11.4277],[92.67756,11.42772],[92.6773,11.4279],[92.67728,11.42792],[92.67669,11.42779],[92.67666,11.42775],[92.67646,11.42752],[92.67615,11.42722],[92.67584,11.42724],[92.67562,11.42704],[92.67533,11.4273],[92.67533,11.42734],[92.67528,11.42749],[92.67515,11.42767],[92.67502,11.42787],[92.67477,11.428],[92.67456,11.428],[92.67423,11.42797],[92.67405,11.42784],[92.67389,11.42771],[92.67384,11.42767],[92.67364,11.42749],[92.67328,11.42749],[92.67293,11.42757],[92.67205,11.42721],[92.67203,11.42708],[92.67188,11.42603],[92.67206,11.42461],[92.67342,11.42218],[92.67436,11.42118],[92.67444,11.42051],[92.67427,11.41926],[92.6736,11.41817],[92.67267,11.41699],[92.67131,11.4159],[92.66972,11.41534],[92.66868,11.41498],[92.66461,11.41371],[92.66249,11.41287],[92.66029,11.4127],[92.658,11.41244],[92.65667,11.41148],[92.65639,11.41127],[92.65617,11.41118],[92.65615,11.41115],[92.6556,11.41075],[92.65478,11.4103],[92.65401,11.40993],[92.65324,11.40993],[92.65246,11.40998],[92.65213,11.40998],[92.65146,11.40948],[92.65092,11.40907],[92.65019,11.40853],[92.64946,11.40808],[92.64882,11.40768],[92.64873,11.40759],[92.64864,11.40714],[92.64905,11.40691],[92.64937,11.40691],[92.64987,11.40701],[92.65008,11.40715],[92.65232,11.40749],[92.65257,11.40749],[92.65334,11.40749],[92.65487,11.40758],[92.65559,11.40748],[92.65561,11.40747],[92.65607,11.40715],[92.65652,11.40675],[92.6567,11.40653],[92.65707,11.40635],[92.65733,11.40638],[92.6578,11.40644],[92.65816,11.40671],[92.65857,11.40662],[92.65903,11.40662],[92.65939,11.40676],[92.65966,11.40676],[92.66017,11.40658],[92.66035,11.40622],[92.66039,11.40586],[92.66012,11.40532],[92.66008,11.40478],[92.66035,11.40402],[92.66044,11.40366],[92.66031,11.4033],[92.66024,11.40323],[92.66004,11.40303],[92.66008,11.40258],[92.66072,11.4024],[92.66131,11.40245],[92.66172,11.40249],[92.66191,11.40263],[92.66226,11.40266],[92.66319,11.40266],[92.6637,11.40258],[92.66413,11.40174],[92.66396,11.40099],[92.66269,11.4009],[92.66201,11.40006],[92.66201,11.39897],[92.66183,11.39873],[92.66187,11.39867],[92.66201,11.39795],[92.6621,11.39733],[92.66242,11.3967],[92.66274,11.3962],[92.66319,11.3958],[92.66392,11.3954],[92.66447,11.39504],[92.66489,11.39483],[92.66524,11.39479],[92.66596,11.39493],[92.66611,11.39486],[92.66679,11.39473],[92.66743,11.39478],[92.66763,11.3953],[92.66872,11.3958],[92.66976,11.39573],[92.66982,11.39572],[92.67127,11.39623],[92.67211,11.39707],[92.67227,11.39798],[92.67198,11.39815],[92.67184,11.39838],[92.67179,11.39865],[92.67184,11.39892],[92.67192,11.39893],[92.67185,11.39908],[92.67279,11.3995],[92.67335,11.39931],[92.67352,11.39901],[92.67384,11.39888],[92.67407,11.39897],[92.67421,11.39919],[92.67425,11.39927],[92.6743,11.39937],[92.67443,11.39951],[92.67475,11.3996],[92.67503,11.39955],[92.67516,11.39928],[92.67521,11.39888],[92.67521,11.3988],[92.6755,11.39833],[92.67568,11.39791],[92.67619,11.39615],[92.67623,11.39596],[92.67653,11.39448],[92.67722,11.39366],[92.67772,11.39306],[92.67984,11.39189],[92.68146,11.39148],[92.68239,11.39081],[92.6835,11.39031],[92.6846,11.39006],[92.68579,11.39006],[92.68606,11.39009],[92.6862,11.39032],[92.68647,11.39054],[92.68716,11.39082],[92.68798,11.39104],[92.68798,11.39104],[92.68816,11.39124],[92.6891,11.39099],[92.68901,11.3899],[92.68884,11.38915],[92.68919,11.38839],[92.68953,11.38747],[92.69004,11.38714],[92.69114,11.38723],[92.69165,11.38773],[92.6925,11.38781],[92.69351,11.38773],[92.6936,11.38731],[92.69301,11.38689],[92.69184,11.38614],[92.69116,11.3853],[92.69057,11.38413],[92.69023,11.38161],[92.69032,11.38095],[92.69083,11.38003],[92.69092,11.3791],[92.6916,11.37819],[92.69202,11.37743],[92.69219,11.3766],[92.69203,11.37534],[92.69135,11.37408],[92.69101,11.37257],[92.69085,11.37182],[92.69085,11.37082],[92.69026,11.37006],[92.68932,11.36973],[92.68822,11.36972],[92.68818,11.3697],[92.68788,11.3697],[92.68761,11.36952],[92.68715,11.36916],[92.68715,11.36915],[92.68712,11.36911],[92.68688,11.36875],[92.68665,11.36848],[92.68638,11.36794],[92.68613,11.3677],[92.685,11.36746],[92.68356,11.3672],[92.68263,11.36754],[92.68212,11.3672],[92.68188,11.36714],[92.68156,11.36717],[92.68106,11.36704],[92.68074,11.36677],[92.68042,11.36636],[92.68038,11.36584],[92.68013,11.36516],[92.6801,11.36515],[92.67979,11.36479],[92.67951,11.36456],[92.67865,11.36402],[92.67829,11.36371],[92.67742,11.36321],[92.67687,11.36316],[92.67624,11.36307],[92.67565,11.36294],[92.67559,11.36294],[92.67374,11.36362],[92.67373,11.36374],[92.67337,11.36397],[92.67282,11.36396],[92.67191,11.36369],[92.67136,11.3636],[92.67014,11.36347],[92.66918,11.36319],[92.66845,11.3627],[92.66782,11.3622],[92.66695,11.36162],[92.66645,11.36117],[92.66643,11.36078],[92.66635,11.36072],[92.66602,11.36008],[92.66584,11.35972],[92.66491,11.35838],[92.66457,11.3572],[92.66449,11.35611],[92.6645,11.35461],[92.66407,11.35427],[92.66394,11.35433],[92.66382,11.35447],[92.66355,11.35478],[92.663,11.35518],[92.6625,11.35554],[92.66177,11.35599],[92.66082,11.35621],[92.65968,11.35657],[92.65958,11.35659],[92.65906,11.35686],[92.6566,11.35761],[92.65371,11.35785],[92.65219,11.35785],[92.64939,11.35726],[92.64934,11.35722],[92.64934,11.35722],[92.64879,11.35713],[92.64843,11.35682],[92.64788,11.35637],[92.64734,11.35583],[92.64731,11.35576],[92.64549,11.35482],[92.64508,11.35447],[92.64442,11.35391],[92.64312,11.35281],[92.64092,11.3513],[92.63948,11.34945],[92.63863,11.34811],[92.63821,11.34719],[92.63762,11.3471],[92.63755,11.34714],[92.63739,11.34749],[92.63688,11.34799],[92.6362,11.34861],[92.63529,11.34879],[92.6341,11.34928],[92.63319,11.34942],[92.63233,11.34942],[92.63191,11.34941],[92.63155,11.34977],[92.63087,11.34986],[92.63005,11.35008],[92.62918,11.35013],[92.62836,11.35013],[92.62777,11.35012],[92.62691,11.35012],[92.62618,11.35003],[92.62574,11.34969],[92.62565,11.34967],[92.62524,11.34926],[92.625,11.34922],[92.62432,11.34877],[92.62368,11.34832],[92.62286,11.34791],[92.62242,11.34784],[92.62209,11.34799],[92.62195,11.34813],[92.6219,11.34814],[92.62121,11.34835],[92.62108,11.34867],[92.62085,11.34935],[92.62053,11.34979],[92.62003,11.35002],[92.6193,11.35002],[92.61871,11.34979],[92.61863,11.3497],[92.61852,11.34966],[92.61623,11.34965],[92.61598,11.34965],[92.61463,11.34943],[92.61416,11.34915],[92.61371,11.34906],[92.61321,11.34897],[92.61261,11.34852],[92.61216,11.3482],[92.61175,11.34784],[92.61116,11.3473],[92.61057,11.34694],[92.60998,11.34698],[92.60996,11.34696],[92.60733,11.34704],[92.60694,11.34706],[92.6062,11.34684],[92.60547,11.34684],[92.60474,11.34684],[92.60429,11.34684],[92.6036,11.34684],[92.60283,11.34697],[92.60183,11.34719],[92.60105,11.34719],[92.60028,11.34741],[92.59941,11.34759],[92.59878,11.34768],[92.59823,11.34777],[92.59782,11.34826],[92.59732,11.34871],[92.59695,11.34898],[92.59668,11.34907],[92.59636,11.34907],[92.596,11.34911],[92.59563,11.34911],[92.5949,11.34933],[92.59458,11.34951],[92.59358,11.35019],[92.59308,11.35068],[92.59299,11.35086],[92.59111,11.35286],[92.58865,11.35503],[92.58839,11.35566],[92.58835,11.35569],[92.58801,11.35612],[92.58768,11.35665],[92.58727,11.35723],[92.58703,11.35771],[92.58685,11.35824],[92.58675,11.35874],[92.5867,11.3592],[92.5867,11.35927],[92.58669,11.3593],[92.5866,11.36047],[92.58541,11.36172],[92.58371,11.36423],[92.5831,11.3656],[92.58297,11.36571],[92.58269,11.36609],[92.58246,11.36636],[92.58215,11.36677],[92.58166,11.36722],[92.5815,11.36778],[92.5815,11.36815],[92.58149,11.36816],[92.58149,11.36942],[92.58161,11.36997],[92.58165,11.37008],[92.58214,11.37051],[92.58262,11.37094],[92.58331,11.37152],[92.58383,11.37183],[92.58495,11.37244],[92.58562,11.37279],[92.58649,11.37307],[92.5872,11.37332],[92.58789,11.37363],[92.58866,11.37401],[92.58922,11.37434],[92.58968,11.37477],[92.58984,11.37516],[92.58996,11.37521],[92.59047,11.37664],[92.59075,11.3776],[92.59101,11.37771],[92.59134,11.37791],[92.59167,11.37834],[92.5919,11.37885],[92.59201,11.37889],[92.59224,11.37907],[92.5926,11.37975],[92.5926,11.37989],[92.5928,11.38011],[92.59277,11.38064],[92.59272,11.38122],[92.59264,11.38193],[92.59257,11.38216],[92.59259,11.38241],[92.59259,11.38309],[92.59251,11.38367],[92.5924,11.38438],[92.59227,11.38514],[92.59212,11.38577],[92.59201,11.38683],[92.59175,11.38774],[92.5916,11.3883],[92.5915,11.38898],[92.59134,11.38958],[92.59098,11.39097],[92.59088,11.39153],[92.59065,11.392],[92.59061,11.39214],[92.59034,11.39335],[92.59025,11.39394],[92.58997,11.3947],[92.58979,11.39569],[92.58969,11.39614],[92.58956,11.39672],[92.58937,11.3974],[92.58924,11.39789],[92.5891,11.39816],[92.58909,11.39827],[92.58907,11.3987],[92.58886,11.39903],[92.5885,11.39938],[92.58809,11.39961],[92.58772,11.39978],[92.58759,11.39995],[92.58727,11.40054],[92.58727,11.40074],[92.58717,11.40091],[92.58793,11.40124],[92.58811,11.40124],[92.58816,11.4013],[92.58847,11.40141],[92.58898,11.40138],[92.58942,11.40131],[92.58993,11.40123],[92.59037,11.40118],[92.59088,11.40116],[92.59113,11.40117],[92.59142,11.40118],[92.59203,11.40136],[92.5923,11.40142],[92.59252,11.40146],[92.5929,11.40144],[92.59296,11.40141],[92.59336,11.40119],[92.59372,11.40086],[92.59408,11.40066],[92.59452,11.40061],[92.59518,11.40059],[92.59585,11.40044],[92.59636,11.40036],[92.59685,11.40026],[92.59736,11.40039],[92.59759,11.40057],[92.59791,11.4006],[92.59805,11.40062],[92.59816,11.40059],[92.59841,11.40052],[92.59882,11.40049],[92.59913,11.40062],[92.59915,11.40067],[92.59918,11.40067],[92.59982,11.4009],[92.60028,11.4011],[92.60069,11.40126],[92.60089,11.40126],[92.60107,11.40126],[92.60156,11.40123],[92.602,11.40116],[92.60235,11.40093],[92.60284,11.40086],[92.60321,11.40084],[92.60341,11.40083],[92.60405,11.40081],[92.60469,11.40083],[92.6053,11.40094],[92.60576,11.40106],[92.60635,11.40119],[92.6065,11.40124],[92.60711,11.40162],[92.60863,11.40213],[92.61068,11.4015],[92.6111,11.40138],[92.61234,11.40095],[92.61263,11.40078],[92.61293,11.40065],[92.61332,11.40058],[92.61359,11.40059],[92.61375,11.4006],[92.61427,11.40063],[92.61451,11.40064],[92.6148,11.40065],[92.61573,11.40083],[92.61639,11.40101],[92.61685,11.40129],[92.61713,11.40152],[92.6177,11.40172],[92.61813,11.40172],[92.61864,11.4018],[92.61931,11.40216],[92.61964,11.40236],[92.61992,11.40264],[92.62015,11.40299],[92.62031,11.40327],[92.62136,11.40408],[92.62201,11.40434],[92.6222,11.40459],[92.62253,11.40502],[92.62291,11.40552],[92.62327,11.40606],[92.62345,11.40656],[92.62373,11.40722],[92.62396,11.40767],[92.62434,11.40821],[92.62437,11.40826],[92.62452,11.40856],[92.62465,11.40942],[92.62457,11.40982],[92.62448,11.41013],[92.62439,11.41046],[92.62429,11.41091],[92.62418,11.41149],[92.62413,11.41202],[92.62425,11.41313],[92.62425,11.41394],[92.62428,11.4147],[92.62451,11.41533],[92.62456,11.41597],[92.62463,11.4167],[92.62476,11.4172],[92.62499,11.41774],[92.62519,11.41815],[92.62522,11.41835],[92.62532,11.41844],[92.62539,11.41895],[92.62539,11.41938],[92.62539,11.41983],[92.62537,11.42036],[92.62537,11.42083],[92.62537,11.42084],[92.62536,11.42087],[92.62526,11.42132],[92.62511,11.42175],[92.62495,11.42216],[92.62492,11.4222],[92.62487,11.42271],[92.62483,11.42351],[92.62479,11.42359],[92.62471,11.42485],[92.62476,11.42519],[92.62471,11.42529],[92.62469,11.42592],[92.62471,11.42635],[92.62476,11.42681],[92.62461,11.42736],[92.62438,11.42789],[92.62432,11.42835],[92.62427,11.42878],[92.62429,11.42883],[92.62407,11.42898],[92.62381,11.42941],[92.62371,11.42986],[92.62371,11.43019],[92.62376,11.4303],[92.62367,11.43054],[92.6236,11.43092],[92.62355,11.43092],[92.62322,11.43105],[92.62306,11.4312],[92.62278,11.43158],[92.62216,11.43198],[92.62165,11.43178],[92.62137,11.43145],[92.62112,11.4311],[92.62094,11.43059],[92.62037,11.43021],[92.61984,11.43041],[92.61968,11.43066],[92.61966,11.43107],[92.61999,11.43152],[92.62029,11.4317],[92.62045,11.43206],[92.62029,11.43226],[92.62034,11.43256],[92.62044,11.43317],[92.62052,11.43352],[92.62078,11.4338],[92.6209,11.43425],[92.6208,11.43461],[92.62042,11.43489],[92.62029,11.43532],[92.62029,11.43552],[92.62044,11.4358],[92.62075,11.4359],[92.62098,11.43587],[92.62116,11.43575],[92.62159,11.43595],[92.6218,11.43598],[92.6221,11.43555],[92.62205,11.43497],[92.62183,11.43446],[92.62177,11.43423],[92.62196,11.43363],[92.62214,11.43335],[92.62257,11.43337],[92.62301,11.4337],[92.62329,11.43413],[92.62349,11.43454],[92.62359,11.43471],[92.62371,11.4355],[92.62359,11.43563],[92.62295,11.43628],[92.62277,11.43739],[92.62294,11.43838],[92.62299,11.43893],[92.62325,11.43987],[92.62352,11.43999],[92.62371,11.4403],[92.62404,11.44101],[92.62429,11.44157],[92.62406,11.44182],[92.62342,11.44192],[92.62306,11.44227],[92.62273,11.4425],[92.62232,11.44235],[92.62186,11.44212],[92.62171,11.44203],[92.62148,11.44189],[92.62099,11.44174],[92.62053,11.44196],[92.6205,11.44242],[92.6205,11.443],[92.62057,11.44325],[92.62052,11.44345],[92.62063,11.44381],[92.62063,11.44441],[92.62044,11.44494],[92.62032,11.44547],[92.62001,11.44623],[92.61947,11.44681],[92.61924,11.44694],[92.61895,11.44703],[92.61676,11.44961],[92.61578,11.45088],[92.61567,11.45125],[92.61551,11.45163],[92.61528,11.45201],[92.61474,11.45289],[92.61441,11.45317],[92.61435,11.45323],[92.6141,11.45379],[92.6141,11.4541],[92.61397,11.45453],[92.61386,11.45496],[92.61366,11.45552],[92.6134,11.45597],[92.61281,11.4566],[92.61255,11.45696],[92.6125,11.45699],[92.61217,11.45767],[92.61208,11.45771],[92.61206,11.45789],[92.61201,11.45822],[92.61181,11.45847],[92.61155,11.45865],[92.6115,11.45905],[92.6115,11.45963],[92.6117,11.46006],[92.61182,11.46026],[92.61197,11.46244],[92.61208,11.46279],[92.61231,11.46327],[92.61259,11.4637],[92.61282,11.46403],[92.61305,11.46441],[92.6131,11.46484],[92.6131,11.46501],[92.61333,11.46534],[92.61349,11.46732],[92.61349,11.46735],[92.61349,11.46844],[92.61379,11.47036],[92.61365,11.47073],[92.61362,11.47129],[92.61362,11.4719],[92.61365,11.4725],[92.61364,11.47286],[92.61375,11.47341],[92.61392,11.47394],[92.6141,11.47473],[92.61418,11.47549],[92.61428,11.47604],[92.61458,11.47647],[92.61474,11.477],[92.61471,11.47758],[92.61486,11.47839],[92.61527,11.47913],[92.61534,11.47923],[92.61542,11.47958],[92.61561,11.4799],[92.61555,11.48016],[92.61545,11.48047],[92.61521,11.48107],[92.61532,11.48168],[92.61562,11.48221],[92.61598,11.48277],[92.61634,11.48353],[92.61636,11.48408],[92.61618,11.48456],[92.61641,11.48519],[92.61666,11.4858],[92.61679,11.48603],[92.61733,11.48606],[92.61746,11.4859],[92.61779,11.48578],[92.61792,11.48575],[92.61801,11.4858],[92.61829,11.48662],[92.61829,11.48747],[92.61829,11.48812],[92.61828,11.48855],[92.61837,11.48879],[92.61873,11.48939],[92.61883,11.49015],[92.61883,11.49084],[92.61878,11.49144],[92.61878,11.49153],[92.61904,11.49223],[92.61962,11.49288],[92.6197,11.49321],[92.61995,11.49372],[92.62023,11.4941],[92.62057,11.49466],[92.62056,11.49493],[92.62056,11.49562],[92.62056,11.4961],[92.62077,11.49683],[92.62076,11.49787],[92.62127,11.4983],[92.62189,11.49865],[92.62196,11.49906],[92.62204,11.49951],[92.6223,11.50004],[92.62281,11.50075],[92.62342,11.50118],[92.62391,11.50161],[92.62457,11.50189],[92.62485,11.50194],[92.62572,11.50287],[92.62717,11.50296],[92.62747,11.5036],[92.62774,11.50417],[92.62774,11.5044],[92.62769,11.50475],[92.62769,11.50516],[92.628,11.50566],[92.62838,11.50617],[92.62842,11.50618],[92.62889,11.50645],[92.62925,11.50693],[92.6294,11.50741],[92.62958,11.50797],[92.62961,11.5086],[92.62971,11.50911],[92.62971,11.50941],[92.62976,11.50951],[92.62976,11.50971],[92.62983,11.51029],[92.63011,11.51088],[92.63045,11.51128],[92.63085,11.51166],[92.63126,11.51196],[92.63214,11.51262],[92.63224,11.51285],[92.63232,11.51376],[92.63216,11.51401],[92.63208,11.51439],[92.63213,11.51477],[92.63241,11.51497],[92.63272,11.5152],[92.633,11.51541],[92.63331,11.51558],[92.63359,11.51563],[92.63399,11.51563],[92.63402,11.51564],[92.63441,11.51569],[92.63484,11.51599],[92.63518,11.51624],[92.63537,11.51655],[92.63543,11.51665],[92.63581,11.51726],[92.63615,11.51743],[92.63653,11.51741],[92.63679,11.51726],[92.63697,11.5169],[92.63697,11.51655],[92.63697,11.51617],[92.63697,11.51572],[92.63698,11.51559],[92.637,11.51531],[92.63725,11.51466],[92.63748,11.51458],[92.63752,11.51457],[92.63797,11.51353],[92.63801,11.51345],[92.63843,11.51253],[92.63907,11.51177],[92.63908,11.51173],[92.63939,11.5113],[92.63959,11.51115],[92.63966,11.5111],[92.63982,11.51097],[92.64034,11.51062],[92.64085,11.51037],[92.64131,11.51029]]],[[[92.98375,12.04174],[92.98401,12.04115],[92.98426,12.04048],[92.98477,12.03981],[92.98494,12.03965],[92.98537,12.03923],[92.98605,12.03872],[92.9869,12.03797],[92.98767,12.03739],[92.98903,12.03655],[92.99082,12.03613],[92.99209,12.03613],[92.9932,12.03614],[92.9949,12.03547],[92.996,12.03513],[92.99686,12.03455],[92.99706,12.03444],[92.99847,12.03371],[92.99956,12.03276],[93,12.03237],[93.00077,12.03162],[93.00162,12.03062],[93.00256,12.02945],[93.00341,12.02844],[93.00426,12.02752],[93.00579,12.02468],[93.00605,12.02342],[93.00665,12.02217],[93.0075,12.02058],[93.00801,12.01974],[93.00869,12.01865],[93.00937,12.01773],[93.0098,12.01681],[93.0098,12.01556],[93.00989,12.01388],[93.00955,12.0125],[93.00921,12.01191],[93.00844,12.01057],[93.00709,12.00781],[93.00692,12.00647],[93.00666,12.00496],[93.00658,12.00354],[93.00658,12.00187],[93.00675,12.00103],[93.00697,12.00066],[93.00726,12.00019],[93.00803,11.9986],[93.00922,11.99726],[93.00956,11.99584],[93.01016,11.994],[93.01067,11.9935],[93.01118,11.99258],[93.01144,11.99074],[93.01212,11.98982],[93.01237,11.98915],[93.01323,11.98823],[93.01374,11.98747],[93.01459,11.98588],[93.01459,11.98513],[93.0151,11.98413],[93.01604,11.98245],[93.01621,11.98128],[93.01706,11.97961],[93.01748,11.97894],[93.01876,11.97735],[93.0191,11.97634],[93.01987,11.97467],[93.02072,11.973],[93.0214,11.97174],[93.02183,11.9709],[93.02242,11.97007],[93.02302,11.96915],[93.02387,11.96831],[93.02438,11.96764],[93.02506,11.9668],[93.0254,11.96605],[93.02574,11.96521],[93.02592,11.96421],[93.026,11.96254],[93.02583,11.96161],[93.02524,11.96019],[93.02583,11.95902],[93.02643,11.95776],[93.02669,11.95735],[93.02694,11.95659],[93.02703,11.95601],[93.0272,11.95542],[93.02754,11.95483],[93.02762,11.9535],[93.02763,11.95257],[93.02763,11.95182],[93.02822,11.95132],[93.02916,11.95032],[93.02984,11.94939],[93.03052,11.94864],[93.03145,11.94848],[93.03213,11.94856],[93.03298,11.94915],[93.03409,11.94915],[93.03537,11.94906],[93.03605,11.94865],[93.03664,11.94781],[93.0369,11.94739],[93.03715,11.94664],[93.03715,11.94572],[93.03715,11.94496],[93.03724,11.94438],[93.03775,11.94379],[93.03843,11.94304],[93.03911,11.94199],[93.03937,11.94082],[93.03954,11.94032],[93.03996,11.93965],[93.04047,11.93881],[93.04065,11.93772],[93.04073,11.93689],[93.0409,11.93588],[93.04133,11.93471],[93.04133,11.93396],[93.04167,11.93295],[93.04218,11.93279],[93.0426,11.9327],[93.04286,11.93212],[93.04363,11.93111],[93.04414,11.92994],[93.04422,11.92961],[93.04422,11.92894],[93.04414,11.92785],[93.04414,11.92701],[93.04422,11.92626],[93.04482,11.92534],[93.04576,11.92492],[93.04644,11.92425],[93.04601,11.9235],[93.04542,11.92308],[93.04525,11.92216],[93.04525,11.92149],[93.04627,11.9209],[93.0472,11.92073],[93.04729,11.92032],[93.04738,11.91914],[93.04678,11.9178],[93.04738,11.9168],[93.04729,11.91538],[93.04687,11.91471],[93.04678,11.91387],[93.0473,11.91303],[93.04789,11.91295],[93.04866,11.9122],[93.04874,11.91136],[93.04874,11.91052],[93.04908,11.90943],[93.04942,11.90851],[93.04968,11.90768],[93.05028,11.90659],[93.05104,11.90533],[93.05164,11.90508],[93.05274,11.905],[93.05334,11.90408],[93.05334,11.90282],[93.05334,11.90165],[93.05342,11.90048],[93.05351,11.89914],[93.05351,11.89772],[93.05334,11.89613],[93.05258,11.89512],[93.05173,11.89278],[93.05054,11.89093],[93.04867,11.88834],[93.04706,11.88666],[93.04596,11.88541],[93.04502,11.88448],[93.04392,11.8844],[93.04298,11.88415],[93.04145,11.88356],[93.03984,11.88264],[93.03805,11.88213],[93.03644,11.8823],[93.03508,11.88255],[93.03355,11.88297],[93.03261,11.88355],[93.03176,11.88431],[93.03048,11.88548],[93.02955,11.88631],[93.02827,11.88748],[93.02649,11.8884],[93.02572,11.88941],[93.02572,11.89041],[93.02581,11.89108],[93.02521,11.89192],[93.02444,11.89284],[93.02436,11.8941],[93.02436,11.89502],[93.02419,11.89602],[93.02351,11.89711],[93.02342,11.89828],[93.02316,11.89912],[93.02299,11.90012],[93.02265,11.90104],[93.02206,11.90213],[93.02103,11.9033],[93.02044,11.90431],[93.01967,11.90506],[93.01967,11.9064],[93.01865,11.90816],[93.01771,11.90966],[93.01678,11.91092],[93.01601,11.91226],[93.01576,11.91326],[93.0149,11.91443],[93.01337,11.91585],[93.01244,11.91686],[93.01193,11.91832],[93.01141,11.91958],[93.01031,11.92108],[93.0098,11.92242],[93.00971,11.92317],[93.00929,11.92359],[93.00852,11.92451],[93.00774,11.92599],[93.00758,11.92627],[93.00699,11.92761],[93.00596,11.92937],[93.00494,11.93029],[93.00384,11.93112],[93.00307,11.93196],[93.00146,11.93338],[93.00086,11.93464],[92.99958,11.93472],[92.99848,11.93497],[92.99805,11.93581],[92.99839,11.93648],[92.99865,11.9374],[92.99873,11.93849],[92.99822,11.93899],[92.99796,11.93924],[92.99703,11.9394],[92.99567,11.94041],[92.9949,11.94116],[92.99473,11.94217],[92.99507,11.9425],[92.99626,11.94317],[92.99719,11.94451],[92.99804,11.94518],[92.99906,11.94552],[93.00017,11.94644],[93.00136,11.94736],[93.00212,11.94786],[93.00221,11.94862],[93.00085,11.94912],[92.99974,11.94903],[92.99906,11.94828],[92.99813,11.94828],[92.99736,11.94803],[92.99575,11.94836],[92.99396,11.94987],[92.9926,11.95087],[92.99081,11.95154],[92.99074,11.95152],[92.98928,11.95112],[92.98835,11.95053],[92.98767,11.94978],[92.9869,11.94902],[92.98597,11.94752],[92.98631,11.94676],[92.98571,11.94609],[92.98469,11.94601],[92.98274,11.94642],[92.98129,11.94651],[92.97985,11.94717],[92.97832,11.94809],[92.97628,11.94843],[92.97381,11.94943],[92.97321,11.95027],[92.97176,11.95252],[92.97049,11.95462],[92.96947,11.95595],[92.96878,11.95763],[92.96802,11.95922],[92.96691,11.96156],[92.96665,11.96298],[92.96631,11.96441],[92.96622,11.96541],[92.96605,11.96642],[92.96588,11.96683],[92.96554,11.96784],[92.96546,11.96876],[92.96469,11.96993],[92.96409,11.97068],[92.96418,11.97144],[92.96426,11.97227],[92.96452,11.97361],[92.96392,11.97428],[92.96383,11.97462],[92.96324,11.97579],[92.96264,11.97596],[92.96213,11.97688],[92.96137,11.97805],[92.96128,11.97914],[92.96094,11.97997],[92.96,11.98181],[92.95893,11.98238],[92.95872,11.98248],[92.95626,11.98399],[92.95362,11.98482],[92.95149,11.98499],[92.94792,11.98599],[92.9458,11.98598],[92.94358,11.9859],[92.94273,11.98606],[92.94154,11.98665],[92.94001,11.98681],[92.93985,11.98679],[92.93942,11.98673],[92.93823,11.98589],[92.93661,11.98564],[92.93559,11.98555],[92.93508,11.98555],[92.93457,11.98539],[92.93406,11.98597],[92.93389,11.98664],[92.93304,11.98731],[92.93321,11.9879],[92.93244,11.9889],[92.93227,11.98999],[92.9318,11.99131],[92.93167,11.99166],[92.93057,11.99317],[92.9303,11.99356],[92.93005,11.99392],[92.92886,11.99409],[92.92708,11.995],[92.92631,11.99601],[92.92605,11.99718],[92.92537,11.99793],[92.92554,11.9986],[92.9269,11.99877],[92.92801,11.99919],[92.92903,12.0002],[92.92988,12.00212],[92.92996,12.00346],[92.93089,12.00464],[92.93217,12.00598],[92.93378,12.00598],[92.9365,12.00665],[92.9399,12.0064],[92.94271,12.00791],[92.94619,12.00926],[92.94713,12.00993],[92.94823,12.01068],[92.94968,12.01169],[92.95129,12.01353],[92.95197,12.01537],[92.95239,12.01772],[92.95375,12.01956],[92.95537,12.02166],[92.95672,12.0235],[92.95783,12.02518],[92.95927,12.02694],[92.95953,12.02819],[92.96063,12.02886],[92.96097,12.02978],[92.96156,12.03096],[92.9619,12.03221],[92.96199,12.0333],[92.96207,12.03489],[92.96275,12.03573],[92.96334,12.0364],[92.9636,12.03732],[92.9637,12.03743],[92.96419,12.03799],[92.9647,12.03849],[92.96487,12.03875],[92.9647,12.0395],[92.96445,12.03967],[92.96368,12.03958],[92.96317,12.03983],[92.96317,12.04075],[92.963,12.04176],[92.96308,12.04285],[92.96368,12.04285],[92.96427,12.04218],[92.96461,12.04159],[92.96487,12.04109],[92.96547,12.04042],[92.96564,12.03975],[92.96581,12.03925],[92.96615,12.03841],[92.96691,12.03783],[92.96802,12.03724],[92.96853,12.0364],[92.96887,12.03607],[92.9687,12.03548],[92.9687,12.0349],[92.9693,12.03423],[92.96939,12.03314],[92.96981,12.03281],[92.97058,12.03339],[92.97083,12.03398],[92.97126,12.03457],[92.9716,12.03515],[92.97205,12.03524],[92.97245,12.03532],[92.97338,12.03547],[92.97398,12.03557],[92.97457,12.03599],[92.97474,12.03666],[92.97491,12.03725],[92.97499,12.03817],[92.97491,12.03867],[92.97465,12.03951],[92.9744,12.04051],[92.97448,12.04102],[92.97465,12.04177],[92.97422,12.0421],[92.97456,12.04294],[92.97507,12.04282],[92.97541,12.04282],[92.97618,12.04282],[92.97695,12.04282],[92.97746,12.04282],[92.97839,12.0424],[92.9786,12.04217],[92.97899,12.04173],[92.97958,12.04182],[92.98043,12.04182],[92.98111,12.04215],[92.98188,12.04249],[92.98239,12.04257],[92.9829,12.0424],[92.98375,12.04174]]],[[[93.07447,12.21041],[93.07465,12.21035],[93.07473,12.21045],[93.07567,12.21038],[93.07584,12.21037],[93.07635,12.21004],[93.07635,12.20945],[93.07646,12.20905],[93.07683,12.20881],[93.07686,12.2085],[93.07673,12.20803],[93.07677,12.20778],[93.07702,12.20759],[93.07721,12.20737],[93.07734,12.20721],[93.07734,12.20684],[93.07734,12.20662],[93.07742,12.20643],[93.07746,12.20633],[93.07747,12.20631],[93.07753,12.20618],[93.0776,12.20562],[93.07763,12.2053],[93.07772,12.20493],[93.07769,12.20462],[93.07788,12.20415],[93.07788,12.20399],[93.07788,12.20383],[93.07769,12.20358],[93.0776,12.20346],[93.07744,12.20327],[93.07744,12.20296],[93.0776,12.20264],[93.07804,12.20258],[93.07842,12.20252],[93.07862,12.20236],[93.07874,12.20205],[93.07874,12.20177],[93.07878,12.20145],[93.07881,12.20117],[93.07881,12.20098],[93.07881,12.20096],[93.08018,12.20033],[93.08035,12.19966],[93.08037,12.19964],[93.08037,12.19964],[93.08024,12.19917],[93.08027,12.19889],[93.08053,12.19876],[93.08091,12.19876],[93.08107,12.19876],[93.08142,12.19886],[93.08145,12.19887],[93.08189,12.19865],[93.08257,12.19782],[93.08278,12.19723],[93.08308,12.19639],[93.08359,12.19556],[93.08436,12.19556],[93.08496,12.19549],[93.08499,12.19551],[93.08531,12.1956],[93.08559,12.19557],[93.08575,12.19523],[93.08582,12.19488],[93.08585,12.19472],[93.08585,12.19447],[93.08572,12.19425],[93.08572,12.19397],[93.08572,12.19338],[93.08572,12.19331],[93.08588,12.19322],[93.0862,12.19316],[93.08658,12.19316],[93.08696,12.19316],[93.08757,12.1931],[93.08773,12.19285],[93.08763,12.19247],[93.08731,12.19235],[93.0868,12.19235],[93.08639,12.19235],[93.08598,12.19209],[93.08598,12.19184],[93.08598,12.19162],[93.08588,12.19119],[93.08569,12.1909],[93.08579,12.19056],[93.08601,12.19009],[93.0861,12.18975],[93.0862,12.18915],[93.0862,12.18868],[93.08595,12.18815],[93.08576,12.18777],[93.08588,12.18743],[93.08611,12.18718],[93.08652,12.18661],[93.08674,12.18621],[93.08697,12.1858],[93.08725,12.18549],[93.08764,12.18517],[93.08789,12.18483],[93.08818,12.18452],[93.08834,12.18424],[93.08837,12.1838],[93.08843,12.18348],[93.08846,12.18308],[93.08843,12.1827],[93.08818,12.18242],[93.08783,12.18217],[93.0874,12.18205],[93.08726,12.18201],[93.08697,12.18179],[93.08678,12.18154],[93.08687,12.18129],[93.08726,12.1814],[93.08745,12.18145],[93.08773,12.18151],[93.08783,12.18135],[93.08792,12.18114],[93.08824,12.18095],[93.08863,12.18079],[93.08904,12.18079],[93.08948,12.18107],[93.08964,12.18076],[93.08971,12.18035],[93.08971,12.17998],[93.08971,12.17948],[93.08968,12.17904],[93.08958,12.17857],[93.08952,12.17822],[93.08974,12.17797],[93.09006,12.17775],[93.09025,12.17744],[93.09041,12.17713],[93.09051,12.17678],[93.09051,12.17638],[93.09022,12.17566],[93.0899,12.17522],[93.08977,12.17475],[93.08977,12.17445],[93.08968,12.17412],[93.08958,12.17387],[93.08952,12.17353],[93.08949,12.17312],[93.08949,12.17274],[93.08949,12.17243],[93.08952,12.17212],[93.08955,12.17187],[93.08955,12.17165],[93.08952,12.17146],[93.08933,12.17118],[93.08918,12.17088],[93.08908,12.17082],[93.08905,12.17053],[93.08905,12.16978],[93.08795,12.16651],[93.08774,12.1652],[93.08778,12.16507],[93.08781,12.16463],[93.08777,12.16443],[93.08768,12.16432],[93.08746,12.16422],[93.08733,12.16422],[93.0872,12.16422],[93.08688,12.16413],[93.0866,12.16404],[93.0866,12.16392],[93.08608,12.1635],[93.08599,12.16333],[93.08599,12.16332],[93.08603,12.16285],[93.08603,12.16241],[93.08596,12.16203],[93.08571,12.16169],[93.08552,12.16161],[93.08523,12.16115],[93.08514,12.16057],[93.08514,12.15998],[93.08472,12.15906],[93.08467,12.15871],[93.08479,12.15859],[93.08479,12.15852],[93.08491,12.1584],[93.08498,12.15827],[93.08507,12.15809],[93.08518,12.15806],[93.0853,12.15768],[93.0852,12.15721],[93.08488,12.15677],[93.08466,12.15643],[93.08466,12.15608],[93.08476,12.15571],[93.08492,12.15536],[93.08511,12.15508],[93.08527,12.15464],[93.08536,12.15427],[93.08568,12.15398],[93.08597,12.15395],[93.08648,12.15376],[93.08657,12.15348],[93.08657,12.15308],[93.08629,12.15254],[93.08626,12.15236],[93.08635,12.15217],[93.0867,12.15195],[93.08694,12.15195],[93.08696,12.15195],[93.08737,12.15198],[93.08762,12.1522],[93.08777,12.15245],[93.08781,12.15251],[93.0881,12.1528],[93.08851,12.15301],[93.08886,12.15301],[93.08918,12.15273],[93.08947,12.15251],[93.08988,12.15245],[93.09039,12.15233],[93.09071,12.15223],[93.09113,12.15195],[93.09128,12.1517],[93.09132,12.15133],[93.09138,12.15098],[93.09144,12.15057],[93.09154,12.15027],[93.09204,12.1501],[93.09255,12.14985],[93.09366,12.14902],[93.09426,12.14835],[93.09447,12.14767],[93.09447,12.14766],[93.09444,12.14719],[93.09437,12.14672],[93.09463,12.14625],[93.09485,12.14609],[93.09494,12.14533],[93.09492,12.14529],[93.09476,12.14506],[93.09447,12.14469],[93.09454,12.14428],[93.09455,12.14426],[93.09469,12.144],[93.09485,12.14375],[93.09492,12.14337],[93.09492,12.14309],[93.09501,12.14275],[93.09505,12.14243],[93.09489,12.14193],[93.09447,12.14162],[93.09425,12.14143],[93.09422,12.14112],[93.09431,12.14077],[93.09438,12.14043],[93.09403,12.13993],[93.09368,12.13983],[93.09362,12.13983],[93.09352,12.1396],[93.09355,12.13911],[93.09355,12.13868],[93.09346,12.13833],[93.09333,12.13792],[93.09304,12.1373],[93.09288,12.13692],[93.0925,12.13617],[93.09212,12.13576],[93.09171,12.13517],[93.09126,12.13482],[93.09063,12.13482],[93.09053,12.13483],[93.09047,12.13478],[93.09047,12.13473],[93.09037,12.13431],[93.09031,12.13426],[93.09012,12.13398],[93.08986,12.13366],[93.08964,12.13335],[93.08948,12.13297],[93.08939,12.13266],[93.08913,12.13222],[93.08888,12.13181],[93.08865,12.13144],[93.08856,12.13109],[93.08831,12.13056],[93.08808,12.13031],[93.0878,12.12997],[93.08773,12.12959],[93.08789,12.1294],[93.08805,12.12928],[93.08819,12.12917],[93.08824,12.12906],[93.08831,12.12902],[93.08869,12.12878],[93.08913,12.12831],[93.08952,12.12796],[93.0898,12.12759],[93.08987,12.12718],[93.0899,12.12674],[93.08993,12.1263],[93.08996,12.12587],[93.0898,12.12549],[93.08962,12.12529],[93.08926,12.12489],[93.08869,12.12452],[93.08821,12.12411],[93.08821,12.12377],[93.08853,12.12364],[93.08895,12.12367],[93.08933,12.12383],[93.08974,12.12402],[93.09038,12.12402],[93.09095,12.12389],[93.0913,12.12358],[93.09152,12.12356],[93.09159,12.12352],[93.09191,12.12352],[93.09248,12.1233],[93.09283,12.12283],[93.09315,12.12233],[93.09318,12.12186],[93.09321,12.12142],[93.09302,12.12083],[93.09264,12.12061],[93.09217,12.12044],[93.09184,12.12032],[93.09178,12.11992],[93.09184,12.11986],[93.09213,12.1196],[93.09197,12.1191],[93.09216,12.11885],[93.09232,12.11848],[93.09239,12.11772],[93.09251,12.11735],[93.09286,12.11694],[93.09309,12.11644],[93.09283,12.11616],[93.09251,12.11613],[93.09204,12.11644],[93.09159,12.11638],[93.09127,12.11606],[93.09089,12.11594],[93.09057,12.11581],[93.09036,12.11563],[93.09032,12.11559],[93.09019,12.11522],[93.09019,12.11503],[93.09038,12.11478],[93.09054,12.1145],[93.09071,12.11414],[93.09073,12.11409],[93.09082,12.11393],[93.09089,12.11378],[93.09166,12.11337],[93.0922,12.11318],[93.09245,12.11313],[93.09264,12.11309],[93.09303,12.11303],[93.09328,12.1129],[93.09347,12.11265],[93.09354,12.1124],[93.09343,12.11219],[93.09344,12.11215],[93.09322,12.11152],[93.09322,12.11121],[93.09335,12.11087],[93.09335,12.11043],[93.09315,12.11024],[93.09274,12.11021],[93.09252,12.1104],[93.09249,12.11042],[93.09214,12.11068],[93.09201,12.11052],[93.09207,12.11011],[93.09214,12.10974],[93.0922,12.10921],[93.09226,12.10867],[93.09242,12.10761],[93.09242,12.10758],[93.0923,12.10711],[93.09204,12.10673],[93.09198,12.10662],[93.09185,12.10639],[93.09195,12.10598],[93.09198,12.10589],[93.09204,12.10573],[93.09204,12.10532],[93.09195,12.10498],[93.09169,12.1047],[93.09169,12.10413],[93.09169,12.10382],[93.09169,12.10341],[93.09154,12.10304],[93.09138,12.10257],[93.09122,12.10216],[93.09093,12.10178],[93.09084,12.10128],[93.09081,12.10091],[93.09068,12.10044],[93.09077,12.10022],[93.09081,12.10003],[93.09077,12.09978],[93.09052,12.09947],[93.09046,12.09943],[93.09046,12.09904],[93.09032,12.09877],[93.09033,12.09871],[93.09042,12.09837],[93.09014,12.09809],[93.08996,12.09806],[93.08979,12.09803],[93.08941,12.09781],[93.08909,12.09743],[93.08877,12.09709],[93.08823,12.09668],[93.08782,12.09636],[93.08743,12.09615],[93.08715,12.09583],[93.08708,12.0957],[93.08696,12.09546],[93.08689,12.09489],[93.0869,12.09442],[93.0869,12.09405],[93.0867,12.09361],[93.08651,12.09336],[93.08623,12.09323],[93.08588,12.0932],[93.08578,12.09322],[93.08553,12.09309],[93.08595,12.09259],[93.08597,12.09244],[93.08616,12.0922],[93.08632,12.09173],[93.08639,12.09142],[93.08642,12.09104],[93.08607,12.09079],[93.08597,12.09085],[93.0859,12.09083],[93.08553,12.09073],[93.0855,12.09048],[93.08559,12.09016],[93.08561,12.08998],[93.08563,12.08976],[93.08543,12.08938],[93.08515,12.08913],[93.08461,12.08888],[93.08394,12.08882],[93.08361,12.0889],[93.08359,12.08891],[93.08302,12.08891],[93.083,12.0889],[93.08279,12.08872],[93.08254,12.08856],[93.08187,12.08853],[93.0813,12.08869],[93.08122,12.0889],[93.08059,12.08924],[93.07983,12.08898],[93.07932,12.0884],[93.07928,12.08823],[93.07933,12.0879],[93.07949,12.08743],[93.07942,12.08722],[93.07936,12.08696],[93.07914,12.08675],[93.0791,12.0864],[93.07907,12.08599],[93.07882,12.08559],[93.07863,12.08502],[93.07837,12.08471],[93.07799,12.08443],[93.07755,12.0843],[93.07738,12.08434],[93.07723,12.08437],[93.0771,12.0844],[93.0771,12.08454],[93.0771,12.08471],[93.07691,12.08512],[93.07643,12.08537],[93.07605,12.0854],[93.0757,12.08515],[93.07552,12.08498],[93.07541,12.0849],[93.07519,12.08465],[93.07513,12.08424],[93.07481,12.08392],[93.07467,12.08387],[93.07449,12.0838],[93.07412,12.0838],[93.07408,12.0838],[93.07392,12.08405],[93.07395,12.08443],[93.07405,12.08486],[93.07403,12.08489],[93.07382,12.08521],[93.07341,12.08565],[93.07284,12.08621],[93.07239,12.08646],[93.07201,12.08668],[93.07169,12.08696],[93.07137,12.08705],[93.07102,12.08721],[93.0707,12.08721],[93.07045,12.08721],[93.07032,12.08721],[93.07013,12.08721],[93.06972,12.08715],[93.06927,12.08715],[93.06908,12.0874],[93.06921,12.0878],[93.0693,12.08799],[93.06965,12.08859],[93.06969,12.0887],[93.06978,12.08899],[93.06946,12.08918],[93.06942,12.08927],[93.0693,12.08956],[93.06937,12.08969],[93.0694,12.08975],[93.06975,12.09006],[93.06981,12.09034],[93.06965,12.09047],[93.0694,12.09031],[93.06914,12.09015],[93.06879,12.0899],[93.0686,12.0899],[93.06835,12.09012],[93.06819,12.0904],[93.06813,12.09044],[93.06793,12.09059],[93.06784,12.09075],[93.06809,12.09137],[93.06814,12.09146],[93.06831,12.09175],[93.06815,12.09194],[93.06809,12.09198],[93.06777,12.09219],[93.06755,12.09259],[93.06754,12.09269],[93.06752,12.09297],[93.06733,12.09338],[93.0672,12.09372],[93.06691,12.09407],[93.06664,12.09418],[93.06653,12.09422],[93.06631,12.09457],[93.06627,12.09513],[93.06627,12.09544],[93.06634,12.09607],[93.06634,12.09657],[93.06633,12.09659],[93.06611,12.09742],[93.06595,12.09776],[93.06573,12.09798],[93.06535,12.09826],[93.06526,12.09829],[93.06503,12.09835],[93.06481,12.09839],[93.06459,12.0982],[93.06439,12.09792],[93.0642,12.09785],[93.06401,12.09792],[93.06369,12.09804],[93.06344,12.09832],[93.06322,12.09864],[93.06303,12.09898],[93.06304,12.09925],[93.06298,12.09935],[93.06298,12.10019],[93.06289,12.10078],[93.06279,12.10135],[93.06261,12.10139],[93.0622,12.10161],[93.06213,12.10195],[93.06213,12.10224],[93.06197,12.10242],[93.06166,12.10255],[93.06099,12.1027],[93.06073,12.10302],[93.06073,12.10305],[93.06073,12.10342],[93.06051,12.10355],[93.06006,12.10352],[93.05987,12.10336],[93.05968,12.1032],[93.05933,12.10327],[93.05895,12.10352],[93.05888,12.10364],[93.05879,12.1038],[93.05854,12.10417],[93.05819,12.10443],[93.05805,12.10456],[93.05793,12.10468],[93.05786,12.10482],[93.05761,12.10536],[93.05742,12.10565],[93.05697,12.10591],[93.05688,12.10596],[93.05624,12.10633],[93.05554,12.10674],[93.05519,12.10702],[93.05487,12.10737],[93.05481,12.10777],[93.05481,12.10809],[93.05481,12.1083],[93.05446,12.10864],[93.05449,12.10893],[93.05446,12.10896],[93.0543,12.10909],[93.05417,12.10946],[93.05392,12.10975],[93.05354,12.10996],[93.05315,12.11009],[93.05261,12.11031],[93.05248,12.11068],[93.05248,12.11115],[93.05253,12.11127],[93.05252,12.11128],[93.05252,12.11128],[93.05232,12.11131],[93.05204,12.11144],[93.05172,12.11184],[93.05169,12.11201],[93.05162,12.11237],[93.0515,12.11278],[93.05131,12.11306],[93.05111,12.11338],[93.05111,12.11363],[93.05108,12.11397],[93.05083,12.11413],[93.05045,12.11422],[93.05028,12.11436],[93.05009,12.1145],[93.05,12.11478],[93.04997,12.115],[93.05016,12.11538],[93.05038,12.11554],[93.05038,12.11582],[93.05009,12.11597],[93.05003,12.11626],[93.05013,12.11657],[93.05025,12.11679],[93.05028,12.11713],[93.05047,12.11742],[93.05073,12.1176],[93.05108,12.1176],[93.05152,12.1176],[93.05169,12.1176],[93.05182,12.11768],[93.05202,12.11795],[93.05203,12.11795],[93.05238,12.11811],[93.05264,12.11842],[93.0528,12.11867],[93.0528,12.11898],[93.05276,12.11906],[93.05278,12.11931],[93.05278,12.11934],[93.0528,12.11936],[93.05311,12.11964],[93.05334,12.11977],[93.0534,12.12011],[93.0534,12.12046],[93.05337,12.12083],[93.05336,12.12084],[93.05344,12.12095],[93.05343,12.12095],[93.0535,12.12099],[93.05362,12.12118],[93.05369,12.12139],[93.05394,12.12168],[93.05423,12.12187],[93.05429,12.12205],[93.05435,12.12218],[93.05454,12.12249],[93.05474,12.12265],[93.05521,12.1229],[93.05553,12.12309],[93.05553,12.12324],[93.05543,12.12334],[93.05518,12.1234],[93.05496,12.12337],[93.05473,12.12327],[93.05438,12.12312],[93.05413,12.12296],[93.05375,12.12277],[93.05337,12.12255],[93.05283,12.12224],[93.05251,12.1219],[93.05247,12.12185],[93.05229,12.12164],[93.052,12.12139],[93.05174,12.12108],[93.05155,12.1207],[93.05136,12.12039],[93.05057,12.11986],[93.04996,12.11998],[93.04933,12.1202],[93.04879,12.12061],[93.04843,12.12123],[93.04842,12.12136],[93.04816,12.12161],[93.04748,12.1227],[93.04748,12.12337],[93.04705,12.12429],[93.04649,12.12507],[93.04646,12.12518],[93.04643,12.12546],[93.04649,12.12574],[93.04659,12.12612],[93.04646,12.1264],[93.04636,12.12662],[93.04636,12.1269],[93.04636,12.12721],[93.0463,12.12756],[93.04611,12.12772],[93.04569,12.12759],[93.04553,12.12778],[93.04528,12.12806],[93.04496,12.12818],[93.04468,12.12822],[93.04467,12.12822],[93.04436,12.128],[93.04391,12.12787],[93.04347,12.12771],[93.04315,12.12771],[93.04273,12.12756],[93.04245,12.12734],[93.04197,12.12712],[93.04166,12.1271],[93.04165,12.12709],[93.04152,12.12687],[93.0413,12.12665],[93.04082,12.12662],[93.04063,12.12668],[93.04025,12.1268],[93.03997,12.12696],[93.03995,12.12696],[93.03965,12.1273],[93.03922,12.12814],[93.03914,12.12897],[93.03908,12.12906],[93.0391,12.12909],[93.03923,12.12956],[93.03914,12.13],[93.03885,12.13018],[93.03859,12.1305],[93.03859,12.13075],[93.03847,12.13109],[93.03824,12.13119],[93.03805,12.13159],[93.03802,12.13203],[93.03767,12.13225],[93.03726,12.13234],[93.03716,12.1325],[93.03716,12.13278],[93.03709,12.1329],[93.037,12.13306],[93.03678,12.13331],[93.03684,12.13366],[93.03716,12.1341],[93.03743,12.13426],[93.03738,12.13432],[93.03738,12.13469],[93.03738,12.13497],[93.03741,12.13529],[93.03751,12.13559],[93.03751,12.13567],[93.03751,12.13579],[93.03757,12.13588],[93.03798,12.13635],[93.03821,12.13688],[93.03811,12.13723],[93.03786,12.1377],[93.03776,12.13817],[93.03776,12.13858],[93.03779,12.13905],[93.03789,12.13933],[93.03801,12.13965],[93.03805,12.13973],[93.03827,12.14008],[93.03838,12.14022],[93.03849,12.14036],[93.03862,12.14064],[93.03881,12.14111],[93.0389,12.14149],[93.039,12.14196],[93.039,12.1424],[93.03893,12.14272],[93.0389,12.14284],[93.03877,12.14318],[93.03877,12.14356],[93.03877,12.14384],[93.03906,12.14434],[93.0392,12.14445],[93.03921,12.14454],[93.03989,12.14639],[93.03989,12.14773],[93.03989,12.1479],[93.04036,12.14866],[93.04049,12.14935],[93.04055,12.14991],[93.04081,12.15045],[93.04096,12.15082],[93.04106,12.15114],[93.04106,12.15121],[93.04106,12.15157],[93.04121,12.15188],[93.04125,12.15198],[93.04163,12.15242],[93.0417,12.1528],[93.04192,12.15327],[93.04201,12.1537],[93.04246,12.15486],[93.04262,12.15524],[93.04274,12.15583],[93.04281,12.15643],[93.04281,12.15693],[93.04316,12.15746],[93.04344,12.1579],[93.04376,12.1584],[93.04395,12.15893],[93.04411,12.15947],[93.04417,12.15994],[93.04455,12.16085],[93.04452,12.16144],[93.04457,12.16182],[93.04515,12.16272],[93.0454,12.16397],[93.04626,12.16498],[93.04642,12.16665],[93.04702,12.16799],[93.04753,12.16891],[93.04872,12.17017],[93.04957,12.17302],[93.04957,12.17427],[93.05008,12.17544],[93.05025,12.17662],[93.05101,12.17779],[93.0511,12.17848],[93.05119,12.17879],[93.05157,12.17951],[93.0517,12.18011],[93.05183,12.18061],[93.05208,12.18102],[93.0525,12.18146],[93.05259,12.18205],[93.05259,12.18285],[93.05364,12.18541],[93.05466,12.18725],[93.05491,12.18822],[93.05491,12.18822],[93.05507,12.18882],[93.05542,12.18919],[93.05558,12.18969],[93.05564,12.19023],[93.05593,12.19092],[93.05599,12.1911],[93.05647,12.19182],[93.05666,12.19208],[93.05672,12.19236],[93.05679,12.19283],[93.05687,12.19294],[93.0584,12.19537],[93.05993,12.19789],[93.06112,12.1999],[93.06172,12.2009],[93.06257,12.20182],[93.06291,12.20258],[93.06401,12.20417],[93.06456,12.20625],[93.06477,12.20642],[93.06496,12.20689],[93.06502,12.20708],[93.06505,12.20736],[93.06498,12.20753],[93.06512,12.20794],[93.06535,12.20849],[93.06546,12.20855],[93.06569,12.20884],[93.06575,12.20931],[93.06591,12.20971],[93.06607,12.21006],[93.06623,12.21034],[93.06645,12.21065],[93.06667,12.21084],[93.06696,12.21103],[93.06721,12.21122],[93.0676,12.21134],[93.06773,12.21135],[93.06804,12.21153],[93.06849,12.21166],[93.06906,12.21166],[93.06992,12.21163],[93.0704,12.21141],[93.07116,12.21125],[93.07157,12.21116],[93.07199,12.21103],[93.0724,12.21084],[93.07285,12.21075],[93.07371,12.21056],[93.07415,12.2105],[93.07447,12.21041]]],[[[92.21649,11.59478],[92.21686,11.5947],[92.21739,11.59466],[92.21783,11.5945],[92.21804,11.59426],[92.21804,11.59402],[92.2178,11.59362],[92.21776,11.59326],[92.21817,11.59278],[92.21878,11.59266],[92.21947,11.59254],[92.22082,11.59218],[92.22163,11.59203],[92.22237,11.59155],[92.22282,11.59123],[92.22335,11.59091],[92.22371,11.59063],[92.22412,11.59011],[92.22502,11.58967],[92.22555,11.58947],[92.22624,11.58935],[92.22682,11.58907],[92.22726,11.58883],[92.22771,11.58839],[92.2282,11.58799],[92.22886,11.58776],[92.22963,11.58764],[92.23045,11.58756],[92.23094,11.58756],[92.23171,11.58772],[92.23244,11.58805],[92.23305,11.58849],[92.23354,11.58894],[92.23377,11.58916],[92.23386,11.58917],[92.23408,11.58934],[92.23432,11.58969],[92.23454,11.58997],[92.23455,11.59016],[92.23457,11.5904],[92.23467,11.59078],[92.23496,11.5912],[92.23545,11.59159],[92.23613,11.59159],[92.2367,11.59188],[92.23715,11.59184],[92.23817,11.59184],[92.23943,11.59185],[92.2398,11.59197],[92.2402,11.59204],[92.24039,11.59217],[92.24079,11.59221],[92.24128,11.59231],[92.24178,11.59231],[92.24217,11.59232],[92.24285,11.59232],[92.24301,11.5923],[92.24356,11.59225],[92.24359,11.59225],[92.24361,11.59225],[92.24416,11.59208],[92.24491,11.59208],[92.24535,11.59203],[92.24555,11.59201],[92.24605,11.59184],[92.24652,11.59165],[92.24665,11.59159],[92.24728,11.59149],[92.24729,11.59149],[92.24804,11.59128],[92.24865,11.59104],[92.24915,11.59087],[92.24993,11.59087],[92.25064,11.59087],[92.25103,11.59077],[92.25119,11.59072],[92.25156,11.59059],[92.25238,11.59056],[92.25299,11.59056],[92.25341,11.59057],[92.2535,11.59057],[92.25398,11.59057],[92.25434,11.59057],[92.25487,11.59057],[92.25555,11.59057],[92.25619,11.59054],[92.25715,11.59054],[92.25768,11.59055],[92.25805,11.59046],[92.25813,11.59046],[92.25846,11.59044],[92.25899,11.59028],[92.25937,11.59011],[92.25977,11.58999],[92.2602,11.58991],[92.26051,11.58986],[92.2608,11.58979],[92.26106,11.58972],[92.26138,11.58964],[92.26183,11.58964],[92.26216,11.58964],[92.26267,11.58965],[92.26295,11.58963],[92.26327,11.5896],[92.26336,11.58953],[92.26357,11.58941],[92.26365,11.58933],[92.26384,11.58912],[92.26403,11.58884],[92.26427,11.58853],[92.26448,11.58831],[92.26471,11.58804],[92.26498,11.58782],[92.26514,11.58769],[92.26557,11.58757],[92.26586,11.5874],[92.26596,11.58735],[92.26631,11.58724],[92.2666,11.58724],[92.26696,11.58712],[92.26727,11.58688],[92.26749,11.5867],[92.26772,11.58648],[92.26791,11.58641],[92.26836,11.58604],[92.26867,11.58585],[92.26901,11.58572],[92.26941,11.58553],[92.2697,11.58532],[92.26989,11.58511],[92.27013,11.58496],[92.2703,11.58484],[92.27042,11.58466],[92.27063,11.58417],[92.27063,11.58378],[92.2706,11.58345],[92.2706,11.58306],[92.2706,11.58274],[92.27053,11.58223],[92.27066,11.58193],[92.27081,11.58157],[92.27081,11.58132],[92.27076,11.58091],[92.27063,11.58076],[92.27063,11.58056],[92.27063,11.58044],[92.2707,11.58017],[92.27063,11.57986],[92.27053,11.57969],[92.27048,11.5794],[92.27036,11.57898],[92.27036,11.57871],[92.27041,11.57849],[92.27057,11.5783],[92.27058,11.57817],[92.27046,11.578],[92.27041,11.57783],[92.27041,11.57763],[92.27057,11.57729],[92.27071,11.57703],[92.27071,11.57681],[92.27057,11.57663],[92.27038,11.57644],[92.27019,11.5762],[92.27004,11.57584],[92.26997,11.57557],[92.26996,11.57522],[92.26996,11.575],[92.26993,11.57461],[92.26989,11.5744],[92.26982,11.57413],[92.26969,11.57383],[92.26953,11.5735],[92.26935,11.57318],[92.26923,11.57284],[92.26918,11.57261],[92.26885,11.57205],[92.26868,11.57162],[92.26848,11.57128],[92.26838,11.57043],[92.26831,11.57016],[92.26829,11.56989],[92.26829,11.56962],[92.26829,11.56923],[92.26842,11.56884],[92.26854,11.56835],[92.26854,11.56801],[92.26854,11.56759],[92.26854,11.56715],[92.26866,11.56683],[92.26878,11.56649],[92.26911,11.56617],[92.26942,11.5661],[92.26959,11.56597],[92.26973,11.56573],[92.26965,11.56551],[92.26949,11.56513],[92.26946,11.56485],[92.26931,11.56447],[92.26927,11.56419],[92.26918,11.56404],[92.26917,11.5638],[92.26895,11.56339],[92.26876,11.56301],[92.2687,11.5624],[92.26849,11.5621],[92.26837,11.56176],[92.26837,11.56134],[92.26839,11.56047],[92.26841,11.56005],[92.26853,11.55971],[92.26871,11.55915],[92.26881,11.55854],[92.26888,11.55824],[92.26897,11.55778],[92.26895,11.55725],[92.26882,11.55673],[92.26877,11.55627],[92.26877,11.55593],[92.26884,11.55553],[92.26901,11.55502],[92.26908,11.55475],[92.2691,11.55449],[92.26912,11.55427],[92.26912,11.554],[92.26919,11.5538],[92.26931,11.55331],[92.26949,11.55294],[92.26969,11.55241],[92.26971,11.55197],[92.26987,11.55153],[92.26996,11.5507],[92.26996,11.55039],[92.26996,11.54996],[92.26996,11.54951],[92.27003,11.54914],[92.27006,11.54858],[92.27013,11.54829],[92.27063,11.54779],[92.27077,11.54766],[92.27107,11.54761],[92.27139,11.54764],[92.27164,11.54766],[92.27185,11.54755],[92.27203,11.54728],[92.27201,11.54707],[92.27189,11.54682],[92.27178,11.54649],[92.27178,11.54617],[92.27192,11.54579],[92.27225,11.54461],[92.27245,11.54416],[92.27275,11.54346],[92.27292,11.54308],[92.27317,11.54256],[92.27331,11.54211],[92.27356,11.54152],[92.27372,11.54107],[92.27386,11.54039],[92.274,11.54003],[92.27403,11.53958],[92.27417,11.53883],[92.2744,11.53818],[92.27449,11.53764],[92.27461,11.53692],[92.27461,11.53646],[92.27461,11.53583],[92.27448,11.53518],[92.27427,11.53479],[92.27402,11.53398],[92.2738,11.53359],[92.27357,11.53328],[92.27332,11.53289],[92.27295,11.53248],[92.27268,11.53194],[92.27241,11.5314],[92.27236,11.53132],[92.27211,11.53094],[92.27181,11.53054],[92.27168,11.5299],[92.27167,11.52981],[92.27156,11.52961],[92.27104,11.52866],[92.27086,11.52814],[92.27084,11.52744],[92.27059,11.52689],[92.27048,11.5261],[92.27039,11.52563],[92.27034,11.52502],[92.2703,11.52441],[92.27023,11.52382],[92.27014,11.52337],[92.26989,11.5231],[92.26959,11.52292],[92.26921,11.52289],[92.26882,11.52289],[92.26847,11.52289],[92.26804,11.52289],[92.26767,11.52286],[92.26719,11.5227],[92.2668,11.52245],[92.2666,11.52191],[92.26639,11.52153],[92.26621,11.5211],[92.26603,11.52085],[92.26573,11.52069],[92.26543,11.5206],[92.26498,11.52057],[92.26459,11.52048],[92.26415,11.52048],[92.26376,11.52034],[92.26337,11.52007],[92.26303,11.51984],[92.2626,11.51948],[92.2623,11.5193],[92.2621,11.51889],[92.26189,11.51853],[92.26157,11.51821],[92.26132,11.51803],[92.261,11.51801],[92.26061,11.51807],[92.26009,11.51854],[92.26001,11.51861],[92.2599,11.51879],[92.2596,11.51911],[92.2593,11.51924],[92.25909,11.51949],[92.25902,11.51974],[92.25879,11.52008],[92.25865,11.5203],[92.25845,11.52053],[92.25833,11.52069],[92.25812,11.52098],[92.2581,11.521],[92.25809,11.52101],[92.25708,11.52205],[92.25568,11.52355],[92.253,11.52567],[92.25057,11.52636],[92.24841,11.52673],[92.24663,11.52672],[92.24548,11.52676],[92.24516,11.52654],[92.24482,11.52635],[92.24439,11.5261],[92.24409,11.52592],[92.24326,11.52549],[92.24281,11.52549],[92.24242,11.52549],[92.2421,11.52549],[92.24155,11.52558],[92.24118,11.52569],[92.24072,11.52573],[92.24022,11.52582],[92.23976,11.52602],[92.23941,11.52622],[92.23934,11.52627],[92.23714,11.52637],[92.23555,11.52583],[92.23554,11.52583],[92.23513,11.52589],[92.23479,11.52594],[92.2344,11.52602],[92.23405,11.52614],[92.23376,11.52618],[92.23332,11.52631],[92.23298,11.52643],[92.23288,11.52643],[92.23237,11.52661],[92.23026,11.52748],[92.2279,11.52873],[92.22593,11.52953],[92.22363,11.53053],[92.22351,11.53054],[92.22339,11.53044],[92.22325,11.53044],[92.22284,11.53048],[92.22247,11.53048],[92.22208,11.53032],[92.22199,11.5303],[92.22167,11.53023],[92.22135,11.53023],[92.22103,11.53029],[92.22095,11.5303],[92.22073,11.53031],[92.22036,11.5302],[92.22002,11.52995],[92.2199,11.52981],[92.21954,11.52965],[92.21929,11.52968],[92.21913,11.52965],[92.21899,11.52949],[92.21879,11.52934],[92.21856,11.5292],[92.21849,11.52911],[92.21833,11.52888],[92.21831,11.52861],[92.21845,11.52823],[92.21863,11.52803],[92.21884,11.52771],[92.21898,11.52748],[92.21923,11.52724],[92.2193,11.52688],[92.21928,11.52654],[92.2192,11.52652],[92.21923,11.52636],[92.21905,11.52636],[92.21877,11.5265],[92.21876,11.52652],[92.21862,11.52678],[92.21855,11.52696],[92.21843,11.52703],[92.21827,11.52713],[92.21802,11.52727],[92.21766,11.52737],[92.21745,11.52765],[92.21731,11.52786],[92.2173,11.52811],[92.2173,11.52843],[92.21744,11.52885],[92.21744,11.52902],[92.21774,11.52914],[92.21787,11.52926],[92.21814,11.52947],[92.21817,11.52979],[92.218,11.53001],[92.21782,11.53016],[92.21771,11.53026],[92.21738,11.53044],[92.21731,11.53045],[92.2172,11.53046],[92.21672,11.5305],[92.21642,11.5303],[92.21626,11.53012],[92.21638,11.52989],[92.21645,11.52978],[92.21652,11.52972],[92.21652,11.52967],[92.21652,11.52967],[92.21652,11.52947],[92.21652,11.52926],[92.21641,11.52912],[92.21631,11.52905],[92.21606,11.52898],[92.21588,11.52898],[92.21559,11.52905],[92.21531,11.52919],[92.2152,11.52919],[92.21502,11.52933],[92.21492,11.5294],[92.21485,11.52954],[92.21477,11.52964],[92.2146,11.52975],[92.21449,11.52996],[92.21445,11.53013],[92.21445,11.53034],[92.21448,11.53042],[92.21447,11.53043],[92.21447,11.53061],[92.21466,11.5309],[92.21516,11.53099],[92.21541,11.53104],[92.21553,11.53122],[92.21553,11.53137],[92.21552,11.53152],[92.21552,11.5319],[92.21548,11.53219],[92.21522,11.53244],[92.2149,11.53273],[92.21474,11.53303],[92.21449,11.53327],[92.21414,11.53354],[92.21394,11.53377],[92.21361,11.53413],[92.21343,11.5344],[92.21322,11.53462],[92.21304,11.53481],[92.2129,11.53523],[92.21285,11.53539],[92.21269,11.53578],[92.21262,11.53607],[92.21257,11.53641],[92.21254,11.53662],[92.21253,11.53668],[92.21243,11.53722],[92.21241,11.53769],[92.21241,11.53803],[92.21241,11.53808],[92.21243,11.53828],[92.21241,11.53853],[92.21238,11.53894],[92.21227,11.53937],[92.21212,11.53946],[92.21204,11.53952],[92.2116,11.5402],[92.21148,11.54056],[92.21125,11.54076],[92.21107,11.54094],[92.21082,11.54112],[92.21081,11.54115],[92.2108,11.54118],[92.21075,11.54135],[92.21075,11.54173],[92.21081,11.54189],[92.21113,11.54216],[92.21117,11.54219],[92.21122,11.54221],[92.21157,11.54255],[92.21154,11.5428],[92.21136,11.54309],[92.21117,11.54347],[92.21092,11.54379],[92.21069,11.54406],[92.21059,11.54414],[92.21027,11.54473],[92.20886,11.54705],[92.20797,11.54805],[92.20807,11.54866],[92.20797,11.54884],[92.20781,11.54918],[92.20767,11.54963],[92.20771,11.55001],[92.2079,11.55024],[92.2079,11.55031],[92.20828,11.55075],[92.20821,11.55145],[92.2084,11.5522],[92.20833,11.55314],[92.20846,11.55402],[92.20839,11.5559],[92.20857,11.55691],[92.20895,11.55735],[92.20901,11.55754],[92.20901,11.55754],[92.20924,11.5577],[92.2094,11.55802],[92.2094,11.55833],[92.20935,11.55874],[92.20928,11.55917],[92.20926,11.55966],[92.20926,11.56003],[92.2093,11.56033],[92.20932,11.56045],[92.20942,11.56061],[92.20949,11.56072],[92.20962,11.56093],[92.20984,11.56109],[92.21028,11.56156],[92.21066,11.56188],[92.21097,11.56269],[92.21122,11.56338],[92.21192,11.56439],[92.21198,11.56521],[92.21204,11.56532],[92.21206,11.56548],[92.2121,11.56582],[92.21226,11.56636],[92.21249,11.56679],[92.21294,11.56736],[92.21319,11.56765],[92.21322,11.56768],[92.21349,11.56795],[92.21374,11.56826],[92.21383,11.56869],[92.21384,11.56879],[92.21387,11.56919],[92.21417,11.56967],[92.21438,11.57005],[92.21465,11.57041],[92.21488,11.57073],[92.21496,11.5708],[92.21533,11.57162],[92.21522,11.57242],[92.21526,11.57249],[92.21526,11.57277],[92.21524,11.57301],[92.21521,11.57335],[92.21514,11.57371],[92.21512,11.57408],[92.21505,11.57437],[92.21486,11.57471],[92.21482,11.57505],[92.21465,11.57556],[92.21447,11.57579],[92.21447,11.57582],[92.21451,11.57588],[92.21447,11.57624],[92.21437,11.57638],[92.21428,11.57653],[92.21414,11.57683],[92.21407,11.57705],[92.2138,11.57762],[92.21368,11.57784],[92.21322,11.57874],[92.21294,11.57913],[92.21271,11.5794],[92.21251,11.57969],[92.21228,11.58001],[92.21212,11.5803],[92.21152,11.581],[92.21131,11.58125],[92.21106,11.58158],[92.21083,11.58181],[92.21016,11.58237],[92.20977,11.58264],[92.20913,11.58329],[92.20871,11.58345],[92.20839,11.58374],[92.20807,11.58394],[92.2078,11.58405],[92.2078,11.58546],[92.20805,11.58613],[92.20824,11.58611],[92.20831,11.58613],[92.20877,11.58613],[92.20927,11.58617],[92.20973,11.58621],[92.21026,11.58635],[92.21183,11.58695],[92.21225,11.58709],[92.21279,11.5873],[92.21325,11.58741],[92.21364,11.58769],[92.21399,11.5879],[92.21424,11.58811],[92.21452,11.58833],[92.21481,11.58847],[92.21534,11.58878],[92.21562,11.58914],[92.21584,11.58945],[92.21605,11.58973],[92.21626,11.59009],[92.21647,11.59051],[92.21686,11.59096],[92.21694,11.5911],[92.21734,11.59236],[92.21731,11.59249],[92.21731,11.59318],[92.2171,11.5935],[92.21682,11.59378],[92.21641,11.59394],[92.216,11.59397],[92.21568,11.59413],[92.21564,11.59437],[92.21572,11.59458],[92.21604,11.59474],[92.21649,11.59478]]],[[[93.02913,12.16558],[93.02916,12.16525],[93.02916,12.1649],[93.02935,12.16463],[93.02952,12.16438],[93.02952,12.16403],[93.02949,12.16367],[93.02938,12.16343],[93.02911,12.16316],[93.02891,12.16288],[93.0288,12.16272],[93.02861,12.16264],[93.0285,12.1626],[93.02873,12.1617],[93.02873,12.16086],[93.02873,12.16053],[93.02839,12.16002],[93.02818,12.15988],[93.02832,12.15958],[93.02843,12.15928],[93.02846,12.15903],[93.02852,12.15882],[93.02854,12.1586],[93.02852,12.15846],[93.02835,12.15827],[93.02824,12.15814],[93.02824,12.15789],[93.0281,12.15754],[93.02802,12.15735],[93.02788,12.15715],[93.02758,12.15688],[93.02746,12.15677],[93.02743,12.15675],[93.02716,12.15661],[93.0271,12.15625],[93.0272,12.15607],[93.02727,12.15593],[93.0273,12.15549],[93.02733,12.15519],[93.02719,12.15492],[93.02722,12.15484],[93.02727,12.15454],[93.02725,12.15421],[93.02722,12.15386],[93.02716,12.15367],[93.02697,12.15353],[93.02703,12.15291],[93.02704,12.15251],[93.02719,12.15228],[93.02747,12.15171],[93.02752,12.15119],[93.02755,12.15067],[93.0275,12.15032],[93.02739,12.1501],[93.02717,12.14972],[93.02719,12.14933],[93.02719,12.14884],[93.027,12.14844],[93.02703,12.14808],[93.02717,12.14756],[93.02722,12.14696],[93.02739,12.14661],[93.0275,12.14628],[93.02772,12.14587],[93.02803,12.14552],[93.02817,12.14519],[93.02853,12.14479],[93.02875,12.1443],[93.0288,12.14405],[93.02872,12.14361],[93.02867,12.14323],[93.02842,12.14291],[93.02803,12.14252],[93.02753,12.14233],[93.02725,12.14239],[93.02662,12.14202],[93.02587,12.14189],[93.02562,12.14206],[93.02534,12.14203],[93.02512,12.14187],[93.02517,12.14176],[93.02523,12.14162],[93.02548,12.14154],[93.02562,12.1413],[93.02582,12.14105],[93.02587,12.14081],[93.02596,12.14048],[93.02604,12.14007],[93.02607,12.13974],[93.02609,12.13939],[93.02629,12.13909],[93.02651,12.13876],[93.0267,12.13846],[93.02679,12.13827],[93.02698,12.13795],[93.02723,12.13781],[93.02765,12.13767],[93.02806,12.13757],[93.02831,12.13748],[93.02851,12.13724],[93.02853,12.13702],[93.02853,12.13669],[93.02853,12.1365],[93.02845,12.1363],[93.02859,12.13612],[93.02889,12.13604],[93.029,12.13611],[93.02917,12.13623],[93.02945,12.13626],[93.02967,12.13623],[93.03,12.13607],[93.03022,12.13582],[93.03036,12.13547],[93.03039,12.13531],[93.03042,12.13514],[93.03053,12.13492],[93.03078,12.13435],[93.03103,12.13386],[93.03108,12.13348],[93.03108,12.13326],[93.03111,12.13299],[93.03117,12.1328],[93.03117,12.13242],[93.03125,12.13201],[93.03136,12.13163],[93.03161,12.13114],[93.03175,12.13078],[93.03183,12.13046],[93.03192,12.13019],[93.032,12.12991],[93.03219,12.12953],[93.03242,12.12923],[93.03289,12.12877],[93.03303,12.12844],[93.03311,12.12801],[93.03319,12.12773],[93.03325,12.1273],[93.03334,12.12715],[93.0333,12.12708],[93.03333,12.12686],[93.03377,12.12675],[93.034,12.12675],[93.03438,12.12675],[93.03477,12.12681],[93.03485,12.12686],[93.0351,12.12673],[93.03516,12.1264],[93.0351,12.12599],[93.03509,12.12584],[93.03508,12.12561],[93.03522,12.12531],[93.03523,12.1253],[93.03555,12.1249],[93.0356,12.12428],[93.03536,12.12381],[93.03505,12.12349],[93.0348,12.12329],[93.03453,12.12324],[93.03436,12.12327],[93.03411,12.12308],[93.03381,12.12253],[93.0337,12.12201],[93.03364,12.12147],[93.0335,12.12111],[93.0332,12.12049],[93.03284,12.11983],[93.03276,12.11945],[93.03262,12.11912],[93.03231,12.11893],[93.03217,12.1189],[93.03184,12.11882],[93.03165,12.11852],[93.03176,12.11809],[93.03182,12.11792],[93.0319,12.11771],[93.03207,12.11733],[93.03207,12.117],[93.03168,12.1167],[93.03167,12.11669],[93.03137,12.11643],[93.03104,12.1161],[93.03079,12.11577],[93.03079,12.11566],[93.03107,12.1155],[93.03161,12.11565],[93.03165,12.11566],[93.03193,12.11572],[93.03212,12.11553],[93.03232,12.11523],[93.03234,12.1149],[93.03223,12.1146],[93.03176,12.11444],[93.03154,12.11444],[93.03144,12.11434],[93.03129,12.11419],[93.03129,12.11401],[93.03129,12.11392],[93.03129,12.11365],[93.03127,12.11359],[93.03121,12.11343],[93.03127,12.11329],[93.0314,12.11313],[93.03144,12.1131],[93.03165,12.11288],[93.03185,12.11264],[93.03185,12.11215],[93.03171,12.11193],[93.03169,12.1119],[93.03169,12.11156],[93.03169,12.1111],[93.03169,12.11077],[93.03138,12.11036],[93.03148,12.11003],[93.03149,12.11002],[93.03182,12.10991],[93.03202,12.10981],[93.03227,12.10962],[93.03243,12.10934],[93.03246,12.10904],[93.03246,12.10885],[93.03246,12.10869],[93.03246,12.10853],[93.03234,12.10825],[93.03241,12.10797],[93.03267,12.1076],[93.03296,12.10743],[93.03339,12.10705],[93.03352,12.10659],[93.03356,12.10614],[93.03356,12.10572],[93.03356,12.10543],[93.03356,12.10505],[93.03347,12.10484],[93.03376,12.1045],[93.03382,12.10455],[93.03407,12.10479],[93.03451,12.10479],[93.03468,12.10471],[93.03484,12.1043],[93.03487,12.104],[93.03509,12.10373],[93.03526,12.10346],[93.03534,12.10313],[93.03529,12.10292],[93.03501,12.10278],[93.0351,12.10256],[93.03523,12.10232],[93.03526,12.10204],[93.03518,12.10174],[93.03493,12.1015],[93.0346,12.1015],[93.03413,12.10147],[93.03399,12.10161],[93.03397,12.10162],[93.03397,12.10092],[93.03413,12.10033],[93.03471,12.10016],[93.03499,12.09989],[93.03507,12.09973],[93.03507,12.09966],[93.03488,12.09959],[93.03454,12.09907],[93.0349,12.09894],[93.03549,12.09826],[93.03585,12.09793],[93.03599,12.09766],[93.0361,12.09736],[93.03623,12.09717],[93.03637,12.09703],[93.03662,12.097],[93.03671,12.09701],[93.03661,12.09681],[93.0366,12.09679],[93.03657,12.09662],[93.03668,12.09646],[93.03687,12.09646],[93.03688,12.09646],[93.03712,12.09651],[93.03745,12.09646],[93.03765,12.09621],[93.03776,12.09586],[93.03804,12.09551],[93.03837,12.09526],[93.03842,12.09496],[93.03856,12.09474],[93.03895,12.09453],[93.0392,12.09436],[93.03909,12.09404],[93.03884,12.09395],[93.03884,12.09379],[93.03887,12.09365],[93.0389,12.09349],[93.03942,12.09311],[93.0397,12.09289],[93.04,12.09267],[93.0402,12.09251],[93.04025,12.09245],[93.04053,12.09213],[93.04081,12.09183],[93.04086,12.09159],[93.04089,12.09139],[93.04097,12.09104],[93.04103,12.09082],[93.04117,12.0906],[93.04105,12.09033],[93.04117,12.09031],[93.04145,12.09003],[93.04161,12.08973],[93.04175,12.08949],[93.04192,12.08924],[93.04214,12.08911],[93.04239,12.08894],[93.04266,12.08878],[93.04275,12.08834],[93.04278,12.08815],[93.04278,12.08791],[93.04278,12.08785],[93.0428,12.08769],[93.04308,12.08761],[93.04316,12.08759],[93.0433,12.08755],[93.0438,12.0875],[93.04411,12.08742],[93.04441,12.0872],[93.04447,12.08696],[93.04455,12.08668],[93.04488,12.08638],[93.04516,12.08628],[93.04549,12.08619],[93.04566,12.08595],[93.04566,12.08562],[93.04549,12.08539],[93.04546,12.08535],[93.04544,12.0851],[93.04549,12.08491],[93.04566,12.08475],[93.04591,12.08472],[93.04618,12.08472],[93.04629,12.08467],[93.04635,12.08464],[93.04641,12.08458],[93.04643,12.08456],[93.04665,12.08437],[93.04685,12.08432],[93.04713,12.08434],[93.04732,12.08434],[93.04737,12.08434],[93.04739,12.08433],[93.04751,12.08421],[93.04782,12.0841],[93.04812,12.0841],[93.04821,12.0841],[93.04865,12.0841],[93.04884,12.08404],[93.04923,12.08394],[93.04956,12.08361],[93.04962,12.08336],[93.04987,12.08315],[93.04981,12.08241],[93.04942,12.08195],[93.04921,12.08176],[93.04928,12.08172],[93.04945,12.08173],[93.04984,12.08173],[93.0502,12.08154],[93.0502,12.08129],[93.05018,12.0811],[93.05017,12.08097],[93.0502,12.08072],[93.05048,12.08039],[93.05073,12.08031],[93.05089,12.08026],[93.051,12.08023],[93.05134,12.08007],[93.05156,12.07969],[93.05159,12.07961],[93.05156,12.07922],[93.05136,12.07879],[93.05134,12.07874],[93.05134,12.078],[93.05138,12.07789],[93.05139,12.07789],[93.05195,12.07762],[93.05231,12.07737],[93.05256,12.07724],[93.05317,12.07699],[93.05383,12.07658],[93.05402,12.07636],[93.05408,12.07598],[93.05408,12.07568],[93.05383,12.07536],[93.05344,12.07517],[93.05308,12.07517],[93.05283,12.07517],[93.05268,12.07522],[93.05253,12.07527],[93.05239,12.07539],[93.05239,12.07538],[93.05228,12.07525],[93.05225,12.07522],[93.05213,12.07503],[93.05212,12.075],[93.05187,12.07489],[93.05171,12.07489],[93.0514,12.07489],[93.05128,12.07489],[93.05116,12.07498],[93.05098,12.07511],[93.05079,12.07514],[93.05065,12.07495],[93.05095,12.07478],[93.05095,12.07478],[93.05117,12.07456],[93.0512,12.07421],[93.05106,12.07397],[93.05079,12.07396],[93.05048,12.0738],[93.05054,12.07345],[93.05082,12.07328],[93.05112,12.07317],[93.0514,12.07331],[93.05165,12.0732],[93.05173,12.07285],[93.05173,12.07244],[93.05159,12.07211],[93.05118,12.07198],[93.05115,12.07176],[93.05116,12.07166],[93.05118,12.0714],[93.05137,12.07143],[93.0515,12.07151],[93.05167,12.07162],[93.05181,12.07162],[93.05223,12.07146],[93.05245,12.07124],[93.05256,12.07094],[93.05264,12.07059],[93.05276,12.07034],[93.05295,12.06988],[93.05303,12.06944],[93.05306,12.06879],[93.05287,12.06824],[93.05283,12.0682],[93.05287,12.06792],[93.0529,12.06743],[93.05292,12.0668],[93.05292,12.06639],[93.05292,12.06598],[93.05292,12.06552],[93.05281,12.06511],[93.05251,12.0647],[93.05218,12.06432],[93.0519,12.06394],[93.05176,12.06359],[93.05176,12.06329],[93.05169,12.06295],[93.05168,12.06293],[93.05168,12.06269],[93.05185,12.06233],[93.05204,12.06247],[93.05204,12.06276],[93.05204,12.06285],[93.05235,12.06301],[93.05265,12.06288],[93.05293,12.06247],[93.05323,12.06214],[93.05334,12.06176],[93.05326,12.06092],[93.05315,12.06026],[93.05307,12.06012],[93.0529,12.05985],[93.05286,12.05979],[93.05246,12.05923],[93.05218,12.05893],[93.05193,12.05882],[93.05182,12.0589],[93.05155,12.05909],[93.05149,12.05931],[93.05105,12.05928],[93.05066,12.05903],[93.05051,12.05872],[93.05044,12.05857],[93.05048,12.05839],[93.05027,12.0583],[93.05002,12.05813],[93.04994,12.05792],[93.05019,12.05775],[93.05033,12.05775],[93.05049,12.05775],[93.05064,12.05784],[93.05088,12.05754],[93.05146,12.0571],[93.05174,12.05669],[93.0518,12.05642],[93.05177,12.0562],[93.05167,12.05615],[93.0517,12.05607],[93.05102,12.05456],[93.05033,12.05355],[93.05033,12.05345],[93.05033,12.05307],[93.05022,12.05269],[93.04989,12.05236],[93.04964,12.05203],[93.04939,12.05173],[93.0492,12.0514],[93.04906,12.051],[93.04901,12.05056],[93.04865,12.0501],[93.04837,12.04961],[93.04801,12.04917],[93.04768,12.0489],[93.04746,12.04879],[93.04719,12.04877],[93.04696,12.04876],[93.0466,12.04879],[93.04643,12.04903],[93.04618,12.0492],[93.04591,12.04911],[93.04591,12.04881],[93.04616,12.04865],[93.04632,12.04851],[93.0464,12.0483],[93.04648,12.04808],[93.04649,12.04805],[93.04663,12.04783],[93.04663,12.04756],[93.04629,12.04732],[93.04602,12.04712],[93.04555,12.04702],[93.04546,12.047],[93.04503,12.04679],[93.04513,12.04663],[93.0453,12.04652],[93.04549,12.04625],[93.04555,12.04603],[93.0453,12.04573],[93.04494,12.04579],[93.04461,12.04584],[93.04411,12.04592],[93.04369,12.04603],[93.04336,12.04606],[93.04286,12.04609],[93.04248,12.04611],[93.04192,12.04622],[93.04142,12.04639],[93.04109,12.04644],[93.0409,12.04677],[93.0409,12.04712],[93.04084,12.04742],[93.04062,12.04764],[93.04043,12.04783],[93.04043,12.04804],[93.0404,12.04813],[93.0404,12.04835],[93.04034,12.04856],[93.04018,12.04886],[93.04005,12.04894],[93.04005,12.04903],[93.03945,12.04969],[93.03945,12.04971],[93.03954,12.0499],[93.03954,12.05014],[93.03954,12.05042],[93.03943,12.05066],[93.03918,12.05118],[93.0389,12.05167],[93.03854,12.05219],[93.03818,12.05281],[93.03793,12.05314],[93.03774,12.05344],[93.03757,12.05374],[93.03735,12.05401],[93.03718,12.05428],[93.03704,12.0545],[93.03688,12.0548],[93.03647,12.05488],[93.03647,12.05488],[93.03647,12.05631],[93.03654,12.05638],[93.03646,12.05646],[93.03643,12.05657],[93.03613,12.05676],[93.0361,12.05706],[93.03635,12.05733],[93.03657,12.0575],[93.03662,12.05763],[93.03647,12.05798],[93.03583,12.05865],[93.03579,12.05867],[93.03557,12.05878],[93.03538,12.0591],[93.03538,12.05912],[93.03535,12.05935],[93.03527,12.05965],[93.03513,12.05995],[93.03499,12.06033],[93.03482,12.06066],[93.03474,12.06104],[93.03452,12.06134],[93.03438,12.06161],[93.03409,12.06173],[93.03409,12.06175],[93.03368,12.0622],[93.03281,12.06317],[93.0317,12.06379],[93.03102,12.06455],[93.03084,12.06481],[93.03069,12.06491],[93.03033,12.06524],[93.02995,12.06559],[93.02975,12.06584],[93.02948,12.06616],[93.02931,12.06638],[93.02906,12.06668],[93.02881,12.06692],[93.0287,12.06722],[93.02856,12.06755],[93.02854,12.06761],[93.02787,12.06823],[93.02701,12.0689],[93.02693,12.06891],[93.02654,12.06897],[93.02629,12.0691],[93.02612,12.06927],[93.02576,12.06962],[93.02573,12.06978],[93.02571,12.06992],[93.02546,12.07025],[93.02524,12.07049],[93.02485,12.07049],[93.02454,12.07049],[93.02438,12.07068],[93.02407,12.07098],[93.0238,12.07117],[93.02355,12.07122],[93.02324,12.07122],[93.0231,12.07125],[93.02288,12.07128],[93.02277,12.07142],[93.02269,12.07152],[93.0225,12.07157],[93.02244,12.07158],[93.02208,12.07158],[93.02186,12.07169],[93.02178,12.07177],[93.0215,12.07193],[93.02114,12.07215],[93.02097,12.07229],[93.02067,12.07258],[93.02045,12.07278],[93.0202,12.07299],[93.01981,12.07302],[93.0195,12.07297],[93.01917,12.07294],[93.0189,12.07283],[93.01864,12.07265],[93.01793,12.0727],[93.01766,12.07283],[93.01736,12.07299],[93.017,12.07313],[93.01658,12.07313],[93.016,12.07288],[93.01564,12.07291],[93.0152,12.07294],[93.01456,12.0731],[93.0143,12.07312],[93.01394,12.0729],[93.01361,12.07285],[93.01333,12.07293],[93.01319,12.07315],[93.01318,12.07322],[93.01314,12.07347],[93.01283,12.07353],[93.01264,12.07344],[93.01239,12.07328],[93.01217,12.07306],[93.01214,12.07276],[93.01213,12.07262],[93.01211,12.07235],[93.01192,12.07211],[93.01164,12.07211],[93.01131,12.07214],[93.01098,12.07241],[93.01094,12.07249],[93.01088,12.07255],[93.01081,12.07269],[93.01074,12.07282],[93.01049,12.0731],[93.01019,12.07337],[93.0098,12.07367],[93.00947,12.07383],[93.00916,12.07416],[93.00889,12.07451],[93.00858,12.07473],[93.00803,12.07535],[93.00778,12.07563],[93.00764,12.07585],[93.00761,12.0759],[93.00747,12.07625],[93.0072,12.07683],[93.00689,12.0774],[93.00681,12.07811],[93.00675,12.0787],[93.00653,12.07919],[93.00639,12.0799],[93.00639,12.08039],[93.00639,12.0804],[93.00635,12.08052],[93.00633,12.08061],[93.00633,12.0811],[93.00627,12.08123],[93.00624,12.08169],[93.00624,12.08205],[93.00624,12.08248],[93.00624,12.08303],[93.00624,12.08327],[93.00624,12.08368],[93.00624,12.08404],[93.00629,12.08453],[93.00632,12.08488],[93.00643,12.08537],[93.00651,12.08573],[93.00659,12.08603],[93.0067,12.08633],[93.00679,12.0866],[93.00695,12.0869],[93.00695,12.08701],[93.00701,12.08728],[93.00717,12.08769],[93.00717,12.08799],[93.00731,12.08834],[93.0074,12.0886],[93.00742,12.08867],[93.00741,12.08878],[93.0074,12.08889],[93.00739,12.08892],[93.00731,12.08906],[93.00726,12.08916],[93.00717,12.08943],[93.00709,12.08973],[93.00706,12.09],[93.00706,12.09003],[93.00695,12.09019],[93.00695,12.09028],[93.00695,12.09058],[93.00695,12.09096],[93.00695,12.09118],[93.00689,12.09169],[93.00689,12.09218],[93.00686,12.0927],[93.00686,12.09296],[93.00692,12.0933],[93.00692,12.09363],[93.00697,12.09398],[93.00711,12.09439],[93.00719,12.09469],[93.00728,12.09513],[93.00747,12.0954],[93.00758,12.09567],[93.00766,12.09597],[93.00786,12.0963],[93.00808,12.09674],[93.00822,12.09709],[93.00837,12.09729],[93.00842,12.09745],[93.00853,12.09789],[93.00871,12.09813],[93.00878,12.09824],[93.00886,12.0986],[93.00892,12.099],[93.009,12.09928],[93.009,12.09966],[93.009,12.10012],[93.009,12.10048],[93.009,12.10078],[93.009,12.10116],[93.009,12.10148],[93.009,12.10181],[93.009,12.10211],[93.009,12.10244],[93.00889,12.10257],[93.00871,12.10264],[93.00861,12.10268],[93.00833,12.10301],[93.00836,12.10336],[93.00852,12.10364],[93.00856,12.10369],[93.00864,12.1041],[93.0085,12.10434],[93.00837,12.10445],[93.0082,12.10459],[93.00795,12.10486],[93.00803,12.10527],[93.00803,12.10531],[93.00806,12.10557],[93.008,12.10571],[93.00785,12.10573],[93.00771,12.10581],[93.00746,12.106],[93.00727,12.10622],[93.00713,12.10657],[93.00707,12.10676],[93.00702,12.10711],[93.00691,12.10733],[93.00663,12.10744],[93.00652,12.1076],[93.00652,12.108],[93.00652,12.10801],[93.00652,12.10802],[93.00648,12.10821],[93.00646,12.10829],[93.00637,12.10832],[93.00621,12.10837],[93.00599,12.10839],[93.0058,12.10831],[93.00563,12.10823],[93.00552,12.10824],[93.00548,12.10825],[93.00513,12.10828],[93.00501,12.10835],[93.005,12.10835],[93.005,12.10837],[93.00486,12.10845],[93.0045,12.10861],[93.00428,12.10872],[93.00397,12.10875],[93.00375,12.10864],[93.00353,12.10847],[93.00342,12.10823],[93.00342,12.10798],[93.00364,12.10766],[93.00375,12.10741],[93.0037,12.10725],[93.00326,12.10717],[93.00246,12.10736],[93.00234,12.10739],[93.00212,12.10736],[93.00173,12.10736],[93.00137,12.10738],[93.00098,12.10744],[93.00059,12.10755],[93.00032,12.10771],[93.00023,12.10795],[93.00025,12.10809],[93.00025,12.1081],[93.00021,12.10829],[93.00029,12.10836],[93.00045,12.10861],[93.00062,12.10885],[93.00062,12.10915],[93.0004,12.10953],[93.00037,12.10992],[93.0004,12.1103],[93.00045,12.11049],[93.00055,12.1106],[93.00096,12.11085],[93.00141,12.11093],[93.00193,12.11085],[93.00243,12.11093],[93.00285,12.11112],[93.00315,12.11134],[93.00342,12.11161],[93.00343,12.11161],[93.00343,12.11162],[93.00368,12.11197],[93.00384,12.11216],[93.00387,12.11218],[93.00407,12.11234],[93.0043,12.11262],[93.00438,12.11286],[93.00438,12.11302],[93.00438,12.11332],[93.00438,12.11368],[93.00446,12.11398],[93.00469,12.11411],[93.00491,12.11428],[93.00508,12.11444],[93.005,12.11461],[93.00517,12.11488],[93.00522,12.1151],[93.00517,12.11546],[93.00514,12.11589],[93.00514,12.11617],[93.0053,12.11666],[93.00544,12.11698],[93.00546,12.11699],[93.00546,12.11705],[93.00558,12.1172],[93.00558,12.11745],[93.00544,12.11772],[93.00539,12.11782],[93.0053,12.11802],[93.00514,12.11826],[93.00503,12.11859],[93.00489,12.11889],[93.00486,12.11911],[93.00486,12.11952],[93.00486,12.11954],[93.00484,12.1196],[93.00479,12.11971],[93.00476,12.11973],[93.00451,12.11975],[93.0044,12.11989],[93.0044,12.11994],[93.00438,12.12019],[93.00438,12.12035],[93.00437,12.12071],[93.00429,12.12087],[93.00414,12.12094],[93.00404,12.12098],[93.00396,12.12123],[93.00393,12.12166],[93.00398,12.12192],[93.00386,12.12208],[93.00372,12.12287],[93.00372,12.12336],[93.00368,12.12347],[93.0036,12.12349],[93.00338,12.12373],[93.0034,12.12389],[93.0034,12.12398],[93.00328,12.12415],[93.00311,12.1245],[93.00308,12.12494],[93.00308,12.12499],[93.00304,12.12501],[93.00293,12.12509],[93.00288,12.12526],[93.00276,12.12545],[93.0026,12.12566],[93.00246,12.12618],[93.00253,12.1263],[93.00253,12.12671],[93.00266,12.12712],[93.00281,12.12729],[93.00291,12.12742],[93.00294,12.1278],[93.00281,12.12808],[93.00281,12.12815],[93.00258,12.12842],[93.0025,12.1288],[93.0025,12.12943],[93.00252,12.12979],[93.00266,12.13041],[93.00263,12.13071],[93.00261,12.13096],[93.00238,12.13118],[93.00236,12.13139],[93.00236,12.13177],[93.00224,12.13216],[93.00208,12.13246],[93.00197,12.13273],[93.0018,12.13305],[93.00172,12.13341],[93.00169,12.13379],[93.00186,12.13428],[93.00235,12.1348],[93.00239,12.13482],[93.00239,12.13482],[93.00255,12.13504],[93.00271,12.1354],[93.00282,12.13573],[93.00291,12.13603],[93.00296,12.13632],[93.00299,12.1366],[93.00299,12.13671],[93.00299,12.13684],[93.00299,12.13712],[93.00313,12.13741],[93.00335,12.13782],[93.0036,12.13829],[93.00376,12.13853],[93.00404,12.13905],[93.00404,12.13943],[93.00429,12.14003],[93.00456,12.14036],[93.00478,12.1406],[93.00498,12.14088],[93.00511,12.141],[93.00528,12.14115],[93.0055,12.14148],[93.00553,12.14154],[93.00567,12.14194],[93.00583,12.14246],[93.006,12.14281],[93.006,12.14322],[93.006,12.1436],[93.00608,12.1439],[93.00633,12.14431],[93.00633,12.14453],[93.00652,12.14488],[93.00655,12.14529],[93.00669,12.14578],[93.00683,12.14597],[93.00691,12.14635],[93.00708,12.14671],[93.00724,12.14706],[93.00752,12.14747],[93.0078,12.14788],[93.00813,12.14832],[93.00852,12.14875],[93.00885,12.14914],[93.0091,12.14949],[93.0094,12.14982],[93.00973,12.1502],[93.00999,12.15033],[93.01017,12.15064],[93.01045,12.15091],[93.01081,12.15121],[93.01109,12.15134],[93.01159,12.15162],[93.01195,12.15178],[93.01233,12.15192],[93.01267,12.15211],[93.01305,12.15235],[93.01366,12.15265],[93.01386,12.15279],[93.01416,12.15295],[93.01449,12.15312],[93.01488,12.15331],[93.01521,12.15353],[93.01552,12.15364],[93.01607,12.1538],[93.01637,12.1541],[93.01685,12.15435],[93.01721,12.15444],[93.01735,12.15448],[93.01747,12.15461],[93.01772,12.15483],[93.01794,12.15497],[93.01811,12.15513],[93.01833,12.15529],[93.01858,12.15551],[93.01877,12.15576],[93.01888,12.15603],[93.01916,12.1563],[93.01942,12.15647],[93.01958,12.15666],[93.01983,12.15677],[93.02012,12.15681],[93.02029,12.15707],[93.0203,12.15707],[93.02064,12.15718],[93.02089,12.15735],[93.02105,12.15759],[93.02108,12.15778],[93.02122,12.158],[93.02136,12.15819],[93.02147,12.15838],[93.0216,12.1586],[93.02172,12.15882],[93.02183,12.15904],[93.02205,12.15928],[93.02219,12.15947],[93.02232,12.15975],[93.02238,12.16004],[93.02238,12.16012],[93.02269,12.16057],[93.02274,12.16078],[93.02277,12.16111],[93.02271,12.16133],[93.0226,12.16163],[93.0226,12.16198],[93.02276,12.16247],[93.02286,12.16277],[93.02286,12.16279],[93.02287,12.16282],[93.0229,12.16283],[93.02422,12.16421],[93.02541,12.16538],[93.0258,12.16567],[93.02631,12.16566],[93.02639,12.16575],[93.02647,12.16574],[93.02672,12.16591],[93.02689,12.16604],[93.02697,12.16618],[93.027,12.16629],[93.02701,12.16634],[93.02703,12.16645],[93.02711,12.1667],[93.02716,12.16683],[93.02741,12.16694],[93.02766,12.16697],[93.02791,12.16689],[93.02794,12.16667],[93.02794,12.16662],[93.02794,12.1664],[93.02801,12.16633],[93.02819,12.16615],[93.02852,12.16602],[93.02885,12.16588],[93.02913,12.16558]]],[[[92.9915,12.109],[92.99155,12.10854],[92.99155,12.1083],[92.99161,12.10816],[92.99161,12.10804],[92.99177,12.10784],[92.99236,12.10742],[92.99296,12.107],[92.9936,12.107],[92.99366,12.10704],[92.99399,12.10729],[92.99463,12.10743],[92.99488,12.10702],[92.99503,12.10688],[92.99577,12.10675],[92.99696,12.10659],[92.99798,12.10575],[92.99858,12.10553],[92.9987,12.10561],[92.99911,12.10588],[92.99964,12.10588],[93.00036,12.10582],[93.00066,12.10569],[93.00102,12.1055],[93.00144,12.10542],[93.0018,12.10531],[93.0023,12.10517],[93.00252,12.10506],[93.00258,12.10489],[93.00291,12.10487],[93.0036,12.10485],[93.00407,12.1046],[93.00443,12.10433],[93.00451,12.10423],[93.00468,12.10403],[93.00509,12.10384],[93.00513,12.10378],[93.00537,12.10335],[93.00546,12.10283],[93.00546,12.10256],[93.0054,12.10207],[93.00521,12.10168],[93.00521,12.10166],[93.00515,12.10142],[93.00535,12.10093],[93.00536,12.10091],[93.00565,12.10063],[93.00576,12.10038],[93.00571,12.10005],[93.00546,12.09981],[93.00565,12.09959],[93.00574,12.09937],[93.00568,12.09899],[93.00526,12.09885],[93.00525,12.09885],[93.00504,12.09883],[93.00482,12.0988],[93.00443,12.09874],[93.00416,12.09844],[93.00399,12.0982],[93.0038,12.09768],[93.00374,12.09711],[93.00363,12.09659],[93.00347,12.0961],[93.00342,12.09598],[93.00339,12.09588],[93.00339,12.09582],[93.00339,12.09537],[93.00347,12.09504],[93.00366,12.09474],[93.00383,12.09436],[93.00391,12.094],[93.00372,12.09373],[93.00333,12.09351],[93.003,12.09343],[93.00275,12.09316],[93.00239,12.09286],[93.00213,12.09265],[93.00208,12.09253],[93.00208,12.09177],[93.00174,12.09094],[93.00168,12.09068],[93.00142,12.09068],[93.00154,12.09032],[93.00165,12.0902],[93.00198,12.08986],[93.00215,12.08962],[93.00217,12.08923],[93.00212,12.08883],[93.00195,12.08853],[93.0019,12.08795],[93.0017,12.08746],[93.00165,12.08719],[93.00129,12.08689],[93.00118,12.08675],[93.00095,12.08655],[93.00085,12.08645],[93.00046,12.08632],[93.00038,12.08594],[93.00068,12.08558],[93.00079,12.08531],[93.00093,12.08509],[93.00097,12.08506],[93.00081,12.08474],[93.00013,12.08449],[93.00009,12.08414],[93.00013,12.08395],[93.00024,12.0831],[93.00024,12.08275],[93.00024,12.08248],[93.00024,12.08241],[93.00055,12.08189],[93.00064,12.08106],[93.00081,12.08047],[93.0009,12.0798],[93.00098,12.07938],[93.00056,12.07863],[93.00015,12.07823],[93.00008,12.07823],[92.99975,12.07839],[92.99969,12.07817],[92.99989,12.0779],[92.99993,12.07787],[92.99992,12.07784],[93.00019,12.07776],[93.00038,12.0776],[93.00041,12.07744],[93.0003,12.07727],[93.00016,12.07716],[93.00019,12.07689],[93.00039,12.07662],[93.00077,12.0764],[93.00111,12.07629],[93.00152,12.07624],[93.00185,12.0761],[93.00216,12.07583],[93.00232,12.07556],[93.00224,12.07507],[93.00196,12.07488],[93.00185,12.07441],[93.00183,12.07403],[93.00174,12.07379],[93.00138,12.07357],[93.00115,12.0736],[93.00089,12.07365],[93.0005,12.07378],[92.99997,12.07403],[92.99997,12.07425],[92.99972,12.07425],[92.9995,12.07389],[92.99931,12.07373],[92.99931,12.07364],[92.99931,12.07329],[92.99936,12.07294],[92.99928,12.07261],[92.9992,12.07228],[92.99909,12.07204],[92.99889,12.07182],[92.99862,12.07181],[92.99861,12.07176],[92.99869,12.07151],[92.99883,12.07139],[92.99884,12.07139],[92.99923,12.07128],[92.99942,12.07114],[92.99967,12.07098],[93.00025,12.0706],[93.00047,12.07032],[93.00061,12.07011],[93.00075,12.06978],[93.0007,12.06937],[93.00053,12.06921],[93.00042,12.06891],[93.00064,12.06866],[93.00067,12.0682],[93.00053,12.0676],[93.00037,12.06722],[93.00003,12.06692],[92.99962,12.067],[92.99961,12.06702],[92.99938,12.06699],[92.99895,12.06749],[92.99838,12.06781],[92.9984,12.06743],[92.99832,12.06703],[92.99824,12.06662],[92.99818,12.06643],[92.99804,12.06618],[92.99788,12.06604],[92.99777,12.06602],[92.99793,12.06531],[92.99789,12.06511],[92.99796,12.06501],[92.9981,12.06466],[92.99793,12.06433],[92.99782,12.06416],[92.99776,12.06409],[92.99776,12.06364],[92.99827,12.06364],[92.99851,12.06364],[92.99851,12.06365],[92.99885,12.06389],[92.99935,12.06389],[92.99973,12.06378],[93.00015,12.06354],[93.00048,12.0633],[93.00098,12.06308],[93.00139,12.06281],[93.00151,12.06253],[93.00151,12.06229],[93.00148,12.06207],[93.00114,12.0619],[93.00117,12.06172],[93.00066,12.06088],[93.00049,12.05962],[93.00019,12.05917],[92.9999,12.0591],[92.99963,12.05899],[92.99943,12.05877],[92.99929,12.05839],[92.99963,12.05828],[92.9997,12.0582],[92.99993,12.05798],[93.0001,12.05774],[93.00018,12.05744],[93.00018,12.05719],[93.0001,12.05676],[92.99982,12.05624],[92.99941,12.05569],[92.99919,12.05515],[92.99919,12.05449],[92.9993,12.05398],[92.99938,12.05365],[92.99971,12.05365],[92.99991,12.0536],[92.99999,12.05338],[92.99977,12.053],[92.99947,12.05289],[92.9996,12.05256],[92.99999,12.05245],[93.00041,12.05234],[93.00071,12.05215],[93.00091,12.0518],[93.00091,12.0515],[93.0008,12.05112],[93.00055,12.05049],[93.0003,12.05016],[93.00002,12.04994],[92.99988,12.04981],[92.99961,12.0497],[92.99966,12.04913],[92.99966,12.04858],[92.99966,12.04812],[92.99964,12.0479],[92.99942,12.04779],[92.99914,12.04776],[92.99898,12.04776],[92.99892,12.04755],[92.99867,12.04708],[92.99834,12.04686],[92.99814,12.04678],[92.99803,12.04632],[92.99795,12.04599],[92.99784,12.04575],[92.99756,12.04567],[92.99753,12.04556],[92.99691,12.04495],[92.99665,12.04493],[92.99623,12.04487],[92.9956,12.04474],[92.99518,12.04465],[92.99482,12.04455],[92.99449,12.04435],[92.9937,12.04447],[92.99332,12.04447],[92.99316,12.04454],[92.99283,12.04457],[92.99255,12.04457],[92.99237,12.04446],[92.99225,12.04446],[92.99156,12.04467],[92.99164,12.04503],[92.99145,12.04517],[92.99111,12.04517],[92.99067,12.04503],[92.99066,12.04503],[92.99038,12.0453],[92.98979,12.04555],[92.98969,12.04561],[92.9897,12.04571],[92.98942,12.04623],[92.98901,12.04647],[92.98895,12.04683],[92.9889,12.04726],[92.98865,12.04759],[92.98834,12.0477],[92.98812,12.04767],[92.98801,12.0471],[92.98789,12.04707],[92.98746,12.04734],[92.98746,12.04751],[92.98743,12.04764],[92.98737,12.04786],[92.98746,12.04808],[92.98726,12.04824],[92.98699,12.0483],[92.98665,12.04846],[92.9866,12.04871],[92.98632,12.04901],[92.98604,12.04928],[92.98571,12.0496],[92.98543,12.04963],[92.98519,12.0499],[92.98494,12.05009],[92.98474,12.05042],[92.98433,12.05047],[92.98399,12.05045],[92.98383,12.0503],[92.9838,12.05031],[92.98352,12.05056],[92.98322,12.05086],[92.983,12.05096],[92.98258,12.05115],[92.98219,12.05115],[92.98197,12.05096],[92.98181,12.05082],[92.98179,12.05082],[92.98144,12.05074],[92.98092,12.05093],[92.98056,12.05093],[92.98047,12.05093],[92.98042,12.05102],[92.98037,12.05121],[92.9804,12.05129],[92.9802,12.05156],[92.97998,12.05178],[92.97979,12.05213],[92.97979,12.05235],[92.9799,12.05276],[92.98012,12.05311],[92.98037,12.05355],[92.98039,12.05393],[92.98036,12.05429],[92.98028,12.05467],[92.98017,12.05488],[92.97989,12.05516],[92.97956,12.05532],[92.97934,12.05548],[92.9792,12.05576],[92.97912,12.05597],[92.97909,12.05625],[92.97906,12.05655],[92.97892,12.0569],[92.97851,12.05723],[92.97815,12.05736],[92.97781,12.05747],[92.97748,12.05774],[92.97734,12.05807],[92.97712,12.05848],[92.97709,12.05875],[92.97698,12.05902],[92.97676,12.0594],[92.97659,12.05965],[92.97648,12.06033],[92.97643,12.0606],[92.97637,12.06107],[92.97598,12.06123],[92.97568,12.06147],[92.97537,12.06169],[92.97504,12.06169],[92.97482,12.06155],[92.97482,12.06131],[92.97482,12.06101],[92.97488,12.06057],[92.97485,12.06022],[92.97483,12.06008],[92.97479,12.06006],[92.97463,12.05992],[92.97441,12.0597],[92.97441,12.05955],[92.9743,12.05956],[92.97413,12.0594],[92.97408,12.05918],[92.97385,12.05907],[92.97355,12.05913],[92.9733,12.05948],[92.97324,12.05981],[92.97326,12.05998],[92.97319,12.06002],[92.97327,12.06085],[92.97326,12.06091],[92.97347,12.06106],[92.97349,12.06139],[92.97346,12.06161],[92.97338,12.06202],[92.97346,12.06251],[92.97352,12.06286],[92.97385,12.06332],[92.97415,12.06362],[92.9746,12.06401],[92.97515,12.06433],[92.97515,12.0648],[92.97515,12.06521],[92.97515,12.06559],[92.97518,12.06597],[92.97554,12.06627],[92.9759,12.06646],[92.97595,12.06668],[92.9757,12.0667],[92.97548,12.06657],[92.97518,12.06646],[92.97495,12.06627],[92.97476,12.06602],[92.97462,12.06575],[92.9744,12.06559],[92.97413,12.06545],[92.97382,12.06534],[92.97352,12.0652],[92.97302,12.06499],[92.9726,12.06507],[92.97222,12.06518],[92.97206,12.06522],[92.97182,12.06562],[92.97155,12.06584],[92.97152,12.06591],[92.97152,12.06637],[92.97155,12.0667],[92.97169,12.06695],[92.97183,12.06714],[92.97183,12.06725],[92.97169,12.0673],[92.97124,12.06711],[92.97077,12.06711],[92.97058,12.06724],[92.97041,12.06741],[92.97008,12.06765],[92.96958,12.06779],[92.96947,12.0679],[92.96906,12.06798],[92.96891,12.06798],[92.96875,12.06798],[92.96842,12.06792],[92.96809,12.06806],[92.96781,12.06822],[92.96737,12.0683],[92.96712,12.06839],[92.96693,12.06856],[92.96681,12.06866],[92.96667,12.06882],[92.96632,12.06887],[92.96609,12.06871],[92.96609,12.06871],[92.9659,12.06849],[92.9656,12.06827],[92.96526,12.06822],[92.96507,12.06822],[92.96479,12.06844],[92.96472,12.06853],[92.96454,12.06876],[92.96452,12.06895],[92.96429,12.06906],[92.96408,12.06904],[92.96407,12.06905],[92.96348,12.06997],[92.96271,12.07148],[92.96268,12.07151],[92.96244,12.07151],[92.96208,12.07154],[92.96174,12.07192],[92.96174,12.07225],[92.96196,12.07271],[92.96199,12.07298],[92.96199,12.07322],[92.96169,12.07382],[92.9616,12.07524],[92.96126,12.07608],[92.961,12.07692],[92.96066,12.07842],[92.96066,12.07847],[92.96055,12.07884],[92.96052,12.07958],[92.96054,12.08009],[92.9606,12.08078],[92.9606,12.08132],[92.9606,12.08186],[92.96068,12.08233],[92.96085,12.08285],[92.96121,12.08315],[92.96157,12.08339],[92.9619,12.08332],[92.9624,12.0832],[92.9624,12.08331],[92.96237,12.08345],[92.96236,12.08356],[92.96234,12.08375],[92.96245,12.08399],[92.9627,12.08418],[92.96325,12.08421],[92.96346,12.08418],[92.96369,12.08432],[92.9637,12.08432],[92.964,12.0843],[92.964,12.08432],[92.96414,12.08467],[92.96444,12.08495],[92.96489,12.08528],[92.96527,12.08541],[92.96566,12.08538],[92.96571,12.08535],[92.96805,12.08605],[92.96933,12.0863],[92.97069,12.08639],[92.97146,12.08697],[92.97154,12.08764],[92.97154,12.08817],[92.97139,12.0882],[92.97119,12.08839],[92.97097,12.08861],[92.97081,12.0888],[92.9705,12.08912],[92.97034,12.08945],[92.97034,12.08972],[92.97036,12.08984],[92.97039,12.09002],[92.97045,12.09021],[92.97047,12.09057],[92.97058,12.09111],[92.97061,12.0916],[92.97036,12.09176],[92.96989,12.09176],[92.9697,12.09157],[92.96948,12.0914],[92.96873,12.09107],[92.96808,12.09065],[92.96773,12.09065],[92.96737,12.09059],[92.96693,12.09045],[92.96671,12.09029],[92.96659,12.09006],[92.9665,12.09004],[92.9664,12.08983],[92.96599,12.08972],[92.96562,12.08982],[92.96558,12.08984],[92.96552,12.08985],[92.96527,12.09026],[92.96516,12.09081],[92.96516,12.09132],[92.96516,12.09165],[92.96518,12.09214],[92.96524,12.0925],[92.96529,12.09285],[92.96549,12.09329],[92.96562,12.09367],[92.96575,12.09391],[92.96579,12.09399],[92.96621,12.09427],[92.9662,12.09457],[92.96604,12.09481],[92.96573,12.09495],[92.96521,12.09487],[92.96501,12.09457],[92.96463,12.09443],[92.96407,12.09451],[92.96396,12.09446],[92.96369,12.09435],[92.96341,12.09388],[92.96294,12.09356],[92.96239,12.09345],[92.96169,12.09345],[92.96119,12.09355],[92.96092,12.09391],[92.96072,12.09432],[92.96078,12.09475],[92.96104,12.09495],[92.96105,12.09508],[92.96125,12.09524],[92.96161,12.09541],[92.96205,12.09541],[92.9621,12.0954],[92.96244,12.09549],[92.96274,12.09549],[92.96294,12.09516],[92.96291,12.09492],[92.96333,12.09511],[92.96349,12.09527],[92.96352,12.09544],[92.96346,12.0956],[92.96302,12.0959],[92.96263,12.09612],[92.9623,12.09631],[92.96191,12.09639],[92.96187,12.09641],[92.96175,12.09692],[92.96171,12.09731],[92.96172,12.09734],[92.96172,12.09764],[92.9621,12.09802],[92.96246,12.09824],[92.9626,12.09854],[92.96246,12.09854],[92.96226,12.09856],[92.96205,12.09854],[92.96174,12.09859],[92.9617,12.09883],[92.96168,12.09885],[92.96147,12.09911],[92.96144,12.09944],[92.96149,12.0998],[92.96149,12.09982],[92.96163,12.10004],[92.96188,12.10009],[92.96196,12.10028],[92.96195,12.10055],[92.96193,12.10072],[92.96193,12.10094],[92.9623,12.10133],[92.96234,12.10166],[92.96199,12.10165],[92.96171,12.10181],[92.9613,12.102],[92.96096,12.10227],[92.96069,12.1026],[92.96052,12.1029],[92.96035,12.10336],[92.96035,12.10382],[92.96041,12.10418],[92.96052,12.10453],[92.96055,12.10494],[92.96043,12.10527],[92.96016,12.10554],[92.95991,12.10584],[92.95969,12.10638],[92.95969,12.10685],[92.95969,12.10695],[92.95966,12.10704],[92.95963,12.10726],[92.95974,12.1075],[92.95988,12.10767],[92.9603,12.10772],[92.96036,12.10777],[92.96074,12.10769],[92.9609,12.10794],[92.9609,12.10813],[92.9609,12.10823],[92.96103,12.10828],[92.96104,12.1084],[92.96123,12.10865],[92.96165,12.10876],[92.96201,12.10868],[92.96206,12.10864],[92.96226,12.10851],[92.96256,12.10827],[92.96295,12.108],[92.96326,12.1077],[92.96362,12.10751],[92.96395,12.10737],[92.9642,12.10721],[92.96453,12.10713],[92.96472,12.10721],[92.96478,12.10751],[92.96478,12.10777],[92.96478,12.10786],[92.96511,12.10802],[92.96514,12.10804],[92.96544,12.10816],[92.96586,12.10843],[92.96566,12.10868],[92.96553,12.10887],[92.96553,12.109],[92.96563,12.10911],[92.96558,12.10925],[92.96564,12.10936],[92.966,12.10947],[92.9663,12.10944],[92.96666,12.10903],[92.96668,12.10881],[92.96727,12.10832],[92.96795,12.10781],[92.96854,12.10723],[92.96866,12.10714],[92.9686,12.10688],[92.96866,12.10658],[92.96902,12.10653],[92.96949,12.10648],[92.96962,12.10645],[92.96978,12.10634],[92.96993,12.10637],[92.97029,12.10634],[92.97032,12.10604],[92.97032,12.10574],[92.97032,12.10571],[92.97028,12.10555],[92.97021,12.10522],[92.97018,12.10508],[92.97013,12.10482],[92.96996,12.10438],[92.96977,12.10427],[92.9693,12.10392],[92.96932,12.10364],[92.96977,12.10372],[92.97021,12.10405],[92.97054,12.1043],[92.97059,12.10432],[92.97119,12.10411],[92.97134,12.10419],[92.97187,12.10419],[92.97212,12.10384],[92.97218,12.10367],[92.97219,12.10358],[92.97323,12.1028],[92.97329,12.10281],[92.97337,12.10245],[92.97359,12.10234],[92.97403,12.10267],[92.97445,12.10291],[92.97457,12.10305],[92.9747,12.10305],[92.97494,12.10308],[92.9753,12.10319],[92.97553,12.10332],[92.9758,12.10343],[92.97597,12.10343],[92.9763,12.10332],[92.97666,12.10324],[92.97697,12.10335],[92.97724,12.10362],[92.97755,12.10379],[92.97774,12.10414],[92.97755,12.10422],[92.97724,12.1042],[92.97708,12.10411],[92.97644,12.1039],[92.97591,12.10376],[92.97558,12.10379],[92.97528,12.10368],[92.97481,12.10357],[92.97447,12.10362],[92.9743,12.10362],[92.97422,12.1037],[92.97414,12.1037],[92.97375,12.10387],[92.97348,12.10427],[92.9735,12.10446],[92.9735,12.10471],[92.97359,12.10493],[92.97361,12.10509],[92.97384,12.10531],[92.97422,12.10542],[92.97444,12.10539],[92.97457,12.10542],[92.97461,12.10542],[92.97486,12.10523],[92.97525,12.10528],[92.97534,12.10558],[92.97537,12.10559],[92.9753,12.10572],[92.97541,12.10602],[92.9758,12.10607],[92.97622,12.10602],[92.97644,12.1058],[92.97651,12.10573],[92.97666,12.10558],[92.97688,12.10539],[92.97716,12.10518],[92.97724,12.10496],[92.97724,12.10471],[92.97732,12.1045],[92.97755,12.10452],[92.97755,12.1049],[92.97757,12.10498],[92.97755,12.10501],[92.97755,12.10529],[92.97763,12.10559],[92.97785,12.10591],[92.97824,12.1061],[92.97849,12.10615],[92.97901,12.1064],[92.98062,12.10657],[92.9811,12.10643],[92.98112,12.10613],[92.98131,12.10605],[92.9817,12.10616],[92.982,12.10635],[92.9822,12.10649],[92.9825,12.10676],[92.98283,12.10706],[92.98302,12.10739],[92.98333,12.10761],[92.98347,12.1078],[92.98354,12.10802],[92.98407,12.10833],[92.98435,12.10867],[92.98474,12.10892],[92.98527,12.10922],[92.98585,12.10927],[92.9864,12.10927],[92.98687,12.10935],[92.98754,12.10941],[92.98803,12.10944],[92.98842,12.10944],[92.98867,12.1093],[92.98878,12.10915],[92.98913,12.10917],[92.98921,12.10919],[92.98925,12.10917],[92.98947,12.10892],[92.98961,12.10881],[92.98992,12.10881],[92.99014,12.10906],[92.99018,12.10931],[92.99022,12.10958],[92.99047,12.10966],[92.99075,12.10958],[92.99116,12.10928],[92.9915,12.109]]],[[[92.96373,12.15076],[92.96579,12.15023],[92.9659,12.15023],[92.96619,12.1502],[92.96649,12.15016],[92.96697,12.14998],[92.96701,12.14987],[92.96704,12.14976],[92.96712,12.14951],[92.9676,12.14936],[92.96804,12.14933],[92.96848,12.14947],[92.96848,12.14947],[92.96918,12.1498],[92.96948,12.14962],[92.96977,12.14936],[92.97044,12.14904],[92.97066,12.14882],[92.9707,12.14878],[92.97084,12.14873],[92.97129,12.14857],[92.97133,12.14855],[92.97177,12.14831],[92.97236,12.1482],[92.97255,12.1483],[92.97273,12.14839],[92.97314,12.14839],[92.97373,12.14824],[92.97399,12.14806],[92.97443,12.14803],[92.97465,12.14821],[92.97494,12.14846],[92.97568,12.1485],[92.9762,12.14843],[92.9765,12.14825],[92.97672,12.14814],[92.97701,12.1481],[92.97735,12.14806],[92.97771,12.14777],[92.97783,12.14745],[92.97787,12.14733],[92.97801,12.14738],[92.97801,12.14752],[92.97816,12.1477],[92.97834,12.1477],[92.97853,12.14767],[92.97861,12.14756],[92.97871,12.14759],[92.97885,12.14767],[92.97856,12.14792],[92.97842,12.14825],[92.97875,12.14839],[92.97938,12.14839],[92.98015,12.14832],[92.98056,12.14803],[92.98111,12.14763],[92.98126,12.14753],[92.98144,12.14741],[92.982,12.14731],[92.982,12.14745],[92.98181,12.14767],[92.9817,12.14791],[92.98163,12.14807],[92.98166,12.1485],[92.98196,12.1489],[92.98251,12.14901],[92.98303,12.14898],[92.98344,12.14876],[92.9836,12.1486],[92.98373,12.1486],[92.98518,12.14768],[92.98611,12.14743],[92.98696,12.14684],[92.98713,12.14647],[92.98732,12.14644],[92.98776,12.14597],[92.98802,12.14546],[92.98828,12.14499],[92.98872,12.14481],[92.98879,12.14444],[92.98879,12.14425],[92.98879,12.14419],[92.98891,12.1439],[92.98942,12.14401],[92.98952,12.14425],[92.98957,12.14437],[92.99005,12.14448],[92.99082,12.14448],[92.99112,12.14437],[92.9916,12.1443],[92.99215,12.14408],[92.99215,12.14368],[92.99215,12.14339],[92.99213,12.14333],[92.99216,12.14325],[92.9924,12.14267],[92.99256,12.14256],[92.99282,12.14205],[92.99301,12.14158],[92.99319,12.14118],[92.9933,12.14071],[92.99334,12.14016],[92.99316,12.13958],[92.99308,12.13907],[92.99308,12.13874],[92.99286,12.13816],[92.99283,12.13754],[92.99283,12.13722],[92.99268,12.13685],[92.99242,12.13662],[92.99242,12.1363],[92.99272,12.13572],[92.99323,12.13562],[92.99371,12.13537],[92.9939,12.13508],[92.99416,12.13464],[92.99431,12.1342],[92.99464,12.1337],[92.9949,12.13337],[92.99501,12.13282],[92.99486,12.13188],[92.9946,12.13148],[92.99453,12.1313],[92.99453,12.13126],[92.99453,12.13093],[92.99464,12.13064],[92.995,12.13033],[92.99505,12.13028],[92.9952,12.13006],[92.9952,12.12952],[92.9953,12.1292],[92.99531,12.12919],[92.99557,12.1289],[92.99582,12.12865],[92.99594,12.12843],[92.99604,12.12825],[92.99608,12.12818],[92.99623,12.12788],[92.99667,12.12767],[92.99715,12.12763],[92.99723,12.1272],[92.9969,12.12694],[92.9969,12.12676],[92.99686,12.12632],[92.99686,12.12602],[92.99707,12.12583],[92.99764,12.12582],[92.99808,12.12563],[92.99841,12.12531],[92.99889,12.12509],[92.99915,12.12458],[92.999,12.12396],[92.99899,12.12378],[92.99924,12.12341],[92.99981,12.12269],[93.00008,12.12262],[93.00037,12.12233],[93.00081,12.12193],[93.00089,12.12164],[93.00074,12.12113],[93.00069,12.12104],[93.00077,12.12074],[93.00077,12.12034],[93.00089,12.12022],[93.00104,12.11961],[93.00104,12.11913],[93.00075,12.119],[93.00069,12.11839],[92.99975,12.11772],[92.99916,12.11697],[92.99874,12.1163],[92.99847,12.11585],[92.99849,12.11583],[92.99849,12.11535],[92.99838,12.11514],[92.99824,12.11495],[92.99783,12.11445],[92.99735,12.11434],[92.99695,12.1141],[92.9968,12.11401],[92.99677,12.11392],[92.99669,12.11361],[92.99624,12.11332],[92.99573,12.11328],[92.99514,12.11335],[92.99514,12.11335],[92.99476,12.11339],[92.9944,12.11343],[92.99425,12.11372],[92.99424,12.11378],[92.99418,12.11404],[92.99362,12.11419],[92.99325,12.11404],[92.99292,12.11379],[92.99277,12.11342],[92.99237,12.11321],[92.99204,12.11328],[92.99156,12.11328],[92.991,12.11324],[92.99078,12.11299],[92.99049,12.11277],[92.99004,12.11277],[92.9899,12.11278],[92.9896,12.1128],[92.98916,12.11288],[92.98879,12.11306],[92.98838,12.11335],[92.98813,12.1134],[92.98805,12.11342],[92.98768,12.11342],[92.98759,12.11336],[92.98738,12.11324],[92.98705,12.11298],[92.98668,12.11287],[92.98643,12.11302],[92.98639,12.11334],[92.98646,12.11368],[92.98572,12.11336],[92.98445,12.11302],[92.98402,12.11235],[92.98326,12.1116],[92.98181,12.11143],[92.98079,12.11159],[92.98002,12.11251],[92.97968,12.11327],[92.97849,12.11327],[92.9773,12.11318],[92.97663,12.11362],[92.9766,12.11363],[92.9766,12.11364],[92.97653,12.11375],[92.97642,12.11395],[92.97638,12.11428],[92.97635,12.11464],[92.97634,12.11515],[92.97646,12.11555],[92.97664,12.11578],[92.97664,12.11584],[92.97693,12.11613],[92.97715,12.1163],[92.97741,12.1165],[92.97797,12.1169],[92.97778,12.11704],[92.97723,12.1169],[92.97687,12.11687],[92.97675,12.11686],[92.97605,12.11708],[92.97568,12.11737],[92.97564,12.11791],[92.97564,12.11807],[92.97564,12.11842],[92.97527,12.11849],[92.97524,12.11847],[92.97505,12.11831],[92.97483,12.11809],[92.9742,12.11816],[92.97365,12.1182],[92.97338,12.11835],[92.97324,12.11842],[92.97265,12.11845],[92.97217,12.11824],[92.97197,12.11811],[92.97158,12.11787],[92.9711,12.11787],[92.97051,12.11791],[92.96996,12.11791],[92.9694,12.11798],[92.96911,12.1182],[92.96908,12.11842],[92.96802,12.11878],[92.9678,12.1189],[92.96649,12.11962],[92.9653,12.12062],[92.96444,12.12171],[92.96308,12.12288],[92.96223,12.12396],[92.9618,12.12539],[92.9613,12.12638],[92.9612,12.12643],[92.96094,12.12712],[92.96086,12.12785],[92.96083,12.12861],[92.96079,12.12934],[92.96064,12.12992],[92.96045,12.13039],[92.96027,12.13086],[92.96016,12.13123],[92.95994,12.13166],[92.95979,12.13203],[92.95949,12.13246],[92.95923,12.13283],[92.95905,12.13319],[92.95879,12.13355],[92.95857,12.13384],[92.95831,12.1342],[92.95809,12.13453],[92.95786,12.13471],[92.95789,12.13477],[92.95779,12.13482],[92.95779,12.13511],[92.95793,12.13527],[92.95741,12.13577],[92.95703,12.1371],[92.95703,12.1371],[92.95679,12.13718],[92.95657,12.13773],[92.95642,12.13842],[92.95657,12.139],[92.95662,12.13907],[92.9566,12.13936],[92.95634,12.14053],[92.95609,12.14178],[92.95605,12.14179],[92.95579,12.14219],[92.95557,12.1427],[92.95563,12.14347],[92.95564,12.14357],[92.95579,12.14394],[92.9559,12.14441],[92.95597,12.14492],[92.95597,12.14543],[92.95597,12.14592],[92.95597,12.14594],[92.95601,12.14659],[92.95615,12.14721],[92.95663,12.14804],[92.95677,12.14808],[92.95752,12.14874],[92.95897,12.14949],[92.95982,12.14975],[92.96118,12.15092],[92.96195,12.15084],[92.96373,12.15076]]],[[[93.10333,12.26077],[93.10341,12.26074],[93.10365,12.26074],[93.10406,12.26066],[93.10443,12.26054],[93.10484,12.26036],[93.10509,12.26038],[93.10538,12.26038],[93.10571,12.26025],[93.10579,12.26001],[93.10554,12.2596],[93.10538,12.2594],[93.10532,12.25935],[93.10524,12.25922],[93.10524,12.2592],[93.10535,12.25893],[93.10558,12.25899],[93.10572,12.25916],[93.10582,12.25914],[93.10597,12.25873],[93.10603,12.25834],[93.10603,12.25789],[93.10603,12.25756],[93.10587,12.25713],[93.10576,12.25703],[93.10535,12.25707],[93.10527,12.25691],[93.10517,12.25689],[93.10517,12.2568],[93.1052,12.25635],[93.1052,12.25634],[93.10514,12.25599],[93.10512,12.25566],[93.10525,12.25532],[93.10547,12.25528],[93.10552,12.2555],[93.10552,12.25577],[93.10555,12.256],[93.10567,12.25595],[93.10582,12.25594],[93.10584,12.25591],[93.10608,12.25575],[93.10629,12.25559],[93.10617,12.25514],[93.10604,12.25497],[93.10604,12.25477],[93.1058,12.25425],[93.1058,12.25352],[93.10588,12.25287],[93.10613,12.2521],[93.10617,12.25153],[93.10617,12.251],[93.10617,12.25047],[93.10617,12.24982],[93.10617,12.24975],[93.10579,12.24964],[93.10575,12.24933],[93.10591,12.24906],[93.10608,12.24886],[93.10614,12.24872],[93.10606,12.24823],[93.10593,12.24804],[93.10581,12.24788],[93.10602,12.24765],[93.1061,12.24731],[93.10612,12.2471],[93.10614,12.24649],[93.10614,12.24618],[93.10594,12.2459],[93.10571,12.24559],[93.10573,12.24518],[93.10598,12.24528],[93.1061,12.24557],[93.10625,12.2453],[93.10625,12.24502],[93.10602,12.24465],[93.10579,12.24447],[93.1056,12.24447],[93.10563,12.24418],[93.10581,12.24391],[93.1059,12.24365],[93.10592,12.24338],[93.10594,12.24306],[93.10605,12.24288],[93.10605,12.24248],[93.10595,12.24222],[93.10594,12.24199],[93.10586,12.24167],[93.1055,12.24146],[93.10524,12.24146],[93.10513,12.24134],[93.10509,12.24097],[93.10527,12.24066],[93.10527,12.24062],[93.10536,12.24054],[93.10548,12.24007],[93.10546,12.23968],[93.10542,12.23934],[93.10521,12.23901],[93.1051,12.23901],[93.10488,12.23883],[93.10442,12.23842],[93.10395,12.23807],[93.1038,12.23754],[93.10363,12.23713],[93.10336,12.23678],[93.10316,12.23633],[93.10289,12.23603],[93.10262,12.2357],[93.10239,12.23545],[93.10238,12.23541],[93.1021,12.23523],[93.10179,12.2349],[93.10154,12.23455],[93.10127,12.23414],[93.10108,12.23378],[93.10102,12.23343],[93.10103,12.23328],[93.1009,12.23298],[93.10069,12.23245],[93.10069,12.23192],[93.10084,12.23068],[93.10106,12.23038],[93.10152,12.23002],[93.10172,12.22961],[93.10177,12.22908],[93.10177,12.22891],[93.10187,12.22872],[93.10204,12.22763],[93.10213,12.22713],[93.10213,12.22679],[93.1023,12.22587],[93.1023,12.22505],[93.10235,12.22494],[93.10259,12.2245],[93.10276,12.22385],[93.10292,12.22336],[93.10309,12.22291],[93.10297,12.22266],[93.10296,12.22266],[93.10262,12.22262],[93.10242,12.22221],[93.1029,12.22209],[93.1029,12.22209],[93.10321,12.22186],[93.10356,12.22158],[93.1036,12.22135],[93.1036,12.22128],[93.1036,12.2212],[93.1036,12.22109],[93.10348,12.22074],[93.10336,12.22072],[93.1031,12.22068],[93.10288,12.22045],[93.10279,12.22031],[93.10258,12.21998],[93.10256,12.2197],[93.10254,12.21933],[93.10254,12.21894],[93.1025,12.21825],[93.10252,12.21776],[93.10252,12.21731],[93.10254,12.21696],[93.10257,12.21657],[93.10257,12.21651],[93.10257,12.21639],[93.10255,12.21622],[93.10248,12.216],[93.10243,12.21589],[93.10234,12.21567],[93.10242,12.21528],[93.10249,12.21516],[93.10261,12.21498],[93.1029,12.21486],[93.10327,12.21467],[93.10344,12.21461],[93.1035,12.21443],[93.10348,12.21418],[93.10317,12.21392],[93.10298,12.21383],[93.10283,12.21378],[93.1028,12.21349],[93.1028,12.21306],[93.1028,12.21279],[93.1028,12.21251],[93.10273,12.21218],[93.10259,12.21171],[93.10259,12.2114],[93.10259,12.21108],[93.10259,12.21093],[93.10259,12.21092],[93.10252,12.2107],[93.10231,12.21013],[93.10211,12.2094],[93.10211,12.20911],[93.10215,12.20855],[93.10219,12.2081],[93.10226,12.20786],[93.10226,12.20785],[93.10207,12.20769],[93.10207,12.20729],[93.10221,12.20704],[93.10216,12.2064],[93.10215,12.20639],[93.10182,12.20615],[93.10174,12.20575],[93.10149,12.20534],[93.10149,12.2053],[93.10103,12.20478],[93.10065,12.2044],[93.10058,12.20441],[93.10013,12.20445],[93.09972,12.20449],[93.09938,12.20449],[93.09934,12.20449],[93.0991,12.20461],[93.0991,12.20477],[93.09913,12.20506],[93.09914,12.20509],[93.0991,12.20542],[93.09906,12.20566],[93.09886,12.20579],[93.09872,12.20625],[93.09872,12.20668],[93.09866,12.20688],[93.09864,12.20688],[93.09819,12.2072],[93.09806,12.20752],[93.0979,12.2076],[93.09783,12.20786],[93.09782,12.208],[93.09781,12.20811],[93.09779,12.20827],[93.09775,12.20846],[93.09763,12.20876],[93.0974,12.20901],[93.09736,12.20921],[93.09717,12.20944],[93.09704,12.2095],[93.09699,12.2096],[93.09698,12.20973],[93.09682,12.20984],[93.09625,12.21021],[93.09583,12.21045],[93.0955,12.21049],[93.09513,12.21041],[93.09497,12.21017],[93.09468,12.20984],[93.09467,12.20975],[93.09455,12.20973],[93.09453,12.2097],[93.09432,12.20972],[93.09411,12.20978],[93.09403,12.21001],[93.09403,12.21029],[93.09403,12.21056],[93.09405,12.2108],[93.0941,12.21082],[93.0946,12.21114],[93.09461,12.21115],[93.09493,12.21142],[93.09472,12.21157],[93.09459,12.21156],[93.0944,12.21164],[93.09413,12.21191],[93.09401,12.21217],[93.09411,12.21256],[93.09415,12.21269],[93.09422,12.21289],[93.09413,12.21305],[93.09386,12.21289],[93.09374,12.21275],[93.09374,12.21274],[93.09365,12.21272],[93.09348,12.2124],[93.09307,12.21203],[93.09282,12.21191],[93.09241,12.21207],[93.09228,12.21236],[93.09228,12.21272],[93.09228,12.21321],[93.09238,12.21366],[93.09233,12.21391],[93.09233,12.21424],[93.09235,12.2145],[93.09237,12.21487],[93.09251,12.21519],[93.09251,12.2152],[93.0928,12.2154],[93.0928,12.21563],[93.09251,12.21565],[93.09241,12.21542],[93.09214,12.21518],[93.09191,12.21499],[93.09176,12.21501],[93.0916,12.21509],[93.09147,12.21532],[93.09133,12.21558],[93.09131,12.21581],[93.09143,12.21603],[93.0917,12.21638],[93.09195,12.21655],[93.09216,12.21669],[93.09234,12.21689],[93.09247,12.21718],[93.0923,12.21718],[93.09203,12.21691],[93.09172,12.21693],[93.09157,12.21701],[93.09147,12.21706],[93.09141,12.21726],[93.09147,12.21757],[93.0916,12.21777],[93.09177,12.21778],[93.09201,12.21779],[93.09214,12.21771],[93.09237,12.2174],[93.09255,12.21734],[93.09278,12.21759],[93.09291,12.21781],[93.09284,12.21792],[93.09261,12.21794],[93.0925,12.218],[93.0925,12.21801],[93.09249,12.21808],[93.0922,12.2184],[93.09199,12.21869],[93.09191,12.21881],[93.09195,12.21921],[93.0922,12.21962],[93.09246,12.2196],[93.09258,12.2196],[93.09286,12.21958],[93.09296,12.21954],[93.09297,12.21954],[93.09319,12.21954],[93.09356,12.21991],[93.09362,12.22018],[93.09357,12.22027],[93.09336,12.22049],[93.09332,12.22069],[93.09346,12.22092],[93.09364,12.22102],[93.09376,12.22108],[93.09396,12.22135],[93.0938,12.22137],[93.09362,12.22145],[93.09359,12.22147],[93.09353,12.22168],[93.09354,12.22202],[93.09355,12.22208],[93.09351,12.22218],[93.09348,12.22227],[93.09346,12.22243],[93.09347,12.22244],[93.09369,12.2227],[93.09388,12.22304],[93.09384,12.22321],[93.09367,12.22321],[93.09344,12.22323],[93.09344,12.22323],[93.09332,12.22351],[93.09332,12.22374],[93.09343,12.22422],[93.09344,12.22425],[93.09317,12.22468],[93.09303,12.22496],[93.09273,12.22523],[93.09253,12.22511],[93.09244,12.22482],[93.0921,12.22478],[93.09209,12.22478],[93.09195,12.22484],[93.09193,12.22485],[93.09172,12.22498],[93.09145,12.22523],[93.09101,12.22535],[93.09099,12.225],[93.09099,12.22456],[93.09095,12.22415],[93.09074,12.22392],[93.09035,12.22388],[93.09016,12.224],[93.09001,12.22425],[93.08983,12.22449],[93.0896,12.22439],[93.08927,12.22419],[93.08917,12.22417],[93.08902,12.22437],[93.08877,12.22481],[93.08803,12.2251],[93.08708,12.22514],[93.0865,12.22501],[93.08592,12.22469],[93.08559,12.22412],[93.08522,12.22355],[93.08493,12.22315],[93.08436,12.22266],[93.08374,12.22262],[93.08312,12.2227],[93.08262,12.22286],[93.08167,12.22327],[93.08129,12.2234],[93.08122,12.22343],[93.08072,12.22363],[93.08011,12.22396],[93.07961,12.22428],[93.0794,12.22452],[93.0794,12.22481],[93.07907,12.22521],[93.07841,12.22521],[93.07779,12.22493],[93.07738,12.22485],[93.07732,12.22486],[93.07672,12.22497],[93.0761,12.22529],[93.07557,12.2255],[93.07519,12.22566],[93.07458,12.22574],[93.07418,12.2261],[93.07412,12.22608],[93.07412,12.22635],[93.07408,12.22679],[93.07375,12.22687],[93.07321,12.22643],[93.07309,12.2261],[93.07299,12.2259],[93.07251,12.22594],[93.07157,12.22652],[93.07063,12.22669],[93.06993,12.22708],[93.0695,12.22711],[93.06905,12.22728],[93.06855,12.22748],[93.06814,12.2276],[93.06789,12.22788],[93.06752,12.22821],[93.06739,12.22838],[93.06711,12.22842],[93.06665,12.22825],[93.06632,12.22805],[93.06591,12.22788],[93.06537,12.22784],[93.06492,12.22796],[93.06451,12.22821],[93.06441,12.22832],[93.06391,12.2287],[93.06323,12.22987],[93.06289,12.23104],[93.06306,12.23255],[93.06306,12.23355],[93.06335,12.23408],[93.06335,12.23425],[93.06363,12.23466],[93.06388,12.23507],[93.06421,12.23543],[93.06458,12.23596],[93.06508,12.23657],[93.06541,12.23689],[93.06576,12.23713],[93.06594,12.2375],[93.06623,12.23799],[93.06644,12.23868],[93.06644,12.23913],[93.06644,12.23961],[93.06636,12.23987],[93.06637,12.23992],[93.06645,12.24126],[93.06675,12.24236],[93.06685,12.24245],[93.0673,12.24294],[93.06738,12.24339],[93.06714,12.24371],[93.06705,12.2438],[93.06705,12.24404],[93.06701,12.24412],[93.06693,12.24473],[93.06693,12.24513],[93.06701,12.24562],[93.06709,12.24603],[93.06705,12.24627],[93.06697,12.24659],[93.06697,12.24692],[93.06722,12.24724],[93.06755,12.24773],[93.0675,12.24814],[93.0675,12.24862],[93.06763,12.24907],[93.06779,12.24927],[93.06834,12.24951],[93.069,12.25005],[93.0696,12.25063],[93.06962,12.25081],[93.06969,12.25082],[93.07027,12.25065],[93.0706,12.25102],[93.0706,12.25118],[93.0706,12.25167],[93.07047,12.25176],[93.07047,12.25201],[93.07053,12.25206],[93.07064,12.25227],[93.07072,12.25228],[93.07117,12.2524],[93.07163,12.25297],[93.07192,12.2537],[93.07216,12.25435],[93.07196,12.25475],[93.07187,12.25477],[93.07188,12.25479],[93.07188,12.2548],[93.07171,12.25492],[93.07154,12.2552],[93.07154,12.25565],[93.07157,12.25571],[93.07151,12.25586],[93.07171,12.25613],[93.07167,12.25662],[93.07121,12.25695],[93.07116,12.257],[93.07121,12.25711],[93.07113,12.25723],[93.07113,12.2576],[93.07121,12.2582],[93.07146,12.25861],[93.07175,12.25902],[93.07253,12.25971],[93.07331,12.26023],[93.07393,12.2606],[93.0748,12.26105],[93.07579,12.26145],[93.07686,12.26174],[93.07756,12.26174],[93.0781,12.26174],[93.07855,12.26158],[93.07917,12.26117],[93.07955,12.26085],[93.07942,12.26036],[93.07928,12.26012],[93.07917,12.25995],[93.07926,12.25959],[93.07979,12.25939],[93.08037,12.25979],[93.08078,12.2602],[93.08099,12.26044],[93.08106,12.26048],[93.08137,12.26041],[93.08169,12.26036],[93.08202,12.26016],[93.0821,12.25988],[93.08227,12.25963],[93.08256,12.25927],[93.08293,12.2589],[93.08343,12.25866],[93.08359,12.25846],[93.08363,12.25805],[93.08355,12.2576],[93.08367,12.2572],[93.08409,12.25671],[93.08438,12.25622],[93.0845,12.25582],[93.0845,12.25541],[93.08431,12.25532],[93.08422,12.25513],[93.08421,12.25513],[93.0838,12.2548],[93.08347,12.25444],[93.08347,12.25418],[93.08366,12.25424],[93.08372,12.25445],[93.08405,12.25455],[93.0843,12.25453],[93.08451,12.25443],[93.08457,12.25414],[93.08457,12.25396],[93.08459,12.25371],[93.0847,12.2534],[93.08479,12.25322],[93.08482,12.25316],[93.08482,12.25295],[93.08482,12.25271],[93.08468,12.25253],[93.08466,12.25236],[93.08468,12.25218],[93.08471,12.25215],[93.08487,12.25201],[93.08497,12.25187],[93.08514,12.25177],[93.0852,12.25152],[93.0852,12.2513],[93.08512,12.25119],[93.08503,12.25105],[93.08514,12.25083],[93.08514,12.25083],[93.08524,12.25065],[93.0853,12.2505],[93.08528,12.25018],[93.08526,12.25015],[93.08512,12.24995],[93.0847,12.24948],[93.08451,12.24924],[93.08445,12.24903],[93.08453,12.24887],[93.08474,12.24889],[93.0849,12.24902],[93.08499,12.24909],[93.08539,12.24928],[93.08557,12.24926],[93.08574,12.24915],[93.08591,12.24901],[93.08597,12.24889],[93.08586,12.24866],[93.08586,12.24848],[93.08549,12.2483],[93.08537,12.24828],[93.08531,12.24827],[93.08525,12.24819],[93.08517,12.24805],[93.08504,12.24782],[93.0851,12.24777],[93.08514,12.24778],[93.08551,12.2477],[93.08593,12.24762],[93.08616,12.24738],[93.08626,12.24705],[93.08626,12.24674],[93.08626,12.24646],[93.08618,12.24615],[93.08603,12.24598],[93.08595,12.24589],[93.08568,12.24558],[93.08545,12.24537],[93.08539,12.24517],[93.08546,12.24514],[93.08568,12.24507],[93.08583,12.24513],[93.08593,12.24495],[93.08597,12.24466],[93.08601,12.24431],[93.08608,12.24409],[93.0861,12.24378],[93.08605,12.24347],[93.08598,12.2434],[93.08585,12.24327],[93.08599,12.24312],[93.08612,12.243],[93.08618,12.24292],[93.0862,12.24266],[93.08612,12.24241],[93.08599,12.24223],[93.08595,12.24217],[93.0857,12.24184],[93.08543,12.24157],[93.0857,12.24135],[93.08584,12.24117],[93.08583,12.24113],[93.08567,12.24072],[93.08538,12.24036],[93.08531,12.2403],[93.08527,12.24022],[93.08502,12.24016],[93.08494,12.24002],[93.0849,12.23983],[93.08489,12.23977],[93.08486,12.23975],[93.08481,12.23961],[93.08462,12.23943],[93.08456,12.23924],[93.08456,12.23898],[93.08456,12.23894],[93.08485,12.23877],[93.08499,12.23869],[93.08502,12.23865],[93.08533,12.23824],[93.08573,12.23798],[93.08618,12.23771],[93.08662,12.23759],[93.08716,12.23743],[93.08755,12.23737],[93.08797,12.23732],[93.08849,12.2373],[93.08895,12.23741],[93.08926,12.23751],[93.0893,12.23761],[93.08965,12.23798],[93.08998,12.23804],[93.09025,12.23806],[93.09088,12.23808],[93.09125,12.23806],[93.09163,12.23806],[93.09225,12.23808],[93.0925,12.23825],[93.09273,12.23847],[93.09306,12.23866],[93.09323,12.23884],[93.09331,12.23915],[93.09333,12.23951],[93.09354,12.24007],[93.09357,12.24009],[93.09367,12.2404],[93.09384,12.24093],[93.09394,12.2411],[93.09393,12.24113],[93.09405,12.24137],[93.0943,12.24164],[93.09448,12.24178],[93.09451,12.2418],[93.09453,12.24185],[93.09464,12.24205],[93.09464,12.24229],[93.09476,12.24256],[93.09518,12.24283],[93.09545,12.24297],[93.0957,12.24295],[93.09588,12.24293],[93.09607,12.24317],[93.0961,12.2434],[93.09611,12.24348],[93.09626,12.24385],[93.09642,12.24422],[93.09653,12.24452],[93.09663,12.24479],[93.09665,12.24511],[93.09659,12.2454],[93.0964,12.24558],[93.09634,12.24579],[93.09642,12.24624],[93.09648,12.24635],[93.09651,12.24644],[93.09652,12.24677],[93.09654,12.24708],[93.09688,12.24757],[93.09729,12.24777],[93.09758,12.248],[93.09792,12.24826],[93.09837,12.24849],[93.09873,12.24859],[93.09894,12.24863],[93.09915,12.24876],[93.09927,12.24902],[93.09945,12.24926],[93.09956,12.24945],[93.0996,12.24971],[93.0996,12.24994],[93.09956,12.25029],[93.09941,12.25049],[93.09928,12.25078],[93.09928,12.25119],[93.09928,12.25149],[93.09928,12.25176],[93.09926,12.25206],[93.09922,12.25233],[93.0991,12.25257],[93.09903,12.2529],[93.09901,12.25317],[93.09897,12.25343],[93.09895,12.25376],[93.09895,12.25415],[93.09896,12.25416],[93.09896,12.25422],[93.09907,12.25453],[93.09923,12.25506],[93.09934,12.2552],[93.09934,12.25525],[93.09941,12.25546],[93.09959,12.2557],[93.0997,12.25591],[93.09976,12.25613],[93.09986,12.25646],[93.10001,12.25676],[93.10007,12.25701],[93.10009,12.25736],[93.10009,12.25754],[93.10009,12.25774],[93.10009,12.25801],[93.10011,12.25838],[93.10017,12.25875],[93.10019,12.25903],[93.10026,12.25938],[93.10055,12.25975],[93.10059,12.25976],[93.10066,12.25986],[93.10143,12.26045],[93.10158,12.26052],[93.10161,12.26055],[93.10202,12.26085],[93.10225,12.26097],[93.10275,12.26095],[93.10308,12.26087],[93.10333,12.26077]]],[[[93.03154,11.83685],[93.03188,11.83665],[93.03223,11.83674],[93.03284,11.83676],[93.03353,11.83671],[93.03405,11.83662],[93.03449,11.83648],[93.03518,11.83631],[93.03591,11.83628],[93.0364,11.83628],[93.03647,11.83627],[93.03663,11.83634],[93.03703,11.83657],[93.03744,11.83668],[93.0377,11.83688],[93.03816,11.83711],[93.03868,11.83737],[93.0389,11.83747],[93.03911,11.83771],[93.03949,11.83782],[93.0399,11.83794],[93.0401,11.83799],[93.04056,11.83802],[93.04085,11.83822],[93.04097,11.83834],[93.04154,11.83882],[93.04206,11.83919],[93.04241,11.83945],[93.04293,11.83985],[93.04334,11.84013],[93.04374,11.84039],[93.04426,11.8407],[93.04478,11.84099],[93.04542,11.84125],[93.04634,11.84156],[93.0466,11.84176],[93.04701,11.84202],[93.04756,11.84236],[93.04811,11.84256],[93.04866,11.84267],[93.049,11.84276],[93.04932,11.84276],[93.04964,11.84276],[93.04996,11.84276],[93.05036,11.84276],[93.05043,11.84276],[93.05068,11.84282],[93.05077,11.8429],[93.05132,11.84342],[93.05172,11.84342],[93.05204,11.84333],[93.0525,11.84356],[93.05294,11.84393],[93.05328,11.84399],[93.05363,11.84396],[93.05395,11.8439],[93.0543,11.84407],[93.0547,11.84436],[93.05502,11.84436],[93.05542,11.8443],[93.05589,11.8443],[93.05618,11.84425],[93.05652,11.84413],[93.05693,11.84422],[93.0571,11.84428],[93.05748,11.84425],[93.05791,11.84419],[93.05834,11.84428],[93.05866,11.84448],[93.05915,11.8447],[93.05953,11.84493],[93.05991,11.84496],[93.06025,11.84496],[93.06051,11.84488],[93.06095,11.84453],[93.06132,11.84431],[93.06182,11.84428],[93.06231,11.84445],[93.06254,11.84468],[93.06294,11.84479],[93.06338,11.84479],[93.06364,11.84465],[93.0639,11.84428],[93.06419,11.84353],[93.06427,11.84345],[93.06451,11.84328],[93.06474,11.84314],[93.06494,11.84291],[93.06514,11.84271],[93.06532,11.84254],[93.06549,11.84237],[93.06572,11.84226],[93.06621,11.8422],[93.06659,11.84226],[93.06699,11.84229],[93.06734,11.84226],[93.06769,11.84223],[93.06787,11.84213],[93.06795,11.84209],[93.06809,11.84214],[93.06818,11.84217],[93.06844,11.84226],[93.06876,11.84229],[93.06902,11.84223],[93.06928,11.84212],[93.06954,11.84198],[93.06969,11.84175],[93.06992,11.84146],[93.07015,11.84121],[93.07041,11.84084],[93.07055,11.84061],[93.07076,11.84032],[93.07084,11.8401],[93.07099,11.83978],[93.07128,11.83944],[93.07151,11.8391],[93.07151,11.83864],[93.07151,11.83824],[93.07137,11.8379],[93.07128,11.8377],[93.07128,11.83728],[93.07134,11.83696],[93.07142,11.83662],[93.07148,11.83631],[93.07154,11.83596],[93.07157,11.83559],[93.07157,11.83525],[93.07157,11.83502],[93.07154,11.83463],[93.07145,11.83437],[93.07134,11.83406],[93.07117,11.83371],[93.07093,11.83343],[93.07079,11.83323],[93.0705,11.83297],[93.07039,11.8329],[93.07038,11.8329],[93.07027,11.83283],[93.07007,11.83266],[93.06963,11.83209],[93.06946,11.83192],[93.06932,11.83166],[93.06914,11.83146],[93.06891,11.83123],[93.06875,11.83127],[93.06841,11.8307],[93.06841,11.83069],[93.06848,11.83049],[93.06859,11.83009],[93.06859,11.82984],[93.06854,11.82961],[93.06828,11.82938],[93.06813,11.82927],[93.06789,11.82925],[93.06752,11.829],[93.06702,11.82843],[93.06712,11.82798],[93.067,11.82789],[93.067,11.82784],[93.06692,11.8277],[93.0668,11.82753],[93.06651,11.82741],[93.06625,11.82736],[93.06619,11.82734],[93.06612,11.82725],[93.06567,11.82706],[93.06523,11.82699],[93.0651,11.82675],[93.06504,11.8263],[93.06487,11.8261],[93.06416,11.82534],[93.064,11.82496],[93.06371,11.82456],[93.06354,11.82433],[93.06302,11.82379],[93.06276,11.82362],[93.06255,11.82342],[93.06221,11.82299],[93.06212,11.82254],[93.06186,11.82231],[93.06172,11.82208],[93.06166,11.82168],[93.06151,11.82134],[93.06153,11.82125],[93.06157,11.82091],[93.06177,11.82072],[93.06218,11.82077],[93.06221,11.8208],[93.06235,11.82072],[93.06264,11.82046],[93.0629,11.82006],[93.06319,11.81963],[93.06313,11.81918],[93.06279,11.81889],[93.06253,11.81869],[93.06224,11.81844],[93.06201,11.81812],[93.06166,11.8177],[93.06102,11.81715],[93.06042,11.81664],[93.05993,11.81627],[93.05917,11.81578],[93.05845,11.81539],[93.05802,11.81504],[93.05776,11.81504],[93.05741,11.81499],[93.05695,11.81493],[93.05646,11.81484],[93.05591,11.81453],[93.0555,11.81453],[93.05516,11.8145],[93.05489,11.81436],[93.05469,11.81427],[93.05437,11.81419],[93.05406,11.81404],[93.05377,11.81396],[93.05336,11.81396],[93.05307,11.81396],[93.05281,11.81399],[93.05241,11.81401],[93.05212,11.81401],[93.05169,11.81367],[93.05145,11.81344],[93.05105,11.81321],[93.05064,11.81321],[93.05021,11.81321],[93.04978,11.81327],[93.04926,11.81327],[93.04885,11.8133],[93.04853,11.81347],[93.04842,11.81375],[93.04827,11.81407],[93.04795,11.81441],[93.04755,11.81447],[93.04706,11.81447],[93.04642,11.81446],[93.04596,11.81446],[93.04552,11.81472],[93.04529,11.81503],[93.04463,11.81532],[93.04422,11.81543],[93.04376,11.81575],[93.04347,11.81597],[93.04318,11.81617],[93.04283,11.81643],[93.04231,11.81691],[93.04188,11.81737],[93.04107,11.8176],[93.04029,11.81797],[93.03991,11.81808],[93.03956,11.81825],[93.03924,11.81853],[93.03893,11.81885],[93.0387,11.81905],[93.03835,11.81925],[93.03789,11.81925],[93.03736,11.81933],[93.03716,11.81959],[93.03713,11.81987],[93.03658,11.82056],[93.03603,11.82084],[93.03569,11.8213],[93.03544,11.82165],[93.03511,11.82167],[93.03447,11.82181],[93.03395,11.82198],[93.0334,11.82218],[93.03282,11.82249],[93.03239,11.82289],[93.03207,11.82309],[93.03178,11.82323],[93.03146,11.82349],[93.0312,11.82371],[93.03085,11.82397],[93.03059,11.82443],[93.03059,11.8248],[93.03071,11.82517],[93.03071,11.82551],[93.03065,11.82588],[93.03048,11.82619],[93.03027,11.82639],[93.03001,11.82665],[93.02958,11.82682],[93.0292,11.82682],[93.0286,11.82667],[93.02807,11.8265],[93.02732,11.82665],[93.02706,11.82687],[93.02674,11.82713],[93.02619,11.82727],[93.0259,11.82747],[93.02564,11.82778],[93.0253,11.82807],[93.02492,11.82815],[93.0246,11.8283],[93.02399,11.82847],[93.02371,11.82881],[93.02336,11.82906],[93.02304,11.82941],[93.02266,11.82975],[93.02237,11.82989],[93.02211,11.82989],[93.02185,11.82995],[93.02174,11.83023],[93.02156,11.83037],[93.02133,11.8304],[93.02081,11.8304],[93.02061,11.83054],[93.02026,11.83086],[93.02012,11.83074],[93.02006,11.83054],[93.01968,11.83026],[93.01934,11.83026],[93.01922,11.83031],[93.01896,11.8306],[93.01884,11.83088],[93.01824,11.83108],[93.01763,11.83111],[93.0172,11.83108],[93.01665,11.83074],[93.01656,11.83034],[93.01647,11.83],[93.01624,11.82968],[93.01614,11.82958],[93.01613,11.82948],[93.01607,11.8294],[93.01598,11.82926],[93.01578,11.829],[93.01569,11.82886],[93.01555,11.82858],[93.01529,11.8286],[93.01514,11.8288],[93.01511,11.82906],[93.0152,11.82929],[93.01537,11.82951],[93.01546,11.82977],[93.01546,11.83],[93.01535,11.83031],[93.01532,11.83037],[93.01523,11.83054],[93.01511,11.83077],[93.01503,11.83099],[93.01488,11.83134],[93.01468,11.83165],[93.01448,11.83182],[93.01413,11.83225],[93.01404,11.83245],[93.01404,11.83265],[93.01419,11.8329],[93.01442,11.83305],[93.01476,11.83322],[93.01483,11.83333],[93.01493,11.83349],[93.01494,11.8335],[93.01493,11.83358],[93.01491,11.83384],[93.01476,11.8341],[93.01453,11.83447],[93.01455,11.83472],[93.01456,11.83484],[93.01457,11.835],[93.01459,11.83518],[93.01459,11.83567],[93.01441,11.83601],[93.01413,11.83632],[93.01386,11.83672],[93.01369,11.83718],[93.01366,11.83746],[93.01343,11.83783],[93.01323,11.83806],[93.01291,11.83834],[93.01276,11.83863],[93.01276,11.83882],[93.01276,11.839],[93.01276,11.83934],[93.01279,11.83988],[93.01285,11.84037],[93.01285,11.84088],[93.01285,11.84119],[93.01285,11.84151],[93.01285,11.84188],[93.01288,11.84205],[93.01293,11.84233],[93.01296,11.84279],[93.01296,11.84304],[93.01296,11.84342],[93.01293,11.84364],[93.01293,11.84396],[93.0129,11.8443],[93.0129,11.8445],[93.0129,11.84478],[93.0129,11.84524],[93.01293,11.84558],[93.01299,11.84581],[93.01299,11.84618],[93.01301,11.84636],[93.01296,11.84644],[93.0129,11.84689],[93.01287,11.84729],[93.01283,11.84756],[93.0129,11.84777],[93.01287,11.84809],[93.01287,11.84843],[93.01287,11.84897],[93.0129,11.84948],[93.01304,11.84985],[93.01307,11.85],[93.01327,11.85005],[93.01382,11.84983],[93.01408,11.84954],[93.01446,11.84926],[93.01475,11.84886],[93.01498,11.84857],[93.01591,11.84741],[93.0162,11.84709],[93.0166,11.84667],[93.01692,11.84621],[93.01733,11.84576],[93.01768,11.84547],[93.01822,11.84513],[93.0188,11.84476],[93.01987,11.8441],[93.02077,11.84354],[93.02135,11.84328],[93.02184,11.843],[93.0228,11.84254],[93.02317,11.8422],[93.02497,11.84152],[93.0256,11.84117],[93.02604,11.84086],[93.02682,11.84058],[93.02737,11.84026],[93.02838,11.83947],[93.0287,11.83901],[93.02919,11.83864],[93.02966,11.8383],[93.03,11.83807],[93.0307,11.83747],[93.03107,11.83719],[93.03154,11.83685]]],[[[92.54096,11.60343],[92.54141,11.60333],[92.54169,11.60333],[92.54203,11.6033],[92.54218,11.60312],[92.54222,11.60284],[92.54234,11.60276],[92.5425,11.60268],[92.54274,11.60261],[92.54305,11.6023],[92.54313,11.60224],[92.54329,11.60215],[92.54348,11.60212],[92.5438,11.60205],[92.54413,11.60204],[92.54449,11.602],[92.54463,11.60197],[92.54507,11.60197],[92.54528,11.60207],[92.54569,11.60206],[92.54619,11.60202],[92.54647,11.60197],[92.54681,11.60179],[92.54704,11.60167],[92.54728,11.60164],[92.5474,11.6014],[92.54736,11.6011],[92.5475,11.60088],[92.54788,11.60062],[92.54809,11.60044],[92.54822,11.6003],[92.54831,11.60011],[92.54829,11.59991],[92.54826,11.59988],[92.54811,11.59974],[92.54781,11.59971],[92.5474,11.5995],[92.54716,11.59932],[92.54685,11.59916],[92.54659,11.59906],[92.54629,11.59894],[92.54609,11.59868],[92.54606,11.59865],[92.54594,11.59841],[92.54584,11.59797],[92.54583,11.59757],[92.54584,11.59731],[92.54588,11.59696],[92.54588,11.5967],[92.54597,11.59647],[92.54605,11.59626],[92.54616,11.59594],[92.546,11.59565],[92.54576,11.59545],[92.54554,11.59543],[92.54523,11.59535],[92.54513,11.59514],[92.54511,11.59479],[92.54513,11.59436],[92.54525,11.59423],[92.5453,11.59394],[92.5452,11.5936],[92.54515,11.59341],[92.54515,11.59304],[92.54515,11.59272],[92.54515,11.59258],[92.5451,11.5925],[92.5451,11.59235],[92.54527,11.59223],[92.54563,11.59218],[92.54599,11.59215],[92.54634,11.5921],[92.54653,11.59193],[92.54661,11.59167],[92.54668,11.59145],[92.54694,11.59138],[92.5473,11.5915],[92.54754,11.59179],[92.54761,11.592],[92.54773,11.59215],[92.54775,11.59223],[92.54793,11.5924],[92.54831,11.59264],[92.54854,11.59273],[92.54881,11.59276],[92.54881,11.59276],[92.54905,11.5929],[92.5492,11.59307],[92.54941,11.59329],[92.54958,11.59344],[92.54975,11.59349],[92.54996,11.59365],[92.55006,11.59378],[92.55022,11.59392],[92.55047,11.59397],[92.55053,11.59399],[92.55078,11.59404],[92.55092,11.59395],[92.55095,11.59384],[92.55096,11.59382],[92.55106,11.59367],[92.55121,11.59356],[92.55133,11.59353],[92.55149,11.59351],[92.55158,11.59351],[92.55183,11.5935],[92.55201,11.5935],[92.55219,11.5934],[92.5524,11.59326],[92.55249,11.59303],[92.55252,11.59283],[92.55252,11.59282],[92.55275,11.59262],[92.55281,11.59261],[92.553,11.59259],[92.55326,11.59264],[92.55349,11.59267],[92.55367,11.59255],[92.5539,11.5923],[92.55395,11.59215],[92.554,11.59189],[92.55403,11.59185],[92.55416,11.59166],[92.55442,11.59157],[92.55454,11.59158],[92.55469,11.59159],[92.55493,11.59178],[92.55519,11.59178],[92.55546,11.59164],[92.5556,11.59149],[92.55583,11.5913],[92.55607,11.59124],[92.55644,11.59139],[92.55665,11.59156],[92.55684,11.59165],[92.55706,11.59168],[92.55722,11.59168],[92.55744,11.59168],[92.55761,11.59165],[92.55775,11.59161],[92.55778,11.59161],[92.55792,11.59158],[92.55811,11.59156],[92.55823,11.59162],[92.5583,11.5917],[92.55845,11.59179],[92.55855,11.59184],[92.55876,11.59184],[92.55907,11.59184],[92.55933,11.59182],[92.55963,11.5918],[92.55973,11.59179],[92.55989,11.59185],[92.56005,11.59192],[92.56028,11.59211],[92.56062,11.59237],[92.56089,11.59237],[92.56112,11.59233],[92.56132,11.5923],[92.56165,11.59242],[92.56187,11.59256],[92.56216,11.59259],[92.56235,11.59259],[92.5627,11.59269],[92.5629,11.59281],[92.56304,11.59281],[92.5633,11.59276],[92.56357,11.5927],[92.56383,11.59263],[92.56414,11.59261],[92.5645,11.59255],[92.5649,11.59238],[92.56502,11.59229],[92.56515,11.59216],[92.56517,11.59214],[92.56535,11.59199],[92.56553,11.59194],[92.56581,11.59196],[92.56584,11.59198],[92.56596,11.59207],[92.56612,11.5923],[92.56622,11.59248],[92.56632,11.59272],[92.56646,11.59286],[92.56672,11.59294],[92.56692,11.59291],[92.56706,11.59277],[92.56708,11.59264],[92.56708,11.5924],[92.56708,11.59226],[92.5671,11.59214],[92.56714,11.59211],[92.5672,11.59206],[92.5673,11.59203],[92.56739,11.59199],[92.56758,11.59184],[92.56763,11.5916],[92.56763,11.59135],[92.56748,11.59113],[92.56739,11.59103],[92.56744,11.59082],[92.5675,11.59055],[92.56753,11.59042],[92.56756,11.59035],[92.56765,11.59025],[92.56805,11.59015],[92.56831,11.59017],[92.56851,11.5903],[92.5686,11.59032],[92.56882,11.59035],[92.5691,11.59035],[92.56941,11.59024],[92.56953,11.59019],[92.56961,11.59003],[92.56961,11.58992],[92.56961,11.58983],[92.56961,11.58961],[92.56961,11.5893],[92.5696,11.58897],[92.56958,11.58871],[92.56953,11.58841],[92.56941,11.58822],[92.56914,11.588],[92.56907,11.58797],[92.56891,11.5879],[92.56855,11.58779],[92.56835,11.58779],[92.56819,11.58784],[92.56792,11.58791],[92.56769,11.58798],[92.5674,11.58796],[92.56714,11.58789],[92.5668,11.5877],[92.56646,11.58759],[92.5661,11.58745],[92.56572,11.58723],[92.56525,11.58706],[92.56489,11.58695],[92.56458,11.5868],[92.56434,11.5867],[92.56398,11.5866],[92.56374,11.58648],[92.56354,11.58632],[92.5634,11.58621],[92.56291,11.58592],[92.56247,11.58552],[92.56223,11.58505],[92.56217,11.58468],[92.56213,11.58429],[92.5621,11.5839],[92.56207,11.58337],[92.56198,11.58264],[92.56198,11.5823],[92.56192,11.58193],[92.5619,11.58161],[92.5619,11.58132],[92.56192,11.581],[92.56195,11.58083],[92.56216,11.58042],[92.5624,11.58017],[92.56257,11.57987],[92.56264,11.5796],[92.56266,11.57929],[92.56265,11.57919],[92.563,11.57774],[92.56306,11.57766],[92.56327,11.57755],[92.56344,11.57739],[92.56356,11.57723],[92.56377,11.57701],[92.56401,11.57682],[92.56421,11.57667],[92.56456,11.57618],[92.56482,11.57597],[92.56497,11.57569],[92.56511,11.57543],[92.56532,11.57511],[92.56544,11.57479],[92.56556,11.5745],[92.56568,11.57401],[92.56568,11.57366],[92.5656,11.57352],[92.56532,11.57342],[92.56506,11.5734],[92.56479,11.57352],[92.56454,11.57365],[92.56393,11.57371],[92.56367,11.57355],[92.56353,11.57348],[92.56335,11.57336],[92.56309,11.57321],[92.56287,11.57302],[92.56266,11.57289],[92.5623,11.57266],[92.56196,11.57251],[92.56158,11.57234],[92.56117,11.57219],[92.56084,11.572],[92.56055,11.57183],[92.56031,11.57166],[92.55998,11.57146],[92.55964,11.5712],[92.55938,11.571],[92.55911,11.57069],[92.5589,11.57044],[92.55866,11.57022],[92.5584,11.57005],[92.55815,11.56999],[92.55789,11.56982],[92.55767,11.56962],[92.55741,11.5694],[92.55712,11.56913],[92.55683,11.56875],[92.55657,11.56847],[92.5564,11.56835],[92.55611,11.56792],[92.55602,11.5678],[92.55597,11.5676],[92.55601,11.56735],[92.55609,11.56713],[92.55632,11.56687],[92.55652,11.56669],[92.55656,11.56663],[92.55664,11.56652],[92.55664,11.56639],[92.55664,11.56631],[92.55664,11.56625],[92.55661,11.56592],[92.55647,11.5657],[92.55618,11.56541],[92.55594,11.56524],[92.55572,11.56509],[92.55544,11.56499],[92.55517,11.56482],[92.555,11.56472],[92.55488,11.56456],[92.55482,11.56448],[92.55471,11.56429],[92.55455,11.56404],[92.55435,11.56375],[92.55428,11.56353],[92.55424,11.56338],[92.55419,11.56322],[92.55423,11.56294],[92.55423,11.56278],[92.55418,11.56253],[92.55413,11.56239],[92.55392,11.56222],[92.55368,11.56217],[92.55337,11.5621],[92.55305,11.5621],[92.55279,11.5621],[92.55252,11.5621],[92.55244,11.5621],[92.55217,11.5621],[92.55188,11.5621],[92.55122,11.56195],[92.55088,11.56188],[92.55038,11.56169],[92.55,11.5615],[92.54971,11.56147],[92.54968,11.56145],[92.54878,11.56096],[92.54812,11.56096],[92.54791,11.56111],[92.54755,11.56126],[92.54674,11.56166],[92.54638,11.56182],[92.54591,11.56197],[92.54552,11.56212],[92.54517,11.56224],[92.54468,11.56237],[92.54426,11.56252],[92.54387,11.56269],[92.54349,11.56283],[92.54316,11.56289],[92.54234,11.56318],[92.54196,11.56319],[92.54156,11.56323],[92.54117,11.56323],[92.54081,11.56323],[92.5404,11.56317],[92.53986,11.5631],[92.53959,11.56307],[92.53921,11.56295],[92.539,11.56283],[92.5385,11.56278],[92.53803,11.56238],[92.53768,11.56207],[92.53765,11.56201],[92.53749,11.56174],[92.53734,11.56149],[92.53722,11.56123],[92.53719,11.56098],[92.53696,11.56064],[92.53679,11.56037],[92.53664,11.56005],[92.53643,11.55966],[92.53602,11.5594],[92.53595,11.55938],[92.53583,11.55925],[92.53575,11.55913],[92.53559,11.55901],[92.53535,11.55884],[92.53515,11.55872],[92.53484,11.55865],[92.5346,11.55857],[92.53432,11.55845],[92.53412,11.55835],[92.53395,11.55824],[92.53391,11.55822],[92.53374,11.55811],[92.53364,11.55806],[92.53355,11.55795],[92.53345,11.55773],[92.53333,11.55741],[92.53316,11.55729],[92.53299,11.55721],[92.53273,11.55714],[92.53252,11.55704],[92.53247,11.55699],[92.53239,11.55692],[92.53237,11.55689],[92.53227,11.55666],[92.5322,11.55646],[92.53203,11.55624],[92.53175,11.55609],[92.53158,11.55597],[92.53153,11.55593],[92.53127,11.55575],[92.53115,11.55554],[92.5311,11.5554],[92.53107,11.55529],[92.53105,11.5551],[92.53088,11.55485],[92.53055,11.55466],[92.53035,11.55468],[92.53009,11.55479],[92.53004,11.55498],[92.53014,11.55532],[92.5303,11.5555],[92.53031,11.55551],[92.53043,11.55574],[92.53053,11.556],[92.53053,11.55632],[92.5305,11.55664],[92.53038,11.55678],[92.53032,11.55685],[92.53029,11.5571],[92.53039,11.55735],[92.53051,11.55747],[92.53068,11.55763],[92.5308,11.55785],[92.53096,11.55813],[92.53096,11.55844],[92.53096,11.55864],[92.53096,11.55873],[92.5309,11.55893],[92.5309,11.55915],[92.53107,11.55935],[92.53133,11.55956],[92.53139,11.5596],[92.53157,11.55975],[92.53171,11.55997],[92.53186,11.56024],[92.53202,11.56058],[92.53201,11.56069],[92.5321,11.5608],[92.53224,11.56102],[92.53232,11.56119],[92.53241,11.56144],[92.53256,11.56163],[92.53275,11.56182],[92.53294,11.56194],[92.53313,11.56205],[92.5333,11.56227],[92.53323,11.56234],[92.53311,11.56244],[92.53309,11.56258],[92.53318,11.56273],[92.53338,11.56285],[92.53368,11.56292],[92.53392,11.56292],[92.53397,11.56292],[92.53428,11.5629],[92.53448,11.56292],[92.53469,11.56292],[92.53476,11.56295],[92.53478,11.56299],[92.5349,11.56323],[92.53503,11.56347],[92.5352,11.56369],[92.53544,11.56399],[92.53558,11.56423],[92.53565,11.56448],[92.53585,11.56505],[92.53584,11.56525],[92.53575,11.56555],[92.53571,11.56581],[92.53564,11.56609],[92.53564,11.56638],[92.53557,11.5667],[92.53545,11.56714],[92.53531,11.5675],[92.53521,11.56779],[92.53506,11.56819],[92.53497,11.56848],[92.53486,11.56882],[92.53473,11.56917],[92.53459,11.56945],[92.53435,11.56965],[92.53414,11.56987],[92.53404,11.57011],[92.5338,11.57034],[92.53357,11.57051],[92.53337,11.57059],[92.53319,11.57071],[92.53297,11.57081],[92.53278,11.57089],[92.53273,11.57092],[92.53259,11.57114],[92.53254,11.57134],[92.53252,11.57159],[92.53249,11.5719],[92.53247,11.57208],[92.53242,11.57239],[92.5324,11.57248],[92.53238,11.57263],[92.53238,11.57288],[92.53255,11.57315],[92.53272,11.57341],[92.53276,11.57378],[92.53275,11.574],[92.53272,11.57429],[92.53269,11.57444],[92.53262,11.57478],[92.53267,11.57503],[92.53273,11.57513],[92.53282,11.57525],[92.53303,11.57542],[92.53311,11.57544],[92.53327,11.57547],[92.53346,11.57542],[92.53387,11.57546],[92.53397,11.57554],[92.53416,11.57575],[92.53425,11.57585],[92.5344,11.57609],[92.53444,11.57617],[92.5346,11.57639],[92.53466,11.57658],[92.53466,11.57688],[92.53459,11.57727],[92.53455,11.57751],[92.53455,11.57778],[92.53455,11.57805],[92.53455,11.57831],[92.53455,11.5786],[92.53456,11.57893],[92.5346,11.57914],[92.53468,11.57934],[92.53472,11.57941],[92.53482,11.5796],[92.53497,11.57982],[92.53499,11.57995],[92.53502,11.58012],[92.53508,11.58033],[92.53511,11.58061],[92.53526,11.5809],[92.53533,11.58104],[92.53537,11.58136],[92.53542,11.58185],[92.53543,11.58229],[92.53541,11.58256],[92.53541,11.58288],[92.53541,11.58312],[92.53536,11.58344],[92.53533,11.5837],[92.53531,11.5839],[92.53529,11.58412],[92.53522,11.58438],[92.53512,11.58462],[92.5351,11.58468],[92.53506,11.58492],[92.53503,11.58514],[92.53491,11.58534],[92.53482,11.58551],[92.5347,11.58568],[92.53463,11.58582],[92.5346,11.58588],[92.5346,11.58589],[92.53458,11.5861],[92.53453,11.58622],[92.53441,11.58653],[92.53423,11.58674],[92.53404,11.58707],[92.53394,11.58737],[92.53377,11.58773],[92.53363,11.58796],[92.53347,11.58825],[92.53334,11.58852],[92.53326,11.58866],[92.53322,11.58872],[92.53309,11.58894],[92.53303,11.58915],[92.53289,11.58935],[92.53268,11.58962],[92.53252,11.59003],[92.53251,11.59035],[92.53254,11.59065],[92.53257,11.59072],[92.53255,11.59094],[92.53251,11.59098],[92.53247,11.59113],[92.53247,11.59142],[92.53247,11.59159],[92.53245,11.59209],[92.53243,11.59242],[92.53236,11.59326],[92.53236,11.5936],[92.53236,11.59391],[92.53236,11.59416],[92.53241,11.59459],[92.53243,11.59486],[92.53243,11.59523],[92.53246,11.59564],[92.53258,11.59591],[92.53261,11.59609],[92.53261,11.59609],[92.53265,11.59625],[92.53268,11.59643],[92.53273,11.59662],[92.53276,11.59673],[92.53278,11.59684],[92.53283,11.59701],[92.53294,11.59718],[92.53312,11.59737],[92.5333,11.59747],[92.5333,11.59748],[92.5333,11.59754],[92.53331,11.59769],[92.53333,11.59786],[92.53333,11.59796],[92.53327,11.59805],[92.53324,11.5981],[92.53314,11.5982],[92.53312,11.59821],[92.53311,11.59837],[92.53314,11.59854],[92.53326,11.5987],[92.53326,11.59871],[92.53343,11.59891],[92.53355,11.59904],[92.5337,11.59921],[92.53379,11.59933],[92.53393,11.59955],[92.53401,11.59979],[92.53408,11.60001],[92.53408,11.6002],[92.53408,11.60047],[92.53408,11.60067],[92.53408,11.60084],[92.53408,11.6011],[92.53408,11.60142],[92.53408,11.60143],[92.53404,11.6015],[92.53403,11.60154],[92.53392,11.60167],[92.53402,11.60191],[92.5342,11.60213],[92.53438,11.60235],[92.53457,11.60241],[92.5346,11.60245],[92.53462,11.60245],[92.53482,11.60254],[92.53492,11.60268],[92.535,11.60286],[92.53502,11.60305],[92.53505,11.60335],[92.53509,11.60354],[92.53521,11.60384],[92.53536,11.6041],[92.53548,11.60432],[92.53556,11.60454],[92.53579,11.60476],[92.53586,11.60496],[92.53603,11.60525],[92.53615,11.60551],[92.53625,11.60568],[92.53642,11.60583],[92.53668,11.60603],[92.53695,11.60615],[92.53735,11.6062],[92.53759,11.60619],[92.5379,11.60605],[92.53814,11.60583],[92.53836,11.6056],[92.53859,11.60529],[92.539,11.60487],[92.53907,11.60479],[92.53926,11.60458],[92.53941,11.60431],[92.53942,11.60411],[92.53942,11.60384],[92.53959,11.60372],[92.53979,11.60365],[92.54017,11.60357],[92.5405,11.60354],[92.54077,11.60349],[92.54096,11.60343]]],[[[93.8676,12.29398],[93.86797,12.29372],[93.86848,12.2938],[93.86932,12.29322],[93.87016,12.29247],[93.87083,12.29164],[93.87167,12.29081],[93.87202,12.29052],[93.87271,12.28993],[93.87285,12.28982],[93.87377,12.2889],[93.87428,12.28832],[93.87453,12.28758],[93.87486,12.28641],[93.87486,12.28534],[93.87478,12.28459],[93.87477,12.28368],[93.87511,12.28318],[93.87551,12.28269],[93.87578,12.28235],[93.87595,12.28169],[93.87679,12.28078],[93.87755,12.28053],[93.87746,12.27953],[93.87735,12.27923],[93.87712,12.27862],[93.87661,12.27771],[93.87568,12.27664],[93.8756,12.27597],[93.87597,12.27523],[93.87618,12.27481],[93.87627,12.27423],[93.87626,12.27316],[93.87576,12.27225],[93.87491,12.2715],[93.87415,12.27018],[93.87348,12.26918],[93.87229,12.26819],[93.87052,12.26811],[93.86867,12.26787],[93.86757,12.26779],[93.86623,12.26713],[93.86505,12.26697],[93.86344,12.26697],[93.86167,12.26615],[93.86049,12.26565],[93.85898,12.26565],[93.85788,12.26566],[93.85586,12.26541],[93.85485,12.26575],[93.85392,12.26674],[93.85232,12.26716],[93.85165,12.26799],[93.85107,12.26915],[93.85031,12.26982],[93.84955,12.27015],[93.84837,12.2704],[93.84703,12.2714],[93.84635,12.27231],[93.84611,12.27397],[93.84644,12.2743],[93.84729,12.27496],[93.84704,12.27521],[93.8467,12.27538],[93.84662,12.27596],[93.84699,12.27675],[93.84712,12.27703],[93.84789,12.2777],[93.84797,12.27778],[93.84839,12.27844],[93.84915,12.27976],[93.84907,12.28067],[93.8489,12.28092],[93.84823,12.28142],[93.84755,12.28142],[93.84705,12.28209],[93.84705,12.2825],[93.84781,12.28316],[93.84764,12.28391],[93.84781,12.28457],[93.84841,12.28565],[93.84841,12.28672],[93.84909,12.28755],[93.84909,12.28871],[93.84976,12.28962],[93.85086,12.29011],[93.85187,12.29019],[93.8528,12.29044],[93.85373,12.29052],[93.85465,12.29085],[93.85499,12.2916],[93.85584,12.29234],[93.85668,12.29275],[93.85752,12.29325],[93.85776,12.2933],[93.8587,12.29349],[93.85955,12.29299],[93.86039,12.29357],[93.86132,12.29407],[93.86182,12.29456],[93.86275,12.29481],[93.86385,12.29481],[93.86477,12.29497],[93.8657,12.29514],[93.86696,12.2953],[93.86713,12.2943],[93.8676,12.29398]]],[[[92.75568,11.9673],[92.75693,11.96714],[92.75802,11.96714],[92.75894,11.96714],[92.75994,11.96714],[92.76086,11.96739],[92.76195,11.96739],[92.76279,11.96715],[92.76354,11.96624],[92.76371,11.96568],[92.76446,11.96568],[92.76497,11.96576],[92.76557,11.96585],[92.76574,11.96526],[92.76557,11.96392],[92.7654,11.96233],[92.7654,11.96124],[92.766,11.95957],[92.76626,11.95848],[92.76703,11.95714],[92.7672,11.95597],[92.7672,11.95472],[92.76618,11.95329],[92.765,11.95229],[92.76338,11.95195],[92.76236,11.95052],[92.76134,11.9496],[92.75964,11.94901],[92.75828,11.94943],[92.75701,11.94984],[92.75437,11.94842],[92.75293,11.94724],[92.75089,11.94623],[92.74809,11.94581],[92.74571,11.94539],[92.74435,11.94647],[92.74366,11.94756],[92.7429,11.94881],[92.74281,11.94965],[92.7423,11.95074],[92.74219,11.95093],[92.74187,11.95149],[92.74092,11.95205],[92.74059,11.95224],[92.73821,11.95224],[92.73711,11.95148],[92.73643,11.95232],[92.73677,11.95349],[92.73719,11.95458],[92.73727,11.95609],[92.73803,11.95785],[92.73871,11.95944],[92.73913,11.96109],[92.73913,11.96109],[92.73929,11.96175],[92.73971,11.96208],[92.7403,11.96216],[92.74105,11.96217],[92.7418,11.96217],[92.74239,11.9625],[92.74314,11.96308],[92.74381,11.96316],[92.74464,11.96308],[92.74531,11.96259],[92.74565,11.96193],[92.74573,11.96178],[92.74653,11.96171],[92.74831,11.96247],[92.74976,11.96356],[92.7506,11.96465],[92.75043,11.96574],[92.74958,11.96624],[92.74949,11.96741],[92.74983,11.9677],[92.74974,11.96795],[92.7499,11.96836],[92.75107,11.96853],[92.75183,11.96853],[92.75316,11.96845],[92.75383,11.96812],[92.75459,11.96763],[92.75568,11.9673]]],[[[92.60094,11.97075],[92.60103,11.97018],[92.60112,11.96973],[92.601,11.96895],[92.601,11.96889],[92.60169,11.96781],[92.60288,11.96664],[92.60305,11.96563],[92.60297,11.96438],[92.6028,11.96362],[92.6028,11.96262],[92.60306,11.96153],[92.60306,11.96104],[92.60317,11.96076],[92.60358,11.96005],[92.6039,11.95943],[92.60417,11.95881],[92.6044,11.95832],[92.60458,11.95765],[92.60458,11.95716],[92.60458,11.95641],[92.60467,11.95583],[92.60466,11.95579],[92.60472,11.95565],[92.60504,11.95512],[92.60526,11.9545],[92.60544,11.95392],[92.60554,11.95339],[92.60563,11.95299],[92.60567,11.9525],[92.60586,11.9521],[92.60613,11.95179],[92.60658,11.95153],[92.60694,11.95117],[92.60711,11.95071],[92.60717,11.95066],[92.60709,11.9484],[92.60701,11.94714],[92.60718,11.94522],[92.6072,11.94515],[92.60714,11.94499],[92.60723,11.94446],[92.60748,11.94428],[92.60759,11.94419],[92.60809,11.94384],[92.60854,11.94362],[92.60885,11.94331],[92.60903,11.94296],[92.60913,11.94278],[92.60914,11.94271],[92.60926,11.94215],[92.60931,11.9414],[92.60931,11.94082],[92.60931,11.94038],[92.60904,11.93993],[92.60884,11.93987],[92.60837,11.93971],[92.60796,11.93944],[92.60787,11.93908],[92.60787,11.93892],[92.60779,11.93886],[92.60737,11.93785],[92.6066,11.93701],[92.60516,11.93617],[92.60418,11.93617],[92.604,11.93628],[92.60355,11.93632],[92.60318,11.93632],[92.60285,11.93585],[92.60278,11.93583],[92.60194,11.9339],[92.60179,11.93293],[92.60184,11.93267],[92.60184,11.93209],[92.60162,11.9308],[92.60139,11.93032],[92.60099,11.92987],[92.60054,11.92956],[92.6,11.92916],[92.59974,11.92897],[92.59964,11.92889],[92.59959,11.9288],[92.59946,11.92853],[92.59923,11.92795],[92.59874,11.92786],[92.59846,11.92831],[92.59846,11.92862],[92.59806,11.92897],[92.59738,11.92946],[92.59711,11.92964],[92.59666,11.92995],[92.59661,11.93035],[92.59661,11.93124],[92.59661,11.93204],[92.5966,11.93279],[92.59638,11.93319],[92.59647,11.93364],[92.59658,11.93382],[92.59669,11.93399],[92.59669,11.93448],[92.59669,11.93488],[92.59669,11.93528],[92.59646,11.93568],[92.59624,11.93599],[92.59623,11.93635],[92.59623,11.93692],[92.59587,11.93719],[92.59582,11.93732],[92.59569,11.93768],[92.59596,11.93804],[92.59628,11.93817],[92.59691,11.93826],[92.59727,11.93829],[92.59742,11.94026],[92.59726,11.9405],[92.59744,11.94071],[92.5974,11.94119],[92.59682,11.94132],[92.59681,11.94133],[92.59627,11.94177],[92.59617,11.94257],[92.59662,11.94337],[92.59662,11.94417],[92.59653,11.9447],[92.5963,11.94546],[92.59626,11.9463],[92.59625,11.94724],[92.59625,11.94812],[92.59629,11.94932],[92.59629,11.94937],[92.59643,11.95004],[92.59674,11.9507],[92.59719,11.95128],[92.5973,11.95143],[92.5973,11.95164],[92.59645,11.95315],[92.59645,11.9543],[92.59624,11.95461],[92.59596,11.95532],[92.59592,11.95612],[92.59591,11.95688],[92.59596,11.95763],[92.59627,11.95817],[92.59645,11.95888],[92.5964,11.95959],[92.5964,11.96008],[92.59639,11.96024],[92.59631,11.9603],[92.59586,11.96123],[92.59568,11.96177],[92.59559,11.96239],[92.59549,11.96301],[92.59545,11.96377],[92.59535,11.96439],[92.59526,11.96492],[92.59495,11.96554],[92.59458,11.96656],[92.5944,11.96727],[92.5944,11.96771],[92.59395,11.96838],[92.59352,11.96896],[92.59334,11.96904],[92.59318,11.96905],[92.59259,11.96914],[92.59209,11.96918],[92.59182,11.96967],[92.5915,11.97007],[92.59134,11.97043],[92.59132,11.97047],[92.59128,11.971],[92.59105,11.97144],[92.59073,11.97158],[92.59037,11.97162],[92.59032,11.97162],[92.59006,11.97162],[92.58965,11.9718],[92.58956,11.97224],[92.58915,11.97237],[92.58883,11.97268],[92.58891,11.97304],[92.58883,11.97314],[92.58883,11.97447],[92.58866,11.97598],[92.58891,11.97648],[92.59061,11.9764],[92.59189,11.97674],[92.59308,11.97716],[92.59478,11.977],[92.59622,11.97633],[92.59691,11.97541],[92.59716,11.97424],[92.59721,11.97413],[92.59772,11.97359],[92.598,11.97337],[92.59816,11.97305],[92.59887,11.97282],[92.59907,11.97209],[92.59913,11.97208],[92.59971,11.97186],[92.60044,11.97146],[92.60094,11.97075]]],[[[92.70645,11.28863],[92.70655,11.28803],[92.70686,11.28712],[92.70686,11.28707],[92.70706,11.28686],[92.70726,11.28654],[92.70727,11.28624],[92.70706,11.28595],[92.70695,11.2859],[92.70679,11.28584],[92.70656,11.2854],[92.70656,11.2849],[92.70659,11.28435],[92.70677,11.28388],[92.70697,11.28385],[92.70712,11.28382],[92.70721,11.28341],[92.707,11.28318],[92.70692,11.2831],[92.70668,11.28289],[92.70647,11.28233],[92.70647,11.28201],[92.70648,11.28193],[92.70636,11.28176],[92.70646,11.28085],[92.70687,11.28014],[92.70698,11.27943],[92.70687,11.27923],[92.70669,11.27918],[92.70633,11.27888],[92.70618,11.2785],[92.70624,11.27818],[92.7063,11.27786],[92.70625,11.27748],[92.70601,11.27722],[92.70577,11.27681],[92.70577,11.27649],[92.70583,11.27605],[92.7061,11.2757],[92.7062,11.27492],[92.70616,11.27485],[92.70616,11.27447],[92.70619,11.27403],[92.70628,11.2736],[92.70631,11.27316],[92.70631,11.2731],[92.70625,11.27305],[92.70625,11.27304],[92.70614,11.27246],[92.70581,11.27202],[92.70561,11.27167],[92.7054,11.27129],[92.70531,11.27091],[92.70515,11.27067],[92.70515,11.26962],[92.70515,11.26881],[92.70536,11.2674],[92.70547,11.26639],[92.70555,11.26538],[92.70562,11.26527],[92.70577,11.26472],[92.70586,11.26419],[92.70586,11.26381],[92.70559,11.2634],[92.70527,11.26302],[92.70491,11.26264],[92.70462,11.26252],[92.70437,11.26243],[92.7039,11.26191],[92.70383,11.26184],[92.70382,11.26181],[92.70373,11.26179],[92.70341,11.26162],[92.70308,11.26135],[92.70293,11.26094],[92.70297,11.26058],[92.7024,11.26001],[92.70228,11.25997],[92.70154,11.26004],[92.70122,11.25983],[92.70075,11.25948],[92.70021,11.25907],[92.69965,11.25869],[92.69912,11.25834],[92.6988,11.25784],[92.69859,11.25731],[92.6985,11.25696],[92.69844,11.25653],[92.69845,11.25609],[92.6976,11.25525],[92.69627,11.25454],[92.69535,11.25363],[92.69525,11.25323],[92.69511,11.25307],[92.69469,11.2526],[92.6944,11.25205],[92.69434,11.25155],[92.69434,11.25103],[92.69434,11.25053],[92.69446,11.25012],[92.69458,11.2498],[92.69463,11.24966],[92.69485,11.24895],[92.69491,11.24863],[92.69491,11.24814],[92.69473,11.24755],[92.69447,11.24723],[92.69424,11.24691],[92.69417,11.24682],[92.69397,11.24635],[92.69382,11.24591],[92.69347,11.24536],[92.69323,11.24489],[92.69323,11.24437],[92.69313,11.24399],[92.69311,11.24393],[92.69294,11.24361],[92.69255,11.24331],[92.69199,11.24331],[92.69183,11.24338],[92.69045,11.24321],[92.68983,11.24306],[92.68942,11.24287],[92.68903,11.24278],[92.68862,11.2426],[92.68823,11.24243],[92.68788,11.24301],[92.68788,11.24342],[92.68788,11.24386],[92.68817,11.24424],[92.68838,11.24465],[92.68835,11.24506],[92.68838,11.24555],[92.68861,11.2459],[92.68864,11.24623],[92.68864,11.24658],[92.68864,11.2469],[92.68876,11.24728],[92.68917,11.24766],[92.68919,11.24767],[92.68932,11.24796],[92.69024,11.24887],[92.69044,11.24958],[92.69049,11.24971],[92.69074,11.24976],[92.69115,11.2502],[92.69124,11.25085],[92.69124,11.25107],[92.69124,11.25114],[92.69123,11.25163],[92.69141,11.25204],[92.69221,11.25292],[92.69221,11.25292],[92.69247,11.25389],[92.6925,11.25435],[92.69256,11.25482],[92.69256,11.25517],[92.69258,11.25559],[92.69259,11.2557],[92.69271,11.25616],[92.69291,11.25643],[92.69312,11.2566],[92.69334,11.25665],[92.69338,11.25666],[92.69377,11.25657],[92.69421,11.25687],[92.69472,11.25719],[92.69525,11.25772],[92.69548,11.25848],[92.69546,11.25872],[92.69575,11.25929],[92.69644,11.26032],[92.69681,11.26073],[92.69719,11.26128],[92.69728,11.26187],[92.69728,11.26254],[92.69719,11.26324],[92.69698,11.26394],[92.69686,11.26452],[92.69659,11.26511],[92.69633,11.2659],[92.69606,11.26654],[92.69579,11.26703],[92.69558,11.26788],[92.69508,11.26838],[92.69499,11.26846],[92.69491,11.26869],[92.69409,11.26991],[92.69398,11.27122],[92.69367,11.27203],[92.69377,11.27344],[92.69418,11.27396],[92.69449,11.27436],[92.69446,11.27462],[92.69443,11.27495],[92.69439,11.27537],[92.69397,11.27628],[92.69377,11.27729],[92.69366,11.2781],[92.6933,11.27896],[92.69328,11.27921],[92.69322,11.2795],[92.69322,11.27988],[92.69319,11.27995],[92.69325,11.28093],[92.69417,11.28224],[92.69421,11.28251],[92.69437,11.2826],[92.6949,11.28336],[92.69493,11.28386],[92.69511,11.28424],[92.69546,11.28468],[92.69553,11.28476],[92.6959,11.28497],[92.69628,11.28525],[92.69656,11.28523],[92.69735,11.28547],[92.69803,11.28576],[92.69857,11.28611],[92.69904,11.28646],[92.69922,11.28662],[92.70041,11.28721],[92.70112,11.28771],[92.70215,11.28832],[92.70234,11.28834],[92.70244,11.28846],[92.70303,11.28863],[92.7035,11.28863],[92.70392,11.28863],[92.70412,11.28861],[92.70486,11.2891],[92.70489,11.28919],[92.70525,11.28951],[92.70563,11.28969],[92.7061,11.2896],[92.70625,11.28937],[92.70626,11.28934],[92.70628,11.28911],[92.70637,11.28884],[92.70643,11.28875],[92.70645,11.28863]]],[[[92.59706,11.54189],[92.59701,11.5408],[92.5969,11.54025],[92.5967,11.53991],[92.59656,11.5396],[92.59646,11.53895],[92.59646,11.53851],[92.59646,11.53803],[92.59643,11.53765],[92.59625,11.53721],[92.59605,11.5368],[92.59584,11.53649],[92.59581,11.53644],[92.59572,11.53541],[92.5957,11.53539],[92.5957,11.53514],[92.5957,11.53481],[92.5957,11.53457],[92.59581,11.53409],[92.59574,11.53379],[92.59571,11.53324],[92.59533,11.53307],[92.59508,11.5331],[92.59487,11.53337],[92.59487,11.53348],[92.59487,11.53375],[92.59494,11.53416],[92.59501,11.53447],[92.59494,11.53464],[92.5947,11.53478],[92.59421,11.53488],[92.59383,11.53505],[92.59366,11.53518],[92.59338,11.53518],[92.59327,11.53539],[92.59327,11.53573],[92.59327,11.536],[92.59327,11.53638],[92.5932,11.53652],[92.59319,11.53652],[92.59289,11.53665],[92.59258,11.53669],[92.5922,11.53669],[92.59202,11.53655],[92.59123,11.536],[92.59081,11.53579],[92.59029,11.53538],[92.58977,11.53497],[92.58932,11.53456],[92.58884,11.53411],[92.58818,11.5338],[92.58804,11.53414],[92.58804,11.53419],[92.58798,11.5341],[92.58798,11.53468],[92.58806,11.53561],[92.58814,11.53678],[92.58814,11.53803],[92.58831,11.53937],[92.58805,11.54004],[92.5872,11.54096],[92.58613,11.54108],[92.58612,11.54088],[92.58612,11.54043],[92.58612,11.54009],[92.58605,11.53965],[92.58574,11.53917],[92.5855,11.53886],[92.5854,11.53862],[92.58529,11.53828],[92.58519,11.53787],[92.58512,11.53746],[92.58495,11.53708],[92.58484,11.53684],[92.5845,11.53631],[92.58424,11.53509],[92.58365,11.53518],[92.58365,11.53585],[92.58364,11.53685],[92.58364,11.53777],[92.58355,11.53827],[92.58355,11.54003],[92.58406,11.54171],[92.58482,11.54196],[92.58522,11.54203],[92.58635,11.54222],[92.58635,11.54233],[92.58667,11.54221],[92.5867,11.54235],[92.5867,11.54252],[92.5867,11.54286],[92.5867,11.54324],[92.58667,11.54348],[92.58642,11.54406],[92.58642,11.54437],[92.58642,11.54457],[92.58632,11.54519],[92.58621,11.54549],[92.58617,11.54558],[92.58617,11.5456],[92.58617,11.54598],[92.58549,11.54724],[92.58523,11.54807],[92.58491,11.54869],[92.58475,11.54874],[92.58447,11.54894],[92.58447,11.5492],[92.58443,11.54929],[92.58443,11.54953],[92.58446,11.54958],[92.58446,11.54958],[92.58454,11.55058],[92.58488,11.55209],[92.58495,11.55212],[92.58505,11.55233],[92.58519,11.55257],[92.58536,11.55271],[92.5855,11.55274],[92.58567,11.55291],[92.58602,11.55343],[92.58616,11.5536],[92.58643,11.55367],[92.58671,11.55367],[92.58689,11.55374],[92.58695,11.55405],[92.58695,11.55425],[92.58702,11.55446],[92.58709,11.55452],[92.58723,11.55456],[92.58726,11.55463],[92.5873,11.55473],[92.5873,11.55494],[92.5873,11.55521],[92.5874,11.55548],[92.58757,11.55572],[92.58778,11.55593],[92.58802,11.5562],[92.58827,11.55641],[92.58837,11.55661],[92.58844,11.55702],[92.58833,11.55739],[92.58835,11.55746],[92.58835,11.55854],[92.58832,11.55874],[92.58826,11.5593],[92.58843,11.56022],[92.58911,11.56072],[92.58936,11.56164],[92.58919,11.56231],[92.5891,11.56282],[92.58884,11.5639],[92.58842,11.56499],[92.58816,11.56683],[92.58815,11.56859],[92.5884,11.57035],[92.58866,11.5716],[92.58975,11.57437],[92.58989,11.57473],[92.59041,11.57515],[92.59079,11.57553],[92.59106,11.57608],[92.59138,11.57635],[92.59162,11.57659],[92.59179,11.57699],[92.59179,11.577],[92.59192,11.57714],[92.59203,11.57724],[92.59231,11.57755],[92.59259,11.57786],[92.59279,11.57786],[92.5928,11.57786],[92.59304,11.57786],[92.59314,11.57783],[92.59318,11.57766],[92.59318,11.57756],[92.59318,11.57742],[92.59321,11.57718],[92.59342,11.57697],[92.59344,11.57693],[92.59353,11.57673],[92.59356,11.57646],[92.59356,11.57622],[92.59356,11.57591],[92.59356,11.57561],[92.59356,11.57555],[92.59353,11.57526],[92.5935,11.57482],[92.59357,11.57431],[92.59382,11.57392],[92.59388,11.57383],[92.59402,11.57325],[92.59402,11.57291],[92.59416,11.5725],[92.59444,11.57219],[92.59468,11.57188],[92.59475,11.57157],[92.59475,11.57092],[92.59475,11.57074],[92.59475,11.57065],[92.5947,11.57044],[92.59465,11.57027],[92.59465,11.57027],[92.59441,11.56996],[92.5944,11.56996],[92.5941,11.56959],[92.59406,11.56921],[92.59406,11.56877],[92.59407,11.56829],[92.59396,11.56798],[92.59372,11.56781],[92.59348,11.56764],[92.59362,11.56726],[92.59393,11.56692],[92.59435,11.56658],[92.59466,11.56627],[92.59522,11.566],[92.5957,11.56573],[92.59626,11.56535],[92.59664,11.56487],[92.59678,11.5646],[92.59683,11.56417],[92.59699,11.56359],[92.597,11.56312],[92.59703,11.56306],[92.5973,11.56258],[92.59734,11.56221],[92.59741,11.56187],[92.59741,11.56139],[92.59741,11.56101],[92.59731,11.5606],[92.59721,11.56009],[92.59721,11.55971],[92.59724,11.55937],[92.59735,11.55913],[92.59766,11.55848],[92.59766,11.55739],[92.59766,11.55705],[92.59766,11.55667],[92.59756,11.55636],[92.59749,11.55602],[92.59742,11.55557],[92.59732,11.55513],[92.59722,11.55482],[92.59702,11.55445],[92.59702,11.55379],[92.59702,11.55295],[92.59702,11.55153],[92.59711,11.55069],[92.59753,11.54994],[92.59754,11.54911],[92.59745,11.54802],[92.59749,11.54792],[92.59744,11.54778],[92.59744,11.54723],[92.59745,11.54655],[92.59745,11.54579],[92.59745,11.54518],[92.59745,11.54463],[92.59745,11.54391],[92.59742,11.54354],[92.59718,11.54316],[92.59707,11.54224],[92.59706,11.54189]]],[[[92.61189,11.58808],[92.61198,11.58771],[92.61197,11.58767],[92.61204,11.58752],[92.61215,11.58723],[92.61241,11.58704],[92.61276,11.58684],[92.61304,11.58661],[92.61333,11.58645],[92.61373,11.58608],[92.61396,11.58585],[92.61428,11.5856],[92.61462,11.5854],[92.61511,11.58484],[92.61551,11.58453],[92.61583,11.58416],[92.61606,11.58385],[92.61623,11.58363],[92.61654,11.5834],[92.61683,11.58329],[92.6172,11.58326],[92.61743,11.58312],[92.61749,11.58281],[92.61754,11.58247],[92.61755,11.58242],[92.61757,11.58235],[92.61778,11.58174],[92.61787,11.58118],[92.61789,11.58104],[92.61796,11.58082],[92.61801,11.58067],[92.6181,11.58025],[92.6181,11.57991],[92.61824,11.57951],[92.61838,11.57917],[92.61864,11.57878],[92.61887,11.57844],[92.61905,11.57805],[92.6191,11.57768],[92.61916,11.5776],[92.61922,11.57714],[92.61925,11.57661],[92.61928,11.57613],[92.61928,11.57568],[92.61928,11.57511],[92.61928,11.5746],[92.61928,11.57404],[92.61928,11.57364],[92.61926,11.57311],[92.61897,11.57251],[92.61883,11.57215],[92.61869,11.57186],[92.61863,11.5716],[92.61861,11.57153],[92.6186,11.5715],[92.6186,11.57119],[92.6186,11.57079],[92.61855,11.5704],[92.61835,11.57003],[92.61809,11.56958],[92.61786,11.5691],[92.61758,11.56842],[92.61735,11.56799],[92.61698,11.56751],[92.61694,11.56746],[92.61672,11.56715],[92.61661,11.56672],[92.61661,11.56633],[92.61667,11.56602],[92.61667,11.56595],[92.6167,11.56568],[92.61673,11.5654],[92.61661,11.56494],[92.61644,11.56469],[92.61621,11.56446],[92.61598,11.56429],[92.61592,11.56428],[92.61564,11.56401],[92.61556,11.56376],[92.61539,11.56333],[92.61536,11.56298],[92.61536,11.56297],[92.61536,11.56266],[92.61522,11.56235],[92.61493,11.56226],[92.61461,11.5624],[92.61456,11.56271],[92.61456,11.56305],[92.61436,11.56333],[92.61424,11.56361],[92.61421,11.56381],[92.61395,11.56384],[92.61364,11.56384],[92.61301,11.56389],[92.61229,11.56398],[92.61218,11.56417],[92.61198,11.5646],[92.61163,11.56519],[92.61132,11.56547],[92.61069,11.56578],[92.61054,11.56612],[92.61053,11.56622],[92.61051,11.56651],[92.61048,11.56691],[92.6104,11.56713],[92.61037,11.56722],[92.61022,11.5675],[92.61022,11.56781],[92.61022,11.56806],[92.60997,11.56855],[92.60938,11.56939],[92.60912,11.56949],[92.6091,11.56947],[92.60882,11.56925],[92.6085,11.56899],[92.60813,11.56871],[92.60782,11.56843],[92.60747,11.56837],[92.60713,11.56842],[92.60679,11.56848],[92.60653,11.56868],[92.6063,11.56901],[92.60627,11.56933],[92.60627,11.56965],[92.60627,11.56997],[92.60635,11.57029],[92.60638,11.57065],[92.60618,11.57091],[92.60597,11.57101],[92.60595,11.57102],[92.60583,11.57102],[92.60566,11.57102],[92.60546,11.57102],[92.60533,11.57088],[92.60524,11.57079],[92.60518,11.57056],[92.60515,11.57028],[92.60515,11.56997],[92.60507,11.56955],[92.60507,11.56921],[92.60481,11.5689],[92.60447,11.56864],[92.60398,11.56833],[92.60367,11.56825],[92.60367,11.56825],[92.60309,11.56816],[92.60301,11.568],[92.60295,11.56788],[92.60278,11.56774],[92.60241,11.56743],[92.60144,11.5672],[92.60086,11.56734],[92.60078,11.56759],[92.60076,11.56769],[92.60069,11.56807],[92.60066,11.56852],[92.60066,11.56892],[92.60063,11.56937],[92.60055,11.56957],[92.60046,11.56979],[92.60043,11.57019],[92.60034,11.57055],[92.60034,11.57089],[92.60034,11.57129],[92.60034,11.57174],[92.60034,11.57205],[92.60034,11.57239],[92.60036,11.5727],[92.60039,11.57298],[92.60045,11.57335],[92.60048,11.57374],[92.6005,11.57408],[92.60054,11.57417],[92.60053,11.57439],[92.60055,11.57449],[92.6005,11.57453],[92.60042,11.57473],[92.60042,11.5751],[92.60042,11.57558],[92.60044,11.57606],[92.60058,11.57668],[92.6007,11.57674],[92.60083,11.57684],[92.60101,11.57699],[92.60093,11.57724],[92.60087,11.57744],[92.60087,11.57744],[92.60067,11.57761],[92.60035,11.57792],[92.60027,11.57837],[92.60038,11.57888],[92.60058,11.5793],[92.60078,11.57995],[92.601,11.58027],[92.60115,11.58049],[92.60129,11.58089],[92.60129,11.58137],[92.60129,11.58179],[92.60126,11.58221],[92.60126,11.58266],[92.60123,11.5832],[92.60123,11.58374],[92.60111,11.58447],[92.60109,11.58468],[92.60108,11.58481],[92.60108,11.58518],[92.60108,11.58557],[92.60119,11.58585],[92.60148,11.58614],[92.60191,11.58628],[92.60251,11.58648],[92.60262,11.58648],[92.60268,11.58656],[92.60302,11.58696],[92.60342,11.58704],[92.60385,11.58705],[92.60433,11.58705],[92.60434,11.58705],[92.60463,11.58708],[92.60497,11.58739],[92.60508,11.58751],[92.6052,11.58764],[92.60557,11.58798],[92.60588,11.58804],[92.60632,11.58806],[92.60637,11.58807],[92.60663,11.58795],[92.60683,11.58793],[92.60709,11.58807],[92.60746,11.58815],[92.60792,11.58824],[92.60812,11.58835],[92.60819,11.58842],[92.60834,11.58858],[92.60869,11.58878],[92.60897,11.58875],[92.60915,11.58858],[92.60915,11.58847],[92.60915,11.58841],[92.60926,11.58819],[92.60963,11.58819],[92.60978,11.58833],[92.60987,11.58845],[92.61,11.58864],[92.6102,11.58887],[92.61055,11.58895],[92.61086,11.58895],[92.61106,11.58887],[92.61123,11.58867],[92.61144,11.58853],[92.61161,11.58836],[92.61172,11.58825],[92.61189,11.58808]]],[[[92.61006,11.55852],[92.6102,11.5584],[92.61035,11.55852],[92.61038,11.55865],[92.61039,11.55873],[92.61049,11.55892],[92.61059,11.55898],[92.6107,11.55906],[92.61084,11.55918],[92.61088,11.55921],[92.61099,11.55933],[92.61109,11.55944],[92.61129,11.55977],[92.61136,11.55994],[92.61136,11.56016],[92.61135,11.56025],[92.61152,11.56061],[92.61247,11.56085],[92.61247,11.56085],[92.61275,11.56077],[92.6129,11.56076],[92.61316,11.56054],[92.61329,11.56039],[92.61341,11.56029],[92.61355,11.56016],[92.61367,11.56008],[92.61386,11.56003],[92.61404,11.55997],[92.61421,11.55978],[92.61427,11.5597],[92.61433,11.55958],[92.61451,11.55932],[92.61462,11.55916],[92.61468,11.55901],[92.61472,11.55895],[92.61474,11.55893],[92.61479,11.55862],[92.6149,11.55785],[92.61484,11.55772],[92.61484,11.55747],[92.61488,11.5573],[92.615,11.55721],[92.6151,11.55714],[92.61523,11.55707],[92.61541,11.55689],[92.6156,11.55674],[92.61578,11.55663],[92.61607,11.55657],[92.61637,11.55659],[92.61662,11.55676],[92.61681,11.55707],[92.61685,11.55746],[92.61705,11.55786],[92.6172,11.55803],[92.61724,11.55826],[92.61726,11.55848],[92.61726,11.55886],[92.61726,11.55923],[92.61759,11.55971],[92.61774,11.5598],[92.61794,11.55988],[92.61819,11.55992],[92.61847,11.55992],[92.61866,11.55992],[92.61893,11.55988],[92.61907,11.55977],[92.61911,11.55954],[92.61911,11.55951],[92.61909,11.55929],[92.61909,11.55911],[92.61917,11.55886],[92.61935,11.55869],[92.6195,11.55856],[92.61968,11.55835],[92.61983,11.55812],[92.61989,11.55802],[92.61995,11.558],[92.62001,11.55788],[92.62003,11.55744],[92.62009,11.55715],[92.62019,11.55692],[92.62033,11.55664],[92.62037,11.55639],[92.62037,11.55612],[92.62037,11.55587],[92.62037,11.55564],[92.62037,11.5555],[92.62039,11.55535],[92.6204,11.55524],[92.62038,11.5552],[92.62039,11.55512],[92.62039,11.55483],[92.62039,11.55456],[92.62035,11.55431],[92.62023,11.55404],[92.62023,11.55381],[92.62024,11.55352],[92.62024,11.55323],[92.62026,11.55294],[92.62026,11.55277],[92.62026,11.55236],[92.62026,11.55211],[92.62016,11.55171],[92.62016,11.55148],[92.62001,11.55125],[92.61983,11.55075],[92.61973,11.55057],[92.6196,11.55029],[92.61952,11.54991],[92.61944,11.54915],[92.6191,11.54748],[92.61919,11.54647],[92.61945,11.54505],[92.61945,11.54413],[92.61935,11.54394],[92.61938,11.54378],[92.6193,11.54323],[92.61923,11.5429],[92.61919,11.54257],[92.61903,11.54222],[92.61882,11.54184],[92.61878,11.54159],[92.61876,11.54124],[92.61857,11.54086],[92.61841,11.54059],[92.6181,11.54014],[92.61802,11.54005],[92.61791,11.53989],[92.61796,11.53955],[92.61802,11.53932],[92.61802,11.53905],[92.61787,11.53876],[92.61769,11.53857],[92.61754,11.53845],[92.61742,11.53826],[92.61748,11.53801],[92.61762,11.53782],[92.61779,11.53762],[92.61783,11.53736],[92.61778,11.53705],[92.61762,11.53674],[92.61746,11.53641],[92.61721,11.53601],[92.61698,11.53574],[92.61665,11.53551],[92.61641,11.53535],[92.61624,11.53518],[92.61608,11.53491],[92.61593,11.5347],[92.61575,11.53462],[92.6154,11.53458],[92.61538,11.53458],[92.61519,11.53458],[92.61491,11.5345],[92.61454,11.53429],[92.61433,11.5341],[92.61398,11.53377],[92.61397,11.53376],[92.61347,11.53356],[92.61345,11.53352],[92.61326,11.53338],[92.61316,11.53334],[92.61293,11.53323],[92.61261,11.53317],[92.6123,11.53315],[92.61193,11.53315],[92.61166,11.53305],[92.61141,11.53294],[92.61128,11.53277],[92.61125,11.53272],[92.61115,11.53244],[92.61102,11.53211],[92.61101,11.532],[92.611,11.53188],[92.6109,11.53159],[92.61084,11.53154],[92.6108,11.5315],[92.61073,11.53143],[92.61047,11.53139],[92.61024,11.53147],[92.61002,11.53168],[92.61,11.53189],[92.60994,11.53209],[92.60989,11.53234],[92.60988,11.53259],[92.60988,11.53272],[92.60988,11.53282],[92.60981,11.53307],[92.60967,11.53339],[92.60943,11.5337],[92.60934,11.53393],[92.60924,11.53418],[92.60902,11.53441],[92.60895,11.53449],[92.60881,11.53462],[92.60881,11.53489],[92.60867,11.53514],[92.60838,11.5352],[92.60797,11.53533],[92.60779,11.53551],[92.60778,11.53561],[92.60777,11.53577],[92.60765,11.53597],[92.60754,11.53614],[92.60748,11.53645],[92.60738,11.53661],[92.60732,11.5367],[92.6072,11.53685],[92.60705,11.53714],[92.60685,11.53747],[92.60683,11.53783],[92.60681,11.53818],[92.60681,11.53872],[92.60681,11.53912],[92.60681,11.53916],[92.60683,11.53923],[92.60681,11.53929],[92.60677,11.53949],[92.60673,11.53966],[92.60669,11.53993],[92.60661,11.54014],[92.60647,11.54041],[92.60637,11.54062],[92.6063,11.54083],[92.6062,11.54115],[92.60617,11.54117],[92.60613,11.54126],[92.60587,11.54243],[92.60577,11.54282],[92.60576,11.54291],[92.60576,11.54302],[92.60576,11.54329],[92.60574,11.54352],[92.60572,11.54375],[92.6057,11.5439],[92.60576,11.54406],[92.6058,11.54433],[92.6058,11.54466],[92.60574,11.54502],[92.60565,11.54518],[92.60556,11.54533],[92.60554,11.54572],[92.6056,11.54608],[92.60564,11.54633],[92.60597,11.54675],[92.60599,11.5468],[92.60602,11.54718],[92.60616,11.54733],[92.6062,11.54754],[92.6062,11.54777],[92.60616,11.54818],[92.60611,11.54823],[92.60603,11.54831],[92.60583,11.54851],[92.60563,11.54872],[92.60558,11.54883],[92.6055,11.54916],[92.6055,11.5492],[92.60542,11.54937],[92.60524,11.5495],[92.60503,11.54968],[92.60481,11.54985],[92.60458,11.55014],[92.60452,11.55045],[92.6045,11.55077],[92.60446,11.55096],[92.60446,11.55121],[92.60432,11.55148],[92.60409,11.55152],[92.60387,11.55152],[92.60362,11.55154],[92.60327,11.55156],[92.60323,11.55156],[92.60292,11.55161],[92.60266,11.55179],[92.60249,11.55194],[92.60237,11.55221],[92.60237,11.55224],[92.6022,11.55238],[92.60191,11.55323],[92.6019,11.5534],[92.60188,11.55361],[92.60184,11.55386],[92.60182,11.55407],[92.60176,11.55432],[92.60176,11.5545],[92.60176,11.55475],[92.60176,11.55477],[92.60178,11.55494],[92.60191,11.55517],[92.60205,11.55527],[92.60221,11.55527],[92.60248,11.55527],[92.60253,11.55525],[92.60262,11.55531],[92.60321,11.5554],[92.60361,11.55497],[92.60415,11.55439],[92.60433,11.55434],[92.60437,11.55425],[92.60459,11.55397],[92.60482,11.5537],[92.60514,11.55351],[92.60539,11.55331],[92.60564,11.5532],[92.6057,11.55337],[92.6057,11.55356],[92.60558,11.55376],[92.60541,11.55403],[92.60534,11.55419],[92.60531,11.55426],[92.60534,11.55446],[92.60535,11.55456],[92.60542,11.55471],[92.60581,11.55496],[92.60595,11.55499],[92.60613,11.55499],[92.60632,11.55497],[92.60636,11.55497],[92.60652,11.55497],[92.60673,11.55489],[92.60689,11.55472],[92.60697,11.55459],[92.607,11.55453],[92.6071,11.55438],[92.6073,11.5542],[92.60751,11.55403],[92.60771,11.55393],[92.60791,11.55388],[92.60816,11.55386],[92.60839,11.55384],[92.60849,11.55384],[92.60853,11.55384],[92.6086,11.55384],[92.60863,11.55384],[92.60867,11.5538],[92.60884,11.55365],[92.60908,11.55346],[92.60935,11.55346],[92.60951,11.55376],[92.60974,11.55419],[92.60989,11.5545],[92.61011,11.55488],[92.61024,11.55519],[92.61026,11.55544],[92.61024,11.55569],[92.61022,11.55574],[92.61012,11.55592],[92.60997,11.55592],[92.60944,11.55578],[92.60909,11.5558],[92.60878,11.55586],[92.60854,11.55592],[92.60823,11.55609],[92.60808,11.55622],[92.6078,11.55645],[92.60766,11.55674],[92.60764,11.55707],[92.60756,11.55733],[92.60753,11.55742],[92.60746,11.55746],[92.60731,11.55757],[92.60716,11.55778],[92.60708,11.55807],[92.60708,11.5584],[92.60704,11.5587],[92.60694,11.5589],[92.60676,11.55916],[92.60666,11.55938],[92.60649,11.55955],[92.60631,11.55982],[92.60615,11.56012],[92.6061,11.56045],[92.60609,11.56074],[92.60609,11.56103],[92.60615,11.56118],[92.60629,11.56147],[92.60629,11.56176],[92.60631,11.56201],[92.60648,11.56224],[92.6067,11.56242],[92.60679,11.56257],[92.60695,11.5628],[92.60712,11.56295],[92.60731,11.56304],[92.60736,11.56317],[92.60753,11.56328],[92.60775,11.56326],[92.60785,11.56317],[92.60798,11.56303],[92.60816,11.5629],[92.60824,11.56271],[92.60828,11.56255],[92.60828,11.56252],[92.60845,11.56234],[92.60855,11.56205],[92.60855,11.56175],[92.60855,11.56128],[92.60871,11.5609],[92.609,11.56059],[92.60918,11.56034],[92.60937,11.56011],[92.60961,11.55944],[92.60971,11.55907],[92.60981,11.55881],[92.60983,11.55876],[92.60985,11.55873],[92.61006,11.55852]]],[[[92.56037,11.53766],[92.56037,11.5373],[92.56037,11.53702],[92.56043,11.53641],[92.56048,11.53602],[92.5605,11.53561],[92.56051,11.5352],[92.56051,11.53492],[92.56051,11.53456],[92.56051,11.5341],[92.56051,11.53379],[92.56052,11.53373],[92.56056,11.53353],[92.56063,11.53341],[92.56072,11.53325],[92.56103,11.53277],[92.56137,11.5322],[92.56163,11.5319],[92.56192,11.53167],[92.56221,11.53146],[92.56249,11.53136],[92.5628,11.53118],[92.56309,11.53098],[92.56335,11.5308],[92.56359,11.53062],[92.5645,11.53041],[92.56484,11.53034],[92.56525,11.53029],[92.56562,11.53016],[92.56582,11.53001],[92.56598,11.52975],[92.56606,11.5295],[92.56609,11.52936],[92.56611,11.52924],[92.56616,11.52906],[92.56637,11.52888],[92.56659,11.52887],[92.56679,11.52886],[92.56702,11.52886],[92.56715,11.52886],[92.56741,11.52868],[92.56752,11.52842],[92.56768,11.52821],[92.5677,11.52819],[92.56799,11.52801],[92.56822,11.52797],[92.56825,11.52796],[92.56843,11.52796],[92.56869,11.52796],[92.56892,11.52771],[92.56895,11.52753],[92.56895,11.52727],[92.56884,11.52692],[92.56885,11.52681],[92.56885,11.52653],[92.56885,11.52622],[92.56882,11.52615],[92.56877,11.52614],[92.56875,11.52599],[92.56867,11.52581],[92.56867,11.5256],[92.56867,11.52542],[92.56859,11.52519],[92.56846,11.52494],[92.56844,11.5247],[92.56844,11.52445],[92.56847,11.52439],[92.56844,11.52432],[92.56844,11.52417],[92.56836,11.52406],[92.56828,11.52388],[92.56823,11.52365],[92.56823,11.5234],[92.56823,11.52327],[92.56816,11.52306],[92.56808,11.52278],[92.56795,11.52183],[92.56793,11.52163],[92.56785,11.5215],[92.56772,11.52127],[92.56759,11.52101],[92.56756,11.52096],[92.56743,11.52065],[92.56736,11.51993],[92.56736,11.51957],[92.56731,11.51911],[92.56731,11.5188],[92.5671,11.51842],[92.56692,11.51813],[92.56679,11.51793],[92.56673,11.51785],[92.56671,11.51783],[92.5664,11.51772],[92.56614,11.51772],[92.56604,11.51772],[92.56591,11.51772],[92.56562,11.51785],[92.56526,11.51785],[92.56484,11.51782],[92.56445,11.5178],[92.5639,11.51756],[92.56351,11.51749],[92.5632,11.51741],[92.56307,11.51736],[92.56294,11.5173],[92.56268,11.51726],[92.56179,11.51755],[92.56162,11.51838],[92.56119,11.51947],[92.56119,11.51951],[92.56112,11.51963],[92.56106,11.51976],[92.56109,11.52017],[92.56111,11.52058],[92.56109,11.52097],[92.56096,11.52138],[92.56072,11.52151],[92.56023,11.52186],[92.5601,11.52204],[92.55994,11.5222],[92.55963,11.52222],[92.55893,11.52222],[92.5589,11.52258],[92.55882,11.52281],[92.5583,11.52345],[92.55804,11.52371],[92.55778,11.52386],[92.55749,11.52399],[92.55744,11.52424],[92.55746,11.52458],[92.55746,11.52483],[92.55746,11.52488],[92.55744,11.52519],[92.55723,11.52558],[92.55639,11.52668],[92.55577,11.5276],[92.55527,11.52847],[92.55497,11.52871],[92.55488,11.52883],[92.55429,11.53034],[92.55356,11.53083],[92.55349,11.53085],[92.55334,11.53085],[92.55326,11.5309],[92.5531,11.53093],[92.55295,11.531],[92.55279,11.53108],[92.55271,11.53121],[92.55271,11.53136],[92.55271,11.53157],[92.55274,11.53171],[92.55269,11.53177],[92.55266,11.53198],[92.55253,11.53254],[92.55253,11.5328],[92.55253,11.53316],[92.55253,11.53357],[92.55255,11.53382],[92.55255,11.53411],[92.55255,11.53452],[92.55252,11.53485],[92.55252,11.53503],[92.55239,11.53528],[92.55213,11.53554],[92.5521,11.53582],[92.55216,11.53605],[92.55218,11.53623],[92.55218,11.53651],[92.55218,11.53652],[92.55218,11.5367],[92.55218,11.53695],[92.5522,11.53739],[92.55223,11.53772],[92.55223,11.53783],[92.55223,11.53808],[92.55249,11.53831],[92.55257,11.53847],[92.55267,11.53867],[92.55288,11.5387],[92.55304,11.53864],[92.55308,11.53862],[92.55322,11.53854],[92.55342,11.53852],[92.55361,11.53852],[92.55379,11.53857],[92.55391,11.53871],[92.55399,11.5388],[92.55423,11.5387],[92.55436,11.53852],[92.55441,11.53829],[92.55449,11.53809],[92.55452,11.53802],[92.5546,11.53783],[92.55504,11.53788],[92.55527,11.53804],[92.55543,11.53819],[92.55587,11.53855],[92.55641,11.53922],[92.55672,11.53966],[92.55722,11.54035],[92.55744,11.54064],[92.55745,11.54066],[92.55755,11.54081],[92.55781,11.54102],[92.55794,11.54112],[92.55823,11.54135],[92.55854,11.54151],[92.55888,11.54161],[92.55905,11.54161],[92.55911,11.54161],[92.55914,11.54161],[92.55927,11.54159],[92.55937,11.54143],[92.55926,11.54121],[92.55924,11.54117],[92.55924,11.54089],[92.5593,11.54066],[92.55945,11.54041],[92.55956,11.54026],[92.55964,11.54015],[92.55977,11.53984],[92.55992,11.53959],[92.55998,11.5393],[92.55998,11.53897],[92.56003,11.53874],[92.56011,11.53843],[92.56021,11.53828],[92.56032,11.53807],[92.56037,11.53766]]],[[[92.72419,11.33204],[92.72428,11.33124],[92.72424,11.3312],[92.72402,11.33082],[92.72402,11.33063],[92.72403,11.33028],[92.72409,11.33005],[92.72358,11.32921],[92.72328,11.3281],[92.72314,11.32785],[92.72314,11.32783],[92.72314,11.32748],[92.72314,11.32698],[92.72307,11.32657],[92.72283,11.32615],[92.72261,11.32581],[92.72249,11.32555],[92.72246,11.32551],[92.72246,11.32456],[92.72251,11.32448],[92.72245,11.32432],[92.72245,11.32387],[92.72255,11.3233],[92.72284,11.32282],[92.72308,11.32237],[92.72319,11.32224],[92.72319,11.32223],[92.72329,11.32115],[92.72325,11.32095],[92.7233,11.32036],[92.72354,11.31983],[92.72373,11.31934],[92.72388,11.31886],[92.72399,11.31859],[92.72381,11.31758],[92.72343,11.31706],[92.7234,11.31706],[92.72306,11.31668],[92.7227,11.31634],[92.72249,11.31589],[92.7224,11.31571],[92.72232,11.31554],[92.72198,11.3152],[92.72136,11.3148],[92.721,11.31475],[92.72049,11.31494],[92.7202,11.31534],[92.72011,11.31563],[92.72008,11.31573],[92.72001,11.31606],[92.71979,11.31639],[92.71931,11.31677],[92.71883,11.31688],[92.71833,11.31693],[92.71817,11.31686],[92.71799,11.31679],[92.71765,11.31657],[92.71746,11.3164],[92.71739,11.31634],[92.71737,11.31627],[92.71725,11.31591],[92.71722,11.31546],[92.7172,11.3151],[92.71682,11.3147],[92.71673,11.31453],[92.71653,11.31415],[92.71643,11.31353],[92.71641,11.31273],[92.71641,11.3122],[92.71639,11.31168],[92.71639,11.31095],[92.71639,11.31089],[92.71629,11.3108],[92.71598,11.31047],[92.71581,11.31],[92.7157,11.30959],[92.71565,11.30952],[92.71553,11.30933],[92.71526,11.30902],[92.71466,11.3089],[92.71428,11.30893],[92.71396,11.30909],[92.71368,11.30937],[92.71368,11.30938],[92.71353,11.30949],[92.71303,11.30949],[92.7124,11.30935],[92.7119,11.30909],[92.71156,11.30875],[92.7113,11.30835],[92.71123,11.30788],[92.71123,11.30712],[92.71123,11.30645],[92.71125,11.30579],[92.7114,11.30538],[92.71159,11.30491],[92.71181,11.30439],[92.71188,11.30429],[92.71207,11.30401],[92.71212,11.30372],[92.71196,11.30356],[92.71171,11.30342],[92.71162,11.30337],[92.71145,11.30325],[92.71111,11.30306],[92.71083,11.30282],[92.71063,11.30254],[92.71063,11.3025],[92.71059,11.3023],[92.71044,11.30206],[92.7103,11.30189],[92.71006,11.3018],[92.70986,11.30182],[92.70963,11.30185],[92.70925,11.30184],[92.70847,11.30269],[92.70775,11.3033],[92.70747,11.30385],[92.70718,11.304],[92.70692,11.30412],[92.70662,11.30421],[92.7065,11.30438],[92.7065,11.30446],[92.70667,11.30467],[92.70667,11.30478],[92.70662,11.30481],[92.70662,11.30552],[92.70527,11.30685],[92.70521,11.30695],[92.70495,11.30733],[92.70461,11.30758],[92.70422,11.30796],[92.70358,11.30838],[92.70307,11.30851],[92.70273,11.30867],[92.70272,11.30867],[92.70234,11.30876],[92.702,11.30884],[92.7017,11.30892],[92.7014,11.30901],[92.70097,11.30913],[92.70072,11.30934],[92.70069,11.30935],[92.70033,11.30943],[92.69982,11.30943],[92.69956,11.30943],[92.69953,11.30941],[92.69943,11.30934],[92.69905,11.30917],[92.69871,11.30909],[92.69845,11.30909],[92.69815,11.30947],[92.69815,11.30989],[92.69815,11.31018],[92.69832,11.3104],[92.69839,11.31042],[92.6984,11.31055],[92.699,11.31069],[92.69943,11.31099],[92.69973,11.31111],[92.70011,11.31124],[92.70054,11.31124],[92.70078,11.31124],[92.70093,11.31124],[92.7014,11.31108],[92.70165,11.31074],[92.70165,11.31027],[92.70167,11.31012],[92.7017,11.3099],[92.70195,11.3096],[92.70217,11.30947],[92.70227,11.30942],[92.70241,11.30925],[92.70312,11.30908],[92.7032,11.30897],[92.70358,11.30893],[92.70405,11.3088],[92.70469,11.30868],[92.70508,11.30834],[92.7055,11.3083],[92.70593,11.30826],[92.70662,11.30817],[92.70709,11.30809],[92.70769,11.30809],[92.70837,11.30809],[92.70888,11.30809],[92.70948,11.30805],[92.71051,11.30869],[92.7108,11.30881],[92.71119,11.30915],[92.7112,11.30919],[92.71143,11.30927],[92.71194,11.30998],[92.71306,11.31089],[92.71321,11.31107],[92.71378,11.3118],[92.71388,11.31261],[92.71439,11.31372],[92.7147,11.31484],[92.71541,11.31554],[92.71551,11.31645],[92.71561,11.31747],[92.71561,11.31888],[92.715,11.31908],[92.7149,11.31969],[92.71459,11.31979],[92.7144,11.32006],[92.7143,11.32048],[92.71438,11.32086],[92.71464,11.32115],[92.71497,11.32131],[92.71498,11.32137],[92.7151,11.32136],[92.71538,11.32155],[92.7156,11.32171],[92.7156,11.32179],[92.71589,11.32212],[92.71618,11.32234],[92.71649,11.32257],[92.71669,11.32269],[92.71675,11.32272],[92.71709,11.32291],[92.71762,11.32315],[92.7181,11.32338],[92.71831,11.32374],[92.71846,11.32431],[92.71844,11.32437],[92.71826,11.32516],[92.71836,11.32545],[92.71865,11.32564],[92.71874,11.3257],[92.71896,11.32585],[92.71903,11.32626],[92.71897,11.3265],[92.71899,11.32656],[92.71874,11.32673],[92.71845,11.32697],[92.71826,11.32725],[92.71811,11.32766],[92.71804,11.32806],[92.71804,11.3283],[92.71804,11.32863],[92.71816,11.32896],[92.71815,11.329],[92.71859,11.32995],[92.71881,11.3301],[92.71938,11.33046],[92.71967,11.33084],[92.71977,11.33129],[92.7198,11.33144],[92.72041,11.33212],[92.72044,11.33212],[92.72097,11.33203],[92.72142,11.33222],[92.72176,11.3325],[92.72207,11.33281],[92.72234,11.33303],[92.72252,11.33318],[92.72286,11.33325],[92.72378,11.33305],[92.72419,11.33204]]],[[[93.1204,12.14828],[93.1204,12.14778],[93.12053,12.14732],[93.12066,12.14699],[93.1207,12.14649],[93.1207,12.14603],[93.1207,12.14565],[93.1207,12.14556],[93.12104,12.1454],[93.12159,12.14515],[93.12202,12.14499],[93.12261,12.14461],[93.12265,12.14419],[93.12223,12.14369],[93.12189,12.14332],[93.12159,12.14298],[93.12149,12.1429],[93.12149,12.14233],[93.12157,12.14158],[93.122,12.141],[93.12266,12.14075],[93.123,12.14081],[93.12355,12.1409],[93.12367,12.14069],[93.12367,12.14031],[93.12342,12.13985],[93.12321,12.13948],[93.123,12.13914],[93.12266,12.13872],[93.12244,12.13839],[93.12211,12.1381],[93.12172,12.13789],[93.12143,12.1376],[93.121,12.13718],[93.12071,12.13676],[93.12054,12.13655],[93.12024,12.13622],[93.11994,12.13593],[93.11981,12.1358],[93.11956,12.13567],[93.11935,12.13547],[93.11905,12.13526],[93.11894,12.13524],[93.11826,12.13438],[93.11774,12.13356],[93.11731,12.13321],[93.11706,12.13283],[93.11685,12.13254],[93.11634,12.13196],[93.11621,12.13179],[93.11617,12.13152],[93.11604,12.13133],[93.11596,12.131],[93.11587,12.1305],[93.1157,12.13023],[93.11526,12.13017],[93.1149,12.13041],[93.11488,12.13043],[93.11486,12.13044],[93.11469,12.13061],[93.11442,12.131],[93.11439,12.131],[93.11421,12.13131],[93.11417,12.13138],[93.11413,12.13145],[93.11405,12.13183],[93.11396,12.13233],[93.11396,12.13308],[93.11396,12.13358],[93.11388,12.13381],[93.11379,12.13409],[93.11367,12.13422],[93.11349,12.13442],[93.1132,12.13459],[93.11281,12.13496],[93.11281,12.13496],[93.11239,12.13496],[93.11196,12.13555],[93.11164,12.13659],[93.11171,12.1368],[93.11175,12.13713],[93.11175,12.13755],[93.11171,12.13788],[93.11154,12.1383],[93.11128,12.13868],[93.11092,12.13883],[93.11043,12.13932],[93.10975,12.13998],[93.10949,12.1404],[93.10949,12.14091],[93.11,12.14216],[93.10997,12.14246],[93.11001,12.14256],[93.11005,12.14289],[93.1106,12.14314],[93.11115,12.14352],[93.11192,12.14369],[93.11218,12.14397],[93.11281,12.144],[93.114,12.14451],[93.11403,12.14457],[93.11404,12.14457],[93.11421,12.14461],[93.11451,12.14477],[93.11489,12.14503],[93.11514,12.14536],[93.11561,12.14599],[93.11586,12.14636],[93.1162,12.1469],[93.11637,12.14728],[93.11637,12.1477],[93.11637,12.14824],[93.11637,12.14825],[93.11672,12.14836],[93.11765,12.14836],[93.11851,12.14819],[93.11946,12.14827],[93.11964,12.14841],[93.12006,12.14858],[93.12036,12.14858],[93.1204,12.14828]]],[[[92.95648,12.09566],[92.95597,12.09508],[92.9559,12.09508],[92.9558,12.09491],[92.955,12.09447],[92.95456,12.09426],[92.95401,12.09385],[92.95337,12.09357],[92.95301,12.09327],[92.95237,12.09273],[92.95196,12.09237],[92.95154,12.09191],[92.95116,12.09136],[92.95088,12.09085],[92.95088,12.0903],[92.95091,12.08984],[92.95105,12.08924],[92.95124,12.08837],[92.95135,12.0879],[92.95171,12.08733],[92.95196,12.08695],[92.95219,12.08646],[92.95252,12.08619],[92.9526,12.08589],[92.95249,12.08562],[92.95224,12.08523],[92.95224,12.08488],[92.95222,12.08458],[92.95175,12.08444],[92.95136,12.08458],[92.95133,12.08493],[92.95133,12.08542],[92.95116,12.08575],[92.951,12.08619],[92.95102,12.08662],[92.95119,12.08695],[92.95102,12.08717],[92.95077,12.08739],[92.95077,12.08766],[92.9508,12.08796],[92.95072,12.0882],[92.95058,12.0885],[92.95044,12.08894],[92.95025,12.08935],[92.95019,12.08967],[92.95016,12.09003],[92.95017,12.09006],[92.9501,12.09021],[92.9501,12.09078],[92.95008,12.09075],[92.94966,12.09293],[92.94991,12.09351],[92.94991,12.09418],[92.94974,12.0951],[92.9494,12.09627],[92.94923,12.09703],[92.94948,12.09753],[92.94964,12.09761],[92.9496,12.09763],[92.94946,12.09801],[92.9494,12.09866],[92.94932,12.09918],[92.94957,12.09956],[92.94967,12.0996],[92.94967,12.09976],[92.94966,12.10076],[92.94966,12.10083],[92.94937,12.1012],[92.94935,12.10163],[92.94935,12.10221],[92.94934,12.10286],[92.9494,12.10338],[92.94948,12.10403],[92.94951,12.10455],[92.9497,12.10523],[92.94981,12.1058],[92.94992,12.10601],[92.94992,12.10629],[92.94995,12.10646],[92.94998,12.10678],[92.94998,12.107],[92.94998,12.10738],[92.94998,12.10776],[92.94995,12.10823],[92.95005,12.10884],[92.94991,12.10922],[92.94982,12.11014],[92.94982,12.11081],[92.94957,12.11206],[92.9494,12.11257],[92.94871,12.11374],[92.94854,12.11483],[92.94795,12.11583],[92.94795,12.11607],[92.94792,12.1161],[92.94789,12.11621],[92.94795,12.11624],[92.94806,12.11632],[92.94807,12.11632],[92.94833,12.11632],[92.94861,12.11621],[92.94891,12.11585],[92.94903,12.11558],[92.94922,12.11517],[92.94944,12.1149],[92.94961,12.11468],[92.94983,12.11438],[92.95,12.11417],[92.95019,12.11395],[92.95077,12.11343],[92.95116,12.11297],[92.95138,12.11267],[92.9516,12.11242],[92.95191,12.11221],[92.95219,12.11204],[92.95255,12.11177],[92.95268,12.11142],[92.95291,12.11106],[92.95302,12.11079],[92.95306,12.11068],[92.95324,12.1106],[92.95368,12.11008],[92.95385,12.10959],[92.9541,12.10908],[92.95427,12.1085],[92.95438,12.1082],[92.95468,12.10771],[92.95488,12.10728],[92.95521,12.10687],[92.95551,12.10646],[92.95593,12.10578],[92.95621,12.10535],[92.95632,12.1048],[92.95651,12.10434],[92.95674,12.10388],[92.9569,12.10333],[92.9571,12.10284],[92.95715,12.1027],[92.95716,12.10266],[92.95724,12.10262],[92.95748,12.1024],[92.95762,12.10219],[92.95762,12.10191],[92.95751,12.10178],[92.95766,12.10069],[92.95766,12.09977],[92.95792,12.09826],[92.95732,12.09734],[92.9569,12.09642],[92.95648,12.09566]]],[[[92.22716,10.98194],[92.22718,10.98193],[92.22755,10.98193],[92.22802,10.98205],[92.22828,10.9822],[92.22836,10.98224],[92.22858,10.98238],[92.22878,10.98238],[92.22894,10.9821],[92.22894,10.98188],[92.22892,10.98155],[92.22889,10.98125],[92.22889,10.98105],[92.22859,10.98058],[92.22842,10.98042],[92.22817,10.98006],[92.22811,10.97953],[92.22812,10.97884],[92.22806,10.97815],[92.22792,10.97765],[92.22779,10.97726],[92.22759,10.97688],[92.2274,10.97657],[92.22723,10.97627],[92.22687,10.97607],[92.22648,10.97591],[92.22597,10.97579],[92.22564,10.97565],[92.2253,10.97554],[92.22499,10.97535],[92.22474,10.97518],[92.22446,10.97493],[92.22421,10.97474],[92.22313,10.97404],[92.22262,10.97396],[92.2224,10.97398],[92.22217,10.9739],[92.22146,10.97383],[92.22114,10.97368],[92.22075,10.97348],[92.21997,10.97315],[92.21946,10.97315],[92.21879,10.97323],[92.21829,10.97333],[92.21792,10.9735],[92.21784,10.97362],[92.21784,10.97362],[92.2174,10.97402],[92.21733,10.97413],[92.21703,10.97446],[92.21674,10.97485],[92.21646,10.97526],[92.21621,10.97576],[92.21601,10.97615],[92.21565,10.97675],[92.21537,10.97719],[92.21536,10.9772],[92.21536,10.97741],[92.21509,10.97788],[92.21509,10.97836],[92.21509,10.97898],[92.21561,10.97954],[92.21676,10.98007],[92.2172,10.98042],[92.21817,10.98064],[92.21887,10.98143],[92.21962,10.982],[92.22037,10.9827],[92.22143,10.98297],[92.2219,10.98297],[92.22209,10.98305],[92.22253,10.98308],[92.22284,10.98308],[92.22318,10.98303],[92.22351,10.98292],[92.22399,10.98267],[92.22438,10.9825],[92.22477,10.98245],[92.22511,10.9824],[92.22547,10.98231],[92.22589,10.98226],[92.22634,10.98221],[92.22685,10.98207],[92.22706,10.98196],[92.22716,10.98194]]],[[[92.7317,11.95408],[92.73078,11.95358],[92.73071,11.95354],[92.73014,11.95289],[92.72988,11.95222],[92.72986,11.95202],[92.73,11.95183],[92.73,11.95127],[92.72968,11.95064],[92.72938,11.95021],[92.72937,11.95019],[92.72901,11.94967],[92.72901,11.94915],[92.72933,11.94868],[92.72944,11.94852],[92.72951,11.9479],[92.72936,11.94766],[92.72916,11.94734],[92.7292,11.94689],[92.72962,11.94651],[92.72962,11.94651],[92.73001,11.94639],[92.73018,11.94634],[92.73045,11.94632],[92.73089,11.9463],[92.73116,11.9462],[92.73127,11.94616],[92.73153,11.94606],[92.73154,11.94598],[92.73174,11.94585],[92.73199,11.94554],[92.73195,11.94464],[92.73156,11.94412],[92.73093,11.94377],[92.73019,11.94359],[92.72963,11.94345],[92.72903,11.94321],[92.7285,11.94286],[92.72793,11.94248],[92.72737,11.94206],[92.72666,11.94167],[92.72599,11.94171],[92.72546,11.94209],[92.72536,11.94275],[92.72514,11.94362],[92.72482,11.94459],[92.72461,11.94521],[92.72436,11.94567],[92.72422,11.94615],[92.72422,11.94667],[92.72422,11.9473],[92.72461,11.94786],[92.72477,11.94801],[92.72512,11.94987],[92.72544,11.95038],[92.7256,11.95135],[92.72626,11.95226],[92.72593,11.95242],[92.72526,11.95226],[92.72493,11.95193],[92.72426,11.95143],[92.72384,11.9511],[92.72325,11.95118],[92.72292,11.95192],[92.72292,11.95274],[92.72312,11.95279],[92.72308,11.95291],[92.72342,11.9534],[92.72375,11.9539],[92.72425,11.95431],[92.72428,11.95434],[92.7245,11.95464],[92.72484,11.95472],[92.72523,11.95443],[92.72597,11.95448],[92.72631,11.95506],[92.7263,11.95582],[92.72707,11.95649],[92.72809,11.95691],[92.72945,11.95766],[92.73097,11.95859],[92.73276,11.95934],[92.73302,11.95934],[92.73302,11.95935],[92.73361,11.95968],[92.73386,11.95927],[92.73378,11.95845],[92.73353,11.95771],[92.73353,11.95713],[92.73353,11.95631],[92.73311,11.95565],[92.73253,11.95482],[92.7317,11.95408]]],[[[92.61608,10.93483],[92.61656,10.93478],[92.61691,10.93476],[92.6172,10.93468],[92.61741,10.93455],[92.61773,10.93428],[92.61792,10.93412],[92.61794,10.93412],[92.61873,10.93339],[92.61989,10.93143],[92.61987,10.93127],[92.61988,10.93125],[92.62012,10.93091],[92.62031,10.93064],[92.62047,10.93043],[92.62052,10.9302],[92.62044,10.92991],[92.62004,10.92972],[92.61959,10.92938],[92.61908,10.92908],[92.61855,10.92879],[92.61812,10.9285],[92.61743,10.92845],[92.61665,10.92834],[92.61569,10.92829],[92.61492,10.92828],[92.61433,10.92834],[92.61382,10.92839],[92.61318,10.9287],[92.61286,10.92894],[92.61256,10.9291],[92.6123,10.92923],[92.61192,10.92939],[92.61163,10.92957],[92.61136,10.92978],[92.61112,10.92997],[92.61073,10.93035],[92.60975,10.93099],[92.60838,10.93275],[92.60692,10.9345],[92.60618,10.93636],[92.60639,10.9376],[92.60743,10.93822],[92.60783,10.93833],[92.60827,10.93833],[92.60878,10.9383],[92.6091,10.9383],[92.60947,10.93833],[92.60974,10.93841],[92.6098,10.93841],[92.61025,10.93839],[92.61067,10.93817],[92.61097,10.93789],[92.61132,10.93754],[92.61145,10.93728],[92.61177,10.93696],[92.61196,10.93667],[92.61228,10.93654],[92.61249,10.93644],[92.61295,10.93615],[92.61338,10.93588],[92.61388,10.93559],[92.61431,10.93533],[92.61477,10.93515],[92.61528,10.93499],[92.6156,10.93491],[92.61604,10.93484],[92.61608,10.93483]]],[[[92.66527,10.99284],[92.66577,10.99276],[92.66604,10.99275],[92.66681,10.99247],[92.66775,10.99164],[92.66785,10.99147],[92.66806,10.99132],[92.66832,10.99104],[92.66852,10.99077],[92.66868,10.99047],[92.66884,10.99019],[92.66902,10.98993],[92.66916,10.98972],[92.66925,10.98942],[92.66929,10.9892],[92.66935,10.98881],[92.66939,10.98835],[92.66934,10.98819],[92.66943,10.98815],[92.66945,10.98801],[92.66945,10.98774],[92.66945,10.98734],[92.66929,10.987],[92.66911,10.98667],[92.66867,10.98591],[92.66841,10.98568],[92.66801,10.98544],[92.66757,10.9852],[92.66709,10.98496],[92.66667,10.98474],[92.66627,10.98454],[92.66585,10.98425],[92.66554,10.98402],[92.66553,10.98391],[92.66545,10.98381],[92.66515,10.98349],[92.66467,10.9831],[92.66411,10.98284],[92.66363,10.98274],[92.66307,10.98276],[92.66235,10.98279],[92.66176,10.98287],[92.66134,10.98293],[92.66112,10.98299],[92.66096,10.98307],[92.66068,10.98323],[92.66042,10.98346],[92.66018,10.98374],[92.65996,10.9841],[92.65972,10.98453],[92.65948,10.98499],[92.65937,10.9853],[92.65937,10.98562],[92.65938,10.98563],[92.65923,10.98631],[92.65913,10.98746],[92.65927,10.98881],[92.65949,10.98958],[92.65967,10.99001],[92.6597,10.99029],[92.66101,10.99205],[92.6611,10.99212],[92.6614,10.99238],[92.6617,10.99255],[92.66205,10.99271],[92.66249,10.99275],[92.66277,10.99277],[92.66313,10.99283],[92.66343,10.99285],[92.66389,10.99286],[92.66419,10.99286],[92.66459,10.99286],[92.66491,10.99286],[92.66527,10.99284]]],[[[92.60443,11.53506],[92.60472,11.53487],[92.60508,11.53487],[92.60513,11.53487],[92.60543,11.53475],[92.60572,11.53452],[92.60601,11.53414],[92.60641,11.53368],[92.6065,11.53337],[92.60652,11.53304],[92.60652,11.533],[92.60652,11.53283],[92.60645,11.53148],[92.60647,11.53127],[92.60647,11.53079],[92.60649,11.53035],[92.60649,11.53002],[92.60655,11.52964],[92.60655,11.52904],[92.60655,11.52864],[92.60652,11.52806],[92.60654,11.52762],[92.60675,11.52746],[92.60676,11.52736],[92.60651,11.52409],[92.60651,11.52284],[92.60623,11.52178],[92.60616,11.52179],[92.60579,11.52192],[92.60561,11.52217],[92.60548,11.52244],[92.60526,11.52265],[92.60481,11.52288],[92.60452,11.52296],[92.60419,11.52309],[92.60399,11.5233],[92.60389,11.52348],[92.60368,11.52359],[92.60339,11.52361],[92.60305,11.52361],[92.60285,11.52356],[92.60277,11.52358],[92.60192,11.52417],[92.60189,11.52464],[92.60202,11.52493],[92.60206,11.52516],[92.60205,11.52555],[92.60194,11.5259],[92.60183,11.5261],[92.60183,11.5266],[92.6019,11.52762],[92.60197,11.52768],[92.60215,11.52805],[92.60226,11.52845],[92.6022,11.52882],[92.60193,11.52913],[92.60191,11.52914],[92.60172,11.52925],[92.60166,11.52928],[92.60127,11.52945],[92.60123,11.52947],[92.60091,11.52966],[92.60068,11.52995],[92.60068,11.53026],[92.60089,11.53062],[92.60113,11.53086],[92.60114,11.53087],[92.6012,11.53097],[92.60124,11.5313],[92.60116,11.53172],[92.6011,11.53228],[92.60097,11.53271],[92.60093,11.53286],[92.60071,11.5332],[92.60081,11.53355],[92.60098,11.53391],[92.60094,11.53428],[92.60094,11.5347],[92.60096,11.53511],[92.60115,11.53545],[92.60154,11.53582],[92.60176,11.53617],[92.6018,11.53644],[92.60189,11.53674],[92.60199,11.53698],[92.60211,11.5373],[92.6023,11.53757],[92.60251,11.53784],[92.60271,11.53809],[92.603,11.53809],[92.60316,11.53796],[92.60333,11.53773],[92.60338,11.53751],[92.60368,11.53665],[92.60381,11.53649],[92.60384,11.53611],[92.60402,11.53571],[92.60422,11.53535],[92.60443,11.53506]]],[[[92.60207,11.91731],[92.60201,11.91673],[92.60183,11.91613],[92.60146,11.91483],[92.60105,11.91416],[92.60079,11.91367],[92.60067,11.91333],[92.60038,11.91307],[92.60012,11.91297],[92.59969,11.9118],[92.59893,11.91079],[92.59887,11.91005],[92.59919,11.90992],[92.5996,11.90966],[92.59971,11.90935],[92.59974,11.909],[92.59955,11.90879],[92.59936,11.9077],[92.59885,11.90694],[92.59869,11.90627],[92.59861,11.90623],[92.59835,11.90617],[92.59782,11.906],[92.59747,11.90591],[92.59724,11.90562],[92.59711,11.90548],[92.59656,11.90535],[92.59563,11.9056],[92.59548,11.90626],[92.59524,11.90663],[92.59527,11.90695],[92.5954,11.90705],[92.59545,11.90709],[92.59562,11.90744],[92.59553,11.90772],[92.59533,11.90804],[92.59529,11.90811],[92.5952,11.90878],[92.59511,11.90986],[92.5951,11.91129],[92.5951,11.91279],[92.59501,11.91447],[92.59501,11.91496],[92.59505,11.91504],[92.59511,11.91527],[92.59525,11.91559],[92.59546,11.91594],[92.59581,11.91628],[92.59604,11.9166],[92.59627,11.91695],[92.59651,11.91729],[92.59683,11.9177],[92.59706,11.91787],[92.59732,11.91802],[92.59759,11.91805],[92.59785,11.91805],[92.59787,11.91804],[92.59817,11.9177],[92.5983,11.91755],[92.599,11.91799],[92.59979,11.91862],[92.59996,11.91883],[92.60022,11.91906],[92.60051,11.91909],[92.60077,11.91906],[92.60086,11.919],[92.60087,11.919],[92.60107,11.91886],[92.6013,11.91869],[92.60154,11.91855],[92.60203,11.91817],[92.60207,11.91768],[92.60207,11.91731]]],[[[93.08551,11.78956],[93.08569,11.78934],[93.08584,11.78911],[93.086,11.78892],[93.08615,11.78866],[93.08623,11.78834],[93.08626,11.78807],[93.08626,11.78781],[93.08616,11.78727],[93.08616,11.78688],[93.08616,11.78656],[93.0861,11.78627],[93.086,11.78595],[93.08591,11.78578],[93.08563,11.78552],[93.08529,11.78531],[93.08491,11.78492],[93.08486,11.7849],[93.08473,11.78477],[93.08465,11.78461],[93.08462,11.7844],[93.08462,11.78429],[93.08462,11.78413],[93.08459,11.78392],[93.08443,11.78366],[93.08431,11.78348],[93.08412,11.78331],[93.08394,11.78316],[93.08367,11.78306],[93.08366,11.78305],[93.08339,11.78291],[93.08321,11.78271],[93.08304,11.78251],[93.083,11.78228],[93.083,11.78219],[93.08301,11.78206],[93.08306,11.78185],[93.08316,11.78158],[93.08322,11.78129],[93.08331,11.78113],[93.08332,11.78079],[93.08321,11.78055],[93.08303,11.78031],[93.0829,11.78013],[93.08262,11.78004],[93.08241,11.78004],[93.08233,11.78007],[93.08225,11.78004],[93.08189,11.78001],[93.08153,11.78],[93.08122,11.78007],[93.08093,11.78013],[93.0808,11.78018],[93.0807,11.78028],[93.08052,11.78029],[93.08033,11.78026],[93.08012,11.78021],[93.07996,11.7801],[93.07976,11.78015],[93.07953,11.78015],[93.07939,11.78012],[93.07919,11.78007],[93.07914,11.78002],[93.07906,11.77994],[93.0789,11.77978],[93.07874,11.77973],[93.07857,11.77975],[93.07836,11.77983],[93.07831,11.78],[93.07831,11.78002],[93.07844,11.7801],[93.07851,11.78023],[93.07854,11.78039],[93.07854,11.78055],[93.07854,11.78068],[93.07846,11.78076],[93.0783,11.78084],[93.07816,11.78092],[93.07803,11.78093],[93.07802,11.78094],[93.07789,11.78101],[93.07776,11.7812],[93.07776,11.78148],[93.07776,11.78165],[93.07784,11.78178],[93.07792,11.78188],[93.07798,11.78193],[93.07799,11.78193],[93.078,11.78207],[93.07807,11.78215],[93.07813,11.78226],[93.07813,11.78241],[93.07816,11.78257],[93.07828,11.78265],[93.07833,11.78269],[93.07842,11.78282],[93.07843,11.78285],[93.07842,11.78292],[93.07842,11.78305],[93.07842,11.78322],[93.07847,11.78342],[93.07855,11.78358],[93.07872,11.78371],[93.07878,11.7838],[93.07883,11.7839],[93.07891,11.78406],[93.07898,11.7842],[93.07907,11.78431],[93.07914,11.78444],[93.0792,11.78456],[93.07928,11.78468],[93.07922,11.78479],[93.07922,11.7852],[93.07943,11.78587],[93.07946,11.7859],[93.0795,11.78608],[93.07956,11.78624],[93.07961,11.7864],[93.07967,11.78657],[93.07977,11.78674],[93.07985,11.78686],[93.07993,11.78701],[93.08005,11.78718],[93.08011,11.78738],[93.08024,11.78755],[93.08037,11.78773],[93.08047,11.78791],[93.08063,11.78805],[93.08078,11.78819],[93.08097,11.78837],[93.08112,11.78855],[93.08128,11.78871],[93.08145,11.78879],[93.08156,11.78888],[93.08158,11.78889],[93.08159,11.78895],[93.08169,11.78909],[93.08182,11.78924],[93.08198,11.78936],[93.0821,11.78948],[93.08224,11.78959],[93.08254,11.7897],[93.08267,11.78973],[93.08281,11.78972],[93.08294,11.7897],[93.08296,11.78969],[93.0833,11.78969],[93.08361,11.78969],[93.08402,11.78969],[93.08416,11.78978],[93.08422,11.78988],[93.08431,11.78988],[93.08439,11.78996],[93.08467,11.79002],[93.08489,11.78999],[93.08512,11.78985],[93.08535,11.78972],[93.08551,11.78956]]],[[[92.75879,12.18154],[92.75901,12.18138],[92.75926,12.18123],[92.75932,12.18117],[92.76026,12.18095],[92.76029,12.18096],[92.7607,12.18096],[92.76098,12.18093],[92.76136,12.18074],[92.76167,12.18059],[92.76217,12.18041],[92.76249,12.18025],[92.76305,12.17976],[92.76324,12.17955],[92.76349,12.17918],[92.76377,12.17887],[92.76377,12.17853],[92.76377,12.17801],[92.76368,12.17758],[92.76337,12.17669],[92.76337,12.17625],[92.76306,12.17548],[92.76281,12.1749],[92.76256,12.17425],[92.7624,12.17395],[92.76225,12.17364],[92.76197,12.17284],[92.7619,12.17256],[92.76178,12.17207],[92.76172,12.17192],[92.76172,12.17176],[92.76163,12.17145],[92.7615,12.17118],[92.76144,12.17096],[92.76125,12.17071],[92.76103,12.17022],[92.76085,12.16988],[92.76066,12.16954],[92.76047,12.16924],[92.76032,12.1689],[92.76022,12.16862],[92.76005,12.16838],[92.76003,12.16829],[92.75961,12.16745],[92.75944,12.16686],[92.75918,12.16653],[92.75914,12.16668],[92.75904,12.16656],[92.75876,12.16662],[92.75857,12.16696],[92.75857,12.16729],[92.75857,12.16766],[92.75857,12.16794],[92.75857,12.16828],[92.7586,12.16868],[92.75863,12.16893],[92.75888,12.16939],[92.75913,12.16976],[92.75916,12.16997],[92.75913,12.17043],[92.75913,12.17077],[92.75909,12.17142],[92.75909,12.17185],[92.75922,12.17209],[92.75925,12.17253],[92.75918,12.17274],[92.75918,12.17299],[92.75918,12.1732],[92.75937,12.17345],[92.75934,12.17394],[92.75921,12.17403],[92.75903,12.17422],[92.75887,12.1744],[92.75871,12.17474],[92.75877,12.17505],[92.75896,12.17532],[92.75915,12.17579],[92.75927,12.17615],[92.75927,12.17652],[92.75936,12.17683],[92.75936,12.17726],[92.75936,12.17775],[92.75927,12.178],[92.75908,12.17818],[92.75886,12.17846],[92.75836,12.17889],[92.75808,12.17895],[92.75773,12.17923],[92.75755,12.1795],[92.75736,12.17966],[92.75701,12.17969],[92.7567,12.17969],[92.75658,12.17993],[92.75658,12.18002],[92.75651,12.18003],[92.75645,12.18021],[92.75642,12.18052],[92.75642,12.18073],[92.75648,12.18104],[92.7567,12.18132],[92.75698,12.18144],[92.75723,12.18153],[92.7576,12.18154],[92.75762,12.18152],[92.75765,12.18154],[92.75773,12.18163],[92.75804,12.18181],[92.75832,12.18181],[92.75854,12.18169],[92.75879,12.18154]]],[[[92.67769,11.18314],[92.6777,11.18314],[92.67805,11.18317],[92.67824,11.1833],[92.67881,11.18314],[92.67941,11.18277],[92.67981,11.18255],[92.68028,11.18229],[92.68052,11.1821],[92.68053,11.18209],[92.68093,11.18183],[92.68104,11.18138],[92.68096,11.18087],[92.68044,11.18057],[92.6799,11.18052],[92.67955,11.18041],[92.67928,11.17998],[92.67928,11.1796],[92.67887,11.17926],[92.67844,11.17904],[92.67819,11.1788],[92.67803,11.17834],[92.67773,11.17794],[92.67725,11.17791],[92.67678,11.17826],[92.67646,11.17872],[92.67662,11.17906],[92.67665,11.17912],[92.67673,11.17952],[92.67673,11.17981],[92.67664,11.18014],[92.67637,11.1804],[92.67625,11.18047],[92.67613,11.18054],[92.67596,11.18083],[92.67594,11.18118],[92.67593,11.18124],[92.67591,11.18155],[92.67585,11.18182],[92.67572,11.1822],[92.6755,11.18249],[92.67532,11.18265],[92.67531,11.18301],[92.6751,11.1837],[92.67482,11.18418],[92.67482,11.18466],[92.67475,11.18521],[92.67454,11.18549],[92.67405,11.18563],[92.67364,11.18623],[92.67373,11.18645],[92.67389,11.18669],[92.67391,11.18687],[92.67391,11.18687],[92.67398,11.18735],[92.67419,11.18783],[92.6746,11.18866],[92.67467,11.18921],[92.67509,11.18977],[92.67519,11.18981],[92.6757,11.18981],[92.67603,11.18973],[92.67648,11.18948],[92.67649,11.18946],[92.67668,11.18914],[92.67676,11.1889],[92.67684,11.1887],[92.67687,11.18863],[92.67687,11.18828],[92.67679,11.18766],[92.67683,11.18747],[92.67685,11.1874],[92.67693,11.18708],[92.67715,11.18684],[92.67719,11.18639],[92.67664,11.18604],[92.67636,11.18535],[92.67629,11.18501],[92.67638,11.18495],[92.67625,11.18474],[92.67625,11.18467],[92.67628,11.18464],[92.6765,11.18434],[92.67672,11.18415],[92.67704,11.18381],[92.67726,11.18354],[92.67753,11.18327],[92.67769,11.18314]]],[[[92.56291,11.39724],[92.56308,11.39693],[92.56327,11.39658],[92.56332,11.39616],[92.56332,11.39583],[92.5633,11.39541],[92.56304,11.39499],[92.56273,11.39457],[92.56241,11.39417],[92.5619,11.39371],[92.56169,11.39348],[92.56168,11.39347],[92.56124,11.39315],[92.55988,11.39256],[92.55986,11.39255],[92.55971,11.39246],[92.5592,11.39229],[92.55865,11.39216],[92.55819,11.39189],[92.55774,11.39168],[92.55767,11.39163],[92.55757,11.39149],[92.55745,11.39124],[92.55726,11.39101],[92.55698,11.39099],[92.55671,11.39103],[92.55667,11.39109],[92.55645,11.39103],[92.55599,11.39124],[92.55588,11.39146],[92.55582,11.39159],[92.55578,11.39205],[92.55601,11.39243],[92.55602,11.39244],[92.55601,11.39249],[92.55599,11.39272],[92.55607,11.39305],[92.55632,11.39316],[92.55653,11.39322],[92.55668,11.39335],[92.55662,11.39349],[92.55658,11.39368],[92.55668,11.39383],[92.55676,11.39397],[92.55676,11.39414],[92.55666,11.39441],[92.55662,11.39466],[92.55664,11.39506],[92.55683,11.39529],[92.55696,11.39544],[92.55697,11.3955],[92.55718,11.39573],[92.55737,11.39602],[92.55758,11.39629],[92.55788,11.3965],[92.55832,11.39675],[92.55875,11.39698],[92.55902,11.39723],[92.55919,11.39736],[92.55928,11.39742],[92.55944,11.39746],[92.55951,11.39744],[92.55961,11.39749],[92.56016,11.39749],[92.56048,11.39749],[92.56103,11.39749],[92.56147,11.39751],[92.56175,11.39766],[92.5618,11.39769],[92.56184,11.39772],[92.56208,11.39775],[92.56223,11.39775],[92.5624,11.3977],[92.5627,11.39743],[92.56291,11.39724]]],[[[92.73346,11.14796],[92.73397,11.1478],[92.73397,11.1478],[92.73399,11.14759],[92.73399,11.14759],[92.7343,11.14711],[92.73427,11.14654],[92.73434,11.14621],[92.73454,11.14595],[92.73464,11.14565],[92.7344,11.14552],[92.7341,11.14552],[92.73384,11.14555],[92.7335,11.14555],[92.7331,11.14522],[92.73277,11.14492],[92.7327,11.14453],[92.7327,11.14417],[92.7325,11.14387],[92.73227,11.14354],[92.73184,11.14321],[92.73157,11.14291],[92.731,11.14258],[92.73073,11.14255],[92.7303,11.14264],[92.72996,11.14284],[92.7296,11.14301],[92.72927,11.14314],[92.72899,11.1432],[92.72866,11.1433],[92.72839,11.14356],[92.72836,11.1438],[92.7283,11.14416],[92.72829,11.14419],[92.72829,11.14452],[92.72826,11.14478],[92.7281,11.14504],[92.72809,11.14505],[92.72792,11.14531],[92.72779,11.14564],[92.72775,11.14597],[92.72779,11.1462],[92.72799,11.14657],[92.72812,11.14663],[92.72818,11.14683],[92.72829,11.1469],[92.72845,11.14706],[92.72869,11.14733],[92.72895,11.14762],[92.72935,11.14796],[92.72989,11.14829],[92.73009,11.14845],[92.73059,11.14868],[92.73102,11.14891],[92.73136,11.14908],[92.73149,11.14921],[92.73152,11.14924],[92.73192,11.14931],[92.73229,11.14928],[92.73273,11.14902],[92.733,11.14865],[92.7332,11.14823],[92.73346,11.14796]]],[[[92.76566,11.67769],[92.76533,11.6771],[92.76439,11.67618],[92.76414,11.67509],[92.76397,11.6735],[92.76347,11.67275],[92.76253,11.67107],[92.76169,11.6704],[92.76143,11.67023],[92.76143,11.67082],[92.76143,11.67283],[92.76142,11.67408],[92.76142,11.67509],[92.76108,11.67559],[92.75989,11.676],[92.75981,11.67701],[92.76023,11.67776],[92.76176,11.6776],[92.76227,11.67827],[92.76405,11.67936],[92.76498,11.67995],[92.76557,11.68087],[92.766,11.68154],[92.76659,11.68137],[92.76676,11.68054],[92.76643,11.67945],[92.76643,11.67886],[92.76566,11.67802],[92.76566,11.67769]]],[[[93.02985,12.27809],[93.0296,12.27796],[93.02956,12.27796],[93.02956,12.27794],[93.02898,12.27793],[93.02889,12.27783],[93.02891,12.27776],[93.02896,12.27738],[93.02896,12.27692],[93.02882,12.2764],[93.02849,12.27586],[93.02827,12.27558],[93.02816,12.27554],[93.02813,12.27523],[93.02791,12.27479],[93.02747,12.27447],[93.02708,12.27411],[93.02655,12.27384],[93.02592,12.27378],[93.02536,12.27384],[93.025,12.27406],[93.02495,12.27411],[93.02472,12.27411],[93.02417,12.27416],[93.02362,12.27425],[93.02315,12.27438],[93.0227,12.27446],[93.02226,12.27446],[93.02209,12.27468],[93.02206,12.27503],[93.02217,12.27539],[93.02218,12.27541],[93.0222,12.27572],[93.02262,12.27629],[93.02328,12.2767],[93.02359,12.27708],[93.02389,12.27741],[93.02428,12.27784],[93.02453,12.27809],[93.02554,12.27836],[93.02647,12.27892],[93.02648,12.27893],[93.02658,12.27893],[93.02705,12.27921],[93.02738,12.27945],[93.0276,12.2797],[93.02802,12.27994],[93.02829,12.28002],[93.02843,12.28005],[93.02874,12.28003],[93.02921,12.27997],[93.02962,12.27989],[93.0299,12.27962],[93.03001,12.27913],[93.03001,12.27875],[93.02999,12.27834],[93.02985,12.27809]]],[[[92.69868,11.66409],[92.69953,11.66401],[92.70072,11.66401],[92.70148,11.66393],[92.70165,11.66326],[92.7008,11.66292],[92.70057,11.66222],[92.70055,11.66217],[92.70072,11.66133],[92.70123,11.66033],[92.70038,11.66007],[92.69928,11.66007],[92.69801,11.66015],[92.69744,11.66005],[92.69656,11.6599],[92.6952,11.66032],[92.69393,11.66031],[92.69325,11.66065],[92.69291,11.66115],[92.69291,11.6619],[92.69333,11.66215],[92.69469,11.66257],[92.69486,11.66316],[92.69545,11.66358],[92.69621,11.66367],[92.69715,11.66425],[92.69791,11.66451],[92.69868,11.66409]]],[[[93.00299,12.11405],[93.0028,12.11364],[93.00269,12.11347],[93.00263,12.11333],[93.00269,12.11321],[93.00289,12.11316],[93.00306,12.1131],[93.00328,12.11296],[93.0035,12.11284],[93.00363,12.11269],[93.00364,12.11247],[93.0036,12.11226],[93.00343,12.11218],[93.0033,12.11197],[93.00305,12.11169],[93.0028,12.11141],[93.00247,12.11123],[93.00218,12.11114],[93.00185,12.11117],[93.00149,12.1112],[93.00115,12.11132],[93.0009,12.11149],[93.00073,12.11161],[93.00047,12.11167],[93.00034,12.11169],[93.00017,12.11169],[92.99986,12.11161],[92.99956,12.11163],[92.99931,12.11164],[92.99927,12.11166],[92.99917,12.1117],[92.99905,12.11181],[92.999,12.11193],[92.99899,12.11204],[92.99899,12.11213],[92.99899,12.11232],[92.99909,12.11253],[92.99933,12.11278],[92.99941,12.11286],[92.99955,12.11299],[92.99969,12.11317],[92.99986,12.11336],[93,12.1136],[92.99999,12.11372],[92.99998,12.11389],[92.99984,12.11394],[92.99961,12.11385],[92.99934,12.1136],[92.99914,12.11345],[92.99889,12.11328],[92.9988,12.11327],[92.99849,12.11323],[92.99825,12.11326],[92.99813,12.11339],[92.99807,12.11355],[92.99807,12.11357],[92.99806,12.1138],[92.99813,12.11402],[92.99828,12.11423],[92.99855,12.11452],[92.99867,12.11471],[92.99877,12.11481],[92.99892,12.1152],[92.99895,12.11543],[92.99908,12.11558],[92.9992,12.11576],[92.99931,12.11592],[92.99948,12.11613],[92.99962,12.1163],[92.99964,12.11639],[92.99979,12.11667],[92.99993,12.11675],[93.00013,12.11684],[93.00032,12.11707],[93.00049,12.11719],[93.00063,12.11728],[93.00082,12.11736],[93.00105,12.11737],[93.00124,12.11737],[93.00144,12.11742],[93.00164,12.11753],[93.00178,12.11768],[93.00192,12.11788],[93.00214,12.11791],[93.00253,12.11787],[93.00276,12.11768],[93.00289,12.11741],[93.00305,12.11725],[93.00309,12.11702],[93.00306,12.11669],[93.00306,12.11641],[93.00319,12.11618],[93.0033,12.11583],[93.0033,12.11546],[93.00328,12.11515],[93.00323,12.11486],[93.00316,12.11459],[93.00309,12.11436],[93.00299,12.11405]]],[[[92.68333,12.21641],[92.68328,12.21602],[92.6832,12.21558],[92.68304,12.21511],[92.6827,12.2148],[92.68217,12.2148],[92.68166,12.21511],[92.68158,12.21555],[92.68172,12.21581],[92.68174,12.21585],[92.68185,12.2161],[92.68177,12.21625],[92.68158,12.21628],[92.68148,12.21624],[92.68132,12.21628],[92.681,12.21649],[92.68068,12.21685],[92.68042,12.21724],[92.68028,12.21773],[92.68026,12.21812],[92.68012,12.21818],[92.67994,12.21857],[92.67975,12.21898],[92.6797,12.21945],[92.67993,12.22],[92.68041,12.2201],[92.68065,12.22039],[92.68078,12.22078],[92.68088,12.2213],[92.68109,12.22188],[92.68115,12.22203],[92.68115,12.22229],[92.68133,12.22284],[92.68159,12.22334],[92.68167,12.2237],[92.6818,12.22412],[92.68225,12.2244],[92.6826,12.22441],[92.68294,12.22417],[92.6831,12.22396],[92.68324,12.22357],[92.68324,12.22326],[92.68324,12.22295],[92.68321,12.22286],[92.68322,12.22278],[92.68299,12.22201],[92.68299,12.22108],[92.68323,12.22022],[92.68347,12.21937],[92.68342,12.21855],[92.68351,12.21844],[92.68367,12.21792],[92.68367,12.21745],[92.68359,12.21706],[92.68343,12.21678],[92.68333,12.21641]]],[[[92.56808,11.94963],[92.56821,11.94926],[92.5683,11.9488],[92.56846,11.94855],[92.56884,11.94822],[92.56943,11.94773],[92.56965,11.94723],[92.56973,11.94669],[92.56978,11.94607],[92.56969,11.94553],[92.56902,11.94491],[92.56891,11.94493],[92.56816,11.94471],[92.56731,11.94471],[92.56697,11.94571],[92.56646,11.94613],[92.56535,11.94663],[92.56535,11.94704],[92.56523,11.94701],[92.56506,11.94726],[92.56443,11.94776],[92.56401,11.94767],[92.56363,11.94776],[92.5635,11.94817],[92.56371,11.94863],[92.56378,11.94871],[92.56371,11.94875],[92.56362,11.94908],[92.56354,11.9495],[92.56354,11.94974],[92.56379,11.95008],[92.56404,11.95037],[92.5645,11.95058],[92.56497,11.95045],[92.56518,11.95025],[92.5654,11.94989],[92.5656,11.94989],[92.56626,11.94975],[92.56682,11.94992],[92.56724,11.95013],[92.56779,11.95033],[92.568,11.95],[92.56808,11.94963]]],[[[92.77607,12.01805],[92.77658,12.0168],[92.77641,12.01613],[92.77565,12.01487],[92.77523,12.01395],[92.77455,12.01328],[92.77319,12.01352],[92.77242,12.01377],[92.77182,12.01453],[92.77174,12.01503],[92.77131,12.01595],[92.77097,12.01679],[92.77139,12.01737],[92.77216,12.01721],[92.77267,12.01721],[92.77386,12.01738],[92.77471,12.01822],[92.77607,12.01805]]],[[[93.07259,12.31801],[93.07286,12.31783],[93.073,12.31766],[93.07315,12.31752],[93.07321,12.31738],[93.07336,12.31703],[93.07336,12.31683],[93.07327,12.3167],[93.07314,12.31659],[93.07311,12.31638],[93.07296,12.31609],[93.07284,12.31595],[93.07257,12.31591],[93.07234,12.31593],[93.07205,12.31597],[93.07171,12.31611],[93.07151,12.31625],[93.07134,12.31642],[93.07101,12.31644],[93.07078,12.31627],[93.07034,12.31615],[93.07005,12.31615],[93.06966,12.31619],[93.06951,12.31629],[93.0693,12.31639],[93.06904,12.31648],[93.06897,12.3165],[93.06864,12.31654],[93.06851,12.31649],[93.06826,12.31641],[93.06789,12.31631],[93.06748,12.31627],[93.06716,12.31629],[93.06689,12.31639],[93.06646,12.31641],[93.06615,12.31641],[93.06563,12.31641],[93.06527,12.31641],[93.06492,12.31641],[93.06446,12.31643],[93.06407,12.31633],[93.06378,12.31617],[93.06346,12.31592],[93.06319,12.31572],[93.06288,12.31563],[93.06274,12.31568],[93.06261,12.3158],[93.06257,12.316],[93.06284,12.31621],[93.06287,12.31623],[93.06288,12.31633],[93.06303,12.31647],[93.06396,12.31704],[93.06489,12.31718],[93.06521,12.31733],[93.06554,12.31737],[93.06587,12.31746],[93.06633,12.3178],[93.06689,12.31807],[93.06704,12.31819],[93.06704,12.31823],[93.06706,12.3184],[93.06727,12.3186],[93.06727,12.3186],[93.0673,12.31871],[93.06741,12.31872],[93.06764,12.31874],[93.06789,12.31876],[93.06812,12.31874],[93.06843,12.31872],[93.0687,12.31868],[93.06871,12.31868],[93.06876,12.31866],[93.06895,12.31858],[93.06896,12.31856],[93.06934,12.31845],[93.06949,12.31844],[93.06953,12.31838],[93.06986,12.31825],[93.0703,12.3183],[93.07057,12.31846],[93.07074,12.31864],[93.07079,12.3187],[93.07084,12.31874],[93.0717,12.31881],[93.07199,12.31845],[93.07225,12.31816],[93.07227,12.31815],[93.07259,12.31801]]],[[[92.5742,11.56244],[92.57408,11.5624],[92.57395,11.56242],[92.57378,11.56246],[92.57364,11.5625],[92.57349,11.56254],[92.57335,11.56258],[92.57318,11.56272],[92.57304,11.56288],[92.57298,11.56306],[92.57298,11.56315],[92.57294,11.56343],[92.5729,11.56358],[92.57283,11.56368],[92.57276,11.56377],[92.57269,11.56431],[92.57271,11.56451],[92.57272,11.56473],[92.57272,11.56497],[92.57275,11.56527],[92.57282,11.56548],[92.57296,11.56575],[92.57308,11.56588],[92.57323,11.56606],[92.57333,11.56618],[92.5734,11.56631],[92.57346,11.56649],[92.57347,11.5666],[92.5735,11.5668],[92.57356,11.56695],[92.5737,11.56714],[92.57383,11.56729],[92.57402,11.56759],[92.5742,11.56782],[92.57422,11.56784],[92.57425,11.56785],[92.57443,11.56792],[92.57458,11.568],[92.57471,11.56808],[92.5748,11.56813],[92.57486,11.56818],[92.57487,11.56818],[92.57498,11.5683],[92.57517,11.56843],[92.57538,11.56863],[92.57549,11.56889],[92.5755,11.56892],[92.5755,11.56903],[92.57549,11.56921],[92.57549,11.56935],[92.57549,11.56948],[92.57556,11.56966],[92.57562,11.56981],[92.5757,11.56992],[92.57578,11.57004],[92.57578,11.57004],[92.57598,11.57014],[92.57608,11.5703],[92.57613,11.5705],[92.57614,11.57064],[92.57614,11.57067],[92.57617,11.57071],[92.57628,11.57084],[92.57632,11.5709],[92.57646,11.57092],[92.5766,11.57092],[92.57663,11.57091],[92.57669,11.5709],[92.57673,11.57081],[92.57666,11.57068],[92.57666,11.57067],[92.57662,11.57059],[92.57662,11.57052],[92.57662,11.57042],[92.57664,11.57034],[92.57668,11.57019],[92.57675,11.57012],[92.57678,11.57012],[92.57678,11.57001],[92.57678,11.56991],[92.57678,11.5698],[92.57678,11.56975],[92.57678,11.5697],[92.57678,11.56961],[92.57678,11.56951],[92.57678,11.56943],[92.57678,11.56935],[92.57679,11.56925],[92.57679,11.56919],[92.57679,11.56913],[92.5768,11.56901],[92.5768,11.569],[92.57677,11.56891],[92.57677,11.5689],[92.57677,11.56876],[92.57677,11.56859],[92.57677,11.56855],[92.57677,11.56852],[92.57677,11.56844],[92.57673,11.56829],[92.57666,11.56818],[92.5766,11.56803],[92.57654,11.56794],[92.57647,11.56787],[92.57642,11.56781],[92.57628,11.56767],[92.5762,11.56756],[92.57614,11.56748],[92.57609,11.56739],[92.57603,11.5673],[92.57597,11.5672],[92.57594,11.56717],[92.57585,11.56713],[92.57582,11.56707],[92.57576,11.56692],[92.57573,11.56668],[92.57573,11.56655],[92.57573,11.56645],[92.57573,11.56641],[92.57574,11.56632],[92.57575,11.56614],[92.57571,11.56592],[92.57569,11.56575],[92.57569,11.56554],[92.5757,11.56539],[92.5757,11.56524],[92.5757,11.56506],[92.57569,11.56487],[92.57561,11.56477],[92.57544,11.56461],[92.57539,11.56451],[92.57538,11.56442],[92.57535,11.56429],[92.57529,11.56419],[92.57525,11.56414],[92.57523,11.56395],[92.57512,11.56371],[92.57506,11.56349],[92.57496,11.56323],[92.57488,11.56309],[92.57465,11.56275],[92.57452,11.5626],[92.57441,11.56245],[92.57424,11.56244],[92.5742,11.56244]]],[[[92.62792,11.54222],[92.62768,11.54216],[92.62745,11.54221],[92.62717,11.54234],[92.62702,11.5426],[92.62705,11.54269],[92.6271,11.54281],[92.62715,11.54306],[92.62717,11.5433],[92.62714,11.54345],[92.62702,11.54363],[92.62689,11.54378],[92.62684,11.54382],[92.62684,11.54473],[92.62691,11.54537],[92.62703,11.54545],[92.62712,11.54552],[92.62721,11.54564],[92.62728,11.54586],[92.62732,11.54607],[92.62735,11.54632],[92.62735,11.54653],[92.62733,11.54671],[92.62732,11.54678],[92.62738,11.54701],[92.62741,11.54727],[92.62741,11.54743],[92.62738,11.5476],[92.62735,11.54782],[92.62732,11.54802],[92.62732,11.54822],[92.62733,11.54841],[92.62734,11.54842],[92.62734,11.5486],[92.62736,11.54867],[92.62746,11.54886],[92.62752,11.54896],[92.62767,11.54915],[92.6278,11.54926],[92.62788,11.54932],[92.62869,11.54942],[92.62937,11.54891],[92.62954,11.54867],[92.62966,11.54849],[92.62971,11.54836],[92.62966,11.54819],[92.6297,11.54808],[92.62973,11.54778],[92.62973,11.54749],[92.62969,11.54717],[92.62959,11.54687],[92.62956,11.54661],[92.62944,11.54628],[92.62936,11.54601],[92.62934,11.54575],[92.62939,11.54547],[92.62943,11.54523],[92.62928,11.54495],[92.62924,11.54474],[92.62933,11.54452],[92.62943,11.5443],[92.62939,11.54407],[92.62939,11.54393],[92.62929,11.54373],[92.6292,11.54357],[92.6291,11.54341],[92.62897,11.54323],[92.62879,11.54312],[92.62866,11.54297],[92.62851,11.5428],[92.62835,11.54261],[92.62824,11.54248],[92.62812,11.54232],[92.62792,11.54222]]],[[[92.73892,12.10699],[92.73838,12.10704],[92.73832,12.10715],[92.73828,12.10763],[92.73836,12.10782],[92.73834,12.10799],[92.73836,12.10832],[92.73857,12.10883],[92.73885,12.10934],[92.73904,12.10982],[92.73949,12.11084],[92.73979,12.11139],[92.74003,12.11187],[92.74039,12.1124],[92.74065,12.11276],[92.74082,12.11314],[92.74103,12.11359],[92.74131,12.11399],[92.74154,12.11424],[92.74189,12.1145],[92.74194,12.11451],[92.74199,12.11462],[92.74227,12.11483],[92.74262,12.11505],[92.74289,12.11513],[92.74315,12.11515],[92.74341,12.11496],[92.74341,12.11467],[92.74341,12.11405],[92.74307,12.11361],[92.74285,12.11321],[92.74281,12.11287],[92.74273,12.11255],[92.74263,12.11244],[92.74261,12.11224],[92.74244,12.11182],[92.74159,12.11099],[92.74129,12.11039],[92.74104,12.11],[92.74082,12.10966],[92.74065,12.1094],[92.74052,12.10911],[92.74051,12.10909],[92.74027,12.10869],[92.74001,12.10835],[92.7397,12.10796],[92.73969,12.10795],[92.7395,12.10763],[92.73926,12.10729],[92.73892,12.10699]]],[[[92.61557,11.51027],[92.61528,11.51],[92.61498,11.50967],[92.61469,11.50938],[92.61438,11.50909],[92.6138,11.50861],[92.61348,11.50828],[92.61306,11.50801],[92.61284,11.50791],[92.61281,11.50791],[92.61206,11.50711],[92.61164,11.50644],[92.61156,11.5056],[92.6113,11.50536],[92.61127,11.50516],[92.61107,11.50497],[92.61092,11.50475],[92.6107,11.50454],[92.61039,11.50421],[92.61002,11.50414],[92.60973,11.50425],[92.60953,11.50444],[92.60936,11.50485],[92.60934,11.50523],[92.60932,11.50555],[92.60927,11.50593],[92.60932,11.50659],[92.60961,11.50685],[92.60982,11.507],[92.61013,11.50748],[92.61031,11.50768],[92.61062,11.50791],[92.61089,11.50818],[92.61112,11.50837],[92.61153,11.5086],[92.61206,11.50907],[92.61247,11.50951],[92.61297,11.50991],[92.6133,11.5102],[92.61344,11.51028],[92.61364,11.51028],[92.61369,11.51028],[92.61381,11.51019],[92.61428,11.51036],[92.61459,11.51059],[92.61486,11.51082],[92.61495,11.5109],[92.61502,11.51096],[92.61525,11.51121],[92.61549,11.51144],[92.61574,11.51154],[92.61594,11.51136],[92.61598,11.51111],[92.61596,11.51086],[92.61576,11.51057],[92.61557,11.51027]]],[[[92.58493,11.97777],[92.58489,11.97723],[92.58451,11.97728],[92.58389,11.97697],[92.58375,11.97693],[92.58363,11.97673],[92.58296,11.9766],[92.58258,11.97668],[92.58238,11.97697],[92.58232,11.97698],[92.58228,11.97697],[92.58195,11.97697],[92.58161,11.97726],[92.58157,11.97763],[92.58156,11.97812],[92.58151,11.97831],[92.58185,11.97948],[92.58187,11.9795],[92.58186,11.97962],[92.58198,11.9802],[92.58232,11.98078],[92.58282,11.98149],[92.58293,11.98156],[92.58303,11.98191],[92.58311,11.9819],[92.58311,11.98191],[92.58328,11.9822],[92.58378,11.98236],[92.58421,11.98236],[92.58437,11.98212],[92.58446,11.98174],[92.58446,11.9812],[92.58463,11.98062],[92.58463,11.98004],[92.58463,11.97951],[92.58476,11.97909],[92.58489,11.97864],[92.58493,11.97826],[92.58493,11.97777]]],[[[92.55079,11.39747],[92.55111,11.39703],[92.55111,11.39703],[92.55111,11.3969],[92.55111,11.39669],[92.55128,11.39651],[92.55137,11.3964],[92.55139,11.39638],[92.55137,11.39611],[92.55133,11.39601],[92.5513,11.39592],[92.55119,11.3957],[92.55107,11.39563],[92.5508,11.39536],[92.5505,11.39513],[92.55031,11.3949],[92.54993,11.3946],[92.54943,11.39427],[92.54896,11.39406],[92.54854,11.39393],[92.5479,11.39395],[92.54742,11.39401],[92.54712,11.39422],[92.54687,11.39443],[92.54651,11.3947],[92.54626,11.3949],[92.54619,11.39495],[92.54618,11.39511],[92.54617,11.39533],[92.54616,11.3957],[92.54616,11.39594],[92.54619,11.39595],[92.54638,11.39612],[92.54642,11.3962],[92.54657,11.39631],[92.54669,11.3965],[92.5468,11.39662],[92.54694,11.39677],[92.54713,11.39691],[92.54727,11.39702],[92.54747,11.39706],[92.54777,11.39721],[92.54809,11.39731],[92.54838,11.39742],[92.54874,11.39752],[92.5491,11.39759],[92.54914,11.39762],[92.54946,11.39759],[92.54978,11.39755],[92.55012,11.39755],[92.5504,11.39756],[92.55079,11.39747]]],[[[93.09824,12.13678],[93.09843,12.13668],[93.09861,12.13666],[93.0988,12.13678],[93.0991,12.13689],[93.09933,12.13678],[93.09941,12.13661],[93.09939,12.13637],[93.09919,12.13613],[93.09894,12.13594],[93.09876,12.13578],[93.09869,12.13558],[93.09883,12.13537],[93.0988,12.1352],[93.09872,12.13508],[93.09855,12.13494],[93.09844,12.1349],[93.09845,12.13483],[93.09845,12.13452],[93.09836,12.1343],[93.09825,12.1341],[93.09809,12.1339],[93.09794,12.1337],[93.09776,12.13354],[93.09754,12.13346],[93.09738,12.13345],[93.09734,12.13344],[93.09714,12.13341],[93.0971,12.13342],[93.09703,12.13344],[93.09692,12.1335],[93.0968,12.13357],[93.09671,12.13366],[93.09655,12.13378],[93.09648,12.13389],[93.09643,12.13399],[93.09635,12.13416],[93.0963,12.13421],[93.09621,12.13431],[93.09617,12.13446],[93.09617,12.13447],[93.09617,12.13447],[93.09608,12.13461],[93.096,12.1348],[93.09598,12.13494],[93.096,12.13513],[93.096,12.13531],[93.096,12.13541],[93.096,12.13556],[93.09602,12.13575],[93.09606,12.13596],[93.09608,12.13609],[93.09612,12.13625],[93.09618,12.13644],[93.09622,12.13662],[93.09629,12.13675],[93.09647,12.13691],[93.09665,12.13699],[93.0968,12.13711],[93.09698,12.1372],[93.09705,12.1372],[93.09709,12.1372],[93.0971,12.1372],[93.09715,12.13724],[93.09735,12.13728],[93.09755,12.13727],[93.09783,12.13724],[93.09805,12.1371],[93.0981,12.13697],[93.09824,12.13678]]],[[[92.56738,11.57078],[92.56756,11.57068],[92.56756,11.57062],[92.56756,11.57048],[92.56759,11.57032],[92.56759,11.57025],[92.56759,11.57012],[92.56757,11.57001],[92.56748,11.5699],[92.56737,11.56978],[92.56726,11.56969],[92.56718,11.5696],[92.56712,11.56953],[92.56704,11.56938],[92.56705,11.56925],[92.56707,11.56923],[92.56704,11.56909],[92.56704,11.56898],[92.56704,11.56893],[92.56701,11.56889],[92.56686,11.56877],[92.56675,11.56868],[92.56664,11.56858],[92.56655,11.56845],[92.56643,11.56834],[92.56642,11.56831],[92.56639,11.56823],[92.56637,11.56814],[92.56635,11.56802],[92.56633,11.56791],[92.56628,11.56782],[92.56626,11.56781],[92.56625,11.56771],[92.56612,11.56759],[92.56597,11.56755],[92.56578,11.56758],[92.5656,11.56764],[92.56551,11.56768],[92.56535,11.5678],[92.56524,11.56789],[92.5651,11.56793],[92.56501,11.56801],[92.5649,11.56814],[92.56483,11.56825],[92.5648,11.56834],[92.56475,11.56844],[92.5647,11.56861],[92.5647,11.56869],[92.56472,11.56882],[92.56473,11.56885],[92.5648,11.56897],[92.56488,11.56909],[92.56493,11.56916],[92.56503,11.56924],[92.56512,11.56936],[92.5652,11.56946],[92.56521,11.56948],[92.56522,11.5696],[92.56523,11.56972],[92.56523,11.56976],[92.56528,11.56981],[92.5654,11.57005],[92.56545,11.5702],[92.56558,11.57032],[92.56567,11.5704],[92.56581,11.57056],[92.56593,11.57071],[92.56604,11.5708],[92.56619,11.57087],[92.56627,11.57088],[92.56639,11.57086],[92.56654,11.57084],[92.56662,11.57079],[92.56677,11.57085],[92.56681,11.5709],[92.56689,11.57098],[92.56699,11.57101],[92.56717,11.57099],[92.56728,11.5709],[92.56738,11.57078]]],[[[92.72442,11.14145],[92.72419,11.14138],[92.72395,11.14141],[92.72365,11.14158],[92.72345,11.14184],[92.72332,11.14227],[92.72333,11.14241],[92.72305,11.14293],[92.72305,11.14303],[92.72315,11.14336],[92.72325,11.14365],[92.72341,11.14392],[92.72365,11.14408],[92.72401,11.14422],[92.72438,11.14422],[92.72492,11.14419],[92.72525,11.14409],[92.72545,11.14399],[92.7256,11.14397],[92.72572,11.14379],[92.72582,11.14372],[92.72582,11.14363],[92.72582,11.14336],[92.72572,11.14273],[92.72525,11.1425],[92.72495,11.1423],[92.72462,11.14168],[92.72442,11.14145]]],[[[92.57887,11.5848],[92.57891,11.58476],[92.57909,11.58456],[92.5792,11.58446],[92.57934,11.58416],[92.57942,11.58405],[92.57955,11.58392],[92.57961,11.58373],[92.57962,11.58359],[92.57962,11.58341],[92.57962,11.58328],[92.57952,11.58319],[92.57922,11.58274],[92.57909,11.58271],[92.57897,11.58264],[92.57887,11.58258],[92.57878,11.58256],[92.57868,11.58251],[92.57858,11.58242],[92.57849,11.58234],[92.57842,11.58228],[92.57831,11.5822],[92.5783,11.58219],[92.57823,11.58219],[92.57803,11.58225],[92.57793,11.58227],[92.57777,11.58229],[92.57766,11.58233],[92.57758,11.58239],[92.57756,11.58244],[92.57749,11.58262],[92.57742,11.58275],[92.57742,11.58275],[92.57734,11.58288],[92.57728,11.58301],[92.57726,11.58316],[92.5772,11.58334],[92.57716,11.58353],[92.57714,11.58359],[92.57716,11.5836],[92.57715,11.58361],[92.5771,11.5837],[92.57709,11.58385],[92.57709,11.58397],[92.57712,11.58407],[92.57711,11.58408],[92.5771,11.5842],[92.57707,11.58433],[92.57704,11.58444],[92.57704,11.58458],[92.57704,11.58468],[92.57704,11.58473],[92.57708,11.58479],[92.57714,11.58488],[92.57722,11.58494],[92.57727,11.58497],[92.57734,11.58496],[92.57737,11.58498],[92.57747,11.58501],[92.57758,11.58502],[92.57769,11.58502],[92.57778,11.58498],[92.57786,11.58492],[92.57789,11.5849],[92.57799,11.58487],[92.57811,11.58484],[92.5782,11.58484],[92.57824,11.5849],[92.57826,11.58495],[92.57828,11.58503],[92.57841,11.58503],[92.57856,11.58503],[92.57867,11.58503],[92.57879,11.58496],[92.57886,11.58484],[92.57887,11.5848]]],[[[92.74346,11.96514],[92.74202,11.96505],[92.74176,11.96539],[92.74176,11.96631],[92.74227,11.9669],[92.74303,11.9674],[92.74397,11.96757],[92.74465,11.96698],[92.74423,11.96548],[92.74346,11.96514]]],[[[92.97003,12.06384],[92.96981,12.06384],[92.96961,12.06389],[92.96942,12.06403],[92.9695,12.06438],[92.96945,12.0646],[92.96956,12.06479],[92.96975,12.06504],[92.96997,12.06515],[92.97022,12.06523],[92.9708,12.06523],[92.97105,12.06523],[92.97136,12.06507],[92.97152,12.06485],[92.97161,12.06455],[92.97144,12.06411],[92.97108,12.064],[92.97072,12.064],[92.97039,12.064],[92.97003,12.06384]]],[[[92.59379,11.59031],[92.59387,11.59029],[92.59387,11.59029],[92.59397,11.59025],[92.59412,11.59019],[92.59427,11.59011],[92.59435,11.59003],[92.59445,11.58991],[92.59453,11.58977],[92.59464,11.58973],[92.59464,11.58973],[92.59468,11.58962],[92.5947,11.5895],[92.5947,11.58938],[92.59467,11.58932],[92.59455,11.58933],[92.59444,11.58932],[92.59432,11.58926],[92.59421,11.58919],[92.59412,11.58919],[92.59405,11.58919],[92.59391,11.58921],[92.5938,11.58921],[92.59365,11.58922],[92.59355,11.58922],[92.59347,11.58924],[92.59339,11.58927],[92.59332,11.58931],[92.59325,11.58934],[92.59321,11.58941],[92.59315,11.58948],[92.59312,11.58957],[92.59311,11.58959],[92.59313,11.58963],[92.59313,11.58977],[92.59312,11.58988],[92.59312,11.59001],[92.5931,11.59015],[92.59317,11.59028],[92.59326,11.59037],[92.59331,11.59038],[92.59341,11.59041],[92.59344,11.59042],[92.59354,11.59039],[92.59361,11.59037],[92.59369,11.59034],[92.59379,11.59031]]]]}}]}