{"type":"FeatureCollection","features":[{"type":"Feature","properties":{"id":"andhra-pradesh","name":"Andhra Pradesh","type":"state"},"geometry":{"type":"MultiPolygon","coordinates":[[[[81.39375,16.3338],[81.39224,16.33102],[81.38974,16.32955],[81.38679,16.32868],[81.3799,16.32741],[81.37783,16.32643],[81.37029,16.32459],[81.35721,16.31899],[81.34947,16.31479],[81.33188,16.30835],[81.32692,16.30651],[81.32465,16.30482],[81.31726,16.3004],[81.30921,16.29527],[81.28878,16.28459],[81.27536,16.2783],[81.27134,16.27925],[81.27093,16.28024],[81.27046,16.28603],[81.2722,16.28779],[81.27853,16.28976],[81.28011,16.29099],[81.28041,16.29215],[81.27958,16.29506],[81.27942,16.29572],[81.27627,16.29783],[81.27623,16.29872],[81.27042,16.30256],[81.27013,16.30358],[81.26793,16.31014],[81.26775,16.31126],[81.27012,16.31296],[81.27704,16.31639],[81.27884,16.31676],[81.28002,16.31636],[81.28106,16.31459],[81.28134,16.3137],[81.28634,16.3119],[81.28888,16.31248],[81.29323,16.31494],[81.29366,16.31588],[81.29806,16.31694],[81.29966,16.31726],[81.31438,16.31872],[81.31673,16.31907],[81.32486,16.32053],[81.32765,16.32163],[81.33045,16.32015],[81.32676,16.31721],[81.31888,16.31428],[81.31175,16.30766],[81.32218,16.31022],[81.32675,16.3123],[81.33044,16.31426],[81.33504,16.31607],[81.35186,16.32329],[81.36075,16.32844],[81.36327,16.33196],[81.3643,16.3327],[81.36891,16.33404],[81.37155,16.33301],[81.38024,16.33251],[81.38804,16.3356],[81.39176,16.33644],[81.39391,16.3354],[81.39375,16.3338]]],[[[84.68042,19.16563],[84.68514,19.16222],[84.68849,19.15852],[84.6992,19.16046],[84.70463,19.15907],[84.70914,19.15993],[84.71229,19.15779],[84.71355,19.15236],[84.70442,19.13396],[84.701,19.13038],[84.7009,19.12836],[84.70484,19.12448],[84.70541,19.11917],[84.70464,19.11767],[84.71892,19.10892],[84.76858,19.08002],[84.76625,19.07514],[84.76214,19.06938],[84.7616,19.06801],[84.76039,19.06674],[84.75545,19.05477],[84.75356,19.0538],[84.74952,19.05438],[84.74345,19.05852],[84.74037,19.05821],[84.7391,19.05781],[84.73285,19.0553],[84.72797,19.05134],[84.72309,19.03807],[84.72319,19.03456],[84.72452,19.03136],[84.72502,19.03002],[84.72798,19.02862],[84.73081,19.0294],[84.73253,19.03105],[84.73373,19.03774],[84.734,19.03901],[84.73491,19.04],[84.73602,19.04265],[84.73731,19.04512],[84.73841,19.04711],[84.74075,19.04957],[84.7427,19.04986],[84.74479,19.04915],[84.74561,19.04696],[84.7461,19.04495],[84.7457,19.04295],[84.7453,19.04062],[84.7449,19.03879],[84.74453,19.03764],[84.7434,19.035],[84.73645,19.02844],[84.73446,19.026],[84.73381,19.0252],[84.73286,19.02276],[84.73169,19.02158],[84.71755,19.01014],[84.71368,19.00439],[84.71088,19.00183],[84.70772,18.99633],[84.70598,18.9913],[84.70346,18.98832],[84.70313,18.98716],[84.69836,18.97959],[84.6962,18.9768],[84.69564,18.97544],[84.69212,18.96946],[84.6914,18.96882],[84.68956,18.96692],[84.68726,18.96547],[84.6864,18.96297],[84.68353,18.96037],[84.67282,18.952],[84.67159,18.9497],[84.67007,18.94834],[84.66917,18.94756],[84.6686,18.94642],[84.66161,18.94083],[84.66084,18.93965],[84.65496,18.93366],[84.65294,18.93235],[84.65169,18.93155],[84.63747,18.92039],[84.63267,18.91634],[84.63101,18.91401],[84.62472,18.90797],[84.623,18.90633],[84.62241,18.90612],[84.62003,18.90242],[84.61913,18.9015],[84.6183,18.90102],[84.61614,18.89818],[84.61334,18.89317],[84.61212,18.89203],[84.61148,18.89112],[84.609,18.88825],[84.6089,18.88756],[84.60764,18.8864],[84.6057,18.88345],[84.59783,18.87469],[84.59176,18.87136],[84.58629,18.87213],[84.57988,18.87407],[84.5737,18.8753],[84.57188,18.87551],[84.56932,18.87573],[84.55806,18.87452],[84.55749,18.87406],[84.5577,18.87112],[84.5576,18.87043],[84.55881,18.86979],[84.57116,18.86947],[84.57206,18.86929],[84.58024,18.86767],[84.5812,18.86703],[84.58214,18.8623],[84.58305,18.85711],[84.57979,18.84301],[84.57302,18.83814],[84.57131,18.83647],[84.56931,18.82895],[84.56567,18.82343],[84.56071,18.80744],[84.5566,18.80168],[84.55507,18.78627],[84.55359,18.78331],[84.55038,18.78044],[84.54351,18.77566],[84.53435,18.77001],[84.53106,18.76799],[84.52719,18.76469],[84.52643,18.76443],[84.5262,18.76379],[84.51663,18.75604],[84.51558,18.75465],[84.50984,18.74907],[84.50855,18.74836],[84.50754,18.74742],[84.50729,18.74718],[84.50589,18.74544],[84.50066,18.74071],[84.50025,18.73998],[84.49333,18.73393],[84.49234,18.73163],[84.4893,18.7289],[84.48891,18.72815],[84.48222,18.72138],[84.47793,18.7145],[84.47426,18.71018],[84.47356,18.70995],[84.47335,18.70927],[84.46854,18.70407],[84.46694,18.70131],[84.46625,18.70037],[84.45538,18.68936],[84.45405,18.68801],[84.44827,18.67703],[84.44554,18.67358],[84.44292,18.67327],[84.43911,18.67429],[84.43779,18.67809],[84.43707,18.67875],[84.43493,18.67847],[84.43388,18.67821],[84.43236,18.67725],[84.42996,18.67086],[84.42857,18.6697],[84.4217,18.66849],[84.41947,18.66866],[84.41813,18.66869],[84.41598,18.66835],[84.41344,18.66764],[84.41169,18.6669],[84.41114,18.66615],[84.41166,18.66538],[84.41351,18.66458],[84.41656,18.66325],[84.4196,18.66206],[84.42186,18.66176],[84.42431,18.66145],[84.42886,18.66222],[84.43704,18.66428],[84.43847,18.66387],[84.44188,18.66125],[84.44216,18.6599],[84.44335,18.65971],[84.44338,18.65858],[84.44192,18.65604],[84.44136,18.6549],[84.43755,18.65118],[84.43686,18.65017],[84.42495,18.64177],[84.42257,18.64072],[84.4194,18.63918],[84.4123,18.63644],[84.40979,18.63365],[84.40391,18.62466],[84.40298,18.62443],[84.40009,18.62209],[84.39987,18.6214],[84.3915,18.61337],[84.38923,18.61133],[84.38805,18.61065],[84.38729,18.60996],[84.38606,18.60791],[84.38549,18.60674],[84.38163,18.60337],[84.38121,18.60223],[84.37928,18.60068],[84.37782,18.59761],[84.37752,18.597],[84.37625,18.59584],[84.37546,18.59535],[84.37443,18.59354],[84.36944,18.58682],[84.36527,18.57949],[84.36252,18.57647],[84.36158,18.57408],[84.35861,18.56549],[84.35724,18.56386],[84.35399,18.56219],[84.35021,18.56308],[84.34846,18.56524],[84.34815,18.57031],[84.3491,18.57193],[84.35034,18.57394],[84.35108,18.57522],[84.35102,18.57841],[84.34814,18.58308],[84.34407,18.57961],[84.34033,18.57468],[84.33914,18.57419],[84.3344,18.57382],[84.3336,18.57336],[84.33316,18.5722],[84.33313,18.56928],[84.33441,18.56594],[84.33444,18.55847],[84.33303,18.55728],[84.33018,18.55766],[84.3237,18.55995],[84.32366,18.56087],[84.32246,18.56173],[84.32152,18.56193],[84.31492,18.56061],[84.31388,18.55967],[84.31338,18.5574],[84.31003,18.55437],[84.30981,18.55366],[84.30998,18.55231],[84.31154,18.551],[84.3122,18.54921],[84.31141,18.54467],[84.31074,18.54375],[84.30866,18.54189],[84.29746,18.53585],[84.28933,18.53139],[84.28451,18.52626],[84.28346,18.52553],[84.27921,18.52283],[84.27654,18.52037],[84.2743,18.51874],[84.27291,18.51457],[84.27417,18.51163],[84.27634,18.51034],[84.27989,18.51236],[84.28482,18.5173],[84.28839,18.52101],[84.29063,18.52347],[84.29288,18.52593],[84.29642,18.52797],[84.29771,18.52895],[84.29889,18.52984],[84.29909,18.53003],[84.30377,18.53224],[84.32106,18.53661],[84.32525,18.53808],[84.33579,18.54559],[84.33647,18.54642],[84.33885,18.54791],[84.34008,18.54845],[84.3444,18.5514],[84.34776,18.5552],[84.34907,18.54838],[84.34311,18.54266],[84.34241,18.54196],[84.33489,18.53698],[84.32711,18.53099],[84.32446,18.52894],[84.32321,18.52793],[84.31924,18.52423],[84.30739,18.5147],[84.29838,18.50752],[84.2871,18.49859],[84.28256,18.49499],[84.28131,18.49337],[84.27423,18.48687],[84.27054,18.48405],[84.26493,18.47883],[84.26055,18.47526],[84.256,18.47089],[84.2552,18.46952],[84.25384,18.46791],[84.25221,18.46697],[84.25171,18.46445],[84.25124,18.464],[84.25031,18.46305],[84.24172,18.45703],[84.23899,18.45458],[84.2336,18.4524],[84.22749,18.44636],[84.22291,18.4428],[84.22152,18.44184],[84.2152,18.43494],[84.21373,18.43381],[84.21204,18.43161],[84.21065,18.43067],[84.20915,18.4295],[84.20871,18.42836],[84.20789,18.42788],[84.20602,18.42532],[84.20046,18.4195],[84.19917,18.4179],[84.19253,18.41271],[84.19129,18.41086],[84.19085,18.41039],[84.18546,18.40457],[84.18196,18.40176],[84.17477,18.39509],[84.17154,18.3912],[84.16158,18.38171],[84.15829,18.37775],[84.15729,18.37613],[84.14921,18.36867],[84.14785,18.36705],[84.14345,18.36002],[84.14282,18.35853],[84.14193,18.35681],[84.14161,18.35598],[84.13797,18.35181],[84.13659,18.35065],[84.13495,18.34993],[84.12979,18.34885],[84.1167,18.35027],[84.1042,18.34897],[84.09632,18.34712],[84.09247,18.34567],[84.08533,18.34051],[84.07853,18.33757],[84.07019,18.33585],[84.06758,18.33576],[84.06108,18.33589],[84.04626,18.34021],[84.03947,18.34451],[84.02806,18.3474],[84.02658,18.34775],[84.01967,18.34866],[84.01438,18.35077],[84.01021,18.35324],[84.00178,18.35707],[83.99631,18.35955],[83.99267,18.35827],[83.99083,18.35229],[83.993,18.3497],[83.99968,18.34737],[84.01049,18.34495],[84.01199,18.34458],[84.01251,18.34368],[84.01322,18.34348],[84.01994,18.34163],[84.02097,18.34148],[84.02494,18.34087],[84.02643,18.3402],[84.02878,18.33986],[84.04077,18.33462],[84.04197,18.33388],[84.04221,18.33325],[84.05023,18.32811],[84.0586,18.32519],[84.0644,18.32509],[84.07277,18.32631],[84.07928,18.32969],[84.08257,18.33045],[84.08648,18.33374],[84.09113,18.33616],[84.09521,18.33721],[84.10878,18.34006],[84.11183,18.34061],[84.11944,18.33904],[84.12015,18.33861],[84.12114,18.33795],[84.12142,18.33683],[84.1217,18.33571],[84.12288,18.33552],[84.12314,18.33486],[84.12556,18.33289],[84.12726,18.33181],[84.12739,18.32865],[84.12676,18.321],[84.12611,18.313],[84.12385,18.30659],[84.11836,18.301],[84.11191,18.29713],[84.10186,18.29191],[84.10119,18.2912],[84.09347,18.28848],[84.07521,18.27864],[84.07434,18.27753],[84.07104,18.27476],[84.0585,18.26397],[84.05786,18.26342],[84.05389,18.2615],[84.03988,18.25654],[84.0301,18.25192],[84.00624,18.24373],[83.99205,18.23626],[83.97687,18.23037],[83.97614,18.22991],[83.97382,18.22841],[83.96484,18.22254],[83.95959,18.21718],[83.95427,18.21362],[83.94898,18.21453],[83.94281,18.21643],[83.93921,18.21834],[83.93868,18.21967],[83.93866,18.22034],[83.93769,18.22123],[83.93551,18.22252],[83.93211,18.22492],[83.92973,18.22552],[83.92703,18.22496],[83.92578,18.22428],[83.92545,18.21949],[83.92722,18.21615],[83.93327,18.21226],[83.93376,18.21183],[83.9336,18.20979],[83.93362,18.20911],[83.93269,18.20815],[83.92716,18.20615],[83.8976,18.19712],[83.88646,18.19134],[83.88114,18.18755],[83.88024,18.18639],[83.87892,18.18296],[83.87615,18.17959],[83.87446,18.17581],[83.86944,18.1709],[83.85566,18.16524],[83.83927,18.16088],[83.83529,18.15916],[83.8204,18.15437],[83.80906,18.15016],[83.80543,18.14848],[83.78809,18.1427],[83.77737,18.13921],[83.77666,18.13896],[83.77645,18.13826],[83.77113,18.13528],[83.75926,18.12979],[83.75162,18.125],[83.74044,18.12001],[83.73864,18.11805],[83.72833,18.11452],[83.71538,18.10798],[83.70305,18.10171],[83.69206,18.09183],[83.6798,18.08421],[83.6784,18.0837],[83.67464,18.08266],[83.66995,18.08336],[83.66947,18.08343],[83.66416,18.08482],[83.66076,18.08412],[83.65733,18.08161],[83.66087,18.07968],[83.66629,18.07746],[83.66812,18.07583],[83.66902,18.07503],[83.66907,18.07367],[83.66793,18.07251],[83.66169,18.06844],[83.64768,18.06124],[83.63434,18.05372],[83.63016,18.05176],[83.62754,18.05009],[83.61881,18.04435],[83.61627,18.0421],[83.60988,18.03775],[83.60454,18.03341],[83.60318,18.03178],[83.60244,18.03153],[83.60223,18.03085],[83.60086,18.02949],[83.59423,18.0236],[83.59262,18.02124],[83.59052,18.01844],[83.58731,18.01483],[83.58269,18.01197],[83.58151,18.0117],[83.57795,18.01224],[83.57675,18.01286],[83.57623,18.01377],[83.57546,18.01579],[83.57405,18.01552],[83.57306,18.01493],[83.57158,18.01398],[83.57058,18.01335],[83.56677,18.0146],[83.56635,18.01535],[83.55968,18.02023],[83.55754,18.01988],[83.55604,18.01939],[83.55537,18.01751],[83.55663,18.01401],[83.55738,18.01245],[83.56365,18.00907],[83.56375,18.00841],[83.56474,18.00734],[83.56543,18.00665],[83.56605,18.00212],[83.56321,17.99117],[83.56253,17.98162],[83.56098,17.97298],[83.55891,17.97111],[83.55426,17.96256],[83.53658,17.94863],[83.5241,17.9405],[83.51951,17.93787],[83.51633,17.93481],[83.50076,17.9259],[83.49734,17.92341],[83.4906,17.91945],[83.48346,17.91526],[83.48222,17.91462],[83.47472,17.91054],[83.47258,17.9107],[83.46014,17.91478],[83.4587,17.91542],[83.45752,17.91605],[83.45629,17.9167],[83.45339,17.91933],[83.45218,17.92042],[83.45093,17.92104],[83.44831,17.92162],[83.44679,17.92113],[83.446,17.92041],[83.44556,17.9195],[83.44657,17.91184],[83.44753,17.91095],[83.44849,17.91032],[83.44902,17.90288],[83.45073,17.89857],[83.45181,17.89753],[83.45234,17.89618],[83.4538,17.89511],[83.45485,17.89197],[83.45464,17.88472],[83.45342,17.88015],[83.45238,17.87922],[83.45057,17.87667],[83.45005,17.8755],[83.4411,17.86666],[83.43844,17.86403],[83.42337,17.85311],[83.42015,17.85004],[83.41581,17.84445],[83.41548,17.84355],[83.41426,17.84146],[83.41069,17.84225],[83.40949,17.84288],[83.40895,17.84421],[83.40723,17.84597],[83.40515,17.84544],[83.40389,17.84427],[83.40367,17.8436],[83.40444,17.83863],[83.40494,17.83797],[83.41215,17.8346],[83.41609,17.83089],[83.41706,17.83046],[83.41938,17.8251],[83.41935,17.81628],[83.41863,17.81544],[83.41626,17.80735],[83.41214,17.80404],[83.41182,17.80312],[83.41105,17.80222],[83.4081,17.7987],[83.40096,17.7927],[83.39928,17.79075],[83.39873,17.79],[83.39574,17.78829],[83.38848,17.78104],[83.38607,17.77643],[83.38114,17.77083],[83.38005,17.77015],[83.37986,17.76943],[83.37811,17.76755],[83.37323,17.76391],[83.37231,17.76368],[83.37209,17.76305],[83.37078,17.76208],[83.35843,17.75537],[83.35579,17.75298],[83.35309,17.74881],[83.34925,17.73824],[83.34849,17.73437],[83.34792,17.73368],[83.34711,17.73274],[83.34637,17.72139],[83.34368,17.71792],[83.34028,17.71417],[83.33349,17.70928],[83.3327,17.70868],[83.32992,17.70722],[83.31857,17.70335],[83.31457,17.70172],[83.30443,17.69571],[83.30079,17.69195],[83.29959,17.68985],[83.29882,17.6858],[83.29861,17.68503],[83.29804,17.68435],[83.29454,17.67068],[83.29315,17.66701],[83.29242,17.66582],[83.28992,17.66191],[83.28352,17.65626],[83.27755,17.65264],[83.27393,17.65134],[83.269,17.64873],[83.26187,17.64371],[83.26028,17.64262],[83.26007,17.64197],[83.25937,17.64174],[83.25916,17.64106],[83.25506,17.63692],[83.25317,17.63554],[83.25044,17.63425],[83.24408,17.62793],[83.24364,17.62746],[83.24135,17.62532],[83.2358,17.62563],[83.23257,17.62617],[83.22775,17.62871],[83.22335,17.63941],[83.22237,17.64006],[83.2201,17.64237],[83.21986,17.64303],[83.21888,17.64346],[83.21862,17.64413],[83.21648,17.6462],[83.21553,17.6466],[83.21441,17.64647],[83.20799,17.64566],[83.19985,17.63992],[83.19816,17.63806],[83.19796,17.63742],[83.19655,17.63054],[83.1972,17.6267],[83.20032,17.62478],[83.2013,17.6239],[83.20157,17.62278],[83.21382,17.61735],[83.21556,17.61682],[83.225,17.61449],[83.22709,17.61546],[83.23106,17.61578],[83.23149,17.61324],[83.23234,17.60823],[83.23043,17.60354],[83.2296,17.60273],[83.22624,17.59877],[83.22546,17.59736],[83.22,17.5922],[83.21954,17.59172],[83.21888,17.59103],[83.21727,17.58983],[83.21663,17.5895],[83.20734,17.58451],[83.20408,17.58332],[83.1978,17.58098],[83.1886,17.57546],[83.18232,17.57275],[83.17393,17.56746],[83.17355,17.56675],[83.17208,17.56378],[83.16844,17.56025],[83.15553,17.55274],[83.14696,17.54905],[83.13974,17.54697],[83.13145,17.54586],[83.12377,17.54483],[83.1118,17.54064],[83.10995,17.53968],[83.10592,17.53889],[83.10662,17.54184],[83.10848,17.54593],[83.1102,17.54829],[83.11089,17.55106],[83.10733,17.55065],[83.10311,17.54905],[83.0994,17.54712],[83.09658,17.54407],[83.09213,17.53712],[83.09117,17.53548],[83.08799,17.53219],[83.0871,17.53145],[83.08573,17.53034],[83.07369,17.52465],[83.06688,17.5235],[83.06017,17.52075],[83.05871,17.52037],[83.04453,17.51657],[83.03922,17.51387],[83.03508,17.51077],[83.03368,17.51072],[83.0318,17.51042],[83.02628,17.50776],[83.01613,17.50149],[83.01406,17.50052],[83.00701,17.4946],[83.00587,17.49297],[83.00534,17.49067],[83.00516,17.48432],[83.00467,17.48227],[83.00219,17.48032],[82.99993,17.4787],[82.99598,17.4756],[82.99324,17.4713],[82.99287,17.47075],[82.99103,17.46976],[82.97991,17.46528],[82.9687,17.46261],[82.95148,17.45559],[82.94952,17.45446],[82.94505,17.45287],[82.94299,17.45124],[82.93792,17.44923],[82.93193,17.44516],[82.91927,17.43986],[82.91789,17.43907],[82.91438,17.43699],[82.91018,17.43448],[82.90885,17.43367],[82.86554,17.41505],[82.85662,17.40928],[82.85502,17.40786],[82.84899,17.40483],[82.84002,17.39958],[82.8252,17.39404],[82.8228,17.39344],[82.81955,17.39223],[82.81038,17.39005],[82.80957,17.38983],[82.80728,17.38862],[82.78889,17.3814],[82.77127,17.374],[82.76468,17.37086],[82.7531,17.36616],[82.73672,17.35783],[82.73441,17.35706],[82.72492,17.35046],[82.72319,17.34956],[82.71916,17.34685],[82.71863,17.34605],[82.7178,17.34579],[82.7147,17.3453],[82.70791,17.34248],[82.70586,17.34105],[82.69899,17.33668],[82.6976,17.33617],[82.69739,17.33549],[82.68678,17.33011],[82.68039,17.32508],[82.67067,17.32112],[82.66242,17.31602],[82.66126,17.31574],[82.65663,17.31376],[82.64814,17.30863],[82.6439,17.30637],[82.63863,17.30329],[82.63779,17.3026],[82.62993,17.29915],[82.62304,17.29501],[82.62054,17.2931],[82.60632,17.2844],[82.60405,17.28226],[82.59001,17.27414],[82.58545,17.27067],[82.57924,17.26771],[82.57346,17.26355],[82.57137,17.26204],[82.5602,17.25611],[82.55176,17.24986],[82.54952,17.24805],[82.54857,17.24778],[82.54695,17.24583],[82.5387,17.23943],[82.52475,17.22933],[82.5233,17.22768],[82.51913,17.22386],[82.51798,17.22336],[82.51749,17.22242],[82.51631,17.22119],[82.51207,17.21718],[82.50792,17.21257],[82.48696,17.19635],[82.46249,17.17519],[82.44554,17.16411],[82.44115,17.16001],[82.43793,17.15615],[82.43261,17.1508],[82.42945,17.14761],[82.4256,17.14383],[82.42528,17.14284],[82.42441,17.14104],[82.42264,17.14],[82.41999,17.13713],[82.41837,17.13534],[82.41002,17.12667],[82.39904,17.11898],[82.39514,17.11514],[82.38958,17.11045],[82.38776,17.10946],[82.38693,17.10876],[82.38413,17.10503],[82.38166,17.10266],[82.37971,17.10144],[82.37736,17.09864],[82.37691,17.09816],[82.37111,17.09362],[82.37078,17.09292],[82.36706,17.08939],[82.36606,17.08822],[82.36499,17.08546],[82.3617,17.08254],[82.36099,17.08229],[82.36057,17.08113],[82.36006,17.08004],[82.35666,17.07718],[82.35565,17.07569],[82.35424,17.07391],[82.34916,17.06933],[82.34728,17.0676],[82.33652,17.05915],[82.33114,17.05327],[82.32704,17.05016],[82.32324,17.04547],[82.31425,17.03725],[82.30586,17.0296],[82.30228,17.02561],[82.30114,17.02418],[82.29621,17.01378],[82.2921,17.00841],[82.29046,17.0054],[82.28883,17.00354],[82.28362,16.99561],[82.28323,16.99357],[82.28108,16.98655],[82.28065,16.98552],[82.27965,16.98389],[82.27878,16.97094],[82.27239,16.95141],[82.27032,16.93588],[82.26969,16.93342],[82.26903,16.93247],[82.26626,16.931],[82.25937,16.93299],[82.25318,16.93205],[82.25285,16.93135],[82.25164,16.92474],[82.25099,16.92313],[82.25113,16.91203],[82.25039,16.90888],[82.24981,16.90615],[82.24874,16.89697],[82.24949,16.89088],[82.25128,16.88711],[82.25439,16.88588],[82.26056,16.885],[82.26228,16.88348],[82.26483,16.87768],[82.26664,16.87187],[82.26738,16.87144],[82.26904,16.86836],[82.26972,16.86706],[82.27244,16.86599],[82.27364,16.86581],[82.27796,16.86871],[82.27959,16.869],[82.28177,16.86706],[82.28207,16.863],[82.28274,16.86144],[82.2863,16.86034],[82.29982,16.85783],[82.30364,16.85686],[82.30422,16.85652],[82.30968,16.85301],[82.31113,16.85153],[82.31166,16.85037],[82.31586,16.83991],[82.31851,16.83889],[82.31948,16.8387],[82.32084,16.83942],[82.32247,16.842],[82.32232,16.84731],[82.32276,16.84903],[82.32527,16.8507],[82.3269,16.85099],[82.33532,16.84931],[82.33621,16.84949],[82.33732,16.84916],[82.34055,16.85046],[82.34382,16.85102],[82.35211,16.8493],[82.35334,16.84845],[82.35714,16.84179],[82.35714,16.83977],[82.35441,16.83107],[82.35495,16.82852],[82.35792,16.82169],[82.35823,16.8202],[82.35843,16.81521],[82.36299,16.8185],[82.36486,16.82627],[82.36494,16.8315],[82.36522,16.84792],[82.36558,16.85062],[82.36583,16.85421],[82.36542,16.86186],[82.36686,16.86668],[82.36705,16.87325],[82.36687,16.89195],[82.36678,16.90312],[82.36603,16.92804],[82.36474,16.93339],[82.36248,16.93898],[82.36157,16.93968],[82.35875,16.94406],[82.35607,16.946],[82.35551,16.95049],[82.35427,16.95521],[82.35087,16.95783],[82.34986,16.95779],[82.34237,16.96356],[82.3419,16.964],[82.34001,16.96577],[82.33548,16.97325],[82.33376,16.97748],[82.33334,16.98154],[82.33459,16.98295],[82.33682,16.98348],[82.34353,16.98016],[82.34761,16.97655],[82.35,16.97383],[82.35117,16.97273],[82.35499,16.9649],[82.35567,16.96435],[82.35729,16.96043],[82.36126,16.9539],[82.36787,16.93967],[82.37213,16.92262],[82.37276,16.90835],[82.37279,16.90768],[82.37252,16.90587],[82.37249,16.90367],[82.37349,16.9026],[82.37546,16.87947],[82.37518,16.8695],[82.37475,16.86857],[82.37565,16.84254],[82.37279,16.83034],[82.37172,16.82562],[82.36991,16.82102],[82.36916,16.81986],[82.36789,16.81596],[82.36712,16.8148],[82.3629,16.80126],[82.36101,16.79121],[82.35766,16.78179],[82.35586,16.77223],[82.3536,16.7678],[82.35116,16.75726],[82.35074,16.75524],[82.34995,16.75429],[82.34889,16.75153],[82.34869,16.75062],[82.34884,16.73703],[82.35108,16.7283],[82.35117,16.72353],[82.35046,16.72146],[82.34864,16.72048],[82.34485,16.72102],[82.33217,16.72763],[82.3303,16.7286],[82.32425,16.7273],[82.32022,16.7246],[82.32023,16.72251],[82.3214,16.71984],[82.32892,16.71494],[82.33912,16.71241],[82.3413,16.71112],[82.34157,16.71044],[82.34252,16.70981],[82.34293,16.70324],[82.34271,16.70031],[82.34093,16.69775],[82.33927,16.69269],[82.33952,16.68976],[82.33993,16.68864],[82.34542,16.68704],[82.34775,16.68714],[82.3526,16.68922],[82.35644,16.69226],[82.35711,16.69319],[82.35769,16.69592],[82.35766,16.69747],[82.3576,16.70338],[82.35857,16.70524],[82.36089,16.70556],[82.36171,16.70582],[82.36315,16.70554],[82.36398,16.7058],[82.36484,16.70477],[82.36787,16.70177],[82.36753,16.69858],[82.36407,16.69349],[82.36323,16.69253],[82.35831,16.68713],[82.35788,16.68666],[82.35698,16.68549],[82.35473,16.68342],[82.35428,16.68294],[82.35294,16.68153],[82.35183,16.68005],[82.34513,16.67456],[82.34344,16.67268],[82.33466,16.66691],[82.33343,16.66572],[82.33195,16.66249],[82.33115,16.66177],[82.32806,16.65771],[82.32764,16.65649],[82.32448,16.65187],[82.32377,16.65081],[82.32381,16.64697],[82.32472,16.64498],[82.3284,16.64149],[82.32997,16.63771],[82.32997,16.63477],[82.33454,16.62431],[82.33607,16.61667],[82.3362,16.61174],[82.33637,16.60444],[82.3362,16.60306],[82.33455,16.59764],[82.33347,16.5957],[82.33324,16.59132],[82.33287,16.58389],[82.33232,16.5798],[82.32982,16.57742],[82.32836,16.57331],[82.32722,16.57257],[82.32469,16.57327],[82.3208,16.57503],[82.32,16.57704],[82.31538,16.5823],[82.31317,16.58587],[82.31838,16.58496],[82.3244,16.58253],[82.32703,16.5823],[82.328,16.58392],[82.32802,16.58641],[82.32595,16.59102],[82.3259,16.59698],[82.32557,16.59922],[82.32656,16.6038],[82.32758,16.6043],[82.32732,16.61138],[82.32246,16.62382],[82.32124,16.62492],[82.32017,16.62598],[82.31798,16.62749],[82.31706,16.62721],[82.31467,16.62574],[82.31283,16.6173],[82.31166,16.61602],[82.31165,16.61507],[82.31103,16.61164],[82.31063,16.60993],[82.31082,16.60879],[82.31041,16.6065],[82.30941,16.60537],[82.30842,16.60423],[82.30566,16.60482],[82.30291,16.60656],[82.29957,16.60942],[82.29707,16.61257],[82.29473,16.61793],[82.294,16.61833],[82.29277,16.61964],[82.2923,16.62013],[82.28978,16.62039],[82.28767,16.6186],[82.28821,16.61321],[82.28898,16.61104],[82.2895,16.61016],[82.29069,16.60802],[82.29462,16.60432],[82.29586,16.5978],[82.30225,16.59602],[82.30322,16.59516],[82.30459,16.59137],[82.30449,16.58819],[82.30355,16.58769],[82.30323,16.58698],[82.30342,16.58541],[82.30249,16.58062],[82.30066,16.57878],[82.29924,16.57757],[82.29819,16.57635],[82.29822,16.57048],[82.29776,16.57],[82.29707,16.56997],[82.29639,16.56905],[82.28903,16.56626],[82.28809,16.566],[82.28265,16.56577],[82.27771,16.56495],[82.27013,16.56387],[82.26475,16.56094],[82.26397,16.56021],[82.26347,16.55817],[82.26365,16.55682],[82.26484,16.5562],[82.28064,16.55457],[82.28314,16.55463],[82.2861,16.55461],[82.29629,16.5559],[82.29975,16.55676],[82.30974,16.55993],[82.31618,16.5593],[82.31433,16.55634],[82.31323,16.55478],[82.30445,16.55193],[82.29999,16.55157],[82.29462,16.55107],[82.28843,16.54833],[82.28345,16.54783],[82.282,16.54767],[82.28131,16.5476],[82.28059,16.5478],[82.27186,16.54672],[82.25762,16.54458],[82.2503,16.5426],[82.24884,16.54217],[82.23043,16.53393],[82.22142,16.52789],[82.21909,16.52531],[82.21288,16.52243],[82.21038,16.52062],[82.20143,16.5162],[82.1983,16.51289],[82.19088,16.50828],[82.19058,16.50758],[82.18924,16.50616],[82.18523,16.50396],[82.18305,16.50272],[82.16834,16.49623],[82.16589,16.49562],[82.15929,16.49396],[82.15778,16.49263],[82.15583,16.49148],[82.15386,16.48931],[82.15069,16.48701],[82.14979,16.48731],[82.14934,16.48717],[82.1498,16.48847],[82.15281,16.49019],[82.15312,16.4915],[82.15433,16.49279],[82.15509,16.49364],[82.15797,16.49835],[82.16487,16.50441],[82.16558,16.50495],[82.16714,16.50683],[82.16841,16.51029],[82.16807,16.51797],[82.16909,16.52075],[82.17137,16.52321],[82.17367,16.52644],[82.17514,16.52763],[82.17803,16.53132],[82.18282,16.53653],[82.18418,16.53906],[82.18757,16.54325],[82.1923,16.54775],[82.1987,16.55662],[82.19901,16.55754],[82.20002,16.5585],[82.19981,16.56326],[82.19814,16.56431],[82.19764,16.56475],[82.19492,16.56483],[82.18875,16.56415],[82.18019,16.56108],[82.17015,16.555],[82.16428,16.54976],[82.15456,16.53124],[82.14896,16.52484],[82.14323,16.51739],[82.14154,16.50403],[82.14078,16.49805],[82.14073,16.48784],[82.14071,16.48439],[82.1382,16.48456],[82.13172,16.48157],[82.12901,16.4792],[82.12718,16.47874],[82.11912,16.47492],[82.11777,16.47394],[82.10779,16.47063],[82.1039,16.46931],[82.08992,16.46237],[82.07898,16.45532],[82.07139,16.45182],[82.06938,16.44994],[82.05717,16.44512],[82.04731,16.4404],[82.04641,16.43968],[82.03672,16.43678],[82.03375,16.4344],[82.03052,16.43351],[82.02549,16.43216],[82.02173,16.43048],[82.01817,16.42716],[82.00729,16.42294],[82.00575,16.42166],[81.9982,16.41701],[81.99401,16.41335],[81.98836,16.40938],[81.97888,16.40419],[81.97028,16.39769],[81.96753,16.39622],[81.9666,16.39619],[81.96444,16.39701],[81.96404,16.39789],[81.96254,16.4078],[81.9645,16.41649],[81.96633,16.41975],[81.96937,16.43279],[81.96935,16.43597],[81.96894,16.43708],[81.96795,16.43773],[81.96563,16.43763],[81.96494,16.43737],[81.96436,16.43711],[81.96069,16.43309],[81.95678,16.4259],[81.95529,16.41541],[81.95238,16.40785],[81.9514,16.40465],[81.95034,16.39844],[81.94514,16.39434],[81.93823,16.39133],[81.92822,16.39003],[81.92656,16.3904],[81.9096,16.38695],[81.90282,16.38459],[81.89439,16.38108],[81.87565,16.37598],[81.8736,16.37511],[81.86749,16.37338],[81.86454,16.37212],[81.86095,16.37157],[81.85457,16.37051],[81.85141,16.36836],[81.84034,16.36424],[81.83467,16.36082],[81.83272,16.35921],[81.82669,16.35573],[81.80809,16.34769],[81.79952,16.34278],[81.79476,16.34006],[81.79302,16.33906],[81.78387,16.33485],[81.77706,16.32976],[81.77137,16.32726],[81.77016,16.32665],[81.76551,16.3243],[81.76232,16.32269],[81.75395,16.31901],[81.75027,16.31681],[81.74552,16.31496],[81.73514,16.31093],[81.73319,16.31],[81.7304,16.30875],[81.72579,16.30744],[81.72317,16.31],[81.72287,16.31288],[81.72582,16.31953],[81.72755,16.32265],[81.72806,16.32428],[81.73144,16.33315],[81.73467,16.34272],[81.73499,16.34892],[81.73473,16.35653],[81.72481,16.35572],[81.72333,16.3515],[81.72301,16.34304],[81.72409,16.34082],[81.72561,16.33768],[81.72443,16.33204],[81.72023,16.32845],[81.71887,16.32727],[81.71621,16.3208],[81.71584,16.31222],[81.70875,16.30276],[81.70639,16.30288],[81.70163,16.30496],[81.70012,16.31166],[81.70003,16.3187],[81.69706,16.32198],[81.69577,16.32254],[81.69266,16.32392],[81.6832,16.32813],[81.66462,16.33437],[81.66078,16.33601],[81.65038,16.33804],[81.64638,16.33831],[81.63912,16.33845],[81.63112,16.33901],[81.61985,16.33964],[81.61772,16.34001],[81.61606,16.34016],[81.61018,16.34057],[81.60951,16.34031],[81.59954,16.34134],[81.595,16.34157],[81.59277,16.34182],[81.58164,16.34451],[81.57282,16.34803],[81.57074,16.34976],[81.56896,16.35121],[81.56717,16.35309],[81.56509,16.35597],[81.5727,16.35653],[81.57677,16.35731],[81.57936,16.35848],[81.58048,16.36018],[81.57217,16.36587],[81.56645,16.36787],[81.56438,16.37023],[81.56127,16.37499],[81.55682,16.38479],[81.54953,16.39029],[81.54819,16.38798],[81.54793,16.38702],[81.54758,16.38569],[81.54772,16.38309],[81.54831,16.38093],[81.5498,16.37949],[81.55125,16.37799],[81.55393,16.37523],[81.55441,16.37457],[81.55547,16.36759],[81.55447,16.36015],[81.55337,16.35875],[81.54829,16.35574],[81.53128,16.35145],[81.52863,16.35076],[81.51476,16.35151],[81.50353,16.34997],[81.49745,16.34857],[81.48477,16.34653],[81.4766,16.34593],[81.47475,16.34539],[81.47357,16.34556],[81.47172,16.34502],[81.46889,16.34535],[81.45982,16.34382],[81.44231,16.3431],[81.43413,16.34199],[81.43343,16.34219],[81.41599,16.33908],[81.41182,16.3381],[81.41007,16.33775],[81.40463,16.33678],[81.40321,16.33695],[81.40251,16.33715],[81.402,16.33782],[81.40205,16.33918],[81.40386,16.34264],[81.40324,16.34603],[81.40275,16.34647],[81.40152,16.34754],[81.39888,16.34898],[81.39239,16.35182],[81.39074,16.35248],[81.39082,16.35318],[81.39106,16.35404],[81.39172,16.35619],[81.3936,16.35761],[81.39902,16.36011],[81.40137,16.36045],[81.40209,16.3598],[81.40318,16.35667],[81.4044,16.35605],[81.40792,16.35552],[81.4093,16.35604],[81.40784,16.37116],[81.412,16.37296],[81.41375,16.37552],[81.41314,16.37821],[81.41045,16.38058],[81.40856,16.38139],[81.40459,16.38066],[81.40009,16.37734],[81.39932,16.37602],[81.39765,16.37435],[81.39733,16.37345],[81.39456,16.37012],[81.39327,16.36826],[81.38791,16.36435],[81.38652,16.36282],[81.38518,16.36128],[81.38382,16.36005],[81.38197,16.35934],[81.3751,16.36061],[81.373,16.3603],[81.37232,16.36006],[81.3719,16.35888],[81.36967,16.35674],[81.369,16.35627],[81.36808,16.35599],[81.36358,16.35671],[81.35646,16.35954],[81.35382,16.36142],[81.35131,16.36361],[81.34742,16.36569],[81.34343,16.36643],[81.34084,16.36631],[81.33086,16.36448],[81.32534,16.36242],[81.32258,16.36138],[81.32198,16.3616],[81.31596,16.36137],[81.31276,16.36022],[81.31198,16.35919],[81.31252,16.3564],[81.31337,16.35554],[81.31316,16.35247],[81.31121,16.3516],[81.30396,16.34874],[81.30254,16.34685],[81.30234,16.34594],[81.30242,16.34438],[81.30282,16.34348],[81.30424,16.34311],[81.30825,16.34283],[81.31124,16.34401],[81.31297,16.34438],[81.3171,16.34517],[81.32041,16.34476],[81.32165,16.34397],[81.32123,16.34236],[81.31916,16.34118],[81.31709,16.33959],[81.31544,16.33839],[81.31135,16.33647],[81.30592,16.33341],[81.30084,16.3316],[81.30012,16.33115],[81.29851,16.33012],[81.29131,16.32549],[81.28714,16.32397],[81.25834,16.319],[81.25475,16.31612],[81.25324,16.30857],[81.25283,16.30788],[81.25123,16.30642],[81.24608,16.30439],[81.24555,16.30245],[81.24563,16.30142],[81.25343,16.29863],[81.2606,16.29714],[81.26562,16.29421],[81.26645,16.29003],[81.26597,16.28589],[81.26317,16.27887],[81.2607,16.27627],[81.25259,16.26998],[81.25192,16.26951],[81.24884,16.26778],[81.24511,16.26543],[81.24262,16.26345],[81.24098,16.26225],[81.24138,16.26065],[81.24304,16.26065],[81.24675,16.26064],[81.25007,16.26224],[81.25295,16.26383],[81.25314,16.26381],[81.25378,16.26477],[81.25678,16.26612],[81.26321,16.26998],[81.26712,16.27072],[81.26605,16.26749],[81.26194,16.26282],[81.25761,16.25844],[81.24844,16.25212],[81.24765,16.25109],[81.24546,16.24835],[81.24386,16.2474],[81.24332,16.24625],[81.23798,16.24302],[81.23756,16.24255],[81.23742,16.24197],[81.23007,16.2352],[81.22964,16.23472],[81.22941,16.23414],[81.22871,16.23387],[81.22786,16.23225],[81.22418,16.22871],[81.2238,16.22791],[81.22263,16.22691],[81.22182,16.22439],[81.21896,16.22039],[81.21629,16.21324],[81.21155,16.20487],[81.21051,16.19325],[81.2076,16.1829],[81.20718,16.18235],[81.2059,16.1774],[81.20242,16.17225],[81.20125,16.16938],[81.20083,16.16606],[81.1999,16.1636],[81.19762,16.14641],[81.19435,16.13218],[81.19331,16.12921],[81.18903,16.10271],[81.18628,16.08966],[81.1849,16.08437],[81.18103,16.07581],[81.18039,16.07513],[81.17901,16.07327],[81.17757,16.07171],[81.17721,16.0712],[81.17509,16.06807],[81.17084,16.06377],[81.16101,16.05018],[81.15576,16.03941],[81.15487,16.03681],[81.15231,16.03209],[81.14833,16.02128],[81.14758,16.01918],[81.146,16.00867],[81.14647,15.99918],[81.14708,15.99596],[81.14771,15.99289],[81.15141,15.98352],[81.15308,15.97931],[81.15285,15.97477],[81.15139,15.97362],[81.14812,15.973],[81.14462,15.97397],[81.14302,15.97453],[81.13394,15.97971],[81.13174,15.98103],[81.12942,15.9824],[81.1277,15.98433],[81.12485,15.98849],[81.12256,15.99264],[81.1197,15.99653],[81.1174,15.9993],[81.11368,16.00318],[81.10882,16.00512],[81.10252,16.00707],[81.09876,16.00802],[81.09437,16.00715],[81.09194,16.00635],[81.08725,16.00456],[81.08657,16.00384],[81.08375,16.00189],[81.08369,16.00076],[81.08536,15.99994],[81.08827,15.99945],[81.0923,15.99925],[81.09442,15.99951],[81.10362,15.99908],[81.1092,15.99629],[81.11066,15.99499],[81.11104,15.99435],[81.11187,15.99141],[81.11259,15.98896],[81.11474,15.98726],[81.11501,15.98705],[81.11557,15.98548],[81.11901,15.98235],[81.12216,15.98013],[81.12337,15.9779],[81.12504,15.9757],[81.12666,15.97333],[81.13878,15.96639],[81.14092,15.96537],[81.1411,15.96402],[81.14061,15.96217],[81.13972,15.96121],[81.12966,15.95479],[81.12622,15.9522],[81.12458,15.95101],[81.11089,15.94332],[81.10262,15.93634],[81.09761,15.93339],[81.09047,15.92999],[81.07938,15.92372],[81.07454,15.92008],[81.07435,15.91938],[81.07255,15.91816],[81.06715,15.9128],[81.06442,15.90966],[81.0631,15.90821],[81.0513,15.90063],[81.0453,15.89717],[81.04293,15.89399],[81.0412,15.89209],[81.04044,15.89173],[81.03861,15.88826],[81.03782,15.88572],[81.03681,15.88497],[81.0356,15.88355],[81.03437,15.87965],[81.03126,15.87655],[81.02807,15.87097],[81.02389,15.8676],[81.0237,15.86668],[81.02248,15.8655],[81.02163,15.86387],[81.01799,15.85983],[81.01285,15.8533],[81.01121,15.85018],[81.00998,15.8492],[81.00939,15.84775],[81.00884,15.84643],[81.00784,15.84548],[80.99937,15.83267],[80.99604,15.82433],[80.99636,15.81802],[80.99779,15.81281],[81.00008,15.80004],[81.00098,15.79872],[81.00207,15.79631],[81.00338,15.79022],[81.0046,15.78959],[81.00463,15.7889],[81.00518,15.78757],[81.00711,15.78586],[81.00763,15.78521],[81.01163,15.77564],[81.01197,15.76886],[81.01071,15.76564],[81.00872,15.76373],[81.00714,15.76252],[81.00571,15.7629],[81.00494,15.76422],[81.0013,15.76702],[81.00036,15.76741],[80.99981,15.76895],[80.99749,15.77117],[80.99346,15.77434],[80.99093,15.77827],[80.97694,15.78625],[80.97634,15.78871],[80.97456,15.79009],[80.97429,15.79079],[80.96678,15.79779],[80.96407,15.80015],[80.9637,15.80103],[80.9631,15.8021],[80.96235,15.8023],[80.96185,15.80269],[80.96158,15.80334],[80.96036,15.80395],[80.96009,15.80464],[80.95679,15.80692],[80.94916,15.81132],[80.94814,15.81027],[80.93999,15.80718],[80.93955,15.80465],[80.94194,15.8034],[80.94952,15.80194],[80.95458,15.79857],[80.95509,15.79747],[80.95949,15.79403],[80.9606,15.79091],[80.96131,15.7905],[80.96307,15.7881],[80.9653,15.78547],[80.9663,15.78392],[80.97116,15.78031],[80.97121,15.77939],[80.97243,15.77878],[80.9734,15.77836],[80.98091,15.77223],[80.98115,15.77159],[80.9821,15.77118],[80.98286,15.77054],[80.98647,15.76754],[80.98903,15.76528],[80.98941,15.76417],[80.98936,15.76056],[80.98881,15.76007],[80.98715,15.75543],[80.98063,15.75058],[80.97954,15.74918],[80.97509,15.74716],[80.97476,15.74646],[80.97433,15.74553],[80.9694,15.74192],[80.96469,15.74008],[80.96419,15.73872],[80.96302,15.73844],[80.961,15.73698],[80.96014,15.73581],[80.94867,15.72976],[80.9455,15.72816],[80.94414,15.72823],[80.93991,15.72895],[80.93791,15.7293],[80.93686,15.7297],[80.93635,15.73014],[80.93605,15.73148],[80.93301,15.73394],[80.93272,15.73483],[80.93092,15.73622],[80.93036,15.73778],[80.92865,15.73928],[80.92815,15.73973],[80.92595,15.74144],[80.92447,15.74293],[80.9238,15.74408],[80.92294,15.7456],[80.9203,15.74704],[80.90983,15.75469],[80.90833,15.75735],[80.9076,15.75777],[80.90569,15.75973],[80.90499,15.75992],[80.90449,15.76034],[80.90292,15.76231],[80.89983,15.76597],[80.89639,15.77151],[80.89493,15.77236],[80.88959,15.78416],[80.88894,15.78472],[80.8873,15.789],[80.88632,15.78962],[80.88386,15.79225],[80.88284,15.79401],[80.88211,15.79444],[80.87907,15.80008],[80.87695,15.80368],[80.87547,15.80543],[80.87434,15.80697],[80.87297,15.81187],[80.87153,15.82044],[80.87037,15.82264],[80.86922,15.82259],[80.86848,15.82325],[80.86292,15.82205],[80.86195,15.82065],[80.86105,15.82017],[80.85988,15.8176],[80.86087,15.81222],[80.86305,15.81027],[80.86517,15.80606],[80.86687,15.80479],[80.86758,15.80459],[80.86858,15.80305],[80.86956,15.80196],[80.87029,15.80157],[80.87123,15.80004],[80.87206,15.79859],[80.87433,15.79563],[80.87461,15.79472],[80.87532,15.79432],[80.87605,15.79392],[80.88386,15.77782],[80.88897,15.76593],[80.89155,15.76087],[80.89451,15.75783],[80.89604,15.7548],[80.89679,15.754],[80.89709,15.75342],[80.89778,15.75322],[80.90531,15.74748],[80.90708,15.74505],[80.91122,15.74103],[80.91274,15.73892],[80.91363,15.73721],[80.91468,15.73611],[80.91552,15.73456],[80.91676,15.73082],[80.9163,15.72872],[80.91502,15.72726],[80.90522,15.72545],[80.89048,15.72387],[80.88062,15.72233],[80.87834,15.72232],[80.86954,15.72059],[80.86122,15.71676],[80.85991,15.71593],[80.85983,15.71524],[80.85789,15.71314],[80.85596,15.71199],[80.85495,15.71081],[80.85057,15.70767],[80.84623,15.70608],[80.83874,15.70664],[80.83325,15.70863],[80.8277,15.71224],[80.82389,15.71339],[80.81224,15.71283],[80.8107,15.71285],[80.80468,15.71489],[80.80402,15.71621],[80.80392,15.71992],[80.80573,15.72394],[80.80656,15.72755],[80.80739,15.73392],[80.80641,15.74014],[80.80556,15.74269],[80.8046,15.74307],[80.8042,15.74485],[80.80483,15.75011],[80.81035,15.75058],[80.81075,15.74899],[80.8128,15.74685],[80.81354,15.74646],[80.81562,15.74201],[80.81705,15.74142],[80.81846,15.74169],[80.81934,15.74265],[80.81973,15.74426],[80.81904,15.74628],[80.81811,15.75023],[80.81766,15.75163],[80.81481,15.75762],[80.81231,15.77021],[80.81237,15.77318],[80.81367,15.78023],[80.81421,15.78072],[80.81388,15.78713],[80.8129,15.79471],[80.81312,15.79724],[80.8146,15.80522],[80.81589,15.80936],[80.81415,15.82041],[80.80774,15.8355],[80.80607,15.83655],[80.80475,15.83923],[80.79938,15.84388],[80.79858,15.84549],[80.79688,15.84678],[80.79264,15.85177],[80.79236,15.85266],[80.78895,15.85523],[80.78716,15.85853],[80.7857,15.85983],[80.7829,15.86215],[80.78167,15.86322],[80.77713,15.86643],[80.76195,15.87657],[80.75587,15.88016],[80.74396,15.88455],[80.73758,15.88561],[80.73054,15.88619],[80.72565,15.88573],[80.70675,15.88504],[80.70534,15.88457],[80.70218,15.88343],[80.69139,15.88337],[80.68449,15.88144],[80.67286,15.8802],[80.67214,15.8804],[80.66961,15.87959],[80.66871,15.87907],[80.66168,15.87966],[80.65489,15.87902],[80.6407,15.8784],[80.63207,15.87606],[80.62166,15.8726],[80.61704,15.87065],[80.6096,15.86936],[80.60549,15.86759],[80.60358,15.86819],[80.59498,15.86902],[80.59441,15.86908],[80.58283,15.86694],[80.5791,15.86653],[80.56326,15.86098],[80.55924,15.85926],[80.54584,15.85336],[80.54084,15.85142],[80.53686,15.85044],[80.5342,15.85011],[80.53286,15.85204],[80.53419,15.85366],[80.53718,15.8556],[80.5405,15.85786],[80.54183,15.85883],[80.54383,15.85948],[80.54516,15.86044],[80.54716,15.86142],[80.54948,15.86207],[80.55114,15.86271],[80.5538,15.86368],[80.55579,15.8653],[80.5538,15.86498],[80.5528,15.86498],[80.55114,15.86497],[80.54681,15.86367],[80.54315,15.86302],[80.5421,15.86295],[80.53199,15.86033],[80.52555,15.86076],[80.52376,15.86084],[80.51243,15.85802],[80.50567,15.85761],[80.5019,15.85746],[80.49823,15.85712],[80.49657,15.85647],[80.49624,15.85551],[80.49591,15.85486],[80.49758,15.85422],[80.50124,15.85326],[80.5049,15.85262],[80.5059,15.85262],[80.50592,15.85274],[80.5099,15.85356],[80.5174,15.85303],[80.52,15.85249],[80.5212,15.85136],[80.52207,15.84836],[80.52123,15.84594],[80.51635,15.84209],[80.50672,15.83788],[80.49951,15.83413],[80.49053,15.82874],[80.48826,15.82731],[80.48624,15.82629],[80.48177,15.82461],[80.47013,15.81894],[80.45977,15.81571],[80.45477,15.81297],[80.44796,15.80922],[80.43917,15.80629],[80.43345,15.80437],[80.43117,15.80336],[80.42212,15.79862],[80.4196,15.79783],[80.41689,15.7961],[80.40986,15.79211],[80.39253,15.78355],[80.37257,15.77138],[80.3698,15.77004],[80.36759,15.76841],[80.35971,15.76377],[80.35105,15.75582],[80.34988,15.75556],[80.34517,15.75217],[80.34211,15.74814],[80.33765,15.74407],[80.33663,15.74356],[80.336,15.74332],[80.3358,15.74255],[80.33223,15.73788],[80.33062,15.73577],[80.32576,15.73025],[80.32133,15.72493],[80.32051,15.7239],[80.31717,15.72101],[80.31084,15.71684],[80.30549,15.71093],[80.3048,15.71067],[80.30438,15.70951],[80.30362,15.70869],[80.29758,15.70281],[80.29499,15.69833],[80.29421,15.69783],[80.29261,15.69507],[80.28756,15.68959],[80.27956,15.68398],[80.27745,15.68207],[80.27334,15.67618],[80.27197,15.67133],[80.27096,15.67062],[80.27065,15.66968],[80.26791,15.66639],[80.2667,15.66519],[80.26573,15.66107],[80.26513,15.66032],[80.263,15.65759],[80.26153,15.65574],[80.25977,15.6503],[80.25646,15.64707],[80.25516,15.64509],[80.25308,15.64048],[80.25239,15.64021],[80.25169,15.63994],[80.25117,15.63902],[80.24771,15.63202],[80.24442,15.62137],[80.24333,15.62001],[80.24143,15.61704],[80.23958,15.61415],[80.23667,15.60085],[80.23452,15.591],[80.2337,15.58416],[80.23144,15.57831],[80.23101,15.57617],[80.23026,15.575],[80.22844,15.56894],[80.22673,15.56021],[80.22459,15.55467],[80.22348,15.54713],[80.22299,15.54574],[80.22232,15.54501],[80.21868,15.54349],[80.20677,15.5474],[80.20575,15.54917],[80.20571,15.54985],[80.20205,15.55253],[80.20072,15.55342],[80.20043,15.55447],[80.19971,15.55511],[80.19848,15.55573],[80.19617,15.55775],[80.19567,15.55863],[80.18381,15.56597],[80.18189,15.56677],[80.18138,15.56741],[80.18052,15.57056],[80.17691,15.57287],[80.17549,15.57326],[80.17109,15.57211],[80.16931,15.57045],[80.1689,15.56952],[80.16923,15.56619],[80.16912,15.56135],[80.16857,15.56088],[80.16828,15.55971],[80.16758,15.55945],[80.16433,15.55905],[80.15685,15.55936],[80.15378,15.55989],[80.14591,15.55916],[80.13796,15.55885],[80.13566,15.5585],[80.13467,15.5571],[80.13598,15.55263],[80.1372,15.55155],[80.13724,15.55089],[80.14032,15.55013],[80.14648,15.55067],[80.15188,15.5521],[80.15907,15.55288],[80.16593,15.55166],[80.16985,15.55233],[80.17144,15.5531],[80.17187,15.55354],[80.17852,15.56024],[80.18218,15.56157],[80.18287,15.56138],[80.18555,15.5597],[80.18717,15.55616],[80.19034,15.55338],[80.19086,15.55205],[80.19089,15.55138],[80.19401,15.54937],[80.20009,15.54595],[80.20093,15.54532],[80.20251,15.54402],[80.2034,15.54294],[80.20738,15.54065],[80.21057,15.53785],[80.2106,15.53716],[80.21089,15.53627],[80.21185,15.53564],[80.21279,15.53525],[80.2132,15.53434],[80.21349,15.53121],[80.21298,15.5288],[80.2131,15.52655],[80.21194,15.51909],[80.21091,15.5172],[80.21034,15.51671],[80.20654,15.50908],[80.20575,15.50837],[80.20451,15.5075],[80.20214,15.50535],[80.20091,15.50449],[80.19705,15.50073],[80.19534,15.49915],[80.18693,15.49585],[80.18525,15.49461],[80.18471,15.49412],[80.18385,15.49248],[80.18396,15.49069],[80.18448,15.49005],[80.18683,15.48948],[80.18764,15.48947],[80.19428,15.48986],[80.19627,15.49077],[80.19753,15.49203],[80.20091,15.49542],[80.20418,15.49985],[80.20859,15.50244],[80.21075,15.50244],[80.21026,15.49876],[80.21015,15.49509],[80.20548,15.49102],[80.20236,15.4847],[80.202,15.48307],[80.2018,15.47596],[80.19887,15.46761],[80.19833,15.46567],[80.19756,15.46497],[80.19727,15.46382],[80.19669,15.46255],[80.19039,15.45559],[80.18925,15.45429],[80.18794,15.453],[80.18466,15.45014],[80.18422,15.44968],[80.17881,15.44192],[80.17652,15.43908],[80.17528,15.43627],[80.17261,15.43388],[80.17184,15.43066],[80.17105,15.42993],[80.1702,15.42852],[80.16971,15.42714],[80.16891,15.42618],[80.167,15.42419],[80.16592,15.42308],[80.16168,15.41788],[80.16095,15.41649],[80.1586,15.41434],[80.15746,15.41385],[80.15708,15.41224],[80.1566,15.41062],[80.15461,15.40847],[80.15361,15.40591],[80.15048,15.40325],[80.1496,15.40162],[80.14753,15.39917],[80.14689,15.39892],[80.14669,15.39818],[80.14266,15.39288],[80.13465,15.38545],[80.13049,15.38049],[80.12609,15.37185],[80.12529,15.37114],[80.1248,15.36973],[80.12209,15.36575],[80.12115,15.36464],[80.12016,15.3623],[80.11919,15.3597],[80.11616,15.3566],[80.11494,15.35384],[80.11189,15.35032],[80.11137,15.34893],[80.10905,15.34625],[80.10658,15.34046],[80.10271,15.33415],[80.09993,15.32593],[80.09961,15.32485],[80.0984,15.32009],[80.09754,15.31602],[80.09722,15.31526],[80.09504,15.30851],[80.09445,15.30452],[80.09178,15.29324],[80.09109,15.29115],[80.08629,15.28228],[80.08388,15.27785],[80.08052,15.26703],[80.07963,15.25745],[80.0809,15.24301],[80.08172,15.23922],[80.08238,15.23334],[80.08451,15.22801],[80.08729,15.21589],[80.0874,15.21191],[80.08736,15.21047],[80.08506,15.19965],[80.08376,15.1953],[80.0816,15.19247],[80.0807,15.19199],[80.07996,15.19239],[80.07882,15.1921],[80.0713,15.19332],[80.06746,15.19538],[80.06741,15.1963],[80.06619,15.19713],[80.06396,15.19928],[80.06297,15.20035],[80.06215,15.20237],[80.05959,15.20384],[80.05912,15.2046],[80.05153,15.20953],[80.05148,15.21042],[80.04855,15.21276],[80.04758,15.21315],[80.0433,15.21353],[80.03477,15.21318],[80.03189,15.21172],[80.03021,15.21078],[80.03026,15.20912],[80.03184,15.20785],[80.03207,15.20715],[80.04012,15.20546],[80.0415,15.20576],[80.0431,15.20546],[80.04376,15.20512],[80.0503,15.20175],[80.05057,15.20107],[80.05349,15.19874],[80.05792,15.19148],[80.05994,15.18972],[80.06038,15.1893],[80.06108,15.18911],[80.0623,15.18717],[80.06281,15.18606],[80.07231,15.18314],[80.07366,15.18186],[80.07342,15.18003],[80.07242,15.17882],[80.07054,15.17308],[80.06788,15.16933],[80.06615,15.16585],[80.065,15.16366],[80.06211,15.15028],[80.06153,15.14705],[80.06056,15.14564],[80.05921,15.14144],[80.05914,15.13667],[80.05839,15.13573],[80.05631,15.12882],[80.05577,15.12811],[80.05539,15.12219],[80.05351,15.12076],[80.0523,15.11479],[80.05104,15.11268],[80.05114,15.10451],[80.05015,15.10312],[80.0488,15.08989],[80.04845,15.08486],[80.0475,15.08324],[80.04721,15.0805],[80.04675,15.07373],[80.046,15.05755],[80.04567,15.0496],[80.04807,15.02227],[80.04883,15.01838],[80.051,15.00723],[80.05346,14.99994],[80.05428,14.99879],[80.05578,14.99661],[80.0565,14.99641],[80.05655,14.99552],[80.058,14.99447],[80.05922,14.99338],[80.06115,14.9897],[80.06319,14.98702],[80.0645,14.98241],[80.06569,14.97715],[80.06633,14.97465],[80.06745,14.96252],[80.07393,14.92498],[80.0784,14.90701],[80.08349,14.8867],[80.08499,14.87814],[80.08579,14.87615],[80.08587,14.8754],[80.0884,14.85657],[80.09316,14.83322],[80.09334,14.82807],[80.09329,14.82687],[80.09174,14.82546],[80.0901,14.8256],[80.0882,14.82617],[80.08739,14.8259],[80.08568,14.82514],[80.08587,14.82248],[80.08881,14.81429],[80.07524,14.81716],[80.07455,14.81372],[80.07681,14.80904],[80.08283,14.80505],[80.0866,14.80408],[80.0876,14.803],[80.0898,14.8011],[80.09075,14.80068],[80.09516,14.78798],[80.09588,14.77962],[80.10224,14.7635],[80.10298,14.76119],[80.10713,14.75028],[80.10743,14.74952],[80.10839,14.74648],[80.11093,14.74026],[80.11189,14.7383],[80.11256,14.73774],[80.11404,14.73323],[80.1163,14.731],[80.11723,14.73008],[80.11795,14.72944],[80.1185,14.72811],[80.12017,14.72648],[80.12113,14.72583],[80.12118,14.72491],[80.12417,14.72177],[80.12464,14.72126],[80.12593,14.71882],[80.12622,14.71768],[80.13015,14.71383],[80.13227,14.70918],[80.13369,14.70424],[80.13373,14.69542],[80.13016,14.69276],[80.12948,14.69257],[80.12202,14.69026],[80.1204,14.69017],[80.12094,14.68454],[80.12137,14.6832],[80.12448,14.68179],[80.12796,14.68152],[80.12911,14.6818],[80.13316,14.68449],[80.13641,14.68874],[80.13782,14.69268],[80.13917,14.69386],[80.14123,14.6942],[80.1429,14.69361],[80.14461,14.69211],[80.14537,14.69123],[80.14569,14.69049],[80.14971,14.6813],[80.15298,14.67365],[80.15412,14.67106],[80.15975,14.63621],[80.16429,14.62078],[80.16644,14.6164],[80.16711,14.61586],[80.17159,14.60597],[80.17478,14.60298],[80.17552,14.60122],[80.17658,14.59989],[80.17755,14.59949],[80.18192,14.59584],[80.18388,14.58983],[80.18314,14.58868],[80.18183,14.58475],[80.1803,14.58308],[80.17236,14.57938],[80.17098,14.57908],[80.16716,14.57672],[80.16696,14.57604],[80.16491,14.57502],[80.16319,14.57458],[80.16057,14.57387],[80.15026,14.56933],[80.14716,14.56797],[80.13952,14.56353],[80.13864,14.56233],[80.13712,14.5602],[80.1367,14.55974],[80.13478,14.55817],[80.12759,14.55402],[80.12592,14.55306],[80.12371,14.55069],[80.12259,14.55009],[80.11806,14.54768],[80.10734,14.54441],[80.10222,14.54122],[80.0947,14.53717],[80.09348,14.53621],[80.09347,14.53571],[80.09346,14.53439],[80.10295,14.53186],[80.10816,14.53063],[80.11049,14.53022],[80.11557,14.52986],[80.11574,14.53102],[80.11648,14.53132],[80.12205,14.53653],[80.12351,14.5375],[80.12818,14.54316],[80.12922,14.5445],[80.13037,14.54581],[80.13599,14.54978],[80.13994,14.55196],[80.14288,14.55472],[80.14321,14.55554],[80.14503,14.55632],[80.14688,14.55665],[80.15311,14.55925],[80.15505,14.5602],[80.16207,14.56237],[80.17062,14.5667],[80.17699,14.56672],[80.18435,14.56626],[80.18851,14.567],[80.19268,14.56606],[80.19465,14.56392],[80.19441,14.56177],[80.19343,14.55962],[80.19393,14.55819],[80.19077,14.55029],[80.18839,14.5331],[80.18699,14.51375],[80.18175,14.4798],[80.17932,14.45693],[80.17912,14.44144],[80.17714,14.41954],[80.17412,14.38351],[80.17289,14.37426],[80.17357,14.36041],[80.17328,14.35209],[80.17299,14.34655],[80.16891,14.34007],[80.16579,14.33175],[80.16265,14.32249],[80.15855,14.31505],[80.15148,14.2994],[80.14841,14.28898],[80.14665,14.28376],[80.14579,14.27725],[80.14406,14.26682],[80.14456,14.26204],[80.14498,14.25815],[80.14588,14.25425],[80.14411,14.25164],[80.14101,14.24902],[80.13745,14.24728],[80.13256,14.24812],[80.12679,14.2468],[80.12412,14.24419],[80.12369,14.24245],[80.12547,14.24029],[80.12769,14.24116],[80.13125,14.24118],[80.13615,14.2399],[80.13749,14.2373],[80.13575,14.22557],[80.13269,14.21124],[80.13098,14.19561],[80.1288,14.18432],[80.12887,14.14905],[80.12958,14.14113],[80.13028,14.13585],[80.13303,14.12396],[80.13715,14.10416],[80.13923,14.09228],[80.14063,14.08039],[80.14547,14.05597],[80.14888,14.04408],[80.15233,14.03023],[80.15369,14.02428],[80.15285,14.02259],[80.15199,14.02183],[80.14854,14.02207],[80.1456,14.02256],[80.14422,14.02205],[80.14337,14.02054],[80.14407,14.0175],[80.1471,14.01372],[80.14858,14.0122],[80.15082,14.00993],[80.15308,14.00691],[80.15613,14.0016],[80.15897,13.99299],[80.16434,13.99301],[80.16501,13.99696],[80.16567,13.99893],[80.1677,13.99532],[80.1694,13.99237],[80.17414,13.98155],[80.17991,13.96581],[80.18466,13.95303],[80.18703,13.94745],[80.18838,13.94286],[80.18842,13.94368],[80.19048,13.93801],[80.19386,13.92918],[80.19446,13.92863],[80.19866,13.91687],[80.20013,13.91333],[80.20505,13.90313],[80.20573,13.90158],[80.20593,13.9],[80.20679,13.89938],[80.2155,13.87623],[80.21635,13.87429],[80.21986,13.86778],[80.22175,13.86459],[80.22368,13.86024],[80.22434,13.8597],[80.22595,13.85545],[80.23064,13.84497],[80.23289,13.84041],[80.23616,13.83171],[80.23711,13.83086],[80.23826,13.82887],[80.23867,13.82776],[80.2392,13.8262],[80.24011,13.81809],[80.23998,13.81603],[80.23878,13.81484],[80.2385,13.81457],[80.23755,13.81365],[80.23789,13.80936],[80.23855,13.80804],[80.24423,13.80583],[80.24497,13.80518],[80.24714,13.79973],[80.24766,13.79748],[80.24947,13.78839],[80.24904,13.78769],[80.24849,13.78677],[80.2488,13.77623],[80.24816,13.75861],[80.24714,13.75357],[80.24636,13.751],[80.24583,13.74513],[80.24369,13.7296],[80.24155,13.72227],[80.23978,13.71626],[80.2397,13.71331],[80.23621,13.69147],[80.23552,13.68337],[80.23676,13.65579],[80.23859,13.64706],[80.2392,13.64411],[80.24069,13.63465],[80.24179,13.63109],[80.2444,13.62125],[80.2444,13.61897],[80.25349,13.5963],[80.25602,13.58983],[80.25629,13.58926],[80.25996,13.58122],[80.26073,13.58088],[80.26116,13.57932],[80.26213,13.57752],[80.26234,13.57677],[80.2644,13.57301],[80.26529,13.57262],[80.26659,13.56976],[80.26969,13.56315],[80.26488,13.56042],[80.26442,13.55788],[80.26264,13.5495],[80.26195,13.54621],[80.25342,13.50581],[80.24843,13.48956],[80.24776,13.48736],[80.24227,13.46949],[80.24217,13.46917],[80.24181,13.46797],[80.23509,13.4735],[80.23459,13.47391],[80.23418,13.47435],[80.22546,13.48346],[80.21888,13.48413],[80.21518,13.48552],[80.21562,13.48748],[80.21134,13.48738],[80.21086,13.48439],[80.20303,13.4867],[80.17968,13.48793],[80.1691,13.4916],[80.16477,13.49217],[80.14773,13.49443],[80.14692,13.50361],[80.13248,13.50553],[80.12625,13.50726],[80.12115,13.50671],[80.11328,13.50809],[80.1132,13.50028],[80.11317,13.49719],[80.11076,13.49194],[80.10404,13.49022],[80.08047,13.49111],[80.07879,13.50907],[80.07876,13.51668],[80.08,13.52565],[80.08286,13.53205],[80.08955,13.53704],[80.08835,13.53982],[80.08527,13.54696],[80.08194,13.55062],[80.07968,13.54895],[80.07811,13.54779],[80.07202,13.54557],[80.06347,13.54351],[80.05793,13.53499],[80.0466,13.53478],[80.042,13.53656],[80.03003,13.53808],[80.02695,13.54143],[80.02016,13.54528],[80.00658,13.54249],[80.00213,13.53964],[80.00174,13.53189],[80.00219,13.5259],[80.00264,13.52299],[80.01288,13.52528],[80.01871,13.528],[80.02091,13.52125],[80.02612,13.51688],[80.03161,13.51464],[80.03815,13.51696],[80.04527,13.51485],[80.04952,13.51237],[80.04972,13.50585],[80.0486,13.49752],[80.03736,13.49971],[80.03139,13.49938],[80.01841,13.50074],[80.01818,13.49927],[80.01815,13.49928],[80.01395,13.49654],[80.0031,13.49209],[79.99121,13.48456],[79.98596,13.48045],[79.98491,13.47634],[79.98316,13.47189],[79.98201,13.46972],[79.98079,13.46937],[79.9744,13.46421],[79.97472,13.45709],[79.97562,13.45352],[79.97359,13.44062],[79.97582,13.4309],[79.97107,13.42583],[79.96345,13.42109],[79.95685,13.42373],[79.94851,13.4225],[79.94505,13.41731],[79.94817,13.40356],[79.94823,13.39782],[79.96292,13.39498],[79.96623,13.38713],[79.96069,13.38025],[79.95238,13.3821],[79.95329,13.374],[79.95266,13.37114],[79.94142,13.35655],[79.9382,13.34896],[79.92982,13.35404],[79.92333,13.35668],[79.91895,13.35202],[79.91654,13.34625],[79.91004,13.34246],[79.90447,13.33759],[79.89875,13.33425],[79.89281,13.33339],[79.88762,13.33034],[79.88322,13.3247],[79.87786,13.32366],[79.87151,13.32665],[79.86834,13.32106],[79.86383,13.31634],[79.8517,13.31623],[79.84942,13.31588],[79.84324,13.31493],[79.83667,13.31517],[79.8211,13.3179],[79.81289,13.31712],[79.80761,13.31137],[79.80489,13.30445],[79.79989,13.29743],[79.79242,13.29486],[79.78682,13.2979],[79.78095,13.30238],[79.76661,13.31549],[79.7631,13.31151],[79.76232,13.30359],[79.75873,13.29272],[79.75407,13.28937],[79.74221,13.28776],[79.73385,13.28491],[79.73437,13.27842],[79.75201,13.26717],[79.75821,13.26097],[79.76544,13.25654],[79.78808,13.24696],[79.79598,13.24103],[79.79763,13.23636],[79.79599,13.23081],[79.79006,13.23006],[79.78631,13.23039],[79.77988,13.2262],[79.77608,13.2217],[79.77041,13.21842],[79.76454,13.21761],[79.75711,13.20775],[79.75098,13.21108],[79.75019,13.21832],[79.74637,13.22301],[79.74519,13.22773],[79.73918,13.23014],[79.73547,13.2346],[79.73121,13.23533],[79.72836,13.22714],[79.7241,13.22322],[79.71834,13.22195],[79.71229,13.2154],[79.70508,13.22024],[79.70138,13.2201],[79.70207,13.22394],[79.70836,13.23646],[79.70864,13.24656],[79.70453,13.25119],[79.69715,13.2465],[79.69328,13.24102],[79.68591,13.24212],[79.68369,13.24846],[79.68633,13.25963],[79.69687,13.2693],[79.69415,13.27816],[79.69185,13.28192],[79.68102,13.29448],[79.67841,13.28583],[79.67507,13.28069],[79.66991,13.28103],[79.66587,13.2871],[79.66111,13.28588],[79.65624,13.28586],[79.65094,13.28867],[79.64499,13.28603],[79.64317,13.28065],[79.64204,13.27336],[79.63677,13.2745],[79.63323,13.27143],[79.62767,13.27292],[79.62321,13.27704],[79.61754,13.27979],[79.61357,13.28017],[79.6073,13.27546],[79.60112,13.27282],[79.59888,13.26589],[79.59787,13.25952],[79.5927,13.25778],[79.58339,13.25977],[79.57778,13.26177],[79.56717,13.27151],[79.56109,13.27943],[79.55869,13.28634],[79.55377,13.29121],[79.55153,13.30202],[79.55117,13.31317],[79.54806,13.3233],[79.53497,13.32812],[79.52177,13.32686],[79.51004,13.32696],[79.49944,13.32866],[79.49146,13.33355],[79.4668,13.33635],[79.44099,13.33554],[79.42943,13.33392],[79.41348,13.32767],[79.38668,13.31492],[79.39773,13.30662],[79.41111,13.30112],[79.41758,13.29739],[79.43395,13.29868],[79.43723,13.29337],[79.43054,13.2866],[79.43019,13.28109],[79.43122,13.27838],[79.42451,13.26954],[79.42089,13.25878],[79.41957,13.24971],[79.42194,13.24021],[79.42092,13.23167],[79.42312,13.22425],[79.42928,13.2243],[79.43046,13.23055],[79.43918,13.23485],[79.44839,13.24194],[79.45477,13.24131],[79.45774,13.23388],[79.45782,13.22894],[79.43393,13.22065],[79.43546,13.21593],[79.43548,13.21104],[79.4339,13.20532],[79.43613,13.19961],[79.43293,13.1966],[79.42561,13.19798],[79.41021,13.19851],[79.40486,13.19655],[79.39666,13.19679],[79.39065,13.19449],[79.38128,13.18831],[79.38308,13.18065],[79.37947,13.17764],[79.37725,13.17243],[79.37351,13.16809],[79.367,13.17337],[79.36004,13.17504],[79.35938,13.16598],[79.36015,13.15586],[79.35918,13.15219],[79.35907,13.14691],[79.36693,13.14185],[79.36243,13.13752],[79.35667,13.13562],[79.35011,13.13521],[79.34763,13.13954],[79.343,13.13326],[79.32904,13.13137],[79.32471,13.12577],[79.32206,13.1189],[79.32235,13.11196],[79.32027,13.10893],[79.30978,13.10936],[79.31106,13.12681],[79.30037,13.13022],[79.29719,13.13479],[79.28977,13.13163],[79.28609,13.13281],[79.28492,13.13856],[79.28351,13.14994],[79.27961,13.15307],[79.27339,13.15261],[79.26867,13.1484],[79.26484,13.15313],[79.26353,13.15803],[79.25939,13.1599],[79.2564,13.15297],[79.25551,13.14517],[79.24889,13.13857],[79.24521,13.13951],[79.23853,13.1464],[79.23044,13.14732],[79.2268,13.13943],[79.23043,13.13222],[79.23462,13.12783],[79.23046,13.12211],[79.23047,13.11574],[79.22648,13.10865],[79.21964,13.10325],[79.2144,13.10209],[79.20549,13.10147],[79.2011,13.09639],[79.1992,13.08883],[79.1957,13.08472],[79.19287,13.07882],[79.1913,13.07188],[79.18163,13.06478],[79.18695,13.06146],[79.18449,13.05551],[79.18878,13.05008],[79.18922,13.04519],[79.18888,13.04158],[79.18666,13.03706],[79.18538,13.03109],[79.18286,13.02749],[79.17347,13.0236],[79.16498,13.01908],[79.15387,13.02158],[79.14338,13.02849],[79.13145,13.03427],[79.11654,13.03588],[79.09494,13.0241],[79.08118,13.02574],[79.07268,13.03241],[79.06605,13.03971],[79.06532,13.04953],[79.05592,13.05522],[79.04555,13.05714],[79.03788,13.06104],[79.03481,13.06784],[79.02339,13.06925],[79.0123,13.06927],[79.00718,13.07442],[79.00014,13.084],[78.99361,13.08754],[78.99145,13.08783],[78.98354,13.08643],[78.9765,13.0841],[78.97479,13.08286],[78.97103,13.07673],[78.96693,13.07622],[78.96185,13.07736],[78.95767,13.07478],[78.94844,13.08121],[78.94189,13.07725],[78.92616,13.07896],[78.92383,13.07448],[78.92264,13.0673],[78.92047,13.06167],[78.9127,13.06328],[78.90525,13.04628],[78.9102,13.0429],[78.91622,13.04226],[78.92923,13.04379],[78.9323,13.03987],[78.93933,13.03474],[78.94053,13.03273],[78.93652,13.02992],[78.93486,13.03303],[78.92778,13.03431],[78.90193,13.03103],[78.89373,13.03096],[78.89116,13.03667],[78.89266,13.05544],[78.89211,13.08072],[78.89522,13.0931],[78.88771,13.09725],[78.88198,13.098],[78.87639,13.09575],[78.87235,13.09057],[78.87004,13.08214],[78.85557,13.08252],[78.84391,13.08061],[78.82501,13.08562],[78.81966,13.08888],[78.81244,13.08648],[78.80575,13.08069],[78.79816,13.07307],[78.79464,13.0673],[78.78909,13.06408],[78.76599,13.05786],[78.75755,13.05627],[78.75104,13.05634],[78.74366,13.06122],[78.73695,13.06359],[78.71387,13.06691],[78.7127,13.05503],[78.70747,13.02331],[78.70525,13.01518],[78.69082,13.01973],[78.68005,13.02179],[78.6625,13.02861],[78.66035,13.02703],[78.65646,13.018],[78.65311,13.0123],[78.64874,13.00752],[78.63977,13.00039],[78.6319,12.99318],[78.62505,12.98954],[78.63166,12.98457],[78.6494,12.96514],[78.64046,12.96382],[78.64717,12.94908],[78.65828,12.92981],[78.64903,12.92666],[78.64229,12.92674],[78.63722,12.92992],[78.63628,12.92493],[78.63119,12.91282],[78.62707,12.90397],[78.62378,12.89931],[78.61753,12.88445],[78.6162,12.87677],[78.61602,12.86821],[78.60315,12.84931],[78.60542,12.84377],[78.60729,12.82627],[78.60933,12.82188],[78.59986,12.81557],[78.60228,12.8087],[78.60145,12.80326],[78.5942,12.79612],[78.5946,12.78703],[78.59364,12.78159],[78.59177,12.77805],[78.57743,12.7698],[78.57855,12.76294],[78.57329,12.76336],[78.56982,12.76243],[78.56576,12.75684],[78.5626,12.75758],[78.55831,12.75638],[78.55723,12.75467],[78.56202,12.74954],[78.55737,12.73938],[78.56261,12.73701],[78.56565,12.73686],[78.56399,12.73119],[78.55999,12.72578],[78.55725,12.71818],[78.56109,12.71152],[78.56402,12.70791],[78.56375,12.70516],[78.55978,12.70619],[78.55687,12.70341],[78.55952,12.69993],[78.55947,12.69643],[78.55647,12.69526],[78.55313,12.69582],[78.54304,12.69073],[78.53951,12.68979],[78.53613,12.69047],[78.53189,12.69777],[78.53027,12.70314],[78.53256,12.70793],[78.53733,12.70552],[78.53918,12.70807],[78.53813,12.71199],[78.52766,12.71426],[78.52789,12.71713],[78.52398,12.71873],[78.52259,12.73243],[78.52103,12.7305],[78.51907,12.7238],[78.51521,12.72407],[78.5148,12.7288],[78.51344,12.7322],[78.50873,12.7348],[78.50594,12.74104],[78.50046,12.7426],[78.49593,12.74542],[78.49123,12.74065],[78.496,12.7337],[78.50307,12.72774],[78.50527,12.72185],[78.52072,12.71562],[78.52219,12.7125],[78.5215,12.70951],[78.51628,12.70872],[78.51558,12.70402],[78.50956,12.70921],[78.50657,12.71442],[78.50505,12.71415],[78.50579,12.70863],[78.50468,12.7044],[78.49921,12.70331],[78.49796,12.7012],[78.50125,12.69731],[78.50528,12.69646],[78.50509,12.69175],[78.50911,12.68997],[78.50884,12.68721],[78.50577,12.68542],[78.50517,12.68031],[78.50028,12.67406],[78.48576,12.66987],[78.46933,12.67291],[78.47106,12.64944],[78.47465,12.64606],[78.47361,12.64297],[78.4708,12.64221],[78.47181,12.63116],[78.47136,12.62811],[78.46654,12.62272],[78.46314,12.62644],[78.45917,12.62718],[78.45115,12.62758],[78.43659,12.62553],[78.42999,12.63124],[78.42398,12.62891],[78.41876,12.6281],[78.41144,12.6239],[78.40916,12.62416],[78.39774,12.62441],[78.38578,12.62359],[78.37991,12.62234],[78.3721,12.6256],[78.35986,12.6341],[78.3503,12.64232],[78.34084,12.64881],[78.33379,12.64758],[78.32014,12.66034],[78.3063,12.66454],[78.30178,12.66321],[78.30019,12.66685],[78.29833,12.66844],[78.29547,12.67789],[78.27844,12.69764],[78.27563,12.70205],[78.25021,12.70253],[78.24378,12.70388],[78.23857,12.6994],[78.2378,12.69027],[78.23924,12.68399],[78.2112,12.68572],[78.20639,12.69003],[78.20091,12.69136],[78.20053,12.69361],[78.20985,12.69877],[78.2104,12.70004],[78.20577,12.70532],[78.20713,12.70674],[78.21105,12.70629],[78.21431,12.70907],[78.22088,12.70933],[78.2249,12.71244],[78.23142,12.71339],[78.23832,12.72526],[78.23996,12.7303],[78.23028,12.75708],[78.23164,12.76264],[78.23613,12.76499],[78.2405,12.77206],[78.24639,12.79762],[78.25116,12.81318],[78.25281,12.82236],[78.25197,12.85741],[78.25553,12.8611],[78.25962,12.85985],[78.26472,12.85961],[78.26902,12.86565],[78.27354,12.86662],[78.2815,12.86061],[78.28664,12.85923],[78.31411,12.85733],[78.31721,12.8666],[78.31505,12.87587],[78.32202,12.8755],[78.3326,12.873],[78.33372,12.878],[78.33849,12.88419],[78.33372,12.88633],[78.33242,12.8818],[78.32716,12.88233],[78.3219,12.88394],[78.32093,12.8866],[78.32426,12.88989],[78.32337,12.89341],[78.32444,12.89873],[78.32742,12.90272],[78.33313,12.89971],[78.33816,12.89936],[78.3493,12.91663],[78.34868,12.92325],[78.34924,12.92588],[78.35496,12.92822],[78.35137,12.93212],[78.35171,12.93504],[78.35638,12.9382],[78.372,12.9218],[78.37972,12.91199],[78.38942,12.90543],[78.39446,12.90566],[78.39618,12.9065],[78.39947,12.91576],[78.41065,12.90648],[78.41406,12.90161],[78.42266,12.90121],[78.42851,12.89935],[78.43584,12.90375],[78.43607,12.90851],[78.43759,12.9124],[78.44701,12.91102],[78.44691,12.89923],[78.44952,12.89662],[78.44972,12.89012],[78.45768,12.88514],[78.46395,12.87592],[78.4634,12.86616],[78.46554,12.86361],[78.46824,12.87649],[78.46959,12.89015],[78.46737,12.90316],[78.46027,12.90705],[78.45409,12.91448],[78.45242,12.91599],[78.44565,12.91862],[78.43709,12.92745],[78.43357,12.92773],[78.4281,12.9305],[78.42572,12.92783],[78.42515,12.92434],[78.42118,12.9168],[78.41874,12.91838],[78.41836,12.92551],[78.41408,12.9347],[78.41214,12.94301],[78.41435,12.94562],[78.42165,12.94799],[78.42246,12.95085],[78.41968,12.95428],[78.42019,12.95715],[78.42439,12.95514],[78.42749,12.95464],[78.43086,12.95695],[78.43164,12.95792],[78.43842,12.96081],[78.43489,12.96466],[78.43388,12.968],[78.43296,12.97301],[78.43368,12.97886],[78.43669,12.98003],[78.44464,12.97906],[78.46903,12.97357],[78.46871,12.98099],[78.47049,12.98608],[78.47252,12.98944],[78.46648,13.00039],[78.46334,13.01403],[78.46366,13.01886],[78.46137,13.02513],[78.4609,13.03606],[78.46256,13.04178],[78.466,13.04284],[78.47205,13.04227],[78.47571,13.04517],[78.47805,13.05164],[78.48208,13.05413],[78.48839,13.05351],[78.4921,13.05469],[78.49894,13.06003],[78.51563,13.0631],[78.51584,13.0697],[78.50958,13.08009],[78.51058,13.08611],[78.51292,13.09195],[78.5178,13.0945],[78.52482,13.095],[78.52582,13.10143],[78.53898,13.1077],[78.53338,13.10998],[78.5272,13.11113],[78.5221,13.11662],[78.51965,13.12354],[78.51971,13.12986],[78.52387,13.13051],[78.53238,13.13934],[78.54643,13.14105],[78.54766,13.14724],[78.54368,13.15239],[78.54465,13.15641],[78.54973,13.16187],[78.55782,13.16375],[78.56905,13.16267],[78.57224,13.16604],[78.57634,13.16715],[78.58007,13.16683],[78.57665,13.18208],[78.5743,13.18772],[78.57035,13.19011],[78.56442,13.19017],[78.5578,13.1889],[78.55336,13.19044],[78.55185,13.19751],[78.56417,13.19953],[78.56929,13.20247],[78.57105,13.20848],[78.57681,13.21119],[78.57959,13.21455],[78.57524,13.21833],[78.56807,13.22229],[78.56974,13.23738],[78.57074,13.24363],[78.57407,13.24866],[78.57939,13.25378],[78.58301,13.25885],[78.5883,13.2723],[78.58694,13.27737],[78.57797,13.28198],[78.57521,13.2936],[78.57232,13.29822],[78.57085,13.30352],[78.5664,13.30959],[78.56487,13.30846],[78.56397,13.2948],[78.56137,13.2862],[78.55794,13.28285],[78.55437,13.2834],[78.54632,13.28622],[78.53947,13.28599],[78.53636,13.27942],[78.53451,13.27076],[78.53153,13.26573],[78.52622,13.26727],[78.52268,13.27006],[78.51902,13.27956],[78.5146,13.28253],[78.51183,13.28727],[78.50587,13.28926],[78.49412,13.2981],[78.48314,13.30112],[78.48076,13.30389],[78.48231,13.31789],[78.47694,13.32007],[78.47106,13.31787],[78.4647,13.31408],[78.45842,13.31275],[78.45182,13.30942],[78.44648,13.30826],[78.44077,13.31772],[78.43951,13.32698],[78.4349,13.32897],[78.43121,13.32895],[78.42568,13.32698],[78.41748,13.31993],[78.41247,13.31721],[78.40166,13.31351],[78.39327,13.32386],[78.38948,13.32665],[78.38545,13.32835],[78.37733,13.32979],[78.37822,13.33822],[78.38159,13.34215],[78.38785,13.34107],[78.38571,13.33615],[78.38932,13.33429],[78.39493,13.33332],[78.39876,13.32824],[78.40161,13.3335],[78.40559,13.33237],[78.40773,13.34212],[78.40288,13.34532],[78.39524,13.34796],[78.39399,13.35211],[78.38506,13.35614],[78.37846,13.35803],[78.3743,13.358],[78.37077,13.35666],[78.36667,13.35641],[78.36539,13.36474],[78.37005,13.374],[78.37468,13.38017],[78.37892,13.38949],[78.38148,13.40067],[78.38148,13.40686],[78.37965,13.41859],[78.37748,13.42464],[78.37546,13.43401],[78.37716,13.44088],[78.37429,13.44751],[78.37431,13.45521],[78.37266,13.46165],[78.37366,13.46882],[78.37736,13.47642],[78.3775,13.49152],[78.37833,13.49932],[78.37732,13.50473],[78.3796,13.50947],[78.38422,13.51506],[78.38311,13.52178],[78.39548,13.5412],[78.39599,13.55347],[78.40775,13.57571],[78.40386,13.58016],[78.4007,13.58759],[78.39024,13.59078],[78.37698,13.58974],[78.37129,13.5883],[78.35351,13.58718],[78.33263,13.59234],[78.32225,13.59282],[78.30158,13.58811],[78.29031,13.58693],[78.27507,13.58746],[78.26795,13.58453],[78.25933,13.58351],[78.24617,13.59366],[78.23728,13.59637],[78.2322,13.58624],[78.22799,13.58714],[78.22437,13.58923],[78.21806,13.591],[78.21196,13.5771],[78.2054,13.5698],[78.1996,13.56615],[78.19856,13.56549],[78.19281,13.56548],[78.19113,13.56825],[78.18965,13.57325],[78.19056,13.58278],[78.18896,13.58801],[78.19807,13.59747],[78.20322,13.60398],[78.20486,13.61062],[78.20341,13.62521],[78.1953,13.63021],[78.17495,13.62996],[78.16993,13.63241],[78.16835,13.65412],[78.16509,13.65764],[78.15549,13.65858],[78.13835,13.65716],[78.13249,13.65777],[78.12514,13.6545],[78.11659,13.65594],[78.1031,13.64909],[78.09982,13.64183],[78.09554,13.64232],[78.08992,13.64414],[78.08883,13.65333],[78.08917,13.65918],[78.08194,13.66394],[78.07498,13.67323],[78.06743,13.6757],[78.07,13.6805],[78.07318,13.68329],[78.07446,13.68879],[78.07169,13.69431],[78.07312,13.6969],[78.09428,13.68939],[78.10902,13.69135],[78.11455,13.6932],[78.11637,13.70714],[78.11905,13.71274],[78.11852,13.719],[78.11463,13.72339],[78.10954,13.72675],[78.10648,13.73188],[78.10235,13.73634],[78.09396,13.74219],[78.09831,13.75175],[78.10436,13.75899],[78.11024,13.7617],[78.11555,13.7655],[78.12006,13.77047],[78.12728,13.78562],[78.1242,13.79638],[78.11801,13.80703],[78.11665,13.81226],[78.12624,13.83044],[78.12247,13.84952],[78.11495,13.86214],[78.10626,13.86135],[78.09723,13.86348],[78.08375,13.86346],[78.07972,13.88047],[78.07675,13.88302],[78.06913,13.88526],[78.06346,13.88782],[78.05705,13.89298],[78.04985,13.89515],[78.05144,13.88183],[78.05166,13.87225],[78.05009,13.86652],[78.04658,13.86132],[78.0243,13.8628],[78.01904,13.8649],[78.01344,13.87011],[78.00013,13.87077],[77.99378,13.87003],[77.99089,13.86516],[77.98987,13.85716],[77.97902,13.83501],[77.97442,13.82853],[77.95318,13.8283],[77.95673,13.83313],[77.95663,13.83768],[77.95428,13.84811],[77.95033,13.87931],[77.95096,13.88849],[77.95803,13.89273],[77.98016,13.89689],[77.98658,13.90165],[77.98319,13.91361],[77.98312,13.92053],[77.98187,13.92814],[77.98201,13.9325],[77.98643,13.94587],[77.98707,13.95589],[77.97487,13.95877],[77.96971,13.95817],[77.96374,13.95012],[77.96271,13.94526],[77.9592,13.93615],[77.9575,13.93495],[77.95445,13.93663],[77.94727,13.93281],[77.94406,13.92611],[77.93815,13.91701],[77.92823,13.90689],[77.92001,13.90542],[77.91433,13.90761],[77.90882,13.91049],[77.90404,13.91586],[77.89801,13.91947],[77.89563,13.92584],[77.89615,13.93582],[77.89528,13.93927],[77.87067,13.93485],[77.86228,13.93512],[77.85419,13.93634],[77.83827,13.93513],[77.82973,13.93851],[77.8264,13.94284],[77.82234,13.93895],[77.8166,13.93054],[77.81447,13.92551],[77.81448,13.91661],[77.81551,13.91121],[77.81922,13.90269],[77.82285,13.89911],[77.82917,13.89725],[77.83324,13.88793],[77.83549,13.87965],[77.82742,13.87406],[77.83597,13.86868],[77.81902,13.86015],[77.81606,13.85471],[77.81099,13.84871],[77.80272,13.84898],[77.79455,13.84793],[77.78421,13.8439],[77.78225,13.83972],[77.78562,13.83206],[77.78848,13.82803],[77.78863,13.8247],[77.78669,13.82092],[77.77739,13.81655],[77.76348,13.81552],[77.75631,13.81418],[77.74915,13.81175],[77.74169,13.81138],[77.73652,13.80968],[77.72657,13.80066],[77.72093,13.79844],[77.72323,13.7912],[77.72085,13.78266],[77.72231,13.76875],[77.72127,13.75871],[77.7216,13.75412],[77.71916,13.74569],[77.71691,13.74071],[77.71551,13.74215],[77.71033,13.73896],[77.7036,13.76935],[77.69274,13.76653],[77.68686,13.76356],[77.67652,13.76017],[77.67171,13.76013],[77.6778,13.77044],[77.67976,13.778],[77.67821,13.78535],[77.67198,13.78371],[77.66454,13.7845],[77.65702,13.78366],[77.62222,13.76808],[77.61834,13.76321],[77.62053,13.75465],[77.64169,13.74912],[77.64471,13.74308],[77.64153,13.74068],[77.63647,13.73777],[77.62919,13.73522],[77.62356,13.73617],[77.61212,13.75033],[77.60344,13.75134],[77.59473,13.74454],[77.58938,13.73831],[77.58144,13.73438],[77.57441,13.73711],[77.56386,13.72417],[77.55589,13.7281],[77.55287,13.73586],[77.54927,13.7426],[77.54719,13.75138],[77.53716,13.75348],[77.52731,13.75146],[77.52276,13.74465],[77.53036,13.73871],[77.53427,13.73289],[77.53524,13.72669],[77.53555,13.7147],[77.53328,13.70488],[77.52926,13.69555],[77.52004,13.69334],[77.51565,13.69646],[77.51461,13.70031],[77.51447,13.70811],[77.51044,13.71204],[77.49495,13.71439],[77.48732,13.7108],[77.49,13.70642],[77.49115,13.6993],[77.49277,13.69431],[77.49057,13.68731],[77.48411,13.68521],[77.4573,13.68335],[77.45233,13.70329],[77.45352,13.70816],[77.46093,13.71164],[77.46436,13.72017],[77.46557,13.73056],[77.4656,13.73785],[77.46755,13.74141],[77.47011,13.75109],[77.46959,13.75655],[77.4662,13.75731],[77.46137,13.7855],[77.4598,13.78786],[77.45817,13.79297],[77.46013,13.79877],[77.46485,13.80449],[77.46298,13.80725],[77.45412,13.80946],[77.44791,13.80971],[77.44279,13.80663],[77.436,13.79541],[77.42738,13.79635],[77.42417,13.79832],[77.42682,13.80318],[77.42654,13.80709],[77.42196,13.80756],[77.41885,13.80625],[77.41592,13.8066],[77.41547,13.80982],[77.42093,13.81474],[77.42001,13.8191],[77.42231,13.82271],[77.43198,13.83404],[77.43351,13.83708],[77.43177,13.84248],[77.42598,13.84087],[77.41113,13.83873],[77.40638,13.83972],[77.39699,13.84022],[77.38825,13.83852],[77.37997,13.83855],[77.38023,13.84544],[77.37462,13.85045],[77.36653,13.85288],[77.35925,13.85159],[77.35401,13.84678],[77.34689,13.84204],[77.34171,13.83661],[77.33424,13.83198],[77.32698,13.83292],[77.32309,13.84688],[77.31779,13.85826],[77.31381,13.86435],[77.30289,13.86065],[77.29654,13.85711],[77.29236,13.85312],[77.28977,13.84807],[77.28197,13.84987],[77.26272,13.84649],[77.25719,13.8465],[77.25977,13.86314],[77.25045,13.86729],[77.24742,13.87286],[77.24592,13.88056],[77.24548,13.88848],[77.2482,13.89582],[77.24675,13.90104],[77.24047,13.90187],[77.23208,13.9024],[77.22849,13.89576],[77.22752,13.8887],[77.22361,13.8762],[77.21813,13.86836],[77.21473,13.86734],[77.21543,13.88535],[77.2115,13.88806],[77.20914,13.88175],[77.20753,13.87343],[77.20346,13.86645],[77.19928,13.86313],[77.18532,13.86672],[77.18164,13.86828],[77.18472,13.87826],[77.18609,13.8852],[77.1857,13.89014],[77.18783,13.89805],[77.18869,13.90815],[77.18807,13.91761],[77.18345,13.92423],[77.17647,13.92315],[77.16594,13.91526],[77.16234,13.90661],[77.16343,13.89811],[77.16815,13.88926],[77.16883,13.88312],[77.17139,13.87307],[77.16896,13.86384],[77.15464,13.86663],[77.14579,13.86585],[77.13655,13.85675],[77.13028,13.85619],[77.13166,13.84982],[77.1469,13.84473],[77.15223,13.84179],[77.15437,13.83571],[77.1644,13.83235],[77.16879,13.82763],[77.16848,13.82235],[77.16272,13.81824],[77.16189,13.81429],[77.16287,13.81066],[77.16063,13.80746],[77.16227,13.80504],[77.16255,13.80022],[77.16505,13.79402],[77.17066,13.78729],[77.17581,13.78251],[77.17797,13.779],[77.17629,13.76834],[77.17322,13.76163],[77.16477,13.76188],[77.15334,13.76168],[77.14407,13.76257],[77.14066,13.75994],[77.13003,13.75778],[77.11743,13.76149],[77.10167,13.76772],[77.09216,13.76493],[77.09162,13.76137],[77.08676,13.76024],[77.08568,13.75284],[77.087,13.74422],[77.07786,13.74556],[77.06637,13.74565],[77.06105,13.75128],[77.05363,13.76284],[77.04141,13.776],[77.03256,13.77815],[77.02605,13.77655],[77.02463,13.7684],[77.02005,13.75418],[77.01762,13.73943],[77.00812,13.74335],[77.00006,13.74819],[76.99873,13.74922],[76.99781,13.752],[76.99826,13.75618],[76.99626,13.75976],[76.99507,13.76684],[76.99243,13.77316],[76.99043,13.7832],[76.98727,13.79241],[76.99091,13.79532],[76.99183,13.79962],[76.98975,13.81079],[76.98605,13.81378],[76.9748,13.81681],[76.97437,13.82096],[76.97751,13.82544],[76.98251,13.82793],[76.98997,13.83432],[76.99223,13.8458],[76.99592,13.84609],[77.00012,13.84555],[77.01201,13.85669],[77.01314,13.86076],[77.01404,13.86949],[77.01832,13.87068],[77.01863,13.87383],[77.0177,13.87803],[77.02261,13.89431],[77.02326,13.89994],[77.03383,13.90376],[77.04733,13.90401],[77.04185,13.93217],[77.02455,13.94132],[77.0199,13.946],[77.01399,13.95388],[77.00528,13.95693],[77.00091,13.9592],[77.00016,13.95986],[76.99482,13.96315],[76.996,13.97673],[76.99712,13.98226],[77.00017,13.98794],[76.99078,13.99394],[76.98308,14.00027],[76.98338,14.00026],[76.9809,14.00299],[76.96989,14.00861],[76.95419,14.01312],[76.95035,14.01701],[76.94792,14.0218],[76.94635,14.02692],[76.93665,14.02903],[76.93925,14.04696],[76.9435,14.05389],[76.94883,14.05351],[76.9553,14.05415],[76.97715,14.05873],[76.97983,14.06404],[76.98063,14.0716],[76.97786,14.07472],[76.97744,14.08203],[76.97367,14.08604],[76.96568,14.08926],[76.95696,14.09164],[76.95181,14.09152],[76.95405,14.09767],[76.95372,14.10283],[76.95206,14.10921],[76.94838,14.11813],[76.94283,14.12137],[76.93236,14.13339],[76.9278,14.13522],[76.92248,14.13065],[76.91787,14.12828],[76.90377,14.13302],[76.89619,14.13397],[76.88894,14.13714],[76.89218,14.14235],[76.89443,14.15698],[76.89667,14.1651],[76.90201,14.168],[76.9225,14.16382],[76.9283,14.16954],[76.94235,14.17205],[76.94462,14.17388],[76.94689,14.18419],[76.94458,14.19295],[76.947,14.19546],[76.94941,14.19447],[76.95445,14.18998],[76.95918,14.18721],[76.96392,14.1817],[76.97112,14.18052],[76.97823,14.18051],[76.98369,14.17914],[76.99178,14.17877],[76.99992,14.18],[77.01162,14.18112],[77.01962,14.17932],[77.02544,14.17899],[77.02697,14.1747],[77.0267,14.17063],[77.02165,14.159],[77.02059,14.13851],[77.01946,14.13373],[77.02486,14.13164],[77.02594,14.12866],[77.02203,14.12387],[77.02272,14.1183],[77.02228,14.11245],[77.01399,14.10448],[77.01613,14.09842],[77.02043,14.09507],[77.02974,14.08976],[77.0303,14.08358],[77.02601,14.06785],[77.02949,14.05969],[77.03429,14.05841],[77.04068,14.05788],[77.04906,14.05812],[77.05707,14.05606],[77.07496,14.05368],[77.07547,14.04596],[77.08245,14.04458],[77.09676,14.04481],[77.10269,14.04726],[77.11001,14.04714],[77.11621,14.04862],[77.12719,14.04878],[77.1308,14.04135],[77.13398,14.02527],[77.14021,14.01632],[77.13905,14.01087],[77.14053,14.0048],[77.14571,14.00386],[77.15061,14.00021],[77.15083,14.00021],[77.15358,13.99831],[77.16069,13.99731],[77.16462,14.00023],[77.16443,14.00023],[77.16905,14.00448],[77.16794,14.01295],[77.17767,14.01532],[77.20092,14.00962],[77.21408,14.01166],[77.22527,14.01471],[77.23371,14.01477],[77.24906,14.01315],[77.26227,14.02782],[77.27104,14.03339],[77.27806,14.03498],[77.28077,14.02307],[77.27918,14.01491],[77.28509,14.0138],[77.2918,14.01844],[77.29891,14.02142],[77.30466,14.02995],[77.31019,14.03366],[77.32016,14.03177],[77.32317,14.02841],[77.32371,14.02228],[77.32693,14.01622],[77.33082,14.01229],[77.33688,14.00189],[77.33642,14.00036],[77.33652,14.00035],[77.3371,13.99737],[77.34026,13.99507],[77.35246,13.99263],[77.36061,13.98938],[77.36024,13.98336],[77.35379,13.96766],[77.35406,13.96244],[77.35059,13.95797],[77.36894,13.95258],[77.36952,13.94942],[77.35955,13.93557],[77.34952,13.91936],[77.35044,13.91311],[77.35283,13.91046],[77.35528,13.90368],[77.36584,13.90273],[77.39748,13.90491],[77.39895,13.88713],[77.40337,13.88769],[77.40417,13.88778],[77.41564,13.89607],[77.42611,13.90218],[77.43277,13.90932],[77.43456,13.9165],[77.42963,13.91921],[77.41726,13.92183],[77.41553,13.92884],[77.41475,13.94331],[77.42967,13.94623],[77.43579,13.95058],[77.43613,13.9636],[77.43797,13.96922],[77.4377,13.97599],[77.43366,13.98048],[77.42752,13.98405],[77.41718,13.98409],[77.39346,13.98113],[77.38259,13.97623],[77.37961,13.98261],[77.3801,13.98881],[77.38676,14.00038],[77.39026,14.01445],[77.38193,14.01916],[77.36915,14.02304],[77.35688,14.02348],[77.35081,14.02607],[77.3329,14.02991],[77.33796,14.04681],[77.34123,14.05475],[77.34466,14.06079],[77.35685,14.06036],[77.36531,14.06592],[77.36811,14.07294],[77.37914,14.07885],[77.38641,14.09738],[77.39245,14.10046],[77.40223,14.11044],[77.4032,14.11756],[77.4012,14.12163],[77.39649,14.12555],[77.38708,14.1236],[77.37995,14.11954],[77.36561,14.11565],[77.35911,14.11228],[77.35517,14.10618],[77.35121,14.10294],[77.35314,14.11735],[77.35315,14.12475],[77.35436,14.13124],[77.3615,14.13066],[77.37167,14.13405],[77.38337,14.13654],[77.38542,14.14522],[77.38931,14.15465],[77.39625,14.16048],[77.39639,14.17219],[77.40416,14.17344],[77.41644,14.17668],[77.42306,14.17626],[77.43025,14.17206],[77.46077,14.17002],[77.4702,14.17128],[77.49551,14.16019],[77.50744,14.15809],[77.50967,14.16425],[77.51378,14.17138],[77.51734,14.17915],[77.5164,14.18408],[77.5111,14.18776],[77.50802,14.20031],[77.50662,14.21155],[77.49997,14.22102],[77.49974,14.2271],[77.49694,14.23466],[77.50315,14.24743],[77.50566,14.25656],[77.50621,14.26753],[77.50308,14.27874],[77.49895,14.27826],[77.49117,14.28223],[77.48611,14.29172],[77.48588,14.29068],[77.47516,14.28637],[77.4614,14.27911],[77.45028,14.28444],[77.44909,14.29779],[77.44897,14.3166],[77.43412,14.31169],[77.43242,14.32762],[77.42726,14.3288],[77.4158,14.33388],[77.40135,14.33591],[77.39211,14.33161],[77.38527,14.32382],[77.3803,14.31186],[77.38146,14.30194],[77.38768,14.28977],[77.39157,14.27925],[77.39087,14.27241],[77.39641,14.26821],[77.40759,14.26724],[77.41137,14.25546],[77.41279,14.24359],[77.41569,14.23048],[77.42138,14.22397],[77.42237,14.21888],[77.42157,14.21015],[77.39787,14.19779],[77.39041,14.19871],[77.38671,14.20941],[77.38822,14.21704],[77.38319,14.22356],[77.37083,14.23013],[77.3619,14.23684],[77.36572,14.2504],[77.36473,14.26708],[77.3657,14.27609],[77.35984,14.27743],[77.34977,14.27725],[77.32693,14.28013],[77.31379,14.2805],[77.30172,14.28311],[77.29174,14.28138],[77.28582,14.2827],[77.28811,14.29706],[77.28888,14.30889],[77.2873,14.33767],[77.27943,14.33829],[77.27345,14.33355],[77.26395,14.33222],[77.25738,14.32712],[77.25117,14.32105],[77.23801,14.31757],[77.22893,14.32145],[77.21577,14.31946],[77.20228,14.32074],[77.18539,14.33276],[77.18261,14.33268],[77.17772,14.3366],[77.17004,14.33683],[77.16556,14.34259],[77.15792,14.34408],[77.15223,14.33852],[77.14629,14.34243],[77.14128,14.34032],[77.13764,14.3369],[77.13836,14.33037],[77.13668,14.32013],[77.13153,14.30786],[77.12305,14.29774],[77.11765,14.29385],[77.11629,14.28127],[77.11268,14.2681],[77.1213,14.26318],[77.11735,14.25483],[77.11879,14.24629],[77.11627,14.23836],[77.11577,14.22786],[77.11089,14.21967],[77.101,14.21586],[77.09063,14.21482],[77.08107,14.21569],[77.07331,14.22419],[77.06589,14.23046],[77.06096,14.23859],[77.05523,14.24581],[77.04623,14.24702],[77.0386,14.24673],[77.03012,14.24291],[77.01801,14.2413],[77.0096,14.23778],[77.00002,14.24175],[76.99824,14.23917],[76.99481,14.24258],[76.98789,14.24431],[76.98101,14.24357],[76.97511,14.24136],[76.96693,14.24203],[76.95671,14.24027],[76.94875,14.24242],[76.94311,14.2462],[76.94125,14.25485],[76.93886,14.25958],[76.93103,14.27045],[76.93004,14.27822],[76.94071,14.28268],[76.949,14.28774],[76.95399,14.29282],[76.95535,14.30009],[76.95193,14.30649],[76.94814,14.31142],[76.94175,14.31443],[76.92829,14.31565],[76.92192,14.31825],[76.91125,14.3213],[76.90402,14.32519],[76.89035,14.3455],[76.88405,14.35228],[76.88356,14.35727],[76.88804,14.39614],[76.89169,14.3983],[76.89726,14.39873],[76.90158,14.40034],[76.90613,14.40419],[76.91807,14.41942],[76.92396,14.41733],[76.94184,14.40723],[76.94665,14.40546],[76.94867,14.40919],[76.94975,14.41484],[76.94937,14.43114],[76.94774,14.44573],[76.94883,14.45098],[76.96366,14.4513],[76.96943,14.45765],[76.97929,14.47627],[76.97848,14.48418],[76.97416,14.48498],[76.96084,14.48546],[76.9504,14.488],[76.91138,14.48994],[76.89911,14.48652],[76.8903,14.48171],[76.8851,14.47629],[76.87497,14.47419],[76.86856,14.4804],[76.86516,14.49284],[76.8589,14.50457],[76.84856,14.51481],[76.83668,14.52071],[76.83299,14.52786],[76.83215,14.52868],[76.82427,14.52595],[76.81539,14.5294],[76.80959,14.53046],[76.80421,14.53331],[76.79915,14.54628],[76.79057,14.55859],[76.78844,14.5675],[76.78251,14.58482],[76.78062,14.5958],[76.77866,14.59604],[76.77705,14.59267],[76.76519,14.60173],[76.76445,14.60745],[76.76725,14.61735],[76.77372,14.66171],[76.7755,14.67922],[76.7853,14.69585],[76.78975,14.71246],[76.80229,14.73995],[76.79922,14.74648],[76.79233,14.75716],[76.79059,14.76722],[76.78542,14.77962],[76.78447,14.78454],[76.81519,14.78675],[76.82095,14.78782],[76.82158,14.79077],[76.82496,14.79195],[76.83067,14.79233],[76.83564,14.78946],[76.83805,14.79027],[76.83923,14.80547],[76.84148,14.80948],[76.8512,14.80767],[76.85305,14.80938],[76.8539,14.81715],[76.85283,14.81959],[76.84873,14.82093],[76.84726,14.82963],[76.8445,14.8334],[76.84434,14.83535],[76.84861,14.83857],[76.85365,14.84403],[76.85837,14.86667],[76.85592,14.86782],[76.85511,14.87814],[76.85327,14.8852],[76.84745,14.88673],[76.84797,14.89168],[76.85034,14.89559],[76.86454,14.89646],[76.86697,14.90704],[76.86812,14.917],[76.86772,14.9209],[76.86968,14.94283],[76.86785,14.96042],[76.86863,14.96922],[76.84527,14.96633],[76.83996,14.96425],[76.83663,14.95864],[76.83197,14.95617],[76.82771,14.95876],[76.82432,14.96431],[76.81948,14.96895],[76.80085,14.96802],[76.77597,14.9737],[76.76762,14.97492],[76.7657,14.98033],[76.76246,14.9845],[76.76081,14.988],[76.76306,14.9901],[76.76619,14.99449],[76.76902,14.9941],[76.77006,14.99585],[76.7719,15.00067],[76.77338,15.00561],[76.7836,15.01093],[76.78843,15.0217],[76.78564,15.02836],[76.78462,15.03924],[76.77883,15.04894],[76.77492,15.05907],[76.7746,15.06326],[76.77634,15.07008],[76.77952,15.07412],[76.77798,15.07635],[76.78014,15.07825],[76.78239,15.07654],[76.78771,15.08063],[76.78603,15.08378],[76.78801,15.08574],[76.79136,15.0854],[76.80077,15.09571],[76.81577,15.08523],[76.82519,15.07987],[76.83338,15.07932],[76.84138,15.07752],[76.84719,15.07122],[76.86462,15.06181],[76.86814,15.0551],[76.87385,15.04915],[76.88083,15.03383],[76.89285,15.03692],[76.9004,15.03706],[76.90966,15.03449],[76.91778,15.03615],[76.92361,15.03373],[76.93597,15.03154],[76.94708,15.03228],[76.95502,15.02969],[76.97121,15.01847],[76.98624,15.01568],[76.98797,15.02574],[77.00016,15.029],[77.00313,15.03239],[77.00518,15.03493],[77.01381,15.03492],[77.02753,15.03302],[77.04206,15.03296],[77.05151,15.0346],[77.05343,15.02926],[77.05104,15.02144],[77.04565,15.0109],[77.05559,15.00973],[77.06618,15.00701],[77.07332,15.00657],[77.08357,15.00549],[77.08525,15.01337],[77.08682,15.02775],[77.09302,15.02851],[77.09554,15.03318],[77.10647,15.03282],[77.11438,15.03407],[77.11642,15.04361],[77.12088,15.04559],[77.1232,15.05611],[77.12573,15.06055],[77.13033,15.07368],[77.1324,15.09909],[77.14419,15.10533],[77.15254,15.11279],[77.15887,15.12597],[77.15757,15.13706],[77.14012,15.14141],[77.13684,15.14807],[77.14172,15.15464],[77.15028,15.1561],[77.15785,15.15424],[77.16252,15.15437],[77.16411,15.15754],[77.1636,15.16328],[77.16802,15.16675],[77.16929,15.17388],[77.16633,15.1876],[77.16291,15.19919],[77.16054,15.19971],[77.15469,15.21324],[77.15178,15.21415],[77.14607,15.22344],[77.12554,15.22652],[77.12808,15.23859],[77.13731,15.2399],[77.14492,15.25682],[77.15136,15.25558],[77.16265,15.25666],[77.16998,15.25628],[77.16888,15.26438],[77.16238,15.26567],[77.15453,15.2722],[77.14981,15.27132],[77.14956,15.27453],[77.15268,15.27621],[77.15337,15.28311],[77.15256,15.29092],[77.14346,15.29071],[77.12831,15.29278],[77.11996,15.29504],[77.11793,15.32428],[77.11474,15.32588],[77.11417,15.33242],[77.10377,15.33174],[77.07347,15.32456],[77.06594,15.32694],[77.06751,15.33315],[77.06723,15.34298],[77.06217,15.34824],[77.04687,15.35725],[77.04229,15.36378],[77.04654,15.37979],[77.04806,15.38872],[77.04524,15.39647],[77.03747,15.40121],[77.03272,15.40624],[77.03103,15.41267],[77.03518,15.42326],[77.03466,15.43124],[77.03154,15.44008],[77.02798,15.44345],[77.01939,15.44594],[77.01018,15.45308],[77.00609,15.46022],[77.00479,15.46653],[77.00003,15.47228],[76.99297,15.47795],[76.98004,15.48678],[76.97432,15.49567],[76.97407,15.4997],[76.97581,15.51105],[76.98558,15.50952],[76.99484,15.50585],[77.00002,15.50451],[77.00944,15.50756],[77.03069,15.50481],[77.03284,15.51337],[77.03293,15.52991],[77.02771,15.5811],[77.02844,15.58908],[77.03289,15.60296],[77.03238,15.61155],[77.03107,15.63402],[77.03324,15.6385],[77.03662,15.63669],[77.03999,15.63705],[77.07292,15.64561],[77.08553,15.65755],[77.09301,15.65225],[77.10008,15.64889],[77.10471,15.64391],[77.10806,15.6387],[77.12041,15.6299],[77.12515,15.64198],[77.12918,15.66381],[77.12325,15.66684],[77.11462,15.67599],[77.10494,15.68358],[77.07996,15.69554],[77.08196,15.69802],[77.08568,15.69999],[77.0884,15.71361],[77.08029,15.715],[77.08029,15.72603],[77.06696,15.72827],[77.05102,15.72958],[77.05117,15.73773],[77.04713,15.73904],[77.0506,15.75587],[77.05564,15.75468],[77.05708,15.76342],[77.05239,15.76529],[77.05362,15.76863],[77.05764,15.76819],[77.06051,15.77681],[77.06367,15.78337],[77.0664,15.78293],[77.07116,15.80056],[77.06542,15.80243],[77.06778,15.82764],[77.05611,15.8288],[77.05376,15.8246],[77.04534,15.82611],[77.04218,15.82995],[77.03768,15.82884],[77.03194,15.83002],[77.02818,15.83391],[77.02604,15.83619],[77.03278,15.84931],[77.03695,15.85748],[77.04484,15.86836],[77.05626,15.88068],[77.06202,15.89155],[77.06977,15.9037],[77.08063,15.91413],[77.09392,15.92227],[77.10852,15.92894],[77.12461,15.93325],[77.13391,15.93483],[77.14075,15.94066],[77.14743,15.94505],[77.16115,15.94894],[77.17478,15.95003],[77.18471,15.95454],[77.19194,15.9552],[77.20711,15.95439],[77.22286,15.95617],[77.23133,15.95615],[77.24033,15.95726],[77.24832,15.96132],[77.25317,15.9623],[77.26243,15.95855],[77.26747,15.95598],[77.28681,15.95198],[77.29616,15.9546],[77.30462,15.95514],[77.31922,15.94985],[77.33967,15.94797],[77.35816,15.94843],[77.36444,15.94627],[77.3727,15.94079],[77.38083,15.93801],[77.39025,15.93924],[77.39734,15.94155],[77.40469,15.94026],[77.41233,15.94045],[77.42116,15.94278],[77.42665,15.94612],[77.43115,15.94711],[77.44124,15.94388],[77.45732,15.9364],[77.47184,15.93248],[77.4882,15.93299],[77.50224,15.93125],[77.51441,15.92584],[77.53676,15.92113],[77.55389,15.91871],[77.57675,15.9174],[77.58524,15.9153],[77.5936,15.9121],[77.6039,15.91385],[77.6116,15.91685],[77.61907,15.91297],[77.62406,15.90891],[77.63099,15.90429],[77.63732,15.89699],[77.64491,15.88834],[77.65357,15.88416],[77.6643,15.88177],[77.68895,15.87918],[77.69795,15.88062],[77.70492,15.88574],[77.71279,15.88941],[77.72161,15.89189],[77.73038,15.89012],[77.73749,15.88755],[77.74437,15.88388],[77.75522,15.88126],[77.76565,15.88219],[77.77584,15.87869],[77.78456,15.87473],[77.79547,15.87205],[77.80489,15.87079],[77.81496,15.87252],[77.82348,15.87498],[77.8311,15.87929],[77.83964,15.88101],[77.84556,15.87946],[77.85593,15.87935],[77.86149,15.8813],[77.87277,15.89793],[77.88224,15.90154],[77.89355,15.90148],[77.91348,15.89049],[77.93428,15.88216],[77.95004,15.88058],[77.96915,15.8816],[77.97896,15.87983],[77.99977,15.86675],[78.00804,15.86501],[78.01278,15.87774],[78.0209,15.89457],[78.02313,15.90091],[78.03043,15.90435],[78.03497,15.90845],[78.04248,15.90786],[78.04604,15.90389],[78.04694,15.87803],[78.05512,15.87659],[78.06476,15.8563],[78.06998,15.85047],[78.10756,15.8339],[78.11601,15.83318],[78.12624,15.83628],[78.13335,15.84093],[78.13227,15.85493],[78.14439,15.85624],[78.15489,15.85599],[78.15743,15.85507],[78.17119,15.85504],[78.17519,15.85922],[78.17718,15.87247],[78.18035,15.87856],[78.18561,15.88581],[78.188,15.89368],[78.1857,15.90096],[78.18652,15.90645],[78.20319,15.91825],[78.21194,15.92308],[78.23445,15.92952],[78.24455,15.93511],[78.24946,15.9431],[78.2506,15.95299],[78.25394,15.96608],[78.25494,15.97432],[78.25767,15.97686],[78.25953,15.98445],[78.26632,16.00072],[78.26524,16.01105],[78.25791,16.03162],[78.2632,16.03723],[78.27471,16.0407],[78.28763,16.03806],[78.29879,16.03449],[78.32287,16.03518],[78.33022,16.04326],[78.3378,16.05312],[78.34709,16.0588],[78.3598,16.06056],[78.37675,16.06591],[78.39098,16.0779],[78.41243,16.08704],[78.42776,16.08896],[78.45788,16.0872],[78.50255,16.07933],[78.52784,16.07137],[78.53988,16.06864],[78.55396,16.06255],[78.56621,16.06274],[78.5742,16.06824],[78.58353,16.07672],[78.59969,16.09361],[78.61062,16.10282],[78.62416,16.1053],[78.64368,16.09789],[78.65392,16.0892],[78.665,16.07795],[78.67564,16.06234],[78.68229,16.0556],[78.6939,16.04698],[78.72105,16.03332],[78.73338,16.02973],[78.74642,16.02785],[78.7614,16.02774],[78.78255,16.03037],[78.79754,16.03947],[78.81552,16.05297],[78.82131,16.05897],[78.8291,16.06898],[78.84405,16.09415],[78.84691,16.101],[78.84781,16.10958],[78.84562,16.11759],[78.84145,16.12686],[78.83876,16.13967],[78.83798,16.14882],[78.83959,16.15843],[78.84532,16.1634],[78.85376,16.16621],[78.86394,16.16529],[78.87046,16.1598],[78.87385,16.15059],[78.87557,16.142],[78.87696,16.1284],[78.88025,16.11696],[78.89668,16.1054],[78.90881,16.10448],[78.91811,16.11208],[78.92098,16.11569],[78.92491,16.12037],[78.9295,16.12872],[78.92848,16.1405],[78.91317,16.17168],[78.91301,16.18861],[78.91563,16.19776],[78.93307,16.20907],[78.94868,16.21655],[78.96662,16.22398],[78.98569,16.22985],[79.00008,16.2351],[79.01784,16.24726],[79.02782,16.25109],[79.03863,16.25258],[79.05025,16.2518],[79.06181,16.24944],[79.07636,16.24504],[79.13085,16.2449],[79.14103,16.24339],[79.15036,16.23631],[79.15907,16.23168],[79.17065,16.22733],[79.18453,16.22424],[79.19996,16.22984],[79.21548,16.23781],[79.22667,16.24678],[79.23303,16.25721],[79.23776,16.30729],[79.23574,16.34381],[79.23113,16.35733],[79.21931,16.36975],[79.22114,16.38131],[79.22041,16.40065],[79.22283,16.42261],[79.22685,16.44499],[79.23414,16.45935],[79.24399,16.46536],[79.2429,16.47748],[79.23866,16.48844],[79.23186,16.49889],[79.233,16.51494],[79.23817,16.52599],[79.26851,16.55313],[79.27384,16.56817],[79.29014,16.57216],[79.30289,16.57408],[79.32757,16.58263],[79.34114,16.58529],[79.35336,16.58636],[79.41063,16.58732],[79.43452,16.58943],[79.44244,16.59258],[79.45109,16.60063],[79.45853,16.61606],[79.47804,16.62567],[79.50516,16.63746],[79.52011,16.64062],[79.54474,16.63857],[79.56203,16.64162],[79.57167,16.64511],[79.58208,16.65064],[79.59367,16.6584],[79.60799,16.67032],[79.62492,16.67172],[79.6414,16.66799],[79.65618,16.66914],[79.66364,16.68122],[79.67679,16.69113],[79.69119,16.69752],[79.73093,16.69981],[79.742,16.70523],[79.75869,16.72732],[79.77131,16.73434],[79.78312,16.73674],[79.79161,16.73209],[79.81856,16.69783],[79.83424,16.69884],[79.85289,16.70385],[79.87019,16.70563],[79.88167,16.69615],[79.88905,16.68365],[79.89934,16.65711],[79.91053,16.64543],[79.92228,16.64075],[79.93213,16.63837],[79.95106,16.64029],[79.96665,16.64971],[79.98152,16.66718],[80.00001,16.70018],[80.00216,16.70208],[80.01088,16.71058],[80.02517,16.71947],[80.03181,16.72612],[80.04125,16.7394],[80.05185,16.74734],[80.0564,16.75279],[80.06007,16.77888],[80.06613,16.78946],[80.0734,16.81006],[80.07813,16.82115],[80.05026,16.83353],[80.04509,16.83985],[80.04279,16.84656],[80.04275,16.85519],[80.0415,16.85986],[80.02222,16.86033],[80.00247,16.86952],[80.00002,16.87058],[80.00337,16.88462],[80.01108,16.89877],[80.01786,16.91454],[80.0269,16.92609],[80.03681,16.93469],[80.04537,16.94374],[80.05417,16.97254],[80.09259,16.97049],[80.09228,16.98496],[80.09601,16.9947],[80.10781,16.99009],[80.11413,16.98862],[80.12114,16.98964],[80.12303,16.99318],[80.1285,16.99413],[80.13527,16.99266],[80.14224,16.9927],[80.14895,17.00062],[80.15083,17.00881],[80.15747,17.01537],[80.17555,17.03095],[80.1789,17.03772],[80.19048,17.05224],[80.20264,17.04984],[80.20451,17.03305],[80.20395,17.02542],[80.20967,17.02054],[80.22164,17.02658],[80.22625,17.02704],[80.24069,17.01238],[80.24419,17.0098],[80.24959,17.01029],[80.25873,17.01486],[80.27065,17.01812],[80.28468,17.00079],[80.2975,16.9844],[80.30992,16.96352],[80.31251,16.94716],[80.31643,16.93154],[80.32398,16.92014],[80.32188,16.91975],[80.32475,16.90245],[80.32461,16.8918],[80.32708,16.88526],[80.32786,16.87877],[80.33596,16.87886],[80.34596,16.87495],[80.34361,16.86363],[80.3596,16.86122],[80.36733,16.86283],[80.36989,16.85832],[80.37342,16.84687],[80.37582,16.83475],[80.38167,16.81913],[80.38461,16.81867],[80.38658,16.82052],[80.38814,16.82756],[80.40296,16.8332],[80.40788,16.83961],[80.40891,16.84507],[80.40843,16.85775],[80.42741,16.85037],[80.43016,16.84518],[80.43161,16.83739],[80.44088,16.83527],[80.44061,16.83195],[80.45355,16.82751],[80.46139,16.82344],[80.46388,16.81464],[80.46522,16.79823],[80.47987,16.79655],[80.48788,16.7932],[80.4935,16.78957],[80.4984,16.78414],[80.51987,16.77826],[80.52697,16.77711],[80.53896,16.77841],[80.55542,16.77604],[80.57172,16.77124],[80.57824,16.77916],[80.60645,16.79352],[80.61303,16.7962],[80.6067,16.80045],[80.60256,16.80632],[80.59475,16.81504],[80.58066,16.82044],[80.57588,16.82543],[80.57012,16.82544],[80.56488,16.82671],[80.56345,16.83308],[80.57128,16.8446],[80.57285,16.85084],[80.57368,16.85817],[80.57378,16.87727],[80.58533,16.88133],[80.59559,16.88219],[80.5946,16.89538],[80.59218,16.89883],[80.59005,16.90498],[80.59092,16.91129],[80.5947,16.91252],[80.59817,16.91532],[80.59911,16.91982],[80.59795,16.92485],[80.59296,16.93467],[80.57827,16.93502],[80.54048,16.95819],[80.52943,16.94443],[80.5185,16.95044],[80.5,16.95615],[80.49566,16.94484],[80.49431,16.93504],[80.49655,16.92545],[80.48559,16.92916],[80.47857,16.93448],[80.47193,16.93816],[80.46177,16.94625],[80.45121,16.95283],[80.42098,16.96201],[80.40625,16.96481],[80.38942,16.97028],[80.369,16.97822],[80.36683,16.97835],[80.36964,16.98217],[80.3783,16.99066],[80.38019,16.99483],[80.37978,17.00084],[80.37976,17.00353],[80.39053,17.00774],[80.39507,17.01064],[80.39647,17.015],[80.39727,17.02175],[80.39232,17.02743],[80.38644,17.03099],[80.38578,17.03551],[80.38692,17.04176],[80.38015,17.05512],[80.37627,17.06029],[80.37551,17.06414],[80.38268,17.07068],[80.38758,17.07373],[80.39863,17.08378],[80.40172,17.08539],[80.40361,17.08515],[80.40588,17.08148],[80.4083,17.07286],[80.40743,17.0674],[80.40942,17.06182],[80.42286,17.04947],[80.42636,17.03631],[80.42911,17.03258],[80.44125,17.02952],[80.45485,17.02479],[80.46148,17.04478],[80.47284,17.04495],[80.48036,17.04587],[80.48368,17.05058],[80.49081,17.05804],[80.49327,17.06407],[80.49322,17.07533],[80.49538,17.09061],[80.49731,17.09504],[80.50099,17.10014],[80.50514,17.10899],[80.50469,17.11555],[80.52031,17.11392],[80.52801,17.11586],[80.53778,17.12137],[80.544,17.12751],[80.55026,17.12814],[80.55766,17.13135],[80.56878,17.14576],[80.5821,17.14304],[80.58886,17.13872],[80.60374,17.12738],[80.61251,17.12334],[80.62156,17.12448],[80.62521,17.12355],[80.63257,17.11975],[80.63842,17.1179],[80.6339,17.10963],[80.6451,17.10491],[80.65495,17.10242],[80.66537,17.09573],[80.66411,17.09194],[80.65309,17.08507],[80.64648,17.07991],[80.64645,17.07358],[80.64265,17.06687],[80.64832,17.06312],[80.65792,17.06259],[80.66933,17.06475],[80.67649,17.06796],[80.68439,17.06932],[80.69014,17.07235],[80.69274,17.07678],[80.70392,17.07641],[80.72137,17.07355],[80.7345,17.07273],[80.75539,17.06308],[80.77492,17.0585],[80.78902,17.05703],[80.79413,17.05586],[80.80167,17.0513],[80.81206,17.05082],[80.83209,17.04609],[80.83816,17.04068],[80.84136,17.03406],[80.85374,17.04119],[80.85941,17.04851],[80.86378,17.0524],[80.86772,17.0592],[80.86531,17.07683],[80.8714,17.08983],[80.87124,17.09392],[80.87304,17.10409],[80.86386,17.11964],[80.87228,17.12623],[80.87561,17.13284],[80.8791,17.1545],[80.88556,17.15339],[80.89766,17.14928],[80.90496,17.14902],[80.91279,17.1494],[80.91819,17.1507],[80.92213,17.1542],[80.921,17.16174],[80.9228,17.169],[80.92367,17.17805],[80.92183,17.18198],[80.91726,17.18623],[80.91578,17.19202],[80.91641,17.20102],[80.91412,17.20942],[80.92262,17.2134],[80.92942,17.21398],[80.93944,17.2132],[80.94784,17.20857],[80.95654,17.20155],[80.96481,17.19645],[80.97514,17.1928],[80.99398,17.1877],[81.0001,17.18801],[81.00655,17.19033],[81.01424,17.19278],[81.03501,17.19502],[81.04031,17.2007],[81.04368,17.2056],[81.04879,17.20829],[81.05271,17.21288],[81.05538,17.22215],[81.06268,17.21849],[81.07105,17.21247],[81.09334,17.22203],[81.12703,17.23301],[81.15441,17.2401],[81.17166,17.24105],[81.17688,17.25078],[81.18944,17.26306],[81.18349,17.2688],[81.17998,17.27508],[81.17944,17.30482],[81.18078,17.3138],[81.18702,17.32285],[81.19035,17.33055],[81.19911,17.3357],[81.22756,17.33012],[81.24312,17.33122],[81.26636,17.3311],[81.27108,17.33039],[81.27602,17.32846],[81.29063,17.33822],[81.29802,17.34601],[81.30765,17.36058],[81.31044,17.36816],[81.32045,17.3832],[81.33128,17.39755],[81.33352,17.39906],[81.33916,17.40051],[81.34616,17.39843],[81.35175,17.39386],[81.35214,17.38418],[81.35868,17.377],[81.37282,17.36879],[81.38066,17.36572],[81.39408,17.36369],[81.41532,17.37],[81.42452,17.37023],[81.42717,17.37497],[81.42898,17.38076],[81.44251,17.38353],[81.45037,17.3903],[81.45495,17.39928],[81.46041,17.40691],[81.4661,17.41398],[81.48108,17.42809],[81.49083,17.44076],[81.50225,17.45737],[81.50418,17.46235],[81.50467,17.4689],[81.50255,17.47451],[81.50242,17.48551],[81.50697,17.49847],[81.50829,17.50999],[81.5068,17.5185],[81.50823,17.53993],[81.51019,17.54774],[81.51786,17.55769],[81.52249,17.56562],[81.52904,17.57297],[81.53248,17.57806],[81.53264,17.58096],[81.52965,17.58408],[81.52141,17.59127],[81.51166,17.59816],[81.51662,17.6036],[81.51799,17.60661],[81.51798,17.61182],[81.52059,17.61813],[81.52765,17.62704],[81.54286,17.63867],[81.55301,17.65354],[81.55477,17.65892],[81.56233,17.6746],[81.56886,17.68484],[81.57687,17.69103],[81.57984,17.69606],[81.57974,17.71106],[81.58063,17.71997],[81.58161,17.7268],[81.58527,17.73421],[81.59059,17.73878],[81.61785,17.75177],[81.62146,17.75506],[81.62722,17.76669],[81.6317,17.77091],[81.65054,17.77378],[81.66164,17.77377],[81.68332,17.77529],[81.69343,17.77875],[81.70003,17.78389],[81.70687,17.79267],[81.71262,17.80772],[81.71814,17.81327],[81.73204,17.82337],[81.73821,17.82747],[81.74752,17.82977],[81.76156,17.8265],[81.77256,17.83811],[81.79097,17.84015],[81.79646,17.84744],[81.80301,17.85235],[81.80137,17.8607],[81.79614,17.87067],[81.79004,17.87884],[81.77744,17.8868],[81.77199,17.89347],[81.76686,17.90141],[81.7708,17.90464],[81.78432,17.91282],[81.791,17.91779],[81.79457,17.92166],[81.79788,17.92942],[81.80259,17.93768],[81.80959,17.9441],[81.82834,17.95349],[81.84189,17.95907],[81.84826,17.95812],[81.85537,17.95885],[81.88269,17.96792],[81.89363,17.97392],[81.90782,17.97666],[81.91311,17.98157],[81.92224,17.98798],[81.93324,17.98899],[81.94464,17.9922],[81.96031,18.00022],[81.96567,18.00519],[81.97259,18.00798],[81.9816,18.01379],[81.98899,18.01941],[81.99441,18.0224],[81.9974,18.02845],[82.00001,18.02993],[82.01019,18.03179],[82.01064,18.03636],[82.01325,18.04243],[82.0101,18.05289],[82.01515,18.05728],[82.02529,18.06321],[82.03316,18.06597],[82.03838,18.06463],[82.04115,18.05983],[82.05369,18.05373],[82.05939,18.05262],[82.06824,18.05328],[82.07416,18.05708],[82.07398,18.05946],[82.06951,18.06213],[82.06748,18.06658],[82.07291,18.06652],[82.07839,18.06859],[82.08072,18.07378],[82.08857,18.06862],[82.09767,18.06559],[82.10087,18.06095],[82.11649,18.06224],[82.1191,18.06587],[82.12178,18.06604],[82.12783,18.05943],[82.13561,18.05924],[82.13775,18.05692],[82.13894,18.04916],[82.14091,18.0439],[82.15082,18.05184],[82.15583,18.04871],[82.16887,18.05191],[82.17228,18.04993],[82.18169,18.03394],[82.18548,18.02926],[82.1828,18.02388],[82.18597,18.01896],[82.19364,18.01575],[82.19958,18.01736],[82.20548,18.01711],[82.21632,18.00916],[82.22673,18.00265],[82.23154,18.00136],[82.23936,18.0022],[82.24553,18.00051],[82.24689,17.99243],[82.25028,17.9883],[82.26177,17.98874],[82.26965,17.99096],[82.27583,17.995],[82.27742,18.00055],[82.27908,18.00628],[82.27935,18.01918],[82.27748,18.02843],[82.27476,18.03417],[82.2667,18.04332],[82.27074,18.04475],[82.27314,18.04746],[82.27364,18.0515],[82.27547,18.05671],[82.28746,18.06337],[82.29154,18.06422],[82.29359,18.06784],[82.29628,18.06899],[82.30642,18.0704],[82.30492,18.06602],[82.30133,18.06279],[82.30502,18.05462],[82.30957,18.05252],[82.31487,18.05348],[82.31294,18.04812],[82.31408,18.04632],[82.31816,18.04694],[82.32175,18.04329],[82.3255,18.04454],[82.32154,18.05369],[82.32427,18.05519],[82.32583,18.05703],[82.32817,18.05708],[82.33035,18.05868],[82.33471,18.05503],[82.33344,18.05121],[82.3383,18.04894],[82.34487,18.05579],[82.34546,18.05762],[82.35171,18.07632],[82.35045,18.07979],[82.35213,18.08348],[82.35166,18.09095],[82.34905,18.09553],[82.34317,18.09833],[82.34066,18.10255],[82.34097,18.11545],[82.33878,18.12737],[82.34383,18.13562],[82.34185,18.15072],[82.34674,18.14631],[82.35335,18.14298],[82.36605,18.13351],[82.37025,18.13759],[82.37278,18.14325],[82.37363,18.14805],[82.36743,18.15749],[82.35719,18.17014],[82.35007,18.17173],[82.34148,18.17171],[82.33324,18.17469],[82.32776,18.17968],[82.31874,18.18284],[82.31667,18.1895],[82.31787,18.19759],[82.31453,18.20385],[82.32816,18.20923],[82.34125,18.22397],[82.33516,18.22441],[82.32973,18.23061],[82.33093,18.23628],[82.33864,18.23949],[82.33941,18.2415],[82.34044,18.24827],[82.3402,18.25491],[82.34229,18.2604],[82.34528,18.27432],[82.35203,18.27974],[82.37544,18.27906],[82.38028,18.28222],[82.39062,18.2924],[82.39379,18.29719],[82.39571,18.3087],[82.40138,18.31451],[82.39679,18.31927],[82.39273,18.32674],[82.38885,18.32734],[82.38347,18.32603],[82.37757,18.32577],[82.37361,18.32446],[82.36633,18.31627],[82.36292,18.31704],[82.35713,18.31418],[82.35127,18.31536],[82.34937,18.31866],[82.3428,18.32511],[82.34477,18.3281],[82.35379,18.3298],[82.35857,18.33689],[82.3649,18.34155],[82.36849,18.35166],[82.37782,18.35832],[82.38469,18.36124],[82.38803,18.36539],[82.38714,18.36961],[82.38941,18.37463],[82.39276,18.37706],[82.39276,18.38035],[82.38673,18.38604],[82.38356,18.39097],[82.38321,18.40069],[82.38081,18.40596],[82.3743,18.41119],[82.3696,18.41774],[82.37431,18.42084],[82.37533,18.42501],[82.38005,18.42799],[82.38591,18.42981],[82.38896,18.43425],[82.39057,18.43951],[82.40564,18.4594],[82.42047,18.47245],[82.42861,18.47768],[82.43513,18.48477],[82.43736,18.49279],[82.4374,18.4929],[82.44539,18.50505],[82.45819,18.51916],[82.46166,18.52476],[82.48224,18.54455],[82.48984,18.5462],[82.49354,18.54144],[82.48606,18.53927],[82.48397,18.53714],[82.4897,18.52284],[82.50644,18.51386],[82.5074,18.50958],[82.51026,18.50956],[82.51242,18.51331],[82.51565,18.5159],[82.52252,18.51147],[82.52576,18.51348],[82.53138,18.51178],[82.53215,18.50715],[82.53029,18.50485],[82.53274,18.49766],[82.52831,18.49514],[82.52778,18.4904],[82.53273,18.49073],[82.53578,18.48563],[82.52926,18.48028],[82.53397,18.47846],[82.53577,18.47614],[82.53003,18.4697],[82.52602,18.46722],[82.5244,18.46382],[82.53145,18.46073],[82.5287,18.45848],[82.52948,18.45507],[82.53145,18.45373],[82.53498,18.45528],[82.53766,18.45093],[82.53706,18.44833],[82.53844,18.4423],[82.54137,18.44206],[82.54388,18.44465],[82.54728,18.44609],[82.54663,18.45117],[82.55249,18.4493],[82.55602,18.4498],[82.5584,18.4469],[82.56205,18.44567],[82.55935,18.44192],[82.55851,18.43453],[82.55433,18.43217],[82.55342,18.4253],[82.54798,18.42492],[82.54421,18.41638],[82.54528,18.41227],[82.54886,18.4115],[82.54863,18.40994],[82.54091,18.40489],[82.54061,18.40154],[82.54347,18.39765],[82.55065,18.39715],[82.55775,18.39163],[82.56003,18.3952],[82.56433,18.39663],[82.57352,18.39213],[82.5789,18.39234],[82.58387,18.38804],[82.58565,18.38549],[82.58912,18.38702],[82.59748,18.38531],[82.60195,18.3787],[82.60733,18.37983],[82.60882,18.37693],[82.60918,18.37427],[82.60601,18.37081],[82.60762,18.3682],[82.60594,18.36446],[82.60689,18.36225],[82.614,18.36106],[82.61698,18.35949],[82.61961,18.35473],[82.6162,18.34995],[82.60747,18.35069],[82.60484,18.34914],[82.60592,18.34191],[82.60866,18.33906],[82.61217,18.32869],[82.61049,18.32558],[82.60404,18.32422],[82.59802,18.32778],[82.5943,18.32421],[82.59161,18.31972],[82.58641,18.31766],[82.58479,18.31512],[82.58814,18.30938],[82.59106,18.30914],[82.5962,18.31038],[82.5993,18.30031],[82.59869,18.29615],[82.59594,18.29315],[82.59397,18.28934],[82.59677,18.28673],[82.59683,18.28344],[82.59265,18.28161],[82.58912,18.2785],[82.59156,18.27496],[82.59562,18.27419],[82.59705,18.27054],[82.59758,18.26516],[82.60665,18.26292],[82.60916,18.26048],[82.61787,18.25772],[82.6202,18.25499],[82.61942,18.25233],[82.6218,18.24793],[82.62878,18.24488],[82.63528,18.23728],[82.64005,18.23708],[82.64556,18.24347],[82.65369,18.24898],[82.65596,18.25325],[82.65323,18.26558],[82.65748,18.27233],[82.6606,18.28063],[82.66485,18.28726],[82.66719,18.29506],[82.67329,18.29908],[82.68094,18.30066],[82.69013,18.30125],[82.69868,18.30555],[82.70208,18.30581],[82.70644,18.30476],[82.70884,18.30827],[82.71088,18.31693],[82.71925,18.32129],[82.72559,18.32328],[82.73365,18.32006],[82.74266,18.32175],[82.74112,18.32639],[82.74614,18.32839],[82.75474,18.32834],[82.75898,18.33179],[82.75936,18.33682],[82.76277,18.33831],[82.76682,18.33568],[82.77017,18.33631],[82.77538,18.33958],[82.77975,18.34817],[82.79251,18.36262],[82.78622,18.37935],[82.78926,18.38095],[82.79591,18.38659],[82.79504,18.393],[82.79576,18.39861],[82.80157,18.40338],[82.79566,18.40821],[82.78945,18.40783],[82.78988,18.41262],[82.78672,18.41784],[82.78447,18.42386],[82.78448,18.42802],[82.79537,18.43507],[82.80023,18.44146],[82.80742,18.44772],[82.8266,18.44687],[82.827,18.44172],[82.8384,18.4345],[82.84401,18.43263],[82.84524,18.42269],[82.84804,18.42019],[82.85317,18.4182],[82.85689,18.42345],[82.86423,18.41925],[82.87122,18.41638],[82.87826,18.41467],[82.88533,18.4203],[82.88761,18.42311],[82.89287,18.42123],[82.89661,18.41474],[82.89904,18.40711],[82.8992,18.40075],[82.89318,18.38717],[82.90013,18.37546],[82.9068,18.36791],[82.91104,18.36452],[82.91666,18.36805],[82.91994,18.366],[82.92341,18.36503],[82.92833,18.36837],[82.93586,18.36963],[82.94098,18.36003],[82.95377,18.35914],[82.96031,18.36303],[82.96806,18.36592],[82.97705,18.36627],[82.98471,18.36362],[82.98667,18.36969],[82.98945,18.37451],[82.99437,18.3746],[82.99587,18.37819],[83.0002,18.38368],[83.00112,18.38351],[83.00538,18.38355],[83.01172,18.38561],[83.01985,18.38691],[83.02542,18.3932],[83.02829,18.39218],[83.032,18.38517],[83.04012,18.38199],[83.04521,18.37858],[83.04775,18.37883],[83.06163,18.38405],[83.06444,18.38601],[83.07405,18.39814],[83.07472,18.401],[83.07406,18.40189],[83.07195,18.40443],[83.06726,18.40773],[83.06405,18.41306],[83.06351,18.4168],[83.06866,18.42217],[83.06883,18.42791],[83.07029,18.42955],[83.06803,18.43728],[83.06647,18.43771],[83.05677,18.4335],[83.05082,18.42694],[83.04566,18.42759],[83.04375,18.42872],[83.04152,18.43197],[83.0464,18.43534],[83.04722,18.44066],[83.04551,18.44345],[83.04055,18.44479],[83.03304,18.44526],[83.02626,18.44898],[83.02362,18.45299],[83.02464,18.45624],[83.03275,18.46226],[83.03492,18.46549],[83.04234,18.46933],[83.04521,18.47169],[83.05205,18.48065],[83.05997,18.48603],[83.06336,18.49665],[83.06853,18.50294],[83.07328,18.50608],[83.07697,18.51055],[83.08131,18.52322],[83.09046,18.53564],[83.09664,18.54123],[83.09746,18.54638],[83.09518,18.54951],[83.07961,18.55092],[83.06551,18.54312],[83.05932,18.54334],[83.05326,18.54774],[83.04837,18.55328],[83.04062,18.55627],[83.04184,18.56664],[83.03359,18.57264],[83.03499,18.57629],[83.03927,18.58012],[83.04188,18.58404],[83.04464,18.58589],[83.05016,18.58563],[83.05288,18.5865],[83.05924,18.59139],[83.06207,18.59479],[83.06022,18.60137],[83.05701,18.60355],[83.04921,18.60502],[83.05027,18.61039],[83.05252,18.61472],[83.05776,18.62215],[83.06116,18.62346],[83.07222,18.62265],[83.07489,18.62112],[83.07759,18.61699],[83.07735,18.6139],[83.07902,18.6102],[83.08387,18.61178],[83.08767,18.61613],[83.0933,18.62712],[83.09414,18.63021],[83.08809,18.64098],[83.08665,18.64784],[83.08673,18.65513],[83.08869,18.66008],[83.09214,18.664],[83.09644,18.66524],[83.10592,18.66107],[83.11489,18.66327],[83.12506,18.65977],[83.13106,18.66202],[83.14042,18.66927],[83.14704,18.66905],[83.15028,18.67502],[83.15494,18.70089],[83.15817,18.70273],[83.16459,18.70457],[83.17319,18.70092],[83.17529,18.70657],[83.17566,18.70995],[83.17473,18.71508],[83.17185,18.72185],[83.17479,18.72421],[83.19202,18.73367],[83.19461,18.73346],[83.19722,18.73123],[83.19998,18.73078],[83.20395,18.7333],[83.20574,18.73275],[83.20684,18.72762],[83.20858,18.72725],[83.21133,18.7278],[83.21307,18.72409],[83.21479,18.72572],[83.22055,18.74268],[83.22246,18.7454],[83.22834,18.75024],[83.23034,18.75324],[83.23099,18.75616],[83.23069,18.7568],[83.22987,18.76019],[83.22531,18.7671],[83.22504,18.7717],[83.22738,18.77396],[83.23069,18.77408],[83.23728,18.7723],[83.24753,18.76695],[83.25307,18.76628],[83.26338,18.76702],[83.26733,18.76581],[83.27407,18.76522],[83.27787,18.76803],[83.27968,18.77139],[83.27922,18.77552],[83.27712,18.77895],[83.27788,18.78347],[83.28321,18.79354],[83.28745,18.79777],[83.30005,18.80071],[83.30829,18.80608],[83.31216,18.80704],[83.32198,18.80399],[83.3262,18.80404],[83.33096,18.80647],[83.33048,18.80975],[83.33121,18.81278],[83.33296,18.81603],[83.33615,18.8189],[83.35149,18.82597],[83.35802,18.82981],[83.36139,18.83567],[83.36679,18.84017],[83.37017,18.84027],[83.38073,18.82941],[83.38424,18.83015],[83.39102,18.83427],[83.39439,18.83398],[83.4042,18.83891],[83.40661,18.84174],[83.40482,18.85739],[83.40574,18.86076],[83.40774,18.86181],[83.41469,18.86186],[83.41663,18.86263],[83.4186,18.86495],[83.4192,18.86751],[83.41372,18.87348],[83.40965,18.87521],[83.40214,18.87633],[83.39569,18.87914],[83.39326,18.88137],[83.39355,18.8836],[83.38678,18.88837],[83.38176,18.89398],[83.38035,18.8979],[83.38232,18.9],[83.39111,18.90529],[83.39176,18.90775],[83.38885,18.90987],[83.38471,18.91051],[83.37502,18.90839],[83.3684,18.9092],[83.36438,18.91283],[83.35804,18.92391],[83.35554,18.92896],[83.35446,18.93482],[83.35577,18.94009],[83.35688,18.94179],[83.36309,18.94099],[83.37062,18.93804],[83.37193,18.93078],[83.37886,18.92509],[83.3817,18.9248],[83.38419,18.92579],[83.38751,18.92952],[83.38809,18.93129],[83.37528,18.94146],[83.37175,18.94588],[83.36869,18.95604],[83.36892,18.96132],[83.36672,18.96263],[83.36225,18.96236],[83.35361,18.96499],[83.35286,18.96419],[83.35265,18.95317],[83.35113,18.9431],[83.3477,18.94115],[83.34738,18.93984],[83.34744,18.93415],[83.34922,18.92637],[83.34693,18.92417],[83.34241,18.92379],[83.33688,18.92487],[83.32989,18.93119],[83.32778,18.93375],[83.32674,18.93636],[83.32637,18.94153],[83.32906,18.94395],[83.33899,18.94556],[83.34088,18.94724],[83.34031,18.95127],[83.3389,18.95371],[83.33675,18.95472],[83.3349,18.95579],[83.33386,18.95805],[83.3335,18.96081],[83.33477,18.96521],[83.33342,18.96684],[83.32767,18.96919],[83.32119,18.97447],[83.31746,18.98464],[83.31698,18.98816],[83.31559,18.99105],[83.31218,18.99478],[83.31313,18.99746],[83.31568,18.99874],[83.32427,18.9982],[83.33322,18.99662],[83.33702,18.99599],[83.33905,18.99788],[83.3386,19.00037],[83.33793,19.00476],[83.3385,19.00622],[83.34055,19.00764],[83.3428,19.0145],[83.34844,19.01682],[83.34874,19.01694],[83.35417,19.01768],[83.3628,19.01719],[83.36583,19.01395],[83.37015,19.00257],[83.37531,19.00147],[83.38503,19.00257],[83.39253,19.00513],[83.39658,19.00787],[83.40077,19.007],[83.40385,19.0037],[83.40921,19.00425],[83.41013,19.00304],[83.41245,19.00108],[83.41472,19.00297],[83.41665,19.00407],[83.41839,19.0005],[83.41923,18.99663],[83.41659,18.98781],[83.42264,18.9858],[83.44074,18.96938],[83.44429,18.96587],[83.44781,18.95823],[83.45048,18.95576],[83.45466,18.95367],[83.45903,18.9525],[83.46329,18.95363],[83.47008,18.96724],[83.47005,18.9716],[83.46928,18.97592],[83.46674,18.97844],[83.46611,18.98046],[83.46808,18.98876],[83.46551,18.99047],[83.45802,18.99038],[83.45688,19.00055],[83.456,19.00387],[83.4563,19.00755],[83.45796,19.0098],[83.46107,19.01038],[83.46626,19.01003],[83.4753,19.00686],[83.47962,19.00693],[83.48237,19.00826],[83.48443,19.01201],[83.48289,19.01945],[83.48574,19.02909],[83.48513,19.03342],[83.47322,19.04405],[83.47056,19.05179],[83.47104,19.06044],[83.46446,19.06392],[83.46512,19.06761],[83.4669,19.07129],[83.46602,19.07493],[83.46716,19.07746],[83.4716,19.07918],[83.47523,19.07767],[83.47804,19.07812],[83.47978,19.08054],[83.481,19.08555],[83.48474,19.08311],[83.48593,19.07804],[83.48818,19.07429],[83.50026,19.0628],[83.50139,19.06095],[83.50408,19.06336],[83.50811,19.06991],[83.51063,19.07251],[83.51314,19.07262],[83.51392,19.06218],[83.51623,19.05779],[83.51849,19.05589],[83.51756,19.04799],[83.51784,19.04408],[83.52098,19.03824],[83.52143,19.03271],[83.51594,19.02991],[83.51169,19.03413],[83.50706,19.035],[83.50132,19.03472],[83.50039,19.0319],[83.5007,19.02596],[83.50317,19.01904],[83.51236,19.01804],[83.52307,19.01289],[83.53915,19.01342],[83.54086,19.02044],[83.54084,19.02735],[83.54257,19.03657],[83.54353,19.0383],[83.55051,19.04479],[83.55546,19.0529],[83.56003,19.05513],[83.55922,19.0583],[83.55259,19.06996],[83.55258,19.07728],[83.55416,19.08171],[83.55921,19.08572],[83.56269,19.086],[83.56841,19.07412],[83.5681,19.07186],[83.56484,19.0679],[83.56416,19.06376],[83.56538,19.05931],[83.56878,19.05832],[83.57508,19.0602],[83.5865,19.05775],[83.58851,19.0631],[83.58951,19.0707],[83.5899,19.08355],[83.59214,19.08763],[83.59533,19.09096],[83.60091,19.09278],[83.60755,19.0927],[83.61212,19.09609],[83.61209,19.10076],[83.60446,19.11306],[83.60199,19.11843],[83.60135,19.12333],[83.60199,19.12816],[83.6082,19.13552],[83.61289,19.13885],[83.61828,19.13876],[83.62176,19.14164],[83.62679,19.14969],[83.63039,19.1525],[83.6279,19.15643],[83.62882,19.1597],[83.63093,19.16142],[83.63617,19.15755],[83.63785,19.1526],[83.6361,19.13934],[83.63751,19.13484],[83.64097,19.13229],[83.65322,19.13098],[83.6571,19.12976],[83.65839,19.12629],[83.65742,19.12272],[83.65395,19.12239],[83.65239,19.12119],[83.65355,19.11663],[83.65546,19.11385],[83.6556,19.11017],[83.65793,19.10802],[83.66515,19.09572],[83.66578,19.09008],[83.66453,19.08293],[83.66737,19.07774],[83.67029,19.0745],[83.67441,19.07247],[83.68406,19.0605],[83.69207,19.05201],[83.70185,19.02927],[83.70472,19.02462],[83.70752,19.02319],[83.72451,19.02262],[83.72896,19.0216],[83.73091,19.02008],[83.72754,19.01249],[83.72247,19.01033],[83.7171,19.01014],[83.7127,19.00765],[83.71206,19.0035],[83.7124,19.00068],[83.71254,19.00021],[83.71342,18.99346],[83.71647,18.99203],[83.71909,18.99318],[83.72459,18.99077],[83.73398,18.98382],[83.73515,18.97436],[83.73774,18.96846],[83.7442,18.94731],[83.74764,18.94242],[83.74912,18.93865],[83.74986,18.93152],[83.75353,18.92657],[83.76387,18.9251],[83.77055,18.91498],[83.77522,18.91081],[83.7782,18.91004],[83.77899,18.90976],[83.7851,18.91285],[83.78777,18.91619],[83.78484,18.9275],[83.77758,18.94136],[83.77295,18.94479],[83.76917,18.95296],[83.7629,18.95039],[83.75806,18.95272],[83.75605,18.9597],[83.7567,18.96676],[83.75366,18.97153],[83.74941,18.97535],[83.74725,18.98671],[83.74876,18.99213],[83.75692,18.99892],[83.75829,19.00067],[83.75895,19.00153],[83.76009,19.00158],[83.76122,19.00141],[83.76237,19.00162],[83.7635,19.00186],[83.76462,19.00216],[83.76545,19.00281],[83.76612,19.00372],[83.76712,19.00431],[83.76824,19.00472],[83.7694,19.00503],[83.77056,19.0053],[83.77173,19.00557],[83.7729,19.00586],[83.77406,19.00621],[83.77515,19.00668],[83.77615,19.00733],[83.77709,19.00803],[83.77786,19.00884],[83.77832,19.00987],[83.77878,19.01089],[83.77923,19.01191],[83.77971,19.01292],[83.78025,19.0139],[83.78087,19.01484],[83.78159,19.0157],[83.7824,19.01649],[83.7833,19.0172],[83.7843,19.01776],[83.78539,19.01813],[83.78654,19.01825],[83.78802,19.01819],[83.78915,19.01804],[83.79029,19.01782],[83.79141,19.01758],[83.79252,19.01734],[83.79363,19.01704],[83.79469,19.01662],[83.79596,19.01607],[83.79661,19.00661],[83.79882,19.00065],[83.81019,18.99014],[83.81573,18.97676],[83.81831,18.9732],[83.82244,18.96157],[83.82373,18.95706],[83.82108,18.94201],[83.82256,18.93848],[83.82657,18.93455],[83.82883,18.93043],[83.82461,18.91789],[83.82613,18.91561],[83.83074,18.91396],[83.84258,18.9178],[83.84539,18.91711],[83.84795,18.91258],[83.84931,18.90617],[83.84999,18.8968],[83.84438,18.8813],[83.8437,18.8777],[83.84479,18.87331],[83.85136,18.86003],[83.85567,18.85627],[83.86677,18.85168],[83.87204,18.84772],[83.87457,18.83217],[83.87789,18.82716],[83.88161,18.8265],[83.89093,18.82843],[83.89234,18.82657],[83.89306,18.8188],[83.89458,18.81418],[83.89834,18.81564],[83.90317,18.82364],[83.90623,18.82519],[83.90967,18.82569],[83.91544,18.82516],[83.92828,18.82036],[83.93032,18.81733],[83.93407,18.81536],[83.94126,18.81567],[83.94339,18.81196],[83.94427,18.80803],[83.94746,18.80544],[83.95137,18.80513],[83.95669,18.80589],[83.95887,18.80889],[83.96328,18.81191],[83.97169,18.81296],[83.97704,18.81269],[83.98998,18.80889],[83.99917,18.81354],[84.00761,18.81368],[84.01502,18.81309],[84.02014,18.80954],[84.02353,18.81031],[84.02728,18.80654],[84.02995,18.80755],[84.03136,18.81006],[84.03469,18.81112],[84.03834,18.80919],[84.0384,18.80437],[84.04193,18.79906],[84.04635,18.79639],[84.05557,18.79246],[84.05522,18.78885],[84.05735,18.7863],[84.05569,18.7834],[84.05683,18.77966],[84.06119,18.77738],[84.06624,18.7771],[84.06809,18.7717],[84.07341,18.76076],[84.07753,18.75883],[84.0855,18.75795],[84.08696,18.75519],[84.0894,18.75373],[84.0932,18.75428],[84.09641,18.7562],[84.09927,18.75434],[84.10833,18.76177],[84.1152,18.76389],[84.12169,18.76424],[84.12652,18.76213],[84.13054,18.75739],[84.13709,18.76198],[84.13554,18.77037],[84.13895,18.7739],[84.14258,18.77587],[84.148,18.77679],[84.15569,18.78086],[84.15894,18.78485],[84.16249,18.7851],[84.16691,18.78414],[84.16785,18.78143],[84.16575,18.7783],[84.17019,18.77769],[84.17459,18.77926],[84.18738,18.7781],[84.18906,18.78663],[84.19408,18.78871],[84.19789,18.78587],[84.21137,18.79176],[84.22423,18.7964],[84.22897,18.79561],[84.23182,18.79341],[84.23451,18.79631],[84.23821,18.79478],[84.23867,18.78927],[84.25353,18.78259],[84.25971,18.78167],[84.26641,18.78402],[84.27172,18.7897],[84.27569,18.78949],[84.28071,18.79167],[84.28282,18.79636],[84.28605,18.79885],[84.2914,18.8],[84.30786,18.79095],[84.31181,18.78994],[84.31465,18.79088],[84.31633,18.78766],[84.31996,18.78842],[84.32042,18.79141],[84.32319,18.79539],[84.33442,18.79889],[84.33968,18.80124],[84.34105,18.80427],[84.33699,18.81372],[84.33676,18.81819],[84.35154,18.82113],[84.34821,18.82743],[84.34988,18.83068],[84.3517,18.83186],[84.35261,18.83593],[84.35177,18.84187],[84.3455,18.84536],[84.34341,18.85054],[84.34158,18.86066],[84.34156,18.86707],[84.34184,18.87293],[84.34344,18.87578],[84.34722,18.87499],[84.3518,18.87184],[84.3544,18.86906],[84.35888,18.86002],[84.36153,18.86062],[84.36264,18.86176],[84.36575,18.86046],[84.36983,18.86019],[84.37675,18.86808],[84.37886,18.87248],[84.37898,18.87632],[84.37365,18.88079],[84.36873,18.88176],[84.36704,18.88098],[84.36126,18.88413],[84.35925,18.88685],[84.35885,18.89225],[84.36215,18.89198],[84.37875,18.88452],[84.38148,18.88559],[84.38547,18.88319],[84.39061,18.87838],[84.3936,18.88081],[84.39502,18.88676],[84.39349,18.89211],[84.38643,18.89454],[84.38161,18.89791],[84.37507,18.89838],[84.3723,18.90226],[84.37271,18.90529],[84.37715,18.90484],[84.38146,18.90307],[84.38584,18.90229],[84.39425,18.89893],[84.40135,18.89495],[84.4052,18.8952],[84.41718,18.89971],[84.41945,18.90302],[84.41808,18.90734],[84.41506,18.91018],[84.41352,18.91518],[84.41692,18.91715],[84.42533,18.90973],[84.42769,18.91394],[84.43673,18.92273],[84.42731,18.93872],[84.42448,18.9423],[84.42294,18.94703],[84.42763,18.95832],[84.44187,18.97211],[84.44505,18.97466],[84.44796,18.97588],[84.44203,18.98575],[84.43528,18.99154],[84.43525,18.99157],[84.43373,18.99287],[84.43286,18.99804],[84.43341,19.00065],[84.43257,19.00421],[84.42735,19.0097],[84.42535,19.01385],[84.42273,19.01697],[84.42196,19.02119],[84.42244,19.02269],[84.42734,19.02136],[84.42949,19.01737],[84.43711,19.01004],[84.44028,19.01073],[84.44469,19.00634],[84.45136,19.00345],[84.45545,19.00066],[84.45948,18.99725],[84.47013,18.99222],[84.47894,18.99017],[84.48034,18.99159],[84.48297,19.00067],[84.4828,19.00495],[84.48511,19.01678],[84.48933,19.0188],[84.49666,19.02983],[84.50502,19.03375],[84.51034,19.03813],[84.51436,19.04431],[84.51715,19.04633],[84.53436,19.04759],[84.53869,19.05301],[84.54202,19.05422],[84.55492,19.05497],[84.56081,19.05629],[84.56692,19.06841],[84.57332,19.07389],[84.57515,19.07233],[84.57572,19.0695],[84.57779,19.06927],[84.58363,19.07342],[84.5853,19.07099],[84.5823,19.04646],[84.58086,19.04403],[84.58252,19.03612],[84.58532,19.02786],[84.59488,19.02196],[84.59731,19.02236],[84.60418,19.02871],[84.60767,19.04187],[84.61475,19.05433],[84.61663,19.05566],[84.62135,19.05565],[84.61952,19.05866],[84.61868,19.06264],[84.61988,19.06374],[84.63045,19.06459],[84.63257,19.0617],[84.63324,19.05922],[84.6372,19.05852],[84.64152,19.06446],[84.64398,19.06607],[84.65486,19.06502],[84.66165,19.06126],[84.66614,19.07257],[84.67033,19.07338],[84.67171,19.07522],[84.66673,19.07984],[84.66129,19.0899],[84.65585,19.09309],[84.65175,19.09332],[84.64188,19.08756],[84.64076,19.08352],[84.63859,19.0815],[84.63158,19.0833],[84.62697,19.08538],[84.62372,19.09405],[84.62393,19.09884],[84.62156,19.10115],[84.61679,19.09971],[84.61271,19.10145],[84.61009,19.10538],[84.60293,19.12398],[84.59883,19.12988],[84.599,19.13259],[84.60179,19.1323],[84.61653,19.12622],[84.63267,19.12706],[84.63646,19.12949],[84.6475,19.13103],[84.64881,19.13357],[84.65441,19.12917],[84.66054,19.13171],[84.66442,19.1302],[84.66828,19.13066],[84.6716,19.13695],[84.67299,19.14405],[84.67249,19.15346],[84.67037,19.15624],[84.6721,19.16547],[84.67638,19.16443],[84.68042,19.16563]],[[82.20632,16.74747],[82.19829,16.73821],[82.18987,16.73909],[82.18417,16.7361],[82.18864,16.72732],[82.20314,16.71951],[82.2121,16.71875],[82.225,16.72085],[82.23697,16.71576],[82.25611,16.70261],[82.26302,16.7009],[82.27425,16.70172],[82.28591,16.70432],[82.29474,16.70865],[82.30439,16.71725],[82.30901,16.72533],[82.31236,16.73403],[82.3106,16.7445],[82.30727,16.75152],[82.30324,16.75417],[82.29862,16.75211],[82.29461,16.74565],[82.29025,16.7339],[82.27324,16.7305],[82.2545,16.73006],[82.23659,16.72826],[82.22997,16.72939],[82.22431,16.73626],[82.22052,16.73898],[82.21956,16.7423],[82.22931,16.75588],[82.23135,16.76135],[82.2272,16.76269],[82.22065,16.75922],[82.21676,16.75471],[82.20632,16.74747]],[[79.84506,13.3307],[79.84137,13.32637],[79.8428,13.32331],[79.84607,13.32295],[79.84506,13.3307]]]]}}]}