{"type":"FeatureCollection","features":[{"type":"Feature","properties":{"id":"karnataka","name":"Karnataka","type":"state"},"geometry":{"type":"MultiPolygon","coordinates":[[[[74.69694,13.32782],[74.69562,13.32667],[74.69376,13.32684],[74.69225,13.32839],[74.69183,13.32999],[74.69229,13.33178],[74.69288,13.33223],[74.69449,13.33245],[74.69666,13.33123],[74.69734,13.33002],[74.69729,13.32901],[74.69694,13.32782]]],[[[74.6912,13.33651],[74.68988,13.33535],[74.688,13.33553],[74.6865,13.33708],[74.68608,13.33867],[74.68654,13.34045],[74.68712,13.34091],[74.68874,13.34113],[74.69091,13.33992],[74.6916,13.33871],[74.69153,13.3377],[74.6912,13.33651]]],[[[74.68516,13.3452],[74.68384,13.34405],[74.68197,13.34422],[74.68047,13.34577],[74.68004,13.34736],[74.6805,13.34915],[74.6811,13.34961],[74.68271,13.34982],[74.68487,13.34861],[74.68557,13.3474],[74.68551,13.34639],[74.68516,13.3452]]],[[[74.67504,13.37635],[74.67413,13.37593],[74.67205,13.37638],[74.66839,13.37826],[74.6682,13.37916],[74.66763,13.38087],[74.66732,13.38483],[74.66836,13.38572],[74.66954,13.38593],[74.67112,13.38546],[74.67236,13.38296],[74.67373,13.38226],[74.67373,13.38214],[74.67453,13.38089],[74.67499,13.38034],[74.67541,13.37817],[74.67504,13.37635]]],[[[74.7429,13.63968],[74.73924,13.63924],[74.73484,13.63953],[74.73094,13.64005],[74.72948,13.64102],[74.72877,13.64271],[74.73221,13.64412],[74.73734,13.64431],[74.74245,13.64329],[74.74489,13.64207],[74.74463,13.64087],[74.7429,13.63968]]],[[[74.68802,13.65284],[74.68385,13.65219],[74.68042,13.65316],[74.67904,13.65386],[74.67875,13.65883],[74.67828,13.65907],[74.67821,13.6598],[74.67766,13.66676],[74.67998,13.66743],[74.68034,13.66765],[74.68698,13.66397],[74.69041,13.66076],[74.69058,13.6601],[74.69128,13.65666],[74.68802,13.65284]]],[[[74.48482,14.01089],[74.48367,14.01023],[74.48343,14.01046],[74.4812,14.01006],[74.47993,14.01049],[74.47674,14.01142],[74.47674,14.01188],[74.47608,14.01483],[74.48078,14.01525],[74.48325,14.01546],[74.48346,14.01522],[74.48528,14.01316],[74.48507,14.01247],[74.48482,14.01089]]],[[[74.33223,14.01516],[74.33107,14.01427],[74.32854,14.01476],[74.3277,14.01513],[74.32509,14.01684],[74.32498,14.0179],[74.32612,14.02235],[74.32943,14.01988],[74.3296,14.01974],[74.33157,14.01766],[74.33223,14.01516]]],[[[74.48963,14.02379],[74.48795,14.02243],[74.48626,14.02245],[74.48487,14.02356],[74.4846,14.02492],[74.48323,14.02715],[74.48409,14.02905],[74.48635,14.03041],[74.48774,14.02985],[74.4894,14.02791],[74.48966,14.02626],[74.48963,14.02379]]],[[[74.47429,14.0849],[74.47204,14.08382],[74.47064,14.08384],[74.46897,14.08522],[74.46816,14.08797],[74.46902,14.09017],[74.47183,14.09097],[74.47489,14.08902],[74.47486,14.08627],[74.47429,14.0849]]],[[[74.47031,14.27596],[74.47381,14.27535],[74.47821,14.27621],[74.47891,14.27597],[74.47894,14.27584],[74.48075,14.27423],[74.48202,14.26531],[74.47992,14.26464],[74.47971,14.26442],[74.47372,14.26584],[74.46941,14.26757],[74.46118,14.27086],[74.45851,14.27208],[74.45863,14.27254],[74.4583,14.27505],[74.46076,14.27593],[74.46572,14.27678],[74.47031,14.27596]]],[[[74.40162,14.31124],[74.39913,14.31026],[74.39709,14.31108],[74.39526,14.3123],[74.39403,14.31291],[74.39446,14.31473],[74.39531,14.31774],[74.39757,14.31852],[74.40045,14.31809],[74.40268,14.31566],[74.40245,14.31304],[74.40162,14.31124]]],[[[74.39905,14.46128],[74.39766,14.46106],[74.39236,14.46292],[74.39073,14.46892],[74.38992,14.4745],[74.39052,14.47608],[74.3918,14.47699],[74.39551,14.47716],[74.39574,14.47717],[74.3976,14.47625],[74.40102,14.47304],[74.40101,14.47235],[74.40193,14.47165],[74.40261,14.46944],[74.40269,14.46532],[74.40232,14.46328],[74.39973,14.4615],[74.39905,14.46128]]],[[[74.08748,14.78966],[74.08452,14.78752],[74.08159,14.78826],[74.07978,14.79043],[74.08053,14.79257],[74.08128,14.79437],[74.08276,14.79615],[74.08642,14.79505],[74.08787,14.79145],[74.08748,14.78966]]],[[[74.0583,14.81571],[74.05681,14.81212],[74.05351,14.81215],[74.05096,14.81504],[74.05171,14.81826],[74.05541,14.82003],[74.05722,14.81787],[74.0583,14.81571]]],[[[74.09405,14.83161],[74.09256,14.82804],[74.08926,14.82806],[74.08671,14.83095],[74.08746,14.83417],[74.09115,14.83595],[74.09296,14.83378],[74.09405,14.83161]]],[[[74.10038,14.83843],[74.09944,14.83775],[74.09737,14.83799],[74.09519,14.83904],[74.0916,14.84074],[74.09126,14.843],[74.09139,14.84367],[74.09162,14.84436],[74.09267,14.84524],[74.09534,14.84592],[74.09651,14.84564],[74.09811,14.8452],[74.10019,14.84339],[74.10052,14.84045],[74.10038,14.83843]]],[[[74.09694,14.87216],[74.09545,14.86858],[74.09214,14.8686],[74.08959,14.87149],[74.09035,14.87472],[74.09404,14.87649],[74.09586,14.87432],[74.09694,14.87216]]],[[[74.19521,14.87109],[74.19184,14.87017],[74.18943,14.87019],[74.18657,14.87256],[74.18804,14.87537],[74.19382,14.87673],[74.19814,14.8767],[74.19811,14.87294],[74.19521,14.87109]]],[[[74.30911,15.79856],[74.29779,15.78859],[74.29229,15.79388],[74.28963,15.79383],[74.28707,15.78834],[74.27005,15.79344],[74.26638,15.79318],[74.26502,15.79445],[74.26523,15.79706],[74.26625,15.79968],[74.26722,15.80109],[74.26711,15.80642],[74.26708,15.80792],[74.26817,15.80916],[74.26703,15.8105],[74.267,15.81186],[74.26514,15.81665],[74.26557,15.81919],[74.26552,15.82147],[74.26196,15.82392],[74.26035,15.82689],[74.27736,15.82729],[74.28975,15.8308],[74.29628,15.8157],[74.30361,15.80606],[74.30911,15.79856]]],[[[77.34032,18.43689],[77.3451,18.43174],[77.34832,18.43583],[77.35711,18.45018],[77.37272,18.44911],[77.36846,18.43955],[77.36749,18.43132],[77.37286,18.40223],[77.3958,18.39858],[77.40368,18.39936],[77.41331,18.39011],[77.41109,18.38008],[77.40384,18.37176],[77.39499,18.36751],[77.40143,18.35514],[77.40151,18.34912],[77.39912,18.34626],[77.39595,18.34728],[77.39602,18.34217],[77.3924,18.34241],[77.38935,18.33981],[77.38244,18.34071],[77.38405,18.33355],[77.38116,18.33031],[77.37708,18.33113],[77.37013,18.32395],[77.35852,18.32013],[77.36193,18.31227],[77.36564,18.30992],[77.38445,18.30761],[77.39575,18.3026],[77.3995,18.30465],[77.41103,18.30125],[77.42824,18.30637],[77.43106,18.31087],[77.43965,18.30819],[77.4379,18.29471],[77.44022,18.28379],[77.4482,18.279],[77.44854,18.27187],[77.45413,18.26774],[77.46876,18.26176],[77.47261,18.26496],[77.47819,18.26409],[77.48374,18.27045],[77.49565,18.26771],[77.50117,18.27516],[77.51367,18.28026],[77.51609,18.2838],[77.51188,18.30396],[77.51296,18.30851],[77.52324,18.30916],[77.52737,18.30483],[77.54309,18.29566],[77.5535,18.29319],[77.56455,18.28497],[77.57424,18.29234],[77.57823,18.29117],[77.57791,18.28872],[77.58743,18.28496],[77.60148,18.28313],[77.60668,18.27991],[77.60268,18.27482],[77.59557,18.26369],[77.58511,18.25824],[77.57614,18.24248],[77.58038,18.23505],[77.58471,18.2247],[77.58859,18.21871],[77.57802,18.2019],[77.5679,18.20253],[77.56793,18.19197],[77.57364,18.19115],[77.57609,18.18097],[77.58119,18.17031],[77.58302,18.16416],[77.59283,18.15552],[77.60146,18.15391],[77.5972,18.12996],[77.60032,18.12314],[77.60428,18.10155],[77.60119,18.08646],[77.5935,18.08246],[77.58114,18.07902],[77.57099,18.07844],[77.56412,18.07327],[77.56034,18.06433],[77.55106,18.06578],[77.54937,18.05592],[77.55169,18.05015],[77.5557,18.04911],[77.55675,18.03685],[77.56147,18.03739],[77.57818,18.03294],[77.58869,18.02703],[77.59099,18.01559],[77.59599,18.01244],[77.60324,18.018],[77.61044,18.02028],[77.61384,18.01277],[77.61965,18.00838],[77.6261,18.00697],[77.62772,18.00347],[77.62527,18.00066],[77.63263,17.99485],[77.63656,17.99747],[77.64207,17.99887],[77.64615,17.99824],[77.65003,17.99555],[77.65161,17.98967],[77.65366,17.98822],[77.65277,17.98077],[77.64749,17.97581],[77.65129,17.97282],[77.65728,17.97174],[77.65594,17.96669],[77.64814,17.96507],[77.6467,17.95968],[77.65131,17.95558],[77.64786,17.94878],[77.64448,17.95203],[77.63947,17.95291],[77.63567,17.95591],[77.63357,17.96533],[77.62757,17.96012],[77.63283,17.95622],[77.63271,17.95089],[77.62811,17.94608],[77.62384,17.94684],[77.62062,17.94049],[77.62337,17.93247],[77.62251,17.92423],[77.62278,17.91591],[77.62044,17.9053],[77.60827,17.90791],[77.60361,17.90608],[77.58895,17.91063],[77.58683,17.90078],[77.58898,17.89493],[77.59629,17.88195],[77.60159,17.87952],[77.60052,17.8729],[77.59657,17.87223],[77.58506,17.87818],[77.58151,17.87366],[77.57652,17.87524],[77.57119,17.86858],[77.56979,17.85201],[77.5659,17.85158],[77.56723,17.84446],[77.56294,17.8411],[77.55805,17.83296],[77.55349,17.82051],[77.54853,17.81948],[77.54743,17.82873],[77.52969,17.82926],[77.52977,17.81415],[77.52172,17.81017],[77.51453,17.8039],[77.51066,17.79542],[77.50812,17.78506],[77.513,17.78257],[77.52673,17.78212],[77.53131,17.77917],[77.53821,17.77721],[77.54071,17.77298],[77.55822,17.76382],[77.56976,17.76668],[77.56584,17.7497],[77.55841,17.74372],[77.55566,17.73697],[77.54788,17.73598],[77.54311,17.72801],[77.53772,17.72779],[77.53129,17.72969],[77.52629,17.7266],[77.51316,17.72253],[77.50914,17.71709],[77.49793,17.7186],[77.49539,17.71542],[77.49299,17.70936],[77.48811,17.70621],[77.48473,17.7094],[77.48231,17.70559],[77.47777,17.70394],[77.47517,17.70656],[77.46145,17.7015],[77.4582,17.69664],[77.45392,17.69384],[77.45498,17.69029],[77.45457,17.68341],[77.45267,17.66869],[77.44922,17.66004],[77.44859,17.65101],[77.45111,17.64971],[77.45442,17.63498],[77.45683,17.63339],[77.45242,17.62542],[77.44941,17.61493],[77.45011,17.60989],[77.4449,17.60927],[77.44409,17.60673],[77.44567,17.59847],[77.44353,17.58414],[77.46487,17.57974],[77.46884,17.57737],[77.47279,17.57091],[77.47577,17.57185],[77.47777,17.56785],[77.49373,17.56902],[77.49939,17.55281],[77.49929,17.54931],[77.50058,17.54616],[77.50538,17.54368],[77.51345,17.55196],[77.51768,17.56004],[77.53124,17.57602],[77.53591,17.57588],[77.54052,17.57414],[77.54779,17.55742],[77.55226,17.5523],[77.55668,17.55284],[77.56001,17.555],[77.56473,17.55637],[77.58934,17.56122],[77.58936,17.5649],[77.59378,17.56563],[77.59581,17.55795],[77.59641,17.55197],[77.5957,17.53559],[77.60324,17.53692],[77.60727,17.53362],[77.61198,17.534],[77.62062,17.5323],[77.62528,17.52521],[77.63724,17.52605],[77.64941,17.52178],[77.65399,17.52406],[77.66075,17.52435],[77.66535,17.51783],[77.67023,17.51298],[77.68313,17.50815],[77.68622,17.50972],[77.68744,17.50708],[77.68982,17.50871],[77.6922,17.50161],[77.69117,17.49465],[77.68889,17.48831],[77.68822,17.47595],[77.66906,17.47937],[77.65222,17.48423],[77.65309,17.49458],[77.65689,17.50627],[77.65207,17.50238],[77.64834,17.49793],[77.64671,17.48648],[77.64455,17.47905],[77.63812,17.47527],[77.63066,17.47423],[77.61971,17.47443],[77.61501,17.47296],[77.61416,17.46767],[77.61551,17.45595],[77.61468,17.44727],[77.60853,17.44614],[77.59993,17.44572],[77.59445,17.45113],[77.57717,17.45719],[77.57594,17.44155],[77.57655,17.43254],[77.56174,17.43828],[77.55278,17.43791],[77.53736,17.44392],[77.52724,17.43965],[77.51399,17.43022],[77.51454,17.41552],[77.53061,17.409],[77.53749,17.40911],[77.53942,17.40712],[77.53749,17.40188],[77.52522,17.38936],[77.53049,17.38188],[77.53409,17.38093],[77.53193,17.37517],[77.52473,17.36511],[77.51364,17.36232],[77.50299,17.35711],[77.49622,17.35854],[77.48643,17.35748],[77.47828,17.36218],[77.4762,17.36618],[77.47915,17.37114],[77.48314,17.37261],[77.45534,17.37346],[77.45362,17.36603],[77.4535,17.35305],[77.45674,17.35181],[77.46012,17.34799],[77.45887,17.34092],[77.45628,17.33096],[77.45515,17.33025],[77.45341,17.31795],[77.45175,17.31649],[77.44419,17.30086],[77.44151,17.29974],[77.43777,17.29132],[77.45078,17.2919],[77.45659,17.28971],[77.45831,17.27899],[77.45347,17.27297],[77.44625,17.27169],[77.44112,17.26447],[77.42633,17.25634],[77.42422,17.25242],[77.42375,17.24471],[77.42151,17.23591],[77.41867,17.23301],[77.40917,17.2405],[77.40253,17.23498],[77.39954,17.23593],[77.39594,17.23165],[77.38769,17.2264],[77.38402,17.22286],[77.38496,17.21942],[77.38826,17.21606],[77.39688,17.21459],[77.40273,17.21465],[77.40252,17.21189],[77.39716,17.21006],[77.3952,17.19551],[77.3854,17.19685],[77.3804,17.19612],[77.3744,17.19319],[77.37118,17.18632],[77.37202,17.17961],[77.36719,17.17261],[77.36856,17.16809],[77.36364,17.16476],[77.37054,17.15449],[77.3791,17.15187],[77.38004,17.14108],[77.40265,17.13515],[77.4075,17.12646],[77.41558,17.12378],[77.42734,17.11734],[77.43762,17.11445],[77.44248,17.11787],[77.4523,17.11481],[77.45627,17.11093],[77.46656,17.10741],[77.46423,17.09619],[77.4678,17.09008],[77.47239,17.08449],[77.4809,17.07962],[77.48183,17.07567],[77.47941,17.07329],[77.48205,17.06441],[77.48706,17.05687],[77.49079,17.04812],[77.4959,17.0423],[77.49727,17.03646],[77.49607,17.02514],[77.50226,17.0187],[77.50347,17.01084],[77.49763,17.00935],[77.48727,17.00219],[77.48603,17.0007],[77.4824,16.99376],[77.48403,16.9787],[77.48324,16.97158],[77.47779,16.96301],[77.47322,16.95739],[77.4681,16.95623],[77.4687,16.94992],[77.46835,16.94336],[77.47002,16.93813],[77.46757,16.93262],[77.46865,16.92848],[77.47192,16.92778],[77.4718,16.92072],[77.46942,16.91768],[77.46416,16.91653],[77.45742,16.91262],[77.45796,16.90986],[77.45986,16.90826],[77.4583,16.88975],[77.45629,16.88521],[77.45652,16.88511],[77.46166,16.88292],[77.46439,16.8582],[77.4645,16.8478],[77.46072,16.82746],[77.46352,16.82148],[77.46686,16.80826],[77.4699,16.80458],[77.47591,16.80005],[77.47579,16.78895],[77.47531,16.78292],[77.47149,16.78039],[77.44865,16.78378],[77.44161,16.78695],[77.43935,16.78137],[77.44131,16.76689],[77.43944,16.75333],[77.43538,16.74023],[77.43192,16.73328],[77.42978,16.73086],[77.43043,16.72655],[77.43162,16.72494],[77.43084,16.72218],[77.42822,16.72161],[77.42751,16.71834],[77.42953,16.71557],[77.43412,16.71552],[77.43739,16.71294],[77.44151,16.71138],[77.44956,16.71764],[77.4526,16.71742],[77.46047,16.71454],[77.46523,16.71702],[77.47102,16.7158],[77.47298,16.71259],[77.47167,16.70626],[77.47172,16.70069],[77.46926,16.68219],[77.46592,16.67627],[77.45061,16.67806],[77.44131,16.67047],[77.42069,16.66668],[77.42098,16.65863],[77.42533,16.65588],[77.43224,16.65398],[77.43444,16.64864],[77.43664,16.64698],[77.4404,16.64645],[77.43711,16.64157],[77.44254,16.64014],[77.44826,16.63973],[77.45273,16.64277],[77.45899,16.64881],[77.46566,16.65277],[77.47365,16.65087],[77.47561,16.64748],[77.47013,16.6399],[77.46673,16.63318],[77.46558,16.62875],[77.4598,16.62399],[77.45807,16.61778],[77.45813,16.61141],[77.4679,16.60882],[77.46896,16.60146],[77.46849,16.59916],[77.46461,16.59957],[77.46306,16.59606],[77.46562,16.59468],[77.46848,16.59123],[77.46847,16.58825],[77.46466,16.5875],[77.46067,16.58503],[77.44751,16.58607],[77.44095,16.58521],[77.42516,16.56917],[77.42147,16.56791],[77.40629,16.57026],[77.4017,16.56733],[77.39556,16.56916],[77.39444,16.56372],[77.39675,16.56342],[77.39895,16.56222],[77.40069,16.55952],[77.40122,16.55688],[77.40461,16.55423],[77.40574,16.55078],[77.41985,16.54803],[77.41955,16.52189],[77.4162,16.51787],[77.40478,16.51999],[77.39769,16.5189],[77.39287,16.51614],[77.38531,16.51556],[77.38322,16.51475],[77.37703,16.51004],[77.37322,16.50614],[77.37143,16.4978],[77.37131,16.49097],[77.37042,16.48815],[77.36227,16.48718],[77.35572,16.48734],[77.35197,16.48953],[77.34768,16.48889],[77.34773,16.48608],[77.33399,16.48469],[77.32845,16.48492],[77.31762,16.49151],[77.31309,16.4933],[77.30059,16.49541],[77.30083,16.48984],[77.29976,16.4853],[77.29595,16.4776],[77.28929,16.47547],[77.25536,16.47182],[77.24833,16.47612],[77.24268,16.4768],[77.23899,16.47197],[77.25632,16.45723],[77.2621,16.45126],[77.2683,16.43402],[77.27317,16.42708],[77.27871,16.42175],[77.28217,16.41473],[77.28865,16.40704],[77.29859,16.40366],[77.31103,16.3981],[77.33684,16.39243],[77.34708,16.38387],[77.35672,16.38077],[77.37742,16.38411],[77.3924,16.37602],[77.40543,16.37028],[77.41608,16.36694],[77.42655,16.36712],[77.43215,16.36936],[77.43958,16.37694],[77.4425,16.37872],[77.45339,16.3801],[77.46576,16.37975],[77.48587,16.3821],[77.49902,16.38014],[77.51471,16.37456],[77.52346,16.3745],[77.53326,16.36278],[77.5398,16.35738],[77.54901,16.35421],[77.55418,16.34915],[77.55924,16.34604],[77.57659,16.34046],[77.59122,16.34246],[77.5964,16.34205],[77.58918,16.33258],[77.59144,16.325],[77.59565,16.31654],[77.59581,16.30919],[77.59318,16.30023],[77.5971,16.29471],[77.59513,16.29144],[77.5855,16.29065],[77.57914,16.29352],[77.57404,16.29933],[77.56976,16.30227],[77.55423,16.29521],[77.54792,16.29159],[77.54447,16.28717],[77.5385,16.26718],[77.53053,16.27156],[77.52912,16.27431],[77.524,16.27541],[77.51776,16.27524],[77.50587,16.27231],[77.50484,16.26519],[77.5036,16.26237],[77.49217,16.25433],[77.49354,16.24635],[77.4934,16.22889],[77.49827,16.22757],[77.5069,16.22935],[77.51545,16.22791],[77.51586,16.22176],[77.51348,16.21952],[77.50701,16.22027],[77.49998,16.21757],[77.49838,16.21074],[77.49961,16.19994],[77.49961,16.19172],[77.49306,16.18328],[77.4883,16.16318],[77.4915,16.15772],[77.4928,16.15204],[77.49331,16.13113],[77.49141,16.12045],[77.49497,16.12085],[77.5002,16.11935],[77.50749,16.11418],[77.5142,16.10826],[77.50826,16.10625],[77.50267,16.10195],[77.49767,16.08851],[77.49779,16.08437],[77.50775,16.07799],[77.50435,16.05904],[77.50103,16.05956],[77.4993,16.05456],[77.50049,16.0525],[77.49554,16.03544],[77.4969,16.03038],[77.50367,16.02199],[77.50343,16.01872],[77.50514,16.01619],[77.50656,16.01039],[77.51498,16.00711],[77.51329,16.00071],[77.5104,15.98365],[77.51042,15.97757],[77.51394,15.97235],[77.51982,15.96807],[77.52084,15.96239],[77.51953,15.94839],[77.51441,15.92584],[77.50224,15.93125],[77.4882,15.93299],[77.47184,15.93248],[77.45732,15.9364],[77.44124,15.94388],[77.43115,15.94711],[77.42665,15.94612],[77.42116,15.94278],[77.41233,15.94045],[77.40469,15.94026],[77.39734,15.94155],[77.39025,15.93924],[77.38083,15.93801],[77.3727,15.94079],[77.36444,15.94627],[77.35816,15.94843],[77.33967,15.94797],[77.31922,15.94985],[77.30462,15.95514],[77.29616,15.9546],[77.28681,15.95198],[77.26747,15.95598],[77.26243,15.95855],[77.25317,15.9623],[77.24832,15.96132],[77.24033,15.95726],[77.23133,15.95615],[77.22286,15.95617],[77.20711,15.95439],[77.19194,15.9552],[77.18471,15.95454],[77.17478,15.95003],[77.16115,15.94894],[77.14743,15.94505],[77.14075,15.94066],[77.13391,15.93483],[77.12461,15.93325],[77.10852,15.92894],[77.09392,15.92227],[77.08063,15.91413],[77.06977,15.9037],[77.06202,15.89155],[77.05626,15.88068],[77.04484,15.86836],[77.03695,15.85748],[77.03278,15.84931],[77.02604,15.83619],[77.02818,15.83391],[77.03194,15.83002],[77.03768,15.82884],[77.04218,15.82995],[77.04534,15.82611],[77.05376,15.8246],[77.05611,15.8288],[77.06778,15.82764],[77.06542,15.80243],[77.07116,15.80056],[77.0664,15.78293],[77.06367,15.78337],[77.06051,15.77681],[77.05764,15.76819],[77.05362,15.76863],[77.05239,15.76529],[77.05708,15.76342],[77.05564,15.75468],[77.0506,15.75587],[77.04713,15.73904],[77.05117,15.73773],[77.05102,15.72958],[77.06696,15.72827],[77.08029,15.72603],[77.08029,15.715],[77.0884,15.71361],[77.08568,15.69999],[77.08196,15.69802],[77.07996,15.69554],[77.10494,15.68358],[77.11462,15.67599],[77.12325,15.66684],[77.12918,15.66381],[77.12515,15.64198],[77.12041,15.6299],[77.10806,15.6387],[77.10471,15.64391],[77.10008,15.64889],[77.09301,15.65225],[77.08553,15.65755],[77.07292,15.64561],[77.03999,15.63705],[77.03662,15.63669],[77.03324,15.6385],[77.03107,15.63402],[77.03238,15.61155],[77.03289,15.60296],[77.02844,15.58908],[77.02771,15.5811],[77.03293,15.52991],[77.03284,15.51337],[77.03069,15.50481],[77.00944,15.50756],[77.00002,15.50451],[76.99484,15.50585],[76.98558,15.50952],[76.97581,15.51105],[76.97407,15.4997],[76.97432,15.49567],[76.98004,15.48678],[76.99297,15.47795],[77.00003,15.47228],[77.00479,15.46653],[77.00609,15.46022],[77.01018,15.45308],[77.01939,15.44594],[77.02798,15.44345],[77.03154,15.44008],[77.03466,15.43124],[77.03518,15.42326],[77.03103,15.41267],[77.03272,15.40624],[77.03747,15.40121],[77.04524,15.39647],[77.04806,15.38872],[77.04654,15.37979],[77.04229,15.36378],[77.04687,15.35725],[77.06217,15.34824],[77.06723,15.34298],[77.06751,15.33315],[77.06594,15.32694],[77.07347,15.32456],[77.10377,15.33174],[77.11417,15.33242],[77.11474,15.32588],[77.11793,15.32428],[77.11996,15.29504],[77.12831,15.29278],[77.14346,15.29071],[77.15256,15.29092],[77.15337,15.28311],[77.15268,15.27621],[77.14956,15.27453],[77.14981,15.27132],[77.15453,15.2722],[77.16238,15.26567],[77.16888,15.26438],[77.16998,15.25628],[77.16265,15.25666],[77.15136,15.25558],[77.14492,15.25682],[77.13731,15.2399],[77.12808,15.23859],[77.12554,15.22652],[77.14607,15.22344],[77.15178,15.21415],[77.15469,15.21324],[77.16054,15.19971],[77.16291,15.19919],[77.16633,15.1876],[77.16929,15.17388],[77.16802,15.16675],[77.1636,15.16328],[77.16411,15.15754],[77.16252,15.15437],[77.15785,15.15424],[77.15028,15.1561],[77.14172,15.15464],[77.13684,15.14807],[77.14012,15.14141],[77.15757,15.13706],[77.15887,15.12597],[77.15254,15.11279],[77.14419,15.10533],[77.1324,15.09909],[77.13033,15.07368],[77.12573,15.06055],[77.1232,15.05611],[77.12088,15.04559],[77.11642,15.04361],[77.11438,15.03407],[77.10647,15.03282],[77.09554,15.03318],[77.09302,15.02851],[77.08682,15.02775],[77.08525,15.01337],[77.08357,15.00549],[77.07332,15.00657],[77.06618,15.00701],[77.05559,15.00973],[77.04565,15.0109],[77.05104,15.02144],[77.05343,15.02926],[77.05151,15.0346],[77.04206,15.03296],[77.02753,15.03302],[77.01381,15.03492],[77.00518,15.03493],[77.00313,15.03239],[77.00016,15.029],[76.98797,15.02574],[76.98624,15.01568],[76.97121,15.01847],[76.95502,15.02969],[76.94708,15.03228],[76.93597,15.03154],[76.92361,15.03373],[76.91778,15.03615],[76.90966,15.03449],[76.9004,15.03706],[76.89285,15.03692],[76.88083,15.03383],[76.87385,15.04915],[76.86814,15.0551],[76.86462,15.06181],[76.84719,15.07122],[76.84138,15.07752],[76.83338,15.07932],[76.82519,15.07987],[76.81577,15.08523],[76.80077,15.09571],[76.79136,15.0854],[76.78801,15.08574],[76.78603,15.08378],[76.78771,15.08063],[76.78239,15.07654],[76.78014,15.07825],[76.77798,15.07635],[76.77952,15.07412],[76.77634,15.07008],[76.7746,15.06326],[76.77492,15.05907],[76.77883,15.04894],[76.78462,15.03924],[76.78564,15.02836],[76.78843,15.0217],[76.7836,15.01093],[76.77338,15.00561],[76.7719,15.00067],[76.77006,14.99585],[76.76902,14.9941],[76.76619,14.99449],[76.76306,14.9901],[76.76081,14.988],[76.76246,14.9845],[76.7657,14.98033],[76.76762,14.97492],[76.77597,14.9737],[76.80085,14.96802],[76.81948,14.96895],[76.82432,14.96431],[76.82771,14.95876],[76.83197,14.95617],[76.83663,14.95864],[76.83996,14.96425],[76.84527,14.96633],[76.86863,14.96922],[76.86785,14.96042],[76.86968,14.94283],[76.86772,14.9209],[76.86812,14.917],[76.86697,14.90704],[76.86454,14.89646],[76.85034,14.89559],[76.84797,14.89168],[76.84745,14.88673],[76.85327,14.8852],[76.85511,14.87814],[76.85592,14.86782],[76.85837,14.86667],[76.85365,14.84403],[76.84861,14.83857],[76.84434,14.83535],[76.8445,14.8334],[76.84726,14.82963],[76.84873,14.82093],[76.85283,14.81959],[76.8539,14.81715],[76.85305,14.80938],[76.8512,14.80767],[76.84148,14.80948],[76.83923,14.80547],[76.83805,14.79027],[76.83564,14.78946],[76.83067,14.79233],[76.82496,14.79195],[76.82158,14.79077],[76.82095,14.78782],[76.81519,14.78675],[76.78447,14.78454],[76.78542,14.77962],[76.79059,14.76722],[76.79233,14.75716],[76.79922,14.74648],[76.80229,14.73995],[76.78975,14.71246],[76.7853,14.69585],[76.7755,14.67922],[76.77372,14.66171],[76.76725,14.61735],[76.76445,14.60745],[76.76519,14.60173],[76.77705,14.59267],[76.77866,14.59604],[76.78062,14.5958],[76.78251,14.58482],[76.78844,14.5675],[76.79057,14.55859],[76.79915,14.54628],[76.80421,14.53331],[76.80959,14.53046],[76.81539,14.5294],[76.82427,14.52595],[76.83215,14.52868],[76.83299,14.52786],[76.83668,14.52071],[76.84856,14.51481],[76.8589,14.50457],[76.86516,14.49284],[76.86856,14.4804],[76.87497,14.47419],[76.8851,14.47629],[76.8903,14.48171],[76.89911,14.48652],[76.91138,14.48994],[76.9504,14.488],[76.96084,14.48546],[76.97416,14.48498],[76.97848,14.48418],[76.97929,14.47627],[76.96943,14.45765],[76.96366,14.4513],[76.94883,14.45098],[76.94774,14.44573],[76.94937,14.43114],[76.94975,14.41484],[76.94867,14.40919],[76.94665,14.40546],[76.94184,14.40723],[76.92396,14.41733],[76.91807,14.41942],[76.90613,14.40419],[76.90158,14.40034],[76.89726,14.39873],[76.89169,14.3983],[76.88804,14.39614],[76.88356,14.35727],[76.88405,14.35228],[76.89035,14.3455],[76.90402,14.32519],[76.91125,14.3213],[76.92192,14.31825],[76.92829,14.31565],[76.94175,14.31443],[76.94814,14.31142],[76.95193,14.30649],[76.95535,14.30009],[76.95399,14.29282],[76.949,14.28774],[76.94071,14.28268],[76.93004,14.27822],[76.93103,14.27045],[76.93886,14.25958],[76.94125,14.25485],[76.94311,14.2462],[76.94875,14.24242],[76.95671,14.24027],[76.96693,14.24203],[76.97511,14.24136],[76.98101,14.24357],[76.98789,14.24431],[76.99481,14.24258],[76.99824,14.23917],[77.00002,14.24175],[77.0096,14.23778],[77.01801,14.2413],[77.03012,14.24291],[77.0386,14.24673],[77.04623,14.24702],[77.05523,14.24581],[77.06096,14.23859],[77.06589,14.23046],[77.07331,14.22419],[77.08107,14.21569],[77.09063,14.21482],[77.101,14.21586],[77.11089,14.21967],[77.11577,14.22786],[77.11627,14.23836],[77.11879,14.24629],[77.11735,14.25483],[77.1213,14.26318],[77.11268,14.2681],[77.11629,14.28127],[77.11765,14.29385],[77.12305,14.29774],[77.13153,14.30786],[77.13668,14.32013],[77.13836,14.33037],[77.13764,14.3369],[77.14128,14.34032],[77.14629,14.34243],[77.15223,14.33852],[77.15792,14.34408],[77.16556,14.34259],[77.17004,14.33683],[77.17772,14.3366],[77.18261,14.33268],[77.18539,14.33276],[77.20228,14.32074],[77.21577,14.31946],[77.22893,14.32145],[77.23801,14.31757],[77.25117,14.32105],[77.25738,14.32712],[77.26395,14.33222],[77.27345,14.33355],[77.27943,14.33829],[77.2873,14.33767],[77.28888,14.30889],[77.28811,14.29706],[77.28582,14.2827],[77.29174,14.28138],[77.30172,14.28311],[77.31379,14.2805],[77.32693,14.28013],[77.34977,14.27725],[77.35984,14.27743],[77.3657,14.27609],[77.36473,14.26708],[77.36572,14.2504],[77.3619,14.23684],[77.37083,14.23013],[77.38319,14.22356],[77.38822,14.21704],[77.38671,14.20941],[77.39041,14.19871],[77.39787,14.19779],[77.42157,14.21015],[77.42237,14.21888],[77.42138,14.22397],[77.41569,14.23048],[77.41279,14.24359],[77.41137,14.25546],[77.40759,14.26724],[77.39641,14.26821],[77.39087,14.27241],[77.39157,14.27925],[77.38768,14.28977],[77.38146,14.30194],[77.3803,14.31186],[77.38527,14.32382],[77.39211,14.33161],[77.40135,14.33591],[77.4158,14.33388],[77.42726,14.3288],[77.43242,14.32762],[77.43412,14.31169],[77.44897,14.3166],[77.44909,14.29779],[77.45028,14.28444],[77.4614,14.27911],[77.47516,14.28637],[77.48588,14.29068],[77.48611,14.29172],[77.49117,14.28223],[77.49895,14.27826],[77.50308,14.27874],[77.50621,14.26753],[77.50566,14.25656],[77.50315,14.24743],[77.49694,14.23466],[77.49974,14.2271],[77.49997,14.22102],[77.50662,14.21155],[77.50802,14.20031],[77.5111,14.18776],[77.5164,14.18408],[77.51734,14.17915],[77.51378,14.17138],[77.50967,14.16425],[77.50744,14.15809],[77.49551,14.16019],[77.4702,14.17128],[77.46077,14.17002],[77.43025,14.17206],[77.42306,14.17626],[77.41644,14.17668],[77.40416,14.17344],[77.39639,14.17219],[77.39625,14.16048],[77.38931,14.15465],[77.38542,14.14522],[77.38337,14.13654],[77.37167,14.13405],[77.3615,14.13066],[77.35436,14.13124],[77.35315,14.12475],[77.35314,14.11735],[77.35121,14.10294],[77.35517,14.10618],[77.35911,14.11228],[77.36561,14.11565],[77.37995,14.11954],[77.38708,14.1236],[77.39649,14.12555],[77.4012,14.12163],[77.4032,14.11756],[77.40223,14.11044],[77.39245,14.10046],[77.38641,14.09738],[77.37914,14.07885],[77.36811,14.07294],[77.36531,14.06592],[77.35685,14.06036],[77.34466,14.06079],[77.34123,14.05475],[77.33796,14.04681],[77.3329,14.02991],[77.35081,14.02607],[77.35688,14.02348],[77.36915,14.02304],[77.38193,14.01916],[77.39026,14.01445],[77.38676,14.00038],[77.3801,13.98881],[77.37961,13.98261],[77.38259,13.97623],[77.39346,13.98113],[77.41718,13.98409],[77.42752,13.98405],[77.43366,13.98048],[77.4377,13.97599],[77.43797,13.96922],[77.43613,13.9636],[77.43579,13.95058],[77.42967,13.94623],[77.41475,13.94331],[77.41553,13.92884],[77.41726,13.92183],[77.42963,13.91921],[77.43456,13.9165],[77.43277,13.90932],[77.42611,13.90218],[77.41564,13.89607],[77.40417,13.88778],[77.40337,13.88769],[77.39895,13.88713],[77.39748,13.90491],[77.36584,13.90273],[77.35528,13.90368],[77.35283,13.91046],[77.35044,13.91311],[77.34952,13.91936],[77.35955,13.93557],[77.36952,13.94942],[77.36894,13.95258],[77.35059,13.95797],[77.35406,13.96244],[77.35379,13.96766],[77.36024,13.98336],[77.36061,13.98938],[77.35246,13.99263],[77.34026,13.99507],[77.3371,13.99737],[77.33652,14.00035],[77.33642,14.00036],[77.33688,14.00189],[77.33082,14.01229],[77.32693,14.01622],[77.32371,14.02228],[77.32317,14.02841],[77.32016,14.03177],[77.31019,14.03366],[77.30466,14.02995],[77.29891,14.02142],[77.2918,14.01844],[77.28509,14.0138],[77.27918,14.01491],[77.28077,14.02307],[77.27806,14.03498],[77.27104,14.03339],[77.26227,14.02782],[77.24906,14.01315],[77.23371,14.01477],[77.22527,14.01471],[77.21408,14.01166],[77.20092,14.00962],[77.17767,14.01532],[77.16794,14.01295],[77.16905,14.00448],[77.16443,14.00023],[77.16462,14.00023],[77.16069,13.99731],[77.15358,13.99831],[77.15083,14.00021],[77.15061,14.00021],[77.14571,14.00386],[77.14053,14.0048],[77.13905,14.01087],[77.14021,14.01632],[77.13398,14.02527],[77.1308,14.04135],[77.12719,14.04878],[77.11621,14.04862],[77.11001,14.04714],[77.10269,14.04726],[77.09676,14.04481],[77.08245,14.04458],[77.07547,14.04596],[77.07496,14.05368],[77.05707,14.05606],[77.04906,14.05812],[77.04068,14.05788],[77.03429,14.05841],[77.02949,14.05969],[77.02601,14.06785],[77.0303,14.08358],[77.02974,14.08976],[77.02043,14.09507],[77.01613,14.09842],[77.01399,14.10448],[77.02228,14.11245],[77.02272,14.1183],[77.02203,14.12387],[77.02594,14.12866],[77.02486,14.13164],[77.01946,14.13373],[77.02059,14.13851],[77.02165,14.159],[77.0267,14.17063],[77.02697,14.1747],[77.02544,14.17899],[77.01962,14.17932],[77.01162,14.18112],[76.99992,14.18],[76.99178,14.17877],[76.98369,14.17914],[76.97823,14.18051],[76.97112,14.18052],[76.96392,14.1817],[76.95918,14.18721],[76.95445,14.18998],[76.94941,14.19447],[76.947,14.19546],[76.94458,14.19295],[76.94689,14.18419],[76.94462,14.17388],[76.94235,14.17205],[76.9283,14.16954],[76.9225,14.16382],[76.90201,14.168],[76.89667,14.1651],[76.89443,14.15698],[76.89218,14.14235],[76.88894,14.13714],[76.89619,14.13397],[76.90377,14.13302],[76.91787,14.12828],[76.92248,14.13065],[76.9278,14.13522],[76.93236,14.13339],[76.94283,14.12137],[76.94838,14.11813],[76.95206,14.10921],[76.95372,14.10283],[76.95405,14.09767],[76.95181,14.09152],[76.95696,14.09164],[76.96568,14.08926],[76.97367,14.08604],[76.97744,14.08203],[76.97786,14.07472],[76.98063,14.0716],[76.97983,14.06404],[76.97715,14.05873],[76.9553,14.05415],[76.94883,14.05351],[76.9435,14.05389],[76.93925,14.04696],[76.93665,14.02903],[76.94635,14.02692],[76.94792,14.0218],[76.95035,14.01701],[76.95419,14.01312],[76.96989,14.00861],[76.9809,14.00299],[76.98338,14.00026],[76.98308,14.00027],[76.99078,13.99394],[77.00017,13.98794],[76.99712,13.98226],[76.996,13.97673],[76.99482,13.96315],[77.00016,13.95986],[77.00091,13.9592],[77.00528,13.95693],[77.01399,13.95388],[77.0199,13.946],[77.02455,13.94132],[77.04185,13.93217],[77.04733,13.90401],[77.03383,13.90376],[77.02326,13.89994],[77.02261,13.89431],[77.0177,13.87803],[77.01863,13.87383],[77.01832,13.87068],[77.01404,13.86949],[77.01314,13.86076],[77.01201,13.85669],[77.00012,13.84555],[76.99592,13.84609],[76.99223,13.8458],[76.98997,13.83432],[76.98251,13.82793],[76.97751,13.82544],[76.97437,13.82096],[76.9748,13.81681],[76.98605,13.81378],[76.98975,13.81079],[76.99183,13.79962],[76.99091,13.79532],[76.98727,13.79241],[76.99043,13.7832],[76.99243,13.77316],[76.99507,13.76684],[76.99626,13.75976],[76.99826,13.75618],[76.99781,13.752],[76.99873,13.74922],[77.00006,13.74819],[77.00812,13.74335],[77.01762,13.73943],[77.02005,13.75418],[77.02463,13.7684],[77.02605,13.77655],[77.03256,13.77815],[77.04141,13.776],[77.05363,13.76284],[77.06105,13.75128],[77.06637,13.74565],[77.07786,13.74556],[77.087,13.74422],[77.08568,13.75284],[77.08676,13.76024],[77.09162,13.76137],[77.09216,13.76493],[77.10167,13.76772],[77.11743,13.76149],[77.13003,13.75778],[77.14066,13.75994],[77.14407,13.76257],[77.15334,13.76168],[77.16477,13.76188],[77.17322,13.76163],[77.17629,13.76834],[77.17797,13.779],[77.17581,13.78251],[77.17066,13.78729],[77.16505,13.79402],[77.16255,13.80022],[77.16227,13.80504],[77.16063,13.80746],[77.16287,13.81066],[77.16189,13.81429],[77.16272,13.81824],[77.16848,13.82235],[77.16879,13.82763],[77.1644,13.83235],[77.15437,13.83571],[77.15223,13.84179],[77.1469,13.84473],[77.13166,13.84982],[77.13028,13.85619],[77.13655,13.85675],[77.14579,13.86585],[77.15464,13.86663],[77.16896,13.86384],[77.17139,13.87307],[77.16883,13.88312],[77.16815,13.88926],[77.16343,13.89811],[77.16234,13.90661],[77.16594,13.91526],[77.17647,13.92315],[77.18345,13.92423],[77.18807,13.91761],[77.18869,13.90815],[77.18783,13.89805],[77.1857,13.89014],[77.18609,13.8852],[77.18472,13.87826],[77.18164,13.86828],[77.18532,13.86672],[77.19928,13.86313],[77.20346,13.86645],[77.20753,13.87343],[77.20914,13.88175],[77.2115,13.88806],[77.21543,13.88535],[77.21473,13.86734],[77.21813,13.86836],[77.22361,13.8762],[77.22752,13.8887],[77.22849,13.89576],[77.23208,13.9024],[77.24047,13.90187],[77.24675,13.90104],[77.2482,13.89582],[77.24548,13.88848],[77.24592,13.88056],[77.24742,13.87286],[77.25045,13.86729],[77.25977,13.86314],[77.25719,13.8465],[77.26272,13.84649],[77.28197,13.84987],[77.28977,13.84807],[77.29236,13.85312],[77.29654,13.85711],[77.30289,13.86065],[77.31381,13.86435],[77.31779,13.85826],[77.32309,13.84688],[77.32698,13.83292],[77.33424,13.83198],[77.34171,13.83661],[77.34689,13.84204],[77.35401,13.84678],[77.35925,13.85159],[77.36653,13.85288],[77.37462,13.85045],[77.38023,13.84544],[77.37997,13.83855],[77.38825,13.83852],[77.39699,13.84022],[77.40638,13.83972],[77.41113,13.83873],[77.42598,13.84087],[77.43177,13.84248],[77.43351,13.83708],[77.43198,13.83404],[77.42231,13.82271],[77.42001,13.8191],[77.42093,13.81474],[77.41547,13.80982],[77.41592,13.8066],[77.41885,13.80625],[77.42196,13.80756],[77.42654,13.80709],[77.42682,13.80318],[77.42417,13.79832],[77.42738,13.79635],[77.436,13.79541],[77.44279,13.80663],[77.44791,13.80971],[77.45412,13.80946],[77.46298,13.80725],[77.46485,13.80449],[77.46013,13.79877],[77.45817,13.79297],[77.4598,13.78786],[77.46137,13.7855],[77.4662,13.75731],[77.46959,13.75655],[77.47011,13.75109],[77.46755,13.74141],[77.4656,13.73785],[77.46557,13.73056],[77.46436,13.72017],[77.46093,13.71164],[77.45352,13.70816],[77.45233,13.70329],[77.4573,13.68335],[77.48411,13.68521],[77.49057,13.68731],[77.49277,13.69431],[77.49115,13.6993],[77.49,13.70642],[77.48732,13.7108],[77.49495,13.71439],[77.51044,13.71204],[77.51447,13.70811],[77.51461,13.70031],[77.51565,13.69646],[77.52004,13.69334],[77.52926,13.69555],[77.53328,13.70488],[77.53555,13.7147],[77.53524,13.72669],[77.53427,13.73289],[77.53036,13.73871],[77.52276,13.74465],[77.52731,13.75146],[77.53716,13.75348],[77.54719,13.75138],[77.54927,13.7426],[77.55287,13.73586],[77.55589,13.7281],[77.56386,13.72417],[77.57441,13.73711],[77.58144,13.73438],[77.58938,13.73831],[77.59473,13.74454],[77.60344,13.75134],[77.61212,13.75033],[77.62356,13.73617],[77.62919,13.73522],[77.63647,13.73777],[77.64153,13.74068],[77.64471,13.74308],[77.64169,13.74912],[77.62053,13.75465],[77.61834,13.76321],[77.62222,13.76808],[77.65702,13.78366],[77.66454,13.7845],[77.67198,13.78371],[77.67821,13.78535],[77.67976,13.778],[77.6778,13.77044],[77.67171,13.76013],[77.67652,13.76017],[77.68686,13.76356],[77.69274,13.76653],[77.7036,13.76935],[77.71033,13.73896],[77.71551,13.74215],[77.71691,13.74071],[77.71916,13.74569],[77.7216,13.75412],[77.72127,13.75871],[77.72231,13.76875],[77.72085,13.78266],[77.72323,13.7912],[77.72093,13.79844],[77.72657,13.80066],[77.73652,13.80968],[77.74169,13.81138],[77.74915,13.81175],[77.75631,13.81418],[77.76348,13.81552],[77.77739,13.81655],[77.78669,13.82092],[77.78863,13.8247],[77.78848,13.82803],[77.78562,13.83206],[77.78225,13.83972],[77.78421,13.8439],[77.79455,13.84793],[77.80272,13.84898],[77.81099,13.84871],[77.81606,13.85471],[77.81902,13.86015],[77.83597,13.86868],[77.82742,13.87406],[77.83549,13.87965],[77.83324,13.88793],[77.82917,13.89725],[77.82285,13.89911],[77.81922,13.90269],[77.81551,13.91121],[77.81448,13.91661],[77.81447,13.92551],[77.8166,13.93054],[77.82234,13.93895],[77.8264,13.94284],[77.82973,13.93851],[77.83827,13.93513],[77.85419,13.93634],[77.86228,13.93512],[77.87067,13.93485],[77.89528,13.93927],[77.89615,13.93582],[77.89563,13.92584],[77.89801,13.91947],[77.90404,13.91586],[77.90882,13.91049],[77.91433,13.90761],[77.92001,13.90542],[77.92823,13.90689],[77.93815,13.91701],[77.94406,13.92611],[77.94727,13.93281],[77.95445,13.93663],[77.9575,13.93495],[77.9592,13.93615],[77.96271,13.94526],[77.96374,13.95012],[77.96971,13.95817],[77.97487,13.95877],[77.98707,13.95589],[77.98643,13.94587],[77.98201,13.9325],[77.98187,13.92814],[77.98312,13.92053],[77.98319,13.91361],[77.98658,13.90165],[77.98016,13.89689],[77.95803,13.89273],[77.95096,13.88849],[77.95033,13.87931],[77.95428,13.84811],[77.95663,13.83768],[77.95673,13.83313],[77.95318,13.8283],[77.97442,13.82853],[77.97902,13.83501],[77.98987,13.85716],[77.99089,13.86516],[77.99378,13.87003],[78.00013,13.87077],[78.01344,13.87011],[78.01904,13.8649],[78.0243,13.8628],[78.04658,13.86132],[78.05009,13.86652],[78.05166,13.87225],[78.05144,13.88183],[78.04985,13.89515],[78.05705,13.89298],[78.06346,13.88782],[78.06913,13.88526],[78.07675,13.88302],[78.07972,13.88047],[78.08375,13.86346],[78.09723,13.86348],[78.10626,13.86135],[78.11495,13.86214],[78.12247,13.84952],[78.12624,13.83044],[78.11665,13.81226],[78.11801,13.80703],[78.1242,13.79638],[78.12728,13.78562],[78.12006,13.77047],[78.11555,13.7655],[78.11024,13.7617],[78.10436,13.75899],[78.09831,13.75175],[78.09396,13.74219],[78.10235,13.73634],[78.10648,13.73188],[78.10954,13.72675],[78.11463,13.72339],[78.11852,13.719],[78.11905,13.71274],[78.11637,13.70714],[78.11455,13.6932],[78.10902,13.69135],[78.09428,13.68939],[78.07312,13.6969],[78.07169,13.69431],[78.07446,13.68879],[78.07318,13.68329],[78.07,13.6805],[78.06743,13.6757],[78.07498,13.67323],[78.08194,13.66394],[78.08917,13.65918],[78.08883,13.65333],[78.08992,13.64414],[78.09554,13.64232],[78.09982,13.64183],[78.1031,13.64909],[78.11659,13.65594],[78.12514,13.6545],[78.13249,13.65777],[78.13835,13.65716],[78.15549,13.65858],[78.16509,13.65764],[78.16835,13.65412],[78.16993,13.63241],[78.17495,13.62996],[78.1953,13.63021],[78.20341,13.62521],[78.20486,13.61062],[78.20322,13.60398],[78.19807,13.59747],[78.18896,13.58801],[78.19056,13.58278],[78.18965,13.57325],[78.19113,13.56825],[78.19281,13.56548],[78.19856,13.56549],[78.1996,13.56615],[78.2054,13.5698],[78.21196,13.5771],[78.21806,13.591],[78.22437,13.58923],[78.22799,13.58714],[78.2322,13.58624],[78.23728,13.59637],[78.24617,13.59366],[78.25933,13.58351],[78.26795,13.58453],[78.27507,13.58746],[78.29031,13.58693],[78.30158,13.58811],[78.32225,13.59282],[78.33263,13.59234],[78.35351,13.58718],[78.37129,13.5883],[78.37698,13.58974],[78.39024,13.59078],[78.4007,13.58759],[78.40386,13.58016],[78.40775,13.57571],[78.39599,13.55347],[78.39548,13.5412],[78.38311,13.52178],[78.38422,13.51506],[78.3796,13.50947],[78.37732,13.50473],[78.37833,13.49932],[78.3775,13.49152],[78.37736,13.47642],[78.37366,13.46882],[78.37266,13.46165],[78.37431,13.45521],[78.37429,13.44751],[78.37716,13.44088],[78.37546,13.43401],[78.37748,13.42464],[78.37965,13.41859],[78.38148,13.40686],[78.38148,13.40067],[78.37892,13.38949],[78.37468,13.38017],[78.37005,13.374],[78.36539,13.36474],[78.36667,13.35641],[78.37077,13.35666],[78.3743,13.358],[78.37846,13.35803],[78.38506,13.35614],[78.39399,13.35211],[78.39524,13.34796],[78.40288,13.34532],[78.40773,13.34212],[78.40559,13.33237],[78.40161,13.3335],[78.39876,13.32824],[78.39493,13.33332],[78.38932,13.33429],[78.38571,13.33615],[78.38785,13.34107],[78.38159,13.34215],[78.37822,13.33822],[78.37733,13.32979],[78.38545,13.32835],[78.38948,13.32665],[78.39327,13.32386],[78.40166,13.31351],[78.41247,13.31721],[78.41748,13.31993],[78.42568,13.32698],[78.43121,13.32895],[78.4349,13.32897],[78.43951,13.32698],[78.44077,13.31772],[78.44648,13.30826],[78.45182,13.30942],[78.45842,13.31275],[78.4647,13.31408],[78.47106,13.31787],[78.47694,13.32007],[78.48231,13.31789],[78.48076,13.30389],[78.48314,13.30112],[78.49412,13.2981],[78.50587,13.28926],[78.51183,13.28727],[78.5146,13.28253],[78.51902,13.27956],[78.52268,13.27006],[78.52622,13.26727],[78.53153,13.26573],[78.53451,13.27076],[78.53636,13.27942],[78.53947,13.28599],[78.54632,13.28622],[78.55437,13.2834],[78.55794,13.28285],[78.56137,13.2862],[78.56397,13.2948],[78.56487,13.30846],[78.5664,13.30959],[78.57085,13.30352],[78.57232,13.29822],[78.57521,13.2936],[78.57797,13.28198],[78.58694,13.27737],[78.5883,13.2723],[78.58301,13.25885],[78.57939,13.25378],[78.57407,13.24866],[78.57074,13.24363],[78.56974,13.23738],[78.56807,13.22229],[78.57524,13.21833],[78.57959,13.21455],[78.57681,13.21119],[78.57105,13.20848],[78.56929,13.20247],[78.56417,13.19953],[78.55185,13.19751],[78.55336,13.19044],[78.5578,13.1889],[78.56442,13.19017],[78.57035,13.19011],[78.5743,13.18772],[78.57665,13.18208],[78.58007,13.16683],[78.57634,13.16715],[78.57224,13.16604],[78.56905,13.16267],[78.55782,13.16375],[78.54973,13.16187],[78.54465,13.15641],[78.54368,13.15239],[78.54766,13.14724],[78.54643,13.14105],[78.53238,13.13934],[78.52387,13.13051],[78.51971,13.12986],[78.51965,13.12354],[78.5221,13.11662],[78.5272,13.11113],[78.53338,13.10998],[78.53898,13.1077],[78.52582,13.10143],[78.52482,13.095],[78.5178,13.0945],[78.51292,13.09195],[78.51058,13.08611],[78.50958,13.08009],[78.51584,13.0697],[78.51563,13.0631],[78.49894,13.06003],[78.4921,13.05469],[78.48839,13.05351],[78.48208,13.05413],[78.47805,13.05164],[78.47571,13.04517],[78.47205,13.04227],[78.466,13.04284],[78.46256,13.04178],[78.4609,13.03606],[78.46137,13.02513],[78.46366,13.01886],[78.46334,13.01403],[78.46648,13.00039],[78.47252,12.98944],[78.47049,12.98608],[78.46871,12.98099],[78.46903,12.97357],[78.44464,12.97906],[78.43669,12.98003],[78.43368,12.97886],[78.43296,12.97301],[78.43388,12.968],[78.43489,12.96466],[78.43842,12.96081],[78.43164,12.95792],[78.43086,12.95695],[78.42749,12.95464],[78.42439,12.95514],[78.42019,12.95715],[78.41968,12.95428],[78.42246,12.95085],[78.42165,12.94799],[78.41435,12.94562],[78.41214,12.94301],[78.41408,12.9347],[78.41836,12.92551],[78.41874,12.91838],[78.42118,12.9168],[78.42515,12.92434],[78.42572,12.92783],[78.4281,12.9305],[78.43357,12.92773],[78.43709,12.92745],[78.44565,12.91862],[78.45242,12.91599],[78.45409,12.91448],[78.46027,12.90705],[78.46737,12.90316],[78.46959,12.89015],[78.46824,12.87649],[78.46554,12.86361],[78.4634,12.86616],[78.46395,12.87592],[78.45768,12.88514],[78.44972,12.89012],[78.44952,12.89662],[78.44691,12.89923],[78.44701,12.91102],[78.43759,12.9124],[78.43607,12.90851],[78.43584,12.90375],[78.42851,12.89935],[78.42266,12.90121],[78.41406,12.90161],[78.41065,12.90648],[78.39947,12.91576],[78.39618,12.9065],[78.39446,12.90566],[78.38942,12.90543],[78.37972,12.91199],[78.372,12.9218],[78.35638,12.9382],[78.35171,12.93504],[78.35137,12.93212],[78.35496,12.92822],[78.34924,12.92588],[78.34868,12.92325],[78.3493,12.91663],[78.33816,12.89936],[78.33313,12.89971],[78.32742,12.90272],[78.32444,12.89873],[78.32337,12.89341],[78.32426,12.88989],[78.32093,12.8866],[78.3219,12.88394],[78.32716,12.88233],[78.33242,12.8818],[78.33372,12.88633],[78.33849,12.88419],[78.33372,12.878],[78.3326,12.873],[78.32202,12.8755],[78.31505,12.87587],[78.31721,12.8666],[78.31411,12.85733],[78.28664,12.85923],[78.2815,12.86061],[78.27354,12.86662],[78.26902,12.86565],[78.26472,12.85961],[78.25962,12.85985],[78.25553,12.8611],[78.25197,12.85741],[78.25281,12.82236],[78.25116,12.81318],[78.24639,12.79762],[78.2405,12.77206],[78.23613,12.76499],[78.23164,12.76264],[78.22347,12.76509],[78.20988,12.76509],[78.20116,12.77106],[78.19485,12.77257],[78.1896,12.76987],[78.18619,12.77325],[78.17701,12.77491],[78.16898,12.77013],[78.15853,12.77318],[78.15382,12.77651],[78.14729,12.77901],[78.13787,12.77998],[78.13142,12.77983],[78.12855,12.78969],[78.12519,12.79685],[78.12014,12.80117],[78.11272,12.80315],[78.1083,12.80568],[78.10578,12.80996],[78.09708,12.81305],[78.09305,12.81884],[78.08669,12.83018],[78.08424,12.83096],[78.07647,12.82858],[78.07692,12.83633],[78.07508,12.8398],[78.06186,12.84191],[78.06106,12.84818],[78.05718,12.85196],[78.05243,12.85168],[78.05045,12.84779],[78.03255,12.85076],[78.02997,12.85573],[78.02528,12.85543],[78.02471,12.85251],[78.02723,12.84789],[78.02718,12.84306],[78.01944,12.84321],[78.0175,12.83772],[78.01843,12.83248],[78.01752,12.82956],[78.01421,12.82747],[78.01024,12.82855],[78.00367,12.82317],[78.01371,12.81536],[78.01603,12.81281],[78.01189,12.80498],[78.00011,12.8067],[77.9964,12.80481],[77.99178,12.80513],[77.99169,12.8199],[77.98491,12.8239],[77.98392,12.82763],[77.98159,12.83209],[77.96774,12.83095],[77.96528,12.83457],[77.96823,12.84575],[77.96547,12.84811],[77.96158,12.84726],[77.95707,12.84745],[77.95877,12.85749],[77.95574,12.85869],[77.94878,12.85904],[77.94364,12.85413],[77.94273,12.84898],[77.94632,12.84317],[77.95012,12.83873],[77.9432,12.8223],[77.935,12.82308],[77.93095,12.82557],[77.92842,12.82855],[77.92063,12.82902],[77.91938,12.83134],[77.92197,12.84175],[77.92501,12.8483],[77.92547,12.85358],[77.92857,12.85668],[77.93794,12.8598],[77.93895,12.86358],[77.94121,12.86554],[77.9446,12.86538],[77.94371,12.87102],[77.92978,12.8728],[77.92847,12.87816],[77.93883,12.88074],[77.93913,12.88408],[77.93438,12.88714],[77.92782,12.88765],[77.92445,12.88282],[77.91939,12.88222],[77.91226,12.88262],[77.91057,12.87713],[77.9043,12.87747],[77.89749,12.87615],[77.89229,12.86762],[77.88803,12.86849],[77.87687,12.86781],[77.87215,12.86611],[77.86882,12.8668],[77.86447,12.8659],[77.85939,12.86701],[77.85402,12.86504],[77.84956,12.86499],[77.84636,12.86676],[77.84085,12.86697],[77.83549,12.86809],[77.83213,12.86372],[77.83198,12.85895],[77.82693,12.85807],[77.8235,12.85312],[77.81891,12.85182],[77.8148,12.85183],[77.80967,12.84691],[77.80179,12.84888],[77.79932,12.84783],[77.79843,12.8444],[77.79472,12.84285],[77.79339,12.8373],[77.79788,12.8327],[77.80218,12.83044],[77.81091,12.8299],[77.80858,12.82086],[77.81058,12.81474],[77.80869,12.81403],[77.80431,12.8149],[77.80128,12.80542],[77.80644,12.79873],[77.80944,12.79599],[77.80785,12.79204],[77.80347,12.79298],[77.79786,12.79042],[77.79296,12.78522],[77.79147,12.78013],[77.78155,12.76892],[77.78158,12.76387],[77.7838,12.76022],[77.78826,12.75698],[77.79495,12.75418],[77.79291,12.74795],[77.78808,12.7428],[77.77693,12.73873],[77.76831,12.7384],[77.76301,12.73418],[77.76162,12.72749],[77.76555,12.72466],[77.77303,12.72357],[77.77151,12.71682],[77.76734,12.7131],[77.766,12.70617],[77.76026,12.69627],[77.75709,12.69574],[77.74997,12.69764],[77.74351,12.70055],[77.73722,12.69193],[77.74088,12.68704],[77.74318,12.68097],[77.74141,12.67307],[77.73319,12.67229],[77.72837,12.67105],[77.72527,12.67207],[77.72409,12.67444],[77.72405,12.67933],[77.71374,12.68277],[77.71172,12.66728],[77.70539,12.66027],[77.69743,12.66091],[77.68825,12.65801],[77.68317,12.65941],[77.67767,12.65961],[77.67724,12.66181],[77.67915,12.6709],[77.67574,12.67332],[77.68013,12.68019],[77.66406,12.68309],[77.64853,12.67903],[77.64267,12.67901],[77.61912,12.67219],[77.6075,12.66783],[77.59997,12.66635],[77.59894,12.65705],[77.59763,12.6515],[77.59904,12.64546],[77.60138,12.64157],[77.60521,12.63926],[77.60457,12.63595],[77.60757,12.62987],[77.60328,12.6254],[77.59512,12.62076],[77.59185,12.61392],[77.5912,12.59307],[77.58401,12.57607],[77.58097,12.57238],[77.57982,12.56677],[77.58216,12.54928],[77.58627,12.5457],[77.5875,12.53236],[77.58971,12.52038],[77.58841,12.51592],[77.6051,12.51261],[77.61517,12.51229],[77.61634,12.50876],[77.61473,12.50385],[77.61175,12.50062],[77.59247,12.48524],[77.58531,12.47731],[77.60667,12.47359],[77.62084,12.48703],[77.62734,12.49451],[77.63528,12.48629],[77.6318,12.46348],[77.62828,12.45217],[77.63024,12.44714],[77.62709,12.43368],[77.62728,12.42771],[77.63084,12.42283],[77.63028,12.41755],[77.626,12.41395],[77.62348,12.40686],[77.62117,12.39472],[77.6201,12.38272],[77.61777,12.37673],[77.61659,12.36933],[77.61409,12.36283],[77.61047,12.36029],[77.60143,12.35825],[77.59641,12.34535],[77.58553,12.33529],[77.57883,12.33321],[77.57625,12.32573],[77.56633,12.30618],[77.55536,12.30169],[77.55294,12.29271],[77.54976,12.29138],[77.5337,12.28996],[77.52853,12.27849],[77.51221,12.27523],[77.50809,12.27731],[77.50331,12.28169],[77.50074,12.28196],[77.49431,12.27867],[77.48851,12.27853],[77.48528,12.27484],[77.48025,12.27073],[77.4773,12.26204],[77.47676,12.25733],[77.47358,12.2529],[77.47304,12.24463],[77.47687,12.24286],[77.4838,12.23384],[77.48245,12.22616],[77.47853,12.21909],[77.47583,12.21116],[77.47943,12.20541],[77.48514,12.20474],[77.48898,12.2029],[77.49272,12.19906],[77.50273,12.19614],[77.52164,12.19299],[77.53014,12.19768],[77.53481,12.19727],[77.53841,12.19905],[77.5414,12.19918],[77.5438,12.20288],[77.5489,12.20354],[77.55708,12.19945],[77.56627,12.19621],[77.5758,12.19957],[77.58004,12.1972],[77.59474,12.198],[77.60166,12.19973],[77.60713,12.20448],[77.61467,12.20436],[77.62111,12.20081],[77.6264,12.19901],[77.63199,12.20093],[77.63623,12.19896],[77.63956,12.19558],[77.64366,12.19568],[77.65534,12.19787],[77.66615,12.19706],[77.6789,12.19307],[77.68359,12.19075],[77.71212,12.18203],[77.72166,12.18279],[77.73041,12.18099],[77.7373,12.1768],[77.74004,12.16945],[77.74293,12.16412],[77.75007,12.1574],[77.75117,12.15324],[77.75146,12.15211],[77.75129,12.13884],[77.75528,12.13624],[77.75836,12.13188],[77.76391,12.12755],[77.77816,12.11875],[77.77961,12.11522],[77.77755,12.11061],[77.77398,12.10709],[77.76942,12.10401],[77.7675,12.10156],[77.76169,12.09011],[77.75728,12.07892],[77.74513,12.0698],[77.73151,12.0629],[77.72676,12.05805],[77.72379,12.05092],[77.71837,12.04281],[77.71269,12.03667],[77.70527,12.02472],[77.70061,12.01947],[77.69232,12.00074],[77.6922,12.00074],[77.68837,11.99378],[77.67826,11.96844],[77.67493,11.96246],[77.67594,11.94922],[77.67166,11.94764],[77.66602,11.94685],[77.65795,11.94818],[77.65458,11.95363],[77.65065,11.95229],[77.6479,11.94971],[77.64136,11.9474],[77.62628,11.94355],[77.61482,11.93965],[77.60703,11.93865],[77.60243,11.93569],[77.59678,11.93879],[77.58998,11.93763],[77.5843,11.93332],[77.55893,11.94001],[77.54224,11.93572],[77.53452,11.93069],[77.52489,11.93487],[77.5218,11.93451],[77.51145,11.93639],[77.5012,11.93888],[77.49515,11.94151],[77.49359,11.93781],[77.49472,11.9306],[77.49299,11.92126],[77.49031,11.9095],[77.48814,11.9044],[77.4868,11.89869],[77.48806,11.89091],[77.48776,11.88516],[77.48452,11.88693],[77.48126,11.89273],[77.47824,11.89232],[77.47414,11.89637],[77.46469,11.89963],[77.46357,11.8976],[77.46463,11.89102],[77.46381,11.88497],[77.46409,11.87998],[77.46598,11.87635],[77.46471,11.86644],[77.46293,11.86233],[77.46336,11.8582],[77.46182,11.8534],[77.46623,11.85177],[77.46717,11.84823],[77.46248,11.83252],[77.45749,11.82536],[77.45741,11.82059],[77.45338,11.81557],[77.45181,11.80044],[77.44716,11.79087],[77.44303,11.78803],[77.44121,11.78576],[77.442,11.78078],[77.43478,11.77518],[77.43164,11.76937],[77.4302,11.75975],[77.42442,11.76022],[77.42345,11.76519],[77.42338,11.77134],[77.41744,11.77139],[77.41234,11.77307],[77.3927,11.78514],[77.37297,11.78474],[77.37022,11.78773],[77.36587,11.7873],[77.36164,11.7775],[77.35637,11.77298],[77.33679,11.76782],[77.32417,11.77882],[77.31682,11.78751],[77.30095,11.80293],[77.29528,11.80712],[77.29283,11.80161],[77.28876,11.79849],[77.28272,11.79992],[77.25883,11.80953],[77.25209,11.81112],[77.25162,11.80267],[77.24743,11.79685],[77.23739,11.79239],[77.22671,11.79338],[77.21419,11.79306],[77.1999,11.79138],[77.18861,11.78806],[77.18246,11.78426],[77.17609,11.78274],[77.16554,11.78276],[77.1539,11.77976],[77.1473,11.78042],[77.14468,11.77486],[77.1411,11.77082],[77.13745,11.76937],[77.12978,11.7718],[77.12393,11.77023],[77.12099,11.77155],[77.11283,11.7715],[77.11529,11.76787],[77.11612,11.76462],[77.11577,11.75904],[77.11325,11.75428],[77.11547,11.73997],[77.1184,11.73084],[77.11942,11.72122],[77.11377,11.72397],[77.10633,11.73151],[77.08587,11.73223],[77.0816,11.73335],[77.08383,11.73788],[77.05995,11.76602],[77.06422,11.77324],[77.0717,11.78035],[77.06636,11.78539],[77.06235,11.7875],[77.05548,11.78741],[77.05103,11.78582],[77.03732,11.76992],[77.03208,11.77291],[77.04,11.78651],[77.04139,11.79217],[77.03738,11.7949],[77.03826,11.79733],[77.03243,11.80317],[77.02825,11.8055],[77.02308,11.80734],[77.01847,11.80512],[77.01402,11.81117],[76.99992,11.80744],[76.99165,11.80764],[76.98228,11.80916],[76.98293,11.80319],[76.98437,11.79911],[76.9749,11.78456],[76.97283,11.77888],[76.96913,11.77328],[76.96264,11.77932],[76.95975,11.78348],[76.95389,11.78938],[76.94975,11.78905],[76.94525,11.78476],[76.94181,11.78538],[76.93606,11.78889],[76.92283,11.78834],[76.91614,11.78918],[76.90898,11.79121],[76.90265,11.78522],[76.90081,11.77804],[76.89728,11.77382],[76.89866,11.76853],[76.89784,11.75836],[76.89536,11.75241],[76.89108,11.73802],[76.89023,11.73251],[76.88495,11.72582],[76.8739,11.71843],[76.86288,11.70666],[76.86508,11.70223],[76.85845,11.6951],[76.85551,11.69035],[76.85408,11.68524],[76.85073,11.67763],[76.84774,11.67253],[76.84501,11.66393],[76.84167,11.6605],[76.83938,11.65689],[76.83783,11.65196],[76.83711,11.64628],[76.8386,11.64283],[76.8391,11.6372],[76.84251,11.63316],[76.84826,11.6313],[76.84742,11.62665],[76.8477,11.62372],[76.851,11.62111],[76.85531,11.61954],[76.85539,11.61396],[76.86044,11.60975],[76.85687,11.59656],[76.8533,11.59394],[76.84683,11.58238],[76.84549,11.59192],[76.843,11.59491],[76.8394,11.59769],[76.83306,11.59916],[76.82594,11.60505],[76.81771,11.60401],[76.80009,11.60749],[76.79009,11.61134],[76.78304,11.6112],[76.76058,11.61441],[76.75541,11.61823],[76.7502,11.61349],[76.74455,11.6129],[76.72929,11.61269],[76.71654,11.61355],[76.70209,11.61201],[76.68799,11.61169],[76.67332,11.61262],[76.64251,11.61099],[76.63441,11.61127],[76.61657,11.60784],[76.61011,11.60862],[76.60535,11.61077],[76.5969,11.61173],[76.59477,11.61535],[76.58953,11.61675],[76.5834,11.61306],[76.56857,11.61743],[76.56211,11.62021],[76.56168,11.62682],[76.5581,11.63425],[76.55546,11.64304],[76.5536,11.65551],[76.55142,11.66374],[76.55134,11.67022],[76.54874,11.67775],[76.54359,11.68427],[76.53291,11.69322],[76.52124,11.70137],[76.51234,11.7052],[76.49591,11.69258],[76.4934,11.68949],[76.4874,11.68951],[76.48182,11.69132],[76.48173,11.68523],[76.47465,11.67941],[76.45938,11.66219],[76.43923,11.6636],[76.43138,11.66633],[76.42545,11.67043],[76.41806,11.67155],[76.41522,11.6765],[76.40998,11.69008],[76.41068,11.70644],[76.40411,11.70802],[76.41084,11.71374],[76.41402,11.71056],[76.41642,11.71112],[76.41883,11.71692],[76.42572,11.72056],[76.42667,11.72406],[76.42675,11.72848],[76.42501,11.73291],[76.41969,11.74125],[76.41328,11.74031],[76.41429,11.74759],[76.41852,11.75344],[76.41534,11.76027],[76.41534,11.76028],[76.41206,11.75679],[76.39834,11.74979],[76.39136,11.75194],[76.3799,11.74309],[76.36354,11.74676],[76.35862,11.74127],[76.35372,11.73734],[76.34835,11.73793],[76.34241,11.73744],[76.33172,11.74552],[76.32491,11.74715],[76.31781,11.75062],[76.31034,11.77632],[76.30716,11.78288],[76.30186,11.78479],[76.29075,11.79155],[76.28214,11.80744],[76.27905,11.8102],[76.27246,11.80707],[76.2601,11.80643],[76.25135,11.80192],[76.23899,11.80306],[76.22537,11.80661],[76.22113,11.81076],[76.21877,11.82081],[76.21226,11.82612],[76.21395,11.83828],[76.21181,11.84519],[76.2101,11.85558],[76.20755,11.86064],[76.20272,11.86204],[76.19062,11.87024],[76.18024,11.8689],[76.16911,11.86647],[76.15587,11.86742],[76.14543,11.8635],[76.13204,11.85114],[76.1268,11.85065],[76.12288,11.8494],[76.11438,11.85752],[76.11563,11.86492],[76.11502,11.87693],[76.1137,11.88267],[76.1148,11.9344],[76.11397,11.97694],[76.0973,11.96786],[76.08698,11.96692],[76.07876,11.96752],[76.07269,11.9645],[76.05364,11.95066],[76.0478,11.94948],[76.04435,11.94518],[76.03541,11.93895],[76.02882,11.9408],[76.02422,11.94116],[76.01967,11.9394],[76.0097,11.93805],[76.00391,11.92975],[76.00016,11.92941],[75.98903,11.93152],[75.98552,11.93074],[75.98189,11.93104],[75.97825,11.93362],[75.9735,11.93303],[75.96442,11.93465],[75.96044,11.93754],[75.95389,11.93993],[75.94265,11.93882],[75.93656,11.9371],[75.9306,11.93885],[75.92498,11.94159],[75.9208,11.93999],[75.90911,11.94071],[75.89971,11.94246],[75.89494,11.94406],[75.88852,11.94481],[75.88194,11.9466],[75.87103,11.9515],[75.85614,11.96288],[75.85158,11.97048],[75.84945,11.97609],[75.84464,11.97863],[75.83551,11.98043],[75.83187,11.98376],[75.82929,11.99006],[75.82844,12.00035],[75.82861,12.00035],[75.83239,12.00862],[75.83148,12.01157],[75.82835,12.01511],[75.81668,12.02186],[75.81675,12.02771],[75.81495,12.0298],[75.80466,12.03602],[75.80284,12.0384],[75.80326,12.0454],[75.80252,12.04736],[75.79789,12.05323],[75.80082,12.05521],[75.80633,12.0737],[75.8043,12.07689],[75.79993,12.07994],[75.79415,12.08031],[75.78826,12.08212],[75.77235,12.08318],[75.76741,12.08423],[75.76256,12.08285],[75.7563,12.08305],[75.75196,12.07907],[75.74731,12.0774],[75.74326,12.07779],[75.73869,12.0733],[75.73238,12.0697],[75.72134,12.06766],[75.71892,12.07092],[75.71844,12.07478],[75.7218,12.08302],[75.7214,12.084],[75.71073,12.08836],[75.70483,12.08907],[75.70449,12.09356],[75.70575,12.10587],[75.69606,12.10811],[75.68826,12.10775],[75.68569,12.10209],[75.68236,12.09856],[75.67678,12.09616],[75.67162,12.09548],[75.66643,12.09666],[75.6622,12.09977],[75.65671,12.10676],[75.65546,12.10942],[75.65197,12.11103],[75.65133,12.12019],[75.64684,12.12537],[75.64817,12.12915],[75.64769,12.1325],[75.64634,12.1362],[75.64451,12.13859],[75.64142,12.1392],[75.64057,12.14584],[75.63886,12.14781],[75.63312,12.14702],[75.6306,12.15046],[75.62079,12.15432],[75.61497,12.15124],[75.61179,12.15405],[75.6057,12.15211],[75.6012,12.15188],[75.59832,12.15071],[75.59677,12.14831],[75.59502,12.1484],[75.59072,12.15363],[75.58624,12.15576],[75.58035,12.15607],[75.57383,12.17076],[75.56726,12.17212],[75.56302,12.17396],[75.55863,12.18161],[75.55576,12.18141],[75.55447,12.18971],[75.55206,12.19365],[75.54715,12.19722],[75.54365,12.19762],[75.54118,12.20064],[75.53698,12.20132],[75.53621,12.20433],[75.54012,12.20876],[75.54127,12.21202],[75.54116,12.21629],[75.52848,12.22485],[75.52796,12.23026],[75.52649,12.23408],[75.52161,12.2358],[75.52304,12.23838],[75.52238,12.24115],[75.51973,12.24895],[75.51613,12.25451],[75.51445,12.25563],[75.51414,12.2585],[75.50686,12.26487],[75.5069,12.26832],[75.50498,12.2692],[75.49693,12.27029],[75.49544,12.27197],[75.48955,12.2866],[75.48558,12.29131],[75.46997,12.30049],[75.4611,12.29364],[75.44405,12.29507],[75.43869,12.29686],[75.43332,12.29705],[75.42997,12.29571],[75.42624,12.29207],[75.42168,12.29143],[75.4242,12.296],[75.43297,12.30457],[75.43248,12.30728],[75.4256,12.31317],[75.42247,12.31949],[75.42236,12.32449],[75.41882,12.32649],[75.41682,12.33876],[75.4136,12.34282],[75.41247,12.34635],[75.41672,12.34894],[75.42018,12.35344],[75.42181,12.35756],[75.42387,12.36691],[75.42382,12.37174],[75.42128,12.37453],[75.4138,12.37957],[75.4057,12.37754],[75.40346,12.38068],[75.39941,12.38021],[75.3966,12.38479],[75.39297,12.3884],[75.38802,12.39054],[75.38338,12.38973],[75.38077,12.3916],[75.37834,12.39739],[75.37435,12.40065],[75.37185,12.40673],[75.3677,12.41196],[75.37262,12.43385],[75.3715,12.45054],[75.36791,12.45398],[75.36865,12.45656],[75.38795,12.45563],[75.39408,12.45003],[75.40571,12.45253],[75.4113,12.45481],[75.41692,12.45905],[75.41903,12.46386],[75.42478,12.46504],[75.42656,12.47123],[75.42277,12.47652],[75.4224,12.48463],[75.41667,12.50166],[75.41107,12.49914],[75.40638,12.49454],[75.40311,12.49551],[75.39942,12.50274],[75.39701,12.50248],[75.39395,12.49746],[75.38862,12.49684],[75.38512,12.49757],[75.38311,12.49639],[75.38154,12.49279],[75.37924,12.49133],[75.37425,12.49041],[75.372,12.48837],[75.37255,12.48589],[75.37502,12.48206],[75.37408,12.47368],[75.36473,12.46978],[75.36138,12.46487],[75.35761,12.4629],[75.34277,12.46091],[75.33865,12.46263],[75.34243,12.46948],[75.34019,12.47819],[75.34122,12.48451],[75.34085,12.48778],[75.33743,12.4899],[75.33667,12.49508],[75.32985,12.4966],[75.3224,12.49607],[75.31591,12.49683],[75.31181,12.50062],[75.30902,12.50221],[75.30661,12.50155],[75.30598,12.50231],[75.30629,12.52208],[75.30167,12.52167],[75.29772,12.52443],[75.29334,12.52546],[75.28736,12.52462],[75.28266,12.52289],[75.28114,12.52814],[75.27386,12.54461],[75.27234,12.55826],[75.27399,12.56359],[75.27827,12.56882],[75.28495,12.56892],[75.28824,12.56974],[75.29288,12.57963],[75.29645,12.57969],[75.30469,12.57827],[75.31134,12.5764],[75.3178,12.57345],[75.32097,12.57853],[75.32794,12.57924],[75.33009,12.58192],[75.32949,12.58998],[75.32013,12.58992],[75.30979,12.59264],[75.30714,12.59968],[75.30297,12.60382],[75.2998,12.60316],[75.29537,12.60029],[75.29258,12.60136],[75.29028,12.60932],[75.28242,12.61276],[75.27808,12.61637],[75.27165,12.61369],[75.26915,12.61038],[75.26348,12.5977],[75.26012,12.59566],[75.25747,12.5904],[75.25148,12.58388],[75.25078,12.57957],[75.24128,12.57865],[75.23991,12.57718],[75.23945,12.56879],[75.23755,12.56651],[75.2325,12.56548],[75.22409,12.5673],[75.21806,12.57571],[75.21516,12.57805],[75.21195,12.58861],[75.2086,12.58762],[75.20447,12.58519],[75.2056,12.59127],[75.20855,12.59313],[75.21006,12.59616],[75.2106,12.6019],[75.20835,12.60457],[75.20347,12.60734],[75.1997,12.61077],[75.20044,12.61773],[75.20379,12.62768],[75.20241,12.62972],[75.19533,12.63002],[75.19077,12.63164],[75.18346,12.63202],[75.17835,12.62678],[75.17085,12.62113],[75.1636,12.6222],[75.15996,12.6216],[75.15566,12.62413],[75.1484,12.63318],[75.14365,12.63783],[75.14189,12.64234],[75.15103,12.64643],[75.15198,12.64797],[75.15235,12.65389],[75.1558,12.65822],[75.16202,12.6686],[75.16186,12.67022],[75.15643,12.67056],[75.15137,12.67339],[75.15128,12.68086],[75.14514,12.67742],[75.1398,12.67725],[75.13727,12.67567],[75.13246,12.67533],[75.12745,12.6778],[75.12131,12.67805],[75.11314,12.68038],[75.10909,12.6894],[75.10484,12.69601],[75.09965,12.6978],[75.09199,12.69915],[75.08641,12.7022],[75.08271,12.69765],[75.08531,12.69411],[75.08778,12.6804],[75.08707,12.67529],[75.08524,12.67491],[75.08344,12.67085],[75.07975,12.67101],[75.07552,12.66985],[75.07057,12.66244],[75.06629,12.66237],[75.06112,12.66588],[75.05851,12.66303],[75.05554,12.66446],[75.04799,12.66448],[75.04492,12.66768],[75.04325,12.67495],[75.04481,12.69182],[75.04874,12.6927],[75.0523,12.6914],[75.05472,12.68797],[75.05698,12.69111],[75.05232,12.70255],[75.0559,12.70779],[75.05299,12.7142],[75.04977,12.71908],[75.04634,12.72072],[75.04316,12.7199],[75.03817,12.72295],[75.0314,12.7213],[75.0257,12.71867],[75.02296,12.71997],[75.01902,12.71908],[75.01425,12.71213],[75.007,12.71354],[75.00393,12.71604],[75.00297,12.71801],[75.01077,12.72361],[75.01209,12.72716],[75.00008,12.73171],[74.99286,12.73744],[74.98995,12.7354],[74.98817,12.73622],[74.98673,12.73309],[74.98455,12.73417],[74.98418,12.74022],[74.98583,12.74277],[74.98964,12.74159],[74.99156,12.74246],[74.99508,12.74914],[75.00007,12.75585],[75.0041,12.75829],[75.00695,12.76136],[75.00845,12.76474],[75.00763,12.7694],[75.00504,12.77363],[75.00392,12.77783],[75.00507,12.78979],[75.00373,12.78991],[75.00006,12.78777],[74.99575,12.79227],[74.99201,12.79474],[74.98915,12.79508],[74.98854,12.7935],[74.99232,12.78789],[74.98701,12.78218],[74.98162,12.77951],[74.97031,12.77682],[74.96863,12.77719],[74.96825,12.78051],[74.96688,12.78111],[74.96497,12.77905],[74.96297,12.77907],[74.95983,12.78328],[74.95375,12.78351],[74.93682,12.77641],[74.92879,12.77554],[74.90845,12.76722],[74.90738,12.76675],[74.90444,12.76411],[74.90073,12.7637],[74.89707,12.75957],[74.89381,12.76027],[74.89104,12.75869],[74.88795,12.75654],[74.88486,12.75293],[74.87913,12.75342],[74.87724,12.7544],[74.87688,12.7565],[74.87508,12.75944],[74.86304,12.75828],[74.86079,12.76978],[74.85969,12.77333],[74.85544,12.77719],[74.85501,12.77796],[74.85471,12.77823],[74.85267,12.78201],[74.85197,12.78247],[74.84995,12.78545],[74.84985,12.78557],[74.8493,12.78688],[74.84826,12.78791],[74.84814,12.78795],[74.84682,12.79183],[74.84568,12.79254],[74.84075,12.80351],[74.84013,12.80411],[74.83851,12.80845],[74.83805,12.80869],[74.83759,12.80892],[74.83675,12.81315],[74.83665,12.81371],[74.83618,12.81394],[74.83472,12.81733],[74.83426,12.81757],[74.83161,12.82432],[74.83052,12.82745],[74.83003,12.82894],[74.82956,12.82918],[74.82837,12.83129],[74.82662,12.83761],[74.82402,12.84884],[74.82245,12.85711],[74.82177,12.85916],[74.81888,12.86776],[74.81707,12.87291],[74.81491,12.87918],[74.81018,12.88593],[74.80712,12.89469],[74.80542,12.90416],[74.80456,12.91053],[74.80261,12.93135],[74.79914,12.95865],[74.7969,12.96866],[74.79151,12.99294],[74.79025,13.00474],[74.78477,13.02245],[74.78436,13.02549],[74.78288,13.03037],[74.78275,13.03088],[74.78285,13.03373],[74.78263,13.04061],[74.78162,13.05429],[74.77861,13.05701],[74.77729,13.06103],[74.77554,13.06505],[74.77243,13.06953],[74.77247,13.07354],[74.77071,13.07756],[74.77162,13.07889],[74.77301,13.08154],[74.77329,13.07764],[74.77428,13.07493],[74.77518,13.07401],[74.77565,13.07377],[74.7761,13.07217],[74.77609,13.07151],[74.77656,13.07127],[74.77702,13.07104],[74.77802,13.06841],[74.7819,13.05814],[74.78351,13.07012],[74.78288,13.07211],[74.78173,13.07601],[74.78121,13.07778],[74.77938,13.09041],[74.77929,13.09141],[74.77987,13.09184],[74.78269,13.09634],[74.78388,13.09656],[74.78724,13.09717],[74.78764,13.09724],[74.78855,13.0974],[74.78993,13.09917],[74.78996,13.10228],[74.78773,13.10453],[74.78593,13.10455],[74.78403,13.10315],[74.78151,13.10363],[74.78102,13.10352],[74.77783,13.10274],[74.77679,13.10207],[74.77527,13.09983],[74.77525,13.09956],[74.77434,13.08987],[74.7735,13.08761],[74.77329,13.0874],[74.77168,13.08606],[74.77007,13.0863],[74.76985,13.08721],[74.76732,13.08882],[74.76711,13.08972],[74.76678,13.09062],[74.76631,13.09085],[74.76306,13.11876],[74.75623,13.14899],[74.75579,13.15125],[74.75414,13.16395],[74.75172,13.17348],[74.75175,13.176],[74.7491,13.18553],[74.74774,13.1869],[74.74703,13.18691],[74.74687,13.18702],[74.74566,13.18782],[74.74379,13.19318],[74.74318,13.19379],[74.74098,13.19989],[74.74051,13.2001],[74.74006,13.20033],[74.73874,13.20378],[74.73634,13.21423],[74.73561,13.21877],[74.73016,13.24256],[74.72846,13.2519],[74.72369,13.26496],[74.72219,13.26863],[74.72173,13.26887],[74.72095,13.27078],[74.72042,13.27194],[74.71822,13.27728],[74.71728,13.27932],[74.71703,13.27943],[74.7166,13.28056],[74.71613,13.2808],[74.71413,13.28784],[74.71212,13.30943],[74.71202,13.31065],[74.70987,13.31891],[74.70655,13.32705],[74.70628,13.32779],[74.70538,13.32872],[74.70424,13.33009],[74.70396,13.33069],[74.70064,13.33804],[74.70075,13.33977],[74.70299,13.3443],[74.70469,13.34125],[74.7062,13.3398],[74.70957,13.33204],[74.71093,13.33023],[74.7116,13.32978],[74.71282,13.32699],[74.71349,13.32622],[74.71365,13.32613],[74.71925,13.31225],[74.71942,13.30936],[74.72024,13.2983],[74.72044,13.28822],[74.72102,13.28708],[74.72285,13.28593],[74.72502,13.28572],[74.72581,13.29074],[74.72369,13.29724],[74.72524,13.30512],[74.72385,13.31376],[74.72422,13.31538],[74.72504,13.31627],[74.72519,13.31832],[74.72499,13.31911],[74.72473,13.3209],[74.72341,13.32444],[74.72307,13.32513],[74.72192,13.3256],[74.721,13.32674],[74.7196,13.33171],[74.71914,13.33194],[74.7181,13.33538],[74.7172,13.33606],[74.7163,13.33676],[74.71428,13.34062],[74.71016,13.34473],[74.71017,13.3452],[74.70901,13.34634],[74.70901,13.3468],[74.70788,13.34748],[74.70008,13.34893],[74.69597,13.35213],[74.69463,13.3576],[74.69479,13.36999],[74.69556,13.37819],[74.69489,13.38391],[74.69486,13.38423],[74.6949,13.38808],[74.69416,13.39768],[74.6908,13.41919],[74.69036,13.4223],[74.68741,13.43684],[74.68592,13.44173],[74.68637,13.4504],[74.68823,13.4539],[74.69085,13.45098],[74.69208,13.44825],[74.69495,13.43675],[74.69572,13.43226],[74.69631,13.4244],[74.69772,13.42057],[74.69967,13.41553],[74.70526,13.41207],[74.70886,13.40773],[74.70894,13.40599],[74.70937,13.40439],[74.71087,13.40284],[74.71275,13.40267],[74.71406,13.40382],[74.7144,13.40501],[74.71446,13.40602],[74.71559,13.40586],[74.71697,13.40529],[74.71752,13.4038],[74.72033,13.40273],[74.72155,13.4026],[74.72531,13.40189],[74.73222,13.40274],[74.73292,13.40251],[74.73345,13.40204],[74.73446,13.40003],[74.73764,13.39157],[74.73811,13.39134],[74.73853,13.38997],[74.74196,13.38846],[74.74303,13.38702],[74.74541,13.39044],[74.74547,13.39264],[74.74508,13.39366],[74.74312,13.39975],[74.74278,13.4014],[74.7405,13.41035],[74.73904,13.41331],[74.73743,13.41425],[74.7326,13.41494],[74.72386,13.41618],[74.71763,13.41838],[74.71423,13.41969],[74.7067,13.42588],[74.70526,13.43157],[74.70515,13.43202],[74.70517,13.43339],[74.70681,13.43585],[74.70981,13.43672],[74.7119,13.43716],[74.71282,13.43805],[74.71283,13.43851],[74.71466,13.44008],[74.71629,13.44029],[74.71676,13.44075],[74.71742,13.44891],[74.71852,13.45318],[74.72157,13.45633],[74.72167,13.45701],[74.72201,13.45837],[74.72236,13.45858],[74.72375,13.45879],[74.72672,13.45846],[74.73011,13.45849],[74.74133,13.45502],[74.74572,13.45403],[74.74965,13.4558],[74.75036,13.45669],[74.75071,13.45851],[74.75016,13.45964],[74.74879,13.46055],[74.7433,13.46358],[74.74052,13.46405],[74.73938,13.46473],[74.74003,13.47197],[74.73948,13.4729],[74.73559,13.47522],[74.73281,13.47569],[74.7319,13.47547],[74.72959,13.47413],[74.7223,13.47117],[74.72185,13.47027],[74.7182,13.46872],[74.71636,13.46736],[74.71614,13.46725],[74.71485,13.46254],[74.71387,13.46071],[74.71234,13.45596],[74.71151,13.4553],[74.71045,13.45462],[74.70911,13.45158],[74.70645,13.444],[74.70505,13.44243],[74.70183,13.44361],[74.70185,13.44408],[74.70093,13.44499],[74.69868,13.45994],[74.69827,13.46342],[74.69833,13.47105],[74.69737,13.4758],[74.69541,13.4813],[74.69495,13.47858],[74.69585,13.46464],[74.69503,13.46338],[74.69104,13.46207],[74.68936,13.46299],[74.68848,13.4655],[74.68801,13.46571],[74.68552,13.47258],[74.68523,13.47394],[74.68308,13.48915],[74.68172,13.50203],[74.6811,13.52606],[74.67862,13.54087],[74.67851,13.54187],[74.67788,13.54804],[74.67692,13.55421],[74.67486,13.56779],[74.67243,13.59436],[74.67198,13.59977],[74.66882,13.61087],[74.66811,13.61444],[74.66794,13.61999],[74.66704,13.62067],[74.6661,13.62358],[74.66375,13.63096],[74.66573,13.63185],[74.66728,13.63266],[74.66958,13.63287],[74.67233,13.63105],[74.67255,13.63035],[74.67325,13.63011],[74.67518,13.62397],[74.67575,13.62339],[74.67634,13.61968],[74.6773,13.61109],[74.67777,13.61085],[74.67781,13.61058],[74.67786,13.61034],[74.67807,13.60877],[74.67854,13.60854],[74.67854,13.60808],[74.68106,13.60739],[74.68245,13.6083],[74.68448,13.6196],[74.68469,13.62229],[74.68187,13.62754],[74.6814,13.62778],[74.68084,13.63004],[74.68087,13.63289],[74.68113,13.63503],[74.68345,13.63749],[74.68555,13.63837],[74.68716,13.63859],[74.69385,13.63921],[74.69569,13.63873],[74.69616,13.63826],[74.69751,13.63576],[74.69795,13.63553],[74.69801,13.63273],[74.69812,13.62987],[74.69742,13.62762],[74.69507,13.62492],[74.69458,13.62357],[74.69468,13.62106],[74.69547,13.61926],[74.70305,13.61601],[74.70663,13.61528],[74.7088,13.61479],[74.71019,13.6157],[74.71172,13.619],[74.71371,13.62046],[74.71487,13.62122],[74.71672,13.62153],[74.71936,13.62097],[74.72362,13.62147],[74.72117,13.62547],[74.71382,13.63046],[74.71106,13.63197],[74.70701,13.63459],[74.70438,13.63845],[74.70763,13.63826],[74.71207,13.63925],[74.71391,13.63843],[74.71487,13.63808],[74.72367,13.63598],[74.72608,13.63538],[74.72816,13.635],[74.73529,13.63579],[74.73536,13.63609],[74.73921,13.6366],[74.7436,13.63679],[74.74822,13.63637],[74.74883,13.63632],[74.75031,13.63615],[74.7558,13.63315],[74.75787,13.63356],[74.76045,13.63601],[74.76025,13.63853],[74.75887,13.63923],[74.75819,13.63945],[74.75774,13.6406],[74.75774,13.64104],[74.75661,13.64221],[74.7541,13.6438],[74.74947,13.64513],[74.74067,13.64767],[74.72906,13.64656],[74.72381,13.64721],[74.71423,13.64851],[74.71147,13.64897],[74.71122,13.64907],[74.70462,13.65178],[74.70186,13.65361],[74.70186,13.65406],[74.7007,13.65497],[74.69992,13.65634],[74.69984,13.66021],[74.70395,13.66516],[74.70779,13.66894],[74.70728,13.67234],[74.70519,13.67376],[74.70346,13.67354],[74.69556,13.66681],[74.69348,13.66729],[74.69041,13.669],[74.68803,13.67036],[74.68728,13.67076],[74.68729,13.6712],[74.68707,13.67189],[74.67951,13.67514],[74.67941,13.67696],[74.67951,13.67763],[74.68234,13.68124],[74.69061,13.68781],[74.6917,13.68867],[74.69205,13.68883],[74.69689,13.69071],[74.71333,13.69673],[74.69937,13.69623],[74.69596,13.69721],[74.69265,13.69833],[74.69222,13.69969],[74.69133,13.70175],[74.68923,13.70241],[74.68657,13.69961],[74.68455,13.69932],[74.68185,13.70051],[74.68176,13.70074],[74.6813,13.70233],[74.68063,13.70278],[74.68032,13.70374],[74.67866,13.70627],[74.6682,13.71381],[74.67572,13.7019],[74.67701,13.69987],[74.67713,13.69823],[74.67781,13.69099],[74.67747,13.68987],[74.67664,13.68898],[74.67188,13.68035],[74.67171,13.67999],[74.67122,13.67818],[74.66962,13.66845],[74.66911,13.65352],[74.66905,13.64873],[74.66733,13.64159],[74.6657,13.63893],[74.66285,13.64304],[74.66111,13.64881],[74.66008,13.65087],[74.65924,13.65157],[74.65718,13.65363],[74.65621,13.65452],[74.65622,13.65498],[74.65622,13.65544],[74.65508,13.65635],[74.65438,13.65682],[74.65439,13.65748],[74.65396,13.65885],[74.65305,13.65955],[74.65282,13.66022],[74.65054,13.66252],[74.64963,13.66299],[74.64721,13.66867],[74.6466,13.66937],[74.64533,13.67299],[74.64296,13.68773],[74.64051,13.69613],[74.64022,13.69859],[74.63997,13.70129],[74.63955,13.71338],[74.63587,13.72338],[74.6345,13.72475],[74.6344,13.72634],[74.63303,13.72679],[74.63246,13.72905],[74.63242,13.72963],[74.63142,13.74923],[74.62881,13.76603],[74.62802,13.77872],[74.62729,13.78232],[74.62702,13.7834],[74.62687,13.78414],[74.62287,13.79843],[74.62229,13.79901],[74.62002,13.80601],[74.61941,13.81234],[74.61616,13.82585],[74.61433,13.83527],[74.61231,13.84117],[74.61187,13.84141],[74.61104,13.84284],[74.60937,13.84869],[74.60654,13.85855],[74.61237,13.8552],[74.61455,13.8534],[74.61508,13.85232],[74.61551,13.85116],[74.61677,13.8505],[74.62118,13.84811],[74.62394,13.84785],[74.62477,13.84898],[74.62421,13.85124],[74.62442,13.85192],[74.62398,13.85215],[74.62389,13.85419],[74.62517,13.85553],[74.62656,13.8562],[74.6267,13.85779],[74.62636,13.85892],[74.62475,13.86029],[74.6226,13.86046],[74.61923,13.86197],[74.61901,13.86286],[74.61903,13.86422],[74.61812,13.8649],[74.61742,13.86514],[74.6165,13.86491],[74.61418,13.86312],[74.61186,13.86337],[74.61187,13.86382],[74.60845,13.86614],[74.60845,13.8666],[74.60845,13.86704],[74.608,13.86744],[74.60695,13.86827],[74.60525,13.86979],[74.60526,13.87024],[74.60526,13.87071],[74.60319,13.87229],[74.6023,13.87389],[74.60184,13.87502],[74.5984,13.87845],[74.58924,13.90822],[74.58707,13.92048],[74.5866,13.92071],[74.58618,13.92207],[74.58277,13.92574],[74.58238,13.92593],[74.57954,13.92734],[74.57886,13.9294],[74.5784,13.92963],[74.57794,13.92986],[74.57668,13.93312],[74.57503,13.93963],[74.57253,13.94234],[74.57254,13.9428],[74.57163,13.94463],[74.57122,13.945],[74.57108,13.94509],[74.56684,13.94854],[74.55646,13.95159],[74.5544,13.95156],[74.55177,13.95186],[74.55163,13.95187],[74.54935,13.95278],[74.53763,13.96014],[74.53642,13.96647],[74.53794,13.96759],[74.53864,13.96759],[74.54003,13.96849],[74.54005,13.97098],[74.5403,13.97167],[74.53916,13.97257],[74.53755,13.97305],[74.53318,13.97316],[74.53014,13.97355],[74.53015,13.97402],[74.52293,13.97937],[74.52256,13.98039],[74.52201,13.98123],[74.5211,13.98191],[74.5192,13.98455],[74.51897,13.98544],[74.51851,13.98568],[74.51829,13.98658],[74.51715,13.98771],[74.51692,13.98795],[74.51671,13.98853],[74.5158,13.98945],[74.51241,14],[74.51072,14.0127],[74.50932,14.01361],[74.50922,14.01615],[74.50597,14.02552],[74.50814,14.02791],[74.51043,14.02814],[74.51548,14.02677],[74.52233,14.02488],[74.52259,14.02482],[74.52444,14.02479],[74.52492,14.02525],[74.52526,14.02684],[74.52494,14.02774],[74.52448,14.02797],[74.52365,14.03364],[74.5236,14.03389],[74.522,14.03549],[74.52131,14.03571],[74.51738,14.03416],[74.51642,14.03435],[74.51621,14.0344],[74.51407,14.0352],[74.5132,14.03553],[74.51157,14.03991],[74.5096,14.04778],[74.50512,14.05145],[74.50734,14.04781],[74.50831,14.04296],[74.5101,14.03455],[74.50787,14.03088],[74.50575,14.0338],[74.50516,14.03459],[74.5047,14.03473],[74.50399,14.03517],[74.50105,14.0411],[74.49907,14.04862],[74.49827,14.06335],[74.49706,14.06834],[74.49659,14.06855],[74.49311,14.07746],[74.49293,14.07808],[74.49243,14.08013],[74.49011,14.08302],[74.4897,14.08357],[74.48866,14.08586],[74.48357,14.0992],[74.48338,14.09971],[74.48318,14.10243],[74.48405,14.11987],[74.48363,14.12418],[74.48329,14.12533],[74.48261,14.12577],[74.48115,14.12986],[74.48071,14.13009],[74.478,14.13916],[74.47806,14.1408],[74.47811,14.14213],[74.47767,14.15256],[74.47459,14.16934],[74.46895,14.18274],[74.46721,14.19159],[74.46497,14.1982],[74.46268,14.20116],[74.46177,14.20183],[74.45498,14.20415],[74.4538,14.20573],[74.44932,14.21531],[74.44884,14.21555],[74.44557,14.22396],[74.44426,14.23235],[74.43976,14.24767],[74.43811,14.25346],[74.43743,14.25392],[74.43619,14.25665],[74.4358,14.25775],[74.4355,14.25868],[74.43459,14.25915],[74.43241,14.26213],[74.43269,14.26621],[74.4342,14.26686],[74.43466,14.26686],[74.43785,14.2655],[74.44915,14.25948],[74.44984,14.2588],[74.44982,14.25835],[74.45006,14.25765],[74.45257,14.25558],[74.45348,14.25286],[74.45816,14.25001],[74.45828,14.24873],[74.46104,14.25017],[74.46249,14.25122],[74.46319,14.2537],[74.47017,14.25566],[74.47667,14.25348],[74.47901,14.25255],[74.48968,14.24791],[74.49661,14.24435],[74.49799,14.24342],[74.49869,14.24362],[74.49917,14.24385],[74.50312,14.24301],[74.51593,14.24045],[74.52711,14.23976],[74.51768,14.2452],[74.51216,14.24918],[74.51148,14.25147],[74.51103,14.25182],[74.50922,14.25331],[74.50621,14.25571],[74.50528,14.2565],[74.50493,14.25662],[74.50046,14.2581],[74.49103,14.26362],[74.49039,14.26549],[74.48991,14.26706],[74.48997,14.27295],[74.48833,14.27785],[74.48728,14.27912],[74.48517,14.2814],[74.48475,14.28181],[74.47991,14.2839],[74.479,14.28414],[74.47368,14.28327],[74.4723,14.28374],[74.47075,14.28861],[74.46877,14.29193],[74.46524,14.2879],[74.46074,14.28363],[74.45723,14.28298],[74.457,14.28321],[74.45575,14.28271],[74.44936,14.27987],[74.44521,14.28059],[74.44359,14.28107],[74.43782,14.28471],[74.43783,14.28517],[74.43783,14.28563],[74.43564,14.28758],[74.43488,14.28932],[74.43135,14.29782],[74.42603,14.30496],[74.42708,14.29645],[74.42729,14.29344],[74.42878,14.28937],[74.43233,14.27963],[74.43139,14.27302],[74.42759,14.27851],[74.42599,14.28074],[74.42555,14.28097],[74.42269,14.28943],[74.41847,14.30198],[74.41767,14.30437],[74.41406,14.31187],[74.4105,14.33063],[74.40874,14.34504],[74.40819,14.34952],[74.40459,14.3643],[74.40347,14.36749],[74.40349,14.36951],[74.40434,14.37176],[74.40564,14.37539],[74.40502,14.38172],[74.40322,14.38788],[74.39838,14.40479],[74.3974,14.40829],[74.39745,14.41349],[74.40302,14.41904],[74.3945,14.41941],[74.39213,14.4198],[74.38711,14.42129],[74.38665,14.42242],[74.38665,14.42286],[74.3853,14.42379],[74.38144,14.44281],[74.38047,14.44526],[74.37996,14.44876],[74.37548,14.46419],[74.37073,14.47413],[74.37025,14.47436],[74.37008,14.47473],[74.36754,14.4799],[74.36684,14.48035],[74.36684,14.4808],[74.36637,14.48102],[74.36638,14.48194],[74.36284,14.48547],[74.36241,14.48683],[74.36229,14.48694],[74.36182,14.48718],[74.3592,14.49579],[74.35798,14.49899],[74.35754,14.49922],[74.35707,14.49946],[74.35647,14.50665],[74.35646,14.50943],[74.3567,14.51056],[74.36208,14.51504],[74.36432,14.52069],[74.36607,14.5218],[74.37003,14.52292],[74.37071,14.52268],[74.37277,14.52197],[74.37323,14.52108],[74.37553,14.519],[74.37551,14.51855],[74.37621,14.51695],[74.37714,14.51604],[74.37814,14.5147],[74.37835,14.50982],[74.37835,14.50948],[74.37729,14.50721],[74.37658,14.50631],[74.37554,14.50566],[74.37507,14.50566],[74.3733,14.50248],[74.37313,14.49728],[74.37324,14.49684],[74.37785,14.49386],[74.37785,14.4934],[74.37956,14.4909],[74.37988,14.49],[74.38033,14.48726],[74.37988,14.48679],[74.37766,14.48615],[74.3752,14.48458],[74.37506,14.4821],[74.3754,14.48074],[74.37815,14.47843],[74.37815,14.478],[74.37814,14.47754],[74.38112,14.47434],[74.38046,14.46395],[74.38078,14.46279],[74.38563,14.45936],[74.38579,14.45324],[74.38533,14.4521],[74.38718,14.45096],[74.39016,14.45026],[74.39597,14.45107],[74.39642,14.45111],[74.39862,14.45056],[74.40539,14.44873],[74.40772,14.44829],[74.40819,14.44852],[74.41027,14.45009],[74.411,14.45167],[74.41103,14.45596],[74.4103,14.4593],[74.41025,14.45946],[74.40992,14.46142],[74.40995,14.46528],[74.41189,14.47093],[74.41316,14.47159],[74.42123,14.47255],[74.42207,14.47264],[74.42691,14.4719],[74.43151,14.46781],[74.43242,14.46506],[74.43356,14.46393],[74.4347,14.46302],[74.4351,14.46198],[74.44147,14.45663],[74.43814,14.46368],[74.43775,14.46684],[74.4362,14.47161],[74.43366,14.47392],[74.42651,14.4769],[74.42128,14.47798],[74.41567,14.48129],[74.40762,14.48748],[74.40582,14.49111],[74.40101,14.49591],[74.40061,14.4967],[74.39992,14.4983],[74.39908,14.49943],[74.39808,14.50071],[74.39788,14.50163],[74.39783,14.50183],[74.39532,14.50481],[74.39464,14.50708],[74.3937,14.50799],[74.39324,14.50822],[74.38964,14.51776],[74.38873,14.51867],[74.38827,14.5189],[74.38827,14.51959],[74.38737,14.52165],[74.3869,14.52188],[74.3867,14.52278],[74.38473,14.52438],[74.38451,14.5246],[74.38451,14.52505],[74.37886,14.52964],[74.37776,14.53236],[74.3773,14.53257],[74.37659,14.53303],[74.37648,14.53439],[74.37708,14.53552],[74.37814,14.5371],[74.37814,14.53802],[74.3776,14.54053],[74.37622,14.54144],[74.37481,14.54122],[74.37453,14.54131],[74.37293,14.54156],[74.36906,14.54286],[74.36816,14.54716],[74.36952,14.55709],[74.36941,14.55779],[74.36851,14.55869],[74.36757,14.55916],[74.36342,14.55786],[74.36176,14.55364],[74.36008,14.54767],[74.35713,14.54463],[74.35582,14.54228],[74.35536,14.54104],[74.3523,14.53598],[74.35209,14.52581],[74.35209,14.52533],[74.35172,14.52397],[74.35032,14.52285],[74.34526,14.52128],[74.34525,14.52085],[74.34525,14.52041],[74.34103,14.51658],[74.33614,14.51413],[74.33082,14.51418],[74.32465,14.51777],[74.32093,14.51992],[74.31886,14.5197],[74.31466,14.51792],[74.31081,14.51913],[74.31027,14.51931],[74.30866,14.52024],[74.3081,14.52317],[74.31042,14.52509],[74.31182,14.52577],[74.31196,14.52588],[74.31301,14.52723],[74.31315,14.5304],[74.30855,14.53428],[74.3081,14.53677],[74.30858,14.53792],[74.31233,14.5415],[74.3142,14.54512],[74.31425,14.55122],[74.31209,14.55623],[74.312,14.55644],[74.3113,14.5569],[74.30939,14.55968],[74.30809,14.56077],[74.30777,14.56259],[74.30474,14.57056],[74.30189,14.57355],[74.30146,14.57491],[74.3013,14.57509],[74.30083,14.57532],[74.29947,14.58123],[74.29856,14.5819],[74.29766,14.5826],[74.29766,14.58306],[74.29766,14.58352],[74.29433,14.58739],[74.2946,14.59192],[74.29682,14.59257],[74.30074,14.59165],[74.30145,14.59233],[74.3015,14.59245],[74.30192,14.59368],[74.30249,14.5948],[74.30355,14.59549],[74.3068,14.59567],[74.30914,14.59499],[74.31002,14.59475],[74.31072,14.59497],[74.31421,14.59627],[74.31491,14.59696],[74.3149,14.59708],[74.31491,14.59742],[74.31538,14.59742],[74.31889,14.6008],[74.32542,14.60275],[74.32679,14.60317],[74.327,14.60321],[74.32931,14.60343],[74.34156,14.60084],[74.35125,14.59574],[74.35414,14.59485],[74.35789,14.59375],[74.36627,14.59183],[74.37391,14.59305],[74.38414,14.59232],[74.39048,14.59419],[74.39948,14.60179],[74.4124,14.60745],[74.42075,14.61442],[74.42584,14.62206],[74.42956,14.62458],[74.42478,14.6259],[74.41931,14.62339],[74.41446,14.61703],[74.41029,14.61451],[74.40219,14.61073],[74.39144,14.60378],[74.38271,14.60129],[74.37725,14.60006],[74.36983,14.59948],[74.36371,14.59825],[74.36046,14.59853],[74.35685,14.60026],[74.35421,14.60214],[74.35299,14.60326],[74.35271,14.60346],[74.35131,14.60392],[74.34901,14.60552],[74.34812,14.60824],[74.34765,14.60871],[74.3458,14.60895],[74.34304,14.60782],[74.34303,14.60739],[74.34257,14.60716],[74.34094,14.60695],[74.33977,14.60719],[74.33644,14.60935],[74.33239,14.61109],[74.32962,14.6118],[74.32549,14.61091],[74.32314,14.61003],[74.32084,14.61051],[74.31945,14.61096],[74.319,14.61278],[74.31878,14.61391],[74.31693,14.61574],[74.31356,14.61487],[74.31252,14.6142],[74.31083,14.60448],[74.30822,14.60221],[74.30546,14.60134],[74.30004,14.60249],[74.29666,14.60359],[74.28469,14.60852],[74.28469,14.60899],[74.28469,14.60944],[74.28262,14.61126],[74.28219,14.61331],[74.28105,14.61467],[74.28057,14.61491],[74.27943,14.61853],[74.27876,14.61943],[74.27459,14.62239],[74.27413,14.62239],[74.27413,14.62283],[74.27371,14.62311],[74.27234,14.62425],[74.27177,14.62699],[74.27203,14.62924],[74.27516,14.62967],[74.28023,14.62871],[74.28094,14.62894],[74.28232,14.63052],[74.28283,14.63528],[74.2839,14.63573],[74.28472,14.63639],[74.28506,14.63731],[74.28518,14.63956],[74.28338,14.64363],[74.282,14.65042],[74.28012,14.65624],[74.28012,14.65713],[74.28037,14.65759],[74.28299,14.6587],[74.28558,14.66295],[74.28264,14.66404],[74.27638,14.66432],[74.275,14.66523],[74.27456,14.6693],[74.27947,14.67314],[74.27932,14.67477],[74.2791,14.67682],[74.27592,14.68876],[74.27545,14.689],[74.27405,14.69128],[74.27338,14.69288],[74.27019,14.69654],[74.26869,14.6975],[74.2559,14.7057],[74.25556,14.70726],[74.2558,14.70841],[74.25776,14.70883],[74.25822,14.70859],[74.25985,14.70881],[74.26229,14.71041],[74.26407,14.71265],[74.26547,14.71333],[74.26514,14.71627],[74.26524,14.71717],[74.26254,14.72241],[74.2584,14.72572],[74.2576,14.72595],[74.25714,14.72711],[74.257,14.7272],[74.25656,14.72835],[74.25106,14.73336],[74.25035,14.7336],[74.25035,14.73406],[74.25035,14.7345],[74.24937,14.73548],[74.24693,14.73791],[74.24646,14.73906],[74.24647,14.73952],[74.24177,14.74329],[74.24156,14.74389],[74.23658,14.74728],[74.23425,14.74776],[74.22888,14.74709],[74.22801,14.74691],[74.22486,14.74511],[74.22404,14.74466],[74.22379,14.7433],[74.22453,14.73605],[74.22417,14.73514],[74.22277,14.73448],[74.22139,14.73472],[74.20959,14.73435],[74.20388,14.7328],[74.20366,14.73122],[74.20365,14.73032],[74.20477,14.7276],[74.20525,14.72736],[74.20669,14.72056],[74.20483,14.71945],[74.2002,14.72018],[74.19512,14.72382],[74.19216,14.73018],[74.18569,14.73576],[74.18546,14.73646],[74.18319,14.73862],[74.18287,14.73931],[74.18244,14.74024],[74.18055,14.74372],[74.1797,14.74552],[74.17725,14.74772],[74.17587,14.74866],[74.16688,14.7521],[74.16655,14.75485],[74.16667,14.75551],[74.17133,14.75773],[74.17147,14.75789],[74.17367,14.75981],[74.17517,14.76125],[74.17552,14.76154],[74.17599,14.76433],[74.17716,14.76666],[74.1738,14.76678],[74.1707,14.76724],[74.16339,14.76573],[74.16258,14.76504],[74.16093,14.76144],[74.16043,14.75806],[74.15945,14.7508],[74.15891,14.75019],[74.15721,14.74702],[74.15607,14.74945],[74.15434,14.75015],[74.15256,14.75997],[74.15168,14.76492],[74.15121,14.76513],[74.15105,14.76529],[74.15085,14.76621],[74.1487,14.76818],[74.14847,14.76911],[74.14411,14.77358],[74.14367,14.77448],[74.13655,14.77749],[74.13604,14.7777],[74.13308,14.7781],[74.13212,14.77819],[74.12957,14.77798],[74.12559,14.77415],[74.12419,14.77347],[74.12304,14.77371],[74.12212,14.77394],[74.12074,14.77464],[74.11981,14.7769],[74.11959,14.7785],[74.11996,14.77962],[74.1201,14.78256],[74.11939,14.78323],[74.11708,14.78484],[74.11317,14.78397],[74.10945,14.78445],[74.10784,14.7856],[74.10787,14.78946],[74.10811,14.79059],[74.10742,14.79285],[74.10627,14.79375],[74.10049,14.79425],[74.0954,14.797],[74.0954,14.79746],[74.09496,14.79769],[74.09443,14.802],[74.09523,14.80312],[74.10051,14.80338],[74.10091,14.80342],[74.10289,14.80329],[74.10752,14.80213],[74.11465,14.79891],[74.11883,14.80079],[74.12002,14.80202],[74.12049,14.80202],[74.12318,14.80587],[74.12458,14.81274],[74.12546,14.81787],[74.12512,14.83346],[74.12595,14.83415],[74.1263,14.83438],[74.12793,14.83459],[74.13578,14.83272],[74.137,14.83297],[74.14601,14.8347],[74.15035,14.83771],[74.15089,14.83807],[74.15557,14.83983],[74.15904,14.83849],[74.16198,14.83813],[74.16157,14.83569],[74.16164,14.8339],[74.16105,14.83277],[74.15802,14.8312],[74.15777,14.83054],[74.15615,14.82186],[74.15602,14.8168],[74.15675,14.81283],[74.16077,14.81545],[74.16513,14.8187],[74.16572,14.81944],[74.16774,14.82184],[74.16992,14.82449],[74.17017,14.82509],[74.17062,14.82614],[74.171,14.82862],[74.17093,14.82911],[74.17061,14.83266],[74.17062,14.84064],[74.17083,14.8407],[74.17188,14.84137],[74.17667,14.84239],[74.17759,14.84308],[74.17887,14.84511],[74.17866,14.84783],[74.17741,14.84948],[74.17617,14.85328],[74.17618,14.8551],[74.1784,14.8562],[74.17909,14.85597],[74.18085,14.85628],[74.18149,14.85664],[74.18225,14.85676],[74.18704,14.86123],[74.18889,14.86246],[74.19168,14.86357],[74.20468,14.86689],[74.21581,14.86838],[74.21696,14.86791],[74.22073,14.86496],[74.22072,14.8645],[74.22344,14.86263],[74.22344,14.86218],[74.22366,14.86199],[74.22664,14.86038],[74.23099,14.8597],[74.23128,14.85965],[74.23315,14.8601],[74.23851,14.86246],[74.24329,14.86571],[74.24806,14.86929],[74.25015,14.8713],[74.25017,14.87468],[74.24902,14.87538],[74.2488,14.87605],[74.23416,14.87164],[74.22368,14.87217],[74.22105,14.87232],[74.2141,14.8737],[74.20869,14.87579],[74.20746,14.87947],[74.20917,14.88396],[74.21171,14.8868],[74.21006,14.88885],[74.20586,14.88725],[74.20291,14.88523],[74.20041,14.88464],[74.19301,14.88291],[74.19143,14.87974],[74.1911,14.87968],[74.18919,14.87918],[74.185,14.88038],[74.18146,14.8814],[74.17908,14.8811],[74.17733,14.88021],[74.17626,14.87887],[74.17644,14.87207],[74.17482,14.87027],[74.17318,14.86936],[74.17157,14.87006],[74.17111,14.87166],[74.17041,14.87188],[74.17018,14.87281],[74.16903,14.87349],[74.16672,14.87304],[74.16567,14.87169],[74.1641,14.86616],[74.16271,14.86288],[74.16223,14.86244],[74.16029,14.86111],[74.15407,14.85774],[74.14643,14.85779],[74.1425,14.85713],[74.1415,14.85059],[74.13798,14.84607],[74.13754,14.84585],[74.12898,14.84816],[74.12422,14.84732],[74.12362,14.84687],[74.12357,14.84075],[74.12103,14.83842],[74.11432,14.84307],[74.11432,14.84353],[74.11432,14.84399],[74.1125,14.8458],[74.1072,14.86555],[74.10618,14.86804],[74.10571,14.86828],[74.10524,14.86851],[74.10298,14.87393],[74.09653,14.8801],[74.09609,14.8844],[74.09799,14.8869],[74.0978,14.89233],[74.09686,14.89326],[74.08833,14.8958],[74.08802,14.89598],[74.0963,14.90407],[74.09718,14.90634],[74.10611,14.91375],[74.11039,14.91222],[74.11583,14.91524],[74.11963,14.91581],[74.12518,14.91524],[74.12656,14.91855],[74.12935,14.92226],[74.13257,14.92305],[74.13891,14.92003],[74.14243,14.92112],[74.14714,14.91987],[74.15667,14.91587],[74.16315,14.91188],[74.16875,14.91154],[74.17072,14.91581],[74.16719,14.92054],[74.15926,14.93936],[74.15939,14.94204],[74.16295,14.94477],[74.1632,14.9499],[74.16547,14.9536],[74.17372,14.95565],[74.17995,14.95598],[74.18368,14.95432],[74.1859,14.9476],[74.19086,14.94588],[74.19765,14.94047],[74.19755,14.93471],[74.19658,14.93004],[74.20536,14.92405],[74.21283,14.934],[74.21829,14.94396],[74.23534,14.94909],[74.23754,14.9601],[74.24472,14.96343],[74.25034,14.96104],[74.25583,14.96018],[74.25812,14.96587],[74.26039,14.96944],[74.26392,14.96927],[74.26474,14.97415],[74.26773,14.97784],[74.26475,14.98305],[74.25545,14.99337],[74.26442,14.99749],[74.26538,15.00035],[74.26505,15.00035],[74.26481,15.00141],[74.2667,15.00407],[74.26562,15.00509],[74.27021,15.01224],[74.27569,15.01816],[74.28365,15.02421],[74.28291,15.03272],[74.28698,15.03634],[74.29624,15.04246],[74.29511,15.04666],[74.28886,15.05687],[74.28912,15.06527],[74.28285,15.06842],[74.28105,15.07192],[74.2776,15.09656],[74.27209,15.09845],[74.27485,15.10438],[74.27952,15.10628],[74.28205,15.10813],[74.28444,15.11917],[74.28691,15.12251],[74.28524,15.12584],[74.2835,15.1325],[74.28502,15.13791],[74.28334,15.14566],[74.2864,15.15021],[74.29167,15.14884],[74.29527,15.15241],[74.30475,15.16455],[74.31204,15.17784],[74.31585,15.18659],[74.31086,15.19359],[74.30966,15.19882],[74.30946,15.20571],[74.30832,15.20812],[74.30548,15.20955],[74.30453,15.21145],[74.30392,15.21592],[74.30053,15.22149],[74.30051,15.22569],[74.29594,15.23062],[74.28805,15.23446],[74.27236,15.23966],[74.26441,15.24096],[74.25713,15.24434],[74.25535,15.24617],[74.25284,15.25244],[74.25109,15.26008],[74.26157,15.26084],[74.26386,15.26338],[74.26639,15.27022],[74.27027,15.27689],[74.27664,15.28374],[74.28285,15.28151],[74.28929,15.28554],[74.2938,15.28475],[74.29609,15.28831],[74.30362,15.28568],[74.31226,15.28438],[74.32806,15.28532],[74.3356,15.29539],[74.33441,15.29924],[74.32186,15.31571],[74.31719,15.33202],[74.32229,15.34581],[74.31979,15.34966],[74.31644,15.35966],[74.31749,15.36442],[74.32245,15.36788],[74.32221,15.36966],[74.30661,15.37728],[74.29943,15.38289],[74.28361,15.3836],[74.27989,15.38498],[74.27625,15.391],[74.27816,15.40388],[74.27505,15.4114],[74.27094,15.41724],[74.26919,15.42626],[74.27627,15.43564],[74.27359,15.43828],[74.27655,15.43983],[74.27612,15.44546],[74.27348,15.4531],[74.26609,15.46756],[74.24978,15.49182],[74.24978,15.49183],[74.2507,15.49906],[74.25429,15.50314],[74.26162,15.50822],[74.27545,15.51525],[74.27732,15.52174],[74.27637,15.52283],[74.28085,15.52829],[74.27916,15.53645],[74.27647,15.54386],[74.27248,15.55097],[74.26606,15.55653],[74.26337,15.56341],[74.26111,15.56571],[74.25804,15.56306],[74.24772,15.56809],[74.24781,15.57475],[74.25082,15.57775],[74.24978,15.58481],[74.25859,15.59241],[74.2589,15.60383],[74.26201,15.61182],[74.26092,15.61928],[74.25592,15.62514],[74.25283,15.62668],[74.24774,15.62535],[74.2459,15.62604],[74.24789,15.63183],[74.25061,15.63615],[74.24985,15.64901],[74.24864,15.65641],[74.23834,15.66782],[74.2352,15.66805],[74.23012,15.66407],[74.22483,15.66871],[74.21727,15.66106],[74.22167,15.65664],[74.22204,15.65516],[74.21731,15.65251],[74.2064,15.65122],[74.20301,15.65632],[74.20513,15.66069],[74.2047,15.66316],[74.1894,15.66709],[74.18753,15.67432],[74.1912,15.67582],[74.19076,15.6811],[74.18318,15.68315],[74.17602,15.67952],[74.17165,15.67359],[74.1684,15.67233],[74.1664,15.65423],[74.15887,15.65456],[74.15616,15.65076],[74.14786,15.65195],[74.13969,15.65084],[74.1356,15.64929],[74.12173,15.65241],[74.11877,15.65246],[74.11407,15.65584],[74.10471,15.6572],[74.09716,15.66136],[74.09062,15.66812],[74.08912,15.673],[74.09314,15.6745],[74.09889,15.67279],[74.11021,15.67294],[74.11973,15.67589],[74.12636,15.68055],[74.13166,15.68838],[74.13323,15.69671],[74.13167,15.70118],[74.13433,15.7025],[74.1317,15.70848],[74.1283,15.71139],[74.12751,15.71816],[74.12335,15.72005],[74.1276,15.72431],[74.13324,15.72381],[74.13465,15.7253],[74.13576,15.72932],[74.14019,15.7322],[74.14333,15.73382],[74.14819,15.7344],[74.15298,15.73648],[74.15514,15.74418],[74.16056,15.75137],[74.16406,15.75207],[74.19014,15.75235],[74.19748,15.75553],[74.20445,15.76071],[74.20774,15.76811],[74.20884,15.77599],[74.21054,15.78087],[74.21562,15.78381],[74.22053,15.78778],[74.2287,15.78894],[74.23215,15.78666],[74.23359,15.78287],[74.22839,15.76174],[74.22847,15.7561],[74.23222,15.75427],[74.23716,15.74653],[74.2434,15.74334],[74.25228,15.74553],[74.25944,15.74916],[74.26428,15.75406],[74.26742,15.75526],[74.27842,15.74547],[74.28567,15.74147],[74.30661,15.75045],[74.30826,15.7543],[74.31229,15.75558],[74.31773,15.75869],[74.3186,15.76345],[74.32124,15.77034],[74.32343,15.77253],[74.32824,15.76984],[74.33601,15.76768],[74.34052,15.76527],[74.34473,15.76552],[74.35868,15.77582],[74.36174,15.78375],[74.3647,15.78433],[74.3694,15.79886],[74.36969,15.80333],[74.36842,15.80666],[74.36788,15.81257],[74.363,15.81429],[74.36021,15.81762],[74.36459,15.81934],[74.36723,15.82796],[74.36841,15.82962],[74.38019,15.83538],[74.38338,15.83843],[74.38324,15.84624],[74.38133,15.84922],[74.34753,15.8502],[74.34012,15.85145],[74.33827,15.85414],[74.34715,15.85783],[74.34672,15.86133],[74.35789,15.87225],[74.36085,15.87317],[74.36126,15.87531],[74.36381,15.87777],[74.36444,15.88208],[74.36435,15.89247],[74.36796,15.89368],[74.36833,15.89202],[74.36661,15.88977],[74.37041,15.88703],[74.37702,15.87986],[74.37947,15.87533],[74.38187,15.86604],[74.38243,15.85932],[74.38622,15.85956],[74.38737,15.85388],[74.3971,15.85108],[74.40052,15.85401],[74.40562,15.85471],[74.40626,15.85976],[74.39316,15.87645],[74.39653,15.88035],[74.39561,15.88937],[74.39327,15.89785],[74.39232,15.8998],[74.38626,15.90134],[74.38578,15.90324],[74.396,15.91312],[74.40628,15.92726],[74.42933,15.95323],[74.4364,15.96753],[74.43809,15.97637],[74.44412,15.98527],[74.44263,15.98843],[74.44257,15.99032],[74.44433,15.99463],[74.44382,16.00055],[74.44753,16.00783],[74.45062,16.01093],[74.45813,16.02458],[74.46134,16.03227],[74.46188,16.03566],[74.4645,16.04255],[74.4622,16.04869],[74.45805,16.04973],[74.45005,16.05416],[74.44216,16.05439],[74.43456,16.05899],[74.43041,16.05871],[74.42619,16.05711],[74.41693,16.05517],[74.40951,16.05304],[74.40517,16.05098],[74.40357,16.04909],[74.40327,16.04731],[74.38996,16.04158],[74.3839,16.03711],[74.37239,16.0386],[74.37204,16.04125],[74.3727,16.04538],[74.37556,16.05554],[74.37396,16.05673],[74.36453,16.05299],[74.36191,16.05492],[74.36476,16.06153],[74.36891,16.06533],[74.37388,16.07154],[74.37441,16.07498],[74.37339,16.07876],[74.37481,16.08021],[74.38063,16.08005],[74.38431,16.08189],[74.39114,16.08035],[74.39221,16.08208],[74.39119,16.08908],[74.39796,16.09293],[74.40152,16.09265],[74.40918,16.09377],[74.41006,16.09795],[74.41243,16.10283],[74.41676,16.10451],[74.42863,16.11256],[74.43201,16.11011],[74.43861,16.10713],[74.44906,16.10463],[74.45417,16.10486],[74.45874,16.10407],[74.47222,16.09387],[74.47317,16.08986],[74.47614,16.08895],[74.48339,16.0893],[74.48475,16.09234],[74.48712,16.09482],[74.48695,16.09752],[74.48783,16.10056],[74.49074,16.10354],[74.49145,16.11433],[74.48525,16.14394],[74.48139,16.14502],[74.48008,16.14892],[74.48425,16.14915],[74.48898,16.15697],[74.48963,16.17092],[74.49212,16.18325],[74.4961,16.18734],[74.50346,16.18976],[74.50726,16.19017],[74.50726,16.19131],[74.5069,16.19775],[74.50517,16.20072],[74.50761,16.20113],[74.50767,16.20314],[74.49751,16.21345],[74.49644,16.21603],[74.49727,16.2181],[74.50207,16.22316],[74.50267,16.22482],[74.49744,16.23291],[74.48935,16.23783],[74.48912,16.2399],[74.47835,16.2486],[74.47503,16.24619],[74.47028,16.2409],[74.46736,16.24038],[74.45756,16.24369],[74.4556,16.24564],[74.45536,16.25029],[74.43682,16.2514],[74.43586,16.25599],[74.43497,16.2545],[74.43033,16.25661],[74.41648,16.25928],[74.41476,16.26571],[74.41552,16.27329],[74.41515,16.28241],[74.41194,16.28275],[74.39459,16.27807],[74.38508,16.27742],[74.38418,16.29204],[74.38121,16.29216],[74.37383,16.2953],[74.36748,16.29212],[74.36331,16.29252],[74.35625,16.28895],[74.3522,16.2906],[74.34976,16.29272],[74.34822,16.29156],[74.34691,16.29363],[74.34531,16.29001],[74.354,16.28371],[74.35352,16.28142],[74.34877,16.2763],[74.34574,16.27629],[74.34437,16.27807],[74.34295,16.27687],[74.34307,16.27508],[74.33749,16.27393],[74.33399,16.26938],[74.3306,16.26754],[74.32739,16.26988],[74.32417,16.27475],[74.32221,16.28123],[74.32282,16.28286],[74.32568,16.2859],[74.32531,16.28798],[74.32992,16.29196],[74.33625,16.29057],[74.34231,16.29327],[74.33842,16.30506],[74.33472,16.30461],[74.33368,16.30578],[74.3359,16.30688],[74.33415,16.3134],[74.32562,16.31254],[74.32453,16.31681],[74.32504,16.31818],[74.32923,16.31678],[74.33356,16.3187],[74.33082,16.32516],[74.3269,16.32551],[74.32345,16.32413],[74.31649,16.32689],[74.31751,16.32919],[74.32078,16.33096],[74.32263,16.33435],[74.31829,16.33844],[74.31693,16.34165],[74.32174,16.34285],[74.32792,16.34227],[74.32507,16.34824],[74.31717,16.35537],[74.32502,16.35732],[74.32574,16.35869],[74.32112,16.36984],[74.32125,16.37207],[74.31893,16.38097],[74.32606,16.3773],[74.32827,16.38459],[74.32851,16.39044],[74.32946,16.39136],[74.33387,16.39268],[74.3366,16.3924],[74.33934,16.39124],[74.3413,16.38774],[74.34218,16.38211],[74.34468,16.3785],[74.34549,16.36805],[74.3553,16.3665],[74.35324,16.38056],[74.36236,16.3929],[74.36278,16.39606],[74.36148,16.40019],[74.35821,16.40496],[74.35315,16.40571],[74.34275,16.40566],[74.34286,16.40112],[74.3362,16.40222],[74.33549,16.40693],[74.3317,16.41508],[74.33081,16.42191],[74.3373,16.42725],[74.33404,16.43466],[74.33416,16.43787],[74.33577,16.44126],[74.33601,16.44402],[74.33256,16.44655],[74.33227,16.44833],[74.33352,16.44982],[74.33239,16.45384],[74.32906,16.45476],[74.324,16.45447],[74.31538,16.45172],[74.30824,16.45488],[74.30046,16.46126],[74.29802,16.46246],[74.29575,16.46275],[74.29474,16.46074],[74.28963,16.46068],[74.28975,16.46838],[74.28815,16.47601],[74.2909,16.48325],[74.29389,16.50128],[74.29323,16.50427],[74.28223,16.50542],[74.27657,16.49767],[74.27376,16.491],[74.27424,16.48744],[74.27579,16.48423],[74.27168,16.4813],[74.26198,16.47768],[74.25835,16.48405],[74.25769,16.4871],[74.25532,16.49032],[74.25324,16.49255],[74.24628,16.49652],[74.24884,16.49841],[74.25628,16.50059],[74.27187,16.50266],[74.27902,16.50501],[74.27996,16.5084],[74.27765,16.51811],[74.27516,16.52218],[74.26986,16.52224],[74.26873,16.52678],[74.26517,16.53504],[74.26476,16.54028],[74.26959,16.54614],[74.27756,16.5447],[74.28148,16.54108],[74.27999,16.53103],[74.2804,16.52896],[74.28284,16.52689],[74.2829,16.52419],[74.28814,16.53091],[74.28779,16.53316],[74.29094,16.53355],[74.30028,16.5308],[74.3023,16.52563],[74.30182,16.5235],[74.30497,16.50857],[74.30686,16.5049],[74.30752,16.50374],[74.31489,16.50431],[74.31734,16.50794],[74.31611,16.52063],[74.31666,16.53384],[74.31559,16.54066],[74.31566,16.54612],[74.31721,16.55307],[74.32287,16.55508],[74.32561,16.55531],[74.3337,16.55174],[74.33965,16.54807],[74.34864,16.55472],[74.35335,16.5553],[74.35669,16.55782],[74.35925,16.55868],[74.36287,16.55489],[74.35649,16.55018],[74.35827,16.5453],[74.35619,16.54036],[74.35975,16.53927],[74.36475,16.53927],[74.37915,16.52904],[74.38366,16.52955],[74.38665,16.53271],[74.3894,16.5373],[74.38925,16.56113],[74.39491,16.5625],[74.39455,16.56509],[74.39217,16.56704],[74.39499,16.57255],[74.39593,16.57634],[74.39728,16.58027],[74.40756,16.58184],[74.41615,16.5851],[74.42273,16.58434],[74.42748,16.59596],[74.43478,16.60028],[74.44095,16.60194],[74.46654,16.6064],[74.46488,16.61654],[74.46545,16.62336],[74.46389,16.62506],[74.45852,16.63556],[74.45687,16.64605],[74.45925,16.64847],[74.45885,16.65451],[74.4642,16.65675],[74.47149,16.66234],[74.47547,16.65563],[74.48002,16.64069],[74.484,16.63765],[74.48596,16.63391],[74.4897,16.62925],[74.4922,16.62822],[74.49589,16.62873],[74.50454,16.63303],[74.52443,16.6322],[74.54587,16.6348],[74.5438,16.61712],[74.54468,16.61063],[74.54429,16.5938],[74.54905,16.59403],[74.56006,16.592],[74.56433,16.58286],[74.5596,16.57627],[74.55418,16.573],[74.55357,16.56876],[74.55416,16.5614],[74.55671,16.55968],[74.56004,16.55944],[74.56361,16.55805],[74.5686,16.55363],[74.57609,16.5535],[74.5761,16.55666],[74.58659,16.55721],[74.58719,16.55893],[74.58624,16.56049],[74.58642,16.56238],[74.58798,16.56548],[74.59054,16.56605],[74.59952,16.5638],[74.61174,16.56962],[74.61741,16.5753],[74.61915,16.57921],[74.61869,16.58357],[74.62172,16.58259],[74.62546,16.57931],[74.63117,16.5774],[74.63535,16.58359],[74.63421,16.596],[74.63457,16.60117],[74.63596,16.60633],[74.63764,16.6084],[74.64258,16.60971],[74.64663,16.60861],[74.65881,16.60272],[74.66377,16.60432],[74.67026,16.60763],[74.67355,16.6082],[74.68544,16.60611],[74.68843,16.60892],[74.68969,16.61247],[74.68935,16.61684],[74.68626,16.61978],[74.68031,16.62151],[74.66884,16.63009],[74.66093,16.63034],[74.65796,16.63379],[74.65542,16.63919],[74.66375,16.65715],[74.66669,16.66513],[74.69115,16.67656],[74.68961,16.68024],[74.68229,16.6806],[74.68254,16.68324],[74.68397,16.68571],[74.69065,16.68741],[74.69008,16.69402],[74.69097,16.71211],[74.69325,16.71676],[74.70292,16.71466],[74.71758,16.71486],[74.73183,16.71741],[74.74348,16.7237],[74.74939,16.72776],[74.75143,16.7312],[74.75914,16.73836],[74.76476,16.74105],[74.77042,16.74236],[74.77091,16.74557],[74.77439,16.75015],[74.78655,16.74972],[74.79589,16.74722],[74.79961,16.75233],[74.84601,16.7619],[74.85065,16.77234],[74.86412,16.77264],[74.88849,16.77027],[74.90292,16.77138],[74.91979,16.77154],[74.91181,16.78725],[74.91175,16.81178],[74.90899,16.83229],[74.90923,16.84298],[74.90786,16.85745],[74.92376,16.86487],[74.92749,16.87105],[74.93309,16.87068],[74.93586,16.87383],[74.93569,16.87803],[74.94119,16.87863],[74.94466,16.8816],[74.95216,16.87881],[74.96021,16.8794],[74.96339,16.90687],[74.94889,16.90798],[74.94408,16.91066],[74.9401,16.91475],[74.93421,16.91795],[74.93291,16.9222],[74.92298,16.92708],[74.92446,16.93666],[74.93438,16.94244],[74.94437,16.93728],[74.94849,16.93768],[74.9506,16.93147],[74.95411,16.93062],[74.95609,16.9344],[74.96282,16.93712],[74.96561,16.93738],[74.97143,16.93608],[74.9776,16.93209],[74.982,16.9305],[74.99069,16.93652],[74.99577,16.94338],[74.99996,16.94731],[75.00769,16.94406],[75.02666,16.94302],[75.02647,16.93264],[75.02827,16.92717],[75.03087,16.93025],[75.04179,16.93576],[75.0446,16.94021],[75.04723,16.94115],[75.0517,16.94036],[75.06191,16.94077],[75.07954,16.94811],[75.08702,16.95016],[75.09076,16.94874],[75.09134,16.92268],[75.09459,16.91542],[75.10361,16.91107],[75.11548,16.91152],[75.11874,16.90879],[75.12032,16.902],[75.12439,16.89874],[75.13519,16.8945],[75.1339,16.88619],[75.13519,16.87986],[75.13794,16.87513],[75.14737,16.87101],[75.16129,16.86718],[75.16867,16.86642],[75.17782,16.86913],[75.18667,16.87512],[75.18954,16.87119],[75.18599,16.86353],[75.18019,16.84368],[75.1853,16.84254],[75.21296,16.842],[75.22717,16.84259],[75.23009,16.8472],[75.23283,16.85584],[75.2382,16.86462],[75.24066,16.86614],[75.24591,16.86619],[75.25524,16.86379],[75.2656,16.86253],[75.28015,16.87591],[75.28301,16.88046],[75.28487,16.88486],[75.28916,16.90278],[75.28294,16.91106],[75.28094,16.94454],[75.28197,16.95515],[75.28581,16.95636],[75.29213,16.95572],[75.30354,16.95627],[75.3355,16.95516],[75.34289,16.95415],[75.3572,16.95852],[75.362,16.96524],[75.36935,16.97031],[75.3925,16.97801],[75.41467,16.97114],[75.4289,16.96511],[75.43676,16.97254],[75.44172,16.98114],[75.4515,16.9843],[75.46592,16.98699],[75.46661,16.98124],[75.48058,16.97762],[75.48778,16.96708],[75.48988,16.95953],[75.49074,16.95322],[75.49112,16.9469],[75.49061,16.9446],[75.50002,16.94713],[75.50747,16.95031],[75.50882,16.94903],[75.51521,16.95365],[75.52229,16.96045],[75.52824,16.96755],[75.53113,16.96837],[75.5411,16.96485],[75.55682,16.96609],[75.56874,16.96536],[75.56766,17.00057],[75.56828,17.00787],[75.57419,17.0095],[75.59792,17.00694],[75.60802,17.00483],[75.60818,17.00067],[75.60918,16.97138],[75.6196,16.96952],[75.62955,16.96893],[75.63496,16.96759],[75.63802,16.96095],[75.64368,16.95284],[75.6483,16.95381],[75.65433,16.95791],[75.66247,16.95969],[75.67012,16.96035],[75.67337,16.96208],[75.6772,16.96575],[75.67334,16.97115],[75.67138,16.97588],[75.66812,16.97742],[75.66756,16.97955],[75.66741,16.985],[75.66926,17.00059],[75.67184,17.02792],[75.67097,17.03747],[75.66084,17.03417],[75.65266,17.03236],[75.64684,17.03441],[75.64237,17.03812],[75.6465,17.04828],[75.65305,17.0568],[75.66137,17.06348],[75.66969,17.06328],[75.67715,17.06457],[75.67982,17.07285],[75.67887,17.07997],[75.67612,17.08943],[75.67722,17.09587],[75.67422,17.1028],[75.67281,17.1152],[75.65227,17.11477],[75.65135,17.13436],[75.64831,17.1348],[75.64733,17.14042],[75.64132,17.14925],[75.62994,17.16166],[75.62655,17.17169],[75.62705,17.18231],[75.62872,17.18302],[75.62923,17.18772],[75.64121,17.18973],[75.64214,17.19564],[75.65606,17.20534],[75.66075,17.2099],[75.66252,17.21531],[75.66144,17.22948],[75.65954,17.24153],[75.6585,17.26294],[75.65608,17.27206],[75.63083,17.27369],[75.63189,17.27886],[75.62962,17.28132],[75.62636,17.28958],[75.62316,17.29525],[75.60438,17.30468],[75.61218,17.32085],[75.61446,17.33016],[75.61153,17.3437],[75.59649,17.3465],[75.58828,17.35107],[75.58315,17.35115],[75.58237,17.35271],[75.57684,17.38426],[75.58203,17.38354],[75.58651,17.38436],[75.59652,17.38744],[75.6017,17.3912],[75.60897,17.39336],[75.61423,17.3932],[75.61515,17.39999],[75.61336,17.41089],[75.60896,17.41845],[75.60854,17.42086],[75.61384,17.42335],[75.61716,17.44042],[75.62376,17.45939],[75.62972,17.46247],[75.63136,17.47091],[75.63406,17.47879],[75.64807,17.47469],[75.65473,17.46881],[75.66086,17.46098],[75.66904,17.46063],[75.67616,17.45929],[75.67946,17.45529],[75.67943,17.4375],[75.68578,17.41866],[75.68986,17.41397],[75.6959,17.41194],[75.70678,17.40971],[75.71394,17.41031],[75.72116,17.41316],[75.72781,17.42089],[75.73282,17.42304],[75.73586,17.42329],[75.7494,17.4143],[75.75766,17.40981],[75.76304,17.40984],[75.76871,17.40826],[75.7756,17.38965],[75.78131,17.38027],[75.79005,17.37445],[75.80141,17.37158],[75.81042,17.37143],[75.81417,17.37533],[75.8167,17.38222],[75.8168,17.38951],[75.81539,17.39928],[75.81639,17.40266],[75.81936,17.40801],[75.8211,17.42112],[75.82384,17.42429],[75.82694,17.42516],[75.83806,17.42199],[75.84709,17.4168],[75.85522,17.40914],[75.85836,17.39046],[75.86123,17.38735],[75.86413,17.38794],[75.87596,17.39846],[75.87822,17.40182],[75.8784,17.40643],[75.87643,17.41283],[75.87775,17.41802],[75.88174,17.42048],[75.88657,17.41881],[75.88961,17.41509],[75.89372,17.4074],[75.89579,17.3965],[75.89633,17.37854],[75.89576,17.37153],[75.89136,17.36235],[75.89304,17.35518],[75.89748,17.35232],[75.91013,17.34739],[75.91567,17.34055],[75.93065,17.32572],[75.9413,17.32647],[75.95941,17.33545],[75.97116,17.33809],[75.98037,17.33783],[75.99999,17.3394],[76.0039,17.34443],[76.00888,17.34916],[76.01524,17.35225],[76.02108,17.35096],[76.0365,17.35062],[76.05443,17.35596],[76.06036,17.3556],[76.06312,17.35358],[76.07344,17.33403],[76.07872,17.33177],[76.08498,17.33383],[76.08684,17.33544],[76.08698,17.34015],[76.09254,17.34538],[76.0941,17.34879],[76.09047,17.35225],[76.09279,17.35613],[76.09596,17.3595],[76.10203,17.36395],[76.11677,17.36792],[76.12131,17.36805],[76.13776,17.3543],[76.14586,17.34966],[76.16341,17.34267],[76.16447,17.32105],[76.16406,17.30214],[76.17216,17.29939],[76.17605,17.29903],[76.18415,17.31285],[76.18291,17.3161],[76.17922,17.31572],[76.17664,17.32325],[76.17378,17.33402],[76.1726,17.35049],[76.17629,17.35414],[76.18322,17.35826],[76.19355,17.36036],[76.20387,17.36056],[76.22943,17.36502],[76.23082,17.37203],[76.24484,17.37646],[76.24721,17.36968],[76.25095,17.36847],[76.24942,17.36393],[76.25051,17.35971],[76.2568,17.3592],[76.2655,17.35998],[76.27075,17.35835],[76.27323,17.34979],[76.27648,17.33239],[76.2864,17.33223],[76.29655,17.33053],[76.3057,17.33034],[76.31792,17.33134],[76.31909,17.33374],[76.31371,17.34515],[76.31777,17.34728],[76.33549,17.35173],[76.3444,17.35183],[76.35143,17.32964],[76.3531,17.31254],[76.36022,17.31224],[76.38263,17.31377],[76.38484,17.3215],[76.39394,17.33823],[76.40302,17.34593],[76.41164,17.34964],[76.41149,17.35609],[76.40903,17.37121],[76.36284,17.37696],[76.37089,17.40975],[76.37072,17.42488],[76.37402,17.43625],[76.36471,17.43736],[76.34271,17.43563],[76.33439,17.43407],[76.33155,17.46338],[76.33151,17.47057],[76.33851,17.47216],[76.34353,17.47213],[76.35077,17.47389],[76.37313,17.48754],[76.37588,17.49527],[76.36739,17.49704],[76.35595,17.4959],[76.34669,17.49334],[76.34422,17.49608],[76.34445,17.50984],[76.34708,17.51319],[76.35678,17.51509],[76.3672,17.51843],[76.36691,17.52389],[76.36539,17.53023],[76.36168,17.53795],[76.35557,17.54042],[76.34654,17.54189],[76.34073,17.54425],[76.33794,17.55683],[76.33492,17.56513],[76.33358,17.57546],[76.33233,17.59647],[76.33708,17.59765],[76.34942,17.59702],[76.36023,17.59792],[76.37382,17.59958],[76.38289,17.60242],[76.41659,17.60586],[76.4191,17.60749],[76.42166,17.6159],[76.42502,17.62319],[76.42673,17.62996],[76.42817,17.6414],[76.42964,17.64604],[76.43575,17.64617],[76.44373,17.64352],[76.44182,17.651],[76.45253,17.65314],[76.4533,17.65719],[76.49039,17.66232],[76.48574,17.67128],[76.48553,17.68606],[76.48671,17.69432],[76.48745,17.71511],[76.49334,17.71654],[76.51211,17.71753],[76.52482,17.71685],[76.52602,17.72453],[76.52621,17.73627],[76.52487,17.76046],[76.52749,17.76094],[76.53279,17.76011],[76.53942,17.76052],[76.56104,17.76474],[76.56883,17.7645],[76.57462,17.76161],[76.57066,17.75799],[76.56588,17.75528],[76.56941,17.74144],[76.57074,17.70541],[76.57456,17.70385],[76.57854,17.70482],[76.5884,17.70958],[76.59463,17.71924],[76.60019,17.72964],[76.60546,17.75746],[76.60829,17.76122],[76.61091,17.76762],[76.61587,17.76994],[76.62481,17.75954],[76.6284,17.75763],[76.63128,17.74355],[76.63213,17.73069],[76.63893,17.72581],[76.65238,17.72255],[76.65676,17.71813],[76.65969,17.71027],[76.6614,17.70094],[76.66473,17.68963],[76.67326,17.6909],[76.67977,17.68913],[76.68991,17.68031],[76.6922,17.68175],[76.69479,17.69555],[76.69287,17.69993],[76.69252,17.70372],[76.69403,17.70704],[76.70247,17.70905],[76.70512,17.72039],[76.70378,17.72548],[76.69981,17.72779],[76.70516,17.73087],[76.72935,17.73878],[76.72823,17.74214],[76.72363,17.74978],[76.71968,17.74961],[76.72078,17.76306],[76.72268,17.76932],[76.7189,17.77157],[76.71449,17.77307],[76.71414,17.7768],[76.7174,17.78362],[76.72107,17.787],[76.72634,17.78679],[76.74118,17.78086],[76.74532,17.78252],[76.74578,17.78519],[76.74954,17.78534],[76.75065,17.78808],[76.76458,17.78885],[76.76817,17.79838],[76.77187,17.79876],[76.77814,17.80112],[76.78165,17.80765],[76.78134,17.81202],[76.78328,17.81685],[76.78667,17.82136],[76.79005,17.82818],[76.78732,17.83317],[76.7816,17.83802],[76.76753,17.85247],[76.76614,17.85116],[76.76151,17.85373],[76.75633,17.85824],[76.74752,17.85994],[76.73919,17.85869],[76.74138,17.88522],[76.7413,17.89364],[76.74238,17.8996],[76.74468,17.90061],[76.76774,17.90004],[76.77194,17.89397],[76.77492,17.88678],[76.77562,17.88387],[76.77506,17.8803],[76.77638,17.87861],[76.79933,17.87101],[76.80468,17.87],[76.80815,17.87217],[76.80726,17.87588],[76.81014,17.88475],[76.81298,17.88575],[76.81906,17.88477],[76.8223,17.88612],[76.83504,17.88444],[76.83372,17.89234],[76.84893,17.89808],[76.85585,17.89953],[76.87393,17.89644],[76.87733,17.89445],[76.88326,17.89477],[76.88531,17.89879],[76.89149,17.8989],[76.89452,17.90456],[76.89579,17.90908],[76.89872,17.90973],[76.90236,17.9164],[76.91536,17.91552],[76.91862,17.91681],[76.92052,17.92482],[76.92137,17.93836],[76.91538,17.9389],[76.91944,17.96215],[76.92039,17.9745],[76.92175,17.98702],[76.92183,17.99226],[76.91976,17.99788],[76.92064,18.00032],[76.92032,18.00348],[76.91981,18.01394],[76.92241,18.01536],[76.92155,18.0236],[76.91986,18.03481],[76.94083,18.03882],[76.95429,18.03931],[76.95686,18.04128],[76.95655,18.04432],[76.95084,18.04732],[76.95067,18.05025],[76.95283,18.05985],[76.95488,18.06498],[76.95169,18.06983],[76.94924,18.07532],[76.95194,18.08388],[76.95704,18.0869],[76.96656,18.08976],[76.96959,18.09418],[76.97052,18.09865],[76.96079,18.10795],[76.9556,18.11162],[76.9447,18.11292],[76.93431,18.11248],[76.92468,18.11759],[76.9244,18.12166],[76.9263,18.12594],[76.93213,18.13371],[76.9339,18.13805],[76.9298,18.14131],[76.92749,18.14627],[76.93551,18.15934],[76.94591,18.15619],[76.95314,18.17391],[76.95629,18.18631],[76.96102,18.18757],[76.9821,18.18884],[76.98279,18.19083],[76.99015,18.18993],[76.99374,18.1881],[76.99523,18.1835],[76.99777,18.17985],[76.99757,18.1748],[77.00006,18.16834],[77.02636,18.16419],[77.02405,18.17971],[77.03269,18.18083],[77.03521,18.18527],[77.0405,18.18281],[77.05188,18.17473],[77.05274,18.16281],[77.06012,18.15747],[77.06011,18.15391],[77.0716,18.151],[77.0887,18.15186],[77.09179,18.15754],[77.09916,18.15971],[77.11146,18.15429],[77.1189,18.16918],[77.10549,18.18787],[77.09807,18.19663],[77.10916,18.20334],[77.11919,18.20395],[77.12356,18.20824],[77.13377,18.20773],[77.14213,18.20879],[77.14485,18.2176],[77.15264,18.21811],[77.1533,18.22308],[77.15034,18.22295],[77.15041,18.23918],[77.15404,18.23946],[77.15987,18.2546],[77.16836,18.25744],[77.17005,18.27495],[77.17321,18.28236],[77.18054,18.28334],[77.1944,18.27581],[77.20157,18.28075],[77.20895,18.27949],[77.20721,18.29199],[77.20039,18.29702],[77.19815,18.31418],[77.2029,18.32064],[77.21273,18.31522],[77.2197,18.32637],[77.22577,18.33927],[77.23006,18.34636],[77.22416,18.34866],[77.23361,18.36702],[77.24445,18.36783],[77.24786,18.37202],[77.23566,18.38755],[77.23922,18.40121],[77.24303,18.41004],[77.25195,18.40965],[77.26121,18.41183],[77.26741,18.41978],[77.29769,18.43409],[77.30521,18.43989],[77.31623,18.4408],[77.32037,18.45519],[77.32857,18.45653],[77.32901,18.45027],[77.33571,18.44988],[77.33638,18.44332],[77.34032,18.43689]]],[[[77.30095,18.47674],[77.30078,18.46693],[77.29395,18.45825],[77.28648,18.45367],[77.27511,18.44989],[77.26833,18.45297],[77.26873,18.45523],[77.26946,18.45937],[77.2749,18.47486],[77.28611,18.47388],[77.29175,18.47617],[77.30095,18.47674]]]]}}]}