{"type":"FeatureCollection","features":[{"type":"Feature","properties":{"id":"madhya-pradesh","name":"Madhya Pradesh","type":"state"},"geometry":{"type":"MultiPolygon","coordinates":[[[[74.17932,22.39059],[74.17776,22.38848],[74.17347,22.39058],[74.16995,22.39339],[74.16721,22.39619],[74.16602,22.40111],[74.16601,22.40603],[74.16249,22.41023],[74.15897,22.41304],[74.16169,22.41514],[74.16637,22.41586],[74.1691,22.41867],[74.17261,22.41867],[74.17417,22.41516],[74.17457,22.41095],[74.17498,22.40604],[74.175,22.40112],[74.17617,22.39621],[74.17774,22.3934],[74.17932,22.39059]]],[[[80.48756,25.05625],[80.48292,25.05557],[80.48036,25.0619],[80.47771,25.06665],[80.4801,25.07011],[80.48197,25.07208],[80.48539,25.07386],[80.48554,25.0729],[80.4901,25.06736],[80.49047,25.0651],[80.48993,25.05951],[80.48756,25.05625]]],[[[78.37317,26.863],[78.37541,26.85676],[78.37863,26.85175],[78.38332,26.841],[78.38914,26.83027],[78.39409,26.82212],[78.39822,26.81907],[78.40883,26.82018],[78.42191,26.8246],[78.43441,26.82649],[78.43886,26.82305],[78.44279,26.81828],[78.45409,26.79761],[78.45928,26.79223],[78.46666,26.78941],[78.47484,26.78759],[78.48485,26.78643],[78.50053,26.78213],[78.52412,26.77929],[78.53487,26.77272],[78.54281,26.76618],[78.54359,26.76585],[78.56344,26.75902],[78.56865,26.7564],[78.57439,26.75188],[78.58377,26.75018],[78.61054,26.75026],[78.61503,26.75171],[78.61795,26.75521],[78.62037,26.7613],[78.62429,26.76609],[78.62906,26.76939],[78.6372,26.76957],[78.65899,26.76391],[78.66765,26.76342],[78.67613,26.76843],[78.68149,26.78194],[78.68604,26.78656],[78.69211,26.78878],[78.69875,26.79021],[78.72406,26.79439],[78.73015,26.79189],[78.72903,26.78692],[78.72653,26.78135],[78.72707,26.77589],[78.73163,26.77353],[78.73455,26.7738],[78.74014,26.77729],[78.74468,26.78317],[78.74978,26.7867],[78.75351,26.78359],[78.75774,26.77858],[78.76318,26.7699],[78.77083,26.76103],[78.77507,26.75873],[78.7794,26.75839],[78.78284,26.76026],[78.80739,26.7633],[78.81483,26.76298],[78.82011,26.75968],[78.84938,26.72029],[78.85984,26.71063],[78.86301,26.70654],[78.87363,26.69889],[78.87993,26.69784],[78.88578,26.69777],[78.89162,26.69863],[78.91269,26.7076],[78.91664,26.70717],[78.92151,26.7046],[78.9395,26.6985],[78.95688,26.69098],[78.95892,26.68827],[78.95864,26.68618],[78.94569,26.66653],[78.94449,26.66217],[78.94478,26.65913],[78.94662,26.65693],[78.9524,26.65531],[78.9566,26.65688],[78.97267,26.67075],[78.9784,26.67481],[78.98262,26.67679],[78.99265,26.67995],[78.99606,26.68028],[79.00001,26.67868],[79.00193,26.67882],[79.00607,26.67524],[79.00916,26.67097],[79.00993,26.66814],[79.00689,26.66087],[79.00447,26.65781],[79.00001,26.64882],[78.99772,26.64567],[78.99559,26.64163],[78.99593,26.63844],[79.00001,26.6357],[79.00401,26.63024],[79.00955,26.62467],[79.01179,26.62094],[79.0118,26.6135],[79.01388,26.60842],[79.01435,26.60475],[79.01239,26.60065],[79.00001,26.59892],[78.99078,26.58847],[78.98668,26.58671],[78.98963,26.5803],[78.98815,26.57586],[78.98824,26.56837],[78.99999,26.57659],[79.00218,26.5731],[79.00684,26.56851],[79.00649,26.56645],[79.00775,26.56102],[79.00659,26.55831],[79.013,26.55292],[79.01537,26.5521],[79.01382,26.55053],[79.00631,26.55016],[79.00436,26.54841],[79.0066,26.54524],[79.01146,26.54424],[79.01462,26.54572],[79.01665,26.54209],[79.02142,26.54302],[79.02587,26.54643],[79.02918,26.54597],[79.02725,26.53763],[79.02825,26.53575],[79.04172,26.5303],[79.04228,26.52773],[79.03991,26.51909],[79.04186,26.51694],[79.04809,26.51768],[79.04963,26.51708],[79.04823,26.51402],[79.04792,26.51006],[79.05235,26.50479],[79.05835,26.50099],[79.0583,26.4971],[79.05948,26.4951],[79.06196,26.49554],[79.06516,26.49749],[79.06955,26.49763],[79.06973,26.48529],[79.0709,26.48422],[79.07293,26.48118],[79.07202,26.4791],[79.05562,26.45577],[79.05532,26.45221],[79.057,26.4504],[79.06178,26.44997],[79.06603,26.4505],[79.06658,26.44564],[79.06917,26.44619],[79.06986,26.44379],[79.0721,26.44332],[79.0754,26.44377],[79.07563,26.44137],[79.07761,26.44088],[79.08134,26.44215],[79.08272,26.43994],[79.08625,26.44159],[79.0895,26.43827],[79.09161,26.4441],[79.09131,26.44667],[79.09186,26.44738],[79.09801,26.44529],[79.0997,26.44676],[79.09977,26.44963],[79.10145,26.45167],[79.10349,26.45146],[79.10847,26.4504],[79.11374,26.44797],[79.1189,26.44736],[79.12957,26.44226],[79.1326,26.43989],[79.13535,26.43918],[79.13187,26.43501],[79.12769,26.42726],[79.12538,26.4186],[79.12578,26.4115],[79.12345,26.40997],[79.10922,26.40611],[79.10557,26.40698],[79.10121,26.41053],[79.10047,26.41113],[79.09536,26.4122],[79.08924,26.39989],[79.0955,26.38547],[79.0981,26.3826],[79.097,26.37753],[79.09897,26.37378],[79.09761,26.37152],[79.08772,26.36728],[79.08525,26.36042],[79.08525,26.35709],[79.09268,26.35411],[79.10151,26.35455],[79.10521,26.35398],[79.10491,26.35002],[79.10886,26.3495],[79.11189,26.35392],[79.11374,26.35039],[79.11707,26.3489],[79.1251,26.34799],[79.12801,26.34546],[79.13169,26.33915],[79.13987,26.34032],[79.14224,26.33938],[79.14107,26.33719],[79.13528,26.33434],[79.13347,26.33236],[79.13579,26.32792],[79.1355,26.32608],[79.13272,26.32557],[79.12412,26.32951],[79.12419,26.32291],[79.12645,26.32076],[79.1357,26.31581],[79.13504,26.31047],[79.12757,26.30936],[79.12303,26.30757],[79.1172,26.30306],[79.10998,26.30828],[79.10641,26.30908],[79.10227,26.30637],[79.09992,26.30288],[79.1002,26.29847],[79.0961,26.29347],[79.09239,26.29151],[79.0915,26.28834],[79.09475,26.27811],[79.09195,26.26686],[79.08802,26.26705],[79.08559,26.26804],[79.08448,26.26963],[79.08498,26.27326],[79.08711,26.27478],[79.0871,26.27892],[79.08608,26.28165],[79.08392,26.28157],[79.08046,26.27967],[79.07706,26.2822],[79.07565,26.28205],[79.07245,26.27707],[79.06627,26.27824],[79.06165,26.27404],[79.05515,26.26503],[79.0569,26.26041],[79.05514,26.25975],[79.04537,26.26143],[79.04628,26.25731],[79.05054,26.2544],[79.0537,26.25474],[79.05526,26.24984],[79.05726,26.24814],[79.06026,26.24769],[79.06386,26.2486],[79.06679,26.24836],[79.071,26.24138],[79.06947,26.23814],[79.06487,26.23635],[79.06389,26.23409],[79.06536,26.22735],[79.0636,26.22685],[79.06048,26.22657],[79.05436,26.22801],[79.04887,26.22373],[79.04256,26.22599],[79.0379,26.22653],[79.03515,26.22783],[79.03198,26.23237],[79.0265,26.24281],[79.01869,26.24623],[79.00987,26.24617],[79,26.24285],[78.99257,26.23745],[78.99164,26.23474],[78.99271,26.23165],[78.99505,26.22901],[78.99848,26.22617],[79,26.22633],[79.00751,26.22591],[79.01052,26.22655],[79.0225,26.22162],[79.02514,26.21853],[79.02558,26.21815],[79.02701,26.21029],[79.02648,26.20699],[79.029,26.20413],[79.02889,26.20304],[79.01816,26.19941],[79.01865,26.19725],[79.02084,26.19586],[79.02331,26.19262],[79.0232,26.19193],[79.02125,26.19133],[79.01059,26.19124],[79.0048,26.19345],[79.0027,26.19492],[79,26.19844],[78.99229,26.19513],[78.98916,26.19287],[78.98561,26.18996],[78.98399,26.18726],[79.00001,26.17175],[79.00423,26.16998],[79.01163,26.16744],[79.01062,26.15921],[79.00914,26.15474],[79.00892,26.14947],[79.00281,26.14726],[79,26.14654],[78.99786,26.1452],[78.99444,26.14503],[78.97883,26.14988],[78.97353,26.15026],[78.96851,26.14875],[78.96046,26.13708],[78.95392,26.13555],[78.95083,26.13363],[78.95254,26.132],[78.96279,26.12735],[78.96627,26.1244],[78.97468,26.12014],[78.97738,26.11794],[78.97865,26.11478],[78.97793,26.1068],[78.97999,26.1032],[78.99827,26.09042],[79,26.08977],[79.00865,26.09122],[79.01165,26.08883],[79.01252,26.0846],[79.01035,26.08112],[79.01129,26.07632],[79.00929,26.07288],[79.00728,26.07162],[79.00524,26.06846],[79.00001,26.06917],[78.99416,26.0706],[78.9906,26.06828],[78.98679,26.05921],[78.9839,26.05441],[78.97628,26.05369],[78.96953,26.04535],[78.96073,26.03657],[78.95669,26.03334],[78.95238,26.03149],[78.95424,26.0256],[78.95855,26.02037],[78.95845,26.01441],[78.95337,26.00845],[78.95245,26.00345],[78.95417,26.00072],[78.95462,25.99962],[78.95413,25.99611],[78.95133,25.99278],[78.95191,25.9878],[78.95121,25.98525],[78.94748,25.98093],[78.94421,25.97987],[78.93902,25.9801],[78.93521,25.98107],[78.93258,25.97887],[78.93162,25.97543],[78.93412,25.97234],[78.93914,25.97088],[78.9375,25.9662],[78.93346,25.95999],[78.93379,25.95347],[78.93538,25.95008],[78.93806,25.94616],[78.9375,25.94395],[78.93531,25.94291],[78.93279,25.94328],[78.93012,25.9447],[78.92909,25.94543],[78.9318,25.94733],[78.92328,25.94395],[78.91771,25.94066],[78.91191,25.93568],[78.90918,25.93208],[78.906,25.92545],[78.90217,25.92044],[78.88426,25.91025],[78.8853,25.90776],[78.89082,25.90095],[78.89506,25.89357],[78.893,25.88746],[78.88921,25.88302],[78.89157,25.87109],[78.89052,25.86488],[78.88473,25.86448],[78.88054,25.86763],[78.87584,25.86959],[78.87143,25.86928],[78.86568,25.86662],[78.85834,25.86022],[78.85444,25.85511],[78.85178,25.83993],[78.85401,25.83339],[78.86075,25.83823],[78.87355,25.82898],[78.87425,25.82427],[78.87174,25.81091],[78.87108,25.79673],[78.86968,25.79385],[78.86371,25.78909],[78.85745,25.79051],[78.85139,25.79595],[78.84906,25.79984],[78.84851,25.80672],[78.84957,25.81144],[78.84876,25.81528],[78.84291,25.81872],[78.82359,25.82576],[78.81902,25.82474],[78.80975,25.81683],[78.8066,25.81284],[78.8082,25.80751],[78.81176,25.80485],[78.81539,25.80615],[78.82155,25.81144],[78.82399,25.81221],[78.83002,25.80986],[78.83138,25.807],[78.83183,25.80224],[78.82824,25.79405],[78.81943,25.79378],[78.81186,25.79497],[78.80728,25.794],[78.80132,25.78813],[78.79833,25.78287],[78.78765,25.76976],[78.78345,25.75616],[78.77349,25.75356],[78.77007,25.74692],[78.76332,25.74764],[78.75891,25.74736],[78.75444,25.74374],[78.75314,25.73877],[78.75343,25.73269],[78.75566,25.72731],[78.76001,25.72207],[78.76836,25.71546],[78.78517,25.70838],[78.79887,25.70523],[78.80019,25.70186],[78.79703,25.69452],[78.80338,25.69083],[78.817,25.67278],[78.81894,25.66919],[78.81821,25.65978],[78.81884,25.64017],[78.81737,25.63309],[78.814,25.62776],[78.81275,25.6193],[78.80573,25.61396],[78.80211,25.61229],[78.7924,25.61023],[78.7735,25.60789],[78.76293,25.60432],[78.75647,25.60307],[78.74844,25.59862],[78.74033,25.5978],[78.73182,25.60319],[78.71864,25.60132],[78.71405,25.59801],[78.70316,25.59457],[78.69543,25.5899],[78.68444,25.58883],[78.68039,25.58654],[78.67278,25.57958],[78.656,25.56038],[78.65173,25.56016],[78.63621,25.56373],[78.63077,25.56574],[78.62758,25.56829],[78.62869,25.57691],[78.62553,25.58172],[78.616,25.5838],[78.61311,25.58359],[78.61157,25.58201],[78.60752,25.57308],[78.60536,25.57033],[78.6026,25.56966],[78.59763,25.56995],[78.59441,25.56766],[78.59132,25.56029],[78.58852,25.55904],[78.58341,25.56002],[78.57828,25.56209],[78.57281,25.56259],[78.56709,25.56252],[78.55444,25.55943],[78.54909,25.55987],[78.54334,25.56159],[78.5397,25.56501],[78.53481,25.56765],[78.51872,25.56768],[78.49876,25.57659],[78.49353,25.57694],[78.48835,25.57513],[78.47616,25.5677],[78.46935,25.56218],[78.46727,25.55927],[78.46454,25.55011],[78.4624,25.54668],[78.45635,25.54746],[78.45217,25.54971],[78.45024,25.55177],[78.44694,25.55368],[78.44427,25.55908],[78.44073,25.55996],[78.43654,25.55857],[78.43332,25.55616],[78.41947,25.53697],[78.4171,25.53244],[78.41582,25.52764],[78.41818,25.52212],[78.42244,25.51612],[78.42389,25.5125],[78.42342,25.51048],[78.42148,25.51005],[78.4184,25.51376],[78.41671,25.51339],[78.41578,25.50275],[78.41654,25.49901],[78.41943,25.49241],[78.4266,25.4853],[78.42869,25.47447],[78.42784,25.47238],[78.42357,25.47226],[78.41381,25.47398],[78.40852,25.46773],[78.40083,25.46601],[78.39899,25.46362],[78.39274,25.44893],[78.39046,25.4467],[78.38444,25.44315],[78.37316,25.4411],[78.36802,25.44137],[78.35969,25.45008],[78.35629,25.45055],[78.35461,25.4496],[78.35081,25.44095],[78.34355,25.42977],[78.34219,25.42582],[78.34105,25.41293],[78.33944,25.39934],[78.33725,25.39579],[78.32844,25.39001],[78.3176,25.37987],[78.3141,25.37896],[78.31032,25.37959],[78.30664,25.37856],[78.30242,25.36961],[78.30112,25.36243],[78.30312,25.3598],[78.30853,25.35919],[78.32318,25.35444],[78.3301,25.35009],[78.33349,25.34384],[78.33818,25.33155],[78.33766,25.32613],[78.33472,25.32245],[78.32231,25.31557],[78.31744,25.311],[78.3149,25.30583],[78.31848,25.30241],[78.32331,25.29942],[78.33694,25.29524],[78.34819,25.29412],[78.35203,25.29279],[78.35195,25.27784],[78.36213,25.27059],[78.36909,25.2603],[78.36716,25.25346],[78.36205,25.24485],[78.36138,25.24097],[78.36392,25.23905],[78.37138,25.2388],[78.37576,25.23655],[78.3776,25.22826],[78.38201,25.22065],[78.38794,25.21872],[78.399,25.21725],[78.4024,25.21609],[78.4046,25.21266],[78.40134,25.20955],[78.39261,25.2036],[78.39078,25.20092],[78.39042,25.19687],[78.39218,25.19009],[78.39814,25.18613],[78.4104,25.18387],[78.41409,25.18069],[78.41586,25.17696],[78.42411,25.16772],[78.43507,25.16459],[78.44195,25.16531],[78.44599,25.1671],[78.45081,25.16751],[78.45331,25.16397],[78.45317,25.16165],[78.4497,25.15283],[78.44883,25.15231],[78.43553,25.15328],[78.42772,25.1526],[78.4251,25.14846],[78.42564,25.14604],[78.42976,25.14033],[78.44973,25.12374],[78.4378,25.11945],[78.43147,25.11966],[78.41751,25.1242],[78.40906,25.12594],[78.40209,25.1255],[78.39648,25.12196],[78.38542,25.10768],[78.38114,25.10352],[78.37372,25.0995],[78.35452,25.09495],[78.33935,25.08821],[78.33445,25.08375],[78.33192,25.07904],[78.33165,25.0675],[78.33385,25.06291],[78.33743,25.04038],[78.3447,25.02236],[78.34415,25.01582],[78.3412,25.00577],[78.3368,24.99877],[78.33414,24.9946],[78.31618,24.98628],[78.31325,24.98403],[78.29613,24.96319],[78.28881,24.95827],[78.26921,24.94765],[78.26641,24.94431],[78.26253,24.9371],[78.25893,24.93457],[78.25585,24.93354],[78.23521,24.91915],[78.22033,24.91065],[78.2171,24.90742],[78.21035,24.89559],[78.20612,24.89132],[78.19555,24.88788],[78.1834,24.88241],[78.1768,24.88036],[78.17169,24.87684],[78.16965,24.86609],[78.1701,24.85221],[78.17164,24.84328],[78.17633,24.8416],[78.1799,24.84131],[78.19323,24.83792],[78.1979,24.83479],[78.20034,24.82669],[78.2022,24.82373],[78.21529,24.80821],[78.22469,24.78708],[78.23019,24.77817],[78.23214,24.77174],[78.23148,24.76156],[78.23058,24.7592],[78.22615,24.75337],[78.22517,24.74898],[78.22668,24.74256],[78.23259,24.73145],[78.24283,24.71985],[78.25706,24.70079],[78.25909,24.69616],[78.26088,24.68772],[78.26327,24.68117],[78.27427,24.66484],[78.27474,24.66236],[78.27415,24.65877],[78.2646,24.6481],[78.26293,24.64389],[78.26471,24.63308],[78.26962,24.6234],[78.27376,24.6172],[78.27608,24.61066],[78.27561,24.60032],[78.27428,24.59228],[78.26993,24.57403],[78.26652,24.56455],[78.26504,24.55352],[78.26149,24.54763],[78.25225,24.54402],[78.24266,24.54166],[78.2303,24.53667],[78.2245,24.53102],[78.22264,24.52698],[78.22582,24.51812],[78.23427,24.5118],[78.24417,24.50704],[78.24627,24.50494],[78.24761,24.50021],[78.24379,24.49155],[78.244,24.48895],[78.24572,24.48483],[78.25232,24.48209],[78.26069,24.48121],[78.26935,24.47846],[78.27295,24.47539],[78.27573,24.47157],[78.27577,24.4685],[78.26639,24.45541],[78.26684,24.44934],[78.27297,24.44278],[78.28731,24.43263],[78.29596,24.42856],[78.30595,24.42199],[78.31761,24.41288],[78.32131,24.4083],[78.32441,24.40581],[78.33856,24.40143],[78.34284,24.39933],[78.35103,24.38751],[78.35652,24.385],[78.36498,24.38266],[78.36709,24.38127],[78.36905,24.37709],[78.3687,24.37363],[78.35263,24.35819],[78.34702,24.34792],[78.34152,24.3406],[78.33719,24.33807],[78.33265,24.33398],[78.33149,24.32988],[78.33207,24.32514],[78.33459,24.32102],[78.33787,24.31801],[78.34158,24.3147],[78.34549,24.3129],[78.34738,24.30705],[78.34746,24.30334],[78.3485,24.30092],[78.35059,24.29883],[78.35749,24.29481],[78.36775,24.29166],[78.37003,24.2879],[78.37232,24.28586],[78.37599,24.28464],[78.37908,24.28191],[78.38349,24.27362],[78.38572,24.27113],[78.38844,24.2695],[78.39174,24.26862],[78.39906,24.27033],[78.40936,24.27104],[78.41306,24.27259],[78.41742,24.28315],[78.42061,24.28441],[78.42474,24.28502],[78.42929,24.28473],[78.43261,24.28575],[78.44093,24.29323],[78.43949,24.30456],[78.43966,24.30896],[78.44646,24.32107],[78.45701,24.32543],[78.46079,24.32877],[78.46512,24.33123],[78.47402,24.33489],[78.47701,24.33892],[78.47791,24.35262],[78.47902,24.35788],[78.48158,24.36295],[78.49056,24.37314],[78.49603,24.38156],[78.50447,24.38829],[78.50623,24.38984],[78.51166,24.38947],[78.52088,24.38608],[78.52552,24.38287],[78.52836,24.37968],[78.53141,24.37267],[78.53393,24.37],[78.55889,24.35618],[78.56319,24.35674],[78.56898,24.35492],[78.57283,24.35287],[78.58122,24.35491],[78.58476,24.35264],[78.58522,24.34952],[78.58704,24.34541],[78.59103,24.33902],[78.59412,24.33693],[78.59997,24.33494],[78.60534,24.31878],[78.6084,24.3139],[78.61111,24.31134],[78.62125,24.30817],[78.62599,24.30745],[78.62915,24.30547],[78.62986,24.30252],[78.62421,24.29492],[78.62367,24.29174],[78.62572,24.28508],[78.62804,24.28189],[78.63235,24.2821],[78.63771,24.28583],[78.6405,24.285],[78.64558,24.28185],[78.64996,24.27715],[78.66079,24.2694],[78.66415,24.26371],[78.66951,24.24831],[78.6717,24.24413],[78.67546,24.2407],[78.67945,24.24004],[78.68445,24.24059],[78.68749,24.23977],[78.69894,24.23271],[78.70521,24.23018],[78.71347,24.23447],[78.71748,24.23514],[78.72496,24.23486],[78.72748,24.23693],[78.73294,24.2484],[78.73864,24.24952],[78.74166,24.24748],[78.74251,24.24082],[78.74391,24.23781],[78.74726,24.23588],[78.75011,24.23517],[78.75229,24.23499],[78.75618,24.23646],[78.75897,24.23939],[78.7607,24.24297],[78.76311,24.25543],[78.76672,24.2542],[78.77285,24.2463],[78.76714,24.23483],[78.76643,24.23224],[78.76695,24.22958],[78.77417,24.21352],[78.77625,24.21102],[78.78132,24.20804],[78.78266,24.20577],[78.78473,24.19681],[78.78847,24.1873],[78.791,24.18092],[78.79488,24.17714],[78.7981,24.17602],[78.80867,24.17769],[78.81213,24.18009],[78.81438,24.1891],[78.81554,24.20042],[78.81696,24.20429],[78.81998,24.20605],[78.82283,24.20442],[78.8253,24.19822],[78.82653,24.197],[78.83071,24.19708],[78.83417,24.19897],[78.83924,24.20506],[78.84525,24.21045],[78.85302,24.21271],[78.8647,24.20934],[78.86933,24.20982],[78.8802,24.21472],[78.88537,24.21884],[78.88757,24.22467],[78.88636,24.23988],[78.8848,24.24445],[78.88563,24.24977],[78.89213,24.25504],[78.91643,24.26868],[78.91829,24.27225],[78.91981,24.28166],[78.91943,24.28519],[78.91433,24.2906],[78.91366,24.29217],[78.91436,24.29696],[78.93072,24.30994],[78.93538,24.31193],[78.93909,24.31462],[78.95201,24.32702],[78.95755,24.33612],[78.96158,24.33963],[78.96766,24.34288],[78.97154,24.34615],[78.97356,24.34937],[78.97482,24.35265],[78.97502,24.35594],[78.97361,24.36605],[78.97386,24.36927],[78.9777,24.38041],[78.98093,24.39431],[78.98292,24.39856],[78.9876,24.4135],[78.99363,24.4189],[78.99452,24.42362],[78.99325,24.42968],[78.99113,24.437],[78.98875,24.44288],[78.97858,24.44036],[78.96877,24.43971],[78.96226,24.44076],[78.95386,24.43876],[78.95113,24.43889],[78.94739,24.4416],[78.9378,24.45559],[78.93397,24.45773],[78.9195,24.45911],[78.9153,24.46236],[78.90934,24.47395],[78.9076,24.47915],[78.90767,24.48394],[78.91481,24.48873],[78.92054,24.49639],[78.92433,24.49807],[78.92856,24.49665],[78.9311,24.49464],[78.93282,24.49196],[78.93244,24.4874],[78.93007,24.48398],[78.93192,24.48157],[78.93747,24.48013],[78.94989,24.48047],[78.95531,24.48179],[78.96132,24.48415],[78.97067,24.48937],[78.97317,24.49254],[78.97227,24.49586],[78.97021,24.49762],[78.95697,24.50005],[78.95384,24.50156],[78.95094,24.50508],[78.95014,24.51218],[78.95155,24.51919],[78.9507,24.5222],[78.94719,24.52676],[78.94679,24.52963],[78.94716,24.53869],[78.9523,24.54885],[78.95147,24.55174],[78.94979,24.55341],[78.93717,24.55991],[78.91995,24.57679],[78.9153,24.5843],[78.91242,24.59769],[78.9112,24.59978],[78.89975,24.6093],[78.89867,24.61226],[78.89824,24.61753],[78.88854,24.63514],[78.87987,24.64238],[78.87334,24.64092],[78.86959,24.63655],[78.86597,24.62362],[78.86258,24.61844],[78.85917,24.61638],[78.85593,24.6171],[78.85115,24.62443],[78.84581,24.62366],[78.84278,24.62101],[78.8402,24.61624],[78.83761,24.60434],[78.83553,24.60326],[78.82714,24.60332],[78.82079,24.60105],[78.81785,24.60078],[78.81342,24.60261],[78.80855,24.60327],[78.80458,24.60076],[78.80053,24.59367],[78.78358,24.58853],[78.7733,24.593],[78.75866,24.59789],[78.75614,24.6004],[78.75471,24.60694],[78.75526,24.62012],[78.75467,24.63245],[78.75306,24.63858],[78.74878,24.64602],[78.74728,24.65146],[78.74677,24.65534],[78.75099,24.66219],[78.75158,24.66468],[78.76173,24.66894],[78.76427,24.67252],[78.76552,24.67753],[78.76674,24.68892],[78.77208,24.69069],[78.77435,24.69229],[78.77915,24.69949],[78.77975,24.70226],[78.77987,24.707],[78.77659,24.71419],[78.77589,24.71888],[78.77428,24.73873],[78.77576,24.74642],[78.77542,24.75012],[78.77001,24.76206],[78.77138,24.79028],[78.77406,24.79379],[78.78467,24.80014],[78.78695,24.80226],[78.78794,24.80579],[78.78738,24.81025],[78.77943,24.82574],[78.77576,24.83899],[78.77427,24.84415],[78.77405,24.85091],[78.77136,24.8566],[78.76824,24.85818],[78.76031,24.8602],[78.75747,24.86409],[78.75355,24.86608],[78.74525,24.86485],[78.74126,24.86621],[78.73851,24.86755],[78.7294,24.87594],[78.72573,24.87787],[78.71966,24.879],[78.70975,24.87923],[78.70741,24.88168],[78.70319,24.88986],[78.69858,24.89109],[78.6865,24.89237],[78.68226,24.89373],[78.67523,24.89758],[78.66986,24.90444],[78.66631,24.91269],[78.66394,24.92021],[78.66056,24.93936],[78.64902,24.93491],[78.64734,24.9355],[78.64688,24.94047],[78.64938,24.94543],[78.64928,24.94779],[78.63174,24.95707],[78.62889,24.96003],[78.62974,24.96291],[78.63888,24.97883],[78.64199,24.99943],[78.64305,25.00598],[78.64305,25.01646],[78.64411,25.02063],[78.65111,25.03033],[78.64887,25.05654],[78.64634,25.06144],[78.64252,25.06607],[78.64178,25.06924],[78.63644,25.07747],[78.63167,25.08145],[78.62726,25.08663],[78.62455,25.08775],[78.61249,25.08925],[78.60409,25.09289],[78.60362,25.09848],[78.60522,25.10311],[78.60512,25.12208],[78.60294,25.14357],[78.60069,25.15238],[78.57676,25.19691],[78.57157,25.21589],[78.5696,25.22095],[78.56851,25.22238],[78.56956,25.23359],[78.57283,25.24437],[78.57519,25.24897],[78.57561,25.25352],[78.57142,25.26012],[78.56407,25.26423],[78.55941,25.26579],[78.5493,25.26694],[78.54303,25.26685],[78.53552,25.26941],[78.53258,25.27306],[78.53219,25.28039],[78.52788,25.28293],[78.51232,25.27644],[78.50959,25.27831],[78.50781,25.28313],[78.5037,25.28874],[78.49632,25.28697],[78.46097,25.26549],[78.45139,25.26483],[78.44268,25.26812],[78.43565,25.27571],[78.4343,25.28354],[78.43679,25.29188],[78.44214,25.29738],[78.44757,25.29902],[78.45548,25.29814],[78.46377,25.29421],[78.46627,25.29154],[78.47405,25.28788],[78.47625,25.29819],[78.47877,25.30071],[78.48493,25.30355],[78.49028,25.30905],[78.49456,25.31505],[78.49921,25.31869],[78.50197,25.31556],[78.50284,25.30506],[78.50728,25.299],[78.51214,25.29698],[78.52289,25.29921],[78.52575,25.30069],[78.53213,25.3014],[78.53803,25.31193],[78.54064,25.31357],[78.546,25.31526],[78.54791,25.31731],[78.54853,25.32147],[78.54477,25.32436],[78.54067,25.32575],[78.53859,25.32971],[78.53776,25.33403],[78.53817,25.34344],[78.53754,25.3469],[78.5319,25.3496],[78.53045,25.35316],[78.53225,25.35786],[78.53516,25.36072],[78.54216,25.35885],[78.55185,25.35355],[78.56313,25.34347],[78.56917,25.3428],[78.58334,25.34679],[78.58604,25.35017],[78.58665,25.35543],[78.58492,25.37198],[78.58156,25.37707],[78.5775,25.37962],[78.5718,25.3788],[78.56725,25.37689],[78.56402,25.37899],[78.56828,25.39052],[78.57062,25.39275],[78.57579,25.39102],[78.58329,25.38592],[78.58607,25.38492],[78.59128,25.3851],[78.59551,25.38694],[78.59882,25.39137],[78.60181,25.40393],[78.60616,25.41005],[78.61072,25.4119],[78.62158,25.41116],[78.62414,25.4049],[78.62645,25.40187],[78.63086,25.40083],[78.63581,25.40129],[78.64103,25.40435],[78.64403,25.40895],[78.64476,25.41462],[78.63976,25.42783],[78.64093,25.43287],[78.6461,25.43524],[78.65268,25.43267],[78.6563,25.43721],[78.65998,25.43882],[78.66526,25.43864],[78.67771,25.43371],[78.68219,25.43296],[78.68479,25.43455],[78.68623,25.43872],[78.689,25.44222],[78.69307,25.44261],[78.69656,25.44017],[78.70063,25.43404],[78.70714,25.42714],[78.70871,25.42369],[78.70755,25.42096],[78.69177,25.41085],[78.67635,25.39872],[78.67219,25.39931],[78.66656,25.41321],[78.66377,25.41496],[78.66093,25.41164],[78.65931,25.40798],[78.66391,25.3954],[78.66411,25.39084],[78.66317,25.38701],[78.66512,25.38283],[78.6684,25.38142],[78.67216,25.38285],[78.67665,25.38776],[78.68101,25.38602],[78.68075,25.38284],[78.6788,25.37941],[78.6911,25.37534],[78.69443,25.37549],[78.6964,25.37789],[78.69784,25.3816],[78.70003,25.3826],[78.70339,25.38039],[78.70437,25.37815],[78.70708,25.37656],[78.71629,25.37362],[78.71702,25.37114],[78.7118,25.36046],[78.71086,25.35658],[78.7111,25.35353],[78.71669,25.3492],[78.72085,25.34787],[78.72519,25.34769],[78.72837,25.3487],[78.73251,25.34886],[78.74293,25.34408],[78.75707,25.34702],[78.76358,25.3524],[78.77165,25.35329],[78.77262,25.35533],[78.77306,25.35966],[78.76946,25.36926],[78.76852,25.37704],[78.76212,25.38107],[78.76017,25.38521],[78.76033,25.38682],[78.7617,25.38794],[78.76459,25.38739],[78.7662,25.38839],[78.76721,25.39262],[78.76695,25.39694],[78.76598,25.39895],[78.76199,25.4011],[78.75849,25.40013],[78.75486,25.39541],[78.75082,25.39254],[78.74886,25.39345],[78.74761,25.39793],[78.7478,25.4014],[78.75046,25.40755],[78.75274,25.41041],[78.75673,25.41241],[78.76355,25.41416],[78.78341,25.41605],[78.79561,25.41844],[78.79784,25.42054],[78.80204,25.42146],[78.81505,25.4201],[78.81879,25.42221],[78.8203,25.42529],[78.8192,25.42794],[78.81083,25.43304],[78.80269,25.43618],[78.79684,25.43687],[78.78958,25.43477],[78.78366,25.43182],[78.77946,25.42778],[78.77272,25.42488],[78.76732,25.4254],[78.76243,25.42869],[78.75916,25.43327],[78.75548,25.44327],[78.75103,25.44692],[78.73973,25.45049],[78.73504,25.45355],[78.73201,25.45813],[78.73371,25.48487],[78.73914,25.49545],[78.74347,25.49913],[78.74673,25.49468],[78.74896,25.48473],[78.75098,25.47969],[78.75687,25.47703],[78.76394,25.47097],[78.76791,25.47058],[78.77173,25.47146],[78.78037,25.47765],[78.78914,25.47897],[78.79694,25.47833],[78.81762,25.47027],[78.82269,25.46726],[78.83293,25.46321],[78.83732,25.46053],[78.84084,25.4565],[78.84508,25.45369],[78.84957,25.452],[78.85319,25.44925],[78.84943,25.44486],[78.84462,25.44283],[78.83779,25.44233],[78.82388,25.44376],[78.82128,25.44116],[78.82311,25.43662],[78.82713,25.43264],[78.83839,25.4269],[78.84166,25.42732],[78.84402,25.42911],[78.85277,25.43983],[78.86114,25.44716],[78.86469,25.457],[78.86462,25.46199],[78.85912,25.47263],[78.85627,25.4824],[78.85351,25.48621],[78.83819,25.49319],[78.83446,25.49852],[78.83581,25.50479],[78.84144,25.51081],[78.84869,25.51288],[78.8588,25.5137],[78.88353,25.51912],[78.88592,25.52347],[78.8851,25.52801],[78.87595,25.53899],[78.87654,25.54596],[78.88191,25.55181],[78.88866,25.55498],[78.89311,25.55557],[78.90437,25.55419],[78.91353,25.5554],[78.91795,25.55414],[78.9209,25.54033],[78.92441,25.53611],[78.92614,25.53814],[78.93022,25.55164],[78.93326,25.55477],[78.93834,25.55453],[78.94327,25.55191],[78.9493,25.54625],[78.95142,25.53573],[78.94948,25.52598],[78.94602,25.52236],[78.93981,25.51918],[78.92718,25.52226],[78.92482,25.5203],[78.92394,25.51558],[78.92424,25.51157],[78.92673,25.50839],[78.93372,25.50245],[78.9407,25.4931],[78.9427,25.48915],[78.94368,25.48263],[78.94316,25.47488],[78.93756,25.46346],[78.93498,25.46056],[78.92726,25.45703],[78.92091,25.44693],[78.91378,25.44532],[78.9107,25.44181],[78.92007,25.43355],[78.93662,25.42322],[78.94164,25.42678],[78.94532,25.43243],[78.95008,25.43659],[78.95446,25.43743],[78.96765,25.43378],[78.97001,25.43126],[78.97641,25.42003],[78.97774,25.41537],[78.97304,25.40639],[78.97565,25.39147],[78.97854,25.38678],[78.98329,25.38362],[78.98589,25.3778],[78.98598,25.37095],[78.98194,25.3675],[78.96274,25.36802],[78.95588,25.36494],[78.94614,25.34777],[78.93605,25.34674],[78.92458,25.35492],[78.91379,25.35831],[78.90435,25.36013],[78.90065,25.36393],[78.89987,25.37022],[78.90279,25.3757],[78.91655,25.37548],[78.93381,25.37226],[78.93858,25.37205],[78.94632,25.38399],[78.95473,25.3881],[78.9587,25.39137],[78.95683,25.39508],[78.95088,25.39803],[78.93851,25.39807],[78.93013,25.39537],[78.92286,25.39454],[78.91945,25.3919],[78.91575,25.38728],[78.90851,25.38416],[78.89797,25.38373],[78.89042,25.38441],[78.88216,25.38256],[78.86883,25.37193],[78.85273,25.35582],[78.84509,25.34708],[78.84321,25.34194],[78.85051,25.337],[78.85275,25.3336],[78.853,25.33012],[78.85084,25.32729],[78.84759,25.32678],[78.84298,25.32792],[78.84062,25.32627],[78.8339,25.31479],[78.82895,25.31367],[78.82397,25.31151],[78.82186,25.3059],[78.81753,25.30579],[78.8053,25.30945],[78.79921,25.30971],[78.79402,25.30465],[78.79054,25.29811],[78.7905,25.29254],[78.79418,25.28987],[78.79848,25.28796],[78.80055,25.28805],[78.81095,25.29694],[78.81426,25.29791],[78.81896,25.29478],[78.81999,25.29271],[78.81942,25.28905],[78.81362,25.27441],[78.81287,25.26589],[78.81853,25.26097],[78.83093,25.24606],[78.84229,25.22819],[78.849,25.22416],[78.85186,25.22611],[78.8532,25.22879],[78.85755,25.24841],[78.86017,25.25384],[78.8652,25.26121],[78.8696,25.2781],[78.87791,25.27984],[78.87974,25.28318],[78.87919,25.28677],[78.87497,25.2963],[78.8742,25.30594],[78.86687,25.30951],[78.86376,25.3119],[78.86558,25.31583],[78.86979,25.31955],[78.88043,25.32576],[78.88297,25.32894],[78.88414,25.33414],[78.88388,25.33939],[78.88635,25.34181],[78.89263,25.34162],[78.90291,25.33846],[78.91086,25.33503],[78.91526,25.33434],[78.91861,25.33707],[78.92207,25.34138],[78.92628,25.34093],[78.93192,25.33687],[78.93285,25.33339],[78.93279,25.32954],[78.93501,25.32666],[78.93864,25.32736],[78.94286,25.33115],[78.95019,25.34007],[78.95324,25.34221],[78.95743,25.34321],[78.96029,25.34482],[78.96321,25.34271],[78.95944,25.31236],[78.96019,25.30684],[78.97767,25.28609],[78.97744,25.28021],[78.97208,25.27887],[78.96124,25.28062],[78.95491,25.27869],[78.95116,25.27506],[78.95184,25.27044],[78.95536,25.26675],[78.95575,25.26092],[78.95354,25.25877],[78.94796,25.25769],[78.94378,25.25768],[78.94084,25.25852],[78.93317,25.26282],[78.93011,25.26648],[78.92563,25.27016],[78.92256,25.27068],[78.91594,25.26935],[78.90375,25.24493],[78.89899,25.24046],[78.89188,25.24223],[78.88753,25.24861],[78.88317,25.25076],[78.87947,25.24578],[78.87453,25.23269],[78.87435,25.22754],[78.88052,25.22109],[78.88888,25.21049],[78.88969,25.20608],[78.88738,25.20092],[78.88295,25.19517],[78.8783,25.19119],[78.87462,25.185],[78.87484,25.18137],[78.87702,25.17795],[78.87644,25.17316],[78.88047,25.16704],[78.87904,25.16106],[78.88114,25.15832],[78.88436,25.15723],[78.90064,25.16828],[78.90789,25.17558],[78.90886,25.17831],[78.9153,25.18858],[78.92256,25.19762],[78.92645,25.20127],[78.93152,25.20564],[78.94966,25.2134],[78.95565,25.21521],[78.96017,25.21573],[78.97125,25.21447],[78.97654,25.21168],[78.98502,25.19926],[78.98974,25.19421],[78.99508,25.19184],[79.00007,25.19159],[79.00314,25.19101],[79.00469,25.19335],[79.00483,25.20264],[79.00772,25.21111],[79.00068,25.21727],[79.0019,25.2205],[79.00237,25.22733],[79.00205,25.22879],[79.00006,25.23004],[78.99478,25.23096],[78.97965,25.23786],[78.97852,25.23995],[78.98068,25.2487],[78.98462,25.25669],[78.99417,25.26996],[79.00007,25.27274],[79.01239,25.27198],[79.01977,25.26906],[79.02173,25.26605],[79.0234,25.26017],[79.01906,25.24788],[79.01902,25.24437],[79.01951,25.24327],[79.02214,25.24279],[79.03679,25.24439],[79.03845,25.24133],[79.03573,25.23607],[79.03387,25.22972],[79.05248,25.22569],[79.05973,25.22319],[79.06385,25.22078],[79.06413,25.21428],[79.06252,25.21229],[79.05587,25.20486],[79.05016,25.20522],[79.03195,25.18165],[79.03308,25.17767],[79.03531,25.17541],[79.03879,25.17358],[79.04313,25.16899],[79.03255,25.1509],[79.02895,25.14204],[79.02908,25.1383],[79.03556,25.13505],[79.04283,25.13297],[79.04621,25.13235],[79.05037,25.13327],[79.05623,25.14262],[79.06191,25.14399],[79.0654,25.14595],[79.07023,25.15785],[79.07145,25.16759],[79.07763,25.17287],[79.0917,25.18763],[79.09463,25.18294],[79.09583,25.17885],[79.09612,25.17344],[79.09797,25.17135],[79.10997,25.16631],[79.11451,25.16327],[79.12662,25.15857],[79.12783,25.15931],[79.12599,25.15353],[79.11519,25.13884],[79.13212,25.12473],[79.13248,25.12438],[79.12219,25.11296],[79.12822,25.10857],[79.13171,25.10703],[79.13653,25.10595],[79.14075,25.10623],[79.14558,25.11358],[79.15221,25.11177],[79.16401,25.10709],[79.17626,25.10704],[79.17976,25.11365],[79.18153,25.11421],[79.18672,25.11288],[79.18728,25.12401],[79.17621,25.12675],[79.17394,25.1347],[79.17418,25.13751],[79.17579,25.14048],[79.18473,25.14111],[79.18853,25.14278],[79.1923,25.14629],[79.19512,25.14608],[79.19642,25.14452],[79.19754,25.14082],[79.20116,25.13883],[79.20417,25.1381],[79.20377,25.13322],[79.20359,25.12685],[79.20537,25.12337],[79.21454,25.11958],[79.2138,25.10896],[79.21808,25.10965],[79.22113,25.11168],[79.22587,25.11339],[79.22755,25.11618],[79.23022,25.11845],[79.23342,25.11761],[79.24232,25.11266],[79.24583,25.11157],[79.24711,25.11305],[79.24758,25.1154],[79.24556,25.12192],[79.24513,25.12652],[79.25101,25.13598],[79.249,25.13612],[79.24727,25.13792],[79.24502,25.13801],[79.23234,25.13542],[79.23154,25.13601],[79.23144,25.13837],[79.22997,25.1408],[79.22136,25.14356],[79.22711,25.14975],[79.23265,25.15334],[79.24331,25.15613],[79.25333,25.15714],[79.25809,25.15639],[79.26349,25.15246],[79.26669,25.14846],[79.26684,25.14214],[79.26584,25.13911],[79.26944,25.13711],[79.26956,25.13636],[79.26202,25.12566],[79.26556,25.11923],[79.26754,25.11732],[79.27622,25.12145],[79.27747,25.12137],[79.28129,25.1169],[79.28403,25.11548],[79.28967,25.12873],[79.29862,25.12648],[79.30848,25.12606],[79.31073,25.12855],[79.31322,25.13512],[79.32142,25.14617],[79.32209,25.14709],[79.31629,25.16032],[79.30942,25.17053],[79.29831,25.17908],[79.29627,25.18145],[79.29106,25.18463],[79.28635,25.19257],[79.28532,25.19867],[79.28557,25.20579],[79.2872,25.21686],[79.28863,25.21948],[79.28906,25.22229],[79.28579,25.23343],[79.28175,25.24032],[79.28117,25.24325],[79.28614,25.24295],[79.29159,25.24162],[79.30092,25.23534],[79.30541,25.22959],[79.30806,25.2226],[79.31616,25.21835],[79.31836,25.21464],[79.32251,25.21476],[79.33056,25.21792],[79.33294,25.2176],[79.33266,25.20904],[79.33336,25.20599],[79.33414,25.20368],[79.34017,25.19602],[79.35096,25.20517],[79.35456,25.20942],[79.34251,25.21804],[79.33672,25.22507],[79.33839,25.22723],[79.33958,25.22716],[79.34713,25.22326],[79.34874,25.22565],[79.34889,25.23426],[79.3479,25.23824],[79.3485,25.25121],[79.34892,25.2538],[79.35217,25.25944],[79.34773,25.26789],[79.34553,25.26832],[79.34218,25.27084],[79.33955,25.2714],[79.33101,25.26198],[79.32635,25.2582],[79.3223,25.25653],[79.31765,25.25705],[79.31154,25.26053],[79.30594,25.27089],[79.29537,25.28535],[79.29407,25.27617],[79.28546,25.26611],[79.27872,25.26161],[79.27324,25.26152],[79.26956,25.26284],[79.26704,25.26655],[79.26658,25.26931],[79.26409,25.27457],[79.26388,25.27722],[79.26444,25.28008],[79.26361,25.28681],[79.2656,25.29345],[79.26776,25.30532],[79.27521,25.31383],[79.28416,25.3221],[79.28525,25.32312],[79.29107,25.32516],[79.29899,25.32436],[79.30138,25.32743],[79.30175,25.33443],[79.3024,25.33528],[79.3119,25.33492],[79.31697,25.33365],[79.33281,25.33233],[79.33792,25.32882],[79.34141,25.32767],[79.35228,25.32953],[79.35357,25.32813],[79.34607,25.32003],[79.34216,25.31249],[79.34538,25.30601],[79.34916,25.3028],[79.34954,25.2997],[79.33841,25.28917],[79.3387,25.2879],[79.34014,25.28742],[79.35075,25.28555],[79.35738,25.28355],[79.35927,25.27313],[79.35875,25.26509],[79.36062,25.26053],[79.36594,25.25867],[79.36935,25.25942],[79.37338,25.26322],[79.3749,25.26756],[79.37484,25.27072],[79.37211,25.28765],[79.37511,25.28945],[79.37743,25.28924],[79.38025,25.28845],[79.3833,25.28623],[79.38699,25.28186],[79.39122,25.27876],[79.39368,25.2793],[79.3963,25.28139],[79.39998,25.28001],[79.40957,25.27441],[79.40889,25.25753],[79.42299,25.25439],[79.43435,25.2536],[79.43891,25.25473],[79.4593,25.2688],[79.46046,25.27045],[79.46079,25.27773],[79.46515,25.27905],[79.48086,25.27732],[79.48295,25.27436],[79.48299,25.27267],[79.483,25.2719],[79.48306,25.27009],[79.48404,25.26834],[79.48546,25.26758],[79.4922,25.26793],[79.49814,25.26554],[79.49856,25.26421],[79.49748,25.26084],[79.49168,25.26018],[79.48684,25.26037],[79.48226,25.26176],[79.47172,25.26319],[79.46841,25.26479],[79.4669,25.26464],[79.46292,25.26039],[79.46055,25.25169],[79.45604,25.24601],[79.45259,25.24331],[79.45128,25.24384],[79.44945,25.24692],[79.44624,25.24347],[79.44184,25.23698],[79.44066,25.23119],[79.43468,25.22025],[79.43996,25.21701],[79.45007,25.21617],[79.45036,25.20778],[79.44341,25.19989],[79.43979,25.198],[79.43565,25.19875],[79.43224,25.19787],[79.42497,25.19913],[79.4172,25.20397],[79.41573,25.20273],[79.41218,25.19468],[79.4115,25.1848],[79.39911,25.17487],[79.39146,25.16551],[79.38764,25.14896],[79.3878,25.14436],[79.38969,25.14117],[79.39147,25.13528],[79.39461,25.13139],[79.39629,25.12689],[79.39684,25.11585],[79.39836,25.11317],[79.40072,25.11142],[79.4067,25.10874],[79.40952,25.10864],[79.41674,25.11094],[79.42253,25.11827],[79.42468,25.12255],[79.42599,25.12879],[79.42539,25.13035],[79.42236,25.13264],[79.4227,25.13436],[79.4252,25.13374],[79.43351,25.13368],[79.43874,25.13067],[79.44283,25.12182],[79.442,25.117],[79.43875,25.11124],[79.43703,25.10708],[79.43749,25.10443],[79.43864,25.1028],[79.44394,25.10312],[79.4524,25.10839],[79.45782,25.11313],[79.46418,25.12028],[79.476,25.12974],[79.47781,25.12908],[79.47781,25.12598],[79.46811,25.09165],[79.47913,25.08252],[79.49002,25.08045],[79.49746,25.07809],[79.49866,25.07864],[79.49878,25.08146],[79.50141,25.08733],[79.50777,25.09454],[79.51289,25.09663],[79.52098,25.09559],[79.52485,25.09713],[79.52591,25.09976],[79.52578,25.10304],[79.52159,25.11742],[79.52141,25.12104],[79.5256,25.12655],[79.53424,25.13095],[79.53635,25.13269],[79.53624,25.13333],[79.53496,25.13841],[79.53631,25.14028],[79.5413,25.14175],[79.54258,25.14294],[79.55044,25.15585],[79.55803,25.1647],[79.56729,25.17127],[79.57323,25.17285],[79.57665,25.17083],[79.58168,25.15477],[79.58396,25.15238],[79.59344,25.1482],[79.5974,25.14261],[79.59914,25.14161],[79.60097,25.14169],[79.60775,25.15031],[79.61052,25.1501],[79.61049,25.14918],[79.61048,25.14843],[79.60624,25.14069],[79.60519,25.1349],[79.60309,25.13096],[79.60287,25.12948],[79.60558,25.12679],[79.6098,25.12671],[79.61378,25.12785],[79.62775,25.13802],[79.64057,25.1282],[79.64557,25.12645],[79.64842,25.12777],[79.65075,25.12773],[79.6619,25.12582],[79.66826,25.12335],[79.6739,25.1225],[79.68194,25.13116],[79.68436,25.13238],[79.69473,25.13225],[79.71503,25.12872],[79.72554,25.12923],[79.73382,25.13115],[79.74736,25.13837],[79.75343,25.1393],[79.75889,25.13608],[79.77055,25.12526],[79.77699,25.1207],[79.79613,25.11585],[79.80106,25.11384],[79.81296,25.10645],[79.8242,25.10634],[79.82651,25.10563],[79.83107,25.10189],[79.83214,25.09919],[79.83501,25.09561],[79.8391,25.09361],[79.84866,25.0919],[79.85702,25.09248],[79.86371,25.094],[79.86092,25.09826],[79.85362,25.10596],[79.85049,25.11181],[79.8544,25.11775],[79.8558,25.12371],[79.85549,25.12887],[79.85947,25.13526],[79.86526,25.13828],[79.87268,25.14046],[79.88004,25.14398],[79.87996,25.14577],[79.87087,25.14938],[79.86846,25.15152],[79.86753,25.1575],[79.87049,25.17242],[79.8694,25.17452],[79.866,25.1773],[79.86669,25.18566],[79.86266,25.19451],[79.85974,25.19889],[79.86203,25.20583],[79.8641,25.20902],[79.87095,25.2146],[79.86929,25.21636],[79.86077,25.22043],[79.85507,25.2278],[79.85314,25.23194],[79.85363,25.23377],[79.85506,25.23559],[79.85892,25.23696],[79.86547,25.2373],[79.8689,25.23839],[79.87388,25.24221],[79.8804,25.24918],[79.88295,25.24838],[79.89458,25.24181],[79.90156,25.24162],[79.90411,25.24294],[79.90523,25.245],[79.90629,25.2505],[79.90757,25.25198],[79.91035,25.25232],[79.91328,25.25087],[79.91426,25.24958],[79.91852,25.2404],[79.91858,25.23147],[79.92016,25.22919],[79.92141,25.22887],[79.92897,25.24612],[79.93206,25.24697],[79.94053,25.24574],[79.93993,25.25527],[79.94131,25.25843],[79.94237,25.26029],[79.94894,25.26512],[79.95057,25.26729],[79.95721,25.26072],[79.97104,25.26367],[79.97518,25.2639],[79.97752,25.26358],[79.98529,25.26037],[80.00023,25.26474],[80.00474,25.26409],[80.00535,25.26557],[80.00337,25.2701],[80.00361,25.27216],[80.00023,25.27641],[79.99928,25.27859],[80.00022,25.28068],[80.00189,25.28426],[80.00673,25.2892],[80.01638,25.29611],[80.02069,25.29715],[80.01796,25.32015],[80.02073,25.32551],[80.02258,25.32652],[80.02883,25.33855],[80.03228,25.33999],[80.04528,25.33638],[80.05254,25.33726],[80.06297,25.33672],[80.0696,25.33746],[80.07814,25.33852],[80.08045,25.34051],[80.08651,25.34886],[80.09142,25.35125],[80.10151,25.34926],[80.10422,25.34701],[80.10422,25.34701],[80.11511,25.33962],[80.12727,25.33814],[80.13144,25.33389],[80.13144,25.33389],[80.13521,25.33608],[80.14087,25.34578],[80.14528,25.35118],[80.15313,25.35556],[80.16131,25.35825],[80.16131,25.35825],[80.16731,25.36165],[80.16731,25.36165],[80.16735,25.37309],[80.17487,25.3744],[80.18021,25.37614],[80.19081,25.37697],[80.19609,25.37911],[80.19737,25.38467],[80.19737,25.38467],[80.19705,25.40187],[80.19914,25.40447],[80.19967,25.40814],[80.20216,25.41166],[80.20407,25.41093],[80.20546,25.41039],[80.20653,25.40812],[80.2061,25.406],[80.21066,25.40218],[80.21959,25.3994],[80.21959,25.3994],[80.22224,25.39968],[80.22224,25.39968],[80.23482,25.4061],[80.25343,25.40036],[80.25563,25.40285],[80.25555,25.40693],[80.26065,25.41423],[80.26173,25.41893],[80.26173,25.41893],[80.26413,25.42417],[80.26947,25.42164],[80.28199,25.42051],[80.29257,25.41137],[80.29467,25.41013],[80.2979,25.40821],[80.30357,25.40326],[80.30357,25.40326],[80.30592,25.40053],[80.31683,25.38784],[80.31729,25.38736],[80.31899,25.38284],[80.31946,25.37662],[80.31946,25.37662],[80.32149,25.36779],[80.31685,25.35927],[80.3136,25.35762],[80.31085,25.35382],[80.31183,25.34805],[80.31183,25.34805],[80.31801,25.33683],[80.31996,25.32978],[80.31731,25.30144],[80.31084,25.29255],[80.31084,25.29255],[80.31125,25.28674],[80.3122,25.28448],[80.3122,25.28448],[80.32019,25.27776],[80.32019,25.27776],[80.3262,25.27648],[80.32801,25.2761],[80.32801,25.2761],[80.32907,25.27604],[80.34584,25.27503],[80.34845,25.27439],[80.34915,25.27422],[80.35746,25.26519],[80.35991,25.25589],[80.36176,25.25205],[80.36588,25.24679],[80.36859,25.24454],[80.37105,25.24249],[80.3862,25.2332],[80.3862,25.2332],[80.38949,25.23399],[80.3911,25.23763],[80.39888,25.24137],[80.40723,25.23866],[80.40983,25.21666],[80.4124,25.20976],[80.4124,25.20976],[80.41455,25.20644],[80.41769,25.20159],[80.41831,25.19968],[80.41978,25.19517],[80.41978,25.19517],[80.42112,25.19363],[80.42628,25.18767],[80.42742,25.18483],[80.43052,25.17712],[80.43182,25.16991],[80.4307,25.16798],[80.4236,25.16106],[80.41171,25.16081],[80.39488,25.15864],[80.39488,25.15864],[80.38878,25.15653],[80.38154,25.15093],[80.37054,25.14547],[80.36424,25.14417],[80.35938,25.14064],[80.3567,25.13644],[80.3556,25.12577],[80.35924,25.12535],[80.36196,25.1219],[80.3648,25.12011],[80.37372,25.11677],[80.37688,25.11114],[80.37335,25.10811],[80.3687,25.09971],[80.35274,25.09299],[80.35167,25.09151],[80.35005,25.08926],[80.34999,25.07892],[80.34777,25.07103],[80.34516,25.06712],[80.34814,25.0639],[80.35401,25.06136],[80.35307,25.05437],[80.35017,25.05356],[80.34657,25.05433],[80.34007,25.05291],[80.33927,25.05523],[80.33506,25.05739],[80.33255,25.05485],[80.33176,25.05101],[80.31865,25.04749],[80.31865,25.04749],[80.31857,25.04742],[80.31448,25.04378],[80.31373,25.04361],[80.3114,25.0431],[80.30835,25.04402],[80.30328,25.05096],[80.30052,25.05274],[80.28956,25.05582],[80.28956,25.05582],[80.28916,25.05252],[80.28741,25.04847],[80.28741,25.04847],[80.28579,25.03977],[80.28284,25.03483],[80.27877,25.02997],[80.27525,25.0274],[80.2749,25.02604],[80.28647,25.01746],[80.28647,25.01746],[80.28701,25.01744],[80.29717,25.01695],[80.30695,25.01186],[80.32033,25.00215],[80.32074,25.00017],[80.32074,25.00017],[80.32209,24.99936],[80.32209,24.99936],[80.32259,24.99927],[80.3231,24.99919],[80.3231,24.99919],[80.3236,24.99912],[80.32411,24.99905],[80.32463,24.99899],[80.32514,24.99894],[80.32566,24.99889],[80.32617,24.99886],[80.32617,24.99886],[80.32668,24.99882],[80.3272,24.9988],[80.32771,24.99877],[80.32823,24.99876],[80.32874,24.99876],[80.32874,24.99876],[80.32926,24.99875],[80.32978,24.99876],[80.3303,24.99876],[80.33081,24.99879],[80.33133,24.99881],[80.33184,24.99884],[80.33237,24.99888],[80.33288,24.99892],[80.33391,24.99897],[80.33391,24.99897],[80.33537,25.00019],[80.33694,25.00129],[80.34598,25.01679],[80.35256,25.01533],[80.35594,25.01233],[80.35594,25.01233],[80.36058,25.01573],[80.36058,25.01573],[80.36306,25.02035],[80.36685,25.02193],[80.37583,25.02128],[80.37686,25.01971],[80.37723,25.01475],[80.37723,25.01475],[80.38083,25.00421],[80.38083,25.00421],[80.39019,25.00561],[80.39351,25.00733],[80.3954,25.00831],[80.39716,25.0108],[80.39106,25.01456],[80.38891,25.02353],[80.38891,25.02353],[80.38415,25.02386],[80.38037,25.02504],[80.37978,25.02861],[80.3809,25.03055],[80.38276,25.03246],[80.38634,25.03267],[80.38828,25.03459],[80.38845,25.03475],[80.38845,25.03475],[80.38822,25.03746],[80.3871,25.04024],[80.3871,25.04024],[80.38324,25.04148],[80.37555,25.04193],[80.37209,25.04356],[80.3743,25.04891],[80.37379,25.05358],[80.37527,25.05469],[80.38729,25.05179],[80.38729,25.05179],[80.39152,25.05751],[80.39152,25.05751],[80.39219,25.06118],[80.39445,25.06313],[80.3975,25.06405],[80.3975,25.06405],[80.40219,25.06786],[80.40612,25.06512],[80.40552,25.06146],[80.40552,25.06146],[80.41074,25.0568],[80.4133,25.05669],[80.41383,25.05759],[80.41483,25.0593],[80.41743,25.07023],[80.41798,25.07257],[80.43079,25.06717],[80.43256,25.06736],[80.43256,25.06736],[80.43757,25.0684],[80.43757,25.0684],[80.43924,25.0698],[80.43924,25.0698],[80.44037,25.07266],[80.441,25.07424],[80.44316,25.07683],[80.44879,25.07792],[80.44983,25.07687],[80.44983,25.07687],[80.45235,25.07715],[80.45322,25.07603],[80.45149,25.0732],[80.4497,25.07186],[80.45032,25.06915],[80.45032,25.06915],[80.45271,25.06668],[80.45227,25.06405],[80.45404,25.06171],[80.46105,25.06465],[80.46401,25.0697],[80.46806,25.06558],[80.46951,25.05388],[80.46951,25.05388],[80.47824,25.04059],[80.48137,25.03949],[80.48137,25.03949],[80.485,25.03981],[80.485,25.03981],[80.48708,25.04027],[80.48708,25.04027],[80.49028,25.04251],[80.49121,25.04316],[80.49384,25.04322],[80.49391,25.04322],[80.49391,25.04322],[80.49935,25.04194],[80.50174,25.03752],[80.50125,25.03403],[80.49727,25.03067],[80.495,25.03022],[80.49292,25.0298],[80.48515,25.03291],[80.47831,25.03108],[80.47282,25.03172],[80.46793,25.03481],[80.46671,25.03685],[80.45678,25.03982],[80.45435,25.04119],[80.45095,25.03995],[80.44455,25.03582],[80.43364,25.02656],[80.43289,25.0223],[80.43351,25.01986],[80.44176,25.02253],[80.444,25.0222],[80.44796,25.01839],[80.44651,25.01599],[80.44914,25.0137],[80.44954,25.01012],[80.45256,25.00725],[80.45807,25.00534],[80.46299,25.0041],[80.46625,25.0001],[80.46478,24.99586],[80.45985,24.98821],[80.46032,24.98261],[80.46985,24.9771],[80.48132,24.97628],[80.48048,24.98223],[80.48136,24.98532],[80.48479,24.98947],[80.49507,24.993],[80.50182,25.00004],[80.50129,25.00257],[80.50674,25.00518],[80.50937,25.00532],[80.51638,25.00376],[80.52,25.00411],[80.52147,25.00871],[80.52444,25.0079],[80.53029,25.00284],[80.53369,25.00196],[80.53983,25.00137],[80.5503,25.00265],[80.55059,25.00482],[80.54941,25.00738],[80.54582,25.01056],[80.54386,25.01768],[80.54899,25.0255],[80.54964,25.02973],[80.54848,25.03175],[80.5451,25.03122],[80.53896,25.03227],[80.53631,25.03423],[80.52816,25.03602],[80.52513,25.03748],[80.52037,25.0378],[80.51379,25.0403],[80.50757,25.04073],[80.50445,25.03942],[80.50403,25.04],[80.50227,25.04125],[80.50125,25.05024],[80.50345,25.05115],[80.50532,25.05193],[80.5068,25.05331],[80.50829,25.05468],[80.5104,25.05877],[80.51022,25.06326],[80.50818,25.06687],[80.49869,25.0741],[80.50112,25.07493],[80.50263,25.07545],[80.50653,25.07846],[80.50724,25.08164],[80.50809,25.08545],[80.50809,25.08545],[80.50588,25.08728],[80.50588,25.08728],[80.50244,25.08793],[80.4954,25.08768],[80.48571,25.09227],[80.48282,25.09492],[80.48258,25.09769],[80.48422,25.09811],[80.48842,25.09745],[80.48842,25.09745],[80.48979,25.09792],[80.49203,25.09869],[80.50024,25.0981],[80.50024,25.0981],[80.50283,25.10081],[80.50927,25.10009],[80.51003,25.10001],[80.51762,25.09691],[80.521,25.09412],[80.52238,25.09168],[80.52327,25.08436],[80.52711,25.07783],[80.53623,25.07297],[80.54015,25.07183],[80.54355,25.06871],[80.54694,25.06559],[80.55154,25.06359],[80.55487,25.06392],[80.55673,25.06525],[80.56055,25.06523],[80.56349,25.06683],[80.56811,25.07093],[80.56929,25.07521],[80.56929,25.07521],[80.56923,25.0847],[80.57057,25.08737],[80.57377,25.08311],[80.57377,25.08311],[80.57617,25.08121],[80.58076,25.08174],[80.5868,25.0842],[80.58827,25.0829],[80.58827,25.0829],[80.58927,25.08275],[80.59571,25.08181],[80.59686,25.08029],[80.60136,25.07748],[80.60253,25.07605],[80.60408,25.07414],[80.61266,25.06861],[80.61266,25.06861],[80.61491,25.06815],[80.61491,25.06815],[80.61544,25.06905],[80.61544,25.06906],[80.6149,25.07217],[80.6149,25.07217],[80.61202,25.07838],[80.60816,25.0867],[80.60816,25.0867],[80.60816,25.0867],[80.60251,25.0889],[80.60002,25.09194],[80.59594,25.10502],[80.59953,25.11391],[80.60457,25.11793],[80.60962,25.11873],[80.60962,25.11873],[80.6092,25.11971],[80.60856,25.12123],[80.60856,25.12123],[80.60574,25.12406],[80.59893,25.12748],[80.59827,25.13072],[80.59922,25.13719],[80.59922,25.13719],[80.60278,25.15113],[80.60781,25.15136],[80.61398,25.14519],[80.61366,25.13227],[80.61366,25.13227],[80.61432,25.13148],[80.61651,25.12887],[80.62415,25.13404],[80.62638,25.13333],[80.63064,25.13198],[80.63313,25.13359],[80.63397,25.13155],[80.63618,25.12622],[80.64056,25.11922],[80.6394,25.11575],[80.63285,25.11737],[80.63046,25.11796],[80.63046,25.11796],[80.6274,25.11614],[80.62639,25.11174],[80.62293,25.1098],[80.62323,25.10715],[80.62146,25.10248],[80.61499,25.10246],[80.60951,25.10035],[80.60951,25.10035],[80.61471,25.09752],[80.61663,25.09455],[80.61663,25.09455],[80.62599,25.08962],[80.62819,25.08555],[80.63045,25.08526],[80.63045,25.08526],[80.63012,25.08935],[80.63169,25.09116],[80.63333,25.09152],[80.63679,25.08926],[80.64208,25.08977],[80.64208,25.08977],[80.6425,25.09315],[80.64339,25.09352],[80.6446,25.08993],[80.6446,25.08993],[80.6446,25.08993],[80.64962,25.08912],[80.65869,25.08351],[80.66188,25.07246],[80.66446,25.07044],[80.67237,25.0744],[80.67426,25.07653],[80.67487,25.08025],[80.67645,25.08274],[80.68743,25.07783],[80.68713,25.0718],[80.68605,25.06912],[80.68238,25.0641],[80.67996,25.06335],[80.67996,25.06335],[80.67996,25.06324],[80.68007,25.06059],[80.68007,25.06059],[80.68322,25.05855],[80.68171,25.0502],[80.68171,25.0502],[80.68171,25.0502],[80.68644,25.05061],[80.69504,25.05482],[80.70616,25.05759],[80.70616,25.05759],[80.70625,25.05759],[80.71349,25.05747],[80.71349,25.05747],[80.71765,25.06237],[80.71765,25.06237],[80.71913,25.06331],[80.72258,25.0638],[80.72259,25.0638],[80.73537,25.06787],[80.73738,25.06158],[80.74175,25.05851],[80.75227,25.0584],[80.75961,25.06008],[80.76384,25.05866],[80.77411,25.05722],[80.78411,25.05779],[80.78643,25.05997],[80.78957,25.06565],[80.78781,25.07396],[80.78418,25.08037],[80.77523,25.08166],[80.75932,25.08718],[80.75922,25.09034],[80.76026,25.09146],[80.7575,25.09381],[80.75397,25.09544],[80.74165,25.09736],[80.7375,25.09333],[80.73343,25.09398],[80.7287,25.09741],[80.7272,25.10004],[80.72812,25.11327],[80.73357,25.11889],[80.73064,25.12199],[80.72552,25.12492],[80.71567,25.12342],[80.70908,25.12402],[80.70668,25.12735],[80.70785,25.13311],[80.70914,25.13406],[80.71883,25.13442],[80.723,25.13926],[80.72354,25.14263],[80.72586,25.14257],[80.73128,25.14476],[80.73594,25.14339],[80.73688,25.13889],[80.74052,25.13835],[80.74027,25.13653],[80.74369,25.13122],[80.74631,25.1306],[80.74866,25.13341],[80.75909,25.13771],[80.7678,25.1366],[80.77429,25.13691],[80.78225,25.14263],[80.7849,25.14086],[80.79039,25.13311],[80.79193,25.1344],[80.79437,25.13399],[80.79892,25.13876],[80.80192,25.13835],[80.80613,25.14227],[80.80783,25.14245],[80.81144,25.13957],[80.81651,25.13687],[80.81596,25.12915],[80.81784,25.12675],[80.82688,25.12661],[80.82963,25.12167],[80.82992,25.11892],[80.82976,25.11611],[80.8314,25.11384],[80.83218,25.11072],[80.83593,25.10639],[80.84168,25.10936],[80.84601,25.12359],[80.84304,25.12859],[80.84036,25.13747],[80.84212,25.14167],[80.84572,25.15636],[80.85016,25.16398],[80.85058,25.16725],[80.84939,25.17128],[80.84417,25.18143],[80.84344,25.18649],[80.84458,25.1887],[80.84939,25.1895],[80.85688,25.18605],[80.86866,25.18663],[80.87144,25.18525],[80.87246,25.1839],[80.87784,25.1847],[80.88636,25.19164],[80.89445,25.17324],[80.89732,25.17076],[80.90425,25.16733],[80.91385,25.16057],[80.9132,25.1564],[80.90987,25.15408],[80.89857,25.14245],[80.89671,25.13734],[80.89353,25.1361],[80.88369,25.14052],[80.88103,25.12998],[80.87726,25.12401],[80.8741,25.12162],[80.87323,25.11975],[80.87478,25.11553],[80.8805,25.10542],[80.88123,25.09869],[80.87946,25.09437],[80.87555,25.09015],[80.87247,25.08429],[80.87304,25.08047],[80.88331,25.07569],[80.87886,25.0672],[80.86398,25.05861],[80.85506,25.04942],[80.84934,25.04742],[80.84341,25.03583],[80.83486,25.03534],[80.83731,25.02614],[80.84824,25.0164],[80.85009,25.00869],[80.85843,24.99934],[80.85634,24.99434],[80.85322,24.9897],[80.84454,24.9823],[80.83286,24.98226],[80.82924,24.97869],[80.82678,24.96984],[80.82072,24.96987],[80.81464,24.97121],[80.80693,24.97107],[80.80174,24.96984],[80.7981,24.96797],[80.79806,24.96337],[80.79976,24.96011],[80.81103,24.95314],[80.81031,24.94068],[80.82354,24.93415],[80.82894,24.93283],[80.83712,24.93469],[80.84302,24.93078],[80.84904,24.93181],[80.86475,24.93222],[80.88313,24.937],[80.88499,24.94133],[80.88936,24.94447],[80.89297,24.94516],[80.89684,24.94372],[80.90297,24.93873],[80.9061,24.93798],[80.90818,24.93587],[80.91092,24.93645],[80.90934,24.93964],[80.90145,24.94674],[80.90247,24.95017],[80.90543,24.95299],[80.91967,24.95856],[80.92413,24.96107],[80.92977,24.96286],[80.93664,24.96398],[80.94191,24.9664],[80.94499,24.96879],[80.95066,24.96743],[80.95302,24.96431],[80.95491,24.95744],[80.95486,24.95322],[80.95201,24.94701],[80.95298,24.94345],[80.95798,24.94271],[80.96037,24.93921],[80.96103,24.93577],[80.95925,24.92336],[80.96337,24.92206],[80.96655,24.92858],[80.97383,24.93496],[80.98041,24.93594],[80.98745,24.93443],[80.98607,24.9295],[80.98917,24.92601],[80.99264,24.92894],[80.9994,24.93348],[81.00489,24.93595],[81.00817,24.93657],[81.01687,24.92884],[81.02007,24.92961],[81.02282,24.92798],[81.02496,24.92884],[81.02615,24.93192],[81.02946,24.9335],[81.02931,24.93464],[81.02347,24.93643],[81.02074,24.94009],[81.01533,24.94899],[81.0177,24.95067],[81.02517,24.9428],[81.02742,24.94137],[81.02897,24.94245],[81.02956,24.94476],[81.0281,24.94835],[81.03137,24.94872],[81.03486,24.95133],[81.0513,24.94902],[81.05535,24.95158],[81.05901,24.95167],[81.06561,24.94951],[81.08462,24.94866],[81.0894,24.94662],[81.09065,24.9441],[81.08869,24.9348],[81.08975,24.93218],[81.09307,24.93079],[81.09768,24.92093],[81.10268,24.92023],[81.10472,24.91898],[81.10689,24.91489],[81.11199,24.90916],[81.11565,24.90862],[81.1189,24.90716],[81.12109,24.90199],[81.12494,24.89831],[81.13082,24.89519],[81.13634,24.89012],[81.14061,24.88858],[81.14241,24.89034],[81.14107,24.897],[81.14148,24.90206],[81.14827,24.91293],[81.1509,24.91386],[81.15632,24.91417],[81.16051,24.91277],[81.16069,24.91612],[81.1591,24.92023],[81.15935,24.9237],[81.16057,24.92586],[81.16368,24.92845],[81.16421,24.9363],[81.16599,24.93914],[81.16511,24.94218],[81.16778,24.95119],[81.16965,24.95497],[81.17241,24.95623],[81.17789,24.95322],[81.18036,24.94998],[81.18481,24.95144],[81.18884,24.94594],[81.19662,24.94154],[81.20717,24.93127],[81.20649,24.93056],[81.20124,24.93111],[81.19263,24.92573],[81.20401,24.92552],[81.2077,24.92346],[81.21071,24.92433],[81.2155,24.92762],[81.2192,24.92912],[81.22081,24.93104],[81.2197,24.93275],[81.21571,24.93377],[81.21422,24.93575],[81.21261,24.94698],[81.21462,24.95058],[81.21423,24.95459],[81.21231,24.95933],[81.20824,24.96333],[81.20951,24.96674],[81.22054,24.97422],[81.22097,24.97813],[81.21955,24.98327],[81.2156,24.98775],[81.20996,24.99218],[81.21207,24.99401],[81.21309,24.99926],[81.21338,24.99956],[81.21405,24.99988],[81.21465,25.00019],[81.21561,24.99998],[81.21679,24.99957],[81.21728,24.99937],[81.21799,24.99864],[81.21843,24.99827],[81.21895,24.99812],[81.21959,24.99815],[81.22482,25.00091],[81.2285,25.0037],[81.23136,25.00778],[81.23896,25.01455],[81.24429,25.02575],[81.2475,25.02781],[81.25087,25.03275],[81.25587,25.03794],[81.2606,25.04902],[81.26171,25.05087],[81.26434,25.05216],[81.26359,25.05726],[81.26989,25.06489],[81.27053,25.06926],[81.2683,25.07204],[81.26135,25.07546],[81.26746,25.08372],[81.26275,25.08911],[81.26041,25.09497],[81.25711,25.09711],[81.25481,25.09966],[81.25403,25.10194],[81.25646,25.10812],[81.26452,25.11093],[81.2663,25.11324],[81.26653,25.12001],[81.2652,25.125],[81.27051,25.12745],[81.2681,25.13754],[81.26958,25.14028],[81.26983,25.14071],[81.27396,25.14123],[81.27894,25.1448],[81.28316,25.14978],[81.28228,25.15473],[81.27703,25.16153],[81.27751,25.16408],[81.27982,25.16528],[81.28359,25.16534],[81.28985,25.16185],[81.29305,25.16167],[81.29971,25.16316],[81.30095,25.16434],[81.31326,25.16383],[81.31479,25.16236],[81.31538,25.15605],[81.31267,25.14169],[81.31326,25.13947],[81.31639,25.13526],[81.31494,25.13157],[81.31533,25.1298],[81.31717,25.12799],[81.31675,25.12226],[81.31841,25.12044],[81.3203,25.11984],[81.32138,25.11384],[81.32303,25.11271],[81.32535,25.11245],[81.32666,25.11327],[81.32689,25.11511],[81.33136,25.11482],[81.33057,25.11716],[81.32861,25.11886],[81.32514,25.12449],[81.32436,25.13148],[81.32517,25.13706],[81.32063,25.14262],[81.31935,25.14536],[81.31912,25.14903],[81.32135,25.15993],[81.32803,25.16444],[81.33834,25.16887],[81.33944,25.16595],[81.34444,25.16274],[81.35299,25.16187],[81.35781,25.16376],[81.35929,25.16033],[81.36177,25.15789],[81.3639,25.15407],[81.3656,25.14875],[81.37089,25.14215],[81.37399,25.14069],[81.37483,25.13817],[81.37292,25.13574],[81.37287,25.13431],[81.37526,25.13387],[81.38266,25.13522],[81.38736,25.1309],[81.39275,25.13154],[81.3949,25.13041],[81.39338,25.12661],[81.39559,25.12542],[81.3974,25.12073],[81.39961,25.11961],[81.40592,25.11819],[81.40893,25.11822],[81.41269,25.11865],[81.41461,25.11989],[81.41504,25.12161],[81.4102,25.1273],[81.40859,25.13027],[81.42168,25.12817],[81.42443,25.12877],[81.42622,25.13166],[81.4281,25.13208],[81.43616,25.1301],[81.43861,25.13012],[81.43752,25.12604],[81.44276,25.11845],[81.44694,25.11052],[81.44747,25.10851],[81.44672,25.10696],[81.44383,25.10756],[81.43555,25.10713],[81.41984,25.1088],[81.41526,25.10852],[81.41137,25.10808],[81.40875,25.10564],[81.40922,25.10427],[81.41144,25.10292],[81.42151,25.1005],[81.42919,25.09811],[81.43316,25.09597],[81.44476,25.09269],[81.46721,25.08954],[81.46619,25.08591],[81.46665,25.08333],[81.47374,25.07841],[81.4814,25.07751],[81.48576,25.07583],[81.48956,25.07248],[81.49208,25.07153],[81.4935,25.07418],[81.49481,25.08068],[81.5006,25.0785],[81.50299,25.0787],[81.50578,25.09262],[81.50264,25.09827],[81.50893,25.09741],[81.51125,25.09829],[81.51541,25.1019],[81.51596,25.10339],[81.51159,25.10709],[81.50154,25.10722],[81.49401,25.11242],[81.4901,25.11387],[81.4861,25.11763],[81.48653,25.12446],[81.48043,25.12957],[81.48016,25.13152],[81.48127,25.13365],[81.48307,25.13464],[81.48583,25.13495],[81.48856,25.13423],[81.49292,25.13089],[81.49801,25.13077],[81.49894,25.13158],[81.49836,25.13845],[81.50042,25.14529],[81.50383,25.14887],[81.50904,25.14938],[81.51339,25.14775],[81.51932,25.14494],[81.52407,25.14189],[81.52687,25.1391],[81.53306,25.14019],[81.5336,25.14409],[81.52715,25.14838],[81.52837,25.15021],[81.53728,25.15787],[81.53844,25.15988],[81.5357,25.16316],[81.51918,25.1702],[81.51625,25.17277],[81.51554,25.17505],[81.51622,25.18147],[81.51802,25.18354],[81.52128,25.18441],[81.5285,25.18375],[81.53166,25.18228],[81.54097,25.18194],[81.54177,25.18408],[81.54244,25.18477],[81.54836,25.18419],[81.55721,25.18518],[81.55748,25.18312],[81.56688,25.18573],[81.57485,25.19229],[81.5801,25.18949],[81.58564,25.18785],[81.59404,25.18319],[81.59646,25.18035],[81.59038,25.1669],[81.59021,25.16484],[81.605,25.16214],[81.60826,25.16263],[81.60957,25.16396],[81.61135,25.16248],[81.61392,25.16222],[81.61546,25.16465],[81.61519,25.16717],[81.61655,25.16936],[81.61842,25.17024],[81.62191,25.16712],[81.62285,25.16167],[81.6258,25.1605],[81.62742,25.15626],[81.62809,25.15225],[81.62735,25.1457],[81.62606,25.14287],[81.62349,25.14056],[81.62065,25.14323],[81.61844,25.14379],[81.61271,25.13943],[81.60759,25.13645],[81.60259,25.13462],[81.60053,25.133],[81.60255,25.12613],[81.59987,25.12398],[81.59942,25.11962],[81.6107,25.11415],[81.61022,25.11266],[81.6112,25.1091],[81.60962,25.09686],[81.61265,25.09632],[81.61478,25.10259],[81.61848,25.10836],[81.62142,25.10988],[81.62323,25.1165],[81.62516,25.11927],[81.63169,25.11859],[81.63346,25.11711],[81.63374,25.11447],[81.63104,25.10791],[81.64035,25.09995],[81.64005,25.09816],[81.63769,25.09641],[81.63423,25.09656],[81.62992,25.09503],[81.62926,25.09175],[81.62325,25.09072],[81.61788,25.08183],[81.61281,25.07966],[81.60429,25.0785],[81.60217,25.07647],[81.60284,25.07361],[81.61116,25.06851],[81.61232,25.06622],[81.61649,25.06351],[81.61808,25.06139],[81.6169,25.06001],[81.61395,25.06125],[81.61162,25.06106],[81.61107,25.05973],[81.61272,25.05744],[81.61688,25.05558],[81.62563,25.05383],[81.63027,25.05364],[81.63361,25.05918],[81.64038,25.0582],[81.64396,25.05851],[81.65255,25.06507],[81.65436,25.06727],[81.65519,25.07176],[81.66146,25.07175],[81.66488,25.07534],[81.66707,25.07645],[81.66828,25.0749],[81.66878,25.06819],[81.67059,25.06188],[81.67237,25.06069],[81.67975,25.06299],[81.68421,25.06273],[81.68617,25.06143],[81.69144,25.05353],[81.69208,25.04756],[81.69026,25.04055],[81.69391,25.03896],[81.71372,25.0347],[81.71849,25.03593],[81.72175,25.03686],[81.72218,25.04404],[81.72477,25.04975],[81.74076,25.04552],[81.74345,25.04133],[81.74284,25.03995],[81.74561,25.03876],[81.74657,25.03589],[81.74986,25.03379],[81.75482,25.03257],[81.75579,25.03046],[81.75813,25.02846],[81.77972,25.0201],[81.78708,25.01449],[81.78845,25.01207],[81.79757,25.00703],[81.8,25.0069],[81.83774,25.01624],[81.84331,25.0152],[81.84841,25.0119],[81.85465,25.00405],[81.85772,25.00295],[81.87206,25.00053],[81.87289,24.99735],[81.87517,24.99711],[81.87672,24.99919],[81.88187,24.99911],[81.88974,24.99646],[81.89165,24.99063],[81.89449,24.9898],[81.89607,24.99039],[81.89894,24.99335],[81.90144,24.99679],[81.90236,25.00044],[81.89996,25.00203],[81.89696,25.00652],[81.89659,25.00795],[81.89769,25.01008],[81.89978,25.01044],[81.90681,25.00659],[81.90832,25.00422],[81.9083,25.00042],[81.90758,24.99624],[81.90318,24.98808],[81.90284,24.98439],[81.90887,24.98183],[81.90997,24.97983],[81.90677,24.97388],[81.90667,24.97233],[81.90929,24.97006],[81.91243,24.93932],[81.91793,24.93421],[81.92035,24.92799],[81.91861,24.91757],[81.91071,24.90857],[81.90675,24.90227],[81.90709,24.89641],[81.90473,24.88961],[81.91096,24.88124],[81.91456,24.88065],[81.91839,24.87754],[81.92167,24.87753],[81.92341,24.87491],[81.93194,24.87341],[81.93665,24.8702],[81.93498,24.85794],[81.94003,24.85364],[81.94294,24.84862],[81.94547,24.84723],[81.95094,24.83919],[81.95598,24.83978],[81.96313,24.83643],[81.96543,24.82934],[81.9674,24.82782],[81.96979,24.82893],[81.97325,24.83862],[81.97632,24.84107],[81.98371,24.83967],[81.99981,24.84373],[82.00619,24.84466],[82.01315,24.84791],[82.03255,24.84188],[82.04546,24.83023],[82.05058,24.83151],[82.06475,24.82537],[82.07344,24.82074],[82.0791,24.82224],[82.09013,24.81943],[82.09797,24.81323],[82.1029,24.80771],[82.10826,24.8073],[82.11299,24.80295],[82.11591,24.79818],[82.11601,24.79105],[82.12042,24.78963],[82.1346,24.79132],[82.13716,24.79714],[82.14048,24.80186],[82.15481,24.7947],[82.16763,24.78967],[82.17146,24.79318],[82.18159,24.79837],[82.17105,24.80238],[82.18,24.80625],[82.18199,24.81159],[82.19069,24.8142],[82.19615,24.81811],[82.20422,24.82192],[82.19951,24.81513],[82.18913,24.80563],[82.18725,24.80207],[82.18953,24.79827],[82.19679,24.79565],[82.20316,24.79439],[82.20958,24.79808],[82.21696,24.79522],[82.2137,24.78889],[82.21316,24.78297],[82.2177,24.77896],[82.21001,24.77814],[82.20226,24.78071],[82.19759,24.77973],[82.1995,24.77231],[82.19883,24.76702],[82.20388,24.76122],[82.1997,24.75064],[82.18109,24.73705],[82.19695,24.74127],[82.20332,24.73743],[82.21082,24.73831],[82.21662,24.73648],[82.22194,24.72619],[82.22424,24.73367],[82.22159,24.74172],[82.21042,24.74566],[82.2077,24.74956],[82.21739,24.757],[82.23101,24.74925],[82.22979,24.75741],[82.22675,24.76247],[82.22915,24.76454],[82.23161,24.76167],[82.23595,24.76305],[82.24057,24.75566],[82.24657,24.75193],[82.24931,24.76578],[82.24853,24.77296],[82.25187,24.77325],[82.25481,24.75728],[82.25783,24.7539],[82.25409,24.7382],[82.24963,24.736],[82.24922,24.72445],[82.25214,24.71394],[82.24863,24.70812],[82.25124,24.69934],[82.24217,24.69415],[82.23684,24.68834],[82.23701,24.67219],[82.23809,24.66724],[82.24326,24.66351],[82.24237,24.66955],[82.24368,24.67398],[82.25614,24.67319],[82.25768,24.66595],[82.26121,24.66372],[82.2749,24.67603],[82.26651,24.6797],[82.27155,24.68402],[82.27767,24.67949],[82.28668,24.67851],[82.2899,24.66938],[82.29337,24.66766],[82.29923,24.66853],[82.30458,24.66767],[82.30005,24.66244],[82.30624,24.65422],[82.30285,24.65152],[82.30425,24.641],[82.30395,24.63393],[82.30655,24.62572],[82.30116,24.61461],[82.30205,24.61145],[82.30645,24.61014],[82.31753,24.61067],[82.32344,24.61309],[82.32727,24.61798],[82.33186,24.62028],[82.3379,24.62149],[82.34319,24.62069],[82.35408,24.61655],[82.35864,24.60598],[82.36204,24.60225],[82.36896,24.59978],[82.39376,24.5952],[82.40169,24.59532],[82.40892,24.59652],[82.41729,24.59566],[82.42269,24.60423],[82.41381,24.61532],[82.41601,24.62061],[82.41178,24.62877],[82.41165,24.63394],[82.41718,24.64084],[82.41711,24.64733],[82.41993,24.65561],[82.41362,24.66458],[82.41495,24.67216],[82.40977,24.68153],[82.41555,24.69286],[82.42832,24.70297],[82.44048,24.70401],[82.45301,24.69412],[82.45655,24.68838],[82.45296,24.67786],[82.457,24.67567],[82.47217,24.67785],[82.48483,24.68136],[82.49491,24.67331],[82.50945,24.67623],[82.51719,24.67692],[82.52657,24.67617],[82.53212,24.65501],[82.53741,24.64983],[82.55239,24.65276],[82.58211,24.6609],[82.59577,24.67163],[82.61115,24.67736],[82.6381,24.68462],[82.64458,24.68576],[82.65385,24.69247],[82.66608,24.69832],[82.67369,24.69779],[82.69357,24.68448],[82.70043,24.6782],[82.70408,24.67371],[82.704,24.6667],[82.7016,24.65958],[82.69982,24.64665],[82.70328,24.64228],[82.7102,24.64014],[82.71732,24.64174],[82.72272,24.64017],[82.73557,24.64451],[82.75124,24.64213],[82.77089,24.64374],[82.7739,24.63971],[82.77526,24.62752],[82.77598,24.60873],[82.77106,24.60293],[82.76816,24.59794],[82.77633,24.59568],[82.79352,24.59765],[82.80446,24.59791],[82.80451,24.58567],[82.80883,24.55089],[82.789,24.54427],[82.75409,24.5397],[82.75341,24.55067],[82.74927,24.55275],[82.74158,24.54978],[82.72417,24.55527],[82.72059,24.55436],[82.72309,24.54625],[82.72219,24.53436],[82.72367,24.51148],[82.74459,24.49799],[82.7418,24.48547],[82.73178,24.47456],[82.73862,24.46857],[82.73402,24.45909],[82.73305,24.443],[82.7353,24.43243],[82.7407,24.43103],[82.73371,24.42456],[82.72819,24.42796],[82.72736,24.41992],[82.72296,24.41446],[82.71557,24.3877],[82.71512,24.3835],[82.72083,24.37355],[82.72647,24.36957],[82.74274,24.36954],[82.75474,24.37089],[82.76241,24.37789],[82.76486,24.37432],[82.76855,24.37143],[82.76672,24.3677],[82.7669,24.36155],[82.76778,24.35678],[82.77246,24.34597],[82.7712,24.34085],[82.77093,24.32827],[82.76839,24.32155],[82.76776,24.31753],[82.77396,24.31067],[82.77205,24.29091],[82.76499,24.2742],[82.76253,24.27012],[82.7585,24.26663],[82.75729,24.25514],[82.75947,24.24439],[82.75782,24.23467],[82.75123,24.23015],[82.74495,24.22884],[82.74012,24.2265],[82.7349,24.22179],[82.73979,24.19963],[82.74267,24.1816],[82.74402,24.16696],[82.73094,24.15543],[82.72918,24.14843],[82.72821,24.13763],[82.69622,24.14283],[82.68729,24.15531],[82.67872,24.15704],[82.67306,24.14969],[82.67373,24.14136],[82.66527,24.13339],[82.67138,24.12253],[82.7092,24.09573],[82.71306,24.08441],[82.71624,24.07946],[82.73411,24.08127],[82.74552,24.07745],[82.74929,24.07381],[82.75587,24.07926],[82.75958,24.07833],[82.76274,24.07198],[82.76836,24.07842],[82.77408,24.07661],[82.77003,24.05865],[82.76357,24.04238],[82.75094,24.03366],[82.74773,24.02983],[82.7498,24.0202],[82.75367,24.01192],[82.76014,24.00725],[82.77408,24.00489],[82.79044,24.00581],[82.79768,24.00563],[82.80505,24.00401],[82.80926,23.99993],[82.80844,23.99543],[82.80829,23.98422],[82.80649,23.97552],[82.80666,23.96979],[82.80823,23.96639],[82.81409,23.96285],[82.81553,23.96198],[82.81402,23.96184],[82.80642,23.9611],[82.80586,23.96087],[82.80456,23.96034],[82.79988,23.95463],[82.79805,23.94953],[82.78408,23.93863],[82.78262,23.93749],[82.76273,23.93495],[82.76153,23.9348],[82.75797,23.92898],[82.75782,23.92545],[82.75616,23.92187],[82.75586,23.92121],[82.75109,23.91956],[82.72587,23.92035],[82.71443,23.92351],[82.7097,23.92382],[82.69873,23.91973],[82.69763,23.91932],[82.69677,23.9184],[82.6951,23.91664],[82.69012,23.91165],[82.68963,23.91115],[82.68486,23.90869],[82.67898,23.90864],[82.67866,23.90864],[82.67747,23.90771],[82.67588,23.90647],[82.67066,23.90754],[82.66682,23.90751],[82.66501,23.90695],[82.66427,23.90672],[82.66249,23.90515],[82.65507,23.89386],[82.65388,23.8876],[82.66502,23.87705],[82.66729,23.87348],[82.66794,23.86926],[82.66569,23.8645],[82.66267,23.86164],[82.6611,23.85671],[82.6611,23.8567],[82.65975,23.85542],[82.65315,23.85675],[82.65128,23.85853],[82.65013,23.8579],[82.64838,23.85694],[82.64547,23.84882],[82.64385,23.84758],[82.64257,23.8466],[82.64082,23.84593],[82.63899,23.84523],[82.63903,23.84061],[82.63795,23.83898],[82.63725,23.83793],[82.61364,23.83507],[82.60907,23.83316],[82.60826,23.83282],[82.59807,23.8243],[82.59736,23.8237],[82.59372,23.82177],[82.58622,23.82135],[82.57409,23.82362],[82.5689,23.82167],[82.55595,23.82578],[82.55015,23.82561],[82.54982,23.8256],[82.54805,23.82421],[82.54649,23.82297],[82.5414,23.82385],[82.53751,23.82328],[82.53508,23.82293],[82.53684,23.82046],[82.5397,23.81869],[82.54174,23.81367],[82.54462,23.81138],[82.54748,23.81071],[82.54861,23.80904],[82.55171,23.80172],[82.55251,23.79721],[82.55224,23.79311],[82.5497,23.79132],[82.54798,23.79011],[82.54352,23.791],[82.5365,23.79024],[82.52393,23.78313],[82.51442,23.78437],[82.50438,23.78393],[82.50135,23.78434],[82.49947,23.78458],[82.49946,23.78459],[82.49281,23.78724],[82.49149,23.78943],[82.49042,23.79636],[82.47761,23.80648],[82.47124,23.80967],[82.46776,23.81021],[82.45678,23.81045],[82.45351,23.80967],[82.44797,23.80453],[82.4442,23.80351],[82.43097,23.80488],[82.41072,23.80155],[82.40111,23.80117],[82.39597,23.80014],[82.39172,23.80362],[82.3876,23.80578],[82.37608,23.80983],[82.36432,23.80705],[82.35476,23.80244],[82.35066,23.80262],[82.34629,23.80472],[82.33898,23.80407],[82.33597,23.80236],[82.32871,23.80743],[82.3228,23.80899],[82.31888,23.80988],[82.31491,23.80984],[82.31207,23.80854],[82.30533,23.80684],[82.30285,23.80722],[82.29157,23.81155],[82.28543,23.81577],[82.27896,23.81732],[82.27251,23.81737],[82.26304,23.82051],[82.2563,23.81841],[82.23927,23.80641],[82.23674,23.80528],[82.23387,23.80554],[82.22882,23.80868],[82.22384,23.81955],[82.21934,23.82251],[82.20911,23.82685],[82.20701,23.83048],[82.20872,23.8331],[82.21211,23.83568],[82.2144,23.83958],[82.21462,23.84259],[82.21178,23.85113],[82.21165,23.85153],[82.20334,23.84892],[82.1971,23.84225],[82.1865,23.84057],[82.18126,23.83762],[82.18023,23.83644],[82.17748,23.82322],[82.17602,23.82123],[82.173,23.81929],[82.17015,23.8185],[82.16349,23.82051],[82.1523,23.81778],[82.14182,23.81667],[82.1335,23.81819],[82.12519,23.82162],[82.11651,23.81718],[82.11453,23.81699],[82.10793,23.81859],[82.09685,23.81637],[82.08576,23.81554],[82.07976,23.81825],[82.07102,23.81757],[82.05313,23.81903],[82.05009,23.82339],[82.04827,23.82476],[82.03992,23.82773],[82.03877,23.83032],[82.04208,23.83707],[82.0429,23.84096],[82.04026,23.84347],[82.03624,23.84609],[82.01935,23.85064],[82.01535,23.85332],[82.01344,23.85716],[82.00849,23.86148],[81.9999,23.86097],[81.99169,23.86033],[81.97928,23.85668],[81.97013,23.8554],[81.96787,23.85459],[81.95846,23.8512],[81.95264,23.85523],[81.94779,23.85607],[81.94632,23.85926],[81.94461,23.86035],[81.94166,23.86022],[81.94002,23.8609],[81.94066,23.86504],[81.9394,23.86619],[81.9242,23.87125],[81.92246,23.87014],[81.9176,23.86236],[81.91201,23.85679],[81.90853,23.84949],[81.9058,23.84656],[81.90184,23.84234],[81.89308,23.84001],[81.88617,23.83617],[81.86982,23.83307],[81.86538,23.82704],[81.86067,23.82259],[81.83937,23.81955],[81.83636,23.81534],[81.83185,23.81466],[81.82514,23.80948],[81.81945,23.80774],[81.81335,23.80869],[81.80829,23.81178],[81.80113,23.81265],[81.7952,23.81015],[81.79038,23.81006],[81.78036,23.81241],[81.75292,23.82908],[81.74216,23.83434],[81.73823,23.8375],[81.73458,23.8391],[81.7268,23.83856],[81.72607,23.84151],[81.72913,23.84719],[81.73161,23.84884],[81.73159,23.85501],[81.73074,23.85709],[81.72865,23.85893],[81.72268,23.85998],[81.72027,23.86106],[81.71042,23.86149],[81.71001,23.86708],[81.71072,23.87093],[81.7062,23.87606],[81.7074,23.87956],[81.70514,23.88402],[81.69466,23.88299],[81.69014,23.88783],[81.68725,23.90566],[81.68508,23.90825],[81.67546,23.9137],[81.67267,23.92006],[81.66935,23.92358],[81.66516,23.92255],[81.65941,23.91581],[81.65585,23.91414],[81.64921,23.91314],[81.64503,23.91159],[81.63695,23.90563],[81.63226,23.90489],[81.62219,23.90624],[81.61825,23.90493],[81.6153,23.90123],[81.61327,23.89382],[81.61111,23.89037],[81.60463,23.88699],[81.6053,23.88421],[81.60792,23.88138],[81.61648,23.87617],[81.62258,23.87077],[81.61915,23.86504],[81.61391,23.86195],[81.60607,23.86222],[81.6051,23.85994],[81.6051,23.85547],[81.60617,23.85169],[81.61227,23.84187],[81.61268,23.83943],[81.61355,23.83624],[81.61502,23.83428],[81.6171,23.83383],[81.62794,23.83487],[81.63341,23.83388],[81.63582,23.83239],[81.63825,23.82887],[81.64373,23.81444],[81.65024,23.80269],[81.65133,23.797],[81.65118,23.78996],[81.64605,23.77601],[81.64585,23.77293],[81.64734,23.76927],[81.65184,23.76624],[81.66124,23.76243],[81.66945,23.75809],[81.67702,23.75554],[81.68176,23.75216],[81.68598,23.74708],[81.68098,23.74156],[81.67977,23.73824],[81.68518,23.73282],[81.69001,23.72386],[81.69457,23.72087],[81.69496,23.7196],[81.69231,23.7119],[81.68087,23.69172],[81.65714,23.68171],[81.6556,23.66628],[81.65404,23.6615],[81.65076,23.65862],[81.64264,23.65725],[81.62612,23.65965],[81.62087,23.65925],[81.61714,23.63129],[81.61414,23.62276],[81.61199,23.61966],[81.60871,23.61224],[81.61029,23.59836],[81.60746,23.59525],[81.60241,23.5938],[81.58786,23.5951],[81.58267,23.59034],[81.57836,23.58924],[81.57733,23.58696],[81.57803,23.57813],[81.58205,23.56503],[81.5831,23.55706],[81.58466,23.55325],[81.59151,23.55233],[81.5945,23.55288],[81.60985,23.55205],[81.61329,23.54888],[81.61424,23.54337],[81.61303,23.52318],[81.6139,23.51911],[81.61279,23.50933],[81.61461,23.50534],[81.62201,23.49622],[81.6248,23.49335],[81.6318,23.48952],[81.63581,23.48886],[81.63867,23.49023],[81.64283,23.49684],[81.64476,23.49779],[81.65157,23.49861],[81.65523,23.50092],[81.66119,23.51237],[81.66155,23.51843],[81.66068,23.52616],[81.66213,23.53001],[81.66963,23.5309],[81.67478,23.53037],[81.68948,23.52569],[81.69503,23.52294],[81.70069,23.52184],[81.714,23.53209],[81.71796,23.53974],[81.72069,23.54116],[81.72437,23.54684],[81.72684,23.55453],[81.73105,23.55731],[81.73357,23.56094],[81.73685,23.56359],[81.74365,23.56592],[81.74833,23.56614],[81.75557,23.56388],[81.75823,23.56158],[81.76124,23.55707],[81.764,23.55104],[81.7706,23.5493],[81.80519,23.5474],[81.8089,23.54633],[81.81224,23.54439],[81.81865,23.53252],[81.81913,23.52927],[81.81781,23.52494],[81.81767,23.52122],[81.82018,23.51624],[81.82415,23.51349],[81.83478,23.50992],[81.84172,23.51079],[81.85837,23.51511],[81.86269,23.5151],[81.86986,23.51254],[81.8773,23.51324],[81.88696,23.5171],[81.8921,23.52116],[81.90387,23.53062],[81.9076,23.53281],[81.91153,23.53377],[81.91705,23.5337],[81.92138,23.53245],[81.92396,23.53078],[81.93529,23.51627],[81.93591,23.51197],[81.94206,23.50429],[81.95233,23.4989],[81.95656,23.4955],[81.95463,23.47427],[81.95524,23.47043],[81.95793,23.46487],[81.96012,23.46395],[81.96435,23.46219],[81.96884,23.45862],[81.97421,23.45256],[81.97582,23.4492],[81.97898,23.44631],[81.97951,23.44405],[81.97905,23.4405],[81.98267,23.43071],[81.98098,23.42516],[81.97813,23.42275],[81.97917,23.41861],[81.9812,23.41649],[81.98349,23.41446],[81.98369,23.41201],[81.98647,23.41043],[81.995,23.41842],[81.9995,23.41819],[82.00303,23.41451],[82.00712,23.41173],[82.01737,23.41945],[82.02356,23.42244],[82.02601,23.42004],[82.03084,23.40913],[82.02495,23.407],[82.02511,23.40447],[82.0275,23.39988],[82.02479,23.39534],[82.02186,23.39247],[82.02122,23.38923],[82.02211,23.38688],[82.02797,23.38328],[82.03081,23.38274],[82.03319,23.38491],[82.03701,23.38653],[82.04042,23.38438],[82.04464,23.37855],[82.05331,23.37688],[82.05682,23.37774],[82.06032,23.38414],[82.06155,23.38948],[82.06436,23.39253],[82.07067,23.39146],[82.07688,23.39403],[82.08754,23.3962],[82.09125,23.39579],[82.09271,23.39233],[82.10247,23.39756],[82.10607,23.39673],[82.10635,23.39372],[82.10838,23.38982],[82.11171,23.38586],[82.11274,23.38189],[82.11304,23.36835],[82.11208,23.36226],[82.11548,23.35756],[82.11848,23.35494],[82.12203,23.35314],[82.12603,23.35359],[82.13664,23.36014],[82.14008,23.36128],[82.1454,23.36094],[82.15038,23.35354],[82.15279,23.34836],[82.15888,23.34473],[82.16115,23.34163],[82.1631,23.33465],[82.16565,23.33249],[82.16764,23.33135],[82.1866,23.32625],[82.19186,23.32609],[82.19342,23.3246],[82.19507,23.32144],[82.19755,23.31076],[82.19641,23.30797],[82.19746,23.30272],[82.19635,23.29761],[82.19455,23.29423],[82.19454,23.28949],[82.19701,23.28385],[82.19395,23.27693],[82.19175,23.27453],[82.1816,23.27175],[82.17737,23.26945],[82.17568,23.2667],[82.17409,23.26067],[82.1674,23.2522],[82.16708,23.24844],[82.16126,23.24525],[82.15453,23.23122],[82.15001,23.227],[82.15045,23.22168],[82.15389,23.21316],[82.15419,23.20877],[82.1481,23.19741],[82.14771,23.18971],[82.1452,23.18748],[82.14452,23.18216],[82.14498,23.17956],[82.14846,23.17786],[82.14924,23.17411],[82.14543,23.16771],[82.14485,23.16435],[82.14764,23.16311],[82.15246,23.16252],[82.1589,23.15995],[82.16127,23.15743],[82.16158,23.15055],[82.15857,23.14116],[82.14028,23.13104],[82.13848,23.12837],[82.13713,23.1245],[82.13674,23.11347],[82.13575,23.11156],[82.12688,23.10691],[82.12338,23.10324],[82.11703,23.10493],[82.10915,23.10793],[82.09341,23.10865],[82.08668,23.11149],[82.08301,23.11154],[82.07939,23.11299],[82.07662,23.11427],[82.07464,23.11621],[82.06888,23.11532],[82.05517,23.10274],[82.05318,23.0985],[82.04702,23.0909],[82.03574,23.08105],[82.03158,23.07951],[82.02365,23.07871],[82.02028,23.07868],[82.0177,23.08],[82.00967,23.07778],[82.00429,23.07968],[82.00004,23.08424],[81.99798,23.08402],[81.99294,23.08548],[81.98966,23.0856],[81.98745,23.08489],[81.98239,23.0811],[81.97964,23.08075],[81.97679,23.07871],[81.97255,23.0797],[81.96876,23.07951],[81.96011,23.07578],[81.94558,23.07712],[81.94498,23.0759],[81.94535,23.06893],[81.94249,23.06618],[81.93358,23.06154],[81.93143,23.05763],[81.92887,23.0468],[81.9259,23.04033],[81.92689,23.03604],[81.93345,23.02791],[81.93452,23.02541],[81.93427,23.02176],[81.93976,23.01681],[81.94469,23.0089],[81.94447,23.00272],[81.946,23.00023],[81.94592,22.99109],[81.94866,22.9844],[81.94987,22.97474],[81.95001,22.96401],[81.9477,22.95658],[81.94071,22.95425],[81.93544,22.95368],[81.93091,22.95066],[81.92132,22.94769],[81.91312,22.93993],[81.90891,22.93254],[81.90234,22.92765],[81.89398,22.92465],[81.88772,22.91934],[81.88204,22.9128],[81.87793,22.91132],[81.86745,22.91446],[81.86939,22.90409],[81.86854,22.89345],[81.86376,22.89036],[81.84302,22.88596],[81.83885,22.88245],[81.83388,22.88175],[81.82809,22.88234],[81.80325,22.8797],[81.79334,22.87653],[81.77682,22.87295],[81.77747,22.85989],[81.77673,22.85064],[81.77225,22.84018],[81.76826,22.83383],[81.769,22.82883],[81.78039,22.80869],[81.7833,22.79969],[81.78181,22.78517],[81.78868,22.7743],[81.79169,22.76623],[81.78553,22.75766],[81.77135,22.74638],[81.77017,22.74113],[81.76989,22.73493],[81.75651,22.73278],[81.75399,22.72611],[81.75572,22.71917],[81.7633,22.69733],[81.77026,22.68506],[81.77335,22.67583],[81.77242,22.66879],[81.77012,22.66332],[81.75629,22.64583],[81.7479,22.6478],[81.7467,22.6611],[81.7443,22.66875],[81.73751,22.67296],[81.73031,22.67589],[81.727,22.66971],[81.72536,22.66342],[81.72145,22.65533],[81.71439,22.64933],[81.70622,22.64557],[81.69575,22.64631],[81.68595,22.64855],[81.6705,22.6324],[81.66389,22.63168],[81.66215,22.62128],[81.65576,22.61967],[81.65087,22.61409],[81.64873,22.60724],[81.64896,22.59181],[81.64747,22.58628],[81.65176,22.58312],[81.65675,22.57583],[81.65602,22.56871],[81.65298,22.56565],[81.64525,22.56186],[81.63983,22.56175],[81.63089,22.56402],[81.62674,22.55831],[81.62674,22.55303],[81.62869,22.54754],[81.62921,22.54359],[81.62312,22.53879],[81.61628,22.5362],[81.60708,22.53547],[81.60005,22.5374],[81.59528,22.54376],[81.59048,22.54427],[81.57706,22.54976],[81.57038,22.55071],[81.56473,22.54659],[81.56462,22.53732],[81.57009,22.53391],[81.56424,22.53188],[81.55449,22.53097],[81.54953,22.52963],[81.54326,22.53294],[81.53529,22.53948],[81.52637,22.53966],[81.52271,22.53643],[81.52197,22.53372],[81.52203,22.52838],[81.51927,22.52322],[81.51386,22.52147],[81.51022,22.52647],[81.50051,22.5193],[81.49904,22.51701],[81.49741,22.50812],[81.49304,22.50304],[81.48713,22.49302],[81.48366,22.49187],[81.47724,22.49368],[81.46794,22.49404],[81.46061,22.4907],[81.45351,22.49553],[81.44534,22.49361],[81.44638,22.49069],[81.45151,22.4867],[81.44808,22.48434],[81.44636,22.47915],[81.4512,22.47836],[81.45061,22.47124],[81.45758,22.47227],[81.45531,22.4671],[81.44974,22.46587],[81.44324,22.46919],[81.44083,22.4774],[81.43905,22.48017],[81.4317,22.47892],[81.42486,22.47331],[81.4251,22.46484],[81.42791,22.45911],[81.42619,22.45392],[81.42138,22.44823],[81.4038,22.44102],[81.39613,22.44454],[81.39344,22.45084],[81.39031,22.46226],[81.39208,22.47747],[81.38794,22.48497],[81.3864,22.493],[81.38687,22.49752],[81.38599,22.5049],[81.38051,22.51032],[81.37376,22.51393],[81.36904,22.51495],[81.36295,22.5128],[81.35521,22.51364],[81.33914,22.52189],[81.33019,22.52385],[81.32664,22.51905],[81.32206,22.51542],[81.32139,22.49915],[81.32315,22.48926],[81.31121,22.48131],[81.30503,22.48612],[81.29894,22.48884],[81.28745,22.49832],[81.28271,22.49894],[81.2787,22.49535],[81.27398,22.49365],[81.26769,22.49306],[81.26345,22.48757],[81.26273,22.472],[81.24761,22.4587],[81.24032,22.45466],[81.23077,22.45113],[81.2256,22.45116],[81.21697,22.45335],[81.20933,22.45626],[81.20138,22.46156],[81.20225,22.46723],[81.20045,22.47317],[81.19985,22.48193],[81.19408,22.48865],[81.19408,22.48865],[81.18727,22.48958],[81.17786,22.48742],[81.17127,22.48134],[81.16502,22.47391],[81.15527,22.4553],[81.14122,22.45143],[81.12993,22.44704],[81.11717,22.44054],[81.11208,22.43223],[81.11064,22.42153],[81.11181,22.41027],[81.10982,22.39076],[81.10812,22.38274],[81.11401,22.36172],[81.11771,22.35255],[81.12281,22.34366],[81.11917,22.33422],[81.11642,22.32922],[81.11761,22.32109],[81.12186,22.3122],[81.12216,22.30287],[81.12099,22.29402],[81.10398,22.27711],[81.09893,22.26752],[81.09181,22.24643],[81.07972,22.24141],[81.07637,22.24593],[81.06994,22.24651],[81.06164,22.24352],[81.05599,22.24384],[81.04756,22.24022],[81.04344,22.23737],[81.02656,22.22884],[81.02282,22.21986],[81.02289,22.21378],[81.02632,22.20746],[81.03059,22.20252],[81.03288,22.19739],[81.03187,22.19282],[81.03222,22.18853],[81.02862,22.18674],[81.02263,22.18811],[81.0188,22.18371],[81.02039,22.1772],[81.02425,22.17076],[81.02616,22.16499],[81.02472,22.15361],[81.02451,22.14005],[81.02289,22.13249],[81.01226,22.13249],[80.99993,22.13128],[80.99378,22.13063],[80.98052,22.12344],[80.97884,22.12124],[80.97789,22.11442],[80.97934,22.11166],[80.9814,22.11114],[80.98376,22.11258],[80.98729,22.11258],[80.99433,22.11043],[80.99734,22.10886],[80.99991,22.10499],[81.00715,22.10064],[81.01077,22.09671],[81.01104,22.09428],[81.007,22.08948],[81.0045,22.08071],[81.01135,22.06988],[81.00625,22.06137],[80.9999,22.05753],[80.99825,22.05795],[80.99681,22.05636],[80.99516,22.05208],[80.99483,22.04836],[80.98967,22.04883],[80.98592,22.04818],[80.98073,22.05162],[80.9789,22.05414],[80.97047,22.05819],[80.96915,22.06176],[80.97281,22.07898],[80.97259,22.08179],[80.96459,22.09693],[80.95759,22.11274],[80.95261,22.11721],[80.94599,22.11874],[80.93185,22.12038],[80.9242,22.12059],[80.91789,22.11885],[80.91314,22.11414],[80.90521,22.10104],[80.90179,22.07625],[80.89826,22.06572],[80.89546,22.06216],[80.89203,22.06047],[80.88598,22.06036],[80.88365,22.05656],[80.88439,22.05047],[80.87715,22.03836],[80.87598,22.03337],[80.87654,22.01631],[80.87562,22.01102],[80.86634,21.99995],[80.86632,21.99758],[80.86542,21.99526],[80.86421,21.99307],[80.86343,21.99169],[80.86248,21.98863],[80.86158,21.98707],[80.86015,21.98332],[80.86011,21.98113],[80.85953,21.97825],[80.8587,21.97496],[80.85738,21.97266],[80.85551,21.96987],[80.85444,21.96676],[80.85374,21.96348],[80.85279,21.96077],[80.85036,21.95827],[80.84639,21.9576],[80.84284,21.95747],[80.83879,21.95778],[80.83585,21.9573],[80.83152,21.95669],[80.82868,21.95804],[80.82721,21.95797],[80.82545,21.95663],[80.82659,21.95342],[80.82802,21.95131],[80.82815,21.95044],[80.82921,21.94821],[80.83039,21.94718],[80.83327,21.94697],[80.83596,21.94688],[80.83774,21.94706],[80.83884,21.94731],[80.84038,21.94651],[80.84203,21.94077],[80.84262,21.93692],[80.84355,21.93555],[80.84354,21.9317],[80.8429,21.92784],[80.84152,21.92592],[80.83953,21.92165],[80.83839,21.92003],[80.83706,21.91834],[80.83399,21.91349],[80.83321,21.91187],[80.83153,21.90835],[80.83244,21.90381],[80.83079,21.89782],[80.83155,21.89465],[80.83123,21.89097],[80.83106,21.8893],[80.83243,21.88661],[80.83711,21.88475],[80.8384,21.88424],[80.84105,21.88248],[80.8436,21.87853],[80.84658,21.87538],[80.84667,21.87158],[80.84462,21.86881],[80.84366,21.86701],[80.84401,21.86248],[80.84693,21.85882],[80.84817,21.85646],[80.84742,21.85277],[80.84468,21.85183],[80.84132,21.85071],[80.83987,21.84909],[80.83868,21.84621],[80.83929,21.84016],[80.83981,21.83753],[80.84069,21.83483],[80.84287,21.83219],[80.84409,21.83181],[80.84465,21.82992],[80.84466,21.8299],[80.84359,21.82725],[80.84258,21.82459],[80.84078,21.82026],[80.84002,21.81698],[80.83938,21.81387],[80.83881,21.81064],[80.8387,21.80874],[80.83868,21.80489],[80.83688,21.80078],[80.83496,21.79691],[80.83248,21.79459],[80.83087,21.79102],[80.82809,21.78708],[80.82781,21.78489],[80.82741,21.78236],[80.82617,21.77826],[80.82522,21.77612],[80.82382,21.77433],[80.82144,21.76844],[80.82053,21.76762],[80.81854,21.7641],[80.8176,21.76116],[80.81745,21.75857],[80.8173,21.75551],[80.81863,21.75097],[80.81817,21.74764],[80.81512,21.74658],[80.8106,21.7462],[80.80596,21.74547],[80.8028,21.74441],[80.79956,21.74335],[80.79542,21.74141],[80.78969,21.7397],[80.78405,21.74098],[80.78377,21.74443],[80.78077,21.74993],[80.77677,21.75214],[80.77337,21.75521],[80.76905,21.75801],[80.7657,21.75723],[80.7616,21.75708],[80.75658,21.75778],[80.75198,21.75833],[80.74991,21.75802],[80.74699,21.75655],[80.74537,21.7536],[80.74393,21.75072],[80.74177,21.74771],[80.73794,21.73928],[80.73584,21.73523],[80.73325,21.73112],[80.73273,21.72957],[80.73265,21.72587],[80.7314,21.72259],[80.73081,21.71982],[80.73035,21.71757],[80.73006,21.71573],[80.72959,21.71457],[80.72684,21.71374],[80.72546,21.71195],[80.72664,21.70988],[80.72894,21.70743],[80.73085,21.70595],[80.73184,21.70446],[80.73224,21.70113],[80.73203,21.69842],[80.73186,21.6979],[80.73068,21.69374],[80.72906,21.69074],[80.7272,21.68791],[80.7257,21.68496],[80.72474,21.68322],[80.72324,21.68096],[80.72204,21.67882],[80.72101,21.67743],[80.71981,21.67599],[80.71883,21.675],[80.71781,21.67424],[80.71616,21.67377],[80.71429,21.67174],[80.71566,21.66951],[80.71696,21.6679],[80.71637,21.66588],[80.71443,21.66425],[80.71477,21.66213],[80.71527,21.66116],[80.71602,21.65834],[80.71672,21.65633],[80.71743,21.65387],[80.71738,21.6526],[80.71815,21.64926],[80.71928,21.64634],[80.72156,21.64515],[80.72377,21.64448],[80.72603,21.64386],[80.72742,21.64088],[80.72648,21.63685],[80.72661,21.63604],[80.72718,21.63444],[80.72789,21.6307],[80.7281,21.62806],[80.72905,21.62524],[80.72938,21.623],[80.72831,21.62074],[80.72859,21.61747],[80.72684,21.61487],[80.72474,21.61271],[80.72311,21.60983],[80.72045,21.60767],[80.71777,21.6065],[80.71632,21.60424],[80.71594,21.60101],[80.71627,21.59837],[80.71607,21.59474],[80.71597,21.59267],[80.71606,21.59008],[80.71616,21.58703],[80.71648,21.58508],[80.71857,21.58348],[80.71945,21.58245],[80.72062,21.5816],[80.7229,21.57983],[80.72384,21.57772],[80.72515,21.57507],[80.72577,21.57387],[80.72647,21.57181],[80.72614,21.56847],[80.72416,21.56534],[80.72302,21.56343],[80.72206,21.56187],[80.72075,21.55898],[80.72047,21.55604],[80.72183,21.5549],[80.72626,21.55235],[80.7278,21.55104],[80.73103,21.54709],[80.73276,21.54457],[80.73499,21.54217],[80.73666,21.54041],[80.73759,21.53909],[80.73775,21.53581],[80.73681,21.53183],[80.73526,21.52853],[80.73395,21.52576],[80.73276,21.52259],[80.73171,21.51866],[80.73136,21.51659],[80.73128,21.51227],[80.73119,21.50968],[80.73123,21.5064],[80.73157,21.50266],[80.7307,21.49915],[80.7289,21.49608],[80.72926,21.49125],[80.73119,21.48838],[80.73276,21.48482],[80.7342,21.48121],[80.73516,21.47736],[80.73585,21.47507],[80.73716,21.47253],[80.73605,21.46874],[80.73463,21.46378],[80.73317,21.45835],[80.73084,21.45367],[80.72813,21.4499],[80.72494,21.4459],[80.72174,21.44277],[80.71903,21.43993],[80.71509,21.43673],[80.71115,21.43415],[80.70855,21.43189],[80.70594,21.43025],[80.70445,21.42771],[80.70456,21.42311],[80.70545,21.41965],[80.70618,21.41466],[80.70506,21.41171],[80.70398,21.40912],[80.702,21.40627],[80.69979,21.40199],[80.70025,21.39872],[80.70019,21.39434],[80.69854,21.38874],[80.69638,21.38481],[80.69472,21.38065],[80.69274,21.37741],[80.69108,21.3732],[80.68788,21.36977],[80.68517,21.36681],[80.68209,21.36414],[80.67842,21.35915],[80.67688,21.35482],[80.67537,21.34917],[80.67328,21.34489],[80.67185,21.34154],[80.66982,21.33795],[80.66819,21.33609],[80.6668,21.33504],[80.66342,21.33138],[80.65866,21.3318],[80.65733,21.33053],[80.65518,21.327],[80.65128,21.32609],[80.64507,21.32547],[80.64043,21.32479],[80.63867,21.32432],[80.63521,21.32319],[80.63179,21.32241],[80.63015,21.32206],[80.62755,21.32076],[80.62463,21.31976],[80.61985,21.32092],[80.61783,21.32229],[80.61696,21.3232],[80.61536,21.32451],[80.61218,21.32488],[80.6092,21.32429],[80.60627,21.3238],[80.60425,21.32406],[80.60003,21.32535],[80.59812,21.32729],[80.59632,21.32889],[80.59356,21.33001],[80.58994,21.33171],[80.58875,21.33486],[80.58927,21.33775],[80.58848,21.34211],[80.58713,21.34262],[80.58474,21.34352],[80.58229,21.34431],[80.57861,21.34611],[80.57594,21.34494],[80.57321,21.3433],[80.57101,21.34328],[80.5682,21.34382],[80.56738,21.34595],[80.56667,21.34905],[80.56487,21.35151],[80.56521,21.35364],[80.56794,21.35488],[80.57061,21.35622],[80.57101,21.35836],[80.56653,21.36085],[80.56585,21.3616],[80.56505,21.36176],[80.56205,21.36317],[80.55707,21.3652],[80.5526,21.36671],[80.55106,21.36773],[80.54776,21.36857],[80.54647,21.36896],[80.54371,21.36957],[80.54105,21.37248],[80.53992,21.37528],[80.53886,21.37769],[80.53655,21.38136],[80.53368,21.38208],[80.53102,21.38412],[80.52848,21.38773],[80.52719,21.38864],[80.52625,21.38996],[80.52331,21.3909],[80.52153,21.3914],[80.51823,21.39223],[80.51567,21.39146],[80.5125,21.39109],[80.50969,21.39094],[80.50737,21.39115],[80.50313,21.3933],[80.50025,21.39459],[80.49668,21.3967],[80.49228,21.39797],[80.49075,21.39761],[80.48824,21.3973],[80.48576,21.39625],[80.48241,21.39506],[80.48155,21.39608],[80.48065,21.39964],[80.47814,21.39617],[80.47496,21.39556],[80.47355,21.39589],[80.47111,21.39622],[80.46964,21.39666],[80.46695,21.39732],[80.46314,21.39902],[80.46153,21.39998],[80.46012,21.40066],[80.45747,21.40265],[80.45509,21.40262],[80.45441,21.39876],[80.45384,21.39587],[80.45235,21.39287],[80.45104,21.39084],[80.44997,21.3883],[80.45006,21.38496],[80.4505,21.38001],[80.45042,21.37672],[80.44972,21.37413],[80.44717,21.37243],[80.44401,21.37171],[80.44237,21.37158],[80.4403,21.3715],[80.43723,21.37222],[80.43434,21.37323],[80.43361,21.37339],[80.4317,21.37481],[80.42974,21.37554],[80.42772,21.37598],[80.42436,21.37595],[80.42083,21.37557],[80.41704,21.37576],[80.4152,21.37638],[80.4133,21.3767],[80.41118,21.3761],[80.41013,21.37678],[80.40871,21.37809],[80.40785,21.37854],[80.40611,21.38077],[80.40466,21.38438],[80.40327,21.38811],[80.40064,21.3924],[80.39827,21.39688],[80.39656,21.40111],[80.39579,21.40456],[80.39581,21.40761],[80.39664,21.40912],[80.4002,21.41289],[80.40352,21.41558],[80.40598,21.41813],[80.4067,21.4197],[80.40476,21.4233],[80.40565,21.42515],[80.40836,21.42829],[80.41101,21.43091],[80.41276,21.43265],[80.41535,21.43504],[80.41699,21.43661],[80.41806,21.43841],[80.4173,21.44036],[80.41622,21.4438],[80.41501,21.44741],[80.41318,21.45137],[80.41211,21.45458],[80.41141,21.45653],[80.41126,21.45878],[80.41042,21.46147],[80.40899,21.46353],[80.40769,21.46558],[80.40578,21.46655],[80.40332,21.46739],[80.40204,21.46801],[80.39884,21.46953],[80.39668,21.47106],[80.3936,21.47356],[80.39118,21.47647],[80.39041,21.47911],[80.38945,21.48256],[80.38844,21.48491],[80.38694,21.48737],[80.38533,21.48942],[80.3844,21.49022],[80.38253,21.49103],[80.38207,21.49123],[80.38167,21.49296],[80.38159,21.49492],[80.38157,21.496],[80.38128,21.49905],[80.38095,21.50118],[80.38062,21.50313],[80.3806,21.50515],[80.38029,21.50951],[80.37921,21.51284],[80.3779,21.5152],[80.37758,21.51713],[80.37753,21.51792],[80.37734,21.521],[80.37596,21.52294],[80.37435,21.52471],[80.37256,21.52637],[80.36892,21.52851],[80.36364,21.53082],[80.35861,21.53301],[80.35313,21.53572],[80.34901,21.5374],[80.34637,21.53789],[80.34471,21.53874],[80.34187,21.54072],[80.33966,21.5422],[80.33768,21.54367],[80.33639,21.54441],[80.3341,21.54606],[80.33114,21.54868],[80.33228,21.5503],[80.33397,21.5517],[80.33578,21.55361],[80.3368,21.55466],[80.33647,21.55626],[80.33529,21.55821],[80.33417,21.55958],[80.33298,21.56153],[80.33135,21.56404],[80.32954,21.56736],[80.32809,21.57051],[80.32689,21.5735],[80.32554,21.57446],[80.32362,21.57559],[80.31969,21.57699],[80.31657,21.57724],[80.31432,21.57664],[80.31005,21.57602],[80.30577,21.57529],[80.30206,21.57536],[80.2986,21.57791],[80.29694,21.5825],[80.29647,21.58577],[80.29577,21.5883],[80.29532,21.58951],[80.29467,21.59214],[80.29325,21.59329],[80.2895,21.59496],[80.28648,21.59597],[80.28211,21.59892],[80.28041,21.60246],[80.27906,21.60694],[80.27755,21.61044],[80.27166,21.61636],[80.2669,21.61993],[80.26329,21.62007],[80.26194,21.62051],[80.25874,21.62203],[80.25428,21.62228],[80.24935,21.62027],[80.24678,21.62029],[80.24262,21.62054],[80.23871,21.62021],[80.23352,21.61986],[80.22723,21.61938],[80.22294,21.62009],[80.22128,21.62099],[80.21867,21.62396],[80.21705,21.62601],[80.21462,21.62938],[80.21132,21.63326],[80.20702,21.63441],[80.20177,21.63464],[80.19872,21.63432],[80.19603,21.63395],[80.19482,21.6339],[80.19281,21.63237],[80.1918,21.63035],[80.1903,21.6282],[80.18898,21.62674],[80.18692,21.62522],[80.18334,21.62363],[80.18151,21.62366],[80.17998,21.62382],[80.17772,21.62344],[80.17553,21.6229],[80.17159,21.62141],[80.16868,21.61919],[80.16651,21.6172],[80.16332,21.61382],[80.16158,21.6115],[80.15923,21.6094],[80.15658,21.60712],[80.15446,21.606],[80.15051,21.60468],[80.14727,21.60442],[80.14409,21.60489],[80.13955,21.6053],[80.13279,21.60798],[80.13065,21.6083],[80.12802,21.60873],[80.12515,21.60857],[80.12151,21.60669],[80.11942,21.60344],[80.11897,21.60049],[80.11876,21.59922],[80.11813,21.59616],[80.11646,21.59309],[80.11447,21.5918],[80.11216,21.59079],[80.10864,21.58908],[80.10694,21.58843],[80.10529,21.58835],[80.10287,21.58711],[80.10056,21.58598],[80.09984,21.58505],[80.09736,21.58324],[80.09622,21.58196],[80.09322,21.57824],[80.09137,21.57586],[80.08856,21.57145],[80.0853,21.56809],[80.08355,21.56646],[80.08162,21.56483],[80.07986,21.56355],[80.07769,21.56169],[80.07655,21.56007],[80.07498,21.55816],[80.07312,21.55654],[80.07008,21.55428],[80.06865,21.55393],[80.0677,21.5537],[80.06617,21.55341],[80.06372,21.55329],[80.06071,21.55323],[80.05726,21.5538],[80.05659,21.5538],[80.05468,21.55383],[80.05208,21.55442],[80.05054,21.55482],[80.04807,21.55592],[80.04491,21.55652],[80.04089,21.55713],[80.03848,21.55722],[80.03472,21.557],[80.03267,21.55631],[80.02914,21.55347],[80.02562,21.55045],[80.02337,21.5485],[80.02114,21.54701],[80.01871,21.54564],[80.01648,21.54424],[80.01395,21.54223],[80.01123,21.54053],[80.00855,21.53863],[80.00466,21.5363],[80.00316,21.53497],[80.00001,21.53437],[79.99204,21.53643],[79.97823,21.55472],[79.9727,21.55687],[79.9679,21.55759],[79.95353,21.55483],[79.94282,21.55637],[79.93746,21.55519],[79.93359,21.5533],[79.92765,21.54577],[79.92472,21.53989],[79.92223,21.52415],[79.92222,21.52408],[79.90758,21.52395],[79.89868,21.52284],[79.89614,21.52345],[79.89222,21.5292],[79.88306,21.52802],[79.87825,21.5291],[79.86344,21.53045],[79.86112,21.53206],[79.85691,21.53705],[79.84789,21.54133],[79.83137,21.5462],[79.82453,21.55847],[79.81799,21.56374],[79.8095,21.57206],[79.79812,21.58081],[79.77509,21.5898],[79.75118,21.5972],[79.73889,21.60185],[79.72008,21.59044],[79.71242,21.59021],[79.70558,21.59162],[79.70004,21.59026],[79.69745,21.58719],[79.69557,21.58295],[79.69107,21.58],[79.66916,21.579],[79.66434,21.57662],[79.66015,21.56276],[79.65681,21.55812],[79.65368,21.55648],[79.64693,21.55478],[79.64046,21.55425],[79.63152,21.55415],[79.62297,21.55648],[79.61487,21.55521],[79.60554,21.55004],[79.60105,21.54893],[79.59566,21.54883],[79.58227,21.54262],[79.57747,21.54306],[79.56642,21.54726],[79.5535,21.54353],[79.54271,21.54344],[79.54031,21.54739],[79.53998,21.54997],[79.54216,21.55418],[79.54561,21.56439],[79.54364,21.56818],[79.53823,21.57216],[79.53375,21.57397],[79.5278,21.57948],[79.51674,21.58231],[79.51189,21.5894],[79.51288,21.60151],[79.50914,21.60662],[79.50425,21.61147],[79.50719,21.61874],[79.5093,21.62145],[79.5108,21.62236],[79.51456,21.62195],[79.51854,21.62558],[79.5177,21.63021],[79.51566,21.63244],[79.5087,21.63367],[79.50634,21.63958],[79.50721,21.64478],[79.50536,21.6469],[79.50344,21.65098],[79.50061,21.65957],[79.49695,21.66273],[79.49572,21.66482],[79.49462,21.67312],[79.46454,21.68628],[79.45704,21.68329],[79.44675,21.68119],[79.43825,21.68243],[79.43395,21.6842],[79.42898,21.6895],[79.42177,21.69037],[79.41738,21.68989],[79.4137,21.68449],[79.40643,21.67857],[79.40307,21.67456],[79.40072,21.67351],[79.38903,21.6743],[79.36773,21.67841],[79.35493,21.67778],[79.35425,21.68328],[79.34854,21.68338],[79.32804,21.68723],[79.32614,21.68545],[79.32323,21.68467],[79.29067,21.69272],[79.28265,21.69902],[79.28063,21.70401],[79.27762,21.70782],[79.27072,21.71369],[79.2635,21.71628],[79.2345,21.72266],[79.23389,21.72063],[79.23475,21.71922],[79.24058,21.71394],[79.22768,21.69934],[79.22672,21.69534],[79.22397,21.68002],[79.22596,21.67578],[79.23035,21.67466],[79.23262,21.67318],[79.2342,21.67018],[79.23274,21.65645],[79.22737,21.65571],[79.22569,21.64962],[79.2224,21.649],[79.19195,21.65321],[79.15356,21.65926],[79.15285,21.6553],[79.14679,21.63829],[79.14278,21.63561],[79.13342,21.62682],[79.11691,21.62432],[79.10484,21.61765],[79.10438,21.61507],[79.10514,21.61103],[79.10978,21.60813],[79.10378,21.60161],[79.09769,21.6022],[79.09374,21.59796],[79.08719,21.60591],[79.08171,21.60643],[79.05635,21.60267],[79.05352,21.60442],[79.04853,21.60344],[79.03654,21.60433],[79.01512,21.60021],[79.01135,21.60272],[79.00555,21.60849],[79.00293,21.61445],[79.00001,21.61743],[78.98702,21.61582],[78.98029,21.61621],[78.96779,21.60454],[78.95136,21.5947],[78.94584,21.59243],[78.93451,21.59329],[78.92813,21.59125],[78.91869,21.591],[78.91762,21.58383],[78.91709,21.56957],[78.91979,21.56831],[78.92536,21.56764],[78.93385,21.56312],[78.93329,21.55898],[78.92944,21.55884],[78.91817,21.56181],[78.91455,21.56043],[78.90987,21.55352],[78.92723,21.5419],[78.93003,21.5374],[78.92885,21.5318],[78.92888,21.52253],[78.93169,21.52039],[78.94179,21.51814],[78.94416,21.51605],[78.94611,21.51247],[78.94237,21.5092],[78.93925,21.49117],[78.93728,21.48619],[78.92602,21.48641],[78.91335,21.49301],[78.90816,21.49677],[78.90118,21.49932],[78.8959,21.49698],[78.89078,21.48434],[78.88525,21.48372],[78.88054,21.48667],[78.85691,21.49442],[78.85309,21.49018],[78.84953,21.48869],[78.83329,21.48866],[78.8287,21.48981],[78.82458,21.48833],[78.81846,21.48743],[78.8154,21.48955],[78.79811,21.48854],[78.79498,21.48717],[78.7899,21.48781],[78.78546,21.47949],[78.78233,21.47777],[78.78078,21.4722],[78.77746,21.46582],[78.76963,21.47296],[78.76604,21.48336],[78.76629,21.48841],[78.75576,21.4894],[78.75172,21.49251],[78.74563,21.48235],[78.74408,21.47156],[78.74034,21.47007],[78.73494,21.47002],[78.72939,21.46304],[78.72498,21.46327],[78.7191,21.4666],[78.70907,21.46983],[78.7068,21.47333],[78.70092,21.47305],[78.70135,21.47603],[78.69713,21.47729],[78.69346,21.47747],[78.68958,21.47656],[78.68923,21.48057],[78.66931,21.47932],[78.66423,21.47748],[78.65578,21.48139],[78.64867,21.48282],[78.64254,21.48277],[78.63555,21.4799],[78.6304,21.47639],[78.62604,21.47611],[78.62115,21.48007],[78.61044,21.48691],[78.60608,21.4857],[78.60369,21.48335],[78.5983,21.48622],[78.5899,21.48541],[78.58623,21.48816],[78.57828,21.49701],[78.57031,21.50447],[78.5697,21.5078],[78.57155,21.51418],[78.56505,21.51308],[78.5615,21.51429],[78.5574,21.51785],[78.55145,21.51842],[78.54226,21.52301],[78.53332,21.52306],[78.5297,21.52427],[78.52504,21.52381],[78.51352,21.52685],[78.50928,21.52512],[78.50702,21.52506],[78.50285,21.52138],[78.50094,21.51639],[78.49567,21.51639],[78.49053,21.51047],[78.48831,21.50617],[78.48531,21.50455],[78.47698,21.50535],[78.4758,21.50329],[78.47017,21.50196],[78.46655,21.50196],[78.4641,21.50304],[78.46116,21.50287],[78.45907,21.49673],[78.45656,21.49575],[78.44952,21.50033],[78.44345,21.50217],[78.43493,21.50015],[78.43512,21.50756],[78.43702,21.51829],[78.43267,21.52512],[78.43169,21.52857],[78.43236,21.53667],[78.43035,21.54062],[78.42678,21.54418],[78.42544,21.54711],[78.42556,21.55313],[78.4271,21.56203],[78.42391,21.5699],[78.42078,21.57139],[78.41833,21.57604],[78.42067,21.58644],[78.42741,21.60022],[78.42411,21.60257],[78.4157,21.60486],[78.40932,21.60835],[78.40387,21.60933],[78.39737,21.60834],[78.39412,21.6088],[78.38835,21.61487],[78.3843,21.61688],[78.3805,21.61567],[78.37646,21.61326],[78.37682,21.609],[78.38241,21.59385],[78.37891,21.58823],[78.37081,21.58018],[78.36573,21.57656],[78.35942,21.57517],[78.35242,21.57711],[78.34678,21.58112],[78.34151,21.58875],[78.33318,21.57941],[78.32767,21.57562],[78.32344,21.57383],[78.31351,21.57192],[78.30879,21.56967],[78.30652,21.5711],[78.30645,21.57862],[78.30467,21.58327],[78.28628,21.58496],[78.27572,21.59114],[78.27076,21.59246],[78.26683,21.59193],[78.26223,21.59002],[78.25978,21.58801],[78.26003,21.58343],[78.26316,21.58009],[78.27365,21.57293],[78.27487,21.57058],[78.2739,21.56892],[78.25115,21.56221],[78.24331,21.56368],[78.23124,21.55464],[78.22002,21.55192],[78.18544,21.55683],[78.18177,21.55487],[78.17723,21.55147],[78.1751,21.54038],[78.17616,21.53395],[78.17555,21.52694],[78.17248,21.52423],[78.18213,21.51254],[78.17583,21.50673],[78.17504,21.50029],[78.17381,21.49673],[78.14724,21.48035],[78.13163,21.47164],[78.11345,21.46241],[78.10511,21.45919],[78.09685,21.45425],[78.08289,21.44394],[78.06801,21.43709],[78.05534,21.43526],[78.04775,21.43326],[78.03338,21.42359],[78.02382,21.41882],[78.01128,21.41663],[78.00865,21.41411],[78.00392,21.41439],[78.00002,21.412],[77.98444,21.40103],[77.9757,21.3996],[77.96408,21.39965],[77.94522,21.39716],[77.94286,21.38513],[77.93584,21.38404],[77.92897,21.38428],[77.92232,21.38296],[77.91581,21.38098],[77.90956,21.37778],[77.90308,21.37662],[77.89633,21.37725],[77.89067,21.37863],[77.88588,21.37589],[77.8874,21.38368],[77.8672,21.3863],[77.8587,21.38889],[77.85056,21.39227],[77.83786,21.39966],[77.82193,21.40685],[77.8084,21.41011],[77.80325,21.41042],[77.79986,21.40438],[77.79784,21.39774],[77.79731,21.38888],[77.79397,21.38738],[77.78937,21.38752],[77.78039,21.38616],[77.76888,21.38279],[77.76522,21.38255],[77.76071,21.38453],[77.75373,21.38383],[77.75027,21.38233],[77.74716,21.37819],[77.74214,21.36476],[77.73764,21.36285],[77.72864,21.36227],[77.70895,21.3572],[77.70887,21.37156],[77.70807,21.3758],[77.69925,21.37586],[77.69631,21.37874],[77.69795,21.39262],[77.69725,21.39461],[77.69484,21.39514],[77.69197,21.3948],[77.68477,21.38357],[77.67367,21.37101],[77.67088,21.36958],[77.66845,21.37172],[77.66673,21.37553],[77.667,21.3837],[77.66574,21.38604],[77.65521,21.38825],[77.65461,21.39145],[77.64952,21.39142],[77.64619,21.38946],[77.64508,21.38674],[77.64282,21.386],[77.63979,21.38755],[77.6329,21.38903],[77.61877,21.3887],[77.61502,21.39185],[77.6051,21.3916],[77.60274,21.39058],[77.60421,21.38716],[77.60421,21.38394],[77.60559,21.38225],[77.60935,21.36841],[77.60837,21.36506],[77.60503,21.36333],[77.59053,21.36581],[77.58796,21.36254],[77.58432,21.36718],[77.57952,21.36852],[77.57438,21.3713],[77.56881,21.37067],[77.56599,21.37142],[77.55988,21.38015],[77.5577,21.38838],[77.55869,21.39081],[77.56271,21.39228],[77.56238,21.39618],[77.55529,21.40167],[77.54873,21.40539],[77.54755,21.40939],[77.53058,21.419],[77.52857,21.40907],[77.52526,21.40286],[77.52412,21.39169],[77.52261,21.38781],[77.51735,21.3842],[77.51587,21.38164],[77.51392,21.37477],[77.50511,21.37724],[77.49038,21.37574],[77.48634,21.38836],[77.48752,21.39649],[77.48511,21.41362],[77.48047,21.41881],[77.47637,21.43062],[77.47255,21.43497],[77.47219,21.44083],[77.47311,21.44659],[77.47192,21.45082],[77.47264,21.4548],[77.46049,21.46496],[77.45712,21.46518],[77.45223,21.46755],[77.44163,21.47079],[77.44115,21.47606],[77.43844,21.47951],[77.44068,21.48139],[77.44252,21.48717],[77.43442,21.50006],[77.42408,21.5141],[77.42209,21.51865],[77.42025,21.53086],[77.4232,21.53649],[77.42681,21.54035],[77.43226,21.54345],[77.43519,21.5442],[77.4454,21.54245],[77.44998,21.5434],[77.4536,21.54618],[77.45366,21.54974],[77.45531,21.5534],[77.46086,21.55437],[77.46811,21.55377],[77.47213,21.55229],[77.48742,21.5511],[77.50781,21.55249],[77.51071,21.54863],[77.51537,21.54534],[77.53266,21.53861],[77.53882,21.53689],[77.54423,21.53676],[77.55691,21.53403],[77.57052,21.52762],[77.58144,21.52709],[77.59282,21.52823],[77.59847,21.53104],[77.61073,21.54064],[77.60936,21.54877],[77.59426,21.55945],[77.58909,21.55666],[77.57765,21.55535],[77.57455,21.56046],[77.57356,21.56762],[77.5738,21.57348],[77.57578,21.58548],[77.5735,21.60892],[77.57174,21.614],[77.5714,21.61883],[77.57455,21.62129],[77.5749,21.62481],[77.56911,21.63279],[77.56394,21.64293],[77.56111,21.65332],[77.56215,21.66638],[77.55408,21.67398],[77.55092,21.67927],[77.54923,21.68377],[77.54813,21.69012],[77.54575,21.6987],[77.53947,21.70593],[77.53694,21.71036],[77.52964,21.71268],[77.52697,21.71119],[77.52457,21.71178],[77.52235,21.7188],[77.52143,21.72465],[77.51187,21.7329],[77.50955,21.73883],[77.50334,21.7425],[77.50037,21.7468],[77.49231,21.74785],[77.47933,21.75547],[77.47862,21.76332],[77.48048,21.76554],[77.48123,21.7678],[77.47893,21.76902],[77.47483,21.76882],[77.46212,21.76575],[77.45605,21.7619],[77.45331,21.76098],[77.44729,21.76109],[77.44191,21.76029],[77.41634,21.7553],[77.40447,21.75374],[77.37921,21.75466],[77.35663,21.75701],[77.34553,21.75937],[77.34063,21.7591],[77.32917,21.7549],[77.32451,21.75457],[77.31206,21.75718],[77.29682,21.75745],[77.2894,21.76027],[77.2831,21.75877],[77.28019,21.75732],[77.2814,21.74667],[77.28541,21.74566],[77.28759,21.74398],[77.28622,21.73918],[77.28641,21.73603],[77.29001,21.73398],[77.28894,21.72637],[77.28627,21.72178],[77.27045,21.72662],[77.26585,21.72117],[77.2611,21.71338],[77.25823,21.71274],[77.24297,21.71466],[77.22761,21.71543],[77.22624,21.70173],[77.22461,21.69767],[77.22096,21.69599],[77.21319,21.69468],[77.21038,21.69156],[77.20433,21.69388],[77.18727,21.702],[77.19098,21.7201],[77.18676,21.72202],[77.17436,21.72478],[77.17095,21.72328],[77.16796,21.71444],[77.16532,21.71164],[77.16066,21.71093],[77.15038,21.71217],[77.13619,21.71983],[77.12393,21.72285],[77.11699,21.72236],[77.10691,21.72039],[77.09671,21.71712],[77.08653,21.71613],[77.083,21.7162],[77.07805,21.71987],[77.07507,21.72042],[77.07176,21.7193],[77.06477,21.71254],[77.06221,21.70691],[77.03693,21.69802],[77.03182,21.69357],[77.02596,21.69128],[77.02076,21.6883],[77.01276,21.6819],[77.00417,21.67967],[76.99986,21.67912],[76.98121,21.66351],[76.91393,21.61248],[76.90802,21.60206],[76.90347,21.59838],[76.89408,21.59826],[76.86301,21.60984],[76.85441,21.61257],[76.85003,21.61084],[76.84087,21.59805],[76.83576,21.59062],[76.82539,21.59024],[76.80602,21.59437],[76.7975,21.59508],[76.79555,21.59272],[76.79362,21.58497],[76.7857,21.57553],[76.78235,21.56005],[76.78495,21.54906],[76.78668,21.54364],[76.78993,21.53772],[76.78763,21.5329],[76.77738,21.52963],[76.76956,21.52515],[76.76498,21.52025],[76.77229,21.50837],[76.78856,21.49686],[76.79389,21.48753],[76.79226,21.48001],[76.78718,21.47438],[76.78624,21.46415],[76.77783,21.45779],[76.75856,21.4476],[76.74537,21.44082],[76.74038,21.42707],[76.73918,21.413],[76.73402,21.40652],[76.72099,21.39836],[76.67019,21.3672],[76.63034,21.33752],[76.6262,21.33286],[76.62752,21.32751],[76.64142,21.30844],[76.65034,21.29783],[76.6628,21.28023],[76.66191,21.27142],[76.66117,21.25997],[76.66072,21.25109],[76.6602,21.24566],[76.65157,21.24686],[76.64425,21.24557],[76.63895,21.23696],[76.63332,21.22675],[76.63299,21.21351],[76.63321,21.20325],[76.6285,21.19669],[76.62499,21.19054],[76.62162,21.19332],[76.61839,21.19645],[76.6139,21.1938],[76.6072,21.19505],[76.58828,21.19656],[76.57756,21.20154],[76.57668,21.20194],[76.56085,21.20368],[76.54272,21.19416],[76.5306,21.18717],[76.52217,21.1871],[76.49941,21.19401],[76.49248,21.19569],[76.4887,21.19392],[76.48375,21.1861],[76.47957,21.17356],[76.47801,21.15918],[76.47826,21.15321],[76.47617,21.14997],[76.47023,21.14847],[76.46801,21.14518],[76.46824,21.1411],[76.46676,21.13716],[76.45873,21.13625],[76.45715,21.12984],[76.45413,21.12235],[76.4539,21.11281],[76.45105,21.11166],[76.44891,21.1108],[76.44224,21.11006],[76.43866,21.10553],[76.43489,21.10463],[76.41293,21.1052],[76.41054,21.09204],[76.39789,21.08852],[76.39117,21.086],[76.38379,21.07751],[76.38207,21.07702],[76.38064,21.07644],[76.37737,21.07526],[76.373,21.07651],[76.36961,21.07666],[76.36678,21.07702],[76.3623,21.07795],[76.35796,21.07762],[76.33574,21.07514],[76.29794,21.07513],[76.28657,21.07444],[76.28255,21.07325],[76.27855,21.07597],[76.27403,21.08334],[76.27001,21.09088],[76.26287,21.09262],[76.2358,21.09184],[76.22816,21.08938],[76.20931,21.08811],[76.18964,21.08823],[76.18444,21.08787],[76.18135,21.08535],[76.17784,21.08342],[76.17318,21.08253],[76.16918,21.08374],[76.16757,21.0875],[76.16867,21.09115],[76.16981,21.09658],[76.16985,21.09933],[76.16965,21.10164],[76.16901,21.10332],[76.16799,21.10421],[76.16274,21.10787],[76.15197,21.11291],[76.14262,21.11896],[76.13614,21.1241],[76.13464,21.12821],[76.13984,21.13152],[76.14141,21.1339],[76.1404,21.13795],[76.13217,21.15055],[76.1289,21.15457],[76.12455,21.15696],[76.11938,21.15798],[76.11439,21.1625],[76.11476,21.16831],[76.11986,21.17253],[76.12788,21.17577],[76.1312,21.1734],[76.1435,21.17098],[76.1556,21.17041],[76.16146,21.16985],[76.16742,21.16858],[76.16971,21.17233],[76.17123,21.18002],[76.17332,21.18613],[76.16966,21.18971],[76.16649,21.19332],[76.16629,21.19788],[76.16764,21.20141],[76.1683,21.2037],[76.16853,21.20594],[76.16487,21.20963],[76.1621,21.2145],[76.16373,21.21976],[76.16463,21.22197],[76.15992,21.22505],[76.15385,21.22762],[76.14856,21.22944],[76.14608,21.23099],[76.14495,21.23589],[76.14465,21.23927],[76.14468,21.24037],[76.15148,21.24341],[76.15486,21.24693],[76.15867,21.25133],[76.15981,21.25692],[76.15662,21.26099],[76.15445,21.26659],[76.15038,21.27198],[76.14773,21.27913],[76.14557,21.28552],[76.14044,21.28676],[76.13553,21.28925],[76.12981,21.29525],[76.12782,21.30507],[76.12279,21.31936],[76.11651,21.33649],[76.10748,21.35789],[76.09918,21.37161],[76.09555,21.37035],[76.08864,21.36767],[76.0777,21.36195],[76.0661,21.35688],[76.05277,21.3504],[76.04742,21.3529],[76.04239,21.35659],[76.03496,21.36296],[76.02783,21.36583],[76.01629,21.36757],[76.00052,21.37249],[75.99189,21.37377],[75.98512,21.37486],[75.96895,21.39164],[75.9596,21.39386],[75.94814,21.39066],[75.93755,21.39055],[75.93247,21.3892],[75.91662,21.38751],[75.91236,21.38833],[75.90513,21.39331],[75.8971,21.39493],[75.89568,21.39641],[75.88814,21.3973],[75.88215,21.3961],[75.87615,21.39586],[75.87225,21.39318],[75.86817,21.38819],[75.86273,21.38498],[75.85927,21.38498],[75.8513,21.38703],[75.84654,21.38583],[75.84333,21.38714],[75.83252,21.381],[75.81233,21.38502],[75.80529,21.38672],[75.80121,21.38784],[75.79202,21.38691],[75.77357,21.38435],[75.75983,21.3834],[75.75864,21.3832],[75.75437,21.38609],[75.74578,21.38941],[75.74374,21.39089],[75.738,21.39112],[75.73522,21.39041],[75.73257,21.39103],[75.72232,21.38686],[75.72121,21.38869],[75.71343,21.38932],[75.70634,21.38903],[75.69436,21.38727],[75.68924,21.38522],[75.68733,21.38204],[75.68431,21.37995],[75.67796,21.37989],[75.67456,21.37917],[75.6729,21.37807],[75.65826,21.38047],[75.65432,21.37975],[75.64518,21.38019],[75.63925,21.37921],[75.63203,21.3795],[75.62882,21.37896],[75.62617,21.37974],[75.62295,21.38201],[75.62048,21.38561],[75.61889,21.39088],[75.6188,21.39118],[75.60824,21.39273],[75.60226,21.38826],[75.59053,21.38947],[75.58701,21.38663],[75.58413,21.38534],[75.57579,21.38326],[75.58079,21.37859],[75.58049,21.37761],[75.57129,21.37598],[75.56519,21.3769],[75.5634,21.37585],[75.55945,21.37656],[75.56031,21.37892],[75.55901,21.38001],[75.55451,21.3752],[75.5505,21.37321],[75.5473,21.37025],[75.54631,21.37042],[75.54445,21.37355],[75.53909,21.37494],[75.52851,21.38248],[75.52369,21.38491],[75.51535,21.38449],[75.50918,21.38575],[75.49954,21.38933],[75.49546,21.38849],[75.4838,21.38902],[75.46738,21.39196],[75.46454,21.38912],[75.45898,21.39079],[75.45337,21.38982],[75.44898,21.39018],[75.44503,21.38825],[75.44251,21.38879],[75.43516,21.3885],[75.43052,21.39172],[75.4188,21.38805],[75.41219,21.38885],[75.40806,21.38771],[75.40259,21.38157],[75.39969,21.38177],[75.39716,21.38077],[75.39412,21.38246],[75.39184,21.38186],[75.3832,21.38339],[75.38004,21.38542],[75.37738,21.39022],[75.36562,21.3967],[75.36005,21.40102],[75.35668,21.39397],[75.35242,21.39129],[75.33348,21.39248],[75.32539,21.39205],[75.31947,21.39021],[75.3105,21.3931],[75.30718,21.39231],[75.30041,21.38708],[75.30033,21.39024],[75.30168,21.39301],[75.30038,21.41263],[75.29815,21.41347],[75.29013,21.41172],[75.28705,21.40962],[75.27509,21.40668],[75.26545,21.40669],[75.2575,21.40305],[75.25238,21.40397],[75.24606,21.40849],[75.24184,21.41276],[75.23474,21.41492],[75.2306,21.41443],[75.21815,21.40871],[75.20882,21.41206],[75.20572,21.41368],[75.20198,21.41516],[75.19424,21.4207],[75.18625,21.42515],[75.15552,21.43612],[75.14556,21.44119],[75.12786,21.44713],[75.12104,21.45119],[75.11315,21.45742],[75.10469,21.46749],[75.09846,21.48316],[75.0929,21.49166],[75.09069,21.49875],[75.08801,21.51216],[75.08156,21.52358],[75.07633,21.52995],[75.07426,21.53585],[75.07022,21.53948],[75.06301,21.54864],[75.06156,21.55283],[75.05815,21.55715],[75.05572,21.56276],[75.05153,21.56501],[75.02976,21.56714],[75.01571,21.57044],[75.01372,21.57571],[75.01128,21.57902],[75.00263,21.58389],[75.0014,21.58454],[75.00053,21.585],[74.99966,21.58548],[74.99879,21.58596],[74.99793,21.58642],[74.99706,21.58689],[74.99618,21.58734],[74.99529,21.58777],[74.99439,21.58817],[74.99347,21.58855],[74.99255,21.58893],[74.99163,21.58929],[74.99071,21.58966],[74.98979,21.59003],[74.98886,21.59039],[74.98792,21.59074],[74.98699,21.59108],[74.98605,21.59143],[74.98512,21.59176],[74.98418,21.59209],[74.98323,21.5924],[74.98228,21.59271],[74.98133,21.59301],[74.98038,21.5933],[74.97943,21.59358],[74.97847,21.59386],[74.97751,21.59411],[74.97654,21.59436],[74.97558,21.59459],[74.9746,21.5948],[74.97363,21.59501],[74.97265,21.59522],[74.97167,21.59541],[74.97069,21.59559],[74.9697,21.59578],[74.96872,21.59596],[74.96773,21.59614],[74.96675,21.59632],[74.96576,21.5965],[74.96478,21.59668],[74.96379,21.59687],[74.96281,21.59705],[74.96183,21.59725],[74.96085,21.59745],[74.95988,21.59766],[74.9589,21.59788],[74.95793,21.59812],[74.95697,21.59836],[74.956,21.59862],[74.95504,21.59888],[74.95408,21.59914],[74.95312,21.5994],[74.95215,21.59967],[74.9512,21.59994],[74.95024,21.60021],[74.94928,21.60048],[74.94832,21.60076],[74.94737,21.60104],[74.94641,21.60132],[74.94545,21.6016],[74.94449,21.60189],[74.94354,21.60217],[74.94259,21.60246],[74.94164,21.60276],[74.94069,21.60305],[74.93973,21.60334],[74.93878,21.60364],[74.93783,21.60394],[74.93688,21.60423],[74.93593,21.60453],[74.93498,21.60483],[74.93403,21.60514],[74.93308,21.60544],[74.93214,21.60574],[74.93118,21.60605],[74.93024,21.60635],[74.92929,21.60666],[74.92835,21.60696],[74.9274,21.60728],[74.92645,21.60758],[74.92551,21.60789],[74.92456,21.60821],[74.92361,21.60853],[74.92267,21.60885],[74.92173,21.60919],[74.92079,21.60953],[74.91986,21.60988],[74.91893,21.61024],[74.91801,21.61062],[74.9171,21.611],[74.91619,21.6114],[74.9153,21.61181],[74.91442,21.61225],[74.91354,21.6127],[74.91267,21.61317],[74.91179,21.61368],[74.91095,21.61421],[74.91012,21.61477],[74.90932,21.61536],[74.90857,21.61598],[74.90787,21.61664],[74.90723,21.61732],[74.90667,21.61807],[74.9062,21.61889],[74.90578,21.61975],[74.9054,21.62064],[74.90503,21.62153],[74.90465,21.62243],[74.90424,21.62329],[74.90378,21.62412],[74.90323,21.62489],[74.90261,21.62566],[74.90193,21.6264],[74.90117,21.62709],[74.90035,21.62767],[74.89948,21.6281],[74.89854,21.62835],[74.8976,21.62856],[74.89663,21.62873],[74.89566,21.62889],[74.89467,21.62903],[74.89368,21.62915],[74.89268,21.62926],[74.89168,21.62935],[74.89066,21.62943],[74.88965,21.6295],[74.88863,21.62955],[74.88761,21.62959],[74.8866,21.62963],[74.88558,21.62966],[74.88457,21.62967],[74.88356,21.62968],[74.88256,21.62968],[74.88156,21.62967],[74.88057,21.62959],[74.87958,21.62946],[74.87859,21.62929],[74.87761,21.62909],[74.87662,21.62887],[74.87564,21.62866],[74.87465,21.62847],[74.87366,21.62833],[74.87267,21.62822],[74.87166,21.62818],[74.87063,21.62815],[74.86959,21.62812],[74.86854,21.62813],[74.86751,21.62818],[74.86649,21.62827],[74.86552,21.62842],[74.8646,21.62865],[74.86377,21.62901],[74.86324,21.63001],[74.86283,21.63119],[74.86236,21.63192],[74.86166,21.63174],[74.86091,21.63135],[74.86015,21.63091],[74.8594,21.63041],[74.85863,21.62986],[74.85787,21.62927],[74.8571,21.62865],[74.85632,21.628],[74.85554,21.62735],[74.85474,21.62668],[74.85394,21.62601],[74.85314,21.62536],[74.85233,21.62471],[74.85149,21.62409],[74.85067,21.6235],[74.84982,21.62294],[74.84897,21.62243],[74.8481,21.62197],[74.84722,21.62156],[74.8463,21.62119],[74.84537,21.62085],[74.84441,21.62053],[74.84345,21.62024],[74.84248,21.61996],[74.84151,21.61971],[74.84052,21.61945],[74.83955,21.61919],[74.83857,21.61892],[74.83761,21.61864],[74.83665,21.61835],[74.83572,21.61804],[74.8348,21.6177],[74.83391,21.61733],[74.83304,21.61688],[74.83228,21.61624],[74.83163,21.61547],[74.8311,21.61462],[74.83075,21.61376],[74.83067,21.6128],[74.83087,21.61172],[74.83107,21.61066],[74.83105,21.60978],[74.83059,21.60921],[74.82984,21.60883],[74.82894,21.60855],[74.82792,21.60834],[74.82683,21.60821],[74.82572,21.60814],[74.82462,21.60812],[74.82359,21.60812],[74.8226,21.60815],[74.82161,21.60822],[74.82062,21.60831],[74.81962,21.60843],[74.81862,21.60856],[74.81763,21.60872],[74.81663,21.60888],[74.81565,21.60906],[74.81466,21.60923],[74.81367,21.6094],[74.81268,21.60958],[74.8117,21.60976],[74.81071,21.60996],[74.80974,21.6102],[74.80878,21.61048],[74.80785,21.6108],[74.80694,21.6112],[74.80606,21.61167],[74.8052,21.61216],[74.80434,21.61264],[74.80345,21.61308],[74.80252,21.61344],[74.80136,21.61381],[74.80018,21.61407],[74.79937,21.61398],[74.79919,21.61343],[74.79937,21.61258],[74.79974,21.61157],[74.80013,21.6105],[74.80035,21.6095],[74.80018,21.60868],[74.79935,21.60799],[74.79831,21.60778],[74.79734,21.6078],[74.79635,21.60785],[74.79536,21.6079],[74.79436,21.60796],[74.79336,21.60804],[74.79236,21.60811],[74.79135,21.6082],[74.79034,21.6083],[74.78934,21.60841],[74.78833,21.60853],[74.78733,21.60867],[74.78632,21.60881],[74.78533,21.60897],[74.78434,21.60913],[74.78336,21.60932],[74.78238,21.60952],[74.78141,21.60973],[74.78046,21.60999],[74.77953,21.6103],[74.7786,21.61066],[74.77769,21.61104],[74.77678,21.61144],[74.77587,21.61187],[74.77497,21.61229],[74.77406,21.61271],[74.77315,21.61312],[74.77224,21.6135],[74.77212,21.6135],[74.77118,21.6135],[74.77018,21.61347],[74.76918,21.61344],[74.76817,21.61342],[74.76717,21.61339],[74.76617,21.61338],[74.76517,21.61338],[74.76417,21.61342],[74.76317,21.61348],[74.76218,21.61358],[74.76119,21.6137],[74.7602,21.61383],[74.7592,21.61398],[74.75822,21.61415],[74.75723,21.61431],[74.75625,21.61449],[74.75526,21.61469],[74.75428,21.61489],[74.75331,21.61509],[74.75232,21.61529],[74.75134,21.61549],[74.75037,21.6157],[74.74939,21.6159],[74.74841,21.6161],[74.74744,21.6163],[74.74646,21.61651],[74.74547,21.61671],[74.74449,21.61691],[74.74352,21.61712],[74.74254,21.61733],[74.74156,21.61753],[74.74058,21.61774],[74.73961,21.61794],[74.73863,21.61814],[74.73765,21.61835],[74.73667,21.61857],[74.7357,21.61877],[74.73472,21.61898],[74.73374,21.61919],[74.73277,21.6194],[74.73179,21.61961],[74.73081,21.61982],[74.72983,21.62003],[74.72886,21.62024],[74.72789,21.62046],[74.72691,21.62067],[74.72593,21.62089],[74.72496,21.62111],[74.72399,21.62132],[74.72301,21.62155],[74.72204,21.62176],[74.72106,21.62199],[74.72009,21.62221],[74.71911,21.62244],[74.71814,21.62266],[74.71718,21.62288],[74.71621,21.62311],[74.71523,21.62335],[74.71426,21.62358],[74.71329,21.62381],[74.71232,21.62405],[74.71135,21.62429],[74.71038,21.62454],[74.70942,21.62479],[74.70845,21.62505],[74.70749,21.62532],[74.70653,21.62559],[74.70557,21.62587],[74.70462,21.62616],[74.70365,21.62644],[74.70271,21.62675],[74.70177,21.62705],[74.70081,21.62736],[74.69988,21.62769],[74.69894,21.62802],[74.69802,21.62836],[74.69709,21.62872],[74.69617,21.6291],[74.69527,21.62952],[74.69438,21.62995],[74.69351,21.63041],[74.69264,21.63089],[74.69178,21.63139],[74.69094,21.63191],[74.69011,21.63243],[74.68929,21.63297],[74.68849,21.63352],[74.68768,21.63408],[74.68688,21.63464],[74.68609,21.63521],[74.68529,21.63579],[74.6845,21.63637],[74.68372,21.63695],[74.68294,21.63754],[74.68215,21.63812],[74.68138,21.63871],[74.68058,21.63929],[74.6798,21.63988],[74.67902,21.64047],[74.67824,21.64105],[74.67744,21.64163],[74.67665,21.6422],[74.67585,21.64277],[74.67505,21.64333],[74.67424,21.64389],[74.67342,21.64444],[74.67262,21.645],[74.67181,21.64556],[74.67098,21.64611],[74.67015,21.64664],[74.66931,21.64716],[74.66846,21.64766],[74.6676,21.64813],[74.66672,21.64857],[74.66583,21.64898],[74.66492,21.64935],[74.66399,21.64971],[74.66305,21.65003],[74.6621,21.65034],[74.66114,21.65063],[74.66017,21.65089],[74.65919,21.65114],[74.65822,21.65137],[74.65723,21.65158],[74.65626,21.65178],[74.65527,21.65195],[74.65429,21.65212],[74.65331,21.65229],[74.65233,21.65244],[74.65133,21.6526],[74.65034,21.65273],[74.64935,21.65287],[74.64836,21.653],[74.64737,21.65313],[74.64637,21.65326],[74.64538,21.65338],[74.64438,21.6535],[74.64339,21.65363],[74.64239,21.65375],[74.6414,21.65387],[74.64041,21.654],[74.6394,21.65413],[74.63842,21.65426],[74.63743,21.65441],[74.63643,21.65454],[74.63544,21.65469],[74.63445,21.65485],[74.63347,21.65501],[74.63248,21.65519],[74.6315,21.65537],[74.63052,21.65556],[74.62954,21.65576],[74.62856,21.65597],[74.62759,21.65618],[74.62662,21.6564],[74.62564,21.65663],[74.62467,21.65686],[74.62369,21.65709],[74.62272,21.65733],[74.62175,21.65756],[74.62077,21.6578],[74.6198,21.65804],[74.61883,21.65828],[74.61786,21.65852],[74.61689,21.65876],[74.61592,21.65899],[74.61494,21.65922],[74.61397,21.65945],[74.61301,21.65968],[74.61203,21.65989],[74.61105,21.66011],[74.61007,21.66031],[74.60909,21.66051],[74.60812,21.66069],[74.60714,21.66088],[74.60616,21.66105],[74.60517,21.6612],[74.60418,21.66134],[74.60317,21.66144],[74.60215,21.66148],[74.60111,21.66149],[74.60007,21.66148],[74.59902,21.66144],[74.59797,21.66139],[74.59692,21.66134],[74.59588,21.66129],[74.59484,21.66126],[74.59382,21.66123],[74.59281,21.66123],[74.59182,21.66128],[74.59086,21.66135],[74.58991,21.66148],[74.58899,21.66165],[74.58811,21.6619],[74.58726,21.66223],[74.58647,21.66272],[74.58571,21.66334],[74.58502,21.66408],[74.58438,21.6649],[74.5838,21.66578],[74.58329,21.66669],[74.58284,21.6676],[74.58246,21.66848],[74.58216,21.66932],[74.58218,21.67017],[74.58251,21.67107],[74.58298,21.67199],[74.58342,21.67293],[74.58366,21.67385],[74.58361,21.67477],[74.5835,21.67572],[74.58334,21.67672],[74.58315,21.67772],[74.58291,21.67873],[74.58262,21.67969],[74.58229,21.6806],[74.58188,21.68144],[74.58142,21.68218],[74.58088,21.6828],[74.58016,21.68319],[74.57921,21.68334],[74.57813,21.68333],[74.57699,21.68321],[74.57585,21.68306],[74.57483,21.68294],[74.57383,21.68284],[74.57281,21.68273],[74.57178,21.68263],[74.57074,21.6825],[74.5697,21.68238],[74.56868,21.68223],[74.56768,21.68206],[74.56669,21.68187],[74.56574,21.68165],[74.56481,21.6814],[74.56392,21.68111],[74.56319,21.68067],[74.56301,21.67962],[74.56292,21.67852],[74.56236,21.67804],[74.56144,21.67793],[74.56037,21.67798],[74.55928,21.67818],[74.55825,21.6785],[74.55738,21.67894],[74.55645,21.6795],[74.55552,21.68016],[74.55465,21.68087],[74.55392,21.68162],[74.55344,21.68234],[74.55325,21.68302],[74.55359,21.68363],[74.55438,21.68419],[74.55541,21.68476],[74.55644,21.68537],[74.5572,21.68607],[74.55752,21.6869],[74.55771,21.68778],[74.55786,21.68867],[74.55796,21.68959],[74.55805,21.69051],[74.55809,21.69146],[74.55812,21.69242],[74.55812,21.69338],[74.5581,21.69434],[74.55805,21.69531],[74.55799,21.69627],[74.55791,21.69724],[74.55782,21.69819],[74.55773,21.69912],[74.55761,21.70005],[74.55747,21.70096],[74.55723,21.70187],[74.55692,21.70277],[74.55656,21.70366],[74.55615,21.70453],[74.55571,21.70538],[74.55523,21.70623],[74.55475,21.70705],[74.55427,21.70791],[74.5538,21.70881],[74.55334,21.70974],[74.55286,21.71068],[74.55238,21.71162],[74.55189,21.71254],[74.55137,21.71344],[74.55084,21.71429],[74.55028,21.71509],[74.54968,21.71582],[74.54904,21.71647],[74.54837,21.71702],[74.54764,21.71747],[74.54687,21.71779],[74.54605,21.71799],[74.54517,21.7181],[74.54425,21.71811],[74.5433,21.71804],[74.54232,21.7179],[74.54131,21.71772],[74.54028,21.71749],[74.53924,21.71723],[74.53818,21.71696],[74.53712,21.71669],[74.53606,21.71641],[74.535,21.71617],[74.53396,21.71595],[74.53292,21.71579],[74.53191,21.71567],[74.53092,21.71561],[74.52992,21.71557],[74.52891,21.71556],[74.52791,21.71556],[74.5269,21.71557],[74.52589,21.71562],[74.52489,21.71567],[74.52388,21.71573],[74.52289,21.71581],[74.52189,21.7159],[74.52089,21.71602],[74.51991,21.71617],[74.51892,21.71638],[74.51794,21.71661],[74.51698,21.71689],[74.51603,21.71721],[74.51511,21.71757],[74.51419,21.71796],[74.51326,21.71839],[74.51238,21.71886],[74.51153,21.71939],[74.51076,21.71998],[74.51008,21.72063],[74.50942,21.72137],[74.5088,21.72219],[74.50829,21.72305],[74.50793,21.72395],[74.50775,21.72485],[74.50779,21.72575],[74.50791,21.72665],[74.50808,21.72754],[74.50829,21.72845],[74.50854,21.72935],[74.50882,21.73026],[74.50911,21.73118],[74.50941,21.73209],[74.50973,21.73301],[74.51004,21.73391],[74.51032,21.73484],[74.5106,21.73576],[74.51083,21.73667],[74.51104,21.7376],[74.51119,21.73852],[74.51128,21.73944],[74.51128,21.74037],[74.51119,21.74132],[74.51104,21.74227],[74.51084,21.74322],[74.51063,21.74418],[74.51042,21.74512],[74.51024,21.74606],[74.51012,21.74699],[74.51005,21.7479],[74.5101,21.74878],[74.51035,21.74962],[74.51095,21.75035],[74.51175,21.75102],[74.51257,21.75169],[74.51324,21.75243],[74.51359,21.75326],[74.5138,21.75416],[74.51399,21.75508],[74.51416,21.75602],[74.51429,21.75698],[74.5144,21.75795],[74.51447,21.75891],[74.5145,21.75988],[74.5145,21.76084],[74.51444,21.76179],[74.51433,21.7627],[74.51418,21.76361],[74.51395,21.76447],[74.5136,21.7653],[74.51312,21.76611],[74.51256,21.76688],[74.51191,21.76764],[74.51123,21.76838],[74.51052,21.76911],[74.50982,21.76983],[74.50916,21.77055],[74.50844,21.77119],[74.50762,21.77178],[74.50679,21.77235],[74.50605,21.77298],[74.50547,21.7737],[74.505,21.77451],[74.50458,21.77534],[74.50422,21.77622],[74.50388,21.77711],[74.50355,21.77801],[74.50323,21.77891],[74.50291,21.77981],[74.50256,21.78069],[74.49974,21.79587],[74.50024,21.80525],[74.50594,21.81394],[74.50845,21.81928],[74.51369,21.85453],[74.51419,21.87292],[74.51449,21.88426],[74.51515,21.88812],[74.51822,21.89352],[74.52425,21.90145],[74.52428,21.90678],[74.52077,21.91106],[74.51411,21.91556],[74.51141,21.92048],[74.51237,21.92587],[74.51232,21.93192],[74.49351,21.94442],[74.48905,21.94347],[74.48655,21.94517],[74.4901,21.9525],[74.486,21.95478],[74.48239,21.95554],[74.48119,21.95876],[74.47962,21.96045],[74.47455,21.95956],[74.4718,21.96073],[74.46886,21.96354],[74.46397,21.96282],[74.46081,21.96124],[74.45659,21.96087],[74.44831,21.96554],[74.44524,21.96917],[74.44378,21.97432],[74.43964,21.98111],[74.43926,21.99167],[74.43769,21.99448],[74.43289,21.99752],[74.43282,22.00027],[74.44045,22.00419],[74.44237,22.00489],[74.4466,22.00348],[74.45057,22.00029],[74.45048,22.00419],[74.44816,22.00699],[74.44428,22.0105],[74.44116,22.01401],[74.43922,22.01963],[74.4427,22.02454],[74.4361,22.02454],[74.43219,22.02903],[74.41432,22.02385],[74.40305,22.02246],[74.39295,22.02177],[74.38479,22.01826],[74.38013,22.00983],[74.37461,22.00026],[74.37363,21.99894],[74.37307,21.99814],[74.37251,21.99734],[74.37196,21.99654],[74.37138,21.99577],[74.37079,21.99501],[74.37017,21.99429],[74.36951,21.9936],[74.36879,21.99297],[74.36799,21.99244],[74.3671,21.99203],[74.36613,21.99168],[74.36515,21.99136],[74.36417,21.99102],[74.36325,21.99064],[74.3624,21.99015],[74.36169,21.98955],[74.36102,21.98887],[74.3604,21.98815],[74.35982,21.9874],[74.35925,21.98662],[74.3587,21.98581],[74.35816,21.985],[74.35764,21.98419],[74.35709,21.98338],[74.35655,21.98258],[74.35598,21.9818],[74.35538,21.98104],[74.35476,21.98032],[74.35409,21.97964],[74.35336,21.97901],[74.3526,21.97841],[74.3518,21.97785],[74.35096,21.97732],[74.3501,21.97681],[74.34923,21.97634],[74.34834,21.97587],[74.34744,21.97542],[74.34656,21.97496],[74.34568,21.97452],[74.34476,21.97414],[74.34381,21.97379],[74.34284,21.97353],[74.34185,21.97335],[74.34086,21.97324],[74.33987,21.97315],[74.33888,21.97306],[74.33787,21.97299],[74.33688,21.97292],[74.33587,21.97285],[74.33488,21.97281],[74.33387,21.97275],[74.33287,21.97269],[74.33186,21.97265],[74.33085,21.9726],[74.32986,21.97256],[74.32885,21.97252],[74.32785,21.97248],[74.32684,21.97242],[74.32584,21.97237],[74.32483,21.97232],[74.32383,21.97227],[74.32282,21.97221],[74.32182,21.97214],[74.32082,21.97207],[74.31982,21.97198],[74.31882,21.9719],[74.31782,21.97182],[74.31681,21.97175],[74.3158,21.97167],[74.31478,21.97158],[74.31377,21.97149],[74.31277,21.97139],[74.31176,21.97127],[74.31077,21.97114],[74.30978,21.97098],[74.3088,21.97079],[74.30783,21.97057],[74.30688,21.97032],[74.30595,21.97003],[74.30501,21.96969],[74.30409,21.9693],[74.30319,21.96887],[74.30229,21.9684],[74.30142,21.96789],[74.30057,21.96736],[74.29975,21.9668],[74.29897,21.96622],[74.29821,21.96563],[74.29752,21.96499],[74.29694,21.96424],[74.29646,21.9634],[74.29602,21.96252],[74.29563,21.96163],[74.29526,21.96076],[74.2949,21.95988],[74.29455,21.95901],[74.29423,21.95811],[74.29391,21.95722],[74.29363,21.95632],[74.29336,21.95541],[74.29311,21.95451],[74.2929,21.95359],[74.29272,21.95268],[74.29256,21.95175],[74.29244,21.95082],[74.29234,21.9499],[74.29225,21.94896],[74.29216,21.94802],[74.29207,21.94709],[74.29197,21.94615],[74.29184,21.94522],[74.2917,21.94429],[74.29151,21.94337],[74.29133,21.94244],[74.29114,21.9415],[74.29092,21.94057],[74.29066,21.93965],[74.29036,21.93876],[74.29,21.9379],[74.28956,21.93709],[74.28901,21.93627],[74.28835,21.93547],[74.2876,21.93478],[74.28674,21.93427],[74.28581,21.93401],[74.28484,21.93384],[74.28387,21.93369],[74.2829,21.93355],[74.28192,21.93341],[74.28094,21.93328],[74.27996,21.93317],[74.27897,21.93306],[74.27797,21.93295],[74.27698,21.93286],[74.27598,21.93277],[74.27499,21.93268],[74.27398,21.9326],[74.27298,21.93252],[74.27197,21.93245],[74.27096,21.93238],[74.26995,21.93231],[74.26894,21.93224],[74.26793,21.93217],[74.26692,21.93211],[74.26591,21.93204],[74.2649,21.93197],[74.26389,21.9319],[74.26287,21.93183],[74.26187,21.93175],[74.26085,21.93167],[74.25985,21.93159],[74.25885,21.9315],[74.25784,21.93141],[74.25684,21.93131],[74.25584,21.9312],[74.25485,21.93109],[74.25385,21.93097],[74.25286,21.93084],[74.25186,21.93069],[74.25087,21.93055],[74.24988,21.9304],[74.24889,21.93025],[74.2479,21.93008],[74.24691,21.92992],[74.24592,21.92975],[74.24493,21.92959],[74.24394,21.92943],[74.24295,21.92927],[74.24196,21.92911],[74.24097,21.92894],[74.23998,21.92879],[74.23899,21.92865],[74.238,21.92851],[74.23701,21.92837],[74.23602,21.92825],[74.23502,21.92813],[74.23402,21.92802],[74.23303,21.92793],[74.23204,21.92789],[74.23103,21.92791],[74.23003,21.92797],[74.22901,21.92805],[74.22801,21.92815],[74.227,21.92824],[74.22599,21.92829],[74.22499,21.92831],[74.22399,21.92828],[74.223,21.92818],[74.22202,21.92803],[74.22103,21.92786],[74.22005,21.92768],[74.21907,21.92748],[74.21808,21.92728],[74.21711,21.92706],[74.21613,21.92684],[74.21515,21.9266],[74.21417,21.92636],[74.21319,21.92612],[74.21222,21.92588],[74.21124,21.92564],[74.21027,21.92541],[74.20928,21.92517],[74.20831,21.92495],[74.20733,21.92474],[74.20636,21.92453],[74.20537,21.92435],[74.20439,21.92417],[74.2034,21.92402],[74.20242,21.92389],[74.20144,21.92377],[74.20045,21.92371],[74.19945,21.92371],[74.19845,21.92375],[74.19745,21.92383],[74.19644,21.92396],[74.19543,21.92411],[74.19442,21.92427],[74.19344,21.92446],[74.19245,21.92464],[74.19146,21.92483],[74.19047,21.92502],[74.18947,21.92522],[74.18847,21.92542],[74.18747,21.92565],[74.18647,21.92591],[74.18552,21.92621],[74.18459,21.92655],[74.1837,21.92696],[74.18286,21.92742],[74.18206,21.92796],[74.18131,21.92854],[74.18057,21.92916],[74.17986,21.92983],[74.17917,21.93052],[74.1785,21.93124],[74.17784,21.93197],[74.17719,21.93271],[74.17656,21.93346],[74.17592,21.9342],[74.17528,21.93493],[74.17469,21.93567],[74.17413,21.93646],[74.17361,21.93727],[74.1731,21.93809],[74.17257,21.93888],[74.172,21.93965],[74.17137,21.94038],[74.17069,21.94105],[74.16995,21.9417],[74.16918,21.94231],[74.16837,21.94288],[74.16753,21.94341],[74.16669,21.94391],[74.16583,21.9444],[74.16497,21.94488],[74.16412,21.94537],[74.16326,21.94585],[74.16239,21.94634],[74.16152,21.94681],[74.16064,21.94727],[74.15976,21.94773],[74.15889,21.94819],[74.158,21.94863],[74.15711,21.94908],[74.15622,21.94951],[74.15532,21.94993],[74.15443,21.95035],[74.15353,21.95075],[74.15261,21.95114],[74.15166,21.95145],[74.15069,21.95169],[74.1497,21.9519],[74.14871,21.95206],[74.14772,21.9522],[74.14672,21.95231],[74.14572,21.95236],[74.14472,21.95238],[74.14371,21.95239],[74.1427,21.95239],[74.14169,21.95241],[74.14035,21.95493],[74.14459,21.95906],[74.14102,21.96296],[74.13905,21.96823],[74.13934,21.97057],[74.14131,21.97234],[74.14892,21.9739],[74.14757,21.97923],[74.14957,21.98475],[74.14533,21.98713],[74.13768,21.98957],[74.1234,21.99212],[74.11251,21.997],[74.10381,21.99674],[74.10058,21.99733],[74.09593,21.99998],[74.09605,22.00894],[74.0933,22.01384],[74.09678,22.01666],[74.10454,22.02018],[74.11231,22.023],[74.11656,22.02862],[74.12082,22.03424],[74.1278,22.03707],[74.13674,22.03918],[74.141,22.04199],[74.13982,22.04621],[74.13516,22.04901],[74.13359,22.05182],[74.14485,22.05463],[74.15029,22.05605],[74.15884,22.05886],[74.15921,22.06238],[74.15765,22.0694],[74.16074,22.07221],[74.1619,22.07642],[74.16344,22.08064],[74.16655,22.08275],[74.17238,22.08276],[74.17665,22.08487],[74.1747,22.08837],[74.17119,22.08977],[74.16808,22.09187],[74.17002,22.09468],[74.16806,22.09679],[74.16611,22.0996],[74.16144,22.101],[74.15794,22.10099],[74.15444,22.10028],[74.15209,22.10238],[74.15054,22.10379],[74.14587,22.10238],[74.13966,22.09956],[74.13383,22.09675],[74.1284,22.09463],[74.12605,22.09603],[74.12488,22.10165],[74.12486,22.10656],[74.12601,22.11218],[74.12716,22.1185],[74.12713,22.12271],[74.12363,22.12552],[74.12244,22.13043],[74.12321,22.13605],[74.12552,22.14096],[74.1294,22.14448],[74.129,22.15151],[74.12937,22.15642],[74.13091,22.15993],[74.12779,22.16273],[74.12234,22.16483],[74.12076,22.17045],[74.11996,22.17606],[74.11878,22.18028],[74.11798,22.18589],[74.11953,22.19081],[74.11834,22.19642],[74.11716,22.20344],[74.1183,22.20696],[74.11868,22.21117],[74.11516,22.21468],[74.10972,22.21747],[74.10347,22.21887],[74.09763,22.21886],[74.09023,22.21955],[74.08323,22.21883],[74.07739,22.21882],[74.07154,22.22021],[74.06917,22.22794],[74.07033,22.23286],[74.07421,22.23567],[74.08044,22.23638],[74.08511,22.2385],[74.08743,22.24201],[74.08507,22.24552],[74.08118,22.24622],[74.07649,22.24831],[74.07454,22.25111],[74.0757,22.25673],[74.07528,22.26166],[74.0741,22.26656],[74.06826,22.26725],[74.06474,22.27076],[74.06044,22.27427],[74.0573,22.27917],[74.05495,22.28408],[74.0557,22.289],[74.05414,22.29181],[74.05372,22.29813],[74.05488,22.30374],[74.05838,22.30516],[74.06228,22.30376],[74.06264,22.30938],[74.06261,22.3157],[74.06415,22.32413],[74.06414,22.32904],[74.06996,22.33468],[74.07188,22.33959],[74.07031,22.34451],[74.06757,22.3473],[74.06677,22.35292],[74.06792,22.35855],[74.07298,22.36066],[74.07961,22.36067],[74.08585,22.36068],[74.0913,22.36069],[74.09439,22.36702],[74.09594,22.37123],[74.1014,22.37124],[74.10802,22.36985],[74.11115,22.36564],[74.11235,22.35933],[74.11314,22.35581],[74.12055,22.35653],[74.12524,22.35092],[74.12643,22.34178],[74.12763,22.33618],[74.13037,22.33055],[74.13973,22.32847],[74.15025,22.32707],[74.16,22.32498],[74.17209,22.32289],[74.18028,22.32079],[74.18729,22.3201],[74.19196,22.32361],[74.1927,22.33204],[74.19113,22.34187],[74.19112,22.34749],[74.19384,22.34889],[74.19424,22.34608],[74.19464,22.34117],[74.19853,22.34118],[74.20164,22.34609],[74.20241,22.35171],[74.202,22.35804],[74.20238,22.36154],[74.20315,22.36576],[74.20627,22.36435],[74.20746,22.36084],[74.20979,22.35734],[74.21292,22.35593],[74.21994,22.35594],[74.22344,22.35665],[74.22303,22.36296],[74.2238,22.36718],[74.22379,22.37069],[74.22223,22.3735],[74.22183,22.37631],[74.22728,22.37771],[74.23158,22.37631],[74.23665,22.37491],[74.2421,22.37562],[74.24248,22.38124],[74.24599,22.38124],[74.2495,22.38194],[74.25262,22.38406],[74.25339,22.38826],[74.25376,22.39318],[74.25452,22.3981],[74.26,22.3946],[74.26507,22.39248],[74.27053,22.39109],[74.27794,22.39179],[74.28379,22.39109],[74.28768,22.38968],[74.2908,22.3925],[74.28494,22.39601],[74.27831,22.39811],[74.2748,22.40092],[74.27129,22.40162],[74.26778,22.40302],[74.26659,22.40864],[74.26658,22.41286],[74.26307,22.41637],[74.26071,22.42268],[74.25602,22.4269],[74.25056,22.43111],[74.24315,22.43461],[74.23377,22.43741],[74.2248,22.43811],[74.22012,22.4381],[74.217,22.44021],[74.21505,22.44091],[74.2131,22.4374],[74.21272,22.43249],[74.20804,22.43247],[74.20103,22.43528],[74.20102,22.43879],[74.20099,22.44511],[74.20137,22.45284],[74.20095,22.45916],[74.20095,22.46478],[74.19898,22.4704],[74.19429,22.4732],[74.18726,22.476],[74.18182,22.46757],[74.1791,22.46265],[74.17872,22.45843],[74.18068,22.45422],[74.18265,22.45071],[74.18382,22.4458],[74.18306,22.44228],[74.17917,22.44088],[74.16902,22.44016],[74.16786,22.43594],[74.1671,22.43174],[74.16359,22.43033],[74.15735,22.43032],[74.15501,22.43312],[74.15226,22.43803],[74.15224,22.44366],[74.15301,22.44857],[74.15259,22.45489],[74.14752,22.45488],[74.14051,22.45488],[74.13701,22.45206],[74.13352,22.44644],[74.1304,22.44082],[74.12731,22.43449],[74.12694,22.42817],[74.12657,22.42325],[74.12658,22.41974],[74.12307,22.41833],[74.11917,22.41902],[74.11252,22.42463],[74.10665,22.42743],[74.10118,22.43164],[74.09883,22.43796],[74.09685,22.44357],[74.0984,22.44919],[74.10189,22.45411],[74.10226,22.46043],[74.0995,22.46605],[74.09638,22.46745],[74.09131,22.46744],[74.08663,22.46744],[74.08195,22.46532],[74.07416,22.4639],[74.07452,22.47163],[74.07488,22.47935],[74.07643,22.48427],[74.07955,22.48287],[74.08152,22.48007],[74.08503,22.47797],[74.08658,22.48078],[74.08579,22.4871],[74.08342,22.49201],[74.08184,22.49693],[74.08261,22.50325],[74.08142,22.50675],[74.07751,22.50675],[74.07479,22.50745],[74.0701,22.50885],[74.0658,22.50813],[74.06112,22.50883],[74.058,22.50952],[74.05487,22.50881],[74.05216,22.50389],[74.05062,22.49967],[74.04595,22.49825],[74.04244,22.49544],[74.04168,22.49123],[74.03895,22.48912],[74.03309,22.48981],[74.03191,22.49471],[74.0311,22.50103],[74.03069,22.50666],[74.03496,22.51229],[74.03962,22.5151],[74.03921,22.52213],[74.03684,22.52844],[74.03838,22.53547],[74.0407,22.54039],[74.04615,22.54391],[74.05238,22.54603],[74.06292,22.54914],[74.07424,22.54986],[74.0805,22.54777],[74.0895,22.54286],[74.09693,22.53937],[74.10201,22.53586],[74.10591,22.53657],[74.10981,22.53939],[74.11488,22.53799],[74.11841,22.53379],[74.12116,22.52817],[74.12391,22.52255],[74.12627,22.51975],[74.12978,22.51695],[74.13486,22.51835],[74.13954,22.51696],[74.14423,22.51626],[74.14969,22.51556],[74.1532,22.51908],[74.15435,22.5247],[74.15394,22.53033],[74.15511,22.53243],[74.15939,22.53525],[74.16445,22.53947],[74.16913,22.54298],[74.17536,22.5465],[74.18083,22.54791],[74.18824,22.55144],[74.19173,22.55495],[74.19212,22.55846],[74.19172,22.56057],[74.18663,22.56548],[74.196,22.5683],[74.1999,22.56619],[74.20616,22.5648],[74.21045,22.5655],[74.21315,22.57604],[74.2151,22.57955],[74.21939,22.57956],[74.22289,22.58307],[74.22406,22.58869],[74.22678,22.59502],[74.23105,22.60485],[74.23338,22.61188],[74.24041,22.61188],[74.2443,22.6154],[74.24664,22.62102],[74.25055,22.62102],[74.25445,22.62243],[74.25523,22.62453],[74.25326,22.62875],[74.25324,22.63366],[74.25598,22.63437],[74.2591,22.63648],[74.26027,22.6407],[74.26222,22.6428],[74.26612,22.6414],[74.26848,22.63929],[74.27043,22.63859],[74.2716,22.6407],[74.2751,22.64561],[74.28683,22.64141],[74.29153,22.6393],[74.29582,22.6386],[74.30129,22.6379],[74.30638,22.6372],[74.31028,22.63649],[74.31419,22.63439],[74.31926,22.63439],[74.32239,22.6365],[74.32356,22.64001],[74.32511,22.64211],[74.32785,22.64141],[74.33137,22.6393],[74.33411,22.6386],[74.34114,22.64001],[74.34934,22.6372],[74.36107,22.63438],[74.37005,22.63439],[74.3779,22.6364],[74.37825,22.63649],[74.38137,22.64141],[74.38176,22.64843],[74.38135,22.65826],[74.38212,22.6674],[74.38719,22.67583],[74.39149,22.68355],[74.39422,22.68988],[74.3942,22.6983],[74.39811,22.70462],[74.3985,22.71024],[74.3981,22.71796],[74.40043,22.7285],[74.4059,22.73483],[74.41176,22.74255],[74.41448,22.74887],[74.418,22.75519],[74.42269,22.758],[74.42855,22.76783],[74.43284,22.77696],[74.43675,22.78327],[74.43793,22.79101],[74.4383,22.79733],[74.43635,22.80295],[74.43674,22.80717],[74.44143,22.80786],[74.44926,22.80857],[74.45708,22.80996],[74.46256,22.81277],[74.46647,22.82119],[74.46959,22.83032],[74.47663,22.85631],[74.4731,22.86263],[74.47192,22.86544],[74.47153,22.87247],[74.46918,22.8781],[74.46643,22.88512],[74.46409,22.89216],[74.46408,22.89847],[74.46134,22.9048],[74.46056,22.91112],[74.45585,22.91394],[74.45272,22.91605],[74.44919,22.92167],[74.44176,22.92028],[74.43627,22.91536],[74.43353,22.91817],[74.42961,22.92028],[74.42609,22.91748],[74.42139,22.91748],[74.4163,22.91608],[74.41004,22.91046],[74.40574,22.90203],[74.39792,22.89711],[74.39048,22.89993],[74.38578,22.90485],[74.37911,22.90766],[74.37519,22.91328],[74.37205,22.92031],[74.36891,22.92382],[74.36304,22.92734],[74.35951,22.93086],[74.35754,22.93999],[74.35166,22.9449],[74.34539,22.95123],[74.34185,22.95615],[74.3391,22.96247],[74.34722,22.96655],[74.35232,22.97287],[74.35467,22.97498],[74.36054,22.97568],[74.36563,22.97428],[74.36837,22.97498],[74.36836,22.97779],[74.36638,22.98129],[74.36303,22.98756],[74.35528,22.99812],[74.35289,23.00083],[74.34823,23.01329],[74.34677,23.028],[74.34436,23.0317],[74.33641,23.0336],[74.32945,23.03696],[74.32526,23.04047],[74.32283,23.04595],[74.32032,23.06046],[74.33687,23.06473],[74.34551,23.06855],[74.35274,23.07353],[74.3572,23.07823],[74.3588,23.08803],[74.36467,23.09324],[74.38545,23.10812],[74.38898,23.10968],[74.40467,23.10944],[74.41193,23.10862],[74.41672,23.10612],[74.42397,23.10367],[74.43105,23.10332],[74.43722,23.09571],[74.44335,23.09055],[74.45618,23.08467],[74.46521,23.08286],[74.48943,23.08595],[74.51037,23.08638],[74.5117,23.09345],[74.52139,23.09645],[74.53361,23.09903],[74.54084,23.10441],[74.54471,23.11032],[74.54573,23.11599],[74.54393,23.12957],[74.56433,23.13271],[74.57193,23.13467],[74.57841,23.13744],[74.58698,23.13892],[74.59561,23.13943],[74.60646,23.14224],[74.6126,23.14576],[74.61626,23.14935],[74.62417,23.16034],[74.6405,23.17004],[74.65333,23.1794],[74.65844,23.18524],[74.66394,23.1956],[74.66779,23.19884],[74.68624,23.19403],[74.71426,23.19197],[74.71989,23.19427],[74.73359,23.20368],[74.74454,23.20937],[74.74488,23.21263],[74.7497,23.22763],[74.74466,23.22996],[74.73982,23.2266],[74.73938,23.2263],[74.73879,23.22589],[74.73176,23.22102],[74.7231,23.2174],[74.71773,23.21672],[74.71165,23.21865],[74.70134,23.217],[74.69833,23.21765],[74.69373,23.22039],[74.69427,23.2259],[74.70257,23.23045],[74.71203,23.23361],[74.72096,23.23979],[74.71735,23.24328],[74.71371,23.25025],[74.70907,23.25543],[74.70213,23.25893],[74.70039,23.26404],[74.69994,23.26943],[74.67925,23.27257],[74.67185,23.27219],[74.66522,23.26844],[74.65089,23.25816],[74.6449,23.25707],[74.63075,23.26076],[74.62818,23.26321],[74.62517,23.27337],[74.6209,23.27871],[74.61389,23.28198],[74.60527,23.28275],[74.59761,23.28103],[74.5912,23.28099],[74.58528,23.28187],[74.57582,23.29477],[74.57042,23.29831],[74.56584,23.29589],[74.56055,23.28953],[74.55668,23.28275],[74.55191,23.27997],[74.547,23.28421],[74.54235,23.29751],[74.53906,23.30256],[74.53409,23.30698],[74.53264,23.31144],[74.53294,23.31782],[74.5321,23.32049],[74.52877,23.3216],[74.51925,23.31907],[74.51765,23.31942],[74.51671,23.3262],[74.51871,23.32916],[74.53686,23.33144],[74.54121,23.33614],[74.54222,23.35643],[74.54435,23.36124],[74.55435,23.3604],[74.5588,23.3619],[74.56381,23.37262],[74.56933,23.37516],[74.57103,23.38072],[74.57179,23.41662],[74.57268,23.41992],[74.57835,23.4198],[74.59017,23.4225],[74.59718,23.42712],[74.61192,23.44888],[74.61208,23.45497],[74.61218,23.45869],[74.62583,23.45929],[74.6353,23.46136],[74.65116,23.46067],[74.65364,23.46171],[74.65787,23.46408],[74.66305,23.47061],[74.66832,23.48115],[74.67346,23.48293],[74.67994,23.48233],[74.68274,23.48383],[74.6868,23.48945],[74.68645,23.49305],[74.69974,23.5009],[74.71001,23.50283],[74.7179,23.50078],[74.72502,23.49565],[74.73283,23.49771],[74.73696,23.50396],[74.74158,23.51665],[74.75631,23.51932],[74.76319,23.52185],[74.77003,23.5329],[74.77336,23.54043],[74.78435,23.54514],[74.79146,23.54575],[74.79571,23.54336],[74.79812,23.53755],[74.80227,23.53115],[74.8117,23.53552],[74.81518,23.5367],[74.81864,23.53788],[74.82954,23.54659],[74.83705,23.55027],[74.84491,23.55123],[74.85101,23.55444],[74.85854,23.56653],[74.86129,23.56937],[74.86892,23.57182],[74.87223,23.57523],[74.87462,23.58056],[74.87419,23.58712],[74.87696,23.5914],[74.87901,23.59296],[74.88459,23.6003],[74.88573,23.60342],[74.89773,23.60917],[74.90575,23.61992],[74.90929,23.62113],[74.9217,23.61927],[74.92765,23.62132],[74.93954,23.6273],[74.94016,23.63385],[74.9388,23.64012],[74.93044,23.64516],[74.92821,23.6501],[74.92404,23.66543],[74.90971,23.67385],[74.90741,23.67977],[74.91026,23.68492],[74.91729,23.68907],[74.9229,23.69351],[74.92277,23.71079],[74.92413,23.71607],[74.9319,23.72525],[74.94051,23.73177],[74.93805,23.73978],[74.93188,23.75332],[74.93184,23.75501],[74.9399,23.76274],[74.93946,23.76756],[74.93785,23.7736],[74.92992,23.7911],[74.92761,23.79523],[74.91498,23.7961],[74.91029,23.79775],[74.91189,23.80952],[74.91327,23.83353],[74.91583,23.84257],[74.91315,23.84676],[74.91026,23.84903],[74.9069,23.85328],[74.90522,23.86501],[74.90571,23.87081],[74.90729,23.87364],[74.91057,23.8854],[74.91395,23.90024],[74.91472,23.90935],[74.91756,23.91444],[74.92353,23.92178],[74.92377,23.92613],[74.92147,23.93258],[74.92448,23.93547],[74.93003,23.93782],[74.93131,23.94176],[74.9317,23.94367],[74.93782,23.95292],[74.94169,23.95736],[74.96365,23.97048],[74.96899,23.97653],[74.97325,23.98784],[74.97258,24.00042],[74.98018,24.00668],[74.9882,24.01111],[74.99279,24.02],[74.99341,24.02647],[74.99081,24.0302],[74.98164,24.03781],[74.97986,24.06879],[74.97672,24.07278],[74.97201,24.07464],[74.96559,24.0795],[74.9623,24.08642],[74.96121,24.09094],[74.96135,24.10228],[74.95997,24.10687],[74.95533,24.10883],[74.93957,24.1179],[74.9366,24.12057],[74.93941,24.12468],[74.93711,24.13578],[74.92509,24.14204],[74.92395,24.14609],[74.92795,24.15396],[74.92191,24.15707],[74.92064,24.15966],[74.90075,24.17113],[74.90075,24.17113],[74.89989,24.17527],[74.89809,24.1792],[74.89771,24.18388],[74.88154,24.21035],[74.8806,24.21332],[74.88717,24.22176],[74.89018,24.22372],[74.89872,24.2259],[74.90321,24.22783],[74.90636,24.23054],[74.90779,24.23762],[74.90598,24.24212],[74.90507,24.24249],[74.90457,24.2427],[74.89751,24.24599],[74.89482,24.25849],[74.88957,24.26366],[74.88584,24.26557],[74.87593,24.27486],[74.87021,24.27755],[74.8645,24.27081],[74.8645,24.27081],[74.86303,24.27055],[74.86239,24.27039],[74.86022,24.26985],[74.85704,24.26906],[74.85377,24.26684],[74.84433,24.26704],[74.83932,24.26812],[74.83307,24.26846],[74.82618,24.27019],[74.82002,24.27317],[74.81552,24.27392],[74.7906,24.26881],[74.7906,24.26881],[74.77998,24.26956],[74.7728,24.26893],[74.76673,24.27039],[74.75503,24.27595],[74.75304,24.27964],[74.75326,24.28637],[74.75772,24.29319],[74.76735,24.30142],[74.78399,24.31373],[74.78518,24.31807],[74.78402,24.31688],[74.78352,24.31637],[74.78417,24.33303],[74.78674,24.3408],[74.78661,24.34573],[74.78316,24.35159],[74.7821,24.35529],[74.78504,24.36428],[74.78742,24.36857],[74.78879,24.36869],[74.79361,24.37306],[74.79881,24.38106],[74.80277,24.38425],[74.80592,24.39235],[74.81285,24.40604],[74.81533,24.40757],[74.82581,24.4052],[74.82697,24.40756],[74.82782,24.41369],[74.82782,24.41369],[74.82761,24.42047],[74.83578,24.42638],[74.84652,24.43757],[74.84841,24.4404],[74.85459,24.44634],[74.8582,24.44833],[74.85889,24.45237],[74.85766,24.46011],[74.85886,24.46415],[74.85482,24.46703],[74.85139,24.46566],[74.85005,24.46347],[74.84524,24.46275],[74.84154,24.46407],[74.83718,24.46223],[74.83443,24.45727],[74.81889,24.45882],[74.82075,24.46977],[74.82536,24.47609],[74.82486,24.48041],[74.82306,24.48466],[74.82306,24.48466],[74.81751,24.48803],[74.81517,24.48908],[74.81148,24.48888],[74.80866,24.48992],[74.80228,24.48896],[74.79658,24.49014],[74.79251,24.49016],[74.78555,24.4868],[74.78211,24.48178],[74.77957,24.48029],[74.77385,24.48203],[74.76676,24.48758],[74.76136,24.48551],[74.75785,24.48576],[74.75117,24.48895],[74.73555,24.50059],[74.73133,24.507],[74.72769,24.50775],[74.72419,24.50738],[74.71603,24.50523],[74.71339,24.50622],[74.71242,24.50794],[74.71619,24.51982],[74.72396,24.52813],[74.72911,24.53177],[74.7483,24.53318],[74.75021,24.53949],[74.7482,24.54463],[74.74915,24.54868],[74.75295,24.54933],[74.75736,24.55155],[74.75808,24.55375],[74.75697,24.55682],[74.75762,24.56059],[74.75614,24.56792],[74.75614,24.56792],[74.75443,24.57532],[74.7522,24.58304],[74.75097,24.5856],[74.74734,24.58993],[74.74865,24.59374],[74.75665,24.59761],[74.76088,24.59831],[74.77136,24.60275],[74.77799,24.6023],[74.78252,24.60407],[74.7871,24.607],[74.7909,24.60764],[74.79134,24.61428],[74.78815,24.61448],[74.7886,24.61767],[74.78563,24.62619],[74.78425,24.63365],[74.79222,24.64229],[74.79434,24.64632],[74.79386,24.64844],[74.7958,24.65157],[74.8002,24.65344],[74.80325,24.65379],[74.80583,24.65642],[74.80963,24.66681],[74.81229,24.66849],[74.81575,24.66662],[74.81802,24.66852],[74.81868,24.67331],[74.81869,24.67677],[74.81428,24.683],[74.8106,24.68338],[74.79323,24.68119],[74.79323,24.68119],[74.79285,24.67845],[74.79033,24.67582],[74.78657,24.67681],[74.77692,24.68295],[74.77615,24.68462],[74.77874,24.69011],[74.77818,24.69358],[74.78055,24.69755],[74.78178,24.70197],[74.78476,24.70639],[74.78534,24.70952],[74.78406,24.71511],[74.78849,24.71881],[74.7906,24.72351],[74.78933,24.7249],[74.78479,24.72723],[74.78232,24.73773],[74.78099,24.73963],[74.78704,24.74379],[74.79353,24.74704],[74.80079,24.74857],[74.80417,24.7517],[74.80294,24.76339],[74.80219,24.78354],[74.79952,24.7874],[74.80039,24.7925],[74.80638,24.79292],[74.8109,24.79324],[74.81604,24.77828],[74.81959,24.76217],[74.83034,24.74272],[74.83592,24.72882],[74.84989,24.70553],[74.84989,24.70552],[74.85074,24.70313],[74.85088,24.69545],[74.85285,24.69339],[74.85534,24.69351],[74.85635,24.69602],[74.85567,24.69851],[74.85502,24.70091],[74.85742,24.70197],[74.8596,24.69897],[74.86086,24.69068],[74.86351,24.68913],[74.86626,24.68885],[74.86796,24.6873],[74.8708,24.67557],[74.87373,24.67269],[74.87447,24.66626],[74.87606,24.66426],[74.87872,24.66255],[74.88123,24.66478],[74.88897,24.65448],[74.89389,24.65211],[74.89558,24.6549],[74.89459,24.65773],[74.8946,24.66061],[74.89806,24.6623],[74.90355,24.65305],[74.90673,24.65708],[74.90964,24.65832],[74.91073,24.65716],[74.91412,24.65713],[74.91589,24.65614],[74.92098,24.65514],[74.93059,24.65588],[74.93592,24.65855],[74.93833,24.65685],[74.93965,24.65787],[74.94034,24.65841],[74.94403,24.65708],[74.94505,24.65898],[74.94299,24.66351],[74.9442,24.66559],[74.95323,24.66699],[74.95386,24.67053],[74.95318,24.67314],[74.95851,24.67936],[74.95958,24.67783],[74.96047,24.67657],[74.9624,24.67556],[74.9632,24.67624],[74.96305,24.68037],[74.96227,24.68276],[74.96116,24.68339],[74.96114,24.68542],[74.96613,24.6912],[74.96344,24.6975],[74.96538,24.69712],[74.99176,24.70298],[74.99503,24.70242],[74.9979,24.70346],[75.00124,24.70511],[75.0017,24.70718],[75.00077,24.71041],[74.99798,24.71261],[74.99657,24.71277],[74.99347,24.72489],[74.99213,24.73039],[74.99341,24.74043],[74.99483,24.74935],[74.99849,24.75083],[75.02169,24.74935],[75.02279,24.76374],[75.02283,24.76685],[75.02287,24.76943],[75.02287,24.76945],[75.02154,24.77104],[75.01943,24.77732],[75.01778,24.78255],[75.01443,24.7904],[75.00856,24.79266],[74.99979,24.79431],[74.99146,24.79044],[74.97178,24.78751],[74.96296,24.78782],[74.95681,24.7891],[74.94729,24.78839],[74.93987,24.79147],[74.93075,24.79217],[74.92337,24.78514],[74.91824,24.78389],[74.91125,24.78494],[74.90645,24.79418],[74.89871,24.79594],[74.89321,24.79584],[74.88591,24.79918],[74.88179,24.80472],[74.8793,24.80993],[74.87145,24.80882],[74.8598,24.80984],[74.86066,24.79632],[74.85912,24.7914],[74.85261,24.78945],[74.85005,24.78945],[74.84194,24.80022],[74.83869,24.80527],[74.84715,24.81164],[74.85417,24.81231],[74.85867,24.81462],[74.86026,24.82578],[74.85873,24.83977],[74.85731,24.84395],[74.85715,24.84999],[74.85715,24.84999],[74.85418,24.85711],[74.84692,24.86889],[74.84363,24.87176],[74.84143,24.87735],[74.84069,24.88967],[74.8364,24.89383],[74.8284,24.89594],[74.82541,24.91162],[74.82492,24.92531],[74.82553,24.93691],[74.82632,24.9427],[74.82762,24.94902],[74.83251,24.95411],[74.83199,24.95871],[74.83409,24.96424],[74.84776,24.97107],[74.85463,24.97149],[74.86354,24.9626],[74.86495,24.95405],[74.86529,24.94432],[74.86713,24.94002],[74.8686,24.93369],[74.8787,24.93613],[74.88057,24.94553],[74.88615,24.94649],[74.89138,24.93816],[74.902,24.93645],[74.90413,24.93139],[74.90578,24.92682],[74.91442,24.92508],[74.91246,24.91998],[74.90831,24.90387],[74.91395,24.89579],[74.92096,24.89153],[74.92514,24.88876],[74.93098,24.88457],[74.93224,24.89066],[74.93695,24.89189],[74.9412,24.89015],[74.94771,24.89058],[74.95023,24.89146],[74.95172,24.88962],[74.95194,24.88663],[74.94628,24.87457],[74.95783,24.8716],[74.96504,24.87073],[74.97326,24.87202],[74.97888,24.8741],[74.98573,24.87425],[74.98573,24.87425],[74.98906,24.87258],[74.99259,24.8716],[74.99925,24.8732],[75.01422,24.87066],[75.01422,24.87066],[75.01668,24.86678],[75.02108,24.8635],[75.03138,24.8571],[75.03573,24.85515],[75.04504,24.85578],[75.05276,24.86143],[75.05883,24.86758],[75.06154,24.87125],[75.06048,24.87424],[75.05798,24.87743],[75.05804,24.87847],[75.06098,24.87784],[75.06488,24.87399],[75.06791,24.87492],[75.07527,24.88381],[75.08344,24.88564],[75.08841,24.88308],[75.0888,24.87996],[75.09012,24.87759],[75.09188,24.87622],[75.11681,24.8836],[75.12071,24.8855],[75.12128,24.89229],[75.11956,24.90161],[75.11681,24.9083],[75.12129,24.9146],[75.11965,24.94279],[75.11761,24.9501],[75.11728,24.95758],[75.12103,24.97119],[75.12178,24.97221],[75.13552,24.97167],[75.13552,24.97167],[75.14887,24.97599],[75.1458,24.97834],[75.14308,24.98044],[75.15418,24.98509],[75.16295,24.98401],[75.16647,24.98805],[75.16886,25.00249],[75.1707,25.00957],[75.16736,25.0187],[75.16131,25.02046],[75.1568,25.02527],[75.15839,25.03183],[75.16127,25.04186],[75.1691,25.04058],[75.17595,25.05017],[75.18425,25.04395],[75.18749,25.03889],[75.1966,25.03405],[75.19729,25.03387],[75.20277,25.03084],[75.20577,25.03517],[75.20769,25.03875],[75.22046,25.03776],[75.22934,25.03485],[75.23981,25.03822],[75.24687,25.03622],[75.25794,25.03632],[75.2683,25.03935],[75.28063,25.04096],[75.29494,25.03912],[75.30255,25.04025],[75.31293,25.0423],[75.3251,25.04045],[75.33862,25.04108],[75.34807,25.03899],[75.35211,25.03791],[75.35673,25.03355],[75.35254,25.02945],[75.35609,25.02491],[75.35403,25.02134],[75.35308,25.02102],[75.34555,25.01849],[75.33191,25.01383],[75.32489,25.00961],[75.32134,25.00273],[75.32549,24.99712],[75.32442,24.99235],[75.32445,24.98583],[75.32547,24.97846],[75.32871,24.97238],[75.33364,24.97228],[75.33607,24.96365],[75.33777,24.96093],[75.33984,24.95931],[75.3366,24.94683],[75.33106,24.94185],[75.32771,24.93432],[75.31978,24.90347],[75.3161,24.89668],[75.31432,24.89616],[75.3144,24.90731],[75.3106,24.92253],[75.30836,24.92522],[75.30541,24.92685],[75.30454,24.93113],[75.30578,24.93643],[75.30495,24.93941],[75.30245,24.94307],[75.29656,24.94496],[75.29271,24.94828],[75.29206,24.95237],[75.29004,24.95589],[75.29042,24.95889],[75.28782,24.96038],[75.28762,24.97295],[75.27816,24.973],[75.27374,24.96449],[75.27067,24.96181],[75.26854,24.9582],[75.27221,24.95255],[75.27386,24.94569],[75.27945,24.94417],[75.27801,24.93655],[75.28711,24.93339],[75.29011,24.92252],[75.2934,24.92122],[75.29528,24.91944],[75.29413,24.91718],[75.29012,24.9168],[75.28702,24.91908],[75.28456,24.91882],[75.28085,24.91377],[75.28014,24.90936],[75.27704,24.91061],[75.27629,24.91333],[75.27388,24.91415],[75.26919,24.9105],[75.26639,24.90361],[75.26291,24.90163],[75.26179,24.89613],[75.26357,24.88596],[75.26719,24.88447],[75.27478,24.88322],[75.28142,24.88083],[75.29024,24.87595],[75.29626,24.86764],[75.3012,24.86652],[75.31348,24.86571],[75.31987,24.87139],[75.32346,24.8789],[75.3282,24.88324],[75.33758,24.8829],[75.35235,24.88118],[75.37427,24.87416],[75.40106,24.88451],[75.40993,24.88806],[75.41658,24.88915],[75.42665,24.88888],[75.423,24.87777],[75.42301,24.87347],[75.41966,24.86475],[75.41947,24.86005],[75.41288,24.85739],[75.40199,24.85107],[75.36621,24.83872],[75.35728,24.83363],[75.34626,24.82901],[75.33962,24.82994],[75.3324,24.82796],[75.32576,24.82021],[75.32196,24.81405],[75.31512,24.8098],[75.30784,24.8096],[75.30259,24.81152],[75.30051,24.81618],[75.29981,24.82264],[75.29632,24.82666],[75.29251,24.83719],[75.28593,24.84631],[75.28105,24.84978],[75.27333,24.85265],[75.26187,24.85383],[75.25441,24.85582],[75.24974,24.85583],[75.24373,24.85726],[75.23608,24.85463],[75.23154,24.85382],[75.22939,24.85549],[75.23871,24.86722],[75.25006,24.87721],[75.25205,24.892],[75.24984,24.89623],[75.24648,24.89835],[75.24332,24.89895],[75.2382,24.89563],[75.23265,24.89075],[75.22546,24.88637],[75.22173,24.88855],[75.22342,24.89914],[75.22126,24.90284],[75.21469,24.90641],[75.21022,24.90636],[75.20946,24.901],[75.21023,24.89411],[75.2081,24.88796],[75.20488,24.88446],[75.20332,24.88056],[75.20869,24.87546],[75.21237,24.86778],[75.22048,24.85584],[75.2237,24.85454],[75.22801,24.8512],[75.2275,24.84739],[75.22973,24.8441],[75.23579,24.84296],[75.24306,24.84318],[75.24818,24.8405],[75.25172,24.83713],[75.25394,24.83348],[75.25356,24.82854],[75.25149,24.82271],[75.24871,24.81817],[75.24333,24.81576],[75.23859,24.81658],[75.22442,24.81531],[75.21931,24.81682],[75.20832,24.8063],[75.20546,24.79806],[75.20457,24.79267],[75.20545,24.78884],[75.20457,24.78518],[75.19717,24.7861],[75.19414,24.78514],[75.19133,24.77104],[75.18948,24.76647],[75.18733,24.76445],[75.18738,24.75944],[75.18864,24.75672],[75.19743,24.7564],[75.2,24.75329],[75.20371,24.74252],[75.21874,24.71878],[75.22118,24.71943],[75.22323,24.72983],[75.2259,24.73183],[75.23026,24.73146],[75.24434,24.72682],[75.25141,24.72548],[75.26391,24.72938],[75.26916,24.72904],[75.28777,24.7222],[75.30633,24.71702],[75.35293,24.71334],[75.36597,24.70575],[75.38024,24.70259],[75.39857,24.70076],[75.42187,24.69614],[75.43974,24.69169],[75.45413,24.68937],[75.48575,24.69375],[75.5082,24.70551],[75.52987,24.71398],[75.53749,24.71609],[75.54365,24.71275],[75.55097,24.71161],[75.55098,24.71161],[75.55456,24.70982],[75.57146,24.71593],[75.58441,24.71872],[75.60511,24.69729],[75.61194,24.68599],[75.61585,24.68442],[75.63657,24.68713],[75.6618,24.69767],[75.68273,24.72377],[75.71453,24.74134],[75.72585,24.74603],[75.73358,24.75144],[75.74465,24.75625],[75.76255,24.76067],[75.77549,24.75789],[75.78355,24.75901],[75.78909,24.76137],[75.80841,24.7521],[75.83077,24.73217],[75.84172,24.72569],[75.845,24.71327],[75.8366,24.68178],[75.83443,24.67558],[75.83003,24.66734],[75.83105,24.66406],[75.83997,24.66583],[75.84682,24.66518],[75.85155,24.66038],[75.85171,24.64889],[75.84679,24.63511],[75.84699,24.63056],[75.84908,24.62725],[75.84573,24.62196],[75.84098,24.61945],[75.83714,24.6196],[75.83319,24.61579],[75.83095,24.60921],[75.84204,24.6046],[75.83824,24.59342],[75.84118,24.59155],[75.84515,24.5961],[75.84786,24.60621],[75.85102,24.607],[75.8554,24.61016],[75.86634,24.60875],[75.86853,24.60318],[75.87697,24.60294],[75.87957,24.59548],[75.87869,24.58661],[75.88723,24.57757],[75.89661,24.57749],[75.90062,24.57628],[75.90578,24.57263],[75.91399,24.57286],[75.91804,24.5704],[75.92031,24.56729],[75.91876,24.56318],[75.91613,24.5611],[75.91246,24.56033],[75.91072,24.56118],[75.9086,24.55641],[75.90951,24.54802],[75.90991,24.54629],[75.91961,24.5425],[75.92341,24.53962],[75.9279,24.53411],[75.92792,24.52922],[75.92492,24.5231],[75.9122,24.51071],[75.90573,24.51556],[75.90499,24.51786],[75.89978,24.5181],[75.89538,24.51737],[75.89386,24.50544],[75.90831,24.50116],[75.90958,24.49388],[75.91466,24.48826],[75.91524,24.48142],[75.91092,24.47398],[75.91008,24.46536],[75.91222,24.45948],[75.91176,24.45199],[75.90611,24.4498],[75.90615,24.442],[75.90136,24.43746],[75.88921,24.43281],[75.87791,24.42617],[75.86386,24.41923],[75.84988,24.41488],[75.83159,24.41844],[75.82672,24.42672],[75.81512,24.43271],[75.81222,24.43716],[75.81677,24.44401],[75.8191,24.45444],[75.81772,24.46103],[75.80762,24.46869],[75.79823,24.46904],[75.79371,24.47113],[75.78932,24.46776],[75.78666,24.46067],[75.78866,24.45435],[75.78831,24.45103],[75.78613,24.44777],[75.78382,24.44985],[75.77872,24.44983],[75.77821,24.44422],[75.77074,24.43631],[75.75489,24.42755],[75.75119,24.42439],[75.75887,24.42364],[75.7583,24.41702],[75.75772,24.40529],[75.74742,24.40307],[75.74569,24.401],[75.73823,24.39943],[75.73219,24.39961],[75.73069,24.4035],[75.72928,24.40128],[75.73205,24.38551],[75.73773,24.3904],[75.74096,24.39129],[75.74196,24.38493],[75.74066,24.36219],[75.74105,24.35727],[75.74414,24.35708],[75.74416,24.34898],[75.74287,24.34575],[75.74026,24.34399],[75.75861,24.32322],[75.76743,24.30668],[75.7732,24.30477],[75.78342,24.30463],[75.79241,24.30709],[75.79983,24.31034],[75.80541,24.30831],[75.81363,24.29943],[75.81542,24.29665],[75.81336,24.29402],[75.81926,24.28673],[75.81383,24.28071],[75.8153,24.27308],[75.81415,24.26642],[75.82093,24.26421],[75.81491,24.25665],[75.81505,24.25287],[75.82044,24.24595],[75.82489,24.24333],[75.82927,24.2424],[75.82874,24.23856],[75.82367,24.23703],[75.81896,24.23794],[75.8166,24.2356],[75.81296,24.23798],[75.81011,24.23667],[75.80765,24.22573],[75.80184,24.22524],[75.79765,24.22289],[75.7942,24.21926],[75.78111,24.22044],[75.77578,24.21692],[75.77006,24.20359],[75.77189,24.19379],[75.77083,24.18936],[75.76587,24.18583],[75.76109,24.17567],[75.76046,24.17061],[75.75547,24.1604],[75.7528,24.15772],[75.7456,24.13568],[75.76157,24.13642],[75.7643,24.13708],[75.76725,24.1327],[75.77532,24.1355],[75.77847,24.13502],[75.78087,24.13073],[75.78119,24.12069],[75.78534,24.11875],[75.78695,24.11442],[75.79177,24.10587],[75.8046,24.11437],[75.81056,24.10941],[75.8144,24.09893],[75.83287,24.10397],[75.83805,24.10739],[75.83811,24.10004],[75.8349,24.09179],[75.83277,24.07764],[75.83359,24.07316],[75.83596,24.07148],[75.83171,24.06801],[75.82292,24.06666],[75.8155,24.06769],[75.80942,24.06367],[75.79111,24.05938],[75.78172,24.05817],[75.77979,24.05324],[75.7823,24.03236],[75.77985,24.02363],[75.7758,24.01522],[75.77329,24.00833],[75.76984,24.0078],[75.76521,24.01009],[75.76288,24.00903],[75.76209,24.00456],[75.76614,24.00142],[75.76605,24.00071],[75.76631,23.99856],[75.76402,23.99408],[75.75729,23.99105],[75.75151,23.99123],[75.74953,23.98961],[75.73978,23.99148],[75.73932,23.99021],[75.74007,23.98431],[75.73794,23.9809],[75.73819,23.9785],[75.73743,23.97672],[75.73501,23.97509],[75.72967,23.97568],[75.72838,23.97493],[75.72704,23.97068],[75.72521,23.96929],[75.71568,23.96825],[75.70225,23.96524],[75.70029,23.96626],[75.69973,23.96827],[75.69729,23.98208],[75.69832,23.98369],[75.69799,23.98656],[75.69495,23.98539],[75.69249,23.98566],[75.68822,23.98673],[75.68591,23.98929],[75.68536,23.99439],[75.68717,23.99853],[75.68616,24.00081],[75.68766,24.01411],[75.68414,24.01313],[75.6789,24.01628],[75.67455,24.02707],[75.67106,24.02972],[75.66119,24.02768],[75.65495,24.02378],[75.64946,24.0194],[75.64995,24.01692],[75.6477,24.01367],[75.64324,24.01457],[75.64096,24.00084],[75.64022,23.99904],[75.63647,23.99604],[75.63292,23.99653],[75.63225,23.99589],[75.62644,23.99504],[75.61344,23.99499],[75.60847,23.99248],[75.60581,23.99252],[75.59908,23.99488],[75.59428,23.99111],[75.5917,23.99259],[75.58858,23.99188],[75.58546,23.98818],[75.58199,23.99056],[75.57942,23.99587],[75.5776,23.99689],[75.57539,23.99475],[75.57093,23.99564],[75.56998,23.9974],[75.57044,24.00087],[75.57336,24.01366],[75.56856,24.01897],[75.56274,24.01984],[75.55424,24.01898],[75.54423,24.02185],[75.5335,24.02776],[75.51593,24.04501],[75.49323,24.00086],[75.49065,23.99663],[75.48743,23.99465],[75.48199,23.98866],[75.47196,23.98354],[75.46861,23.98087],[75.46615,23.97708],[75.46374,23.96446],[75.46304,23.94978],[75.46191,23.94398],[75.45855,23.93455],[75.45767,23.92852],[75.45722,23.92181],[75.45779,23.91711],[75.4622,23.91366],[75.47817,23.91111],[75.48876,23.9072],[75.50093,23.89687],[75.50128,23.89327],[75.50545,23.88826],[75.50871,23.88697],[75.51813,23.88509],[75.53015,23.87659],[75.53929,23.87306],[75.55395,23.86148],[75.5586,23.85912],[75.56206,23.85627],[75.56389,23.85446],[75.5668,23.84618],[75.56863,23.84395],[75.5745,23.84279],[75.57785,23.83961],[75.57762,23.83784],[75.5763,23.83434],[75.57372,23.83116],[75.57073,23.83097],[75.56292,23.83331],[75.56149,23.83319],[75.558,23.82794],[75.55745,23.82227],[75.55989,23.8165],[75.56392,23.81327],[75.56743,23.81203],[75.5742,23.81317],[75.58474,23.81153],[75.58588,23.81034],[75.58632,23.80514],[75.58439,23.80013],[75.58393,23.79669],[75.59312,23.79871],[75.60755,23.79996],[75.60945,23.80181],[75.61361,23.80293],[75.6181,23.80227],[75.62546,23.79682],[75.62744,23.79656],[75.63856,23.79864],[75.6426,23.79855],[75.64523,23.79812],[75.65086,23.79563],[75.65338,23.79823],[75.65836,23.78807],[75.66063,23.78522],[75.66419,23.78444],[75.66904,23.78448],[75.6728,23.78307],[75.67599,23.78074],[75.67764,23.77841],[75.68065,23.76583],[75.68605,23.75685],[75.68674,23.76293],[75.68896,23.7696],[75.69167,23.77225],[75.69833,23.78154],[75.69992,23.78426],[75.70032,23.7881],[75.69615,23.79381],[75.69568,23.8008],[75.68991,23.81034],[75.68857,23.81394],[75.68905,23.81549],[75.69191,23.81586],[75.70426,23.81337],[75.71048,23.81433],[75.71491,23.8127],[75.71739,23.8133],[75.71955,23.81526],[75.71759,23.81725],[75.71846,23.81835],[75.72254,23.81987],[75.72389,23.82313],[75.72046,23.82858],[75.71968,23.83627],[75.71745,23.84181],[75.71961,23.8432],[75.72241,23.843],[75.7257,23.84423],[75.72813,23.84964],[75.72992,23.85126],[75.73088,23.85442],[75.72932,23.86072],[75.71929,23.86098],[75.70829,23.86439],[75.70647,23.87097],[75.70529,23.87165],[75.70305,23.87117],[75.69985,23.87333],[75.69949,23.88393],[75.70038,23.88744],[75.7027,23.89112],[75.70263,23.89749],[75.7041,23.90025],[75.70885,23.89909],[75.71237,23.8966],[75.71479,23.89616],[75.71726,23.89772],[75.72463,23.89682],[75.73003,23.89829],[75.73315,23.89769],[75.73604,23.89571],[75.73828,23.89028],[75.74189,23.89042],[75.75159,23.8862],[75.759,23.88036],[75.76102,23.87751],[75.76178,23.85817],[75.76346,23.85308],[75.77146,23.85062],[75.77893,23.85005],[75.78179,23.85088],[75.78573,23.8539],[75.78695,23.85598],[75.78703,23.86154],[75.79293,23.86832],[75.79614,23.87047],[75.80459,23.86727],[75.81588,23.87042],[75.81982,23.87551],[75.8324,23.8809],[75.83903,23.87746],[75.84176,23.87869],[75.84345,23.88457],[75.85547,23.89031],[75.85865,23.89012],[75.86274,23.8917],[75.8656,23.89151],[75.86917,23.8901],[75.87445,23.88429],[75.88071,23.88066],[75.88845,23.88469],[75.89091,23.88782],[75.89606,23.88917],[75.89869,23.88879],[75.9034,23.89111],[75.90761,23.89215],[75.92341,23.90024],[75.92916,23.89796],[75.93401,23.898],[75.94033,23.90827],[75.94658,23.91228],[75.94885,23.91676],[75.95051,23.91831],[75.96882,23.9259],[75.97641,23.92757],[75.97815,23.92897],[75.97833,23.93501],[75.98327,23.93904],[75.98217,23.94818],[75.9836,23.95843],[75.98256,23.96477],[75.98257,23.97039],[75.9806,23.97607],[75.97913,23.97796],[75.96589,23.98767],[75.96368,23.99086],[75.96261,23.99347],[75.96329,24.00028],[75.96147,24.00598],[75.96258,24.02137],[75.9758,24.02743],[75.98204,24.02807],[75.98219,24.02703],[75.99255,24.02605],[75.99698,24.02788],[76.00276,24.03145],[76.00462,24.0312],[76.01144,24.03626],[76.02046,24.04052],[76.02927,24.0464],[76.03558,24.06015],[76.04255,24.06285],[76.04595,24.06989],[76.04957,24.0716],[76.06012,24.07376],[76.06637,24.07383],[76.08293,24.0799],[76.08723,24.07805],[76.09351,24.08164],[76.10171,24.08508],[76.1079,24.0918],[76.11134,24.09301],[76.11519,24.09239],[76.12605,24.08821],[76.13747,24.09116],[76.13749,24.09559],[76.13408,24.10249],[76.13284,24.10801],[76.13203,24.1148],[76.13354,24.11877],[76.13972,24.12719],[76.13727,24.13519],[76.13456,24.13979],[76.13329,24.14952],[76.13375,24.16489],[76.13175,24.1707],[76.1283,24.17398],[76.12345,24.17408],[76.1228,24.17598],[76.1237,24.17944],[76.12418,24.19223],[76.12625,24.20122],[76.13446,24.20827],[76.14474,24.21965],[76.14999,24.22358],[76.15533,24.23126],[76.15743,24.23956],[76.15275,24.25677],[76.15135,24.25983],[76.14853,24.26155],[76.14523,24.27693],[76.146,24.28108],[76.14967,24.2861],[76.15254,24.28801],[76.16576,24.28913],[76.17229,24.29185],[76.17308,24.29917],[76.17566,24.30298],[76.17444,24.30609],[76.1752,24.31134],[76.18423,24.32063],[76.18861,24.32726],[76.19317,24.32568],[76.19714,24.3166],[76.20565,24.30889],[76.20937,24.30666],[76.20811,24.30147],[76.20219,24.29305],[76.1987,24.28585],[76.19776,24.28055],[76.20528,24.2725],[76.20747,24.26479],[76.20672,24.24636],[76.20856,24.23762],[76.20928,24.22852],[76.21362,24.21862],[76.21863,24.21259],[76.22129,24.21316],[76.22642,24.21904],[76.23922,24.21964],[76.24356,24.22194],[76.25079,24.22367],[76.25494,24.22058],[76.26852,24.2173],[76.27956,24.21225],[76.28594,24.21146],[76.29035,24.21399],[76.29203,24.22131],[76.29285,24.23276],[76.29713,24.2364],[76.3061,24.24015],[76.31338,24.24211],[76.32114,24.24683],[76.33018,24.24932],[76.33829,24.24967],[76.34749,24.2476],[76.35633,24.24461],[76.36162,24.24176],[76.36454,24.24019],[76.36851,24.23701],[76.37685,24.23339],[76.39462,24.22131],[76.40346,24.21849],[76.41517,24.20525],[76.41782,24.20311],[76.42212,24.20403],[76.42594,24.2099],[76.42514,24.21635],[76.42154,24.22005],[76.42702,24.22263],[76.43289,24.22274],[76.43946,24.22068],[76.44529,24.21756],[76.45088,24.21341],[76.4567,24.21249],[76.46209,24.21653],[76.4645,24.22108],[76.46691,24.22458],[76.47344,24.22706],[76.47808,24.22435],[76.48292,24.21318],[76.48793,24.2107],[76.50045,24.2077],[76.50533,24.2047],[76.50892,24.20114],[76.5119,24.19589],[76.51399,24.1747],[76.51685,24.16854],[76.52089,24.16226],[76.52672,24.15885],[76.53495,24.15914],[76.53931,24.15988],[76.54341,24.16242],[76.54952,24.16367],[76.55833,24.16389],[76.56609,24.16808],[76.56993,24.1721],[76.57627,24.17294],[76.58335,24.17633],[76.58062,24.18695],[76.57344,24.19193],[76.57057,24.19279],[76.56938,24.19644],[76.57091,24.20255],[76.57512,24.20911],[76.58954,24.21518],[76.59625,24.21949],[76.60108,24.22553],[76.60038,24.2309],[76.59118,24.24166],[76.59173,24.24517],[76.59696,24.24649],[76.60421,24.24059],[76.6142,24.2371],[76.61769,24.23778],[76.62011,24.25843],[76.62715,24.2602],[76.63387,24.2603],[76.63862,24.25964],[76.64387,24.2579],[76.64604,24.26182],[76.64628,24.26569],[76.65107,24.26798],[76.66205,24.26338],[76.67215,24.26295],[76.6747,24.26658],[76.68261,24.26621],[76.68865,24.27825],[76.69688,24.28059],[76.69881,24.27787],[76.69721,24.26961],[76.6987,24.26337],[76.70052,24.25677],[76.70358,24.25341],[76.70527,24.24993],[76.70638,24.24438],[76.70265,24.2407],[76.69911,24.23765],[76.69163,24.22804],[76.68872,24.22043],[76.68058,24.20614],[76.67799,24.18904],[76.68819,24.18426],[76.69316,24.17932],[76.69899,24.17161],[76.70495,24.16706],[76.7163,24.16224],[76.71853,24.15981],[76.72455,24.15733],[76.73069,24.16069],[76.73324,24.16617],[76.73975,24.16744],[76.75327,24.16815],[76.7589,24.1677],[76.76124,24.1653],[76.76339,24.16146],[76.76653,24.15981],[76.77278,24.16028],[76.777,24.15439],[76.77955,24.14869],[76.79485,24.12138],[76.80114,24.11744],[76.80504,24.11596],[76.81862,24.12212],[76.82578,24.12228],[76.8317,24.1212],[76.83946,24.12686],[76.84632,24.12787],[76.85009,24.13174],[76.86002,24.13454],[76.87033,24.13443],[76.87737,24.13538],[76.88062,24.13397],[76.88163,24.13053],[76.89031,24.12734],[76.90403,24.1267],[76.9099,24.14876],[76.91535,24.17246],[76.91902,24.17893],[76.92028,24.18428],[76.93141,24.18221],[76.93735,24.18242],[76.94807,24.1944],[76.94904,24.19885],[76.94865,24.20183],[76.94676,24.20388],[76.94105,24.20533],[76.93587,24.20508],[76.93244,24.20908],[76.92677,24.21233],[76.92347,24.21621],[76.92276,24.22194],[76.92066,24.2275],[76.91538,24.23314],[76.90807,24.23721],[76.90154,24.24261],[76.87839,24.26661],[76.87412,24.2721],[76.87122,24.27636],[76.86778,24.28526],[76.86799,24.28932],[76.86683,24.29433],[76.86399,24.30078],[76.86297,24.30781],[76.84909,24.32347],[76.84437,24.33421],[76.84306,24.3381],[76.84241,24.35045],[76.84118,24.35619],[76.84307,24.36018],[76.85328,24.36368],[76.85591,24.3657],[76.85655,24.37033],[76.85223,24.37429],[76.85438,24.38442],[76.85258,24.39172],[76.84665,24.40397],[76.84014,24.41202],[76.84195,24.41353],[76.84652,24.41364],[76.85029,24.41478],[76.85356,24.42069],[76.85539,24.43082],[76.85495,24.43279],[76.84546,24.43825],[76.84218,24.44603],[76.84291,24.44959],[76.85024,24.4487],[76.85278,24.45417],[76.85331,24.4598],[76.85566,24.46453],[76.8549,24.46937],[76.85063,24.47087],[76.85113,24.48296],[76.84962,24.48631],[76.84667,24.48914],[76.83965,24.48979],[76.83888,24.49371],[76.83244,24.50576],[76.82355,24.52001],[76.81875,24.52504],[76.8185,24.52769],[76.81893,24.52976],[76.82336,24.53195],[76.83111,24.53417],[76.8355,24.53858],[76.84259,24.54384],[76.85044,24.54639],[76.85722,24.5464],[76.87062,24.54473],[76.8764,24.54126],[76.87855,24.53842],[76.87919,24.53582],[76.87732,24.52742],[76.88015,24.52156],[76.88398,24.52069],[76.8934,24.52214],[76.89804,24.53083],[76.89734,24.53505],[76.90224,24.53906],[76.9043,24.54317],[76.90688,24.54288],[76.91736,24.53893],[76.92018,24.53574],[76.92286,24.53097],[76.92329,24.52535],[76.9234,24.51976],[76.92181,24.51234],[76.91973,24.50678],[76.91908,24.48305],[76.92733,24.47604],[76.9353,24.47209],[76.94155,24.46778],[76.94554,24.46274],[76.95733,24.45932],[76.96464,24.45562],[76.9698,24.45625],[76.97946,24.46031],[76.98206,24.46736],[76.98417,24.47001],[76.99705,24.46884],[77.00274,24.47086],[77.00609,24.47327],[77.00712,24.47888],[77.01145,24.48292],[77.00953,24.48476],[77.00931,24.48732],[77.01057,24.48931],[77.01326,24.49031],[77.01692,24.48974],[77.02047,24.49027],[77.02527,24.49329],[77.02866,24.49668],[77.0294,24.5124],[77.03133,24.51676],[77.03374,24.51911],[77.03462,24.52241],[77.03659,24.52413],[77.04371,24.52197],[77.05497,24.52187],[77.05561,24.53248],[77.05665,24.53659],[77.05809,24.5395],[77.06624,24.5501],[77.06905,24.55944],[77.06943,24.56523],[77.06828,24.58064],[77.0632,24.59011],[77.06309,24.59649],[77.06511,24.60139],[77.06589,24.60581],[77.06591,24.61987],[77.06508,24.63299],[77.06426,24.6377],[77.05895,24.64938],[77.05373,24.65658],[77.04182,24.678],[77.03972,24.68382],[77.03931,24.69372],[77.03829,24.6982],[77.03148,24.70616],[77.02746,24.70896],[77.02406,24.7102],[77.01888,24.71067],[77.00902,24.70891],[76.99691,24.71265],[76.98708,24.72012],[76.97674,24.72692],[76.97325,24.73134],[76.97009,24.73935],[76.9686,24.7457],[76.96808,24.75479],[76.96108,24.75955],[76.95651,24.76069],[76.95054,24.75929],[76.92641,24.74409],[76.91408,24.74207],[76.90794,24.74131],[76.90299,24.74303],[76.9016,24.74586],[76.89135,24.74942],[76.87275,24.74485],[76.86546,24.74397],[76.85189,24.74568],[76.84962,24.74741],[76.85163,24.76031],[76.85135,24.76526],[76.8405,24.78033],[76.83041,24.78864],[76.82032,24.79893],[76.8133,24.81024],[76.80871,24.81186],[76.80618,24.81509],[76.80529,24.81982],[76.80691,24.82182],[76.81581,24.8235],[76.82138,24.82775],[76.82774,24.8301],[76.8318,24.8336],[76.83632,24.83549],[76.84218,24.8363],[76.84686,24.83533],[76.85601,24.83546],[76.86805,24.83692],[76.88284,24.83477],[76.8998,24.83474],[76.91321,24.8403],[76.91634,24.84281],[76.91986,24.8439],[76.93133,24.84499],[76.94797,24.85525],[76.94913,24.86066],[76.9515,24.86345],[76.95381,24.86806],[76.95158,24.86938],[76.94673,24.86989],[76.94059,24.87388],[76.93883,24.87946],[76.92661,24.87891],[76.92236,24.87998],[76.91869,24.88307],[76.91699,24.88832],[76.91754,24.89243],[76.92061,24.89636],[76.92518,24.90007],[76.9295,24.90555],[76.92841,24.90943],[76.92575,24.91195],[76.91228,24.91844],[76.89607,24.91486],[76.895,24.91824],[76.89732,24.92427],[76.89809,24.9306],[76.88456,24.94094],[76.87692,24.94978],[76.87823,24.95274],[76.87642,24.95649],[76.87213,24.96061],[76.87131,24.96696],[76.87454,24.98706],[76.87295,24.99653],[76.86441,25.00207],[76.85923,25.00546],[76.86545,25.00555],[76.87423,25.00625],[76.87941,25.00826],[76.88173,25.01121],[76.88165,25.01508],[76.88322,25.02098],[76.88699,25.02924],[76.90604,25.02917],[76.91475,25.0308],[76.92268,25.03515],[76.93491,25.0367],[76.95856,25.04357],[76.96637,25.0491],[76.97374,25.05104],[76.97635,25.05567],[76.97694,25.06193],[76.97978,25.06576],[76.98879,25.07265],[76.99888,25.07503],[77.00544,25.07481],[77.0111,25.07365],[77.01752,25.06999],[77.02283,25.06725],[77.02556,25.06651],[77.02989,25.06687],[77.03452,25.06699],[77.04448,25.06319],[77.04953,25.06084],[77.06016,25.05833],[77.06656,25.05646],[77.07325,25.05476],[77.08247,25.05306],[77.08952,25.05771],[77.09569,25.06142],[77.10778,25.06429],[77.11976,25.06415],[77.13359,25.08409],[77.14551,25.09124],[77.14581,25.08594],[77.16309,25.08331],[77.16997,25.09359],[77.16823,25.10474],[77.175,25.10874],[77.18848,25.10682],[77.1942,25.10683],[77.20282,25.11168],[77.21126,25.10743],[77.22631,25.10525],[77.24716,25.10772],[77.26779,25.11425],[77.28111,25.10712],[77.28999,25.09921],[77.2969,25.08911],[77.3015,25.0821],[77.30839,25.07887],[77.31255,25.08075],[77.31541,25.08139],[77.31946,25.08256],[77.32597,25.08571],[77.33361,25.08839],[77.33804,25.09156],[77.35429,25.09278],[77.36279,25.09653],[77.36643,25.09933],[77.37417,25.10347],[77.37405,25.10911],[77.38082,25.11179],[77.39236,25.11693],[77.39795,25.11238],[77.39887,25.11025],[77.40126,25.10697],[77.40424,25.10824],[77.4038,25.11138],[77.39958,25.11828],[77.39431,25.1222],[77.39263,25.12793],[77.3931,25.13305],[77.39502,25.146],[77.3949,25.15489],[77.39536,25.16333],[77.39704,25.16964],[77.39707,25.17459],[77.39646,25.18313],[77.40883,25.18148],[77.41346,25.18499],[77.42055,25.18436],[77.4238,25.18795],[77.41954,25.19446],[77.41714,25.20151],[77.41532,25.20735],[77.41222,25.2212],[77.40662,25.22261],[77.39747,25.22606],[77.38584,25.24034],[77.38138,25.24393],[77.37626,25.24587],[77.36851,25.24498],[77.36782,25.25084],[77.36609,25.25576],[77.36249,25.2607],[77.35546,25.26667],[77.36582,25.27512],[77.36888,25.27866],[77.37254,25.28029],[77.37531,25.28342],[77.37844,25.28918],[77.37922,25.29425],[77.37964,25.29507],[77.38065,25.30073],[77.38049,25.30544],[77.37951,25.31037],[77.37766,25.3151],[77.37481,25.31953],[77.37167,25.32338],[77.36963,25.32787],[77.35904,25.32723],[77.35519,25.31901],[77.34225,25.32047],[77.34978,25.33223],[77.36101,25.35924],[77.36195,25.36275],[77.35972,25.3644],[77.35759,25.36721],[77.35432,25.3704],[77.35066,25.37465],[77.35058,25.3782],[77.35018,25.38278],[77.35202,25.38735],[77.35567,25.39323],[77.35989,25.39848],[77.3636,25.40413],[77.36729,25.4078],[77.3603,25.41885],[77.34966,25.41727],[77.34302,25.41959],[77.33517,25.42341],[77.32283,25.42768],[77.31122,25.43125],[77.30145,25.42654],[77.28887,25.41845],[77.27882,25.40686],[77.26577,25.39433],[77.25544,25.38978],[77.24996,25.38449],[77.24045,25.37995],[77.23141,25.37413],[77.226,25.36832],[77.22688,25.35599],[77.22273,25.34415],[77.22309,25.33216],[77.22372,25.32623],[77.22071,25.31941],[77.21607,25.31939],[77.2151,25.32356],[77.21888,25.32666],[77.21638,25.3286],[77.21094,25.32796],[77.20384,25.32544],[77.20427,25.31957],[77.20602,25.31365],[77.21081,25.30635],[77.20304,25.30591],[77.19618,25.30659],[77.18774,25.30823],[77.17903,25.3101],[77.17337,25.31045],[77.16719,25.30858],[77.15916,25.30818],[77.15459,25.3103],[77.1419,25.31906],[77.1345,25.32036],[77.12699,25.32618],[77.12135,25.33],[77.11369,25.33022],[77.10732,25.33006],[77.09817,25.33222],[77.0886,25.33474],[77.081,25.33464],[77.07696,25.33079],[77.07336,25.32462],[77.06896,25.3191],[77.06373,25.31688],[77.05849,25.31565],[77.05364,25.31605],[77.05026,25.31741],[77.04481,25.32002],[77.04351,25.31433],[77.03957,25.30685],[77.02961,25.29608],[77.02302,25.29654],[77.0155,25.29651],[77.00877,25.2968],[76.99806,25.29681],[76.96407,25.29218],[76.96201,25.28644],[76.96059,25.27961],[76.95801,25.27356],[76.95369,25.27154],[76.94711,25.27038],[76.93922,25.27093],[76.93397,25.27418],[76.93791,25.28248],[76.93449,25.29231],[76.92825,25.29641],[76.92064,25.304],[76.90991,25.31287],[76.89849,25.31743],[76.88683,25.31788],[76.87224,25.32019],[76.85897,25.32474],[76.84819,25.32557],[76.83868,25.32188],[76.82694,25.3221],[76.80041,25.31688],[76.77793,25.31098],[76.77519,25.30727],[76.76085,25.31365],[76.73884,25.32161],[76.72818,25.32707],[76.7219,25.33396],[76.71961,25.33754],[76.70826,25.34271],[76.6861,25.34058],[76.67777,25.34513],[76.66983,25.35262],[76.6625,25.35655],[76.6486,25.37151],[76.64128,25.37544],[76.63046,25.37023],[76.62414,25.37386],[76.61984,25.37923],[76.61453,25.38344],[76.60749,25.38411],[76.60402,25.40043],[76.59394,25.42661],[76.58795,25.43082],[76.57924,25.4318],[76.56924,25.43753],[76.56846,25.43914],[76.56563,25.44498],[76.56459,25.46838],[76.56132,25.47494],[76.55565,25.47944],[76.55169,25.48481],[76.54709,25.49255],[76.54517,25.50087],[76.54288,25.50534],[76.53956,25.50863],[76.53356,25.51284],[76.5276,25.51942],[76.52532,25.52507],[76.52747,25.5366],[76.52724,25.54549],[76.52531,25.55203],[76.52138,25.56066],[76.51742,25.56692],[76.51483,25.57494],[76.51492,25.58234],[76.52088,25.60212],[76.51985,25.62879],[76.51588,25.63328],[76.51049,25.63334],[76.50585,25.63841],[76.50456,25.64346],[76.51596,25.66794],[76.51297,25.67122],[76.49422,25.67851],[76.48689,25.68452],[76.48292,25.69018],[76.48306,25.70114],[76.48757,25.71324],[76.50822,25.72369],[76.51598,25.7251],[76.53181,25.72612],[76.53589,25.72904],[76.53566,25.73882],[76.52753,25.76142],[76.52797,25.76941],[76.53465,25.79303],[76.54085,25.80423],[76.54702,25.81245],[76.55486,25.82008],[76.57222,25.8347],[76.59078,25.86273],[76.59825,25.86917],[76.60299,25.87148],[76.62208,25.86624],[76.63217,25.86584],[76.63725,25.87022],[76.6412,25.8909],[76.64396,25.8965],[76.64704,25.90121],[76.65177,25.90382],[76.66221,25.90577],[76.68004,25.90675],[76.68975,25.90515],[76.70215,25.90205],[76.71118,25.8984],[76.72022,25.89592],[76.72795,25.89524],[76.73906,25.89747],[76.75123,25.90414],[76.7614,25.91113],[76.76821,25.91696],[76.76858,25.92021],[76.76257,25.92324],[76.75925,25.92714],[76.75863,25.9307],[76.75936,25.93454],[76.76174,25.93659],[76.76648,25.93742],[76.78262,25.93427],[76.79177,25.93534],[76.80067,25.93909],[76.8122,25.94785],[76.82218,25.96199],[76.82482,25.9661],[76.824,25.97913],[76.82581,25.98353],[76.82924,25.98757],[76.8356,25.99077],[76.84303,25.99687],[76.84624,26.00612],[76.83642,26.02443],[76.84413,26.03122],[76.84689,26.03262],[76.85178,26.0351],[76.85782,26.03834],[76.86382,26.04338],[76.87001,26.04649],[76.87652,26.05126],[76.87866,26.05896],[76.88309,26.06685],[76.88835,26.0734],[76.88903,26.08123],[76.89395,26.08811],[76.90149,26.09281],[76.91251,26.09588],[76.92455,26.09742],[76.93519,26.09744],[76.94496,26.10084],[76.94814,26.10288],[76.95978,26.11007],[76.97487,26.11878],[76.99236,26.12708],[77.00083,26.13251],[77.00282,26.14245],[77.00607,26.14735],[77.01119,26.15395],[77.01412,26.15529],[77.01764,26.16002],[77.03031,26.17088],[77.04118,26.17663],[77.05144,26.17964],[77.0591,26.18086],[77.06543,26.18004],[77.07542,26.18009],[77.09114,26.18184],[77.09821,26.18555],[77.10296,26.1901],[77.10478,26.19693],[77.11164,26.20376],[77.11245,26.21402],[77.11598,26.21973],[77.11599,26.21973],[77.12024,26.22601],[77.12027,26.22602],[77.13065,26.23258],[77.13616,26.23429],[77.1499,26.23288],[77.15942,26.23258],[77.16468,26.23316],[77.16797,26.23685],[77.1716,26.23913],[77.1769,26.23913],[77.18421,26.23372],[77.19119,26.23144],[77.20117,26.23059],[77.2098,26.23201],[77.21511,26.23884],[77.24461,26.25731],[77.25824,26.26161],[77.27387,26.27074],[77.29679,26.29016],[77.31508,26.30955],[77.3154,26.31611],[77.31872,26.32837],[77.32503,26.34092],[77.33102,26.34264],[77.33401,26.34178],[77.33634,26.34264],[77.34167,26.35176],[77.35365,26.35491],[77.36729,26.36404],[77.37328,26.36603],[77.38593,26.35835],[77.38993,26.35692],[77.39292,26.35692],[77.40158,26.3612],[77.40891,26.3632],[77.41491,26.36349],[77.42256,26.36263],[77.43954,26.3595],[77.44387,26.36263],[77.44654,26.36748],[77.44686,26.37318],[77.44087,26.38202],[77.43355,26.39],[77.43254,26.39655],[77.43487,26.4014],[77.4412,26.40368],[77.46619,26.40568],[77.48217,26.40909],[77.50115,26.40804],[77.51315,26.40737],[77.53013,26.40936],[77.53712,26.41249],[77.54447,26.4179],[77.5498,26.42389],[77.55447,26.43072],[77.5588,26.43499],[77.56647,26.43528],[77.57646,26.43754],[77.58646,26.44551],[77.60646,26.44863],[77.61613,26.45375],[77.6228,26.46087],[77.62415,26.46628],[77.62749,26.47141],[77.63416,26.47739],[77.64683,26.48364],[77.65385,26.48819],[77.66219,26.4916],[77.6752,26.5027],[77.67854,26.50412],[77.68553,26.49983],[77.69353,26.49697],[77.70253,26.49525],[77.72152,26.49863],[77.72854,26.50289],[77.73456,26.50972],[77.73826,26.52425],[77.74697,26.53705],[77.75196,26.53961],[77.75765,26.54102],[77.76566,26.54499],[77.77467,26.54782],[77.79068,26.54694],[77.80533,26.54462],[77.812,26.54574],[77.82069,26.54914],[77.82537,26.55455],[77.83242,26.56707],[77.83213,26.57875],[77.82616,26.58818],[77.82818,26.59416],[77.83319,26.59956],[77.84189,26.60609],[77.85024,26.60949],[77.85925,26.61031],[77.87821,26.61292],[77.88723,26.61459],[77.89664,26.6271],[77.89802,26.63481],[77.89876,26.6488],[77.90248,26.65649],[77.91151,26.66045],[77.93184,26.65927],[77.94784,26.65699],[77.95584,26.65932],[77.96151,26.66369],[77.9685,26.6658],[77.97678,26.67091],[77.98371,26.67756],[77.99657,26.69425],[78.00024,26.6969],[78.01994,26.6944],[78.02725,26.69188],[78.03961,26.6856],[78.05118,26.68531],[78.05718,26.68405],[78.06427,26.68016],[78.069,26.67611],[78.07319,26.67389],[78.07747,26.67276],[78.08345,26.67244],[78.0867,26.67457],[78.09382,26.6773],[78.09616,26.68091],[78.09709,26.69497],[78.09464,26.71869],[78.09491,26.72601],[78.0973,26.73233],[78.10417,26.73799],[78.11987,26.74387],[78.12426,26.74885],[78.12302,26.75303],[78.11925,26.75635],[78.10873,26.7606],[78.10528,26.76364],[78.10389,26.76603],[78.10266,26.77764],[78.1036,26.78365],[78.10806,26.79123],[78.11377,26.79496],[78.12117,26.79677],[78.12727,26.79677],[78.13957,26.79337],[78.14873,26.78785],[78.15406,26.78593],[78.16806,26.78533],[78.1844,26.7857],[78.18805,26.78777],[78.18873,26.79124],[78.18767,26.79537],[78.17172,26.81414],[78.16927,26.82123],[78.17188,26.82405],[78.1759,26.82614],[78.18161,26.82677],[78.18789,26.82521],[78.20045,26.82401],[78.21115,26.82651],[78.21817,26.83028],[78.22538,26.83185],[78.23137,26.83139],[78.24518,26.82588],[78.25592,26.81807],[78.26401,26.81448],[78.26928,26.81515],[78.27371,26.81885],[78.27518,26.827],[78.27488,26.83518],[78.27622,26.84384],[78.2792,26.84977],[78.2847,26.85465],[78.29054,26.85827],[78.30317,26.86246],[78.31048,26.86329],[78.32447,26.86353],[78.33225,26.86281],[78.3497,26.86813],[78.35989,26.86854],[78.37102,26.8655],[78.37317,26.863]],[[81.19785,23.28945],[81.20297,23.27852],[81.19904,23.28692],[81.19785,23.28945]],[[80.45732,25.00409],[80.44947,25.0052],[80.44229,25.0042],[80.44101,25.00259],[80.43848,25.00165],[80.438,25.00015],[80.4408,24.99509],[80.44802,24.99631],[80.45118,25.00023],[80.45292,25.00206],[80.4564,25.00239],[80.45732,25.00409]],[[79.39956,25.03069],[79.40447,25.03265],[79.40736,25.0325],[79.41314,25.03364],[79.41715,25.03703],[79.42096,25.04302],[79.42431,25.04493],[79.42583,25.04876],[79.42607,25.05249],[79.42415,25.05683],[79.40983,25.0634],[79.40895,25.06727],[79.40906,25.07337],[79.40679,25.07662],[79.40034,25.08154],[79.39158,25.08323],[79.39075,25.08606],[79.39068,25.09376],[79.38883,25.09885],[79.38402,25.10444],[79.38207,25.10803],[79.38262,25.11078],[79.38468,25.1134],[79.381,25.12143],[79.37795,25.12315],[79.37424,25.12309],[79.36727,25.12704],[79.36692,25.12871],[79.37185,25.13737],[79.37411,25.14027],[79.37614,25.14098],[79.36357,25.14191],[79.36173,25.14067],[79.35423,25.12539],[79.35809,25.12372],[79.35401,25.12097],[79.35222,25.11881],[79.35274,25.11598],[79.35401,25.11292],[79.3572,25.10908],[79.37757,25.10177],[79.38116,25.09902],[79.38075,25.09662],[79.37611,25.0938],[79.37518,25.09054],[79.37651,25.08776],[79.38115,25.0832],[79.3811,25.07981],[79.37828,25.06873],[79.37908,25.06693],[79.38219,25.06545],[79.38212,25.0647],[79.3812,25.06246],[79.37466,25.06187],[79.36851,25.05793],[79.36012,25.06498],[79.35463,25.06748],[79.35394,25.06731],[79.35139,25.06108],[79.35994,25.05721],[79.36185,25.0547],[79.36046,25.05438],[79.35897,25.05549],[79.35821,25.05516],[79.36181,25.05205],[79.36196,25.04912],[79.35949,25.03983],[79.36066,25.03884],[79.36707,25.03943],[79.36883,25.044],[79.36843,25.04614],[79.36538,25.04768],[79.37404,25.05047],[79.37561,25.05034],[79.37732,25.0476],[79.37681,25.04353],[79.38068,25.04272],[79.38103,25.04105],[79.38323,25.0405],[79.38668,25.04046],[79.38811,25.03969],[79.38737,25.03659],[79.39707,25.03228],[79.39755,25.03061],[79.39956,25.03069]],[[79.37148,25.1812],[79.36271,25.18661],[79.36009,25.18464],[79.3568,25.17653],[79.35658,25.17429],[79.36329,25.17012],[79.36782,25.16999],[79.36914,25.17044],[79.37393,25.17772],[79.37321,25.17974],[79.37148,25.1812]]]]}}]}