{"type":"FeatureCollection","features":[{"type":"Feature","properties":{"id":"maharashtra","name":"Maharashtra","type":"state"},"geometry":{"type":"MultiPolygon","coordinates":[[[[73.4627,16.0371],[73.46178,16.03573],[73.45649,16.03779],[73.45583,16.04167],[73.45517,16.0457],[73.45599,16.04706],[73.45622,16.04754],[73.45806,16.04802],[73.4596,16.04759],[73.4608,16.04645],[73.4617,16.04201],[73.4627,16.0371]]],[[[73.38701,16.61594],[73.38541,16.61585],[73.38423,16.61595],[73.38349,16.61602],[73.38241,16.6174],[73.38248,16.61944],[73.38407,16.62126],[73.38539,16.62154],[73.38604,16.62167],[73.38844,16.62007],[73.38847,16.61805],[73.38701,16.61594]]],[[[72.72958,19.46429],[72.73431,19.46203],[72.73569,19.45887],[72.73599,19.45777],[72.73604,19.45337],[72.73535,19.45266],[72.73535,19.45266],[72.73535,19.45266],[72.73418,19.45241],[72.73065,19.45515],[72.72932,19.45814],[72.72891,19.45884],[72.72808,19.46127],[72.72804,19.46297],[72.72958,19.46429],[72.72958,19.46429],[72.72958,19.46429]]],[[[74.44816,22.00699],[74.45048,22.00419],[74.45057,22.00029],[74.4466,22.00348],[74.44237,22.00489],[74.44045,22.00419],[74.43282,22.00027],[74.43289,21.99752],[74.43769,21.99448],[74.43926,21.99167],[74.43964,21.98111],[74.44378,21.97432],[74.44524,21.96917],[74.44831,21.96554],[74.45659,21.96087],[74.46081,21.96124],[74.46397,21.96282],[74.46886,21.96354],[74.4718,21.96073],[74.47455,21.95956],[74.47962,21.96045],[74.48119,21.95876],[74.48239,21.95554],[74.486,21.95478],[74.4901,21.9525],[74.48655,21.94517],[74.48905,21.94347],[74.49351,21.94442],[74.51232,21.93192],[74.51237,21.92587],[74.51141,21.92048],[74.51411,21.91556],[74.52077,21.91106],[74.52428,21.90678],[74.52425,21.90145],[74.51822,21.89352],[74.51515,21.88812],[74.51449,21.88426],[74.51419,21.87292],[74.51369,21.85453],[74.50845,21.81928],[74.50594,21.81394],[74.50024,21.80525],[74.49974,21.79587],[74.50256,21.78069],[74.50291,21.77981],[74.50323,21.77891],[74.50355,21.77801],[74.50388,21.77711],[74.50422,21.77622],[74.50458,21.77534],[74.505,21.77451],[74.50547,21.7737],[74.50605,21.77298],[74.50679,21.77235],[74.50762,21.77178],[74.50844,21.77119],[74.50916,21.77055],[74.50982,21.76983],[74.51052,21.76911],[74.51123,21.76838],[74.51191,21.76764],[74.51256,21.76688],[74.51312,21.76611],[74.5136,21.7653],[74.51395,21.76447],[74.51418,21.76361],[74.51433,21.7627],[74.51444,21.76179],[74.5145,21.76084],[74.5145,21.75988],[74.51447,21.75891],[74.5144,21.75795],[74.51429,21.75698],[74.51416,21.75602],[74.51399,21.75508],[74.5138,21.75416],[74.51359,21.75326],[74.51324,21.75243],[74.51257,21.75169],[74.51175,21.75102],[74.51095,21.75035],[74.51035,21.74962],[74.5101,21.74878],[74.51005,21.7479],[74.51012,21.74699],[74.51024,21.74606],[74.51042,21.74512],[74.51063,21.74418],[74.51084,21.74322],[74.51104,21.74227],[74.51119,21.74132],[74.51128,21.74037],[74.51128,21.73944],[74.51119,21.73852],[74.51104,21.7376],[74.51083,21.73667],[74.5106,21.73576],[74.51032,21.73484],[74.51004,21.73391],[74.50973,21.73301],[74.50941,21.73209],[74.50911,21.73118],[74.50882,21.73026],[74.50854,21.72935],[74.50829,21.72845],[74.50808,21.72754],[74.50791,21.72665],[74.50779,21.72575],[74.50775,21.72485],[74.50793,21.72395],[74.50829,21.72305],[74.5088,21.72219],[74.50942,21.72137],[74.51008,21.72063],[74.51076,21.71998],[74.51153,21.71939],[74.51238,21.71886],[74.51326,21.71839],[74.51419,21.71796],[74.51511,21.71757],[74.51603,21.71721],[74.51698,21.71689],[74.51794,21.71661],[74.51892,21.71638],[74.51991,21.71617],[74.52089,21.71602],[74.52189,21.7159],[74.52289,21.71581],[74.52388,21.71573],[74.52489,21.71567],[74.52589,21.71562],[74.5269,21.71557],[74.52791,21.71556],[74.52891,21.71556],[74.52992,21.71557],[74.53092,21.71561],[74.53191,21.71567],[74.53292,21.71579],[74.53396,21.71595],[74.535,21.71617],[74.53606,21.71641],[74.53712,21.71669],[74.53818,21.71696],[74.53924,21.71723],[74.54028,21.71749],[74.54131,21.71772],[74.54232,21.7179],[74.5433,21.71804],[74.54425,21.71811],[74.54517,21.7181],[74.54605,21.71799],[74.54687,21.71779],[74.54764,21.71747],[74.54837,21.71702],[74.54904,21.71647],[74.54968,21.71582],[74.55028,21.71509],[74.55084,21.71429],[74.55137,21.71344],[74.55189,21.71254],[74.55238,21.71162],[74.55286,21.71068],[74.55334,21.70974],[74.5538,21.70881],[74.55427,21.70791],[74.55475,21.70705],[74.55523,21.70623],[74.55571,21.70538],[74.55615,21.70453],[74.55656,21.70366],[74.55692,21.70277],[74.55723,21.70187],[74.55747,21.70096],[74.55761,21.70005],[74.55773,21.69912],[74.55782,21.69819],[74.55791,21.69724],[74.55799,21.69627],[74.55805,21.69531],[74.5581,21.69434],[74.55812,21.69338],[74.55812,21.69242],[74.55809,21.69146],[74.55805,21.69051],[74.55796,21.68959],[74.55786,21.68867],[74.55771,21.68778],[74.55752,21.6869],[74.5572,21.68607],[74.55644,21.68537],[74.55541,21.68476],[74.55438,21.68419],[74.55359,21.68363],[74.55325,21.68302],[74.55344,21.68234],[74.55392,21.68162],[74.55465,21.68087],[74.55552,21.68016],[74.55645,21.6795],[74.55738,21.67894],[74.55825,21.6785],[74.55928,21.67818],[74.56037,21.67798],[74.56144,21.67793],[74.56236,21.67804],[74.56292,21.67852],[74.56301,21.67962],[74.56319,21.68067],[74.56392,21.68111],[74.56481,21.6814],[74.56574,21.68165],[74.56669,21.68187],[74.56768,21.68206],[74.56868,21.68223],[74.5697,21.68238],[74.57074,21.6825],[74.57178,21.68263],[74.57281,21.68273],[74.57383,21.68284],[74.57483,21.68294],[74.57585,21.68306],[74.57699,21.68321],[74.57813,21.68333],[74.57921,21.68334],[74.58016,21.68319],[74.58088,21.6828],[74.58142,21.68218],[74.58188,21.68144],[74.58229,21.6806],[74.58262,21.67969],[74.58291,21.67873],[74.58315,21.67772],[74.58334,21.67672],[74.5835,21.67572],[74.58361,21.67477],[74.58366,21.67385],[74.58342,21.67293],[74.58298,21.67199],[74.58251,21.67107],[74.58218,21.67017],[74.58216,21.66932],[74.58246,21.66848],[74.58284,21.6676],[74.58329,21.66669],[74.5838,21.66578],[74.58438,21.6649],[74.58502,21.66408],[74.58571,21.66334],[74.58647,21.66272],[74.58726,21.66223],[74.58811,21.6619],[74.58899,21.66165],[74.58991,21.66148],[74.59086,21.66135],[74.59182,21.66128],[74.59281,21.66123],[74.59382,21.66123],[74.59484,21.66126],[74.59588,21.66129],[74.59692,21.66134],[74.59797,21.66139],[74.59902,21.66144],[74.60007,21.66148],[74.60111,21.66149],[74.60215,21.66148],[74.60317,21.66144],[74.60418,21.66134],[74.60517,21.6612],[74.60616,21.66105],[74.60714,21.66088],[74.60812,21.66069],[74.60909,21.66051],[74.61007,21.66031],[74.61105,21.66011],[74.61203,21.65989],[74.61301,21.65968],[74.61397,21.65945],[74.61494,21.65922],[74.61592,21.65899],[74.61689,21.65876],[74.61786,21.65852],[74.61883,21.65828],[74.6198,21.65804],[74.62077,21.6578],[74.62175,21.65756],[74.62272,21.65733],[74.62369,21.65709],[74.62467,21.65686],[74.62564,21.65663],[74.62662,21.6564],[74.62759,21.65618],[74.62856,21.65597],[74.62954,21.65576],[74.63052,21.65556],[74.6315,21.65537],[74.63248,21.65519],[74.63347,21.65501],[74.63445,21.65485],[74.63544,21.65469],[74.63643,21.65454],[74.63743,21.65441],[74.63842,21.65426],[74.6394,21.65413],[74.64041,21.654],[74.6414,21.65387],[74.64239,21.65375],[74.64339,21.65363],[74.64438,21.6535],[74.64538,21.65338],[74.64637,21.65326],[74.64737,21.65313],[74.64836,21.653],[74.64935,21.65287],[74.65034,21.65273],[74.65133,21.6526],[74.65233,21.65244],[74.65331,21.65229],[74.65429,21.65212],[74.65527,21.65195],[74.65626,21.65178],[74.65723,21.65158],[74.65822,21.65137],[74.65919,21.65114],[74.66017,21.65089],[74.66114,21.65063],[74.6621,21.65034],[74.66305,21.65003],[74.66399,21.64971],[74.66492,21.64935],[74.66583,21.64898],[74.66672,21.64857],[74.6676,21.64813],[74.66846,21.64766],[74.66931,21.64716],[74.67015,21.64664],[74.67098,21.64611],[74.67181,21.64556],[74.67262,21.645],[74.67342,21.64444],[74.67424,21.64389],[74.67505,21.64333],[74.67585,21.64277],[74.67665,21.6422],[74.67744,21.64163],[74.67824,21.64105],[74.67902,21.64047],[74.6798,21.63988],[74.68058,21.63929],[74.68138,21.63871],[74.68215,21.63812],[74.68294,21.63754],[74.68372,21.63695],[74.6845,21.63637],[74.68529,21.63579],[74.68609,21.63521],[74.68688,21.63464],[74.68768,21.63408],[74.68849,21.63352],[74.68929,21.63297],[74.69011,21.63243],[74.69094,21.63191],[74.69178,21.63139],[74.69264,21.63089],[74.69351,21.63041],[74.69438,21.62995],[74.69527,21.62952],[74.69617,21.6291],[74.69709,21.62872],[74.69802,21.62836],[74.69894,21.62802],[74.69988,21.62769],[74.70081,21.62736],[74.70177,21.62705],[74.70271,21.62675],[74.70365,21.62644],[74.70462,21.62616],[74.70557,21.62587],[74.70653,21.62559],[74.70749,21.62532],[74.70845,21.62505],[74.70942,21.62479],[74.71038,21.62454],[74.71135,21.62429],[74.71232,21.62405],[74.71329,21.62381],[74.71426,21.62358],[74.71523,21.62335],[74.71621,21.62311],[74.71718,21.62288],[74.71814,21.62266],[74.71911,21.62244],[74.72009,21.62221],[74.72106,21.62199],[74.72204,21.62176],[74.72301,21.62155],[74.72399,21.62132],[74.72496,21.62111],[74.72593,21.62089],[74.72691,21.62067],[74.72789,21.62046],[74.72886,21.62024],[74.72983,21.62003],[74.73081,21.61982],[74.73179,21.61961],[74.73277,21.6194],[74.73374,21.61919],[74.73472,21.61898],[74.7357,21.61877],[74.73667,21.61857],[74.73765,21.61835],[74.73863,21.61814],[74.73961,21.61794],[74.74058,21.61774],[74.74156,21.61753],[74.74254,21.61733],[74.74352,21.61712],[74.74449,21.61691],[74.74547,21.61671],[74.74646,21.61651],[74.74744,21.6163],[74.74841,21.6161],[74.74939,21.6159],[74.75037,21.6157],[74.75134,21.61549],[74.75232,21.61529],[74.75331,21.61509],[74.75428,21.61489],[74.75526,21.61469],[74.75625,21.61449],[74.75723,21.61431],[74.75822,21.61415],[74.7592,21.61398],[74.7602,21.61383],[74.76119,21.6137],[74.76218,21.61358],[74.76317,21.61348],[74.76417,21.61342],[74.76517,21.61338],[74.76617,21.61338],[74.76717,21.61339],[74.76817,21.61342],[74.76918,21.61344],[74.77018,21.61347],[74.77118,21.6135],[74.77212,21.6135],[74.77224,21.6135],[74.77315,21.61312],[74.77406,21.61271],[74.77497,21.61229],[74.77587,21.61187],[74.77678,21.61144],[74.77769,21.61104],[74.7786,21.61066],[74.77953,21.6103],[74.78046,21.60999],[74.78141,21.60973],[74.78238,21.60952],[74.78336,21.60932],[74.78434,21.60913],[74.78533,21.60897],[74.78632,21.60881],[74.78733,21.60867],[74.78833,21.60853],[74.78934,21.60841],[74.79034,21.6083],[74.79135,21.6082],[74.79236,21.60811],[74.79336,21.60804],[74.79436,21.60796],[74.79536,21.6079],[74.79635,21.60785],[74.79734,21.6078],[74.79831,21.60778],[74.79935,21.60799],[74.80018,21.60868],[74.80035,21.6095],[74.80013,21.6105],[74.79974,21.61157],[74.79937,21.61258],[74.79919,21.61343],[74.79937,21.61398],[74.80018,21.61407],[74.80136,21.61381],[74.80252,21.61344],[74.80345,21.61308],[74.80434,21.61264],[74.8052,21.61216],[74.80606,21.61167],[74.80694,21.6112],[74.80785,21.6108],[74.80878,21.61048],[74.80974,21.6102],[74.81071,21.60996],[74.8117,21.60976],[74.81268,21.60958],[74.81367,21.6094],[74.81466,21.60923],[74.81565,21.60906],[74.81663,21.60888],[74.81763,21.60872],[74.81862,21.60856],[74.81962,21.60843],[74.82062,21.60831],[74.82161,21.60822],[74.8226,21.60815],[74.82359,21.60812],[74.82462,21.60812],[74.82572,21.60814],[74.82683,21.60821],[74.82792,21.60834],[74.82894,21.60855],[74.82984,21.60883],[74.83059,21.60921],[74.83105,21.60978],[74.83107,21.61066],[74.83087,21.61172],[74.83067,21.6128],[74.83075,21.61376],[74.8311,21.61462],[74.83163,21.61547],[74.83228,21.61624],[74.83304,21.61688],[74.83391,21.61733],[74.8348,21.6177],[74.83572,21.61804],[74.83665,21.61835],[74.83761,21.61864],[74.83857,21.61892],[74.83955,21.61919],[74.84052,21.61945],[74.84151,21.61971],[74.84248,21.61996],[74.84345,21.62024],[74.84441,21.62053],[74.84537,21.62085],[74.8463,21.62119],[74.84722,21.62156],[74.8481,21.62197],[74.84897,21.62243],[74.84982,21.62294],[74.85067,21.6235],[74.85149,21.62409],[74.85233,21.62471],[74.85314,21.62536],[74.85394,21.62601],[74.85474,21.62668],[74.85554,21.62735],[74.85632,21.628],[74.8571,21.62865],[74.85787,21.62927],[74.85863,21.62986],[74.8594,21.63041],[74.86015,21.63091],[74.86091,21.63135],[74.86166,21.63174],[74.86236,21.63192],[74.86283,21.63119],[74.86324,21.63001],[74.86377,21.62901],[74.8646,21.62865],[74.86552,21.62842],[74.86649,21.62827],[74.86751,21.62818],[74.86854,21.62813],[74.86959,21.62812],[74.87063,21.62815],[74.87166,21.62818],[74.87267,21.62822],[74.87366,21.62833],[74.87465,21.62847],[74.87564,21.62866],[74.87662,21.62887],[74.87761,21.62909],[74.87859,21.62929],[74.87958,21.62946],[74.88057,21.62959],[74.88156,21.62967],[74.88256,21.62968],[74.88356,21.62968],[74.88457,21.62967],[74.88558,21.62966],[74.8866,21.62963],[74.88761,21.62959],[74.88863,21.62955],[74.88965,21.6295],[74.89066,21.62943],[74.89168,21.62935],[74.89268,21.62926],[74.89368,21.62915],[74.89467,21.62903],[74.89566,21.62889],[74.89663,21.62873],[74.8976,21.62856],[74.89854,21.62835],[74.89948,21.6281],[74.90035,21.62767],[74.90117,21.62709],[74.90193,21.6264],[74.90261,21.62566],[74.90323,21.62489],[74.90378,21.62412],[74.90424,21.62329],[74.90465,21.62243],[74.90503,21.62153],[74.9054,21.62064],[74.90578,21.61975],[74.9062,21.61889],[74.90667,21.61807],[74.90723,21.61732],[74.90787,21.61664],[74.90857,21.61598],[74.90932,21.61536],[74.91012,21.61477],[74.91095,21.61421],[74.91179,21.61368],[74.91267,21.61317],[74.91354,21.6127],[74.91442,21.61225],[74.9153,21.61181],[74.91619,21.6114],[74.9171,21.611],[74.91801,21.61062],[74.91893,21.61024],[74.91986,21.60988],[74.92079,21.60953],[74.92173,21.60919],[74.92267,21.60885],[74.92361,21.60853],[74.92456,21.60821],[74.92551,21.60789],[74.92645,21.60758],[74.9274,21.60728],[74.92835,21.60696],[74.92929,21.60666],[74.93024,21.60635],[74.93118,21.60605],[74.93214,21.60574],[74.93308,21.60544],[74.93403,21.60514],[74.93498,21.60483],[74.93593,21.60453],[74.93688,21.60423],[74.93783,21.60394],[74.93878,21.60364],[74.93973,21.60334],[74.94069,21.60305],[74.94164,21.60276],[74.94259,21.60246],[74.94354,21.60217],[74.94449,21.60189],[74.94545,21.6016],[74.94641,21.60132],[74.94737,21.60104],[74.94832,21.60076],[74.94928,21.60048],[74.95024,21.60021],[74.9512,21.59994],[74.95215,21.59967],[74.95312,21.5994],[74.95408,21.59914],[74.95504,21.59888],[74.956,21.59862],[74.95697,21.59836],[74.95793,21.59812],[74.9589,21.59788],[74.95988,21.59766],[74.96085,21.59745],[74.96183,21.59725],[74.96281,21.59705],[74.96379,21.59687],[74.96478,21.59668],[74.96576,21.5965],[74.96675,21.59632],[74.96773,21.59614],[74.96872,21.59596],[74.9697,21.59578],[74.97069,21.59559],[74.97167,21.59541],[74.97265,21.59522],[74.97363,21.59501],[74.9746,21.5948],[74.97558,21.59459],[74.97654,21.59436],[74.97751,21.59411],[74.97847,21.59386],[74.97943,21.59358],[74.98038,21.5933],[74.98133,21.59301],[74.98228,21.59271],[74.98323,21.5924],[74.98418,21.59209],[74.98512,21.59176],[74.98605,21.59143],[74.98699,21.59108],[74.98792,21.59074],[74.98886,21.59039],[74.98979,21.59003],[74.99071,21.58966],[74.99163,21.58929],[74.99255,21.58893],[74.99347,21.58855],[74.99439,21.58817],[74.99529,21.58777],[74.99618,21.58734],[74.99706,21.58689],[74.99793,21.58642],[74.99879,21.58596],[74.99966,21.58548],[75.00053,21.585],[75.0014,21.58454],[75.00263,21.58389],[75.01128,21.57902],[75.01372,21.57571],[75.01571,21.57044],[75.02976,21.56714],[75.05153,21.56501],[75.05572,21.56276],[75.05815,21.55715],[75.06156,21.55283],[75.06301,21.54864],[75.07022,21.53948],[75.07426,21.53585],[75.07633,21.52995],[75.08156,21.52358],[75.08801,21.51216],[75.09069,21.49875],[75.0929,21.49166],[75.09846,21.48316],[75.10469,21.46749],[75.11315,21.45742],[75.12104,21.45119],[75.12786,21.44713],[75.14556,21.44119],[75.15552,21.43612],[75.18625,21.42515],[75.19424,21.4207],[75.20198,21.41516],[75.20572,21.41368],[75.20882,21.41206],[75.21815,21.40871],[75.2306,21.41443],[75.23474,21.41492],[75.24184,21.41276],[75.24606,21.40849],[75.25238,21.40397],[75.2575,21.40305],[75.26545,21.40669],[75.27509,21.40668],[75.28705,21.40962],[75.29013,21.41172],[75.29815,21.41347],[75.30038,21.41263],[75.30168,21.39301],[75.30033,21.39024],[75.30041,21.38708],[75.30718,21.39231],[75.3105,21.3931],[75.31947,21.39021],[75.32539,21.39205],[75.33348,21.39248],[75.35242,21.39129],[75.35668,21.39397],[75.36005,21.40102],[75.36562,21.3967],[75.37738,21.39022],[75.38004,21.38542],[75.3832,21.38339],[75.39184,21.38186],[75.39412,21.38246],[75.39716,21.38077],[75.39969,21.38177],[75.40259,21.38157],[75.40806,21.38771],[75.41219,21.38885],[75.4188,21.38805],[75.43052,21.39172],[75.43516,21.3885],[75.44251,21.38879],[75.44503,21.38825],[75.44898,21.39018],[75.45337,21.38982],[75.45898,21.39079],[75.46454,21.38912],[75.46738,21.39196],[75.4838,21.38902],[75.49546,21.38849],[75.49954,21.38933],[75.50918,21.38575],[75.51535,21.38449],[75.52369,21.38491],[75.52851,21.38248],[75.53909,21.37494],[75.54445,21.37355],[75.54631,21.37042],[75.5473,21.37025],[75.5505,21.37321],[75.55451,21.3752],[75.55901,21.38001],[75.56031,21.37892],[75.55945,21.37656],[75.5634,21.37585],[75.56519,21.3769],[75.57129,21.37598],[75.58049,21.37761],[75.58079,21.37859],[75.57579,21.38326],[75.58413,21.38534],[75.58701,21.38663],[75.59053,21.38947],[75.60226,21.38826],[75.60824,21.39273],[75.6188,21.39118],[75.61889,21.39088],[75.62048,21.38561],[75.62295,21.38201],[75.62617,21.37974],[75.62882,21.37896],[75.63203,21.3795],[75.63925,21.37921],[75.64518,21.38019],[75.65432,21.37975],[75.65826,21.38047],[75.6729,21.37807],[75.67456,21.37917],[75.67796,21.37989],[75.68431,21.37995],[75.68733,21.38204],[75.68924,21.38522],[75.69436,21.38727],[75.70634,21.38903],[75.71343,21.38932],[75.72121,21.38869],[75.72232,21.38686],[75.73257,21.39103],[75.73522,21.39041],[75.738,21.39112],[75.74374,21.39089],[75.74578,21.38941],[75.75437,21.38609],[75.75864,21.3832],[75.75983,21.3834],[75.77357,21.38435],[75.79202,21.38691],[75.80121,21.38784],[75.80529,21.38672],[75.81233,21.38502],[75.83252,21.381],[75.84333,21.38714],[75.84654,21.38583],[75.8513,21.38703],[75.85927,21.38498],[75.86273,21.38498],[75.86817,21.38819],[75.87225,21.39318],[75.87615,21.39586],[75.88215,21.3961],[75.88814,21.3973],[75.89568,21.39641],[75.8971,21.39493],[75.90513,21.39331],[75.91236,21.38833],[75.91662,21.38751],[75.93247,21.3892],[75.93755,21.39055],[75.94814,21.39066],[75.9596,21.39386],[75.96895,21.39164],[75.98512,21.37486],[75.99189,21.37377],[76.00052,21.37249],[76.01629,21.36757],[76.02783,21.36583],[76.03496,21.36296],[76.04239,21.35659],[76.04742,21.3529],[76.05277,21.3504],[76.0661,21.35688],[76.0777,21.36195],[76.08864,21.36767],[76.09555,21.37035],[76.09918,21.37161],[76.10748,21.35789],[76.11651,21.33649],[76.12279,21.31936],[76.12782,21.30507],[76.12981,21.29525],[76.13553,21.28925],[76.14044,21.28676],[76.14557,21.28552],[76.14773,21.27913],[76.15038,21.27198],[76.15445,21.26659],[76.15662,21.26099],[76.15981,21.25692],[76.15867,21.25133],[76.15486,21.24693],[76.15148,21.24341],[76.14468,21.24037],[76.14465,21.23927],[76.14495,21.23589],[76.14608,21.23099],[76.14856,21.22944],[76.15385,21.22762],[76.15992,21.22505],[76.16463,21.22197],[76.16373,21.21976],[76.1621,21.2145],[76.16487,21.20963],[76.16853,21.20594],[76.1683,21.2037],[76.16764,21.20141],[76.16629,21.19788],[76.16649,21.19332],[76.16966,21.18971],[76.17332,21.18613],[76.17123,21.18002],[76.16971,21.17233],[76.16742,21.16858],[76.16146,21.16985],[76.1556,21.17041],[76.1435,21.17098],[76.1312,21.1734],[76.12788,21.17577],[76.11986,21.17253],[76.11476,21.16831],[76.11439,21.1625],[76.11938,21.15798],[76.12455,21.15696],[76.1289,21.15457],[76.13217,21.15055],[76.1404,21.13795],[76.14141,21.1339],[76.13984,21.13152],[76.13464,21.12821],[76.13614,21.1241],[76.14262,21.11896],[76.15197,21.11291],[76.16274,21.10787],[76.16799,21.10421],[76.16901,21.10332],[76.16965,21.10164],[76.16985,21.09933],[76.16981,21.09658],[76.16867,21.09115],[76.16757,21.0875],[76.16918,21.08374],[76.17318,21.08253],[76.17784,21.08342],[76.18135,21.08535],[76.18444,21.08787],[76.18964,21.08823],[76.20931,21.08811],[76.22816,21.08938],[76.2358,21.09184],[76.26287,21.09262],[76.27001,21.09088],[76.27403,21.08334],[76.27855,21.07597],[76.28255,21.07325],[76.28657,21.07444],[76.29794,21.07513],[76.33574,21.07514],[76.35796,21.07762],[76.3623,21.07795],[76.36678,21.07702],[76.36961,21.07666],[76.373,21.07651],[76.37737,21.07526],[76.38064,21.07644],[76.38207,21.07702],[76.38379,21.07751],[76.39117,21.086],[76.39789,21.08852],[76.41054,21.09204],[76.41293,21.1052],[76.43489,21.10463],[76.43866,21.10553],[76.44224,21.11006],[76.44891,21.1108],[76.45105,21.11166],[76.4539,21.11281],[76.45413,21.12235],[76.45715,21.12984],[76.45873,21.13625],[76.46676,21.13716],[76.46824,21.1411],[76.46801,21.14518],[76.47023,21.14847],[76.47617,21.14997],[76.47826,21.15321],[76.47801,21.15918],[76.47957,21.17356],[76.48375,21.1861],[76.4887,21.19392],[76.49248,21.19569],[76.49941,21.19401],[76.52217,21.1871],[76.5306,21.18717],[76.54272,21.19416],[76.56085,21.20368],[76.57668,21.20194],[76.57756,21.20154],[76.58828,21.19656],[76.6072,21.19505],[76.6139,21.1938],[76.61839,21.19645],[76.62162,21.19332],[76.62499,21.19054],[76.6285,21.19669],[76.63321,21.20325],[76.63299,21.21351],[76.63332,21.22675],[76.63895,21.23696],[76.64425,21.24557],[76.65157,21.24686],[76.6602,21.24566],[76.66072,21.25109],[76.66117,21.25997],[76.66191,21.27142],[76.6628,21.28023],[76.65034,21.29783],[76.64142,21.30844],[76.62752,21.32751],[76.6262,21.33286],[76.63034,21.33752],[76.67019,21.3672],[76.72099,21.39836],[76.73402,21.40652],[76.73918,21.413],[76.74038,21.42707],[76.74537,21.44082],[76.75856,21.4476],[76.77783,21.45779],[76.78624,21.46415],[76.78718,21.47438],[76.79226,21.48001],[76.79389,21.48753],[76.78856,21.49686],[76.77229,21.50837],[76.76498,21.52025],[76.76956,21.52515],[76.77738,21.52963],[76.78763,21.5329],[76.78993,21.53772],[76.78668,21.54364],[76.78495,21.54906],[76.78235,21.56005],[76.7857,21.57553],[76.79362,21.58497],[76.79555,21.59272],[76.7975,21.59508],[76.80602,21.59437],[76.82539,21.59024],[76.83576,21.59062],[76.84087,21.59805],[76.85003,21.61084],[76.85441,21.61257],[76.86301,21.60984],[76.89408,21.59826],[76.90347,21.59838],[76.90802,21.60206],[76.91393,21.61248],[76.98121,21.66351],[76.99986,21.67912],[77.00417,21.67967],[77.01276,21.6819],[77.02076,21.6883],[77.02596,21.69128],[77.03182,21.69357],[77.03693,21.69802],[77.06221,21.70691],[77.06477,21.71254],[77.07176,21.7193],[77.07507,21.72042],[77.07805,21.71987],[77.083,21.7162],[77.08653,21.71613],[77.09671,21.71712],[77.10691,21.72039],[77.11699,21.72236],[77.12393,21.72285],[77.13619,21.71983],[77.15038,21.71217],[77.16066,21.71093],[77.16532,21.71164],[77.16796,21.71444],[77.17095,21.72328],[77.17436,21.72478],[77.18676,21.72202],[77.19098,21.7201],[77.18727,21.702],[77.20433,21.69388],[77.21038,21.69156],[77.21319,21.69468],[77.22096,21.69599],[77.22461,21.69767],[77.22624,21.70173],[77.22761,21.71543],[77.24297,21.71466],[77.25823,21.71274],[77.2611,21.71338],[77.26585,21.72117],[77.27045,21.72662],[77.28627,21.72178],[77.28894,21.72637],[77.29001,21.73398],[77.28641,21.73603],[77.28622,21.73918],[77.28759,21.74398],[77.28541,21.74566],[77.2814,21.74667],[77.28019,21.75732],[77.2831,21.75877],[77.2894,21.76027],[77.29682,21.75745],[77.31206,21.75718],[77.32451,21.75457],[77.32917,21.7549],[77.34063,21.7591],[77.34553,21.75937],[77.35663,21.75701],[77.37921,21.75466],[77.40447,21.75374],[77.41634,21.7553],[77.44191,21.76029],[77.44729,21.76109],[77.45331,21.76098],[77.45605,21.7619],[77.46212,21.76575],[77.47483,21.76882],[77.47893,21.76902],[77.48123,21.7678],[77.48048,21.76554],[77.47862,21.76332],[77.47933,21.75547],[77.49231,21.74785],[77.50037,21.7468],[77.50334,21.7425],[77.50955,21.73883],[77.51187,21.7329],[77.52143,21.72465],[77.52235,21.7188],[77.52457,21.71178],[77.52697,21.71119],[77.52964,21.71268],[77.53694,21.71036],[77.53947,21.70593],[77.54575,21.6987],[77.54813,21.69012],[77.54923,21.68377],[77.55092,21.67927],[77.55408,21.67398],[77.56215,21.66638],[77.56111,21.65332],[77.56394,21.64293],[77.56911,21.63279],[77.5749,21.62481],[77.57455,21.62129],[77.5714,21.61883],[77.57174,21.614],[77.5735,21.60892],[77.57578,21.58548],[77.5738,21.57348],[77.57356,21.56762],[77.57455,21.56046],[77.57765,21.55535],[77.58909,21.55666],[77.59426,21.55945],[77.60936,21.54877],[77.61073,21.54064],[77.59847,21.53104],[77.59282,21.52823],[77.58144,21.52709],[77.57052,21.52762],[77.55691,21.53403],[77.54423,21.53676],[77.53882,21.53689],[77.53266,21.53861],[77.51537,21.54534],[77.51071,21.54863],[77.50781,21.55249],[77.48742,21.5511],[77.47213,21.55229],[77.46811,21.55377],[77.46086,21.55437],[77.45531,21.5534],[77.45366,21.54974],[77.4536,21.54618],[77.44998,21.5434],[77.4454,21.54245],[77.43519,21.5442],[77.43226,21.54345],[77.42681,21.54035],[77.4232,21.53649],[77.42025,21.53086],[77.42209,21.51865],[77.42408,21.5141],[77.43442,21.50006],[77.44252,21.48717],[77.44068,21.48139],[77.43844,21.47951],[77.44115,21.47606],[77.44163,21.47079],[77.45223,21.46755],[77.45712,21.46518],[77.46049,21.46496],[77.47264,21.4548],[77.47192,21.45082],[77.47311,21.44659],[77.47219,21.44083],[77.47255,21.43497],[77.47637,21.43062],[77.48047,21.41881],[77.48511,21.41362],[77.48752,21.39649],[77.48634,21.38836],[77.49038,21.37574],[77.50511,21.37724],[77.51392,21.37477],[77.51587,21.38164],[77.51735,21.3842],[77.52261,21.38781],[77.52412,21.39169],[77.52526,21.40286],[77.52857,21.40907],[77.53058,21.419],[77.54755,21.40939],[77.54873,21.40539],[77.55529,21.40167],[77.56238,21.39618],[77.56271,21.39228],[77.55869,21.39081],[77.5577,21.38838],[77.55988,21.38015],[77.56599,21.37142],[77.56881,21.37067],[77.57438,21.3713],[77.57952,21.36852],[77.58432,21.36718],[77.58796,21.36254],[77.59053,21.36581],[77.60503,21.36333],[77.60837,21.36506],[77.60935,21.36841],[77.60559,21.38225],[77.60421,21.38394],[77.60421,21.38716],[77.60274,21.39058],[77.6051,21.3916],[77.61502,21.39185],[77.61877,21.3887],[77.6329,21.38903],[77.63979,21.38755],[77.64282,21.386],[77.64508,21.38674],[77.64619,21.38946],[77.64952,21.39142],[77.65461,21.39145],[77.65521,21.38825],[77.66574,21.38604],[77.667,21.3837],[77.66673,21.37553],[77.66845,21.37172],[77.67088,21.36958],[77.67367,21.37101],[77.68477,21.38357],[77.69197,21.3948],[77.69484,21.39514],[77.69725,21.39461],[77.69795,21.39262],[77.69631,21.37874],[77.69925,21.37586],[77.70807,21.3758],[77.70887,21.37156],[77.70895,21.3572],[77.72864,21.36227],[77.73764,21.36285],[77.74214,21.36476],[77.74716,21.37819],[77.75027,21.38233],[77.75373,21.38383],[77.76071,21.38453],[77.76522,21.38255],[77.76888,21.38279],[77.78039,21.38616],[77.78937,21.38752],[77.79397,21.38738],[77.79731,21.38888],[77.79784,21.39774],[77.79986,21.40438],[77.80325,21.41042],[77.8084,21.41011],[77.82193,21.40685],[77.83786,21.39966],[77.85056,21.39227],[77.8587,21.38889],[77.8672,21.3863],[77.8874,21.38368],[77.88588,21.37589],[77.89067,21.37863],[77.89633,21.37725],[77.90308,21.37662],[77.90956,21.37778],[77.91581,21.38098],[77.92232,21.38296],[77.92897,21.38428],[77.93584,21.38404],[77.94286,21.38513],[77.94522,21.39716],[77.96408,21.39965],[77.9757,21.3996],[77.98444,21.40103],[78.00002,21.412],[78.00392,21.41439],[78.00865,21.41411],[78.01128,21.41663],[78.02382,21.41882],[78.03338,21.42359],[78.04775,21.43326],[78.05534,21.43526],[78.06801,21.43709],[78.08289,21.44394],[78.09685,21.45425],[78.10511,21.45919],[78.11345,21.46241],[78.13163,21.47164],[78.14724,21.48035],[78.17381,21.49673],[78.17504,21.50029],[78.17583,21.50673],[78.18213,21.51254],[78.17248,21.52423],[78.17555,21.52694],[78.17616,21.53395],[78.1751,21.54038],[78.17723,21.55147],[78.18177,21.55487],[78.18544,21.55683],[78.22002,21.55192],[78.23124,21.55464],[78.24331,21.56368],[78.25115,21.56221],[78.2739,21.56892],[78.27487,21.57058],[78.27365,21.57293],[78.26316,21.58009],[78.26003,21.58343],[78.25978,21.58801],[78.26223,21.59002],[78.26683,21.59193],[78.27076,21.59246],[78.27572,21.59114],[78.28628,21.58496],[78.30467,21.58327],[78.30645,21.57862],[78.30652,21.5711],[78.30879,21.56967],[78.31351,21.57192],[78.32344,21.57383],[78.32767,21.57562],[78.33318,21.57941],[78.34151,21.58875],[78.34678,21.58112],[78.35242,21.57711],[78.35942,21.57517],[78.36573,21.57656],[78.37081,21.58018],[78.37891,21.58823],[78.38241,21.59385],[78.37682,21.609],[78.37646,21.61326],[78.3805,21.61567],[78.3843,21.61688],[78.38835,21.61487],[78.39412,21.6088],[78.39737,21.60834],[78.40387,21.60933],[78.40932,21.60835],[78.4157,21.60486],[78.42411,21.60257],[78.42741,21.60022],[78.42067,21.58644],[78.41833,21.57604],[78.42078,21.57139],[78.42391,21.5699],[78.4271,21.56203],[78.42556,21.55313],[78.42544,21.54711],[78.42678,21.54418],[78.43035,21.54062],[78.43236,21.53667],[78.43169,21.52857],[78.43267,21.52512],[78.43702,21.51829],[78.43512,21.50756],[78.43493,21.50015],[78.44345,21.50217],[78.44952,21.50033],[78.45656,21.49575],[78.45907,21.49673],[78.46116,21.50287],[78.4641,21.50304],[78.46655,21.50196],[78.47017,21.50196],[78.4758,21.50329],[78.47698,21.50535],[78.48531,21.50455],[78.48831,21.50617],[78.49053,21.51047],[78.49567,21.51639],[78.50094,21.51639],[78.50285,21.52138],[78.50702,21.52506],[78.50928,21.52512],[78.51352,21.52685],[78.52504,21.52381],[78.5297,21.52427],[78.53332,21.52306],[78.54226,21.52301],[78.55145,21.51842],[78.5574,21.51785],[78.5615,21.51429],[78.56505,21.51308],[78.57155,21.51418],[78.5697,21.5078],[78.57031,21.50447],[78.57828,21.49701],[78.58623,21.48816],[78.5899,21.48541],[78.5983,21.48622],[78.60369,21.48335],[78.60608,21.4857],[78.61044,21.48691],[78.62115,21.48007],[78.62604,21.47611],[78.6304,21.47639],[78.63555,21.4799],[78.64254,21.48277],[78.64867,21.48282],[78.65578,21.48139],[78.66423,21.47748],[78.66931,21.47932],[78.68923,21.48057],[78.68958,21.47656],[78.69346,21.47747],[78.69713,21.47729],[78.70135,21.47603],[78.70092,21.47305],[78.7068,21.47333],[78.70907,21.46983],[78.7191,21.4666],[78.72498,21.46327],[78.72939,21.46304],[78.73494,21.47002],[78.74034,21.47007],[78.74408,21.47156],[78.74563,21.48235],[78.75172,21.49251],[78.75576,21.4894],[78.76629,21.48841],[78.76604,21.48336],[78.76963,21.47296],[78.77746,21.46582],[78.78078,21.4722],[78.78233,21.47777],[78.78546,21.47949],[78.7899,21.48781],[78.79498,21.48717],[78.79811,21.48854],[78.8154,21.48955],[78.81846,21.48743],[78.82458,21.48833],[78.8287,21.48981],[78.83329,21.48866],[78.84953,21.48869],[78.85309,21.49018],[78.85691,21.49442],[78.88054,21.48667],[78.88525,21.48372],[78.89078,21.48434],[78.8959,21.49698],[78.90118,21.49932],[78.90816,21.49677],[78.91335,21.49301],[78.92602,21.48641],[78.93728,21.48619],[78.93925,21.49117],[78.94237,21.5092],[78.94611,21.51247],[78.94416,21.51605],[78.94179,21.51814],[78.93169,21.52039],[78.92888,21.52253],[78.92885,21.5318],[78.93003,21.5374],[78.92723,21.5419],[78.90987,21.55352],[78.91455,21.56043],[78.91817,21.56181],[78.92944,21.55884],[78.93329,21.55898],[78.93385,21.56312],[78.92536,21.56764],[78.91979,21.56831],[78.91709,21.56957],[78.91762,21.58383],[78.91869,21.591],[78.92813,21.59125],[78.93451,21.59329],[78.94584,21.59243],[78.95136,21.5947],[78.96779,21.60454],[78.98029,21.61621],[78.98702,21.61582],[79.00001,21.61743],[79.00293,21.61445],[79.00555,21.60849],[79.01135,21.60272],[79.01512,21.60021],[79.03654,21.60433],[79.04853,21.60344],[79.05352,21.60442],[79.05635,21.60267],[79.08171,21.60643],[79.08719,21.60591],[79.09374,21.59796],[79.09769,21.6022],[79.10378,21.60161],[79.10978,21.60813],[79.10514,21.61103],[79.10438,21.61507],[79.10484,21.61765],[79.11691,21.62432],[79.13342,21.62682],[79.14278,21.63561],[79.14679,21.63829],[79.15285,21.6553],[79.15356,21.65926],[79.19195,21.65321],[79.2224,21.649],[79.22569,21.64962],[79.22737,21.65571],[79.23274,21.65645],[79.2342,21.67018],[79.23262,21.67318],[79.23035,21.67466],[79.22596,21.67578],[79.22397,21.68002],[79.22672,21.69534],[79.22768,21.69934],[79.24058,21.71394],[79.23475,21.71922],[79.23389,21.72063],[79.2345,21.72266],[79.2635,21.71628],[79.27072,21.71369],[79.27762,21.70782],[79.28063,21.70401],[79.28265,21.69902],[79.29067,21.69272],[79.32323,21.68467],[79.32614,21.68545],[79.32804,21.68723],[79.34854,21.68338],[79.35425,21.68328],[79.35493,21.67778],[79.36773,21.67841],[79.38903,21.6743],[79.40072,21.67351],[79.40307,21.67456],[79.40643,21.67857],[79.4137,21.68449],[79.41738,21.68989],[79.42177,21.69037],[79.42898,21.6895],[79.43395,21.6842],[79.43825,21.68243],[79.44675,21.68119],[79.45704,21.68329],[79.46454,21.68628],[79.49462,21.67312],[79.49572,21.66482],[79.49695,21.66273],[79.50061,21.65957],[79.50344,21.65098],[79.50536,21.6469],[79.50721,21.64478],[79.50634,21.63958],[79.5087,21.63367],[79.51566,21.63244],[79.5177,21.63021],[79.51854,21.62558],[79.51456,21.62195],[79.5108,21.62236],[79.5093,21.62145],[79.50719,21.61874],[79.50425,21.61147],[79.50914,21.60662],[79.51288,21.60151],[79.51189,21.5894],[79.51674,21.58231],[79.5278,21.57948],[79.53375,21.57397],[79.53823,21.57216],[79.54364,21.56818],[79.54561,21.56439],[79.54216,21.55418],[79.53998,21.54997],[79.54031,21.54739],[79.54271,21.54344],[79.5535,21.54353],[79.56642,21.54726],[79.57747,21.54306],[79.58227,21.54262],[79.59566,21.54883],[79.60105,21.54893],[79.60554,21.55004],[79.61487,21.55521],[79.62297,21.55648],[79.63152,21.55415],[79.64046,21.55425],[79.64693,21.55478],[79.65368,21.55648],[79.65681,21.55812],[79.66015,21.56276],[79.66434,21.57662],[79.66916,21.579],[79.69107,21.58],[79.69557,21.58295],[79.69745,21.58719],[79.70004,21.59026],[79.70558,21.59162],[79.71242,21.59021],[79.72008,21.59044],[79.73889,21.60185],[79.75118,21.5972],[79.77509,21.5898],[79.79812,21.58081],[79.8095,21.57206],[79.81799,21.56374],[79.82453,21.55847],[79.83137,21.5462],[79.84789,21.54133],[79.85691,21.53705],[79.86112,21.53206],[79.86344,21.53045],[79.87825,21.5291],[79.88306,21.52802],[79.89222,21.5292],[79.89614,21.52345],[79.89868,21.52284],[79.90758,21.52395],[79.92222,21.52408],[79.92223,21.52415],[79.92472,21.53989],[79.92765,21.54577],[79.93359,21.5533],[79.93746,21.55519],[79.94282,21.55637],[79.95353,21.55483],[79.9679,21.55759],[79.9727,21.55687],[79.97823,21.55472],[79.99204,21.53643],[80.00001,21.53437],[80.00316,21.53497],[80.00466,21.5363],[80.00855,21.53863],[80.01123,21.54053],[80.01395,21.54223],[80.01648,21.54424],[80.01871,21.54564],[80.02114,21.54701],[80.02337,21.5485],[80.02562,21.55045],[80.02914,21.55347],[80.03267,21.55631],[80.03472,21.557],[80.03848,21.55722],[80.04089,21.55713],[80.04491,21.55652],[80.04807,21.55592],[80.05054,21.55482],[80.05208,21.55442],[80.05468,21.55383],[80.05659,21.5538],[80.05726,21.5538],[80.06071,21.55323],[80.06372,21.55329],[80.06617,21.55341],[80.0677,21.5537],[80.06865,21.55393],[80.07008,21.55428],[80.07312,21.55654],[80.07498,21.55816],[80.07655,21.56007],[80.07769,21.56169],[80.07986,21.56355],[80.08162,21.56483],[80.08355,21.56646],[80.0853,21.56809],[80.08856,21.57145],[80.09137,21.57586],[80.09322,21.57824],[80.09622,21.58196],[80.09736,21.58324],[80.09984,21.58505],[80.10056,21.58598],[80.10287,21.58711],[80.10529,21.58835],[80.10694,21.58843],[80.10864,21.58908],[80.11216,21.59079],[80.11447,21.5918],[80.11646,21.59309],[80.11813,21.59616],[80.11876,21.59922],[80.11897,21.60049],[80.11942,21.60344],[80.12151,21.60669],[80.12515,21.60857],[80.12802,21.60873],[80.13065,21.6083],[80.13279,21.60798],[80.13955,21.6053],[80.14409,21.60489],[80.14727,21.60442],[80.15051,21.60468],[80.15446,21.606],[80.15658,21.60712],[80.15923,21.6094],[80.16158,21.6115],[80.16332,21.61382],[80.16651,21.6172],[80.16868,21.61919],[80.17159,21.62141],[80.17553,21.6229],[80.17772,21.62344],[80.17998,21.62382],[80.18151,21.62366],[80.18334,21.62363],[80.18692,21.62522],[80.18898,21.62674],[80.1903,21.6282],[80.1918,21.63035],[80.19281,21.63237],[80.19482,21.6339],[80.19603,21.63395],[80.19872,21.63432],[80.20177,21.63464],[80.20702,21.63441],[80.21132,21.63326],[80.21462,21.62938],[80.21705,21.62601],[80.21867,21.62396],[80.22128,21.62099],[80.22294,21.62009],[80.22723,21.61938],[80.23352,21.61986],[80.23871,21.62021],[80.24262,21.62054],[80.24678,21.62029],[80.24935,21.62027],[80.25428,21.62228],[80.25874,21.62203],[80.26194,21.62051],[80.26329,21.62007],[80.2669,21.61993],[80.27166,21.61636],[80.27755,21.61044],[80.27906,21.60694],[80.28041,21.60246],[80.28211,21.59892],[80.28648,21.59597],[80.2895,21.59496],[80.29325,21.59329],[80.29467,21.59214],[80.29532,21.58951],[80.29577,21.5883],[80.29647,21.58577],[80.29694,21.5825],[80.2986,21.57791],[80.30206,21.57536],[80.30577,21.57529],[80.31005,21.57602],[80.31432,21.57664],[80.31657,21.57724],[80.31969,21.57699],[80.32362,21.57559],[80.32554,21.57446],[80.32689,21.5735],[80.32809,21.57051],[80.32954,21.56736],[80.33135,21.56404],[80.33298,21.56153],[80.33417,21.55958],[80.33529,21.55821],[80.33647,21.55626],[80.3368,21.55466],[80.33578,21.55361],[80.33397,21.5517],[80.33228,21.5503],[80.33114,21.54868],[80.3341,21.54606],[80.33639,21.54441],[80.33768,21.54367],[80.33966,21.5422],[80.34187,21.54072],[80.34471,21.53874],[80.34637,21.53789],[80.34901,21.5374],[80.35313,21.53572],[80.35861,21.53301],[80.36364,21.53082],[80.36892,21.52851],[80.37256,21.52637],[80.37435,21.52471],[80.37596,21.52294],[80.37734,21.521],[80.37753,21.51792],[80.37758,21.51713],[80.3779,21.5152],[80.37921,21.51284],[80.38029,21.50951],[80.3806,21.50515],[80.38062,21.50313],[80.38095,21.50118],[80.38128,21.49905],[80.38157,21.496],[80.38159,21.49492],[80.38167,21.49296],[80.38207,21.49123],[80.38253,21.49103],[80.3844,21.49022],[80.38533,21.48942],[80.38694,21.48737],[80.38844,21.48491],[80.38945,21.48256],[80.39041,21.47911],[80.39118,21.47647],[80.3936,21.47356],[80.39668,21.47106],[80.39884,21.46953],[80.40204,21.46801],[80.40332,21.46739],[80.40578,21.46655],[80.40769,21.46558],[80.40899,21.46353],[80.41042,21.46147],[80.41126,21.45878],[80.41141,21.45653],[80.41211,21.45458],[80.41318,21.45137],[80.41501,21.44741],[80.41622,21.4438],[80.4173,21.44036],[80.41806,21.43841],[80.41699,21.43661],[80.41535,21.43504],[80.41276,21.43265],[80.41101,21.43091],[80.40836,21.42829],[80.40565,21.42515],[80.40476,21.4233],[80.4067,21.4197],[80.40598,21.41813],[80.40352,21.41558],[80.4002,21.41289],[80.39664,21.40912],[80.39581,21.40761],[80.39579,21.40456],[80.39656,21.40111],[80.39827,21.39688],[80.40064,21.3924],[80.40327,21.38811],[80.40466,21.38438],[80.40611,21.38077],[80.40785,21.37854],[80.40871,21.37809],[80.41013,21.37678],[80.41118,21.3761],[80.4133,21.3767],[80.4152,21.37638],[80.41704,21.37576],[80.42083,21.37557],[80.42436,21.37595],[80.42772,21.37598],[80.42974,21.37554],[80.4317,21.37481],[80.43361,21.37339],[80.43434,21.37323],[80.43723,21.37222],[80.4403,21.3715],[80.44237,21.37158],[80.44401,21.37171],[80.44717,21.37243],[80.44972,21.37413],[80.45042,21.37672],[80.4505,21.38001],[80.45006,21.38496],[80.44997,21.3883],[80.45104,21.39084],[80.45235,21.39287],[80.45384,21.39587],[80.45441,21.39876],[80.45509,21.40262],[80.45747,21.40265],[80.46012,21.40066],[80.46153,21.39998],[80.46314,21.39902],[80.46695,21.39732],[80.46964,21.39666],[80.47111,21.39622],[80.47355,21.39589],[80.47496,21.39556],[80.47814,21.39617],[80.48065,21.39964],[80.48155,21.39608],[80.48241,21.39506],[80.48576,21.39625],[80.48824,21.3973],[80.49075,21.39761],[80.49228,21.39797],[80.49668,21.3967],[80.50025,21.39459],[80.50313,21.3933],[80.50737,21.39115],[80.50969,21.39094],[80.5125,21.39109],[80.51567,21.39146],[80.51823,21.39223],[80.52153,21.3914],[80.52331,21.3909],[80.52625,21.38996],[80.52719,21.38864],[80.52848,21.38773],[80.53102,21.38412],[80.53368,21.38208],[80.53655,21.38136],[80.53886,21.37769],[80.53992,21.37528],[80.54105,21.37248],[80.54371,21.36957],[80.54647,21.36896],[80.54776,21.36857],[80.55106,21.36773],[80.5526,21.36671],[80.55707,21.3652],[80.56205,21.36317],[80.56505,21.36176],[80.56585,21.3616],[80.56653,21.36085],[80.57101,21.35836],[80.57061,21.35622],[80.56794,21.35488],[80.56521,21.35364],[80.56487,21.35151],[80.56667,21.34905],[80.56738,21.34595],[80.5682,21.34382],[80.57101,21.34328],[80.57321,21.3433],[80.57594,21.34494],[80.57861,21.34611],[80.58229,21.34431],[80.58474,21.34352],[80.58713,21.34262],[80.58848,21.34211],[80.58927,21.33775],[80.58875,21.33486],[80.58994,21.33171],[80.59356,21.33001],[80.59632,21.32889],[80.59812,21.32729],[80.60003,21.32535],[80.60425,21.32406],[80.60627,21.3238],[80.6092,21.32429],[80.61218,21.32488],[80.61536,21.32451],[80.61696,21.3232],[80.61783,21.32229],[80.61985,21.32092],[80.62463,21.31976],[80.62755,21.32076],[80.63015,21.32206],[80.63179,21.32241],[80.63521,21.32319],[80.63867,21.32432],[80.64043,21.32479],[80.64507,21.32547],[80.65128,21.32609],[80.65518,21.327],[80.65733,21.33053],[80.65866,21.3318],[80.66342,21.33138],[80.66484,21.32999],[80.66676,21.3284],[80.66928,21.32675],[80.67046,21.32549],[80.6725,21.32275],[80.67344,21.31999],[80.6739,21.31683],[80.67497,21.31447],[80.67785,21.31294],[80.67964,21.31193],[80.68069,21.30975],[80.67927,21.30657],[80.67999,21.30185],[80.67984,21.29897],[80.67785,21.29659],[80.67518,21.29467],[80.67216,21.29298],[80.67022,21.29164],[80.66779,21.29046],[80.66499,21.29009],[80.6617,21.29018],[80.66058,21.28672],[80.65902,21.28393],[80.6577,21.28226],[80.65551,21.28086],[80.65365,21.27883],[80.65177,21.27668],[80.6503,21.27298],[80.64954,21.26975],[80.6488,21.26514],[80.64798,21.26214],[80.64638,21.25821],[80.64561,21.2555],[80.64424,21.25341],[80.64219,21.25086],[80.63911,21.24801],[80.63455,21.24642],[80.63151,21.24501],[80.62697,21.24307],[80.62259,21.24073],[80.62031,21.23755],[80.61857,21.23529],[80.61737,21.234],[80.61556,21.2325],[80.61453,21.23196],[80.61295,21.23069],[80.61193,21.22947],[80.6103,21.22814],[80.60787,21.2269],[80.60575,21.22585],[80.60307,21.22524],[80.59917,21.22556],[80.59624,21.22542],[80.59132,21.22376],[80.58841,21.22247],[80.58495,21.2206],[80.58167,21.21896],[80.5787,21.21755],[80.57526,21.21458],[80.57346,21.21151],[80.57297,21.21099],[80.57087,21.20873],[80.56809,21.20652],[80.56463,21.20465],[80.5605,21.20323],[80.55747,21.20187],[80.55613,21.20168],[80.55339,21.20137],[80.55035,21.20072],[80.54871,21.19989],[80.54573,21.19998],[80.54181,21.20029],[80.53918,21.2009],[80.53729,21.20152],[80.53472,21.2027],[80.53184,21.20331],[80.52757,21.20419],[80.52503,21.20175],[80.52305,21.19897],[80.52161,21.19671],[80.51998,21.19428],[80.51837,21.19179],[80.5176,21.18959],[80.51715,21.18717],[80.51614,21.18417],[80.51445,21.18312],[80.51133,21.18373],[80.50938,21.18399],[80.50669,21.18472],[80.50468,21.1847],[80.5023,21.18393],[80.49911,21.18061],[80.49633,21.17823],[80.4928,21.17786],[80.4886,21.17724],[80.48624,21.1756],[80.48388,21.17375],[80.48171,21.1721],[80.48013,21.17198],[80.47463,21.17215],[80.47098,21.17275],[80.46841,21.17348],[80.46408,21.17349],[80.46205,21.16973],[80.46105,21.1661],[80.46079,21.1624],[80.4607,21.15929],[80.4596,21.15501],[80.45837,21.15034],[80.45688,21.1476],[80.45599,21.14511],[80.45499,21.14222],[80.45374,21.13886],[80.4528,21.13647],[80.45079,21.13131],[80.44924,21.12887],[80.44751,21.12618],[80.44543,21.12211],[80.44715,21.12102],[80.45064,21.11996],[80.45297,21.11889],[80.455,21.11701],[80.45592,21.11604],[80.45611,21.11558],[80.45603,21.11269],[80.45373,21.11179],[80.45227,21.11199],[80.45049,21.11238],[80.44903,21.1126],[80.44628,21.1125],[80.44583,21.10989],[80.4455,21.1077],[80.44444,21.10526],[80.44349,21.1034],[80.44284,21.10179],[80.44195,21.09975],[80.44098,21.09877],[80.44008,21.09788],[80.44227,21.09593],[80.44316,21.09346],[80.44491,21.08957],[80.44678,21.08608],[80.44773,21.08402],[80.44879,21.08138],[80.44932,21.07821],[80.44955,21.07498],[80.44938,21.07325],[80.44774,21.07119],[80.44937,21.06777],[80.44974,21.06674],[80.45076,21.06404],[80.45152,21.06239],[80.45288,21.0608],[80.45405,21.05748],[80.45441,21.05531],[80.45501,21.0528],[80.45528,21.05044],[80.45465,21.04769],[80.45386,21.04516],[80.45413,21.0416],[80.45432,21.04046],[80.45413,21.03747],[80.45331,21.03446],[80.45203,21.0318],[80.45004,21.03005],[80.44764,21.02886],[80.44538,21.02802],[80.44353,21.02587],[80.44274,21.02291],[80.44132,21.0201],[80.43924,21.01799],[80.43689,21.01722],[80.4356,21.01443],[80.43434,21.01332],[80.43053,21.01046],[80.43152,21.00821],[80.43342,21.00592],[80.43626,21.00352],[80.44008,21.00064],[80.44487,20.99301],[80.44572,20.9725],[80.44749,20.96641],[80.45055,20.96199],[80.45513,20.95199],[80.45557,20.94629],[80.46338,20.93826],[80.46235,20.93313],[80.46589,20.92918],[80.47212,20.92833],[80.48072,20.92841],[80.48956,20.92953],[80.49811,20.92891],[80.50751,20.92998],[80.51746,20.92989],[80.53325,20.93321],[80.54211,20.93243],[80.5487,20.93503],[80.54497,20.9272],[80.54595,20.92219],[80.55303,20.90425],[80.55662,20.89009],[80.55576,20.86931],[80.55746,20.86114],[80.55723,20.84693],[80.56167,20.83071],[80.56275,20.82099],[80.55763,20.81677],[80.55576,20.80972],[80.55255,20.80269],[80.55021,20.79313],[80.55234,20.78363],[80.5524,20.76675],[80.55505,20.76047],[80.55887,20.75486],[80.56141,20.74857],[80.56276,20.72403],[80.56706,20.71325],[80.57083,20.70868],[80.58181,20.69994],[80.58461,20.6956],[80.5862,20.69151],[80.58702,20.68518],[80.58524,20.68032],[80.57968,20.67584],[80.5737,20.67448],[80.5596,20.67463],[80.55427,20.67279],[80.54429,20.66555],[80.53244,20.6647],[80.52578,20.66327],[80.51446,20.65611],[80.50889,20.6507],[80.49651,20.64141],[80.49168,20.6367],[80.48843,20.63128],[80.4878,20.62508],[80.48844,20.61864],[80.49105,20.61351],[80.49977,20.60567],[80.50405,20.5974],[80.50697,20.58848],[80.51877,20.58674],[80.52638,20.58631],[80.53671,20.59172],[80.55829,20.60073],[80.56594,20.61162],[80.57421,20.61406],[80.58557,20.61577],[80.59264,20.61581],[80.5994,20.61476],[80.6095,20.60908],[80.61587,20.60769],[80.6246,20.60788],[80.62926,20.60558],[80.62643,20.59965],[80.61979,20.59231],[80.62155,20.58701],[80.6244,20.58279],[80.62118,20.57868],[80.62665,20.56909],[80.624,20.56401],[80.61909,20.56136],[80.61691,20.55811],[80.61872,20.55275],[80.61723,20.54686],[80.62035,20.54338],[80.61967,20.53908],[80.61697,20.53382],[80.61546,20.51805],[80.61383,20.51439],[80.61418,20.50577],[80.61315,20.48896],[80.6119,20.48305],[80.61028,20.46435],[80.60863,20.4592],[80.60164,20.44836],[80.60407,20.44403],[80.6084,20.43933],[80.6104,20.43523],[80.60684,20.4289],[80.60139,20.4227],[80.59868,20.41704],[80.5967,20.41476],[80.59348,20.40274],[80.59298,20.39763],[80.59293,20.39407],[80.59439,20.38992],[80.59714,20.38639],[80.60536,20.38273],[80.6092,20.3785],[80.60768,20.37467],[80.60787,20.37128],[80.6121,20.36825],[80.61317,20.36289],[80.61298,20.35853],[80.61848,20.35146],[80.61769,20.34739],[80.62366,20.33974],[80.62476,20.33582],[80.62367,20.32791],[80.61368,20.3275],[80.61239,20.32235],[80.5912,20.32144],[80.55852,20.31364],[80.54896,20.30897],[80.54625,20.30252],[80.54277,20.29681],[80.53362,20.28691],[80.51777,20.27174],[80.50142,20.27691],[80.48278,20.27578],[80.47235,20.27371],[80.46337,20.27098],[80.45527,20.26596],[80.44419,20.26055],[80.42981,20.25467],[80.4265,20.25362],[80.42214,20.25434],[80.41589,20.25119],[80.41058,20.24975],[80.39308,20.24665],[80.38982,20.24376],[80.3949,20.23268],[80.40487,20.21489],[80.4167,20.20742],[80.41891,20.20435],[80.42087,20.19238],[80.42029,20.18969],[80.41094,20.18657],[80.40515,20.18559],[80.40148,20.18374],[80.39966,20.17955],[80.39877,20.17291],[80.39732,20.16844],[80.39289,20.16498],[80.39143,20.16068],[80.39451,20.15377],[80.40072,20.14623],[80.40839,20.14173],[80.43385,20.13251],[80.43886,20.13362],[80.44654,20.13141],[80.45105,20.13263],[80.4548,20.14385],[80.45826,20.14715],[80.4656,20.14684],[80.47372,20.14497],[80.48424,20.14085],[80.48988,20.14021],[80.49808,20.1438],[80.50497,20.14126],[80.51054,20.13115],[80.51751,20.1293],[80.52511,20.12922],[80.53055,20.12686],[80.53365,20.12378],[80.53579,20.11991],[80.54273,20.11627],[80.54735,20.11226],[80.54824,20.10739],[80.54222,20.09465],[80.54196,20.08787],[80.54883,20.07917],[80.55316,20.06822],[80.55224,20.06209],[80.54808,20.05073],[80.54859,20.03977],[80.54242,20.0138],[80.53956,20.00653],[80.54279,20.00254],[80.54697,20.00034],[80.55054,19.99771],[80.55257,19.98983],[80.55116,19.98416],[80.54478,19.97622],[80.54175,19.97358],[80.53939,19.96972],[80.54086,19.95572],[80.53328,19.95131],[80.53304,19.94381],[80.5274,19.93359],[80.51576,19.92861],[80.50875,19.92745],[80.48747,19.93047],[80.47988,19.9339],[80.47682,19.93631],[80.47573,19.9429],[80.47147,19.94887],[80.45995,19.94784],[80.45066,19.95525],[80.4455,19.94971],[80.43796,19.94352],[80.43206,19.93989],[80.42753,19.93881],[80.41626,19.93795],[80.41323,19.93507],[80.41274,19.92803],[80.4096,19.9122],[80.41464,19.90852],[80.4217,19.90555],[80.43797,19.90107],[80.44278,19.89819],[80.45143,19.89623],[80.45977,19.90269],[80.46821,19.90612],[80.47594,19.90606],[80.48964,19.90161],[80.49683,19.8964],[80.49867,19.89328],[80.50394,19.87997],[80.50455,19.87153],[80.49465,19.86791],[80.48202,19.85984],[80.47804,19.84546],[80.47563,19.84033],[80.47062,19.83864],[80.46731,19.83084],[80.46213,19.82661],[80.45398,19.82313],[80.43866,19.8131],[80.43157,19.81085],[80.4243,19.81194],[80.41196,19.81818],[80.40451,19.81899],[80.40541,19.80596],[80.40167,19.79737],[80.40712,19.79643],[80.42468,19.79995],[80.436,19.79795],[80.4428,19.7947],[80.4497,19.79339],[80.45655,19.79552],[80.45946,19.79576],[80.46879,19.7911],[80.47383,19.78776],[80.48513,19.77533],[80.4896,19.78362],[80.4891,19.7924],[80.48727,19.79833],[80.48416,19.80411],[80.48184,19.80626],[80.46992,19.80862],[80.46656,19.81417],[80.47618,19.82749],[80.48304,19.83083],[80.49775,19.8282],[80.50542,19.83232],[80.51456,19.83282],[80.52485,19.83174],[80.54244,19.82104],[80.54951,19.8222],[80.5513,19.81415],[80.54901,19.8061],[80.54951,19.79721],[80.54596,19.78368],[80.54675,19.77759],[80.5573,19.76758],[80.57476,19.75974],[80.57763,19.7578],[80.5858,19.74702],[80.5892,19.74118],[80.59745,19.73755],[80.62028,19.7321],[80.62734,19.72694],[80.64065,19.72169],[80.64746,19.71568],[80.6528,19.70975],[80.66852,19.70078],[80.67302,19.6955],[80.67174,19.69404],[80.67265,19.69127],[80.67321,19.68958],[80.67257,19.67629],[80.6694,19.66591],[80.66332,19.62854],[80.6631,19.62039],[80.66403,19.61568],[80.66924,19.61216],[80.69026,19.61406],[80.70392,19.61429],[80.715,19.61394],[80.72824,19.6119],[80.76523,19.59375],[80.77155,19.58843],[80.77231,19.57787],[80.7737,19.57195],[80.79246,19.56407],[80.81655,19.56819],[80.82693,19.5691],[80.83494,19.56639],[80.84087,19.55971],[80.84338,19.55272],[80.84472,19.54439],[80.84816,19.53735],[80.85273,19.53296],[80.85961,19.52797],[80.87071,19.52578],[80.88097,19.52618],[80.88641,19.52287],[80.89293,19.51313],[80.89709,19.50315],[80.89878,19.49476],[80.89956,19.48546],[80.89947,19.46964],[80.89302,19.46047],[80.88339,19.45192],[80.87488,19.44743],[80.86486,19.44651],[80.84244,19.44631],[80.83262,19.44304],[80.81537,19.43554],[80.80168,19.43267],[80.79528,19.4306],[80.7998,19.42658],[80.80275,19.42269],[80.80533,19.41559],[80.81593,19.40102],[80.82012,19.38675],[80.82337,19.38308],[80.83061,19.37877],[80.8424,19.37473],[80.85024,19.37018],[80.85243,19.36499],[80.84649,19.35924],[80.83383,19.35214],[80.83377,19.3521],[80.82389,19.34656],[80.82022,19.34221],[80.81374,19.33899],[80.81023,19.33636],[80.80675,19.32926],[80.79528,19.32819],[80.78985,19.32581],[80.78549,19.32262],[80.77359,19.31221],[80.76712,19.30384],[80.76244,19.29933],[80.75663,19.29083],[80.7508,19.29007],[80.74411,19.29104],[80.73805,19.2881],[80.72567,19.28956],[80.71654,19.28736],[80.70781,19.2863],[80.7011,19.28635],[80.69597,19.28752],[80.6909,19.29093],[80.68914,19.29984],[80.69262,19.31658],[80.69155,19.32399],[80.68655,19.32808],[80.67921,19.33038],[80.6717,19.3305],[80.66518,19.3282],[80.64261,19.31675],[80.63281,19.31072],[80.62502,19.30872],[80.61744,19.31102],[80.61124,19.31564],[80.60736,19.32194],[80.60579,19.32851],[80.60296,19.33515],[80.59995,19.33903],[80.59588,19.3482],[80.59284,19.35679],[80.5895,19.37209],[80.59196,19.37744],[80.59118,19.38089],[80.58009,19.4021],[80.57505,19.40459],[80.56656,19.40122],[80.53874,19.37797],[80.53334,19.37089],[80.52993,19.36344],[80.52619,19.35771],[80.52105,19.35189],[80.51442,19.34728],[80.5076,19.34498],[80.48828,19.34149],[80.48278,19.33871],[80.4777,19.33259],[80.47249,19.31961],[80.46931,19.31184],[80.464,19.30287],[80.45262,19.27364],[80.44423,19.26482],[80.43527,19.25813],[80.42636,19.25402],[80.41536,19.25143],[80.40401,19.24993],[80.39561,19.24702],[80.39051,19.24285],[80.38633,19.23632],[80.38419,19.22111],[80.38712,19.21247],[80.3933,19.19943],[80.39384,19.19283],[80.3883,19.18454],[80.38009,19.17894],[80.36953,19.17313],[80.35265,19.16671],[80.34775,19.16272],[80.3468,19.15683],[80.34271,19.15139],[80.33201,19.14535],[80.32802,19.12832],[80.32951,19.12406],[80.33685,19.1113],[80.33872,19.10497],[80.33129,19.09882],[80.32713,19.09212],[80.32974,19.08607],[80.3293,19.07879],[80.32715,19.07332],[80.32296,19.06851],[80.30943,19.05948],[80.29887,19.05372],[80.29602,19.05022],[80.29772,19.04395],[80.30247,19.0327],[80.30059,19.02557],[80.2953,19.01791],[80.27949,19.00143],[80.27491,18.99133],[80.27453,18.9847],[80.27621,18.9682],[80.2747,18.95663],[80.27252,18.95106],[80.27134,18.9446],[80.27237,18.93865],[80.27484,18.9329],[80.27768,18.92903],[80.29863,18.91176],[80.30535,18.90465],[80.31583,18.89041],[80.32074,18.88542],[80.32894,18.87908],[80.33293,18.87424],[80.34303,18.86044],[80.34694,18.85268],[80.3529,18.8383],[80.35584,18.82833],[80.3551,18.82035],[80.35355,18.81549],[80.34202,18.81051],[80.32605,18.80038],[80.30673,18.79791],[80.30146,18.79497],[80.29749,18.79063],[80.28683,18.77224],[80.28384,18.76925],[80.27911,18.76661],[80.2727,18.76755],[80.26872,18.76934],[80.26183,18.77032],[80.25625,18.76961],[80.24943,18.76412],[80.24778,18.76098],[80.24683,18.7566],[80.24808,18.75307],[80.25472,18.74795],[80.26211,18.74055],[80.26484,18.73569],[80.27485,18.72244],[80.26767,18.71856],[80.25396,18.70578],[80.249,18.70468],[80.24285,18.70487],[80.23727,18.70199],[80.23262,18.7006],[80.22729,18.70363],[80.22163,18.70555],[80.21515,18.70488],[80.20917,18.70186],[80.20137,18.69295],[80.19893,18.68806],[80.19822,18.6834],[80.19621,18.68002],[80.1829,18.68032],[80.17822,18.68175],[80.17465,18.68447],[80.17187,18.69468],[80.16923,18.6984],[80.16533,18.70031],[80.15944,18.69965],[80.15596,18.6976],[80.14948,18.69061],[80.14381,18.69115],[80.13808,18.68975],[80.1285,18.68555],[80.12562,18.68346],[80.12319,18.68019],[80.11801,18.68052],[80.11376,18.68185],[80.10775,18.68927],[80.09412,18.70183],[80.09161,18.7051],[80.08927,18.7067],[80.08606,18.70559],[80.08186,18.7068],[80.07505,18.71293],[80.07263,18.71747],[80.06904,18.72071],[80.06039,18.72198],[80.05348,18.72508],[80.03996,18.75056],[80.03674,18.7528],[80.02579,18.75509],[80.02361,18.76109],[80.02157,18.76419],[80.01941,18.77081],[80.01615,18.77262],[79.99997,18.77754],[79.98858,18.77827],[79.95715,18.78386],[79.94706,18.78571],[79.93896,18.78835],[79.92322,18.80121],[79.91605,18.81054],[79.90092,18.83464],[79.91103,18.83867],[79.92777,18.84002],[79.93245,18.84136],[79.94028,18.84885],[79.94594,18.86269],[79.9479,18.88116],[79.94706,18.90048],[79.94827,18.91948],[79.94786,18.94133],[79.94279,18.96126],[79.9391,18.97518],[79.93824,18.97839],[79.93966,18.99926],[79.94136,19.02521],[79.93993,19.03319],[79.93284,19.04596],[79.92295,19.05081],[79.90978,19.05142],[79.89768,19.04887],[79.88791,19.04481],[79.87783,19.03896],[79.86637,19.03803],[79.8638,19.04559],[79.86789,19.06331],[79.86684,19.09427],[79.86481,19.10739],[79.86989,19.1191],[79.87797,19.12597],[79.91278,19.14507],[79.92912,19.1604],[79.93295,19.16421],[79.94753,19.16768],[79.95004,19.17388],[79.94925,19.17915],[79.94207,19.1871],[79.9293,19.20661],[79.92612,19.2182],[79.92695,19.22957],[79.93869,19.26244],[79.95196,19.28723],[79.95573,19.29195],[79.96858,19.30058],[79.97042,19.30962],[79.96415,19.3275],[79.96392,19.33759],[79.97129,19.35368],[79.9733,19.36388],[79.97401,19.37755],[79.97752,19.38508],[79.97936,19.39453],[79.9798,19.40395],[79.97676,19.41238],[79.96599,19.42879],[79.95249,19.44362],[79.95292,19.45376],[79.95172,19.46163],[79.94691,19.4673],[79.94399,19.46974],[79.93958,19.47189],[79.93024,19.48033],[79.92448,19.48827],[79.91771,19.49505],[79.90891,19.49918],[79.88487,19.50336],[79.87684,19.5076],[79.87042,19.51622],[79.86284,19.51972],[79.8348,19.53954],[79.82973,19.54683],[79.82719,19.55485],[79.82611,19.56398],[79.82315,19.57148],[79.81766,19.5763],[79.81177,19.57921],[79.79983,19.58251],[79.79283,19.59205],[79.79195,19.59599],[79.78405,19.60006],[79.77279,19.60252],[79.76075,19.60467],[79.7468,19.60547],[79.73638,19.5989],[79.71938,19.58566],[79.71157,19.58354],[79.70213,19.58341],[79.69121,19.58146],[79.68443,19.57886],[79.67147,19.57945],[79.65901,19.57896],[79.6461,19.57726],[79.62776,19.56735],[79.62218,19.56088],[79.61727,19.55144],[79.61357,19.54173],[79.60931,19.52337],[79.6088,19.51683],[79.60722,19.51026],[79.60442,19.50608],[79.5977,19.50405],[79.58901,19.50535],[79.57978,19.50893],[79.57193,19.51317],[79.55881,19.52228],[79.554,19.52831],[79.5515,19.53621],[79.55104,19.5449],[79.54896,19.55071],[79.54128,19.55025],[79.5325,19.54823],[79.52125,19.54412],[79.52109,19.54292],[79.52223,19.53899],[79.52211,19.52455],[79.51968,19.52027],[79.49956,19.50739],[79.48628,19.506],[79.47666,19.49962],[79.47134,19.51116],[79.46439,19.52109],[79.44745,19.5356],[79.43645,19.53717],[79.42935,19.53491],[79.41976,19.53554],[79.40798,19.54186],[79.3951,19.55093],[79.38682,19.55784],[79.37729,19.56351],[79.37512,19.57318],[79.34694,19.57568],[79.33572,19.57558],[79.32753,19.57364],[79.32029,19.56742],[79.31564,19.58388],[79.31084,19.592],[79.29922,19.59855],[79.27383,19.60845],[79.26117,19.61297],[79.2498,19.61429],[79.24302,19.61123],[79.24363,19.6013],[79.24973,19.59511],[79.25462,19.58865],[79.25605,19.57949],[79.24571,19.56131],[79.2441,19.55277],[79.24529,19.5439],[79.2443,19.53463],[79.24258,19.52867],[79.23793,19.52261],[79.22936,19.51888],[79.22164,19.51246],[79.214,19.50053],[79.21278,19.49356],[79.21471,19.4867],[79.22663,19.47752],[79.22888,19.46974],[79.22466,19.46645],[79.19495,19.46062],[79.18369,19.46259],[79.17498,19.46965],[79.16284,19.48739],[79.1461,19.50291],[79.13227,19.50826],[79.11861,19.51154],[79.11054,19.51448],[79.10814,19.52109],[79.10864,19.52967],[79.1024,19.53218],[79.0796,19.53028],[79.06911,19.53292],[79.06583,19.54038],[79.05723,19.54691],[79.04451,19.54662],[79.02402,19.54157],[79.01785,19.54536],[79.00571,19.56093],[79.00121,19.56258],[78.99848,19.56359],[78.99198,19.55859],[78.98409,19.55247],[78.97914,19.55144],[78.97045,19.55186],[78.96014,19.55335],[78.95514,19.55898],[78.96004,19.56422],[78.97029,19.57179],[78.97458,19.57496],[78.98346,19.58144],[78.98612,19.58658],[78.98391,19.59191],[78.97693,19.59873],[78.97121,19.60596],[78.96844,19.61875],[78.97025,19.63097],[78.97358,19.64078],[78.97453,19.65062],[78.96723,19.66014],[78.95975,19.66476],[78.94913,19.66648],[78.94052,19.66351],[78.92141,19.66904],[78.90928,19.66586],[78.89646,19.65656],[78.88341,19.65808],[78.86423,19.65757],[78.86455,19.67016],[78.86864,19.68073],[78.86942,19.68792],[78.8689,19.69797],[78.86708,19.7071],[78.86282,19.72091],[78.86233,19.73246],[78.85898,19.73914],[78.85102,19.75945],[78.84972,19.7601],[78.84368,19.76316],[78.83065,19.76145],[78.8225,19.76147],[78.81296,19.75905],[78.80852,19.76113],[78.80227,19.76961],[78.79019,19.77976],[78.7785,19.78036],[78.7685,19.77662],[78.75751,19.77827],[78.74833,19.78062],[78.74358,19.78039],[78.73708,19.77381],[78.72994,19.76994],[78.72168,19.76776],[78.7144,19.77365],[78.70698,19.78649],[78.70109,19.79061],[78.69153,19.79083],[78.65344,19.8023],[78.6403,19.8046],[78.6244,19.80951],[78.6194,19.81405],[78.6087,19.81827],[78.60031,19.81811],[78.59678,19.81617],[78.59,19.81245],[78.57869,19.81454],[78.56289,19.81634],[78.53119,19.82235],[78.52413,19.82059],[78.51729,19.81498],[78.51452,19.80189],[78.50856,19.79313],[78.49881,19.79385],[78.49434,19.7992],[78.48916,19.80786],[78.48104,19.81701],[78.46948,19.81685],[78.44938,19.81984],[78.43345,19.8237],[78.41378,19.83043],[78.40238,19.83694],[78.39395,19.8467],[78.39064,19.85321],[78.39069,19.85621],[78.38888,19.86412],[78.38967,19.87437],[78.38885,19.8797],[78.37915,19.87973],[78.37042,19.88335],[78.35133,19.88184],[78.34088,19.88362],[78.32985,19.89088],[78.32757,19.89537],[78.33122,19.89978],[78.3392,19.90469],[78.33973,19.91049],[78.33298,19.91646],[78.3241,19.91584],[78.31478,19.91311],[78.31219,19.90887],[78.30224,19.8737],[78.29877,19.85597],[78.29868,19.84999],[78.30773,19.84627],[78.34363,19.83968],[78.34602,19.83344],[78.3406,19.81916],[78.34385,19.81403],[78.35628,19.81088],[78.36516,19.80629],[78.37168,19.79512],[78.37242,19.78167],[78.36948,19.76795],[78.36548,19.75461],[78.35787,19.7384],[78.35007,19.73506],[78.34896,19.72498],[78.34994,19.71424],[78.33715,19.70918],[78.32733,19.70431],[78.32473,19.69738],[78.32066,19.69122],[78.30955,19.6891],[78.29038,19.69031],[78.27795,19.67081],[78.27427,19.6638],[78.27721,19.66085],[78.29214,19.65516],[78.297,19.64487],[78.30009,19.63256],[78.30357,19.62416],[78.31351,19.61217],[78.31561,19.60495],[78.31467,19.58752],[78.31668,19.57939],[78.31579,19.5726],[78.31075,19.56828],[78.30451,19.56761],[78.30389,19.56213],[78.30112,19.55921],[78.28994,19.56118],[78.28369,19.55902],[78.28921,19.55123],[78.29605,19.54396],[78.29964,19.53815],[78.30008,19.53172],[78.30333,19.51446],[78.30404,19.50504],[78.30824,19.4947],[78.31466,19.48738],[78.3167,19.48022],[78.31661,19.46688],[78.31356,19.4574],[78.30195,19.44982],[78.29576,19.44979],[78.28659,19.45396],[78.27782,19.4548],[78.27151,19.4489],[78.2664,19.44107],[78.25657,19.43102],[78.25035,19.42996],[78.23815,19.43385],[78.22877,19.43498],[78.21958,19.42799],[78.20995,19.41531],[78.20258,19.40841],[78.18661,19.4127],[78.19202,19.39658],[78.19145,19.38553],[78.18928,19.37727],[78.18892,19.36921],[78.18582,19.36175],[78.18405,19.35402],[78.18671,19.34647],[78.19159,19.33964],[78.20164,19.33279],[78.19954,19.32603],[78.2,19.31546],[78.19767,19.30403],[78.18762,19.28007],[78.18774,19.26231],[78.1909,19.25051],[78.18781,19.24271],[78.17451,19.2375],[78.15416,19.2312],[78.14368,19.24057],[78.1311,19.2475],[78.10371,19.24656],[78.09945,19.25092],[78.08656,19.25583],[78.07942,19.24761],[78.06182,19.2408],[78.05538,19.24279],[78.05229,19.24854],[78.05185,19.25665],[78.05369,19.26375],[78.04998,19.27185],[78.03708,19.27509],[78.03148,19.27965],[78.02243,19.29726],[78.01579,19.30203],[78.00002,19.30662],[77.98962,19.30988],[77.981,19.32191],[77.97073,19.32817],[77.96679,19.3326],[77.95296,19.34209],[77.94466,19.3433],[77.94126,19.33655],[77.93035,19.33271],[77.92606,19.32673],[77.91625,19.31876],[77.90976,19.31659],[77.90348,19.31859],[77.8972,19.32195],[77.89198,19.3132],[77.87915,19.30968],[77.87503,19.30652],[77.86475,19.30292],[77.86655,19.29616],[77.86474,19.28844],[77.86581,19.2849],[77.87931,19.2806],[77.89701,19.27924],[77.90464,19.27799],[77.90969,19.26809],[77.90437,19.257],[77.89584,19.25797],[77.88858,19.26109],[77.87131,19.25612],[77.87199,19.24698],[77.86932,19.2388],[77.86621,19.23484],[77.86543,19.22717],[77.86235,19.21936],[77.85623,19.21061],[77.85657,19.20549],[77.85044,19.19789],[77.84841,19.18911],[77.86232,19.18171],[77.85691,19.17776],[77.85812,19.17325],[77.85778,19.17039],[77.85427,19.16861],[77.85407,19.16328],[77.85263,19.1604],[77.85314,19.15625],[77.84157,19.13929],[77.83495,19.13663],[77.8378,19.13373],[77.84253,19.11985],[77.8491,19.11522],[77.84806,19.09711],[77.85209,19.09365],[77.85205,19.09113],[77.8505,19.08957],[77.84609,19.08782],[77.83768,19.08758],[77.8325,19.08597],[77.82937,19.09273],[77.82623,19.09742],[77.81902,19.10467],[77.80959,19.10434],[77.80646,19.10296],[77.80406,19.09987],[77.80359,19.09558],[77.80514,19.08543],[77.80109,19.07563],[77.79827,19.0744],[77.79734,19.07224],[77.80097,19.06592],[77.7995,19.06207],[77.801,19.05237],[77.79837,19.05125],[77.79494,19.05171],[77.7869,19.05587],[77.78175,19.0554],[77.77476,19.05719],[77.76544,19.06306],[77.7633,19.06031],[77.76468,19.05223],[77.76113,19.0296],[77.76399,19.0237],[77.7659,19.02157],[77.76804,19.0207],[77.76909,19.01647],[77.76952,19.00847],[77.77221,19.00048],[77.77114,18.98254],[77.78532,18.97747],[77.79095,18.98542],[77.82102,18.98354],[77.81675,18.96126],[77.81909,18.96044],[77.81657,18.95066],[77.83129,18.94695],[77.83442,18.95143],[77.85769,18.95354],[77.85265,18.93265],[77.84826,18.93158],[77.84507,18.92273],[77.84443,18.9126],[77.86062,18.90738],[77.87326,18.91164],[77.8856,18.90986],[77.88663,18.89772],[77.89171,18.8865],[77.90273,18.88512],[77.90328,18.86933],[77.91016,18.86874],[77.92945,18.86065],[77.92871,18.8556],[77.93649,18.85239],[77.93377,18.84796],[77.94828,18.84377],[77.94939,18.83361],[77.94672,18.82381],[77.93287,18.82322],[77.91167,18.83098],[77.86322,18.8155],[77.84141,18.80888],[77.8315,18.78745],[77.82714,18.76997],[77.81432,18.74175],[77.80664,18.73075],[77.80613,18.71764],[77.79042,18.69586],[77.79033,18.68566],[77.77327,18.69211],[77.77266,18.70313],[77.76824,18.70943],[77.76149,18.70856],[77.75375,18.69933],[77.75333,18.69128],[77.7485,18.6854],[77.73665,18.6775],[77.7319,18.66572],[77.73704,18.66366],[77.73697,18.65724],[77.73472,18.65685],[77.73391,18.64964],[77.73356,18.64713],[77.73351,18.64427],[77.73984,18.63246],[77.7468,18.62299],[77.75194,18.60693],[77.75102,18.59072],[77.73921,18.56484],[77.74034,18.55648],[77.73175,18.55321],[77.71615,18.55609],[77.68649,18.54245],[77.67962,18.54297],[77.66577,18.53488],[77.66125,18.52884],[77.64896,18.53791],[77.65314,18.54293],[77.65587,18.55122],[77.6532,18.55125],[77.65247,18.5542],[77.64412,18.55551],[77.63804,18.54677],[77.63268,18.55221],[77.61992,18.55023],[77.61941,18.54451],[77.6169,18.54396],[77.61445,18.54932],[77.60083,18.54909],[77.60175,18.5366],[77.59684,18.52959],[77.59684,18.52472],[77.60398,18.52655],[77.60502,18.52353],[77.60004,18.51658],[77.59061,18.51144],[77.58981,18.50452],[77.59745,18.49549],[77.60642,18.49301],[77.60734,18.4869],[77.60465,18.47586],[77.5967,18.47514],[77.59432,18.48274],[77.58004,18.48539],[77.57415,18.46849],[77.5639,18.46911],[77.56158,18.46689],[77.55,18.46733],[77.54967,18.46499],[77.55235,18.46243],[77.55328,18.45959],[77.56258,18.45963],[77.5872,18.4552],[77.58684,18.44885],[77.58877,18.44712],[77.5862,18.44474],[77.57767,18.44101],[77.57045,18.44027],[77.56368,18.43671],[77.54992,18.4422],[77.53796,18.44402],[77.53191,18.4421],[77.52938,18.42899],[77.53945,18.4251],[77.53864,18.42283],[77.54761,18.42208],[77.5587,18.41953],[77.55282,18.38943],[77.54506,18.38693],[77.53395,18.37748],[77.52484,18.36636],[77.52295,18.35099],[77.5308,18.34115],[77.54571,18.33568],[77.5569,18.33301],[77.57048,18.31978],[77.5738,18.31002],[77.55858,18.30014],[77.5535,18.29319],[77.54309,18.29566],[77.52737,18.30483],[77.52324,18.30916],[77.51296,18.30851],[77.51188,18.30396],[77.51609,18.2838],[77.51367,18.28026],[77.50117,18.27516],[77.49565,18.26771],[77.48374,18.27045],[77.47819,18.26409],[77.47261,18.26496],[77.46876,18.26176],[77.45413,18.26774],[77.44854,18.27187],[77.4482,18.279],[77.44022,18.28379],[77.4379,18.29471],[77.43965,18.30819],[77.43106,18.31087],[77.42824,18.30637],[77.41103,18.30125],[77.3995,18.30465],[77.39575,18.3026],[77.38445,18.30761],[77.36564,18.30992],[77.36193,18.31227],[77.35852,18.32013],[77.37013,18.32395],[77.37708,18.33113],[77.38116,18.33031],[77.38405,18.33355],[77.38244,18.34071],[77.38935,18.33981],[77.3924,18.34241],[77.39602,18.34217],[77.39595,18.34728],[77.39912,18.34626],[77.40151,18.34912],[77.40143,18.35514],[77.39499,18.36751],[77.40384,18.37176],[77.41109,18.38008],[77.41331,18.39011],[77.40368,18.39936],[77.3958,18.39858],[77.37286,18.40223],[77.36749,18.43132],[77.36846,18.43955],[77.37272,18.44911],[77.35711,18.45018],[77.34832,18.43583],[77.3451,18.43174],[77.34032,18.43689],[77.33638,18.44332],[77.33571,18.44988],[77.32901,18.45027],[77.32857,18.45653],[77.32037,18.45519],[77.31623,18.4408],[77.30521,18.43989],[77.29769,18.43409],[77.26741,18.41978],[77.26121,18.41183],[77.25195,18.40965],[77.24303,18.41004],[77.23922,18.40121],[77.23566,18.38755],[77.24786,18.37202],[77.24445,18.36783],[77.23361,18.36702],[77.22416,18.34866],[77.23006,18.34636],[77.22577,18.33927],[77.2197,18.32637],[77.21273,18.31522],[77.2029,18.32064],[77.19815,18.31418],[77.20039,18.29702],[77.20721,18.29199],[77.20895,18.27949],[77.20157,18.28075],[77.1944,18.27581],[77.18054,18.28334],[77.17321,18.28236],[77.17005,18.27495],[77.16836,18.25744],[77.15987,18.2546],[77.15404,18.23946],[77.15041,18.23918],[77.15034,18.22295],[77.1533,18.22308],[77.15264,18.21811],[77.14485,18.2176],[77.14213,18.20879],[77.13377,18.20773],[77.12356,18.20824],[77.11919,18.20395],[77.10916,18.20334],[77.09807,18.19663],[77.10549,18.18787],[77.1189,18.16918],[77.11146,18.15429],[77.09916,18.15971],[77.09179,18.15754],[77.0887,18.15186],[77.0716,18.151],[77.06011,18.15391],[77.06012,18.15747],[77.05274,18.16281],[77.05188,18.17473],[77.0405,18.18281],[77.03521,18.18527],[77.03269,18.18083],[77.02405,18.17971],[77.02636,18.16419],[77.00006,18.16834],[76.99757,18.1748],[76.99777,18.17985],[76.99523,18.1835],[76.99374,18.1881],[76.99015,18.18993],[76.98279,18.19083],[76.9821,18.18884],[76.96102,18.18757],[76.95629,18.18631],[76.95314,18.17391],[76.94591,18.15619],[76.93551,18.15934],[76.92749,18.14627],[76.9298,18.14131],[76.9339,18.13805],[76.93213,18.13371],[76.9263,18.12594],[76.9244,18.12166],[76.92468,18.11759],[76.93431,18.11248],[76.9447,18.11292],[76.9556,18.11162],[76.96079,18.10795],[76.97052,18.09865],[76.96959,18.09418],[76.96656,18.08976],[76.95704,18.0869],[76.95194,18.08388],[76.94924,18.07532],[76.95169,18.06983],[76.95488,18.06498],[76.95283,18.05985],[76.95067,18.05025],[76.95084,18.04732],[76.95655,18.04432],[76.95686,18.04128],[76.95429,18.03931],[76.94083,18.03882],[76.91986,18.03481],[76.92155,18.0236],[76.92241,18.01536],[76.91981,18.01394],[76.92032,18.00348],[76.92064,18.00032],[76.91976,17.99788],[76.92183,17.99226],[76.92175,17.98702],[76.92039,17.9745],[76.91944,17.96215],[76.91538,17.9389],[76.92137,17.93836],[76.92052,17.92482],[76.91862,17.91681],[76.91536,17.91552],[76.90236,17.9164],[76.89872,17.90973],[76.89579,17.90908],[76.89452,17.90456],[76.89149,17.8989],[76.88531,17.89879],[76.88326,17.89477],[76.87733,17.89445],[76.87393,17.89644],[76.85585,17.89953],[76.84893,17.89808],[76.83372,17.89234],[76.83504,17.88444],[76.8223,17.88612],[76.81906,17.88477],[76.81298,17.88575],[76.81014,17.88475],[76.80726,17.87588],[76.80815,17.87217],[76.80468,17.87],[76.79933,17.87101],[76.77638,17.87861],[76.77506,17.8803],[76.77562,17.88387],[76.77492,17.88678],[76.77194,17.89397],[76.76774,17.90004],[76.74468,17.90061],[76.74238,17.8996],[76.7413,17.89364],[76.74138,17.88522],[76.73919,17.85869],[76.74752,17.85994],[76.75633,17.85824],[76.76151,17.85373],[76.76614,17.85116],[76.76753,17.85247],[76.7816,17.83802],[76.78732,17.83317],[76.79005,17.82818],[76.78667,17.82136],[76.78328,17.81685],[76.78134,17.81202],[76.78165,17.80765],[76.77814,17.80112],[76.77187,17.79876],[76.76817,17.79838],[76.76458,17.78885],[76.75065,17.78808],[76.74954,17.78534],[76.74578,17.78519],[76.74532,17.78252],[76.74118,17.78086],[76.72634,17.78679],[76.72107,17.787],[76.7174,17.78362],[76.71414,17.7768],[76.71449,17.77307],[76.7189,17.77157],[76.72268,17.76932],[76.72078,17.76306],[76.71968,17.74961],[76.72363,17.74978],[76.72823,17.74214],[76.72935,17.73878],[76.70516,17.73087],[76.69981,17.72779],[76.70378,17.72548],[76.70512,17.72039],[76.70247,17.70905],[76.69403,17.70704],[76.69252,17.70372],[76.69287,17.69993],[76.69479,17.69555],[76.6922,17.68175],[76.68991,17.68031],[76.67977,17.68913],[76.67326,17.6909],[76.66473,17.68963],[76.6614,17.70094],[76.65969,17.71027],[76.65676,17.71813],[76.65238,17.72255],[76.63893,17.72581],[76.63213,17.73069],[76.63128,17.74355],[76.6284,17.75763],[76.62481,17.75954],[76.61587,17.76994],[76.61091,17.76762],[76.60829,17.76122],[76.60546,17.75746],[76.60019,17.72964],[76.59463,17.71924],[76.5884,17.70958],[76.57854,17.70482],[76.57456,17.70385],[76.57074,17.70541],[76.56941,17.74144],[76.56588,17.75528],[76.57066,17.75799],[76.57462,17.76161],[76.56883,17.7645],[76.56104,17.76474],[76.53942,17.76052],[76.53279,17.76011],[76.52749,17.76094],[76.52487,17.76046],[76.52621,17.73627],[76.52602,17.72453],[76.52482,17.71685],[76.51211,17.71753],[76.49334,17.71654],[76.48745,17.71511],[76.48671,17.69432],[76.48553,17.68606],[76.48574,17.67128],[76.49039,17.66232],[76.4533,17.65719],[76.45253,17.65314],[76.44182,17.651],[76.44373,17.64352],[76.43575,17.64617],[76.42964,17.64604],[76.42817,17.6414],[76.42673,17.62996],[76.42502,17.62319],[76.42166,17.6159],[76.4191,17.60749],[76.41659,17.60586],[76.38289,17.60242],[76.37382,17.59958],[76.36023,17.59792],[76.34942,17.59702],[76.33708,17.59765],[76.33233,17.59647],[76.33358,17.57546],[76.33492,17.56513],[76.33794,17.55683],[76.34073,17.54425],[76.34654,17.54189],[76.35557,17.54042],[76.36168,17.53795],[76.36539,17.53023],[76.36691,17.52389],[76.3672,17.51843],[76.35678,17.51509],[76.34708,17.51319],[76.34445,17.50984],[76.34422,17.49608],[76.34669,17.49334],[76.35595,17.4959],[76.36739,17.49704],[76.37588,17.49527],[76.37313,17.48754],[76.35077,17.47389],[76.34353,17.47213],[76.33851,17.47216],[76.33151,17.47057],[76.33155,17.46338],[76.33439,17.43407],[76.34271,17.43563],[76.36471,17.43736],[76.37402,17.43625],[76.37072,17.42488],[76.37089,17.40975],[76.36284,17.37696],[76.40903,17.37121],[76.41149,17.35609],[76.41164,17.34964],[76.40302,17.34593],[76.39394,17.33823],[76.38484,17.3215],[76.38263,17.31377],[76.36022,17.31224],[76.3531,17.31254],[76.35143,17.32964],[76.3444,17.35183],[76.33549,17.35173],[76.31777,17.34728],[76.31371,17.34515],[76.31909,17.33374],[76.31792,17.33134],[76.3057,17.33034],[76.29655,17.33053],[76.2864,17.33223],[76.27648,17.33239],[76.27323,17.34979],[76.27075,17.35835],[76.2655,17.35998],[76.2568,17.3592],[76.25051,17.35971],[76.24942,17.36393],[76.25095,17.36847],[76.24721,17.36968],[76.24484,17.37646],[76.23082,17.37203],[76.22943,17.36502],[76.20387,17.36056],[76.19355,17.36036],[76.18322,17.35826],[76.17629,17.35414],[76.1726,17.35049],[76.17378,17.33402],[76.17664,17.32325],[76.17922,17.31572],[76.18291,17.3161],[76.18415,17.31285],[76.17605,17.29903],[76.17216,17.29939],[76.16406,17.30214],[76.16447,17.32105],[76.16341,17.34267],[76.14586,17.34966],[76.13776,17.3543],[76.12131,17.36805],[76.11677,17.36792],[76.10203,17.36395],[76.09596,17.3595],[76.09279,17.35613],[76.09047,17.35225],[76.0941,17.34879],[76.09254,17.34538],[76.08698,17.34015],[76.08684,17.33544],[76.08498,17.33383],[76.07872,17.33177],[76.07344,17.33403],[76.06312,17.35358],[76.06036,17.3556],[76.05443,17.35596],[76.0365,17.35062],[76.02108,17.35096],[76.01524,17.35225],[76.00888,17.34916],[76.0039,17.34443],[75.99999,17.3394],[75.98037,17.33783],[75.97116,17.33809],[75.95941,17.33545],[75.9413,17.32647],[75.93065,17.32572],[75.91567,17.34055],[75.91013,17.34739],[75.89748,17.35232],[75.89304,17.35518],[75.89136,17.36235],[75.89576,17.37153],[75.89633,17.37854],[75.89579,17.3965],[75.89372,17.4074],[75.88961,17.41509],[75.88657,17.41881],[75.88174,17.42048],[75.87775,17.41802],[75.87643,17.41283],[75.8784,17.40643],[75.87822,17.40182],[75.87596,17.39846],[75.86413,17.38794],[75.86123,17.38735],[75.85836,17.39046],[75.85522,17.40914],[75.84709,17.4168],[75.83806,17.42199],[75.82694,17.42516],[75.82384,17.42429],[75.8211,17.42112],[75.81936,17.40801],[75.81639,17.40266],[75.81539,17.39928],[75.8168,17.38951],[75.8167,17.38222],[75.81417,17.37533],[75.81042,17.37143],[75.80141,17.37158],[75.79005,17.37445],[75.78131,17.38027],[75.7756,17.38965],[75.76871,17.40826],[75.76304,17.40984],[75.75766,17.40981],[75.7494,17.4143],[75.73586,17.42329],[75.73282,17.42304],[75.72781,17.42089],[75.72116,17.41316],[75.71394,17.41031],[75.70678,17.40971],[75.6959,17.41194],[75.68986,17.41397],[75.68578,17.41866],[75.67943,17.4375],[75.67946,17.45529],[75.67616,17.45929],[75.66904,17.46063],[75.66086,17.46098],[75.65473,17.46881],[75.64807,17.47469],[75.63406,17.47879],[75.63136,17.47091],[75.62972,17.46247],[75.62376,17.45939],[75.61716,17.44042],[75.61384,17.42335],[75.60854,17.42086],[75.60896,17.41845],[75.61336,17.41089],[75.61515,17.39999],[75.61423,17.3932],[75.60897,17.39336],[75.6017,17.3912],[75.59652,17.38744],[75.58651,17.38436],[75.58203,17.38354],[75.57684,17.38426],[75.58237,17.35271],[75.58315,17.35115],[75.58828,17.35107],[75.59649,17.3465],[75.61153,17.3437],[75.61446,17.33016],[75.61218,17.32085],[75.60438,17.30468],[75.62316,17.29525],[75.62636,17.28958],[75.62962,17.28132],[75.63189,17.27886],[75.63083,17.27369],[75.65608,17.27206],[75.6585,17.26294],[75.65954,17.24153],[75.66144,17.22948],[75.66252,17.21531],[75.66075,17.2099],[75.65606,17.20534],[75.64214,17.19564],[75.64121,17.18973],[75.62923,17.18772],[75.62872,17.18302],[75.62705,17.18231],[75.62655,17.17169],[75.62994,17.16166],[75.64132,17.14925],[75.64733,17.14042],[75.64831,17.1348],[75.65135,17.13436],[75.65227,17.11477],[75.67281,17.1152],[75.67422,17.1028],[75.67722,17.09587],[75.67612,17.08943],[75.67887,17.07997],[75.67982,17.07285],[75.67715,17.06457],[75.66969,17.06328],[75.66137,17.06348],[75.65305,17.0568],[75.6465,17.04828],[75.64237,17.03812],[75.64684,17.03441],[75.65266,17.03236],[75.66084,17.03417],[75.67097,17.03747],[75.67184,17.02792],[75.66926,17.00059],[75.66741,16.985],[75.66756,16.97955],[75.66812,16.97742],[75.67138,16.97588],[75.67334,16.97115],[75.6772,16.96575],[75.67337,16.96208],[75.67012,16.96035],[75.66247,16.95969],[75.65433,16.95791],[75.6483,16.95381],[75.64368,16.95284],[75.63802,16.96095],[75.63496,16.96759],[75.62955,16.96893],[75.6196,16.96952],[75.60918,16.97138],[75.60818,17.00067],[75.60802,17.00483],[75.59792,17.00694],[75.57419,17.0095],[75.56828,17.00787],[75.56766,17.00057],[75.56874,16.96536],[75.55682,16.96609],[75.5411,16.96485],[75.53113,16.96837],[75.52824,16.96755],[75.52229,16.96045],[75.51521,16.95365],[75.50882,16.94903],[75.50747,16.95031],[75.50002,16.94713],[75.49061,16.9446],[75.49112,16.9469],[75.49074,16.95322],[75.48988,16.95953],[75.48778,16.96708],[75.48058,16.97762],[75.46661,16.98124],[75.46592,16.98699],[75.4515,16.9843],[75.44172,16.98114],[75.43676,16.97254],[75.4289,16.96511],[75.41467,16.97114],[75.3925,16.97801],[75.36935,16.97031],[75.362,16.96524],[75.3572,16.95852],[75.34289,16.95415],[75.3355,16.95516],[75.30354,16.95627],[75.29213,16.95572],[75.28581,16.95636],[75.28197,16.95515],[75.28094,16.94454],[75.28294,16.91106],[75.28916,16.90278],[75.28487,16.88486],[75.28301,16.88046],[75.28015,16.87591],[75.2656,16.86253],[75.25524,16.86379],[75.24591,16.86619],[75.24066,16.86614],[75.2382,16.86462],[75.23283,16.85584],[75.23009,16.8472],[75.22717,16.84259],[75.21296,16.842],[75.1853,16.84254],[75.18019,16.84368],[75.18599,16.86353],[75.18954,16.87119],[75.18667,16.87512],[75.17782,16.86913],[75.16867,16.86642],[75.16129,16.86718],[75.14737,16.87101],[75.13794,16.87513],[75.13519,16.87986],[75.1339,16.88619],[75.13519,16.8945],[75.12439,16.89874],[75.12032,16.902],[75.11874,16.90879],[75.11548,16.91152],[75.10361,16.91107],[75.09459,16.91542],[75.09134,16.92268],[75.09076,16.94874],[75.08702,16.95016],[75.07954,16.94811],[75.06191,16.94077],[75.0517,16.94036],[75.04723,16.94115],[75.0446,16.94021],[75.04179,16.93576],[75.03087,16.93025],[75.02827,16.92717],[75.02647,16.93264],[75.02666,16.94302],[75.00769,16.94406],[74.99996,16.94731],[74.99577,16.94338],[74.99069,16.93652],[74.982,16.9305],[74.9776,16.93209],[74.97143,16.93608],[74.96561,16.93738],[74.96282,16.93712],[74.95609,16.9344],[74.95411,16.93062],[74.9506,16.93147],[74.94849,16.93768],[74.94437,16.93728],[74.93438,16.94244],[74.92446,16.93666],[74.92298,16.92708],[74.93291,16.9222],[74.93421,16.91795],[74.9401,16.91475],[74.94408,16.91066],[74.94889,16.90798],[74.96339,16.90687],[74.96021,16.8794],[74.95216,16.87881],[74.94466,16.8816],[74.94119,16.87863],[74.93569,16.87803],[74.93586,16.87383],[74.93309,16.87068],[74.92749,16.87105],[74.92376,16.86487],[74.90786,16.85745],[74.90923,16.84298],[74.90899,16.83229],[74.91175,16.81178],[74.91181,16.78725],[74.91979,16.77154],[74.90292,16.77138],[74.88849,16.77027],[74.86412,16.77264],[74.85065,16.77234],[74.84601,16.7619],[74.79961,16.75233],[74.79589,16.74722],[74.78655,16.74972],[74.77439,16.75015],[74.77091,16.74557],[74.77042,16.74236],[74.76476,16.74105],[74.75914,16.73836],[74.75143,16.7312],[74.74939,16.72776],[74.74348,16.7237],[74.73183,16.71741],[74.71758,16.71486],[74.70292,16.71466],[74.69325,16.71676],[74.69097,16.71211],[74.69008,16.69402],[74.69065,16.68741],[74.68397,16.68571],[74.68254,16.68324],[74.68229,16.6806],[74.68961,16.68024],[74.69115,16.67656],[74.66669,16.66513],[74.66375,16.65715],[74.65542,16.63919],[74.65796,16.63379],[74.66093,16.63034],[74.66884,16.63009],[74.68031,16.62151],[74.68626,16.61978],[74.68935,16.61684],[74.68969,16.61247],[74.68843,16.60892],[74.68544,16.60611],[74.67355,16.6082],[74.67026,16.60763],[74.66377,16.60432],[74.65881,16.60272],[74.64663,16.60861],[74.64258,16.60971],[74.63764,16.6084],[74.63596,16.60633],[74.63457,16.60117],[74.63421,16.596],[74.63535,16.58359],[74.63117,16.5774],[74.62546,16.57931],[74.62172,16.58259],[74.61869,16.58357],[74.61915,16.57921],[74.61741,16.5753],[74.61174,16.56962],[74.59952,16.5638],[74.59054,16.56605],[74.58798,16.56548],[74.58642,16.56238],[74.58624,16.56049],[74.58719,16.55893],[74.58659,16.55721],[74.5761,16.55666],[74.57609,16.5535],[74.5686,16.55363],[74.56361,16.55805],[74.56004,16.55944],[74.55671,16.55968],[74.55416,16.5614],[74.55357,16.56876],[74.55418,16.573],[74.5596,16.57627],[74.56433,16.58286],[74.56006,16.592],[74.54905,16.59403],[74.54429,16.5938],[74.54468,16.61063],[74.5438,16.61712],[74.54587,16.6348],[74.52443,16.6322],[74.50454,16.63303],[74.49589,16.62873],[74.4922,16.62822],[74.4897,16.62925],[74.48596,16.63391],[74.484,16.63765],[74.48002,16.64069],[74.47547,16.65563],[74.47149,16.66234],[74.4642,16.65675],[74.45885,16.65451],[74.45925,16.64847],[74.45687,16.64605],[74.45852,16.63556],[74.46389,16.62506],[74.46545,16.62336],[74.46488,16.61654],[74.46654,16.6064],[74.44095,16.60194],[74.43478,16.60028],[74.42748,16.59596],[74.42273,16.58434],[74.41615,16.5851],[74.40756,16.58184],[74.39728,16.58027],[74.39593,16.57634],[74.39499,16.57255],[74.39217,16.56704],[74.39455,16.56509],[74.39491,16.5625],[74.38925,16.56113],[74.3894,16.5373],[74.38665,16.53271],[74.38366,16.52955],[74.37915,16.52904],[74.36475,16.53927],[74.35975,16.53927],[74.35619,16.54036],[74.35827,16.5453],[74.35649,16.55018],[74.36287,16.55489],[74.35925,16.55868],[74.35669,16.55782],[74.35335,16.5553],[74.34864,16.55472],[74.33965,16.54807],[74.3337,16.55174],[74.32561,16.55531],[74.32287,16.55508],[74.31721,16.55307],[74.31566,16.54612],[74.31559,16.54066],[74.31666,16.53384],[74.31611,16.52063],[74.31734,16.50794],[74.31489,16.50431],[74.30752,16.50374],[74.30686,16.5049],[74.30497,16.50857],[74.30182,16.5235],[74.3023,16.52563],[74.30028,16.5308],[74.29094,16.53355],[74.28779,16.53316],[74.28814,16.53091],[74.2829,16.52419],[74.28284,16.52689],[74.2804,16.52896],[74.27999,16.53103],[74.28148,16.54108],[74.27756,16.5447],[74.26959,16.54614],[74.26476,16.54028],[74.26517,16.53504],[74.26873,16.52678],[74.26986,16.52224],[74.27516,16.52218],[74.27765,16.51811],[74.27996,16.5084],[74.27902,16.50501],[74.27187,16.50266],[74.25628,16.50059],[74.24884,16.49841],[74.24628,16.49652],[74.25324,16.49255],[74.25532,16.49032],[74.25769,16.4871],[74.25835,16.48405],[74.26198,16.47768],[74.27168,16.4813],[74.27579,16.48423],[74.27424,16.48744],[74.27376,16.491],[74.27657,16.49767],[74.28223,16.50542],[74.29323,16.50427],[74.29389,16.50128],[74.2909,16.48325],[74.28815,16.47601],[74.28975,16.46838],[74.28963,16.46068],[74.29474,16.46074],[74.29575,16.46275],[74.29802,16.46246],[74.30046,16.46126],[74.30824,16.45488],[74.31538,16.45172],[74.324,16.45447],[74.32906,16.45476],[74.33239,16.45384],[74.33352,16.44982],[74.33227,16.44833],[74.33256,16.44655],[74.33601,16.44402],[74.33577,16.44126],[74.33416,16.43787],[74.33404,16.43466],[74.3373,16.42725],[74.33081,16.42191],[74.3317,16.41508],[74.33549,16.40693],[74.3362,16.40222],[74.34286,16.40112],[74.34275,16.40566],[74.35315,16.40571],[74.35821,16.40496],[74.36148,16.40019],[74.36278,16.39606],[74.36236,16.3929],[74.35324,16.38056],[74.3553,16.3665],[74.34549,16.36805],[74.34468,16.3785],[74.34218,16.38211],[74.3413,16.38774],[74.33934,16.39124],[74.3366,16.3924],[74.33387,16.39268],[74.32946,16.39136],[74.32851,16.39044],[74.32827,16.38459],[74.32606,16.3773],[74.31893,16.38097],[74.32125,16.37207],[74.32112,16.36984],[74.32574,16.35869],[74.32502,16.35732],[74.31717,16.35537],[74.32507,16.34824],[74.32792,16.34227],[74.32174,16.34285],[74.31693,16.34165],[74.31829,16.33844],[74.32263,16.33435],[74.32078,16.33096],[74.31751,16.32919],[74.31649,16.32689],[74.32345,16.32413],[74.3269,16.32551],[74.33082,16.32516],[74.33356,16.3187],[74.32923,16.31678],[74.32504,16.31818],[74.32453,16.31681],[74.32562,16.31254],[74.33415,16.3134],[74.3359,16.30688],[74.33368,16.30578],[74.33472,16.30461],[74.33842,16.30506],[74.34231,16.29327],[74.33625,16.29057],[74.32992,16.29196],[74.32531,16.28798],[74.32568,16.2859],[74.32282,16.28286],[74.32221,16.28123],[74.32417,16.27475],[74.32739,16.26988],[74.3306,16.26754],[74.33399,16.26938],[74.33749,16.27393],[74.34307,16.27508],[74.34295,16.27687],[74.34437,16.27807],[74.34574,16.27629],[74.34877,16.2763],[74.35352,16.28142],[74.354,16.28371],[74.34531,16.29001],[74.34691,16.29363],[74.34822,16.29156],[74.34976,16.29272],[74.3522,16.2906],[74.35625,16.28895],[74.36331,16.29252],[74.36748,16.29212],[74.37383,16.2953],[74.38121,16.29216],[74.38418,16.29204],[74.38508,16.27742],[74.39459,16.27807],[74.41194,16.28275],[74.41515,16.28241],[74.41552,16.27329],[74.41476,16.26571],[74.41648,16.25928],[74.43033,16.25661],[74.43497,16.2545],[74.43586,16.25599],[74.43682,16.2514],[74.45536,16.25029],[74.4556,16.24564],[74.45756,16.24369],[74.46736,16.24038],[74.47028,16.2409],[74.47503,16.24619],[74.47835,16.2486],[74.48912,16.2399],[74.48935,16.23783],[74.49744,16.23291],[74.50267,16.22482],[74.50207,16.22316],[74.49727,16.2181],[74.49644,16.21603],[74.49751,16.21345],[74.50767,16.20314],[74.50761,16.20113],[74.50517,16.20072],[74.5069,16.19775],[74.50726,16.19131],[74.50726,16.19017],[74.50346,16.18976],[74.4961,16.18734],[74.49212,16.18325],[74.48963,16.17092],[74.48898,16.15697],[74.48425,16.14915],[74.48008,16.14892],[74.48139,16.14502],[74.48525,16.14394],[74.49145,16.11433],[74.49074,16.10354],[74.48783,16.10056],[74.48695,16.09752],[74.48712,16.09482],[74.48475,16.09234],[74.48339,16.0893],[74.47614,16.08895],[74.47317,16.08986],[74.47222,16.09387],[74.45874,16.10407],[74.45417,16.10486],[74.44906,16.10463],[74.43861,16.10713],[74.43201,16.11011],[74.42863,16.11256],[74.41676,16.10451],[74.41243,16.10283],[74.41006,16.09795],[74.40918,16.09377],[74.40152,16.09265],[74.39796,16.09293],[74.39119,16.08908],[74.39221,16.08208],[74.39114,16.08035],[74.38431,16.08189],[74.38063,16.08005],[74.37481,16.08021],[74.37339,16.07876],[74.37441,16.07498],[74.37388,16.07154],[74.36891,16.06533],[74.36476,16.06153],[74.36191,16.05492],[74.36453,16.05299],[74.37396,16.05673],[74.37556,16.05554],[74.3727,16.04538],[74.37204,16.04125],[74.37239,16.0386],[74.3839,16.03711],[74.38996,16.04158],[74.40327,16.04731],[74.40357,16.04909],[74.40517,16.05098],[74.40951,16.05304],[74.41693,16.05517],[74.42619,16.05711],[74.43041,16.05871],[74.43456,16.05899],[74.44216,16.05439],[74.45005,16.05416],[74.45805,16.04973],[74.4622,16.04869],[74.4645,16.04255],[74.46188,16.03566],[74.46134,16.03227],[74.45813,16.02458],[74.45062,16.01093],[74.44753,16.00783],[74.44382,16.00055],[74.44433,15.99463],[74.44257,15.99032],[74.44263,15.98843],[74.44412,15.98527],[74.43809,15.97637],[74.4364,15.96753],[74.42933,15.95323],[74.40628,15.92726],[74.396,15.91312],[74.38578,15.90324],[74.38626,15.90134],[74.39232,15.8998],[74.39327,15.89785],[74.39561,15.88937],[74.39653,15.88035],[74.39316,15.87645],[74.40626,15.85976],[74.40562,15.85471],[74.40052,15.85401],[74.3971,15.85108],[74.38737,15.85388],[74.38622,15.85956],[74.38243,15.85932],[74.38187,15.86604],[74.37947,15.87533],[74.37702,15.87986],[74.37041,15.88703],[74.36661,15.88977],[74.36833,15.89202],[74.36796,15.89368],[74.36435,15.89247],[74.36444,15.88208],[74.36381,15.87777],[74.36126,15.87531],[74.36085,15.87317],[74.35789,15.87225],[74.34672,15.86133],[74.34715,15.85783],[74.33827,15.85414],[74.34012,15.85145],[74.34753,15.8502],[74.38133,15.84922],[74.38324,15.84624],[74.38338,15.83843],[74.38019,15.83538],[74.36841,15.82962],[74.36723,15.82796],[74.36459,15.81934],[74.36021,15.81762],[74.363,15.81429],[74.36788,15.81257],[74.36842,15.80666],[74.36969,15.80333],[74.3694,15.79886],[74.3647,15.78433],[74.36174,15.78375],[74.35868,15.77582],[74.34473,15.76552],[74.34052,15.76527],[74.33601,15.76768],[74.32824,15.76984],[74.32343,15.77253],[74.32124,15.77034],[74.3186,15.76345],[74.31773,15.75869],[74.31229,15.75558],[74.30826,15.7543],[74.30661,15.75045],[74.28567,15.74147],[74.27842,15.74547],[74.26742,15.75526],[74.26428,15.75406],[74.25944,15.74916],[74.25228,15.74553],[74.2434,15.74334],[74.23716,15.74653],[74.23222,15.75427],[74.22847,15.7561],[74.22839,15.76174],[74.23359,15.78287],[74.23215,15.78666],[74.2287,15.78894],[74.22053,15.78778],[74.21562,15.78381],[74.21054,15.78087],[74.20884,15.77599],[74.20774,15.76811],[74.20445,15.76071],[74.19748,15.75553],[74.19014,15.75235],[74.16406,15.75207],[74.16056,15.75137],[74.15514,15.74418],[74.15298,15.73648],[74.14819,15.7344],[74.14333,15.73382],[74.14019,15.7322],[74.13576,15.72932],[74.13465,15.7253],[74.13324,15.72381],[74.1276,15.72431],[74.12335,15.72005],[74.12751,15.71816],[74.1283,15.71139],[74.1317,15.70848],[74.13433,15.7025],[74.13167,15.70118],[74.13323,15.69671],[74.13166,15.68838],[74.12636,15.68055],[74.11973,15.67589],[74.11021,15.67294],[74.09889,15.67279],[74.09314,15.6745],[74.08912,15.673],[74.09062,15.66812],[74.09716,15.66136],[74.10471,15.6572],[74.11407,15.65584],[74.11877,15.65246],[74.11548,15.6474],[74.10529,15.64525],[74.10069,15.64104],[74.09506,15.64115],[74.07307,15.62834],[74.06601,15.62885],[74.06016,15.62688],[74.0492,15.62489],[74.03162,15.62302],[74.02788,15.61146],[74.0202,15.60679],[74.00536,15.61151],[73.99999,15.61048],[73.99451,15.61123],[73.99081,15.6133],[73.985,15.61848],[73.98228,15.62278],[73.9781,15.62555],[73.97342,15.62719],[73.96796,15.6311],[73.96121,15.64646],[73.96269,15.6518],[73.96619,15.65681],[73.96767,15.66192],[73.96354,15.67051],[73.96415,15.67881],[73.96326,15.68937],[73.95766,15.69714],[73.94912,15.69886],[73.95055,15.70336],[73.9479,15.7069],[73.94966,15.70946],[73.95073,15.71339],[73.94782,15.71903],[73.94265,15.72533],[73.94159,15.73473],[73.93716,15.74361],[73.91586,15.74491],[73.9096,15.74749],[73.90646,15.74757],[73.90021,15.74441],[73.8774,15.74934],[73.87393,15.75142],[73.87169,15.75462],[73.87408,15.75877],[73.87581,15.7667],[73.87834,15.7692],[73.87836,15.77236],[73.8717,15.77945],[73.87132,15.78128],[73.86653,15.78496],[73.86626,15.7884],[73.86736,15.79529],[73.8649,15.79738],[73.85687,15.79959],[73.85294,15.79593],[73.85142,15.78984],[73.84714,15.78532],[73.84833,15.78029],[73.84323,15.78047],[73.84093,15.77809],[73.83845,15.7682],[73.83641,15.76543],[73.83003,15.76296],[73.83157,15.75827],[73.82971,15.75091],[73.82426,15.73984],[73.81154,15.74199],[73.80715,15.73736],[73.80374,15.7356],[73.79392,15.73429],[73.78861,15.72718],[73.78423,15.72575],[73.77748,15.72534],[73.76672,15.73261],[73.74909,15.73483],[73.73951,15.73266],[73.73482,15.72773],[73.73177,15.72081],[73.72776,15.71934],[73.72297,15.72267],[73.71832,15.72457],[73.71322,15.72498],[73.7092,15.72371],[73.70157,15.72232],[73.69716,15.72382],[73.69322,15.72699],[73.68786,15.72831],[73.68234,15.729],[73.67573,15.72797],[73.67293,15.73677],[73.65997,15.74516],[73.65896,15.74898],[73.66221,15.75153],[73.67058,15.75322],[73.67924,15.75192],[73.67995,15.75179],[73.68534,15.75364],[73.68894,15.75458],[73.68519,15.75579],[73.67915,15.75775],[73.674,15.7594],[73.66645,15.76472],[73.66479,15.77442],[73.65638,15.79781],[73.65358,15.80221],[73.64819,15.80864],[73.64614,15.81101],[73.64218,15.81866],[73.63633,15.83577],[73.63317,15.85113],[73.62891,15.8558],[73.6282,15.85503],[73.62753,15.85421],[73.62368,15.85268],[73.62181,15.8522],[73.61771,15.85338],[73.61575,15.86668],[73.61175,15.87568],[73.60085,15.89412],[73.59954,15.89633],[73.59576,15.90033],[73.59361,15.90189],[73.59154,15.90848],[73.58953,15.91017],[73.58114,15.9114],[73.57969,15.91161],[73.57463,15.91292],[73.57161,15.91501],[73.5704,15.91793],[73.56665,15.9225],[73.56498,15.92406],[73.55678,15.92623],[73.54992,15.93063],[73.54967,15.93178],[73.5454,15.93577],[73.5387,15.9375],[73.53729,15.93725],[73.53615,15.93654],[73.53537,15.93246],[73.53386,15.9321],[73.53002,15.93192],[73.5291,15.93237],[73.52084,15.937],[73.5138,15.93876],[73.51237,15.93913],[73.50762,15.94335],[73.50617,15.94827],[73.50577,15.9501],[73.50571,15.95327],[73.50845,15.9575],[73.50923,15.96223],[73.50465,15.96239],[73.49992,15.96238],[73.49893,15.96934],[73.49877,15.96969],[73.48759,15.97495],[73.48917,15.99202],[73.49254,16.00052],[73.4945,16.00468],[73.49211,16.00871],[73.49202,16.01505],[73.4865,16.03758],[73.48271,16.04182],[73.47139,16.04663],[73.46801,16.05382],[73.46521,16.05423],[73.46026,16.05595],[73.4586,16.05705],[73.4579,16.06474],[73.46735,16.06645],[73.46848,16.06782],[73.46725,16.07331],[73.46682,16.07522],[73.46664,16.08048],[73.46825,16.09002],[73.46988,16.09238],[73.47412,16.09599],[73.47359,16.0998],[73.4699,16.10452],[73.46866,16.11691],[73.47078,16.12963],[73.46937,16.14385],[73.4695,16.14444],[73.47242,16.15859],[73.46905,16.15799],[73.46777,16.15785],[73.46479,16.15394],[73.46368,16.14434],[73.46335,16.14128],[73.46241,16.14037],[73.46082,16.13741],[73.46029,16.1349],[73.46097,16.12626],[73.4617,16.11726],[73.46206,16.11301],[73.46146,16.11032],[73.45879,16.11432],[73.45803,16.1172],[73.45567,16.12618],[73.45382,16.13325],[73.45136,16.14415],[73.4506,16.14736],[73.44289,16.18776],[73.44195,16.18865],[73.44174,16.18968],[73.44147,16.19329],[73.44173,16.19635],[73.43852,16.19971],[73.4356,16.20049],[73.43218,16.20139],[73.42793,16.21489],[73.42575,16.22189],[73.41975,16.2528],[73.41168,16.28116],[73.41109,16.28263],[73.40608,16.29463],[73.39822,16.30397],[73.39436,16.30984],[73.39442,16.32657],[73.38856,16.33224],[73.38762,16.33324],[73.3863,16.33549],[73.38636,16.33887],[73.39086,16.34462],[73.38956,16.35138],[73.39055,16.35613],[73.39216,16.35638],[73.40233,16.35377],[73.40512,16.35365],[73.4099,16.35527],[73.41535,16.35839],[73.41934,16.36213],[73.42018,16.36295],[73.42051,16.36476],[73.42014,16.36566],[73.41617,16.36628],[73.41066,16.36137],[73.4098,16.36098],[73.40903,16.36035],[73.40783,16.3598],[73.40052,16.36091],[73.39989,16.36113],[73.39866,16.36168],[73.3964,16.36424],[73.3954,16.36628],[73.39459,16.36637],[73.39389,16.36595],[73.39147,16.3644],[73.38789,16.36039],[73.38675,16.35832],[73.3816,16.35757],[73.3736,16.36169],[73.37261,16.36287],[73.37189,16.37145],[73.37197,16.37867],[73.37231,16.38253],[73.37447,16.38517],[73.38137,16.38585],[73.38998,16.38937],[73.40169,16.38979],[73.40919,16.39848],[73.41104,16.40042],[73.41178,16.40135],[73.41403,16.40277],[73.41659,16.40349],[73.43194,16.40387],[73.43303,16.40406],[73.44409,16.4063],[73.44624,16.40737],[73.44852,16.40825],[73.45069,16.40911],[73.45159,16.40959],[73.45367,16.41045],[73.4539,16.41089],[73.45485,16.4109],[73.45549,16.41122],[73.45661,16.41144],[73.45879,16.41187],[73.45995,16.41211],[73.46384,16.41316],[73.46953,16.41507],[73.46379,16.41673],[73.45952,16.41587],[73.45812,16.4154],[73.45593,16.41465],[73.45395,16.4139],[73.453,16.41366],[73.45116,16.41276],[73.45042,16.41237],[73.44846,16.41211],[73.44605,16.4118],[73.43724,16.41005],[73.43293,16.41035],[73.42723,16.41093],[73.41684,16.41129],[73.4122,16.41103],[73.41115,16.41072],[73.4101,16.41015],[73.40903,16.40822],[73.40802,16.40617],[73.40643,16.40299],[73.40212,16.39963],[73.39353,16.40163],[73.38919,16.40101],[73.37798,16.39211],[73.37036,16.39367],[73.36976,16.3938],[73.36737,16.3976],[73.36631,16.40369],[73.35889,16.42687],[73.35375,16.4415],[73.35207,16.4435],[73.34689,16.45388],[73.34659,16.45487],[73.34408,16.46666],[73.34382,16.47194],[73.34439,16.47503],[73.34103,16.47692],[73.33672,16.47649],[73.33435,16.4785],[73.33221,16.48683],[73.32748,16.51003],[73.31994,16.51195],[73.31924,16.51283],[73.31824,16.51667],[73.31416,16.53269],[73.31385,16.5351],[73.3139,16.53628],[73.31458,16.53876],[73.32301,16.55293],[73.32498,16.55489],[73.33145,16.55704],[73.33605,16.55789],[73.34112,16.56059],[73.34597,16.56757],[73.34634,16.57231],[73.34421,16.57455],[73.33373,16.57663],[73.33011,16.5783],[73.32778,16.58039],[73.326,16.58282],[73.32274,16.58932],[73.32244,16.58925],[73.32262,16.58957],[73.32132,16.59356],[73.31997,16.59947],[73.32424,16.6034],[73.33131,16.60329],[73.33556,16.60132],[73.34526,16.5956],[73.35096,16.59163],[73.35496,16.591],[73.35601,16.59159],[73.35611,16.59307],[73.35439,16.5971],[73.34375,16.60189],[73.34293,16.60776],[73.34337,16.60981],[73.34525,16.61051],[73.35467,16.60892],[73.35604,16.61045],[73.35787,16.61433],[73.35823,16.61617],[73.36561,16.6235],[73.36776,16.62467],[73.36941,16.6238],[73.3788,16.61106],[73.37901,16.60569],[73.37848,16.60184],[73.37906,16.59433],[73.39195,16.58892],[73.40197,16.58565],[73.40313,16.58636],[73.4031,16.58772],[73.40097,16.59039],[73.39048,16.59447],[73.38607,16.59693],[73.38545,16.59874],[73.38562,16.60281],[73.38802,16.60558],[73.38841,16.60979],[73.38982,16.61216],[73.3919,16.61334],[73.3976,16.61419],[73.39903,16.61514],[73.39883,16.61955],[73.39237,16.62668],[73.3828,16.62886],[73.3794,16.62964],[73.37004,16.63615],[73.3662,16.63461],[73.3587,16.62659],[73.35306,16.62059],[73.34396,16.61614],[73.33549,16.61919],[73.33555,16.6228],[73.34192,16.62629],[73.34186,16.63148],[73.33518,16.63592],[73.32607,16.63484],[73.32417,16.63574],[73.32481,16.63898],[73.327,16.64051],[73.3308,16.64511],[73.33207,16.64784],[73.33098,16.66248],[73.33084,16.66434],[73.32924,16.66838],[73.32804,16.67017],[73.32747,16.67536],[73.32859,16.67832],[73.33057,16.68017],[73.33325,16.68067],[73.34114,16.67954],[73.34265,16.68037],[73.34565,16.68379],[73.34542,16.69057],[73.34504,16.69125],[73.34387,16.69101],[73.33973,16.68643],[73.33227,16.68787],[73.3307,16.68766],[73.32843,16.68804],[73.32253,16.6909],[73.31577,16.70821],[73.31176,16.71625],[73.31176,16.71625],[73.31015,16.72178],[73.30436,16.74283],[73.30264,16.75434],[73.30356,16.7634],[73.30883,16.7757],[73.31479,16.78418],[73.31764,16.79709],[73.31638,16.8012],[73.3148,16.80461],[73.31196,16.80573],[73.30543,16.81024],[73.30035,16.8184],[73.29928,16.8202],[73.29767,16.82277],[73.29349,16.83428],[73.29424,16.858],[73.29511,16.86321],[73.29255,16.87424],[73.2928,16.88316],[73.29412,16.88549],[73.29775,16.88729],[73.29915,16.88757],[73.30195,16.88842],[73.31272,16.88559],[73.31374,16.88591],[73.31526,16.88651],[73.31535,16.88798],[73.30628,16.89483],[73.29904,16.89374],[73.28616,16.89178],[73.28236,16.89307],[73.28268,16.89753],[73.28588,16.90869],[73.28888,16.92237],[73.2889,16.92464],[73.2898,16.92601],[73.28934,16.93171],[73.28998,16.93245],[73.28833,16.94067],[73.28498,16.94491],[73.2848,16.94831],[73.29045,16.95437],[73.29387,16.96609],[73.29468,16.97493],[73.2962,16.97494],[73.30169,16.96984],[73.30434,16.96582],[73.30536,16.96341],[73.30779,16.95683],[73.31106,16.95447],[73.3122,16.95381],[73.31327,16.95332],[73.32005,16.955],[73.32797,16.95069],[73.32871,16.9503],[73.33129,16.94988],[73.33213,16.95],[73.33371,16.96789],[73.33298,16.96856],[73.33122,16.96807],[73.32605,16.96211],[73.32465,16.96141],[73.31993,16.96179],[73.31328,16.96529],[73.31524,16.97472],[73.31566,16.97799],[73.31339,16.97965],[73.31235,16.97906],[73.31195,16.97478],[73.31112,16.97398],[73.30728,16.97334],[73.30632,16.97377],[73.30575,16.97964],[73.30504,16.98031],[73.29982,16.98246],[73.29628,16.98355],[73.29319,16.98464],[73.28654,16.98901],[73.28345,16.99102],[73.28112,16.99029],[73.27613,16.98488],[73.27487,16.98454],[73.27274,16.98496],[73.27155,16.99261],[73.27204,16.99349],[73.27248,16.99405],[73.27443,16.99586],[73.27964,16.99939],[73.28289,17.0008],[73.28421,17.00234],[73.28269,17.01112],[73.28209,17.01361],[73.28013,17.01787],[73.27537,17.02254],[73.27348,17.02206],[73.26515,17.01649],[73.26063,17.018],[73.25992,17.01934],[73.25902,17.02426],[73.25897,17.02552],[73.25939,17.02875],[73.26017,17.03081],[73.26015,17.03426],[73.25875,17.04181],[73.25788,17.04644],[73.2581,17.04734],[73.25949,17.04826],[73.26362,17.04902],[73.26502,17.04904],[73.26714,17.04795],[73.27292,17.0427],[73.27575,17.0402],[73.27879,17.03942],[73.28046,17.0397],[73.28191,17.04148],[73.28763,17.04755],[73.28864,17.05269],[73.29406,17.05568],[73.29248,17.06025],[73.29177,17.06359],[73.29169,17.07053],[73.29286,17.07078],[73.29541,17.07241],[73.29616,17.07107],[73.29925,17.0684],[73.30156,17.06778],[73.30233,17.06756],[73.31209,17.07361],[73.3122,17.0743],[73.31239,17.07678],[73.31203,17.07745],[73.30989,17.07807],[73.30936,17.078],[73.30028,17.07657],[73.29755,17.07706],[73.29294,17.08006],[73.2914,17.08564],[73.29032,17.0896],[73.28963,17.09002],[73.28948,17.09059],[73.28819,17.09558],[73.28737,17.10145],[73.28711,17.10195],[73.28248,17.11132],[73.2808,17.11287],[73.27823,17.1126],[73.27659,17.11211],[73.27139,17.1143],[73.27252,17.1159],[73.27363,17.11967],[73.27367,17.12129],[73.27366,17.12237],[73.27317,17.12652],[73.27116,17.13327],[73.27069,17.13303],[73.2698,17.13575],[73.2694,17.14638],[73.27544,17.15098],[73.27748,17.1542],[73.27747,17.15534],[73.27675,17.15623],[73.2717,17.15534],[73.26685,17.15764],[73.2627,17.16524],[73.25861,17.18213],[73.25457,17.18541],[73.25003,17.18901],[73.2391,17.19424],[73.23895,17.19603],[73.23887,17.2001],[73.24811,17.19964],[73.24911,17.19961],[73.24946,17.20028],[73.24895,17.21971],[73.24732,17.22196],[73.24301,17.22544],[73.24013,17.22677],[73.23777,17.22926],[73.23003,17.24564],[73.22846,17.24899],[73.2266,17.25937],[73.21973,17.27507],[73.21565,17.27863],[73.21287,17.27721],[73.21072,17.27209],[73.20751,17.2735],[73.20387,17.28024],[73.20153,17.29307],[73.18986,17.29943],[73.18956,17.30259],[73.19679,17.3061],[73.20013,17.3039],[73.2063,17.30153],[73.22089,17.30335],[73.22232,17.30226],[73.23179,17.29841],[73.24334,17.31076],[73.24534,17.31387],[73.24585,17.31487],[73.24605,17.31715],[73.24294,17.31981],[73.24226,17.31984],[73.23915,17.31997],[73.23083,17.32205],[73.22591,17.32433],[73.22543,17.32448],[73.22374,17.32693],[73.22321,17.3294],[73.22366,17.33123],[73.2302,17.33339],[73.23113,17.33453],[73.23112,17.33522],[73.22201,17.34402],[73.22151,17.34454],[73.22067,17.34634],[73.22011,17.35106],[73.22547,17.35332],[73.22626,17.35613],[73.22506,17.35726],[73.21909,17.35934],[73.21746,17.36073],[73.2193,17.36913],[73.2194,17.36982],[73.21913,17.3714],[73.21688,17.37152],[73.21548,17.37083],[73.21445,17.37088],[73.21229,17.3722],[73.21215,17.38033],[73.20588,17.38746],[73.19791,17.38986],[73.19724,17.38999],[73.19431,17.38927],[73.19105,17.38571],[73.18805,17.38374],[73.18081,17.38692],[73.17974,17.38745],[73.17782,17.389],[73.17067,17.39923],[73.1686,17.40374],[73.16843,17.40601],[73.16926,17.40628],[73.17089,17.40672],[73.17476,17.40645],[73.17667,17.40582],[73.18691,17.41096],[73.18761,17.41132],[73.18857,17.41359],[73.19,17.41936],[73.19005,17.42276],[73.19085,17.4236],[73.19021,17.43172],[73.19275,17.43561],[73.19514,17.43609],[73.19638,17.43608],[73.20229,17.43566],[73.20448,17.43853],[73.20446,17.43942],[73.1973,17.44338],[73.19624,17.44369],[73.19134,17.44475],[73.1902,17.44507],[73.18853,17.4464],[73.18747,17.45315],[73.19198,17.45485],[73.19354,17.4562],[73.19451,17.46075],[73.19458,17.46392],[73.18703,17.48818],[73.18361,17.50811],[73.18288,17.50884],[73.1826,17.51034],[73.17732,17.51695],[73.17654,17.51922],[73.16789,17.52593],[73.1607,17.53148],[73.15883,17.53291],[73.15306,17.53869],[73.14942,17.54294],[73.14462,17.54915],[73.14129,17.55655],[73.14288,17.56609],[73.1501,17.57096],[73.15232,17.57226],[73.15606,17.57346],[73.15554,17.5777],[73.1601,17.59083],[73.15293,17.59589],[73.14889,17.60006],[73.14546,17.60388],[73.14499,17.60367],[73.14045,17.61916],[73.13376,17.63418],[73.13206,17.6364],[73.13049,17.63979],[73.1308,17.64274],[73.13861,17.64153],[73.13806,17.64512],[73.13418,17.65219],[73.13098,17.65813],[73.12371,17.66726],[73.12126,17.67241],[73.12001,17.67633],[73.11836,17.68164],[73.11704,17.68954],[73.11706,17.69227],[73.11709,17.69315],[73.12102,17.69683],[73.12418,17.69812],[73.13271,17.70248],[73.13643,17.70537],[73.13726,17.70516],[73.13932,17.70915],[73.13817,17.71797],[73.13808,17.71864],[73.11202,17.78133],[73.11104,17.78366],[73.10859,17.78954],[73.09772,17.80831],[73.09623,17.82279],[73.09341,17.83182],[73.0932,17.83265],[73.09329,17.83447],[73.09776,17.83659],[73.10573,17.83309],[73.11104,17.83148],[73.11561,17.83077],[73.12471,17.83092],[73.13024,17.83134],[73.12508,17.83336],[73.11598,17.83626],[73.11089,17.83909],[73.1103,17.83991],[73.10209,17.84458],[73.09808,17.84381],[73.09213,17.83873],[73.08346,17.85531],[73.07592,17.87778],[73.07551,17.88614],[73.07944,17.89028],[73.0803,17.89436],[73.07861,17.89568],[73.07531,17.89562],[73.06955,17.88931],[73.06861,17.88831],[73.06697,17.88756],[73.06343,17.88819],[73.05597,17.89344],[73.05458,17.90575],[73.05596,17.90734],[73.0572,17.91019],[73.05531,17.91813],[73.04763,17.92277],[73.04485,17.92987],[73.03943,17.93208],[73.03642,17.93375],[73.03363,17.93646],[73.03179,17.94499],[73.02846,17.9637],[73.02811,17.98675],[73.02551,17.98759],[73.01998,17.99134],[73.01574,18.00234],[73.00781,18.01438],[73.00742,18.01621],[73.00739,18.01713],[73.00684,18.02182],[73.01576,18.0254],[73.02007,18.02188],[73.02465,18.02151],[73.02584,18.02242],[73.02816,18.02955],[73.02945,18.03113],[73.03044,18.0343],[73.03573,18.03787],[73.04407,18.03996],[73.04686,18.04252],[73.04659,18.04387],[73.04176,18.04874],[73.03633,18.0475],[73.03168,18.04475],[73.0278,18.04249],[73.02614,18.0395],[73.02314,18.03553],[73.02258,18.03481],[73.01755,18.03018],[73.01183,18.03166],[73.01158,18.04517],[73.01153,18.0461],[73.00934,18.04877],[73.00459,18.05096],[72.99665,18.04814],[72.99449,18.04805],[72.99232,18.04959],[72.99245,18.05931],[72.99844,18.0626],[72.99842,18.06351],[72.99841,18.06418],[72.99861,18.06598],[72.99997,18.0678],[73.00206,18.07034],[73.00162,18.07373],[72.99085,18.09727],[72.98183,18.10486],[72.97601,18.11777],[72.97314,18.11998],[72.9708,18.1292],[72.97126,18.13148],[72.97251,18.13274],[72.97641,18.13316],[72.97902,18.13298],[72.98064,18.13437],[72.9845,18.14189],[72.98583,18.15776],[72.98163,18.18346],[72.97772,18.19482],[72.97622,18.19915],[72.95237,18.21759],[72.95035,18.21867],[72.94771,18.21853],[72.94644,18.21809],[72.94563,18.21789],[72.94342,18.21638],[72.93915,18.21147],[72.93762,18.21082],[72.93403,18.21256],[72.93212,18.2141],[72.932,18.21977],[72.94045,18.23166],[72.94124,18.23358],[72.94158,18.23623],[72.94103,18.23994],[72.9398,18.24839],[72.93368,18.2632],[72.93201,18.27515],[72.93245,18.27948],[72.93271,18.2807],[72.93739,18.28351],[72.94067,18.28426],[72.9472,18.28495],[72.95509,18.29674],[72.96218,18.31557],[72.96252,18.31617],[72.96072,18.31735],[72.96064,18.31787],[72.95962,18.31911],[72.95735,18.32326],[72.95682,18.32573],[72.9557,18.32838],[72.95354,18.33232],[72.95179,18.33474],[72.95146,18.3351],[72.94916,18.33701],[72.94558,18.33896],[72.94475,18.33945],[72.94281,18.34145],[72.9355,18.34562],[72.92093,18.3539],[72.91465,18.35834],[72.91421,18.35863],[72.9134,18.35933],[72.91255,18.3611],[72.91243,18.36653],[72.91347,18.36769],[72.92151,18.36878],[72.92559,18.37122],[72.92705,18.37497],[72.92664,18.38091],[72.92615,18.38379],[72.91222,18.39208],[72.91078,18.39433],[72.90782,18.40456],[72.90456,18.43157],[72.90294,18.4389],[72.90261,18.43929],[72.90244,18.44036],[72.90155,18.44145],[72.90146,18.44219],[72.89466,18.44984],[72.89213,18.45656],[72.89207,18.45927],[72.89534,18.46181],[72.89927,18.46596],[72.89982,18.46733],[72.90002,18.47479],[72.90126,18.48883],[72.90228,18.49133],[72.90253,18.49586],[72.90285,18.49655],[72.90759,18.49778],[72.90967,18.50102],[72.90927,18.51433],[72.9083,18.51973],[72.90708,18.52297],[72.90536,18.52563],[72.90408,18.52912],[72.90394,18.52992],[72.9035,18.53456],[72.90406,18.53569],[72.90474,18.53617],[72.90677,18.53621],[72.9105,18.53406],[72.91601,18.53084],[72.92373,18.53021],[72.93149,18.53363],[72.9333,18.53441],[72.93224,18.53831],[72.93142,18.54135],[72.92893,18.54182],[72.9277,18.54246],[72.9272,18.54262],[72.92655,18.54294],[72.92466,18.54426],[72.9235,18.5456],[72.92144,18.54825],[72.91587,18.56097],[72.91212,18.57061],[72.90961,18.57442],[72.90781,18.57854],[72.9049,18.58299],[72.90231,18.58719],[72.90156,18.58627],[72.89434,18.5962],[72.89295,18.59849],[72.88957,18.60245],[72.88824,18.60354],[72.88581,18.60584],[72.87069,18.61801],[72.8677,18.62041],[72.86633,18.62263],[72.86171,18.63938],[72.86177,18.64473],[72.86182,18.64837],[72.86185,18.64969],[72.86239,18.6545],[72.86228,18.6585],[72.86162,18.66898],[72.86261,18.67224],[72.8624,18.67816],[72.86167,18.6786],[72.86039,18.68287],[72.86034,18.68535],[72.85294,18.69275],[72.85248,18.6992],[72.85265,18.70462],[72.85896,18.71517],[72.8604,18.73089],[72.86094,18.73779],[72.86601,18.75666],[72.86553,18.7595],[72.86478,18.76387],[72.8628,18.76746],[72.86039,18.77375],[72.85998,18.7823],[72.86057,18.78746],[72.86075,18.78806],[72.86495,18.80434],[72.84002,18.84534],[72.81117,18.89356],[72.80959,18.89406],[72.80755,18.89581],[72.80568,18.9046],[72.8062,18.90869],[72.80689,18.91016],[72.81159,18.92076],[72.81335,18.92317],[72.81419,18.92329],[72.8212,18.93286],[72.82105,18.9343],[72.82199,18.93433],[72.82276,18.93748],[72.82274,18.93884],[72.82228,18.94315],[72.8169,18.94958],[72.81281,18.95154],[72.80973,18.95102],[72.8083,18.95015],[72.80301,18.94692],[72.79619,18.94101],[72.79448,18.93861],[72.7941,18.93803],[72.78765,18.93948],[72.7875,18.94083],[72.78764,18.94489],[72.78833,18.94679],[72.79009,18.94984],[72.79347,18.95441],[72.79398,18.95521],[72.79395,18.95633],[72.79956,18.96472],[72.80216,18.9703],[72.80789,18.98014],[72.81271,19.00398],[72.81329,19.01438],[72.81466,19.01668],[72.81648,19.01746],[72.8202,19.01871],[72.81768,19.03254],[72.81607,19.03885],[72.81786,19.0484],[72.81739,19.04885],[72.81808,19.04953],[72.81702,19.05426],[72.81675,19.06126],[72.81692,19.06443],[72.81713,19.06575],[72.81777,19.06794],[72.81905,19.07006],[72.82018,19.07226],[72.82119,19.07401],[72.82178,19.0752],[72.82182,19.07586],[72.82185,19.07834],[72.82251,19.08083],[72.82308,19.09055],[72.82244,19.10421],[72.82184,19.10805],[72.82173,19.10895],[72.82204,19.10973],[72.82633,19.11166],[72.82712,19.11198],[72.82579,19.12447],[72.82027,19.12615],[72.81975,19.12225],[72.81774,19.12253],[72.81264,19.12671],[72.80771,19.13308],[72.80659,19.13549],[72.80671,19.13738],[72.79977,19.13749],[72.7952,19.12464],[72.79314,19.12374],[72.78603,19.12433],[72.78363,19.12517],[72.784,19.1304],[72.78753,19.13681],[72.78769,19.1454],[72.78692,19.1483],[72.78063,19.15271],[72.78024,19.15406],[72.77997,19.15631],[72.78037,19.15762],[72.78103,19.1603],[72.78925,19.16598],[72.79168,19.16852],[72.79447,19.1765],[72.79464,19.18275],[72.79393,19.18921],[72.79421,19.19064],[72.78889,19.19208],[72.78613,19.19214],[72.78466,19.1937],[72.78416,19.19458],[72.78274,19.20585],[72.78184,19.20813],[72.77899,19.21613],[72.78019,19.22277],[72.78202,19.23681],[72.78229,19.24412],[72.78223,19.25785],[72.78162,19.26128],[72.78152,19.26325],[72.78128,19.2677],[72.78247,19.27364],[72.78314,19.27759],[72.78309,19.27957],[72.78287,19.2807],[72.783,19.28526],[72.78357,19.28987],[72.7842,19.2982],[72.78435,19.29992],[72.79394,19.30414],[72.79784,19.31863],[72.80008,19.33032],[72.79694,19.3325],[72.79586,19.33328],[72.79002,19.33723],[72.77669,19.35235],[72.77548,19.35352],[72.76598,19.36326],[72.75758,19.37368],[72.75525,19.37844],[72.75442,19.38228],[72.75871,19.38913],[72.75773,19.39874],[72.75583,19.41702],[72.75324,19.43238],[72.74913,19.44869],[72.7466,19.46213],[72.7458,19.46404],[72.74865,19.48593],[72.74334,19.49293],[72.73028,19.50013],[72.73021,19.51126],[72.73022,19.51278],[72.72841,19.51511],[72.72804,19.51949],[72.72803,19.52015],[72.72055,19.52785],[72.71828,19.53072],[72.7154,19.53459],[72.71308,19.53996],[72.71178,19.54691],[72.70959,19.55308],[72.70982,19.56663],[72.71028,19.56998],[72.71075,19.57363],[72.71153,19.57566],[72.71168,19.57735],[72.71174,19.58114],[72.71241,19.58343],[72.71322,19.58573],[72.71314,19.58676],[72.71399,19.59012],[72.71574,19.59381],[72.71897,19.59864],[72.72038,19.59968],[72.72117,19.60206],[72.72118,19.60349],[72.72118,19.60967],[72.72119,19.61653],[72.72027,19.61924],[72.70496,19.63043],[72.70377,19.63361],[72.70081,19.63753],[72.69997,19.6401],[72.69904,19.64075],[72.69683,19.6477],[72.69488,19.65686],[72.69481,19.66214],[72.69474,19.66788],[72.69717,19.67368],[72.69708,19.6743],[72.69739,19.67678],[72.69779,19.67996],[72.69907,19.68125],[72.69955,19.68147],[72.70204,19.68207],[72.7032,19.68098],[72.70371,19.68236],[72.70416,19.68375],[72.70845,19.68385],[72.7124,19.68504],[72.71283,19.68542],[72.71423,19.68669],[72.71435,19.69082],[72.71394,19.69341],[72.71248,19.6948],[72.71269,19.69614],[72.70673,19.70571],[72.70628,19.70614],[72.70555,19.70728],[72.69926,19.71331],[72.69551,19.71693],[72.69342,19.71797],[72.69091,19.7167],[72.68787,19.71707],[72.68527,19.71701],[72.67977,19.7137],[72.67846,19.71366],[72.67607,19.71405],[72.67578,19.72006],[72.67529,19.73121],[72.67622,19.73465],[72.6777,19.73985],[72.67767,19.74595],[72.6712,19.75137],[72.66996,19.75858],[72.66982,19.75935],[72.67092,19.76188],[72.67188,19.76246],[72.67411,19.76377],[72.67718,19.7658],[72.68004,19.76797],[72.68217,19.76927],[72.68522,19.77228],[72.6868,19.77361],[72.68634,19.77669],[72.68572,19.79271],[72.68677,19.79374],[72.71017,19.80003],[72.71348,19.80169],[72.72239,19.81342],[72.72275,19.81907],[72.72063,19.82173],[72.71966,19.82194],[72.70972,19.81811],[72.70962,19.81733],[72.70936,19.81643],[72.69941,19.80996],[72.69487,19.80975],[72.69204,19.81069],[72.6895,19.81114],[72.68697,19.81133],[72.68485,19.81028],[72.68452,19.80799],[72.68399,19.8057],[72.68245,19.80466],[72.68011,19.80486],[72.67735,19.80632],[72.67592,19.80907],[72.6731,19.81254],[72.66969,19.8165],[72.66507,19.82169],[72.66434,19.82042],[72.66322,19.81812],[72.66051,19.80972],[72.65898,19.80867],[72.65719,19.8099],[72.65501,19.81213],[72.65357,19.81487],[72.65213,19.81788],[72.65182,19.82066],[72.64442,19.839],[72.64293,19.85115],[72.64514,19.86342],[72.6444,19.86905],[72.64928,19.86995],[72.65049,19.8693],[72.65154,19.86295],[72.65319,19.86135],[72.65586,19.8605],[72.667,19.86369],[72.66976,19.8676],[72.67146,19.87001],[72.67277,19.87333],[72.67148,19.88714],[72.67128,19.88932],[72.66982,19.89282],[72.66911,19.89407],[72.66961,19.89463],[72.6677,19.89805],[72.66576,19.90006],[72.66328,19.91783],[72.65768,19.92224],[72.65397,19.9309],[72.65323,19.93271],[72.65181,19.93425],[72.65084,19.93631],[72.65045,19.94241],[72.65374,19.94476],[72.65517,19.94499],[72.66554,19.94252],[72.66887,19.9426],[72.66998,19.94336],[72.67505,19.94699],[72.67564,19.94668],[72.6764,19.94738],[72.67732,19.94748],[72.68023,19.94975],[72.68061,19.95005],[72.68165,19.95143],[72.68434,19.96036],[72.6866,19.9611],[72.68876,19.96068],[72.69603,19.96141],[72.69913,19.96193],[72.70438,19.96681],[72.70533,19.96761],[72.70797,19.96836],[72.71051,19.96185],[72.71117,19.95442],[72.71507,19.95212],[72.72033,19.95259],[72.72097,19.95265],[72.72198,19.95263],[72.72391,19.95154],[72.72453,19.94568],[72.72255,19.94416],[72.72065,19.94367],[72.72007,19.94264],[72.72438,19.93745],[72.72501,19.93666],[72.72577,19.93393],[72.72597,19.93253],[72.72688,19.92832],[72.72828,19.92454],[72.72993,19.92309],[72.73263,19.92271],[72.7365,19.92259],[72.73806,19.92131],[72.73712,19.91823],[72.73449,19.91511],[72.73389,19.91226],[72.73479,19.90966],[72.73755,19.9071],[72.73977,19.90606],[72.74243,19.90721],[72.7437,19.91095],[72.74533,19.91273],[72.74718,19.91321],[72.74955,19.91239],[72.75149,19.90937],[72.75258,19.9059],[72.75391,19.90296],[72.75403,19.89816],[72.75383,19.89248],[72.75361,19.88767],[72.75373,19.88243],[72.75674,19.8838],[72.75928,19.88998],[72.76189,19.89353],[72.76255,19.89441],[72.76755,19.89628],[72.77258,19.89726],[72.77355,19.89903],[72.77181,19.90074],[72.7674,19.90283],[72.76576,19.90377],[72.77074,19.90718],[72.76965,19.91066],[72.76803,19.91455],[72.76606,19.91953],[72.76374,19.92537],[72.76247,19.92906],[72.76228,19.92971],[72.76252,19.93365],[72.7633,19.93651],[72.76597,19.93722],[72.7695,19.93774],[72.77049,19.93886],[72.76991,19.9419],[72.76928,19.94648],[72.76702,19.94948],[72.76566,19.95033],[72.76348,19.94962],[72.7598,19.94823],[72.75797,19.94754],[72.75611,19.94793],[72.7549,19.94877],[72.75437,19.95008],[72.75326,19.95399],[72.75336,19.95704],[72.75487,19.9573],[72.7594,19.95827],[72.76431,19.95729],[72.76752,19.9567],[72.76882,19.95892],[72.76858,19.96175],[72.76761,19.96697],[72.76591,19.97117],[72.76419,19.97465],[72.76192,19.9786],[72.76002,19.98149],[72.75882,19.98216],[72.75809,19.98214],[72.7525,19.98144],[72.74945,19.97866],[72.74758,19.97649],[72.74723,19.97204],[72.74421,19.97197],[72.74061,19.97302],[72.73761,19.97874],[72.73572,19.97757],[72.73561,19.97679],[72.73399,19.97451],[72.73183,19.97558],[72.731,19.97566],[72.72792,19.98351],[72.72563,19.98333],[72.72462,19.98115],[72.72138,19.97746],[72.72025,19.97879],[72.71954,19.979],[72.7195,19.98446],[72.71878,19.98532],[72.71881,19.98614],[72.71939,19.98696],[72.71912,19.99112],[72.71924,19.9924],[72.71973,19.99219],[72.71973,19.99574],[72.72006,19.99952],[72.71845,20.00606],[72.71761,20.01051],[72.71626,20.014],[72.71485,20.01644],[72.71519,20.01959],[72.7169,20.02326],[72.71797,20.02413],[72.72323,20.02746],[72.72418,20.02884],[72.72495,20.03632],[72.72423,20.0363],[72.72444,20.03766],[72.72148,20.04166],[72.71921,20.04118],[72.71866,20.04059],[72.71468,20.03516],[72.71178,20.03669],[72.71114,20.047],[72.70944,20.04763],[72.70875,20.05365],[72.70724,20.0567],[72.70522,20.05982],[72.70404,20.06432],[72.7037,20.07217],[72.70423,20.08104],[72.70957,20.09247],[72.7133,20.09599],[72.7208,20.10279],[72.72102,20.10353],[72.72182,20.10576],[72.72717,20.12158],[72.72816,20.13043],[72.72864,20.13482],[72.72928,20.13681],[72.73656,20.13522],[72.75011,20.1323],[72.77602,20.13084],[72.78292,20.12892],[72.79033,20.12574],[72.79369,20.12774],[72.78973,20.13854],[72.78916,20.146],[72.79056,20.1492],[72.79767,20.15252],[72.80443,20.15398],[72.81463,20.14696],[72.82091,20.1447],[72.82399,20.14532],[72.82281,20.15041],[72.81747,20.15726],[72.8223,20.18424],[72.82422,20.18833],[72.82596,20.18934],[72.83093,20.18952],[72.83224,20.1907],[72.83843,20.1899],[72.8378,20.19158],[72.83447,20.19479],[72.83288,20.19844],[72.8349,20.20422],[72.83906,20.20857],[72.84389,20.20974],[72.86087,20.20884],[72.86176,20.21311],[72.86079,20.22316],[72.86345,20.2264],[72.87326,20.22716],[72.87769,20.2264],[72.88886,20.22223],[72.89442,20.22678],[72.89993,20.22661],[72.91131,20.22411],[72.91756,20.22389],[72.93099,20.2183],[72.95009,20.21451],[72.95856,20.21137],[72.95974,20.21279],[72.96523,20.19006],[72.96549,20.18048],[72.97537,20.177],[72.97602,20.17176],[72.97526,20.15798],[72.96245,20.13128],[72.96887,20.12579],[72.97459,20.11392],[72.97852,20.11368],[72.98346,20.11435],[72.99366,20.11836],[72.996,20.12169],[72.99714,20.12682],[72.99701,20.13291],[72.99814,20.13744],[72.99991,20.14064],[73.00689,20.13538],[73.00609,20.13091],[73.00439,20.12528],[72.99956,20.11083],[73.00895,20.10545],[73.01409,20.09673],[73.02118,20.08484],[73.02798,20.0785],[73.03472,20.07218],[73.04229,20.06807],[73.04873,20.06832],[73.04753,20.0971],[73.05021,20.09943],[73.06784,20.09562],[73.07799,20.0948],[73.08818,20.09399],[73.09491,20.08753],[73.09769,20.08763],[73.10014,20.08492],[73.10159,20.08332],[73.10733,20.07911],[73.11293,20.07824],[73.11757,20.07845],[73.12124,20.07973],[73.12657,20.08553],[73.12942,20.08454],[73.13438,20.07812],[73.14669,20.07421],[73.15327,20.07336],[73.16023,20.06585],[73.1654,20.05829],[73.17146,20.05185],[73.17592,20.05312],[73.18901,20.06247],[73.18817,20.07801],[73.19709,20.08389],[73.20414,20.09081],[73.20935,20.09766],[73.20797,20.1065],[73.20657,20.12216],[73.21176,20.12094],[73.21701,20.12273],[73.22065,20.1283],[73.21983,20.1333],[73.22079,20.13784],[73.22296,20.14072],[73.22583,20.14112],[73.22725,20.13704],[73.22701,20.12985],[73.22846,20.12824],[73.23428,20.12916],[73.24402,20.12863],[73.24656,20.12799],[73.2499,20.12474],[73.25172,20.12569],[73.25326,20.12805],[73.25544,20.13385],[73.25893,20.13938],[73.27402,20.14582],[73.27965,20.14962],[73.28424,20.15393],[73.28381,20.16221],[73.28127,20.17446],[73.28135,20.17739],[73.28439,20.18602],[73.28472,20.19389],[73.28552,20.19625],[73.28887,20.19619],[73.30187,20.20722],[73.30491,20.20767],[73.31124,20.20433],[73.31867,20.20249],[73.32725,20.20408],[73.33893,20.19901],[73.34374,20.19843],[73.3457,20.19958],[73.34813,20.20246],[73.35022,20.20906],[73.35272,20.21193],[73.35857,20.21331],[73.36021,20.21164],[73.35857,20.20933],[73.35574,20.20095],[73.35786,20.19629],[73.36528,20.1926],[73.36693,20.1949],[73.36628,20.20284],[73.36732,20.20525],[73.37468,20.20231],[73.37956,20.20621],[73.38638,20.20907],[73.38844,20.20585],[73.38734,20.20154],[73.38916,20.19591],[73.3939,20.19493],[73.39659,20.19786],[73.40031,20.20038],[73.40798,20.20019],[73.41803,20.20144],[73.42114,20.2061],[73.42152,20.21219],[73.41909,20.2153],[73.41728,20.22346],[73.41359,20.23163],[73.41403,20.23662],[73.41153,20.24215],[73.4135,20.24795],[73.41284,20.25358],[73.41162,20.25686],[73.41305,20.26341],[73.41567,20.26899],[73.4144,20.27353],[73.41588,20.27668],[73.42751,20.27885],[73.42825,20.28195],[73.42208,20.29788],[73.41985,20.31173],[73.41742,20.31576],[73.41664,20.32053],[73.41673,20.33749],[73.41505,20.34162],[73.41476,20.35191],[73.41306,20.35542],[73.40611,20.38138],[73.40331,20.38334],[73.39899,20.38375],[73.3944,20.38163],[73.38933,20.37457],[73.38579,20.37279],[73.38281,20.37274],[73.38148,20.38004],[73.3826,20.39003],[73.38677,20.39784],[73.38902,20.39905],[73.39895,20.39611],[73.40085,20.40116],[73.40012,20.40403],[73.4044,20.40765],[73.40598,20.40547],[73.4072,20.40598],[73.4077,20.41046],[73.41429,20.41412],[73.42118,20.41417],[73.4207,20.41975],[73.42225,20.42859],[73.42733,20.43583],[73.42942,20.44548],[73.44057,20.46644],[73.44363,20.47114],[73.44754,20.4751],[73.45272,20.47785],[73.45688,20.48387],[73.45836,20.48801],[73.46148,20.49203],[73.46765,20.49472],[73.46584,20.50076],[73.46398,20.51374],[73.46551,20.51501],[73.46864,20.52172],[73.47651,20.52538],[73.4891,20.53588],[73.49259,20.53989],[73.48509,20.54186],[73.47357,20.54303],[73.47765,20.56371],[73.47555,20.57808],[73.47264,20.58325],[73.4685,20.58596],[73.46033,20.58844],[73.44655,20.59427],[73.43203,20.59481],[73.42916,20.59717],[73.43076,20.60096],[73.42549,20.61441],[73.42245,20.62023],[73.41928,20.62419],[73.40757,20.62588],[73.40756,20.6259],[73.40672,20.62777],[73.4096,20.63019],[73.40631,20.63542],[73.40296,20.63829],[73.3943,20.64233],[73.39316,20.64894],[73.39524,20.65209],[73.40147,20.65473],[73.4066,20.65576],[73.40917,20.65759],[73.41082,20.66017],[73.42206,20.66056],[73.42725,20.66205],[73.43165,20.66451],[73.43503,20.67404],[73.43534,20.67766],[73.44188,20.68041],[73.44469,20.68265],[73.44635,20.68569],[73.44838,20.69304],[73.43912,20.70076],[73.44555,20.71011],[73.45057,20.71395],[73.46714,20.72127],[73.47245,20.71925],[73.47458,20.71683],[73.47615,20.70867],[73.48071,20.7062],[73.48532,20.69389],[73.48574,20.68913],[73.48927,20.68561],[73.4892,20.68055],[73.48401,20.67993],[73.48113,20.6781],[73.47935,20.67517],[73.47971,20.67173],[73.48147,20.66925],[73.48446,20.66804],[73.48531,20.66516],[73.48743,20.66229],[73.4904,20.65303],[73.49284,20.65234],[73.49988,20.65824],[73.50435,20.6626],[73.50985,20.66971],[73.51205,20.66592],[73.51723,20.66671],[73.51908,20.6697],[73.5225,20.67268],[73.5305,20.67341],[73.5369,20.66874],[73.54583,20.65487],[73.55514,20.64692],[73.55954,20.64743],[73.56645,20.65057],[73.57645,20.64739],[73.58352,20.64461],[73.59509,20.63735],[73.59966,20.63578],[73.61458,20.62477],[73.61835,20.62057],[73.62192,20.61177],[73.62282,20.60551],[73.62457,20.60171],[73.62746,20.59113],[73.62688,20.58176],[73.62918,20.57877],[73.63192,20.57739],[73.63571,20.57663],[73.63955,20.57696],[73.64338,20.57586],[73.64953,20.57164],[73.65433,20.5652],[73.65835,20.56226],[73.66323,20.56179],[73.66872,20.5636],[73.67392,20.5671],[73.67809,20.57111],[73.68505,20.57477],[73.69366,20.57779],[73.70232,20.57391],[73.71258,20.57571],[73.71702,20.57519],[73.72177,20.57351],[73.73044,20.57336],[73.73434,20.57198],[73.74103,20.56672],[73.75683,20.58267],[73.76198,20.58651],[73.76864,20.58809],[73.77293,20.59118],[73.77434,20.59439],[73.78005,20.60157],[73.78573,20.60361],[73.79544,20.60508],[73.79902,20.60081],[73.80967,20.60865],[73.81854,20.61328],[73.82386,20.61418],[73.82709,20.61336],[73.83149,20.61501],[73.83964,20.62275],[73.83633,20.64364],[73.83672,20.64956],[73.84035,20.65559],[73.83863,20.66629],[73.83477,20.67436],[73.82749,20.67277],[73.81864,20.67285],[73.81587,20.69305],[73.82199,20.69568],[73.82689,20.69883],[73.83245,20.70111],[73.83605,20.70133],[73.85696,20.69348],[73.86705,20.70689],[73.87071,20.72049],[73.87539,20.72603],[73.87906,20.72876],[73.88236,20.73023],[73.89732,20.72977],[73.9023,20.72435],[73.9145,20.72265],[73.9212,20.72955],[73.92873,20.73372],[73.92963,20.7306],[73.94325,20.74139],[73.94217,20.74578],[73.93895,20.74837],[73.94123,20.75155],[73.94091,20.75985],[73.93204,20.75988],[73.93429,20.76794],[73.93184,20.78874],[73.93491,20.80283],[73.93396,20.80791],[73.94006,20.81771],[73.94144,20.82415],[73.94141,20.82844],[73.93889,20.83917],[73.92967,20.84249],[73.92749,20.84401],[73.92482,20.84745],[73.92533,20.85154],[73.9239,20.85915],[73.92545,20.86377],[73.92346,20.86791],[73.92503,20.87565],[73.92484,20.88495],[73.92113,20.89813],[73.91821,20.90187],[73.91653,20.90679],[73.91411,20.91027],[73.91059,20.91409],[73.90597,20.91698],[73.90331,20.92044],[73.89772,20.92441],[73.89006,20.93204],[73.88875,20.93919],[73.88883,20.94556],[73.89069,20.95158],[73.89556,20.96073],[73.90504,20.96136],[73.90921,20.96384],[73.90776,20.96897],[73.90497,20.97444],[73.90025,20.98216],[73.89242,20.98125],[73.8729,20.98551],[73.86639,20.98977],[73.85093,20.99675],[73.85088,20.99677],[73.84741,20.99817],[73.84375,21.00048],[73.8387,21.00567],[73.81389,21.02508],[73.7962,21.04501],[73.80852,21.0529],[73.81074,21.05567],[73.81248,21.05981],[73.8113,21.0658],[73.81132,21.0838],[73.80484,21.07772],[73.7917,21.06733],[73.78711,21.06609],[73.77543,21.07091],[73.76376,21.06736],[73.73746,21.0808],[73.73558,21.08072],[73.73379,21.08401],[73.73242,21.09399],[73.74285,21.10688],[73.74601,21.11321],[73.73672,21.10739],[73.73223,21.10047],[73.72913,21.10238],[73.70804,21.10636],[73.70223,21.11152],[73.70386,21.1182],[73.69646,21.10814],[73.68655,21.10019],[73.68257,21.10518],[73.67204,21.10846],[73.65301,21.10762],[73.65081,21.12029],[73.6461,21.12177],[73.63849,21.12221],[73.62169,21.11942],[73.61656,21.13725],[73.62208,21.14091],[73.61182,21.14344],[73.60718,21.14626],[73.60641,21.14971],[73.60441,21.15374],[73.59783,21.15434],[73.59316,21.15362],[73.58956,21.15203],[73.58515,21.15224],[73.58166,21.15349],[73.58039,21.15605],[73.58162,21.16016],[73.58117,21.1672],[73.59112,21.17401],[73.59987,21.17773],[73.60288,21.17595],[73.60615,21.17533],[73.60716,21.17171],[73.60681,21.16723],[73.60767,21.16275],[73.61269,21.15721],[73.63048,21.15238],[73.63202,21.14659],[73.62942,21.13191],[73.66466,21.14435],[73.66777,21.15022],[73.6745,21.15131],[73.69151,21.14928],[73.70652,21.14962],[73.70848,21.14227],[73.71038,21.1409],[73.71567,21.13839],[73.73007,21.13742],[73.73322,21.13929],[73.7366,21.14592],[73.73944,21.14673],[73.7414,21.15065],[73.73961,21.15394],[73.73419,21.15952],[73.73505,21.16622],[73.74655,21.16728],[73.77322,21.16362],[73.77723,21.16413],[73.78078,21.16538],[73.78336,21.16774],[73.78475,21.17529],[73.78995,21.18078],[73.79619,21.17761],[73.80119,21.17364],[73.80581,21.1711],[73.81165,21.17047],[73.81627,21.17094],[73.82423,21.1834],[73.82608,21.1844],[73.8297,21.19417],[73.82783,21.19619],[73.81509,21.19433],[73.81326,21.19861],[73.81252,21.20288],[73.81216,21.21273],[73.81389,21.22086],[73.81695,21.22656],[73.82129,21.23213],[73.83019,21.24131],[73.83035,21.2448],[73.82609,21.25728],[73.82601,21.26643],[73.85236,21.2689],[73.86574,21.2663],[73.87834,21.26154],[73.88605,21.26132],[73.91773,21.27989],[73.92782,21.28418],[73.94278,21.29638],[73.94423,21.30541],[73.94447,21.30687],[73.9456,21.31384],[73.94628,21.32941],[73.95138,21.34325],[73.95097,21.3604],[73.94971,21.37305],[73.95004,21.3888],[73.94726,21.40116],[73.94989,21.40132],[73.95639,21.39189],[73.96316,21.39083],[73.96641,21.39356],[73.97191,21.39373],[73.97608,21.3961],[73.97981,21.40066],[73.98338,21.40324],[74.00008,21.41055],[74.00228,21.41129],[74.00411,21.41209],[74.00571,21.41325],[74.00715,21.41456],[74.00871,21.41575],[74.01045,21.41669],[74.01236,21.41727],[74.01425,21.41669],[74.01599,21.41573],[74.01798,21.4158],[74.01994,21.4162],[74.02186,21.41674],[74.02377,21.41731],[74.02568,21.41785],[74.02763,21.41827],[74.02962,21.4185],[74.03162,21.41835],[74.03359,21.41799],[74.03556,21.41764],[74.03755,21.41745],[74.03953,21.41721],[74.04154,21.41719],[74.04329,21.41811],[74.04443,21.41965],[74.04523,21.42137],[74.04586,21.42316],[74.0464,21.42495],[74.04688,21.42678],[74.04729,21.42861],[74.04764,21.43046],[74.04795,21.43232],[74.04824,21.43418],[74.04851,21.43603],[74.04876,21.43789],[74.04898,21.43976],[74.04906,21.44163],[74.04913,21.44351],[74.04925,21.44538],[74.04953,21.44724],[74.04994,21.44908],[74.05048,21.45089],[74.05117,21.45264],[74.05199,21.45436],[74.05286,21.45604],[74.05378,21.45772],[74.05472,21.45937],[74.05567,21.46101],[74.05721,21.46372],[74.05814,21.46538],[74.05901,21.46707],[74.05984,21.46878],[74.06056,21.47053],[74.06105,21.47235],[74.06136,21.4742],[74.06154,21.47607],[74.0613,21.47793],[74.06087,21.47976],[74.06204,21.48057],[74.06381,21.47969],[74.06534,21.47848],[74.06666,21.47708],[74.06792,21.47562],[74.0691,21.47409],[74.07018,21.47252],[74.07115,21.47087],[74.07192,21.46914],[74.07231,21.4673],[74.07243,21.46544],[74.07249,21.46356],[74.0723,21.46169],[74.07198,21.45984],[74.07196,21.45797],[74.07304,21.45644],[74.07492,21.45583],[74.07688,21.45547],[74.07886,21.45515],[74.08084,21.45487],[74.08282,21.45459],[74.08481,21.45434],[74.0868,21.45409],[74.08878,21.45386],[74.09077,21.45361],[74.09276,21.45335],[74.09474,21.45309],[74.09673,21.45281],[74.0987,21.4525],[74.10034,21.45154],[74.10056,21.44969],[74.1006,21.44782],[74.10197,21.44672],[74.10397,21.44661],[74.10597,21.44669],[74.10797,21.44691],[74.10994,21.44721],[74.11191,21.44755],[74.11388,21.4479],[74.11584,21.44829],[74.1175,21.44928],[74.11793,21.45109],[74.11791,21.45296],[74.11775,21.45483],[74.1176,21.45671],[74.11766,21.45858],[74.11839,21.46029],[74.12011,21.46124],[74.12203,21.46178],[74.124,21.46209],[74.126,21.46224],[74.128,21.46226],[74.13,21.46217],[74.13199,21.46196],[74.13396,21.46161],[74.13587,21.46105],[74.13699,21.45955],[74.13769,21.45628],[74.13829,21.4545],[74.13976,21.45328],[74.1417,21.45282],[74.14369,21.45265],[74.14569,21.45245],[74.14767,21.45217],[74.14965,21.45189],[74.15164,21.45168],[74.15365,21.45163],[74.15562,21.4519],[74.15644,21.45352],[74.15677,21.45537],[74.15841,21.45614],[74.16041,21.456],[74.16183,21.45718],[74.16243,21.45897],[74.16306,21.46075],[74.16452,21.46196],[74.1665,21.46224],[74.16849,21.46205],[74.17029,21.46127],[74.17173,21.45998],[74.17357,21.4594],[74.17541,21.46008],[74.17679,21.46144],[74.178,21.46294],[74.17922,21.46442],[74.18079,21.46554],[74.18278,21.46555],[74.18478,21.46533],[74.18672,21.46488],[74.18856,21.46414],[74.19027,21.46316],[74.19189,21.46206],[74.19344,21.46087],[74.19471,21.45941],[74.19621,21.4582],[74.19818,21.45794],[74.20017,21.45809],[74.20215,21.45838],[74.20414,21.45863],[74.20614,21.45868],[74.20813,21.45847],[74.2101,21.45813],[74.21207,21.45777],[74.21405,21.45743],[74.21603,21.45726],[74.21801,21.45747],[74.21895,21.45905],[74.21912,21.46092],[74.2192,21.46279],[74.2191,21.46467],[74.21888,21.46653],[74.21862,21.46839],[74.2184,21.47026],[74.21828,21.47213],[74.21842,21.474],[74.21913,21.47574],[74.22065,21.47693],[74.2225,21.47763],[74.22445,21.47807],[74.22644,21.47829],[74.22845,21.47834],[74.23045,21.47817],[74.23239,21.47775],[74.23416,21.47687],[74.23604,21.47402],[74.23666,21.47224],[74.23715,21.47042],[74.23761,21.46859],[74.23813,21.46677],[74.23879,21.465],[74.23975,21.46336],[74.24126,21.46216],[74.24315,21.46156],[74.24514,21.46132],[74.24715,21.46132],[74.24914,21.46149],[74.25112,21.46178],[74.25307,21.4622],[74.255,21.46272],[74.25687,21.46336],[74.2587,21.46415],[74.25967,21.46574],[74.25991,21.46759],[74.26007,21.46946],[74.26055,21.47127],[74.26206,21.47246],[74.26391,21.47317],[74.26583,21.47368],[74.26779,21.47405],[74.26978,21.47433],[74.27177,21.47455],[74.27376,21.47474],[74.27576,21.47492],[74.27774,21.47514],[74.27973,21.47538],[74.28173,21.47559],[74.28372,21.47576],[74.28572,21.47589],[74.28772,21.47602],[74.28972,21.47614],[74.29172,21.47629],[74.29371,21.47645],[74.29571,21.47665],[74.29769,21.47691],[74.29966,21.47727],[74.30158,21.47779],[74.30342,21.47852],[74.30508,21.47958],[74.30626,21.48107],[74.30694,21.48283],[74.30743,21.48465],[74.30804,21.48644],[74.30909,21.48801],[74.31067,21.48916],[74.31249,21.48996],[74.31439,21.49055],[74.31632,21.49106],[74.31824,21.49157],[74.32015,21.49215],[74.32199,21.49291],[74.32346,21.49412],[74.32398,21.49593],[74.32434,21.49777],[74.32482,21.4996],[74.32527,21.50142],[74.32572,21.50325],[74.32615,21.50509],[74.32658,21.50692],[74.32701,21.50874],[74.32744,21.51058],[74.32783,21.51238],[74.32913,21.51816],[74.33133,21.53857],[74.32854,21.53951],[74.32746,21.53952],[74.32644,21.53953],[74.32543,21.53951],[74.32441,21.5395],[74.3234,21.53947],[74.32239,21.53946],[74.32137,21.53945],[74.32036,21.53946],[74.31936,21.53948],[74.31837,21.53953],[74.31738,21.53961],[74.31641,21.53972],[74.31545,21.53988],[74.31444,21.54012],[74.31339,21.54047],[74.31241,21.54095],[74.31156,21.54152],[74.31094,21.54222],[74.3106,21.54302],[74.31036,21.54387],[74.31018,21.54473],[74.31004,21.54563],[74.30993,21.54655],[74.30986,21.54748],[74.30981,21.54843],[74.30979,21.54939],[74.30977,21.55036],[74.30976,21.55133],[74.30974,21.55231],[74.30973,21.55327],[74.30968,21.55425],[74.30962,21.5552],[74.30953,21.55615],[74.3094,21.55707],[74.30923,21.558],[74.30903,21.55892],[74.30879,21.55984],[74.30852,21.56075],[74.30822,21.56165],[74.30789,21.56252],[74.30752,21.56342],[74.30704,21.5644],[74.30644,21.56523],[74.30573,21.56568],[74.30485,21.56568],[74.30382,21.56541],[74.30281,21.56492],[74.30198,21.56431],[74.30144,21.56356],[74.30106,21.56265],[74.30078,21.56164],[74.30053,21.5606],[74.30024,21.55963],[74.29984,21.5588],[74.29927,21.55818],[74.29849,21.55782],[74.29762,21.55759],[74.29667,21.55745],[74.29568,21.55739],[74.29464,21.55739],[74.29357,21.55741],[74.29249,21.55746],[74.29141,21.5575],[74.29034,21.55751],[74.28931,21.55746],[74.28832,21.55736],[74.2874,21.55715],[74.28672,21.55655],[74.28622,21.55563],[74.28566,21.55479],[74.28485,21.55433],[74.28386,21.55413],[74.28281,21.554],[74.28184,21.55378],[74.28102,21.55331],[74.28028,21.55266],[74.27964,21.5519],[74.27908,21.5511],[74.2787,21.55024],[74.27858,21.5492],[74.27847,21.5482],[74.27808,21.54745],[74.27728,21.54707],[74.27627,21.54689],[74.27516,21.54681],[74.27404,21.54674],[74.27299,21.54656],[74.27214,21.5462],[74.27153,21.54556],[74.27106,21.54478],[74.27066,21.54391],[74.27032,21.54296],[74.27002,21.54197],[74.26975,21.54094],[74.26949,21.5399],[74.26923,21.53888],[74.26893,21.5379],[74.26859,21.53698],[74.2682,21.53615],[74.26773,21.53542],[74.26715,21.53482],[74.26647,21.53437],[74.2657,21.53404],[74.26485,21.53377],[74.26394,21.53359],[74.26297,21.53347],[74.26197,21.5334],[74.26093,21.5334],[74.25985,21.53343],[74.25877,21.53352],[74.25767,21.53362],[74.25656,21.53375],[74.25548,21.5339],[74.25441,21.53406],[74.25336,21.53422],[74.25236,21.53438],[74.2514,21.53454],[74.25051,21.53488],[74.24969,21.53544],[74.24893,21.53613],[74.24822,21.53685],[74.24754,21.53757],[74.24693,21.53832],[74.24634,21.53911],[74.24579,21.53993],[74.24525,21.54076],[74.2447,21.54157],[74.24412,21.54233],[74.2435,21.54304],[74.24284,21.54366],[74.242,21.54404],[74.24092,21.544],[74.23981,21.54391],[74.23893,21.54416],[74.23833,21.54484],[74.23788,21.54575],[74.23747,21.54672],[74.23703,21.54763],[74.23647,21.54832],[74.23569,21.54868],[74.23471,21.54872],[74.23362,21.54855],[74.23256,21.54829],[74.23159,21.54801],[74.23057,21.54768],[74.22958,21.54728],[74.22872,21.54678],[74.22808,21.54616],[74.22781,21.54534],[74.22786,21.54432],[74.22801,21.54326],[74.22801,21.54231],[74.22763,21.54165],[74.22662,21.54149],[74.22543,21.54148],[74.22458,21.54114],[74.22424,21.54033],[74.22413,21.53932],[74.22404,21.53826],[74.22381,21.53734],[74.22325,21.53672],[74.22241,21.53632],[74.22141,21.53607],[74.22035,21.5359],[74.21928,21.53576],[74.21829,21.53561],[74.21727,21.53552],[74.21622,21.53548],[74.21518,21.53544],[74.21414,21.5354],[74.21313,21.53531],[74.21218,21.53516],[74.21128,21.53493],[74.21056,21.53446],[74.21018,21.53354],[74.20987,21.53253],[74.20929,21.53181],[74.20845,21.53139],[74.2075,21.53108],[74.2065,21.53083],[74.2055,21.53057],[74.20456,21.53025],[74.20371,21.52975],[74.20302,21.52898],[74.20233,21.52821],[74.20156,21.52777],[74.20062,21.52768],[74.19959,21.52772],[74.19853,21.52786],[74.19749,21.5281],[74.19653,21.52842],[74.19569,21.52881],[74.19507,21.52949],[74.19466,21.53042],[74.19438,21.53139],[74.1942,21.5323],[74.1941,21.53323],[74.19404,21.53418],[74.19398,21.53513],[74.19388,21.53607],[74.19369,21.53697],[74.19338,21.53785],[74.19296,21.53871],[74.19247,21.53954],[74.19191,21.54034],[74.19132,21.54109],[74.19069,21.54181],[74.19001,21.54251],[74.1893,21.54318],[74.18859,21.54384],[74.18788,21.54452],[74.18721,21.54521],[74.18659,21.54594],[74.18603,21.54671],[74.18548,21.5475],[74.18495,21.54831],[74.18445,21.54913],[74.184,21.54998],[74.18357,21.55083],[74.18319,21.55168],[74.18287,21.55257],[74.1827,21.55354],[74.18261,21.55454],[74.18253,21.55553],[74.18241,21.55648],[74.18215,21.55734],[74.1817,21.55807],[74.18104,21.55869],[74.1802,21.55923],[74.17923,21.55969],[74.17822,21.56003],[74.17718,21.56025],[74.17617,21.56032],[74.1752,21.56031],[74.17421,21.5603],[74.17321,21.56026],[74.1722,21.56023],[74.17119,21.56017],[74.17017,21.5601],[74.16916,21.56001],[74.16814,21.55992],[74.16713,21.55981],[74.16611,21.55967],[74.1651,21.55954],[74.1641,21.55937],[74.1631,21.5592],[74.16212,21.55902],[74.16114,21.55881],[74.16018,21.5586],[74.15923,21.55835],[74.1583,21.5581],[74.15741,21.55777],[74.1566,21.55726],[74.15585,21.55663],[74.15516,21.55591],[74.15449,21.55515],[74.15382,21.55439],[74.15316,21.55367],[74.15261,21.55288],[74.15212,21.55203],[74.15158,21.55124],[74.15088,21.55064],[74.14999,21.55022],[74.14899,21.54994],[74.14801,21.54974],[74.14702,21.54956],[74.14603,21.54938],[74.14503,21.54922],[74.14404,21.54908],[74.14304,21.54897],[74.14204,21.54889],[74.14105,21.54886],[74.14005,21.54886],[74.13901,21.5489],[74.13795,21.54899],[74.13691,21.54913],[74.13593,21.54938],[74.13504,21.54974],[74.1343,21.55025],[74.13374,21.55103],[74.1333,21.55201],[74.13291,21.55303],[74.13249,21.55399],[74.13197,21.55476],[74.13127,21.55523],[74.13039,21.5554],[74.12949,21.5555],[74.12855,21.55556],[74.12759,21.55555],[74.12661,21.5555],[74.1256,21.55542],[74.12458,21.55531],[74.12355,21.55518],[74.12251,21.55504],[74.12147,21.5549],[74.12042,21.55476],[74.11938,21.55462],[74.11834,21.55452],[74.11731,21.55444],[74.1163,21.5544],[74.11529,21.5544],[74.1143,21.55446],[74.11335,21.55469],[74.11241,21.55507],[74.1115,21.55552],[74.11058,21.55599],[74.10966,21.55638],[74.1087,21.55664],[74.10772,21.55669],[74.10674,21.5567],[74.10575,21.55668],[74.10475,21.55666],[74.10376,21.55661],[74.10276,21.55654],[74.10176,21.55647],[74.10076,21.55639],[74.09975,21.55629],[74.09875,21.5562],[74.09774,21.5561],[74.09674,21.55599],[74.09573,21.55588],[74.09472,21.55577],[74.09372,21.55566],[74.09272,21.55557],[74.09172,21.55548],[74.09071,21.55539],[74.08971,21.55531],[74.08871,21.55524],[74.08771,21.55519],[74.08672,21.55515],[74.08573,21.55513],[74.08474,21.55513],[74.08375,21.55515],[74.08279,21.55535],[74.08187,21.55571],[74.08096,21.55615],[74.08005,21.55661],[74.07912,21.55701],[74.07816,21.55727],[74.07718,21.55742],[74.07619,21.55755],[74.0752,21.55767],[74.0742,21.55777],[74.0732,21.55786],[74.07219,21.55793],[74.0712,21.558],[74.07019,21.55805],[74.06918,21.55809],[74.06817,21.55812],[74.06717,21.55813],[74.06617,21.55814],[74.06518,21.55814],[74.06418,21.5581],[74.06319,21.55797],[74.0622,21.55774],[74.06124,21.55746],[74.0603,21.55713],[74.05938,21.55678],[74.05846,21.55639],[74.05757,21.55598],[74.05667,21.55556],[74.05578,21.55512],[74.05488,21.5547],[74.05399,21.55429],[74.04922,21.55078],[74.04205,21.5483],[74.03657,21.54998],[74.02038,21.55127],[74.01386,21.54916],[74.00008,21.53944],[73.9782,21.54074],[73.97645,21.53846],[73.97718,21.53442],[73.98221,21.52111],[73.98035,21.52005],[73.97685,21.52049],[73.96909,21.52279],[73.96799,21.53012],[73.9645,21.53729],[73.96093,21.53779],[73.95737,21.5366],[73.9557,21.51803],[73.95183,21.51521],[73.94812,21.51454],[73.93391,21.50886],[73.93212,21.51941],[73.93064,21.5212],[73.92827,21.52233],[73.92547,21.52176],[73.92288,21.51939],[73.92054,21.51837],[73.9049,21.51895],[73.90445,21.51209],[73.89797,21.50754],[73.89142,21.50484],[73.88094,21.50349],[73.87687,21.5086],[73.87451,21.50671],[73.87112,21.50002],[73.86456,21.4961],[73.85501,21.49467],[73.84822,21.50611],[73.84408,21.50983],[73.83923,21.52043],[73.83434,21.53577],[73.82795,21.55234],[73.82326,21.57181],[73.8187,21.59715],[73.81737,21.59953],[73.81264,21.60119],[73.801,21.60124],[73.7847,21.61739],[73.78365,21.6198],[73.78172,21.62394],[73.78499,21.62767],[73.7943,21.63351],[73.80301,21.63456],[73.8233,21.63863],[73.83285,21.6342],[73.83956,21.63198],[73.84741,21.63467],[73.85463,21.64065],[73.86468,21.63758],[73.88009,21.64382],[73.88577,21.65026],[73.88896,21.65583],[73.89263,21.66601],[73.89093,21.69901],[73.88855,21.70187],[73.8848,21.70938],[73.87961,21.71317],[73.87288,21.71568],[73.86575,21.72067],[73.85961,21.72813],[73.8548,21.73177],[73.85081,21.73341],[73.84082,21.74077],[73.82564,21.76168],[73.83576,21.76742],[73.83745,21.77091],[73.83286,21.7829],[73.83865,21.78587],[73.83948,21.78944],[73.83016,21.79225],[73.82868,21.79538],[73.83344,21.79894],[73.82801,21.80393],[73.8266,21.80962],[73.82208,21.81071],[73.81204,21.80729],[73.80799,21.80891],[73.80496,21.82214],[73.81069,21.82735],[73.82245,21.83363],[73.83609,21.83725],[73.85837,21.83537],[73.87429,21.83734],[73.89429,21.85316],[73.90144,21.85229],[73.91678,21.85523],[73.93124,21.86177],[73.94412,21.86895],[73.95579,21.87458],[73.9748,21.88607],[74.00005,21.89789],[74.00689,21.89907],[74.01828,21.90447],[74.0309,21.9145],[74.04198,21.92128],[74.05179,21.92487],[74.05699,21.92651],[74.06694,21.92804],[74.09417,21.93605],[74.10919,21.94309],[74.1338,21.95173],[74.14169,21.95241],[74.1427,21.95239],[74.14371,21.95239],[74.14472,21.95238],[74.14572,21.95236],[74.14672,21.95231],[74.14772,21.9522],[74.14871,21.95206],[74.1497,21.9519],[74.15069,21.95169],[74.15166,21.95145],[74.15261,21.95114],[74.15353,21.95075],[74.15443,21.95035],[74.15532,21.94993],[74.15622,21.94951],[74.15711,21.94908],[74.158,21.94863],[74.15889,21.94819],[74.15976,21.94773],[74.16064,21.94727],[74.16152,21.94681],[74.16239,21.94634],[74.16326,21.94585],[74.16412,21.94537],[74.16497,21.94488],[74.16583,21.9444],[74.16669,21.94391],[74.16753,21.94341],[74.16837,21.94288],[74.16918,21.94231],[74.16995,21.9417],[74.17069,21.94105],[74.17137,21.94038],[74.172,21.93965],[74.17257,21.93888],[74.1731,21.93809],[74.17361,21.93727],[74.17413,21.93646],[74.17469,21.93567],[74.17528,21.93493],[74.17592,21.9342],[74.17656,21.93346],[74.17719,21.93271],[74.17784,21.93197],[74.1785,21.93124],[74.17917,21.93052],[74.17986,21.92983],[74.18057,21.92916],[74.18131,21.92854],[74.18206,21.92796],[74.18286,21.92742],[74.1837,21.92696],[74.18459,21.92655],[74.18552,21.92621],[74.18647,21.92591],[74.18747,21.92565],[74.18847,21.92542],[74.18947,21.92522],[74.19047,21.92502],[74.19146,21.92483],[74.19245,21.92464],[74.19344,21.92446],[74.19442,21.92427],[74.19543,21.92411],[74.19644,21.92396],[74.19745,21.92383],[74.19845,21.92375],[74.19945,21.92371],[74.20045,21.92371],[74.20144,21.92377],[74.20242,21.92389],[74.2034,21.92402],[74.20439,21.92417],[74.20537,21.92435],[74.20636,21.92453],[74.20733,21.92474],[74.20831,21.92495],[74.20928,21.92517],[74.21027,21.92541],[74.21124,21.92564],[74.21222,21.92588],[74.21319,21.92612],[74.21417,21.92636],[74.21515,21.9266],[74.21613,21.92684],[74.21711,21.92706],[74.21808,21.92728],[74.21907,21.92748],[74.22005,21.92768],[74.22103,21.92786],[74.22202,21.92803],[74.223,21.92818],[74.22399,21.92828],[74.22499,21.92831],[74.22599,21.92829],[74.227,21.92824],[74.22801,21.92815],[74.22901,21.92805],[74.23003,21.92797],[74.23103,21.92791],[74.23204,21.92789],[74.23303,21.92793],[74.23402,21.92802],[74.23502,21.92813],[74.23602,21.92825],[74.23701,21.92837],[74.238,21.92851],[74.23899,21.92865],[74.23998,21.92879],[74.24097,21.92894],[74.24196,21.92911],[74.24295,21.92927],[74.24394,21.92943],[74.24493,21.92959],[74.24592,21.92975],[74.24691,21.92992],[74.2479,21.93008],[74.24889,21.93025],[74.24988,21.9304],[74.25087,21.93055],[74.25186,21.93069],[74.25286,21.93084],[74.25385,21.93097],[74.25485,21.93109],[74.25584,21.9312],[74.25684,21.93131],[74.25784,21.93141],[74.25885,21.9315],[74.25985,21.93159],[74.26085,21.93167],[74.26187,21.93175],[74.26287,21.93183],[74.26389,21.9319],[74.2649,21.93197],[74.26591,21.93204],[74.26692,21.93211],[74.26793,21.93217],[74.26894,21.93224],[74.26995,21.93231],[74.27096,21.93238],[74.27197,21.93245],[74.27298,21.93252],[74.27398,21.9326],[74.27499,21.93268],[74.27598,21.93277],[74.27698,21.93286],[74.27797,21.93295],[74.27897,21.93306],[74.27996,21.93317],[74.28094,21.93328],[74.28192,21.93341],[74.2829,21.93355],[74.28387,21.93369],[74.28484,21.93384],[74.28581,21.93401],[74.28674,21.93427],[74.2876,21.93478],[74.28835,21.93547],[74.28901,21.93627],[74.28956,21.93709],[74.29,21.9379],[74.29036,21.93876],[74.29066,21.93965],[74.29092,21.94057],[74.29114,21.9415],[74.29133,21.94244],[74.29151,21.94337],[74.2917,21.94429],[74.29184,21.94522],[74.29197,21.94615],[74.29207,21.94709],[74.29216,21.94802],[74.29225,21.94896],[74.29234,21.9499],[74.29244,21.95082],[74.29256,21.95175],[74.29272,21.95268],[74.2929,21.95359],[74.29311,21.95451],[74.29336,21.95541],[74.29363,21.95632],[74.29391,21.95722],[74.29423,21.95811],[74.29455,21.95901],[74.2949,21.95988],[74.29526,21.96076],[74.29563,21.96163],[74.29602,21.96252],[74.29646,21.9634],[74.29694,21.96424],[74.29752,21.96499],[74.29821,21.96563],[74.29897,21.96622],[74.29975,21.9668],[74.30057,21.96736],[74.30142,21.96789],[74.30229,21.9684],[74.30319,21.96887],[74.30409,21.9693],[74.30501,21.96969],[74.30595,21.97003],[74.30688,21.97032],[74.30783,21.97057],[74.3088,21.97079],[74.30978,21.97098],[74.31077,21.97114],[74.31176,21.97127],[74.31277,21.97139],[74.31377,21.97149],[74.31478,21.97158],[74.3158,21.97167],[74.31681,21.97175],[74.31782,21.97182],[74.31882,21.9719],[74.31982,21.97198],[74.32082,21.97207],[74.32182,21.97214],[74.32282,21.97221],[74.32383,21.97227],[74.32483,21.97232],[74.32584,21.97237],[74.32684,21.97242],[74.32785,21.97248],[74.32885,21.97252],[74.32986,21.97256],[74.33085,21.9726],[74.33186,21.97265],[74.33287,21.97269],[74.33387,21.97275],[74.33488,21.97281],[74.33587,21.97285],[74.33688,21.97292],[74.33787,21.97299],[74.33888,21.97306],[74.33987,21.97315],[74.34086,21.97324],[74.34185,21.97335],[74.34284,21.97353],[74.34381,21.97379],[74.34476,21.97414],[74.34568,21.97452],[74.34656,21.97496],[74.34744,21.97542],[74.34834,21.97587],[74.34923,21.97634],[74.3501,21.97681],[74.35096,21.97732],[74.3518,21.97785],[74.3526,21.97841],[74.35336,21.97901],[74.35409,21.97964],[74.35476,21.98032],[74.35538,21.98104],[74.35598,21.9818],[74.35655,21.98258],[74.35709,21.98338],[74.35764,21.98419],[74.35816,21.985],[74.3587,21.98581],[74.35925,21.98662],[74.35982,21.9874],[74.3604,21.98815],[74.36102,21.98887],[74.36169,21.98955],[74.3624,21.99015],[74.36325,21.99064],[74.36417,21.99102],[74.36515,21.99136],[74.36613,21.99168],[74.3671,21.99203],[74.36799,21.99244],[74.36879,21.99297],[74.36951,21.9936],[74.37017,21.99429],[74.37079,21.99501],[74.37138,21.99577],[74.37196,21.99654],[74.37251,21.99734],[74.37307,21.99814],[74.37363,21.99894],[74.37461,22.00026],[74.38013,22.00983],[74.38479,22.01826],[74.39295,22.02177],[74.40305,22.02246],[74.41432,22.02385],[74.43219,22.02903],[74.4361,22.02454],[74.4427,22.02454],[74.43922,22.01963],[74.44116,22.01401],[74.44428,22.0105],[74.44816,22.00699]],[[77.29175,18.47617],[77.28611,18.47388],[77.2749,18.47486],[77.26946,18.45937],[77.26873,18.45523],[77.26833,18.45297],[77.27511,18.44989],[77.28648,18.45367],[77.29395,18.45825],[77.30078,18.46693],[77.30095,18.47674],[77.29175,18.47617]],[[74.26625,15.79968],[74.26523,15.79706],[74.26502,15.79445],[74.26638,15.79318],[74.27005,15.79344],[74.28707,15.78834],[74.28963,15.79383],[74.29229,15.79388],[74.29779,15.78859],[74.30911,15.79856],[74.30361,15.80606],[74.29628,15.8157],[74.28975,15.8308],[74.27736,15.82729],[74.26035,15.82689],[74.26196,15.82392],[74.26552,15.82147],[74.26557,15.81919],[74.26514,15.81665],[74.267,15.81186],[74.26703,15.8105],[74.26817,15.80916],[74.26708,15.80792],[74.26711,15.80642],[74.26722,15.80109],[74.26625,15.79968]]]]}}]}