{"type":"FeatureCollection","features":[{"type":"Feature","properties":{"id":"rajasthan","name":"Rajasthan","type":"state"},"geometry":{"type":"Polygon","coordinates":[[[73.89849,29.97896],[73.90021,29.9714],[73.94201,29.97195],[73.96605,29.97065],[73.98557,29.9702],[74.00006,29.97228],[74.00515,29.97194],[74.01189,29.97108],[74.07842,29.96971],[74.09256,29.96816],[74.16376,29.96387],[74.19532,29.96088],[74.22214,29.96082],[74.23319,29.96011],[74.25009,29.95665],[74.26132,29.95559],[74.26974,29.95597],[74.28847,29.95535],[74.29087,29.95559],[74.29944,29.95648],[74.30057,29.9564],[74.331,29.9541],[74.35173,29.95186],[74.36537,29.95038],[74.382,29.95002],[74.41335,29.94726],[74.43766,29.94941],[74.45158,29.94692],[74.45364,29.94655],[74.47624,29.94445],[74.52875,29.94299],[74.52244,29.92967],[74.51464,29.90739],[74.5205,29.90391],[74.53512,29.90214],[74.54332,29.90218],[74.55306,29.88824],[74.55481,29.88023],[74.56139,29.873],[74.56313,29.86511],[74.55702,29.85639],[74.54203,29.83878],[74.51533,29.83212],[74.5011,29.82609],[74.48999,29.81485],[74.47991,29.8016],[74.47458,29.78716],[74.47838,29.75781],[74.48124,29.74358],[74.49245,29.74355],[74.50607,29.74131],[74.52084,29.74013],[74.53512,29.74078],[74.54117,29.74876],[74.54712,29.75326],[74.55867,29.75417],[74.57338,29.75395],[74.58076,29.75257],[74.58756,29.76628],[74.59605,29.7678],[74.60198,29.766],[74.60689,29.75724],[74.61479,29.75211],[74.61538,29.74588],[74.61098,29.7399],[74.61281,29.72064],[74.6097,29.71232],[74.60833,29.70541],[74.60216,29.69993],[74.60314,29.69063],[74.6001,29.68192],[74.59436,29.67424],[74.58771,29.65396],[74.5912,29.64326],[74.59518,29.63443],[74.59043,29.62972],[74.58447,29.62651],[74.58611,29.62],[74.58376,29.6136],[74.57931,29.58509],[74.5796,29.56768],[74.57551,29.56264],[74.58072,29.5547],[74.59076,29.54678],[74.60014,29.54249],[74.60845,29.53592],[74.6204,29.53052],[74.62336,29.52612],[74.62063,29.51901],[74.61344,29.50946],[74.60966,29.50257],[74.60152,29.49114],[74.59916,29.48515],[74.6004,29.47887],[74.59434,29.468],[74.58923,29.46253],[74.5877,29.45765],[74.5805,29.46134],[74.56823,29.46344],[74.55914,29.46357],[74.55158,29.46569],[74.54338,29.46416],[74.53948,29.45669],[74.53782,29.44868],[74.53826,29.43411],[74.53998,29.42409],[74.54981,29.42223],[74.56086,29.42144],[74.5665,29.41767],[74.57307,29.40979],[74.57871,29.40516],[74.57778,29.39629],[74.58154,29.38543],[74.58842,29.37768],[74.59917,29.36959],[74.60534,29.36109],[74.60864,29.35321],[74.60434,29.32719],[74.6146,29.32643],[74.65042,29.32997],[74.65276,29.33412],[74.65238,29.35319],[74.65888,29.37116],[74.66723,29.36875],[74.68475,29.36689],[74.69742,29.36386],[74.72001,29.36756],[74.72567,29.36499],[74.73132,29.35947],[74.74047,29.35238],[74.76543,29.3545],[74.78475,29.35864],[74.79462,29.36902],[74.80769,29.38312],[74.81849,29.39694],[74.84409,29.39988],[74.85011,29.40247],[74.85851,29.40116],[74.86619,29.39773],[74.87293,29.39468],[74.87554,29.3868],[74.87957,29.38343],[74.89749,29.38496],[74.90432,29.38237],[74.90807,29.37646],[74.91922,29.36937],[74.93098,29.36422],[74.93616,29.36282],[74.94488,29.33607],[74.95507,29.33093],[74.95992,29.32418],[74.9595,29.3166],[74.95479,29.30913],[74.94902,29.30292],[74.95147,29.29326],[74.95642,29.28623],[74.96198,29.28],[74.96884,29.27819],[74.97694,29.28046],[74.98582,29.27913],[74.99182,29.27626],[74.99993,29.26973],[75.01481,29.28176],[75.03283,29.28945],[75.04891,29.28504],[75.05946,29.27026],[75.05964,29.26673],[75.0599,29.26156],[75.06957,29.25113],[75.07425,29.24441],[75.07164,29.23673],[75.08701,29.23021],[75.10146,29.22685],[75.11713,29.22448],[75.12274,29.2406],[75.13368,29.24266],[75.15651,29.24349],[75.16988,29.25138],[75.17312,29.26201],[75.18909,29.26622],[75.19762,29.25621],[75.2044,29.24177],[75.22104,29.23205],[75.23255,29.23244],[75.24437,29.24942],[75.25864,29.25392],[75.28091,29.25178],[75.28593,29.27087],[75.2862,29.27121],[75.2886,29.27424],[75.29894,29.2751],[75.30896,29.27936],[75.31785,29.28629],[75.32859,29.2908],[75.33354,29.28753],[75.33465,29.27564],[75.33241,29.24907],[75.32413,29.23329],[75.34375,29.22611],[75.35452,29.22341],[75.35642,29.22738],[75.35942,29.24463],[75.36725,29.25187],[75.38177,29.25728],[75.38886,29.26116],[75.3973,29.26157],[75.40504,29.25912],[75.40801,29.25217],[75.40899,29.24397],[75.40867,29.23744],[75.40295,29.23142],[75.39656,29.22623],[75.39536,29.21842],[75.40155,29.21524],[75.40569,29.21058],[75.40908,29.19863],[75.40984,29.18603],[75.40356,29.17141],[75.39772,29.16785],[75.38761,29.16867],[75.37809,29.16714],[75.37673,29.14758],[75.37022,29.1398],[75.38291,29.13421],[75.39419,29.13129],[75.4053,29.12554],[75.40041,29.11642],[75.38975,29.10784],[75.39032,29.09968],[75.39218,29.09247],[75.3904,29.08678],[75.39117,29.08069],[75.38961,29.06741],[75.39923,29.06531],[75.43927,29.06172],[75.43875,29.05317],[75.44648,29.04745],[75.44954,29.03848],[75.44158,29.01903],[75.44368,29.0135],[75.46762,29.01707],[75.48242,29.01709],[75.49261,29.01573],[75.51412,29.01199],[75.52009,29.00766],[75.52005,29.00096],[75.52013,29.00014],[75.52422,28.98785],[75.52493,28.97896],[75.52546,28.97219],[75.51784,28.96254],[75.51184,28.95829],[75.51243,28.94862],[75.50643,28.93829],[75.47771,28.93484],[75.47588,28.9231],[75.4934,28.89847],[75.4972,28.89511],[75.4967,28.85642],[75.50643,28.85294],[75.50785,28.84711],[75.51138,28.84272],[75.51919,28.84014],[75.52205,28.83331],[75.51744,28.81201],[75.51175,28.806],[75.51253,28.79345],[75.50712,28.78437],[75.51362,28.77949],[75.52467,28.76891],[75.53052,28.75281],[75.53748,28.74693],[75.53458,28.73956],[75.53947,28.72946],[75.54,28.71391],[75.54394,28.68499],[75.54508,28.67876],[75.54824,28.6726],[75.54635,28.65787],[75.54912,28.65185],[75.54797,28.64544],[75.55739,28.63967],[75.56408,28.61112],[75.5854,28.61317],[75.59332,28.60285],[75.61773,28.60232],[75.62645,28.59863],[75.62843,28.59564],[75.62743,28.58515],[75.63359,28.5549],[75.63741,28.54236],[75.64498,28.54388],[75.65185,28.53926],[75.66191,28.53691],[75.67166,28.53243],[75.67382,28.5296],[75.67225,28.51717],[75.67943,28.51323],[75.69839,28.49536],[75.709,28.49158],[75.73228,28.4875],[75.74488,28.48339],[75.74331,28.46882],[75.75546,28.46554],[75.78656,28.45372],[75.79348,28.44684],[75.79343,28.4353],[75.78512,28.42657],[75.77371,28.41689],[75.77857,28.40373],[75.79081,28.40332],[75.79583,28.40051],[75.80232,28.40595],[75.81089,28.41028],[75.825,28.40753],[75.82642,28.40192],[75.83654,28.40508],[75.84337,28.39371],[75.84951,28.39327],[75.88045,28.3868],[75.89149,28.38264],[75.89188,28.38792],[75.89752,28.38957],[75.89757,28.38959],[75.90505,28.386],[75.90522,28.38592],[75.90546,28.37599],[75.90558,28.37593],[75.913,28.37196],[75.93063,28.36483],[75.93072,28.3648],[75.93332,28.36056],[75.93664,28.35212],[75.93674,28.35188],[75.93674,28.35187],[75.9366,28.35042],[75.93571,28.34096],[75.94615,28.33852],[75.96465,28.33419],[75.96493,28.3314],[75.96294,28.3306],[75.95974,28.32931],[75.96281,28.32453],[75.96296,28.3152],[75.96297,28.31439],[75.96297,28.31435],[75.96973,28.31724],[75.97595,28.31989],[75.97632,28.31945],[75.98303,28.31164],[75.98762,28.30211],[75.99474,28.29183],[75.99484,28.29169],[75.99486,28.29165],[75.99668,28.29138],[75.99954,28.29094],[76.0067,28.28723],[76.01662,28.28208],[76.02701,28.27668],[76.01565,28.24888],[76.01942,28.23746],[76.03402,28.23161],[76.04459,28.22278],[76.06125,28.21988],[76.06051,28.21008],[76.05797,28.20548],[76.05203,28.20114],[76.05328,28.19857],[76.06488,28.19686],[76.07383,28.19458],[76.07752,28.18987],[76.07977,28.17484],[76.083,28.16804],[76.08862,28.1637],[76.10108,28.1508],[76.10105,28.14719],[76.09996,28.142],[76.0961,28.13912],[76.09134,28.13783],[76.08305,28.13754],[76.07319,28.14007],[76.07182,28.1455],[76.07356,28.15126],[76.07453,28.16339],[76.06889,28.1656],[76.03588,28.16838],[76.0243,28.15675],[76.01929,28.15335],[76.01412,28.15224],[76.00785,28.15213],[76.00274,28.1463],[76.00375,28.13101],[76.00232,28.1268],[75.99914,28.12387],[75.98508,28.12292],[75.9756,28.11511],[75.96546,28.11128],[75.95534,28.10543],[75.95043,28.10138],[75.94399,28.08928],[75.96688,28.07978],[75.985,28.07988],[75.99,28.07591],[75.99555,28.06626],[75.98248,28.05274],[75.98529,28.04788],[75.99243,28.04641],[75.99897,28.05211],[76.00554,28.05313],[76.00985,28.05639],[76.0204,28.072],[76.02282,28.07673],[76.02364,28.0845],[76.03921,28.07952],[76.0422,28.07557],[76.04361,28.0696],[76.04111,28.06427],[76.03024,28.05794],[76.0246,28.05175],[76.01329,28.05018],[76.01787,28.04556],[76.0188,28.04268],[76.01797,28.03235],[75.99893,28.03557],[75.98838,28.03438],[75.98221,28.03261],[75.97783,28.02664],[75.97867,28.01943],[75.9805,28.01383],[75.98698,28.01113],[75.99365,28.01042],[75.99837,28.00582],[75.99692,27.99998],[75.9877,27.99712],[75.98007,27.99702],[75.97466,27.99791],[75.9723,27.99835],[75.9683,27.99779],[75.96418,27.99671],[75.96305,27.98987],[75.96322,27.98434],[75.97342,27.98224],[75.98094,27.97964],[75.98987,27.98264],[75.9947,27.98028],[75.99425,27.97676],[75.9896,27.97396],[75.98159,27.9656],[75.97605,27.95797],[75.98095,27.95366],[75.97085,27.93262],[75.96163,27.93512],[75.95227,27.93578],[75.94938,27.94204],[75.9462,27.94679],[75.93623,27.93746],[75.93124,27.9288],[75.9364,27.92218],[75.93644,27.9125],[75.9494,27.91477],[75.96354,27.91522],[75.97519,27.91102],[75.98506,27.9049],[75.9749,27.89496],[75.98281,27.88873],[75.98042,27.88102],[75.98106,27.87308],[75.97183,27.86715],[75.97065,27.86037],[75.98302,27.86025],[75.99187,27.85849],[76.00208,27.85652],[76.00421,27.85577],[76.01285,27.85303],[76.01694,27.85819],[76.0284,27.85309],[76.03724,27.84945],[76.04146,27.84973],[76.04603,27.84805],[76.05132,27.84439],[76.05727,27.8434],[76.06244,27.84735],[76.0677,27.85271],[76.08777,27.84657],[76.09245,27.85188],[76.09336,27.86071],[76.09579,27.86395],[76.1035,27.86028],[76.11108,27.85785],[76.12032,27.85404],[76.12987,27.84985],[76.1362,27.84236],[76.13593,27.83328],[76.13547,27.82865],[76.15039,27.82325],[76.16091,27.8167],[76.17056,27.81024],[76.17505,27.80452],[76.18065,27.80284],[76.18815,27.80777],[76.19398,27.81442],[76.19818,27.82212],[76.20191,27.82658],[76.20833,27.82426],[76.21552,27.82383],[76.22162,27.82793],[76.2311,27.83627],[76.21845,27.84017],[76.21376,27.84335],[76.21289,27.85088],[76.20678,27.85503],[76.20094,27.85929],[76.19917,27.8648],[76.19685,27.87175],[76.19817,27.87696],[76.20229,27.87932],[76.20763,27.88348],[76.208,27.88768],[76.20653,27.89437],[76.19884,27.89808],[76.1905,27.90047],[76.18304,27.90251],[76.17762,27.90516],[76.17434,27.91048],[76.17396,27.91641],[76.17557,27.92377],[76.17828,27.9287],[76.1827,27.93667],[76.18432,27.94372],[76.18488,27.95048],[76.18425,27.95647],[76.18615,27.96288],[76.18745,27.96826],[76.18221,27.97063],[76.17501,27.97458],[76.16894,27.97554],[76.17047,27.98375],[76.16186,27.98799],[76.16294,27.99445],[76.16672,28],[76.17743,28.0123],[76.18232,28.01735],[76.18762,28.01872],[76.19197,28.01897],[76.19876,28.01684],[76.20396,28.01715],[76.20848,28.02108],[76.21156,28.02576],[76.22193,28.02709],[76.22168,28.03558],[76.21229,28.03766],[76.20627,28.03037],[76.20152,28.03064],[76.19128,28.03846],[76.18499,28.0444],[76.18357,28.04971],[76.18547,28.05471],[76.20099,28.05524],[76.20806,28.05617],[76.21179,28.05494],[76.21649,28.05096],[76.23411,28.05058],[76.24155,28.0518],[76.25177,28.06431],[76.25932,28.06629],[76.27315,28.06409],[76.28002,28.06173],[76.29025,28.05426],[76.29832,28.04442],[76.29632,28.03736],[76.29831,28.02521],[76.30535,28.02126],[76.32481,28.01627],[76.3319,28.01912],[76.33818,28.02014],[76.34504,28.02492],[76.34952,28.03131],[76.3542,28.04105],[76.36161,28.06082],[76.36294,28.06945],[76.35882,28.07103],[76.35268,28.06914],[76.34567,28.06833],[76.34046,28.07207],[76.33958,28.07692],[76.33712,28.08304],[76.3332,28.08744],[76.32887,28.0896],[76.32177,28.08997],[76.3155,28.09176],[76.30572,28.09637],[76.30965,28.10152],[76.31637,28.10659],[76.32252,28.10744],[76.34026,28.10201],[76.34794,28.10498],[76.35189,28.10849],[76.36402,28.12371],[76.35777,28.12743],[76.35164,28.12805],[76.346,28.13014],[76.33942,28.13427],[76.33115,28.14453],[76.32574,28.14838],[76.31953,28.14998],[76.31662,28.1462],[76.30997,28.14633],[76.3043,28.15001],[76.30348,28.15239],[76.30688,28.15479],[76.30694,28.15789],[76.30142,28.16062],[76.28658,28.16393],[76.2852,28.16813],[76.28748,28.17408],[76.2973,28.17802],[76.30647,28.17821],[76.31341,28.17919],[76.31635,28.1788],[76.31717,28.17869],[76.33442,28.17274],[76.34439,28.17264],[76.35108,28.16922],[76.36172,28.16146],[76.36444,28.15506],[76.36585,28.14312],[76.36828,28.13864],[76.38523,28.13331],[76.39249,28.1351],[76.39698,28.13476],[76.4015,28.13627],[76.40553,28.14301],[76.42076,28.14269],[76.43582,28.14113],[76.43989,28.14276],[76.44566,28.14734],[76.46461,28.1466],[76.46965,28.14753],[76.47376,28.15076],[76.47957,28.14989],[76.48091,28.14475],[76.47851,28.13365],[76.48174,28.13088],[76.48579,28.12981],[76.49185,28.12998],[76.49365,28.13003],[76.4983,28.12881],[76.4943,28.12325],[76.49544,28.11793],[76.50663,28.11766],[76.50583,28.11109],[76.50633,28.10173],[76.49726,28.09985],[76.4858,28.10112],[76.48106,28.10785],[76.47474,28.10812],[76.46944,28.10705],[76.46537,28.10554],[76.46239,28.10104],[76.45968,28.09281],[76.45704,28.08833],[76.46189,28.08294],[76.46726,28.08014],[76.47209,28.07921],[76.47836,28.08145],[76.49436,28.07023],[76.50385,28.06274],[76.50612,28.05983],[76.503,28.05617],[76.49802,28.05435],[76.49226,28.05339],[76.47973,28.05623],[76.4664,28.05711],[76.46242,28.05021],[76.46213,28.04481],[76.46414,28.04162],[76.47009,28.0397],[76.48413,28.03918],[76.4915,28.04144],[76.50065,28.0422],[76.50448,28.03873],[76.50691,28.03528],[76.50793,28.03145],[76.51366,28.03012],[76.51984,28.03043],[76.52704,28.03403],[76.53434,28.04052],[76.53971,28.03817],[76.54699,28.03416],[76.54397,28.02077],[76.54699,28.01173],[76.54705,28.0071],[76.54615,28.00255],[76.54687,28.00041],[76.54483,27.99977],[76.54394,27.9881],[76.54033,27.98075],[76.53941,27.97438],[76.54186,27.96877],[76.54655,27.96558],[76.55498,27.9664],[76.56182,27.97005],[76.56818,27.9768],[76.57591,27.97859],[76.58225,27.98403],[76.58572,27.98987],[76.59228,27.99531],[76.60021,27.99866],[76.60371,28.00114],[76.60745,28.00482],[76.61241,28.00577],[76.62448,28.00627],[76.63384,28.00543],[76.6454,28.00562],[76.65524,28.00755],[76.66311,28.01051],[76.66864,28.01398],[76.67099,28.01786],[76.67004,28.02424],[76.66821,28.02861],[76.662,28.03486],[76.65958,28.0394],[76.66025,28.05042],[76.65755,28.05666],[76.65654,28.06262],[76.65668,28.07404],[76.65561,28.08007],[76.65652,28.08716],[76.65989,28.09171],[76.66668,28.09402],[76.67262,28.09279],[76.6866,28.09274],[76.69088,28.0927],[76.69438,28.10181],[76.69824,28.10842],[76.69899,28.10972],[76.7075,28.11062],[76.7142,28.12264],[76.71778,28.12629],[76.71874,28.12727],[76.72884,28.12643],[76.7404,28.12334],[76.74177,28.12346],[76.74794,28.12393],[76.76393,28.14149],[76.77103,28.14489],[76.78181,28.14628],[76.79195,28.15053],[76.80039,28.15208],[76.80507,28.16532],[76.80122,28.17051],[76.80117,28.17778],[76.79919,28.18862],[76.80281,28.1944],[76.80685,28.18923],[76.81159,28.19091],[76.81458,28.19522],[76.81146,28.19948],[76.81038,28.20645],[76.81481,28.21073],[76.82222,28.21116],[76.82797,28.20952],[76.83285,28.20953],[76.83626,28.21232],[76.84247,28.21966],[76.85956,28.22148],[76.86341,28.22005],[76.8668,28.21797],[76.8727,28.21943],[76.87487,28.21276],[76.87523,28.20631],[76.88833,28.20516],[76.89575,28.20527],[76.90575,28.20239],[76.90892,28.19953],[76.89478,28.1915],[76.89292,28.1895],[76.89309,28.18643],[76.89913,28.1826],[76.90818,28.17408],[76.92109,28.1666],[76.93008,28.15698],[76.93657,28.15363],[76.94684,28.15007],[76.95061,28.14987],[76.94957,28.14563],[76.95077,28.14341],[76.96558,28.14072],[76.9708,28.13871],[76.96484,28.11841],[76.96448,28.10645],[76.96002,28.09079],[76.957,28.07336],[76.95548,28.06603],[76.95144,28.06151],[76.94692,28.05431],[76.94252,28.04284],[76.94072,28.03673],[76.93959,28.0252],[76.93539,28.00721],[76.93044,28.0004],[76.92742,27.99231],[76.93109,27.98052],[76.93368,27.97305],[76.93151,27.96047],[76.92825,27.94753],[76.92778,27.93552],[76.92778,27.91955],[76.92996,27.91575],[76.93861,27.91605],[76.94751,27.91371],[76.94541,27.90222],[76.94683,27.89067],[76.93471,27.8891],[76.93474,27.88305],[76.93339,27.87147],[76.93689,27.86181],[76.93848,27.8499],[76.93666,27.83865],[76.93519,27.82889],[76.93048,27.82651],[76.92352,27.8293],[76.91641,27.83061],[76.91231,27.82735],[76.90958,27.82012],[76.90888,27.81585],[76.91373,27.80725],[76.91509,27.80235],[76.91128,27.79597],[76.91238,27.78958],[76.90711,27.78578],[76.90405,27.78083],[76.90208,27.77395],[76.90075,27.76672],[76.89981,27.75588],[76.89899,27.73671],[76.89624,27.7319],[76.89243,27.7256],[76.8917,27.71912],[76.89689,27.71424],[76.90373,27.71319],[76.91114,27.71112],[76.91665,27.70676],[76.92055,27.70077],[76.92291,27.69548],[76.91869,27.69131],[76.91434,27.69052],[76.90864,27.68931],[76.90182,27.69294],[76.89633,27.69636],[76.89114,27.69806],[76.88922,27.69406],[76.89141,27.6902],[76.89693,27.68752],[76.90303,27.68435],[76.90505,27.68064],[76.90231,27.67801],[76.89993,27.67459],[76.90152,27.67156],[76.90545,27.6671],[76.90838,27.66271],[76.9088,27.65812],[76.9109,27.65319],[76.91364,27.65064],[76.91775,27.65147],[76.92212,27.65427],[76.92729,27.65614],[76.93214,27.65538],[76.93513,27.66009],[76.9386,27.66636],[76.94253,27.66974],[76.94677,27.66832],[76.95311,27.66521],[76.95987,27.66089],[76.96856,27.65706],[76.97884,27.65176],[76.97868,27.66008],[76.98064,27.66749],[76.98151,27.67504],[76.98448,27.68748],[76.98752,27.70078],[76.99122,27.71312],[76.9959,27.72389],[76.99758,27.72839],[76.99984,27.73105],[77.00202,27.73631],[77.00287,27.73666],[77.00948,27.73313],[77.01186,27.73315],[77.0135,27.73375],[77.01992,27.74112],[77.02531,27.74235],[77.03336,27.74172],[77.03748,27.74396],[77.04049,27.743],[77.04502,27.7392],[77.04785,27.73617],[77.0488,27.73294],[77.05126,27.73048],[77.05278,27.72681],[77.05916,27.72268],[77.06173,27.72243],[77.06797,27.72592],[77.07428,27.72697],[77.07969,27.7303],[77.08652,27.73189],[77.08777,27.73295],[77.088,27.73473],[77.08698,27.73743],[77.08109,27.74366],[77.07975,27.74648],[77.07927,27.7534],[77.07593,27.75832],[77.07039,27.76025],[77.06458,27.75895],[77.06279,27.75647],[77.05866,27.75561],[77.05548,27.76256],[77.04801,27.76949],[77.03697,27.77489],[77.03531,27.77251],[77.03266,27.77162],[77.03133,27.77255],[77.02921,27.77271],[77.02831,27.77492],[77.03162,27.78178],[77.03259,27.79277],[77.039,27.80602],[77.0432,27.8071],[77.044,27.80869],[77.04368,27.81126],[77.04691,27.81463],[77.05377,27.81156],[77.05546,27.81268],[77.06046,27.80975],[77.06487,27.80603],[77.07394,27.80715],[77.07713,27.80614],[77.08106,27.80409],[77.08292,27.79891],[77.0853,27.79603],[77.08886,27.79495],[77.10227,27.78425],[77.1098,27.78003],[77.11128,27.77972],[77.11612,27.7812],[77.12345,27.78442],[77.12608,27.78472],[77.12863,27.784],[77.13078,27.78283],[77.13334,27.77936],[77.13385,27.77146],[77.13519,27.77099],[77.14402,27.77847],[77.15012,27.78074],[77.15596,27.78117],[77.16013,27.78632],[77.162,27.79236],[77.16225,27.79694],[77.15844,27.80694],[77.15936,27.81007],[77.16084,27.81028],[77.1654,27.80811],[77.16982,27.8077],[77.18113,27.81082],[77.18462,27.80894],[77.18942,27.80315],[77.18918,27.79892],[77.18688,27.79701],[77.17798,27.79506],[77.1753,27.79042],[77.17088,27.7851],[77.17271,27.78141],[77.17741,27.7794],[77.18427,27.78171],[77.19769,27.79291],[77.19536,27.80497],[77.19624,27.80953],[77.20263,27.81642],[77.20553,27.81392],[77.21088,27.80705],[77.21449,27.79996],[77.21553,27.79553],[77.22559,27.78997],[77.23092,27.79212],[77.23562,27.79056],[77.23747,27.78756],[77.23601,27.78312],[77.2405,27.78025],[77.24332,27.78026],[77.24966,27.78481],[77.25673,27.7882],[77.26165,27.79209],[77.26581,27.79969],[77.26688,27.80374],[77.27134,27.81055],[77.27632,27.80641],[77.28461,27.80099],[77.28815,27.79723],[77.29949,27.79612],[77.30425,27.79426],[77.30677,27.79227],[77.30994,27.78809],[77.313,27.78242],[77.3125,27.77039],[77.31027,27.76612],[77.31033,27.76337],[77.31176,27.75904],[77.31161,27.7556],[77.31048,27.75448],[77.31013,27.75087],[77.31411,27.74364],[77.31477,27.73909],[77.31844,27.7372],[77.32088,27.73458],[77.3211,27.73309],[77.31945,27.73127],[77.30509,27.72424],[77.30633,27.71309],[77.31107,27.70762],[77.31719,27.70832],[77.32597,27.70564],[77.32909,27.70708],[77.33321,27.70758],[77.33931,27.70553],[77.34269,27.70231],[77.34318,27.69388],[77.34527,27.69057],[77.3455,27.67984],[77.34373,27.6758],[77.34615,27.6702],[77.34586,27.66406],[77.34804,27.65681],[77.35144,27.65158],[77.35101,27.64741],[77.34099,27.63216],[77.32181,27.61172],[77.31981,27.60609],[77.33436,27.59127],[77.33671,27.59043],[77.34377,27.59592],[77.35871,27.58778],[77.35699,27.58451],[77.35207,27.57988],[77.34696,27.57098],[77.34163,27.57043],[77.33964,27.56783],[77.33894,27.56549],[77.33977,27.56302],[77.3392,27.55815],[77.3421,27.54898],[77.34696,27.54402],[77.34869,27.54112],[77.34398,27.53608],[77.34104,27.53294],[77.34364,27.52441],[77.34875,27.51915],[77.36073,27.51436],[77.36668,27.51385],[77.36972,27.51289],[77.38471,27.51296],[77.39094,27.5109],[77.39177,27.50584],[77.39807,27.49977],[77.40055,27.49639],[77.40006,27.48791],[77.40083,27.48044],[77.40207,27.4763],[77.4049,27.47217],[77.41587,27.47072],[77.41988,27.46703],[77.42393,27.46048],[77.43394,27.45915],[77.43809,27.45639],[77.43728,27.4498],[77.43575,27.44535],[77.43142,27.44377],[77.42919,27.44163],[77.42675,27.43651],[77.42549,27.43258],[77.42361,27.41971],[77.43354,27.41321],[77.43521,27.41095],[77.43842,27.39936],[77.43798,27.39872],[77.4403,27.39351],[77.44421,27.39113],[77.45166,27.38767],[77.47001,27.38191],[77.47504,27.37861],[77.4843,27.38205],[77.49538,27.37994],[77.5057,27.37566],[77.51064,27.37167],[77.51228,27.36836],[77.51647,27.36708],[77.5178,27.36212],[77.53044,27.35194],[77.5392,27.34707],[77.54753,27.34736],[77.54884,27.34188],[77.55119,27.33672],[77.57018,27.32973],[77.57517,27.32789],[77.57621,27.32751],[77.58118,27.32436],[77.58299,27.321],[77.58887,27.32272],[77.59076,27.3259],[77.59509,27.32954],[77.60145,27.33223],[77.61329,27.33222],[77.61604,27.33641],[77.61886,27.33865],[77.62261,27.33766],[77.62483,27.33257],[77.62407,27.3288],[77.62399,27.31967],[77.62195,27.30902],[77.61732,27.30619],[77.61176,27.30418],[77.60853,27.29896],[77.60546,27.29897],[77.60015,27.29701],[77.60009,27.29483],[77.60675,27.29062],[77.61151,27.28915],[77.61751,27.28225],[77.61777,27.27593],[77.62256,27.27342],[77.61966,27.2686],[77.61501,27.26697],[77.6174,27.25935],[77.62123,27.25457],[77.6317,27.25808],[77.63422,27.2566],[77.63797,27.24975],[77.64265,27.24794],[77.6473,27.2414],[77.64754,27.24139],[77.64639,27.2368],[77.64679,27.23491],[77.65258,27.23314],[77.65157,27.22606],[77.64783,27.21749],[77.64788,27.21153],[77.65039,27.20903],[77.65614,27.20881],[77.66338,27.20604],[77.66501,27.20727],[77.67556,27.20135],[77.68136,27.19461],[77.68035,27.18931],[77.67374,27.1804],[77.66957,27.17703],[77.66294,27.16983],[77.65163,27.16866],[77.64422,27.16439],[77.63908,27.16448],[77.63659,27.16739],[77.63374,27.16863],[77.6308,27.16926],[77.62309,27.16905],[77.61339,27.16275],[77.61233,27.1586],[77.6142,27.15318],[77.61479,27.14842],[77.6063,27.14227],[77.60188,27.14223],[77.60033,27.13905],[77.60061,27.1344],[77.60413,27.13149],[77.60276,27.12797],[77.60548,27.12333],[77.60388,27.12044],[77.59898,27.11737],[77.59407,27.11853],[77.5916,27.11497],[77.58284,27.11642],[77.56426,27.11013],[77.55392,27.10944],[77.55259,27.10991],[77.54761,27.10557],[77.54023,27.10402],[77.53749,27.09846],[77.52894,27.10014],[77.52194,27.10242],[77.51632,27.09718],[77.5104,27.09354],[77.50711,27.09016],[77.50647,27.08952],[77.50746,27.0883],[77.51908,27.08824],[77.52282,27.08623],[77.52186,27.08571],[77.52548,27.08382],[77.52632,27.08241],[77.5258,27.07409],[77.52275,27.06838],[77.52237,27.06475],[77.52943,27.06154],[77.5346,27.06084],[77.53723,27.06144],[77.54173,27.06413],[77.54951,27.07171],[77.5544,27.07503],[77.56233,27.07154],[77.57137,27.07292],[77.57379,27.07232],[77.57654,27.06679],[77.57383,27.06333],[77.57504,27.06063],[77.57489,27.05456],[77.57331,27.04829],[77.56921,27.04588],[77.567,27.0431],[77.56547,27.03122],[77.56872,27.02996],[77.57628,27.03364],[77.58316,27.03588],[77.59199,27.03362],[77.59683,27.03137],[77.59867,27.02595],[77.60239,27.02549],[77.6069,27.02313],[77.61153,27.02339],[77.62369,27.02169],[77.62759,27.0192],[77.63012,27.01617],[77.63234,27.01119],[77.63549,27.0098],[77.63903,27.0177],[77.64237,27.0213],[77.65146,27.02147],[77.66009,27.01686],[77.66514,27.01701],[77.66799,27.01932],[77.67143,27.02458],[77.67894,27.04317],[77.68151,27.04583],[77.68636,27.04479],[77.69248,27.03919],[77.69303,27.0341],[77.69019,27.02721],[77.7019,27.01379],[77.70383,27.01032],[77.70475,27.00121],[77.7071,26.99998],[77.7117,26.99457],[77.71672,26.99536],[77.72206,26.99222],[77.72577,26.99428],[77.73046,26.9946],[77.73152,26.99817],[77.7292,26.99996],[77.72835,27.00831],[77.73035,27.02039],[77.73468,27.0258],[77.74375,27.02799],[77.74661,27.02693],[77.74756,27.02184],[77.74905,27.01977],[77.7521,27.01799],[77.76131,27.01787],[77.76323,27.017],[77.75587,27.01187],[77.75347,27.00761],[77.75436,27.00511],[77.75365,27.00294],[77.75073,27.0006],[77.75064,26.99995],[77.75426,26.99719],[77.75588,26.99275],[77.75153,26.99191],[77.74785,26.9922],[77.74716,26.98532],[77.74449,26.98248],[77.73143,26.9825],[77.72272,26.98593],[77.71804,26.98197],[77.70935,26.97859],[77.70002,26.97326],[77.67835,26.9714],[77.67669,26.96347],[77.67336,26.96121],[77.66767,26.96237],[77.66467,26.96835],[77.66067,26.96923],[77.65699,26.9681],[77.65031,26.96158],[77.6128,26.94027],[77.6061,26.93458],[77.60175,26.93203],[77.59974,26.93829],[77.5954,26.93886],[77.59272,26.93659],[77.58768,26.92519],[77.56526,26.92036],[77.55321,26.91637],[77.52643,26.90983],[77.50367,26.90014],[77.49028,26.89814],[77.48158,26.89415],[77.47255,26.88703],[77.46295,26.88394],[77.46328,26.87481],[77.46194,26.87111],[77.45826,26.8694],[77.44957,26.87197],[77.44422,26.86227],[77.43953,26.86028],[77.43419,26.86142],[77.43018,26.86142],[77.43118,26.85202],[77.43385,26.84745],[77.42917,26.84317],[77.42516,26.8372],[77.43051,26.83121],[77.43352,26.83007],[77.43486,26.82608],[77.44188,26.81981],[77.44689,26.81355],[77.44589,26.80328],[77.43953,26.78674],[77.4362,26.78019],[77.43486,26.7705],[77.43619,26.76451],[77.44188,26.7668],[77.44655,26.77021],[77.4529,26.77193],[77.45858,26.77506],[77.4636,26.77478],[77.47194,26.76395],[77.46928,26.76024],[77.46493,26.75653],[77.4559,26.74115],[77.48797,26.74827],[77.49398,26.7554],[77.501,26.76137],[77.50435,26.76849],[77.497,26.77163],[77.49199,26.77677],[77.48865,26.78219],[77.48999,26.78845],[77.49434,26.79558],[77.49702,26.80299],[77.50472,26.83234],[77.50573,26.84231],[77.50974,26.84089],[77.51443,26.84174],[77.52144,26.83946],[77.52311,26.83575],[77.52009,26.83262],[77.51976,26.82235],[77.52209,26.81893],[77.52844,26.81637],[77.53613,26.81893],[77.54348,26.81979],[77.55518,26.81607],[77.5642,26.81634],[77.57256,26.8189],[77.57657,26.82175],[77.57993,26.82631],[77.58527,26.82744],[77.59597,26.82771],[77.604,26.83598],[77.60802,26.83683],[77.60867,26.82856],[77.61234,26.82713],[77.61636,26.82883],[77.61971,26.83396],[77.62105,26.8388],[77.62407,26.84279],[77.63276,26.84107],[77.66521,26.85071],[77.67257,26.85413],[77.67491,26.85668],[77.67962,26.86836],[77.68262,26.86893],[77.68631,26.87262],[77.69033,26.87347],[77.69433,26.87261],[77.69734,26.86777],[77.70168,26.86719],[77.70436,26.87088],[77.70571,26.87431],[77.71341,26.87457],[77.72383,26.87562],[77.72787,26.88103],[77.72856,26.8873],[77.7279,26.89101],[77.7259,26.89387],[77.71887,26.8973],[77.72694,26.91069],[77.73199,26.91723],[77.73701,26.92007],[77.74873,26.92119],[77.75242,26.91748],[77.75678,26.92118],[77.76148,26.93199],[77.77321,26.93225],[77.78159,26.93053],[77.78125,26.92683],[77.78961,26.92197],[77.79697,26.91654],[77.804,26.91765],[77.80737,26.9225],[77.8134,26.92277],[77.81675,26.91991],[77.82277,26.91704],[77.82948,26.92045],[77.83449,26.91529],[77.84453,26.91384],[77.84921,26.91069],[77.85756,26.90666],[77.87963,26.89974],[77.88495,26.89344],[77.8903,26.89028],[77.89295,26.88656],[77.89828,26.88369],[77.90431,26.88396],[77.90902,26.88937],[77.91105,26.89537],[77.90909,26.90594],[77.90678,26.90965],[77.90513,26.91422],[77.90816,26.91878],[77.91483,26.91819],[77.91749,26.91505],[77.91647,26.91106],[77.91778,26.90849],[77.93011,26.90877],[77.93707,26.90706],[77.94036,26.90422],[77.94298,26.89939],[77.94594,26.89627],[77.95019,26.89401],[77.97122,26.90678],[77.97405,26.9052],[77.97308,26.90146],[77.975,26.89723],[77.97887,26.89392],[77.98338,26.89174],[77.98852,26.89191],[77.99328,26.89559],[78.00016,26.90511],[78.00666,26.90406],[78.01495,26.90486],[78.02235,26.90259],[78.02458,26.89919],[78.0274,26.89165],[78.02999,26.88899],[78.03035,26.88439],[78.02582,26.87624],[78.02836,26.87382],[78.0362,26.87035],[78.03557,26.86768],[78.0246,26.85802],[78.02586,26.85586],[78.03027,26.85508],[78.03546,26.8564],[78.03939,26.8597],[78.04368,26.86877],[78.04585,26.87117],[78.04794,26.87155],[78.05417,26.86909],[78.05609,26.86901],[78.05601,26.87194],[78.0531,26.87632],[78.05259,26.87874],[78.05355,26.89706],[78.05057,26.90962],[78.05696,26.90796],[78.06082,26.90908],[78.06545,26.90749],[78.06889,26.91009],[78.07127,26.90904],[78.07623,26.90447],[78.08113,26.90174],[78.09517,26.8962],[78.09776,26.89705],[78.09827,26.89994],[78.09664,26.90411],[78.09942,26.90584],[78.10181,26.90427],[78.10698,26.89815],[78.10983,26.89918],[78.11113,26.9041],[78.10746,26.91479],[78.10499,26.91722],[78.10373,26.92324],[78.10703,26.9248],[78.11053,26.92503],[78.11469,26.92419],[78.12111,26.92167],[78.12271,26.92475],[78.12366,26.93236],[78.12148,26.93613],[78.11786,26.93905],[78.11638,26.94248],[78.11647,26.94418],[78.11976,26.94741],[78.12334,26.94903],[78.13551,26.94967],[78.14251,26.95118],[78.14791,26.9513],[78.15454,26.94722],[78.16111,26.94631],[78.17162,26.94685],[78.18222,26.94285],[78.19898,26.94092],[78.20974,26.93448],[78.21372,26.93306],[78.21677,26.93392],[78.22069,26.94378],[78.22442,26.94811],[78.22903,26.94184],[78.23191,26.93924],[78.23583,26.93774],[78.23793,26.93547],[78.23912,26.93094],[78.24123,26.92785],[78.24877,26.9278],[78.25584,26.92491],[78.26072,26.92914],[78.26683,26.92818],[78.26974,26.92593],[78.27029,26.92432],[78.27075,26.91767],[78.26804,26.91038],[78.26283,26.90391],[78.26116,26.89878],[78.25665,26.89479],[78.24096,26.88963],[78.23825,26.88808],[78.235,26.8768],[78.21326,26.87157],[78.20896,26.87276],[78.20195,26.88369],[78.19955,26.88278],[78.19858,26.87765],[78.20528,26.8663],[78.20915,26.85658],[78.21287,26.84974],[78.21595,26.84651],[78.22234,26.84271],[78.22001,26.83264],[78.21817,26.83028],[78.21115,26.82651],[78.20045,26.82401],[78.18789,26.82521],[78.18161,26.82677],[78.1759,26.82614],[78.17188,26.82405],[78.16927,26.82123],[78.17172,26.81414],[78.18767,26.79537],[78.18873,26.79124],[78.18805,26.78777],[78.1844,26.7857],[78.16806,26.78533],[78.15406,26.78593],[78.14873,26.78785],[78.13957,26.79337],[78.12727,26.79677],[78.12117,26.79677],[78.11377,26.79496],[78.10806,26.79123],[78.1036,26.78365],[78.10266,26.77764],[78.10389,26.76603],[78.10528,26.76364],[78.10873,26.7606],[78.11925,26.75635],[78.12302,26.75303],[78.12426,26.74885],[78.11987,26.74387],[78.10417,26.73799],[78.0973,26.73233],[78.09491,26.72601],[78.09464,26.71869],[78.09709,26.69497],[78.09616,26.68091],[78.09382,26.6773],[78.0867,26.67457],[78.08345,26.67244],[78.07747,26.67276],[78.07319,26.67389],[78.069,26.67611],[78.06427,26.68016],[78.05718,26.68405],[78.05118,26.68531],[78.03961,26.6856],[78.02725,26.69188],[78.01994,26.6944],[78.00024,26.6969],[77.99657,26.69425],[77.98371,26.67756],[77.97678,26.67091],[77.9685,26.6658],[77.96151,26.66369],[77.95584,26.65932],[77.94784,26.65699],[77.93184,26.65927],[77.91151,26.66045],[77.90248,26.65649],[77.89876,26.6488],[77.89802,26.63481],[77.89664,26.6271],[77.88723,26.61459],[77.87821,26.61292],[77.85925,26.61031],[77.85024,26.60949],[77.84189,26.60609],[77.83319,26.59956],[77.82818,26.59416],[77.82616,26.58818],[77.83213,26.57875],[77.83242,26.56707],[77.82537,26.55455],[77.82069,26.54914],[77.812,26.54574],[77.80533,26.54462],[77.79068,26.54694],[77.77467,26.54782],[77.76566,26.54499],[77.75765,26.54102],[77.75196,26.53961],[77.74697,26.53705],[77.73826,26.52425],[77.73456,26.50972],[77.72854,26.50289],[77.72152,26.49863],[77.70253,26.49525],[77.69353,26.49697],[77.68553,26.49983],[77.67854,26.50412],[77.6752,26.5027],[77.66219,26.4916],[77.65385,26.48819],[77.64683,26.48364],[77.63416,26.47739],[77.62749,26.47141],[77.62415,26.46628],[77.6228,26.46087],[77.61613,26.45375],[77.60646,26.44863],[77.58646,26.44551],[77.57646,26.43754],[77.56647,26.43528],[77.5588,26.43499],[77.55447,26.43072],[77.5498,26.42389],[77.54447,26.4179],[77.53712,26.41249],[77.53013,26.40936],[77.51315,26.40737],[77.50115,26.40804],[77.48217,26.40909],[77.46619,26.40568],[77.4412,26.40368],[77.43487,26.4014],[77.43254,26.39655],[77.43355,26.39],[77.44087,26.38202],[77.44686,26.37318],[77.44654,26.36748],[77.44387,26.36263],[77.43954,26.3595],[77.42256,26.36263],[77.41491,26.36349],[77.40891,26.3632],[77.40158,26.3612],[77.39292,26.35692],[77.38993,26.35692],[77.38593,26.35835],[77.37328,26.36603],[77.36729,26.36404],[77.35365,26.35491],[77.34167,26.35176],[77.33634,26.34264],[77.33401,26.34178],[77.33102,26.34264],[77.32503,26.34092],[77.31872,26.32837],[77.3154,26.31611],[77.31508,26.30955],[77.29679,26.29016],[77.27387,26.27074],[77.25824,26.26161],[77.24461,26.25731],[77.21511,26.23884],[77.2098,26.23201],[77.20117,26.23059],[77.19119,26.23144],[77.18421,26.23372],[77.1769,26.23913],[77.1716,26.23913],[77.16797,26.23685],[77.16468,26.23316],[77.15942,26.23258],[77.1499,26.23288],[77.13616,26.23429],[77.13065,26.23258],[77.12027,26.22602],[77.12024,26.22601],[77.11598,26.21973],[77.11245,26.21402],[77.11164,26.20376],[77.10478,26.19693],[77.10296,26.1901],[77.09821,26.18555],[77.09114,26.18184],[77.07542,26.18009],[77.06543,26.18004],[77.0591,26.18086],[77.05144,26.17964],[77.04118,26.17663],[77.03031,26.17088],[77.01764,26.16002],[77.01412,26.15529],[77.01119,26.15395],[77.00607,26.14735],[77.00282,26.14245],[77.00083,26.13251],[76.99236,26.12708],[76.97487,26.11878],[76.95978,26.11007],[76.94814,26.10288],[76.94496,26.10084],[76.93519,26.09744],[76.92455,26.09742],[76.91251,26.09588],[76.90149,26.09281],[76.89395,26.08811],[76.88903,26.08123],[76.88835,26.0734],[76.88309,26.06685],[76.87866,26.05896],[76.87652,26.05126],[76.87001,26.04649],[76.86382,26.04338],[76.85782,26.03834],[76.85178,26.0351],[76.85054,26.03447],[76.84689,26.03262],[76.84413,26.03122],[76.83642,26.02443],[76.84624,26.00612],[76.84303,25.99687],[76.8356,25.99077],[76.82924,25.98757],[76.82581,25.98353],[76.824,25.97913],[76.82482,25.9661],[76.82218,25.96199],[76.8122,25.94785],[76.80067,25.93909],[76.79177,25.93534],[76.78262,25.93427],[76.76648,25.93742],[76.76174,25.93659],[76.75936,25.93454],[76.75863,25.9307],[76.75925,25.92714],[76.76257,25.92324],[76.76858,25.92021],[76.76821,25.91696],[76.7614,25.91113],[76.75123,25.90414],[76.73906,25.89747],[76.72795,25.89524],[76.72022,25.89592],[76.71118,25.8984],[76.70215,25.90205],[76.68975,25.90515],[76.68004,25.90675],[76.66221,25.90577],[76.65177,25.90382],[76.64704,25.90121],[76.64396,25.8965],[76.6412,25.8909],[76.63725,25.87022],[76.63217,25.86584],[76.62208,25.86624],[76.60299,25.87148],[76.59825,25.86917],[76.59078,25.86273],[76.57222,25.8347],[76.55486,25.82008],[76.54702,25.81245],[76.54085,25.80423],[76.53465,25.79303],[76.52797,25.76941],[76.52753,25.76142],[76.53566,25.73882],[76.53589,25.72904],[76.53181,25.72612],[76.51598,25.7251],[76.50822,25.72369],[76.48757,25.71324],[76.48306,25.70114],[76.48292,25.69018],[76.48689,25.68452],[76.49422,25.67851],[76.51297,25.67122],[76.51596,25.66794],[76.50456,25.64346],[76.50585,25.63841],[76.51049,25.63334],[76.51588,25.63328],[76.51985,25.62879],[76.52088,25.60212],[76.51492,25.58234],[76.51483,25.57494],[76.51742,25.56692],[76.52138,25.56066],[76.52531,25.55203],[76.52724,25.54549],[76.52747,25.5366],[76.52532,25.52507],[76.5276,25.51942],[76.53356,25.51284],[76.53956,25.50863],[76.54288,25.50534],[76.54517,25.50087],[76.54709,25.49255],[76.55169,25.48481],[76.55565,25.47944],[76.56132,25.47494],[76.56459,25.46838],[76.56563,25.44498],[76.56846,25.43914],[76.56924,25.43753],[76.57924,25.4318],[76.58795,25.43082],[76.59394,25.42661],[76.60402,25.40043],[76.60749,25.38411],[76.61453,25.38344],[76.61984,25.37923],[76.62414,25.37386],[76.63046,25.37023],[76.64128,25.37544],[76.6486,25.37151],[76.6625,25.35655],[76.66983,25.35262],[76.67777,25.34513],[76.6861,25.34058],[76.70826,25.34271],[76.71961,25.33754],[76.7219,25.33396],[76.72818,25.32707],[76.73884,25.32161],[76.76085,25.31365],[76.77519,25.30727],[76.77793,25.31098],[76.80041,25.31688],[76.82694,25.3221],[76.83868,25.32188],[76.84819,25.32557],[76.85897,25.32474],[76.87224,25.32019],[76.88683,25.31788],[76.89849,25.31743],[76.90991,25.31287],[76.92064,25.304],[76.92825,25.29641],[76.93449,25.29231],[76.93791,25.28248],[76.93397,25.27418],[76.93922,25.27093],[76.94711,25.27038],[76.95369,25.27154],[76.95801,25.27356],[76.96059,25.27961],[76.96201,25.28644],[76.96407,25.29218],[76.99806,25.29681],[77.00877,25.2968],[77.0155,25.29651],[77.02302,25.29654],[77.02961,25.29608],[77.03957,25.30685],[77.04351,25.31433],[77.04481,25.32002],[77.05026,25.31741],[77.05364,25.31605],[77.05849,25.31565],[77.06373,25.31688],[77.06896,25.3191],[77.07336,25.32462],[77.07696,25.33079],[77.081,25.33464],[77.0886,25.33474],[77.09817,25.33222],[77.10732,25.33006],[77.11369,25.33022],[77.12135,25.33],[77.12699,25.32618],[77.1345,25.32036],[77.1419,25.31906],[77.15459,25.3103],[77.15916,25.30818],[77.16719,25.30858],[77.17337,25.31045],[77.17903,25.3101],[77.18774,25.30823],[77.19618,25.30659],[77.20304,25.30591],[77.21081,25.30635],[77.20602,25.31365],[77.20427,25.31957],[77.20384,25.32544],[77.21094,25.32796],[77.21638,25.3286],[77.21888,25.32666],[77.2151,25.32356],[77.21607,25.31939],[77.22071,25.31941],[77.22372,25.32623],[77.22309,25.33216],[77.22273,25.34415],[77.22688,25.35599],[77.226,25.36832],[77.23141,25.37413],[77.24045,25.37995],[77.24996,25.38449],[77.25544,25.38978],[77.26577,25.39433],[77.27882,25.40686],[77.28887,25.41845],[77.30145,25.42654],[77.31122,25.43125],[77.32283,25.42768],[77.33517,25.42341],[77.34302,25.41959],[77.34966,25.41727],[77.3603,25.41885],[77.36729,25.4078],[77.3636,25.40413],[77.35989,25.39848],[77.35567,25.39323],[77.35202,25.38735],[77.35018,25.38278],[77.35058,25.3782],[77.35066,25.37465],[77.35432,25.3704],[77.35759,25.36721],[77.35972,25.3644],[77.36195,25.36275],[77.36101,25.35924],[77.34978,25.33223],[77.34225,25.32047],[77.35519,25.31901],[77.35904,25.32723],[77.36963,25.32787],[77.37167,25.32338],[77.37481,25.31953],[77.37766,25.3151],[77.37951,25.31037],[77.38049,25.30544],[77.38065,25.30073],[77.37964,25.29507],[77.37922,25.29425],[77.37844,25.28918],[77.37531,25.28342],[77.37254,25.28029],[77.36888,25.27866],[77.36582,25.27512],[77.35546,25.26667],[77.36249,25.2607],[77.36609,25.25576],[77.36782,25.25084],[77.36851,25.24498],[77.37626,25.24587],[77.38138,25.24393],[77.38584,25.24034],[77.39747,25.22606],[77.40662,25.22261],[77.41222,25.2212],[77.41532,25.20735],[77.41714,25.20151],[77.41954,25.19446],[77.4238,25.18795],[77.42055,25.18436],[77.41346,25.18499],[77.40883,25.18148],[77.39646,25.18313],[77.39707,25.17459],[77.39704,25.16964],[77.39536,25.16333],[77.3949,25.15489],[77.39502,25.146],[77.3931,25.13305],[77.39263,25.12793],[77.39431,25.1222],[77.39958,25.11828],[77.4038,25.11138],[77.40424,25.10824],[77.40126,25.10697],[77.39887,25.11025],[77.39795,25.11238],[77.39236,25.11693],[77.38082,25.11179],[77.37405,25.10911],[77.37417,25.10347],[77.36643,25.09933],[77.36279,25.09653],[77.35429,25.09278],[77.33804,25.09156],[77.33361,25.08839],[77.32597,25.08571],[77.31946,25.08256],[77.31541,25.08139],[77.31255,25.08075],[77.30839,25.07887],[77.3015,25.0821],[77.2969,25.08911],[77.28999,25.09921],[77.28111,25.10712],[77.26779,25.11425],[77.24716,25.10772],[77.22631,25.10525],[77.21126,25.10743],[77.20282,25.11168],[77.1942,25.10683],[77.18848,25.10682],[77.175,25.10874],[77.16823,25.10474],[77.16997,25.09359],[77.16309,25.08331],[77.14581,25.08594],[77.14551,25.09124],[77.13359,25.08409],[77.11976,25.06415],[77.10778,25.06429],[77.09569,25.06142],[77.08952,25.05771],[77.08247,25.05306],[77.07325,25.05476],[77.06656,25.05646],[77.06016,25.05833],[77.04953,25.06084],[77.04448,25.06319],[77.03452,25.06699],[77.02989,25.06687],[77.02556,25.06651],[77.02283,25.06725],[77.01752,25.06999],[77.0111,25.07365],[77.00544,25.07481],[76.99888,25.07503],[76.98879,25.07265],[76.97978,25.06576],[76.97694,25.06193],[76.97635,25.05567],[76.97374,25.05104],[76.96637,25.0491],[76.95856,25.04357],[76.93491,25.0367],[76.92268,25.03515],[76.91475,25.0308],[76.90604,25.02917],[76.88699,25.02924],[76.88322,25.02098],[76.88165,25.01508],[76.88173,25.01121],[76.87941,25.00826],[76.87423,25.00625],[76.86545,25.00555],[76.85923,25.00546],[76.86441,25.00207],[76.87295,24.99653],[76.87454,24.98706],[76.87131,24.96696],[76.87213,24.96061],[76.87642,24.95649],[76.87823,24.95274],[76.87692,24.94978],[76.88456,24.94094],[76.89809,24.9306],[76.89732,24.92427],[76.895,24.91824],[76.89607,24.91486],[76.91228,24.91844],[76.92575,24.91195],[76.92841,24.90943],[76.9295,24.90555],[76.92518,24.90007],[76.92061,24.89636],[76.91754,24.89243],[76.91699,24.88832],[76.91869,24.88307],[76.92236,24.87998],[76.92661,24.87891],[76.93883,24.87946],[76.94059,24.87388],[76.94673,24.86989],[76.95158,24.86938],[76.95381,24.86806],[76.9515,24.86345],[76.94913,24.86066],[76.94797,24.85525],[76.93133,24.84499],[76.91986,24.8439],[76.91634,24.84281],[76.91321,24.8403],[76.8998,24.83474],[76.88284,24.83477],[76.86805,24.83692],[76.85601,24.83546],[76.84686,24.83533],[76.84218,24.8363],[76.83632,24.83549],[76.8318,24.8336],[76.82774,24.8301],[76.82138,24.82775],[76.81581,24.8235],[76.80691,24.82182],[76.80529,24.81982],[76.80618,24.81509],[76.80871,24.81186],[76.8133,24.81024],[76.82032,24.79893],[76.83041,24.78864],[76.8405,24.78033],[76.85135,24.76526],[76.85163,24.76031],[76.84962,24.74741],[76.85189,24.74568],[76.86546,24.74397],[76.87275,24.74485],[76.89135,24.74942],[76.9016,24.74586],[76.90299,24.74303],[76.90794,24.74131],[76.91408,24.74207],[76.92641,24.74409],[76.95054,24.75929],[76.95651,24.76069],[76.96108,24.75955],[76.96808,24.75479],[76.9686,24.7457],[76.97009,24.73935],[76.97325,24.73134],[76.97674,24.72692],[76.98708,24.72012],[76.99691,24.71265],[77.00902,24.70891],[77.01888,24.71067],[77.02406,24.7102],[77.02746,24.70896],[77.03148,24.70616],[77.03829,24.6982],[77.03931,24.69372],[77.03972,24.68382],[77.04182,24.678],[77.05373,24.65658],[77.05895,24.64938],[77.06426,24.6377],[77.06508,24.63299],[77.06591,24.61987],[77.06589,24.60581],[77.06511,24.60139],[77.06309,24.59649],[77.0632,24.59011],[77.06828,24.58064],[77.06943,24.56523],[77.06905,24.55944],[77.06624,24.5501],[77.05809,24.5395],[77.05665,24.53659],[77.05561,24.53248],[77.05497,24.52187],[77.04371,24.52197],[77.03659,24.52413],[77.03462,24.52241],[77.03374,24.51911],[77.03133,24.51676],[77.0294,24.5124],[77.02866,24.49668],[77.02527,24.49329],[77.02047,24.49027],[77.01692,24.48974],[77.01326,24.49031],[77.01057,24.48931],[77.00931,24.48732],[77.00953,24.48476],[77.01145,24.48292],[77.00712,24.47888],[77.00609,24.47327],[77.00274,24.47086],[76.99705,24.46884],[76.98417,24.47001],[76.98206,24.46736],[76.97946,24.46031],[76.9698,24.45625],[76.96464,24.45562],[76.95733,24.45932],[76.94554,24.46274],[76.94155,24.46778],[76.9353,24.47209],[76.92733,24.47604],[76.91908,24.48305],[76.91973,24.50678],[76.92181,24.51234],[76.9234,24.51976],[76.92329,24.52535],[76.92286,24.53097],[76.92018,24.53574],[76.91736,24.53893],[76.90688,24.54288],[76.9043,24.54317],[76.90224,24.53906],[76.89734,24.53505],[76.89804,24.53083],[76.8934,24.52214],[76.88398,24.52069],[76.88015,24.52156],[76.87732,24.52742],[76.87919,24.53582],[76.87855,24.53842],[76.8764,24.54126],[76.87062,24.54473],[76.85722,24.5464],[76.85044,24.54639],[76.84259,24.54384],[76.8355,24.53858],[76.83111,24.53417],[76.82336,24.53195],[76.81893,24.52976],[76.8185,24.52769],[76.81875,24.52504],[76.82355,24.52001],[76.83244,24.50576],[76.83888,24.49371],[76.83965,24.48979],[76.84667,24.48914],[76.84962,24.48631],[76.85113,24.48296],[76.85063,24.47087],[76.8549,24.46937],[76.85566,24.46453],[76.85331,24.4598],[76.85278,24.45417],[76.85024,24.4487],[76.84291,24.44959],[76.84218,24.44603],[76.84546,24.43825],[76.85495,24.43279],[76.85539,24.43082],[76.85356,24.42069],[76.85029,24.41478],[76.84652,24.41364],[76.84195,24.41353],[76.84014,24.41202],[76.84665,24.40397],[76.85258,24.39172],[76.85438,24.38442],[76.85223,24.37429],[76.85655,24.37033],[76.85591,24.3657],[76.85328,24.36368],[76.84307,24.36018],[76.84118,24.35619],[76.84241,24.35045],[76.84306,24.3381],[76.84437,24.33421],[76.84909,24.32347],[76.86297,24.30781],[76.86399,24.30078],[76.86683,24.29433],[76.86799,24.28932],[76.86778,24.28526],[76.87122,24.27636],[76.87412,24.2721],[76.87839,24.26661],[76.90154,24.24261],[76.90807,24.23721],[76.91538,24.23314],[76.92066,24.2275],[76.92276,24.22194],[76.92347,24.21621],[76.92677,24.21233],[76.93244,24.20908],[76.93587,24.20508],[76.94105,24.20533],[76.94676,24.20388],[76.94865,24.20183],[76.94904,24.19885],[76.94807,24.1944],[76.93735,24.18242],[76.93141,24.18221],[76.92028,24.18428],[76.91902,24.17893],[76.91535,24.17246],[76.9099,24.14876],[76.90403,24.1267],[76.89031,24.12734],[76.88163,24.13053],[76.88062,24.13397],[76.87737,24.13538],[76.87033,24.13443],[76.86002,24.13454],[76.85009,24.13174],[76.84632,24.12787],[76.83946,24.12686],[76.8317,24.1212],[76.82578,24.12228],[76.81862,24.12212],[76.80504,24.11596],[76.80114,24.11744],[76.79485,24.12138],[76.77955,24.14869],[76.777,24.15439],[76.77278,24.16028],[76.76653,24.15981],[76.76339,24.16146],[76.76124,24.1653],[76.7589,24.1677],[76.75327,24.16815],[76.73975,24.16744],[76.73324,24.16617],[76.73069,24.16069],[76.72455,24.15733],[76.71853,24.15981],[76.7163,24.16224],[76.70495,24.16706],[76.69899,24.17161],[76.69316,24.17932],[76.68819,24.18426],[76.67799,24.18904],[76.68058,24.20614],[76.68872,24.22043],[76.69163,24.22804],[76.69911,24.23765],[76.70265,24.2407],[76.70638,24.24438],[76.70527,24.24993],[76.70358,24.25341],[76.70052,24.25677],[76.6987,24.26337],[76.69721,24.26961],[76.69881,24.27787],[76.69688,24.28059],[76.68865,24.27825],[76.68261,24.26621],[76.6747,24.26658],[76.67215,24.26295],[76.66205,24.26338],[76.65107,24.26798],[76.64628,24.26569],[76.64604,24.26182],[76.64387,24.2579],[76.63862,24.25964],[76.63387,24.2603],[76.62715,24.2602],[76.62011,24.25843],[76.61769,24.23778],[76.6142,24.2371],[76.60421,24.24059],[76.59696,24.24649],[76.59173,24.24517],[76.59118,24.24166],[76.60038,24.2309],[76.60108,24.22553],[76.59625,24.21949],[76.58954,24.21518],[76.57512,24.20911],[76.57091,24.20255],[76.56938,24.19644],[76.57057,24.19279],[76.57344,24.19193],[76.58062,24.18695],[76.58335,24.17633],[76.57627,24.17294],[76.56993,24.1721],[76.56609,24.16808],[76.55833,24.16389],[76.54952,24.16367],[76.54341,24.16242],[76.53931,24.15988],[76.53495,24.15914],[76.52672,24.15885],[76.52089,24.16226],[76.51685,24.16854],[76.51399,24.1747],[76.5119,24.19589],[76.50892,24.20114],[76.50533,24.2047],[76.50045,24.2077],[76.48793,24.2107],[76.48292,24.21318],[76.47808,24.22435],[76.47344,24.22706],[76.46691,24.22458],[76.4645,24.22108],[76.46209,24.21653],[76.4567,24.21249],[76.45088,24.21341],[76.44529,24.21756],[76.43946,24.22068],[76.43289,24.22274],[76.42702,24.22263],[76.42154,24.22005],[76.42514,24.21635],[76.42594,24.2099],[76.42212,24.20403],[76.41782,24.20311],[76.41517,24.20525],[76.40346,24.21849],[76.39462,24.22131],[76.37685,24.23339],[76.36851,24.23701],[76.36454,24.24019],[76.36162,24.24176],[76.35633,24.24461],[76.34749,24.2476],[76.33829,24.24967],[76.33018,24.24932],[76.32114,24.24683],[76.31338,24.24211],[76.3061,24.24015],[76.29713,24.2364],[76.29285,24.23276],[76.29203,24.22131],[76.29035,24.21399],[76.28594,24.21146],[76.27956,24.21225],[76.26852,24.2173],[76.25494,24.22058],[76.25079,24.22367],[76.24356,24.22194],[76.23922,24.21964],[76.22642,24.21904],[76.22129,24.21316],[76.21863,24.21259],[76.21362,24.21862],[76.20928,24.22852],[76.20856,24.23762],[76.20672,24.24636],[76.20747,24.26479],[76.20528,24.2725],[76.19776,24.28055],[76.1987,24.28585],[76.20219,24.29305],[76.20811,24.30147],[76.20937,24.30666],[76.20565,24.30889],[76.19714,24.3166],[76.19317,24.32568],[76.18861,24.32726],[76.18423,24.32063],[76.1752,24.31134],[76.17444,24.30609],[76.17566,24.30298],[76.17308,24.29917],[76.17229,24.29185],[76.16576,24.28913],[76.15254,24.28801],[76.14967,24.2861],[76.146,24.28108],[76.14523,24.27693],[76.14853,24.26155],[76.15135,24.25983],[76.15275,24.25677],[76.15743,24.23956],[76.15533,24.23126],[76.14999,24.22358],[76.14474,24.21965],[76.13446,24.20827],[76.12625,24.20122],[76.12418,24.19223],[76.1237,24.17944],[76.1228,24.17598],[76.12345,24.17408],[76.1283,24.17398],[76.13175,24.1707],[76.13375,24.16489],[76.13329,24.14952],[76.13456,24.13979],[76.13727,24.13519],[76.13972,24.12719],[76.13354,24.11877],[76.13203,24.1148],[76.13284,24.10801],[76.13408,24.10249],[76.13749,24.09559],[76.13747,24.09116],[76.12605,24.08821],[76.11519,24.09239],[76.11134,24.09301],[76.1079,24.0918],[76.10171,24.08508],[76.09351,24.08164],[76.08723,24.07805],[76.08293,24.0799],[76.06637,24.07383],[76.06012,24.07376],[76.04957,24.0716],[76.04595,24.06989],[76.04255,24.06285],[76.03558,24.06015],[76.02927,24.0464],[76.02046,24.04052],[76.01144,24.03626],[76.00462,24.0312],[76.00276,24.03145],[75.99698,24.02788],[75.99255,24.02605],[75.98219,24.02703],[75.98204,24.02807],[75.9758,24.02743],[75.96258,24.02137],[75.96147,24.00598],[75.96329,24.00028],[75.96261,23.99347],[75.96368,23.99086],[75.96589,23.98767],[75.97913,23.97796],[75.9806,23.97607],[75.98257,23.97039],[75.98256,23.96477],[75.9836,23.95843],[75.98217,23.94818],[75.98327,23.93904],[75.97833,23.93501],[75.97815,23.92897],[75.97641,23.92757],[75.96882,23.9259],[75.95051,23.91831],[75.94885,23.91676],[75.94658,23.91228],[75.94033,23.90827],[75.93401,23.898],[75.92916,23.89796],[75.92341,23.90024],[75.90761,23.89215],[75.9034,23.89111],[75.89869,23.88879],[75.89606,23.88917],[75.89091,23.88782],[75.88845,23.88469],[75.88071,23.88066],[75.87445,23.88429],[75.86917,23.8901],[75.8656,23.89151],[75.86274,23.8917],[75.85865,23.89012],[75.85547,23.89031],[75.84345,23.88457],[75.84176,23.87869],[75.83903,23.87746],[75.8324,23.8809],[75.81982,23.87551],[75.81588,23.87042],[75.80459,23.86727],[75.79614,23.87047],[75.79293,23.86832],[75.78703,23.86154],[75.78695,23.85598],[75.78573,23.8539],[75.78179,23.85088],[75.77893,23.85005],[75.77146,23.85062],[75.76346,23.85308],[75.76178,23.85817],[75.76102,23.87751],[75.759,23.88036],[75.75159,23.8862],[75.74189,23.89042],[75.73828,23.89028],[75.73604,23.89571],[75.73315,23.89769],[75.73003,23.89829],[75.72463,23.89682],[75.71726,23.89772],[75.71479,23.89616],[75.71237,23.8966],[75.70885,23.89909],[75.7041,23.90025],[75.70263,23.89749],[75.7027,23.89112],[75.70038,23.88744],[75.69949,23.88393],[75.69985,23.87333],[75.70305,23.87117],[75.70529,23.87165],[75.70647,23.87097],[75.70829,23.86439],[75.71929,23.86098],[75.72932,23.86072],[75.73088,23.85442],[75.72992,23.85126],[75.72813,23.84964],[75.7257,23.84423],[75.72241,23.843],[75.71961,23.8432],[75.71745,23.84181],[75.71968,23.83627],[75.72046,23.82858],[75.72389,23.82313],[75.72254,23.81987],[75.71846,23.81835],[75.71759,23.81725],[75.71955,23.81526],[75.71739,23.8133],[75.71491,23.8127],[75.71048,23.81433],[75.70426,23.81337],[75.69191,23.81586],[75.68905,23.81549],[75.68857,23.81394],[75.68991,23.81034],[75.69568,23.8008],[75.69615,23.79381],[75.70032,23.7881],[75.69992,23.78426],[75.69833,23.78154],[75.69167,23.77225],[75.68896,23.7696],[75.68674,23.76293],[75.68605,23.75685],[75.68065,23.76583],[75.67764,23.77841],[75.67599,23.78074],[75.6728,23.78307],[75.66904,23.78448],[75.66419,23.78444],[75.66063,23.78522],[75.65836,23.78807],[75.65338,23.79823],[75.65086,23.79563],[75.64523,23.79812],[75.6426,23.79855],[75.63856,23.79864],[75.62744,23.79656],[75.62546,23.79682],[75.6181,23.80227],[75.61361,23.80293],[75.60945,23.80181],[75.60755,23.79996],[75.59312,23.79871],[75.58393,23.79669],[75.58439,23.80013],[75.58632,23.80514],[75.58588,23.81034],[75.58474,23.81153],[75.5742,23.81317],[75.56743,23.81203],[75.56392,23.81327],[75.55989,23.8165],[75.55745,23.82227],[75.558,23.82794],[75.56149,23.83319],[75.56292,23.83331],[75.57073,23.83097],[75.57372,23.83116],[75.5763,23.83434],[75.57762,23.83784],[75.57785,23.83961],[75.5745,23.84279],[75.56863,23.84395],[75.5668,23.84618],[75.56389,23.85446],[75.56206,23.85627],[75.5586,23.85912],[75.55395,23.86148],[75.53929,23.87306],[75.53015,23.87659],[75.51813,23.88509],[75.50871,23.88697],[75.50545,23.88826],[75.50128,23.89327],[75.50093,23.89687],[75.48876,23.9072],[75.47817,23.91111],[75.4622,23.91366],[75.45779,23.91711],[75.45722,23.92181],[75.45767,23.92852],[75.45855,23.93455],[75.46191,23.94398],[75.46304,23.94978],[75.46374,23.96446],[75.46615,23.97708],[75.46861,23.98087],[75.47196,23.98354],[75.48199,23.98866],[75.48743,23.99465],[75.49065,23.99663],[75.49323,24.00086],[75.51593,24.04501],[75.5335,24.02776],[75.54423,24.02185],[75.55424,24.01898],[75.56274,24.01984],[75.56856,24.01897],[75.57336,24.01366],[75.57044,24.00087],[75.56998,23.9974],[75.57093,23.99564],[75.57539,23.99475],[75.5776,23.99689],[75.57942,23.99587],[75.58199,23.99056],[75.58546,23.98818],[75.58858,23.99188],[75.5917,23.99259],[75.59428,23.99111],[75.59908,23.99488],[75.60581,23.99252],[75.60847,23.99248],[75.61344,23.99499],[75.62644,23.99504],[75.63225,23.99589],[75.63292,23.99653],[75.63647,23.99604],[75.64022,23.99904],[75.64096,24.00084],[75.64324,24.01457],[75.6477,24.01367],[75.64995,24.01692],[75.64946,24.0194],[75.65495,24.02378],[75.66119,24.02768],[75.67106,24.02972],[75.67455,24.02707],[75.6789,24.01628],[75.68414,24.01313],[75.68766,24.01411],[75.68616,24.00081],[75.68717,23.99853],[75.68536,23.99439],[75.68591,23.98929],[75.68822,23.98673],[75.69249,23.98566],[75.69495,23.98539],[75.69799,23.98656],[75.69832,23.98369],[75.69729,23.98208],[75.69973,23.96827],[75.70029,23.96626],[75.70225,23.96524],[75.71568,23.96825],[75.72521,23.96929],[75.72704,23.97068],[75.72838,23.97493],[75.72967,23.97568],[75.73501,23.97509],[75.73743,23.97672],[75.73819,23.9785],[75.73794,23.9809],[75.74007,23.98431],[75.73932,23.99021],[75.73978,23.99148],[75.74953,23.98961],[75.75151,23.99123],[75.75729,23.99105],[75.76402,23.99408],[75.76631,23.99856],[75.76605,24.00071],[75.76614,24.00142],[75.76209,24.00456],[75.76288,24.00903],[75.76521,24.01009],[75.76984,24.0078],[75.77329,24.00833],[75.7758,24.01522],[75.77985,24.02363],[75.7823,24.03236],[75.77979,24.05324],[75.78172,24.05817],[75.79111,24.05938],[75.80942,24.06367],[75.8155,24.06769],[75.82292,24.06666],[75.83171,24.06801],[75.83596,24.07148],[75.83359,24.07316],[75.83277,24.07764],[75.8349,24.09179],[75.83811,24.10004],[75.83805,24.10739],[75.83287,24.10397],[75.8144,24.09893],[75.81056,24.10941],[75.8046,24.11437],[75.79177,24.10587],[75.78695,24.11442],[75.78534,24.11875],[75.78119,24.12069],[75.78087,24.13073],[75.77847,24.13502],[75.77532,24.1355],[75.76725,24.1327],[75.7643,24.13708],[75.76157,24.13642],[75.7456,24.13568],[75.7528,24.15772],[75.75547,24.1604],[75.76046,24.17061],[75.76109,24.17567],[75.76587,24.18583],[75.77083,24.18936],[75.77189,24.19379],[75.77006,24.20359],[75.77578,24.21692],[75.78111,24.22044],[75.7942,24.21926],[75.79765,24.22289],[75.80184,24.22524],[75.80765,24.22573],[75.81011,24.23667],[75.81296,24.23798],[75.8166,24.2356],[75.81896,24.23794],[75.82367,24.23703],[75.82874,24.23856],[75.82927,24.2424],[75.82489,24.24333],[75.82044,24.24595],[75.81505,24.25287],[75.81491,24.25665],[75.82093,24.26421],[75.81415,24.26642],[75.8153,24.27308],[75.81383,24.28071],[75.81926,24.28673],[75.81336,24.29402],[75.81542,24.29665],[75.81363,24.29943],[75.80541,24.30831],[75.79983,24.31034],[75.79241,24.30709],[75.78342,24.30463],[75.7732,24.30477],[75.76743,24.30668],[75.75861,24.32322],[75.74026,24.34399],[75.74287,24.34575],[75.74416,24.34898],[75.74414,24.35708],[75.74105,24.35727],[75.74066,24.36219],[75.74196,24.38493],[75.74096,24.39129],[75.73773,24.3904],[75.73205,24.38551],[75.72928,24.40128],[75.73069,24.4035],[75.73219,24.39961],[75.73823,24.39943],[75.74569,24.401],[75.74742,24.40307],[75.75772,24.40529],[75.7583,24.41702],[75.75887,24.42364],[75.75119,24.42439],[75.75489,24.42755],[75.77074,24.43631],[75.77821,24.44422],[75.77872,24.44983],[75.78382,24.44985],[75.78613,24.44777],[75.78831,24.45103],[75.78866,24.45435],[75.78666,24.46067],[75.78932,24.46776],[75.79371,24.47113],[75.79823,24.46904],[75.80762,24.46869],[75.81772,24.46103],[75.8191,24.45444],[75.81677,24.44401],[75.81222,24.43716],[75.81512,24.43271],[75.82672,24.42672],[75.83159,24.41844],[75.84988,24.41488],[75.86386,24.41923],[75.87791,24.42617],[75.88921,24.43281],[75.90136,24.43746],[75.90615,24.442],[75.90611,24.4498],[75.91176,24.45199],[75.91222,24.45948],[75.91008,24.46536],[75.91092,24.47398],[75.91524,24.48142],[75.91466,24.48826],[75.90958,24.49388],[75.90831,24.50116],[75.89386,24.50544],[75.89538,24.51737],[75.89978,24.5181],[75.90499,24.51786],[75.90573,24.51556],[75.9122,24.51071],[75.92492,24.5231],[75.92792,24.52922],[75.9279,24.53411],[75.92341,24.53962],[75.91961,24.5425],[75.90991,24.54629],[75.90951,24.54802],[75.9086,24.55641],[75.91072,24.56118],[75.91246,24.56033],[75.91613,24.5611],[75.91876,24.56318],[75.92031,24.56729],[75.91804,24.5704],[75.91399,24.57286],[75.90578,24.57263],[75.90062,24.57628],[75.89661,24.57749],[75.88723,24.57757],[75.87869,24.58661],[75.87957,24.59548],[75.87697,24.60294],[75.86853,24.60318],[75.86634,24.60875],[75.8554,24.61016],[75.85102,24.607],[75.84786,24.60621],[75.84515,24.5961],[75.84118,24.59155],[75.83824,24.59342],[75.84204,24.6046],[75.83095,24.60921],[75.83319,24.61579],[75.83714,24.6196],[75.84098,24.61945],[75.84573,24.62196],[75.84908,24.62725],[75.84699,24.63056],[75.84679,24.63511],[75.85171,24.64889],[75.85155,24.66038],[75.84682,24.66518],[75.83997,24.66583],[75.83105,24.66406],[75.83003,24.66734],[75.83443,24.67558],[75.8366,24.68178],[75.845,24.71327],[75.84172,24.72569],[75.83077,24.73217],[75.80841,24.7521],[75.78909,24.76137],[75.78355,24.75901],[75.77549,24.75789],[75.76255,24.76067],[75.74465,24.75625],[75.73358,24.75144],[75.72585,24.74603],[75.71453,24.74134],[75.68273,24.72377],[75.6618,24.69767],[75.63657,24.68713],[75.61585,24.68442],[75.61194,24.68599],[75.60511,24.69729],[75.58441,24.71872],[75.57146,24.71593],[75.55456,24.70982],[75.55098,24.71161],[75.55097,24.71161],[75.54365,24.71275],[75.53749,24.71609],[75.52987,24.71398],[75.5082,24.70551],[75.48575,24.69375],[75.45413,24.68937],[75.43974,24.69169],[75.42187,24.69614],[75.39857,24.70076],[75.38024,24.70259],[75.36597,24.70575],[75.35293,24.71334],[75.30633,24.71702],[75.28777,24.7222],[75.26916,24.72904],[75.26391,24.72938],[75.25141,24.72548],[75.24434,24.72682],[75.23026,24.73146],[75.2259,24.73183],[75.22323,24.72983],[75.22118,24.71943],[75.21874,24.71878],[75.20371,24.74252],[75.2,24.75329],[75.19743,24.7564],[75.18864,24.75672],[75.18738,24.75944],[75.18733,24.76445],[75.18948,24.76647],[75.19133,24.77104],[75.19414,24.78514],[75.19717,24.7861],[75.20457,24.78518],[75.20545,24.78884],[75.20457,24.79267],[75.20546,24.79806],[75.20832,24.8063],[75.21931,24.81682],[75.22442,24.81531],[75.23859,24.81658],[75.24333,24.81576],[75.24871,24.81817],[75.25149,24.82271],[75.25356,24.82854],[75.25394,24.83348],[75.25172,24.83713],[75.24818,24.8405],[75.24306,24.84318],[75.23579,24.84296],[75.22973,24.8441],[75.2275,24.84739],[75.22801,24.8512],[75.2237,24.85454],[75.22048,24.85584],[75.21237,24.86778],[75.20869,24.87546],[75.20332,24.88056],[75.20488,24.88446],[75.2081,24.88796],[75.21023,24.89411],[75.20946,24.901],[75.21022,24.90636],[75.21469,24.90641],[75.22126,24.90284],[75.22342,24.89914],[75.22173,24.88855],[75.22546,24.88637],[75.23265,24.89075],[75.2382,24.89563],[75.24332,24.89895],[75.24648,24.89835],[75.24984,24.89623],[75.25205,24.892],[75.25006,24.87721],[75.23871,24.86722],[75.22939,24.85549],[75.23154,24.85382],[75.23608,24.85463],[75.24373,24.85726],[75.24974,24.85583],[75.25441,24.85582],[75.26187,24.85383],[75.27333,24.85265],[75.28105,24.84978],[75.28593,24.84631],[75.29251,24.83719],[75.29632,24.82666],[75.29981,24.82264],[75.30051,24.81618],[75.30259,24.81152],[75.30784,24.8096],[75.31512,24.8098],[75.32196,24.81405],[75.32576,24.82021],[75.3324,24.82796],[75.33962,24.82994],[75.34626,24.82901],[75.35728,24.83363],[75.36621,24.83872],[75.40199,24.85107],[75.41288,24.85739],[75.41947,24.86005],[75.41966,24.86475],[75.42301,24.87347],[75.423,24.87777],[75.42665,24.88888],[75.41658,24.88915],[75.40993,24.88806],[75.40106,24.88451],[75.37427,24.87416],[75.35235,24.88118],[75.33758,24.8829],[75.3282,24.88324],[75.32346,24.8789],[75.31987,24.87139],[75.31348,24.86571],[75.3012,24.86652],[75.29626,24.86764],[75.29024,24.87595],[75.28142,24.88083],[75.27478,24.88322],[75.26719,24.88447],[75.26357,24.88596],[75.26179,24.89613],[75.26291,24.90163],[75.26639,24.90361],[75.26919,24.9105],[75.27388,24.91415],[75.27629,24.91333],[75.27704,24.91061],[75.28014,24.90936],[75.28085,24.91377],[75.28456,24.91882],[75.28702,24.91908],[75.29012,24.9168],[75.29413,24.91718],[75.29528,24.91944],[75.2934,24.92122],[75.29011,24.92252],[75.28711,24.93339],[75.27801,24.93655],[75.27945,24.94417],[75.27386,24.94569],[75.27221,24.95255],[75.26854,24.9582],[75.27067,24.96181],[75.27374,24.96449],[75.27816,24.973],[75.28762,24.97295],[75.28782,24.96038],[75.29042,24.95889],[75.29004,24.95589],[75.29206,24.95237],[75.29271,24.94828],[75.29656,24.94496],[75.30245,24.94307],[75.30495,24.93941],[75.30578,24.93643],[75.30454,24.93113],[75.30541,24.92685],[75.30836,24.92522],[75.3106,24.92253],[75.3144,24.90731],[75.31432,24.89616],[75.3161,24.89668],[75.31978,24.90347],[75.32771,24.93432],[75.33106,24.94185],[75.3366,24.94683],[75.33984,24.95931],[75.33777,24.96093],[75.33607,24.96365],[75.33364,24.97228],[75.32871,24.97238],[75.32547,24.97846],[75.32445,24.98583],[75.32442,24.99235],[75.32549,24.99712],[75.32134,25.00273],[75.32489,25.00961],[75.33191,25.01383],[75.34555,25.01849],[75.35308,25.02102],[75.35403,25.02134],[75.35609,25.02491],[75.35254,25.02945],[75.35673,25.03355],[75.35211,25.03791],[75.34807,25.03899],[75.33862,25.04108],[75.3251,25.04045],[75.31293,25.0423],[75.30255,25.04025],[75.29494,25.03912],[75.28063,25.04096],[75.2683,25.03935],[75.25794,25.03632],[75.24687,25.03622],[75.23981,25.03822],[75.22934,25.03485],[75.22046,25.03776],[75.20769,25.03875],[75.20577,25.03517],[75.20277,25.03084],[75.19729,25.03387],[75.1966,25.03405],[75.18749,25.03889],[75.18425,25.04395],[75.17595,25.05017],[75.1691,25.04058],[75.16127,25.04186],[75.15839,25.03183],[75.1568,25.02527],[75.16131,25.02046],[75.16736,25.0187],[75.1707,25.00957],[75.16886,25.00249],[75.16647,24.98805],[75.16295,24.98401],[75.15418,24.98509],[75.14308,24.98044],[75.1458,24.97834],[75.14887,24.97599],[75.13552,24.97167],[75.13552,24.97167],[75.12178,24.97221],[75.12103,24.97119],[75.11728,24.95758],[75.11761,24.9501],[75.11965,24.94279],[75.12129,24.9146],[75.11681,24.9083],[75.11956,24.90161],[75.12128,24.89229],[75.12071,24.8855],[75.11681,24.8836],[75.09188,24.87622],[75.09012,24.87759],[75.0888,24.87996],[75.08841,24.88308],[75.08344,24.88564],[75.07527,24.88381],[75.06791,24.87492],[75.06488,24.87399],[75.06098,24.87784],[75.05804,24.87847],[75.05798,24.87743],[75.06048,24.87424],[75.06154,24.87125],[75.05883,24.86758],[75.05276,24.86143],[75.04504,24.85578],[75.03573,24.85515],[75.03138,24.8571],[75.02108,24.8635],[75.01668,24.86678],[75.01422,24.87066],[75.01422,24.87066],[74.99925,24.8732],[74.99259,24.8716],[74.98906,24.87258],[74.98573,24.87425],[74.98573,24.87425],[74.97888,24.8741],[74.97326,24.87202],[74.96504,24.87073],[74.95783,24.8716],[74.94628,24.87457],[74.95194,24.88663],[74.95172,24.88962],[74.95023,24.89146],[74.94771,24.89058],[74.9412,24.89015],[74.93695,24.89189],[74.93224,24.89066],[74.93098,24.88457],[74.92514,24.88876],[74.92096,24.89153],[74.91395,24.89579],[74.90831,24.90387],[74.91246,24.91998],[74.91442,24.92508],[74.90578,24.92682],[74.90413,24.93139],[74.902,24.93645],[74.89138,24.93816],[74.88615,24.94649],[74.88057,24.94553],[74.8787,24.93613],[74.8686,24.93369],[74.86713,24.94002],[74.86529,24.94432],[74.86495,24.95405],[74.86354,24.9626],[74.85463,24.97149],[74.84776,24.97107],[74.83409,24.96424],[74.83199,24.95871],[74.83251,24.95411],[74.82762,24.94902],[74.82632,24.9427],[74.82553,24.93691],[74.82492,24.92531],[74.82541,24.91162],[74.8284,24.89594],[74.8364,24.89383],[74.84069,24.88967],[74.84143,24.87735],[74.84363,24.87176],[74.84692,24.86889],[74.85418,24.85711],[74.85715,24.84999],[74.85715,24.84999],[74.85731,24.84395],[74.85873,24.83977],[74.86026,24.82578],[74.85867,24.81462],[74.85417,24.81231],[74.84715,24.81164],[74.83869,24.80527],[74.84194,24.80022],[74.85005,24.78945],[74.85261,24.78945],[74.85912,24.7914],[74.86066,24.79632],[74.8598,24.80984],[74.87145,24.80882],[74.8793,24.80993],[74.88179,24.80472],[74.88591,24.79918],[74.89321,24.79584],[74.89871,24.79594],[74.90645,24.79418],[74.91125,24.78494],[74.91824,24.78389],[74.92337,24.78514],[74.93075,24.79217],[74.93987,24.79147],[74.94729,24.78839],[74.95681,24.7891],[74.96296,24.78782],[74.97178,24.78751],[74.99146,24.79044],[74.99979,24.79431],[75.00856,24.79266],[75.01443,24.7904],[75.01778,24.78255],[75.01943,24.77732],[75.02154,24.77104],[75.02287,24.76945],[75.02287,24.76943],[75.02283,24.76685],[75.02279,24.76374],[75.02169,24.74935],[74.99849,24.75083],[74.99483,24.74935],[74.99341,24.74043],[74.99213,24.73039],[74.99347,24.72489],[74.99657,24.71277],[74.99798,24.71261],[75.00077,24.71041],[75.0017,24.70718],[75.00124,24.70511],[74.9979,24.70346],[74.99503,24.70242],[74.99176,24.70298],[74.96538,24.69712],[74.96344,24.6975],[74.96613,24.6912],[74.96114,24.68542],[74.96116,24.68339],[74.96227,24.68276],[74.96305,24.68037],[74.9632,24.67624],[74.9624,24.67556],[74.96047,24.67657],[74.95958,24.67783],[74.95851,24.67936],[74.95318,24.67314],[74.95386,24.67053],[74.95323,24.66699],[74.9442,24.66559],[74.94299,24.66351],[74.94505,24.65898],[74.94403,24.65708],[74.94034,24.65841],[74.93965,24.65787],[74.93833,24.65685],[74.93592,24.65855],[74.93059,24.65588],[74.92098,24.65514],[74.91589,24.65614],[74.91412,24.65713],[74.91073,24.65716],[74.90964,24.65832],[74.90673,24.65708],[74.90355,24.65305],[74.89806,24.6623],[74.8946,24.66061],[74.89459,24.65773],[74.89558,24.6549],[74.89389,24.65211],[74.88897,24.65448],[74.88123,24.66478],[74.87872,24.66255],[74.87606,24.66426],[74.87447,24.66626],[74.87373,24.67269],[74.8708,24.67557],[74.86796,24.6873],[74.86626,24.68885],[74.86351,24.68913],[74.86086,24.69068],[74.8596,24.69897],[74.85742,24.70197],[74.85502,24.70091],[74.85567,24.69851],[74.85635,24.69602],[74.85534,24.69351],[74.85285,24.69339],[74.85088,24.69545],[74.85074,24.70313],[74.84989,24.70552],[74.84989,24.70553],[74.83592,24.72882],[74.83034,24.74272],[74.81959,24.76217],[74.81604,24.77828],[74.8109,24.79324],[74.80638,24.79292],[74.80039,24.7925],[74.79952,24.7874],[74.80219,24.78354],[74.80294,24.76339],[74.80417,24.7517],[74.80079,24.74857],[74.79353,24.74704],[74.78704,24.74379],[74.78099,24.73963],[74.78232,24.73773],[74.78479,24.72723],[74.78933,24.7249],[74.7906,24.72351],[74.78849,24.71881],[74.78406,24.71511],[74.78534,24.70952],[74.78476,24.70639],[74.78178,24.70197],[74.78055,24.69755],[74.77818,24.69358],[74.77874,24.69011],[74.77615,24.68462],[74.77692,24.68295],[74.78657,24.67681],[74.79033,24.67582],[74.79285,24.67845],[74.79323,24.68119],[74.79323,24.68119],[74.8106,24.68338],[74.81428,24.683],[74.81869,24.67677],[74.81868,24.67331],[74.81802,24.66852],[74.81575,24.66662],[74.81229,24.66849],[74.80963,24.66681],[74.80583,24.65642],[74.80325,24.65379],[74.8002,24.65344],[74.7958,24.65157],[74.79386,24.64844],[74.79434,24.64632],[74.79222,24.64229],[74.78425,24.63365],[74.78563,24.62619],[74.7886,24.61767],[74.78815,24.61448],[74.79134,24.61428],[74.7909,24.60764],[74.7871,24.607],[74.78252,24.60407],[74.77799,24.6023],[74.77136,24.60275],[74.76088,24.59831],[74.75665,24.59761],[74.74865,24.59374],[74.74734,24.58993],[74.75097,24.5856],[74.7522,24.58304],[74.75443,24.57532],[74.75614,24.56792],[74.75614,24.56792],[74.75762,24.56059],[74.75697,24.55682],[74.75808,24.55375],[74.75736,24.55155],[74.75295,24.54933],[74.74915,24.54868],[74.7482,24.54463],[74.75021,24.53949],[74.7483,24.53318],[74.72911,24.53177],[74.72396,24.52813],[74.71619,24.51982],[74.71242,24.50794],[74.71339,24.50622],[74.71357,24.50615],[74.71603,24.50523],[74.72419,24.50738],[74.72769,24.50775],[74.73133,24.507],[74.73555,24.50059],[74.75117,24.48895],[74.75785,24.48576],[74.76136,24.48551],[74.76676,24.48758],[74.77385,24.48203],[74.77957,24.48029],[74.78211,24.48178],[74.78555,24.4868],[74.79251,24.49016],[74.79658,24.49014],[74.80228,24.48896],[74.80866,24.48992],[74.81148,24.48888],[74.81517,24.48908],[74.81751,24.48803],[74.82306,24.48466],[74.82306,24.48466],[74.82486,24.48041],[74.82536,24.47609],[74.82075,24.46977],[74.81889,24.45882],[74.83443,24.45727],[74.83718,24.46223],[74.84154,24.46407],[74.84524,24.46275],[74.85005,24.46347],[74.85139,24.46566],[74.85482,24.46703],[74.85886,24.46415],[74.85766,24.46011],[74.85889,24.45237],[74.8582,24.44833],[74.85459,24.44634],[74.84841,24.4404],[74.84652,24.43757],[74.83578,24.42638],[74.82761,24.42047],[74.82782,24.41369],[74.82782,24.41369],[74.82697,24.40756],[74.82581,24.4052],[74.81533,24.40757],[74.81285,24.40604],[74.80592,24.39235],[74.80277,24.38425],[74.79881,24.38106],[74.79361,24.37306],[74.78879,24.36869],[74.78742,24.36857],[74.78504,24.36428],[74.7821,24.35529],[74.78316,24.35159],[74.78661,24.34573],[74.78674,24.3408],[74.78417,24.33303],[74.78352,24.31637],[74.78402,24.31688],[74.78518,24.31807],[74.78399,24.31373],[74.76735,24.30142],[74.75772,24.29319],[74.75326,24.28637],[74.75304,24.27964],[74.75503,24.27595],[74.76373,24.27181],[74.76673,24.27039],[74.7728,24.26893],[74.77998,24.26956],[74.7906,24.26881],[74.7906,24.26881],[74.81552,24.27392],[74.82002,24.27317],[74.82618,24.27019],[74.83307,24.26846],[74.83932,24.26812],[74.84433,24.26704],[74.85377,24.26684],[74.85704,24.26906],[74.86022,24.26985],[74.86239,24.27039],[74.86303,24.27055],[74.8645,24.27081],[74.8645,24.27081],[74.87021,24.27755],[74.87593,24.27486],[74.88584,24.26557],[74.88957,24.26366],[74.89482,24.25849],[74.89751,24.24599],[74.90457,24.2427],[74.90507,24.24249],[74.90598,24.24212],[74.90779,24.23762],[74.90636,24.23054],[74.90321,24.22783],[74.89872,24.2259],[74.89018,24.22372],[74.88717,24.22176],[74.8806,24.21332],[74.88154,24.21035],[74.89771,24.18388],[74.89809,24.1792],[74.89989,24.17527],[74.90075,24.17113],[74.90075,24.17113],[74.92064,24.15966],[74.92191,24.15707],[74.92795,24.15396],[74.92395,24.14609],[74.92509,24.14204],[74.93711,24.13578],[74.93941,24.12468],[74.9366,24.12057],[74.93957,24.1179],[74.95533,24.10883],[74.95997,24.10687],[74.96135,24.10228],[74.96121,24.09094],[74.9623,24.08642],[74.96559,24.0795],[74.97201,24.07464],[74.97672,24.07278],[74.97986,24.06879],[74.98164,24.03781],[74.99081,24.0302],[74.99341,24.02647],[74.99279,24.02],[74.9882,24.01111],[74.98018,24.00668],[74.97258,24.00042],[74.97325,23.98784],[74.96899,23.97653],[74.96365,23.97048],[74.94169,23.95736],[74.93782,23.95292],[74.9317,23.94367],[74.93131,23.94176],[74.93003,23.93782],[74.92448,23.93547],[74.92147,23.93258],[74.92377,23.92613],[74.92353,23.92178],[74.91756,23.91444],[74.91472,23.90935],[74.91395,23.90024],[74.91057,23.8854],[74.90729,23.87364],[74.90571,23.87081],[74.90522,23.86501],[74.9069,23.85328],[74.91026,23.84903],[74.91315,23.84676],[74.91583,23.84257],[74.91327,23.83353],[74.91189,23.80952],[74.91029,23.79775],[74.91498,23.7961],[74.92761,23.79523],[74.92992,23.7911],[74.93785,23.7736],[74.93946,23.76756],[74.9399,23.76274],[74.93184,23.75501],[74.93188,23.75332],[74.93805,23.73978],[74.94051,23.73177],[74.9319,23.72525],[74.92413,23.71607],[74.92277,23.71079],[74.9229,23.69351],[74.91729,23.68907],[74.91026,23.68492],[74.90741,23.67977],[74.90971,23.67385],[74.92404,23.66543],[74.92821,23.6501],[74.93044,23.64516],[74.9388,23.64012],[74.94016,23.63385],[74.93954,23.6273],[74.92765,23.62132],[74.9217,23.61927],[74.90929,23.62113],[74.90575,23.61992],[74.89773,23.60917],[74.88573,23.60342],[74.88459,23.6003],[74.87901,23.59296],[74.87696,23.5914],[74.87419,23.58712],[74.87462,23.58056],[74.87223,23.57523],[74.86892,23.57182],[74.86129,23.56937],[74.85854,23.56653],[74.85101,23.55444],[74.84491,23.55123],[74.83705,23.55027],[74.82954,23.54659],[74.81864,23.53788],[74.81518,23.5367],[74.8117,23.53552],[74.80227,23.53115],[74.79812,23.53755],[74.79571,23.54336],[74.79146,23.54575],[74.78435,23.54514],[74.77336,23.54043],[74.77003,23.5329],[74.76319,23.52185],[74.75631,23.51932],[74.74158,23.51665],[74.73696,23.50396],[74.73283,23.49771],[74.72502,23.49565],[74.7179,23.50078],[74.71001,23.50283],[74.69974,23.5009],[74.68645,23.49305],[74.6868,23.48945],[74.68274,23.48383],[74.67994,23.48233],[74.67346,23.48293],[74.66832,23.48115],[74.66305,23.47061],[74.65787,23.46408],[74.65364,23.46171],[74.65116,23.46067],[74.6353,23.46136],[74.62583,23.45929],[74.61218,23.45869],[74.61208,23.45497],[74.61192,23.44888],[74.59718,23.42712],[74.59017,23.4225],[74.57835,23.4198],[74.57268,23.41992],[74.57179,23.41662],[74.57103,23.38072],[74.56933,23.37516],[74.56381,23.37262],[74.5588,23.3619],[74.55435,23.3604],[74.54435,23.36124],[74.54222,23.35643],[74.54121,23.33614],[74.53686,23.33144],[74.51871,23.32916],[74.51671,23.3262],[74.51765,23.31942],[74.51925,23.31907],[74.52877,23.3216],[74.5321,23.32049],[74.53294,23.31782],[74.53264,23.31144],[74.53409,23.30698],[74.53906,23.30256],[74.54235,23.29751],[74.547,23.28421],[74.55191,23.27997],[74.55668,23.28275],[74.56055,23.28953],[74.56584,23.29589],[74.57042,23.29831],[74.57582,23.29477],[74.58528,23.28187],[74.5912,23.28099],[74.59761,23.28103],[74.60527,23.28275],[74.61389,23.28198],[74.6209,23.27871],[74.62517,23.27337],[74.62818,23.26321],[74.63075,23.26076],[74.6449,23.25707],[74.65089,23.25816],[74.66522,23.26844],[74.67185,23.27219],[74.67925,23.27257],[74.69994,23.26943],[74.70039,23.26404],[74.70213,23.25893],[74.70907,23.25543],[74.71371,23.25025],[74.71735,23.24328],[74.72096,23.23979],[74.71203,23.23361],[74.70257,23.23045],[74.69427,23.2259],[74.69373,23.22039],[74.69833,23.21765],[74.70134,23.217],[74.71165,23.21865],[74.71773,23.21672],[74.7231,23.2174],[74.73176,23.22102],[74.73879,23.22589],[74.73938,23.2263],[74.73982,23.2266],[74.74466,23.22996],[74.7497,23.22763],[74.74488,23.21263],[74.74454,23.20937],[74.73359,23.20368],[74.71989,23.19427],[74.71426,23.19197],[74.68624,23.19403],[74.66779,23.19884],[74.66394,23.1956],[74.65844,23.18524],[74.65333,23.1794],[74.6405,23.17004],[74.62417,23.16034],[74.61626,23.14935],[74.6126,23.14576],[74.60646,23.14224],[74.59561,23.13943],[74.58698,23.13892],[74.57841,23.13744],[74.57193,23.13467],[74.56433,23.13271],[74.54393,23.12957],[74.54573,23.11599],[74.54471,23.11032],[74.54084,23.10441],[74.53361,23.09903],[74.52139,23.09645],[74.5117,23.09345],[74.51037,23.08638],[74.48943,23.08595],[74.46521,23.08286],[74.45618,23.08467],[74.44335,23.09055],[74.43722,23.09571],[74.43105,23.10332],[74.42397,23.10367],[74.41672,23.10612],[74.41193,23.10862],[74.40467,23.10944],[74.38898,23.10968],[74.38545,23.10812],[74.36467,23.09324],[74.3588,23.08803],[74.3572,23.07823],[74.35274,23.07353],[74.34551,23.06855],[74.33687,23.06473],[74.32032,23.06046],[74.31582,23.06503],[74.31305,23.06991],[74.3077,23.07733],[74.30145,23.08168],[74.28425,23.08952],[74.28002,23.09282],[74.27826,23.09879],[74.27952,23.10424],[74.28567,23.11654],[74.28244,23.12239],[74.27705,23.12778],[74.27516,23.13178],[74.27414,23.13759],[74.26936,23.15382],[74.2646,23.16379],[74.2594,23.16942],[74.25454,23.17255],[74.24992,23.174],[74.24729,23.17627],[74.24354,23.1861],[74.23449,23.18056],[74.22679,23.18189],[74.20495,23.18994],[74.20155,23.18698],[74.19746,23.18164],[74.19147,23.17648],[74.18687,23.16976],[74.18645,23.15583],[74.1839,23.15045],[74.18027,23.15015],[74.16218,23.15443],[74.15791,23.1535],[74.15239,23.15571],[74.14567,23.17002],[74.1429,23.17321],[74.13336,23.1757],[74.12769,23.17564],[74.12418,23.17685],[74.12163,23.186],[74.12171,23.18844],[74.11968,23.18957],[74.12069,23.1997],[74.1219,23.20457],[74.13115,23.21316],[74.13235,23.21804],[74.13674,23.22479],[74.13592,23.22889],[74.13607,23.23434],[74.1338,23.24277],[74.1334,23.26269],[74.13109,23.26743],[74.12719,23.27069],[74.11584,23.27336],[74.11115,23.27535],[74.10833,23.28372],[74.10385,23.29213],[74.09892,23.29376],[74.08696,23.29602],[74.07371,23.29623],[74.04583,23.29313],[74.04156,23.29418],[74.0468,23.30517],[74.04481,23.30903],[74.03849,23.30509],[74.03468,23.30384],[74.03304,23.31071],[74.02716,23.31805],[74.02978,23.33045],[74.0207,23.331],[74.00087,23.33434],[73.98778,23.33579],[73.98396,23.3394],[73.9815,23.34762],[73.98051,23.35801],[73.97592,23.36601],[73.96805,23.37532],[73.95946,23.37959],[73.9539,23.37585],[73.94424,23.37174],[73.94064,23.36457],[73.94074,23.35183],[73.93952,23.34417],[73.93578,23.33966],[73.92468,23.33614],[73.91079,23.33425],[73.89798,23.33421],[73.891,23.33544],[73.89169,23.35089],[73.88795,23.35691],[73.87619,23.36643],[73.87381,23.37666],[73.86352,23.39411],[73.85418,23.40314],[73.83317,23.42907],[73.83353,23.43851],[73.82885,23.44513],[73.8236,23.44524],[73.79078,23.43401],[73.77965,23.43308],[73.77442,23.4408],[73.77051,23.44435],[73.76758,23.45106],[73.76128,23.45706],[73.75719,23.45531],[73.75311,23.44808],[73.74784,23.44097],[73.7304,23.42344],[73.7252,23.41684],[73.72359,23.41347],[73.72252,23.41122],[73.71667,23.4134],[73.71358,23.41741],[73.70992,23.43226],[73.70597,23.44308],[73.70059,23.45437],[73.69031,23.45751],[73.67822,23.45571],[73.66497,23.45058],[73.65705,23.44592],[73.64941,23.43917],[73.63426,23.44904],[73.6289,23.4511],[73.63686,23.47174],[73.6401,23.49547],[73.64118,23.49742],[73.64889,23.4996],[73.65474,23.50278],[73.65479,23.51281],[73.65367,23.51485],[73.64854,23.52007],[73.6333,23.52983],[73.63347,23.54672],[73.63462,23.56125],[73.63926,23.5683],[73.64619,23.57401],[73.64763,23.57954],[73.64516,23.58935],[73.64448,23.59733],[73.64645,23.60636],[73.65725,23.62155],[73.6469,23.62556],[73.63873,23.62995],[73.62941,23.63723],[73.61545,23.65014],[73.60496,23.65305],[73.5736,23.65416],[73.56706,23.65231],[73.5492,23.63019],[73.5376,23.62151],[73.52837,23.61241],[73.52283,23.60951],[73.50956,23.61572],[73.50633,23.61961],[73.50177,23.62777],[73.49718,23.63277],[73.49744,23.63438],[73.50456,23.63831],[73.50774,23.64399],[73.49664,23.64967],[73.50334,23.65665],[73.50394,23.66155],[73.50711,23.67231],[73.50742,23.679],[73.50656,23.69589],[73.50474,23.70225],[73.49813,23.70558],[73.48176,23.70397],[73.47541,23.70795],[73.47275,23.72001],[73.46903,23.72477],[73.45889,23.73331],[73.45104,23.73874],[73.44741,23.74787],[73.44694,23.75162],[73.42828,23.76114],[73.42374,23.7655],[73.41657,23.77841],[73.40957,23.78019],[73.4047,23.7827],[73.39605,23.7831],[73.38993,23.7776],[73.38584,23.7684],[73.37184,23.76584],[73.36728,23.77705],[73.36363,23.78284],[73.35859,23.78663],[73.35705,23.79085],[73.35879,23.79694],[73.36643,23.81357],[73.36869,23.8211],[73.36795,23.83126],[73.36555,23.83773],[73.35589,23.85382],[73.35814,23.86107],[73.36215,23.86827],[73.36735,23.87504],[73.3731,23.88797],[73.37854,23.89417],[73.38271,23.90493],[73.39235,23.91594],[73.39851,23.91735],[73.40402,23.91523],[73.41645,23.92249],[73.4198,23.92668],[73.42103,23.93014],[73.41674,23.93555],[73.4155,23.9529],[73.41788,23.97376],[73.416,23.98176],[73.41038,23.98754],[73.40147,23.98967],[73.40705,23.99745],[73.40725,24.00167],[73.4057,24.01497],[73.40795,24.02429],[73.40789,24.03396],[73.41029,24.05018],[73.4007,24.06433],[73.39311,24.07167],[73.38176,24.07876],[73.37629,24.08333],[73.37124,24.08626],[73.36609,24.08718],[73.36613,24.11169],[73.37002,24.12733],[73.35729,24.11332],[73.33922,24.11509],[73.33159,24.11439],[73.32827,24.10329],[73.33088,24.08185],[73.32884,24.07295],[73.32286,24.06179],[73.31473,24.05609],[73.30765,24.05392],[73.30305,24.05077],[73.29409,24.03611],[73.28717,24.02675],[73.27887,24.02819],[73.27141,24.0274],[73.25996,24.01951],[73.2524,24.0126],[73.24854,24.01055],[73.2418,24.01017],[73.23856,24.01225],[73.23629,24.01778],[73.23111,24.01958],[73.22536,24.02351],[73.2253,24.0276],[73.21923,24.03189],[73.20405,24.03901],[73.19656,24.04479],[73.19486,24.05101],[73.19703,24.05694],[73.20509,24.06616],[73.20967,24.0753],[73.21042,24.07971],[73.21275,24.08477],[73.21645,24.0888],[73.21871,24.09301],[73.21988,24.09772],[73.21186,24.10122],[73.20833,24.10366],[73.19604,24.10794],[73.19361,24.11035],[73.18986,24.10474],[73.1879,24.10612],[73.18287,24.10728],[73.16769,24.11093],[73.16351,24.1159],[73.15709,24.11971],[73.1514,24.12152],[73.14306,24.12221],[73.13435,24.12776],[73.11925,24.14003],[73.11,24.13832],[73.11239,24.1526],[73.10891,24.15753],[73.09829,24.16498],[73.08679,24.17508],[73.07851,24.1848],[73.07715,24.19167],[73.07782,24.19647],[73.0831,24.20061],[73.08764,24.22069],[73.09716,24.22305],[73.10197,24.22592],[73.10547,24.22923],[73.10719,24.23086],[73.10252,24.23207],[73.10216,24.23217],[73.0979,24.23463],[73.0969,24.2375],[73.10175,24.24408],[73.1029,24.24873],[73.10591,24.25375],[73.11214,24.26235],[73.13511,24.27976],[73.14007,24.29918],[73.14117,24.30755],[73.1475,24.31047],[73.15418,24.30752],[73.1696,24.30069],[73.17694,24.30112],[73.18114,24.30872],[73.18281,24.31979],[73.1825,24.3266],[73.18342,24.33456],[73.18937,24.34318],[73.19436,24.33935],[73.19784,24.33368],[73.20752,24.33379],[73.21295,24.35001],[73.22216,24.356],[73.22805,24.36418],[73.20751,24.37499],[73.19723,24.36638],[73.18683,24.35537],[73.1766,24.3503],[73.16634,24.35032],[73.15836,24.35235],[73.1509,24.35611],[73.14166,24.36276],[73.13362,24.36416],[73.12368,24.36857],[73.11492,24.3755],[73.10748,24.38659],[73.10495,24.38725],[73.09449,24.38533],[73.08119,24.39432],[73.08065,24.3975],[73.08487,24.39993],[73.08699,24.40861],[73.08933,24.41296],[73.09304,24.41703],[73.10258,24.42013],[73.10467,24.42612],[73.10519,24.43221],[73.10298,24.44518],[73.10405,24.45162],[73.1036,24.45663],[73.09494,24.47244],[73.09535,24.49132],[73.0908,24.49458],[73.08022,24.49008],[73.07122,24.48257],[73.06641,24.48077],[73.06347,24.47448],[73.05357,24.47255],[73.04965,24.46643],[73.0473,24.4652],[73.02941,24.46368],[73.02339,24.46511],[73.01804,24.46512],[73.00897,24.48243],[73.00293,24.47632],[72.99647,24.47068],[72.99411,24.4681],[72.98517,24.45708],[72.97704,24.45115],[72.97928,24.44039],[72.98534,24.4328],[72.98662,24.42096],[72.97533,24.40573],[72.96837,24.40204],[72.96006,24.39233],[72.95913,24.38386],[72.96198,24.38316],[72.97052,24.38353],[72.97719,24.38014],[72.98339,24.37518],[72.98792,24.36825],[72.98735,24.36401],[72.97333,24.35892],[72.96119,24.35123],[72.95757,24.34889],[72.94173,24.33943],[72.92945,24.33637],[72.92469,24.33285],[72.91955,24.32652],[72.91671,24.32745],[72.91119,24.33303],[72.90565,24.34074],[72.89618,24.35172],[72.87987,24.36116],[72.86366,24.36615],[72.84919,24.36638],[72.83451,24.36519],[72.82469,24.36542],[72.81073,24.35867],[72.78857,24.36068],[72.7681,24.36132],[72.74389,24.35816],[72.73445,24.3595],[72.72768,24.36194],[72.71262,24.37626],[72.70177,24.39208],[72.68861,24.42007],[72.68783,24.44223],[72.69275,24.45342],[72.69249,24.458],[72.68825,24.46096],[72.6798,24.46002],[72.66958,24.45781],[72.65376,24.45732],[72.6344,24.4624],[72.59912,24.47014],[72.58345,24.47358],[72.57731,24.47855],[72.56917,24.48926],[72.55404,24.49579],[72.54671,24.50152],[72.54261,24.50678],[72.53946,24.50806],[72.53701,24.50608],[72.51351,24.47425],[72.50858,24.46583],[72.5064,24.44866],[72.49521,24.4516],[72.49903,24.43218],[72.50459,24.41961],[72.50227,24.4112],[72.49554,24.40863],[72.48194,24.40674],[72.45912,24.4085],[72.45822,24.42234],[72.45574,24.42825],[72.45209,24.43427],[72.45071,24.43955],[72.44064,24.44972],[72.43114,24.46199],[72.43314,24.48055],[72.44012,24.48921],[72.44273,24.49478],[72.44018,24.50109],[72.43706,24.50573],[72.43056,24.50686],[72.42053,24.50986],[72.41563,24.50961],[72.39214,24.50188],[72.38493,24.50047],[72.38072,24.50214],[72.36529,24.53045],[72.36928,24.53162],[72.36967,24.53331],[72.36863,24.53522],[72.36836,24.53904],[72.36301,24.53822],[72.35987,24.54104],[72.356,24.54503],[72.35236,24.55424],[72.34299,24.55525],[72.33767,24.55674],[72.33495,24.55929],[72.32925,24.56048],[72.32798,24.55764],[72.33136,24.54594],[72.32674,24.54424],[72.29605,24.54245],[72.28932,24.54034],[72.28759,24.5419],[72.28814,24.54682],[72.28614,24.55238],[72.28593,24.5572],[72.28428,24.5602],[72.27931,24.55937],[72.26583,24.55213],[72.24516,24.5822],[72.27098,24.60115],[72.27355,24.60197],[72.28737,24.59901],[72.29467,24.60206],[72.29894,24.59917],[72.30328,24.59275],[72.30838,24.58726],[72.31223,24.58681],[72.32039,24.58869],[72.33667,24.59531],[72.33996,24.60123],[72.34365,24.60408],[72.3435,24.61377],[72.34464,24.61644],[72.34763,24.61801],[72.34834,24.61987],[72.34253,24.6231],[72.33471,24.6248],[72.32547,24.61371],[72.31818,24.61078],[72.30948,24.61075],[72.30372,24.61386],[72.30059,24.61687],[72.29407,24.61812],[72.28802,24.61513],[72.26909,24.62423],[72.26847,24.62413],[72.25488,24.62277],[72.24847,24.62344],[72.24316,24.62284],[72.23626,24.62542],[72.22784,24.63293],[72.22418,24.635],[72.21051,24.62237],[72.20508,24.62118],[72.2024,24.61943],[72.20473,24.61474],[72.20106,24.61426],[72.19553,24.61836],[72.17992,24.61168],[72.16959,24.61499],[72.15937,24.61681],[72.15564,24.61813],[72.15497,24.62178],[72.14755,24.63346],[72.14469,24.63646],[72.13989,24.63725],[72.12866,24.63621],[72.11918,24.63408],[72.11488,24.63441],[72.11041,24.63583],[72.09568,24.64585],[72.08473,24.65123],[72.07869,24.65531],[72.07931,24.66129],[72.07625,24.67105],[72.08619,24.67731],[72.07916,24.69959],[72.07347,24.70295],[72.04631,24.70848],[72.03465,24.69819],[72.02536,24.69456],[72.00094,24.6888],[71.99471,24.68581],[71.98766,24.68041],[71.98343,24.66991],[71.98693,24.65956],[71.98678,24.65598],[71.98428,24.65425],[71.97632,24.65374],[71.97261,24.64984],[71.96082,24.64087],[71.95558,24.64139],[71.94415,24.63555],[71.94077,24.63057],[71.9375,24.62977],[71.9328,24.6306],[71.92778,24.62986],[71.92128,24.63685],[71.91205,24.64928],[71.91052,24.65398],[71.91467,24.6553],[71.91738,24.65755],[71.9193,24.66177],[71.91927,24.66514],[71.91341,24.67043],[71.9054,24.67272],[71.89745,24.67218],[71.88704,24.66892],[71.8842,24.67327],[71.87455,24.67889],[71.86967,24.67838],[71.86428,24.67546],[71.85811,24.66617],[71.85588,24.65801],[71.85566,24.65274],[71.86091,24.63325],[71.86174,24.62671],[71.85773,24.62279],[71.85396,24.61731],[71.85137,24.60742],[71.84851,24.60935],[71.83955,24.61815],[71.83156,24.6197],[71.8143,24.61996],[71.80843,24.62173],[71.80463,24.62522],[71.80441,24.62934],[71.8055,24.63594],[71.81033,24.64928],[71.80805,24.65809],[71.8059,24.6643],[71.80211,24.66936],[71.79756,24.67251],[71.79194,24.67399],[71.78386,24.67362],[71.77742,24.67238],[71.7511,24.66389],[71.7385,24.65792],[71.73005,24.6571],[71.70897,24.65807],[71.67851,24.64366],[71.66224,24.64043],[71.65397,24.63717],[71.64268,24.64388],[71.64363,24.64711],[71.64077,24.65037],[71.63735,24.65652],[71.63298,24.66007],[71.62655,24.66207],[71.62312,24.66659],[71.61949,24.66597],[71.61575,24.6683],[71.61319,24.67104],[71.6107,24.67244],[71.60895,24.67476],[71.60237,24.67264],[71.59717,24.66965],[71.5901,24.668],[71.58472,24.66975],[71.58192,24.67434],[71.57538,24.68073],[71.56943,24.68162],[71.56066,24.67778],[71.54358,24.67494],[71.53577,24.67792],[71.52909,24.68327],[71.51938,24.68156],[71.51481,24.67967],[71.513,24.6799],[71.50825,24.68079],[71.49554,24.67828],[71.48028,24.67838],[71.46611,24.66777],[71.45872,24.66536],[71.45072,24.66591],[71.44327,24.66349],[71.43707,24.65864],[71.4241,24.65086],[71.42065,24.64728],[71.41395,24.64284],[71.40457,24.64008],[71.39863,24.63945],[71.39437,24.63634],[71.39117,24.63178],[71.38604,24.63185],[71.38129,24.63307],[71.37984,24.62879],[71.37453,24.62655],[71.37221,24.62626],[71.36665,24.62795],[71.36415,24.63067],[71.35909,24.63219],[71.35847,24.63683],[71.35342,24.64656],[71.34818,24.65903],[71.34249,24.65823],[71.33416,24.65326],[71.31783,24.64802],[71.31295,24.64543],[71.30907,24.64103],[71.3013,24.62623],[71.29867,24.62501],[71.2889,24.61281],[71.27828,24.61792],[71.25202,24.62584],[71.24402,24.62897],[71.23257,24.632],[71.22888,24.63392],[71.19824,24.64507],[71.18799,24.64849],[71.16247,24.65452],[71.1375,24.66377],[71.10997,24.67453],[71.10403,24.67953],[71.09782,24.68658],[71.09107,24.6893],[71.07717,24.70385],[71.0635,24.71808],[71.05345,24.74507],[71.05301,24.74586],[71.05164,24.74833],[71.04451,24.76169],[71.04099,24.76684],[71.02606,24.80506],[71.01436,24.82752],[71.00321,24.84228],[71.00189,24.84495],[71.00036,24.84807],[70.9948,24.85934],[70.98037,24.87899],[70.97612,24.88373],[70.96945,24.8963],[70.95271,24.9149],[70.94705,24.92109],[70.93631,24.94128],[70.92347,24.98031],[70.91651,25.00158],[70.90566,25.0485],[70.90474,25.05247],[70.90305,25.06487],[70.89649,25.10206],[70.89129,25.12676],[70.88552,25.15117],[70.87578,25.16074],[70.86599,25.17044],[70.85198,25.18303],[70.84716,25.18949],[70.84542,25.19108],[70.80051,25.23129],[70.78734,25.24738],[70.78675,25.24787],[70.78468,25.24968],[70.75758,25.2727],[70.75018,25.28275],[70.74472,25.30413],[70.73547,25.32885],[70.72347,25.34271],[70.71437,25.35316],[70.6971,25.36819],[70.69314,25.37221],[70.67822,25.38648],[70.66988,25.39359],[70.66785,25.39535],[70.66687,25.39533],[70.66534,25.39757],[70.66485,25.40322],[70.66746,25.40934],[70.67025,25.42001],[70.67102,25.42477],[70.67094,25.45573],[70.67436,25.48181],[70.67649,25.49782],[70.67676,25.51171],[70.67753,25.51897],[70.67709,25.51951],[70.67945,25.52566],[70.67934,25.52655],[70.67709,25.52753],[70.66777,25.53225],[70.66812,25.53944],[70.66822,25.54093],[70.66745,25.54147],[70.66845,25.54172],[70.66855,25.54355],[70.66905,25.59712],[70.66911,25.59892],[70.67118,25.62247],[70.67169,25.62825],[70.67283,25.65488],[70.67308,25.66061],[70.67311,25.66923],[70.66816,25.68881],[70.66493,25.69453],[70.65798,25.70581],[70.65282,25.70972],[70.65123,25.71036],[70.64745,25.71241],[70.64086,25.71456],[70.63886,25.71522],[70.63595,25.71526],[70.63446,25.71458],[70.6304,25.71546],[70.6228,25.71546],[70.60895,25.71543],[70.59356,25.71212],[70.56644,25.69956],[70.55748,25.6954],[70.52863,25.68615],[70.52777,25.68587],[70.52432,25.68534],[70.48171,25.68531],[70.46169,25.68381],[70.45107,25.68295],[70.41651,25.67921],[70.3999,25.67599],[70.39073,25.67356],[70.38549,25.67392],[70.38335,25.67439],[70.36623,25.67833],[70.35666,25.68162],[70.27606,25.70926],[70.27041,25.71163],[70.26674,25.71379],[70.26313,25.71913],[70.25165,25.75281],[70.23539,25.77687],[70.235,25.77727],[70.23337,25.77899],[70.21467,25.79863],[70.19409,25.81608],[70.16878,25.83048],[70.15623,25.8553],[70.15237,25.85998],[70.14562,25.86988],[70.14325,25.8743],[70.14195,25.87592],[70.14095,25.87737],[70.1338,25.88491],[70.12442,25.90166],[70.11446,25.91507],[70.09927,25.93546],[70.09723,25.94762],[70.09183,25.99308],[70.09076,26.00873],[70.09,26.02012],[70.08581,26.06164],[70.08641,26.08786],[70.09295,26.09801],[70.09515,26.1006],[70.09663,26.1023],[70.10592,26.11412],[70.10765,26.11615],[70.10826,26.11712],[70.10951,26.11915],[70.11005,26.12003],[70.11817,26.1287],[70.12574,26.14023],[70.13531,26.15251],[70.13605,26.15335],[70.13704,26.15447],[70.14746,26.17036],[70.16295,26.2063],[70.16444,26.20977],[70.16492,26.21085],[70.16641,26.21433],[70.17211,26.23114],[70.17401,26.242],[70.17417,26.25668],[70.17199,26.26388],[70.16877,26.27714],[70.16826,26.28232],[70.16578,26.28722],[70.16574,26.29402],[70.1657,26.30089],[70.17449,26.33],[70.17628,26.33905],[70.18095,26.35481],[70.18354,26.36142],[70.18419,26.37544],[70.18322,26.386],[70.18177,26.39233],[70.17792,26.42405],[70.1777,26.42588],[70.17849,26.44035],[70.18253,26.47764],[70.18332,26.48426],[70.18214,26.49622],[70.17876,26.50608],[70.17637,26.53809],[70.1733,26.5511],[70.16402,26.56042],[70.15416,26.56676],[70.153,26.56746],[70.15256,26.56773],[70.13911,26.57302],[70.12473,26.58286],[70.11892,26.58684],[70.11786,26.5884],[70.11174,26.59006],[70.10696,26.59269],[70.09861,26.595],[70.06433,26.60018],[70.04987,26.60097],[70.04847,26.60096],[70.04175,26.59904],[70.01854,26.59485],[70.00314,26.59213],[69.97399,26.58792],[69.91296,26.58282],[69.89488,26.58131],[69.88432,26.58117],[69.88287,26.58109],[69.87937,26.58056],[69.8748,26.58227],[69.85927,26.58587],[69.85115,26.587],[69.84792,26.58744],[69.8386,26.58858],[69.80444,26.59764],[69.80078,26.599],[69.79906,26.60009],[69.77608,26.61404],[69.76579,26.62252],[69.73699,26.64632],[69.7367,26.64722],[69.72238,26.65457],[69.7109,26.662],[69.69879,26.66591],[69.67763,26.67452],[69.67028,26.67683],[69.63839,26.69234],[69.63409,26.69336],[69.60359,26.70487],[69.59748,26.70762],[69.59149,26.7105],[69.57084,26.72042],[69.55298,26.72806],[69.53779,26.73355],[69.51469,26.74196],[69.51384,26.74311],[69.51092,26.74576],[69.50688,26.75078],[69.50556,26.75301],[69.50046,26.76777],[69.49007,26.78975],[69.48642,26.79942],[69.48437,26.808],[69.48583,26.81862],[69.48781,26.83154],[69.49889,26.87198],[69.50154,26.89449],[69.50857,26.95382],[69.51019,26.97021],[69.51417,27.00956],[69.51519,27.01387],[69.51543,27.01443],[69.52833,27.04265],[69.53854,27.065],[69.55153,27.10265],[69.55176,27.10332],[69.553,27.10547],[69.56302,27.12316],[69.56712,27.13404],[69.57801,27.15698],[69.57855,27.15795],[69.58413,27.17329],[69.58969,27.18294],[69.60309,27.1951],[69.60808,27.19726],[69.61046,27.19808],[69.61108,27.19825],[69.61969,27.20592],[69.63584,27.21859],[69.6425,27.22325],[69.65382,27.23344],[69.6719,27.2542],[69.6813,27.26263],[69.68534,27.26593],[69.7051,27.28523],[69.71351,27.29153],[69.76395,27.32466],[69.78666,27.34662],[69.79039,27.35022],[69.79228,27.35146],[69.81053,27.36263],[69.83486,27.38226],[69.85314,27.39386],[69.87167,27.40918],[69.88967,27.42986],[69.89717,27.43842],[69.91323,27.46044],[69.92213,27.47691],[69.92495,27.48085],[69.92622,27.48421],[69.94079,27.50249],[69.95936,27.51831],[69.96479,27.52287],[69.97781,27.53229],[69.98509,27.53699],[69.99329,27.54176],[69.99951,27.54511],[70.02465,27.56132],[70.03231,27.5718],[70.03463,27.57561],[70.03561,27.57756],[70.03968,27.58599],[70.04987,27.61287],[70.05604,27.62373],[70.05769,27.62934],[70.05804,27.6307],[70.0594,27.63477],[70.0605,27.63689],[70.07506,27.66421],[70.08214,27.68445],[70.0884,27.6973],[70.09549,27.71439],[70.09624,27.71605],[70.09949,27.72558],[70.10116,27.7325],[70.11004,27.74991],[70.11321,27.75645],[70.11863,27.77171],[70.12143,27.78103],[70.13469,27.80702],[70.14621,27.819],[70.15422,27.8273],[70.19732,27.86654],[70.19847,27.86789],[70.20004,27.8693],[70.20534,27.87661],[70.22489,27.89839],[70.23689,27.90648],[70.24154,27.90825],[70.25016,27.91359],[70.25329,27.91626],[70.27313,27.92499],[70.29355,27.9366],[70.30364,27.944],[70.31026,27.94888],[70.34896,27.98919],[70.35536,27.99586],[70.37082,28.00925],[70.37092,28.01003],[70.37178,28.01083],[70.37431,28.01203],[70.39249,28.01293],[70.41047,28.01607],[70.44239,28.02157],[70.47498,28.03244],[70.47618,28.03281],[70.49672,28.03658],[70.5365,28.03213],[70.53993,28.03129],[70.5475,28.02939],[70.56327,28.02255],[70.56929,28.01916],[70.59245,28.00964],[70.59376,28.00808],[70.59406,28.00605],[70.59669,28.0027],[70.59719,28.00227],[70.59723,28.00071],[70.59927,28.00075],[70.60164,27.99874],[70.60271,27.99491],[70.60374,27.99394],[70.61468,27.98406],[70.61915,27.97714],[70.64293,27.95671],[70.66836,27.93489],[70.67197,27.92926],[70.67701,27.92395],[70.68103,27.89104],[70.68037,27.87276],[70.68032,27.87036],[70.68384,27.84208],[70.68744,27.82815],[70.6995,27.81098],[70.70902,27.7998],[70.71455,27.79085],[70.71645,27.7888],[70.71774,27.78763],[70.72143,27.78264],[70.73756,27.75152],[70.73896,27.74943],[70.7405,27.74879],[70.74188,27.74693],[70.74459,27.74305],[70.74636,27.74354],[70.76244,27.72894],[70.76266,27.728],[70.76548,27.72619],[70.76785,27.7249],[70.78702,27.72031],[70.79956,27.71837],[70.81724,27.71442],[70.83968,27.71338],[70.85625,27.71218],[70.86793,27.71061],[70.86974,27.7101],[70.88254,27.70823],[70.89639,27.71],[70.9053,27.71037],[70.94853,27.7284],[70.95035,27.72914],[70.96019,27.73222],[70.96835,27.73603],[70.98307,27.74362],[71.03289,27.76648],[71.05489,27.77304],[71.06949,27.77741],[71.08607,27.78579],[71.13919,27.80709],[71.17305,27.82064],[71.18317,27.82302],[71.20813,27.83285],[71.22965,27.8372],[71.24225,27.84134],[71.25483,27.84536],[71.27263,27.85018],[71.32558,27.85978],[71.34174,27.86268],[71.38101,27.86973],[71.40975,27.87347],[71.41265,27.87288],[71.41881,27.87163],[71.44799,27.87356],[71.49993,27.87287],[71.52391,27.87254],[71.53108,27.87246],[71.54937,27.87332],[71.58699,27.87724],[71.60492,27.87502],[71.62126,27.87519],[71.64496,27.87543],[71.65885,27.87557],[71.66451,27.87927],[71.68162,27.8838],[71.69872,27.88906],[71.72068,27.89799],[71.74428,27.90695],[71.76051,27.91357],[71.76651,27.91619],[71.82736,27.93652],[71.85968,27.94732],[71.89437,27.96091],[71.89757,27.96263],[71.89866,27.96321],[71.90285,27.97478],[71.90496,27.98922],[71.90689,28.00325],[71.91014,28.01973],[71.91344,28.03196],[71.91404,28.04049],[71.91468,28.04415],[71.9139,28.0539],[71.9192,28.071],[71.92184,28.08138],[71.92373,28.09724],[71.92701,28.11129],[71.92966,28.12046],[71.93233,28.12779],[71.93504,28.13269],[71.9445,28.14556],[71.95536,28.15846],[71.96798,28.17102],[71.97684,28.18395],[71.99908,28.21411],[72.02131,28.23226],[72.02758,28.23672],[72.04656,28.24901],[72.06863,28.26631],[72.09326,28.28389],[72.09502,28.28494],[72.09625,28.28567],[72.10063,28.28824],[72.11111,28.29525],[72.12871,28.3088],[72.16489,28.34876],[72.16628,28.35084],[72.16706,28.35217],[72.16927,28.35463],[72.19104,28.37422],[72.19684,28.38256],[72.1974,28.3833],[72.19921,28.38492],[72.20521,28.39036],[72.20652,28.39355],[72.21003,28.40211],[72.21328,28.4146],[72.22039,28.43431],[72.22951,28.46217],[72.23184,28.47022],[72.2331,28.4745],[72.23561,28.48216],[72.23612,28.48389],[72.2436,28.50031],[72.24406,28.50132],[72.24541,28.50764],[72.25679,28.54111],[72.25794,28.54339],[72.25878,28.54573],[72.26395,28.55547],[72.27018,28.57991],[72.27251,28.58463],[72.28148,28.6093],[72.28708,28.62478],[72.29071,28.63628],[72.2902,28.63809],[72.29375,28.655],[72.29894,28.66616],[72.30073,28.66799],[72.30212,28.67343],[72.30857,28.68001],[72.31162,28.68635],[72.32484,28.69884],[72.34833,28.72101],[72.35038,28.72543],[72.36988,28.74678],[72.38249,28.76062],[72.38886,28.7688],[72.40696,28.78269],[72.41384,28.78564],[72.43525,28.79329],[72.45093,28.79783],[72.46361,28.80385],[72.47254,28.80713],[72.48926,28.81497],[72.50835,28.82478],[72.52441,28.83305],[72.55625,28.8525],[72.59267,28.87025],[72.59488,28.87159],[72.59629,28.87228],[72.64845,28.90319],[72.65559,28.90741],[72.66339,28.91094],[72.67158,28.91593],[72.67337,28.91683],[72.67678,28.91778],[72.67954,28.92029],[72.7164,28.93891],[72.74662,28.95209],[72.79113,28.96903],[72.79502,28.97051],[72.84945,28.99121],[72.85088,28.9918],[72.85143,28.99204],[72.85427,28.99338],[72.86748,28.99967],[72.89329,29.00705],[72.90457,29.01271],[72.91842,29.01767],[72.93385,29.02318],[72.94119,29.02617],[72.94511,29.02845],[72.94635,29.02949],[72.94741,29.0304],[72.94946,29.03311],[72.95938,29.05636],[72.96386,29.06429],[72.96643,29.0713],[72.98163,29.10235],[72.98469,29.11024],[72.98931,29.11706],[72.99103,29.11952],[72.99162,29.12081],[72.99395,29.13082],[72.99881,29.14269],[73.02181,29.16744],[73.02646,29.17128],[73.03031,29.17711],[73.04173,29.19108],[73.04633,29.19464],[73.06144,29.21017],[73.06264,29.21154],[73.08482,29.23637],[73.08583,29.23782],[73.09568,29.25206],[73.09871,29.25674],[73.1049,29.2687],[73.108,29.27548],[73.11596,29.28568],[73.11645,29.28761],[73.11875,29.29227],[73.12045,29.29507],[73.12124,29.29562],[73.12178,29.29649],[73.12179,29.29761],[73.14368,29.33222],[73.14624,29.33833],[73.15358,29.35279],[73.15775,29.36014],[73.16414,29.3707],[73.17583,29.38885],[73.17665,29.39041],[73.17788,29.3923],[73.19824,29.43141],[73.20936,29.44472],[73.22874,29.48223],[73.23029,29.48314],[73.23092,29.4848],[73.23464,29.48941],[73.23531,29.49114],[73.23958,29.49579],[73.24529,29.50889],[73.25018,29.51525],[73.25483,29.52363],[73.26944,29.54395],[73.27073,29.54591],[73.27867,29.5597],[73.28227,29.5694],[73.29137,29.60042],[73.29345,29.60738],[73.30517,29.63629],[73.31972,29.68898],[73.32028,29.69037],[73.32249,29.69421],[73.32294,29.69575],[73.32378,29.69724],[73.32506,29.70171],[73.33327,29.73049],[73.3345,29.73384],[73.33554,29.73496],[73.34154,29.75245],[73.34361,29.76035],[73.34824,29.77162],[73.35366,29.79483],[73.35758,29.80795],[73.36235,29.82039],[73.36679,29.83893],[73.37396,29.85564],[73.37966,29.8768],[73.39372,29.92884],[73.39971,29.94069],[73.40762,29.94621],[73.43034,29.95582],[73.43337,29.95687],[73.45072,29.96339],[73.48366,29.97699],[73.50909,29.98412],[73.5151,29.9868],[73.52727,29.99222],[73.54852,29.99779],[73.57048,30.00799],[73.58832,30.01403],[73.60827,30.0208],[73.61998,30.02463],[73.66228,30.0333],[73.68079,30.03899],[73.68736,30.041],[73.71813,30.04908],[73.76304,30.05837],[73.79634,30.06815],[73.80321,30.07139],[73.80961,30.07811],[73.81548,30.08421],[73.84697,30.11036],[73.8577,30.11772],[73.86361,30.12188],[73.88193,30.13389],[73.89287,30.1404],[73.90491,30.15094],[73.91334,30.15651],[73.93297,30.16938],[73.96749,30.18717],[73.97591,30.19643],[73.97768,30.18567],[73.97599,30.17839],[73.97292,30.17319],[73.97029,30.14457],[73.97064,30.13555],[73.97191,30.12882],[73.97337,30.12569],[73.97607,30.12248],[73.96737,30.12089],[73.95937,30.11112],[73.95348,30.10557],[73.95229,30.10043],[73.94085,30.08516],[73.92748,30.06952],[73.91779,30.0615],[73.90761,30.05506],[73.904,30.04826],[73.9018,30.03994],[73.89463,30.01884],[73.89096,30.01265],[73.89021,29.99767],[73.89209,29.99266],[73.89754,29.98313],[73.89849,29.97896]],[[74.31436,23.945],[74.32615,23.93635],[74.32475,23.93738],[74.31436,23.945]],[[74.26697,23.93269],[74.25871,23.9298],[74.27514,23.93555],[74.26697,23.93269]]]}}]}