{"type":"FeatureCollection","features":[{"type":"Feature","properties":{"id":"tamil-nadu","name":"Tamil Nadu","type":"state"},"geometry":{"type":"MultiPolygon","coordinates":[[[[78.19188,8.7273],[78.18996,8.72726],[78.18801,8.72809],[78.18668,8.72983],[78.18662,8.73247],[78.18723,8.73425],[78.1885,8.73515],[78.19041,8.73608],[78.19299,8.73614],[78.19434,8.73263],[78.1944,8.72999],[78.19188,8.7273]]],[[[78.21685,8.83071],[78.21505,8.82976],[78.21414,8.82995],[78.21393,8.82927],[78.21067,8.83045],[78.20943,8.83169],[78.20968,8.83682],[78.21021,8.8375],[78.21031,8.83828],[78.21258,8.83923],[78.21811,8.83543],[78.21754,8.83352],[78.21731,8.83116],[78.21685,8.83071]]],[[[78.23329,8.86078],[78.23106,8.85937],[78.22846,8.85953],[78.22831,8.85998],[78.22791,8.86134],[78.22702,8.86653],[78.22746,8.86746],[78.22814,8.86814],[78.2322,8.86938],[78.23409,8.8667],[78.23399,8.86384],[78.23329,8.86078]]],[[[78.25495,8.94452],[78.25236,8.94447],[78.25169,8.94622],[78.25103,8.94708],[78.25161,8.94974],[78.25285,8.95241],[78.25477,8.95333],[78.25669,8.95337],[78.25933,8.95079],[78.26,8.94903],[78.25877,8.94637],[78.25688,8.94456],[78.25495,8.94452]]],[[[78.4967,9.08471],[78.49537,9.08155],[78.49241,9.08391],[78.48868,9.08654],[78.48832,9.08828],[78.48764,9.09221],[78.48808,9.09312],[78.49033,9.09432],[78.49215,9.09479],[78.49422,9.09394],[78.49492,9.09326],[78.49515,9.09236],[78.49588,9.09058],[78.49653,9.08944],[78.49684,9.08829],[78.4967,9.08471]]],[[[78.53938,9.10143],[78.53804,9.10024],[78.5369,9.10045],[78.5337,9.10085],[78.5333,9.10412],[78.53314,9.10536],[78.53379,9.10671],[78.53675,9.11056],[78.53929,9.10818],[78.54032,9.1064],[78.53993,9.10418],[78.53938,9.10143]]],[[[78.57656,9.09921],[78.57159,9.09772],[78.56722,9.09923],[78.56707,9.10059],[78.56736,9.10242],[78.57128,9.10653],[78.57284,9.10866],[78.57587,9.11051],[78.582,9.11199],[78.58259,9.11111],[78.5844,9.10727],[78.58393,9.10519],[78.58287,9.10339],[78.57656,9.09921]]],[[[79.48697,9.11033],[79.48538,9.11023],[79.48287,9.11109],[79.4825,9.11223],[79.48258,9.11403],[79.48269,9.1145],[79.48451,9.11499],[79.48614,9.11575],[79.49048,9.11781],[79.49118,9.11736],[79.49154,9.11647],[79.49124,9.11372],[79.49102,9.11282],[79.48879,9.11073],[79.48697,9.11033]]],[[[79.47708,9.11431],[79.47445,9.11427],[79.47291,9.11578],[79.47175,9.11731],[79.47246,9.12042],[79.47654,9.12358],[79.47956,9.12363],[79.48033,9.1221],[79.48114,9.11902],[79.47969,9.1159],[79.47708,9.11431]]],[[[79.46711,9.12511],[79.46578,9.12463],[79.46269,9.12492],[79.45801,9.12565],[79.45686,9.12632],[79.45657,9.1297],[79.45724,9.13107],[79.46233,9.1327],[79.4656,9.13371],[79.46697,9.13327],[79.46838,9.13196],[79.46874,9.13106],[79.46892,9.12765],[79.46711,9.12511]]],[[[78.69886,9.14628],[78.69729,9.14511],[78.69475,9.14597],[78.69447,9.14845],[78.69432,9.15027],[78.69475,9.15187],[78.69553,9.15235],[78.69646,9.15213],[78.69809,9.15057],[78.69878,9.15036],[78.69882,9.14853],[78.69886,9.14628]]],[[[79.4369,9.14663],[79.43318,9.14653],[79.43051,9.14802],[79.42936,9.14955],[79.42938,9.15324],[79.43287,9.15449],[79.43768,9.15526],[79.43906,9.15437],[79.43969,9.14983],[79.43848,9.14756],[79.4378,9.14687],[79.4369,9.14663]]],[[[78.73294,9.14965],[78.73065,9.14954],[78.72817,9.14979],[78.72702,9.15046],[78.72697,9.15295],[78.72741,9.15409],[78.72841,9.15478],[78.73032,9.15535],[78.73194,9.15577],[78.73445,9.15425],[78.73481,9.15333],[78.73428,9.15081],[78.73294,9.14965]]],[[[78.76223,9.15635],[78.75997,9.15451],[78.75607,9.15533],[78.75539,9.15553],[78.75478,9.15687],[78.75484,9.15877],[78.75574,9.16143],[78.75653,9.16191],[78.75914,9.16288],[78.75981,9.16267],[78.76166,9.16134],[78.76217,9.15911],[78.76253,9.15725],[78.76223,9.15635]]],[[[78.70539,9.15579],[78.70288,9.15574],[78.70032,9.15776],[78.69928,9.15911],[78.69974,9.16119],[78.70072,9.16259],[78.70273,9.16332],[78.70474,9.16336],[78.70627,9.16269],[78.70681,9.16064],[78.70736,9.15858],[78.70639,9.1565],[78.70539,9.15579]]],[[[78.82913,9.171],[78.82928,9.16941],[78.8281,9.16553],[78.82476,9.16229],[78.82431,9.16184],[78.82224,9.16113],[78.81905,9.16197],[78.81835,9.16242],[78.81808,9.16444],[78.82005,9.16903],[78.82299,9.1704],[78.8244,9.17019],[78.82618,9.17073],[78.82675,9.17067],[78.82845,9.17144],[78.82913,9.171]]],[[[78.70958,9.17379],[78.70756,9.17375],[78.70503,9.17438],[78.70398,9.17644],[78.70441,9.17988],[78.70588,9.18198],[78.70941,9.18205],[78.71197,9.18003],[78.71202,9.17728],[78.71107,9.17519],[78.70958,9.17379]]],[[[78.9393,9.18738],[78.93932,9.18579],[78.9398,9.18557],[78.94005,9.18399],[78.93984,9.18306],[78.9385,9.18168],[78.93603,9.18029],[78.93184,9.17917],[78.92245,9.17748],[78.9215,9.1773],[78.92084,9.1766],[78.91857,9.17563],[78.9051,9.17676],[78.9045,9.17811],[78.90457,9.1806],[78.90794,9.18341],[78.91287,9.18534],[78.91739,9.1864],[78.91854,9.18619],[78.92211,9.18646],[78.92792,9.1865],[78.93723,9.18871],[78.9393,9.18738]]],[[[78.96837,9.18101],[78.96768,9.18088],[78.96631,9.18108],[78.96263,9.18258],[78.96223,9.18507],[78.9621,9.18576],[78.96298,9.18828],[78.96378,9.18897],[78.96699,9.19048],[78.96885,9.19088],[78.97279,9.18824],[78.97314,9.18732],[78.97335,9.18324],[78.96837,9.18101]]],[[[79.08729,9.19283],[79.08549,9.19121],[79.08117,9.19182],[79.07459,9.19454],[79.06998,9.19641],[79.06327,9.19876],[79.06235,9.19918],[79.0622,9.20144],[79.06229,9.20236],[79.06317,9.20373],[79.06541,9.2056],[79.06676,9.20608],[79.07108,9.20616],[79.07572,9.20378],[79.07912,9.20204],[79.08626,9.19938],[79.08741,9.19851],[79.08835,9.19785],[79.08804,9.19557],[79.08729,9.19283]]],[[[79.13346,9.21025],[79.13232,9.21],[79.12823,9.21048],[79.12705,9.21059],[79.12223,9.21343],[79.12222,9.21389],[79.12175,9.21409],[79.1216,9.21568],[79.12171,9.21614],[79.12216,9.21705],[79.1269,9.21875],[79.12936,9.21827],[79.13473,9.21548],[79.13547,9.21208],[79.13482,9.21073],[79.13346,9.21025]]],[[[79.19906,9.22942],[79.19748,9.2294],[79.19643,9.22974],[79.19558,9.23224],[79.19581,9.2344],[79.1971,9.23586],[79.19735,9.23659],[79.19865,9.23732],[79.19997,9.23735],[79.20156,9.2363],[79.20186,9.23451],[79.20189,9.23307],[79.20113,9.2309],[79.2001,9.2298],[79.19906,9.22942]]],[[[79.18745,9.23101],[79.18614,9.23099],[79.18454,9.23204],[79.18398,9.23418],[79.18396,9.23563],[79.18522,9.2378],[79.18678,9.23891],[79.18863,9.23859],[79.18997,9.23753],[79.19051,9.23646],[79.19055,9.2343],[79.18928,9.23212],[79.18745,9.23101]]],[[[79.1807,9.2406],[79.17939,9.24058],[79.17754,9.2409],[79.17673,9.24233],[79.17696,9.24377],[79.17746,9.24522],[79.1785,9.24631],[79.17979,9.24742],[79.18058,9.24743],[79.18215,9.24781],[79.1832,9.24747],[79.18402,9.24641],[79.1843,9.24534],[79.1838,9.24353],[79.18252,9.24171],[79.1807,9.2406]]],[[[79.21201,9.24322],[79.20873,9.24256],[79.2069,9.24276],[79.20696,9.24571],[79.21145,9.24828],[79.21523,9.24916],[79.21869,9.24758],[79.21621,9.24507],[79.21201,9.24322]]],[[[79.32715,9.29651],[79.32309,9.28758],[79.32301,9.28599],[79.32155,9.28438],[79.31726,9.28221],[79.31624,9.28039],[79.31601,9.27859],[79.31657,9.27644],[79.31739,9.27502],[79.31877,9.27412],[79.32007,9.27188],[79.32192,9.27032],[79.32239,9.26874],[79.32333,9.26809],[79.3238,9.26756],[79.32706,9.26246],[79.32755,9.26087],[79.32872,9.26025],[79.3292,9.25864],[79.33105,9.25685],[79.33245,9.25508],[79.3327,9.25416],[79.33504,9.25172],[79.33548,9.25151],[79.33562,9.25037],[79.33619,9.24901],[79.33746,9.2488],[79.33876,9.24703],[79.33923,9.24635],[79.34338,9.24301],[79.34387,9.24212],[79.34388,9.24166],[79.34455,9.24144],[79.34616,9.23964],[79.3464,9.23898],[79.34735,9.23787],[79.3478,9.23741],[79.35433,9.23158],[79.35453,9.23096],[79.35453,9.2305],[79.36008,9.22652],[79.36457,9.22353],[79.37715,9.21388],[79.38755,9.20703],[79.40226,9.19506],[79.40467,9.19312],[79.40578,9.19222],[79.41016,9.18925],[79.41657,9.18374],[79.41681,9.18305],[79.41912,9.18104],[79.41948,9.18026],[79.42096,9.17884],[79.42155,9.17834],[79.42295,9.17541],[79.42596,9.17251],[79.42691,9.16986],[79.42564,9.168],[79.4243,9.16679],[79.42308,9.16792],[79.42261,9.16814],[79.42169,9.17064],[79.42074,9.17152],[79.42004,9.17195],[79.41889,9.17444],[79.41751,9.17527],[79.41727,9.17575],[79.40514,9.18105],[79.40073,9.18298],[79.39648,9.18547],[79.38828,9.19049],[79.38261,9.19472],[79.37258,9.20246],[79.36614,9.20643],[79.36545,9.20685],[79.36188,9.20838],[79.35922,9.21085],[79.35752,9.21153],[79.35751,9.21199],[79.35439,9.21461],[79.35347,9.21529],[79.34793,9.21812],[79.33962,9.22434],[79.33961,9.2248],[79.33786,9.22601],[79.33112,9.23136],[79.32597,9.23431],[79.31704,9.2378],[79.31381,9.24],[79.31316,9.24028],[79.31266,9.24049],[79.30899,9.24264],[79.28396,9.25354],[79.27887,9.25571],[79.2729,9.25809],[79.2624,9.26111],[79.25869,9.26125],[79.23964,9.26047],[79.23662,9.26101],[79.23531,9.26099],[79.23372,9.26019],[79.22874,9.25777],[79.22761,9.25706],[79.22601,9.25728],[79.22143,9.25833],[79.21983,9.2583],[79.2174,9.26711],[79.21456,9.27363],[79.20786,9.27762],[79.20556,9.27801],[79.20558,9.28322],[79.20613,9.28505],[79.20835,9.28793],[79.20868,9.28828],[79.21059,9.28924],[79.22419,9.29333],[79.22536,9.29312],[79.23309,9.29439],[79.24186,9.29385],[79.24723,9.29351],[79.25483,9.29203],[79.26023,9.29146],[79.26433,9.29199],[79.27071,9.29349],[79.27587,9.2972],[79.27676,9.29811],[79.27981,9.29906],[79.27978,9.30158],[79.28167,9.30558],[79.28208,9.30639],[79.28398,9.30846],[79.28521,9.3096],[79.28632,9.31258],[79.28923,9.31489],[79.28932,9.31535],[79.28986,9.31628],[79.29801,9.32007],[79.31138,9.32332],[79.31546,9.32466],[79.31682,9.32492],[79.31773,9.32424],[79.32144,9.32343],[79.32465,9.3212],[79.33161,9.31473],[79.33256,9.31385],[79.33324,9.31294],[79.33365,9.30986],[79.33396,9.30389],[79.33363,9.30299],[79.32715,9.29651]]],[[[79.78388,11.8984],[79.78996,11.89538],[79.78996,11.89538],[79.79763,11.89749],[79.79776,11.89347],[79.79649,11.88959],[79.78973,11.87575],[79.78753,11.86994],[79.7845,11.86195],[79.77998,11.86233],[79.77955,11.86237],[79.77837,11.86607],[79.77974,11.86834],[79.78066,11.87321],[79.78028,11.87556],[79.7799,11.87792],[79.7799,11.87792],[79.77968,11.87797],[79.77851,11.87823],[79.77707,11.87764],[79.77357,11.87619],[79.77394,11.88256],[79.77179,11.88288],[79.77247,11.88671],[79.77058,11.89404],[79.7724,11.899],[79.77109,11.90091],[79.77439,11.90344],[79.78147,11.90178],[79.78388,11.8984]]],[[[79.84506,13.3307],[79.84607,13.32295],[79.8428,13.32331],[79.84137,13.32637],[79.84506,13.3307]]],[[[80.32121,13.39198],[80.32067,13.39092],[80.31933,13.39117],[80.31899,13.39096],[80.31795,13.39489],[80.31733,13.39723],[80.31676,13.4003],[80.31809,13.40279],[80.32117,13.40085],[80.32207,13.3983],[80.32232,13.39752],[80.32148,13.39357],[80.32121,13.39198]]],[[[80.30522,13.42151],[80.30738,13.41994],[80.30765,13.4202],[80.30765,13.41941],[80.30874,13.41624],[80.30983,13.41308],[80.3093,13.40991],[80.30687,13.40937],[80.30389,13.41094],[80.302,13.41385],[80.30145,13.4178],[80.30144,13.42071],[80.30333,13.4223],[80.30522,13.42151]]],[[[80.31928,13.41393],[80.31842,13.41343],[80.31605,13.41377],[80.31368,13.41499],[80.31265,13.42175],[80.31343,13.42406],[80.31731,13.42558],[80.32068,13.42304],[80.32104,13.41628],[80.31928,13.41393]]],[[[80.32018,13.43822],[80.31814,13.43768],[80.31703,13.43898],[80.31652,13.44015],[80.31788,13.44265],[80.31845,13.4429],[80.31958,13.44319],[80.32008,13.44275],[80.32041,13.44005],[80.32018,13.43822]]],[[[79.69546,11.88492],[79.69372,11.884],[79.69347,11.88387],[79.69546,11.88492],[79.69546,11.88492],[79.69546,11.88492],[79.69675,11.88702],[79.69714,11.88766],[79.69714,11.88766],[79.69714,11.88766],[79.7056,11.88838],[79.71083,11.88771],[79.71083,11.88771],[79.71083,11.88771],[79.71019,11.88219],[79.71019,11.88219],[79.7099,11.87964],[79.70943,11.87558],[79.70858,11.86823],[79.70858,11.86823],[79.71281,11.86679],[79.71897,11.85268],[79.72186,11.86148],[79.72186,11.86148],[79.73316,11.86204],[79.73316,11.86204],[79.73327,11.86248],[79.73335,11.86278],[79.73335,11.86278],[79.74555,11.86132],[79.74297,11.84678],[79.75362,11.84948],[79.75463,11.86433],[79.75859,11.86811],[79.75859,11.86811],[79.75881,11.87419],[79.75881,11.87419],[79.765,11.87501],[79.76619,11.87344],[79.77012,11.87234],[79.77012,11.87234],[79.77094,11.86498],[79.77094,11.86498],[79.77094,11.86498],[79.76917,11.85674],[79.76678,11.85615],[79.76678,11.85615],[79.76678,11.85615],[79.76551,11.85049],[79.76551,11.85049],[79.76394,11.85034],[79.76254,11.84721],[79.76254,11.84721],[79.76254,11.84721],[79.76741,11.83898],[79.76741,11.83898],[79.77337,11.83664],[79.77454,11.83711],[79.77571,11.83757],[79.77337,11.83664],[79.77571,11.83757],[79.77571,11.83757],[79.77884,11.84706],[79.78066,11.84788],[79.78066,11.84788],[79.78066,11.84788],[79.78066,11.84788],[79.78236,11.85503],[79.79374,11.8534],[79.79703,11.85485],[79.80142,11.85299],[79.80142,11.85299],[79.80158,11.85269],[79.80316,11.8497],[79.80625,11.84642],[79.80931,11.84483],[79.80705,11.84159],[79.80705,11.84159],[79.80705,11.84159],[79.80813,11.83409],[79.80756,11.8321],[79.80576,11.83134],[79.80311,11.83284],[79.80115,11.83394],[79.79988,11.83663],[79.79946,11.83752],[79.79914,11.83741],[79.79841,11.83715],[79.79841,11.83715],[79.79841,11.83715],[79.79795,11.83405],[79.79795,11.83405],[79.79615,11.83358],[79.79345,11.83286],[79.79345,11.83286],[79.79345,11.83286],[79.79354,11.83247],[79.79366,11.83194],[79.79588,11.83185],[79.80079,11.83004],[79.80188,11.82899],[79.79701,11.82311],[79.79638,11.82725],[79.79638,11.82725],[79.79638,11.82725],[79.79638,11.82725],[79.79638,11.82725],[79.79569,11.82778],[79.79404,11.82619],[79.79269,11.8261],[79.78906,11.82795],[79.78544,11.8311],[79.78226,11.83207],[79.78033,11.83182],[79.77423,11.82561],[79.77423,11.82561],[79.77423,11.82561],[79.77353,11.82199],[79.77353,11.82199],[79.77137,11.82219],[79.76447,11.82284],[79.76449,11.83116],[79.76449,11.83116],[79.7634,11.8325],[79.75493,11.83752],[79.73872,11.84277],[79.73872,11.84277],[79.73872,11.84277],[79.73884,11.83933],[79.73424,11.83957],[79.73093,11.83813],[79.7302,11.8378],[79.73012,11.83771],[79.72931,11.83673],[79.72931,11.83673],[79.72931,11.83673],[79.73273,11.83329],[79.73159,11.82418],[79.73159,11.82418],[79.73159,11.82418],[79.73292,11.82248],[79.73342,11.82185],[79.73298,11.81313],[79.73298,11.81313],[79.73298,11.81313],[79.73298,11.81313],[79.73298,11.81313],[79.73377,11.81212],[79.73652,11.80859],[79.73336,11.80819],[79.72859,11.80872],[79.72669,11.80893],[79.72669,11.80893],[79.72669,11.80893],[79.72522,11.80505],[79.72522,11.80505],[79.72522,11.80505],[79.72522,11.80505],[79.72522,11.80505],[79.72575,11.80206],[79.72369,11.80167],[79.72318,11.80158],[79.72318,11.80158],[79.72318,11.80158],[79.72318,11.80158],[79.72348,11.79848],[79.72287,11.7966],[79.71993,11.79623],[79.71838,11.79604],[79.71386,11.79376],[79.71386,11.79376],[79.71386,11.79376],[79.7125,11.7893],[79.7125,11.7893],[79.7125,11.7893],[79.7125,11.7893],[79.72086,11.78405],[79.7228,11.78557],[79.7245,11.78261],[79.72865,11.78065],[79.74178,11.77883],[79.75515,11.7742],[79.75515,11.7742],[79.75515,11.7742],[79.75689,11.77784],[79.75689,11.77784],[79.75779,11.78247],[79.76222,11.78952],[79.76345,11.79042],[79.76991,11.79043],[79.76991,11.79043],[79.77072,11.7868],[79.7701,11.78129],[79.7701,11.78129],[79.7701,11.78129],[79.7743,11.78134],[79.78086,11.77997],[79.78086,11.77997],[79.78107,11.7822],[79.78107,11.7822],[79.78366,11.784],[79.78366,11.784],[79.78366,11.784],[79.784,11.78721],[79.784,11.78721],[79.7951,11.78486],[79.7951,11.78486],[79.7951,11.78486],[79.7951,11.78486],[79.79407,11.78006],[79.79418,11.77369],[79.79314,11.75782],[79.79307,11.75642],[79.79006,11.74711],[79.78645,11.73934],[79.78599,11.73887],[79.78484,11.73816],[79.78416,11.73837],[79.78163,11.7382],[79.78078,11.73959],[79.77981,11.73887],[79.77651,11.74112],[79.77025,11.74534],[79.76887,11.74576],[79.76698,11.7445],[79.76707,11.74192],[79.76761,11.7411],[79.76851,11.7404],[79.77109,11.73661],[79.77626,11.733],[79.7765,11.73238],[79.78086,11.73017],[79.7827,11.72974],[79.78498,11.73044],[79.78558,11.72932],[79.78517,11.72613],[79.78481,11.72496],[79.78395,11.7218],[79.78176,11.7152],[79.77804,11.70427],[79.77628,11.69924],[79.772,11.67922],[79.76977,11.67375],[79.76747,11.66189],[79.76674,11.65604],[79.76487,11.64732],[79.76336,11.63696],[79.76153,11.62866],[79.75926,11.61258],[79.759,11.60282],[79.75845,11.57809],[79.75917,11.56578],[79.75929,11.56363],[79.75971,11.56108],[79.76085,11.55655],[79.7632,11.53753],[79.76517,11.52917],[79.76735,11.52287],[79.77039,11.51973],[79.77063,11.51884],[79.77134,11.51839],[79.77323,11.51433],[79.77601,11.5121],[79.77674,11.50985],[79.7772,11.50963],[79.77766,11.5094],[79.77886,11.50578],[79.78281,11.49586],[79.78329,11.49566],[79.78435,11.49271],[79.79059,11.47602],[79.79291,11.47403],[79.79588,11.46769],[79.7974,11.46568],[79.79941,11.46119],[79.8014,11.45826],[79.80225,11.45669],[79.8027,11.45647],[79.8035,11.45452],[79.80412,11.45398],[79.80616,11.44835],[79.80756,11.44657],[79.80803,11.44637],[79.81043,11.43935],[79.8137,11.42297],[79.81417,11.42064],[79.8149,11.41697],[79.81674,11.40361],[79.81806,11.39863],[79.82452,11.3672],[79.82468,11.36448],[79.82402,11.36377],[79.82193,11.36421],[79.8159,11.36843],[79.81522,11.36911],[79.81427,11.37022],[79.81245,11.37042],[79.81108,11.36949],[79.81063,11.3688],[79.80856,11.36945],[79.80856,11.36991],[79.80762,11.37058],[79.80695,11.37158],[79.80086,11.37635],[79.80064,11.37502],[79.80067,11.3732],[79.8,11.37319],[79.79876,11.37181],[79.7987,11.36863],[79.80216,11.36663],[79.8105,11.36178],[79.81412,11.35842],[79.81393,11.35593],[79.81313,11.35502],[79.81263,11.35114],[79.81228,11.3498],[79.81211,11.34907],[79.81129,11.34863],[79.81118,11.34817],[79.80947,11.34747],[79.80939,11.34565],[79.81239,11.34433],[79.81514,11.34436],[79.81674,11.34463],[79.81946,11.35421],[79.82233,11.35536],[79.82323,11.3556],[79.82587,11.35527],[79.83103,11.35462],[79.83575,11.35506],[79.83814,11.3547],[79.83977,11.35337],[79.84013,11.35246],[79.8401,11.34634],[79.83565,11.33063],[79.8342,11.3281],[79.83403,11.32401],[79.83442,11.31104],[79.83511,11.30559],[79.8351,11.30046],[79.83766,11.28256],[79.83781,11.28185],[79.84544,11.25152],[79.8464,11.24711],[79.85242,11.20454],[79.85394,11.19525],[79.85715,11.15084],[79.85816,11.11388],[79.85823,11.11118],[79.85817,11.10914],[79.85788,11.09095],[79.85759,11.08757],[79.85725,11.08597],[79.85682,11.08573],[79.85544,11.08594],[79.85452,11.08569],[79.8547,11.08139],[79.85718,11.07599],[79.85722,11.07304],[79.85726,11.04739],[79.85657,11.02744],[79.85681,11.0127],[79.85251,10.9947],[79.85249,10.98798],[79.85158,10.99233],[79.84153,10.99497],[79.84153,10.99497],[79.84199,11.00028],[79.84199,11.00028],[79.84187,11.00211],[79.83098,11.0026],[79.8301,11.0003],[79.8291,10.99841],[79.82689,10.9975],[79.82161,10.99831],[79.81964,11.0003],[79.81851,11.00163],[79.8145,11.0003],[79.8135,10.99848],[79.809,10.99633],[79.80745,10.99392],[79.80673,10.98878],[79.80416,10.98519],[79.80049,10.98272],[79.79433,10.9833],[79.791,10.98637],[79.791,10.98637],[79.7914,10.9926],[79.7914,10.9926],[79.78934,10.99491],[79.78225,10.99453],[79.77754,10.9959],[79.76963,10.99519],[79.76528,10.99681],[79.76008,11.00033],[79.75708,11.00239],[79.75422,11.00436],[79.74888,11.00228],[79.74717,11.00034],[79.7469,10.99685],[79.74688,10.99659],[79.74867,10.99052],[79.74721,10.98626],[79.74949,10.98578],[79.75316,10.98502],[79.75524,10.98458],[79.75637,10.98184],[79.7564,10.98178],[79.75657,10.98137],[79.76087,10.9823],[79.75837,10.97854],[79.75619,10.97674],[79.7552,10.97389],[79.7552,10.97389],[79.757,10.97107],[79.76165,10.96976],[79.76283,10.96459],[79.76278,10.96311],[79.76278,10.96304],[79.76264,10.95865],[79.76226,10.95867],[79.7572,10.95894],[79.74974,10.95644],[79.74878,10.96343],[79.74377,10.9676],[79.73799,10.96584],[79.73253,10.96852],[79.72856,10.96748],[79.7276,10.96743],[79.72403,10.96723],[79.7207,10.96705],[79.72097,10.96281],[79.71993,10.96082],[79.72033,10.95349],[79.72143,10.9504],[79.72202,10.95044],[79.72203,10.95044],[79.72643,10.9508],[79.73192,10.94937],[79.73263,10.95353],[79.73627,10.95578],[79.73642,10.9554],[79.73643,10.95539],[79.73832,10.95056],[79.73734,10.94747],[79.73296,10.94575],[79.73013,10.94315],[79.7298,10.94306],[79.72745,10.94243],[79.72559,10.94194],[79.72479,10.93863],[79.72561,10.93639],[79.7215,10.93626],[79.72135,10.93409],[79.72254,10.93415],[79.72756,10.93437],[79.72752,10.93367],[79.72752,10.93359],[79.72748,10.93265],[79.72517,10.93033],[79.72637,10.92843],[79.72738,10.92822],[79.72968,10.92773],[79.73798,10.92597],[79.73735,10.92343],[79.73727,10.92314],[79.73676,10.92105],[79.73721,10.92089],[79.73837,10.92047],[79.74107,10.9233],[79.74259,10.92246],[79.7427,10.9224],[79.74308,10.92219],[79.74275,10.91887],[79.7448,10.91794],[79.74557,10.91759],[79.74557,10.91759],[79.74528,10.91666],[79.74406,10.91275],[79.74424,10.91277],[79.74619,10.913],[79.76019,10.91469],[79.76207,10.9121],[79.76207,10.9121],[79.75902,10.90978],[79.75902,10.90978],[79.75944,10.90589],[79.75944,10.90589],[79.75866,10.89863],[79.76027,10.89729],[79.76299,10.90259],[79.76255,10.90842],[79.76518,10.91057],[79.76643,10.90478],[79.77139,10.90203],[79.76912,10.89623],[79.77421,10.89549],[79.77771,10.89854],[79.77846,10.90682],[79.79043,10.90498],[79.79363,10.89711],[79.79221,10.89432],[79.78733,10.8934],[79.78464,10.89097],[79.78426,10.88817],[79.78977,10.88868],[79.79292,10.89122],[79.79757,10.88677],[79.80217,10.88901],[79.80564,10.8884],[79.80978,10.88549],[79.82011,10.88664],[79.82633,10.88297],[79.82873,10.87997],[79.82292,10.87917],[79.80913,10.87943],[79.80691,10.87723],[79.81462,10.8736],[79.82082,10.87302],[79.82482,10.86822],[79.82554,10.86444],[79.82076,10.86284],[79.81679,10.86019],[79.81301,10.85932],[79.80965,10.86433],[79.8085,10.8612],[79.81052,10.855],[79.81407,10.85141],[79.82048,10.84922],[79.82331,10.84359],[79.82562,10.84694],[79.82946,10.84838],[79.83069,10.84431],[79.83114,10.83395],[79.82913,10.83134],[79.8308,10.82966],[79.83722,10.8267],[79.84948,10.827],[79.84949,10.82691],[79.84949,10.82691],[79.84984,10.82296],[79.84867,10.81893],[79.84666,10.81659],[79.84423,10.81619],[79.83578,10.81329],[79.83576,10.81147],[79.83656,10.80959],[79.8394,10.80918],[79.84208,10.8106],[79.84814,10.81258],[79.85015,10.80902],[79.85017,10.78851],[79.85029,10.78508],[79.85103,10.76375],[79.85099,10.74379],[79.85099,10.74353],[79.85098,10.74297],[79.85097,10.74244],[79.85097,10.74163],[79.85096,10.7415],[79.85096,10.74141],[79.85096,10.74128],[79.85096,10.74113],[79.85096,10.74092],[79.85095,10.74034],[79.85095,10.73986],[79.85094,10.73958],[79.85094,10.73958],[79.85094,10.73951],[79.85087,10.73264],[79.8507,10.71815],[79.85016,10.71634],[79.85063,10.71612],[79.85131,10.70943],[79.85207,10.69792],[79.85278,10.68711],[79.85346,10.68099],[79.85363,10.68057],[79.85364,10.68055],[79.85479,10.67767],[79.85525,10.67694],[79.85617,10.67606],[79.85628,10.67534],[79.85643,10.67432],[79.85665,10.67293],[79.85702,10.67046],[79.85721,10.66925],[79.85725,10.66613],[79.85728,10.66336],[79.85732,10.66037],[79.85737,10.65677],[79.85739,10.65474],[79.85742,10.65213],[79.85749,10.64698],[79.85753,10.64388],[79.85762,10.63744],[79.85773,10.62895],[79.85785,10.62068],[79.85797,10.61175],[79.85803,10.60666],[79.85822,10.5927],[79.85822,10.58861],[79.85822,10.58732],[79.85822,10.58157],[79.85821,10.58019],[79.8582,10.57905],[79.85814,10.57181],[79.85814,10.57179],[79.85811,10.56855],[79.85936,10.5631],[79.85948,10.56257],[79.8595,10.56124],[79.85949,10.55817],[79.85949,10.5576],[79.8595,10.55704],[79.85952,10.55655],[79.85948,10.55653],[79.85974,10.54431],[79.86024,10.52934],[79.86067,10.51683],[79.86071,10.51551],[79.86076,10.5155],[79.86109,10.50467],[79.86132,10.49778],[79.86143,10.49566],[79.8614,10.49565],[79.8615,10.49263],[79.86164,10.49043],[79.86203,10.48423],[79.86205,10.48422],[79.86276,10.48376],[79.86293,10.48204],[79.8632,10.47947],[79.86381,10.47345],[79.86403,10.46976],[79.86433,10.46691],[79.86463,10.4558],[79.86473,10.45238],[79.86575,10.41809],[79.86618,10.41723],[79.8662,10.41721],[79.8662,10.41717],[79.86706,10.40951],[79.86737,10.40235],[79.86775,10.39142],[79.86806,10.37954],[79.86858,10.37148],[79.86909,10.36459],[79.8696,10.35834],[79.86998,10.35286],[79.87053,10.3459],[79.8709,10.34038],[79.87233,10.33276],[79.87372,10.32574],[79.87373,10.32566],[79.87376,10.32564],[79.87444,10.32219],[79.87516,10.31702],[79.87517,10.31693],[79.87552,10.31444],[79.87599,10.31302],[79.87647,10.31162],[79.8768,10.30976],[79.8768,10.30974],[79.8768,10.30971],[79.87766,10.30938],[79.87812,10.30549],[79.87833,10.30391],[79.87884,10.30053],[79.87909,10.29721],[79.87924,10.29408],[79.87925,10.29406],[79.87924,10.29391],[79.87929,10.29208],[79.87934,10.29032],[79.87877,10.28761],[79.87871,10.28731],[79.8787,10.2873],[79.87788,10.28606],[79.87624,10.28559],[79.87395,10.28511],[79.87232,10.28552],[79.87216,10.28556],[79.87214,10.28557],[79.87064,10.28595],[79.86976,10.28614],[79.86866,10.2864],[79.8685,10.28637],[79.86603,10.28643],[79.86409,10.28561],[79.86343,10.28534],[79.86248,10.28494],[79.86106,10.28434],[79.86067,10.28425],[79.85867,10.28376],[79.85625,10.28316],[79.8516,10.28203],[79.85159,10.28202],[79.84922,10.28144],[79.84574,10.28109],[79.84572,10.2811],[79.84558,10.28108],[79.84029,10.28053],[79.84028,10.28053],[79.83849,10.28035],[79.83771,10.28023],[79.83738,10.28017],[79.83669,10.28002],[79.83634,10.27994],[79.83614,10.2799],[79.8346,10.27956],[79.83443,10.27952],[79.83393,10.27941],[79.83267,10.27921],[79.83187,10.27908],[79.83027,10.27883],[79.83017,10.27881],[79.82928,10.27867],[79.82748,10.27839],[79.82556,10.27808],[79.82321,10.27771],[79.8211,10.27738],[79.81954,10.27713],[79.81754,10.27658],[79.81527,10.27596],[79.81215,10.27511],[79.81214,10.27511],[79.81146,10.27492],[79.81004,10.27454],[79.80816,10.27402],[79.80457,10.27304],[79.80393,10.27288],[79.80296,10.27265],[79.80057,10.27205],[79.79913,10.27169],[79.7991,10.27169],[79.79778,10.27136],[79.79481,10.27131],[79.79149,10.27261],[79.7885,10.27525],[79.78711,10.27926],[79.78711,10.27927],[79.7865,10.28327],[79.78618,10.28533],[79.78601,10.28642],[79.78583,10.28794],[79.78575,10.2886],[79.78563,10.28956],[79.78394,10.29222],[79.78164,10.29339],[79.78136,10.29353],[79.77796,10.29526],[79.77652,10.29632],[79.77181,10.29977],[79.77129,10.30015],[79.76986,10.30119],[79.76986,10.30119],[79.76591,10.30456],[79.76515,10.3052],[79.76476,10.30557],[79.75927,10.31066],[79.75223,10.31283],[79.75092,10.31317],[79.74725,10.31413],[79.74337,10.31514],[79.74324,10.31518],[79.74323,10.31518],[79.73916,10.31624],[79.73754,10.31753],[79.73742,10.31762],[79.73663,10.32021],[79.73649,10.32029],[79.73619,10.32044],[79.73618,10.32121],[79.73617,10.32156],[79.73563,10.32281],[79.73544,10.32327],[79.73516,10.3239],[79.73431,10.32441],[79.73389,10.32466],[79.73389,10.32484],[79.73388,10.32512],[79.73177,10.32706],[79.72865,10.32993],[79.72409,10.3287],[79.72408,10.3287],[79.72351,10.32874],[79.719,10.32907],[79.71454,10.33083],[79.71453,10.33087],[79.71262,10.3317],[79.70769,10.33117],[79.70763,10.33116],[79.70761,10.33116],[79.70552,10.33],[79.70412,10.32885],[79.70394,10.32741],[79.70403,10.32566],[79.71354,10.32114],[79.71361,10.32111],[79.71695,10.31951],[79.7192,10.31724],[79.72036,10.31569],[79.72145,10.31402],[79.72145,10.31399],[79.72165,10.3137],[79.72166,10.3137],[79.72168,10.31366],[79.7217,10.31363],[79.72381,10.3104],[79.71479,10.31119],[79.71473,10.31122],[79.70641,10.31206],[79.70164,10.31339],[79.7013,10.31351],[79.69872,10.31424],[79.69478,10.31593],[79.69477,10.31595],[79.69072,10.31771],[79.69065,10.31772],[79.68814,10.31881],[79.68433,10.32115],[79.6818,10.32269],[79.68177,10.32273],[79.67914,10.32434],[79.67674,10.32514],[79.67549,10.32556],[79.67544,10.32553],[79.67532,10.32558],[79.67089,10.32707],[79.66544,10.32888],[79.65937,10.33092],[79.65465,10.33251],[79.63789,10.33808],[79.63789,10.33808],[79.63596,10.33699],[79.6347,10.33607],[79.63288,10.33543],[79.63278,10.33539],[79.62903,10.33245],[79.62691,10.33078],[79.62663,10.33033],[79.62447,10.32687],[79.62312,10.32595],[79.62058,10.32523],[79.61629,10.32402],[79.61487,10.32321],[79.6122,10.32169],[79.61143,10.32078],[79.61157,10.31919],[79.6134,10.3183],[79.62195,10.31709],[79.62259,10.317],[79.62406,10.3168],[79.63234,10.31577],[79.645,10.31545],[79.64841,10.31615],[79.65894,10.31298],[79.65903,10.31295],[79.66265,10.31186],[79.66549,10.31159],[79.66568,10.31155],[79.67301,10.31082],[79.68097,10.30739],[79.68742,10.30305],[79.69149,10.30032],[79.69996,10.29517],[79.70545,10.29353],[79.70996,10.29246],[79.71501,10.29122],[79.72296,10.28928],[79.72362,10.28926],[79.72703,10.28883],[79.72772,10.28907],[79.73248,10.29163],[79.73287,10.29225],[79.73369,10.29351],[79.73471,10.29508],[79.73788,10.2977],[79.73805,10.29788],[79.74241,10.29914],[79.74753,10.30006],[79.74757,10.29994],[79.74836,10.29935],[79.75025,10.2915],[79.75093,10.29105],[79.75097,10.29065],[79.75104,10.29006],[79.75125,10.28875],[79.75368,10.28772],[79.75372,10.28771],[79.75733,10.28866],[79.76029,10.2887],[79.76394,10.28727],[79.76394,10.28727],[79.76395,10.28727],[79.7656,10.28655],[79.7667,10.28578],[79.76919,10.28406],[79.7703,10.28384],[79.77263,10.28206],[79.77265,10.28116],[79.7727,10.28112],[79.77274,10.28107],[79.7745,10.27983],[79.77491,10.27824],[79.77497,10.27802],[79.77515,10.27793],[79.77622,10.27654],[79.77615,10.2765],[79.77638,10.27511],[79.77426,10.27395],[79.76936,10.27288],[79.76465,10.27351],[79.76088,10.27398],[79.75238,10.27575],[79.74099,10.27742],[79.72844,10.27892],[79.72004,10.27985],[79.70622,10.2836],[79.69921,10.28409],[79.69916,10.28407],[79.69694,10.28424],[79.69269,10.2853],[79.68952,10.28599],[79.68776,10.28656],[79.68755,10.2867],[79.68668,10.28694],[79.68297,10.2881],[79.67989,10.28909],[79.67454,10.29041],[79.67431,10.29028],[79.67411,10.29017],[79.66714,10.29124],[79.66552,10.29145],[79.65683,10.28971],[79.65185,10.29003],[79.6455,10.29208],[79.63782,10.29449],[79.63765,10.29456],[79.63755,10.29456],[79.63547,10.29521],[79.63328,10.29645],[79.63268,10.29678],[79.63247,10.29679],[79.63159,10.29683],[79.6282,10.29835],[79.6277,10.29857],[79.62446,10.29972],[79.61665,10.3018],[79.61655,10.30183],[79.6114,10.30232],[79.59945,10.30428],[79.59444,10.30505],[79.59436,10.30505],[79.59328,10.3046],[79.58445,10.30528],[79.58122,10.30552],[79.57886,10.3057],[79.57387,10.30653],[79.57385,10.30658],[79.56417,10.30816],[79.55244,10.30799],[79.55224,10.30795],[79.55073,10.30773],[79.54767,10.30693],[79.54766,10.30693],[79.54541,10.30733],[79.54474,10.30864],[79.54566,10.31128],[79.54571,10.31138],[79.54572,10.3114],[79.5469,10.31393],[79.54993,10.31691],[79.55005,10.31707],[79.5526,10.321],[79.55435,10.32766],[79.55447,10.32772],[79.55629,10.32986],[79.56117,10.33119],[79.56139,10.33125],[79.56141,10.33126],[79.56547,10.33123],[79.56947,10.33043],[79.5697,10.33041],[79.57659,10.32904],[79.58403,10.32856],[79.59539,10.32775],[79.59565,10.32776],[79.59569,10.32775],[79.59794,10.32759],[79.60123,10.32809],[79.60133,10.32811],[79.60356,10.32845],[79.60678,10.32896],[79.60685,10.32895],[79.61116,10.3296],[79.61309,10.33076],[79.6148,10.33453],[79.61443,10.33544],[79.61418,10.33609],[79.61356,10.33765],[79.61307,10.33893],[79.61282,10.34007],[79.6098,10.34251],[79.60968,10.34256],[79.60025,10.34779],[79.60017,10.34776],[79.60012,10.34782],[79.59853,10.34756],[79.5955,10.34615],[79.59222,10.34462],[79.5919,10.34449],[79.58679,10.3428],[79.58595,10.34256],[79.58593,10.34256],[79.58191,10.3425],[79.57579,10.34377],[79.57576,10.34381],[79.56948,10.3451],[79.55511,10.3481],[79.54958,10.3493],[79.54931,10.3494],[79.54679,10.351],[79.53307,10.35567],[79.53283,10.35575],[79.53277,10.35577],[79.52698,10.35499],[79.52946,10.3509],[79.53062,10.34979],[79.53082,10.34917],[79.53176,10.34826],[79.53282,10.34708],[79.53459,10.3451],[79.53707,10.34232],[79.53787,10.34143],[79.53639,10.33964],[79.5364,10.33658],[79.53727,10.33316],[79.53733,10.33301],[79.53742,10.33276],[79.53761,10.33225],[79.53778,10.32822],[79.53784,10.32684],[79.53721,10.32626],[79.53582,10.32383],[79.52826,10.3178],[79.52793,10.31713],[79.52273,10.31386],[79.52242,10.31373],[79.5222,10.31364],[79.52122,10.31323],[79.52048,10.31292],[79.52028,10.31273],[79.51933,10.31178],[79.51795,10.31157],[79.51774,10.31159],[79.51773,10.31159],[79.51665,10.31169],[79.51431,10.3119],[79.51306,10.31212],[79.50985,10.31267],[79.50982,10.31268],[79.50948,10.31274],[79.50616,10.31332],[79.50315,10.31384],[79.50141,10.31419],[79.49344,10.31609],[79.48231,10.31697],[79.47341,10.31887],[79.46432,10.32084],[79.45308,10.32201],[79.4478,10.32372],[79.43866,10.32472],[79.42288,10.32467],[79.40162,10.32479],[79.39552,10.32369],[79.38794,10.3216],[79.38298,10.3188],[79.37747,10.31391],[79.37355,10.30709],[79.37355,10.30709],[79.37226,10.30453],[79.36778,10.29969],[79.36778,10.29968],[79.36778,10.29968],[79.36483,10.29807],[79.35911,10.29871],[79.35911,10.29871],[79.35911,10.29871],[79.35794,10.29883],[79.35334,10.30075],[79.35334,10.30075],[79.34902,10.30204],[79.35317,10.29035],[79.35317,10.29035],[79.34858,10.28998],[79.34591,10.28976],[79.34589,10.28977],[79.3426,10.28949],[79.32914,10.28609],[79.32779,10.2854],[79.32486,10.28261],[79.32398,10.28123],[79.32245,10.27692],[79.32245,10.27692],[79.32245,10.27692],[79.31751,10.27182],[79.31751,10.27182],[79.31573,10.27104],[79.31255,10.27044],[79.30958,10.26987],[79.30957,10.26987],[79.30548,10.268],[79.30458,10.26709],[79.30458,10.26709],[79.29901,10.26447],[79.29901,10.26447],[79.29879,10.2615],[79.29608,10.25694],[79.29608,10.25694],[79.29251,10.25302],[79.28155,10.24465],[79.27709,10.23996],[79.27709,10.23996],[79.27561,10.23821],[79.27283,10.23263],[79.2723,10.23112],[79.27195,10.22611],[79.27333,10.22544],[79.27401,10.22522],[79.27431,10.22426],[79.2745,10.22367],[79.27704,10.22212],[79.27704,10.22212],[79.27789,10.21985],[79.27799,10.21395],[79.27799,10.21395],[79.27611,10.21032],[79.27027,10.2043],[79.27027,10.2043],[79.26763,10.19971],[79.26154,10.19393],[79.26154,10.19393],[79.25884,10.19232],[79.25718,10.19197],[79.25407,10.19131],[79.25407,10.19131],[79.25407,10.19131],[79.25021,10.18898],[79.24866,10.18601],[79.24866,10.186],[79.24799,10.18518],[79.24796,10.18519],[79.2474,10.18495],[79.24241,10.17834],[79.24018,10.17472],[79.2385,10.16812],[79.2385,10.16812],[79.2385,10.16812],[79.23871,10.16202],[79.23871,10.16202],[79.23839,10.16086],[79.23346,10.15487],[79.23346,10.15487],[79.23172,10.14984],[79.22883,10.14504],[79.22886,10.14028],[79.22891,10.13413],[79.23254,10.12968],[79.23315,10.1281],[79.2331,10.12425],[79.23256,10.12242],[79.23179,10.1215],[79.22805,10.11326],[79.2264,10.10389],[79.22632,10.1017],[79.22693,10.0926],[79.22775,10.09169],[79.22846,10.09125],[79.22983,10.08576],[79.23042,10.08519],[79.23268,10.07839],[79.23283,10.07636],[79.24086,10.07355],[79.24503,10.07067],[79.24562,10.06342],[79.24609,10.0632],[79.25093,10.05989],[79.25093,10.05943],[79.25164,10.05898],[79.25132,10.05739],[79.25134,10.0499],[79.25406,10.04812],[79.25431,10.04743],[79.25597,10.04656],[79.26172,10.04464],[79.2624,10.04396],[79.26244,10.0417],[79.26385,10.04036],[79.26342,10.03876],[79.26347,10.03581],[79.25058,10.02879],[79.24519,10.02452],[79.24191,10.02193],[79.23311,10.01555],[79.23312,10.01509],[79.22778,10.0105],[79.22615,10.00952],[79.22455,10.00823],[79.22232,10.00696],[79.22033,10.00477],[79.21807,10.00258],[79.21769,9.99757],[79.21656,9.99543],[79.21314,9.99136],[79.20807,9.98039],[79.20136,9.97278],[79.19958,9.96889],[79.19501,9.96358],[79.19506,9.96132],[79.19427,9.9603],[79.19294,9.95936],[79.1907,9.9587],[79.18622,9.95677],[79.18273,9.95497],[79.17213,9.94745],[79.16842,9.9443],[79.16697,9.94291],[79.1634,9.93761],[79.16294,9.9376],[79.16248,9.93714],[79.16199,9.93657],[79.16157,9.93544],[79.15736,9.93047],[79.15502,9.92421],[79.1522,9.91493],[79.15102,9.91083],[79.15106,9.90901],[79.14796,9.90785],[79.14394,9.90368],[79.12549,9.88859],[79.12084,9.88057],[79.11999,9.87784],[79.1206,9.8681],[79.12122,9.86629],[79.12252,9.86516],[79.12309,9.8579],[79.1228,9.85631],[79.12046,9.85175],[79.11975,9.85155],[79.11953,9.8509],[79.11877,9.85066],[79.11808,9.85009],[79.11766,9.84919],[79.11406,9.84624],[79.10519,9.83898],[79.10142,9.83347],[79.09467,9.82726],[79.09041,9.82331],[79.0903,9.82285],[79.0875,9.81962],[79.08706,9.81848],[79.08605,9.81777],[79.08098,9.81115],[79.0802,9.80964],[79.07759,9.80014],[79.07454,9.79328],[79.06895,9.78615],[79.0666,9.78406],[79.06228,9.7781],[79.05709,9.77392],[79.05654,9.77276],[79.05644,9.77207],[79.05575,9.77139],[79.04514,9.76619],[79.03727,9.7606],[79.02873,9.75229],[79.02728,9.75023],[79.02643,9.74969],[79.02529,9.74768],[79.02509,9.74448],[79.01773,9.73777],[79.01416,9.73295],[79.0136,9.73181],[79.0112,9.72986],[79.00941,9.72782],[78.99161,9.71257],[78.99114,9.71197],[78.98935,9.70963],[78.98756,9.70727],[78.98693,9.70545],[78.98485,9.70203],[78.98276,9.69745],[78.97711,9.68279],[78.97576,9.67648],[78.97424,9.66506],[78.97314,9.66345],[78.97067,9.66114],[78.96963,9.65902],[78.96719,9.65197],[78.96587,9.64922],[78.96094,9.63961],[78.96036,9.63916],[78.95845,9.63486],[78.95722,9.63157],[78.95573,9.62822],[78.95468,9.62566],[78.95125,9.62083],[78.95035,9.62035],[78.9487,9.61601],[78.94409,9.6111],[78.94303,9.60933],[78.94263,9.60877],[78.94134,9.60725],[78.9381,9.60447],[78.9362,9.60307],[78.93587,9.60193],[78.93555,9.6008],[78.93217,9.59802],[78.93089,9.59481],[78.92526,9.58638],[78.92455,9.58335],[78.92302,9.5788],[78.92276,9.57764],[78.92033,9.57262],[78.91878,9.56461],[78.91963,9.54819],[78.9197,9.5474],[78.91908,9.54352],[78.91876,9.53525],[78.91861,9.5315],[78.91643,9.52043],[78.91584,9.51392],[78.91561,9.51258],[78.91515,9.51008],[78.91517,9.50895],[78.91546,9.49964],[78.91471,9.49827],[78.90765,9.49657],[78.90148,9.49214],[78.90102,9.49213],[78.89799,9.48889],[78.89706,9.48676],[78.89455,9.47862],[78.89536,9.4716],[78.89889,9.46009],[78.90044,9.45673],[78.90079,9.45639],[78.90322,9.45404],[78.9037,9.45292],[78.90417,9.45293],[78.9043,9.45228],[78.90498,9.45183],[78.90604,9.45001],[78.90671,9.44958],[78.90892,9.44559],[78.91043,9.4429],[78.91105,9.4418],[78.9115,9.44158],[78.91381,9.43699],[78.91895,9.43141],[78.9213,9.42668],[78.92766,9.41988],[78.92926,9.4174],[78.9297,9.41642],[78.93736,9.40927],[78.93899,9.40774],[78.939,9.40728],[78.9418,9.40348],[78.94226,9.40236],[78.94458,9.40023],[78.94504,9.39978],[78.94785,9.39725],[78.95064,9.39456],[78.95065,9.39366],[78.95326,9.39158],[78.95397,9.39091],[78.95745,9.38811],[78.9577,9.38745],[78.96192,9.38328],[78.96337,9.38128],[78.9639,9.3803],[78.96925,9.37517],[78.97042,9.37247],[78.97462,9.36823],[78.97463,9.36777],[78.97463,9.36731],[78.97697,9.3653],[78.97812,9.36465],[78.97927,9.36219],[78.9802,9.36176],[78.98639,9.35644],[78.98764,9.35462],[78.98765,9.35415],[78.99342,9.34995],[79.01519,9.33154],[79.0164,9.3286],[79.01917,9.3266],[79.01964,9.32617],[79.02171,9.32439],[79.02243,9.32328],[79.02635,9.3203],[79.02636,9.31984],[79.03071,9.3166],[79.03374,9.31532],[79.03422,9.31441],[79.04315,9.30735],[79.0434,9.30667],[79.04389,9.30626],[79.0518,9.29997],[79.05464,9.29853],[79.05668,9.29813],[79.06004,9.29611],[79.0633,9.29474],[79.06928,9.29427],[79.07196,9.29444],[79.07331,9.29536],[79.07806,9.29681],[79.08011,9.29731],[79.08489,9.29627],[79.09573,9.29021],[79.09778,9.2896],[79.09826,9.28948],[79.10144,9.2893],[79.1101,9.29038],[79.12098,9.29307],[79.12876,9.29072],[79.14772,9.28811],[79.14826,9.28784],[79.14957,9.28722],[79.15325,9.28593],[79.15529,9.28573],[79.15665,9.28599],[79.158,9.28714],[79.15833,9.28784],[79.16073,9.28834],[79.17015,9.28849],[79.17609,9.28795],[79.17702,9.28815],[79.18408,9.28758],[79.18656,9.28752],[79.19167,9.28586],[79.18828,9.28093],[79.18425,9.27797],[79.18027,9.27846],[79.17943,9.27865],[79.17761,9.27832],[79.1744,9.27766],[79.16095,9.27624],[79.14957,9.27496],[79.1294,9.26869],[79.09628,9.2605],[79.09379,9.25988],[79.08241,9.25921],[79.0671,9.26145],[79.0646,9.26119],[79.0556,9.26181],[79.0547,9.26157],[79.04967,9.26233],[79.04083,9.26436],[79.03125,9.26555],[79.01616,9.2687],[78.9992,9.27337],[78.9967,9.27337],[78.98777,9.27518],[78.9855,9.27514],[78.98461,9.27467],[78.96841,9.27416],[78.96591,9.27455],[78.96205,9.27395],[78.94183,9.27071],[78.92621,9.26521],[78.91515,9.25885],[78.91252,9.25336],[78.90853,9.24946],[78.90489,9.24824],[78.89356,9.25028],[78.88472,9.25468],[78.8776,9.25658],[78.87577,9.25608],[78.86966,9.25507],[78.86762,9.25503],[78.8565,9.25187],[78.85222,9.24927],[78.84654,9.24792],[78.81485,9.23748],[78.80951,9.23508],[78.80518,9.23293],[78.79452,9.22856],[78.77666,9.22197],[78.7652,9.21864],[78.7601,9.21663],[78.74426,9.2116],[78.74132,9.21064],[78.73031,9.20971],[78.72723,9.20945],[78.72498,9.20876],[78.72295,9.20711],[78.72163,9.203],[78.72226,9.18892],[78.72083,9.18733],[78.70697,9.19091],[78.69405,9.19484],[78.68596,9.19538],[78.67691,9.19451],[78.67289,9.19375],[78.66823,9.19152],[78.65771,9.18747],[78.65189,9.18328],[78.64992,9.1789],[78.64566,9.17499],[78.64522,9.17272],[78.64512,9.16726],[78.64606,9.1666],[78.64722,9.16571],[78.64936,9.16144],[78.65079,9.16038],[78.65159,9.15742],[78.65066,9.1554],[78.64993,9.15487],[78.64399,9.15566],[78.63999,9.15772],[78.63032,9.15652],[78.62602,9.15519],[78.62044,9.15342],[78.61107,9.15107],[78.60018,9.14754],[78.58555,9.1393],[78.5851,9.13885],[78.58211,9.1366],[78.58031,9.13398],[78.57913,9.13202],[78.57539,9.12868],[78.57529,9.12821],[78.57429,9.12801],[78.56878,9.12878],[78.56065,9.13111],[78.55698,9.13283],[78.55673,9.13375],[78.55606,9.13418],[78.54895,9.13542],[78.53231,9.1362],[78.52822,9.13612],[78.52739,9.13601],[78.51127,9.13327],[78.49145,9.12907],[78.48411,9.13141],[78.4773,9.13059],[78.47618,9.1301],[78.47416,9.12757],[78.46604,9.12423],[78.45078,9.12165],[78.43541,9.11771],[78.42229,9.11339],[78.39775,9.09902],[78.39128,9.09386],[78.39015,9.09296],[78.3835,9.08897],[78.3789,9.08618],[78.37279,9.08168],[78.37007,9.08031],[78.36981,9.07857],[78.36072,9.07263],[78.3562,9.07027],[78.34758,9.06466],[78.34692,9.06259],[78.34394,9.05799],[78.34065,9.05532],[78.33816,9.05437],[78.33586,9.05241],[78.33539,9.0521],[78.33093,9.04947],[78.32127,9.04411],[78.31308,9.04026],[78.30915,9.03871],[78.30792,9.0372],[78.30779,9.03498],[78.30769,9.0313],[78.30702,9.02907],[78.30525,9.02756],[78.30293,9.02677],[78.30166,9.02674],[78.29986,9.0272],[78.29807,9.02667],[78.29735,9.02641],[78.29666,9.02517],[78.2965,9.02418],[78.29688,9.02345],[78.2967,9.0232],[78.29635,9.02295],[78.29582,9.02269],[78.29474,9.02242],[78.29332,9.0219],[78.29224,9.02163],[78.29116,9.02161],[78.29024,9.02219],[78.28612,9.02437],[78.28497,9.02411],[78.28384,9.02326],[78.28207,9.02156],[78.27882,9.014],[78.27479,9.01076],[78.27226,9.01161],[78.27087,9.01248],[78.27086,9.01294],[78.27015,9.01382],[78.26899,9.01493],[78.26876,9.01585],[78.26827,9.0172],[78.26688,9.01853],[78.26639,9.01893],[78.26362,9.02185],[78.26316,9.02297],[78.26176,9.02317],[78.26152,9.02386],[78.2615,9.02432],[78.26083,9.02454],[78.25944,9.02608],[78.25895,9.02632],[78.24482,9.0333],[78.24218,9.03458],[78.23921,9.03521],[78.23399,9.03356],[78.22914,9.03212],[78.22817,9.03185],[78.22352,9.03274],[78.22145,9.0342],[78.21982,9.03594],[78.21948,9.03778],[78.21851,9.04454],[78.21651,9.04588],[78.21342,9.04796],[78.21064,9.04029],[78.21222,9.03987],[78.21427,9.03359],[78.21464,9.03251],[78.21634,9.02861],[78.21954,9.0271],[78.22389,9.0265],[78.22848,9.02909],[78.23266,9.03039],[78.23443,9.03087],[78.23953,9.03068],[78.24492,9.02834],[78.24581,9.02785],[78.25823,9.01858],[78.26124,9.01592],[78.26137,9.01517],[78.26186,9.01416],[78.26325,9.01283],[78.26546,9.01011],[78.26567,9.00898],[78.26578,9.00808],[78.26646,9.00789],[78.26646,9.00743],[78.26716,9.00698],[78.26811,9.0029],[78.26783,9.00084],[78.26692,8.99992],[78.2642,8.99742],[78.25897,8.99432],[78.25863,8.99362],[78.25853,8.99315],[78.25516,8.99083],[78.24583,8.98563],[78.23738,8.98091],[78.23604,8.97952],[78.22126,8.96912],[78.217,8.96574],[78.21701,8.96507],[78.2125,8.96158],[78.21222,8.96109],[78.20967,8.95675],[78.20652,8.9535],[78.20359,8.94777],[78.19969,8.94131],[78.19832,8.93788],[78.19809,8.93737],[78.1979,8.93665],[78.1951,8.93353],[78.19427,8.93102],[78.19337,8.92987],[78.19158,8.92845],[78.19,8.92321],[78.18696,8.91588],[78.18575,8.9136],[78.18482,8.90357],[78.18302,8.8965],[78.17677,8.88955],[78.17684,8.88797],[78.1756,8.88682],[78.17212,8.88038],[78.17274,8.872],[78.16894,8.84695],[78.16881,8.84109],[78.16858,8.83128],[78.16787,8.82426],[78.16486,8.79309],[78.16503,8.79039],[78.16617,8.77481],[78.1662,8.77352],[78.16621,8.7719],[78.16542,8.76132],[78.16536,8.75837],[78.16742,8.75795],[78.16878,8.75844],[78.17122,8.76101],[78.17227,8.76488],[78.17282,8.76556],[78.17534,8.76635],[78.17903,8.76361],[78.18027,8.76271],[78.18108,8.76272],[78.18204,8.76297],[78.18322,8.76326],[78.18905,8.762],[78.19007,8.76183],[78.19259,8.76235],[78.19821,8.76519],[78.1991,8.7661],[78.19819,8.77176],[78.19618,8.7749],[78.19601,8.78306],[78.19623,8.78373],[78.1978,8.78584],[78.19846,8.78629],[78.19933,8.7879],[78.20047,8.78746],[78.20125,8.78545],[78.20227,8.78326],[78.20361,8.7813],[78.20394,8.78042],[78.20431,8.77822],[78.20418,8.77645],[78.20452,8.7758],[78.20497,8.77473],[78.20568,8.7727],[78.20582,8.76825],[78.20592,8.76691],[78.20507,8.76521],[78.20429,8.76409],[78.20348,8.76301],[78.19676,8.74745],[78.19388,8.7449],[78.19251,8.74487],[78.18977,8.74548],[78.1885,8.75113],[78.18802,8.75158],[78.18506,8.75175],[78.18346,8.75147],[78.16988,8.74347],[78.16409,8.73203],[78.1628,8.72859],[78.16255,8.72762],[78.15988,8.71627],[78.15863,8.71404],[78.15891,8.71375],[78.15702,8.71052],[78.15219,8.70494],[78.15034,8.70352],[78.14576,8.70054],[78.14431,8.69915],[78.14104,8.69295],[78.14036,8.69001],[78.13887,8.67655],[78.13545,8.66673],[78.13281,8.65574],[78.13178,8.65146],[78.12984,8.64664],[78.12864,8.64433],[78.12781,8.64118],[78.12632,8.63522],[78.12694,8.62797],[78.12843,8.62277],[78.13203,8.61355],[78.13249,8.61333],[78.13293,8.61313],[78.13356,8.61079],[78.13415,8.61023],[78.13551,8.605],[78.1361,8.60365],[78.13656,8.60343],[78.13681,8.60279],[78.13727,8.60257],[78.14182,8.59081],[78.14174,8.58447],[78.13909,8.57442],[78.13911,8.5733],[78.13856,8.56606],[78.13484,8.55281],[78.12862,8.5439],[78.12476,8.53612],[78.1241,8.52952],[78.12482,8.52374],[78.12701,8.51267],[78.12754,8.51141],[78.12801,8.51119],[78.12982,8.50593],[78.13047,8.50537],[78.1331,8.49871],[78.13301,8.49236],[78.13109,8.48709],[78.12909,8.48412],[78.11727,8.47292],[78.10546,8.46322],[78.09765,8.45318],[78.08511,8.43973],[78.08047,8.43195],[78.07654,8.42857],[78.07109,8.42076],[78.06716,8.41629],[78.06494,8.40855],[78.06207,8.39202],[78.0606,8.3865],[78.05991,8.38099],[78.06156,8.37882],[78.06562,8.37672],[78.06806,8.37457],[78.06733,8.37126],[78.06336,8.37007],[78.05304,8.36437],[78.04218,8.35883],[78.0409,8.35832],[78.011,8.34782],[77.99212,8.34119],[77.98734,8.34019],[77.97675,8.33588],[77.97589,8.33533],[77.97444,8.33441],[77.96976,8.33008],[77.96246,8.32331],[77.95949,8.3196],[77.95836,8.31808],[77.95773,8.31786],[77.95753,8.31714],[77.9543,8.31269],[77.94784,8.30598],[77.93998,8.30127],[77.92218,8.29453],[77.91504,8.29221],[77.90954,8.29063],[77.90317,8.28549],[77.90284,8.28482],[77.90073,8.28272],[77.89978,8.28201],[77.89534,8.27578],[77.89431,8.27509],[77.89018,8.27069],[77.88481,8.26739],[77.86952,8.26072],[77.86294,8.25897],[77.83767,8.25185],[77.82215,8.24846],[77.81443,8.24616],[77.80983,8.24322],[77.79864,8.23374],[77.78689,8.22567],[77.78544,8.22348],[77.78549,8.22122],[77.78384,8.21893],[77.78385,8.21823],[77.78386,8.21777],[77.78478,8.21367],[77.78569,8.21325],[77.78737,8.20855],[77.78731,8.20627],[77.78727,8.2057],[77.78691,8.20308],[77.78548,8.20114],[77.78391,8.19997],[77.78091,8.19661],[77.77555,8.19331],[77.76577,8.19262],[77.75872,8.18819],[77.75708,8.18657],[77.75554,8.18266],[77.755,8.18221],[77.75378,8.18105],[77.75314,8.17853],[77.74238,8.1717],[77.73427,8.16768],[77.73291,8.16884],[77.7162,8.16545],[77.68702,8.15869],[77.67297,8.15634],[77.66295,8.15656],[77.65541,8.15913],[77.64643,8.15726],[77.64106,8.15497],[77.6349,8.15232],[77.61818,8.14856],[77.60626,8.14603],[77.5911,8.1418],[77.58924,8.14134],[77.58309,8.13733],[77.57897,8.13293],[77.57832,8.13222],[77.57161,8.12755],[77.56869,8.12613],[77.56743,8.1258],[77.56687,8.12563],[77.56673,8.12505],[77.56309,8.12169],[77.56257,8.11991],[77.56175,8.11871],[77.5617,8.11779],[77.55936,8.11183],[77.55883,8.11002],[77.55873,8.10684],[77.55911,8.10344],[77.56196,8.09656],[77.56368,8.09521],[77.5654,8.09386],[77.56612,8.09203],[77.56582,8.09017],[77.56417,8.08828],[77.55824,8.08213],[77.5556,8.07884],[77.55293,8.07785],[77.54718,8.07818],[77.53748,8.07959],[77.52788,8.08118],[77.52384,8.08127],[77.51202,8.08036],[77.50798,8.08009],[77.50461,8.08001],[77.49919,8.08082],[77.49239,8.08297],[77.48052,8.08549],[77.46663,8.08795],[77.45478,8.08907],[77.44884,8.09144],[77.44242,8.09378],[77.42163,8.09853],[77.4097,8.10335],[77.40571,8.10423],[77.40389,8.10405],[77.39855,8.1046],[77.39236,8.10651],[77.39008,8.10736],[77.38995,8.10802],[77.38917,8.1078],[77.38182,8.11148],[77.38169,8.11215],[77.37951,8.11233],[77.37374,8.11547],[77.3708,8.11776],[77.36589,8.12096],[77.36109,8.12328],[77.35856,8.12389],[77.35805,8.12395],[77.35553,8.12412],[77.35284,8.1239],[77.34901,8.12437],[77.3481,8.12411],[77.34059,8.12528],[77.33804,8.12459],[77.33787,8.12454],[77.33611,8.12338],[77.32861,8.12321],[77.31751,8.12136],[77.31036,8.12597],[77.30987,8.12732],[77.30915,8.12821],[77.30861,8.12861],[77.30698,8.13429],[77.3063,8.13473],[77.30538,8.13561],[77.30248,8.14235],[77.302,8.14257],[77.30025,8.14571],[77.29987,8.14706],[77.29702,8.14984],[77.29008,8.15511],[77.28341,8.16008],[77.27676,8.16399],[77.25048,8.17021],[77.2403,8.1779],[77.23853,8.17786],[77.2362,8.18397],[77.23572,8.18418],[77.23379,8.18917],[77.2325,8.19068],[77.23215,8.19099],[77.22736,8.19527],[77.22323,8.19796],[77.20507,8.2066],[77.19917,8.21136],[77.19349,8.21588],[77.19188,8.21674],[77.18714,8.21979],[77.18713,8.22025],[77.18367,8.22289],[77.18355,8.22335],[77.18147,8.22513],[77.17935,8.22803],[77.17748,8.23001],[77.17446,8.23289],[77.17445,8.23336],[77.17144,8.23577],[77.17052,8.23622],[77.1696,8.23732],[77.16836,8.24071],[77.16421,8.24333],[77.16031,8.2456],[77.15729,8.24681],[77.15245,8.25055],[77.14439,8.25444],[77.14324,8.2552],[77.12844,8.26585],[77.12226,8.27245],[77.11523,8.27873],[77.11405,8.27935],[77.1138,8.28001],[77.1109,8.28255],[77.10006,8.29136],[77.1038,8.29969],[77.10858,8.30498],[77.11572,8.30572],[77.11745,8.30917],[77.12389,8.30928],[77.12005,8.31933],[77.12805,8.32059],[77.13076,8.32421],[77.14118,8.3307],[77.14987,8.33202],[77.15631,8.32788],[77.16402,8.32805],[77.16908,8.32977],[77.17144,8.32731],[77.17419,8.32145],[77.17902,8.32036],[77.17903,8.32524],[77.17248,8.33351],[77.17036,8.33879],[77.1702,8.34332],[77.17607,8.35308],[77.17384,8.35928],[77.17126,8.36261],[77.16671,8.36244],[77.16072,8.35699],[77.15496,8.35349],[77.15456,8.35957],[77.1624,8.37014],[77.16035,8.37685],[77.15494,8.38036],[77.15391,8.38638],[77.15984,8.39069],[77.1649,8.3896],[77.16853,8.38334],[77.17284,8.38535],[77.18362,8.39579],[77.18621,8.40343],[77.19135,8.40969],[77.1989,8.41709],[77.19949,8.42662],[77.20174,8.43552],[77.20774,8.44281],[77.21787,8.44488],[77.22864,8.44585],[77.22933,8.45119],[77.22814,8.45882],[77.22418,8.46365],[77.21779,8.46836],[77.2136,8.47749],[77.20983,8.49632],[77.20535,8.50149],[77.21089,8.50752],[77.21745,8.51211],[77.22529,8.51262],[77.23621,8.50435],[77.24155,8.49654],[77.24656,8.49884],[77.25141,8.50417],[77.26027,8.50641],[77.26655,8.50968],[77.27147,8.52541],[77.27713,8.53649],[77.28412,8.54584],[77.28401,8.55095],[77.27861,8.55744],[77.27035,8.57938],[77.26161,8.58891],[77.25633,8.59678],[77.25081,8.60046],[77.24707,8.60614],[77.24651,8.61143],[77.24688,8.62125],[77.23726,8.6267],[77.23089,8.6371],[77.22674,8.63945],[77.2237,8.64359],[77.21691,8.64939],[77.21364,8.65697],[77.20869,8.66317],[77.20542,8.67058],[77.20878,8.67948],[77.20804,8.68568],[77.20598,8.69205],[77.2012,8.69831],[77.19747,8.7079],[77.19051,8.71152],[77.18516,8.71588],[77.17981,8.72341],[77.18103,8.72915],[77.1754,8.73943],[77.17333,8.7458],[77.17524,8.74902],[77.18076,8.74345],[77.189,8.74166],[77.19459,8.74333],[77.19915,8.74913],[77.20175,8.75648],[77.20147,8.7617],[77.19877,8.76589],[77.20101,8.76946],[77.20948,8.76675],[77.21587,8.76612],[77.22032,8.76928],[77.21739,8.77398],[77.21641,8.77789],[77.22333,8.77881],[77.22765,8.78214],[77.23273,8.7842],[77.23338,8.79511],[77.23536,8.8055],[77.24198,8.80682],[77.24539,8.80906],[77.2496,8.81561],[77.24886,8.82008],[77.24995,8.82198],[77.25417,8.82617],[77.26503,8.84046],[77.26084,8.84982],[77.2639,8.85166],[77.26355,8.85367],[77.25831,8.86005],[77.26109,8.86366],[77.26086,8.86785],[77.25938,8.87337],[77.25771,8.87664],[77.24987,8.87762],[77.24492,8.88038],[77.24095,8.88635],[77.24165,8.8937],[77.23918,8.89669],[77.23244,8.90065],[77.22934,8.90157],[77.22392,8.90169],[77.21967,8.91518],[77.22499,8.92242],[77.22234,8.92592],[77.21566,8.92782],[77.2114,8.9304],[77.2073,8.92805],[77.2043,8.92415],[77.20723,8.92104],[77.20233,8.91863],[77.19795,8.9242],[77.19814,8.9269],[77.1967,8.92943],[77.19936,8.9373],[77.19913,8.94103],[77.19712,8.94597],[77.19869,8.95044],[77.1976,8.9555],[77.1927,8.95929],[77.19213,8.96532],[77.18056,8.97078],[77.17574,8.98663],[77.16411,8.99536],[77.16123,9.00025],[77.16113,9.00025],[77.16037,9.00629],[77.15439,9.0066],[77.15138,9.00837],[77.15223,9.01386],[77.15037,9.01664],[77.14926,9.02024],[77.15359,9.02149],[77.15767,9.02384],[77.164,9.02999],[77.16242,9.03565],[77.16532,9.04143],[77.17084,9.04502],[77.18454,9.04703],[77.18727,9.04239],[77.19924,9.04505],[77.19733,9.05334],[77.19999,9.05565],[77.20148,9.05919],[77.20579,9.06505],[77.2086,9.07053],[77.20997,9.07361],[77.2077,9.07856],[77.20682,9.08377],[77.2129,9.09703],[77.2193,9.10001],[77.22189,9.10444],[77.2264,9.10622],[77.22877,9.11502],[77.2341,9.11677],[77.24278,9.12285],[77.24722,9.12353],[77.24963,9.12664],[77.25472,9.13872],[77.26244,9.14432],[77.2631,9.14802],[77.26884,9.15184],[77.26662,9.16484],[77.26929,9.17376],[77.26532,9.18458],[77.26023,9.18492],[77.25351,9.18797],[77.25645,9.19534],[77.2566,9.19874],[77.26395,9.19806],[77.26717,9.19906],[77.27021,9.20219],[77.27508,9.20892],[77.28371,9.2177],[77.27825,9.22584],[77.27633,9.23327],[77.28049,9.24073],[77.27928,9.24979],[77.28245,9.25257],[77.28269,9.26419],[77.28459,9.26677],[77.28437,9.2713],[77.29088,9.2721],[77.28383,9.29061],[77.2835,9.2998],[77.28677,9.30069],[77.29012,9.30313],[77.29438,9.30421],[77.30019,9.30987],[77.3009,9.31403],[77.30343,9.31708],[77.30349,9.31904],[77.30203,9.32458],[77.29892,9.32859],[77.30178,9.33021],[77.30076,9.33645],[77.30349,9.33589],[77.30718,9.33667],[77.31678,9.33397],[77.32371,9.33667],[77.32804,9.33695],[77.32632,9.3437],[77.33725,9.36018],[77.33664,9.3639],[77.33967,9.36766],[77.33614,9.37234],[77.33635,9.38523],[77.34236,9.38779],[77.34266,9.38958],[77.34144,9.39265],[77.34417,9.39893],[77.34396,9.40318],[77.33787,9.41091],[77.33818,9.41477],[77.34061,9.4173],[77.34657,9.42435],[77.34832,9.43054],[77.35109,9.43308],[77.3507,9.44021],[77.35937,9.44962],[77.36186,9.45445],[77.36806,9.45892],[77.37301,9.45714],[77.3767,9.45292],[77.38013,9.45254],[77.38416,9.45316],[77.38875,9.45454],[77.3951,9.46004],[77.39387,9.46794],[77.39872,9.47048],[77.40332,9.47669],[77.40055,9.47909],[77.40038,9.4884],[77.40194,9.49551],[77.40432,9.50028],[77.41269,9.50589],[77.41129,9.51374],[77.40648,9.51396],[77.40278,9.51612],[77.40311,9.52607],[77.38706,9.51797],[77.38257,9.52407],[77.37727,9.52544],[77.37095,9.53316],[77.36678,9.53553],[77.36674,9.5495],[77.36497,9.55544],[77.36272,9.5578],[77.35611,9.55833],[77.35417,9.55948],[77.35354,9.56407],[77.35198,9.56604],[77.35661,9.57329],[77.35981,9.57308],[77.36133,9.57651],[77.35698,9.58687],[77.35924,9.59405],[77.36085,9.59685],[77.36228,9.59706],[77.36528,9.59575],[77.36737,9.5973],[77.36711,9.59856],[77.3569,9.60429],[77.34453,9.58242],[77.34083,9.57238],[77.33704,9.57654],[77.32666,9.57951],[77.32571,9.58512],[77.32798,9.5873],[77.32673,9.59365],[77.33079,9.59778],[77.32965,9.5993],[77.32494,9.59798],[77.32021,9.60218],[77.30235,9.59639],[77.29541,9.58914],[77.29082,9.59001],[77.29116,9.58564],[77.27699,9.57569],[77.27371,9.57716],[77.27084,9.57399],[77.26637,9.57439],[77.26253,9.57763],[77.26057,9.57758],[77.25778,9.58051],[77.25466,9.58233],[77.24563,9.58486],[77.23854,9.58169],[77.23034,9.5877],[77.22477,9.59331],[77.22425,9.59772],[77.22098,9.60115],[77.21641,9.60127],[77.21216,9.60455],[77.21149,9.61304],[77.20149,9.61475],[77.1995,9.61125],[77.19465,9.61027],[77.19008,9.60595],[77.18275,9.60945],[77.17093,9.61025],[77.16729,9.61476],[77.1703,9.61713],[77.16998,9.6227],[77.17766,9.62858],[77.17603,9.63608],[77.17601,9.63901],[77.18125,9.64673],[77.18099,9.65702],[77.18422,9.66038],[77.18844,9.66066],[77.18787,9.66501],[77.19494,9.66921],[77.19751,9.67756],[77.20011,9.68033],[77.20122,9.68702],[77.20699,9.69505],[77.20428,9.70636],[77.20546,9.71502],[77.20517,9.72438],[77.21514,9.72619],[77.22349,9.73059],[77.22126,9.74641],[77.22657,9.75419],[77.2276,9.76433],[77.23379,9.76897],[77.22582,9.77533],[77.22493,9.78888],[77.23767,9.79075],[77.24184,9.79574],[77.24915,9.79753],[77.24716,9.8034],[77.24795,9.8063],[77.24218,9.8153],[77.23454,9.81781],[77.23403,9.82223],[77.22737,9.82189],[77.22392,9.82347],[77.23001,9.83984],[77.22834,9.84186],[77.22879,9.84751],[77.2387,9.85196],[77.23862,9.85799],[77.23324,9.86246],[77.22818,9.86095],[77.22409,9.86275],[77.21395,9.87491],[77.21629,9.87871],[77.21756,9.88369],[77.22137,9.88671],[77.21923,9.90328],[77.23168,9.91474],[77.23571,9.92675],[77.23667,9.93183],[77.24924,9.94715],[77.24945,9.95187],[77.25069,9.95242],[77.25135,9.95043],[77.25497,9.95212],[77.26469,9.95162],[77.27007,9.95928],[77.27377,9.96248],[77.27618,9.97283],[77.27427,9.97531],[77.26454,9.98185],[77.26346,9.98648],[77.26544,9.99049],[77.26142,9.99057],[77.2598,9.9953],[77.26251,10.00024],[77.26237,10.00024],[77.26232,10.00392],[77.25548,10.0092],[77.25529,10.01196],[77.25903,10.01683],[77.26351,10.0249],[77.26266,10.02933],[77.26011,10.0327],[77.25686,10.03522],[77.25159,10.04426],[77.24513,10.04856],[77.23894,10.05458],[77.23509,10.05963],[77.23254,10.06587],[77.2273,10.06745],[77.21875,10.07747],[77.21335,10.07963],[77.20947,10.0825],[77.20498,10.0901],[77.20403,10.0955],[77.2041,10.09992],[77.202,10.10145],[77.20234,10.1046],[77.20877,10.11522],[77.21208,10.11545],[77.21752,10.1126],[77.22022,10.11502],[77.22658,10.11778],[77.22965,10.1183],[77.23298,10.12031],[77.23548,10.1244],[77.23935,10.12749],[77.24476,10.12917],[77.2491,10.12571],[77.25421,10.12322],[77.26042,10.12144],[77.26763,10.12052],[77.26934,10.12542],[77.27413,10.12821],[77.27534,10.13783],[77.27445,10.13979],[77.27188,10.14133],[77.27172,10.145],[77.27389,10.15036],[77.27339,10.16448],[77.27862,10.18888],[77.28362,10.19626],[77.28554,10.20322],[77.28385,10.20595],[77.28716,10.20692],[77.28804,10.21064],[77.29039,10.21283],[77.29323,10.21319],[77.29462,10.21643],[77.28895,10.22973],[77.28406,10.23349],[77.28031,10.23424],[77.27283,10.233],[77.26962,10.23466],[77.26825,10.23244],[77.26526,10.23347],[77.26319,10.23115],[77.26057,10.22971],[77.25956,10.23535],[77.25978,10.24125],[77.2588,10.25429],[77.25926,10.25767],[77.26152,10.26067],[77.2645,10.26286],[77.26046,10.26665],[77.24577,10.2863],[77.23469,10.30507],[77.23097,10.30703],[77.22821,10.31482],[77.23203,10.33105],[77.23619,10.33758],[77.23582,10.34934],[77.22809,10.35039],[77.21304,10.35094],[77.2063,10.35237],[77.20253,10.35513],[77.19489,10.35211],[77.18663,10.35293],[77.18232,10.3549],[77.17643,10.35517],[77.16168,10.34291],[77.1475,10.33254],[77.14015,10.32905],[77.13273,10.3243],[77.12766,10.31933],[77.12171,10.31593],[77.11409,10.31319],[77.10559,10.31298],[77.10132,10.31047],[77.0952,10.3084],[77.09504,10.30834],[77.08675,10.30446],[77.08087,10.29888],[77.07408,10.2951],[77.06514,10.2941],[77.0644,10.29147],[77.06661,10.28851],[77.05939,10.2829],[77.04708,10.28075],[77.05582,10.27056],[77.05188,10.25675],[77.04357,10.25149],[77.03187,10.25036],[77.02931,10.24949],[77.02851,10.24611],[77.01993,10.24488],[77.01265,10.23828],[77.009,10.23783],[77.00695,10.2362],[77.00466,10.23147],[77.00051,10.22839],[76.99467,10.22835],[76.9878,10.22235],[76.984,10.21708],[76.98054,10.221],[76.97493,10.2242],[76.97194,10.22712],[76.96539,10.22812],[76.95896,10.23114],[76.95229,10.22945],[76.94079,10.2379],[76.938,10.23808],[76.93329,10.23373],[76.92232,10.23147],[76.91844,10.23301],[76.91417,10.23605],[76.91164,10.2408],[76.90521,10.2409],[76.90645,10.24567],[76.90468,10.2513],[76.89744,10.26329],[76.88985,10.2645],[76.88356,10.27225],[76.875,10.27521],[76.87425,10.27778],[76.87473,10.29071],[76.87691,10.2982],[76.87321,10.29889],[76.87053,10.29741],[76.86336,10.29095],[76.85316,10.29172],[76.85245,10.28954],[76.8525,10.28564],[76.85116,10.2857],[76.84782,10.28978],[76.84452,10.29185],[76.84253,10.29919],[76.83744,10.30191],[76.83217,10.3033],[76.83209,10.3107],[76.83666,10.32038],[76.83832,10.32812],[76.83918,10.33834],[76.8381,10.34229],[76.83997,10.34566],[76.8482,10.35447],[76.84863,10.36106],[76.85174,10.36782],[76.85053,10.37075],[76.84304,10.38018],[76.83691,10.3833],[76.83276,10.38986],[76.82791,10.39458],[76.83491,10.40213],[76.83487,10.407],[76.83368,10.41148],[76.82723,10.40984],[76.82414,10.41944],[76.81947,10.42295],[76.82955,10.44655],[76.833,10.4883],[76.83229,10.49874],[76.83723,10.51106],[76.84338,10.53267],[76.84391,10.53725],[76.83642,10.54572],[76.8376,10.55105],[76.84206,10.56107],[76.84092,10.56515],[76.83728,10.56964],[76.83783,10.5756],[76.84113,10.58454],[76.84152,10.59314],[76.84014,10.59636],[76.83626,10.59764],[76.82714,10.59635],[76.82032,10.60252],[76.8213,10.61233],[76.82015,10.61531],[76.81662,10.61716],[76.8149,10.6221],[76.81731,10.62886],[76.81659,10.63438],[76.82633,10.63405],[76.83412,10.63546],[76.83853,10.63521],[76.84299,10.63399],[76.84996,10.63482],[76.85646,10.6344],[76.86423,10.63207],[76.87132,10.63336],[76.88445,10.63761],[76.88642,10.64742],[76.88394,10.66172],[76.88123,10.66454],[76.88212,10.66895],[76.8819,10.67228],[76.87941,10.67442],[76.87495,10.67512],[76.86673,10.68055],[76.86716,10.68341],[76.87146,10.68529],[76.87357,10.68873],[76.87324,10.69441],[76.87676,10.70111],[76.8867,10.71491],[76.89267,10.71425],[76.89542,10.71556],[76.89295,10.72114],[76.89094,10.72844],[76.89202,10.73435],[76.8984,10.74496],[76.89925,10.75123],[76.90195,10.75571],[76.90475,10.75863],[76.90588,10.76358],[76.90543,10.76877],[76.90825,10.7743],[76.90909,10.77903],[76.90298,10.80037],[76.89976,10.80809],[76.89338,10.80926],[76.87137,10.80795],[76.86392,10.81663],[76.85172,10.81576],[76.84838,10.82363],[76.8547,10.8306],[76.85645,10.83461],[76.85392,10.83996],[76.84994,10.84571],[76.84526,10.85078],[76.83878,10.85522],[76.83572,10.8585],[76.83199,10.86696],[76.82863,10.86984],[76.8019,10.87895],[76.7962,10.87943],[76.7922,10.88186],[76.78863,10.88692],[76.78388,10.88958],[76.77755,10.88966],[76.77277,10.88767],[76.7599,10.89266],[76.75473,10.89279],[76.75019,10.89229],[76.74344,10.88882],[76.74154,10.89193],[76.73859,10.89464],[76.73354,10.89546],[76.72913,10.89765],[76.72207,10.90336],[76.71099,10.90856],[76.70357,10.91003],[76.69514,10.91017],[76.68534,10.91411],[76.66315,10.92762],[76.65951,10.93181],[76.65772,10.93663],[76.66594,10.94194],[76.66764,10.94635],[76.66527,10.94986],[76.66967,10.95816],[76.67076,10.96813],[76.68809,10.98741],[76.68899,10.99378],[76.69113,11.00037],[76.69007,11.00715],[76.70069,11.02523],[76.70914,11.03042],[76.71684,11.03911],[76.72238,11.04023],[76.74278,11.03679],[76.75446,11.03375],[76.76748,11.03247],[76.79239,11.03689],[76.79736,11.04019],[76.80305,11.05033],[76.804,11.05497],[76.80052,11.05763],[76.78596,11.0422],[76.7777,11.04012],[76.77283,11.04215],[76.76523,11.04708],[76.76155,11.05462],[76.7569,11.05482],[76.75061,11.05347],[76.74748,11.05533],[76.74635,11.06228],[76.7448,11.06614],[76.74483,11.07171],[76.75679,11.07872],[76.75839,11.08295],[76.75659,11.0867],[76.75604,11.09176],[76.75303,11.09384],[76.74889,11.09179],[76.7444,11.10118],[76.74525,11.10692],[76.74963,11.11144],[76.75085,11.11773],[76.74913,11.12268],[76.74893,11.12911],[76.74511,11.13293],[76.73947,11.13319],[76.73236,11.13029],[76.72547,11.13619],[76.72275,11.14063],[76.71989,11.14805],[76.71303,11.14951],[76.71273,11.14636],[76.71562,11.14387],[76.71368,11.13975],[76.71019,11.13919],[76.7067,11.14042],[76.70506,11.14795],[76.70118,11.15222],[76.69595,11.1654],[76.69896,11.17279],[76.70345,11.17444],[76.70673,11.17959],[76.71128,11.18226],[76.71642,11.18735],[76.72374,11.18576],[76.73117,11.19228],[76.72789,11.20016],[76.72791,11.20607],[76.73651,11.21424],[76.73553,11.21666],[76.73256,11.21587],[76.73049,11.21939],[76.72028,11.22604],[76.70679,11.23904],[76.68915,11.2347],[76.68761,11.23046],[76.68794,11.22649],[76.67796,11.21833],[76.66315,11.21191],[76.65136,11.2041],[76.63935,11.19837],[76.63269,11.19322],[76.61162,11.20298],[76.60285,11.20497],[76.58725,11.2043],[76.5574,11.20053],[76.54546,11.19668],[76.53052,11.1976],[76.51948,11.20259],[76.5152,11.20928],[76.51149,11.21016],[76.49677,11.21005],[76.4839,11.2085],[76.47493,11.20595],[76.47564,11.19331],[76.4679,11.19133],[76.46177,11.1874],[76.45257,11.19807],[76.44931,11.19842],[76.44699,11.20171],[76.45185,11.20725],[76.4553,11.23763],[76.49716,11.25921],[76.52263,11.26926],[76.52218,11.27197],[76.52501,11.27976],[76.53104,11.28852],[76.54317,11.2953],[76.54929,11.2997],[76.53954,11.30308],[76.53759,11.31078],[76.53954,11.31697],[76.54429,11.32368],[76.54885,11.3283],[76.5498,11.33438],[76.54718,11.35892],[76.53884,11.355],[76.52528,11.35626],[76.51835,11.35389],[76.51562,11.35493],[76.51833,11.36101],[76.51894,11.36841],[76.48158,11.38254],[76.45698,11.38856],[76.44789,11.39779],[76.42682,11.41234],[76.41655,11.42187],[76.4184,11.43225],[76.41873,11.44064],[76.39885,11.43497],[76.37877,11.44786],[76.3696,11.45491],[76.36117,11.45776],[76.3471,11.46109],[76.3417,11.46559],[76.32889,11.45157],[76.31385,11.46018],[76.30583,11.46567],[76.29686,11.46312],[76.29187,11.46923],[76.2955,11.47277],[76.29359,11.47536],[76.28581,11.48131],[76.27379,11.47544],[76.26561,11.47995],[76.25492,11.47086],[76.24774,11.46634],[76.2485,11.48191],[76.25235,11.50102],[76.25044,11.50539],[76.24907,11.51148],[76.24068,11.52536],[76.24715,11.52763],[76.25047,11.53088],[76.24997,11.53548],[76.24579,11.54004],[76.24188,11.55315],[76.2343,11.56633],[76.2331,11.57109],[76.26713,11.59365],[76.27419,11.59604],[76.27845,11.59963],[76.2835,11.59669],[76.28546,11.59025],[76.29343,11.58971],[76.29821,11.58733],[76.30079,11.57854],[76.30141,11.57181],[76.30554,11.57111],[76.31284,11.57722],[76.31686,11.57641],[76.31875,11.58432],[76.33627,11.5954],[76.34115,11.59198],[76.34125,11.5875],[76.34333,11.5852],[76.34811,11.58743],[76.3579,11.58962],[76.3732,11.59864],[76.37856,11.6004],[76.37888,11.60763],[76.38467,11.61157],[76.38459,11.62167],[76.38789,11.62936],[76.40409,11.63228],[76.42925,11.63211],[76.43279,11.63031],[76.43387,11.63606],[76.43871,11.63667],[76.44222,11.64056],[76.44357,11.64474],[76.4426,11.64865],[76.43779,11.65211],[76.43564,11.65454],[76.43138,11.66633],[76.43923,11.6636],[76.45938,11.66219],[76.47465,11.67941],[76.48173,11.68523],[76.48182,11.69132],[76.4874,11.68951],[76.4934,11.68949],[76.49591,11.69258],[76.51234,11.7052],[76.52124,11.70137],[76.53291,11.69322],[76.54359,11.68427],[76.54874,11.67775],[76.55134,11.67022],[76.55142,11.66374],[76.5536,11.65551],[76.55546,11.64304],[76.5581,11.63425],[76.56168,11.62682],[76.56211,11.62021],[76.56857,11.61743],[76.5834,11.61306],[76.58953,11.61675],[76.59477,11.61535],[76.5969,11.61173],[76.60535,11.61077],[76.61011,11.60862],[76.61657,11.60784],[76.63441,11.61127],[76.64251,11.61099],[76.67332,11.61262],[76.68799,11.61169],[76.70209,11.61201],[76.71654,11.61355],[76.72929,11.61269],[76.74455,11.6129],[76.7502,11.61349],[76.75541,11.61823],[76.76058,11.61441],[76.78304,11.6112],[76.79009,11.61134],[76.80009,11.60749],[76.81771,11.60401],[76.82594,11.60505],[76.83306,11.59916],[76.8394,11.59769],[76.843,11.59491],[76.84549,11.59192],[76.84683,11.58238],[76.8533,11.59394],[76.85687,11.59656],[76.86044,11.60975],[76.85539,11.61396],[76.85531,11.61954],[76.851,11.62111],[76.8477,11.62372],[76.84742,11.62665],[76.84826,11.6313],[76.84251,11.63316],[76.8391,11.6372],[76.8386,11.64283],[76.83711,11.64628],[76.83783,11.65196],[76.83938,11.65689],[76.84167,11.6605],[76.84501,11.66393],[76.84774,11.67253],[76.85073,11.67763],[76.85408,11.68524],[76.85551,11.69035],[76.85845,11.6951],[76.86508,11.70223],[76.86288,11.70666],[76.8739,11.71843],[76.88495,11.72582],[76.89023,11.73251],[76.89108,11.73802],[76.89536,11.75241],[76.89784,11.75836],[76.89866,11.76853],[76.89728,11.77382],[76.90081,11.77804],[76.90265,11.78522],[76.90898,11.79121],[76.91614,11.78918],[76.92283,11.78834],[76.93606,11.78889],[76.94181,11.78538],[76.94525,11.78476],[76.94975,11.78905],[76.95389,11.78938],[76.95975,11.78348],[76.96264,11.77932],[76.96913,11.77328],[76.97283,11.77888],[76.9749,11.78456],[76.98437,11.79911],[76.98293,11.80319],[76.98228,11.80916],[76.99165,11.80764],[76.99992,11.80744],[77.01402,11.81117],[77.01847,11.80512],[77.02308,11.80734],[77.02825,11.8055],[77.03243,11.80317],[77.03826,11.79733],[77.03738,11.7949],[77.04139,11.79217],[77.04,11.78651],[77.03208,11.77291],[77.03732,11.76992],[77.05103,11.78582],[77.05548,11.78741],[77.06235,11.7875],[77.06636,11.78539],[77.0717,11.78035],[77.06422,11.77324],[77.05995,11.76602],[77.08383,11.73788],[77.0816,11.73335],[77.08587,11.73223],[77.10633,11.73151],[77.11377,11.72397],[77.11942,11.72122],[77.1184,11.73084],[77.11547,11.73997],[77.11325,11.75428],[77.11577,11.75904],[77.11612,11.76462],[77.11529,11.76787],[77.11283,11.7715],[77.12099,11.77155],[77.12393,11.77023],[77.12978,11.7718],[77.13745,11.76937],[77.1411,11.77082],[77.14468,11.77486],[77.1473,11.78042],[77.1539,11.77976],[77.16554,11.78276],[77.17609,11.78274],[77.18246,11.78426],[77.18861,11.78806],[77.1999,11.79138],[77.21419,11.79306],[77.22671,11.79338],[77.23739,11.79239],[77.24743,11.79685],[77.25162,11.80267],[77.25209,11.81112],[77.25883,11.80953],[77.28272,11.79992],[77.28876,11.79849],[77.29283,11.80161],[77.29528,11.80712],[77.30095,11.80293],[77.31682,11.78751],[77.32417,11.77882],[77.33679,11.76782],[77.35637,11.77298],[77.36164,11.7775],[77.36587,11.7873],[77.37022,11.78773],[77.37297,11.78474],[77.3927,11.78514],[77.41234,11.77307],[77.41744,11.77139],[77.42338,11.77134],[77.42345,11.76519],[77.42442,11.76022],[77.4302,11.75975],[77.43164,11.76937],[77.43478,11.77518],[77.442,11.78078],[77.44121,11.78576],[77.44303,11.78803],[77.44716,11.79087],[77.45181,11.80044],[77.45338,11.81557],[77.45741,11.82059],[77.45749,11.82536],[77.46248,11.83252],[77.46717,11.84823],[77.46623,11.85177],[77.46182,11.8534],[77.46336,11.8582],[77.46293,11.86233],[77.46471,11.86644],[77.46598,11.87635],[77.46409,11.87998],[77.46381,11.88497],[77.46463,11.89102],[77.46357,11.8976],[77.46469,11.89963],[77.47414,11.89637],[77.47824,11.89232],[77.48126,11.89273],[77.48452,11.88693],[77.48776,11.88516],[77.48806,11.89091],[77.4868,11.89869],[77.48814,11.9044],[77.49031,11.9095],[77.49299,11.92126],[77.49472,11.9306],[77.49359,11.93781],[77.49515,11.94151],[77.5012,11.93888],[77.51145,11.93639],[77.5218,11.93451],[77.52489,11.93487],[77.53452,11.93069],[77.54224,11.93572],[77.55893,11.94001],[77.5843,11.93332],[77.58998,11.93763],[77.59678,11.93879],[77.60243,11.93569],[77.60703,11.93865],[77.61482,11.93965],[77.62628,11.94355],[77.64136,11.9474],[77.6479,11.94971],[77.65065,11.95229],[77.65458,11.95363],[77.65795,11.94818],[77.66602,11.94685],[77.67166,11.94764],[77.67594,11.94922],[77.67493,11.96246],[77.67826,11.96844],[77.68837,11.99378],[77.6922,12.00074],[77.69232,12.00074],[77.70061,12.01947],[77.70527,12.02472],[77.71269,12.03667],[77.71837,12.04281],[77.72379,12.05092],[77.72676,12.05805],[77.73151,12.0629],[77.74513,12.0698],[77.75728,12.07892],[77.76169,12.09011],[77.7675,12.10156],[77.76942,12.10401],[77.77398,12.10709],[77.77755,12.11061],[77.77961,12.11522],[77.77816,12.11875],[77.76391,12.12755],[77.75836,12.13188],[77.75528,12.13624],[77.75129,12.13884],[77.75146,12.15211],[77.75117,12.15324],[77.75007,12.1574],[77.74293,12.16412],[77.74004,12.16945],[77.7373,12.1768],[77.73041,12.18099],[77.72166,12.18279],[77.71212,12.18203],[77.68359,12.19075],[77.6789,12.19307],[77.66615,12.19706],[77.65534,12.19787],[77.64366,12.19568],[77.63956,12.19558],[77.63623,12.19896],[77.63199,12.20093],[77.6264,12.19901],[77.62111,12.20081],[77.61467,12.20436],[77.60713,12.20448],[77.60166,12.19973],[77.59474,12.198],[77.58004,12.1972],[77.5758,12.19957],[77.56627,12.19621],[77.55708,12.19945],[77.5489,12.20354],[77.5438,12.20288],[77.5414,12.19918],[77.53841,12.19905],[77.53481,12.19727],[77.53014,12.19768],[77.52164,12.19299],[77.50273,12.19614],[77.49272,12.19906],[77.48898,12.2029],[77.48514,12.20474],[77.47943,12.20541],[77.47583,12.21116],[77.47853,12.21909],[77.48245,12.22616],[77.4838,12.23384],[77.47687,12.24286],[77.47304,12.24463],[77.47358,12.2529],[77.47676,12.25733],[77.4773,12.26204],[77.48025,12.27073],[77.48528,12.27484],[77.48851,12.27853],[77.49431,12.27867],[77.50074,12.28196],[77.50331,12.28169],[77.50809,12.27731],[77.51221,12.27523],[77.52853,12.27849],[77.5337,12.28996],[77.54976,12.29138],[77.55294,12.29271],[77.55536,12.30169],[77.56633,12.30618],[77.57625,12.32573],[77.57883,12.33321],[77.58553,12.33529],[77.59641,12.34535],[77.60143,12.35825],[77.61047,12.36029],[77.61409,12.36283],[77.61659,12.36933],[77.61777,12.37673],[77.6201,12.38272],[77.62117,12.39472],[77.62348,12.40686],[77.626,12.41395],[77.63028,12.41755],[77.63084,12.42283],[77.62728,12.42771],[77.62709,12.43368],[77.63024,12.44714],[77.62828,12.45217],[77.6318,12.46348],[77.63528,12.48629],[77.62734,12.49451],[77.62084,12.48703],[77.60667,12.47359],[77.58531,12.47731],[77.59247,12.48524],[77.61175,12.50062],[77.61473,12.50385],[77.61634,12.50876],[77.61517,12.51229],[77.6051,12.51261],[77.58841,12.51592],[77.58971,12.52038],[77.5875,12.53236],[77.58627,12.5457],[77.58216,12.54928],[77.57982,12.56677],[77.58097,12.57238],[77.58401,12.57607],[77.5912,12.59307],[77.59185,12.61392],[77.59512,12.62076],[77.60328,12.6254],[77.60757,12.62987],[77.60457,12.63595],[77.60521,12.63926],[77.60138,12.64157],[77.59904,12.64546],[77.59763,12.6515],[77.59894,12.65705],[77.59997,12.66635],[77.6075,12.66783],[77.61912,12.67219],[77.64267,12.67901],[77.64853,12.67903],[77.66406,12.68309],[77.68013,12.68019],[77.67574,12.67332],[77.67915,12.6709],[77.67724,12.66181],[77.67767,12.65961],[77.68317,12.65941],[77.68825,12.65801],[77.69743,12.66091],[77.70539,12.66027],[77.71172,12.66728],[77.71374,12.68277],[77.72405,12.67933],[77.72409,12.67444],[77.72527,12.67207],[77.72837,12.67105],[77.73319,12.67229],[77.74141,12.67307],[77.74318,12.68097],[77.74088,12.68704],[77.73722,12.69193],[77.74351,12.70055],[77.74997,12.69764],[77.75709,12.69574],[77.76026,12.69627],[77.766,12.70617],[77.76734,12.7131],[77.77151,12.71682],[77.77303,12.72357],[77.76555,12.72466],[77.76162,12.72749],[77.76301,12.73418],[77.76831,12.7384],[77.77693,12.73873],[77.78808,12.7428],[77.79291,12.74795],[77.79495,12.75418],[77.78826,12.75698],[77.7838,12.76022],[77.78158,12.76387],[77.78155,12.76892],[77.79147,12.78013],[77.79296,12.78522],[77.79786,12.79042],[77.80347,12.79298],[77.80785,12.79204],[77.80944,12.79599],[77.80644,12.79873],[77.80128,12.80542],[77.80431,12.8149],[77.80869,12.81403],[77.81058,12.81474],[77.80858,12.82086],[77.81091,12.8299],[77.80218,12.83044],[77.79788,12.8327],[77.79339,12.8373],[77.79472,12.84285],[77.79843,12.8444],[77.79932,12.84783],[77.80179,12.84888],[77.80967,12.84691],[77.8148,12.85183],[77.81891,12.85182],[77.8235,12.85312],[77.82693,12.85807],[77.83198,12.85895],[77.83213,12.86372],[77.83549,12.86809],[77.84085,12.86697],[77.84636,12.86676],[77.84956,12.86499],[77.85402,12.86504],[77.85939,12.86701],[77.86447,12.8659],[77.86882,12.8668],[77.87215,12.86611],[77.87687,12.86781],[77.88803,12.86849],[77.89229,12.86762],[77.89749,12.87615],[77.9043,12.87747],[77.91057,12.87713],[77.91226,12.88262],[77.91939,12.88222],[77.92445,12.88282],[77.92782,12.88765],[77.93438,12.88714],[77.93913,12.88408],[77.93883,12.88074],[77.92847,12.87816],[77.92978,12.8728],[77.94371,12.87102],[77.9446,12.86538],[77.94121,12.86554],[77.93895,12.86358],[77.93794,12.8598],[77.92857,12.85668],[77.92547,12.85358],[77.92501,12.8483],[77.92197,12.84175],[77.91938,12.83134],[77.92063,12.82902],[77.92842,12.82855],[77.93095,12.82557],[77.935,12.82308],[77.9432,12.8223],[77.95012,12.83873],[77.94632,12.84317],[77.94273,12.84898],[77.94364,12.85413],[77.94878,12.85904],[77.95574,12.85869],[77.95877,12.85749],[77.95707,12.84745],[77.96158,12.84726],[77.96547,12.84811],[77.96823,12.84575],[77.96528,12.83457],[77.96774,12.83095],[77.98159,12.83209],[77.98392,12.82763],[77.98491,12.8239],[77.99169,12.8199],[77.99178,12.80513],[77.9964,12.80481],[78.00011,12.8067],[78.01189,12.80498],[78.01603,12.81281],[78.01371,12.81536],[78.00367,12.82317],[78.01024,12.82855],[78.01421,12.82747],[78.01752,12.82956],[78.01843,12.83248],[78.0175,12.83772],[78.01944,12.84321],[78.02718,12.84306],[78.02723,12.84789],[78.02471,12.85251],[78.02528,12.85543],[78.02997,12.85573],[78.03255,12.85076],[78.05045,12.84779],[78.05243,12.85168],[78.05718,12.85196],[78.06106,12.84818],[78.06186,12.84191],[78.07508,12.8398],[78.07692,12.83633],[78.07647,12.82858],[78.08424,12.83096],[78.08669,12.83018],[78.09305,12.81884],[78.09708,12.81305],[78.10578,12.80996],[78.1083,12.80568],[78.11272,12.80315],[78.12014,12.80117],[78.12519,12.79685],[78.12855,12.78969],[78.13142,12.77983],[78.13787,12.77998],[78.14729,12.77901],[78.15382,12.77651],[78.15853,12.77318],[78.16898,12.77013],[78.17701,12.77491],[78.18619,12.77325],[78.1896,12.76987],[78.19485,12.77257],[78.20116,12.77106],[78.20988,12.76509],[78.22347,12.76509],[78.23164,12.76264],[78.23028,12.75708],[78.23996,12.7303],[78.23832,12.72526],[78.23142,12.71339],[78.2249,12.71244],[78.22088,12.70933],[78.21431,12.70907],[78.21105,12.70629],[78.20713,12.70674],[78.20577,12.70532],[78.2104,12.70004],[78.20985,12.69877],[78.20053,12.69361],[78.20091,12.69136],[78.20639,12.69003],[78.2112,12.68572],[78.23924,12.68399],[78.2378,12.69027],[78.23857,12.6994],[78.24378,12.70388],[78.25021,12.70253],[78.27563,12.70205],[78.27844,12.69764],[78.29547,12.67789],[78.29833,12.66844],[78.30019,12.66685],[78.30178,12.66321],[78.3063,12.66454],[78.32014,12.66034],[78.33379,12.64758],[78.34084,12.64881],[78.3503,12.64232],[78.35986,12.6341],[78.3721,12.6256],[78.37991,12.62234],[78.38578,12.62359],[78.39774,12.62441],[78.40916,12.62416],[78.41144,12.6239],[78.41876,12.6281],[78.42398,12.62891],[78.42999,12.63124],[78.43659,12.62553],[78.45115,12.62758],[78.45917,12.62718],[78.46314,12.62644],[78.46654,12.62272],[78.47136,12.62811],[78.47181,12.63116],[78.4708,12.64221],[78.47361,12.64297],[78.47465,12.64606],[78.47106,12.64944],[78.46933,12.67291],[78.48576,12.66987],[78.50028,12.67406],[78.50517,12.68031],[78.50577,12.68542],[78.50884,12.68721],[78.50911,12.68997],[78.50509,12.69175],[78.50528,12.69646],[78.50125,12.69731],[78.49796,12.7012],[78.49921,12.70331],[78.50468,12.7044],[78.50579,12.70863],[78.50505,12.71415],[78.50657,12.71442],[78.50956,12.70921],[78.51558,12.70402],[78.51628,12.70872],[78.5215,12.70951],[78.52219,12.7125],[78.52072,12.71562],[78.50527,12.72185],[78.50307,12.72774],[78.496,12.7337],[78.49123,12.74065],[78.49593,12.74542],[78.50046,12.7426],[78.50594,12.74104],[78.50873,12.7348],[78.51344,12.7322],[78.5148,12.7288],[78.51521,12.72407],[78.51907,12.7238],[78.52103,12.7305],[78.52259,12.73243],[78.52398,12.71873],[78.52789,12.71713],[78.52766,12.71426],[78.53813,12.71199],[78.53918,12.70807],[78.53733,12.70552],[78.53256,12.70793],[78.53027,12.70314],[78.53189,12.69777],[78.53613,12.69047],[78.53951,12.68979],[78.54304,12.69073],[78.55313,12.69582],[78.55647,12.69526],[78.55947,12.69643],[78.55952,12.69993],[78.55687,12.70341],[78.55978,12.70619],[78.56375,12.70516],[78.56402,12.70791],[78.56109,12.71152],[78.55725,12.71818],[78.55999,12.72578],[78.56399,12.73119],[78.56565,12.73686],[78.56261,12.73701],[78.55737,12.73938],[78.56202,12.74954],[78.55723,12.75467],[78.55831,12.75638],[78.5626,12.75758],[78.56576,12.75684],[78.56982,12.76243],[78.57329,12.76336],[78.57855,12.76294],[78.57743,12.7698],[78.59177,12.77805],[78.59364,12.78159],[78.5946,12.78703],[78.5942,12.79612],[78.60145,12.80326],[78.60228,12.8087],[78.59986,12.81557],[78.60933,12.82188],[78.60729,12.82627],[78.60542,12.84377],[78.60315,12.84931],[78.61602,12.86821],[78.6162,12.87677],[78.61753,12.88445],[78.62378,12.89931],[78.62707,12.90397],[78.63119,12.91282],[78.63628,12.92493],[78.63722,12.92992],[78.64229,12.92674],[78.64903,12.92666],[78.65828,12.92981],[78.64717,12.94908],[78.64046,12.96382],[78.6494,12.96514],[78.63166,12.98457],[78.62505,12.98954],[78.6319,12.99318],[78.63977,13.00039],[78.64874,13.00752],[78.65311,13.0123],[78.65646,13.018],[78.66035,13.02703],[78.6625,13.02861],[78.68005,13.02179],[78.69082,13.01973],[78.70525,13.01518],[78.70747,13.02331],[78.7127,13.05503],[78.71387,13.06691],[78.73695,13.06359],[78.74366,13.06122],[78.75104,13.05634],[78.75755,13.05627],[78.76599,13.05786],[78.78909,13.06408],[78.79464,13.0673],[78.79816,13.07307],[78.80575,13.08069],[78.81244,13.08648],[78.81966,13.08888],[78.82501,13.08562],[78.84391,13.08061],[78.85557,13.08252],[78.87004,13.08214],[78.87235,13.09057],[78.87639,13.09575],[78.88198,13.098],[78.88771,13.09725],[78.89522,13.0931],[78.89211,13.08072],[78.89266,13.05544],[78.89116,13.03667],[78.89373,13.03096],[78.90193,13.03103],[78.92778,13.03431],[78.93486,13.03303],[78.93652,13.02992],[78.94053,13.03273],[78.93933,13.03474],[78.9323,13.03987],[78.92923,13.04379],[78.91622,13.04226],[78.9102,13.0429],[78.90525,13.04628],[78.9127,13.06328],[78.92047,13.06167],[78.92264,13.0673],[78.92383,13.07448],[78.92616,13.07896],[78.94189,13.07725],[78.94844,13.08121],[78.95767,13.07478],[78.96185,13.07736],[78.96693,13.07622],[78.97103,13.07673],[78.97479,13.08286],[78.9765,13.0841],[78.98354,13.08643],[78.99145,13.08783],[78.99361,13.08754],[79.00014,13.084],[79.00718,13.07442],[79.0123,13.06927],[79.02339,13.06925],[79.03481,13.06784],[79.03788,13.06104],[79.04555,13.05714],[79.05592,13.05522],[79.06532,13.04953],[79.06605,13.03971],[79.07268,13.03241],[79.08118,13.02574],[79.09494,13.0241],[79.11654,13.03588],[79.13145,13.03427],[79.14338,13.02849],[79.15387,13.02158],[79.16498,13.01908],[79.17347,13.0236],[79.18286,13.02749],[79.18538,13.03109],[79.18666,13.03706],[79.18888,13.04158],[79.18922,13.04519],[79.18878,13.05008],[79.18449,13.05551],[79.18695,13.06146],[79.18163,13.06478],[79.1913,13.07188],[79.19287,13.07882],[79.1957,13.08472],[79.1992,13.08883],[79.2011,13.09639],[79.20549,13.10147],[79.2144,13.10209],[79.21964,13.10325],[79.22648,13.10865],[79.23047,13.11574],[79.23046,13.12211],[79.23462,13.12783],[79.23043,13.13222],[79.2268,13.13943],[79.23044,13.14732],[79.23853,13.1464],[79.24521,13.13951],[79.24889,13.13857],[79.25551,13.14517],[79.2564,13.15297],[79.25939,13.1599],[79.26353,13.15803],[79.26484,13.15313],[79.26867,13.1484],[79.27339,13.15261],[79.27961,13.15307],[79.28351,13.14994],[79.28492,13.13856],[79.28609,13.13281],[79.28977,13.13163],[79.29719,13.13479],[79.30037,13.13022],[79.31106,13.12681],[79.30978,13.10936],[79.32027,13.10893],[79.32235,13.11196],[79.32206,13.1189],[79.32471,13.12577],[79.32904,13.13137],[79.343,13.13326],[79.34763,13.13954],[79.35011,13.13521],[79.35667,13.13562],[79.36243,13.13752],[79.36693,13.14185],[79.35907,13.14691],[79.35918,13.15219],[79.36015,13.15586],[79.35938,13.16598],[79.36004,13.17504],[79.367,13.17337],[79.37351,13.16809],[79.37725,13.17243],[79.37947,13.17764],[79.38308,13.18065],[79.38128,13.18831],[79.39065,13.19449],[79.39666,13.19679],[79.40486,13.19655],[79.41021,13.19851],[79.42561,13.19798],[79.43293,13.1966],[79.43613,13.19961],[79.4339,13.20532],[79.43548,13.21104],[79.43546,13.21593],[79.43393,13.22065],[79.45782,13.22894],[79.45774,13.23388],[79.45477,13.24131],[79.44839,13.24194],[79.43918,13.23485],[79.43046,13.23055],[79.42928,13.2243],[79.42312,13.22425],[79.42092,13.23167],[79.42194,13.24021],[79.41957,13.24971],[79.42089,13.25878],[79.42451,13.26954],[79.43122,13.27838],[79.43019,13.28109],[79.43054,13.2866],[79.43723,13.29337],[79.43395,13.29868],[79.41758,13.29739],[79.41111,13.30112],[79.39773,13.30662],[79.38668,13.31492],[79.41348,13.32767],[79.42943,13.33392],[79.44099,13.33554],[79.4668,13.33635],[79.49146,13.33355],[79.49944,13.32866],[79.51004,13.32696],[79.52177,13.32686],[79.53497,13.32812],[79.54806,13.3233],[79.55117,13.31317],[79.55153,13.30202],[79.55377,13.29121],[79.55869,13.28634],[79.56109,13.27943],[79.56717,13.27151],[79.57778,13.26177],[79.58339,13.25977],[79.5927,13.25778],[79.59787,13.25952],[79.59888,13.26589],[79.60112,13.27282],[79.6073,13.27546],[79.61357,13.28017],[79.61754,13.27979],[79.62321,13.27704],[79.62767,13.27292],[79.63323,13.27143],[79.63677,13.2745],[79.64204,13.27336],[79.64317,13.28065],[79.64499,13.28603],[79.65094,13.28867],[79.65624,13.28586],[79.66111,13.28588],[79.66587,13.2871],[79.66991,13.28103],[79.67507,13.28069],[79.67841,13.28583],[79.68102,13.29448],[79.69185,13.28192],[79.69415,13.27816],[79.69687,13.2693],[79.68633,13.25963],[79.68369,13.24846],[79.68591,13.24212],[79.69328,13.24102],[79.69715,13.2465],[79.70453,13.25119],[79.70864,13.24656],[79.70836,13.23646],[79.70207,13.22394],[79.70138,13.2201],[79.70508,13.22024],[79.71229,13.2154],[79.71834,13.22195],[79.7241,13.22322],[79.72836,13.22714],[79.73121,13.23533],[79.73547,13.2346],[79.73918,13.23014],[79.74519,13.22773],[79.74637,13.22301],[79.75019,13.21832],[79.75098,13.21108],[79.75711,13.20775],[79.76454,13.21761],[79.77041,13.21842],[79.77608,13.2217],[79.77988,13.2262],[79.78631,13.23039],[79.79006,13.23006],[79.79599,13.23081],[79.79763,13.23636],[79.79598,13.24103],[79.78808,13.24696],[79.76544,13.25654],[79.75821,13.26097],[79.75201,13.26717],[79.73437,13.27842],[79.73385,13.28491],[79.74221,13.28776],[79.75407,13.28937],[79.75873,13.29272],[79.76232,13.30359],[79.7631,13.31151],[79.76661,13.31549],[79.78095,13.30238],[79.78682,13.2979],[79.79242,13.29486],[79.79989,13.29743],[79.80489,13.30445],[79.80761,13.31137],[79.81289,13.31712],[79.8211,13.3179],[79.83667,13.31517],[79.84324,13.31493],[79.84942,13.31588],[79.8517,13.31623],[79.86383,13.31634],[79.86834,13.32106],[79.87151,13.32665],[79.87786,13.32366],[79.88322,13.3247],[79.88762,13.33034],[79.89281,13.33339],[79.89875,13.33425],[79.90447,13.33759],[79.91004,13.34246],[79.91654,13.34625],[79.91895,13.35202],[79.92333,13.35668],[79.92982,13.35404],[79.9382,13.34896],[79.94142,13.35655],[79.95266,13.37114],[79.95329,13.374],[79.95238,13.3821],[79.96069,13.38025],[79.96623,13.38713],[79.96292,13.39498],[79.94823,13.39782],[79.94817,13.40356],[79.94505,13.41731],[79.94851,13.4225],[79.95685,13.42373],[79.96345,13.42109],[79.97107,13.42583],[79.97582,13.4309],[79.97359,13.44062],[79.97562,13.45352],[79.97472,13.45709],[79.9744,13.46421],[79.98079,13.46937],[79.98201,13.46972],[79.98316,13.47189],[79.98491,13.47634],[79.98596,13.48045],[79.99121,13.48456],[80.0031,13.49209],[80.01395,13.49654],[80.01815,13.49928],[80.01818,13.49927],[80.01841,13.50074],[80.03139,13.49938],[80.03736,13.49971],[80.0486,13.49752],[80.04972,13.50585],[80.04952,13.51237],[80.04527,13.51485],[80.03815,13.51696],[80.03161,13.51464],[80.02612,13.51688],[80.02091,13.52125],[80.01871,13.528],[80.01288,13.52528],[80.00264,13.52299],[80.00219,13.5259],[80.00174,13.53189],[80.00213,13.53964],[80.00658,13.54249],[80.02016,13.54528],[80.02695,13.54143],[80.03003,13.53808],[80.042,13.53656],[80.0466,13.53478],[80.05793,13.53499],[80.06347,13.54351],[80.07202,13.54557],[80.07811,13.54779],[80.07968,13.54895],[80.08194,13.55062],[80.08527,13.54696],[80.08835,13.53982],[80.08955,13.53704],[80.08286,13.53205],[80.08,13.52565],[80.07876,13.51668],[80.07879,13.50907],[80.08047,13.49111],[80.10404,13.49022],[80.11076,13.49194],[80.11317,13.49719],[80.1132,13.50028],[80.11328,13.50809],[80.12115,13.50671],[80.12625,13.50726],[80.13248,13.50553],[80.14692,13.50361],[80.14773,13.49443],[80.16477,13.49217],[80.1691,13.4916],[80.17968,13.48793],[80.20303,13.4867],[80.21086,13.48439],[80.21134,13.48738],[80.21562,13.48748],[80.21518,13.48552],[80.21888,13.48413],[80.22546,13.48346],[80.23418,13.47435],[80.23459,13.47391],[80.23509,13.4735],[80.24181,13.46797],[80.24217,13.46917],[80.24227,13.46949],[80.24776,13.48736],[80.24843,13.48956],[80.25342,13.50581],[80.26195,13.54621],[80.26264,13.5495],[80.26442,13.55788],[80.26488,13.56042],[80.26969,13.56315],[80.27115,13.55999],[80.27177,13.55944],[80.27282,13.55691],[80.27378,13.55653],[80.284,13.53414],[80.28807,13.51905],[80.2905,13.51201],[80.29204,13.5025],[80.29287,13.49761],[80.29564,13.48914],[80.30177,13.47558],[80.30276,13.47454],[80.30399,13.47221],[80.30446,13.47143],[80.30688,13.46952],[80.30879,13.46826],[80.31027,13.46468],[80.3117,13.4629],[80.31258,13.46189],[80.31787,13.45829],[80.31876,13.45653],[80.3181,13.45171],[80.31739,13.45008],[80.31649,13.44959],[80.31428,13.44992],[80.31211,13.45119],[80.31074,13.45089],[80.3102,13.45041],[80.31006,13.44881],[80.31179,13.44372],[80.3122,13.43948],[80.31375,13.43865],[80.31202,13.43612],[80.31093,13.43232],[80.30837,13.43241],[80.30466,13.4327],[80.30361,13.43303],[80.29844,13.43467],[80.2969,13.43628],[80.29621,13.43602],[80.29432,13.43728],[80.29176,13.44019],[80.28901,13.44026],[80.28727,13.43973],[80.28654,13.43829],[80.28643,13.4382],[80.28645,13.4381],[80.28559,13.43457],[80.28417,13.43177],[80.28392,13.43129],[80.28087,13.42798],[80.28448,13.42683],[80.29077,13.4212],[80.29252,13.41669],[80.2929,13.41574],[80.29307,13.41394],[80.29275,13.41326],[80.29186,13.41275],[80.28919,13.41308],[80.28789,13.41257],[80.28783,13.41255],[80.28703,13.41205],[80.28684,13.41136],[80.28889,13.40283],[80.29506,13.39925],[80.30608,13.39716],[80.30986,13.395],[80.31968,13.38836],[80.32056,13.3873],[80.32512,13.38317],[80.32835,13.38525],[80.32795,13.38838],[80.32847,13.38931],[80.32867,13.38948],[80.32947,13.39017],[80.32824,13.39352],[80.32816,13.39542],[80.32809,13.39717],[80.32782,13.40355],[80.32774,13.40554],[80.32745,13.41297],[80.3257,13.41968],[80.32537,13.42307],[80.32493,13.42769],[80.32458,13.43289],[80.32441,13.43548],[80.32494,13.43618],[80.32522,13.43759],[80.32567,13.43985],[80.32689,13.44058],[80.32933,13.43847],[80.32965,13.4325],[80.32993,13.42714],[80.3332,13.40895],[80.33293,13.4058],[80.33274,13.40362],[80.33274,13.40362],[80.33263,13.40235],[80.33416,13.39079],[80.33715,13.37042],[80.33727,13.36885],[80.34072,13.35138],[80.34629,13.31247],[80.34631,13.29343],[80.34263,13.27529],[80.34178,13.27095],[80.34165,13.27024],[80.34076,13.26841],[80.34017,13.26771],[80.33841,13.26292],[80.3382,13.26133],[80.3344,13.24974],[80.33261,13.24497],[80.32964,13.23383],[80.32253,13.20725],[80.31818,13.18974],[80.317,13.18523],[80.31523,13.17809],[80.31033,13.16396],[80.30771,13.15189],[80.30359,13.14146],[80.30349,13.14125],[80.29964,13.13277],[80.29925,13.13175],[80.29769,13.12548],[80.29798,13.11914],[80.30015,13.11373],[80.30066,13.11078],[80.30074,13.10958],[80.30101,13.10171],[80.30332,13.10105],[80.30588,13.09882],[80.3057,13.09474],[80.30144,13.08448],[80.29984,13.08313],[80.2985,13.07993],[80.29672,13.07804],[80.29396,13.07397],[80.29271,13.07286],[80.29138,13.0722],[80.28969,13.0669],[80.28872,13.06535],[80.28739,13.06323],[80.2852,13.05548],[80.28294,13.03438],[80.28031,13.02437],[80.27885,13.01255],[80.27568,13.00051],[80.27331,12.99504],[80.27326,12.99475],[80.27074,12.98094],[80.26819,12.97092],[80.26635,12.96365],[80.26503,12.95843],[80.26354,12.94864],[80.26022,12.93728],[80.25804,12.91979],[80.25549,12.90208],[80.25365,12.89248],[80.25179,12.87753],[80.25113,12.85592],[80.25105,12.85282],[80.2507,12.84033],[80.24684,12.80059],[80.24716,12.79333],[80.24973,12.79223],[80.25228,12.78976],[80.25475,12.7826],[80.25507,12.78164],[80.25554,12.78142],[80.2549,12.77323],[80.25387,12.76688],[80.25331,12.7662],[80.25298,12.76461],[80.24592,12.74977],[80.24482,12.74614],[80.24104,12.73672],[80.2404,12.73523],[80.23655,12.72608],[80.23182,12.71015],[80.23036,12.70695],[80.22814,12.6999],[80.22691,12.69783],[80.22646,12.6976],[80.22494,12.69214],[80.22376,12.68779],[80.22231,12.68249],[80.22205,12.68154],[80.22189,12.68108],[80.21927,12.67529],[80.21849,12.6721],[80.21607,12.66437],[80.20753,12.64226],[80.20321,12.62722],[80.20087,12.62222],[80.1963,12.60356],[80.19153,12.59085],[80.19062,12.58628],[80.18938,12.58101],[80.18752,12.5717],[80.1837,12.56324],[80.18288,12.55825],[80.18207,12.55597],[80.17996,12.55163],[80.17522,12.54409],[80.17468,12.54204],[80.17055,12.53268],[80.1685,12.53063],[80.16383,12.51717],[80.16293,12.50846],[80.16363,12.50199],[80.16437,12.49541],[80.16382,12.47823],[80.16327,12.47552],[80.16253,12.47181],[80.16243,12.47068],[80.15946,12.4688],[80.15184,12.47008],[80.1493,12.46958],[80.15046,12.46144],[80.14991,12.45938],[80.14924,12.45891],[80.14552,12.46004],[80.14153,12.45937],[80.14043,12.45774],[80.14053,12.45585],[80.14117,12.45524],[80.14163,12.45501],[80.14247,12.45417],[80.14346,12.45324],[80.14347,12.45278],[80.14519,12.45184],[80.14603,12.45051],[80.14887,12.44818],[80.14398,12.44491],[80.13887,12.4474],[80.13778,12.44795],[80.13694,12.44834],[80.13425,12.44798],[80.13106,12.44709],[80.13284,12.4434],[80.13431,12.44035],[80.13872,12.43657],[80.13908,12.43521],[80.13824,12.43246],[80.13736,12.43127],[80.1313,12.42308],[80.12881,12.42079],[80.12824,12.41965],[80.12616,12.41661],[80.12513,12.4159],[80.12486,12.41546],[80.12396,12.41399],[80.12301,12.4126],[80.12227,12.41139],[80.11443,12.40336],[80.11237,12.40013],[80.11207,12.39969],[80.10808,12.39622],[80.10483,12.39097],[80.09622,12.38157],[80.08649,12.36828],[80.08217,12.36412],[80.08021,12.36103],[80.0795,12.36],[80.07722,12.35748],[80.07675,12.35747],[80.07632,12.35657],[80.07588,12.35611],[80.06787,12.34871],[80.06746,12.34829],[80.06666,12.34693],[80.0622,12.34122],[80.06072,12.33983],[80.05695,12.3343],[80.05612,12.33311],[80.05477,12.33148],[80.05109,12.3254],[80.04979,12.32298],[80.04952,12.32252],[80.04557,12.3176],[80.04378,12.3137],[80.03947,12.3089],[80.03813,12.30593],[80.03542,12.30317],[80.03341,12.29928],[80.02955,12.29493],[80.02832,12.29286],[80.02505,12.28782],[80.02403,12.2869],[80.0237,12.28598],[80.01915,12.28207],[80.01883,12.28093],[80.01578,12.27705],[80.01403,12.27246],[80.01247,12.27048],[80.01019,12.26627],[80.00886,12.26174],[80.00479,12.25592],[80.00324,12.25371],[80.00033,12.24641],[79.99483,12.23749],[79.99315,12.2352],[79.9927,12.23612],[79.9926,12.23499],[79.99227,12.23339],[79.99035,12.23042],[79.9904,12.22747],[79.96764,12.19334],[79.96055,12.1835],[79.95574,12.17513],[79.95438,12.17392],[79.95397,12.17326],[79.95398,12.17237],[79.95228,12.17008],[79.94934,12.1652],[79.94812,12.16267],[79.94813,12.16198],[79.94815,12.16062],[79.93815,12.15053],[79.93795,12.14803],[79.93707,12.14643],[79.93379,12.1423],[79.93347,12.14137],[79.93244,12.14023],[79.9296,12.13535],[79.91828,12.11803],[79.91407,12.10934],[79.90876,12.10175],[79.90803,12.1008],[79.90502,12.0958],[79.90364,12.09423],[79.90183,12.09082],[79.89853,12.08577],[79.89741,12.08483],[79.89459,12.08102],[79.8918,12.07547],[79.89079,12.0743],[79.89049,12.07386],[79.88821,12.07009],[79.88597,12.06522],[79.88244,12.05911],[79.87849,12.05075],[79.87769,12.04984],[79.87503,12.04331],[79.87503,12.04331],[79.87503,12.04331],[79.85004,12.0502],[79.84572,12.03828],[79.84572,12.03828],[79.84572,12.03828],[79.84502,12.03476],[79.84446,12.03193],[79.84446,12.03193],[79.84446,12.03193],[79.84484,12.02653],[79.8409,12.01325],[79.8409,12.01325],[79.8409,12.01325],[79.84227,12.01064],[79.85786,12.00458],[79.85638,12.00077],[79.85577,12.00266],[79.85525,12.00029],[79.85511,11.99953],[79.8534,11.99285],[79.84844,11.98001],[79.84785,11.97979],[79.84752,11.97842],[79.84594,11.97635],[79.8405,11.95677],[79.8405,11.95459],[79.83309,11.95495],[79.82929,11.95517],[79.8261,11.95705],[79.82318,11.96104],[79.82137,11.96979],[79.82106,11.97373],[79.81962,11.97764],[79.81476,11.97878],[79.81294,11.97802],[79.81031,11.97637],[79.80748,11.97153],[79.80748,11.97153],[79.80735,11.96996],[79.80672,11.96222],[79.80537,11.95705],[79.80264,11.95286],[79.79838,11.95819],[79.79383,11.96085],[79.79079,11.96047],[79.78775,11.96123],[79.78684,11.96085],[79.78442,11.95589],[79.78048,11.9536],[79.77926,11.94902],[79.77319,11.94483],[79.76288,11.9433],[79.76288,11.9433],[79.76228,11.93224],[79.76259,11.92957],[79.75591,11.92386],[79.75591,11.92386],[79.75561,11.92157],[79.75197,11.92157],[79.7517,11.92425],[79.75166,11.92461],[79.75194,11.94176],[79.75194,11.94176],[79.74859,11.95167],[79.74859,11.96157],[79.72944,11.96955],[79.73056,11.98084],[79.73065,11.98174],[79.73284,11.98316],[79.73704,11.98174],[79.74188,11.97681],[79.75038,11.97795],[79.75311,11.98139],[79.75737,11.98139],[79.7601,11.98521],[79.76404,11.98673],[79.76739,11.99049],[79.76739,11.99049],[79.76739,11.99049],[79.76756,11.99382],[79.76458,12.00048],[79.74957,12.00861],[79.74391,12.00032],[79.74377,12.00031],[79.74204,11.99427],[79.73987,11.9922],[79.73475,11.99075],[79.73186,11.98972],[79.7275,11.9899],[79.72481,11.99048],[79.72075,11.99163],[79.71848,11.9943],[79.71644,12.00033],[79.71657,12.00033],[79.71657,12.00033],[79.71657,12.00033],[79.71026,12.00689],[79.70559,12.01048],[79.70533,12.01531],[79.70724,12.02525],[79.70724,12.02525],[79.70724,12.02525],[79.70637,12.03161],[79.69382,12.0334],[79.69126,12.027],[79.68632,12.02575],[79.6837,12.02142],[79.67805,12.0205],[79.67411,12.01101],[79.66717,12.0124],[79.66212,12.01132],[79.66201,12.00989],[79.66182,12.00741],[79.65916,12.00675],[79.65916,12.00675],[79.65922,12.00036],[79.65912,12.00037],[79.65717,11.98991],[79.65717,11.98991],[79.65717,11.98991],[79.65904,11.98732],[79.66607,11.98614],[79.67446,11.9912],[79.67629,11.98701],[79.68024,11.98169],[79.686,11.98893],[79.68833,11.98655],[79.69238,11.98817],[79.69602,11.98704],[79.69905,11.98894],[79.7018,11.98819],[79.70486,11.98985],[79.70969,11.98934],[79.71396,11.9863],[79.71413,11.98427],[79.71019,11.97527],[79.71019,11.97527],[79.71019,11.97527],[79.71686,11.97069],[79.71648,11.96645],[79.70807,11.96504],[79.70162,11.96152],[79.70038,11.95942],[79.69806,11.96072],[79.69643,11.95759],[79.69263,11.95357],[79.69263,11.95357],[79.69263,11.95357],[79.69315,11.95075],[79.69912,11.94147],[79.70523,11.94045],[79.707,11.93876],[79.70777,11.93548],[79.71284,11.93097],[79.71284,11.93097],[79.71284,11.93097],[79.71108,11.93439],[79.70952,11.94022],[79.7096,11.9456],[79.71147,11.94672],[79.72102,11.94301],[79.71911,11.92731],[79.71911,11.92731],[79.71911,11.92731],[79.73999,11.9059],[79.73261,11.90361],[79.73111,11.90105],[79.73111,11.90105],[79.73111,11.90105],[79.73202,11.89122],[79.73049,11.88935],[79.72343,11.88832],[79.71948,11.88895],[79.71683,11.8909],[79.70661,11.89273],[79.70672,11.91207],[79.71758,11.91275],[79.71758,11.91275],[79.71762,11.91683],[79.69787,11.91898],[79.69487,11.90773],[79.69487,11.90773],[79.69487,11.90772],[79.69735,11.90613],[79.69886,11.90175],[79.69501,11.90044],[79.69501,11.90044],[79.69501,11.90044],[79.69571,11.89623],[79.69492,11.89355],[79.69097,11.89361],[79.68378,11.88891],[79.68326,11.89052],[79.67542,11.89157],[79.67414,11.88637],[79.67414,11.88637],[79.67414,11.87994],[79.67414,11.87994],[79.68626,11.88088],[79.68626,11.88089],[79.68626,11.88089],[79.68599,11.88411],[79.68823,11.88424],[79.68905,11.88418],[79.68905,11.88418],[79.69347,11.88387],[79.69477,11.88456],[79.69546,11.88492]],[[79.64256,11.88607],[79.63669,11.88674],[79.63669,11.88674],[79.63654,11.8847],[79.63624,11.88055],[79.62934,11.88215],[79.63135,11.88808],[79.63135,11.88808],[79.63135,11.88808],[79.62282,11.89012],[79.61941,11.8838],[79.60853,11.87725],[79.60198,11.88258],[79.59977,11.8798],[79.59977,11.8798],[79.59977,11.8798],[79.60149,11.87771],[79.60052,11.87538],[79.60052,11.87538],[79.60052,11.87538],[79.60071,11.87256],[79.60102,11.87037],[79.60311,11.86632],[79.60242,11.85651],[79.60242,11.85651],[79.60242,11.85651],[79.61238,11.86015],[79.61238,11.86015],[79.61236,11.86238],[79.61966,11.86038],[79.62041,11.86335],[79.62041,11.86335],[79.62041,11.86335],[79.61961,11.86761],[79.62903,11.86723],[79.62681,11.85239],[79.62681,11.85239],[79.62681,11.85239],[79.63346,11.85292],[79.63987,11.85041],[79.6455,11.84916],[79.65016,11.84903],[79.65314,11.85007],[79.65579,11.85164],[79.65824,11.85527],[79.66426,11.86029],[79.66426,11.86029],[79.66426,11.86029],[79.66291,11.8668],[79.66017,11.86673],[79.65658,11.8708],[79.64923,11.87028],[79.64936,11.87464],[79.64936,11.87464],[79.64859,11.8773],[79.64985,11.88033],[79.64985,11.88033],[79.64985,11.88033],[79.64207,11.88085],[79.64256,11.88606],[79.64256,11.88607]],[[79.64198,11.90468],[79.64447,11.90756],[79.64954,11.90656],[79.65597,11.90732],[79.6568,11.91287],[79.66272,11.91135],[79.66287,11.91404],[79.66287,11.91404],[79.66287,11.91404],[79.66145,11.91607],[79.67003,11.91697],[79.67034,11.91444],[79.67249,11.91475],[79.67249,11.91475],[79.67249,11.91475],[79.67192,11.92227],[79.66924,11.92295],[79.67128,11.93285],[79.67128,11.93285],[79.67128,11.93285],[79.67101,11.93434],[79.66866,11.93714],[79.66686,11.93745],[79.66514,11.93616],[79.66131,11.93754],[79.6613,11.94047],[79.6613,11.94047],[79.65928,11.94137],[79.65921,11.94407],[79.65921,11.94407],[79.65723,11.9449],[79.65817,11.94793],[79.65817,11.94793],[79.65817,11.94793],[79.65405,11.94628],[79.65241,11.94308],[79.6454,11.94199],[79.64347,11.94472],[79.64315,11.94638],[79.64358,11.95193],[79.64369,11.95327],[79.6453,11.95256],[79.64881,11.95318],[79.64881,11.95318],[79.64881,11.95318],[79.64742,11.95688],[79.64912,11.9603],[79.64912,11.9603],[79.64912,11.9603],[79.64848,11.96645],[79.64561,11.96931],[79.64169,11.96972],[79.64156,11.97327],[79.63794,11.97712],[79.64048,11.99022],[79.64048,11.99022],[79.64048,11.99022],[79.63625,11.99247],[79.63658,11.99643],[79.64263,11.99741],[79.64338,12.00037],[79.6444,12.0056],[79.64865,12.00597],[79.65087,12.0173],[79.65316,12.02065],[79.65429,12.02379],[79.65429,12.02379],[79.65429,12.02379],[79.65084,12.02788],[79.63962,12.02978],[79.63544,12.02901],[79.62767,12.03044],[79.62767,12.03044],[79.62767,12.03044],[79.62937,12.02083],[79.62231,12.01429],[79.62048,12.00935],[79.62048,12.00935],[79.62048,12.00935],[79.62055,12.00515],[79.61969,12.00039],[79.61969,12.00039],[79.61969,12.00039],[79.62212,11.99804],[79.62746,11.99812],[79.62497,11.98796],[79.61905,11.9873],[79.61905,11.9873],[79.61905,11.9873],[79.61943,11.98276],[79.62602,11.9807],[79.6272,11.97528],[79.6184,11.97014],[79.6184,11.97014],[79.6184,11.97014],[79.62854,11.96803],[79.63005,11.95641],[79.62854,11.95351],[79.62854,11.95351],[79.62854,11.95351],[79.6296,11.94804],[79.62943,11.94408],[79.62476,11.94324],[79.62052,11.94405],[79.62052,11.94405],[79.61994,11.93987],[79.61994,11.93987],[79.61994,11.93987],[79.62001,11.93167],[79.62007,11.92443],[79.62007,11.92443],[79.62007,11.92443],[79.62734,11.92161],[79.62918,11.91946],[79.62953,11.91612],[79.62801,11.90439],[79.62653,11.9024],[79.62653,11.9024],[79.62653,11.9024],[79.63303,11.90086],[79.64175,11.90118],[79.64175,11.90118],[79.64183,11.90244],[79.64198,11.90468]],[[79.68004,11.97231],[79.67849,11.96723],[79.66255,11.96818],[79.66255,11.96818],[79.66253,11.96204],[79.66125,11.96211],[79.66125,11.96211],[79.66114,11.95741],[79.6544,11.95855],[79.6544,11.95855],[79.6544,11.95855],[79.6553,11.9536],[79.65994,11.94899],[79.66417,11.9503],[79.67179,11.94754],[79.67572,11.94793],[79.68486,11.95307],[79.68486,11.95307],[79.68486,11.95307],[79.68414,11.96232],[79.6851,11.96018],[79.68553,11.96258],[79.68823,11.96697],[79.68894,11.97189],[79.68894,11.97189],[79.68894,11.97189],[79.68004,11.97231]],[[79.79311,12.01727],[79.80342,12.01689],[79.80412,12.02036],[79.80665,12.02187],[79.80707,12.02418],[79.80707,12.02418],[79.80707,12.02418],[79.80412,12.0253],[79.7975,12.02555],[79.79151,12.02698],[79.79088,12.01851],[79.79088,12.01851],[79.79311,12.01727]],[[79.6463,11.8162],[79.65876,11.81313],[79.67002,11.81491],[79.67002,11.81491],[79.67079,11.82281],[79.67079,11.82281],[79.66014,11.82625],[79.6593,11.82823],[79.65954,11.83195],[79.66134,11.8387],[79.66134,11.8387],[79.66134,11.8387],[79.65788,11.84116],[79.65105,11.84311],[79.64878,11.84361],[79.64661,11.84243],[79.64607,11.83441],[79.64371,11.82525],[79.64093,11.82266],[79.64093,11.82266],[79.64093,11.82266],[79.647,11.81975],[79.6463,11.8162],[79.6463,11.8162],[79.6463,11.8162]],[[79.69394,11.82106],[79.69333,11.81275],[79.69333,11.81275],[79.70398,11.81205],[79.70398,11.81205],[79.70398,11.81205],[79.70173,11.82025],[79.69394,11.82106]],[[79.68173,11.81251],[79.676,11.81371],[79.67536,11.80626],[79.67536,11.80626],[79.67536,11.80626],[79.67574,11.80155],[79.69054,11.80274],[79.69054,11.80274],[79.69057,11.80745],[79.68831,11.81179],[79.68338,11.81216],[79.68338,11.81216],[79.68173,11.81251]],[[79.25929,11.38841],[79.258,11.38773],[79.25929,11.38841],[79.25929,11.38841]],[[79.43484,11.34025],[79.43694,11.34],[79.43484,11.34025],[79.43484,11.34025]],[[79.4978,11.25705],[79.4962,11.248],[79.4978,11.25705],[79.4978,11.25705]]]]}}]}